id_pregunta,origen,respuesta_texto,ts_creacion
68f2d95bd190740cfd6a3318,yahoo,PUBLISH ENQUEUED questions_in,2025-10-29T13:16:39
68f2d95bd190740cfd6a37e4,yahoo,PUBLISH ENQUEUED questions_in,2025-10-29T13:16:39
68f2d95bd190740cfd6a3900,yahoo,PUBLISH ENQUEUED questions_in,2025-10-29T13:16:39
68f2d95bd190740cfd6a3754,yahoo,PUBLISH ENQUEUED questions_in,2025-10-29T13:16:40
68f2d95bd190740cfd6a40cb,yahoo,PUBLISH ENQUEUED questions_in,2025-10-29T13:16:40
68f2d95bd190740cfd6a1bb6,yahoo,PUBLISH ENQUEUED questions_in,2025-10-29T13:16:40
68f2d95bd190740cfd6a3cf1,yahoo,PUBLISH ENQUEUED questions_in,2025-10-29T13:16:41
68f2d95bd190740cfd6a33d8,yahoo,PUBLISH ENQUEUED questions_in,2025-10-29T13:16:41
68f2d95bd190740cfd6a22c7,yahoo,PUBLISH ENQUEUED questions_in,2025-10-29T13:16:41
68f2d95bd190740cfd6a3b4f,yahoo,PUBLISH ENQUEUED questions_in,2025-10-29T13:16:42
68f2d95bd190740cfd6a3d39,yahoo,PUBLISH ENQUEUED questions_in,2025-10-29T13:16:42
68f2d95bd190740cfd6a2e3d,yahoo,PUBLISH ENQUEUED questions_in,2025-10-29T13:16:42
68f2d95bd190740cfd6a1b52,yahoo,PUBLISH ENQUEUED questions_in,2025-10-29T13:16:44
68f2d95bd190740cfd6a3801,yahoo,PUBLISH ENQUEUED questions_in,2025-10-29T13:16:45
68f2d95bd190740cfd6a3a1f,yahoo,PUBLISH ENQUEUED questions_in,2025-10-29T13:16:46
68f2d95bd190740cfd6a1caf,yahoo,PUBLISH ENQUEUED questions_in,2025-10-29T13:16:48
68f2d95bd190740cfd6a367a,yahoo,PUBLISH ENQUEUED questions_in,2025-10-29T13:16:50
68f2d95bd190740cfd6a1f43,yahoo,PUBLISH ENQUEUED questions_in,2025-10-29T13:16:52
68f2d95bd190740cfd6a38ae,yahoo,PUBLISH ENQUEUED questions_in,2025-10-29T13:16:53
68f2d95bd190740cfd6a2172,yahoo,PUBLISH ENQUEUED questions_in,2025-10-29T13:16:53
68f2d95bd190740cfd6a1e32,yahoo,PUBLISH ENQUEUED questions_in,2025-10-29T13:16:55
68f2d95bd190740cfd6a2616,yahoo,PUBLISH ENQUEUED questions_in,2025-10-29T13:16:55
68f2d95bd190740cfd6a360e,yahoo,PUBLISH ENQUEUED questions_in,2025-10-29T13:16:55
68f2d95bd190740cfd6a299d,yahoo,PUBLISH ENQUEUED questions_in,2025-10-29T13:16:56
68f2d95bd190740cfd6a1f19,yahoo,PUBLISH ENQUEUED questions_in,2025-10-29T13:16:57
68f2d95bd190740cfd6a1b9d,yahoo,PUBLISH ENQUEUED questions_in,2025-10-29T13:16:58
68f2d95bd190740cfd6a29d8,yahoo,PUBLISH ENQUEUED questions_in,2025-10-29T13:16:59
68f2d95bd190740cfd6a2982,yahoo,PUBLISH ENQUEUED questions_in,2025-10-29T13:17:00
68f2d95bd190740cfd6a3a14,yahoo,PUBLISH ENQUEUED questions_in,2025-10-29T13:17:01
68f2d95bd190740cfd6a3326,yahoo,PUBLISH ENQUEUED questions_in,2025-10-29T13:17:04
68f2d95bd190740cfd6a394f,yahoo,PUBLISH ENQUEUED questions_in,2025-10-29T13:17:04
68f2d95bd190740cfd6a3da5,yahoo,PUBLISH ENQUEUED questions_in,2025-10-29T13:17:05
68f2d95bd190740cfd6a3c1d,yahoo,PUBLISH ENQUEUED questions_in,2025-10-29T13:17:06
68f2d95bd190740cfd6a20c3,yahoo,PUBLISH ENQUEUED questions_in,2025-10-29T13:17:06
68f2d95bd190740cfd6a3857,yahoo,PUBLISH ENQUEUED questions_in,2025-10-29T13:17:07
68f2d95bd190740cfd6a1e6b,yahoo,PUBLISH ENQUEUED questions_in,2025-10-29T13:17:07
68f2d95bd190740cfd6a25c7,yahoo,PUBLISH ENQUEUED questions_in,2025-10-29T13:17:08
68f2d95bd190740cfd6a3c10,yahoo,PUBLISH ENQUEUED questions_in,2025-10-29T13:17:09
68f2d95bd190740cfd6a1b62,yahoo,PUBLISH ENQUEUED questions_in,2025-10-29T13:17:10
68f2d95bd190740cfd6a359e,yahoo,PUBLISH ENQUEUED questions_in,2025-10-29T13:17:11
68f2d95bd190740cfd6a2a00,yahoo,PUBLISH ENQUEUED questions_in,2025-10-29T13:17:12
68f2d95bd190740cfd6a2e6a,yahoo,PUBLISH ENQUEUED questions_in,2025-10-29T13:17:13
68f2d95bd190740cfd6a3c19,yahoo,PUBLISH ENQUEUED questions_in,2025-10-29T13:17:13
68f2d95bd190740cfd6a2c26,yahoo,PUBLISH ENQUEUED questions_in,2025-10-29T13:17:15
68f2d95bd190740cfd6a3af3,yahoo,PUBLISH ENQUEUED questions_in,2025-10-29T13:17:15
68f2d95bd190740cfd6a3a38,yahoo,PUBLISH ENQUEUED questions_in,2025-10-29T13:17:17
68f2d95bd190740cfd6a1f1a,yahoo,PUBLISH ENQUEUED questions_in,2025-10-29T13:17:17
68f2d95bd190740cfd6a20e0,yahoo,PUBLISH ENQUEUED questions_in,2025-10-29T13:17:17
68f2d95bd190740cfd6a2659,yahoo,PUBLISH ENQUEUED questions_in,2025-10-29T13:17:18
68f2d95bd190740cfd6a1b13,yahoo,PUBLISH ENQUEUED questions_in,2025-10-29T13:17:19
68f2d95bd190740cfd6a3742,yahoo,PUBLISH ENQUEUED questions_in,2025-10-29T13:17:20
68f2d95bd190740cfd6a1c22,yahoo,PUBLISH ENQUEUED questions_in,2025-10-29T13:17:21
68f2d95bd190740cfd6a1e21,yahoo,PUBLISH ENQUEUED questions_in,2025-10-29T13:17:22
68f2d95bd190740cfd6a1ad8,yahoo,PUBLISH ENQUEUED questions_in,2025-10-29T13:17:23
68f2d95bd190740cfd6a2f90,yahoo,PUBLISH ENQUEUED questions_in,2025-10-29T13:17:23
68f2d95bd190740cfd6a246f,yahoo,PUBLISH ENQUEUED questions_in,2025-10-29T13:17:24
68f2d95bd190740cfd6a39ab,yahoo,PUBLISH ENQUEUED questions_in,2025-10-29T13:17:24
68f2d95bd190740cfd6a2344,yahoo,PUBLISH ENQUEUED questions_in,2025-10-29T13:17:25
68f2d95bd190740cfd6a40c0,yahoo,PUBLISH ENQUEUED questions_in,2025-10-29T13:17:25
68f2d95bd190740cfd6a3f9c,yahoo,PUBLISH ENQUEUED questions_in,2025-10-29T13:17:25
68f2d95bd190740cfd6a3330,yahoo,PUBLISH ENQUEUED questions_in,2025-10-29T13:17:26
68f2d95bd190740cfd6a1ce7,yahoo,PUBLISH ENQUEUED questions_in,2025-10-29T13:17:26
68f2d95bd190740cfd6a3622,yahoo,PUBLISH ENQUEUED questions_in,2025-10-29T13:17:28
68f2d95bd190740cfd6a1c98,yahoo,PUBLISH ENQUEUED questions_in,2025-10-29T13:17:28
68f2d95bd190740cfd6a1f6f,yahoo,PUBLISH ENQUEUED questions_in,2025-10-29T13:17:29
68f2d95bd190740cfd6a2bde,yahoo,PUBLISH ENQUEUED questions_in,2025-10-29T13:17:29
68f2d95bd190740cfd6a3032,yahoo,PUBLISH ENQUEUED questions_in,2025-10-29T13:17:30
68f2d95bd190740cfd6a40a3,yahoo,PUBLISH ENQUEUED questions_in,2025-10-29T13:17:30
68f2d95bd190740cfd6a3856,yahoo,PUBLISH ENQUEUED questions_in,2025-10-29T13:17:34
68f2d95bd190740cfd6a31bd,yahoo,PUBLISH ENQUEUED questions_in,2025-10-29T13:17:35
68f2d95bd190740cfd6a2447,yahoo,PUBLISH ENQUEUED questions_in,2025-10-29T13:17:35
68f2d95bd190740cfd6a3137,yahoo,PUBLISH ENQUEUED questions_in,2025-10-29T13:17:36
68f2d95bd190740cfd6a2ce5,yahoo,PUBLISH ENQUEUED questions_in,2025-10-29T13:17:36
68f2d95bd190740cfd6a3ae1,yahoo,PUBLISH ENQUEUED questions_in,2025-10-29T13:17:38
68f2d95bd190740cfd6a3c12,yahoo,PUBLISH ENQUEUED questions_in,2025-10-29T13:17:39
68f2d95bd190740cfd6a31d7,yahoo,PUBLISH ENQUEUED questions_in,2025-10-29T13:17:39
68f2d95bd190740cfd6a381b,yahoo,PUBLISH ENQUEUED questions_in,2025-10-29T13:17:40
68f2d95bd190740cfd6a22ad,yahoo,PUBLISH ENQUEUED questions_in,2025-10-29T13:17:40
68f2d95bd190740cfd6a1d11,yahoo,PUBLISH ENQUEUED questions_in,2025-10-29T13:17:41
68f2d95bd190740cfd6a3c63,yahoo,PUBLISH ENQUEUED questions_in,2025-10-29T13:17:41
68f2d95bd190740cfd6a2317,yahoo,PUBLISH ENQUEUED questions_in,2025-10-29T13:17:41
68f2d95bd190740cfd6a2601,yahoo,PUBLISH ENQUEUED questions_in,2025-10-29T13:17:42
68f2d95bd190740cfd6a297d,yahoo,PUBLISH ENQUEUED questions_in,2025-10-29T13:17:42
68f2d95bd190740cfd6a2723,yahoo,PUBLISH ENQUEUED questions_in,2025-10-29T13:17:44
68f2d95bd190740cfd6a3927,yahoo,PUBLISH ENQUEUED questions_in,2025-10-29T13:17:45
68f2d95bd190740cfd6a25ad,yahoo,PUBLISH ENQUEUED questions_in,2025-10-29T13:17:46
68f2d95bd190740cfd6a3255,yahoo,PUBLISH ENQUEUED questions_in,2025-10-29T13:17:46
68f2d95bd190740cfd6a1e88,yahoo,PUBLISH ENQUEUED questions_in,2025-10-29T13:17:46
68f2d95bd190740cfd6a29e0,yahoo,PUBLISH ENQUEUED questions_in,2025-10-29T13:17:46
68f2d95bd190740cfd6a2010,yahoo,PUBLISH ENQUEUED questions_in,2025-10-29T13:17:47
68f2d95bd190740cfd6a2b19,yahoo,PUBLISH ENQUEUED questions_in,2025-10-29T13:17:47
68f2d95bd190740cfd6a2a18,yahoo,PUBLISH ENQUEUED questions_in,2025-10-29T13:17:47
68f2d95bd190740cfd6a2686,yahoo,PUBLISH ENQUEUED questions_in,2025-10-29T13:17:47
68f2d95bd190740cfd6a379d,yahoo,PUBLISH ENQUEUED questions_in,2025-10-29T13:17:48
68f2d95bd190740cfd6a411a,yahoo,PUBLISH ENQUEUED questions_in,2025-10-29T13:17:49
68f2d95bd190740cfd6a2e90,yahoo,PUBLISH ENQUEUED questions_in,2025-10-29T13:17:49
68f2d95bd190740cfd6a3268,yahoo,PUBLISH ENQUEUED questions_in,2025-10-29T13:17:50
68f2d95bd190740cfd6a31cc,yahoo,PUBLISH ENQUEUED questions_in,2025-10-29T13:17:50
68f2d95bd190740cfd6a280d,yahoo,PUBLISH ENQUEUED questions_in,2025-10-29T13:17:50
68f2d95bd190740cfd6a3aa7,yahoo,PUBLISH ENQUEUED questions_in,2025-10-29T13:17:51
68f2d95bd190740cfd6a1b02,yahoo,PUBLISH ENQUEUED questions_in,2025-10-29T13:17:52
68f2d95bd190740cfd6a1bcd,yahoo,PUBLISH ENQUEUED questions_in,2025-10-29T13:17:53
68f2d95bd190740cfd6a1f1a,yahoo,PUBLISH ENQUEUED questions_in,2025-10-29T13:17:53
68f2d95bd190740cfd6a2f30,yahoo,PUBLISH ENQUEUED questions_in,2025-10-29T13:17:53
68f2d95bd190740cfd6a2cec,yahoo,PUBLISH ENQUEUED questions_in,2025-10-29T13:17:54
68f2d95bd190740cfd6a2f3f,yahoo,PUBLISH ENQUEUED questions_in,2025-10-29T13:17:55
68f2d95bd190740cfd6a2ef8,yahoo,PUBLISH ENQUEUED questions_in,2025-10-29T13:17:55
68f2d95bd190740cfd6a2e68,yahoo,PUBLISH ENQUEUED questions_in,2025-10-29T13:17:56
68f2d95bd190740cfd6a34d7,yahoo,PUBLISH ENQUEUED questions_in,2025-10-29T13:17:57
68f2d95bd190740cfd6a2017,yahoo,PUBLISH ENQUEUED questions_in,2025-10-29T13:17:58
68f2d95bd190740cfd6a214a,yahoo,PUBLISH ENQUEUED questions_in,2025-10-29T13:17:58
68f2d95bd190740cfd6a2ffe,yahoo,PUBLISH ENQUEUED questions_in,2025-10-29T13:17:59
68f2d95bd190740cfd6a3b35,yahoo,PUBLISH ENQUEUED questions_in,2025-10-29T13:17:59
68f2d95bd190740cfd6a31f2,yahoo,PUBLISH ENQUEUED questions_in,2025-10-29T13:17:59
68f2d95bd190740cfd6a30d6,yahoo,PUBLISH ENQUEUED questions_in,2025-10-29T13:17:59
68f2d95bd190740cfd6a2269,yahoo,PUBLISH ENQUEUED questions_in,2025-10-29T13:18:00
68f2d95bd190740cfd6a3857,yahoo,PUBLISH ENQUEUED questions_in,2025-10-29T13:18:01
68f2d95bd190740cfd6a3531,yahoo,PUBLISH ENQUEUED questions_in,2025-10-29T13:18:02
68f2d95bd190740cfd6a2604,yahoo,PUBLISH ENQUEUED questions_in,2025-10-29T13:18:02
68f2d95bd190740cfd6a2f32,yahoo,PUBLISH ENQUEUED questions_in,2025-10-29T13:18:02
68f2d95bd190740cfd6a2327,yahoo,PUBLISH ENQUEUED questions_in,2025-10-29T13:18:03
68f2d95bd190740cfd6a2afd,yahoo,PUBLISH ENQUEUED questions_in,2025-10-29T13:18:03
68f2d95bd190740cfd6a286a,yahoo,PUBLISH ENQUEUED questions_in,2025-10-29T13:18:04
68f2d95bd190740cfd6a330d,yahoo,PUBLISH ENQUEUED questions_in,2025-10-29T13:18:04
68f2d95bd190740cfd6a2213,yahoo,PUBLISH ENQUEUED questions_in,2025-10-29T13:18:04
68f2d95bd190740cfd6a1b2e,yahoo,PUBLISH ENQUEUED questions_in,2025-10-29T13:18:05
68f2d95bd190740cfd6a2408,yahoo,PUBLISH ENQUEUED questions_in,2025-10-29T13:18:05
68f2d95bd190740cfd6a3a46,yahoo,PUBLISH ENQUEUED questions_in,2025-10-29T13:18:06
68f2d95bd190740cfd6a26b0,yahoo,PUBLISH ENQUEUED questions_in,2025-10-29T13:18:07
68f2d95bd190740cfd6a1eef,yahoo,PUBLISH ENQUEUED questions_in,2025-10-29T13:18:08
68f2d95bd190740cfd6a2718,yahoo,PUBLISH ENQUEUED questions_in,2025-10-29T13:18:10
68f2d95bd190740cfd6a2f93,yahoo,PUBLISH ENQUEUED questions_in,2025-10-29T13:18:11
68f2d95bd190740cfd6a2c89,yahoo,PUBLISH ENQUEUED questions_in,2025-10-29T13:18:11
68f2d95bd190740cfd6a285b,yahoo,PUBLISH ENQUEUED questions_in,2025-10-29T13:18:12
68f2d95bd190740cfd6a281c,yahoo,PUBLISH ENQUEUED questions_in,2025-10-29T13:18:15
68f2d95bd190740cfd6a3372,yahoo,PUBLISH ENQUEUED questions_in,2025-10-29T13:18:15
68f2d95bd190740cfd6a419b,yahoo,PUBLISH ENQUEUED questions_in,2025-10-29T13:18:16
68f2d95bd190740cfd6a3851,yahoo,PUBLISH ENQUEUED questions_in,2025-10-29T13:18:16
68f2d95bd190740cfd6a3e42,yahoo,PUBLISH ENQUEUED questions_in,2025-10-29T13:18:17
68f2d95bd190740cfd6a1dc8,yahoo,PUBLISH ENQUEUED questions_in,2025-10-29T13:18:18
68f2d95bd190740cfd6a1d8f,yahoo,PUBLISH ENQUEUED questions_in,2025-10-29T13:18:18
68f2d95bd190740cfd6a2b0f,yahoo,PUBLISH ENQUEUED questions_in,2025-10-29T13:18:18
68f2d95bd190740cfd6a2c81,yahoo,PUBLISH ENQUEUED questions_in,2025-10-29T13:18:18
68f2d95bd190740cfd6a2c50,yahoo,PUBLISH ENQUEUED questions_in,2025-10-29T13:18:18
68f2d95bd190740cfd6a2083,yahoo,PUBLISH ENQUEUED questions_in,2025-10-29T13:18:20
68f2d95bd190740cfd6a30fa,yahoo,PUBLISH ENQUEUED questions_in,2025-10-29T13:18:20
68f2d95bd190740cfd6a222b,yahoo,PUBLISH ENQUEUED questions_in,2025-10-29T13:18:21
68f2d95bd190740cfd6a3792,yahoo,PUBLISH ENQUEUED questions_in,2025-10-29T13:18:21
68f2d95bd190740cfd6a322a,yahoo,PUBLISH ENQUEUED questions_in,2025-10-29T13:18:21
68f2d95bd190740cfd6a1d8a,yahoo,PUBLISH ENQUEUED questions_in,2025-10-29T13:18:22
68f2d95bd190740cfd6a1f99,yahoo,PUBLISH ENQUEUED questions_in,2025-10-29T13:18:22
68f2d95bd190740cfd6a2f30,yahoo,PUBLISH ENQUEUED questions_in,2025-10-29T13:18:23
68f2d95bd190740cfd6a29ac,yahoo,PUBLISH ENQUEUED questions_in,2025-10-29T13:18:23
68f2d95bd190740cfd6a2949,yahoo,PUBLISH ENQUEUED questions_in,2025-10-29T13:18:23
68f2d95bd190740cfd6a36af,yahoo,PUBLISH ENQUEUED questions_in,2025-10-29T13:18:24
68f2d95bd190740cfd6a3b9e,yahoo,PUBLISH ENQUEUED questions_in,2025-10-29T13:18:25
68f2d95bd190740cfd6a1d77,yahoo,PUBLISH ENQUEUED questions_in,2025-10-29T13:18:25
68f2d95bd190740cfd6a2960,yahoo,PUBLISH ENQUEUED questions_in,2025-10-29T13:18:27
68f2d95bd190740cfd6a2aee,yahoo,PUBLISH ENQUEUED questions_in,2025-10-29T13:18:27
68f2d95bd190740cfd6a3a86,yahoo,PUBLISH ENQUEUED questions_in,2025-10-29T13:18:27
68f2d95bd190740cfd6a226d,yahoo,PUBLISH ENQUEUED questions_in,2025-10-29T13:18:28
68f2d95bd190740cfd6a2c3c,yahoo,PUBLISH ENQUEUED questions_in,2025-10-29T13:18:29
68f2d95bd190740cfd6a36ef,yahoo,PUBLISH ENQUEUED questions_in,2025-10-29T13:18:30
68f2d95bd190740cfd6a21ec,yahoo,PUBLISH ENQUEUED questions_in,2025-10-29T13:18:30
68f2d95bd190740cfd6a3695,yahoo,PUBLISH ENQUEUED questions_in,2025-10-29T13:18:31
68f2d95bd190740cfd6a262d,yahoo,PUBLISH ENQUEUED questions_in,2025-10-29T13:18:31
68f2d95bd190740cfd6a332b,yahoo,PUBLISH ENQUEUED questions_in,2025-10-29T13:18:32
68f2d95bd190740cfd6a2e73,yahoo,PUBLISH ENQUEUED questions_in,2025-10-29T13:18:34
68f2d95bd190740cfd6a25b6,yahoo,PUBLISH ENQUEUED questions_in,2025-10-29T13:18:34
68f2d95bd190740cfd6a3837,yahoo,PUBLISH ENQUEUED questions_in,2025-10-29T13:18:35
68f2d95bd190740cfd6a2462,yahoo,PUBLISH ENQUEUED questions_in,2025-10-29T13:18:36
68f2d95bd190740cfd6a4080,yahoo,PUBLISH ENQUEUED questions_in,2025-10-29T13:18:36
68f2d95bd190740cfd6a2e58,yahoo,PUBLISH ENQUEUED questions_in,2025-10-29T13:18:37
68f2d95bd190740cfd6a2f4f,yahoo,PUBLISH ENQUEUED questions_in,2025-10-29T13:18:38
68f2d95bd190740cfd6a3681,yahoo,PUBLISH ENQUEUED questions_in,2025-10-29T13:18:38
68f2d95bd190740cfd6a2dfb,yahoo,PUBLISH ENQUEUED questions_in,2025-10-29T13:18:38
68f2d95bd190740cfd6a1b87,yahoo,PUBLISH ENQUEUED questions_in,2025-10-29T13:18:39
68f2d95bd190740cfd6a31ed,yahoo,PUBLISH ENQUEUED questions_in,2025-10-29T13:18:39
68f2d95bd190740cfd6a34e9,yahoo,PUBLISH ENQUEUED questions_in,2025-10-29T13:18:39
68f2d95bd190740cfd6a30e2,yahoo,PUBLISH ENQUEUED questions_in,2025-10-29T13:18:40
68f2d95bd190740cfd6a250e,yahoo,PUBLISH ENQUEUED questions_in,2025-10-29T13:18:40
68f2d95bd190740cfd6a3c1d,yahoo,PUBLISH ENQUEUED questions_in,2025-10-29T13:18:40
68f2d95bd190740cfd6a1dba,yahoo,PUBLISH ENQUEUED questions_in,2025-10-29T13:18:41
68f2d95bd190740cfd6a25a3,yahoo,PUBLISH ENQUEUED questions_in,2025-10-29T13:18:41
68f2d95bd190740cfd6a40e7,yahoo,PUBLISH ENQUEUED questions_in,2025-10-29T13:18:42
68f2d95bd190740cfd6a2dba,yahoo,PUBLISH ENQUEUED questions_in,2025-10-29T13:18:44
68f2d95bd190740cfd6a320f,yahoo,PUBLISH ENQUEUED questions_in,2025-10-29T13:18:44
68f2d95bd190740cfd6a2633,yahoo,PUBLISH ENQUEUED questions_in,2025-10-29T13:18:44
68f2d95bd190740cfd6a3fd0,yahoo,PUBLISH ENQUEUED questions_in,2025-10-29T13:18:45
68f2d95bd190740cfd6a353f,yahoo,PUBLISH ENQUEUED questions_in,2025-10-29T13:18:45
68f2d95bd190740cfd6a1f4c,yahoo,PUBLISH ENQUEUED questions_in,2025-10-29T13:18:45
68f2d95bd190740cfd6a3db7,yahoo,PUBLISH ENQUEUED questions_in,2025-10-29T13:18:45
68f2d95bd190740cfd6a40fe,yahoo,PUBLISH ENQUEUED questions_in,2025-10-29T13:18:46
68f2d95bd190740cfd6a3880,yahoo,PUBLISH ENQUEUED questions_in,2025-10-29T13:18:46
68f2d95bd190740cfd6a305b,yahoo,PUBLISH ENQUEUED questions_in,2025-10-29T13:18:46
68f2d95bd190740cfd6a3982,yahoo,PUBLISH ENQUEUED questions_in,2025-10-29T13:18:46
68f2d95bd190740cfd6a2e6f,yahoo,PUBLISH ENQUEUED questions_in,2025-10-29T13:18:46
68f2d95bd190740cfd6a26c3,yahoo,PUBLISH ENQUEUED questions_in,2025-10-29T13:18:46
68f2d95bd190740cfd6a2595,yahoo,PUBLISH ENQUEUED questions_in,2025-10-29T13:18:47
68f2d95bd190740cfd6a36f0,yahoo,PUBLISH ENQUEUED questions_in,2025-10-29T13:18:47
68f2d95bd190740cfd6a418c,yahoo,PUBLISH ENQUEUED questions_in,2025-10-29T13:18:48
68f2d95bd190740cfd6a3824,yahoo,PUBLISH ENQUEUED questions_in,2025-10-29T13:18:49
68f2d95bd190740cfd6a2b87,yahoo,PUBLISH ENQUEUED questions_in,2025-10-29T13:18:49
68f2d95bd190740cfd6a3536,yahoo,PUBLISH ENQUEUED questions_in,2025-10-29T13:18:50
68f2d95bd190740cfd6a395f,yahoo,PUBLISH ENQUEUED questions_in,2025-10-29T13:18:51
68f2d95bd190740cfd6a31b4,yahoo,PUBLISH ENQUEUED questions_in,2025-10-29T13:18:51
68f2d95bd190740cfd6a34c9,yahoo,PUBLISH ENQUEUED questions_in,2025-10-29T13:18:52
68f2d95bd190740cfd6a1f33,yahoo,PUBLISH ENQUEUED questions_in,2025-10-29T13:18:53
68f2d95bd190740cfd6a1db2,yahoo,PUBLISH ENQUEUED questions_in,2025-10-29T13:18:55
68f2d95bd190740cfd6a2524,yahoo,PUBLISH ENQUEUED questions_in,2025-10-29T13:18:56
68f2d95bd190740cfd6a4036,yahoo,PUBLISH ENQUEUED questions_in,2025-10-29T13:18:57
68f2d95bd190740cfd6a20de,yahoo,PUBLISH ENQUEUED questions_in,2025-10-29T13:18:58
68f2d95bd190740cfd6a2408,yahoo,PUBLISH ENQUEUED questions_in,2025-10-29T13:18:59
68f2d95bd190740cfd6a2431,yahoo,PUBLISH ENQUEUED questions_in,2025-10-29T13:18:59
68f2d95bd190740cfd6a21bf,yahoo,PUBLISH ENQUEUED questions_in,2025-10-29T13:18:59
68f2d95bd190740cfd6a256f,yahoo,PUBLISH ENQUEUED questions_in,2025-10-29T13:19:00
68f2d95bd190740cfd6a3a9c,yahoo,PUBLISH ENQUEUED questions_in,2025-10-29T13:19:00
68f2d95bd190740cfd6a287d,yahoo,PUBLISH ENQUEUED questions_in,2025-10-29T13:19:00
68f2d95bd190740cfd6a2392,yahoo,PUBLISH ENQUEUED questions_in,2025-10-29T13:19:01
68f2d95bd190740cfd6a1da0,yahoo,PUBLISH ENQUEUED questions_in,2025-10-29T13:19:01
68f2d95bd190740cfd6a3cb4,yahoo,PUBLISH ENQUEUED questions_in,2025-10-29T13:19:01
68f2d95bd190740cfd6a1f7e,yahoo,PUBLISH ENQUEUED questions_in,2025-10-29T13:19:01
68f2d95bd190740cfd6a3a62,yahoo,PUBLISH ENQUEUED questions_in,2025-10-29T13:19:01
68f2d95bd190740cfd6a311f,yahoo,PUBLISH ENQUEUED questions_in,2025-10-29T13:19:01
68f2d95bd190740cfd6a38ee,yahoo,PUBLISH ENQUEUED questions_in,2025-10-29T13:19:02
68f2d95bd190740cfd6a2309,yahoo,PUBLISH ENQUEUED questions_in,2025-10-29T13:19:02
68f2d95bd190740cfd6a2e40,yahoo,PUBLISH ENQUEUED questions_in,2025-10-29T13:19:03
68f2d95bd190740cfd6a3f52,yahoo,PUBLISH ENQUEUED questions_in,2025-10-29T13:19:04
68f2d95bd190740cfd6a26e4,yahoo,PUBLISH ENQUEUED questions_in,2025-10-29T13:19:05
68f2d95bd190740cfd6a25c4,yahoo,PUBLISH ENQUEUED questions_in,2025-10-29T13:19:06
68f2d95bd190740cfd6a3231,yahoo,PUBLISH ENQUEUED questions_in,2025-10-29T13:19:06
68f2d95bd190740cfd6a397a,yahoo,PUBLISH ENQUEUED questions_in,2025-10-29T13:19:07
68f2d95bd190740cfd6a1aee,yahoo,PUBLISH ENQUEUED questions_in,2025-10-29T13:19:07
68f2d95bd190740cfd6a2889,yahoo,PUBLISH ENQUEUED questions_in,2025-10-29T13:19:08
68f2d95bd190740cfd6a3b29,yahoo,PUBLISH ENQUEUED questions_in,2025-10-29T13:19:08
68f2d95bd190740cfd6a266b,yahoo,PUBLISH ENQUEUED questions_in,2025-10-29T13:19:08
68f2d95bd190740cfd6a23a5,yahoo,PUBLISH ENQUEUED questions_in,2025-10-29T13:19:08
68f2d95bd190740cfd6a28c3,yahoo,PUBLISH ENQUEUED questions_in,2025-10-29T13:19:08
68f2d95bd190740cfd6a4061,yahoo,PUBLISH ENQUEUED questions_in,2025-10-29T13:19:11
68f2d95bd190740cfd6a3946,yahoo,PUBLISH ENQUEUED questions_in,2025-10-29T13:19:12
68f2d95bd190740cfd6a22cc,yahoo,PUBLISH ENQUEUED questions_in,2025-10-29T13:19:12
68f2d95bd190740cfd6a26e3,yahoo,PUBLISH ENQUEUED questions_in,2025-10-29T13:19:13
68f2d95bd190740cfd6a2719,yahoo,PUBLISH ENQUEUED questions_in,2025-10-29T13:19:13
68f2d95bd190740cfd6a3d24,yahoo,PUBLISH ENQUEUED questions_in,2025-10-29T13:19:15
68f2d95bd190740cfd6a3426,yahoo,PUBLISH ENQUEUED questions_in,2025-10-29T13:19:16
68f2d95bd190740cfd6a1cf8,yahoo,PUBLISH ENQUEUED questions_in,2025-10-29T13:19:16
68f2d95bd190740cfd6a371d,yahoo,PUBLISH ENQUEUED questions_in,2025-10-29T13:19:17
68f2d95bd190740cfd6a3fcc,yahoo,PUBLISH ENQUEUED questions_in,2025-10-29T13:19:17
68f2d95bd190740cfd6a3437,yahoo,PUBLISH ENQUEUED questions_in,2025-10-29T13:19:18
68f2d95bd190740cfd6a22cf,yahoo,PUBLISH ENQUEUED questions_in,2025-10-29T13:19:18
68f2d95bd190740cfd6a3cb8,yahoo,PUBLISH ENQUEUED questions_in,2025-10-29T13:19:19
68f2d95bd190740cfd6a3525,yahoo,PUBLISH ENQUEUED questions_in,2025-10-29T13:19:20
68f2d95bd190740cfd6a1e08,yahoo,PUBLISH ENQUEUED questions_in,2025-10-29T13:19:22
68f2d95bd190740cfd6a292f,yahoo,PUBLISH ENQUEUED questions_in,2025-10-29T13:19:22
68f2d95bd190740cfd6a3fae,yahoo,PUBLISH ENQUEUED questions_in,2025-10-29T13:19:22
68f2d95bd190740cfd6a23c5,yahoo,PUBLISH ENQUEUED questions_in,2025-10-29T13:19:22
68f2d95bd190740cfd6a24a2,yahoo,PUBLISH ENQUEUED questions_in,2025-10-29T13:19:23
68f2d95bd190740cfd6a1b11,yahoo,PUBLISH ENQUEUED questions_in,2025-10-29T13:19:23
68f2d95bd190740cfd6a3c4e,yahoo,PUBLISH ENQUEUED questions_in,2025-10-29T13:19:24
68f2d95bd190740cfd6a3127,yahoo,PUBLISH ENQUEUED questions_in,2025-10-29T13:19:24
68f2d95bd190740cfd6a309f,yahoo,PUBLISH ENQUEUED questions_in,2025-10-29T13:19:26
68f2d95bd190740cfd6a3066,yahoo,PUBLISH ENQUEUED questions_in,2025-10-29T13:19:27
68f2d95bd190740cfd6a3954,yahoo,PUBLISH ENQUEUED questions_in,2025-10-29T13:19:27
68f2d95bd190740cfd6a1ece,yahoo,PUBLISH ENQUEUED questions_in,2025-10-29T13:19:28
68f2d95bd190740cfd6a1b0e,yahoo,PUBLISH ENQUEUED questions_in,2025-10-29T13:19:29
68f2d95bd190740cfd6a24fe,yahoo,PUBLISH ENQUEUED questions_in,2025-10-29T13:19:30
68f2d95bd190740cfd6a2873,yahoo,PUBLISH ENQUEUED questions_in,2025-10-29T13:19:30
68f2d95bd190740cfd6a2754,yahoo,PUBLISH ENQUEUED questions_in,2025-10-29T13:19:31
68f2d95bd190740cfd6a3881,yahoo,PUBLISH ENQUEUED questions_in,2025-10-29T13:19:32
68f2d95bd190740cfd6a2cc2,yahoo,PUBLISH ENQUEUED questions_in,2025-10-29T13:19:32
68f2d95bd190740cfd6a2cbb,yahoo,PUBLISH ENQUEUED questions_in,2025-10-29T13:19:32
68f2d95bd190740cfd6a1ece,yahoo,PUBLISH ENQUEUED questions_in,2025-10-29T13:19:32
68f2d95bd190740cfd6a1d97,yahoo,PUBLISH ENQUEUED questions_in,2025-10-29T13:19:33
68f2d95bd190740cfd6a2245,yahoo,PUBLISH ENQUEUED questions_in,2025-10-29T13:19:34
68f2d95bd190740cfd6a2076,yahoo,PUBLISH ENQUEUED questions_in,2025-10-29T13:19:34
68f2d95bd190740cfd6a3648,yahoo,PUBLISH ENQUEUED questions_in,2025-10-29T13:19:35
68f2d95bd190740cfd6a1b18,yahoo,PUBLISH ENQUEUED questions_in,2025-10-29T13:19:35
68f2d95bd190740cfd6a2dcb,yahoo,PUBLISH ENQUEUED questions_in,2025-10-29T13:19:36
68f2d95bd190740cfd6a41b4,yahoo,PUBLISH ENQUEUED questions_in,2025-10-29T13:19:36
68f2d95bd190740cfd6a1d4f,yahoo,PUBLISH ENQUEUED questions_in,2025-10-29T13:19:37
68f2d95bd190740cfd6a36bd,yahoo,PUBLISH ENQUEUED questions_in,2025-10-29T13:19:37
68f2d95bd190740cfd6a25aa,yahoo,PUBLISH ENQUEUED questions_in,2025-10-29T13:19:37
68f2d95bd190740cfd6a28fe,yahoo,PUBLISH ENQUEUED questions_in,2025-10-29T13:19:37
68f2d95bd190740cfd6a2ac8,yahoo,PUBLISH ENQUEUED questions_in,2025-10-29T13:19:39
68f2d95bd190740cfd6a4047,yahoo,PUBLISH ENQUEUED questions_in,2025-10-29T13:19:39
68f2d95bd190740cfd6a2b0d,yahoo,PUBLISH ENQUEUED questions_in,2025-10-29T13:19:39
68f2d95bd190740cfd6a34f5,yahoo,PUBLISH ENQUEUED questions_in,2025-10-29T13:19:41
68f2d95bd190740cfd6a3446,yahoo,PUBLISH ENQUEUED questions_in,2025-10-29T13:19:42
68f2d95bd190740cfd6a3eb9,yahoo,PUBLISH ENQUEUED questions_in,2025-10-29T13:19:43
68f2d95bd190740cfd6a20fa,yahoo,PUBLISH ENQUEUED questions_in,2025-10-29T13:19:43
68f2d95bd190740cfd6a30f7,yahoo,PUBLISH ENQUEUED questions_in,2025-10-29T13:19:44
68f2d95bd190740cfd6a2928,yahoo,PUBLISH ENQUEUED questions_in,2025-10-29T13:19:45
68f2d95bd190740cfd6a244b,yahoo,PUBLISH ENQUEUED questions_in,2025-10-29T13:19:46
68f2d95bd190740cfd6a3c63,yahoo,PUBLISH ENQUEUED questions_in,2025-10-29T13:19:47
68f2d95bd190740cfd6a1bfa,yahoo,PUBLISH ENQUEUED questions_in,2025-10-29T13:19:49
68f2d95bd190740cfd6a22c9,yahoo,PUBLISH ENQUEUED questions_in,2025-10-29T13:19:51
68f2d95bd190740cfd6a2582,yahoo,PUBLISH ENQUEUED questions_in,2025-10-29T13:19:52
68f2d95bd190740cfd6a1eaa,yahoo,PUBLISH ENQUEUED questions_in,2025-10-29T13:19:52
68f2d95bd190740cfd6a40e7,yahoo,PUBLISH ENQUEUED questions_in,2025-10-29T13:19:52
68f2d95bd190740cfd6a2b22,yahoo,PUBLISH ENQUEUED questions_in,2025-10-29T13:19:52
68f2d95bd190740cfd6a3299,yahoo,PUBLISH ENQUEUED questions_in,2025-10-29T13:19:53
68f2d95bd190740cfd6a1c71,yahoo,PUBLISH ENQUEUED questions_in,2025-10-29T13:19:53
68f2d95bd190740cfd6a1d62,yahoo,PUBLISH ENQUEUED questions_in,2025-10-29T13:19:55
68f2d95bd190740cfd6a4178,yahoo,PUBLISH ENQUEUED questions_in,2025-10-29T13:19:56
68f2d95bd190740cfd6a1bb6,yahoo,PUBLISH ENQUEUED questions_in,2025-10-29T13:19:58
68f2d95bd190740cfd6a3a7a,yahoo,PUBLISH ENQUEUED questions_in,2025-10-29T13:19:59
68f2d95bd190740cfd6a2ee0,yahoo,PUBLISH ENQUEUED questions_in,2025-10-29T13:19:59
68f2d95bd190740cfd6a2211,yahoo,PUBLISH ENQUEUED questions_in,2025-10-29T13:19:59
68f2d95bd190740cfd6a3100,yahoo,PUBLISH ENQUEUED questions_in,2025-10-29T13:20:00
68f2d95bd190740cfd6a24bc,yahoo,PUBLISH ENQUEUED questions_in,2025-10-29T13:20:00
68f2d95bd190740cfd6a1f95,yahoo,PUBLISH ENQUEUED questions_in,2025-10-29T13:20:01
68f2d95bd190740cfd6a2c82,yahoo,PUBLISH ENQUEUED questions_in,2025-10-29T13:20:01
68f2d95bd190740cfd6a2335,yahoo,PUBLISH ENQUEUED questions_in,2025-10-29T13:20:04
68f2d95bd190740cfd6a3785,yahoo,PUBLISH ENQUEUED questions_in,2025-10-29T13:20:04
68f2d95bd190740cfd6a36f3,yahoo,PUBLISH ENQUEUED questions_in,2025-10-29T13:20:06
68f2d95bd190740cfd6a1b85,yahoo,PUBLISH ENQUEUED questions_in,2025-10-29T13:20:06
68f2d95bd190740cfd6a32ad,yahoo,PUBLISH ENQUEUED questions_in,2025-10-29T13:20:07
68f2d95bd190740cfd6a321e,yahoo,PUBLISH ENQUEUED questions_in,2025-10-29T13:20:07
68f2d95bd190740cfd6a3935,yahoo,PUBLISH ENQUEUED questions_in,2025-10-29T13:20:09
68f2d95bd190740cfd6a400d,yahoo,PUBLISH ENQUEUED questions_in,2025-10-29T13:20:10
68f2d95bd190740cfd6a22b2,yahoo,PUBLISH ENQUEUED questions_in,2025-10-29T13:20:11
68f2d95bd190740cfd6a2940,yahoo,PUBLISH ENQUEUED questions_in,2025-10-29T13:20:12
68f2d95bd190740cfd6a3819,yahoo,PUBLISH ENQUEUED questions_in,2025-10-29T13:20:13
68f2d95bd190740cfd6a2f8e,yahoo,PUBLISH ENQUEUED questions_in,2025-10-29T13:20:13
68f2d95bd190740cfd6a3a4b,yahoo,PUBLISH ENQUEUED questions_in,2025-10-29T13:20:14
68f2d95bd190740cfd6a223d,yahoo,PUBLISH ENQUEUED questions_in,2025-10-29T13:20:14
68f2d95bd190740cfd6a3c18,yahoo,PUBLISH ENQUEUED questions_in,2025-10-29T13:20:16
68f2d95bd190740cfd6a24bb,yahoo,PUBLISH ENQUEUED questions_in,2025-10-29T13:20:16
68f2d95bd190740cfd6a3bb1,yahoo,PUBLISH ENQUEUED questions_in,2025-10-29T13:20:16
68f2d95bd190740cfd6a398c,yahoo,PUBLISH ENQUEUED questions_in,2025-10-29T13:20:17
68f2d95bd190740cfd6a3db7,yahoo,PUBLISH ENQUEUED questions_in,2025-10-29T13:20:17
68f2d95bd190740cfd6a4142,yahoo,PUBLISH ENQUEUED questions_in,2025-10-29T13:20:17
68f2d95bd190740cfd6a20fe,yahoo,PUBLISH ENQUEUED questions_in,2025-10-29T13:20:18
68f2d95bd190740cfd6a359f,yahoo,PUBLISH ENQUEUED questions_in,2025-10-29T13:20:19
68f2d95bd190740cfd6a3ecb,yahoo,PUBLISH ENQUEUED questions_in,2025-10-29T13:20:20
68f2d95bd190740cfd6a3c39,yahoo,PUBLISH ENQUEUED questions_in,2025-10-29T13:20:21
68f2d95bd190740cfd6a3c34,yahoo,PUBLISH ENQUEUED questions_in,2025-10-29T13:20:21
68f2d95bd190740cfd6a29f8,yahoo,PUBLISH ENQUEUED questions_in,2025-10-29T13:20:22
68f2d95bd190740cfd6a38ab,yahoo,PUBLISH ENQUEUED questions_in,2025-10-29T13:20:25
68f2d95bd190740cfd6a3c43,yahoo,PUBLISH ENQUEUED questions_in,2025-10-29T13:20:25
68f2d95bd190740cfd6a2760,yahoo,PUBLISH ENQUEUED questions_in,2025-10-29T13:20:25
68f2d95bd190740cfd6a26b5,yahoo,PUBLISH ENQUEUED questions_in,2025-10-29T13:20:26
68f2d95bd190740cfd6a39aa,yahoo,PUBLISH ENQUEUED questions_in,2025-10-29T13:20:26
68f2d95bd190740cfd6a2b0f,yahoo,PUBLISH ENQUEUED questions_in,2025-10-29T13:20:26
68f2d95bd190740cfd6a2cfd,yahoo,PUBLISH ENQUEUED questions_in,2025-10-29T13:20:27
68f2d95bd190740cfd6a2c94,yahoo,PUBLISH ENQUEUED questions_in,2025-10-29T13:20:27
68f2d95bd190740cfd6a3f96,yahoo,PUBLISH ENQUEUED questions_in,2025-10-29T13:20:28
68f2d95bd190740cfd6a1bc5,yahoo,PUBLISH ENQUEUED questions_in,2025-10-29T13:20:28
68f2d95bd190740cfd6a234f,yahoo,PUBLISH ENQUEUED questions_in,2025-10-29T13:20:28
68f2d95bd190740cfd6a1cd6,yahoo,PUBLISH ENQUEUED questions_in,2025-10-29T13:20:29
68f2d95bd190740cfd6a1cbe,yahoo,PUBLISH ENQUEUED questions_in,2025-10-29T13:20:30
68f2d95bd190740cfd6a2e77,yahoo,PUBLISH ENQUEUED questions_in,2025-10-29T13:20:30
68f2d95bd190740cfd6a1d6e,yahoo,PUBLISH ENQUEUED questions_in,2025-10-29T13:20:31
68f2d95bd190740cfd6a3bb7,yahoo,PUBLISH ENQUEUED questions_in,2025-10-29T13:20:31
68f2d95bd190740cfd6a3536,yahoo,PUBLISH ENQUEUED questions_in,2025-10-29T13:20:32
68f2d95bd190740cfd6a38b6,yahoo,PUBLISH ENQUEUED questions_in,2025-10-29T13:20:34
68f2d95bd190740cfd6a3354,yahoo,PUBLISH ENQUEUED questions_in,2025-10-29T13:20:34
68f2d95bd190740cfd6a3ec6,yahoo,PUBLISH ENQUEUED questions_in,2025-10-29T13:20:35
68f2d95bd190740cfd6a310b,yahoo,PUBLISH ENQUEUED questions_in,2025-10-29T13:20:37
68f2d95bd190740cfd6a2907,yahoo,PUBLISH ENQUEUED questions_in,2025-10-29T13:20:39
68f2d95bd190740cfd6a3ba5,yahoo,PUBLISH ENQUEUED questions_in,2025-10-29T13:20:39
68f2d95bd190740cfd6a2316,yahoo,PUBLISH ENQUEUED questions_in,2025-10-29T13:20:39
68f2d95bd190740cfd6a2c15,yahoo,PUBLISH ENQUEUED questions_in,2025-10-29T13:20:39
68f2d95bd190740cfd6a3d54,yahoo,PUBLISH ENQUEUED questions_in,2025-10-29T13:20:40
68f2d95bd190740cfd6a3bb7,yahoo,PUBLISH ENQUEUED questions_in,2025-10-29T13:20:40
68f2d95bd190740cfd6a24dc,yahoo,PUBLISH ENQUEUED questions_in,2025-10-29T13:20:40
68f2d95bd190740cfd6a2750,yahoo,PUBLISH ENQUEUED questions_in,2025-10-29T13:20:40
68f2d95bd190740cfd6a3a6e,yahoo,PUBLISH ENQUEUED questions_in,2025-10-29T13:20:42
68f2d95bd190740cfd6a25b3,yahoo,PUBLISH ENQUEUED questions_in,2025-10-29T13:20:43
68f2d95bd190740cfd6a3019,yahoo,PUBLISH ENQUEUED questions_in,2025-10-29T13:20:44
68f2d95bd190740cfd6a2712,yahoo,PUBLISH ENQUEUED questions_in,2025-10-29T13:20:45
68f2d95bd190740cfd6a3f63,yahoo,PUBLISH ENQUEUED questions_in,2025-10-29T13:20:45
68f2d95bd190740cfd6a3a10,yahoo,PUBLISH ENQUEUED questions_in,2025-10-29T13:20:45
68f2d95bd190740cfd6a3f32,yahoo,PUBLISH ENQUEUED questions_in,2025-10-29T13:20:45
68f2d95bd190740cfd6a3f69,yahoo,PUBLISH ENQUEUED questions_in,2025-10-29T13:20:45
68f2d95bd190740cfd6a23af,yahoo,PUBLISH ENQUEUED questions_in,2025-10-29T13:20:47
68f2d95bd190740cfd6a3849,yahoo,PUBLISH ENQUEUED questions_in,2025-10-29T13:20:47
68f2d95bd190740cfd6a3cdf,yahoo,PUBLISH ENQUEUED questions_in,2025-10-29T13:20:48
68f2d95bd190740cfd6a2c30,yahoo,PUBLISH ENQUEUED questions_in,2025-10-29T13:20:49
68f2d95bd190740cfd6a24e4,yahoo,PUBLISH ENQUEUED questions_in,2025-10-29T13:20:49
68f2d95bd190740cfd6a2b70,yahoo,PUBLISH ENQUEUED questions_in,2025-10-29T13:20:50
68f2d95bd190740cfd6a3853,yahoo,PUBLISH ENQUEUED questions_in,2025-10-29T13:20:50
68f2d95bd190740cfd6a25ca,yahoo,PUBLISH ENQUEUED questions_in,2025-10-29T13:20:50
68f2d95bd190740cfd6a358d,yahoo,PUBLISH ENQUEUED questions_in,2025-10-29T13:20:50
68f2d95bd190740cfd6a2967,yahoo,PUBLISH ENQUEUED questions_in,2025-10-29T13:20:51
68f2d95bd190740cfd6a2629,yahoo,PUBLISH ENQUEUED questions_in,2025-10-29T13:20:51
68f2d95bd190740cfd6a297d,yahoo,PUBLISH ENQUEUED questions_in,2025-10-29T13:20:51
68f2d95bd190740cfd6a3ba4,yahoo,PUBLISH ENQUEUED questions_in,2025-10-29T13:20:52
68f2d95bd190740cfd6a381b,yahoo,PUBLISH ENQUEUED questions_in,2025-10-29T13:20:52
68f2d95bd190740cfd6a3076,yahoo,PUBLISH ENQUEUED questions_in,2025-10-29T13:20:52
68f2d95bd190740cfd6a2a53,yahoo,PUBLISH ENQUEUED questions_in,2025-10-29T13:20:53
68f2d95bd190740cfd6a4016,yahoo,PUBLISH ENQUEUED questions_in,2025-10-29T13:20:53
68f2d95bd190740cfd6a1d40,yahoo,PUBLISH ENQUEUED questions_in,2025-10-29T13:20:54
68f2d95bd190740cfd6a29b7,yahoo,PUBLISH ENQUEUED questions_in,2025-10-29T13:20:55
68f2d95bd190740cfd6a3183,yahoo,PUBLISH ENQUEUED questions_in,2025-10-29T13:20:55
68f2d95bd190740cfd6a2df6,yahoo,PUBLISH ENQUEUED questions_in,2025-10-29T13:20:56
68f2d95bd190740cfd6a2500,yahoo,PUBLISH ENQUEUED questions_in,2025-10-29T13:20:56
68f2d95bd190740cfd6a255d,yahoo,PUBLISH ENQUEUED questions_in,2025-10-29T13:20:59
68f2d95bd190740cfd6a1af4,yahoo,PUBLISH ENQUEUED questions_in,2025-10-29T13:21:00
68f2d95bd190740cfd6a2f3f,yahoo,PUBLISH ENQUEUED questions_in,2025-10-29T13:21:01
68f2d95bd190740cfd6a1bda,yahoo,PUBLISH ENQUEUED questions_in,2025-10-29T13:21:01
68f2d95bd190740cfd6a1fa7,yahoo,PUBLISH ENQUEUED questions_in,2025-10-29T13:21:02
68f2d95bd190740cfd6a1ade,yahoo,PUBLISH ENQUEUED questions_in,2025-10-29T13:21:03
68f2d95bd190740cfd6a1d43,yahoo,PUBLISH ENQUEUED questions_in,2025-10-29T13:21:03
68f2d95bd190740cfd6a2ea2,yahoo,PUBLISH ENQUEUED questions_in,2025-10-29T13:21:04
68f2d95bd190740cfd6a1ece,yahoo,PUBLISH ENQUEUED questions_in,2025-10-29T13:21:06
68f2d95bd190740cfd6a3013,yahoo,PUBLISH ENQUEUED questions_in,2025-10-29T13:21:06
68f2d95bd190740cfd6a2a27,yahoo,PUBLISH ENQUEUED questions_in,2025-10-29T13:21:06
68f2d95bd190740cfd6a2063,yahoo,PUBLISH ENQUEUED questions_in,2025-10-29T13:21:07
68f2d95bd190740cfd6a3590,yahoo,PUBLISH ENQUEUED questions_in,2025-10-29T13:21:07
68f2d95bd190740cfd6a2644,yahoo,PUBLISH ENQUEUED questions_in,2025-10-29T13:21:09
68f2d95bd190740cfd6a3e3d,yahoo,PUBLISH ENQUEUED questions_in,2025-10-29T13:21:09
68f2d95bd190740cfd6a3bb6,yahoo,PUBLISH ENQUEUED questions_in,2025-10-29T13:21:09
68f2d95bd190740cfd6a2ba6,yahoo,PUBLISH ENQUEUED questions_in,2025-10-29T13:21:10
68f2d95bd190740cfd6a2fbb,yahoo,PUBLISH ENQUEUED questions_in,2025-10-29T13:21:10
68f2d95bd190740cfd6a243f,yahoo,PUBLISH ENQUEUED questions_in,2025-10-29T13:21:10
68f2d95bd190740cfd6a1b1f,yahoo,PUBLISH ENQUEUED questions_in,2025-10-29T13:21:10
68f2d95bd190740cfd6a3c18,yahoo,PUBLISH ENQUEUED questions_in,2025-10-29T13:21:10
68f2d95bd190740cfd6a2d37,yahoo,PUBLISH ENQUEUED questions_in,2025-10-29T13:21:11
68f2d95bd190740cfd6a1ce1,yahoo,PUBLISH ENQUEUED questions_in,2025-10-29T13:21:11
68f2d95bd190740cfd6a3fb1,yahoo,PUBLISH ENQUEUED questions_in,2025-10-29T13:21:12
68f2d95bd190740cfd6a1bec,yahoo,PUBLISH ENQUEUED questions_in,2025-10-29T13:21:12
68f2d95bd190740cfd6a2d20,yahoo,PUBLISH ENQUEUED questions_in,2025-10-29T13:21:13
68f2d95bd190740cfd6a2b94,yahoo,PUBLISH ENQUEUED questions_in,2025-10-29T13:21:13
68f2d95bd190740cfd6a32b6,yahoo,PUBLISH ENQUEUED questions_in,2025-10-29T13:21:14
68f2d95bd190740cfd6a3ea1,yahoo,PUBLISH ENQUEUED questions_in,2025-10-29T13:21:14
68f2d95bd190740cfd6a23f5,yahoo,PUBLISH ENQUEUED questions_in,2025-10-29T13:21:16
68f2d95bd190740cfd6a2a47,yahoo,PUBLISH ENQUEUED questions_in,2025-10-29T13:21:16
68f2d95bd190740cfd6a2fe3,yahoo,PUBLISH ENQUEUED questions_in,2025-10-29T13:21:16
68f2d95bd190740cfd6a25d9,yahoo,PUBLISH ENQUEUED questions_in,2025-10-29T13:21:16
68f2d95bd190740cfd6a20a0,yahoo,PUBLISH ENQUEUED questions_in,2025-10-29T13:21:16
68f2d95bd190740cfd6a3147,yahoo,PUBLISH ENQUEUED questions_in,2025-10-29T13:21:17
68f2d95bd190740cfd6a2a93,yahoo,PUBLISH ENQUEUED questions_in,2025-10-29T13:21:17
68f2d95bd190740cfd6a350a,yahoo,PUBLISH ENQUEUED questions_in,2025-10-29T13:21:18
68f2d95bd190740cfd6a2a35,yahoo,PUBLISH ENQUEUED questions_in,2025-10-29T13:21:19
68f2d95bd190740cfd6a4139,yahoo,PUBLISH ENQUEUED questions_in,2025-10-29T13:21:20
68f2d95bd190740cfd6a2d8c,yahoo,PUBLISH ENQUEUED questions_in,2025-10-29T13:21:21
68f2d95bd190740cfd6a36c1,yahoo,PUBLISH ENQUEUED questions_in,2025-10-29T13:21:21
68f2d95bd190740cfd6a396f,yahoo,PUBLISH ENQUEUED questions_in,2025-10-29T13:21:21
68f2d95bd190740cfd6a33b3,yahoo,PUBLISH ENQUEUED questions_in,2025-10-29T13:21:21
68f2d95bd190740cfd6a3cce,yahoo,PUBLISH ENQUEUED questions_in,2025-10-29T13:21:22
68f2d95bd190740cfd6a372d,yahoo,PUBLISH ENQUEUED questions_in,2025-10-29T13:21:22
68f2d95bd190740cfd6a241b,yahoo,PUBLISH ENQUEUED questions_in,2025-10-29T13:21:23
68f2d95bd190740cfd6a36b9,yahoo,PUBLISH ENQUEUED questions_in,2025-10-29T13:21:24
68f2d95bd190740cfd6a2bf6,yahoo,PUBLISH ENQUEUED questions_in,2025-10-29T13:21:24
68f2d95bd190740cfd6a3e3d,yahoo,PUBLISH ENQUEUED questions_in,2025-10-29T13:21:25
68f2d95bd190740cfd6a1b70,yahoo,PUBLISH ENQUEUED questions_in,2025-10-29T13:21:26
68f2d95bd190740cfd6a27e7,yahoo,PUBLISH ENQUEUED questions_in,2025-10-29T13:21:28
68f2d95bd190740cfd6a2e10,yahoo,PUBLISH ENQUEUED questions_in,2025-10-29T13:21:28
68f2d95bd190740cfd6a1ef2,yahoo,PUBLISH ENQUEUED questions_in,2025-10-29T13:21:29
68f2d95bd190740cfd6a2586,yahoo,PUBLISH ENQUEUED questions_in,2025-10-29T13:21:29
68f2d95bd190740cfd6a3861,yahoo,PUBLISH ENQUEUED questions_in,2025-10-29T13:21:31
68f2d95bd190740cfd6a26a3,yahoo,PUBLISH ENQUEUED questions_in,2025-10-29T13:21:31
68f2d95bd190740cfd6a322d,yahoo,PUBLISH ENQUEUED questions_in,2025-10-29T13:21:31
68f2d95bd190740cfd6a281e,yahoo,PUBLISH ENQUEUED questions_in,2025-10-29T13:21:33
68f2d95bd190740cfd6a32af,yahoo,PUBLISH ENQUEUED questions_in,2025-10-29T13:21:35
68f2d95bd190740cfd6a3dd9,yahoo,PUBLISH ENQUEUED questions_in,2025-10-29T13:21:35
68f2d95bd190740cfd6a36b1,yahoo,PUBLISH ENQUEUED questions_in,2025-10-29T13:21:36
68f2d95bd190740cfd6a2134,yahoo,PUBLISH ENQUEUED questions_in,2025-10-29T13:21:36
68f2d95bd190740cfd6a2c32,yahoo,PUBLISH ENQUEUED questions_in,2025-10-29T13:21:36
68f2d95bd190740cfd6a28c9,yahoo,PUBLISH ENQUEUED questions_in,2025-10-29T13:21:37
68f2d95bd190740cfd6a2d96,yahoo,PUBLISH ENQUEUED questions_in,2025-10-29T13:21:37
68f2d95bd190740cfd6a2605,yahoo,PUBLISH ENQUEUED questions_in,2025-10-29T13:21:38
68f2d95bd190740cfd6a391f,yahoo,PUBLISH ENQUEUED questions_in,2025-10-29T13:21:40
68f2d95bd190740cfd6a4117,yahoo,PUBLISH ENQUEUED questions_in,2025-10-29T13:21:40
68f2d95bd190740cfd6a2896,yahoo,PUBLISH ENQUEUED questions_in,2025-10-29T13:21:41
68f2d95bd190740cfd6a240d,yahoo,PUBLISH ENQUEUED questions_in,2025-10-29T13:21:41
68f2d95bd190740cfd6a2aae,yahoo,PUBLISH ENQUEUED questions_in,2025-10-29T13:21:42
68f2d95bd190740cfd6a25be,yahoo,PUBLISH ENQUEUED questions_in,2025-10-29T13:21:42
68f2d95bd190740cfd6a3769,yahoo,PUBLISH ENQUEUED questions_in,2025-10-29T13:21:42
68f2d95bd190740cfd6a1d35,yahoo,PUBLISH ENQUEUED questions_in,2025-10-29T13:21:43
68f2d95bd190740cfd6a371f,yahoo,PUBLISH ENQUEUED questions_in,2025-10-29T13:21:43
68f2d95bd190740cfd6a1c9c,yahoo,PUBLISH ENQUEUED questions_in,2025-10-29T13:21:43
68f2d95bd190740cfd6a261c,yahoo,PUBLISH ENQUEUED questions_in,2025-10-29T13:21:44
68f2d95bd190740cfd6a2865,yahoo,PUBLISH ENQUEUED questions_in,2025-10-29T13:21:45
68f2d95bd190740cfd6a33e2,yahoo,PUBLISH ENQUEUED questions_in,2025-10-29T13:21:45
68f2d95bd190740cfd6a241b,yahoo,PUBLISH ENQUEUED questions_in,2025-10-29T13:21:46
68f2d95bd190740cfd6a2779,yahoo,PUBLISH ENQUEUED questions_in,2025-10-29T13:21:47
68f2d95bd190740cfd6a415e,yahoo,PUBLISH ENQUEUED questions_in,2025-10-29T13:21:47
68f2d95bd190740cfd6a3f76,yahoo,PUBLISH ENQUEUED questions_in,2025-10-29T13:21:48
68f2d95bd190740cfd6a2a66,yahoo,PUBLISH ENQUEUED questions_in,2025-10-29T13:21:48
68f2d95bd190740cfd6a2a2e,yahoo,PUBLISH ENQUEUED questions_in,2025-10-29T13:21:49
68f2d95bd190740cfd6a41c9,yahoo,PUBLISH ENQUEUED questions_in,2025-10-29T13:21:49
68f2d95bd190740cfd6a1bd8,yahoo,PUBLISH ENQUEUED questions_in,2025-10-29T13:21:50
68f2d95bd190740cfd6a3c9b,yahoo,PUBLISH ENQUEUED questions_in,2025-10-29T13:21:50
68f2d95bd190740cfd6a208e,yahoo,PUBLISH ENQUEUED questions_in,2025-10-29T13:21:50
68f2d95bd190740cfd6a1e1a,yahoo,PUBLISH ENQUEUED questions_in,2025-10-29T13:21:51
68f2d95bd190740cfd6a3a8a,yahoo,PUBLISH ENQUEUED questions_in,2025-10-29T13:21:51
68f2d95bd190740cfd6a3a2b,yahoo,PUBLISH ENQUEUED questions_in,2025-10-29T13:21:51
68f2d95bd190740cfd6a1fcf,yahoo,PUBLISH ENQUEUED questions_in,2025-10-29T13:21:52
68f2d95bd190740cfd6a1fb9,yahoo,PUBLISH ENQUEUED questions_in,2025-10-29T13:21:52
68f2d95bd190740cfd6a259e,yahoo,PUBLISH ENQUEUED questions_in,2025-10-29T13:21:52
68f2d95bd190740cfd6a3786,yahoo,PUBLISH ENQUEUED questions_in,2025-10-29T13:21:52
68f2d95bd190740cfd6a4091,yahoo,PUBLISH ENQUEUED questions_in,2025-10-29T13:21:53
68f2d95bd190740cfd6a3a73,yahoo,PUBLISH ENQUEUED questions_in,2025-10-29T13:21:55
68f2d95bd190740cfd6a2fcf,yahoo,PUBLISH ENQUEUED questions_in,2025-10-29T13:21:55
68f2d95bd190740cfd6a32a1,yahoo,PUBLISH ENQUEUED questions_in,2025-10-29T13:21:56
68f2d95bd190740cfd6a2d82,yahoo,PUBLISH ENQUEUED questions_in,2025-10-29T13:21:57
68f2d95bd190740cfd6a3349,yahoo,PUBLISH ENQUEUED questions_in,2025-10-29T13:21:57
68f2d95bd190740cfd6a2b75,yahoo,PUBLISH ENQUEUED questions_in,2025-10-29T13:21:58
68f2d95bd190740cfd6a4176,yahoo,PUBLISH ENQUEUED questions_in,2025-10-29T13:21:58
68f2d95bd190740cfd6a1ad6,yahoo,PUBLISH ENQUEUED questions_in,2025-10-29T13:21:59
68f2d95bd190740cfd6a3de2,yahoo,PUBLISH ENQUEUED questions_in,2025-10-29T13:21:59
68f2d95bd190740cfd6a4143,yahoo,PUBLISH ENQUEUED questions_in,2025-10-29T13:21:59
68f2d95bd190740cfd6a20a6,yahoo,PUBLISH ENQUEUED questions_in,2025-10-29T13:21:59
68f2d95bd190740cfd6a41ae,yahoo,PUBLISH ENQUEUED questions_in,2025-10-29T13:22:00
68f2d95bd190740cfd6a2622,yahoo,PUBLISH ENQUEUED questions_in,2025-10-29T13:22:01
68f2d95bd190740cfd6a3658,yahoo,PUBLISH ENQUEUED questions_in,2025-10-29T13:22:01
68f2d95bd190740cfd6a1b32,yahoo,PUBLISH ENQUEUED questions_in,2025-10-29T13:22:01
68f2d95bd190740cfd6a2cb6,yahoo,PUBLISH ENQUEUED questions_in,2025-10-29T13:22:02
68f2d95bd190740cfd6a31a4,yahoo,PUBLISH ENQUEUED questions_in,2025-10-29T13:22:02
68f2d95bd190740cfd6a271c,yahoo,PUBLISH ENQUEUED questions_in,2025-10-29T13:22:03
68f2d95bd190740cfd6a399c,yahoo,PUBLISH ENQUEUED questions_in,2025-10-29T13:22:06
68f2d95bd190740cfd6a1ad0,yahoo,PUBLISH ENQUEUED questions_in,2025-10-29T13:22:08
68f2d95bd190740cfd6a3020,yahoo,PUBLISH ENQUEUED questions_in,2025-10-29T13:22:08
68f2d95bd190740cfd6a40ab,yahoo,PUBLISH ENQUEUED questions_in,2025-10-29T13:22:09
68f2d95bd190740cfd6a1c57,yahoo,PUBLISH ENQUEUED questions_in,2025-10-29T13:22:09
68f2d95bd190740cfd6a2f61,yahoo,PUBLISH ENQUEUED questions_in,2025-10-29T13:22:09
68f2d95bd190740cfd6a35ab,yahoo,PUBLISH ENQUEUED questions_in,2025-10-29T13:22:09
68f2d95bd190740cfd6a3569,yahoo,PUBLISH ENQUEUED questions_in,2025-10-29T13:22:10
68f2d95bd190740cfd6a2939,yahoo,PUBLISH ENQUEUED questions_in,2025-10-29T13:22:12
68f2d95bd190740cfd6a3e6f,yahoo,PUBLISH ENQUEUED questions_in,2025-10-29T13:22:12
68f2d95bd190740cfd6a318c,yahoo,PUBLISH ENQUEUED questions_in,2025-10-29T13:22:13
68f2d95bd190740cfd6a3a96,yahoo,PUBLISH ENQUEUED questions_in,2025-10-29T13:22:15
68f2d95bd190740cfd6a26c0,yahoo,PUBLISH ENQUEUED questions_in,2025-10-29T13:22:15
68f2d95bd190740cfd6a1c3a,yahoo,PUBLISH ENQUEUED questions_in,2025-10-29T13:22:16
68f2d95bd190740cfd6a1e75,yahoo,PUBLISH ENQUEUED questions_in,2025-10-29T13:22:16
68f2d95bd190740cfd6a30c6,yahoo,PUBLISH ENQUEUED questions_in,2025-10-29T13:22:16
68f2d95bd190740cfd6a224c,yahoo,PUBLISH ENQUEUED questions_in,2025-10-29T13:22:16
68f2d95bd190740cfd6a2970,yahoo,PUBLISH ENQUEUED questions_in,2025-10-29T13:22:16
68f2d95bd190740cfd6a29ee,yahoo,PUBLISH ENQUEUED questions_in,2025-10-29T13:22:17
68f2d95bd190740cfd6a2b17,yahoo,PUBLISH ENQUEUED questions_in,2025-10-29T13:22:17
68f2d95bd190740cfd6a2b9e,yahoo,PUBLISH ENQUEUED questions_in,2025-10-29T13:22:18
68f2d95bd190740cfd6a26a6,yahoo,PUBLISH ENQUEUED questions_in,2025-10-29T13:22:19
68f2d95bd190740cfd6a3647,yahoo,PUBLISH ENQUEUED questions_in,2025-10-29T13:22:19
68f2d95bd190740cfd6a2c62,yahoo,PUBLISH ENQUEUED questions_in,2025-10-29T13:22:20
68f2d95bd190740cfd6a232f,yahoo,PUBLISH ENQUEUED questions_in,2025-10-29T13:22:20
68f2d95bd190740cfd6a3f27,yahoo,PUBLISH ENQUEUED questions_in,2025-10-29T13:22:21
68f2d95bd190740cfd6a20a6,yahoo,PUBLISH ENQUEUED questions_in,2025-10-29T13:22:22
68f2d95bd190740cfd6a3975,yahoo,PUBLISH ENQUEUED questions_in,2025-10-29T13:22:23
68f2d95bd190740cfd6a3117,yahoo,PUBLISH ENQUEUED questions_in,2025-10-29T13:22:25
68f2d95bd190740cfd6a3c54,yahoo,PUBLISH ENQUEUED questions_in,2025-10-29T13:22:25
68f2d95bd190740cfd6a3429,yahoo,PUBLISH ENQUEUED questions_in,2025-10-29T13:22:25
68f2d95bd190740cfd6a28d1,yahoo,PUBLISH ENQUEUED questions_in,2025-10-29T13:22:26
68f2d95bd190740cfd6a406c,yahoo,PUBLISH ENQUEUED questions_in,2025-10-29T13:22:26
68f2d95bd190740cfd6a3b40,yahoo,PUBLISH ENQUEUED questions_in,2025-10-29T13:22:26
68f2d95bd190740cfd6a389e,yahoo,PUBLISH ENQUEUED questions_in,2025-10-29T13:22:26
68f2d95bd190740cfd6a3a93,yahoo,PUBLISH ENQUEUED questions_in,2025-10-29T13:22:27
68f2d95bd190740cfd6a31b8,yahoo,PUBLISH ENQUEUED questions_in,2025-10-29T13:22:27
68f2d95bd190740cfd6a2a34,yahoo,PUBLISH ENQUEUED questions_in,2025-10-29T13:22:28
68f2d95bd190740cfd6a30d6,yahoo,PUBLISH ENQUEUED questions_in,2025-10-29T13:22:28
68f2d95bd190740cfd6a1c42,yahoo,PUBLISH ENQUEUED questions_in,2025-10-29T13:22:28
68f2d95bd190740cfd6a3765,yahoo,PUBLISH ENQUEUED questions_in,2025-10-29T13:22:29
68f2d95bd190740cfd6a3039,yahoo,PUBLISH ENQUEUED questions_in,2025-10-29T13:22:29
68f2d95bd190740cfd6a2179,yahoo,PUBLISH ENQUEUED questions_in,2025-10-29T13:22:29
68f2d95bd190740cfd6a2ffd,yahoo,PUBLISH ENQUEUED questions_in,2025-10-29T13:22:30
68f2d95bd190740cfd6a2d5e,yahoo,PUBLISH ENQUEUED questions_in,2025-10-29T13:22:30
68f2d95bd190740cfd6a3b5e,yahoo,PUBLISH ENQUEUED questions_in,2025-10-29T13:22:30
68f2d95bd190740cfd6a3ad1,yahoo,PUBLISH ENQUEUED questions_in,2025-10-29T13:22:31
68f2d95bd190740cfd6a3cc1,yahoo,PUBLISH ENQUEUED questions_in,2025-10-29T13:22:31
68f2d95bd190740cfd6a29b5,yahoo,PUBLISH ENQUEUED questions_in,2025-10-29T13:22:31
68f2d95bd190740cfd6a36de,yahoo,PUBLISH ENQUEUED questions_in,2025-10-29T13:22:31
68f2d95bd190740cfd6a2c8e,yahoo,PUBLISH ENQUEUED questions_in,2025-10-29T13:22:32
68f2d95bd190740cfd6a31d0,yahoo,PUBLISH ENQUEUED questions_in,2025-10-29T13:22:32
68f2d95bd190740cfd6a38ca,yahoo,PUBLISH ENQUEUED questions_in,2025-10-29T13:22:34
68f2d95bd190740cfd6a1b9f,yahoo,PUBLISH ENQUEUED questions_in,2025-10-29T13:22:34
68f2d95bd190740cfd6a23c9,yahoo,PUBLISH ENQUEUED questions_in,2025-10-29T13:22:34
68f2d95bd190740cfd6a2d4e,yahoo,PUBLISH ENQUEUED questions_in,2025-10-29T13:22:35
68f2d95bd190740cfd6a38ef,yahoo,PUBLISH ENQUEUED questions_in,2025-10-29T13:22:35
68f2d95bd190740cfd6a2ef4,yahoo,PUBLISH ENQUEUED questions_in,2025-10-29T13:22:35
68f2d95bd190740cfd6a39f3,yahoo,PUBLISH ENQUEUED questions_in,2025-10-29T13:22:37
68f2d95bd190740cfd6a2bf9,yahoo,PUBLISH ENQUEUED questions_in,2025-10-29T13:22:37
68f2d95bd190740cfd6a413a,yahoo,PUBLISH ENQUEUED questions_in,2025-10-29T13:22:38
68f2d95bd190740cfd6a3468,yahoo,PUBLISH ENQUEUED questions_in,2025-10-29T13:22:38
68f2d95bd190740cfd6a1bc3,yahoo,PUBLISH ENQUEUED questions_in,2025-10-29T13:22:38
68f2d95bd190740cfd6a308e,yahoo,PUBLISH ENQUEUED questions_in,2025-10-29T13:22:39
68f2d95bd190740cfd6a2c70,yahoo,PUBLISH ENQUEUED questions_in,2025-10-29T13:22:40
68f2d95bd190740cfd6a1ccf,yahoo,PUBLISH ENQUEUED questions_in,2025-10-29T13:22:41
68f2d95bd190740cfd6a3fdf,yahoo,PUBLISH ENQUEUED questions_in,2025-10-29T13:22:42
68f2d95bd190740cfd6a1b11,yahoo,PUBLISH ENQUEUED questions_in,2025-10-29T13:22:43
68f2d95bd190740cfd6a230a,yahoo,PUBLISH ENQUEUED questions_in,2025-10-29T13:22:43
68f2d95bd190740cfd6a2373,yahoo,PUBLISH ENQUEUED questions_in,2025-10-29T13:22:45
68f2d95bd190740cfd6a3cef,yahoo,PUBLISH ENQUEUED questions_in,2025-10-29T13:22:45
68f2d95bd190740cfd6a1e11,yahoo,PUBLISH ENQUEUED questions_in,2025-10-29T13:22:45
68f2d95bd190740cfd6a20d7,yahoo,PUBLISH ENQUEUED questions_in,2025-10-29T13:22:45
68f2d95bd190740cfd6a20e3,yahoo,PUBLISH ENQUEUED questions_in,2025-10-29T13:22:46
68f2d95bd190740cfd6a1d42,yahoo,PUBLISH ENQUEUED questions_in,2025-10-29T13:22:46
68f2d95bd190740cfd6a2704,yahoo,PUBLISH ENQUEUED questions_in,2025-10-29T13:22:47
68f2d95bd190740cfd6a26b3,yahoo,PUBLISH ENQUEUED questions_in,2025-10-29T13:22:48
68f2d95bd190740cfd6a362c,yahoo,PUBLISH ENQUEUED questions_in,2025-10-29T13:22:48
68f2d95bd190740cfd6a36aa,yahoo,PUBLISH ENQUEUED questions_in,2025-10-29T13:22:48
68f2d95bd190740cfd6a2b5e,yahoo,PUBLISH ENQUEUED questions_in,2025-10-29T13:22:53
68f2d95bd190740cfd6a24af,yahoo,PUBLISH ENQUEUED questions_in,2025-10-29T13:22:54
68f2d95bd190740cfd6a2c03,yahoo,PUBLISH ENQUEUED questions_in,2025-10-29T13:22:54
68f2d95bd190740cfd6a2fd2,yahoo,PUBLISH ENQUEUED questions_in,2025-10-29T13:22:55
68f2d95bd190740cfd6a277e,yahoo,PUBLISH ENQUEUED questions_in,2025-10-29T13:22:55
68f2d95bd190740cfd6a1b3d,yahoo,PUBLISH ENQUEUED questions_in,2025-10-29T13:22:56
68f2d95bd190740cfd6a2aa8,yahoo,PUBLISH ENQUEUED questions_in,2025-10-29T13:22:57
68f2d95bd190740cfd6a2c4e,yahoo,PUBLISH ENQUEUED questions_in,2025-10-29T13:22:58
68f2d95bd190740cfd6a2ae4,yahoo,PUBLISH ENQUEUED questions_in,2025-10-29T13:22:58
68f2d95bd190740cfd6a35bc,yahoo,PUBLISH ENQUEUED questions_in,2025-10-29T13:22:59
68f2d95bd190740cfd6a3674,yahoo,PUBLISH ENQUEUED questions_in,2025-10-29T13:22:59
68f2d95bd190740cfd6a3e67,yahoo,PUBLISH ENQUEUED questions_in,2025-10-29T13:22:59
68f2d95bd190740cfd6a395f,yahoo,PUBLISH ENQUEUED questions_in,2025-10-29T13:23:00
68f2d95bd190740cfd6a1fc9,yahoo,PUBLISH ENQUEUED questions_in,2025-10-29T13:23:01
68f2d95bd190740cfd6a3f01,yahoo,PUBLISH ENQUEUED questions_in,2025-10-29T13:23:03
68f2d95bd190740cfd6a3d92,yahoo,PUBLISH ENQUEUED questions_in,2025-10-29T13:23:03
68f2d95bd190740cfd6a22e5,yahoo,PUBLISH ENQUEUED questions_in,2025-10-29T13:23:03
68f2d95bd190740cfd6a261d,yahoo,PUBLISH ENQUEUED questions_in,2025-10-29T13:23:05
68f2d95bd190740cfd6a1fbf,yahoo,PUBLISH ENQUEUED questions_in,2025-10-29T13:23:06
68f2d95bd190740cfd6a4194,yahoo,PUBLISH ENQUEUED questions_in,2025-10-29T13:23:07
68f2d95bd190740cfd6a3e53,yahoo,PUBLISH ENQUEUED questions_in,2025-10-29T13:23:07
68f2d95bd190740cfd6a40a0,yahoo,PUBLISH ENQUEUED questions_in,2025-10-29T13:23:09
68f2d95bd190740cfd6a2322,yahoo,PUBLISH ENQUEUED questions_in,2025-10-29T13:23:11
68f2d95bd190740cfd6a1e00,yahoo,PUBLISH ENQUEUED questions_in,2025-10-29T13:23:11
68f2d95bd190740cfd6a3bcf,yahoo,PUBLISH ENQUEUED questions_in,2025-10-29T13:23:11
68f2d95bd190740cfd6a3c51,yahoo,PUBLISH ENQUEUED questions_in,2025-10-29T13:23:11
68f2d95bd190740cfd6a3f62,yahoo,PUBLISH ENQUEUED questions_in,2025-10-29T13:23:13
68f2d95bd190740cfd6a3488,yahoo,PUBLISH ENQUEUED questions_in,2025-10-29T13:23:14
68f2d95bd190740cfd6a2f5f,yahoo,PUBLISH ENQUEUED questions_in,2025-10-29T13:23:14
68f2d95bd190740cfd6a2770,yahoo,PUBLISH ENQUEUED questions_in,2025-10-29T13:23:15
68f2d95bd190740cfd6a1e5f,yahoo,PUBLISH ENQUEUED questions_in,2025-10-29T13:23:17
68f2d95bd190740cfd6a35b7,yahoo,PUBLISH ENQUEUED questions_in,2025-10-29T13:23:18
68f2d95bd190740cfd6a3f35,yahoo,PUBLISH ENQUEUED questions_in,2025-10-29T13:23:19
68f2d95bd190740cfd6a378e,yahoo,PUBLISH ENQUEUED questions_in,2025-10-29T13:23:19
68f2d95bd190740cfd6a3de3,yahoo,PUBLISH ENQUEUED questions_in,2025-10-29T13:23:21
68f2d95bd190740cfd6a260c,yahoo,PUBLISH ENQUEUED questions_in,2025-10-29T13:23:22
68f2d95bd190740cfd6a30da,yahoo,PUBLISH ENQUEUED questions_in,2025-10-29T13:23:22
68f2d95bd190740cfd6a32a3,yahoo,PUBLISH ENQUEUED questions_in,2025-10-29T13:23:23
68f2d95bd190740cfd6a3b34,yahoo,PUBLISH ENQUEUED questions_in,2025-10-29T13:23:24
68f2d95bd190740cfd6a2089,yahoo,PUBLISH ENQUEUED questions_in,2025-10-29T13:23:24
68f2d95bd190740cfd6a1e5a,yahoo,PUBLISH ENQUEUED questions_in,2025-10-29T13:23:25
68f2d95bd190740cfd6a256a,yahoo,PUBLISH ENQUEUED questions_in,2025-10-29T13:23:26
68f2d95bd190740cfd6a2059,yahoo,PUBLISH ENQUEUED questions_in,2025-10-29T13:23:27
68f2d95bd190740cfd6a1d16,yahoo,PUBLISH ENQUEUED questions_in,2025-10-29T13:23:27
68f2d95bd190740cfd6a1dd5,yahoo,PUBLISH ENQUEUED questions_in,2025-10-29T13:23:28
68f2d95bd190740cfd6a284e,yahoo,PUBLISH ENQUEUED questions_in,2025-10-29T13:23:28
68f2d95bd190740cfd6a2210,yahoo,PUBLISH ENQUEUED questions_in,2025-10-29T13:23:28
68f2d95bd190740cfd6a1cb5,yahoo,PUBLISH ENQUEUED questions_in,2025-10-29T13:23:28
68f2d95bd190740cfd6a2518,yahoo,PUBLISH ENQUEUED questions_in,2025-10-29T13:23:29
68f2d95bd190740cfd6a2131,yahoo,PUBLISH ENQUEUED questions_in,2025-10-29T13:23:29
68f2d95bd190740cfd6a26a1,yahoo,PUBLISH ENQUEUED questions_in,2025-10-29T13:23:30
68f2d95bd190740cfd6a21df,yahoo,PUBLISH ENQUEUED questions_in,2025-10-29T13:23:30
68f2d95bd190740cfd6a3f61,yahoo,PUBLISH ENQUEUED questions_in,2025-10-29T13:23:31
68f2d95bd190740cfd6a23be,yahoo,PUBLISH ENQUEUED questions_in,2025-10-29T13:23:31
68f2d95bd190740cfd6a1bb1,yahoo,PUBLISH ENQUEUED questions_in,2025-10-29T13:23:32
68f2d95bd190740cfd6a3ccc,yahoo,PUBLISH ENQUEUED questions_in,2025-10-29T13:23:32
68f2d95bd190740cfd6a3fa7,yahoo,PUBLISH ENQUEUED questions_in,2025-10-29T13:23:33
68f2d95bd190740cfd6a2c91,yahoo,PUBLISH ENQUEUED questions_in,2025-10-29T13:23:33
68f2d95bd190740cfd6a295c,yahoo,PUBLISH ENQUEUED questions_in,2025-10-29T13:23:35
68f2d95bd190740cfd6a1c02,yahoo,PUBLISH ENQUEUED questions_in,2025-10-29T13:23:36
68f2d95bd190740cfd6a2f52,yahoo,PUBLISH ENQUEUED questions_in,2025-10-29T13:23:36
68f2d95bd190740cfd6a3954,yahoo,PUBLISH ENQUEUED questions_in,2025-10-29T13:23:36
68f2d95bd190740cfd6a352e,yahoo,PUBLISH ENQUEUED questions_in,2025-10-29T13:23:36
68f2d95bd190740cfd6a3864,yahoo,PUBLISH ENQUEUED questions_in,2025-10-29T13:23:36
68f2d95bd190740cfd6a33c5,yahoo,PUBLISH ENQUEUED questions_in,2025-10-29T13:23:39
68f2d95bd190740cfd6a38e5,yahoo,PUBLISH ENQUEUED questions_in,2025-10-29T13:23:40
68f2d95bd190740cfd6a373f,yahoo,PUBLISH ENQUEUED questions_in,2025-10-29T13:23:40
68f2d95bd190740cfd6a4037,yahoo,PUBLISH ENQUEUED questions_in,2025-10-29T13:23:40
68f2d95bd190740cfd6a36f2,yahoo,PUBLISH ENQUEUED questions_in,2025-10-29T13:23:41
68f2d95bd190740cfd6a272c,yahoo,PUBLISH ENQUEUED questions_in,2025-10-29T13:23:44
68f2d95bd190740cfd6a34d4,yahoo,PUBLISH ENQUEUED questions_in,2025-10-29T13:23:44
68f2d95bd190740cfd6a241c,yahoo,PUBLISH ENQUEUED questions_in,2025-10-29T13:23:45
68f2d95bd190740cfd6a1dd0,yahoo,PUBLISH ENQUEUED questions_in,2025-10-29T13:23:45
68f2d95bd190740cfd6a2969,yahoo,PUBLISH ENQUEUED questions_in,2025-10-29T13:23:46
68f2d95bd190740cfd6a2563,yahoo,PUBLISH ENQUEUED questions_in,2025-10-29T13:23:47
68f2d95bd190740cfd6a2ba6,yahoo,PUBLISH ENQUEUED questions_in,2025-10-29T13:23:47
68f2d95bd190740cfd6a3fa8,yahoo,PUBLISH ENQUEUED questions_in,2025-10-29T13:23:47
68f2d95bd190740cfd6a367e,yahoo,PUBLISH ENQUEUED questions_in,2025-10-29T13:23:48
68f2d95bd190740cfd6a4097,yahoo,PUBLISH ENQUEUED questions_in,2025-10-29T13:23:48
68f2d95bd190740cfd6a2f2b,yahoo,PUBLISH ENQUEUED questions_in,2025-10-29T13:23:48
68f2d95bd190740cfd6a320c,yahoo,PUBLISH ENQUEUED questions_in,2025-10-29T13:23:49
68f2d95bd190740cfd6a3393,yahoo,PUBLISH ENQUEUED questions_in,2025-10-29T13:23:49
68f2d95bd190740cfd6a1e48,yahoo,PUBLISH ENQUEUED questions_in,2025-10-29T13:23:49
68f2d95bd190740cfd6a2c54,yahoo,PUBLISH ENQUEUED questions_in,2025-10-29T13:23:49
68f2d95bd190740cfd6a2bb9,yahoo,PUBLISH ENQUEUED questions_in,2025-10-29T13:23:50
68f2d95bd190740cfd6a3ecb,yahoo,PUBLISH ENQUEUED questions_in,2025-10-29T13:23:50
68f2d95bd190740cfd6a3469,yahoo,PUBLISH ENQUEUED questions_in,2025-10-29T13:23:51
68f2d95bd190740cfd6a22bd,yahoo,PUBLISH ENQUEUED questions_in,2025-10-29T13:23:52
68f2d95bd190740cfd6a22b2,yahoo,PUBLISH ENQUEUED questions_in,2025-10-29T13:23:53
68f2d95bd190740cfd6a28f4,yahoo,PUBLISH ENQUEUED questions_in,2025-10-29T13:23:54
68f2d95bd190740cfd6a1edb,yahoo,PUBLISH ENQUEUED questions_in,2025-10-29T13:23:54
68f2d95bd190740cfd6a20b6,yahoo,PUBLISH ENQUEUED questions_in,2025-10-29T13:23:54
68f2d95bd190740cfd6a1f4d,yahoo,PUBLISH ENQUEUED questions_in,2025-10-29T13:23:55
68f2d95bd190740cfd6a396c,yahoo,PUBLISH ENQUEUED questions_in,2025-10-29T13:23:55
68f2d95bd190740cfd6a3fd6,yahoo,PUBLISH ENQUEUED questions_in,2025-10-29T13:23:55
68f2d95bd190740cfd6a252e,yahoo,PUBLISH ENQUEUED questions_in,2025-10-29T13:23:55
68f2d95bd190740cfd6a29df,yahoo,PUBLISH ENQUEUED questions_in,2025-10-29T13:23:55
68f2d95bd190740cfd6a1bd3,yahoo,PUBLISH ENQUEUED questions_in,2025-10-29T13:23:55
68f2d95bd190740cfd6a1c7b,yahoo,PUBLISH ENQUEUED questions_in,2025-10-29T13:23:56
68f2d95bd190740cfd6a1fe5,yahoo,PUBLISH ENQUEUED questions_in,2025-10-29T13:23:56
68f2d95bd190740cfd6a3219,yahoo,PUBLISH ENQUEUED questions_in,2025-10-29T13:23:56
68f2d95bd190740cfd6a3e21,yahoo,PUBLISH ENQUEUED questions_in,2025-10-29T13:23:57
68f2d95bd190740cfd6a21e4,yahoo,PUBLISH ENQUEUED questions_in,2025-10-29T13:23:57
68f2d95bd190740cfd6a1f69,yahoo,PUBLISH ENQUEUED questions_in,2025-10-29T13:23:57
68f2d95bd190740cfd6a26fe,yahoo,PUBLISH ENQUEUED questions_in,2025-10-29T13:23:58
68f2d95bd190740cfd6a29f5,yahoo,PUBLISH ENQUEUED questions_in,2025-10-29T13:23:58
68f2d95bd190740cfd6a1b4b,yahoo,PUBLISH ENQUEUED questions_in,2025-10-29T13:23:59
68f2d95bd190740cfd6a2ed7,yahoo,PUBLISH ENQUEUED questions_in,2025-10-29T13:24:00
68f2d95bd190740cfd6a36e5,yahoo,PUBLISH ENQUEUED questions_in,2025-10-29T13:24:00
68f2d95bd190740cfd6a3fd4,yahoo,PUBLISH ENQUEUED questions_in,2025-10-29T13:24:02
68f2d95bd190740cfd6a3019,yahoo,PUBLISH ENQUEUED questions_in,2025-10-29T13:24:02
68f2d95bd190740cfd6a1f78,yahoo,PUBLISH ENQUEUED questions_in,2025-10-29T13:24:04
68f2d95bd190740cfd6a226d,yahoo,PUBLISH ENQUEUED questions_in,2025-10-29T13:24:04
68f2d95bd190740cfd6a1eac,yahoo,PUBLISH ENQUEUED questions_in,2025-10-29T13:24:05
68f2d95bd190740cfd6a24e0,yahoo,PUBLISH ENQUEUED questions_in,2025-10-29T13:24:05
68f2d95bd190740cfd6a307d,yahoo,PUBLISH ENQUEUED questions_in,2025-10-29T13:24:06
68f2d95bd190740cfd6a314f,yahoo,PUBLISH ENQUEUED questions_in,2025-10-29T13:24:07
68f2d95bd190740cfd6a3e48,yahoo,PUBLISH ENQUEUED questions_in,2025-10-29T13:24:08
68f2d95bd190740cfd6a3ef4,yahoo,PUBLISH ENQUEUED questions_in,2025-10-29T13:24:09
68f2d95bd190740cfd6a3738,yahoo,PUBLISH ENQUEUED questions_in,2025-10-29T13:24:10
68f2d95bd190740cfd6a3cb5,yahoo,PUBLISH ENQUEUED questions_in,2025-10-29T13:24:10
68f2d95bd190740cfd6a238e,yahoo,PUBLISH ENQUEUED questions_in,2025-10-29T13:24:11
68f2d95bd190740cfd6a22a8,yahoo,PUBLISH ENQUEUED questions_in,2025-10-29T13:24:11
68f2d95bd190740cfd6a23a3,yahoo,PUBLISH ENQUEUED questions_in,2025-10-29T13:24:11
68f2d95bd190740cfd6a2448,yahoo,PUBLISH ENQUEUED questions_in,2025-10-29T13:24:12
68f2d95bd190740cfd6a3765,yahoo,PUBLISH ENQUEUED questions_in,2025-10-29T13:24:13
68f2d95bd190740cfd6a2413,yahoo,PUBLISH ENQUEUED questions_in,2025-10-29T13:24:15
68f2d95bd190740cfd6a29b1,yahoo,PUBLISH ENQUEUED questions_in,2025-10-29T13:24:17
68f2d95bd190740cfd6a253b,yahoo,PUBLISH ENQUEUED questions_in,2025-10-29T13:24:17
68f2d95bd190740cfd6a2305,yahoo,PUBLISH ENQUEUED questions_in,2025-10-29T13:24:17
68f2d95bd190740cfd6a3fee,yahoo,PUBLISH ENQUEUED questions_in,2025-10-29T13:24:18
68f2d95bd190740cfd6a39c7,yahoo,PUBLISH ENQUEUED questions_in,2025-10-29T13:24:19
68f2d95bd190740cfd6a3dd2,yahoo,PUBLISH ENQUEUED questions_in,2025-10-29T13:24:19
68f2d95bd190740cfd6a29d0,yahoo,PUBLISH ENQUEUED questions_in,2025-10-29T13:24:21
68f2d95bd190740cfd6a1b44,yahoo,PUBLISH ENQUEUED questions_in,2025-10-29T13:24:23
68f2d95bd190740cfd6a39d3,yahoo,PUBLISH ENQUEUED questions_in,2025-10-29T13:24:25
68f2d95bd190740cfd6a21ed,yahoo,PUBLISH ENQUEUED questions_in,2025-10-29T13:24:26
68f2d95bd190740cfd6a30c7,yahoo,PUBLISH ENQUEUED questions_in,2025-10-29T13:24:27
68f2d95bd190740cfd6a40d3,yahoo,PUBLISH ENQUEUED questions_in,2025-10-29T13:24:27
68f2d95bd190740cfd6a2f6c,yahoo,PUBLISH ENQUEUED questions_in,2025-10-29T13:24:28
68f2d95bd190740cfd6a2303,yahoo,PUBLISH ENQUEUED questions_in,2025-10-29T13:24:29
68f2d95bd190740cfd6a3740,yahoo,PUBLISH ENQUEUED questions_in,2025-10-29T13:24:29
68f2d95bd190740cfd6a2de9,yahoo,PUBLISH ENQUEUED questions_in,2025-10-29T13:24:30
68f2d95bd190740cfd6a200b,yahoo,PUBLISH ENQUEUED questions_in,2025-10-29T13:24:30
68f2d95bd190740cfd6a1ef5,yahoo,PUBLISH ENQUEUED questions_in,2025-10-29T13:24:31
68f2d95bd190740cfd6a40d7,yahoo,PUBLISH ENQUEUED questions_in,2025-10-29T13:24:32
68f2d95bd190740cfd6a391f,yahoo,PUBLISH ENQUEUED questions_in,2025-10-29T13:24:33
68f2d95bd190740cfd6a3c17,yahoo,PUBLISH ENQUEUED questions_in,2025-10-29T13:24:33
68f2d95bd190740cfd6a3077,yahoo,PUBLISH ENQUEUED questions_in,2025-10-29T13:24:35
68f2d95bd190740cfd6a2fda,yahoo,PUBLISH ENQUEUED questions_in,2025-10-29T13:24:35
68f2d95bd190740cfd6a2c0a,yahoo,PUBLISH ENQUEUED questions_in,2025-10-29T13:24:36
68f2d95bd190740cfd6a3d87,yahoo,PUBLISH ENQUEUED questions_in,2025-10-29T13:24:36
68f2d95bd190740cfd6a2320,yahoo,PUBLISH ENQUEUED questions_in,2025-10-29T13:24:37
68f2d95bd190740cfd6a29f1,yahoo,PUBLISH ENQUEUED questions_in,2025-10-29T13:24:37
68f2d95bd190740cfd6a2fd0,yahoo,PUBLISH ENQUEUED questions_in,2025-10-29T13:24:38
68f2d95bd190740cfd6a3ff3,yahoo,PUBLISH ENQUEUED questions_in,2025-10-29T13:24:40
68f2d95bd190740cfd6a2022,yahoo,PUBLISH ENQUEUED questions_in,2025-10-29T13:24:40
68f2d95bd190740cfd6a40c5,yahoo,PUBLISH ENQUEUED questions_in,2025-10-29T13:24:42
68f2d95bd190740cfd6a3d48,yahoo,PUBLISH ENQUEUED questions_in,2025-10-29T13:24:43
68f2d95bd190740cfd6a1d64,yahoo,PUBLISH ENQUEUED questions_in,2025-10-29T13:24:43
68f2d95bd190740cfd6a228d,yahoo,PUBLISH ENQUEUED questions_in,2025-10-29T13:24:43
68f2d95bd190740cfd6a1e49,yahoo,PUBLISH ENQUEUED questions_in,2025-10-29T13:24:44
68f2d95bd190740cfd6a264e,yahoo,PUBLISH ENQUEUED questions_in,2025-10-29T13:24:44
68f2d95bd190740cfd6a38bc,yahoo,PUBLISH ENQUEUED questions_in,2025-10-29T13:24:45
68f2d95bd190740cfd6a37da,yahoo,PUBLISH ENQUEUED questions_in,2025-10-29T13:24:46
68f2d95bd190740cfd6a3615,yahoo,PUBLISH ENQUEUED questions_in,2025-10-29T13:24:46
68f2d95bd190740cfd6a321d,yahoo,PUBLISH ENQUEUED questions_in,2025-10-29T13:24:47
68f2d95bd190740cfd6a2bd5,yahoo,PUBLISH ENQUEUED questions_in,2025-10-29T13:24:47
68f2d95bd190740cfd6a33d8,yahoo,PUBLISH ENQUEUED questions_in,2025-10-29T13:24:48
68f2d95bd190740cfd6a26be,yahoo,PUBLISH ENQUEUED questions_in,2025-10-29T13:24:49
68f2d95bd190740cfd6a28d8,yahoo,PUBLISH ENQUEUED questions_in,2025-10-29T13:24:49
68f2d95bd190740cfd6a33a5,yahoo,PUBLISH ENQUEUED questions_in,2025-10-29T13:24:49
68f2d95bd190740cfd6a2652,yahoo,PUBLISH ENQUEUED questions_in,2025-10-29T13:24:51
68f2d95bd190740cfd6a1d20,yahoo,PUBLISH ENQUEUED questions_in,2025-10-29T13:24:51
68f2d95bd190740cfd6a3f62,yahoo,PUBLISH ENQUEUED questions_in,2025-10-29T13:24:52
68f2d95bd190740cfd6a399e,yahoo,PUBLISH ENQUEUED questions_in,2025-10-29T13:24:52
68f2d95bd190740cfd6a330c,yahoo,PUBLISH ENQUEUED questions_in,2025-10-29T13:24:53
68f2d95bd190740cfd6a1e72,yahoo,PUBLISH ENQUEUED questions_in,2025-10-29T13:24:53
68f2d95bd190740cfd6a1fe8,yahoo,PUBLISH ENQUEUED questions_in,2025-10-29T13:24:54
68f2d95bd190740cfd6a2c63,yahoo,PUBLISH ENQUEUED questions_in,2025-10-29T13:24:54
68f2d95bd190740cfd6a40c7,yahoo,PUBLISH ENQUEUED questions_in,2025-10-29T13:24:56
68f2d95bd190740cfd6a34b0,yahoo,PUBLISH ENQUEUED questions_in,2025-10-29T13:24:56
68f2d95bd190740cfd6a4177,yahoo,PUBLISH ENQUEUED questions_in,2025-10-29T13:24:56
68f2d95bd190740cfd6a20d5,yahoo,PUBLISH ENQUEUED questions_in,2025-10-29T13:24:59
68f2d95bd190740cfd6a3a1b,yahoo,PUBLISH ENQUEUED questions_in,2025-10-29T13:24:59
68f2d95bd190740cfd6a271e,yahoo,PUBLISH ENQUEUED questions_in,2025-10-29T13:25:00
68f2d95bd190740cfd6a2db5,yahoo,PUBLISH ENQUEUED questions_in,2025-10-29T13:25:01
68f2d95bd190740cfd6a2133,yahoo,PUBLISH ENQUEUED questions_in,2025-10-29T13:25:01
68f2d95bd190740cfd6a2aab,yahoo,PUBLISH ENQUEUED questions_in,2025-10-29T13:25:02
68f2d95bd190740cfd6a29ed,yahoo,PUBLISH ENQUEUED questions_in,2025-10-29T13:25:02
68f2d95bd190740cfd6a32c7,yahoo,PUBLISH ENQUEUED questions_in,2025-10-29T13:25:02
68f2d95bd190740cfd6a2aec,yahoo,PUBLISH ENQUEUED questions_in,2025-10-29T13:25:03
68f2d95bd190740cfd6a27fe,yahoo,PUBLISH ENQUEUED questions_in,2025-10-29T13:25:03
68f2d95bd190740cfd6a36e5,yahoo,PUBLISH ENQUEUED questions_in,2025-10-29T13:25:03
68f2d95bd190740cfd6a28b7,yahoo,PUBLISH ENQUEUED questions_in,2025-10-29T13:25:03
68f2d95bd190740cfd6a3981,yahoo,PUBLISH ENQUEUED questions_in,2025-10-29T13:25:04
68f2d95bd190740cfd6a3115,yahoo,PUBLISH ENQUEUED questions_in,2025-10-29T13:25:04
68f2d95bd190740cfd6a1de2,yahoo,PUBLISH ENQUEUED questions_in,2025-10-29T13:25:04
68f2d95bd190740cfd6a20be,yahoo,PUBLISH ENQUEUED questions_in,2025-10-29T13:25:04
68f2d95bd190740cfd6a26b6,yahoo,PUBLISH ENQUEUED questions_in,2025-10-29T13:25:04
68f2d95bd190740cfd6a3ebb,yahoo,PUBLISH ENQUEUED questions_in,2025-10-29T13:25:04
68f2d95bd190740cfd6a36ce,yahoo,PUBLISH ENQUEUED questions_in,2025-10-29T13:25:05
68f2d95bd190740cfd6a2a88,yahoo,PUBLISH ENQUEUED questions_in,2025-10-29T13:25:05
68f2d95bd190740cfd6a31c8,yahoo,PUBLISH ENQUEUED questions_in,2025-10-29T13:25:06
68f2d95bd190740cfd6a20c1,yahoo,PUBLISH ENQUEUED questions_in,2025-10-29T13:25:06
68f2d95bd190740cfd6a28e2,yahoo,PUBLISH ENQUEUED questions_in,2025-10-29T13:25:06
68f2d95bd190740cfd6a406a,yahoo,PUBLISH ENQUEUED questions_in,2025-10-29T13:25:06
68f2d95bd190740cfd6a38c5,yahoo,PUBLISH ENQUEUED questions_in,2025-10-29T13:25:06
68f2d95bd190740cfd6a40ba,yahoo,PUBLISH ENQUEUED questions_in,2025-10-29T13:25:07
68f2d95bd190740cfd6a31fe,yahoo,PUBLISH ENQUEUED questions_in,2025-10-29T13:25:07
68f2d95bd190740cfd6a3144,yahoo,PUBLISH ENQUEUED questions_in,2025-10-29T13:25:08
68f2d95bd190740cfd6a364e,yahoo,PUBLISH ENQUEUED questions_in,2025-10-29T13:25:09
68f2d95bd190740cfd6a34fe,yahoo,PUBLISH ENQUEUED questions_in,2025-10-29T13:25:09
68f2d95bd190740cfd6a3df4,yahoo,PUBLISH ENQUEUED questions_in,2025-10-29T13:25:10
68f2d95bd190740cfd6a2e95,yahoo,PUBLISH ENQUEUED questions_in,2025-10-29T13:25:10
68f2d95bd190740cfd6a32f7,yahoo,PUBLISH ENQUEUED questions_in,2025-10-29T13:25:11
68f2d95bd190740cfd6a1dc5,yahoo,PUBLISH ENQUEUED questions_in,2025-10-29T13:25:11
68f2d95bd190740cfd6a2432,yahoo,PUBLISH ENQUEUED questions_in,2025-10-29T13:25:13
68f2d95bd190740cfd6a3327,yahoo,PUBLISH ENQUEUED questions_in,2025-10-29T13:25:13
68f2d95bd190740cfd6a39a4,yahoo,PUBLISH ENQUEUED questions_in,2025-10-29T13:25:14
68f2d95bd190740cfd6a30ee,yahoo,PUBLISH ENQUEUED questions_in,2025-10-29T13:25:15
68f2d95bd190740cfd6a37de,yahoo,PUBLISH ENQUEUED questions_in,2025-10-29T13:25:16
68f2d95bd190740cfd6a3365,yahoo,PUBLISH ENQUEUED questions_in,2025-10-29T13:25:16
68f2d95bd190740cfd6a2792,yahoo,PUBLISH ENQUEUED questions_in,2025-10-29T13:25:17
68f2d95bd190740cfd6a2427,yahoo,PUBLISH ENQUEUED questions_in,2025-10-29T13:25:17
68f2d95bd190740cfd6a35b8,yahoo,PUBLISH ENQUEUED questions_in,2025-10-29T13:25:18
68f2d95bd190740cfd6a353f,yahoo,PUBLISH ENQUEUED questions_in,2025-10-29T13:25:19
68f2d95bd190740cfd6a2964,yahoo,PUBLISH ENQUEUED questions_in,2025-10-29T13:25:19
68f2d95bd190740cfd6a2e7c,yahoo,PUBLISH ENQUEUED questions_in,2025-10-29T13:25:20
68f2d95bd190740cfd6a3d09,yahoo,PUBLISH ENQUEUED questions_in,2025-10-29T13:25:20
68f2d95bd190740cfd6a1d84,yahoo,PUBLISH ENQUEUED questions_in,2025-10-29T13:25:20
68f2d95bd190740cfd6a3558,yahoo,PUBLISH ENQUEUED questions_in,2025-10-29T13:25:20
68f2d95bd190740cfd6a276c,yahoo,PUBLISH ENQUEUED questions_in,2025-10-29T13:25:22
68f2d95bd190740cfd6a2b47,yahoo,PUBLISH ENQUEUED questions_in,2025-10-29T13:25:22
68f2d95bd190740cfd6a3592,yahoo,PUBLISH ENQUEUED questions_in,2025-10-29T13:25:23
68f2d95bd190740cfd6a3992,yahoo,PUBLISH ENQUEUED questions_in,2025-10-29T13:25:25
68f2d95bd190740cfd6a29ed,yahoo,PUBLISH ENQUEUED questions_in,2025-10-29T13:25:26
68f2d95bd190740cfd6a1ec7,yahoo,PUBLISH ENQUEUED questions_in,2025-10-29T13:25:27
68f2d95bd190740cfd6a1d6c,yahoo,PUBLISH ENQUEUED questions_in,2025-10-29T13:25:27
68f2d95bd190740cfd6a3ff4,yahoo,PUBLISH ENQUEUED questions_in,2025-10-29T13:25:28
68f2d95bd190740cfd6a3fbd,yahoo,PUBLISH ENQUEUED questions_in,2025-10-29T13:25:28
68f2d95bd190740cfd6a239d,yahoo,PUBLISH ENQUEUED questions_in,2025-10-29T13:25:28
68f2d95bd190740cfd6a2da7,yahoo,PUBLISH ENQUEUED questions_in,2025-10-29T13:25:28
68f2d95bd190740cfd6a2d2a,yahoo,PUBLISH ENQUEUED questions_in,2025-10-29T13:25:30
68f2d95bd190740cfd6a3a3d,yahoo,PUBLISH ENQUEUED questions_in,2025-10-29T13:25:31
68f2d95bd190740cfd6a3838,yahoo,PUBLISH ENQUEUED questions_in,2025-10-29T13:25:32
68f2d95bd190740cfd6a2917,yahoo,PUBLISH ENQUEUED questions_in,2025-10-29T13:25:32
68f2d95bd190740cfd6a2810,yahoo,PUBLISH ENQUEUED questions_in,2025-10-29T13:25:33
68f2d95bd190740cfd6a3832,yahoo,PUBLISH ENQUEUED questions_in,2025-10-29T13:25:33
68f2d95bd190740cfd6a2e5c,yahoo,PUBLISH ENQUEUED questions_in,2025-10-29T13:25:34
68f2d95bd190740cfd6a2c00,yahoo,PUBLISH ENQUEUED questions_in,2025-10-29T13:25:34
68f2d95bd190740cfd6a1ff7,yahoo,PUBLISH ENQUEUED questions_in,2025-10-29T13:25:34
68f2d95bd190740cfd6a3696,yahoo,PUBLISH ENQUEUED questions_in,2025-10-29T13:25:34
68f2d95bd190740cfd6a363a,yahoo,PUBLISH ENQUEUED questions_in,2025-10-29T13:25:34
68f2d95bd190740cfd6a3987,yahoo,PUBLISH ENQUEUED questions_in,2025-10-29T13:25:34
68f2d95bd190740cfd6a274b,yahoo,PUBLISH ENQUEUED questions_in,2025-10-29T13:25:37
68f2d95bd190740cfd6a1b85,yahoo,PUBLISH ENQUEUED questions_in,2025-10-29T13:25:38
68f2d95bd190740cfd6a1cf1,yahoo,PUBLISH ENQUEUED questions_in,2025-10-29T13:25:38
68f2d95bd190740cfd6a1c94,yahoo,PUBLISH ENQUEUED questions_in,2025-10-29T13:25:38
68f2d95bd190740cfd6a3e98,yahoo,PUBLISH ENQUEUED questions_in,2025-10-29T13:25:38
68f2d95bd190740cfd6a1c2a,yahoo,PUBLISH ENQUEUED questions_in,2025-10-29T13:25:40
68f2d95bd190740cfd6a37bb,yahoo,PUBLISH ENQUEUED questions_in,2025-10-29T13:25:41
68f2d95bd190740cfd6a252e,yahoo,PUBLISH ENQUEUED questions_in,2025-10-29T13:25:43
68f2d95bd190740cfd6a3e83,yahoo,PUBLISH ENQUEUED questions_in,2025-10-29T13:25:43
68f2d95bd190740cfd6a3e42,yahoo,PUBLISH ENQUEUED questions_in,2025-10-29T13:25:43
68f2d95bd190740cfd6a2340,yahoo,PUBLISH ENQUEUED questions_in,2025-10-29T13:25:44
68f2d95bd190740cfd6a2112,yahoo,PUBLISH ENQUEUED questions_in,2025-10-29T13:25:44
68f2d95bd190740cfd6a2842,yahoo,PUBLISH ENQUEUED questions_in,2025-10-29T13:25:46
68f2d95bd190740cfd6a245c,yahoo,PUBLISH ENQUEUED questions_in,2025-10-29T13:25:48
68f2d95bd190740cfd6a1bea,yahoo,PUBLISH ENQUEUED questions_in,2025-10-29T13:25:50
68f2d95bd190740cfd6a41d3,yahoo,PUBLISH ENQUEUED questions_in,2025-10-29T13:25:50
68f2d95bd190740cfd6a2468,yahoo,PUBLISH ENQUEUED questions_in,2025-10-29T13:25:50
68f2d95bd190740cfd6a21e3,yahoo,PUBLISH ENQUEUED questions_in,2025-10-29T13:25:51
68f2d95bd190740cfd6a39b3,yahoo,PUBLISH ENQUEUED questions_in,2025-10-29T13:25:51
68f2d95bd190740cfd6a30f9,yahoo,PUBLISH ENQUEUED questions_in,2025-10-29T13:25:51
68f2d95bd190740cfd6a23ba,yahoo,PUBLISH ENQUEUED questions_in,2025-10-29T13:25:51
68f2d95bd190740cfd6a1c44,yahoo,PUBLISH ENQUEUED questions_in,2025-10-29T13:25:52
68f2d95bd190740cfd6a2de1,yahoo,PUBLISH ENQUEUED questions_in,2025-10-29T13:25:52
68f2d95bd190740cfd6a3bb1,yahoo,PUBLISH ENQUEUED questions_in,2025-10-29T13:25:52
68f2d95bd190740cfd6a1b27,yahoo,PUBLISH ENQUEUED questions_in,2025-10-29T13:25:53
68f2d95bd190740cfd6a38ba,yahoo,PUBLISH ENQUEUED questions_in,2025-10-29T13:25:54
68f2d95bd190740cfd6a3eee,yahoo,PUBLISH ENQUEUED questions_in,2025-10-29T13:25:55
68f2d95bd190740cfd6a3ff0,yahoo,PUBLISH ENQUEUED questions_in,2025-10-29T13:25:56
68f2d95bd190740cfd6a3fea,yahoo,PUBLISH ENQUEUED questions_in,2025-10-29T13:25:56
68f2d95bd190740cfd6a1cf6,yahoo,PUBLISH ENQUEUED questions_in,2025-10-29T13:25:56
68f2d95bd190740cfd6a3c96,yahoo,PUBLISH ENQUEUED questions_in,2025-10-29T13:25:56
68f2d95bd190740cfd6a3a64,yahoo,PUBLISH ENQUEUED questions_in,2025-10-29T13:25:56
68f2d95bd190740cfd6a1d87,yahoo,PUBLISH ENQUEUED questions_in,2025-10-29T13:25:57
68f2d95bd190740cfd6a2f11,yahoo,PUBLISH ENQUEUED questions_in,2025-10-29T13:25:57
68f2d95bd190740cfd6a3717,yahoo,PUBLISH ENQUEUED questions_in,2025-10-29T13:25:57
68f2d95bd190740cfd6a3791,yahoo,PUBLISH ENQUEUED questions_in,2025-10-29T13:25:58
68f2d95bd190740cfd6a3e91,yahoo,PUBLISH ENQUEUED questions_in,2025-10-29T13:25:58
68f2d95bd190740cfd6a34ca,yahoo,PUBLISH ENQUEUED questions_in,2025-10-29T13:25:58
68f2d95bd190740cfd6a1cc5,yahoo,PUBLISH ENQUEUED questions_in,2025-10-29T13:25:59
68f2d95bd190740cfd6a2819,yahoo,PUBLISH ENQUEUED questions_in,2025-10-29T13:25:59
68f2d95bd190740cfd6a3d39,yahoo,PUBLISH ENQUEUED questions_in,2025-10-29T13:26:00
68f2d95bd190740cfd6a1ff6,yahoo,PUBLISH ENQUEUED questions_in,2025-10-29T13:26:00
68f2d95bd190740cfd6a248f,yahoo,PUBLISH ENQUEUED questions_in,2025-10-29T13:26:01
68f2d95bd190740cfd6a2cd8,yahoo,PUBLISH ENQUEUED questions_in,2025-10-29T13:26:01
68f2d95bd190740cfd6a3fbb,yahoo,PUBLISH ENQUEUED questions_in,2025-10-29T13:26:01
68f2d95bd190740cfd6a2e0c,yahoo,PUBLISH ENQUEUED questions_in,2025-10-29T13:26:01
68f2d95bd190740cfd6a3a13,yahoo,PUBLISH ENQUEUED questions_in,2025-10-29T13:26:02
68f2d95bd190740cfd6a23bf,yahoo,PUBLISH ENQUEUED questions_in,2025-10-29T13:26:03
68f2d95bd190740cfd6a3525,yahoo,PUBLISH ENQUEUED questions_in,2025-10-29T13:26:03
68f2d95bd190740cfd6a3b4c,yahoo,PUBLISH ENQUEUED questions_in,2025-10-29T13:26:04
68f2d95bd190740cfd6a1fa9,yahoo,PUBLISH ENQUEUED questions_in,2025-10-29T13:26:04
68f2d95bd190740cfd6a2a95,yahoo,PUBLISH ENQUEUED questions_in,2025-10-29T13:26:05
68f2d95bd190740cfd6a252a,yahoo,PUBLISH ENQUEUED questions_in,2025-10-29T13:26:05
68f2d95bd190740cfd6a2367,yahoo,PUBLISH ENQUEUED questions_in,2025-10-29T13:26:06
68f2d95bd190740cfd6a1b2e,yahoo,PUBLISH ENQUEUED questions_in,2025-10-29T13:26:08
68f2d95bd190740cfd6a25b8,yahoo,PUBLISH ENQUEUED questions_in,2025-10-29T13:26:09
68f2d95bd190740cfd6a2961,yahoo,PUBLISH ENQUEUED questions_in,2025-10-29T13:26:10
68f2d95bd190740cfd6a32d7,yahoo,PUBLISH ENQUEUED questions_in,2025-10-29T13:26:11
68f2d95bd190740cfd6a1d3e,yahoo,PUBLISH ENQUEUED questions_in,2025-10-29T13:26:11
68f2d95bd190740cfd6a2dd5,yahoo,PUBLISH ENQUEUED questions_in,2025-10-29T13:26:11
68f2d95bd190740cfd6a4090,yahoo,PUBLISH ENQUEUED questions_in,2025-10-29T13:26:12
68f2d95bd190740cfd6a3262,yahoo,PUBLISH ENQUEUED questions_in,2025-10-29T13:26:12
68f2d95bd190740cfd6a37f8,yahoo,PUBLISH ENQUEUED questions_in,2025-10-29T13:26:12
68f2d95bd190740cfd6a2d33,yahoo,PUBLISH ENQUEUED questions_in,2025-10-29T13:26:14
68f2d95bd190740cfd6a3a06,yahoo,PUBLISH ENQUEUED questions_in,2025-10-29T13:26:16
68f2d95bd190740cfd6a3387,yahoo,PUBLISH ENQUEUED questions_in,2025-10-29T13:26:17
68f2d95bd190740cfd6a286b,yahoo,PUBLISH ENQUEUED questions_in,2025-10-29T13:26:18
68f2d95bd190740cfd6a2c61,yahoo,PUBLISH ENQUEUED questions_in,2025-10-29T13:26:18
68f2d95bd190740cfd6a3192,yahoo,PUBLISH ENQUEUED questions_in,2025-10-29T13:26:19
68f2d95bd190740cfd6a2e44,yahoo,PUBLISH ENQUEUED questions_in,2025-10-29T13:26:20
68f2d95bd190740cfd6a2b94,yahoo,PUBLISH ENQUEUED questions_in,2025-10-29T13:26:20
68f2d95bd190740cfd6a329a,yahoo,PUBLISH ENQUEUED questions_in,2025-10-29T13:26:20
68f2d95bd190740cfd6a3d34,yahoo,PUBLISH ENQUEUED questions_in,2025-10-29T13:26:20
68f2d95bd190740cfd6a2934,yahoo,PUBLISH ENQUEUED questions_in,2025-10-29T13:26:21
68f2d95bd190740cfd6a34e1,yahoo,PUBLISH ENQUEUED questions_in,2025-10-29T13:26:21
68f2d95bd190740cfd6a310c,yahoo,PUBLISH ENQUEUED questions_in,2025-10-29T13:26:23
68f2d95bd190740cfd6a30f1,yahoo,PUBLISH ENQUEUED questions_in,2025-10-29T13:26:24
68f2d95bd190740cfd6a3e73,yahoo,PUBLISH ENQUEUED questions_in,2025-10-29T13:26:24
68f2d95bd190740cfd6a31d5,yahoo,PUBLISH ENQUEUED questions_in,2025-10-29T13:26:24
68f2d95bd190740cfd6a3ff8,yahoo,PUBLISH ENQUEUED questions_in,2025-10-29T13:26:25
68f2d95bd190740cfd6a1fe2,yahoo,PUBLISH ENQUEUED questions_in,2025-10-29T13:26:25
68f2d95bd190740cfd6a1be5,yahoo,PUBLISH ENQUEUED questions_in,2025-10-29T13:26:26
68f2d95bd190740cfd6a2d52,yahoo,PUBLISH ENQUEUED questions_in,2025-10-29T13:26:27
68f2d95bd190740cfd6a1e61,yahoo,PUBLISH ENQUEUED questions_in,2025-10-29T13:26:27
68f2d95bd190740cfd6a3467,yahoo,PUBLISH ENQUEUED questions_in,2025-10-29T13:26:29
68f2d95bd190740cfd6a2d2b,yahoo,PUBLISH ENQUEUED questions_in,2025-10-29T13:26:30
68f2d95bd190740cfd6a3214,yahoo,PUBLISH ENQUEUED questions_in,2025-10-29T13:26:30
68f2d95bd190740cfd6a3da3,yahoo,PUBLISH ENQUEUED questions_in,2025-10-29T13:26:30
68f2d95bd190740cfd6a415c,yahoo,PUBLISH ENQUEUED questions_in,2025-10-29T13:26:31
68f2d95bd190740cfd6a27da,yahoo,PUBLISH ENQUEUED questions_in,2025-10-29T13:26:31
68f2d95bd190740cfd6a3bcf,yahoo,PUBLISH ENQUEUED questions_in,2025-10-29T13:26:32
68f2d95bd190740cfd6a275c,yahoo,PUBLISH ENQUEUED questions_in,2025-10-29T13:26:34
68f2d95bd190740cfd6a3c79,yahoo,PUBLISH ENQUEUED questions_in,2025-10-29T13:26:35
68f2d95bd190740cfd6a34b6,yahoo,PUBLISH ENQUEUED questions_in,2025-10-29T13:26:36
68f2d95bd190740cfd6a1c55,yahoo,PUBLISH ENQUEUED questions_in,2025-10-29T13:26:37
68f2d95bd190740cfd6a1c84,yahoo,PUBLISH ENQUEUED questions_in,2025-10-29T13:26:37
68f2d95bd190740cfd6a3a5b,yahoo,PUBLISH ENQUEUED questions_in,2025-10-29T13:26:38
68f2d95bd190740cfd6a40f9,yahoo,PUBLISH ENQUEUED questions_in,2025-10-29T13:26:39
68f2d95bd190740cfd6a1d06,yahoo,PUBLISH ENQUEUED questions_in,2025-10-29T13:26:40
68f2d95bd190740cfd6a2a80,yahoo,PUBLISH ENQUEUED questions_in,2025-10-29T13:26:43
68f2d95bd190740cfd6a30a1,yahoo,PUBLISH ENQUEUED questions_in,2025-10-29T13:26:44
68f2d95bd190740cfd6a1fc8,yahoo,PUBLISH ENQUEUED questions_in,2025-10-29T13:26:44
68f2d95bd190740cfd6a27bb,yahoo,PUBLISH ENQUEUED questions_in,2025-10-29T13:26:44
68f2d95bd190740cfd6a2c15,yahoo,PUBLISH ENQUEUED questions_in,2025-10-29T13:26:44
68f2d95bd190740cfd6a3ff5,yahoo,PUBLISH ENQUEUED questions_in,2025-10-29T13:26:45
68f2d95bd190740cfd6a1b4a,yahoo,PUBLISH ENQUEUED questions_in,2025-10-29T13:26:45
68f2d95bd190740cfd6a2fb1,yahoo,PUBLISH ENQUEUED questions_in,2025-10-29T13:26:46
68f2d95bd190740cfd6a36e0,yahoo,PUBLISH ENQUEUED questions_in,2025-10-29T13:26:47
68f2d95bd190740cfd6a399c,yahoo,PUBLISH ENQUEUED questions_in,2025-10-29T13:26:48
68f2d95bd190740cfd6a3f40,yahoo,PUBLISH ENQUEUED questions_in,2025-10-29T13:26:48
68f2d95bd190740cfd6a1e14,yahoo,PUBLISH ENQUEUED questions_in,2025-10-29T13:26:49
68f2d95bd190740cfd6a2c5d,yahoo,PUBLISH ENQUEUED questions_in,2025-10-29T13:26:49
68f2d95bd190740cfd6a1dd4,yahoo,PUBLISH ENQUEUED questions_in,2025-10-29T13:26:50
68f2d95bd190740cfd6a3f9f,yahoo,PUBLISH ENQUEUED questions_in,2025-10-29T13:26:50
68f2d95bd190740cfd6a2f8d,yahoo,PUBLISH ENQUEUED questions_in,2025-10-29T13:26:52
68f2d95bd190740cfd6a417c,yahoo,PUBLISH ENQUEUED questions_in,2025-10-29T13:26:54
68f2d95bd190740cfd6a3dfc,yahoo,PUBLISH ENQUEUED questions_in,2025-10-29T13:26:55
68f2d95bd190740cfd6a3b82,yahoo,PUBLISH ENQUEUED questions_in,2025-10-29T13:26:56
68f2d95bd190740cfd6a3a19,yahoo,PUBLISH ENQUEUED questions_in,2025-10-29T13:26:56
68f2d95bd190740cfd6a3c97,yahoo,PUBLISH ENQUEUED questions_in,2025-10-29T13:26:57
68f2d95bd190740cfd6a236b,yahoo,PUBLISH ENQUEUED questions_in,2025-10-29T13:26:57
68f2d95bd190740cfd6a228b,yahoo,PUBLISH ENQUEUED questions_in,2025-10-29T13:27:01
68f2d95bd190740cfd6a335a,yahoo,PUBLISH ENQUEUED questions_in,2025-10-29T13:27:01
68f2d95bd190740cfd6a2340,yahoo,PUBLISH ENQUEUED questions_in,2025-10-29T13:27:01
68f2d95bd190740cfd6a26a7,yahoo,PUBLISH ENQUEUED questions_in,2025-10-29T13:27:02
68f2d95bd190740cfd6a1f8f,yahoo,PUBLISH ENQUEUED questions_in,2025-10-29T13:27:03
68f2d95bd190740cfd6a21b2,yahoo,PUBLISH ENQUEUED questions_in,2025-10-29T13:27:04
68f2d95bd190740cfd6a1c5f,yahoo,PUBLISH ENQUEUED questions_in,2025-10-29T13:27:04
68f2d95bd190740cfd6a39b7,yahoo,PUBLISH ENQUEUED questions_in,2025-10-29T13:27:04
68f2d95bd190740cfd6a2a67,yahoo,PUBLISH ENQUEUED questions_in,2025-10-29T13:27:04
68f2d95bd190740cfd6a2279,yahoo,PUBLISH ENQUEUED questions_in,2025-10-29T13:27:04
68f2d95bd190740cfd6a2b9c,yahoo,PUBLISH ENQUEUED questions_in,2025-10-29T13:27:05
68f2d95bd190740cfd6a3045,yahoo,PUBLISH ENQUEUED questions_in,2025-10-29T13:27:06
68f2d95bd190740cfd6a2f0c,yahoo,PUBLISH ENQUEUED questions_in,2025-10-29T13:27:06
68f2d95bd190740cfd6a1da5,yahoo,PUBLISH ENQUEUED questions_in,2025-10-29T13:27:08
68f2d95bd190740cfd6a1d73,yahoo,PUBLISH ENQUEUED questions_in,2025-10-29T13:27:08
68f2d95bd190740cfd6a2baf,yahoo,PUBLISH ENQUEUED questions_in,2025-10-29T13:27:09
68f2d95bd190740cfd6a218a,yahoo,PUBLISH ENQUEUED questions_in,2025-10-29T13:27:10
68f2d95bd190740cfd6a1bdb,yahoo,PUBLISH ENQUEUED questions_in,2025-10-29T13:27:10
68f2d95bd190740cfd6a3dec,yahoo,PUBLISH ENQUEUED questions_in,2025-10-29T13:27:11
68f2d95bd190740cfd6a397f,yahoo,PUBLISH ENQUEUED questions_in,2025-10-29T13:27:12
68f2d95bd190740cfd6a2455,yahoo,PUBLISH ENQUEUED questions_in,2025-10-29T13:27:13
68f2d95bd190740cfd6a3498,yahoo,PUBLISH ENQUEUED questions_in,2025-10-29T13:27:15
68f2d95bd190740cfd6a2988,yahoo,PUBLISH ENQUEUED questions_in,2025-10-29T13:27:16
68f2d95bd190740cfd6a3594,yahoo,PUBLISH ENQUEUED questions_in,2025-10-29T13:27:16
68f2d95bd190740cfd6a2120,yahoo,PUBLISH ENQUEUED questions_in,2025-10-29T13:27:17
68f2d95bd190740cfd6a41d0,yahoo,PUBLISH ENQUEUED questions_in,2025-10-29T13:27:17
68f2d95bd190740cfd6a2b71,yahoo,PUBLISH ENQUEUED questions_in,2025-10-29T13:27:17
68f2d95bd190740cfd6a34b6,yahoo,PUBLISH ENQUEUED questions_in,2025-10-29T13:27:18
68f2d95bd190740cfd6a38a1,yahoo,PUBLISH ENQUEUED questions_in,2025-10-29T13:27:19
68f2d95bd190740cfd6a34ae,yahoo,PUBLISH ENQUEUED questions_in,2025-10-29T13:27:20
68f2d95bd190740cfd6a1e82,yahoo,PUBLISH ENQUEUED questions_in,2025-10-29T13:27:20
68f2d95bd190740cfd6a3ed3,yahoo,PUBLISH ENQUEUED questions_in,2025-10-29T13:27:20
68f2d95bd190740cfd6a278f,yahoo,PUBLISH ENQUEUED questions_in,2025-10-29T13:27:21
68f2d95bd190740cfd6a3f39,yahoo,PUBLISH ENQUEUED questions_in,2025-10-29T13:27:22
68f2d95bd190740cfd6a2a04,yahoo,PUBLISH ENQUEUED questions_in,2025-10-29T13:27:22
68f2d95bd190740cfd6a250d,yahoo,PUBLISH ENQUEUED questions_in,2025-10-29T13:27:22
68f2d95bd190740cfd6a26f3,yahoo,PUBLISH ENQUEUED questions_in,2025-10-29T13:27:22
68f2d95bd190740cfd6a24e3,yahoo,PUBLISH ENQUEUED questions_in,2025-10-29T13:27:24
68f2d95bd190740cfd6a3b5e,yahoo,PUBLISH ENQUEUED questions_in,2025-10-29T13:27:25
68f2d95bd190740cfd6a2aa1,yahoo,PUBLISH ENQUEUED questions_in,2025-10-29T13:27:25
68f2d95bd190740cfd6a1bd6,yahoo,PUBLISH ENQUEUED questions_in,2025-10-29T13:27:26
68f2d95bd190740cfd6a2d00,yahoo,PUBLISH ENQUEUED questions_in,2025-10-29T13:27:26
68f2d95bd190740cfd6a40e5,yahoo,PUBLISH ENQUEUED questions_in,2025-10-29T13:27:27
68f2d95bd190740cfd6a1d6e,yahoo,PUBLISH ENQUEUED questions_in,2025-10-29T13:27:28
68f2d95bd190740cfd6a30bd,yahoo,PUBLISH ENQUEUED questions_in,2025-10-29T13:27:28
68f2d95bd190740cfd6a34c1,yahoo,PUBLISH ENQUEUED questions_in,2025-10-29T13:27:28
68f2d95bd190740cfd6a29a9,yahoo,PUBLISH ENQUEUED questions_in,2025-10-29T13:27:29
68f2d95bd190740cfd6a21e4,yahoo,PUBLISH ENQUEUED questions_in,2025-10-29T13:27:30
68f2d95bd190740cfd6a25e2,yahoo,PUBLISH ENQUEUED questions_in,2025-10-29T13:27:30
68f2d95bd190740cfd6a3c46,yahoo,PUBLISH ENQUEUED questions_in,2025-10-29T13:27:30
68f2d95bd190740cfd6a3f2b,yahoo,PUBLISH ENQUEUED questions_in,2025-10-29T13:27:31
68f2d95bd190740cfd6a227c,yahoo,PUBLISH ENQUEUED questions_in,2025-10-29T13:27:31
68f2d95bd190740cfd6a1d07,yahoo,PUBLISH ENQUEUED questions_in,2025-10-29T13:27:31
68f2d95bd190740cfd6a30d7,yahoo,PUBLISH ENQUEUED questions_in,2025-10-29T13:27:32
68f2d95bd190740cfd6a1bb7,yahoo,PUBLISH ENQUEUED questions_in,2025-10-29T13:27:34
68f2d95bd190740cfd6a1c4e,yahoo,PUBLISH ENQUEUED questions_in,2025-10-29T13:27:34
68f2d95bd190740cfd6a36f0,yahoo,PUBLISH ENQUEUED questions_in,2025-10-29T13:27:34
68f2d95bd190740cfd6a34e4,yahoo,PUBLISH ENQUEUED questions_in,2025-10-29T13:27:35
68f2d95bd190740cfd6a2d57,yahoo,PUBLISH ENQUEUED questions_in,2025-10-29T13:27:37
68f2d95bd190740cfd6a276f,yahoo,PUBLISH ENQUEUED questions_in,2025-10-29T13:27:38
68f2d95bd190740cfd6a3854,yahoo,PUBLISH ENQUEUED questions_in,2025-10-29T13:27:38
68f2d95bd190740cfd6a2e59,yahoo,PUBLISH ENQUEUED questions_in,2025-10-29T13:27:39
68f2d95bd190740cfd6a29de,yahoo,PUBLISH ENQUEUED questions_in,2025-10-29T13:27:39
68f2d95bd190740cfd6a1adb,yahoo,PUBLISH ENQUEUED questions_in,2025-10-29T13:27:39
68f2d95bd190740cfd6a21c3,yahoo,PUBLISH ENQUEUED questions_in,2025-10-29T13:27:39
68f2d95bd190740cfd6a3cc5,yahoo,PUBLISH ENQUEUED questions_in,2025-10-29T13:27:39
68f2d95bd190740cfd6a24b8,yahoo,PUBLISH ENQUEUED questions_in,2025-10-29T13:27:40
68f2d95bd190740cfd6a2fc7,yahoo,PUBLISH ENQUEUED questions_in,2025-10-29T13:27:40
68f2d95bd190740cfd6a40f8,yahoo,PUBLISH ENQUEUED questions_in,2025-10-29T13:27:42
68f2d95bd190740cfd6a3da6,yahoo,PUBLISH ENQUEUED questions_in,2025-10-29T13:27:42
68f2d95bd190740cfd6a1e44,yahoo,PUBLISH ENQUEUED questions_in,2025-10-29T13:27:43
68f2d95bd190740cfd6a20ff,yahoo,PUBLISH ENQUEUED questions_in,2025-10-29T13:27:45
68f2d95bd190740cfd6a3e5c,yahoo,PUBLISH ENQUEUED questions_in,2025-10-29T13:27:45
68f2d95bd190740cfd6a2498,yahoo,PUBLISH ENQUEUED questions_in,2025-10-29T13:27:46
68f2d95bd190740cfd6a20e3,yahoo,PUBLISH ENQUEUED questions_in,2025-10-29T13:27:47
68f2d95bd190740cfd6a3071,yahoo,PUBLISH ENQUEUED questions_in,2025-10-29T13:27:47
68f2d95bd190740cfd6a3ae7,yahoo,PUBLISH ENQUEUED questions_in,2025-10-29T13:27:47
68f2d95bd190740cfd6a25a8,yahoo,PUBLISH ENQUEUED questions_in,2025-10-29T13:27:47
68f2d95bd190740cfd6a3c33,yahoo,PUBLISH ENQUEUED questions_in,2025-10-29T13:27:47
68f2d95bd190740cfd6a2d1d,yahoo,PUBLISH ENQUEUED questions_in,2025-10-29T13:27:48
68f2d95bd190740cfd6a3183,yahoo,PUBLISH ENQUEUED questions_in,2025-10-29T13:27:48
68f2d95bd190740cfd6a4055,yahoo,PUBLISH ENQUEUED questions_in,2025-10-29T13:27:49
68f2d95bd190740cfd6a2b42,yahoo,PUBLISH ENQUEUED questions_in,2025-10-29T13:27:50
68f2d95bd190740cfd6a28a6,yahoo,PUBLISH ENQUEUED questions_in,2025-10-29T13:27:52
68f2d95bd190740cfd6a3aaf,yahoo,PUBLISH ENQUEUED questions_in,2025-10-29T13:27:52
68f2d95bd190740cfd6a304f,yahoo,PUBLISH ENQUEUED questions_in,2025-10-29T13:27:53
68f2d95bd190740cfd6a2b19,yahoo,PUBLISH ENQUEUED questions_in,2025-10-29T13:27:54
68f2d95bd190740cfd6a379e,yahoo,PUBLISH ENQUEUED questions_in,2025-10-29T13:27:54
68f2d95bd190740cfd6a1fd4,yahoo,PUBLISH ENQUEUED questions_in,2025-10-29T13:27:55
68f2d95bd190740cfd6a36f3,yahoo,PUBLISH ENQUEUED questions_in,2025-10-29T13:27:56
68f2d95bd190740cfd6a3034,yahoo,PUBLISH ENQUEUED questions_in,2025-10-29T13:27:56
68f2d95bd190740cfd6a392a,yahoo,PUBLISH ENQUEUED questions_in,2025-10-29T13:27:57
68f2d95bd190740cfd6a3876,yahoo,PUBLISH ENQUEUED questions_in,2025-10-29T13:27:58
68f2d95bd190740cfd6a25c5,yahoo,PUBLISH ENQUEUED questions_in,2025-10-29T13:27:58
68f2d95bd190740cfd6a2df6,yahoo,PUBLISH ENQUEUED questions_in,2025-10-29T13:27:58
68f2d95bd190740cfd6a1b40,yahoo,PUBLISH ENQUEUED questions_in,2025-10-29T13:28:00
68f2d95bd190740cfd6a2d85,yahoo,PUBLISH ENQUEUED questions_in,2025-10-29T13:28:00
68f2d95bd190740cfd6a3a15,yahoo,PUBLISH ENQUEUED questions_in,2025-10-29T13:28:01
68f2d95bd190740cfd6a2f99,yahoo,PUBLISH ENQUEUED questions_in,2025-10-29T13:28:02
68f2d95bd190740cfd6a1bd8,yahoo,PUBLISH ENQUEUED questions_in,2025-10-29T13:28:03
68f2d95bd190740cfd6a37b1,yahoo,PUBLISH ENQUEUED questions_in,2025-10-29T13:28:04
68f2d95bd190740cfd6a3d99,yahoo,PUBLISH ENQUEUED questions_in,2025-10-29T13:28:04
68f2d95bd190740cfd6a2cb7,yahoo,PUBLISH ENQUEUED questions_in,2025-10-29T13:28:04
68f2d95bd190740cfd6a23bf,yahoo,PUBLISH ENQUEUED questions_in,2025-10-29T13:28:05
68f2d95bd190740cfd6a2da1,yahoo,PUBLISH ENQUEUED questions_in,2025-10-29T13:28:05
68f2d95bd190740cfd6a28fc,yahoo,PUBLISH ENQUEUED questions_in,2025-10-29T13:28:06
68f2d95bd190740cfd6a2bc9,yahoo,PUBLISH ENQUEUED questions_in,2025-10-29T13:28:06
68f2d95bd190740cfd6a2236,yahoo,PUBLISH ENQUEUED questions_in,2025-10-29T13:28:06
68f2d95bd190740cfd6a29bf,yahoo,PUBLISH ENQUEUED questions_in,2025-10-29T13:28:07
68f2d95bd190740cfd6a20bc,yahoo,PUBLISH ENQUEUED questions_in,2025-10-29T13:28:08
68f2d95bd190740cfd6a2152,yahoo,PUBLISH ENQUEUED questions_in,2025-10-29T13:28:08
68f2d95bd190740cfd6a20f1,yahoo,PUBLISH ENQUEUED questions_in,2025-10-29T13:28:09
68f2d95bd190740cfd6a2cea,yahoo,PUBLISH ENQUEUED questions_in,2025-10-29T13:28:09
68f2d95bd190740cfd6a1f25,yahoo,PUBLISH ENQUEUED questions_in,2025-10-29T13:28:11
68f2d95bd190740cfd6a4095,yahoo,PUBLISH ENQUEUED questions_in,2025-10-29T13:28:12
68f2d95bd190740cfd6a1b17,yahoo,PUBLISH ENQUEUED questions_in,2025-10-29T13:28:12
68f2d95bd190740cfd6a24f7,yahoo,PUBLISH ENQUEUED questions_in,2025-10-29T13:28:13
68f2d95bd190740cfd6a2c9a,yahoo,PUBLISH ENQUEUED questions_in,2025-10-29T13:28:13
68f2d95bd190740cfd6a304a,yahoo,PUBLISH ENQUEUED questions_in,2025-10-29T13:28:13
68f2d95bd190740cfd6a2684,yahoo,PUBLISH ENQUEUED questions_in,2025-10-29T13:28:13
68f2d95bd190740cfd6a2691,yahoo,PUBLISH ENQUEUED questions_in,2025-10-29T13:28:13
68f2d95bd190740cfd6a3954,yahoo,PUBLISH ENQUEUED questions_in,2025-10-29T13:28:16
68f2d95bd190740cfd6a3d69,yahoo,PUBLISH ENQUEUED questions_in,2025-10-29T13:28:16
68f2d95bd190740cfd6a353c,yahoo,PUBLISH ENQUEUED questions_in,2025-10-29T13:28:18
68f2d95bd190740cfd6a240f,yahoo,PUBLISH ENQUEUED questions_in,2025-10-29T13:28:18
68f2d95bd190740cfd6a2708,yahoo,PUBLISH ENQUEUED questions_in,2025-10-29T13:28:19
68f2d95bd190740cfd6a1b58,yahoo,PUBLISH ENQUEUED questions_in,2025-10-29T13:28:20
68f2d95bd190740cfd6a3920,yahoo,PUBLISH ENQUEUED questions_in,2025-10-29T13:28:20
68f2d95bd190740cfd6a22a2,yahoo,PUBLISH ENQUEUED questions_in,2025-10-29T13:28:21
68f2d95bd190740cfd6a2e6d,yahoo,PUBLISH ENQUEUED questions_in,2025-10-29T13:28:21
68f2d95bd190740cfd6a3a30,yahoo,PUBLISH ENQUEUED questions_in,2025-10-29T13:28:21
68f2d95bd190740cfd6a38e7,yahoo,PUBLISH ENQUEUED questions_in,2025-10-29T13:28:22
68f2d95bd190740cfd6a2f22,yahoo,PUBLISH ENQUEUED questions_in,2025-10-29T13:28:22
68f2d95bd190740cfd6a1d82,yahoo,PUBLISH ENQUEUED questions_in,2025-10-29T13:28:23
68f2d95bd190740cfd6a3485,yahoo,PUBLISH ENQUEUED questions_in,2025-10-29T13:28:23
68f2d95bd190740cfd6a3b8d,yahoo,PUBLISH ENQUEUED questions_in,2025-10-29T13:28:24
68f2d95bd190740cfd6a3ccf,yahoo,PUBLISH ENQUEUED questions_in,2025-10-29T13:28:25
68f2d95bd190740cfd6a27b2,yahoo,PUBLISH ENQUEUED questions_in,2025-10-29T13:28:25
68f2d95bd190740cfd6a2d99,yahoo,PUBLISH ENQUEUED questions_in,2025-10-29T13:28:25
68f2d95bd190740cfd6a3778,yahoo,PUBLISH ENQUEUED questions_in,2025-10-29T13:28:25
68f2d95bd190740cfd6a1f0f,yahoo,PUBLISH ENQUEUED questions_in,2025-10-29T13:28:26
68f2d95bd190740cfd6a2d6b,yahoo,PUBLISH ENQUEUED questions_in,2025-10-29T13:28:26
68f2d95bd190740cfd6a39e7,yahoo,PUBLISH ENQUEUED questions_in,2025-10-29T13:28:27
68f2d95bd190740cfd6a2fef,yahoo,PUBLISH ENQUEUED questions_in,2025-10-29T13:28:27
68f2d95bd190740cfd6a3198,yahoo,PUBLISH ENQUEUED questions_in,2025-10-29T13:28:27
68f2d95bd190740cfd6a21a0,yahoo,PUBLISH ENQUEUED questions_in,2025-10-29T13:28:27
68f2d95bd190740cfd6a2f10,yahoo,PUBLISH ENQUEUED questions_in,2025-10-29T13:28:27
68f2d95bd190740cfd6a3691,yahoo,PUBLISH ENQUEUED questions_in,2025-10-29T13:28:28
68f2d95bd190740cfd6a27a2,yahoo,PUBLISH ENQUEUED questions_in,2025-10-29T13:28:31
68f2d95bd190740cfd6a406d,yahoo,PUBLISH ENQUEUED questions_in,2025-10-29T13:28:31
68f2d95bd190740cfd6a3b77,yahoo,PUBLISH ENQUEUED questions_in,2025-10-29T13:28:31
68f2d95bd190740cfd6a3905,yahoo,PUBLISH ENQUEUED questions_in,2025-10-29T13:28:31
68f2d95bd190740cfd6a2a63,yahoo,PUBLISH ENQUEUED questions_in,2025-10-29T13:28:32
68f2d95bd190740cfd6a3da6,yahoo,PUBLISH ENQUEUED questions_in,2025-10-29T13:28:32
68f2d95bd190740cfd6a29cf,yahoo,PUBLISH ENQUEUED questions_in,2025-10-29T13:28:33
68f2d95bd190740cfd6a29f9,yahoo,PUBLISH ENQUEUED questions_in,2025-10-29T13:28:33
68f2d95bd190740cfd6a22a4,yahoo,PUBLISH ENQUEUED questions_in,2025-10-29T13:28:33
68f2d95bd190740cfd6a1d31,yahoo,PUBLISH ENQUEUED questions_in,2025-10-29T13:28:33
68f2d95bd190740cfd6a2576,yahoo,PUBLISH ENQUEUED questions_in,2025-10-29T13:28:34
68f2d95bd190740cfd6a31b4,yahoo,PUBLISH ENQUEUED questions_in,2025-10-29T13:28:34
68f2d95bd190740cfd6a2aff,yahoo,PUBLISH ENQUEUED questions_in,2025-10-29T13:28:35
68f2d95bd190740cfd6a3c4e,yahoo,PUBLISH ENQUEUED questions_in,2025-10-29T13:28:35
68f2d95bd190740cfd6a4158,yahoo,PUBLISH ENQUEUED questions_in,2025-10-29T13:28:35
68f2d95bd190740cfd6a4144,yahoo,PUBLISH ENQUEUED questions_in,2025-10-29T13:28:35
68f2d95bd190740cfd6a41d7,yahoo,PUBLISH ENQUEUED questions_in,2025-10-29T13:28:36
68f2d95bd190740cfd6a285a,yahoo,PUBLISH ENQUEUED questions_in,2025-10-29T13:28:36
68f2d95bd190740cfd6a2b40,yahoo,PUBLISH ENQUEUED questions_in,2025-10-29T13:28:37
68f2d95bd190740cfd6a2ce1,yahoo,PUBLISH ENQUEUED questions_in,2025-10-29T13:28:38
68f2d95bd190740cfd6a3cdd,yahoo,PUBLISH ENQUEUED questions_in,2025-10-29T13:28:39
68f2d95bd190740cfd6a20b9,yahoo,PUBLISH ENQUEUED questions_in,2025-10-29T13:28:39
68f2d95bd190740cfd6a28e1,yahoo,PUBLISH ENQUEUED questions_in,2025-10-29T13:28:40
68f2d95bd190740cfd6a3691,yahoo,PUBLISH ENQUEUED questions_in,2025-10-29T13:28:40
68f2d95bd190740cfd6a395e,yahoo,PUBLISH ENQUEUED questions_in,2025-10-29T13:28:41
68f2d95bd190740cfd6a355a,yahoo,PUBLISH ENQUEUED questions_in,2025-10-29T13:28:41
68f2d95bd190740cfd6a1d37,yahoo,PUBLISH ENQUEUED questions_in,2025-10-29T13:28:41
68f2d95bd190740cfd6a312a,yahoo,PUBLISH ENQUEUED questions_in,2025-10-29T13:28:42
68f2d95bd190740cfd6a1c4c,yahoo,PUBLISH ENQUEUED questions_in,2025-10-29T13:28:43
68f2d95bd190740cfd6a2aaf,yahoo,PUBLISH ENQUEUED questions_in,2025-10-29T13:28:43
68f2d95bd190740cfd6a3490,yahoo,PUBLISH ENQUEUED questions_in,2025-10-29T13:28:44
68f2d95bd190740cfd6a2a54,yahoo,PUBLISH ENQUEUED questions_in,2025-10-29T13:28:45
68f2d95bd190740cfd6a1d6e,yahoo,PUBLISH ENQUEUED questions_in,2025-10-29T13:28:46
68f2d95bd190740cfd6a2dcf,yahoo,PUBLISH ENQUEUED questions_in,2025-10-29T13:28:48
68f2d95bd190740cfd6a3c06,yahoo,PUBLISH ENQUEUED questions_in,2025-10-29T13:28:48
68f2d95bd190740cfd6a3e06,yahoo,PUBLISH ENQUEUED questions_in,2025-10-29T13:28:49
68f2d95bd190740cfd6a3165,yahoo,PUBLISH ENQUEUED questions_in,2025-10-29T13:28:49
68f2d95bd190740cfd6a2328,yahoo,PUBLISH ENQUEUED questions_in,2025-10-29T13:28:51
68f2d95bd190740cfd6a40f3,yahoo,PUBLISH ENQUEUED questions_in,2025-10-29T13:28:51
68f2d95bd190740cfd6a20c3,yahoo,PUBLISH ENQUEUED questions_in,2025-10-29T13:28:52
68f2d95bd190740cfd6a2850,yahoo,PUBLISH ENQUEUED questions_in,2025-10-29T13:28:52
68f2d95bd190740cfd6a26c5,yahoo,PUBLISH ENQUEUED questions_in,2025-10-29T13:28:53
68f2d95bd190740cfd6a200c,yahoo,PUBLISH ENQUEUED questions_in,2025-10-29T13:28:55
68f2d95bd190740cfd6a29f7,yahoo,PUBLISH ENQUEUED questions_in,2025-10-29T13:28:55
68f2d95bd190740cfd6a2ee1,yahoo,PUBLISH ENQUEUED questions_in,2025-10-29T13:28:57
68f2d95bd190740cfd6a211b,yahoo,PUBLISH ENQUEUED questions_in,2025-10-29T13:28:58
68f2d95bd190740cfd6a2980,yahoo,PUBLISH ENQUEUED questions_in,2025-10-29T13:28:59
68f2d95bd190740cfd6a374d,yahoo,PUBLISH ENQUEUED questions_in,2025-10-29T13:28:59
68f2d95bd190740cfd6a1e8b,yahoo,PUBLISH ENQUEUED questions_in,2025-10-29T13:29:01
68f2d95bd190740cfd6a38d6,yahoo,PUBLISH ENQUEUED questions_in,2025-10-29T13:29:01
68f2d95bd190740cfd6a2e57,yahoo,PUBLISH ENQUEUED questions_in,2025-10-29T13:29:02
68f2d95bd190740cfd6a2720,yahoo,PUBLISH ENQUEUED questions_in,2025-10-29T13:29:03
68f2d95bd190740cfd6a1fc0,yahoo,PUBLISH ENQUEUED questions_in,2025-10-29T13:29:04
68f2d95bd190740cfd6a2935,yahoo,PUBLISH ENQUEUED questions_in,2025-10-29T13:29:05
68f2d95bd190740cfd6a2e7b,yahoo,PUBLISH ENQUEUED questions_in,2025-10-29T13:29:05
68f2d95bd190740cfd6a1ce0,yahoo,PUBLISH ENQUEUED questions_in,2025-10-29T13:29:05
68f2d95bd190740cfd6a3d5d,yahoo,PUBLISH ENQUEUED questions_in,2025-10-29T13:29:05
68f2d95bd190740cfd6a3408,yahoo,PUBLISH ENQUEUED questions_in,2025-10-29T13:29:06
68f2d95bd190740cfd6a3cd6,yahoo,PUBLISH ENQUEUED questions_in,2025-10-29T13:29:06
68f2d95bd190740cfd6a319a,yahoo,PUBLISH ENQUEUED questions_in,2025-10-29T13:29:06
68f2d95bd190740cfd6a2831,yahoo,PUBLISH ENQUEUED questions_in,2025-10-29T13:29:06
68f2d95bd190740cfd6a38ae,yahoo,PUBLISH ENQUEUED questions_in,2025-10-29T13:29:07
68f2d95bd190740cfd6a2795,yahoo,PUBLISH ENQUEUED questions_in,2025-10-29T13:29:07
68f2d95bd190740cfd6a38a2,yahoo,PUBLISH ENQUEUED questions_in,2025-10-29T13:29:08
68f2d95bd190740cfd6a2ead,yahoo,PUBLISH ENQUEUED questions_in,2025-10-29T13:29:08
68f2d95bd190740cfd6a3303,yahoo,PUBLISH ENQUEUED questions_in,2025-10-29T13:29:08
68f2d95bd190740cfd6a1b7e,yahoo,PUBLISH ENQUEUED questions_in,2025-10-29T13:29:11
68f2d95bd190740cfd6a1dc9,yahoo,PUBLISH ENQUEUED questions_in,2025-10-29T13:29:11
68f2d95bd190740cfd6a21a5,yahoo,PUBLISH ENQUEUED questions_in,2025-10-29T13:29:11
68f2d95bd190740cfd6a280a,yahoo,PUBLISH ENQUEUED questions_in,2025-10-29T13:29:12
68f2d95bd190740cfd6a2761,yahoo,PUBLISH ENQUEUED questions_in,2025-10-29T13:29:12
68f2d95bd190740cfd6a1e33,yahoo,PUBLISH ENQUEUED questions_in,2025-10-29T13:29:13
68f2d95bd190740cfd6a3838,yahoo,PUBLISH ENQUEUED questions_in,2025-10-29T13:29:14
68f2d95bd190740cfd6a2702,yahoo,PUBLISH ENQUEUED questions_in,2025-10-29T13:29:14
68f2d95bd190740cfd6a2d4d,yahoo,PUBLISH ENQUEUED questions_in,2025-10-29T13:29:15
68f2d95bd190740cfd6a2917,yahoo,PUBLISH ENQUEUED questions_in,2025-10-29T13:29:17
68f2d95bd190740cfd6a24f8,yahoo,PUBLISH ENQUEUED questions_in,2025-10-29T13:29:17
68f2d95bd190740cfd6a35ec,yahoo,PUBLISH ENQUEUED questions_in,2025-10-29T13:29:17
68f2d95bd190740cfd6a3fa6,yahoo,PUBLISH ENQUEUED questions_in,2025-10-29T13:29:17
68f2d95bd190740cfd6a23fb,yahoo,PUBLISH ENQUEUED questions_in,2025-10-29T13:29:18
68f2d95bd190740cfd6a275d,yahoo,PUBLISH ENQUEUED questions_in,2025-10-29T13:29:19
68f2d95bd190740cfd6a32cf,yahoo,PUBLISH ENQUEUED questions_in,2025-10-29T13:29:19
68f2d95bd190740cfd6a3221,yahoo,PUBLISH ENQUEUED questions_in,2025-10-29T13:29:19
68f2d95bd190740cfd6a210e,yahoo,PUBLISH ENQUEUED questions_in,2025-10-29T13:29:19
68f2d95bd190740cfd6a33e5,yahoo,PUBLISH ENQUEUED questions_in,2025-10-29T13:29:20
68f2d95bd190740cfd6a3d6d,yahoo,PUBLISH ENQUEUED questions_in,2025-10-29T13:29:22
68f2d95bd190740cfd6a1fef,yahoo,PUBLISH ENQUEUED questions_in,2025-10-29T13:29:22
68f2d95bd190740cfd6a344f,yahoo,PUBLISH ENQUEUED questions_in,2025-10-29T13:29:22
68f2d95bd190740cfd6a39f6,yahoo,PUBLISH ENQUEUED questions_in,2025-10-29T13:29:24
68f2d95bd190740cfd6a3735,yahoo,PUBLISH ENQUEUED questions_in,2025-10-29T13:29:25
68f2d95bd190740cfd6a35a9,yahoo,PUBLISH ENQUEUED questions_in,2025-10-29T13:29:27
68f2d95bd190740cfd6a1c5d,yahoo,PUBLISH ENQUEUED questions_in,2025-10-29T13:29:28
68f2d95bd190740cfd6a262c,yahoo,PUBLISH ENQUEUED questions_in,2025-10-29T13:29:28
68f2d95bd190740cfd6a1d59,yahoo,PUBLISH ENQUEUED questions_in,2025-10-29T13:29:28
68f2d95bd190740cfd6a2ea7,yahoo,PUBLISH ENQUEUED questions_in,2025-10-29T13:29:28
68f2d95bd190740cfd6a3bdb,yahoo,PUBLISH ENQUEUED questions_in,2025-10-29T13:29:29
68f2d95bd190740cfd6a3497,yahoo,PUBLISH ENQUEUED questions_in,2025-10-29T13:29:30
68f2d95bd190740cfd6a1b36,yahoo,PUBLISH ENQUEUED questions_in,2025-10-29T13:29:31
68f2d95bd190740cfd6a24fb,yahoo,PUBLISH ENQUEUED questions_in,2025-10-29T13:29:31
68f2d95bd190740cfd6a3004,yahoo,PUBLISH ENQUEUED questions_in,2025-10-29T13:29:32
68f2d95bd190740cfd6a2869,yahoo,PUBLISH ENQUEUED questions_in,2025-10-29T13:29:33
68f2d95bd190740cfd6a24b9,yahoo,PUBLISH ENQUEUED questions_in,2025-10-29T13:29:33
68f2d95bd190740cfd6a2e9a,yahoo,PUBLISH ENQUEUED questions_in,2025-10-29T13:29:33
68f2d95bd190740cfd6a1bb1,yahoo,PUBLISH ENQUEUED questions_in,2025-10-29T13:29:33
68f2d95bd190740cfd6a20b9,yahoo,PUBLISH ENQUEUED questions_in,2025-10-29T13:29:34
68f2d95bd190740cfd6a3100,yahoo,PUBLISH ENQUEUED questions_in,2025-10-29T13:29:34
68f2d95bd190740cfd6a3391,yahoo,PUBLISH ENQUEUED questions_in,2025-10-29T13:29:34
68f2d95bd190740cfd6a1dd2,yahoo,PUBLISH ENQUEUED questions_in,2025-10-29T13:29:34
68f2d95bd190740cfd6a3ff9,yahoo,PUBLISH ENQUEUED questions_in,2025-10-29T13:29:35
68f2d95bd190740cfd6a2113,yahoo,PUBLISH ENQUEUED questions_in,2025-10-29T13:29:35
68f2d95bd190740cfd6a3632,yahoo,PUBLISH ENQUEUED questions_in,2025-10-29T13:29:36
68f2d95bd190740cfd6a2020,yahoo,PUBLISH ENQUEUED questions_in,2025-10-29T13:29:37
68f2d95bd190740cfd6a29d4,yahoo,PUBLISH ENQUEUED questions_in,2025-10-29T13:29:38
68f2d95bd190740cfd6a2fe0,yahoo,PUBLISH ENQUEUED questions_in,2025-10-29T13:29:38
68f2d95bd190740cfd6a2c79,yahoo,PUBLISH ENQUEUED questions_in,2025-10-29T13:29:40
68f2d95bd190740cfd6a2dcd,yahoo,PUBLISH ENQUEUED questions_in,2025-10-29T13:29:41
68f2d95bd190740cfd6a3611,yahoo,PUBLISH ENQUEUED questions_in,2025-10-29T13:29:41
68f2d95bd190740cfd6a20ee,yahoo,PUBLISH ENQUEUED questions_in,2025-10-29T13:29:42
68f2d95bd190740cfd6a279f,yahoo,PUBLISH ENQUEUED questions_in,2025-10-29T13:29:42
68f2d95bd190740cfd6a1d95,yahoo,PUBLISH ENQUEUED questions_in,2025-10-29T13:29:43
68f2d95bd190740cfd6a1f9e,yahoo,PUBLISH ENQUEUED questions_in,2025-10-29T13:29:43
68f2d95bd190740cfd6a2385,yahoo,PUBLISH ENQUEUED questions_in,2025-10-29T13:29:45
68f2d95bd190740cfd6a3188,yahoo,PUBLISH ENQUEUED questions_in,2025-10-29T13:29:45
68f2d95bd190740cfd6a4147,yahoo,PUBLISH ENQUEUED questions_in,2025-10-29T13:29:46
68f2d95bd190740cfd6a2300,yahoo,PUBLISH ENQUEUED questions_in,2025-10-29T13:29:46
68f2d95bd190740cfd6a2380,yahoo,PUBLISH ENQUEUED questions_in,2025-10-29T13:29:47
68f2d95bd190740cfd6a4103,yahoo,PUBLISH ENQUEUED questions_in,2025-10-29T13:29:47
68f2d95bd190740cfd6a4195,yahoo,PUBLISH ENQUEUED questions_in,2025-10-29T13:29:48
68f2d95bd190740cfd6a3f42,yahoo,PUBLISH ENQUEUED questions_in,2025-10-29T13:29:51
68f2d95bd190740cfd6a21de,yahoo,PUBLISH ENQUEUED questions_in,2025-10-29T13:29:51
68f2d95bd190740cfd6a29a9,yahoo,PUBLISH ENQUEUED questions_in,2025-10-29T13:29:52
68f2d95bd190740cfd6a3e1a,yahoo,PUBLISH ENQUEUED questions_in,2025-10-29T13:29:52
68f2d95bd190740cfd6a3e1c,yahoo,PUBLISH ENQUEUED questions_in,2025-10-29T13:29:52
68f2d95bd190740cfd6a3697,yahoo,PUBLISH ENQUEUED questions_in,2025-10-29T13:29:53
68f2d95bd190740cfd6a2840,yahoo,PUBLISH ENQUEUED questions_in,2025-10-29T13:29:55
68f2d95bd190740cfd6a1c01,yahoo,PUBLISH ENQUEUED questions_in,2025-10-29T13:29:55
68f2d95bd190740cfd6a3cf3,yahoo,PUBLISH ENQUEUED questions_in,2025-10-29T13:29:56
68f2d95bd190740cfd6a2960,yahoo,PUBLISH ENQUEUED questions_in,2025-10-29T13:29:57
68f2d95bd190740cfd6a24b0,yahoo,PUBLISH ENQUEUED questions_in,2025-10-29T13:29:57
68f2d95bd190740cfd6a1fc2,yahoo,PUBLISH ENQUEUED questions_in,2025-10-29T13:29:58
68f2d95bd190740cfd6a1d68,yahoo,PUBLISH ENQUEUED questions_in,2025-10-29T13:29:58
68f2d95bd190740cfd6a2b53,yahoo,PUBLISH ENQUEUED questions_in,2025-10-29T13:29:59
68f2d95bd190740cfd6a3ee3,yahoo,PUBLISH ENQUEUED questions_in,2025-10-29T13:29:59
68f2d95bd190740cfd6a3f01,yahoo,PUBLISH ENQUEUED questions_in,2025-10-29T13:30:00
68f2d95bd190740cfd6a37d0,yahoo,PUBLISH ENQUEUED questions_in,2025-10-29T13:30:00
68f2d95bd190740cfd6a39d8,yahoo,PUBLISH ENQUEUED questions_in,2025-10-29T13:30:01
68f2d95bd190740cfd6a328f,yahoo,PUBLISH ENQUEUED questions_in,2025-10-29T13:30:03
68f2d95bd190740cfd6a2564,yahoo,PUBLISH ENQUEUED questions_in,2025-10-29T13:30:03
68f2d95bd190740cfd6a3778,yahoo,PUBLISH ENQUEUED questions_in,2025-10-29T13:30:03
68f2d95bd190740cfd6a3d5e,yahoo,PUBLISH ENQUEUED questions_in,2025-10-29T13:30:05
68f2d95bd190740cfd6a2560,yahoo,PUBLISH ENQUEUED questions_in,2025-10-29T13:30:05
68f2d95bd190740cfd6a2968,yahoo,PUBLISH ENQUEUED questions_in,2025-10-29T13:30:06
68f2d95bd190740cfd6a35bf,yahoo,PUBLISH ENQUEUED questions_in,2025-10-29T13:30:06
68f2d95bd190740cfd6a204a,yahoo,PUBLISH ENQUEUED questions_in,2025-10-29T13:30:06
68f2d95bd190740cfd6a3b19,yahoo,PUBLISH ENQUEUED questions_in,2025-10-29T13:30:06
68f2d95bd190740cfd6a4172,yahoo,PUBLISH ENQUEUED questions_in,2025-10-29T13:30:06
68f2d95bd190740cfd6a3ef8,yahoo,PUBLISH ENQUEUED questions_in,2025-10-29T13:30:06
68f2d95bd190740cfd6a2ce3,yahoo,PUBLISH ENQUEUED questions_in,2025-10-29T13:30:07
68f2d95bd190740cfd6a2ffe,yahoo,PUBLISH ENQUEUED questions_in,2025-10-29T13:30:08
68f2d95bd190740cfd6a2bdb,yahoo,PUBLISH ENQUEUED questions_in,2025-10-29T13:30:08
68f2d95bd190740cfd6a2375,yahoo,PUBLISH ENQUEUED questions_in,2025-10-29T13:30:09
68f2d95bd190740cfd6a2d5a,yahoo,PUBLISH ENQUEUED questions_in,2025-10-29T13:30:09
68f2d95bd190740cfd6a412a,yahoo,PUBLISH ENQUEUED questions_in,2025-10-29T13:30:10
68f2d95bd190740cfd6a1b46,yahoo,PUBLISH ENQUEUED questions_in,2025-10-29T13:30:10
68f2d95bd190740cfd6a40ff,yahoo,PUBLISH ENQUEUED questions_in,2025-10-29T13:30:10
68f2d95bd190740cfd6a3596,yahoo,PUBLISH ENQUEUED questions_in,2025-10-29T13:30:10
68f2d95bd190740cfd6a33ca,yahoo,PUBLISH ENQUEUED questions_in,2025-10-29T13:30:11
68f2d95bd190740cfd6a3823,yahoo,PUBLISH ENQUEUED questions_in,2025-10-29T13:30:11
68f2d95bd190740cfd6a3392,yahoo,PUBLISH ENQUEUED questions_in,2025-10-29T13:30:13
68f2d95bd190740cfd6a3bc1,yahoo,PUBLISH ENQUEUED questions_in,2025-10-29T13:30:14
68f2d95bd190740cfd6a2e7b,yahoo,PUBLISH ENQUEUED questions_in,2025-10-29T13:30:15
68f2d95bd190740cfd6a2ea1,yahoo,PUBLISH ENQUEUED questions_in,2025-10-29T13:30:15
68f2d95bd190740cfd6a36b5,yahoo,PUBLISH ENQUEUED questions_in,2025-10-29T13:30:16
68f2d95bd190740cfd6a3e56,yahoo,PUBLISH ENQUEUED questions_in,2025-10-29T13:30:17
68f2d95bd190740cfd6a1b2b,yahoo,PUBLISH ENQUEUED questions_in,2025-10-29T13:30:18
68f2d95bd190740cfd6a20e5,yahoo,PUBLISH ENQUEUED questions_in,2025-10-29T13:30:18
68f2d95bd190740cfd6a271e,yahoo,PUBLISH ENQUEUED questions_in,2025-10-29T13:30:19
68f2d95bd190740cfd6a295b,yahoo,PUBLISH ENQUEUED questions_in,2025-10-29T13:30:19
68f2d95bd190740cfd6a34de,yahoo,PUBLISH ENQUEUED questions_in,2025-10-29T13:30:19
68f2d95bd190740cfd6a2bfd,yahoo,PUBLISH ENQUEUED questions_in,2025-10-29T13:30:19
68f2d95bd190740cfd6a2a93,yahoo,PUBLISH ENQUEUED questions_in,2025-10-29T13:30:20
68f2d95bd190740cfd6a399e,yahoo,PUBLISH ENQUEUED questions_in,2025-10-29T13:30:20
68f2d95bd190740cfd6a1d93,yahoo,PUBLISH ENQUEUED questions_in,2025-10-29T13:30:20
68f2d95bd190740cfd6a3d16,yahoo,PUBLISH ENQUEUED questions_in,2025-10-29T13:30:20
68f2d95bd190740cfd6a33f2,yahoo,PUBLISH ENQUEUED questions_in,2025-10-29T13:30:21
68f2d95bd190740cfd6a348d,yahoo,PUBLISH ENQUEUED questions_in,2025-10-29T13:30:21
68f2d95bd190740cfd6a268b,yahoo,PUBLISH ENQUEUED questions_in,2025-10-29T13:30:24
68f2d95bd190740cfd6a36e2,yahoo,PUBLISH ENQUEUED questions_in,2025-10-29T13:30:24
68f2d95bd190740cfd6a3b06,yahoo,PUBLISH ENQUEUED questions_in,2025-10-29T13:30:24
68f2d95bd190740cfd6a3287,yahoo,PUBLISH ENQUEUED questions_in,2025-10-29T13:30:24
68f2d95bd190740cfd6a25cc,yahoo,PUBLISH ENQUEUED questions_in,2025-10-29T13:30:25
68f2d95bd190740cfd6a3e4c,yahoo,PUBLISH ENQUEUED questions_in,2025-10-29T13:30:26
68f2d95bd190740cfd6a23a9,yahoo,PUBLISH ENQUEUED questions_in,2025-10-29T13:30:27
68f2d95bd190740cfd6a3e5b,yahoo,PUBLISH ENQUEUED questions_in,2025-10-29T13:30:27
68f2d95bd190740cfd6a3bcd,yahoo,PUBLISH ENQUEUED questions_in,2025-10-29T13:30:27
68f2d95bd190740cfd6a1e95,yahoo,PUBLISH ENQUEUED questions_in,2025-10-29T13:30:28
68f2d95bd190740cfd6a4094,yahoo,PUBLISH ENQUEUED questions_in,2025-10-29T13:30:29
68f2d95bd190740cfd6a2e9e,yahoo,PUBLISH ENQUEUED questions_in,2025-10-29T13:30:29
68f2d95bd190740cfd6a28a0,yahoo,PUBLISH ENQUEUED questions_in,2025-10-29T13:30:29
68f2d95bd190740cfd6a35f4,yahoo,PUBLISH ENQUEUED questions_in,2025-10-29T13:30:29
68f2d95bd190740cfd6a383c,yahoo,PUBLISH ENQUEUED questions_in,2025-10-29T13:30:29
68f2d95bd190740cfd6a3c84,yahoo,PUBLISH ENQUEUED questions_in,2025-10-29T13:30:30
68f2d95bd190740cfd6a1ec5,yahoo,PUBLISH ENQUEUED questions_in,2025-10-29T13:30:30
68f2d95bd190740cfd6a4096,yahoo,PUBLISH ENQUEUED questions_in,2025-10-29T13:30:31
68f2d95bd190740cfd6a2dfc,yahoo,PUBLISH ENQUEUED questions_in,2025-10-29T13:30:32
68f2d95bd190740cfd6a23af,yahoo,PUBLISH ENQUEUED questions_in,2025-10-29T13:30:32
68f2d95bd190740cfd6a3c4a,yahoo,PUBLISH ENQUEUED questions_in,2025-10-29T13:30:33
68f2d95bd190740cfd6a249b,yahoo,PUBLISH ENQUEUED questions_in,2025-10-29T13:30:33
68f2d95bd190740cfd6a2436,yahoo,PUBLISH ENQUEUED questions_in,2025-10-29T13:30:34
68f2d95bd190740cfd6a26b9,yahoo,PUBLISH ENQUEUED questions_in,2025-10-29T13:30:35
68f2d95bd190740cfd6a3f58,yahoo,PUBLISH ENQUEUED questions_in,2025-10-29T13:30:35
68f2d95bd190740cfd6a2eb0,yahoo,PUBLISH ENQUEUED questions_in,2025-10-29T13:30:36
68f2d95bd190740cfd6a3fd0,yahoo,PUBLISH ENQUEUED questions_in,2025-10-29T13:30:36
68f2d95bd190740cfd6a3133,yahoo,PUBLISH ENQUEUED questions_in,2025-10-29T13:30:37
68f2d95bd190740cfd6a2eda,yahoo,PUBLISH ENQUEUED questions_in,2025-10-29T13:30:37
68f2d95bd190740cfd6a3d9c,yahoo,PUBLISH ENQUEUED questions_in,2025-10-29T13:30:38
68f2d95bd190740cfd6a29e3,yahoo,PUBLISH ENQUEUED questions_in,2025-10-29T13:30:41
68f2d95bd190740cfd6a2336,yahoo,PUBLISH ENQUEUED questions_in,2025-10-29T13:30:46
68f2d95bd190740cfd6a22d2,yahoo,PUBLISH ENQUEUED questions_in,2025-10-29T13:30:46
68f2d95bd190740cfd6a3fda,yahoo,PUBLISH ENQUEUED questions_in,2025-10-29T13:30:46
68f2d95bd190740cfd6a2ae0,yahoo,PUBLISH ENQUEUED questions_in,2025-10-29T13:30:47
68f2d95bd190740cfd6a2c1c,yahoo,PUBLISH ENQUEUED questions_in,2025-10-29T13:30:47
68f2d95bd190740cfd6a3feb,yahoo,PUBLISH ENQUEUED questions_in,2025-10-29T13:30:47
68f2d95bd190740cfd6a3d75,yahoo,PUBLISH ENQUEUED questions_in,2025-10-29T13:30:48
68f2d95bd190740cfd6a3660,yahoo,PUBLISH ENQUEUED questions_in,2025-10-29T13:30:48
68f2d95bd190740cfd6a286e,yahoo,PUBLISH ENQUEUED questions_in,2025-10-29T13:30:50
68f2d95bd190740cfd6a4023,yahoo,PUBLISH ENQUEUED questions_in,2025-10-29T13:30:50
68f2d95bd190740cfd6a25eb,yahoo,PUBLISH ENQUEUED questions_in,2025-10-29T13:30:50
68f2d95bd190740cfd6a3f92,yahoo,PUBLISH ENQUEUED questions_in,2025-10-29T13:30:51
68f2d95bd190740cfd6a1f3a,yahoo,PUBLISH ENQUEUED questions_in,2025-10-29T13:30:51
68f2d95bd190740cfd6a3e60,yahoo,PUBLISH ENQUEUED questions_in,2025-10-29T13:30:52
68f2d95bd190740cfd6a4188,yahoo,PUBLISH ENQUEUED questions_in,2025-10-29T13:30:53
68f2d95bd190740cfd6a2d4f,yahoo,PUBLISH ENQUEUED questions_in,2025-10-29T13:30:53
68f2d95bd190740cfd6a2fc0,yahoo,PUBLISH ENQUEUED questions_in,2025-10-29T13:30:53
68f2d95bd190740cfd6a1c68,yahoo,PUBLISH ENQUEUED questions_in,2025-10-29T13:30:55
68f2d95bd190740cfd6a38bf,yahoo,PUBLISH ENQUEUED questions_in,2025-10-29T13:30:55
68f2d95bd190740cfd6a24af,yahoo,PUBLISH ENQUEUED questions_in,2025-10-29T13:30:56
68f2d95bd190740cfd6a3a72,yahoo,PUBLISH ENQUEUED questions_in,2025-10-29T13:30:56
68f2d95bd190740cfd6a3a5d,yahoo,PUBLISH ENQUEUED questions_in,2025-10-29T13:30:57
68f2d95bd190740cfd6a36a9,yahoo,PUBLISH ENQUEUED questions_in,2025-10-29T13:30:57
68f2d95bd190740cfd6a3a62,yahoo,PUBLISH ENQUEUED questions_in,2025-10-29T13:30:58
68f2d95bd190740cfd6a2c72,yahoo,PUBLISH ENQUEUED questions_in,2025-10-29T13:31:01
68f2d95bd190740cfd6a3b36,yahoo,PUBLISH ENQUEUED questions_in,2025-10-29T13:31:01
68f2d95bd190740cfd6a2d23,yahoo,PUBLISH ENQUEUED questions_in,2025-10-29T13:31:01
68f2d95bd190740cfd6a248f,yahoo,PUBLISH ENQUEUED questions_in,2025-10-29T13:31:01
68f2d95bd190740cfd6a2cff,yahoo,PUBLISH ENQUEUED questions_in,2025-10-29T13:31:01
68f2d95bd190740cfd6a3894,yahoo,PUBLISH ENQUEUED questions_in,2025-10-29T13:31:02
68f2d95bd190740cfd6a20a7,yahoo,PUBLISH ENQUEUED questions_in,2025-10-29T13:31:02
68f2d95bd190740cfd6a2c7b,yahoo,PUBLISH ENQUEUED questions_in,2025-10-29T13:31:03
68f2d95bd190740cfd6a3aca,yahoo,PUBLISH ENQUEUED questions_in,2025-10-29T13:31:04
68f2d95bd190740cfd6a3333,yahoo,PUBLISH ENQUEUED questions_in,2025-10-29T13:31:04
68f2d95bd190740cfd6a1e7e,yahoo,PUBLISH ENQUEUED questions_in,2025-10-29T13:31:04
68f2d95bd190740cfd6a28f6,yahoo,PUBLISH ENQUEUED questions_in,2025-10-29T13:31:05
68f2d95bd190740cfd6a3692,yahoo,PUBLISH ENQUEUED questions_in,2025-10-29T13:31:05
68f2d95bd190740cfd6a296b,yahoo,PUBLISH ENQUEUED questions_in,2025-10-29T13:31:05
68f2d95bd190740cfd6a3729,yahoo,PUBLISH ENQUEUED questions_in,2025-10-29T13:31:06
68f2d95bd190740cfd6a3452,yahoo,PUBLISH ENQUEUED questions_in,2025-10-29T13:31:07
68f2d95bd190740cfd6a3136,yahoo,PUBLISH ENQUEUED questions_in,2025-10-29T13:31:08
68f2d95bd190740cfd6a41a2,yahoo,PUBLISH ENQUEUED questions_in,2025-10-29T13:31:10
68f2d95bd190740cfd6a21e5,yahoo,PUBLISH ENQUEUED questions_in,2025-10-29T13:31:10
68f2d95bd190740cfd6a30c4,yahoo,PUBLISH ENQUEUED questions_in,2025-10-29T13:31:11
68f2d95bd190740cfd6a1ee2,yahoo,PUBLISH ENQUEUED questions_in,2025-10-29T13:31:12
68f2d95bd190740cfd6a2b1d,yahoo,PUBLISH ENQUEUED questions_in,2025-10-29T13:31:13
68f2d95bd190740cfd6a41d9,yahoo,PUBLISH ENQUEUED questions_in,2025-10-29T13:31:14
68f2d95bd190740cfd6a3520,yahoo,PUBLISH ENQUEUED questions_in,2025-10-29T13:31:15
68f2d95bd190740cfd6a3028,yahoo,PUBLISH ENQUEUED questions_in,2025-10-29T13:31:15
68f2d95bd190740cfd6a2442,yahoo,PUBLISH ENQUEUED questions_in,2025-10-29T13:31:15
68f2d95bd190740cfd6a273b,yahoo,PUBLISH ENQUEUED questions_in,2025-10-29T13:31:16
68f2d95bd190740cfd6a2cd1,yahoo,PUBLISH ENQUEUED questions_in,2025-10-29T13:31:16
68f2d95bd190740cfd6a24df,yahoo,PUBLISH ENQUEUED questions_in,2025-10-29T13:31:17
68f2d95bd190740cfd6a3fe7,yahoo,PUBLISH ENQUEUED questions_in,2025-10-29T13:31:18
68f2d95bd190740cfd6a3d16,yahoo,PUBLISH ENQUEUED questions_in,2025-10-29T13:31:19
68f2d95bd190740cfd6a3fb2,yahoo,PUBLISH ENQUEUED questions_in,2025-10-29T13:31:21
68f2d95bd190740cfd6a1f0b,yahoo,PUBLISH ENQUEUED questions_in,2025-10-29T13:31:21
68f2d95bd190740cfd6a241c,yahoo,PUBLISH ENQUEUED questions_in,2025-10-29T13:31:21
68f2d95bd190740cfd6a35c6,yahoo,PUBLISH ENQUEUED questions_in,2025-10-29T13:31:23
68f2d95bd190740cfd6a344e,yahoo,PUBLISH ENQUEUED questions_in,2025-10-29T13:31:24
68f2d95bd190740cfd6a20c1,yahoo,PUBLISH ENQUEUED questions_in,2025-10-29T13:31:24
68f2d95bd190740cfd6a3922,yahoo,PUBLISH ENQUEUED questions_in,2025-10-29T13:31:25
68f2d95bd190740cfd6a2bce,yahoo,PUBLISH ENQUEUED questions_in,2025-10-29T13:31:25
68f2d95bd190740cfd6a25dc,yahoo,PUBLISH ENQUEUED questions_in,2025-10-29T13:31:25
68f2d95bd190740cfd6a37e1,yahoo,PUBLISH ENQUEUED questions_in,2025-10-29T13:31:25
68f2d95bd190740cfd6a1fd2,yahoo,PUBLISH ENQUEUED questions_in,2025-10-29T13:31:27
68f2d95bd190740cfd6a40f6,yahoo,PUBLISH ENQUEUED questions_in,2025-10-29T13:31:28
68f2d95bd190740cfd6a22da,yahoo,PUBLISH ENQUEUED questions_in,2025-10-29T13:31:29
68f2d95bd190740cfd6a2016,yahoo,PUBLISH ENQUEUED questions_in,2025-10-29T13:31:30
68f2d95bd190740cfd6a20c9,yahoo,PUBLISH ENQUEUED questions_in,2025-10-29T13:31:30
68f2d95bd190740cfd6a35a3,yahoo,PUBLISH ENQUEUED questions_in,2025-10-29T13:31:31
68f2d95bd190740cfd6a1c48,yahoo,PUBLISH ENQUEUED questions_in,2025-10-29T13:31:32
68f2d95bd190740cfd6a2984,yahoo,PUBLISH ENQUEUED questions_in,2025-10-29T13:31:32
68f2d95bd190740cfd6a3e27,yahoo,PUBLISH ENQUEUED questions_in,2025-10-29T13:31:33
68f2d95bd190740cfd6a2648,yahoo,PUBLISH ENQUEUED questions_in,2025-10-29T13:31:33
68f2d95bd190740cfd6a28ae,yahoo,PUBLISH ENQUEUED questions_in,2025-10-29T13:31:33
68f2d95bd190740cfd6a3410,yahoo,PUBLISH ENQUEUED questions_in,2025-10-29T13:31:34
68f2d95bd190740cfd6a3fe9,yahoo,PUBLISH ENQUEUED questions_in,2025-10-29T13:31:34
68f2d95bd190740cfd6a4164,yahoo,PUBLISH ENQUEUED questions_in,2025-10-29T13:31:35
68f2d95bd190740cfd6a3c09,yahoo,PUBLISH ENQUEUED questions_in,2025-10-29T13:31:35
68f2d95bd190740cfd6a36cd,yahoo,PUBLISH ENQUEUED questions_in,2025-10-29T13:31:35
68f2d95bd190740cfd6a348d,yahoo,PUBLISH ENQUEUED questions_in,2025-10-29T13:31:38
68f2d95bd190740cfd6a1c6c,yahoo,PUBLISH ENQUEUED questions_in,2025-10-29T13:31:38
68f2d95bd190740cfd6a1eef,yahoo,PUBLISH ENQUEUED questions_in,2025-10-29T13:31:40
68f2d95bd190740cfd6a31d1,yahoo,PUBLISH ENQUEUED questions_in,2025-10-29T13:31:40
68f2d95bd190740cfd6a2f0e,yahoo,PUBLISH ENQUEUED questions_in,2025-10-29T13:31:42
68f2d95bd190740cfd6a1ec9,yahoo,PUBLISH ENQUEUED questions_in,2025-10-29T13:31:43
68f2d95bd190740cfd6a1e23,yahoo,PUBLISH ENQUEUED questions_in,2025-10-29T13:31:45
68f2d95bd190740cfd6a20ca,yahoo,PUBLISH ENQUEUED questions_in,2025-10-29T13:31:45
68f2d95bd190740cfd6a1ee0,yahoo,PUBLISH ENQUEUED questions_in,2025-10-29T13:31:45
68f2d95bd190740cfd6a3a6c,yahoo,PUBLISH ENQUEUED questions_in,2025-10-29T13:31:46
68f2d95bd190740cfd6a28b8,yahoo,PUBLISH ENQUEUED questions_in,2025-10-29T13:31:47
68f2d95bd190740cfd6a2845,yahoo,PUBLISH ENQUEUED questions_in,2025-10-29T13:31:48
68f2d95bd190740cfd6a35ae,yahoo,PUBLISH ENQUEUED questions_in,2025-10-29T13:31:48
68f2d95bd190740cfd6a3184,yahoo,PUBLISH ENQUEUED questions_in,2025-10-29T13:31:49
68f2d95bd190740cfd6a22d9,yahoo,PUBLISH ENQUEUED questions_in,2025-10-29T13:31:49
68f2d95bd190740cfd6a2af1,yahoo,PUBLISH ENQUEUED questions_in,2025-10-29T13:31:49
68f2d95bd190740cfd6a3eff,yahoo,PUBLISH ENQUEUED questions_in,2025-10-29T13:31:51
68f2d95bd190740cfd6a31e3,yahoo,PUBLISH ENQUEUED questions_in,2025-10-29T13:31:51
68f2d95bd190740cfd6a1f4b,yahoo,PUBLISH ENQUEUED questions_in,2025-10-29T13:31:51
68f2d95bd190740cfd6a23ff,yahoo,PUBLISH ENQUEUED questions_in,2025-10-29T13:31:52
68f2d95bd190740cfd6a3bda,yahoo,PUBLISH ENQUEUED questions_in,2025-10-29T13:31:52
68f2d95bd190740cfd6a1eae,yahoo,PUBLISH ENQUEUED questions_in,2025-10-29T13:31:53
68f2d95bd190740cfd6a3bf8,yahoo,PUBLISH ENQUEUED questions_in,2025-10-29T13:31:54
68f2d95bd190740cfd6a2edc,yahoo,PUBLISH ENQUEUED questions_in,2025-10-29T13:31:55
68f2d95bd190740cfd6a245e,yahoo,PUBLISH ENQUEUED questions_in,2025-10-29T13:31:56
68f2d95bd190740cfd6a2ce4,yahoo,PUBLISH ENQUEUED questions_in,2025-10-29T13:31:56
68f2d95bd190740cfd6a29d8,yahoo,PUBLISH ENQUEUED questions_in,2025-10-29T13:31:57
68f2d95bd190740cfd6a1ed4,yahoo,PUBLISH ENQUEUED questions_in,2025-10-29T13:31:57
68f2d95bd190740cfd6a3ce4,yahoo,PUBLISH ENQUEUED questions_in,2025-10-29T13:31:58
68f2d95bd190740cfd6a2878,yahoo,PUBLISH ENQUEUED questions_in,2025-10-29T13:31:58
68f2d95bd190740cfd6a3de6,yahoo,PUBLISH ENQUEUED questions_in,2025-10-29T13:31:59
68f2d95bd190740cfd6a3979,yahoo,PUBLISH ENQUEUED questions_in,2025-10-29T13:32:00
68f2d95bd190740cfd6a2fa7,yahoo,PUBLISH ENQUEUED questions_in,2025-10-29T13:32:01
68f2d95bd190740cfd6a361f,yahoo,PUBLISH ENQUEUED questions_in,2025-10-29T13:32:01
68f2d95bd190740cfd6a3f9e,yahoo,PUBLISH ENQUEUED questions_in,2025-10-29T13:32:01
68f2d95bd190740cfd6a38b4,yahoo,PUBLISH ENQUEUED questions_in,2025-10-29T13:32:02
68f2d95bd190740cfd6a3ca4,yahoo,PUBLISH ENQUEUED questions_in,2025-10-29T13:32:02
68f2d95bd190740cfd6a249d,yahoo,PUBLISH ENQUEUED questions_in,2025-10-29T13:32:02
68f2d95bd190740cfd6a3be7,yahoo,PUBLISH ENQUEUED questions_in,2025-10-29T13:32:03
68f2d95bd190740cfd6a394f,yahoo,PUBLISH ENQUEUED questions_in,2025-10-29T13:32:04
68f2d95bd190740cfd6a3d81,yahoo,PUBLISH ENQUEUED questions_in,2025-10-29T13:32:04
68f2d95bd190740cfd6a2b32,yahoo,PUBLISH ENQUEUED questions_in,2025-10-29T13:32:04
68f2d95bd190740cfd6a1f09,yahoo,PUBLISH ENQUEUED questions_in,2025-10-29T13:32:05
68f2d95bd190740cfd6a1f95,yahoo,PUBLISH ENQUEUED questions_in,2025-10-29T13:32:05
68f2d95bd190740cfd6a1df0,yahoo,PUBLISH ENQUEUED questions_in,2025-10-29T13:32:06
68f2d95bd190740cfd6a34ca,yahoo,PUBLISH ENQUEUED questions_in,2025-10-29T13:32:07
68f2d95bd190740cfd6a1f79,yahoo,PUBLISH ENQUEUED questions_in,2025-10-29T13:32:08
68f2d95bd190740cfd6a345c,yahoo,PUBLISH ENQUEUED questions_in,2025-10-29T13:32:08
68f2d95bd190740cfd6a37ed,yahoo,PUBLISH ENQUEUED questions_in,2025-10-29T13:32:08
68f2d95bd190740cfd6a3db3,yahoo,PUBLISH ENQUEUED questions_in,2025-10-29T13:32:08
68f2d95bd190740cfd6a22d2,yahoo,PUBLISH ENQUEUED questions_in,2025-10-29T13:32:09
68f2d95bd190740cfd6a1c25,yahoo,PUBLISH ENQUEUED questions_in,2025-10-29T13:32:09
68f2d95bd190740cfd6a1e51,yahoo,PUBLISH ENQUEUED questions_in,2025-10-29T13:32:09
68f2d95bd190740cfd6a2099,yahoo,PUBLISH ENQUEUED questions_in,2025-10-29T13:32:09
68f2d95bd190740cfd6a41d9,yahoo,PUBLISH ENQUEUED questions_in,2025-10-29T13:32:10
68f2d95bd190740cfd6a2765,yahoo,PUBLISH ENQUEUED questions_in,2025-10-29T13:32:10
68f2d95bd190740cfd6a41b4,yahoo,PUBLISH ENQUEUED questions_in,2025-10-29T13:32:11
68f2d95bd190740cfd6a363f,yahoo,PUBLISH ENQUEUED questions_in,2025-10-29T13:32:11
68f2d95bd190740cfd6a392f,yahoo,PUBLISH ENQUEUED questions_in,2025-10-29T13:32:12
68f2d95bd190740cfd6a3985,yahoo,PUBLISH ENQUEUED questions_in,2025-10-29T13:32:12
68f2d95bd190740cfd6a32aa,yahoo,PUBLISH ENQUEUED questions_in,2025-10-29T13:32:13
68f2d95bd190740cfd6a3010,yahoo,PUBLISH ENQUEUED questions_in,2025-10-29T13:32:13
68f2d95bd190740cfd6a40e8,yahoo,PUBLISH ENQUEUED questions_in,2025-10-29T13:32:14
68f2d95bd190740cfd6a33c3,yahoo,PUBLISH ENQUEUED questions_in,2025-10-29T13:32:14
68f2d95bd190740cfd6a2f42,yahoo,PUBLISH ENQUEUED questions_in,2025-10-29T13:32:14
68f2d95bd190740cfd6a1c02,yahoo,PUBLISH ENQUEUED questions_in,2025-10-29T13:32:14
68f2d95bd190740cfd6a1b49,yahoo,PUBLISH ENQUEUED questions_in,2025-10-29T13:32:14
68f2d95bd190740cfd6a4173,yahoo,PUBLISH ENQUEUED questions_in,2025-10-29T13:32:14
68f2d95bd190740cfd6a304f,yahoo,PUBLISH ENQUEUED questions_in,2025-10-29T13:32:15
68f2d95bd190740cfd6a3086,yahoo,PUBLISH ENQUEUED questions_in,2025-10-29T13:32:15
68f2d95bd190740cfd6a395e,yahoo,PUBLISH ENQUEUED questions_in,2025-10-29T13:32:16
68f2d95bd190740cfd6a1b18,yahoo,PUBLISH ENQUEUED questions_in,2025-10-29T13:32:16
68f2d95bd190740cfd6a2784,yahoo,PUBLISH ENQUEUED questions_in,2025-10-29T13:32:16
68f2d95bd190740cfd6a399c,yahoo,PUBLISH ENQUEUED questions_in,2025-10-29T13:32:16
68f2d95bd190740cfd6a2a7c,yahoo,PUBLISH ENQUEUED questions_in,2025-10-29T13:32:17
68f2d95bd190740cfd6a2703,yahoo,PUBLISH ENQUEUED questions_in,2025-10-29T13:32:17
68f2d95bd190740cfd6a1c15,yahoo,PUBLISH ENQUEUED questions_in,2025-10-29T13:32:20
68f2d95bd190740cfd6a31ce,yahoo,PUBLISH ENQUEUED questions_in,2025-10-29T13:32:20
68f2d95bd190740cfd6a1f25,yahoo,PUBLISH ENQUEUED questions_in,2025-10-29T13:32:21
68f2d95bd190740cfd6a292c,yahoo,PUBLISH ENQUEUED questions_in,2025-10-29T13:32:23
68f2d95bd190740cfd6a2421,yahoo,PUBLISH ENQUEUED questions_in,2025-10-29T13:32:24
68f2d95bd190740cfd6a2cd8,yahoo,PUBLISH ENQUEUED questions_in,2025-10-29T13:32:25
68f2d95bd190740cfd6a229d,yahoo,PUBLISH ENQUEUED questions_in,2025-10-29T13:32:26
68f2d95bd190740cfd6a2263,yahoo,PUBLISH ENQUEUED questions_in,2025-10-29T13:32:28
68f2d95bd190740cfd6a2881,yahoo,PUBLISH ENQUEUED questions_in,2025-10-29T13:32:29
68f2d95bd190740cfd6a226b,yahoo,PUBLISH ENQUEUED questions_in,2025-10-29T13:32:30
68f2d95bd190740cfd6a2162,yahoo,PUBLISH ENQUEUED questions_in,2025-10-29T13:32:30
68f2d95bd190740cfd6a1fb6,yahoo,PUBLISH ENQUEUED questions_in,2025-10-29T13:32:32
68f2d95bd190740cfd6a2449,yahoo,PUBLISH ENQUEUED questions_in,2025-10-29T13:32:33
68f2d95bd190740cfd6a3729,yahoo,PUBLISH ENQUEUED questions_in,2025-10-29T13:32:34
68f2d95bd190740cfd6a392b,yahoo,PUBLISH ENQUEUED questions_in,2025-10-29T13:32:34
68f2d95bd190740cfd6a3d08,yahoo,PUBLISH ENQUEUED questions_in,2025-10-29T13:32:36
68f2d95bd190740cfd6a2ee2,yahoo,PUBLISH ENQUEUED questions_in,2025-10-29T13:32:36
68f2d95bd190740cfd6a230e,yahoo,PUBLISH ENQUEUED questions_in,2025-10-29T13:32:36
68f2d95bd190740cfd6a23ef,yahoo,PUBLISH ENQUEUED questions_in,2025-10-29T13:32:36
68f2d95bd190740cfd6a39e9,yahoo,PUBLISH ENQUEUED questions_in,2025-10-29T13:32:37
68f2d95bd190740cfd6a2571,yahoo,PUBLISH ENQUEUED questions_in,2025-10-29T13:32:37
68f2d95bd190740cfd6a2b25,yahoo,PUBLISH ENQUEUED questions_in,2025-10-29T13:32:38
68f2d95bd190740cfd6a32dc,yahoo,PUBLISH ENQUEUED questions_in,2025-10-29T13:32:38
68f2d95bd190740cfd6a2f56,yahoo,PUBLISH ENQUEUED questions_in,2025-10-29T13:32:39
68f2d95bd190740cfd6a232b,yahoo,PUBLISH ENQUEUED questions_in,2025-10-29T13:32:40
68f2d95bd190740cfd6a3bab,yahoo,PUBLISH ENQUEUED questions_in,2025-10-29T13:32:42
68f2d95bd190740cfd6a296c,yahoo,PUBLISH ENQUEUED questions_in,2025-10-29T13:32:42
68f2d95bd190740cfd6a2077,yahoo,PUBLISH ENQUEUED questions_in,2025-10-29T13:32:42
68f2d95bd190740cfd6a38b3,yahoo,PUBLISH ENQUEUED questions_in,2025-10-29T13:32:43
68f2d95bd190740cfd6a3bed,yahoo,PUBLISH ENQUEUED questions_in,2025-10-29T13:32:43
68f2d95bd190740cfd6a2231,yahoo,PUBLISH ENQUEUED questions_in,2025-10-29T13:32:44
68f2d95bd190740cfd6a1de6,yahoo,PUBLISH ENQUEUED questions_in,2025-10-29T13:32:44
68f2d95bd190740cfd6a1d4d,yahoo,PUBLISH ENQUEUED questions_in,2025-10-29T13:32:45
68f2d95bd190740cfd6a40ed,yahoo,PUBLISH ENQUEUED questions_in,2025-10-29T13:32:45
68f2d95bd190740cfd6a236b,yahoo,PUBLISH ENQUEUED questions_in,2025-10-29T13:32:45
68f2d95bd190740cfd6a3dff,yahoo,PUBLISH ENQUEUED questions_in,2025-10-29T13:32:45
68f2d95bd190740cfd6a26af,yahoo,PUBLISH ENQUEUED questions_in,2025-10-29T13:32:46
68f2d95bd190740cfd6a3e7e,yahoo,PUBLISH ENQUEUED questions_in,2025-10-29T13:32:46
68f2d95bd190740cfd6a1d96,yahoo,PUBLISH ENQUEUED questions_in,2025-10-29T13:32:48
68f2d95bd190740cfd6a3fed,yahoo,PUBLISH ENQUEUED questions_in,2025-10-29T13:32:48
68f2d95bd190740cfd6a2d96,yahoo,PUBLISH ENQUEUED questions_in,2025-10-29T13:32:52
68f2d95bd190740cfd6a38e5,yahoo,PUBLISH ENQUEUED questions_in,2025-10-29T13:32:52
68f2d95bd190740cfd6a2ed6,yahoo,PUBLISH ENQUEUED questions_in,2025-10-29T13:32:53
68f2d95bd190740cfd6a1e4d,yahoo,PUBLISH ENQUEUED questions_in,2025-10-29T13:32:53
68f2d95bd190740cfd6a3cc2,yahoo,PUBLISH ENQUEUED questions_in,2025-10-29T13:32:54
68f2d95bd190740cfd6a345d,yahoo,PUBLISH ENQUEUED questions_in,2025-10-29T13:32:54
68f2d95bd190740cfd6a2a18,yahoo,PUBLISH ENQUEUED questions_in,2025-10-29T13:32:55
68f2d95bd190740cfd6a2dcd,yahoo,PUBLISH ENQUEUED questions_in,2025-10-29T13:32:56
68f2d95bd190740cfd6a3867,yahoo,PUBLISH ENQUEUED questions_in,2025-10-29T13:32:56
68f2d95bd190740cfd6a24b2,yahoo,PUBLISH ENQUEUED questions_in,2025-10-29T13:32:57
68f2d95bd190740cfd6a1c08,yahoo,PUBLISH ENQUEUED questions_in,2025-10-29T13:32:57
68f2d95bd190740cfd6a2f1b,yahoo,PUBLISH ENQUEUED questions_in,2025-10-29T13:32:57
68f2d95bd190740cfd6a2ceb,yahoo,PUBLISH ENQUEUED questions_in,2025-10-29T13:32:57
68f2d95bd190740cfd6a21ba,yahoo,PUBLISH ENQUEUED questions_in,2025-10-29T13:32:58
68f2d95bd190740cfd6a2da2,yahoo,PUBLISH ENQUEUED questions_in,2025-10-29T13:32:58
68f2d95bd190740cfd6a3ec5,yahoo,PUBLISH ENQUEUED questions_in,2025-10-29T13:32:58
68f2d95bd190740cfd6a2547,yahoo,PUBLISH ENQUEUED questions_in,2025-10-29T13:32:58
68f2d95bd190740cfd6a35ac,yahoo,PUBLISH ENQUEUED questions_in,2025-10-29T13:32:59
68f2d95bd190740cfd6a36ae,yahoo,PUBLISH ENQUEUED questions_in,2025-10-29T13:33:00
68f2d95bd190740cfd6a3c87,yahoo,PUBLISH ENQUEUED questions_in,2025-10-29T13:33:01
68f2d95bd190740cfd6a28c3,yahoo,PUBLISH ENQUEUED questions_in,2025-10-29T13:33:01
68f2d95bd190740cfd6a35d5,yahoo,PUBLISH ENQUEUED questions_in,2025-10-29T13:33:02
68f2d95bd190740cfd6a3f9e,yahoo,PUBLISH ENQUEUED questions_in,2025-10-29T13:33:04
68f2d95bd190740cfd6a3b97,yahoo,PUBLISH ENQUEUED questions_in,2025-10-29T13:33:05
68f2d95bd190740cfd6a32bc,yahoo,PUBLISH ENQUEUED questions_in,2025-10-29T13:33:05
68f2d95bd190740cfd6a32b7,yahoo,PUBLISH ENQUEUED questions_in,2025-10-29T13:33:07
68f2d95bd190740cfd6a2558,yahoo,PUBLISH ENQUEUED questions_in,2025-10-29T13:33:07
68f2d95bd190740cfd6a226d,yahoo,PUBLISH ENQUEUED questions_in,2025-10-29T13:33:08
68f2d95bd190740cfd6a3480,yahoo,PUBLISH ENQUEUED questions_in,2025-10-29T13:33:08
68f2d95bd190740cfd6a3dd7,yahoo,PUBLISH ENQUEUED questions_in,2025-10-29T13:33:08
68f2d95bd190740cfd6a3e4b,yahoo,PUBLISH ENQUEUED questions_in,2025-10-29T13:33:08
68f2d95bd190740cfd6a2e8d,yahoo,PUBLISH ENQUEUED questions_in,2025-10-29T13:33:09
68f2d95bd190740cfd6a330d,yahoo,PUBLISH ENQUEUED questions_in,2025-10-29T13:33:09
68f2d95bd190740cfd6a364a,yahoo,PUBLISH ENQUEUED questions_in,2025-10-29T13:33:09
68f2d95bd190740cfd6a20d3,yahoo,PUBLISH ENQUEUED questions_in,2025-10-29T13:33:09
68f2d95bd190740cfd6a3cda,yahoo,PUBLISH ENQUEUED questions_in,2025-10-29T13:33:10
68f2d95bd190740cfd6a1d80,yahoo,PUBLISH ENQUEUED questions_in,2025-10-29T13:33:11
68f2d95bd190740cfd6a3d81,yahoo,PUBLISH ENQUEUED questions_in,2025-10-29T13:33:12
68f2d95bd190740cfd6a2036,yahoo,PUBLISH ENQUEUED questions_in,2025-10-29T13:33:12
68f2d95bd190740cfd6a2fca,yahoo,PUBLISH ENQUEUED questions_in,2025-10-29T13:33:15
68f2d95bd190740cfd6a2ea6,yahoo,PUBLISH ENQUEUED questions_in,2025-10-29T13:33:17
68f2d95bd190740cfd6a3aa6,yahoo,PUBLISH ENQUEUED questions_in,2025-10-29T13:33:19
68f2d95bd190740cfd6a28a4,yahoo,PUBLISH ENQUEUED questions_in,2025-10-29T13:33:20
68f2d95bd190740cfd6a3d1c,yahoo,PUBLISH ENQUEUED questions_in,2025-10-29T13:33:20
68f2d95bd190740cfd6a2978,yahoo,PUBLISH ENQUEUED questions_in,2025-10-29T13:33:22
68f2d95bd190740cfd6a25c0,yahoo,PUBLISH ENQUEUED questions_in,2025-10-29T13:33:24
68f2d95bd190740cfd6a2e2a,yahoo,PUBLISH ENQUEUED questions_in,2025-10-29T13:33:24
68f2d95bd190740cfd6a2b86,yahoo,PUBLISH ENQUEUED questions_in,2025-10-29T13:33:25
68f2d95bd190740cfd6a3b17,yahoo,PUBLISH ENQUEUED questions_in,2025-10-29T13:33:26
68f2d95bd190740cfd6a26af,yahoo,PUBLISH ENQUEUED questions_in,2025-10-29T13:33:27
68f2d95bd190740cfd6a352f,yahoo,PUBLISH ENQUEUED questions_in,2025-10-29T13:33:28
68f2d95bd190740cfd6a22cd,yahoo,PUBLISH ENQUEUED questions_in,2025-10-29T13:33:29
68f2d95bd190740cfd6a1af7,yahoo,PUBLISH ENQUEUED questions_in,2025-10-29T13:33:29
68f2d95bd190740cfd6a31f8,yahoo,PUBLISH ENQUEUED questions_in,2025-10-29T13:33:30
68f2d95bd190740cfd6a21aa,yahoo,PUBLISH ENQUEUED questions_in,2025-10-29T13:33:31
68f2d95bd190740cfd6a2fac,yahoo,PUBLISH ENQUEUED questions_in,2025-10-29T13:33:31
68f2d95bd190740cfd6a28f6,yahoo,PUBLISH ENQUEUED questions_in,2025-10-29T13:33:32
68f2d95bd190740cfd6a3521,yahoo,PUBLISH ENQUEUED questions_in,2025-10-29T13:33:33
68f2d95bd190740cfd6a3330,yahoo,PUBLISH ENQUEUED questions_in,2025-10-29T13:33:34
68f2d95bd190740cfd6a2fd3,yahoo,PUBLISH ENQUEUED questions_in,2025-10-29T13:33:34
68f2d95bd190740cfd6a1e8a,yahoo,PUBLISH ENQUEUED questions_in,2025-10-29T13:33:34
68f2d95bd190740cfd6a4081,yahoo,PUBLISH ENQUEUED questions_in,2025-10-29T13:33:35
68f2d95bd190740cfd6a3235,yahoo,PUBLISH ENQUEUED questions_in,2025-10-29T13:33:39
68f2d95bd190740cfd6a3a5e,yahoo,PUBLISH ENQUEUED questions_in,2025-10-29T13:33:39
68f2d95bd190740cfd6a2747,yahoo,PUBLISH ENQUEUED questions_in,2025-10-29T13:33:39
68f2d95bd190740cfd6a2798,yahoo,PUBLISH ENQUEUED questions_in,2025-10-29T13:33:40
68f2d95bd190740cfd6a276e,yahoo,PUBLISH ENQUEUED questions_in,2025-10-29T13:33:41
68f2d95bd190740cfd6a3054,yahoo,PUBLISH ENQUEUED questions_in,2025-10-29T13:33:43
68f2d95bd190740cfd6a2dd9,yahoo,PUBLISH ENQUEUED questions_in,2025-10-29T13:33:44
68f2d95bd190740cfd6a2b40,yahoo,PUBLISH ENQUEUED questions_in,2025-10-29T13:33:44
68f2d95bd190740cfd6a2ce8,yahoo,PUBLISH ENQUEUED questions_in,2025-10-29T13:33:44
68f2d95bd190740cfd6a1b7d,yahoo,PUBLISH ENQUEUED questions_in,2025-10-29T13:33:44
68f2d95bd190740cfd6a1c93,yahoo,PUBLISH ENQUEUED questions_in,2025-10-29T13:33:44
68f2d95bd190740cfd6a2311,yahoo,PUBLISH ENQUEUED questions_in,2025-10-29T13:33:45
68f2d95bd190740cfd6a3940,yahoo,PUBLISH ENQUEUED questions_in,2025-10-29T13:33:48
68f2d95bd190740cfd6a2c2b,yahoo,PUBLISH ENQUEUED questions_in,2025-10-29T13:33:49
68f2d95bd190740cfd6a3b2b,yahoo,PUBLISH ENQUEUED questions_in,2025-10-29T13:33:49
68f2d95bd190740cfd6a1edd,yahoo,PUBLISH ENQUEUED questions_in,2025-10-29T13:33:49
68f2d95bd190740cfd6a2ab9,yahoo,PUBLISH ENQUEUED questions_in,2025-10-29T13:33:51
68f2d95bd190740cfd6a26de,yahoo,PUBLISH ENQUEUED questions_in,2025-10-29T13:33:51
68f2d95bd190740cfd6a285b,yahoo,PUBLISH ENQUEUED questions_in,2025-10-29T13:33:51
68f2d95bd190740cfd6a1ed5,yahoo,PUBLISH ENQUEUED questions_in,2025-10-29T13:33:52
68f2d95bd190740cfd6a2dd5,yahoo,PUBLISH ENQUEUED questions_in,2025-10-29T13:33:53
68f2d95bd190740cfd6a288d,yahoo,PUBLISH ENQUEUED questions_in,2025-10-29T13:33:54
68f2d95bd190740cfd6a2540,yahoo,PUBLISH ENQUEUED questions_in,2025-10-29T13:33:54
68f2d95bd190740cfd6a1d8d,yahoo,PUBLISH ENQUEUED questions_in,2025-10-29T13:33:54
68f2d95bd190740cfd6a3ef0,yahoo,PUBLISH ENQUEUED questions_in,2025-10-29T13:33:57
68f2d95bd190740cfd6a2b3e,yahoo,PUBLISH ENQUEUED questions_in,2025-10-29T13:33:57
68f2d95bd190740cfd6a1e29,yahoo,PUBLISH ENQUEUED questions_in,2025-10-29T13:33:58
68f2d95bd190740cfd6a2f65,yahoo,PUBLISH ENQUEUED questions_in,2025-10-29T13:33:58
68f2d95bd190740cfd6a32ba,yahoo,PUBLISH ENQUEUED questions_in,2025-10-29T13:33:58
68f2d95bd190740cfd6a22b2,yahoo,PUBLISH ENQUEUED questions_in,2025-10-29T13:33:58
68f2d95bd190740cfd6a24c8,yahoo,PUBLISH ENQUEUED questions_in,2025-10-29T13:33:59
68f2d95bd190740cfd6a3712,yahoo,PUBLISH ENQUEUED questions_in,2025-10-29T13:33:59
68f2d95bd190740cfd6a2efe,yahoo,PUBLISH ENQUEUED questions_in,2025-10-29T13:34:00
68f2d95bd190740cfd6a254f,yahoo,PUBLISH ENQUEUED questions_in,2025-10-29T13:34:00
68f2d95bd190740cfd6a1c68,yahoo,PUBLISH ENQUEUED questions_in,2025-10-29T13:34:02
68f2d95bd190740cfd6a2e37,yahoo,PUBLISH ENQUEUED questions_in,2025-10-29T13:34:04
68f2d95bd190740cfd6a4074,yahoo,PUBLISH ENQUEUED questions_in,2025-10-29T13:34:05
68f2d95bd190740cfd6a2435,yahoo,PUBLISH ENQUEUED questions_in,2025-10-29T13:34:06
68f2d95bd190740cfd6a3591,yahoo,PUBLISH ENQUEUED questions_in,2025-10-29T13:34:06
68f2d95bd190740cfd6a2a4c,yahoo,PUBLISH ENQUEUED questions_in,2025-10-29T13:34:06
68f2d95bd190740cfd6a3ffb,yahoo,PUBLISH ENQUEUED questions_in,2025-10-29T13:34:06
68f2d95bd190740cfd6a35c3,yahoo,PUBLISH ENQUEUED questions_in,2025-10-29T13:34:07
68f2d95bd190740cfd6a3f84,yahoo,PUBLISH ENQUEUED questions_in,2025-10-29T13:34:07
68f2d95bd190740cfd6a2b28,yahoo,PUBLISH ENQUEUED questions_in,2025-10-29T13:34:07
68f2d95bd190740cfd6a1d75,yahoo,PUBLISH ENQUEUED questions_in,2025-10-29T13:34:08
68f2d95bd190740cfd6a28a4,yahoo,PUBLISH ENQUEUED questions_in,2025-10-29T13:34:09
68f2d95bd190740cfd6a332e,yahoo,PUBLISH ENQUEUED questions_in,2025-10-29T13:34:09
68f2d95bd190740cfd6a3578,yahoo,PUBLISH ENQUEUED questions_in,2025-10-29T13:34:10
68f2d95bd190740cfd6a2d0a,yahoo,PUBLISH ENQUEUED questions_in,2025-10-29T13:34:10
68f2d95bd190740cfd6a3763,yahoo,PUBLISH ENQUEUED questions_in,2025-10-29T13:34:10
68f2d95bd190740cfd6a31da,yahoo,PUBLISH ENQUEUED questions_in,2025-10-29T13:34:10
68f2d95bd190740cfd6a3ce1,yahoo,PUBLISH ENQUEUED questions_in,2025-10-29T13:34:10
68f2d95bd190740cfd6a2956,yahoo,PUBLISH ENQUEUED questions_in,2025-10-29T13:34:11
68f2d95bd190740cfd6a23bd,yahoo,PUBLISH ENQUEUED questions_in,2025-10-29T13:34:12
68f2d95bd190740cfd6a1aeb,yahoo,PUBLISH ENQUEUED questions_in,2025-10-29T13:34:14
68f2d95bd190740cfd6a275a,yahoo,PUBLISH ENQUEUED questions_in,2025-10-29T13:34:15
68f2d95bd190740cfd6a3c50,yahoo,PUBLISH ENQUEUED questions_in,2025-10-29T13:34:15
68f2d95bd190740cfd6a3eb9,yahoo,PUBLISH ENQUEUED questions_in,2025-10-29T13:34:15
68f2d95bd190740cfd6a3e2e,yahoo,PUBLISH ENQUEUED questions_in,2025-10-29T13:34:15
68f2d95bd190740cfd6a2bc5,yahoo,PUBLISH ENQUEUED questions_in,2025-10-29T13:34:16
68f2d95bd190740cfd6a4030,yahoo,PUBLISH ENQUEUED questions_in,2025-10-29T13:34:18
68f2d95bd190740cfd6a35aa,yahoo,PUBLISH ENQUEUED questions_in,2025-10-29T13:34:18
68f2d95bd190740cfd6a1ef0,yahoo,PUBLISH ENQUEUED questions_in,2025-10-29T13:34:18
68f2d95bd190740cfd6a1de6,yahoo,PUBLISH ENQUEUED questions_in,2025-10-29T13:34:19
68f2d95bd190740cfd6a208a,yahoo,PUBLISH ENQUEUED questions_in,2025-10-29T13:34:19
68f2d95bd190740cfd6a28d8,yahoo,PUBLISH ENQUEUED questions_in,2025-10-29T13:34:19
68f2d95bd190740cfd6a32b8,yahoo,PUBLISH ENQUEUED questions_in,2025-10-29T13:34:20
68f2d95bd190740cfd6a2def,yahoo,PUBLISH ENQUEUED questions_in,2025-10-29T13:34:20
68f2d95bd190740cfd6a2133,yahoo,PUBLISH ENQUEUED questions_in,2025-10-29T13:34:21
68f2d95bd190740cfd6a27ba,yahoo,PUBLISH ENQUEUED questions_in,2025-10-29T13:34:21
68f2d95bd190740cfd6a1e23,yahoo,PUBLISH ENQUEUED questions_in,2025-10-29T13:34:21
68f2d95bd190740cfd6a228d,yahoo,PUBLISH ENQUEUED questions_in,2025-10-29T13:34:22
68f2d95bd190740cfd6a403d,yahoo,PUBLISH ENQUEUED questions_in,2025-10-29T13:34:22
68f2d95bd190740cfd6a31cd,yahoo,PUBLISH ENQUEUED questions_in,2025-10-29T13:34:23
68f2d95bd190740cfd6a3a20,yahoo,PUBLISH ENQUEUED questions_in,2025-10-29T13:34:23
68f2d95bd190740cfd6a2ddb,yahoo,PUBLISH ENQUEUED questions_in,2025-10-29T13:34:24
68f2d95bd190740cfd6a3197,yahoo,PUBLISH ENQUEUED questions_in,2025-10-29T13:34:24
68f2d95bd190740cfd6a307f,yahoo,PUBLISH ENQUEUED questions_in,2025-10-29T13:34:24
68f2d95bd190740cfd6a1d07,yahoo,PUBLISH ENQUEUED questions_in,2025-10-29T13:34:25
68f2d95bd190740cfd6a38ba,yahoo,PUBLISH ENQUEUED questions_in,2025-10-29T13:34:25
68f2d95bd190740cfd6a2507,yahoo,PUBLISH ENQUEUED questions_in,2025-10-29T13:34:25
68f2d95bd190740cfd6a2489,yahoo,PUBLISH ENQUEUED questions_in,2025-10-29T13:34:26
68f2d95bd190740cfd6a2c6c,yahoo,PUBLISH ENQUEUED questions_in,2025-10-29T13:34:28
68f2d95bd190740cfd6a36b2,yahoo,PUBLISH ENQUEUED questions_in,2025-10-29T13:34:31
68f2d95bd190740cfd6a2e94,yahoo,PUBLISH ENQUEUED questions_in,2025-10-29T13:34:31
68f2d95bd190740cfd6a1ca7,yahoo,PUBLISH ENQUEUED questions_in,2025-10-29T13:34:34
68f2d95bd190740cfd6a40b0,yahoo,PUBLISH ENQUEUED questions_in,2025-10-29T13:34:35
68f2d95bd190740cfd6a310f,yahoo,PUBLISH ENQUEUED questions_in,2025-10-29T13:34:35
68f2d95bd190740cfd6a2cd5,yahoo,PUBLISH ENQUEUED questions_in,2025-10-29T13:34:36
68f2d95bd190740cfd6a3400,yahoo,PUBLISH ENQUEUED questions_in,2025-10-29T13:34:36
68f2d95bd190740cfd6a3ab6,yahoo,PUBLISH ENQUEUED questions_in,2025-10-29T13:34:37
68f2d95bd190740cfd6a27b7,yahoo,PUBLISH ENQUEUED questions_in,2025-10-29T13:34:38
68f2d95bd190740cfd6a1dd8,yahoo,PUBLISH ENQUEUED questions_in,2025-10-29T13:34:38
68f2d95bd190740cfd6a27b8,yahoo,PUBLISH ENQUEUED questions_in,2025-10-29T13:34:39
68f2d95bd190740cfd6a2d53,yahoo,PUBLISH ENQUEUED questions_in,2025-10-29T13:34:40
68f2d95bd190740cfd6a2ef9,yahoo,PUBLISH ENQUEUED questions_in,2025-10-29T13:34:41
68f2d95bd190740cfd6a3991,yahoo,PUBLISH ENQUEUED questions_in,2025-10-29T13:34:44
68f2d95bd190740cfd6a2988,yahoo,PUBLISH ENQUEUED questions_in,2025-10-29T13:34:46
68f2d95bd190740cfd6a31a5,yahoo,PUBLISH ENQUEUED questions_in,2025-10-29T13:34:47
68f2d95bd190740cfd6a3c47,yahoo,PUBLISH ENQUEUED questions_in,2025-10-29T13:34:47
68f2d95bd190740cfd6a3d3c,yahoo,PUBLISH ENQUEUED questions_in,2025-10-29T13:34:49
68f2d95bd190740cfd6a3f9a,yahoo,PUBLISH ENQUEUED questions_in,2025-10-29T13:34:49
68f2d95bd190740cfd6a3311,yahoo,PUBLISH ENQUEUED questions_in,2025-10-29T13:34:49
68f2d95bd190740cfd6a2862,yahoo,PUBLISH ENQUEUED questions_in,2025-10-29T13:34:49
68f2d95bd190740cfd6a39bf,yahoo,PUBLISH ENQUEUED questions_in,2025-10-29T13:34:49
68f2d95bd190740cfd6a1bb4,yahoo,PUBLISH ENQUEUED questions_in,2025-10-29T13:34:50
68f2d95bd190740cfd6a3f59,yahoo,PUBLISH ENQUEUED questions_in,2025-10-29T13:34:50
68f2d95bd190740cfd6a24f6,yahoo,PUBLISH ENQUEUED questions_in,2025-10-29T13:34:51
68f2d95bd190740cfd6a302a,yahoo,PUBLISH ENQUEUED questions_in,2025-10-29T13:34:51
68f2d95bd190740cfd6a20b1,yahoo,PUBLISH ENQUEUED questions_in,2025-10-29T13:34:51
68f2d95bd190740cfd6a363d,yahoo,PUBLISH ENQUEUED questions_in,2025-10-29T13:34:52
68f2d95bd190740cfd6a2882,yahoo,PUBLISH ENQUEUED questions_in,2025-10-29T13:34:52
68f2d95bd190740cfd6a1f97,yahoo,PUBLISH ENQUEUED questions_in,2025-10-29T13:34:53
68f2d95bd190740cfd6a1c43,yahoo,PUBLISH ENQUEUED questions_in,2025-10-29T13:34:54
68f2d95bd190740cfd6a2b1e,yahoo,PUBLISH ENQUEUED questions_in,2025-10-29T13:34:54
68f2d95bd190740cfd6a3d1d,yahoo,PUBLISH ENQUEUED questions_in,2025-10-29T13:34:56
68f2d95bd190740cfd6a2cbf,yahoo,PUBLISH ENQUEUED questions_in,2025-10-29T13:34:56
68f2d95bd190740cfd6a1d78,yahoo,PUBLISH ENQUEUED questions_in,2025-10-29T13:34:56
68f2d95bd190740cfd6a2cdb,yahoo,PUBLISH ENQUEUED questions_in,2025-10-29T13:34:57
68f2d95bd190740cfd6a35d8,yahoo,PUBLISH ENQUEUED questions_in,2025-10-29T13:34:58
68f2d95bd190740cfd6a3c74,yahoo,PUBLISH ENQUEUED questions_in,2025-10-29T13:34:58
68f2d95bd190740cfd6a3c78,yahoo,PUBLISH ENQUEUED questions_in,2025-10-29T13:34:58
68f2d95bd190740cfd6a3763,yahoo,PUBLISH ENQUEUED questions_in,2025-10-29T13:35:01
68f2d95bd190740cfd6a2248,yahoo,PUBLISH ENQUEUED questions_in,2025-10-29T13:35:01
68f2d95bd190740cfd6a38f2,yahoo,PUBLISH ENQUEUED questions_in,2025-10-29T13:35:02
68f2d95bd190740cfd6a303c,yahoo,PUBLISH ENQUEUED questions_in,2025-10-29T13:35:03
68f2d95bd190740cfd6a288e,yahoo,PUBLISH ENQUEUED questions_in,2025-10-29T13:35:03
68f2d95bd190740cfd6a2f4d,yahoo,PUBLISH ENQUEUED questions_in,2025-10-29T13:35:03
68f2d95bd190740cfd6a262c,yahoo,PUBLISH ENQUEUED questions_in,2025-10-29T13:35:03
68f2d95bd190740cfd6a1ba0,yahoo,PUBLISH ENQUEUED questions_in,2025-10-29T13:35:04
68f2d95bd190740cfd6a1d8a,yahoo,PUBLISH ENQUEUED questions_in,2025-10-29T13:35:04
68f2d95bd190740cfd6a312b,yahoo,PUBLISH ENQUEUED questions_in,2025-10-29T13:35:05
68f2d95bd190740cfd6a260b,yahoo,PUBLISH ENQUEUED questions_in,2025-10-29T13:35:06
68f2d95bd190740cfd6a31a9,yahoo,PUBLISH ENQUEUED questions_in,2025-10-29T13:35:07
68f2d95bd190740cfd6a249c,yahoo,PUBLISH ENQUEUED questions_in,2025-10-29T13:35:07
68f2d95bd190740cfd6a1d75,yahoo,PUBLISH ENQUEUED questions_in,2025-10-29T13:35:08
68f2d95bd190740cfd6a2d57,yahoo,PUBLISH ENQUEUED questions_in,2025-10-29T13:35:08
68f2d95bd190740cfd6a405f,yahoo,PUBLISH ENQUEUED questions_in,2025-10-29T13:35:09
68f2d95bd190740cfd6a3f4f,yahoo,PUBLISH ENQUEUED questions_in,2025-10-29T13:35:09
68f2d95bd190740cfd6a259e,yahoo,PUBLISH ENQUEUED questions_in,2025-10-29T13:35:10
68f2d95bd190740cfd6a1bc5,yahoo,PUBLISH ENQUEUED questions_in,2025-10-29T13:35:11
68f2d95bd190740cfd6a33af,yahoo,PUBLISH ENQUEUED questions_in,2025-10-29T13:35:12
68f2d95bd190740cfd6a2390,yahoo,PUBLISH ENQUEUED questions_in,2025-10-29T13:35:14
68f2d95bd190740cfd6a3a76,yahoo,PUBLISH ENQUEUED questions_in,2025-10-29T13:35:14
68f2d95bd190740cfd6a1b9a,yahoo,PUBLISH ENQUEUED questions_in,2025-10-29T13:35:15
68f2d95bd190740cfd6a1c45,yahoo,PUBLISH ENQUEUED questions_in,2025-10-29T13:35:15
68f2d95bd190740cfd6a37ef,yahoo,PUBLISH ENQUEUED questions_in,2025-10-29T13:35:15
68f2d95bd190740cfd6a2522,yahoo,PUBLISH ENQUEUED questions_in,2025-10-29T13:35:15
68f2d95bd190740cfd6a2b1f,yahoo,PUBLISH ENQUEUED questions_in,2025-10-29T13:35:15
68f2d95bd190740cfd6a3ee9,yahoo,PUBLISH ENQUEUED questions_in,2025-10-29T13:35:16
68f2d95bd190740cfd6a1e5a,yahoo,PUBLISH ENQUEUED questions_in,2025-10-29T13:35:17
68f2d95bd190740cfd6a3405,yahoo,PUBLISH ENQUEUED questions_in,2025-10-29T13:35:17
68f2d95bd190740cfd6a25b4,yahoo,PUBLISH ENQUEUED questions_in,2025-10-29T13:35:18
68f2d95bd190740cfd6a3540,yahoo,PUBLISH ENQUEUED questions_in,2025-10-29T13:35:18
68f2d95bd190740cfd6a1b41,yahoo,PUBLISH ENQUEUED questions_in,2025-10-29T13:35:18
68f2d95bd190740cfd6a1b50,yahoo,PUBLISH ENQUEUED questions_in,2025-10-29T13:35:18
68f2d95bd190740cfd6a3dbf,yahoo,PUBLISH ENQUEUED questions_in,2025-10-29T13:35:23
68f2d95bd190740cfd6a3ef6,yahoo,PUBLISH ENQUEUED questions_in,2025-10-29T13:35:23
68f2d95bd190740cfd6a4061,yahoo,PUBLISH ENQUEUED questions_in,2025-10-29T13:35:23
68f2d95bd190740cfd6a2700,yahoo,PUBLISH ENQUEUED questions_in,2025-10-29T13:35:24
68f2d95bd190740cfd6a1ba4,yahoo,PUBLISH ENQUEUED questions_in,2025-10-29T13:35:25
68f2d95bd190740cfd6a2078,yahoo,PUBLISH ENQUEUED questions_in,2025-10-29T13:35:26
68f2d95bd190740cfd6a30fc,yahoo,PUBLISH ENQUEUED questions_in,2025-10-29T13:35:27
68f2d95bd190740cfd6a3f48,yahoo,PUBLISH ENQUEUED questions_in,2025-10-29T13:35:28
68f2d95bd190740cfd6a1f2e,yahoo,PUBLISH ENQUEUED questions_in,2025-10-29T13:35:28
68f2d95bd190740cfd6a3869,yahoo,PUBLISH ENQUEUED questions_in,2025-10-29T13:35:29
68f2d95bd190740cfd6a2646,yahoo,PUBLISH ENQUEUED questions_in,2025-10-29T13:35:32
68f2d95bd190740cfd6a3305,yahoo,PUBLISH ENQUEUED questions_in,2025-10-29T13:35:32
68f2d95bd190740cfd6a1b29,yahoo,PUBLISH ENQUEUED questions_in,2025-10-29T13:35:32
68f2d95bd190740cfd6a2a53,yahoo,PUBLISH ENQUEUED questions_in,2025-10-29T13:35:33
68f2d95bd190740cfd6a2aab,yahoo,PUBLISH ENQUEUED questions_in,2025-10-29T13:35:33
68f2d95bd190740cfd6a2658,yahoo,PUBLISH ENQUEUED questions_in,2025-10-29T13:35:35
68f2d95bd190740cfd6a4023,yahoo,PUBLISH ENQUEUED questions_in,2025-10-29T13:35:36
68f2d95bd190740cfd6a3b4a,yahoo,PUBLISH ENQUEUED questions_in,2025-10-29T13:35:38
68f2d95bd190740cfd6a3064,yahoo,PUBLISH ENQUEUED questions_in,2025-10-29T13:35:38
68f2d95bd190740cfd6a2077,yahoo,PUBLISH ENQUEUED questions_in,2025-10-29T13:35:39
68f2d95bd190740cfd6a2245,yahoo,PUBLISH ENQUEUED questions_in,2025-10-29T13:35:41
68f2d95bd190740cfd6a41b2,yahoo,PUBLISH ENQUEUED questions_in,2025-10-29T13:35:41
68f2d95bd190740cfd6a1d48,yahoo,PUBLISH ENQUEUED questions_in,2025-10-29T13:35:42
68f2d95bd190740cfd6a276d,yahoo,PUBLISH ENQUEUED questions_in,2025-10-29T13:35:42
68f2d95bd190740cfd6a2064,yahoo,PUBLISH ENQUEUED questions_in,2025-10-29T13:35:42
68f2d95bd190740cfd6a418d,yahoo,PUBLISH ENQUEUED questions_in,2025-10-29T13:35:45
68f2d95bd190740cfd6a2cbe,yahoo,PUBLISH ENQUEUED questions_in,2025-10-29T13:35:46
68f2d95bd190740cfd6a1b64,yahoo,PUBLISH ENQUEUED questions_in,2025-10-29T13:35:46
68f2d95bd190740cfd6a2d54,yahoo,PUBLISH ENQUEUED questions_in,2025-10-29T13:35:46
68f2d95bd190740cfd6a318c,yahoo,PUBLISH ENQUEUED questions_in,2025-10-29T13:35:47
68f2d95bd190740cfd6a3176,yahoo,PUBLISH ENQUEUED questions_in,2025-10-29T13:35:47
68f2d95bd190740cfd6a2bb9,yahoo,PUBLISH ENQUEUED questions_in,2025-10-29T13:35:48
68f2d95bd190740cfd6a2326,yahoo,PUBLISH ENQUEUED questions_in,2025-10-29T13:35:48
68f2d95bd190740cfd6a34d3,yahoo,PUBLISH ENQUEUED questions_in,2025-10-29T13:35:49
68f2d95bd190740cfd6a2782,yahoo,PUBLISH ENQUEUED questions_in,2025-10-29T13:35:50
68f2d95bd190740cfd6a2a18,yahoo,PUBLISH ENQUEUED questions_in,2025-10-29T13:35:50
68f2d95bd190740cfd6a2871,yahoo,PUBLISH ENQUEUED questions_in,2025-10-29T13:35:51
68f2d95bd190740cfd6a2ee7,yahoo,PUBLISH ENQUEUED questions_in,2025-10-29T13:35:52
68f2d95bd190740cfd6a1f50,yahoo,PUBLISH ENQUEUED questions_in,2025-10-29T13:35:52
68f2d95bd190740cfd6a32a7,yahoo,PUBLISH ENQUEUED questions_in,2025-10-29T13:35:52
68f2d95bd190740cfd6a228c,yahoo,PUBLISH ENQUEUED questions_in,2025-10-29T13:35:53
68f2d95bd190740cfd6a232a,yahoo,PUBLISH ENQUEUED questions_in,2025-10-29T13:35:53
68f2d95bd190740cfd6a1ed0,yahoo,PUBLISH ENQUEUED questions_in,2025-10-29T13:35:54
68f2d95bd190740cfd6a2701,yahoo,PUBLISH ENQUEUED questions_in,2025-10-29T13:35:54
68f2d95bd190740cfd6a2e6a,yahoo,PUBLISH ENQUEUED questions_in,2025-10-29T13:35:54
68f2d95bd190740cfd6a39ed,yahoo,PUBLISH ENQUEUED questions_in,2025-10-29T13:35:56
68f2d95bd190740cfd6a244d,yahoo,PUBLISH ENQUEUED questions_in,2025-10-29T13:35:56
68f2d95bd190740cfd6a24dd,yahoo,PUBLISH ENQUEUED questions_in,2025-10-29T13:35:56
68f2d95bd190740cfd6a4166,yahoo,PUBLISH ENQUEUED questions_in,2025-10-29T13:35:57
68f2d95bd190740cfd6a2021,yahoo,PUBLISH ENQUEUED questions_in,2025-10-29T13:35:57
68f2d95bd190740cfd6a3978,yahoo,PUBLISH ENQUEUED questions_in,2025-10-29T13:35:57
68f2d95bd190740cfd6a41b9,yahoo,PUBLISH ENQUEUED questions_in,2025-10-29T13:35:57
68f2d95bd190740cfd6a3ed3,yahoo,PUBLISH ENQUEUED questions_in,2025-10-29T13:35:58
68f2d95bd190740cfd6a39e7,yahoo,PUBLISH ENQUEUED questions_in,2025-10-29T13:36:00
68f2d95bd190740cfd6a29b4,yahoo,PUBLISH ENQUEUED questions_in,2025-10-29T13:36:01
68f2d95bd190740cfd6a40de,yahoo,PUBLISH ENQUEUED questions_in,2025-10-29T13:36:02
68f2d95bd190740cfd6a2a90,yahoo,PUBLISH ENQUEUED questions_in,2025-10-29T13:36:02
68f2d95bd190740cfd6a3808,yahoo,PUBLISH ENQUEUED questions_in,2025-10-29T13:36:02
68f2d95bd190740cfd6a40ac,yahoo,PUBLISH ENQUEUED questions_in,2025-10-29T13:36:03
68f2d95bd190740cfd6a3097,yahoo,PUBLISH ENQUEUED questions_in,2025-10-29T13:36:03
68f2d95bd190740cfd6a3150,yahoo,PUBLISH ENQUEUED questions_in,2025-10-29T13:36:05
68f2d95bd190740cfd6a2e1b,yahoo,PUBLISH ENQUEUED questions_in,2025-10-29T13:36:05
68f2d95bd190740cfd6a302a,yahoo,PUBLISH ENQUEUED questions_in,2025-10-29T13:36:05
68f2d95bd190740cfd6a32d1,yahoo,PUBLISH ENQUEUED questions_in,2025-10-29T13:36:05
68f2d95bd190740cfd6a24bb,yahoo,PUBLISH ENQUEUED questions_in,2025-10-29T13:36:07
68f2d95bd190740cfd6a2304,yahoo,PUBLISH ENQUEUED questions_in,2025-10-29T13:36:07
68f2d95bd190740cfd6a37d9,yahoo,PUBLISH ENQUEUED questions_in,2025-10-29T13:36:08
68f2d95bd190740cfd6a1fd4,yahoo,PUBLISH ENQUEUED questions_in,2025-10-29T13:36:10
68f2d95bd190740cfd6a38e0,yahoo,PUBLISH ENQUEUED questions_in,2025-10-29T13:36:10
68f2d95bd190740cfd6a30da,yahoo,PUBLISH ENQUEUED questions_in,2025-10-29T13:36:13
68f2d95bd190740cfd6a21ea,yahoo,PUBLISH ENQUEUED questions_in,2025-10-29T13:36:13
68f2d95bd190740cfd6a297d,yahoo,PUBLISH ENQUEUED questions_in,2025-10-29T13:36:14
68f2d95bd190740cfd6a3b98,yahoo,PUBLISH ENQUEUED questions_in,2025-10-29T13:36:14
68f2d95bd190740cfd6a2be8,yahoo,PUBLISH ENQUEUED questions_in,2025-10-29T13:36:14
68f2d95bd190740cfd6a2d20,yahoo,PUBLISH ENQUEUED questions_in,2025-10-29T13:36:15
68f2d95bd190740cfd6a3e72,yahoo,PUBLISH ENQUEUED questions_in,2025-10-29T13:36:17
68f2d95bd190740cfd6a2a7f,yahoo,PUBLISH ENQUEUED questions_in,2025-10-29T13:36:17
68f2d95bd190740cfd6a2cf0,yahoo,PUBLISH ENQUEUED questions_in,2025-10-29T13:36:17
68f2d95bd190740cfd6a3ffb,yahoo,PUBLISH ENQUEUED questions_in,2025-10-29T13:36:18
68f2d95bd190740cfd6a3df4,yahoo,PUBLISH ENQUEUED questions_in,2025-10-29T13:36:18
68f2d95bd190740cfd6a26ff,yahoo,PUBLISH ENQUEUED questions_in,2025-10-29T13:36:19
68f2d95bd190740cfd6a39b7,yahoo,PUBLISH ENQUEUED questions_in,2025-10-29T13:36:20
68f2d95bd190740cfd6a30ae,yahoo,PUBLISH ENQUEUED questions_in,2025-10-29T13:36:20
68f2d95bd190740cfd6a3aeb,yahoo,PUBLISH ENQUEUED questions_in,2025-10-29T13:36:20
68f2d95bd190740cfd6a3b1f,yahoo,PUBLISH ENQUEUED questions_in,2025-10-29T13:36:20
68f2d95bd190740cfd6a3526,yahoo,PUBLISH ENQUEUED questions_in,2025-10-29T13:36:21
68f2d95bd190740cfd6a3a35,yahoo,PUBLISH ENQUEUED questions_in,2025-10-29T13:36:22
68f2d95bd190740cfd6a29a5,yahoo,PUBLISH ENQUEUED questions_in,2025-10-29T13:36:22
68f2d95bd190740cfd6a28ae,yahoo,PUBLISH ENQUEUED questions_in,2025-10-29T13:36:23
68f2d95bd190740cfd6a3ff7,yahoo,PUBLISH ENQUEUED questions_in,2025-10-29T13:36:23
68f2d95bd190740cfd6a3957,yahoo,PUBLISH ENQUEUED questions_in,2025-10-29T13:36:24
68f2d95bd190740cfd6a1f03,yahoo,PUBLISH ENQUEUED questions_in,2025-10-29T13:36:24
68f2d95bd190740cfd6a3489,yahoo,PUBLISH ENQUEUED questions_in,2025-10-29T13:36:24
68f2d95bd190740cfd6a413f,yahoo,PUBLISH ENQUEUED questions_in,2025-10-29T13:36:25
68f2d95bd190740cfd6a1aeb,yahoo,PUBLISH ENQUEUED questions_in,2025-10-29T13:36:26
68f2d95bd190740cfd6a2bef,yahoo,PUBLISH ENQUEUED questions_in,2025-10-29T13:36:26
68f2d95bd190740cfd6a1b5e,yahoo,PUBLISH ENQUEUED questions_in,2025-10-29T13:36:26
68f2d95bd190740cfd6a3550,yahoo,PUBLISH ENQUEUED questions_in,2025-10-29T13:36:27
68f2d95bd190740cfd6a2870,yahoo,PUBLISH ENQUEUED questions_in,2025-10-29T13:36:28
68f2d95bd190740cfd6a3d32,yahoo,PUBLISH ENQUEUED questions_in,2025-10-29T13:36:28
68f2d95bd190740cfd6a2038,yahoo,PUBLISH ENQUEUED questions_in,2025-10-29T13:36:29
68f2d95bd190740cfd6a4193,yahoo,PUBLISH ENQUEUED questions_in,2025-10-29T13:36:30
68f2d95bd190740cfd6a419c,yahoo,PUBLISH ENQUEUED questions_in,2025-10-29T13:36:30
68f2d95bd190740cfd6a1c7b,yahoo,PUBLISH ENQUEUED questions_in,2025-10-29T13:36:31
68f2d95bd190740cfd6a396a,yahoo,PUBLISH ENQUEUED questions_in,2025-10-29T13:36:31
68f2d95bd190740cfd6a1fa1,yahoo,PUBLISH ENQUEUED questions_in,2025-10-29T13:36:32
68f2d95bd190740cfd6a3c48,yahoo,PUBLISH ENQUEUED questions_in,2025-10-29T13:36:33
68f2d95bd190740cfd6a31ce,yahoo,PUBLISH ENQUEUED questions_in,2025-10-29T13:36:34
68f2d95bd190740cfd6a403c,yahoo,PUBLISH ENQUEUED questions_in,2025-10-29T13:36:34
68f2d95bd190740cfd6a3ecc,yahoo,PUBLISH ENQUEUED questions_in,2025-10-29T13:36:35
68f2d95bd190740cfd6a27d3,yahoo,PUBLISH ENQUEUED questions_in,2025-10-29T13:36:36
68f2d95bd190740cfd6a2f70,yahoo,PUBLISH ENQUEUED questions_in,2025-10-29T13:36:38
68f2d95bd190740cfd6a285c,yahoo,PUBLISH ENQUEUED questions_in,2025-10-29T13:36:39
68f2d95bd190740cfd6a3f3e,yahoo,PUBLISH ENQUEUED questions_in,2025-10-29T13:36:40
68f2d95bd190740cfd6a3ff2,yahoo,PUBLISH ENQUEUED questions_in,2025-10-29T13:36:41
68f2d95bd190740cfd6a3d2b,yahoo,PUBLISH ENQUEUED questions_in,2025-10-29T13:36:41
68f2d95bd190740cfd6a3bb9,yahoo,PUBLISH ENQUEUED questions_in,2025-10-29T13:36:42
68f2d95bd190740cfd6a3d87,yahoo,PUBLISH ENQUEUED questions_in,2025-10-29T13:36:42
68f2d95bd190740cfd6a3eeb,yahoo,PUBLISH ENQUEUED questions_in,2025-10-29T13:36:43
68f2d95bd190740cfd6a35fe,yahoo,PUBLISH ENQUEUED questions_in,2025-10-29T13:36:43
68f2d95bd190740cfd6a2924,yahoo,PUBLISH ENQUEUED questions_in,2025-10-29T13:36:44
68f2d95bd190740cfd6a38f6,yahoo,PUBLISH ENQUEUED questions_in,2025-10-29T13:36:46
68f2d95bd190740cfd6a2a10,yahoo,PUBLISH ENQUEUED questions_in,2025-10-29T13:36:46
68f2d95bd190740cfd6a22e2,yahoo,PUBLISH ENQUEUED questions_in,2025-10-29T13:36:47
68f2d95bd190740cfd6a3352,yahoo,PUBLISH ENQUEUED questions_in,2025-10-29T13:36:47
68f2d95bd190740cfd6a27c6,yahoo,PUBLISH ENQUEUED questions_in,2025-10-29T13:36:47
68f2d95bd190740cfd6a3c68,yahoo,PUBLISH ENQUEUED questions_in,2025-10-29T13:36:47
68f2d95bd190740cfd6a23ac,yahoo,PUBLISH ENQUEUED questions_in,2025-10-29T13:36:47
68f2d95bd190740cfd6a3435,yahoo,PUBLISH ENQUEUED questions_in,2025-10-29T13:36:48
68f2d95bd190740cfd6a2632,yahoo,PUBLISH ENQUEUED questions_in,2025-10-29T13:36:48
68f2d95bd190740cfd6a3729,yahoo,PUBLISH ENQUEUED questions_in,2025-10-29T13:36:48
68f2d95bd190740cfd6a410e,yahoo,PUBLISH ENQUEUED questions_in,2025-10-29T13:36:48
68f2d95bd190740cfd6a2315,yahoo,PUBLISH ENQUEUED questions_in,2025-10-29T13:36:50
68f2d95bd190740cfd6a3b5b,yahoo,PUBLISH ENQUEUED questions_in,2025-10-29T13:36:51
68f2d95bd190740cfd6a3b2d,yahoo,PUBLISH ENQUEUED questions_in,2025-10-29T13:36:52
68f2d95bd190740cfd6a2fe4,yahoo,PUBLISH ENQUEUED questions_in,2025-10-29T13:36:53
68f2d95bd190740cfd6a2bda,yahoo,PUBLISH ENQUEUED questions_in,2025-10-29T13:36:53
68f2d95bd190740cfd6a1e1a,yahoo,PUBLISH ENQUEUED questions_in,2025-10-29T13:36:54
68f2d95bd190740cfd6a23f2,yahoo,PUBLISH ENQUEUED questions_in,2025-10-29T13:36:56
68f2d95bd190740cfd6a3e48,yahoo,PUBLISH ENQUEUED questions_in,2025-10-29T13:36:56
68f2d95bd190740cfd6a2c35,yahoo,PUBLISH ENQUEUED questions_in,2025-10-29T13:36:56
68f2d95bd190740cfd6a2678,yahoo,PUBLISH ENQUEUED questions_in,2025-10-29T13:36:57
68f2d95bd190740cfd6a3bc4,yahoo,PUBLISH ENQUEUED questions_in,2025-10-29T13:36:59
68f2d95bd190740cfd6a393d,yahoo,PUBLISH ENQUEUED questions_in,2025-10-29T13:37:00
68f2d95bd190740cfd6a2851,yahoo,PUBLISH ENQUEUED questions_in,2025-10-29T13:37:00
68f2d95bd190740cfd6a1fac,yahoo,PUBLISH ENQUEUED questions_in,2025-10-29T13:37:00
68f2d95bd190740cfd6a357a,yahoo,PUBLISH ENQUEUED questions_in,2025-10-29T13:37:01
68f2d95bd190740cfd6a32ce,yahoo,PUBLISH ENQUEUED questions_in,2025-10-29T13:37:01
68f2d95bd190740cfd6a2060,yahoo,PUBLISH ENQUEUED questions_in,2025-10-29T13:37:03
68f2d95bd190740cfd6a2ecf,yahoo,PUBLISH ENQUEUED questions_in,2025-10-29T13:37:05
68f2d95bd190740cfd6a3235,yahoo,PUBLISH ENQUEUED questions_in,2025-10-29T13:37:05
68f2d95bd190740cfd6a326e,yahoo,PUBLISH ENQUEUED questions_in,2025-10-29T13:37:05
68f2d95bd190740cfd6a2a94,yahoo,PUBLISH ENQUEUED questions_in,2025-10-29T13:37:07
68f2d95bd190740cfd6a2ea5,yahoo,PUBLISH ENQUEUED questions_in,2025-10-29T13:37:07
68f2d95bd190740cfd6a20ac,yahoo,PUBLISH ENQUEUED questions_in,2025-10-29T13:37:07
68f2d95bd190740cfd6a39ae,yahoo,PUBLISH ENQUEUED questions_in,2025-10-29T13:37:07
68f2d95bd190740cfd6a24c6,yahoo,PUBLISH ENQUEUED questions_in,2025-10-29T13:37:09
68f2d95bd190740cfd6a31f9,yahoo,PUBLISH ENQUEUED questions_in,2025-10-29T13:37:10
68f2d95bd190740cfd6a26e2,yahoo,PUBLISH ENQUEUED questions_in,2025-10-29T13:37:10
68f2d95bd190740cfd6a2e0a,yahoo,PUBLISH ENQUEUED questions_in,2025-10-29T13:37:10
68f2d95bd190740cfd6a2503,yahoo,PUBLISH ENQUEUED questions_in,2025-10-29T13:37:11
68f2d95bd190740cfd6a3a91,yahoo,PUBLISH ENQUEUED questions_in,2025-10-29T13:37:12
68f2d95bd190740cfd6a414f,yahoo,PUBLISH ENQUEUED questions_in,2025-10-29T13:37:12
68f2d95bd190740cfd6a2b05,yahoo,PUBLISH ENQUEUED questions_in,2025-10-29T13:37:13
68f2d95bd190740cfd6a3837,yahoo,PUBLISH ENQUEUED questions_in,2025-10-29T13:37:13
68f2d95bd190740cfd6a3e72,yahoo,PUBLISH ENQUEUED questions_in,2025-10-29T13:37:14
68f2d95bd190740cfd6a38a8,yahoo,PUBLISH ENQUEUED questions_in,2025-10-29T13:37:14
68f2d95bd190740cfd6a2963,yahoo,PUBLISH ENQUEUED questions_in,2025-10-29T13:37:15
68f2d95bd190740cfd6a32f6,yahoo,PUBLISH ENQUEUED questions_in,2025-10-29T13:37:15
68f2d95bd190740cfd6a3e9f,yahoo,PUBLISH ENQUEUED questions_in,2025-10-29T13:37:15
68f2d95bd190740cfd6a1ddf,yahoo,PUBLISH ENQUEUED questions_in,2025-10-29T13:37:15
68f2d95bd190740cfd6a2510,yahoo,PUBLISH ENQUEUED questions_in,2025-10-29T13:37:16
68f2d95bd190740cfd6a1f01,yahoo,PUBLISH ENQUEUED questions_in,2025-10-29T13:37:16
68f2d95bd190740cfd6a2179,yahoo,PUBLISH ENQUEUED questions_in,2025-10-29T13:37:17
68f2d95bd190740cfd6a268f,yahoo,PUBLISH ENQUEUED questions_in,2025-10-29T13:37:17
68f2d95bd190740cfd6a2672,yahoo,PUBLISH ENQUEUED questions_in,2025-10-29T13:37:18
68f2d95bd190740cfd6a3ba2,yahoo,PUBLISH ENQUEUED questions_in,2025-10-29T13:37:18
68f2d95bd190740cfd6a26e4,yahoo,PUBLISH ENQUEUED questions_in,2025-10-29T13:37:20
68f2d95bd190740cfd6a1ce0,yahoo,PUBLISH ENQUEUED questions_in,2025-10-29T13:37:20
68f2d95bd190740cfd6a395a,yahoo,PUBLISH ENQUEUED questions_in,2025-10-29T13:37:21
68f2d95bd190740cfd6a1e05,yahoo,PUBLISH ENQUEUED questions_in,2025-10-29T13:37:22
68f2d95bd190740cfd6a2dcd,yahoo,PUBLISH ENQUEUED questions_in,2025-10-29T13:37:22
68f2d95bd190740cfd6a1eb1,yahoo,PUBLISH ENQUEUED questions_in,2025-10-29T13:37:22
68f2d95bd190740cfd6a3be9,yahoo,PUBLISH ENQUEUED questions_in,2025-10-29T13:37:25
68f2d95bd190740cfd6a2ec6,yahoo,PUBLISH ENQUEUED questions_in,2025-10-29T13:37:25
68f2d95bd190740cfd6a35cf,yahoo,PUBLISH ENQUEUED questions_in,2025-10-29T13:37:25
68f2d95bd190740cfd6a3939,yahoo,PUBLISH ENQUEUED questions_in,2025-10-29T13:37:26
68f2d95bd190740cfd6a348f,yahoo,PUBLISH ENQUEUED questions_in,2025-10-29T13:37:27
68f2d95bd190740cfd6a33d5,yahoo,PUBLISH ENQUEUED questions_in,2025-10-29T13:37:27
68f2d95bd190740cfd6a32d0,yahoo,PUBLISH ENQUEUED questions_in,2025-10-29T13:37:29
68f2d95bd190740cfd6a2cc1,yahoo,PUBLISH ENQUEUED questions_in,2025-10-29T13:37:29
68f2d95bd190740cfd6a3043,yahoo,PUBLISH ENQUEUED questions_in,2025-10-29T13:37:32
68f2d95bd190740cfd6a2a6d,yahoo,PUBLISH ENQUEUED questions_in,2025-10-29T13:37:32
68f2d95bd190740cfd6a2afd,yahoo,PUBLISH ENQUEUED questions_in,2025-10-29T13:37:33
68f2d95bd190740cfd6a39d0,yahoo,PUBLISH ENQUEUED questions_in,2025-10-29T13:37:33
68f2d95bd190740cfd6a34e1,yahoo,PUBLISH ENQUEUED questions_in,2025-10-29T13:37:35
68f2d95bd190740cfd6a383c,yahoo,PUBLISH ENQUEUED questions_in,2025-10-29T13:37:36
68f2d95bd190740cfd6a263e,yahoo,PUBLISH ENQUEUED questions_in,2025-10-29T13:37:36
68f2d95bd190740cfd6a3a06,yahoo,PUBLISH ENQUEUED questions_in,2025-10-29T13:37:38
68f2d95bd190740cfd6a2b9a,yahoo,PUBLISH ENQUEUED questions_in,2025-10-29T13:37:38
68f2d95bd190740cfd6a3dcd,yahoo,PUBLISH ENQUEUED questions_in,2025-10-29T13:37:38
68f2d95bd190740cfd6a21e9,yahoo,PUBLISH ENQUEUED questions_in,2025-10-29T13:37:39
68f2d95bd190740cfd6a353e,yahoo,PUBLISH ENQUEUED questions_in,2025-10-29T13:37:40
68f2d95bd190740cfd6a36e8,yahoo,PUBLISH ENQUEUED questions_in,2025-10-29T13:37:41
68f2d95bd190740cfd6a2364,yahoo,PUBLISH ENQUEUED questions_in,2025-10-29T13:37:41
68f2d95bd190740cfd6a20d5,yahoo,PUBLISH ENQUEUED questions_in,2025-10-29T13:37:42
68f2d95bd190740cfd6a3393,yahoo,PUBLISH ENQUEUED questions_in,2025-10-29T13:37:43
68f2d95bd190740cfd6a2cdb,yahoo,PUBLISH ENQUEUED questions_in,2025-10-29T13:37:43
68f2d95bd190740cfd6a1d0a,yahoo,PUBLISH ENQUEUED questions_in,2025-10-29T13:37:44
68f2d95bd190740cfd6a229d,yahoo,PUBLISH ENQUEUED questions_in,2025-10-29T13:37:46
68f2d95bd190740cfd6a345a,yahoo,PUBLISH ENQUEUED questions_in,2025-10-29T13:37:46
68f2d95bd190740cfd6a1fed,yahoo,PUBLISH ENQUEUED questions_in,2025-10-29T13:37:47
68f2d95bd190740cfd6a37b1,yahoo,PUBLISH ENQUEUED questions_in,2025-10-29T13:37:47
68f2d95bd190740cfd6a24b5,yahoo,PUBLISH ENQUEUED questions_in,2025-10-29T13:37:48
68f2d95bd190740cfd6a3f4f,yahoo,PUBLISH ENQUEUED questions_in,2025-10-29T13:37:48
68f2d95bd190740cfd6a22a7,yahoo,PUBLISH ENQUEUED questions_in,2025-10-29T13:37:48
68f2d95bd190740cfd6a1e96,yahoo,PUBLISH ENQUEUED questions_in,2025-10-29T13:37:48
68f2d95bd190740cfd6a3d53,yahoo,PUBLISH ENQUEUED questions_in,2025-10-29T13:37:49
68f2d95bd190740cfd6a1e9b,yahoo,PUBLISH ENQUEUED questions_in,2025-10-29T13:37:49
68f2d95bd190740cfd6a3868,yahoo,PUBLISH ENQUEUED questions_in,2025-10-29T13:37:51
68f2d95bd190740cfd6a2640,yahoo,PUBLISH ENQUEUED questions_in,2025-10-29T13:37:51
68f2d95bd190740cfd6a293b,yahoo,PUBLISH ENQUEUED questions_in,2025-10-29T13:37:53
68f2d95bd190740cfd6a39e1,yahoo,PUBLISH ENQUEUED questions_in,2025-10-29T13:37:54
68f2d95bd190740cfd6a2f00,yahoo,PUBLISH ENQUEUED questions_in,2025-10-29T13:37:54
68f2d95bd190740cfd6a1fe5,yahoo,PUBLISH ENQUEUED questions_in,2025-10-29T13:37:55
68f2d95bd190740cfd6a20fe,yahoo,PUBLISH ENQUEUED questions_in,2025-10-29T13:37:57
68f2d95bd190740cfd6a285a,yahoo,PUBLISH ENQUEUED questions_in,2025-10-29T13:37:57
68f2d95bd190740cfd6a2b71,yahoo,PUBLISH ENQUEUED questions_in,2025-10-29T13:37:58
68f2d95bd190740cfd6a298b,yahoo,PUBLISH ENQUEUED questions_in,2025-10-29T13:37:59
68f2d95bd190740cfd6a3465,yahoo,PUBLISH ENQUEUED questions_in,2025-10-29T13:38:00
68f2d95bd190740cfd6a3fe9,yahoo,PUBLISH ENQUEUED questions_in,2025-10-29T13:38:01
68f2d95bd190740cfd6a2f8a,yahoo,PUBLISH ENQUEUED questions_in,2025-10-29T13:38:02
68f2d95bd190740cfd6a3642,yahoo,PUBLISH ENQUEUED questions_in,2025-10-29T13:38:02
68f2d95bd190740cfd6a3a9e,yahoo,PUBLISH ENQUEUED questions_in,2025-10-29T13:38:02
68f2d95bd190740cfd6a406d,yahoo,PUBLISH ENQUEUED questions_in,2025-10-29T13:38:03
68f2d95bd190740cfd6a2ecc,yahoo,PUBLISH ENQUEUED questions_in,2025-10-29T13:38:03
68f2d95bd190740cfd6a1c92,yahoo,PUBLISH ENQUEUED questions_in,2025-10-29T13:38:04
68f2d95bd190740cfd6a3fd3,yahoo,PUBLISH ENQUEUED questions_in,2025-10-29T13:38:05
68f2d95bd190740cfd6a1e40,yahoo,PUBLISH ENQUEUED questions_in,2025-10-29T13:38:05
68f2d95bd190740cfd6a31b9,yahoo,PUBLISH ENQUEUED questions_in,2025-10-29T13:38:06
68f2d95bd190740cfd6a3ebb,yahoo,PUBLISH ENQUEUED questions_in,2025-10-29T13:38:06
68f2d95bd190740cfd6a2020,yahoo,PUBLISH ENQUEUED questions_in,2025-10-29T13:38:07
68f2d95bd190740cfd6a2c69,yahoo,PUBLISH ENQUEUED questions_in,2025-10-29T13:38:07
68f2d95bd190740cfd6a28c9,yahoo,PUBLISH ENQUEUED questions_in,2025-10-29T13:38:08
68f2d95bd190740cfd6a3078,yahoo,PUBLISH ENQUEUED questions_in,2025-10-29T13:38:08
68f2d95bd190740cfd6a3b07,yahoo,PUBLISH ENQUEUED questions_in,2025-10-29T13:38:08
68f2d95bd190740cfd6a1d9b,yahoo,PUBLISH ENQUEUED questions_in,2025-10-29T13:38:09
68f2d95bd190740cfd6a2421,yahoo,PUBLISH ENQUEUED questions_in,2025-10-29T13:38:11
68f2d95bd190740cfd6a2048,yahoo,PUBLISH ENQUEUED questions_in,2025-10-29T13:38:11
68f2d95bd190740cfd6a393a,yahoo,PUBLISH ENQUEUED questions_in,2025-10-29T13:38:11
68f2d95bd190740cfd6a2df1,yahoo,PUBLISH ENQUEUED questions_in,2025-10-29T13:38:11
68f2d95bd190740cfd6a1b62,yahoo,PUBLISH ENQUEUED questions_in,2025-10-29T13:38:12
68f2d95bd190740cfd6a2381,yahoo,PUBLISH ENQUEUED questions_in,2025-10-29T13:38:13
68f2d95bd190740cfd6a30eb,yahoo,PUBLISH ENQUEUED questions_in,2025-10-29T13:38:14
68f2d95bd190740cfd6a29fa,yahoo,PUBLISH ENQUEUED questions_in,2025-10-29T13:38:14
68f2d95bd190740cfd6a1cb7,yahoo,PUBLISH ENQUEUED questions_in,2025-10-29T13:38:14
68f2d95bd190740cfd6a3366,yahoo,PUBLISH ENQUEUED questions_in,2025-10-29T13:38:15
68f2d95bd190740cfd6a4196,yahoo,PUBLISH ENQUEUED questions_in,2025-10-29T13:38:16
68f2d95bd190740cfd6a3252,yahoo,PUBLISH ENQUEUED questions_in,2025-10-29T13:38:17
68f2d95bd190740cfd6a2db2,yahoo,PUBLISH ENQUEUED questions_in,2025-10-29T13:38:18
68f2d95bd190740cfd6a3a4d,yahoo,PUBLISH ENQUEUED questions_in,2025-10-29T13:38:18
68f2d95bd190740cfd6a3fa0,yahoo,PUBLISH ENQUEUED questions_in,2025-10-29T13:38:18
68f2d95bd190740cfd6a2fea,yahoo,PUBLISH ENQUEUED questions_in,2025-10-29T13:38:20
68f2d95bd190740cfd6a2a4d,yahoo,PUBLISH ENQUEUED questions_in,2025-10-29T13:38:20
68f2d95bd190740cfd6a401a,yahoo,PUBLISH ENQUEUED questions_in,2025-10-29T13:38:21
68f2d95bd190740cfd6a3655,yahoo,PUBLISH ENQUEUED questions_in,2025-10-29T13:38:22
68f2d95bd190740cfd6a1efa,yahoo,PUBLISH ENQUEUED questions_in,2025-10-29T13:38:22
68f2d95bd190740cfd6a2a76,yahoo,PUBLISH ENQUEUED questions_in,2025-10-29T13:38:23
68f2d95bd190740cfd6a2d57,yahoo,PUBLISH ENQUEUED questions_in,2025-10-29T13:38:23
68f2d95bd190740cfd6a3d98,yahoo,PUBLISH ENQUEUED questions_in,2025-10-29T13:38:23
68f2d95bd190740cfd6a2baf,yahoo,PUBLISH ENQUEUED questions_in,2025-10-29T13:38:24
68f2d95bd190740cfd6a2904,yahoo,PUBLISH ENQUEUED questions_in,2025-10-29T13:38:25
68f2d95bd190740cfd6a1ba2,yahoo,PUBLISH ENQUEUED questions_in,2025-10-29T13:38:25
68f2d95bd190740cfd6a3d97,yahoo,PUBLISH ENQUEUED questions_in,2025-10-29T13:38:26
68f2d95bd190740cfd6a3d50,yahoo,PUBLISH ENQUEUED questions_in,2025-10-29T13:38:26
68f2d95bd190740cfd6a3ad6,yahoo,PUBLISH ENQUEUED questions_in,2025-10-29T13:38:28
68f2d95bd190740cfd6a1d6e,yahoo,PUBLISH ENQUEUED questions_in,2025-10-29T13:38:29
68f2d95bd190740cfd6a4065,yahoo,PUBLISH ENQUEUED questions_in,2025-10-29T13:38:29
68f2d95bd190740cfd6a2222,yahoo,PUBLISH ENQUEUED questions_in,2025-10-29T13:38:29
68f2d95bd190740cfd6a1b68,yahoo,PUBLISH ENQUEUED questions_in,2025-10-29T13:38:29
68f2d95bd190740cfd6a26ae,yahoo,PUBLISH ENQUEUED questions_in,2025-10-29T13:38:30
68f2d95bd190740cfd6a309f,yahoo,PUBLISH ENQUEUED questions_in,2025-10-29T13:38:31
68f2d95bd190740cfd6a3313,yahoo,PUBLISH ENQUEUED questions_in,2025-10-29T13:38:31
68f2d95bd190740cfd6a30fd,yahoo,PUBLISH ENQUEUED questions_in,2025-10-29T13:38:32
68f2d95bd190740cfd6a22b1,yahoo,PUBLISH ENQUEUED questions_in,2025-10-29T13:38:33
68f2d95bd190740cfd6a2403,yahoo,PUBLISH ENQUEUED questions_in,2025-10-29T13:38:33
68f2d95bd190740cfd6a3b93,yahoo,PUBLISH ENQUEUED questions_in,2025-10-29T13:38:35
68f2d95bd190740cfd6a4008,yahoo,PUBLISH ENQUEUED questions_in,2025-10-29T13:38:36
68f2d95bd190740cfd6a3e0f,yahoo,PUBLISH ENQUEUED questions_in,2025-10-29T13:38:36
68f2d95bd190740cfd6a2116,yahoo,PUBLISH ENQUEUED questions_in,2025-10-29T13:38:37
68f2d95bd190740cfd6a3e9a,yahoo,PUBLISH ENQUEUED questions_in,2025-10-29T13:38:37
68f2d95bd190740cfd6a2beb,yahoo,PUBLISH ENQUEUED questions_in,2025-10-29T13:38:38
68f2d95bd190740cfd6a2a49,yahoo,PUBLISH ENQUEUED questions_in,2025-10-29T13:38:39
68f2d95bd190740cfd6a374d,yahoo,PUBLISH ENQUEUED questions_in,2025-10-29T13:38:39
68f2d95bd190740cfd6a3126,yahoo,PUBLISH ENQUEUED questions_in,2025-10-29T13:38:40
68f2d95bd190740cfd6a3102,yahoo,PUBLISH ENQUEUED questions_in,2025-10-29T13:38:41
68f2d95bd190740cfd6a4083,yahoo,PUBLISH ENQUEUED questions_in,2025-10-29T13:38:41
68f2d95bd190740cfd6a1daf,yahoo,PUBLISH ENQUEUED questions_in,2025-10-29T13:38:42
68f2d95bd190740cfd6a207b,yahoo,PUBLISH ENQUEUED questions_in,2025-10-29T13:38:42
68f2d95bd190740cfd6a1c33,yahoo,PUBLISH ENQUEUED questions_in,2025-10-29T13:38:42
68f2d95bd190740cfd6a2176,yahoo,PUBLISH ENQUEUED questions_in,2025-10-29T13:38:43
68f2d95bd190740cfd6a3ff0,yahoo,PUBLISH ENQUEUED questions_in,2025-10-29T13:38:43
68f2d95bd190740cfd6a2236,yahoo,PUBLISH ENQUEUED questions_in,2025-10-29T13:38:43
68f2d95bd190740cfd6a3eb9,yahoo,PUBLISH ENQUEUED questions_in,2025-10-29T13:38:44
68f2d95bd190740cfd6a2e53,yahoo,PUBLISH ENQUEUED questions_in,2025-10-29T13:38:44
68f2d95bd190740cfd6a2cae,yahoo,PUBLISH ENQUEUED questions_in,2025-10-29T13:38:46
68f2d95bd190740cfd6a2d24,yahoo,PUBLISH ENQUEUED questions_in,2025-10-29T13:38:46
68f2d95bd190740cfd6a1cc6,yahoo,PUBLISH ENQUEUED questions_in,2025-10-29T13:38:46
68f2d95bd190740cfd6a2b01,yahoo,PUBLISH ENQUEUED questions_in,2025-10-29T13:38:47
68f2d95bd190740cfd6a355e,yahoo,PUBLISH ENQUEUED questions_in,2025-10-29T13:38:47
68f2d95bd190740cfd6a38e8,yahoo,PUBLISH ENQUEUED questions_in,2025-10-29T13:38:47
68f2d95bd190740cfd6a32d1,yahoo,PUBLISH ENQUEUED questions_in,2025-10-29T13:38:47
68f2d95bd190740cfd6a3d2d,yahoo,PUBLISH ENQUEUED questions_in,2025-10-29T13:38:47
68f2d95bd190740cfd6a2e78,yahoo,PUBLISH ENQUEUED questions_in,2025-10-29T13:38:47
68f2d95bd190740cfd6a23a4,yahoo,PUBLISH ENQUEUED questions_in,2025-10-29T13:38:49
68f2d95bd190740cfd6a311c,yahoo,PUBLISH ENQUEUED questions_in,2025-10-29T13:38:49
68f2d95bd190740cfd6a2276,yahoo,PUBLISH ENQUEUED questions_in,2025-10-29T13:38:49
68f2d95bd190740cfd6a3140,yahoo,PUBLISH ENQUEUED questions_in,2025-10-29T13:38:50
68f2d95bd190740cfd6a275a,yahoo,PUBLISH ENQUEUED questions_in,2025-10-29T13:38:50
68f2d95bd190740cfd6a3d27,yahoo,PUBLISH ENQUEUED questions_in,2025-10-29T13:38:51
68f2d95bd190740cfd6a1f1a,yahoo,PUBLISH ENQUEUED questions_in,2025-10-29T13:38:52
68f2d95bd190740cfd6a2a35,yahoo,PUBLISH ENQUEUED questions_in,2025-10-29T13:38:53
68f2d95bd190740cfd6a365b,yahoo,PUBLISH ENQUEUED questions_in,2025-10-29T13:38:53
68f2d95bd190740cfd6a1f02,yahoo,PUBLISH ENQUEUED questions_in,2025-10-29T13:38:53
68f2d95bd190740cfd6a2f30,yahoo,PUBLISH ENQUEUED questions_in,2025-10-29T13:38:54
68f2d95bd190740cfd6a261d,yahoo,PUBLISH ENQUEUED questions_in,2025-10-29T13:38:57
68f2d95bd190740cfd6a284d,yahoo,PUBLISH ENQUEUED questions_in,2025-10-29T13:38:57
68f2d95bd190740cfd6a3143,yahoo,PUBLISH ENQUEUED questions_in,2025-10-29T13:38:57
68f2d95bd190740cfd6a4075,yahoo,PUBLISH ENQUEUED questions_in,2025-10-29T13:38:58
68f2d95bd190740cfd6a3958,yahoo,PUBLISH ENQUEUED questions_in,2025-10-29T13:38:58
68f2d95bd190740cfd6a3b3f,yahoo,PUBLISH ENQUEUED questions_in,2025-10-29T13:39:00
68f2d95bd190740cfd6a27b0,yahoo,PUBLISH ENQUEUED questions_in,2025-10-29T13:39:01
68f2d95bd190740cfd6a1c1f,yahoo,PUBLISH ENQUEUED questions_in,2025-10-29T13:39:01
68f2d95bd190740cfd6a2bfb,yahoo,PUBLISH ENQUEUED questions_in,2025-10-29T13:39:02
68f2d95bd190740cfd6a30c0,yahoo,PUBLISH ENQUEUED questions_in,2025-10-29T13:39:03
68f2d95bd190740cfd6a3beb,yahoo,PUBLISH ENQUEUED questions_in,2025-10-29T13:39:03
68f2d95bd190740cfd6a2891,yahoo,PUBLISH ENQUEUED questions_in,2025-10-29T13:39:03
68f2d95bd190740cfd6a208f,yahoo,PUBLISH ENQUEUED questions_in,2025-10-29T13:39:04
68f2d95bd190740cfd6a28e7,yahoo,PUBLISH ENQUEUED questions_in,2025-10-29T13:39:05
68f2d95bd190740cfd6a24a5,yahoo,PUBLISH ENQUEUED questions_in,2025-10-29T13:39:05
68f2d95bd190740cfd6a2491,yahoo,PUBLISH ENQUEUED questions_in,2025-10-29T13:39:06
68f2d95bd190740cfd6a2224,yahoo,PUBLISH ENQUEUED questions_in,2025-10-29T13:39:07
68f2d95bd190740cfd6a4162,yahoo,PUBLISH ENQUEUED questions_in,2025-10-29T13:39:08
68f2d95bd190740cfd6a1d73,yahoo,PUBLISH ENQUEUED questions_in,2025-10-29T13:39:09
68f2d95bd190740cfd6a32e8,yahoo,PUBLISH ENQUEUED questions_in,2025-10-29T13:39:09
68f2d95bd190740cfd6a2e27,yahoo,PUBLISH ENQUEUED questions_in,2025-10-29T13:39:09
68f2d95bd190740cfd6a285c,yahoo,PUBLISH ENQUEUED questions_in,2025-10-29T13:39:10
68f2d95bd190740cfd6a35e9,yahoo,PUBLISH ENQUEUED questions_in,2025-10-29T13:39:11
68f2d95bd190740cfd6a2593,yahoo,PUBLISH ENQUEUED questions_in,2025-10-29T13:39:11
68f2d95bd190740cfd6a2ce4,yahoo,PUBLISH ENQUEUED questions_in,2025-10-29T13:39:12
68f2d95bd190740cfd6a41c0,yahoo,PUBLISH ENQUEUED questions_in,2025-10-29T13:39:14
68f2d95bd190740cfd6a1fce,yahoo,PUBLISH ENQUEUED questions_in,2025-10-29T13:39:14
68f2d95bd190740cfd6a1cd7,yahoo,PUBLISH ENQUEUED questions_in,2025-10-29T13:39:15
68f2d95bd190740cfd6a2fe9,yahoo,PUBLISH ENQUEUED questions_in,2025-10-29T13:39:15
68f2d95bd190740cfd6a3cd6,yahoo,PUBLISH ENQUEUED questions_in,2025-10-29T13:39:15
68f2d95bd190740cfd6a2694,yahoo,PUBLISH ENQUEUED questions_in,2025-10-29T13:39:16
68f2d95bd190740cfd6a21a6,yahoo,PUBLISH ENQUEUED questions_in,2025-10-29T13:39:17
68f2d95bd190740cfd6a33ca,yahoo,PUBLISH ENQUEUED questions_in,2025-10-29T13:39:18
68f2d95bd190740cfd6a2abb,yahoo,PUBLISH ENQUEUED questions_in,2025-10-29T13:39:18
68f2d95bd190740cfd6a1f18,yahoo,PUBLISH ENQUEUED questions_in,2025-10-29T13:39:19
68f2d95bd190740cfd6a3fe4,yahoo,PUBLISH ENQUEUED questions_in,2025-10-29T13:39:21
68f2d95bd190740cfd6a3fe4,yahoo,PUBLISH ENQUEUED questions_in,2025-10-29T13:39:21
68f2d95bd190740cfd6a400b,yahoo,PUBLISH ENQUEUED questions_in,2025-10-29T13:39:21
68f2d95bd190740cfd6a1bcb,yahoo,PUBLISH ENQUEUED questions_in,2025-10-29T13:39:21
68f2d95bd190740cfd6a2909,yahoo,PUBLISH ENQUEUED questions_in,2025-10-29T13:39:23
68f2d95bd190740cfd6a1d7f,yahoo,PUBLISH ENQUEUED questions_in,2025-10-29T13:39:24
68f2d95bd190740cfd6a2529,yahoo,PUBLISH ENQUEUED questions_in,2025-10-29T13:39:24
68f2d95bd190740cfd6a1cbf,yahoo,PUBLISH ENQUEUED questions_in,2025-10-29T13:39:24
68f2d95bd190740cfd6a22be,yahoo,PUBLISH ENQUEUED questions_in,2025-10-29T13:39:24
68f2d95bd190740cfd6a243b,yahoo,PUBLISH ENQUEUED questions_in,2025-10-29T13:39:25
68f2d95bd190740cfd6a313e,yahoo,PUBLISH ENQUEUED questions_in,2025-10-29T13:39:25
68f2d95bd190740cfd6a3387,yahoo,PUBLISH ENQUEUED questions_in,2025-10-29T13:39:25
68f2d95bd190740cfd6a252a,yahoo,PUBLISH ENQUEUED questions_in,2025-10-29T13:39:26
68f2d95bd190740cfd6a20c0,yahoo,PUBLISH ENQUEUED questions_in,2025-10-29T13:39:26
68f2d95bd190740cfd6a27d0,yahoo,PUBLISH ENQUEUED questions_in,2025-10-29T13:39:27
68f2d95bd190740cfd6a27ee,yahoo,PUBLISH ENQUEUED questions_in,2025-10-29T13:39:27
68f2d95bd190740cfd6a1b7b,yahoo,PUBLISH ENQUEUED questions_in,2025-10-29T13:39:28
68f2d95bd190740cfd6a1c21,yahoo,PUBLISH ENQUEUED questions_in,2025-10-29T13:39:29
68f2d95bd190740cfd6a3b51,yahoo,PUBLISH ENQUEUED questions_in,2025-10-29T13:39:29
68f2d95bd190740cfd6a26ec,yahoo,PUBLISH ENQUEUED questions_in,2025-10-29T13:39:30
68f2d95bd190740cfd6a2a55,yahoo,PUBLISH ENQUEUED questions_in,2025-10-29T13:39:30
68f2d95bd190740cfd6a338f,yahoo,PUBLISH ENQUEUED questions_in,2025-10-29T13:39:31
68f2d95bd190740cfd6a1e69,yahoo,PUBLISH ENQUEUED questions_in,2025-10-29T13:39:31
68f2d95bd190740cfd6a25da,yahoo,PUBLISH ENQUEUED questions_in,2025-10-29T13:39:32
68f2d95bd190740cfd6a1b80,yahoo,PUBLISH ENQUEUED questions_in,2025-10-29T13:39:33
68f2d95bd190740cfd6a2a84,yahoo,PUBLISH ENQUEUED questions_in,2025-10-29T13:39:37
68f2d95bd190740cfd6a1e0d,yahoo,PUBLISH ENQUEUED questions_in,2025-10-29T13:39:37
68f2d95bd190740cfd6a29e6,yahoo,PUBLISH ENQUEUED questions_in,2025-10-29T13:39:39
68f2d95bd190740cfd6a24c6,yahoo,PUBLISH ENQUEUED questions_in,2025-10-29T13:39:39
68f2d95bd190740cfd6a3ac4,yahoo,PUBLISH ENQUEUED questions_in,2025-10-29T13:39:39
68f2d95bd190740cfd6a2735,yahoo,PUBLISH ENQUEUED questions_in,2025-10-29T13:39:39
68f2d95bd190740cfd6a2adc,yahoo,PUBLISH ENQUEUED questions_in,2025-10-29T13:39:40
68f2d95bd190740cfd6a2a43,yahoo,PUBLISH ENQUEUED questions_in,2025-10-29T13:39:40
68f2d95bd190740cfd6a3123,yahoo,PUBLISH ENQUEUED questions_in,2025-10-29T13:39:40
68f2d95bd190740cfd6a2eb9,yahoo,PUBLISH ENQUEUED questions_in,2025-10-29T13:39:41
68f2d95bd190740cfd6a2f07,yahoo,PUBLISH ENQUEUED questions_in,2025-10-29T13:39:42
68f2d95bd190740cfd6a3c3e,yahoo,PUBLISH ENQUEUED questions_in,2025-10-29T13:39:42
68f2d95bd190740cfd6a31ad,yahoo,PUBLISH ENQUEUED questions_in,2025-10-29T13:39:45
68f2d95bd190740cfd6a2c05,yahoo,PUBLISH ENQUEUED questions_in,2025-10-29T13:39:45
68f2d95bd190740cfd6a1e7d,yahoo,PUBLISH ENQUEUED questions_in,2025-10-29T13:39:47
68f2d95bd190740cfd6a3dc6,yahoo,PUBLISH ENQUEUED questions_in,2025-10-29T13:39:48
68f2d95bd190740cfd6a37a9,yahoo,PUBLISH ENQUEUED questions_in,2025-10-29T13:39:48
68f2d95bd190740cfd6a1ec9,yahoo,PUBLISH ENQUEUED questions_in,2025-10-29T13:39:49
68f2d95bd190740cfd6a2532,yahoo,PUBLISH ENQUEUED questions_in,2025-10-29T13:39:49
68f2d95bd190740cfd6a1e38,yahoo,PUBLISH ENQUEUED questions_in,2025-10-29T13:39:50
68f2d95bd190740cfd6a3503,yahoo,PUBLISH ENQUEUED questions_in,2025-10-29T13:39:51
68f2d95bd190740cfd6a2fa6,yahoo,PUBLISH ENQUEUED questions_in,2025-10-29T13:39:51
68f2d95bd190740cfd6a32ab,yahoo,PUBLISH ENQUEUED questions_in,2025-10-29T13:39:52
68f2d95bd190740cfd6a34fc,yahoo,PUBLISH ENQUEUED questions_in,2025-10-29T13:39:52
68f2d95bd190740cfd6a1c3d,yahoo,PUBLISH ENQUEUED questions_in,2025-10-29T13:39:52
68f2d95bd190740cfd6a2352,yahoo,PUBLISH ENQUEUED questions_in,2025-10-29T13:39:54
68f2d95bd190740cfd6a2c18,yahoo,PUBLISH ENQUEUED questions_in,2025-10-29T13:39:54
68f2d95bd190740cfd6a1b25,yahoo,PUBLISH ENQUEUED questions_in,2025-10-29T13:39:55
68f2d95bd190740cfd6a2ca6,yahoo,PUBLISH ENQUEUED questions_in,2025-10-29T13:39:58
68f2d95bd190740cfd6a3e95,yahoo,PUBLISH ENQUEUED questions_in,2025-10-29T13:40:00
68f2d95bd190740cfd6a3a0f,yahoo,PUBLISH ENQUEUED questions_in,2025-10-29T13:40:01
68f2d95bd190740cfd6a3fe9,yahoo,PUBLISH ENQUEUED questions_in,2025-10-29T13:40:01
68f2d95bd190740cfd6a36bc,yahoo,PUBLISH ENQUEUED questions_in,2025-10-29T13:40:02
68f2d95bd190740cfd6a2abf,yahoo,PUBLISH ENQUEUED questions_in,2025-10-29T13:40:02
68f2d95bd190740cfd6a3030,yahoo,PUBLISH ENQUEUED questions_in,2025-10-29T13:40:02
68f2d95bd190740cfd6a36c2,yahoo,PUBLISH ENQUEUED questions_in,2025-10-29T13:40:05
68f2d95bd190740cfd6a2a65,yahoo,PUBLISH ENQUEUED questions_in,2025-10-29T13:40:05
68f2d95bd190740cfd6a1ff0,yahoo,PUBLISH ENQUEUED questions_in,2025-10-29T13:40:06
68f2d95bd190740cfd6a3dc4,yahoo,PUBLISH ENQUEUED questions_in,2025-10-29T13:40:06
68f2d95bd190740cfd6a34ae,yahoo,PUBLISH ENQUEUED questions_in,2025-10-29T13:40:08
68f2d95bd190740cfd6a3235,yahoo,PUBLISH ENQUEUED questions_in,2025-10-29T13:40:08
68f2d95bd190740cfd6a3faa,yahoo,PUBLISH ENQUEUED questions_in,2025-10-29T13:40:08
68f2d95bd190740cfd6a2ab2,yahoo,PUBLISH ENQUEUED questions_in,2025-10-29T13:40:08
68f2d95bd190740cfd6a2dd1,yahoo,PUBLISH ENQUEUED questions_in,2025-10-29T13:40:09
68f2d95bd190740cfd6a41c4,yahoo,PUBLISH ENQUEUED questions_in,2025-10-29T13:40:09
68f2d95bd190740cfd6a343c,yahoo,PUBLISH ENQUEUED questions_in,2025-10-29T13:40:10
68f2d95bd190740cfd6a2559,yahoo,PUBLISH ENQUEUED questions_in,2025-10-29T13:40:10
68f2d95bd190740cfd6a3fdb,yahoo,PUBLISH ENQUEUED questions_in,2025-10-29T13:40:10
68f2d95bd190740cfd6a2231,yahoo,PUBLISH ENQUEUED questions_in,2025-10-29T13:40:10
68f2d95bd190740cfd6a2b30,yahoo,PUBLISH ENQUEUED questions_in,2025-10-29T13:40:10
68f2d95bd190740cfd6a3563,yahoo,PUBLISH ENQUEUED questions_in,2025-10-29T13:40:11
68f2d95bd190740cfd6a2580,yahoo,PUBLISH ENQUEUED questions_in,2025-10-29T13:40:11
68f2d95bd190740cfd6a210c,yahoo,PUBLISH ENQUEUED questions_in,2025-10-29T13:40:13
68f2d95bd190740cfd6a1ec0,yahoo,PUBLISH ENQUEUED questions_in,2025-10-29T13:40:13
68f2d95bd190740cfd6a246c,yahoo,PUBLISH ENQUEUED questions_in,2025-10-29T13:40:14
68f2d95bd190740cfd6a3670,yahoo,PUBLISH ENQUEUED questions_in,2025-10-29T13:40:14
68f2d95bd190740cfd6a3608,yahoo,PUBLISH ENQUEUED questions_in,2025-10-29T13:40:16
68f2d95bd190740cfd6a34eb,yahoo,PUBLISH ENQUEUED questions_in,2025-10-29T13:40:16
68f2d95bd190740cfd6a2651,yahoo,PUBLISH ENQUEUED questions_in,2025-10-29T13:40:17
68f2d95bd190740cfd6a2cd4,yahoo,PUBLISH ENQUEUED questions_in,2025-10-29T13:40:17
68f2d95bd190740cfd6a28d0,yahoo,PUBLISH ENQUEUED questions_in,2025-10-29T13:40:17
68f2d95bd190740cfd6a3f89,yahoo,PUBLISH ENQUEUED questions_in,2025-10-29T13:40:18
68f2d95bd190740cfd6a3ce6,yahoo,PUBLISH ENQUEUED questions_in,2025-10-29T13:40:18
68f2d95bd190740cfd6a3fda,yahoo,PUBLISH ENQUEUED questions_in,2025-10-29T13:40:19
68f2d95bd190740cfd6a341f,yahoo,PUBLISH ENQUEUED questions_in,2025-10-29T13:40:19
68f2d95bd190740cfd6a3890,yahoo,PUBLISH ENQUEUED questions_in,2025-10-29T13:40:20
68f2d95bd190740cfd6a3005,yahoo,PUBLISH ENQUEUED questions_in,2025-10-29T13:40:20
68f2d95bd190740cfd6a2948,yahoo,PUBLISH ENQUEUED questions_in,2025-10-29T13:40:21
68f2d95bd190740cfd6a1b11,yahoo,PUBLISH ENQUEUED questions_in,2025-10-29T13:40:21
68f2d95bd190740cfd6a1e74,yahoo,PUBLISH ENQUEUED questions_in,2025-10-29T13:40:22
68f2d95bd190740cfd6a1f6a,yahoo,PUBLISH ENQUEUED questions_in,2025-10-29T13:40:23
68f2d95bd190740cfd6a2165,yahoo,PUBLISH ENQUEUED questions_in,2025-10-29T13:40:24
68f2d95bd190740cfd6a2c00,yahoo,PUBLISH ENQUEUED questions_in,2025-10-29T13:40:24
68f2d95bd190740cfd6a32cd,yahoo,PUBLISH ENQUEUED questions_in,2025-10-29T13:40:25
68f2d95bd190740cfd6a30d7,yahoo,PUBLISH ENQUEUED questions_in,2025-10-29T13:40:25
68f2d95bd190740cfd6a378f,yahoo,PUBLISH ENQUEUED questions_in,2025-10-29T13:40:26
68f2d95bd190740cfd6a3ac6,yahoo,PUBLISH ENQUEUED questions_in,2025-10-29T13:40:26
68f2d95bd190740cfd6a1dba,yahoo,PUBLISH ENQUEUED questions_in,2025-10-29T13:40:27
68f2d95bd190740cfd6a3437,yahoo,PUBLISH ENQUEUED questions_in,2025-10-29T13:40:27
68f2d95bd190740cfd6a253d,yahoo,PUBLISH ENQUEUED questions_in,2025-10-29T13:40:27
68f2d95bd190740cfd6a39a0,yahoo,PUBLISH ENQUEUED questions_in,2025-10-29T13:40:28
68f2d95bd190740cfd6a3142,yahoo,PUBLISH ENQUEUED questions_in,2025-10-29T13:40:28
68f2d95bd190740cfd6a3a99,yahoo,PUBLISH ENQUEUED questions_in,2025-10-29T13:40:28
68f2d95bd190740cfd6a1d38,yahoo,PUBLISH ENQUEUED questions_in,2025-10-29T13:40:28
68f2d95bd190740cfd6a234f,yahoo,PUBLISH ENQUEUED questions_in,2025-10-29T13:40:29
68f2d95bd190740cfd6a2d7c,yahoo,PUBLISH ENQUEUED questions_in,2025-10-29T13:40:30
68f2d95bd190740cfd6a3993,yahoo,PUBLISH ENQUEUED questions_in,2025-10-29T13:40:32
68f2d95bd190740cfd6a1d57,yahoo,PUBLISH ENQUEUED questions_in,2025-10-29T13:40:32
68f2d95bd190740cfd6a3be1,yahoo,PUBLISH ENQUEUED questions_in,2025-10-29T13:40:32
68f2d95bd190740cfd6a3f12,yahoo,PUBLISH ENQUEUED questions_in,2025-10-29T13:40:32
68f2d95bd190740cfd6a2223,yahoo,PUBLISH ENQUEUED questions_in,2025-10-29T13:40:34
68f2d95bd190740cfd6a4005,yahoo,PUBLISH ENQUEUED questions_in,2025-10-29T13:40:34
68f2d95bd190740cfd6a306b,yahoo,PUBLISH ENQUEUED questions_in,2025-10-29T13:40:35
68f2d95bd190740cfd6a1bfc,yahoo,PUBLISH ENQUEUED questions_in,2025-10-29T13:40:36
68f2d95bd190740cfd6a3839,yahoo,PUBLISH ENQUEUED questions_in,2025-10-29T13:40:36
68f2d95bd190740cfd6a4118,yahoo,PUBLISH ENQUEUED questions_in,2025-10-29T13:40:38
68f2d95bd190740cfd6a2eed,yahoo,PUBLISH ENQUEUED questions_in,2025-10-29T13:40:38
68f2d95bd190740cfd6a2141,yahoo,PUBLISH ENQUEUED questions_in,2025-10-29T13:40:40
68f2d95bd190740cfd6a31b5,yahoo,PUBLISH ENQUEUED questions_in,2025-10-29T13:40:40
68f2d95bd190740cfd6a2ecd,yahoo,PUBLISH ENQUEUED questions_in,2025-10-29T13:40:41
68f2d95bd190740cfd6a2c01,yahoo,PUBLISH ENQUEUED questions_in,2025-10-29T13:40:42
68f2d95bd190740cfd6a1bcd,yahoo,PUBLISH ENQUEUED questions_in,2025-10-29T13:40:42
68f2d95bd190740cfd6a215b,yahoo,PUBLISH ENQUEUED questions_in,2025-10-29T13:40:42
68f2d95bd190740cfd6a3f5f,yahoo,PUBLISH ENQUEUED questions_in,2025-10-29T13:40:42
68f2d95bd190740cfd6a1f91,yahoo,PUBLISH ENQUEUED questions_in,2025-10-29T13:40:42
68f2d95bd190740cfd6a3029,yahoo,PUBLISH ENQUEUED questions_in,2025-10-29T13:40:43
68f2d95bd190740cfd6a1ba1,yahoo,PUBLISH ENQUEUED questions_in,2025-10-29T13:40:44
68f2d95bd190740cfd6a3528,yahoo,PUBLISH ENQUEUED questions_in,2025-10-29T13:40:44
68f2d95bd190740cfd6a3a70,yahoo,PUBLISH ENQUEUED questions_in,2025-10-29T13:40:45
68f2d95bd190740cfd6a2e2e,yahoo,PUBLISH ENQUEUED questions_in,2025-10-29T13:40:46
68f2d95bd190740cfd6a3a2c,yahoo,PUBLISH ENQUEUED questions_in,2025-10-29T13:40:46
68f2d95bd190740cfd6a3458,yahoo,PUBLISH ENQUEUED questions_in,2025-10-29T13:40:46
68f2d95bd190740cfd6a3900,yahoo,PUBLISH ENQUEUED questions_in,2025-10-29T13:40:48
68f2d95bd190740cfd6a1d79,yahoo,PUBLISH ENQUEUED questions_in,2025-10-29T13:40:49
68f2d95bd190740cfd6a2488,yahoo,PUBLISH ENQUEUED questions_in,2025-10-29T13:40:51
68f2d95bd190740cfd6a2088,yahoo,PUBLISH ENQUEUED questions_in,2025-10-29T13:40:51
68f2d95bd190740cfd6a38b5,yahoo,PUBLISH ENQUEUED questions_in,2025-10-29T13:40:54
68f2d95bd190740cfd6a283a,yahoo,PUBLISH ENQUEUED questions_in,2025-10-29T13:40:54
68f2d95bd190740cfd6a2c71,yahoo,PUBLISH ENQUEUED questions_in,2025-10-29T13:40:55
68f2d95bd190740cfd6a2b2f,yahoo,PUBLISH ENQUEUED questions_in,2025-10-29T13:40:55
68f2d95bd190740cfd6a2584,yahoo,PUBLISH ENQUEUED questions_in,2025-10-29T13:40:55
68f2d95bd190740cfd6a2601,yahoo,PUBLISH ENQUEUED questions_in,2025-10-29T13:40:55
68f2d95bd190740cfd6a3b42,yahoo,PUBLISH ENQUEUED questions_in,2025-10-29T13:40:56
68f2d95bd190740cfd6a32f7,yahoo,PUBLISH ENQUEUED questions_in,2025-10-29T13:40:56
68f2d95bd190740cfd6a3365,yahoo,PUBLISH ENQUEUED questions_in,2025-10-29T13:40:56
68f2d95bd190740cfd6a2e78,yahoo,PUBLISH ENQUEUED questions_in,2025-10-29T13:40:56
68f2d95bd190740cfd6a2b34,yahoo,PUBLISH ENQUEUED questions_in,2025-10-29T13:40:56
68f2d95bd190740cfd6a2691,yahoo,PUBLISH ENQUEUED questions_in,2025-10-29T13:40:57
68f2d95bd190740cfd6a2102,yahoo,PUBLISH ENQUEUED questions_in,2025-10-29T13:40:57
68f2d95bd190740cfd6a3819,yahoo,PUBLISH ENQUEUED questions_in,2025-10-29T13:40:57
68f2d95bd190740cfd6a3ece,yahoo,PUBLISH ENQUEUED questions_in,2025-10-29T13:40:57
68f2d95bd190740cfd6a26c6,yahoo,PUBLISH ENQUEUED questions_in,2025-10-29T13:40:58
68f2d95bd190740cfd6a3845,yahoo,PUBLISH ENQUEUED questions_in,2025-10-29T13:40:58
68f2d95bd190740cfd6a2b38,yahoo,PUBLISH ENQUEUED questions_in,2025-10-29T13:40:58
68f2d95bd190740cfd6a2a96,yahoo,PUBLISH ENQUEUED questions_in,2025-10-29T13:40:59
68f2d95bd190740cfd6a2868,yahoo,PUBLISH ENQUEUED questions_in,2025-10-29T13:41:00
68f2d95bd190740cfd6a24f5,yahoo,PUBLISH ENQUEUED questions_in,2025-10-29T13:41:03
68f2d95bd190740cfd6a30cb,yahoo,PUBLISH ENQUEUED questions_in,2025-10-29T13:41:03
68f2d95bd190740cfd6a410a,yahoo,PUBLISH ENQUEUED questions_in,2025-10-29T13:41:04
68f2d95bd190740cfd6a29a0,yahoo,PUBLISH ENQUEUED questions_in,2025-10-29T13:41:05
68f2d95bd190740cfd6a1d25,yahoo,PUBLISH ENQUEUED questions_in,2025-10-29T13:41:05
68f2d95bd190740cfd6a2e66,yahoo,PUBLISH ENQUEUED questions_in,2025-10-29T13:41:06
68f2d95bd190740cfd6a4051,yahoo,PUBLISH ENQUEUED questions_in,2025-10-29T13:41:07
68f2d95bd190740cfd6a32bc,yahoo,PUBLISH ENQUEUED questions_in,2025-10-29T13:41:09
68f2d95bd190740cfd6a31e0,yahoo,PUBLISH ENQUEUED questions_in,2025-10-29T13:41:10
68f2d95bd190740cfd6a3d14,yahoo,PUBLISH ENQUEUED questions_in,2025-10-29T13:41:10
68f2d95bd190740cfd6a2d87,yahoo,PUBLISH ENQUEUED questions_in,2025-10-29T13:41:11
68f2d95bd190740cfd6a1f7b,yahoo,PUBLISH ENQUEUED questions_in,2025-10-29T13:41:12
68f2d95bd190740cfd6a2ddc,yahoo,PUBLISH ENQUEUED questions_in,2025-10-29T13:41:13
68f2d95bd190740cfd6a27df,yahoo,PUBLISH ENQUEUED questions_in,2025-10-29T13:41:13
68f2d95bd190740cfd6a363d,yahoo,PUBLISH ENQUEUED questions_in,2025-10-29T13:41:14
68f2d95bd190740cfd6a3f05,yahoo,PUBLISH ENQUEUED questions_in,2025-10-29T13:41:16
68f2d95bd190740cfd6a2639,yahoo,PUBLISH ENQUEUED questions_in,2025-10-29T13:41:17
68f2d95bd190740cfd6a3a3d,yahoo,PUBLISH ENQUEUED questions_in,2025-10-29T13:41:17
68f2d95bd190740cfd6a21c1,yahoo,PUBLISH ENQUEUED questions_in,2025-10-29T13:41:17
68f2d95bd190740cfd6a39f9,yahoo,PUBLISH ENQUEUED questions_in,2025-10-29T13:41:17
68f2d95bd190740cfd6a1b65,yahoo,PUBLISH ENQUEUED questions_in,2025-10-29T13:41:18
68f2d95bd190740cfd6a3b72,yahoo,PUBLISH ENQUEUED questions_in,2025-10-29T13:41:18
68f2d95bd190740cfd6a1f58,yahoo,PUBLISH ENQUEUED questions_in,2025-10-29T13:41:18
68f2d95bd190740cfd6a3496,yahoo,PUBLISH ENQUEUED questions_in,2025-10-29T13:41:19
68f2d95bd190740cfd6a3a11,yahoo,PUBLISH ENQUEUED questions_in,2025-10-29T13:41:19
68f2d95bd190740cfd6a2365,yahoo,PUBLISH ENQUEUED questions_in,2025-10-29T13:41:19
68f2d95bd190740cfd6a2852,yahoo,PUBLISH ENQUEUED questions_in,2025-10-29T13:41:20
68f2d95bd190740cfd6a277f,yahoo,PUBLISH ENQUEUED questions_in,2025-10-29T13:41:25
68f2d95bd190740cfd6a415e,yahoo,PUBLISH ENQUEUED questions_in,2025-10-29T13:41:25
68f2d95bd190740cfd6a3227,yahoo,PUBLISH ENQUEUED questions_in,2025-10-29T13:41:25
68f2d95bd190740cfd6a3a2c,yahoo,PUBLISH ENQUEUED questions_in,2025-10-29T13:41:25
68f2d95bd190740cfd6a20fe,yahoo,PUBLISH ENQUEUED questions_in,2025-10-29T13:41:26
68f2d95bd190740cfd6a2d95,yahoo,PUBLISH ENQUEUED questions_in,2025-10-29T13:41:27
68f2d95bd190740cfd6a3ad1,yahoo,PUBLISH ENQUEUED questions_in,2025-10-29T13:41:27
68f2d95bd190740cfd6a2d87,yahoo,PUBLISH ENQUEUED questions_in,2025-10-29T13:41:27
68f2d95bd190740cfd6a38d5,yahoo,PUBLISH ENQUEUED questions_in,2025-10-29T13:41:29
68f2d95bd190740cfd6a1fa0,yahoo,PUBLISH ENQUEUED questions_in,2025-10-29T13:41:29
68f2d95bd190740cfd6a3ea0,yahoo,PUBLISH ENQUEUED questions_in,2025-10-29T13:41:29
68f2d95bd190740cfd6a2875,yahoo,PUBLISH ENQUEUED questions_in,2025-10-29T13:41:30
68f2d95bd190740cfd6a303a,yahoo,PUBLISH ENQUEUED questions_in,2025-10-29T13:41:30
68f2d95bd190740cfd6a278c,yahoo,PUBLISH ENQUEUED questions_in,2025-10-29T13:41:31
68f2d95bd190740cfd6a2d5c,yahoo,PUBLISH ENQUEUED questions_in,2025-10-29T13:41:31
68f2d95bd190740cfd6a3366,yahoo,PUBLISH ENQUEUED questions_in,2025-10-29T13:41:32
68f2d95bd190740cfd6a3bb5,yahoo,PUBLISH ENQUEUED questions_in,2025-10-29T13:41:32
68f2d95bd190740cfd6a269c,yahoo,PUBLISH ENQUEUED questions_in,2025-10-29T13:41:33
68f2d95bd190740cfd6a36dc,yahoo,PUBLISH ENQUEUED questions_in,2025-10-29T13:41:33
68f2d95bd190740cfd6a4183,yahoo,PUBLISH ENQUEUED questions_in,2025-10-29T13:41:35
68f2d95bd190740cfd6a3aaa,yahoo,PUBLISH ENQUEUED questions_in,2025-10-29T13:41:36
68f2d95bd190740cfd6a2107,yahoo,PUBLISH ENQUEUED questions_in,2025-10-29T13:41:37
68f2d95bd190740cfd6a2aee,yahoo,PUBLISH ENQUEUED questions_in,2025-10-29T13:41:38
68f2d95bd190740cfd6a35f3,yahoo,PUBLISH ENQUEUED questions_in,2025-10-29T13:41:40
68f2d95bd190740cfd6a2310,yahoo,PUBLISH ENQUEUED questions_in,2025-10-29T13:41:42
68f2d95bd190740cfd6a288a,yahoo,PUBLISH ENQUEUED questions_in,2025-10-29T13:41:42
68f2d95bd190740cfd6a237c,yahoo,PUBLISH ENQUEUED questions_in,2025-10-29T13:41:43
68f2d95bd190740cfd6a349b,yahoo,PUBLISH ENQUEUED questions_in,2025-10-29T13:41:44
68f2d95bd190740cfd6a3126,yahoo,PUBLISH ENQUEUED questions_in,2025-10-29T13:41:44
68f2d95bd190740cfd6a2183,yahoo,PUBLISH ENQUEUED questions_in,2025-10-29T13:41:44
68f2d95bd190740cfd6a3691,yahoo,PUBLISH ENQUEUED questions_in,2025-10-29T13:41:44
68f2d95bd190740cfd6a2159,yahoo,PUBLISH ENQUEUED questions_in,2025-10-29T13:41:44
68f2d95bd190740cfd6a3d61,yahoo,PUBLISH ENQUEUED questions_in,2025-10-29T13:41:46
68f2d95bd190740cfd6a2b1c,yahoo,PUBLISH ENQUEUED questions_in,2025-10-29T13:41:47
68f2d95bd190740cfd6a377d,yahoo,PUBLISH ENQUEUED questions_in,2025-10-29T13:41:47
68f2d95bd190740cfd6a2ace,yahoo,PUBLISH ENQUEUED questions_in,2025-10-29T13:41:49
68f2d95bd190740cfd6a3764,yahoo,PUBLISH ENQUEUED questions_in,2025-10-29T13:41:49
68f2d95bd190740cfd6a27ba,yahoo,PUBLISH ENQUEUED questions_in,2025-10-29T13:41:50
68f2d95bd190740cfd6a2aba,yahoo,PUBLISH ENQUEUED questions_in,2025-10-29T13:41:50
68f2d95bd190740cfd6a30f4,yahoo,PUBLISH ENQUEUED questions_in,2025-10-29T13:41:51
68f2d95bd190740cfd6a1b33,yahoo,PUBLISH ENQUEUED questions_in,2025-10-29T13:41:51
68f2d95bd190740cfd6a20bb,yahoo,PUBLISH ENQUEUED questions_in,2025-10-29T13:41:51
68f2d95bd190740cfd6a1aeb,yahoo,PUBLISH ENQUEUED questions_in,2025-10-29T13:41:54
68f2d95bd190740cfd6a39d9,yahoo,PUBLISH ENQUEUED questions_in,2025-10-29T13:41:55
68f2d95bd190740cfd6a2fb2,yahoo,PUBLISH ENQUEUED questions_in,2025-10-29T13:41:55
68f2d95bd190740cfd6a32bd,yahoo,PUBLISH ENQUEUED questions_in,2025-10-29T13:41:56
68f2d95bd190740cfd6a3f6e,yahoo,PUBLISH ENQUEUED questions_in,2025-10-29T13:41:57
68f2d95bd190740cfd6a3508,yahoo,PUBLISH ENQUEUED questions_in,2025-10-29T13:41:58
68f2d95bd190740cfd6a2e27,yahoo,PUBLISH ENQUEUED questions_in,2025-10-29T13:41:59
68f2d95bd190740cfd6a3d7e,yahoo,PUBLISH ENQUEUED questions_in,2025-10-29T13:41:59
68f2d95bd190740cfd6a3ab9,yahoo,PUBLISH ENQUEUED questions_in,2025-10-29T13:42:00
68f2d95bd190740cfd6a2ba1,yahoo,PUBLISH ENQUEUED questions_in,2025-10-29T13:42:01
68f2d95bd190740cfd6a1c20,yahoo,PUBLISH ENQUEUED questions_in,2025-10-29T13:42:02
68f2d95bd190740cfd6a20ed,yahoo,PUBLISH ENQUEUED questions_in,2025-10-29T13:42:02
68f2d95bd190740cfd6a395c,yahoo,PUBLISH ENQUEUED questions_in,2025-10-29T13:42:02
68f2d95bd190740cfd6a3e42,yahoo,PUBLISH ENQUEUED questions_in,2025-10-29T13:42:03
68f2d95bd190740cfd6a3cdf,yahoo,PUBLISH ENQUEUED questions_in,2025-10-29T13:42:03
68f2d95bd190740cfd6a28e5,yahoo,PUBLISH ENQUEUED questions_in,2025-10-29T13:42:05
68f2d95bd190740cfd6a1ad0,yahoo,PUBLISH ENQUEUED questions_in,2025-10-29T13:42:06
68f2d95bd190740cfd6a1eed,yahoo,PUBLISH ENQUEUED questions_in,2025-10-29T13:42:06
68f2d95bd190740cfd6a41bd,yahoo,PUBLISH ENQUEUED questions_in,2025-10-29T13:42:07
68f2d95bd190740cfd6a3f7a,yahoo,PUBLISH ENQUEUED questions_in,2025-10-29T13:42:08
68f2d95bd190740cfd6a4120,yahoo,PUBLISH ENQUEUED questions_in,2025-10-29T13:42:08
68f2d95bd190740cfd6a1bc4,yahoo,PUBLISH ENQUEUED questions_in,2025-10-29T13:42:08
68f2d95bd190740cfd6a3270,yahoo,PUBLISH ENQUEUED questions_in,2025-10-29T13:42:09
68f2d95bd190740cfd6a1d42,yahoo,PUBLISH ENQUEUED questions_in,2025-10-29T13:42:09
68f2d95bd190740cfd6a1c16,yahoo,PUBLISH ENQUEUED questions_in,2025-10-29T13:42:10
68f2d95bd190740cfd6a1ed6,yahoo,PUBLISH ENQUEUED questions_in,2025-10-29T13:42:13
68f2d95bd190740cfd6a1b09,yahoo,PUBLISH ENQUEUED questions_in,2025-10-29T13:42:13
68f2d95bd190740cfd6a2260,yahoo,PUBLISH ENQUEUED questions_in,2025-10-29T13:42:14
68f2d95bd190740cfd6a3402,yahoo,PUBLISH ENQUEUED questions_in,2025-10-29T13:42:14
68f2d95bd190740cfd6a218d,yahoo,PUBLISH ENQUEUED questions_in,2025-10-29T13:42:15
68f2d95bd190740cfd6a2f69,yahoo,PUBLISH ENQUEUED questions_in,2025-10-29T13:42:16
68f2d95bd190740cfd6a2350,yahoo,PUBLISH ENQUEUED questions_in,2025-10-29T13:42:16
68f2d95bd190740cfd6a3444,yahoo,PUBLISH ENQUEUED questions_in,2025-10-29T13:42:17
68f2d95bd190740cfd6a2914,yahoo,PUBLISH ENQUEUED questions_in,2025-10-29T13:42:18
68f2d95bd190740cfd6a2eb7,yahoo,PUBLISH ENQUEUED questions_in,2025-10-29T13:42:19
68f2d95bd190740cfd6a2fb1,yahoo,PUBLISH ENQUEUED questions_in,2025-10-29T13:42:19
68f2d95bd190740cfd6a3074,yahoo,PUBLISH ENQUEUED questions_in,2025-10-29T13:42:20
68f2d95bd190740cfd6a2be9,yahoo,PUBLISH ENQUEUED questions_in,2025-10-29T13:42:20
68f2d95bd190740cfd6a275b,yahoo,PUBLISH ENQUEUED questions_in,2025-10-29T13:42:20
68f2d95bd190740cfd6a2d5d,yahoo,PUBLISH ENQUEUED questions_in,2025-10-29T13:42:21
68f2d95bd190740cfd6a3aee,yahoo,PUBLISH ENQUEUED questions_in,2025-10-29T13:42:22
68f2d95bd190740cfd6a3d17,yahoo,PUBLISH ENQUEUED questions_in,2025-10-29T13:42:23
68f2d95bd190740cfd6a2e40,yahoo,PUBLISH ENQUEUED questions_in,2025-10-29T13:42:23
68f2d95bd190740cfd6a25c8,yahoo,PUBLISH ENQUEUED questions_in,2025-10-29T13:42:23
68f2d95bd190740cfd6a34c9,yahoo,PUBLISH ENQUEUED questions_in,2025-10-29T13:42:24
68f2d95bd190740cfd6a3e0b,yahoo,PUBLISH ENQUEUED questions_in,2025-10-29T13:42:24
68f2d95bd190740cfd6a2633,yahoo,PUBLISH ENQUEUED questions_in,2025-10-29T13:42:25
68f2d95bd190740cfd6a1d04,yahoo,PUBLISH ENQUEUED questions_in,2025-10-29T13:42:26
68f2d95bd190740cfd6a2c12,yahoo,PUBLISH ENQUEUED questions_in,2025-10-29T13:42:27
68f2d95bd190740cfd6a2f02,yahoo,PUBLISH ENQUEUED questions_in,2025-10-29T13:42:27
68f2d95bd190740cfd6a3c20,yahoo,PUBLISH ENQUEUED questions_in,2025-10-29T13:42:28
68f2d95bd190740cfd6a1ff7,yahoo,PUBLISH ENQUEUED questions_in,2025-10-29T13:42:29
68f2d95bd190740cfd6a3442,yahoo,PUBLISH ENQUEUED questions_in,2025-10-29T13:42:30
68f2d95bd190740cfd6a2c59,yahoo,PUBLISH ENQUEUED questions_in,2025-10-29T13:42:30
68f2d95bd190740cfd6a20e1,yahoo,PUBLISH ENQUEUED questions_in,2025-10-29T13:42:30
68f2d95bd190740cfd6a33f0,yahoo,PUBLISH ENQUEUED questions_in,2025-10-29T13:42:30
68f2d95bd190740cfd6a3a81,yahoo,PUBLISH ENQUEUED questions_in,2025-10-29T13:42:31
68f2d95bd190740cfd6a22b9,yahoo,PUBLISH ENQUEUED questions_in,2025-10-29T13:42:31
68f2d95bd190740cfd6a372c,yahoo,PUBLISH ENQUEUED questions_in,2025-10-29T13:42:31
68f2d95bd190740cfd6a231b,yahoo,PUBLISH ENQUEUED questions_in,2025-10-29T13:42:31
68f2d95bd190740cfd6a3e4c,yahoo,PUBLISH ENQUEUED questions_in,2025-10-29T13:42:32
68f2d95bd190740cfd6a268e,yahoo,PUBLISH ENQUEUED questions_in,2025-10-29T13:42:32
68f2d95bd190740cfd6a28e1,yahoo,PUBLISH ENQUEUED questions_in,2025-10-29T13:42:34
68f2d95bd190740cfd6a2d07,yahoo,PUBLISH ENQUEUED questions_in,2025-10-29T13:42:34
68f2d95bd190740cfd6a2c2e,yahoo,PUBLISH ENQUEUED questions_in,2025-10-29T13:42:34
68f2d95bd190740cfd6a2316,yahoo,PUBLISH ENQUEUED questions_in,2025-10-29T13:42:35
68f2d95bd190740cfd6a252e,yahoo,PUBLISH ENQUEUED questions_in,2025-10-29T13:42:35
68f2d95bd190740cfd6a23e5,yahoo,PUBLISH ENQUEUED questions_in,2025-10-29T13:42:36
68f2d95bd190740cfd6a3b56,yahoo,PUBLISH ENQUEUED questions_in,2025-10-29T13:42:37
68f2d95bd190740cfd6a3595,yahoo,PUBLISH ENQUEUED questions_in,2025-10-29T13:42:37
68f2d95bd190740cfd6a2179,yahoo,PUBLISH ENQUEUED questions_in,2025-10-29T13:42:37
68f2d95bd190740cfd6a1e67,yahoo,PUBLISH ENQUEUED questions_in,2025-10-29T13:42:38
68f2d95bd190740cfd6a287d,yahoo,PUBLISH ENQUEUED questions_in,2025-10-29T13:42:41
68f2d95bd190740cfd6a351c,yahoo,PUBLISH ENQUEUED questions_in,2025-10-29T13:42:41
68f2d95bd190740cfd6a32b8,yahoo,PUBLISH ENQUEUED questions_in,2025-10-29T13:42:41
68f2d95bd190740cfd6a30d7,yahoo,PUBLISH ENQUEUED questions_in,2025-10-29T13:42:42
68f2d95bd190740cfd6a1cdc,yahoo,PUBLISH ENQUEUED questions_in,2025-10-29T13:42:43
68f2d95bd190740cfd6a1dda,yahoo,PUBLISH ENQUEUED questions_in,2025-10-29T13:42:44
68f2d95bd190740cfd6a2e8d,yahoo,PUBLISH ENQUEUED questions_in,2025-10-29T13:42:46
68f2d95bd190740cfd6a20bc,yahoo,PUBLISH ENQUEUED questions_in,2025-10-29T13:42:46
68f2d95bd190740cfd6a25b1,yahoo,PUBLISH ENQUEUED questions_in,2025-10-29T13:42:48
68f2d95bd190740cfd6a39a1,yahoo,PUBLISH ENQUEUED questions_in,2025-10-29T13:42:49
68f2d95bd190740cfd6a1e55,yahoo,PUBLISH ENQUEUED questions_in,2025-10-29T13:42:49
68f2d95bd190740cfd6a25fa,yahoo,PUBLISH ENQUEUED questions_in,2025-10-29T13:42:49
68f2d95bd190740cfd6a3ee0,yahoo,PUBLISH ENQUEUED questions_in,2025-10-29T13:42:49
68f2d95bd190740cfd6a1ea6,yahoo,PUBLISH ENQUEUED questions_in,2025-10-29T13:42:50
68f2d95bd190740cfd6a3461,yahoo,PUBLISH ENQUEUED questions_in,2025-10-29T13:42:52
68f2d95bd190740cfd6a38f6,yahoo,PUBLISH ENQUEUED questions_in,2025-10-29T13:42:52
68f2d95bd190740cfd6a1c35,yahoo,PUBLISH ENQUEUED questions_in,2025-10-29T13:42:53
68f2d95bd190740cfd6a4074,yahoo,PUBLISH ENQUEUED questions_in,2025-10-29T13:42:53
68f2d95bd190740cfd6a2a3e,yahoo,PUBLISH ENQUEUED questions_in,2025-10-29T13:42:53
68f2d95bd190740cfd6a24c5,yahoo,PUBLISH ENQUEUED questions_in,2025-10-29T13:42:53
68f2d95bd190740cfd6a2281,yahoo,PUBLISH ENQUEUED questions_in,2025-10-29T13:42:54
68f2d95bd190740cfd6a38fb,yahoo,PUBLISH ENQUEUED questions_in,2025-10-29T13:42:54
68f2d95bd190740cfd6a2ae9,yahoo,PUBLISH ENQUEUED questions_in,2025-10-29T13:42:56
68f2d95bd190740cfd6a1ee6,yahoo,PUBLISH ENQUEUED questions_in,2025-10-29T13:42:56
68f2d95bd190740cfd6a1eff,yahoo,PUBLISH ENQUEUED questions_in,2025-10-29T13:42:57
68f2d95bd190740cfd6a21d2,yahoo,PUBLISH ENQUEUED questions_in,2025-10-29T13:42:57
68f2d95bd190740cfd6a28b3,yahoo,PUBLISH ENQUEUED questions_in,2025-10-29T13:42:58
68f2d95bd190740cfd6a1ef6,yahoo,PUBLISH ENQUEUED questions_in,2025-10-29T13:43:02
68f2d95bd190740cfd6a3d19,yahoo,PUBLISH ENQUEUED questions_in,2025-10-29T13:43:02
68f2d95bd190740cfd6a2808,yahoo,PUBLISH ENQUEUED questions_in,2025-10-29T13:43:02
68f2d95bd190740cfd6a205a,yahoo,PUBLISH ENQUEUED questions_in,2025-10-29T13:43:02
68f2d95bd190740cfd6a1e3c,yahoo,PUBLISH ENQUEUED questions_in,2025-10-29T13:43:04
68f2d95bd190740cfd6a3829,yahoo,PUBLISH ENQUEUED questions_in,2025-10-29T13:43:05
68f2d95bd190740cfd6a2595,yahoo,PUBLISH ENQUEUED questions_in,2025-10-29T13:43:05
68f2d95bd190740cfd6a3d29,yahoo,PUBLISH ENQUEUED questions_in,2025-10-29T13:43:06
68f2d95bd190740cfd6a2922,yahoo,PUBLISH ENQUEUED questions_in,2025-10-29T13:43:07
68f2d95bd190740cfd6a2396,yahoo,PUBLISH ENQUEUED questions_in,2025-10-29T13:43:08
68f2d95bd190740cfd6a4187,yahoo,PUBLISH ENQUEUED questions_in,2025-10-29T13:43:08
68f2d95bd190740cfd6a294a,yahoo,PUBLISH ENQUEUED questions_in,2025-10-29T13:43:09
68f2d95bd190740cfd6a3d95,yahoo,PUBLISH ENQUEUED questions_in,2025-10-29T13:43:09
68f2d95bd190740cfd6a28b1,yahoo,PUBLISH ENQUEUED questions_in,2025-10-29T13:43:09
68f2d95bd190740cfd6a3b45,yahoo,PUBLISH ENQUEUED questions_in,2025-10-29T13:43:10
68f2d95bd190740cfd6a2bc3,yahoo,PUBLISH ENQUEUED questions_in,2025-10-29T13:43:11
68f2d95bd190740cfd6a2df3,yahoo,PUBLISH ENQUEUED questions_in,2025-10-29T13:43:11
68f2d95bd190740cfd6a2604,yahoo,PUBLISH ENQUEUED questions_in,2025-10-29T13:43:12
68f2d95bd190740cfd6a3af5,yahoo,PUBLISH ENQUEUED questions_in,2025-10-29T13:43:13
68f2d95bd190740cfd6a3f3a,yahoo,PUBLISH ENQUEUED questions_in,2025-10-29T13:43:14
68f2d95bd190740cfd6a2e3e,yahoo,PUBLISH ENQUEUED questions_in,2025-10-29T13:43:14
68f2d95bd190740cfd6a1de5,yahoo,PUBLISH ENQUEUED questions_in,2025-10-29T13:43:14
68f2d95bd190740cfd6a1ea2,yahoo,PUBLISH ENQUEUED questions_in,2025-10-29T13:43:14
68f2d95bd190740cfd6a2af2,yahoo,PUBLISH ENQUEUED questions_in,2025-10-29T13:43:15
68f2d95bd190740cfd6a2ca3,yahoo,PUBLISH ENQUEUED questions_in,2025-10-29T13:43:16
68f2d95bd190740cfd6a3896,yahoo,PUBLISH ENQUEUED questions_in,2025-10-29T13:43:17
68f2d95bd190740cfd6a34da,yahoo,PUBLISH ENQUEUED questions_in,2025-10-29T13:43:18
68f2d95bd190740cfd6a1ea0,yahoo,PUBLISH ENQUEUED questions_in,2025-10-29T13:43:19
68f2d95bd190740cfd6a1f50,yahoo,PUBLISH ENQUEUED questions_in,2025-10-29T13:43:20
68f2d95bd190740cfd6a3bc4,yahoo,PUBLISH ENQUEUED questions_in,2025-10-29T13:43:21
68f2d95bd190740cfd6a3b9b,yahoo,PUBLISH ENQUEUED questions_in,2025-10-29T13:43:22
68f2d95bd190740cfd6a24f6,yahoo,PUBLISH ENQUEUED questions_in,2025-10-29T13:43:23
68f2d95bd190740cfd6a38c9,yahoo,PUBLISH ENQUEUED questions_in,2025-10-29T13:43:23
68f2d95bd190740cfd6a214f,yahoo,PUBLISH ENQUEUED questions_in,2025-10-29T13:43:23
68f2d95bd190740cfd6a2973,yahoo,PUBLISH ENQUEUED questions_in,2025-10-29T13:43:24
68f2d95bd190740cfd6a361f,yahoo,PUBLISH ENQUEUED questions_in,2025-10-29T13:43:24
68f2d95bd190740cfd6a377a,yahoo,PUBLISH ENQUEUED questions_in,2025-10-29T13:43:24
68f2d95bd190740cfd6a3e0b,yahoo,PUBLISH ENQUEUED questions_in,2025-10-29T13:43:27
68f2d95bd190740cfd6a3b0c,yahoo,PUBLISH ENQUEUED questions_in,2025-10-29T13:43:28
68f2d95bd190740cfd6a1e03,yahoo,PUBLISH ENQUEUED questions_in,2025-10-29T13:43:29
68f2d95bd190740cfd6a317d,yahoo,PUBLISH ENQUEUED questions_in,2025-10-29T13:43:29
68f2d95bd190740cfd6a1ca6,yahoo,PUBLISH ENQUEUED questions_in,2025-10-29T13:43:30
68f2d95bd190740cfd6a2731,yahoo,PUBLISH ENQUEUED questions_in,2025-10-29T13:43:30
68f2d95bd190740cfd6a1ad4,yahoo,PUBLISH ENQUEUED questions_in,2025-10-29T13:43:30
68f2d95bd190740cfd6a1c1f,yahoo,PUBLISH ENQUEUED questions_in,2025-10-29T13:43:31
68f2d95bd190740cfd6a25f1,yahoo,PUBLISH ENQUEUED questions_in,2025-10-29T13:43:32
68f2d95bd190740cfd6a3075,yahoo,PUBLISH ENQUEUED questions_in,2025-10-29T13:43:32
68f2d95bd190740cfd6a3aee,yahoo,PUBLISH ENQUEUED questions_in,2025-10-29T13:43:33
68f2d95bd190740cfd6a2d91,yahoo,PUBLISH ENQUEUED questions_in,2025-10-29T13:43:34
68f2d95bd190740cfd6a258e,yahoo,PUBLISH ENQUEUED questions_in,2025-10-29T13:43:34
68f2d95bd190740cfd6a2f83,yahoo,PUBLISH ENQUEUED questions_in,2025-10-29T13:43:34
68f2d95bd190740cfd6a418e,yahoo,PUBLISH ENQUEUED questions_in,2025-10-29T13:43:35
68f2d95bd190740cfd6a388c,yahoo,PUBLISH ENQUEUED questions_in,2025-10-29T13:43:37
68f2d95bd190740cfd6a4128,yahoo,PUBLISH ENQUEUED questions_in,2025-10-29T13:43:38
68f2d95bd190740cfd6a3a43,yahoo,PUBLISH ENQUEUED questions_in,2025-10-29T13:43:39
68f2d95bd190740cfd6a31aa,yahoo,PUBLISH ENQUEUED questions_in,2025-10-29T13:43:40
68f2d95bd190740cfd6a210d,yahoo,PUBLISH ENQUEUED questions_in,2025-10-29T13:43:41
68f2d95bd190740cfd6a3176,yahoo,PUBLISH ENQUEUED questions_in,2025-10-29T13:43:42
68f2d95bd190740cfd6a2a55,yahoo,PUBLISH ENQUEUED questions_in,2025-10-29T13:43:42
68f2d95bd190740cfd6a20db,yahoo,PUBLISH ENQUEUED questions_in,2025-10-29T13:43:42
68f2d95bd190740cfd6a2fc3,yahoo,PUBLISH ENQUEUED questions_in,2025-10-29T13:43:43
68f2d95bd190740cfd6a2e13,yahoo,PUBLISH ENQUEUED questions_in,2025-10-29T13:43:44
68f2d95bd190740cfd6a397c,yahoo,PUBLISH ENQUEUED questions_in,2025-10-29T13:43:44
68f2d95bd190740cfd6a419d,yahoo,PUBLISH ENQUEUED questions_in,2025-10-29T13:43:44
68f2d95bd190740cfd6a22f6,yahoo,PUBLISH ENQUEUED questions_in,2025-10-29T13:43:45
68f2d95bd190740cfd6a1c9b,yahoo,PUBLISH ENQUEUED questions_in,2025-10-29T13:43:47
68f2d95bd190740cfd6a33eb,yahoo,PUBLISH ENQUEUED questions_in,2025-10-29T13:43:49
68f2d95bd190740cfd6a30c4,yahoo,PUBLISH ENQUEUED questions_in,2025-10-29T13:43:49
68f2d95bd190740cfd6a3fd8,yahoo,PUBLISH ENQUEUED questions_in,2025-10-29T13:43:50
68f2d95bd190740cfd6a24c0,yahoo,PUBLISH ENQUEUED questions_in,2025-10-29T13:43:50
68f2d95bd190740cfd6a2d8e,yahoo,PUBLISH ENQUEUED questions_in,2025-10-29T13:43:50
68f2d95bd190740cfd6a3465,yahoo,PUBLISH ENQUEUED questions_in,2025-10-29T13:43:50
68f2d95bd190740cfd6a2008,yahoo,PUBLISH ENQUEUED questions_in,2025-10-29T13:43:50
68f2d95bd190740cfd6a3873,yahoo,PUBLISH ENQUEUED questions_in,2025-10-29T13:43:52
68f2d95bd190740cfd6a1d90,yahoo,PUBLISH ENQUEUED questions_in,2025-10-29T13:43:52
68f2d95bd190740cfd6a3c6a,yahoo,PUBLISH ENQUEUED questions_in,2025-10-29T13:43:52
68f2d95bd190740cfd6a21b7,yahoo,PUBLISH ENQUEUED questions_in,2025-10-29T13:43:53
68f2d95bd190740cfd6a1bef,yahoo,PUBLISH ENQUEUED questions_in,2025-10-29T13:43:56
68f2d95bd190740cfd6a3e3b,yahoo,PUBLISH ENQUEUED questions_in,2025-10-29T13:43:56
68f2d95bd190740cfd6a3ca5,yahoo,PUBLISH ENQUEUED questions_in,2025-10-29T13:43:57
68f2d95bd190740cfd6a2b02,yahoo,PUBLISH ENQUEUED questions_in,2025-10-29T13:43:57
68f2d95bd190740cfd6a3a9a,yahoo,PUBLISH ENQUEUED questions_in,2025-10-29T13:43:57
68f2d95bd190740cfd6a21ae,yahoo,PUBLISH ENQUEUED questions_in,2025-10-29T13:43:58
68f2d95bd190740cfd6a2ec9,yahoo,PUBLISH ENQUEUED questions_in,2025-10-29T13:43:58
68f2d95bd190740cfd6a3b13,yahoo,PUBLISH ENQUEUED questions_in,2025-10-29T13:43:59
68f2d95bd190740cfd6a2551,yahoo,PUBLISH ENQUEUED questions_in,2025-10-29T13:43:59
68f2d95bd190740cfd6a2318,yahoo,PUBLISH ENQUEUED questions_in,2025-10-29T13:43:59
68f2d95bd190740cfd6a4184,yahoo,PUBLISH ENQUEUED questions_in,2025-10-29T13:44:00
68f2d95bd190740cfd6a2563,yahoo,PUBLISH ENQUEUED questions_in,2025-10-29T13:44:01
68f2d95bd190740cfd6a37ae,yahoo,PUBLISH ENQUEUED questions_in,2025-10-29T13:44:04
68f2d95bd190740cfd6a2883,yahoo,PUBLISH ENQUEUED questions_in,2025-10-29T13:44:04
68f2d95bd190740cfd6a3993,yahoo,PUBLISH ENQUEUED questions_in,2025-10-29T13:44:04
68f2d95bd190740cfd6a3d3d,yahoo,PUBLISH ENQUEUED questions_in,2025-10-29T13:44:04
68f2d95bd190740cfd6a1bc6,yahoo,PUBLISH ENQUEUED questions_in,2025-10-29T13:44:05
68f2d95bd190740cfd6a2ed9,yahoo,PUBLISH ENQUEUED questions_in,2025-10-29T13:44:06
68f2d95bd190740cfd6a1cfb,yahoo,PUBLISH ENQUEUED questions_in,2025-10-29T13:44:07
68f2d95bd190740cfd6a223c,yahoo,PUBLISH ENQUEUED questions_in,2025-10-29T13:44:07
68f2d95bd190740cfd6a1f14,yahoo,PUBLISH ENQUEUED questions_in,2025-10-29T13:44:08
68f2d95bd190740cfd6a1cd5,yahoo,PUBLISH ENQUEUED questions_in,2025-10-29T13:44:08
68f2d95bd190740cfd6a39fc,yahoo,PUBLISH ENQUEUED questions_in,2025-10-29T13:44:09
68f2d95bd190740cfd6a410c,yahoo,PUBLISH ENQUEUED questions_in,2025-10-29T13:44:09
68f2d95bd190740cfd6a365c,yahoo,PUBLISH ENQUEUED questions_in,2025-10-29T13:44:09
68f2d95bd190740cfd6a3f62,yahoo,PUBLISH ENQUEUED questions_in,2025-10-29T13:44:12
68f2d95bd190740cfd6a34f0,yahoo,PUBLISH ENQUEUED questions_in,2025-10-29T13:44:13
68f2d95bd190740cfd6a24b6,yahoo,PUBLISH ENQUEUED questions_in,2025-10-29T13:44:14
68f2d95bd190740cfd6a2922,yahoo,PUBLISH ENQUEUED questions_in,2025-10-29T13:44:14
68f2d95bd190740cfd6a2b8c,yahoo,PUBLISH ENQUEUED questions_in,2025-10-29T13:44:16
68f2d95bd190740cfd6a26bf,yahoo,PUBLISH ENQUEUED questions_in,2025-10-29T13:44:18
68f2d95bd190740cfd6a3533,yahoo,PUBLISH ENQUEUED questions_in,2025-10-29T13:44:18
68f2d95bd190740cfd6a1b5c,yahoo,PUBLISH ENQUEUED questions_in,2025-10-29T13:44:20
68f2d95bd190740cfd6a1e3d,yahoo,PUBLISH ENQUEUED questions_in,2025-10-29T13:44:21
68f2d95bd190740cfd6a1f3c,yahoo,PUBLISH ENQUEUED questions_in,2025-10-29T13:44:21
68f2d95bd190740cfd6a2a2a,yahoo,PUBLISH ENQUEUED questions_in,2025-10-29T13:44:22
68f2d95bd190740cfd6a2381,yahoo,PUBLISH ENQUEUED questions_in,2025-10-29T13:44:22
68f2d95bd190740cfd6a31c8,yahoo,PUBLISH ENQUEUED questions_in,2025-10-29T13:44:23
68f2d95bd190740cfd6a1d30,yahoo,PUBLISH ENQUEUED questions_in,2025-10-29T13:44:23
68f2d95bd190740cfd6a3aa2,yahoo,PUBLISH ENQUEUED questions_in,2025-10-29T13:44:24
68f2d95bd190740cfd6a2681,yahoo,PUBLISH ENQUEUED questions_in,2025-10-29T13:44:24
68f2d95bd190740cfd6a29b8,yahoo,PUBLISH ENQUEUED questions_in,2025-10-29T13:44:24
68f2d95bd190740cfd6a3916,yahoo,PUBLISH ENQUEUED questions_in,2025-10-29T13:44:24
68f2d95bd190740cfd6a1f0a,yahoo,PUBLISH ENQUEUED questions_in,2025-10-29T13:44:24
68f2d95bd190740cfd6a245a,yahoo,PUBLISH ENQUEUED questions_in,2025-10-29T13:44:25
68f2d95bd190740cfd6a214d,yahoo,PUBLISH ENQUEUED questions_in,2025-10-29T13:44:25
68f2d95bd190740cfd6a2f5c,yahoo,PUBLISH ENQUEUED questions_in,2025-10-29T13:44:26
68f2d95bd190740cfd6a3527,yahoo,PUBLISH ENQUEUED questions_in,2025-10-29T13:44:26
68f2d95bd190740cfd6a336b,yahoo,PUBLISH ENQUEUED questions_in,2025-10-29T13:44:27
68f2d95bd190740cfd6a32e0,yahoo,PUBLISH ENQUEUED questions_in,2025-10-29T13:44:27
68f2d95bd190740cfd6a1aeb,yahoo,PUBLISH ENQUEUED questions_in,2025-10-29T13:44:28
68f2d95bd190740cfd6a2d50,yahoo,PUBLISH ENQUEUED questions_in,2025-10-29T13:44:28
68f2d95bd190740cfd6a2aca,yahoo,PUBLISH ENQUEUED questions_in,2025-10-29T13:44:29
68f2d95bd190740cfd6a24b6,yahoo,PUBLISH ENQUEUED questions_in,2025-10-29T13:44:30
68f2d95bd190740cfd6a289b,yahoo,PUBLISH ENQUEUED questions_in,2025-10-29T13:44:30
68f2d95bd190740cfd6a298b,yahoo,PUBLISH ENQUEUED questions_in,2025-10-29T13:44:30
68f2d95bd190740cfd6a38cb,yahoo,PUBLISH ENQUEUED questions_in,2025-10-29T13:44:30
68f2d95bd190740cfd6a322f,yahoo,PUBLISH ENQUEUED questions_in,2025-10-29T13:44:30
68f2d95bd190740cfd6a26a9,yahoo,PUBLISH ENQUEUED questions_in,2025-10-29T13:44:31
68f2d95bd190740cfd6a23dd,yahoo,PUBLISH ENQUEUED questions_in,2025-10-29T13:44:32
68f2d95bd190740cfd6a3c75,yahoo,PUBLISH ENQUEUED questions_in,2025-10-29T13:44:32
68f2d95bd190740cfd6a2081,yahoo,PUBLISH ENQUEUED questions_in,2025-10-29T13:44:32
68f2d95bd190740cfd6a1e31,yahoo,PUBLISH ENQUEUED questions_in,2025-10-29T13:44:33
68f2d95bd190740cfd6a2a72,yahoo,PUBLISH ENQUEUED questions_in,2025-10-29T13:44:33
68f2d95bd190740cfd6a3a26,yahoo,PUBLISH ENQUEUED questions_in,2025-10-29T13:44:33
68f2d95bd190740cfd6a2af1,yahoo,PUBLISH ENQUEUED questions_in,2025-10-29T13:44:35
68f2d95bd190740cfd6a2ae5,yahoo,PUBLISH ENQUEUED questions_in,2025-10-29T13:44:35
68f2d95bd190740cfd6a2b57,yahoo,PUBLISH ENQUEUED questions_in,2025-10-29T13:44:35
68f2d95bd190740cfd6a1dbc,yahoo,PUBLISH ENQUEUED questions_in,2025-10-29T13:44:36
68f2d95bd190740cfd6a2d82,yahoo,PUBLISH ENQUEUED questions_in,2025-10-29T13:44:36
68f2d95bd190740cfd6a38aa,yahoo,PUBLISH ENQUEUED questions_in,2025-10-29T13:44:36
68f2d95bd190740cfd6a22dc,yahoo,PUBLISH ENQUEUED questions_in,2025-10-29T13:44:36
68f2d95bd190740cfd6a39b7,yahoo,PUBLISH ENQUEUED questions_in,2025-10-29T13:44:37
68f2d95bd190740cfd6a2e95,yahoo,PUBLISH ENQUEUED questions_in,2025-10-29T13:44:37
68f2d95bd190740cfd6a1f91,yahoo,PUBLISH ENQUEUED questions_in,2025-10-29T13:44:38
68f2d95bd190740cfd6a1f12,yahoo,PUBLISH ENQUEUED questions_in,2025-10-29T13:44:39
68f2d95bd190740cfd6a2e97,yahoo,PUBLISH ENQUEUED questions_in,2025-10-29T13:44:39
68f2d95bd190740cfd6a2371,yahoo,PUBLISH ENQUEUED questions_in,2025-10-29T13:44:40
68f2d95bd190740cfd6a3a88,yahoo,PUBLISH ENQUEUED questions_in,2025-10-29T13:44:41
68f2d95bd190740cfd6a3e03,yahoo,PUBLISH ENQUEUED questions_in,2025-10-29T13:44:43
68f2d95bd190740cfd6a303d,yahoo,PUBLISH ENQUEUED questions_in,2025-10-29T13:44:43
68f2d95bd190740cfd6a3ca1,yahoo,PUBLISH ENQUEUED questions_in,2025-10-29T13:44:44
68f2d95bd190740cfd6a2a29,yahoo,PUBLISH ENQUEUED questions_in,2025-10-29T13:44:45
68f2d95bd190740cfd6a38b4,yahoo,PUBLISH ENQUEUED questions_in,2025-10-29T13:44:47
68f2d95bd190740cfd6a3dc4,yahoo,PUBLISH ENQUEUED questions_in,2025-10-29T13:44:47
68f2d95bd190740cfd6a2047,yahoo,PUBLISH ENQUEUED questions_in,2025-10-29T13:44:48
68f2d95bd190740cfd6a351b,yahoo,PUBLISH ENQUEUED questions_in,2025-10-29T13:44:49
68f2d95bd190740cfd6a1c93,yahoo,PUBLISH ENQUEUED questions_in,2025-10-29T13:44:50
68f2d95bd190740cfd6a2699,yahoo,PUBLISH ENQUEUED questions_in,2025-10-29T13:44:50
68f2d95bd190740cfd6a3435,yahoo,PUBLISH ENQUEUED questions_in,2025-10-29T13:44:50
68f2d95bd190740cfd6a3295,yahoo,PUBLISH ENQUEUED questions_in,2025-10-29T13:44:50
68f2d95bd190740cfd6a3d42,yahoo,PUBLISH ENQUEUED questions_in,2025-10-29T13:44:51
68f2d95bd190740cfd6a39b3,yahoo,PUBLISH ENQUEUED questions_in,2025-10-29T13:44:52
68f2d95bd190740cfd6a28d8,yahoo,PUBLISH ENQUEUED questions_in,2025-10-29T13:44:52
68f2d95bd190740cfd6a27f9,yahoo,PUBLISH ENQUEUED questions_in,2025-10-29T13:44:53
68f2d95bd190740cfd6a3ab8,yahoo,PUBLISH ENQUEUED questions_in,2025-10-29T13:44:54
68f2d95bd190740cfd6a3048,yahoo,PUBLISH ENQUEUED questions_in,2025-10-29T13:44:54
68f2d95bd190740cfd6a23bb,yahoo,PUBLISH ENQUEUED questions_in,2025-10-29T13:44:55
68f2d95bd190740cfd6a3d95,yahoo,PUBLISH ENQUEUED questions_in,2025-10-29T13:44:55
68f2d95bd190740cfd6a1b83,yahoo,PUBLISH ENQUEUED questions_in,2025-10-29T13:44:55
68f2d95bd190740cfd6a379a,yahoo,PUBLISH ENQUEUED questions_in,2025-10-29T13:44:55
68f2d95bd190740cfd6a3be9,yahoo,PUBLISH ENQUEUED questions_in,2025-10-29T13:44:57
68f2d95bd190740cfd6a3688,yahoo,PUBLISH ENQUEUED questions_in,2025-10-29T13:44:57
68f2d95bd190740cfd6a23b3,yahoo,PUBLISH ENQUEUED questions_in,2025-10-29T13:44:57
68f2d95bd190740cfd6a38a0,yahoo,PUBLISH ENQUEUED questions_in,2025-10-29T13:44:57
68f2d95bd190740cfd6a1b52,yahoo,PUBLISH ENQUEUED questions_in,2025-10-29T13:44:58
68f2d95bd190740cfd6a2a0e,yahoo,PUBLISH ENQUEUED questions_in,2025-10-29T13:44:59
68f2d95bd190740cfd6a1b23,yahoo,PUBLISH ENQUEUED questions_in,2025-10-29T13:45:00
68f2d95bd190740cfd6a1df9,yahoo,PUBLISH ENQUEUED questions_in,2025-10-29T13:45:00
68f2d95bd190740cfd6a3e6b,yahoo,PUBLISH ENQUEUED questions_in,2025-10-29T13:45:00
68f2d95bd190740cfd6a265f,yahoo,PUBLISH ENQUEUED questions_in,2025-10-29T13:45:01
68f2d95bd190740cfd6a2990,yahoo,PUBLISH ENQUEUED questions_in,2025-10-29T13:45:02
68f2d95bd190740cfd6a31af,yahoo,PUBLISH ENQUEUED questions_in,2025-10-29T13:45:03
68f2d95bd190740cfd6a2d09,yahoo,PUBLISH ENQUEUED questions_in,2025-10-29T13:45:03
68f2d95bd190740cfd6a2256,yahoo,PUBLISH ENQUEUED questions_in,2025-10-29T13:45:03
68f2d95bd190740cfd6a2c48,yahoo,PUBLISH ENQUEUED questions_in,2025-10-29T13:45:05
68f2d95bd190740cfd6a247a,yahoo,PUBLISH ENQUEUED questions_in,2025-10-29T13:45:06
68f2d95bd190740cfd6a2021,yahoo,PUBLISH ENQUEUED questions_in,2025-10-29T13:45:07
68f2d95bd190740cfd6a1d15,yahoo,PUBLISH ENQUEUED questions_in,2025-10-29T13:45:07
68f2d95bd190740cfd6a2a47,yahoo,PUBLISH ENQUEUED questions_in,2025-10-29T13:45:07
68f2d95bd190740cfd6a2f0b,yahoo,PUBLISH ENQUEUED questions_in,2025-10-29T13:45:08
68f2d95bd190740cfd6a2362,yahoo,PUBLISH ENQUEUED questions_in,2025-10-29T13:45:10
68f2d95bd190740cfd6a1c01,yahoo,PUBLISH ENQUEUED questions_in,2025-10-29T13:45:11
68f2d95bd190740cfd6a281c,yahoo,PUBLISH ENQUEUED questions_in,2025-10-29T13:45:11
68f2d95bd190740cfd6a2136,yahoo,PUBLISH ENQUEUED questions_in,2025-10-29T13:45:12
68f2d95bd190740cfd6a2e13,yahoo,PUBLISH ENQUEUED questions_in,2025-10-29T13:45:12
68f2d95bd190740cfd6a3d18,yahoo,PUBLISH ENQUEUED questions_in,2025-10-29T13:45:13
68f2d95bd190740cfd6a3f25,yahoo,PUBLISH ENQUEUED questions_in,2025-10-29T13:45:15
68f2d95bd190740cfd6a23c9,yahoo,PUBLISH ENQUEUED questions_in,2025-10-29T13:45:15
68f2d95bd190740cfd6a225d,yahoo,PUBLISH ENQUEUED questions_in,2025-10-29T13:45:15
68f2d95bd190740cfd6a2018,yahoo,PUBLISH ENQUEUED questions_in,2025-10-29T13:45:15
68f2d95bd190740cfd6a2a5c,yahoo,PUBLISH ENQUEUED questions_in,2025-10-29T13:45:17
68f2d95bd190740cfd6a248a,yahoo,PUBLISH ENQUEUED questions_in,2025-10-29T13:45:17
68f2d95bd190740cfd6a2ce5,yahoo,PUBLISH ENQUEUED questions_in,2025-10-29T13:45:17
68f2d95bd190740cfd6a1dc1,yahoo,PUBLISH ENQUEUED questions_in,2025-10-29T13:45:19
68f2d95bd190740cfd6a30cc,yahoo,PUBLISH ENQUEUED questions_in,2025-10-29T13:45:19
68f2d95bd190740cfd6a28e2,yahoo,PUBLISH ENQUEUED questions_in,2025-10-29T13:45:19
68f2d95bd190740cfd6a299a,yahoo,PUBLISH ENQUEUED questions_in,2025-10-29T13:45:22
68f2d95bd190740cfd6a2aaf,yahoo,PUBLISH ENQUEUED questions_in,2025-10-29T13:45:22
68f2d95bd190740cfd6a31e1,yahoo,PUBLISH ENQUEUED questions_in,2025-10-29T13:45:23
68f2d95bd190740cfd6a3064,yahoo,PUBLISH ENQUEUED questions_in,2025-10-29T13:45:24
68f2d95bd190740cfd6a2677,yahoo,PUBLISH ENQUEUED questions_in,2025-10-29T13:45:24
68f2d95bd190740cfd6a2862,yahoo,PUBLISH ENQUEUED questions_in,2025-10-29T13:45:25
68f2d95bd190740cfd6a3557,yahoo,PUBLISH ENQUEUED questions_in,2025-10-29T13:45:25
68f2d95bd190740cfd6a20ed,yahoo,PUBLISH ENQUEUED questions_in,2025-10-29T13:45:26
68f2d95bd190740cfd6a3c94,yahoo,PUBLISH ENQUEUED questions_in,2025-10-29T13:45:26
68f2d95bd190740cfd6a2088,yahoo,PUBLISH ENQUEUED questions_in,2025-10-29T13:45:26
68f2d95bd190740cfd6a3ffc,yahoo,PUBLISH ENQUEUED questions_in,2025-10-29T13:45:27
68f2d95bd190740cfd6a1f97,yahoo,PUBLISH ENQUEUED questions_in,2025-10-29T13:45:28
68f2d95bd190740cfd6a2bd7,yahoo,PUBLISH ENQUEUED questions_in,2025-10-29T13:45:29
68f2d95bd190740cfd6a2b06,yahoo,PUBLISH ENQUEUED questions_in,2025-10-29T13:45:29
68f2d95bd190740cfd6a1fe7,yahoo,PUBLISH ENQUEUED questions_in,2025-10-29T13:45:31
68f2d95bd190740cfd6a3bd6,yahoo,PUBLISH ENQUEUED questions_in,2025-10-29T13:45:32
68f2d95bd190740cfd6a317e,yahoo,PUBLISH ENQUEUED questions_in,2025-10-29T13:45:32
68f2d95bd190740cfd6a2a28,yahoo,PUBLISH ENQUEUED questions_in,2025-10-29T13:45:33
68f2d95bd190740cfd6a2be5,yahoo,PUBLISH ENQUEUED questions_in,2025-10-29T13:45:33
68f2d95bd190740cfd6a3354,yahoo,PUBLISH ENQUEUED questions_in,2025-10-29T13:45:34
68f2d95bd190740cfd6a209d,yahoo,PUBLISH ENQUEUED questions_in,2025-10-29T13:45:34
68f2d95bd190740cfd6a40c8,yahoo,PUBLISH ENQUEUED questions_in,2025-10-29T13:45:35
68f2d95bd190740cfd6a1de9,yahoo,PUBLISH ENQUEUED questions_in,2025-10-29T13:45:36
68f2d95bd190740cfd6a2bda,yahoo,PUBLISH ENQUEUED questions_in,2025-10-29T13:45:37
68f2d95bd190740cfd6a27d0,yahoo,PUBLISH ENQUEUED questions_in,2025-10-29T13:45:38
68f2d95bd190740cfd6a3641,yahoo,PUBLISH ENQUEUED questions_in,2025-10-29T13:45:38
68f2d95bd190740cfd6a3305,yahoo,PUBLISH ENQUEUED questions_in,2025-10-29T13:45:38
68f2d95bd190740cfd6a3064,yahoo,PUBLISH ENQUEUED questions_in,2025-10-29T13:45:39
68f2d95bd190740cfd6a1ea7,yahoo,PUBLISH ENQUEUED questions_in,2025-10-29T13:45:39
68f2d95bd190740cfd6a3027,yahoo,PUBLISH ENQUEUED questions_in,2025-10-29T13:45:40
68f2d95bd190740cfd6a1d23,yahoo,PUBLISH ENQUEUED questions_in,2025-10-29T13:45:40
68f2d95bd190740cfd6a3d09,yahoo,PUBLISH ENQUEUED questions_in,2025-10-29T13:45:41
68f2d95bd190740cfd6a2ce8,yahoo,PUBLISH ENQUEUED questions_in,2025-10-29T13:45:42
68f2d95bd190740cfd6a1ff1,yahoo,PUBLISH ENQUEUED questions_in,2025-10-29T13:45:42
68f2d95bd190740cfd6a32cb,yahoo,PUBLISH ENQUEUED questions_in,2025-10-29T13:45:42
68f2d95bd190740cfd6a33d6,yahoo,PUBLISH ENQUEUED questions_in,2025-10-29T13:45:43
68f2d95bd190740cfd6a1fe1,yahoo,PUBLISH ENQUEUED questions_in,2025-10-29T13:45:46
68f2d95bd190740cfd6a27f8,yahoo,PUBLISH ENQUEUED questions_in,2025-10-29T13:45:47
68f2d95bd190740cfd6a40dd,yahoo,PUBLISH ENQUEUED questions_in,2025-10-29T13:45:47
68f2d95bd190740cfd6a33bc,yahoo,PUBLISH ENQUEUED questions_in,2025-10-29T13:45:48
68f2d95bd190740cfd6a315d,yahoo,PUBLISH ENQUEUED questions_in,2025-10-29T13:45:49
68f2d95bd190740cfd6a26c8,yahoo,PUBLISH ENQUEUED questions_in,2025-10-29T13:45:50
68f2d95bd190740cfd6a3872,yahoo,PUBLISH ENQUEUED questions_in,2025-10-29T13:45:50
68f2d95bd190740cfd6a3ac0,yahoo,PUBLISH ENQUEUED questions_in,2025-10-29T13:45:51
68f2d95bd190740cfd6a3f72,yahoo,PUBLISH ENQUEUED questions_in,2025-10-29T13:45:52
68f2d95bd190740cfd6a1e3b,yahoo,PUBLISH ENQUEUED questions_in,2025-10-29T13:45:55
68f2d95bd190740cfd6a2498,yahoo,PUBLISH ENQUEUED questions_in,2025-10-29T13:45:56
68f2d95bd190740cfd6a25a5,yahoo,PUBLISH ENQUEUED questions_in,2025-10-29T13:45:56
68f2d95bd190740cfd6a259b,yahoo,PUBLISH ENQUEUED questions_in,2025-10-29T13:45:56
68f2d95bd190740cfd6a23fc,yahoo,PUBLISH ENQUEUED questions_in,2025-10-29T13:45:58
68f2d95bd190740cfd6a2ad3,yahoo,PUBLISH ENQUEUED questions_in,2025-10-29T13:45:59
68f2d95bd190740cfd6a40ac,yahoo,PUBLISH ENQUEUED questions_in,2025-10-29T13:46:00
68f2d95bd190740cfd6a367e,yahoo,PUBLISH ENQUEUED questions_in,2025-10-29T13:46:00
68f2d95bd190740cfd6a373a,yahoo,PUBLISH ENQUEUED questions_in,2025-10-29T13:46:01
68f2d95bd190740cfd6a30c5,yahoo,PUBLISH ENQUEUED questions_in,2025-10-29T13:46:01
68f2d95bd190740cfd6a1fc7,yahoo,PUBLISH ENQUEUED questions_in,2025-10-29T13:46:01
68f2d95bd190740cfd6a3b83,yahoo,PUBLISH ENQUEUED questions_in,2025-10-29T13:46:01
68f2d95bd190740cfd6a1bda,yahoo,PUBLISH ENQUEUED questions_in,2025-10-29T13:46:02
68f2d95bd190740cfd6a4116,yahoo,PUBLISH ENQUEUED questions_in,2025-10-29T13:46:02
68f2d95bd190740cfd6a3a1a,yahoo,PUBLISH ENQUEUED questions_in,2025-10-29T13:46:02
68f2d95bd190740cfd6a2fda,yahoo,PUBLISH ENQUEUED questions_in,2025-10-29T13:46:04
68f2d95bd190740cfd6a2c59,yahoo,PUBLISH ENQUEUED questions_in,2025-10-29T13:46:05
68f2d95bd190740cfd6a37ce,yahoo,PUBLISH ENQUEUED questions_in,2025-10-29T13:46:08
68f2d95bd190740cfd6a29bb,yahoo,PUBLISH ENQUEUED questions_in,2025-10-29T13:46:09
68f2d95bd190740cfd6a325c,yahoo,PUBLISH ENQUEUED questions_in,2025-10-29T13:46:10
68f2d95bd190740cfd6a234e,yahoo,PUBLISH ENQUEUED questions_in,2025-10-29T13:46:10
68f2d95bd190740cfd6a1b91,yahoo,PUBLISH ENQUEUED questions_in,2025-10-29T13:46:11
68f2d95bd190740cfd6a3dc8,yahoo,PUBLISH ENQUEUED questions_in,2025-10-29T13:46:11
68f2d95bd190740cfd6a3a47,yahoo,PUBLISH ENQUEUED questions_in,2025-10-29T13:46:12
68f2d95bd190740cfd6a2661,yahoo,PUBLISH ENQUEUED questions_in,2025-10-29T13:46:13
68f2d95bd190740cfd6a2077,yahoo,PUBLISH ENQUEUED questions_in,2025-10-29T13:46:17
68f2d95bd190740cfd6a2c82,yahoo,PUBLISH ENQUEUED questions_in,2025-10-29T13:46:17
68f2d95bd190740cfd6a2a2c,yahoo,PUBLISH ENQUEUED questions_in,2025-10-29T13:46:18
68f2d95bd190740cfd6a25f0,yahoo,PUBLISH ENQUEUED questions_in,2025-10-29T13:46:18
68f2d95bd190740cfd6a3e29,yahoo,PUBLISH ENQUEUED questions_in,2025-10-29T13:46:19
68f2d95bd190740cfd6a28dc,yahoo,PUBLISH ENQUEUED questions_in,2025-10-29T13:46:21
68f2d95bd190740cfd6a3db6,yahoo,PUBLISH ENQUEUED questions_in,2025-10-29T13:46:22
68f2d95bd190740cfd6a218a,yahoo,PUBLISH ENQUEUED questions_in,2025-10-29T13:46:24
68f2d95bd190740cfd6a216f,yahoo,PUBLISH ENQUEUED questions_in,2025-10-29T13:46:25
68f2d95bd190740cfd6a313f,yahoo,PUBLISH ENQUEUED questions_in,2025-10-29T13:46:26
68f2d95bd190740cfd6a1cc5,yahoo,PUBLISH ENQUEUED questions_in,2025-10-29T13:46:28
68f2d95bd190740cfd6a20c4,yahoo,PUBLISH ENQUEUED questions_in,2025-10-29T13:46:32
68f2d95bd190740cfd6a38ef,yahoo,PUBLISH ENQUEUED questions_in,2025-10-29T13:46:32
68f2d95bd190740cfd6a1c05,yahoo,PUBLISH ENQUEUED questions_in,2025-10-29T13:46:32
68f2d95bd190740cfd6a33b3,yahoo,PUBLISH ENQUEUED questions_in,2025-10-29T13:46:33
68f2d95bd190740cfd6a3b50,yahoo,PUBLISH ENQUEUED questions_in,2025-10-29T13:46:33
68f2d95bd190740cfd6a3ae1,yahoo,PUBLISH ENQUEUED questions_in,2025-10-29T13:46:33
68f2d95bd190740cfd6a3df2,yahoo,PUBLISH ENQUEUED questions_in,2025-10-29T13:46:34
68f2d95bd190740cfd6a288b,yahoo,PUBLISH ENQUEUED questions_in,2025-10-29T13:46:34
68f2d95bd190740cfd6a30f7,yahoo,PUBLISH ENQUEUED questions_in,2025-10-29T13:46:37
68f2d95bd190740cfd6a1c4d,yahoo,PUBLISH ENQUEUED questions_in,2025-10-29T13:46:38
68f2d95bd190740cfd6a3948,yahoo,PUBLISH ENQUEUED questions_in,2025-10-29T13:46:39
68f2d95bd190740cfd6a2ab0,yahoo,PUBLISH ENQUEUED questions_in,2025-10-29T13:46:41
68f2d95bd190740cfd6a202f,yahoo,PUBLISH ENQUEUED questions_in,2025-10-29T13:46:42
68f2d95bd190740cfd6a3ec6,yahoo,PUBLISH ENQUEUED questions_in,2025-10-29T13:46:42
68f2d95bd190740cfd6a2a77,yahoo,PUBLISH ENQUEUED questions_in,2025-10-29T13:46:42
68f2d95bd190740cfd6a285b,yahoo,PUBLISH ENQUEUED questions_in,2025-10-29T13:46:44
68f2d95bd190740cfd6a2ced,yahoo,PUBLISH ENQUEUED questions_in,2025-10-29T13:46:44
68f2d95bd190740cfd6a3d00,yahoo,PUBLISH ENQUEUED questions_in,2025-10-29T13:46:45
68f2d95bd190740cfd6a37e4,yahoo,PUBLISH ENQUEUED questions_in,2025-10-29T13:46:46
68f2d95bd190740cfd6a31ed,yahoo,PUBLISH ENQUEUED questions_in,2025-10-29T13:46:46
68f2d95bd190740cfd6a1b00,yahoo,PUBLISH ENQUEUED questions_in,2025-10-29T13:46:47
68f2d95bd190740cfd6a1b32,yahoo,PUBLISH ENQUEUED questions_in,2025-10-29T13:46:47
68f2d95bd190740cfd6a2373,yahoo,PUBLISH ENQUEUED questions_in,2025-10-29T13:46:48
68f2d95bd190740cfd6a381a,yahoo,PUBLISH ENQUEUED questions_in,2025-10-29T13:46:48
68f2d95bd190740cfd6a3619,yahoo,PUBLISH ENQUEUED questions_in,2025-10-29T13:46:49
68f2d95bd190740cfd6a3f7f,yahoo,PUBLISH ENQUEUED questions_in,2025-10-29T13:46:49
68f2d95bd190740cfd6a3045,yahoo,PUBLISH ENQUEUED questions_in,2025-10-29T13:46:49
68f2d95bd190740cfd6a3c08,yahoo,PUBLISH ENQUEUED questions_in,2025-10-29T13:46:50
68f2d95bd190740cfd6a39c8,yahoo,PUBLISH ENQUEUED questions_in,2025-10-29T13:46:50
68f2d95bd190740cfd6a254e,yahoo,PUBLISH ENQUEUED questions_in,2025-10-29T13:46:50
68f2d95bd190740cfd6a21d8,yahoo,PUBLISH ENQUEUED questions_in,2025-10-29T13:46:51
68f2d95bd190740cfd6a3bba,yahoo,PUBLISH ENQUEUED questions_in,2025-10-29T13:46:51
68f2d95bd190740cfd6a3695,yahoo,PUBLISH ENQUEUED questions_in,2025-10-29T13:46:53
68f2d95bd190740cfd6a2ea3,yahoo,PUBLISH ENQUEUED questions_in,2025-10-29T13:46:54
68f2d95bd190740cfd6a23ca,yahoo,PUBLISH ENQUEUED questions_in,2025-10-29T13:46:54
68f2d95bd190740cfd6a21f2,yahoo,PUBLISH ENQUEUED questions_in,2025-10-29T13:46:55
68f2d95bd190740cfd6a2ba6,yahoo,PUBLISH ENQUEUED questions_in,2025-10-29T13:46:56
68f2d95bd190740cfd6a2208,yahoo,PUBLISH ENQUEUED questions_in,2025-10-29T13:46:56
68f2d95bd190740cfd6a2bdd,yahoo,PUBLISH ENQUEUED questions_in,2025-10-29T13:46:56
68f2d95bd190740cfd6a273a,yahoo,PUBLISH ENQUEUED questions_in,2025-10-29T13:46:56
68f2d95bd190740cfd6a3637,yahoo,PUBLISH ENQUEUED questions_in,2025-10-29T13:46:59
68f2d95bd190740cfd6a3d2c,yahoo,PUBLISH ENQUEUED questions_in,2025-10-29T13:46:59
68f2d95bd190740cfd6a28e2,yahoo,PUBLISH ENQUEUED questions_in,2025-10-29T13:46:59
68f2d95bd190740cfd6a21d3,yahoo,PUBLISH ENQUEUED questions_in,2025-10-29T13:47:00
68f2d95bd190740cfd6a2f07,yahoo,PUBLISH ENQUEUED questions_in,2025-10-29T13:47:00
68f2d95bd190740cfd6a3b19,yahoo,PUBLISH ENQUEUED questions_in,2025-10-29T13:47:00
68f2d95bd190740cfd6a2b7a,yahoo,PUBLISH ENQUEUED questions_in,2025-10-29T13:47:01
68f2d95bd190740cfd6a3d51,yahoo,PUBLISH ENQUEUED questions_in,2025-10-29T13:47:02
68f2d95bd190740cfd6a2fda,yahoo,PUBLISH ENQUEUED questions_in,2025-10-29T13:47:02
68f2d95bd190740cfd6a3db3,yahoo,PUBLISH ENQUEUED questions_in,2025-10-29T13:47:02
68f2d95bd190740cfd6a3481,yahoo,PUBLISH ENQUEUED questions_in,2025-10-29T13:47:05
68f2d95bd190740cfd6a2363,yahoo,PUBLISH ENQUEUED questions_in,2025-10-29T13:47:05
68f2d95bd190740cfd6a2b7f,yahoo,PUBLISH ENQUEUED questions_in,2025-10-29T13:47:06
68f2d95bd190740cfd6a26c7,yahoo,PUBLISH ENQUEUED questions_in,2025-10-29T13:47:06
68f2d95bd190740cfd6a1de0,yahoo,PUBLISH ENQUEUED questions_in,2025-10-29T13:47:06
68f2d95bd190740cfd6a3f05,yahoo,PUBLISH ENQUEUED questions_in,2025-10-29T13:47:06
68f2d95bd190740cfd6a2b7e,yahoo,PUBLISH ENQUEUED questions_in,2025-10-29T13:47:07
68f2d95bd190740cfd6a34d2,yahoo,PUBLISH ENQUEUED questions_in,2025-10-29T13:47:07
68f2d95bd190740cfd6a3641,yahoo,PUBLISH ENQUEUED questions_in,2025-10-29T13:47:09
68f2d95bd190740cfd6a2f68,yahoo,PUBLISH ENQUEUED questions_in,2025-10-29T13:47:09
68f2d95bd190740cfd6a3a8b,yahoo,PUBLISH ENQUEUED questions_in,2025-10-29T13:47:09
68f2d95bd190740cfd6a24d7,yahoo,PUBLISH ENQUEUED questions_in,2025-10-29T13:47:11
68f2d95bd190740cfd6a369c,yahoo,PUBLISH ENQUEUED questions_in,2025-10-29T13:47:11
68f2d95bd190740cfd6a1f15,yahoo,PUBLISH ENQUEUED questions_in,2025-10-29T13:47:11
68f2d95bd190740cfd6a3f57,yahoo,PUBLISH ENQUEUED questions_in,2025-10-29T13:47:13
68f2d95bd190740cfd6a3849,yahoo,PUBLISH ENQUEUED questions_in,2025-10-29T13:47:15
68f2d95bd190740cfd6a3eb1,yahoo,PUBLISH ENQUEUED questions_in,2025-10-29T13:47:16
68f2d95bd190740cfd6a1c99,yahoo,PUBLISH ENQUEUED questions_in,2025-10-29T13:47:16
68f2d95bd190740cfd6a22ee,yahoo,PUBLISH ENQUEUED questions_in,2025-10-29T13:47:17
68f2d95bd190740cfd6a37ae,yahoo,PUBLISH ENQUEUED questions_in,2025-10-29T13:47:18
68f2d95bd190740cfd6a2c67,yahoo,PUBLISH ENQUEUED questions_in,2025-10-29T13:47:19
68f2d95bd190740cfd6a3c20,yahoo,PUBLISH ENQUEUED questions_in,2025-10-29T13:47:20
68f2d95bd190740cfd6a3b86,yahoo,PUBLISH ENQUEUED questions_in,2025-10-29T13:47:22
68f2d95bd190740cfd6a203f,yahoo,PUBLISH ENQUEUED questions_in,2025-10-29T13:47:22
68f2d95bd190740cfd6a35e9,yahoo,PUBLISH ENQUEUED questions_in,2025-10-29T13:47:23
68f2d95bd190740cfd6a3d2d,yahoo,PUBLISH ENQUEUED questions_in,2025-10-29T13:47:24
68f2d95bd190740cfd6a285d,yahoo,PUBLISH ENQUEUED questions_in,2025-10-29T13:47:25
68f2d95bd190740cfd6a356b,yahoo,PUBLISH ENQUEUED questions_in,2025-10-29T13:47:25
68f2d95bd190740cfd6a3264,yahoo,PUBLISH ENQUEUED questions_in,2025-10-29T13:47:25
68f2d95bd190740cfd6a31d5,yahoo,PUBLISH ENQUEUED questions_in,2025-10-29T13:47:27
68f2d95bd190740cfd6a4170,yahoo,PUBLISH ENQUEUED questions_in,2025-10-29T13:47:27
68f2d95bd190740cfd6a3fb4,yahoo,PUBLISH ENQUEUED questions_in,2025-10-29T13:47:28
68f2d95bd190740cfd6a3d33,yahoo,PUBLISH ENQUEUED questions_in,2025-10-29T13:47:28
68f2d95bd190740cfd6a22ad,yahoo,PUBLISH ENQUEUED questions_in,2025-10-29T13:47:28
68f2d95bd190740cfd6a3cc0,yahoo,PUBLISH ENQUEUED questions_in,2025-10-29T13:47:28
68f2d95bd190740cfd6a2f61,yahoo,PUBLISH ENQUEUED questions_in,2025-10-29T13:47:28
68f2d95bd190740cfd6a288e,yahoo,PUBLISH ENQUEUED questions_in,2025-10-29T13:47:29
68f2d95bd190740cfd6a2858,yahoo,PUBLISH ENQUEUED questions_in,2025-10-29T13:47:29
68f2d95bd190740cfd6a1b2d,yahoo,PUBLISH ENQUEUED questions_in,2025-10-29T13:47:29
68f2d95bd190740cfd6a38f3,yahoo,PUBLISH ENQUEUED questions_in,2025-10-29T13:47:31
68f2d95bd190740cfd6a23d0,yahoo,PUBLISH ENQUEUED questions_in,2025-10-29T13:47:31
68f2d95bd190740cfd6a312e,yahoo,PUBLISH ENQUEUED questions_in,2025-10-29T13:47:32
68f2d95bd190740cfd6a2111,yahoo,PUBLISH ENQUEUED questions_in,2025-10-29T13:47:32
68f2d95bd190740cfd6a21ab,yahoo,PUBLISH ENQUEUED questions_in,2025-10-29T13:47:34
68f2d95bd190740cfd6a34b4,yahoo,PUBLISH ENQUEUED questions_in,2025-10-29T13:47:35
68f2d95bd190740cfd6a2459,yahoo,PUBLISH ENQUEUED questions_in,2025-10-29T13:47:36
68f2d95bd190740cfd6a4095,yahoo,PUBLISH ENQUEUED questions_in,2025-10-29T13:47:36
68f2d95bd190740cfd6a1df6,yahoo,PUBLISH ENQUEUED questions_in,2025-10-29T13:47:38
68f2d95bd190740cfd6a27e0,yahoo,PUBLISH ENQUEUED questions_in,2025-10-29T13:47:38
68f2d95bd190740cfd6a35a6,yahoo,PUBLISH ENQUEUED questions_in,2025-10-29T13:47:39
68f2d95bd190740cfd6a3185,yahoo,PUBLISH ENQUEUED questions_in,2025-10-29T13:47:40
68f2d95bd190740cfd6a38ed,yahoo,PUBLISH ENQUEUED questions_in,2025-10-29T13:47:40
68f2d95bd190740cfd6a3688,yahoo,PUBLISH ENQUEUED questions_in,2025-10-29T13:47:45
68f2d95bd190740cfd6a22c8,yahoo,PUBLISH ENQUEUED questions_in,2025-10-29T13:47:45
68f2d95bd190740cfd6a3ee5,yahoo,PUBLISH ENQUEUED questions_in,2025-10-29T13:47:48
68f2d95bd190740cfd6a392c,yahoo,PUBLISH ENQUEUED questions_in,2025-10-29T13:47:49
68f2d95bd190740cfd6a1c36,yahoo,PUBLISH ENQUEUED questions_in,2025-10-29T13:47:49
68f2d95bd190740cfd6a1c75,yahoo,PUBLISH ENQUEUED questions_in,2025-10-29T13:47:49
68f2d95bd190740cfd6a32e5,yahoo,PUBLISH ENQUEUED questions_in,2025-10-29T13:47:51
68f2d95bd190740cfd6a22b5,yahoo,PUBLISH ENQUEUED questions_in,2025-10-29T13:47:52
68f2d95bd190740cfd6a3e9e,yahoo,PUBLISH ENQUEUED questions_in,2025-10-29T13:47:52
68f2d95bd190740cfd6a28fc,yahoo,PUBLISH ENQUEUED questions_in,2025-10-29T13:47:53
68f2d95bd190740cfd6a1e76,yahoo,PUBLISH ENQUEUED questions_in,2025-10-29T13:47:54
68f2d95bd190740cfd6a4124,yahoo,PUBLISH ENQUEUED questions_in,2025-10-29T13:47:54
68f2d95bd190740cfd6a3889,yahoo,PUBLISH ENQUEUED questions_in,2025-10-29T13:47:55
68f2d95bd190740cfd6a2bbe,yahoo,PUBLISH ENQUEUED questions_in,2025-10-29T13:47:55
68f2d95bd190740cfd6a3fc4,yahoo,PUBLISH ENQUEUED questions_in,2025-10-29T13:47:55
68f2d95bd190740cfd6a34b5,yahoo,PUBLISH ENQUEUED questions_in,2025-10-29T13:47:56
68f2d95bd190740cfd6a239b,yahoo,PUBLISH ENQUEUED questions_in,2025-10-29T13:47:57
68f2d95bd190740cfd6a2405,yahoo,PUBLISH ENQUEUED questions_in,2025-10-29T13:47:58
68f2d95bd190740cfd6a39f7,yahoo,PUBLISH ENQUEUED questions_in,2025-10-29T13:47:58
68f2d95bd190740cfd6a27a4,yahoo,PUBLISH ENQUEUED questions_in,2025-10-29T13:47:58
68f2d95bd190740cfd6a1cce,yahoo,PUBLISH ENQUEUED questions_in,2025-10-29T13:47:59
68f2d95bd190740cfd6a1cb2,yahoo,PUBLISH ENQUEUED questions_in,2025-10-29T13:47:59
68f2d95bd190740cfd6a41b5,yahoo,PUBLISH ENQUEUED questions_in,2025-10-29T13:48:01
68f2d95bd190740cfd6a39ea,yahoo,PUBLISH ENQUEUED questions_in,2025-10-29T13:48:01
68f2d95bd190740cfd6a1e46,yahoo,PUBLISH ENQUEUED questions_in,2025-10-29T13:48:02
68f2d95bd190740cfd6a3f56,yahoo,PUBLISH ENQUEUED questions_in,2025-10-29T13:48:03
68f2d95bd190740cfd6a3d2d,yahoo,PUBLISH ENQUEUED questions_in,2025-10-29T13:48:04
68f2d95bd190740cfd6a2971,yahoo,PUBLISH ENQUEUED questions_in,2025-10-29T13:48:04
68f2d95bd190740cfd6a2c5a,yahoo,PUBLISH ENQUEUED questions_in,2025-10-29T13:48:05
68f2d95bd190740cfd6a2c72,yahoo,PUBLISH ENQUEUED questions_in,2025-10-29T13:48:07
68f2d95bd190740cfd6a3013,yahoo,PUBLISH ENQUEUED questions_in,2025-10-29T13:48:09
68f2d95bd190740cfd6a27df,yahoo,PUBLISH ENQUEUED questions_in,2025-10-29T13:48:09
68f2d95bd190740cfd6a3d63,yahoo,PUBLISH ENQUEUED questions_in,2025-10-29T13:48:10
68f2d95bd190740cfd6a2e13,yahoo,PUBLISH ENQUEUED questions_in,2025-10-29T13:48:10
68f2d95bd190740cfd6a3dac,yahoo,PUBLISH ENQUEUED questions_in,2025-10-29T13:48:10
68f2d95bd190740cfd6a2da2,yahoo,PUBLISH ENQUEUED questions_in,2025-10-29T13:48:11
68f2d95bd190740cfd6a2c29,yahoo,PUBLISH ENQUEUED questions_in,2025-10-29T13:48:12
68f2d95bd190740cfd6a4116,yahoo,PUBLISH ENQUEUED questions_in,2025-10-29T13:48:13
68f2d95bd190740cfd6a326e,yahoo,PUBLISH ENQUEUED questions_in,2025-10-29T13:48:13
68f2d95bd190740cfd6a2701,yahoo,PUBLISH ENQUEUED questions_in,2025-10-29T13:48:13
68f2d95bd190740cfd6a271c,yahoo,PUBLISH ENQUEUED questions_in,2025-10-29T13:48:13
68f2d95bd190740cfd6a2d04,yahoo,PUBLISH ENQUEUED questions_in,2025-10-29T13:48:13
68f2d95bd190740cfd6a3c6e,yahoo,PUBLISH ENQUEUED questions_in,2025-10-29T13:48:15
68f2d95bd190740cfd6a2110,yahoo,PUBLISH ENQUEUED questions_in,2025-10-29T13:48:16
68f2d95bd190740cfd6a3f0f,yahoo,PUBLISH ENQUEUED questions_in,2025-10-29T13:48:16
68f2d95bd190740cfd6a40b2,yahoo,PUBLISH ENQUEUED questions_in,2025-10-29T13:48:16
68f2d95bd190740cfd6a2f97,yahoo,PUBLISH ENQUEUED questions_in,2025-10-29T13:48:16
68f2d95bd190740cfd6a3767,yahoo,PUBLISH ENQUEUED questions_in,2025-10-29T13:48:17
68f2d95bd190740cfd6a3e6f,yahoo,PUBLISH ENQUEUED questions_in,2025-10-29T13:48:17
68f2d95bd190740cfd6a1d56,yahoo,PUBLISH ENQUEUED questions_in,2025-10-29T13:48:17
68f2d95bd190740cfd6a3244,yahoo,PUBLISH ENQUEUED questions_in,2025-10-29T13:48:18
68f2d95bd190740cfd6a3a27,yahoo,PUBLISH ENQUEUED questions_in,2025-10-29T13:48:19
68f2d95bd190740cfd6a2f42,yahoo,PUBLISH ENQUEUED questions_in,2025-10-29T13:48:20
68f2d95bd190740cfd6a3fc2,yahoo,PUBLISH ENQUEUED questions_in,2025-10-29T13:48:21
68f2d95bd190740cfd6a3889,yahoo,PUBLISH ENQUEUED questions_in,2025-10-29T13:48:21
68f2d95bd190740cfd6a1dcd,yahoo,PUBLISH ENQUEUED questions_in,2025-10-29T13:48:21
68f2d95bd190740cfd6a2b89,yahoo,PUBLISH ENQUEUED questions_in,2025-10-29T13:48:21
68f2d95bd190740cfd6a289c,yahoo,PUBLISH ENQUEUED questions_in,2025-10-29T13:48:21
68f2d95bd190740cfd6a2084,yahoo,PUBLISH ENQUEUED questions_in,2025-10-29T13:48:21
68f2d95bd190740cfd6a3ef3,yahoo,PUBLISH ENQUEUED questions_in,2025-10-29T13:48:22
68f2d95bd190740cfd6a3208,yahoo,PUBLISH ENQUEUED questions_in,2025-10-29T13:48:22
68f2d95bd190740cfd6a3115,yahoo,PUBLISH ENQUEUED questions_in,2025-10-29T13:48:24
68f2d95bd190740cfd6a1bde,yahoo,PUBLISH ENQUEUED questions_in,2025-10-29T13:48:25
68f2d95bd190740cfd6a1f79,yahoo,PUBLISH ENQUEUED questions_in,2025-10-29T13:48:25
68f2d95bd190740cfd6a2c6c,yahoo,PUBLISH ENQUEUED questions_in,2025-10-29T13:48:25
68f2d95bd190740cfd6a206c,yahoo,PUBLISH ENQUEUED questions_in,2025-10-29T13:48:25
68f2d95bd190740cfd6a29a2,yahoo,PUBLISH ENQUEUED questions_in,2025-10-29T13:48:27
68f2d95bd190740cfd6a3c09,yahoo,PUBLISH ENQUEUED questions_in,2025-10-29T13:48:28
68f2d95bd190740cfd6a365f,yahoo,PUBLISH ENQUEUED questions_in,2025-10-29T13:48:28
68f2d95bd190740cfd6a2d0e,yahoo,PUBLISH ENQUEUED questions_in,2025-10-29T13:48:29
68f2d95bd190740cfd6a38a9,yahoo,PUBLISH ENQUEUED questions_in,2025-10-29T13:48:30
68f2d95bd190740cfd6a1b94,yahoo,PUBLISH ENQUEUED questions_in,2025-10-29T13:48:31
68f2d95bd190740cfd6a223f,yahoo,PUBLISH ENQUEUED questions_in,2025-10-29T13:48:31
68f2d95bd190740cfd6a32fd,yahoo,PUBLISH ENQUEUED questions_in,2025-10-29T13:48:31
68f2d95bd190740cfd6a2b90,yahoo,PUBLISH ENQUEUED questions_in,2025-10-29T13:48:31
68f2d95bd190740cfd6a3dd8,yahoo,PUBLISH ENQUEUED questions_in,2025-10-29T13:48:33
68f2d95bd190740cfd6a24e6,yahoo,PUBLISH ENQUEUED questions_in,2025-10-29T13:48:33
68f2d95bd190740cfd6a3822,yahoo,PUBLISH ENQUEUED questions_in,2025-10-29T13:48:34
68f2d95bd190740cfd6a3565,yahoo,PUBLISH ENQUEUED questions_in,2025-10-29T13:48:35
68f2d95bd190740cfd6a2ca9,yahoo,PUBLISH ENQUEUED questions_in,2025-10-29T13:48:35
68f2d95bd190740cfd6a348c,yahoo,PUBLISH ENQUEUED questions_in,2025-10-29T13:48:35
68f2d95bd190740cfd6a28a5,yahoo,PUBLISH ENQUEUED questions_in,2025-10-29T13:48:37
68f2d95bd190740cfd6a1b7e,yahoo,PUBLISH ENQUEUED questions_in,2025-10-29T13:48:37
68f2d95bd190740cfd6a268e,yahoo,PUBLISH ENQUEUED questions_in,2025-10-29T13:48:38
68f2d95bd190740cfd6a1bf3,yahoo,PUBLISH ENQUEUED questions_in,2025-10-29T13:48:38
68f2d95bd190740cfd6a3fbe,yahoo,PUBLISH ENQUEUED questions_in,2025-10-29T13:48:39
68f2d95bd190740cfd6a3a76,yahoo,PUBLISH ENQUEUED questions_in,2025-10-29T13:48:39
68f2d95bd190740cfd6a2977,yahoo,PUBLISH ENQUEUED questions_in,2025-10-29T13:48:41
68f2d95bd190740cfd6a20d5,yahoo,PUBLISH ENQUEUED questions_in,2025-10-29T13:48:41
68f2d95bd190740cfd6a24a2,yahoo,PUBLISH ENQUEUED questions_in,2025-10-29T13:48:41
68f2d95bd190740cfd6a3dfa,yahoo,PUBLISH ENQUEUED questions_in,2025-10-29T13:48:41
68f2d95bd190740cfd6a3ace,yahoo,PUBLISH ENQUEUED questions_in,2025-10-29T13:48:41
68f2d95bd190740cfd6a28eb,yahoo,PUBLISH ENQUEUED questions_in,2025-10-29T13:48:42
68f2d95bd190740cfd6a342e,yahoo,PUBLISH ENQUEUED questions_in,2025-10-29T13:48:43
68f2d95bd190740cfd6a3a53,yahoo,PUBLISH ENQUEUED questions_in,2025-10-29T13:48:43
68f2d95bd190740cfd6a216c,yahoo,PUBLISH ENQUEUED questions_in,2025-10-29T13:48:43
68f2d95bd190740cfd6a23e8,yahoo,PUBLISH ENQUEUED questions_in,2025-10-29T13:48:43
68f2d95bd190740cfd6a37b8,yahoo,PUBLISH ENQUEUED questions_in,2025-10-29T13:48:43
68f2d95bd190740cfd6a33dd,yahoo,PUBLISH ENQUEUED questions_in,2025-10-29T13:48:44
68f2d95bd190740cfd6a2c5f,yahoo,PUBLISH ENQUEUED questions_in,2025-10-29T13:48:45
68f2d95bd190740cfd6a1f5a,yahoo,PUBLISH ENQUEUED questions_in,2025-10-29T13:48:45
68f2d95bd190740cfd6a2bd0,yahoo,PUBLISH ENQUEUED questions_in,2025-10-29T13:48:45
68f2d95bd190740cfd6a37f7,yahoo,PUBLISH ENQUEUED questions_in,2025-10-29T13:48:47
68f2d95bd190740cfd6a3fa5,yahoo,PUBLISH ENQUEUED questions_in,2025-10-29T13:48:47
68f2d95bd190740cfd6a2811,yahoo,PUBLISH ENQUEUED questions_in,2025-10-29T13:48:47
68f2d95bd190740cfd6a2d61,yahoo,PUBLISH ENQUEUED questions_in,2025-10-29T13:48:48
68f2d95bd190740cfd6a32ec,yahoo,PUBLISH ENQUEUED questions_in,2025-10-29T13:48:49
68f2d95bd190740cfd6a2107,yahoo,PUBLISH ENQUEUED questions_in,2025-10-29T13:48:50
68f2d95bd190740cfd6a4084,yahoo,PUBLISH ENQUEUED questions_in,2025-10-29T13:48:50
68f2d95bd190740cfd6a330f,yahoo,PUBLISH ENQUEUED questions_in,2025-10-29T13:48:51
68f2d95bd190740cfd6a2de0,yahoo,PUBLISH ENQUEUED questions_in,2025-10-29T13:48:51
68f2d95bd190740cfd6a234d,yahoo,PUBLISH ENQUEUED questions_in,2025-10-29T13:48:51
68f2d95bd190740cfd6a39aa,yahoo,PUBLISH ENQUEUED questions_in,2025-10-29T13:48:53
68f2d95bd190740cfd6a25a6,yahoo,PUBLISH ENQUEUED questions_in,2025-10-29T13:48:53
68f2d95bd190740cfd6a4099,yahoo,PUBLISH ENQUEUED questions_in,2025-10-29T13:48:53
68f2d95bd190740cfd6a37e7,yahoo,PUBLISH ENQUEUED questions_in,2025-10-29T13:48:53
68f2d95bd190740cfd6a3b9a,yahoo,PUBLISH ENQUEUED questions_in,2025-10-29T13:48:54
68f2d95bd190740cfd6a3624,yahoo,PUBLISH ENQUEUED questions_in,2025-10-29T13:48:54
68f2d95bd190740cfd6a22f8,yahoo,PUBLISH ENQUEUED questions_in,2025-10-29T13:48:54
68f2d95bd190740cfd6a4173,yahoo,PUBLISH ENQUEUED questions_in,2025-10-29T13:48:57
68f2d95bd190740cfd6a3b5e,yahoo,PUBLISH ENQUEUED questions_in,2025-10-29T13:48:59
68f2d95bd190740cfd6a389b,yahoo,PUBLISH ENQUEUED questions_in,2025-10-29T13:48:59
68f2d95bd190740cfd6a29c7,yahoo,PUBLISH ENQUEUED questions_in,2025-10-29T13:48:59
68f2d95bd190740cfd6a2904,yahoo,PUBLISH ENQUEUED questions_in,2025-10-29T13:49:00
68f2d95bd190740cfd6a3235,yahoo,PUBLISH ENQUEUED questions_in,2025-10-29T13:49:00
68f2d95bd190740cfd6a2e2c,yahoo,PUBLISH ENQUEUED questions_in,2025-10-29T13:49:00
68f2d95bd190740cfd6a1bda,yahoo,PUBLISH ENQUEUED questions_in,2025-10-29T13:49:00
68f2d95bd190740cfd6a3cfa,yahoo,PUBLISH ENQUEUED questions_in,2025-10-29T13:49:00
68f2d95bd190740cfd6a205c,yahoo,PUBLISH ENQUEUED questions_in,2025-10-29T13:49:01
68f2d95bd190740cfd6a34d9,yahoo,PUBLISH ENQUEUED questions_in,2025-10-29T13:49:03
68f2d95bd190740cfd6a1cca,yahoo,PUBLISH ENQUEUED questions_in,2025-10-29T13:49:03
68f2d95bd190740cfd6a2f21,yahoo,PUBLISH ENQUEUED questions_in,2025-10-29T13:49:04
68f2d95bd190740cfd6a3186,yahoo,PUBLISH ENQUEUED questions_in,2025-10-29T13:49:04
68f2d95bd190740cfd6a2917,yahoo,PUBLISH ENQUEUED questions_in,2025-10-29T13:49:05
68f2d95bd190740cfd6a3dd8,yahoo,PUBLISH ENQUEUED questions_in,2025-10-29T13:49:05
68f2d95bd190740cfd6a24a2,yahoo,PUBLISH ENQUEUED questions_in,2025-10-29T13:49:06
68f2d95bd190740cfd6a2a1a,yahoo,PUBLISH ENQUEUED questions_in,2025-10-29T13:49:06
68f2d95bd190740cfd6a28e9,yahoo,PUBLISH ENQUEUED questions_in,2025-10-29T13:49:07
68f2d95bd190740cfd6a315b,yahoo,PUBLISH ENQUEUED questions_in,2025-10-29T13:49:07
68f2d95bd190740cfd6a2f3c,yahoo,PUBLISH ENQUEUED questions_in,2025-10-29T13:49:08
68f2d95bd190740cfd6a28e1,yahoo,PUBLISH ENQUEUED questions_in,2025-10-29T13:49:09
68f2d95bd190740cfd6a35d9,yahoo,PUBLISH ENQUEUED questions_in,2025-10-29T13:49:09
68f2d95bd190740cfd6a3064,yahoo,PUBLISH ENQUEUED questions_in,2025-10-29T13:49:09
68f2d95bd190740cfd6a3620,yahoo,PUBLISH ENQUEUED questions_in,2025-10-29T13:49:11
68f2d95bd190740cfd6a3350,yahoo,PUBLISH ENQUEUED questions_in,2025-10-29T13:49:12
68f2d95bd190740cfd6a34f2,yahoo,PUBLISH ENQUEUED questions_in,2025-10-29T13:49:12
68f2d95bd190740cfd6a334d,yahoo,PUBLISH ENQUEUED questions_in,2025-10-29T13:49:13
68f2d95bd190740cfd6a1c04,yahoo,PUBLISH ENQUEUED questions_in,2025-10-29T13:49:15
68f2d95bd190740cfd6a25eb,yahoo,PUBLISH ENQUEUED questions_in,2025-10-29T13:49:15
68f2d95bd190740cfd6a3091,yahoo,PUBLISH ENQUEUED questions_in,2025-10-29T13:49:18
68f2d95bd190740cfd6a41ae,yahoo,PUBLISH ENQUEUED questions_in,2025-10-29T13:49:19
68f2d95bd190740cfd6a2953,yahoo,PUBLISH ENQUEUED questions_in,2025-10-29T13:49:19
68f2d95bd190740cfd6a3324,yahoo,PUBLISH ENQUEUED questions_in,2025-10-29T13:49:20
68f2d95bd190740cfd6a3aaf,yahoo,PUBLISH ENQUEUED questions_in,2025-10-29T13:49:20
68f2d95bd190740cfd6a3508,yahoo,PUBLISH ENQUEUED questions_in,2025-10-29T13:49:23
68f2d95bd190740cfd6a1e32,yahoo,PUBLISH ENQUEUED questions_in,2025-10-29T13:49:23
68f2d95bd190740cfd6a2048,yahoo,PUBLISH ENQUEUED questions_in,2025-10-29T13:49:25
68f2d95bd190740cfd6a2999,yahoo,PUBLISH ENQUEUED questions_in,2025-10-29T13:49:25
68f2d95bd190740cfd6a2d2b,yahoo,PUBLISH ENQUEUED questions_in,2025-10-29T13:49:26
68f2d95bd190740cfd6a31e4,yahoo,PUBLISH ENQUEUED questions_in,2025-10-29T13:49:26
68f2d95bd190740cfd6a3b75,yahoo,PUBLISH ENQUEUED questions_in,2025-10-29T13:49:26
68f2d95bd190740cfd6a2b70,yahoo,PUBLISH ENQUEUED questions_in,2025-10-29T13:49:27
68f2d95bd190740cfd6a33e4,yahoo,PUBLISH ENQUEUED questions_in,2025-10-29T13:49:29
68f2d95bd190740cfd6a2d07,yahoo,PUBLISH ENQUEUED questions_in,2025-10-29T13:49:30
68f2d95bd190740cfd6a31ff,yahoo,PUBLISH ENQUEUED questions_in,2025-10-29T13:49:30
68f2d95bd190740cfd6a3a59,yahoo,PUBLISH ENQUEUED questions_in,2025-10-29T13:49:32
68f2d95bd190740cfd6a35cf,yahoo,PUBLISH ENQUEUED questions_in,2025-10-29T13:49:33
68f2d95bd190740cfd6a236d,yahoo,PUBLISH ENQUEUED questions_in,2025-10-29T13:49:34
68f2d95bd190740cfd6a23a8,yahoo,PUBLISH ENQUEUED questions_in,2025-10-29T13:49:34
68f2d95bd190740cfd6a4156,yahoo,PUBLISH ENQUEUED questions_in,2025-10-29T13:49:34
68f2d95bd190740cfd6a3c65,yahoo,PUBLISH ENQUEUED questions_in,2025-10-29T13:49:35
68f2d95bd190740cfd6a2be1,yahoo,PUBLISH ENQUEUED questions_in,2025-10-29T13:49:35
68f2d95bd190740cfd6a2261,yahoo,PUBLISH ENQUEUED questions_in,2025-10-29T13:49:37
68f2d95bd190740cfd6a2f2c,yahoo,PUBLISH ENQUEUED questions_in,2025-10-29T13:49:38
68f2d95bd190740cfd6a3079,yahoo,PUBLISH ENQUEUED questions_in,2025-10-29T13:49:39
68f2d95bd190740cfd6a3cd5,yahoo,PUBLISH ENQUEUED questions_in,2025-10-29T13:49:40
68f2d95bd190740cfd6a25e5,yahoo,PUBLISH ENQUEUED questions_in,2025-10-29T13:49:41
68f2d95bd190740cfd6a2d88,yahoo,PUBLISH ENQUEUED questions_in,2025-10-29T13:49:41
68f2d95bd190740cfd6a323c,yahoo,PUBLISH ENQUEUED questions_in,2025-10-29T13:49:44
68f2d95bd190740cfd6a1ebb,yahoo,PUBLISH ENQUEUED questions_in,2025-10-29T13:49:47
68f2d95bd190740cfd6a26f8,yahoo,PUBLISH ENQUEUED questions_in,2025-10-29T13:49:47
68f2d95bd190740cfd6a2dcd,yahoo,PUBLISH ENQUEUED questions_in,2025-10-29T13:49:47
68f2d95bd190740cfd6a3c3c,yahoo,PUBLISH ENQUEUED questions_in,2025-10-29T13:49:47
68f2d95bd190740cfd6a1e33,yahoo,PUBLISH ENQUEUED questions_in,2025-10-29T13:49:47
68f2d95bd190740cfd6a3db1,yahoo,PUBLISH ENQUEUED questions_in,2025-10-29T13:49:50
68f2d95bd190740cfd6a2231,yahoo,PUBLISH ENQUEUED questions_in,2025-10-29T13:49:51
68f2d95bd190740cfd6a41da,yahoo,PUBLISH ENQUEUED questions_in,2025-10-29T13:49:51
68f2d95bd190740cfd6a2048,yahoo,PUBLISH ENQUEUED questions_in,2025-10-29T13:49:51
68f2d95bd190740cfd6a36ee,yahoo,PUBLISH ENQUEUED questions_in,2025-10-29T13:49:51
68f2d95bd190740cfd6a1acf,yahoo,PUBLISH ENQUEUED questions_in,2025-10-29T13:49:52
68f2d95bd190740cfd6a1b95,yahoo,PUBLISH ENQUEUED questions_in,2025-10-29T13:49:53
68f2d95bd190740cfd6a26ee,yahoo,PUBLISH ENQUEUED questions_in,2025-10-29T13:49:53
68f2d95bd190740cfd6a2e0c,yahoo,PUBLISH ENQUEUED questions_in,2025-10-29T13:49:53
68f2d95bd190740cfd6a1cf7,yahoo,PUBLISH ENQUEUED questions_in,2025-10-29T13:49:54
68f2d95bd190740cfd6a305c,yahoo,PUBLISH ENQUEUED questions_in,2025-10-29T13:49:54
68f2d95bd190740cfd6a37ce,yahoo,PUBLISH ENQUEUED questions_in,2025-10-29T13:49:55
68f2d95bd190740cfd6a2bda,yahoo,PUBLISH ENQUEUED questions_in,2025-10-29T13:49:56
68f2d95bd190740cfd6a2876,yahoo,PUBLISH ENQUEUED questions_in,2025-10-29T13:49:57
68f2d95bd190740cfd6a4045,yahoo,PUBLISH ENQUEUED questions_in,2025-10-29T13:49:58
68f2d95bd190740cfd6a256a,yahoo,PUBLISH ENQUEUED questions_in,2025-10-29T13:49:59
68f2d95bd190740cfd6a2811,yahoo,PUBLISH ENQUEUED questions_in,2025-10-29T13:49:59
68f2d95bd190740cfd6a214c,yahoo,PUBLISH ENQUEUED questions_in,2025-10-29T13:50:00
68f2d95bd190740cfd6a3cca,yahoo,PUBLISH ENQUEUED questions_in,2025-10-29T13:50:00
68f2d95bd190740cfd6a34cd,yahoo,PUBLISH ENQUEUED questions_in,2025-10-29T13:50:01
68f2d95bd190740cfd6a3937,yahoo,PUBLISH ENQUEUED questions_in,2025-10-29T13:50:01
68f2d95bd190740cfd6a318a,yahoo,PUBLISH ENQUEUED questions_in,2025-10-29T13:50:03
68f2d95bd190740cfd6a319b,yahoo,PUBLISH ENQUEUED questions_in,2025-10-29T13:50:03
68f2d95bd190740cfd6a3a5f,yahoo,PUBLISH ENQUEUED questions_in,2025-10-29T13:50:05
68f2d95bd190740cfd6a3a18,yahoo,PUBLISH ENQUEUED questions_in,2025-10-29T13:50:06
68f2d95bd190740cfd6a25fb,yahoo,PUBLISH ENQUEUED questions_in,2025-10-29T13:50:06
68f2d95bd190740cfd6a25f5,yahoo,PUBLISH ENQUEUED questions_in,2025-10-29T13:50:06
68f2d95bd190740cfd6a3caa,yahoo,PUBLISH ENQUEUED questions_in,2025-10-29T13:50:07
68f2d95bd190740cfd6a2acc,yahoo,PUBLISH ENQUEUED questions_in,2025-10-29T13:50:08
68f2d95bd190740cfd6a2b75,yahoo,PUBLISH ENQUEUED questions_in,2025-10-29T13:50:08
68f2d95bd190740cfd6a3344,yahoo,PUBLISH ENQUEUED questions_in,2025-10-29T13:50:09
68f2d95bd190740cfd6a3347,yahoo,PUBLISH ENQUEUED questions_in,2025-10-29T13:50:09
68f2d95bd190740cfd6a3ac9,yahoo,PUBLISH ENQUEUED questions_in,2025-10-29T13:50:10
68f2d95bd190740cfd6a3367,yahoo,PUBLISH ENQUEUED questions_in,2025-10-29T13:50:10
68f2d95bd190740cfd6a3336,yahoo,PUBLISH ENQUEUED questions_in,2025-10-29T13:50:10
68f2d95bd190740cfd6a2122,yahoo,PUBLISH ENQUEUED questions_in,2025-10-29T13:50:10
68f2d95bd190740cfd6a3141,yahoo,PUBLISH ENQUEUED questions_in,2025-10-29T13:50:13
68f2d95bd190740cfd6a36c1,yahoo,PUBLISH ENQUEUED questions_in,2025-10-29T13:50:13
68f2d95bd190740cfd6a2f2a,yahoo,PUBLISH ENQUEUED questions_in,2025-10-29T13:50:14
68f2d95bd190740cfd6a391a,yahoo,PUBLISH ENQUEUED questions_in,2025-10-29T13:50:14
68f2d95bd190740cfd6a35f3,yahoo,PUBLISH ENQUEUED questions_in,2025-10-29T13:50:15
68f2d95bd190740cfd6a398b,yahoo,PUBLISH ENQUEUED questions_in,2025-10-29T13:50:17
68f2d95bd190740cfd6a2780,yahoo,PUBLISH ENQUEUED questions_in,2025-10-29T13:50:17
68f2d95bd190740cfd6a243d,yahoo,PUBLISH ENQUEUED questions_in,2025-10-29T13:50:18
68f2d95bd190740cfd6a360a,yahoo,PUBLISH ENQUEUED questions_in,2025-10-29T13:50:18
68f2d95bd190740cfd6a218b,yahoo,PUBLISH ENQUEUED questions_in,2025-10-29T13:50:19
68f2d95bd190740cfd6a1cce,yahoo,PUBLISH ENQUEUED questions_in,2025-10-29T13:50:20
68f2d95bd190740cfd6a26e6,yahoo,PUBLISH ENQUEUED questions_in,2025-10-29T13:50:21
68f2d95bd190740cfd6a3140,yahoo,PUBLISH ENQUEUED questions_in,2025-10-29T13:50:22
68f2d95bd190740cfd6a2734,yahoo,PUBLISH ENQUEUED questions_in,2025-10-29T13:50:23
68f2d95bd190740cfd6a211b,yahoo,PUBLISH ENQUEUED questions_in,2025-10-29T13:50:23
68f2d95bd190740cfd6a3530,yahoo,PUBLISH ENQUEUED questions_in,2025-10-29T13:50:23
68f2d95bd190740cfd6a27fc,yahoo,PUBLISH ENQUEUED questions_in,2025-10-29T13:50:24
68f2d95bd190740cfd6a1cc4,yahoo,PUBLISH ENQUEUED questions_in,2025-10-29T13:50:25
68f2d95bd190740cfd6a32d9,yahoo,PUBLISH ENQUEUED questions_in,2025-10-29T13:50:26
68f2d95bd190740cfd6a3177,yahoo,PUBLISH ENQUEUED questions_in,2025-10-29T13:50:26
68f2d95bd190740cfd6a3d31,yahoo,PUBLISH ENQUEUED questions_in,2025-10-29T13:50:27
68f2d95bd190740cfd6a35ea,yahoo,PUBLISH ENQUEUED questions_in,2025-10-29T13:50:28
68f2d95bd190740cfd6a3997,yahoo,PUBLISH ENQUEUED questions_in,2025-10-29T13:50:28
68f2d95bd190740cfd6a3399,yahoo,PUBLISH ENQUEUED questions_in,2025-10-29T13:50:29
68f2d95bd190740cfd6a3554,yahoo,PUBLISH ENQUEUED questions_in,2025-10-29T13:50:30
68f2d95bd190740cfd6a2f67,yahoo,PUBLISH ENQUEUED questions_in,2025-10-29T13:50:30
68f2d95bd190740cfd6a22d2,yahoo,PUBLISH ENQUEUED questions_in,2025-10-29T13:50:30
68f2d95bd190740cfd6a1d0f,yahoo,PUBLISH ENQUEUED questions_in,2025-10-29T13:50:30
68f2d95bd190740cfd6a240d,yahoo,PUBLISH ENQUEUED questions_in,2025-10-29T13:50:32
68f2d95bd190740cfd6a2b9a,yahoo,PUBLISH ENQUEUED questions_in,2025-10-29T13:50:32
68f2d95bd190740cfd6a2d63,yahoo,PUBLISH ENQUEUED questions_in,2025-10-29T13:50:33
68f2d95bd190740cfd6a285e,yahoo,PUBLISH ENQUEUED questions_in,2025-10-29T13:50:37
68f2d95bd190740cfd6a3149,yahoo,PUBLISH ENQUEUED questions_in,2025-10-29T13:50:38
68f2d95bd190740cfd6a26bc,yahoo,PUBLISH ENQUEUED questions_in,2025-10-29T13:50:39
68f2d95bd190740cfd6a2e40,yahoo,PUBLISH ENQUEUED questions_in,2025-10-29T13:50:39
68f2d95bd190740cfd6a4160,yahoo,PUBLISH ENQUEUED questions_in,2025-10-29T13:50:39
68f2d95bd190740cfd6a390e,yahoo,PUBLISH ENQUEUED questions_in,2025-10-29T13:50:40
68f2d95bd190740cfd6a361f,yahoo,PUBLISH ENQUEUED questions_in,2025-10-29T13:50:40
68f2d95bd190740cfd6a3e9f,yahoo,PUBLISH ENQUEUED questions_in,2025-10-29T13:50:40
68f2d95bd190740cfd6a3a62,yahoo,PUBLISH ENQUEUED questions_in,2025-10-29T13:50:41
68f2d95bd190740cfd6a2a65,yahoo,PUBLISH ENQUEUED questions_in,2025-10-29T13:50:41
68f2d95bd190740cfd6a1ea4,yahoo,PUBLISH ENQUEUED questions_in,2025-10-29T13:50:41
68f2d95bd190740cfd6a2a58,yahoo,PUBLISH ENQUEUED questions_in,2025-10-29T13:50:44
68f2d95bd190740cfd6a367c,yahoo,PUBLISH ENQUEUED questions_in,2025-10-29T13:50:45
68f2d95bd190740cfd6a234b,yahoo,PUBLISH ENQUEUED questions_in,2025-10-29T13:50:46
68f2d95bd190740cfd6a2453,yahoo,PUBLISH ENQUEUED questions_in,2025-10-29T13:50:47
68f2d95bd190740cfd6a2bba,yahoo,PUBLISH ENQUEUED questions_in,2025-10-29T13:50:47
68f2d95bd190740cfd6a3e3a,yahoo,PUBLISH ENQUEUED questions_in,2025-10-29T13:50:48
68f2d95bd190740cfd6a38ce,yahoo,PUBLISH ENQUEUED questions_in,2025-10-29T13:50:48
68f2d95bd190740cfd6a3aa4,yahoo,PUBLISH ENQUEUED questions_in,2025-10-29T13:50:49
68f2d95bd190740cfd6a3973,yahoo,PUBLISH ENQUEUED questions_in,2025-10-29T13:50:49
68f2d95bd190740cfd6a228d,yahoo,PUBLISH ENQUEUED questions_in,2025-10-29T13:50:49
68f2d95bd190740cfd6a3700,yahoo,PUBLISH ENQUEUED questions_in,2025-10-29T13:50:49
68f2d95bd190740cfd6a415c,yahoo,PUBLISH ENQUEUED questions_in,2025-10-29T13:50:50
68f2d95bd190740cfd6a31aa,yahoo,PUBLISH ENQUEUED questions_in,2025-10-29T13:50:50
68f2d95bd190740cfd6a1c9b,yahoo,PUBLISH ENQUEUED questions_in,2025-10-29T13:50:51
68f2d95bd190740cfd6a408b,yahoo,PUBLISH ENQUEUED questions_in,2025-10-29T13:50:53
68f2d95bd190740cfd6a2812,yahoo,PUBLISH ENQUEUED questions_in,2025-10-29T13:50:53
68f2d95bd190740cfd6a3ae8,yahoo,PUBLISH ENQUEUED questions_in,2025-10-29T13:50:53
68f2d95bd190740cfd6a2268,yahoo,PUBLISH ENQUEUED questions_in,2025-10-29T13:50:55
68f2d95bd190740cfd6a1b68,yahoo,PUBLISH ENQUEUED questions_in,2025-10-29T13:50:56
68f2d95bd190740cfd6a3ca5,yahoo,PUBLISH ENQUEUED questions_in,2025-10-29T13:50:57
68f2d95bd190740cfd6a3ad9,yahoo,PUBLISH ENQUEUED questions_in,2025-10-29T13:50:57
68f2d95bd190740cfd6a3fb4,yahoo,PUBLISH ENQUEUED questions_in,2025-10-29T13:50:58
68f2d95bd190740cfd6a1d03,yahoo,PUBLISH ENQUEUED questions_in,2025-10-29T13:50:58
68f2d95bd190740cfd6a1d00,yahoo,PUBLISH ENQUEUED questions_in,2025-10-29T13:50:59
68f2d95bd190740cfd6a4139,yahoo,PUBLISH ENQUEUED questions_in,2025-10-29T13:50:59
68f2d95bd190740cfd6a3751,yahoo,PUBLISH ENQUEUED questions_in,2025-10-29T13:51:00
68f2d95bd190740cfd6a2518,yahoo,PUBLISH ENQUEUED questions_in,2025-10-29T13:51:00
68f2d95bd190740cfd6a2f4c,yahoo,PUBLISH ENQUEUED questions_in,2025-10-29T13:51:01
68f2d95bd190740cfd6a3580,yahoo,PUBLISH ENQUEUED questions_in,2025-10-29T13:51:02
68f2d95bd190740cfd6a36db,yahoo,PUBLISH ENQUEUED questions_in,2025-10-29T13:51:02
68f2d95bd190740cfd6a2008,yahoo,PUBLISH ENQUEUED questions_in,2025-10-29T13:51:03
68f2d95bd190740cfd6a31d1,yahoo,PUBLISH ENQUEUED questions_in,2025-10-29T13:51:05
68f2d95bd190740cfd6a3e43,yahoo,PUBLISH ENQUEUED questions_in,2025-10-29T13:51:06
68f2d95bd190740cfd6a29cc,yahoo,PUBLISH ENQUEUED questions_in,2025-10-29T13:51:06
68f2d95bd190740cfd6a3c64,yahoo,PUBLISH ENQUEUED questions_in,2025-10-29T13:51:07
68f2d95bd190740cfd6a4179,yahoo,PUBLISH ENQUEUED questions_in,2025-10-29T13:51:08
68f2d95bd190740cfd6a2483,yahoo,PUBLISH ENQUEUED questions_in,2025-10-29T13:51:10
68f2d95bd190740cfd6a2d63,yahoo,PUBLISH ENQUEUED questions_in,2025-10-29T13:51:10
68f2d95bd190740cfd6a23db,yahoo,PUBLISH ENQUEUED questions_in,2025-10-29T13:51:11
68f2d95bd190740cfd6a4094,yahoo,PUBLISH ENQUEUED questions_in,2025-10-29T13:51:12
68f2d95bd190740cfd6a3a80,yahoo,PUBLISH ENQUEUED questions_in,2025-10-29T13:51:13
68f2d95bd190740cfd6a3b18,yahoo,PUBLISH ENQUEUED questions_in,2025-10-29T13:51:14
68f2d95bd190740cfd6a2e7d,yahoo,PUBLISH ENQUEUED questions_in,2025-10-29T13:51:14
68f2d95bd190740cfd6a37cb,yahoo,PUBLISH ENQUEUED questions_in,2025-10-29T13:51:15
68f2d95bd190740cfd6a3ffb,yahoo,PUBLISH ENQUEUED questions_in,2025-10-29T13:51:15
68f2d95bd190740cfd6a2d53,yahoo,PUBLISH ENQUEUED questions_in,2025-10-29T13:51:17
68f2d95bd190740cfd6a1baa,yahoo,PUBLISH ENQUEUED questions_in,2025-10-29T13:51:17
68f2d95bd190740cfd6a2855,yahoo,PUBLISH ENQUEUED questions_in,2025-10-29T13:51:18
68f2d95bd190740cfd6a22ea,yahoo,PUBLISH ENQUEUED questions_in,2025-10-29T13:51:18
68f2d95bd190740cfd6a3f1c,yahoo,PUBLISH ENQUEUED questions_in,2025-10-29T13:51:18
68f2d95bd190740cfd6a1fb2,yahoo,PUBLISH ENQUEUED questions_in,2025-10-29T13:51:18
68f2d95bd190740cfd6a3e30,yahoo,PUBLISH ENQUEUED questions_in,2025-10-29T13:51:18
68f2d95bd190740cfd6a21b6,yahoo,PUBLISH ENQUEUED questions_in,2025-10-29T13:51:20
68f2d95bd190740cfd6a3a16,yahoo,PUBLISH ENQUEUED questions_in,2025-10-29T13:51:20
68f2d95bd190740cfd6a36d0,yahoo,PUBLISH ENQUEUED questions_in,2025-10-29T13:51:21
68f2d95bd190740cfd6a2328,yahoo,PUBLISH ENQUEUED questions_in,2025-10-29T13:51:23
68f2d95bd190740cfd6a336a,yahoo,PUBLISH ENQUEUED questions_in,2025-10-29T13:51:23
68f2d95bd190740cfd6a272a,yahoo,PUBLISH ENQUEUED questions_in,2025-10-29T13:51:24
68f2d95bd190740cfd6a2df1,yahoo,PUBLISH ENQUEUED questions_in,2025-10-29T13:51:24
68f2d95bd190740cfd6a33cf,yahoo,PUBLISH ENQUEUED questions_in,2025-10-29T13:51:25
68f2d95bd190740cfd6a1c52,yahoo,PUBLISH ENQUEUED questions_in,2025-10-29T13:51:28
68f2d95bd190740cfd6a2e55,yahoo,PUBLISH ENQUEUED questions_in,2025-10-29T13:51:28
68f2d95bd190740cfd6a3a31,yahoo,PUBLISH ENQUEUED questions_in,2025-10-29T13:51:28
68f2d95bd190740cfd6a2a15,yahoo,PUBLISH ENQUEUED questions_in,2025-10-29T13:51:29
68f2d95bd190740cfd6a1bdc,yahoo,PUBLISH ENQUEUED questions_in,2025-10-29T13:51:29
68f2d95bd190740cfd6a1df5,yahoo,PUBLISH ENQUEUED questions_in,2025-10-29T13:51:31
68f2d95bd190740cfd6a2508,yahoo,PUBLISH ENQUEUED questions_in,2025-10-29T13:51:32
68f2d95bd190740cfd6a22e4,yahoo,PUBLISH ENQUEUED questions_in,2025-10-29T13:51:33
68f2d95bd190740cfd6a2317,yahoo,PUBLISH ENQUEUED questions_in,2025-10-29T13:51:34
68f2d95bd190740cfd6a3966,yahoo,PUBLISH ENQUEUED questions_in,2025-10-29T13:51:34
68f2d95bd190740cfd6a2938,yahoo,PUBLISH ENQUEUED questions_in,2025-10-29T13:51:35
68f2d95bd190740cfd6a37bf,yahoo,PUBLISH ENQUEUED questions_in,2025-10-29T13:51:35
68f2d95bd190740cfd6a2ac7,yahoo,PUBLISH ENQUEUED questions_in,2025-10-29T13:51:35
68f2d95bd190740cfd6a2f75,yahoo,PUBLISH ENQUEUED questions_in,2025-10-29T13:51:35
68f2d95bd190740cfd6a206f,yahoo,PUBLISH ENQUEUED questions_in,2025-10-29T13:51:35
68f2d95bd190740cfd6a412e,yahoo,PUBLISH ENQUEUED questions_in,2025-10-29T13:51:36
68f2d95bd190740cfd6a2e87,yahoo,PUBLISH ENQUEUED questions_in,2025-10-29T13:51:37
68f2d95bd190740cfd6a2e3e,yahoo,PUBLISH ENQUEUED questions_in,2025-10-29T13:51:38
68f2d95bd190740cfd6a37e0,yahoo,PUBLISH ENQUEUED questions_in,2025-10-29T13:51:38
68f2d95bd190740cfd6a266e,yahoo,PUBLISH ENQUEUED questions_in,2025-10-29T13:51:39
68f2d95bd190740cfd6a20cb,yahoo,PUBLISH ENQUEUED questions_in,2025-10-29T13:51:40
68f2d95bd190740cfd6a3c9c,yahoo,PUBLISH ENQUEUED questions_in,2025-10-29T13:51:41
68f2d95bd190740cfd6a2a3d,yahoo,PUBLISH ENQUEUED questions_in,2025-10-29T13:51:41
68f2d95bd190740cfd6a23bb,yahoo,PUBLISH ENQUEUED questions_in,2025-10-29T13:51:41
68f2d95bd190740cfd6a311a,yahoo,PUBLISH ENQUEUED questions_in,2025-10-29T13:51:41
68f2d95bd190740cfd6a2bf7,yahoo,PUBLISH ENQUEUED questions_in,2025-10-29T13:51:42
68f2d95bd190740cfd6a2d53,yahoo,PUBLISH ENQUEUED questions_in,2025-10-29T13:51:43
68f2d95bd190740cfd6a3666,yahoo,PUBLISH ENQUEUED questions_in,2025-10-29T13:51:44
68f2d95bd190740cfd6a3d26,yahoo,PUBLISH ENQUEUED questions_in,2025-10-29T13:51:44
68f2d95bd190740cfd6a2a32,yahoo,PUBLISH ENQUEUED questions_in,2025-10-29T13:51:46
68f2d95bd190740cfd6a1d58,yahoo,PUBLISH ENQUEUED questions_in,2025-10-29T13:51:46
68f2d95bd190740cfd6a345b,yahoo,PUBLISH ENQUEUED questions_in,2025-10-29T13:51:46
68f2d95bd190740cfd6a2085,yahoo,PUBLISH ENQUEUED questions_in,2025-10-29T13:51:46
68f2d95bd190740cfd6a2947,yahoo,PUBLISH ENQUEUED questions_in,2025-10-29T13:51:46
68f2d95bd190740cfd6a2e36,yahoo,PUBLISH ENQUEUED questions_in,2025-10-29T13:51:47
68f2d95bd190740cfd6a2b84,yahoo,PUBLISH ENQUEUED questions_in,2025-10-29T13:51:47
68f2d95bd190740cfd6a342b,yahoo,PUBLISH ENQUEUED questions_in,2025-10-29T13:51:49
68f2d95bd190740cfd6a3a63,yahoo,PUBLISH ENQUEUED questions_in,2025-10-29T13:51:49
68f2d95bd190740cfd6a1eed,yahoo,PUBLISH ENQUEUED questions_in,2025-10-29T13:51:50
68f2d95bd190740cfd6a1bf4,yahoo,PUBLISH ENQUEUED questions_in,2025-10-29T13:51:50
68f2d95bd190740cfd6a309a,yahoo,PUBLISH ENQUEUED questions_in,2025-10-29T13:51:50
68f2d95bd190740cfd6a20d4,yahoo,PUBLISH ENQUEUED questions_in,2025-10-29T13:51:50
68f2d95bd190740cfd6a2ac6,yahoo,PUBLISH ENQUEUED questions_in,2025-10-29T13:51:53
68f2d95bd190740cfd6a206c,yahoo,PUBLISH ENQUEUED questions_in,2025-10-29T13:51:53
68f2d95bd190740cfd6a1c07,yahoo,PUBLISH ENQUEUED questions_in,2025-10-29T13:51:56
68f2d95bd190740cfd6a3dd5,yahoo,PUBLISH ENQUEUED questions_in,2025-10-29T13:51:56
68f2d95bd190740cfd6a3d51,yahoo,PUBLISH ENQUEUED questions_in,2025-10-29T13:51:56
68f2d95bd190740cfd6a40a3,yahoo,PUBLISH ENQUEUED questions_in,2025-10-29T13:51:56
68f2d95bd190740cfd6a1ddd,yahoo,PUBLISH ENQUEUED questions_in,2025-10-29T13:51:57
68f2d95bd190740cfd6a2c8c,yahoo,PUBLISH ENQUEUED questions_in,2025-10-29T13:51:57
68f2d95bd190740cfd6a31ee,yahoo,PUBLISH ENQUEUED questions_in,2025-10-29T13:51:57
68f2d95bd190740cfd6a225d,yahoo,PUBLISH ENQUEUED questions_in,2025-10-29T13:51:57
68f2d95bd190740cfd6a1d3d,yahoo,PUBLISH ENQUEUED questions_in,2025-10-29T13:51:58
68f2d95bd190740cfd6a30a2,yahoo,PUBLISH ENQUEUED questions_in,2025-10-29T13:51:59
68f2d95bd190740cfd6a356d,yahoo,PUBLISH ENQUEUED questions_in,2025-10-29T13:51:59
68f2d95bd190740cfd6a4072,yahoo,PUBLISH ENQUEUED questions_in,2025-10-29T13:51:59
68f2d95bd190740cfd6a3537,yahoo,PUBLISH ENQUEUED questions_in,2025-10-29T13:52:02
68f2d95bd190740cfd6a2e9d,yahoo,PUBLISH ENQUEUED questions_in,2025-10-29T13:52:02
68f2d95bd190740cfd6a2705,yahoo,PUBLISH ENQUEUED questions_in,2025-10-29T13:52:03
68f2d95bd190740cfd6a289d,yahoo,PUBLISH ENQUEUED questions_in,2025-10-29T13:52:03
68f2d95bd190740cfd6a3125,yahoo,PUBLISH ENQUEUED questions_in,2025-10-29T13:52:04
68f2d95bd190740cfd6a2b0d,yahoo,PUBLISH ENQUEUED questions_in,2025-10-29T13:52:05
68f2d95bd190740cfd6a2ea1,yahoo,PUBLISH ENQUEUED questions_in,2025-10-29T13:52:05
68f2d95bd190740cfd6a30e4,yahoo,PUBLISH ENQUEUED questions_in,2025-10-29T13:52:06
68f2d95bd190740cfd6a1bc9,yahoo,PUBLISH ENQUEUED questions_in,2025-10-29T13:52:07
68f2d95bd190740cfd6a2a06,yahoo,PUBLISH ENQUEUED questions_in,2025-10-29T13:52:08
68f2d95bd190740cfd6a1e1f,yahoo,PUBLISH ENQUEUED questions_in,2025-10-29T13:52:08
68f2d95bd190740cfd6a3774,yahoo,PUBLISH ENQUEUED questions_in,2025-10-29T13:52:09
68f2d95bd190740cfd6a1e4d,yahoo,PUBLISH ENQUEUED questions_in,2025-10-29T13:52:12
68f2d95bd190740cfd6a328a,yahoo,PUBLISH ENQUEUED questions_in,2025-10-29T13:52:13
68f2d95bd190740cfd6a2dec,yahoo,PUBLISH ENQUEUED questions_in,2025-10-29T13:52:15
68f2d95bd190740cfd6a2995,yahoo,PUBLISH ENQUEUED questions_in,2025-10-29T13:52:15
68f2d95bd190740cfd6a344e,yahoo,PUBLISH ENQUEUED questions_in,2025-10-29T13:52:17
68f2d95bd190740cfd6a2e84,yahoo,PUBLISH ENQUEUED questions_in,2025-10-29T13:52:18
68f2d95bd190740cfd6a2739,yahoo,PUBLISH ENQUEUED questions_in,2025-10-29T13:52:19
68f2d95bd190740cfd6a327a,yahoo,PUBLISH ENQUEUED questions_in,2025-10-29T13:52:19
68f2d95bd190740cfd6a3604,yahoo,PUBLISH ENQUEUED questions_in,2025-10-29T13:52:19
68f2d95bd190740cfd6a3c2d,yahoo,PUBLISH ENQUEUED questions_in,2025-10-29T13:52:21
68f2d95bd190740cfd6a3dd3,yahoo,PUBLISH ENQUEUED questions_in,2025-10-29T13:52:22
68f2d95bd190740cfd6a29df,yahoo,PUBLISH ENQUEUED questions_in,2025-10-29T13:52:22
68f2d95bd190740cfd6a2080,yahoo,PUBLISH ENQUEUED questions_in,2025-10-29T13:52:22
68f2d95bd190740cfd6a3567,yahoo,PUBLISH ENQUEUED questions_in,2025-10-29T13:52:22
68f2d95bd190740cfd6a23f5,yahoo,PUBLISH ENQUEUED questions_in,2025-10-29T13:52:23
68f2d95bd190740cfd6a2ba2,yahoo,PUBLISH ENQUEUED questions_in,2025-10-29T13:52:23
68f2d95bd190740cfd6a3dce,yahoo,PUBLISH ENQUEUED questions_in,2025-10-29T13:52:24
68f2d95bd190740cfd6a1bb2,yahoo,PUBLISH ENQUEUED questions_in,2025-10-29T13:52:24
68f2d95bd190740cfd6a31d8,yahoo,PUBLISH ENQUEUED questions_in,2025-10-29T13:52:24
68f2d95bd190740cfd6a3723,yahoo,PUBLISH ENQUEUED questions_in,2025-10-29T13:52:25
68f2d95bd190740cfd6a29ce,yahoo,PUBLISH ENQUEUED questions_in,2025-10-29T13:52:25
68f2d95bd190740cfd6a39c1,yahoo,PUBLISH ENQUEUED questions_in,2025-10-29T13:52:25
68f2d95bd190740cfd6a35aa,yahoo,PUBLISH ENQUEUED questions_in,2025-10-29T13:52:26
68f2d95bd190740cfd6a1aea,yahoo,PUBLISH ENQUEUED questions_in,2025-10-29T13:52:27
68f2d95bd190740cfd6a31d9,yahoo,PUBLISH ENQUEUED questions_in,2025-10-29T13:52:27
68f2d95bd190740cfd6a1fd7,yahoo,PUBLISH ENQUEUED questions_in,2025-10-29T13:52:29
68f2d95bd190740cfd6a389c,yahoo,PUBLISH ENQUEUED questions_in,2025-10-29T13:52:31
68f2d95bd190740cfd6a1ff8,yahoo,PUBLISH ENQUEUED questions_in,2025-10-29T13:52:31
68f2d95bd190740cfd6a37c0,yahoo,PUBLISH ENQUEUED questions_in,2025-10-29T13:52:32
68f2d95bd190740cfd6a26d8,yahoo,PUBLISH ENQUEUED questions_in,2025-10-29T13:52:33
68f2d95bd190740cfd6a2cca,yahoo,PUBLISH ENQUEUED questions_in,2025-10-29T13:52:35
68f2d95bd190740cfd6a2ceb,yahoo,PUBLISH ENQUEUED questions_in,2025-10-29T13:52:35
68f2d95bd190740cfd6a27b2,yahoo,PUBLISH ENQUEUED questions_in,2025-10-29T13:52:36
68f2d95bd190740cfd6a3b3a,yahoo,PUBLISH ENQUEUED questions_in,2025-10-29T13:52:37
68f2d95bd190740cfd6a2c62,yahoo,PUBLISH ENQUEUED questions_in,2025-10-29T13:52:38
68f2d95bd190740cfd6a3b53,yahoo,PUBLISH ENQUEUED questions_in,2025-10-29T13:52:39
68f2d95bd190740cfd6a1c22,yahoo,PUBLISH ENQUEUED questions_in,2025-10-29T13:52:39
68f2d95bd190740cfd6a3b0e,yahoo,PUBLISH ENQUEUED questions_in,2025-10-29T13:52:39
68f2d95bd190740cfd6a2eb9,yahoo,PUBLISH ENQUEUED questions_in,2025-10-29T13:52:39
68f2d95bd190740cfd6a24b4,yahoo,PUBLISH ENQUEUED questions_in,2025-10-29T13:52:41
68f2d95bd190740cfd6a28fc,yahoo,PUBLISH ENQUEUED questions_in,2025-10-29T13:52:43
68f2d95bd190740cfd6a35da,yahoo,PUBLISH ENQUEUED questions_in,2025-10-29T13:52:45
68f2d95bd190740cfd6a1f65,yahoo,PUBLISH ENQUEUED questions_in,2025-10-29T13:52:45
68f2d95bd190740cfd6a3d92,yahoo,PUBLISH ENQUEUED questions_in,2025-10-29T13:52:46
68f2d95bd190740cfd6a26a2,yahoo,PUBLISH ENQUEUED questions_in,2025-10-29T13:52:47
68f2d95bd190740cfd6a33c6,yahoo,PUBLISH ENQUEUED questions_in,2025-10-29T13:52:50
68f2d95bd190740cfd6a3be0,yahoo,PUBLISH ENQUEUED questions_in,2025-10-29T13:52:51
68f2d95bd190740cfd6a40d9,yahoo,PUBLISH ENQUEUED questions_in,2025-10-29T13:52:51
68f2d95bd190740cfd6a39fa,yahoo,PUBLISH ENQUEUED questions_in,2025-10-29T13:52:52
68f2d95bd190740cfd6a3ad8,yahoo,PUBLISH ENQUEUED questions_in,2025-10-29T13:52:53
68f2d95bd190740cfd6a3679,yahoo,PUBLISH ENQUEUED questions_in,2025-10-29T13:52:53
68f2d95bd190740cfd6a208b,yahoo,PUBLISH ENQUEUED questions_in,2025-10-29T13:52:54
68f2d95bd190740cfd6a1e02,yahoo,PUBLISH ENQUEUED questions_in,2025-10-29T13:52:56
68f2d95bd190740cfd6a1aec,yahoo,PUBLISH ENQUEUED questions_in,2025-10-29T13:52:57
68f2d95bd190740cfd6a1fff,yahoo,PUBLISH ENQUEUED questions_in,2025-10-29T13:52:57
68f2d95bd190740cfd6a3587,yahoo,PUBLISH ENQUEUED questions_in,2025-10-29T13:52:58
68f2d95bd190740cfd6a38cc,yahoo,PUBLISH ENQUEUED questions_in,2025-10-29T13:52:58
68f2d95bd190740cfd6a35f4,yahoo,PUBLISH ENQUEUED questions_in,2025-10-29T13:52:58
68f2d95bd190740cfd6a2368,yahoo,PUBLISH ENQUEUED questions_in,2025-10-29T13:52:59
68f2d95bd190740cfd6a3f9f,yahoo,PUBLISH ENQUEUED questions_in,2025-10-29T13:52:59
68f2d95bd190740cfd6a36f7,yahoo,PUBLISH ENQUEUED questions_in,2025-10-29T13:53:00
68f2d95bd190740cfd6a1bbb,yahoo,PUBLISH ENQUEUED questions_in,2025-10-29T13:53:01
68f2d95bd190740cfd6a288c,yahoo,PUBLISH ENQUEUED questions_in,2025-10-29T13:53:01
68f2d95bd190740cfd6a1dd5,yahoo,PUBLISH ENQUEUED questions_in,2025-10-29T13:53:03
68f2d95bd190740cfd6a1c56,yahoo,PUBLISH ENQUEUED questions_in,2025-10-29T13:53:04
68f2d95bd190740cfd6a2980,yahoo,PUBLISH ENQUEUED questions_in,2025-10-29T13:53:04
68f2d95bd190740cfd6a33f1,yahoo,PUBLISH ENQUEUED questions_in,2025-10-29T13:53:05
68f2d95bd190740cfd6a2659,yahoo,PUBLISH ENQUEUED questions_in,2025-10-29T13:53:05
68f2d95bd190740cfd6a362f,yahoo,PUBLISH ENQUEUED questions_in,2025-10-29T13:53:05
68f2d95bd190740cfd6a2af4,yahoo,PUBLISH ENQUEUED questions_in,2025-10-29T13:53:06
68f2d95bd190740cfd6a3897,yahoo,PUBLISH ENQUEUED questions_in,2025-10-29T13:53:06
68f2d95bd190740cfd6a40ad,yahoo,PUBLISH ENQUEUED questions_in,2025-10-29T13:53:07
68f2d95bd190740cfd6a2743,yahoo,PUBLISH ENQUEUED questions_in,2025-10-29T13:53:08
68f2d95bd190740cfd6a1b79,yahoo,PUBLISH ENQUEUED questions_in,2025-10-29T13:53:08
68f2d95bd190740cfd6a3e3d,yahoo,PUBLISH ENQUEUED questions_in,2025-10-29T13:53:08
68f2d95bd190740cfd6a324b,yahoo,PUBLISH ENQUEUED questions_in,2025-10-29T13:53:09
68f2d95bd190740cfd6a2eae,yahoo,PUBLISH ENQUEUED questions_in,2025-10-29T13:53:11
68f2d95bd190740cfd6a216e,yahoo,PUBLISH ENQUEUED questions_in,2025-10-29T13:53:12
68f2d95bd190740cfd6a3cf0,yahoo,PUBLISH ENQUEUED questions_in,2025-10-29T13:53:13
68f2d95bd190740cfd6a3b19,yahoo,PUBLISH ENQUEUED questions_in,2025-10-29T13:53:13
68f2d95bd190740cfd6a225a,yahoo,PUBLISH ENQUEUED questions_in,2025-10-29T13:53:15
68f2d95bd190740cfd6a3eaf,yahoo,PUBLISH ENQUEUED questions_in,2025-10-29T13:53:15
68f2d95bd190740cfd6a386a,yahoo,PUBLISH ENQUEUED questions_in,2025-10-29T13:53:16
68f2d95bd190740cfd6a28a4,yahoo,PUBLISH ENQUEUED questions_in,2025-10-29T13:53:16
68f2d95bd190740cfd6a2bf3,yahoo,PUBLISH ENQUEUED questions_in,2025-10-29T13:53:19
68f2d95bd190740cfd6a3dcd,yahoo,PUBLISH ENQUEUED questions_in,2025-10-29T13:53:19
68f2d95bd190740cfd6a3b9b,yahoo,PUBLISH ENQUEUED questions_in,2025-10-29T13:53:20
68f2d95bd190740cfd6a366b,yahoo,PUBLISH ENQUEUED questions_in,2025-10-29T13:53:20
68f2d95bd190740cfd6a2473,yahoo,PUBLISH ENQUEUED questions_in,2025-10-29T13:53:21
68f2d95bd190740cfd6a2c80,yahoo,PUBLISH ENQUEUED questions_in,2025-10-29T13:53:24
68f2d95bd190740cfd6a3789,yahoo,PUBLISH ENQUEUED questions_in,2025-10-29T13:53:26
68f2d95bd190740cfd6a2e58,yahoo,PUBLISH ENQUEUED questions_in,2025-10-29T13:53:26
68f2d95bd190740cfd6a3978,yahoo,PUBLISH ENQUEUED questions_in,2025-10-29T13:53:28
68f2d95bd190740cfd6a29d0,yahoo,PUBLISH ENQUEUED questions_in,2025-10-29T13:53:28
68f2d95bd190740cfd6a2f3c,yahoo,PUBLISH ENQUEUED questions_in,2025-10-29T13:53:29
68f2d95bd190740cfd6a2780,yahoo,PUBLISH ENQUEUED questions_in,2025-10-29T13:53:30
68f2d95bd190740cfd6a1dd8,yahoo,PUBLISH ENQUEUED questions_in,2025-10-29T13:53:30
68f2d95bd190740cfd6a1d4b,yahoo,PUBLISH ENQUEUED questions_in,2025-10-29T13:53:30
68f2d95bd190740cfd6a3dcd,yahoo,PUBLISH ENQUEUED questions_in,2025-10-29T13:53:31
68f2d95bd190740cfd6a1ece,yahoo,PUBLISH ENQUEUED questions_in,2025-10-29T13:53:32
68f2d95bd190740cfd6a2334,yahoo,PUBLISH ENQUEUED questions_in,2025-10-29T13:53:32
68f2d95bd190740cfd6a2820,yahoo,PUBLISH ENQUEUED questions_in,2025-10-29T13:53:33
68f2d95bd190740cfd6a236d,yahoo,PUBLISH ENQUEUED questions_in,2025-10-29T13:53:35
68f2d95bd190740cfd6a37de,yahoo,PUBLISH ENQUEUED questions_in,2025-10-29T13:53:37
68f2d95bd190740cfd6a3171,yahoo,PUBLISH ENQUEUED questions_in,2025-10-29T13:53:37
68f2d95bd190740cfd6a3ced,yahoo,PUBLISH ENQUEUED questions_in,2025-10-29T13:53:37
68f2d95bd190740cfd6a1fb8,yahoo,PUBLISH ENQUEUED questions_in,2025-10-29T13:53:38
68f2d95bd190740cfd6a3d4f,yahoo,PUBLISH ENQUEUED questions_in,2025-10-29T13:53:39
68f2d95bd190740cfd6a3e66,yahoo,PUBLISH ENQUEUED questions_in,2025-10-29T13:53:41
68f2d95bd190740cfd6a2e3f,yahoo,PUBLISH ENQUEUED questions_in,2025-10-29T13:53:42
68f2d95bd190740cfd6a28ff,yahoo,PUBLISH ENQUEUED questions_in,2025-10-29T13:53:42
68f2d95bd190740cfd6a1eac,yahoo,PUBLISH ENQUEUED questions_in,2025-10-29T13:53:43
68f2d95bd190740cfd6a2814,yahoo,PUBLISH ENQUEUED questions_in,2025-10-29T13:53:44
68f2d95bd190740cfd6a21d4,yahoo,PUBLISH ENQUEUED questions_in,2025-10-29T13:53:44
68f2d95bd190740cfd6a2438,yahoo,PUBLISH ENQUEUED questions_in,2025-10-29T13:53:45
68f2d95bd190740cfd6a2b7d,yahoo,PUBLISH ENQUEUED questions_in,2025-10-29T13:53:46
68f2d95bd190740cfd6a3be9,yahoo,PUBLISH ENQUEUED questions_in,2025-10-29T13:53:47
68f2d95bd190740cfd6a30ed,yahoo,PUBLISH ENQUEUED questions_in,2025-10-29T13:53:47
68f2d95bd190740cfd6a3782,yahoo,PUBLISH ENQUEUED questions_in,2025-10-29T13:53:47
68f2d95bd190740cfd6a36ed,yahoo,PUBLISH ENQUEUED questions_in,2025-10-29T13:53:47
68f2d95bd190740cfd6a2703,yahoo,PUBLISH ENQUEUED questions_in,2025-10-29T13:53:47
68f2d95bd190740cfd6a24fb,yahoo,PUBLISH ENQUEUED questions_in,2025-10-29T13:53:48
68f2d95bd190740cfd6a2638,yahoo,PUBLISH ENQUEUED questions_in,2025-10-29T13:53:49
68f2d95bd190740cfd6a2109,yahoo,PUBLISH ENQUEUED questions_in,2025-10-29T13:53:49
68f2d95bd190740cfd6a34d0,yahoo,PUBLISH ENQUEUED questions_in,2025-10-29T13:53:49
68f2d95bd190740cfd6a4072,yahoo,PUBLISH ENQUEUED questions_in,2025-10-29T13:53:50
68f2d95bd190740cfd6a3a75,yahoo,PUBLISH ENQUEUED questions_in,2025-10-29T13:53:50
68f2d95bd190740cfd6a22b2,yahoo,PUBLISH ENQUEUED questions_in,2025-10-29T13:53:51
68f2d95bd190740cfd6a23f3,yahoo,PUBLISH ENQUEUED questions_in,2025-10-29T13:53:53
68f2d95bd190740cfd6a39fd,yahoo,PUBLISH ENQUEUED questions_in,2025-10-29T13:53:54
68f2d95bd190740cfd6a3ce9,yahoo,PUBLISH ENQUEUED questions_in,2025-10-29T13:53:54
68f2d95bd190740cfd6a3196,yahoo,PUBLISH ENQUEUED questions_in,2025-10-29T13:53:55
68f2d95bd190740cfd6a40a9,yahoo,PUBLISH ENQUEUED questions_in,2025-10-29T13:53:55
68f2d95bd190740cfd6a2a10,yahoo,PUBLISH ENQUEUED questions_in,2025-10-29T13:53:56
68f2d95bd190740cfd6a3e44,yahoo,PUBLISH ENQUEUED questions_in,2025-10-29T13:53:56
68f2d95bd190740cfd6a3c7d,yahoo,PUBLISH ENQUEUED questions_in,2025-10-29T13:53:56
68f2d95bd190740cfd6a2126,yahoo,PUBLISH ENQUEUED questions_in,2025-10-29T13:53:57
68f2d95bd190740cfd6a340f,yahoo,PUBLISH ENQUEUED questions_in,2025-10-29T13:53:58
68f2d95bd190740cfd6a2f5b,yahoo,PUBLISH ENQUEUED questions_in,2025-10-29T13:53:58
68f2d95bd190740cfd6a3c89,yahoo,PUBLISH ENQUEUED questions_in,2025-10-29T13:54:00
68f2d95bd190740cfd6a2f81,yahoo,PUBLISH ENQUEUED questions_in,2025-10-29T13:54:00
68f2d95bd190740cfd6a3467,yahoo,PUBLISH ENQUEUED questions_in,2025-10-29T13:54:00
68f2d95bd190740cfd6a1bb7,yahoo,PUBLISH ENQUEUED questions_in,2025-10-29T13:54:00
68f2d95bd190740cfd6a349e,yahoo,PUBLISH ENQUEUED questions_in,2025-10-29T13:54:00
68f2d95bd190740cfd6a3b1b,yahoo,PUBLISH ENQUEUED questions_in,2025-10-29T13:54:00
68f2d95bd190740cfd6a31df,yahoo,PUBLISH ENQUEUED questions_in,2025-10-29T13:54:01
68f2d95bd190740cfd6a2977,yahoo,PUBLISH ENQUEUED questions_in,2025-10-29T13:54:01
68f2d95bd190740cfd6a1bee,yahoo,PUBLISH ENQUEUED questions_in,2025-10-29T13:54:02
68f2d95bd190740cfd6a3546,yahoo,PUBLISH ENQUEUED questions_in,2025-10-29T13:54:02
68f2d95bd190740cfd6a2cfc,yahoo,PUBLISH ENQUEUED questions_in,2025-10-29T13:54:03
68f2d95bd190740cfd6a1fc3,yahoo,PUBLISH ENQUEUED questions_in,2025-10-29T13:54:03
68f2d95bd190740cfd6a224b,yahoo,PUBLISH ENQUEUED questions_in,2025-10-29T13:54:03
68f2d95bd190740cfd6a36eb,yahoo,PUBLISH ENQUEUED questions_in,2025-10-29T13:54:04
68f2d95bd190740cfd6a23da,yahoo,PUBLISH ENQUEUED questions_in,2025-10-29T13:54:05
68f2d95bd190740cfd6a3d5e,yahoo,PUBLISH ENQUEUED questions_in,2025-10-29T13:54:06
68f2d95bd190740cfd6a2540,yahoo,PUBLISH ENQUEUED questions_in,2025-10-29T13:54:06
68f2d95bd190740cfd6a23f5,yahoo,PUBLISH ENQUEUED questions_in,2025-10-29T13:54:06
68f2d95bd190740cfd6a27de,yahoo,PUBLISH ENQUEUED questions_in,2025-10-29T13:54:07
68f2d95bd190740cfd6a2c1b,yahoo,PUBLISH ENQUEUED questions_in,2025-10-29T13:54:07
68f2d95bd190740cfd6a4119,yahoo,PUBLISH ENQUEUED questions_in,2025-10-29T13:54:08
68f2d95bd190740cfd6a34dc,yahoo,PUBLISH ENQUEUED questions_in,2025-10-29T13:54:08
68f2d95bd190740cfd6a2d12,yahoo,PUBLISH ENQUEUED questions_in,2025-10-29T13:54:08
68f2d95bd190740cfd6a24c7,yahoo,PUBLISH ENQUEUED questions_in,2025-10-29T13:54:08
68f2d95bd190740cfd6a2bd6,yahoo,PUBLISH ENQUEUED questions_in,2025-10-29T13:54:08
68f2d95bd190740cfd6a257b,yahoo,PUBLISH ENQUEUED questions_in,2025-10-29T13:54:09
68f2d95bd190740cfd6a3306,yahoo,PUBLISH ENQUEUED questions_in,2025-10-29T13:54:09
68f2d95bd190740cfd6a3994,yahoo,PUBLISH ENQUEUED questions_in,2025-10-29T13:54:10
68f2d95bd190740cfd6a39f2,yahoo,PUBLISH ENQUEUED questions_in,2025-10-29T13:54:10
68f2d95bd190740cfd6a20cf,yahoo,PUBLISH ENQUEUED questions_in,2025-10-29T13:54:11
68f2d95bd190740cfd6a3c35,yahoo,PUBLISH ENQUEUED questions_in,2025-10-29T13:54:12
68f2d95bd190740cfd6a30dc,yahoo,PUBLISH ENQUEUED questions_in,2025-10-29T13:54:12
68f2d95bd190740cfd6a3062,yahoo,PUBLISH ENQUEUED questions_in,2025-10-29T13:54:12
68f2d95bd190740cfd6a2003,yahoo,PUBLISH ENQUEUED questions_in,2025-10-29T13:54:13
68f2d95bd190740cfd6a23d6,yahoo,PUBLISH ENQUEUED questions_in,2025-10-29T13:54:14
68f2d95bd190740cfd6a2030,yahoo,PUBLISH ENQUEUED questions_in,2025-10-29T13:54:15
68f2d95bd190740cfd6a244d,yahoo,PUBLISH ENQUEUED questions_in,2025-10-29T13:54:15
68f2d95bd190740cfd6a1d40,yahoo,PUBLISH ENQUEUED questions_in,2025-10-29T13:54:16
68f2d95bd190740cfd6a3bd1,yahoo,PUBLISH ENQUEUED questions_in,2025-10-29T13:54:16
68f2d95bd190740cfd6a2636,yahoo,PUBLISH ENQUEUED questions_in,2025-10-29T13:54:16
68f2d95bd190740cfd6a22c9,yahoo,PUBLISH ENQUEUED questions_in,2025-10-29T13:54:18
68f2d95bd190740cfd6a1f21,yahoo,PUBLISH ENQUEUED questions_in,2025-10-29T13:54:18
68f2d95bd190740cfd6a2327,yahoo,PUBLISH ENQUEUED questions_in,2025-10-29T13:54:18
68f2d95bd190740cfd6a3532,yahoo,PUBLISH ENQUEUED questions_in,2025-10-29T13:54:19
68f2d95bd190740cfd6a3cda,yahoo,PUBLISH ENQUEUED questions_in,2025-10-29T13:54:21
68f2d95bd190740cfd6a1ca1,yahoo,PUBLISH ENQUEUED questions_in,2025-10-29T13:54:21
68f2d95bd190740cfd6a2dea,yahoo,PUBLISH ENQUEUED questions_in,2025-10-29T13:54:21
68f2d95bd190740cfd6a3e77,yahoo,PUBLISH ENQUEUED questions_in,2025-10-29T13:54:21
68f2d95bd190740cfd6a1f72,yahoo,PUBLISH ENQUEUED questions_in,2025-10-29T13:54:22
68f2d95bd190740cfd6a3d39,yahoo,PUBLISH ENQUEUED questions_in,2025-10-29T13:54:22
68f2d95bd190740cfd6a40fe,yahoo,PUBLISH ENQUEUED questions_in,2025-10-29T13:54:22
68f2d95bd190740cfd6a3c2e,yahoo,PUBLISH ENQUEUED questions_in,2025-10-29T13:54:23
68f2d95bd190740cfd6a1b89,yahoo,PUBLISH ENQUEUED questions_in,2025-10-29T13:54:23
68f2d95bd190740cfd6a2400,yahoo,PUBLISH ENQUEUED questions_in,2025-10-29T13:54:23
68f2d95bd190740cfd6a222f,yahoo,PUBLISH ENQUEUED questions_in,2025-10-29T13:54:24
68f2d95bd190740cfd6a2cfe,yahoo,PUBLISH ENQUEUED questions_in,2025-10-29T13:54:24
68f2d95bd190740cfd6a2ebf,yahoo,PUBLISH ENQUEUED questions_in,2025-10-29T13:54:24
68f2d95bd190740cfd6a2b0f,yahoo,PUBLISH ENQUEUED questions_in,2025-10-29T13:54:24
68f2d95bd190740cfd6a1df6,yahoo,PUBLISH ENQUEUED questions_in,2025-10-29T13:54:25
68f2d95bd190740cfd6a3a4e,yahoo,PUBLISH ENQUEUED questions_in,2025-10-29T13:54:25
68f2d95bd190740cfd6a27c9,yahoo,PUBLISH ENQUEUED questions_in,2025-10-29T13:54:26
68f2d95bd190740cfd6a1ff4,yahoo,PUBLISH ENQUEUED questions_in,2025-10-29T13:54:26
68f2d95bd190740cfd6a236f,yahoo,PUBLISH ENQUEUED questions_in,2025-10-29T13:54:26
68f2d95bd190740cfd6a3ef3,yahoo,PUBLISH ENQUEUED questions_in,2025-10-29T13:54:27
68f2d95bd190740cfd6a3137,yahoo,PUBLISH ENQUEUED questions_in,2025-10-29T13:54:27
68f2d95bd190740cfd6a3714,yahoo,PUBLISH ENQUEUED questions_in,2025-10-29T13:54:28
68f2d95bd190740cfd6a20bf,yahoo,PUBLISH ENQUEUED questions_in,2025-10-29T13:54:30
68f2d95bd190740cfd6a2051,yahoo,PUBLISH ENQUEUED questions_in,2025-10-29T13:54:31
68f2d95bd190740cfd6a3f80,yahoo,PUBLISH ENQUEUED questions_in,2025-10-29T13:54:33
68f2d95bd190740cfd6a3363,yahoo,PUBLISH ENQUEUED questions_in,2025-10-29T13:54:34
68f2d95bd190740cfd6a2362,yahoo,PUBLISH ENQUEUED questions_in,2025-10-29T13:54:34
68f2d95bd190740cfd6a413d,yahoo,PUBLISH ENQUEUED questions_in,2025-10-29T13:54:34
68f2d95bd190740cfd6a2d28,yahoo,PUBLISH ENQUEUED questions_in,2025-10-29T13:54:34
68f2d95bd190740cfd6a2a7b,yahoo,PUBLISH ENQUEUED questions_in,2025-10-29T13:54:36
68f2d95bd190740cfd6a1e65,yahoo,PUBLISH ENQUEUED questions_in,2025-10-29T13:54:37
68f2d95bd190740cfd6a1ccd,yahoo,PUBLISH ENQUEUED questions_in,2025-10-29T13:54:38
68f2d95bd190740cfd6a3e51,yahoo,PUBLISH ENQUEUED questions_in,2025-10-29T13:54:39
68f2d95bd190740cfd6a2463,yahoo,PUBLISH ENQUEUED questions_in,2025-10-29T13:54:39
68f2d95bd190740cfd6a392c,yahoo,PUBLISH ENQUEUED questions_in,2025-10-29T13:54:39
68f2d95bd190740cfd6a2576,yahoo,PUBLISH ENQUEUED questions_in,2025-10-29T13:54:39
68f2d95bd190740cfd6a2f24,yahoo,PUBLISH ENQUEUED questions_in,2025-10-29T13:54:41
68f2d95bd190740cfd6a3edc,yahoo,PUBLISH ENQUEUED questions_in,2025-10-29T13:54:42
68f2d95bd190740cfd6a31cc,yahoo,PUBLISH ENQUEUED questions_in,2025-10-29T13:54:43
68f2d95bd190740cfd6a33a8,yahoo,PUBLISH ENQUEUED questions_in,2025-10-29T13:54:43
68f2d95bd190740cfd6a1b2e,yahoo,PUBLISH ENQUEUED questions_in,2025-10-29T13:54:44
68f2d95bd190740cfd6a1b8f,yahoo,PUBLISH ENQUEUED questions_in,2025-10-29T13:54:48
68f2d95bd190740cfd6a36dc,yahoo,PUBLISH ENQUEUED questions_in,2025-10-29T13:54:49
68f2d95bd190740cfd6a3e1d,yahoo,PUBLISH ENQUEUED questions_in,2025-10-29T13:54:49
68f2d95bd190740cfd6a4141,yahoo,PUBLISH ENQUEUED questions_in,2025-10-29T13:54:49
68f2d95bd190740cfd6a2d49,yahoo,PUBLISH ENQUEUED questions_in,2025-10-29T13:54:51
68f2d95bd190740cfd6a3c86,yahoo,PUBLISH ENQUEUED questions_in,2025-10-29T13:54:52
68f2d95bd190740cfd6a2b86,yahoo,PUBLISH ENQUEUED questions_in,2025-10-29T13:54:52
68f2d95bd190740cfd6a2b52,yahoo,PUBLISH ENQUEUED questions_in,2025-10-29T13:54:53
68f2d95bd190740cfd6a2d76,yahoo,PUBLISH ENQUEUED questions_in,2025-10-29T13:54:53
68f2d95bd190740cfd6a24f0,yahoo,PUBLISH ENQUEUED questions_in,2025-10-29T13:54:53
68f2d95bd190740cfd6a3060,yahoo,PUBLISH ENQUEUED questions_in,2025-10-29T13:54:54
68f2d95bd190740cfd6a1b1b,yahoo,PUBLISH ENQUEUED questions_in,2025-10-29T13:54:54
68f2d95bd190740cfd6a22a5,yahoo,PUBLISH ENQUEUED questions_in,2025-10-29T13:54:55
68f2d95bd190740cfd6a35d4,yahoo,PUBLISH ENQUEUED questions_in,2025-10-29T13:54:56
68f2d95bd190740cfd6a230c,yahoo,PUBLISH ENQUEUED questions_in,2025-10-29T13:54:56
68f2d95bd190740cfd6a2287,yahoo,PUBLISH ENQUEUED questions_in,2025-10-29T13:54:57
68f2d95bd190740cfd6a28f8,yahoo,PUBLISH ENQUEUED questions_in,2025-10-29T13:54:58
68f2d95bd190740cfd6a3cc5,yahoo,PUBLISH ENQUEUED questions_in,2025-10-29T13:54:58
68f2d95bd190740cfd6a20ea,yahoo,PUBLISH ENQUEUED questions_in,2025-10-29T13:54:59
68f2d95bd190740cfd6a3a76,yahoo,PUBLISH ENQUEUED questions_in,2025-10-29T13:54:59
68f2d95bd190740cfd6a2859,yahoo,PUBLISH ENQUEUED questions_in,2025-10-29T13:54:59
68f2d95bd190740cfd6a3fa9,yahoo,PUBLISH ENQUEUED questions_in,2025-10-29T13:55:00
68f2d95bd190740cfd6a26d0,yahoo,PUBLISH ENQUEUED questions_in,2025-10-29T13:55:00
68f2d95bd190740cfd6a3857,yahoo,PUBLISH ENQUEUED questions_in,2025-10-29T13:55:01
68f2d95bd190740cfd6a2bb6,yahoo,PUBLISH ENQUEUED questions_in,2025-10-29T13:55:01
68f2d95bd190740cfd6a1fc8,yahoo,PUBLISH ENQUEUED questions_in,2025-10-29T13:55:02
68f2d95bd190740cfd6a26e5,yahoo,PUBLISH ENQUEUED questions_in,2025-10-29T13:55:02
68f2d95bd190740cfd6a321a,yahoo,PUBLISH ENQUEUED questions_in,2025-10-29T13:55:03
68f2d95bd190740cfd6a3f10,yahoo,PUBLISH ENQUEUED questions_in,2025-10-29T13:55:04
68f2d95bd190740cfd6a3959,yahoo,PUBLISH ENQUEUED questions_in,2025-10-29T13:55:04
68f2d95bd190740cfd6a2e63,yahoo,PUBLISH ENQUEUED questions_in,2025-10-29T13:55:04
68f2d95bd190740cfd6a2a0b,yahoo,PUBLISH ENQUEUED questions_in,2025-10-29T13:55:04
68f2d95bd190740cfd6a3390,yahoo,PUBLISH ENQUEUED questions_in,2025-10-29T13:55:04
68f2d95bd190740cfd6a3418,yahoo,PUBLISH ENQUEUED questions_in,2025-10-29T13:55:04
68f2d95bd190740cfd6a38c0,yahoo,PUBLISH ENQUEUED questions_in,2025-10-29T13:55:05
68f2d95bd190740cfd6a2bb1,yahoo,PUBLISH ENQUEUED questions_in,2025-10-29T13:55:06
68f2d95bd190740cfd6a4059,yahoo,PUBLISH ENQUEUED questions_in,2025-10-29T13:55:06
68f2d95bd190740cfd6a3724,yahoo,PUBLISH ENQUEUED questions_in,2025-10-29T13:55:07
68f2d95bd190740cfd6a1e22,yahoo,PUBLISH ENQUEUED questions_in,2025-10-29T13:55:08
68f2d95bd190740cfd6a23b8,yahoo,PUBLISH ENQUEUED questions_in,2025-10-29T13:55:08
68f2d95bd190740cfd6a23db,yahoo,PUBLISH ENQUEUED questions_in,2025-10-29T13:55:11
68f2d95bd190740cfd6a2942,yahoo,PUBLISH ENQUEUED questions_in,2025-10-29T13:55:11
68f2d95bd190740cfd6a3c3b,yahoo,PUBLISH ENQUEUED questions_in,2025-10-29T13:55:12
68f2d95bd190740cfd6a2905,yahoo,PUBLISH ENQUEUED questions_in,2025-10-29T13:55:12
68f2d95bd190740cfd6a24df,yahoo,PUBLISH ENQUEUED questions_in,2025-10-29T13:55:12
68f2d95bd190740cfd6a27c6,yahoo,PUBLISH ENQUEUED questions_in,2025-10-29T13:55:13
68f2d95bd190740cfd6a22f5,yahoo,PUBLISH ENQUEUED questions_in,2025-10-29T13:55:14
68f2d95bd190740cfd6a2d63,yahoo,PUBLISH ENQUEUED questions_in,2025-10-29T13:55:14
68f2d95bd190740cfd6a3c60,yahoo,PUBLISH ENQUEUED questions_in,2025-10-29T13:55:14
68f2d95bd190740cfd6a342e,yahoo,PUBLISH ENQUEUED questions_in,2025-10-29T13:55:14
68f2d95bd190740cfd6a294c,yahoo,PUBLISH ENQUEUED questions_in,2025-10-29T13:55:15
68f2d95bd190740cfd6a20dd,yahoo,PUBLISH ENQUEUED questions_in,2025-10-29T13:55:15
68f2d95bd190740cfd6a1b59,yahoo,PUBLISH ENQUEUED questions_in,2025-10-29T13:55:15
68f2d95bd190740cfd6a2429,yahoo,PUBLISH ENQUEUED questions_in,2025-10-29T13:55:16
68f2d95bd190740cfd6a2b92,yahoo,PUBLISH ENQUEUED questions_in,2025-10-29T13:55:16
68f2d95bd190740cfd6a35ca,yahoo,PUBLISH ENQUEUED questions_in,2025-10-29T13:55:17
68f2d95bd190740cfd6a258c,yahoo,PUBLISH ENQUEUED questions_in,2025-10-29T13:55:17
68f2d95bd190740cfd6a1dd1,yahoo,PUBLISH ENQUEUED questions_in,2025-10-29T13:55:18
68f2d95bd190740cfd6a41cf,yahoo,PUBLISH ENQUEUED questions_in,2025-10-29T13:55:18
68f2d95bd190740cfd6a20e4,yahoo,PUBLISH ENQUEUED questions_in,2025-10-29T13:55:18
68f2d95bd190740cfd6a20f1,yahoo,PUBLISH ENQUEUED questions_in,2025-10-29T13:55:18
68f2d95bd190740cfd6a2f6e,yahoo,PUBLISH ENQUEUED questions_in,2025-10-29T13:55:19
68f2d95bd190740cfd6a3c15,yahoo,PUBLISH ENQUEUED questions_in,2025-10-29T13:55:19
68f2d95bd190740cfd6a3432,yahoo,PUBLISH ENQUEUED questions_in,2025-10-29T13:55:21
68f2d95bd190740cfd6a210e,yahoo,PUBLISH ENQUEUED questions_in,2025-10-29T13:55:21
68f2d95bd190740cfd6a3531,yahoo,PUBLISH ENQUEUED questions_in,2025-10-29T13:55:21
68f2d95bd190740cfd6a2a37,yahoo,PUBLISH ENQUEUED questions_in,2025-10-29T13:55:22
68f2d95bd190740cfd6a1b49,yahoo,PUBLISH ENQUEUED questions_in,2025-10-29T13:55:22
68f2d95bd190740cfd6a2d0b,yahoo,PUBLISH ENQUEUED questions_in,2025-10-29T13:55:22
68f2d95bd190740cfd6a33b6,yahoo,PUBLISH ENQUEUED questions_in,2025-10-29T13:55:23
68f2d95bd190740cfd6a4003,yahoo,PUBLISH ENQUEUED questions_in,2025-10-29T13:55:24
68f2d95bd190740cfd6a3b19,yahoo,PUBLISH ENQUEUED questions_in,2025-10-29T13:55:25
68f2d95bd190740cfd6a2cac,yahoo,PUBLISH ENQUEUED questions_in,2025-10-29T13:55:25
68f2d95bd190740cfd6a1d28,yahoo,PUBLISH ENQUEUED questions_in,2025-10-29T13:55:26
68f2d95bd190740cfd6a3a61,yahoo,PUBLISH ENQUEUED questions_in,2025-10-29T13:55:26
68f2d95bd190740cfd6a27ef,yahoo,PUBLISH ENQUEUED questions_in,2025-10-29T13:55:26
68f2d95bd190740cfd6a22b3,yahoo,PUBLISH ENQUEUED questions_in,2025-10-29T13:55:26
68f2d95bd190740cfd6a1d40,yahoo,PUBLISH ENQUEUED questions_in,2025-10-29T13:55:26
68f2d95bd190740cfd6a3865,yahoo,PUBLISH ENQUEUED questions_in,2025-10-29T13:55:27
68f2d95bd190740cfd6a35c4,yahoo,PUBLISH ENQUEUED questions_in,2025-10-29T13:55:27
68f2d95bd190740cfd6a3ada,yahoo,PUBLISH ENQUEUED questions_in,2025-10-29T13:55:28
68f2d95bd190740cfd6a1e45,yahoo,PUBLISH ENQUEUED questions_in,2025-10-29T13:55:28
68f2d95bd190740cfd6a1c35,yahoo,PUBLISH ENQUEUED questions_in,2025-10-29T13:55:29
68f2d95bd190740cfd6a25ed,yahoo,PUBLISH ENQUEUED questions_in,2025-10-29T13:55:31
68f2d95bd190740cfd6a2792,yahoo,PUBLISH ENQUEUED questions_in,2025-10-29T13:55:31
68f2d95bd190740cfd6a2809,yahoo,PUBLISH ENQUEUED questions_in,2025-10-29T13:55:31
68f2d95bd190740cfd6a20f9,yahoo,PUBLISH ENQUEUED questions_in,2025-10-29T13:55:32
68f2d95bd190740cfd6a2336,yahoo,PUBLISH ENQUEUED questions_in,2025-10-29T13:55:32
68f2d95bd190740cfd6a243d,yahoo,PUBLISH ENQUEUED questions_in,2025-10-29T13:55:32
68f2d95bd190740cfd6a343c,yahoo,PUBLISH ENQUEUED questions_in,2025-10-29T13:55:33
68f2d95bd190740cfd6a2e7e,yahoo,PUBLISH ENQUEUED questions_in,2025-10-29T13:55:34
68f2d95bd190740cfd6a2150,yahoo,PUBLISH ENQUEUED questions_in,2025-10-29T13:55:34
68f2d95bd190740cfd6a40c5,yahoo,PUBLISH ENQUEUED questions_in,2025-10-29T13:55:35
68f2d95bd190740cfd6a31a2,yahoo,PUBLISH ENQUEUED questions_in,2025-10-29T13:55:37
68f2d95bd190740cfd6a3014,yahoo,PUBLISH ENQUEUED questions_in,2025-10-29T13:55:39
68f2d95bd190740cfd6a25fb,yahoo,PUBLISH ENQUEUED questions_in,2025-10-29T13:55:39
68f2d95bd190740cfd6a252e,yahoo,PUBLISH ENQUEUED questions_in,2025-10-29T13:55:39
68f2d95bd190740cfd6a3cd8,yahoo,PUBLISH ENQUEUED questions_in,2025-10-29T13:55:40
68f2d95bd190740cfd6a372d,yahoo,PUBLISH ENQUEUED questions_in,2025-10-29T13:55:40
68f2d95bd190740cfd6a2780,yahoo,PUBLISH ENQUEUED questions_in,2025-10-29T13:55:40
68f2d95bd190740cfd6a3b19,yahoo,PUBLISH ENQUEUED questions_in,2025-10-29T13:55:41
68f2d95bd190740cfd6a32b9,yahoo,PUBLISH ENQUEUED questions_in,2025-10-29T13:55:42
68f2d95bd190740cfd6a30f1,yahoo,PUBLISH ENQUEUED questions_in,2025-10-29T13:55:42
68f2d95bd190740cfd6a2469,yahoo,PUBLISH ENQUEUED questions_in,2025-10-29T13:55:42
68f2d95bd190740cfd6a2893,yahoo,PUBLISH ENQUEUED questions_in,2025-10-29T13:55:42
68f2d95bd190740cfd6a3754,yahoo,PUBLISH ENQUEUED questions_in,2025-10-29T13:55:43
68f2d95bd190740cfd6a2bf4,yahoo,PUBLISH ENQUEUED questions_in,2025-10-29T13:55:43
68f2d95bd190740cfd6a2a1a,yahoo,PUBLISH ENQUEUED questions_in,2025-10-29T13:55:44
68f2d95bd190740cfd6a2b4c,yahoo,PUBLISH ENQUEUED questions_in,2025-10-29T13:55:45
68f2d95bd190740cfd6a23a6,yahoo,PUBLISH ENQUEUED questions_in,2025-10-29T13:55:45
68f2d95bd190740cfd6a2f6f,yahoo,PUBLISH ENQUEUED questions_in,2025-10-29T13:55:45
68f2d95bd190740cfd6a2d20,yahoo,PUBLISH ENQUEUED questions_in,2025-10-29T13:55:47
68f2d95bd190740cfd6a3e03,yahoo,PUBLISH ENQUEUED questions_in,2025-10-29T13:55:48
68f2d95bd190740cfd6a3aa9,yahoo,PUBLISH ENQUEUED questions_in,2025-10-29T13:55:48
68f2d95bd190740cfd6a26f3,yahoo,PUBLISH ENQUEUED questions_in,2025-10-29T13:55:49
68f2d95bd190740cfd6a3c33,yahoo,PUBLISH ENQUEUED questions_in,2025-10-29T13:55:49
68f2d95bd190740cfd6a2453,yahoo,PUBLISH ENQUEUED questions_in,2025-10-29T13:55:49
68f2d95bd190740cfd6a2b36,yahoo,PUBLISH ENQUEUED questions_in,2025-10-29T13:55:49
68f2d95bd190740cfd6a3f21,yahoo,PUBLISH ENQUEUED questions_in,2025-10-29T13:55:50
68f2d95bd190740cfd6a1c59,yahoo,PUBLISH ENQUEUED questions_in,2025-10-29T13:55:50
68f2d95bd190740cfd6a3378,yahoo,PUBLISH ENQUEUED questions_in,2025-10-29T13:55:51
68f2d95bd190740cfd6a1cb3,yahoo,PUBLISH ENQUEUED questions_in,2025-10-29T13:55:52
68f2d95bd190740cfd6a2878,yahoo,PUBLISH ENQUEUED questions_in,2025-10-29T13:55:52
68f2d95bd190740cfd6a384c,yahoo,PUBLISH ENQUEUED questions_in,2025-10-29T13:55:52
68f2d95bd190740cfd6a3ae2,yahoo,PUBLISH ENQUEUED questions_in,2025-10-29T13:55:53
68f2d95bd190740cfd6a3f0d,yahoo,PUBLISH ENQUEUED questions_in,2025-10-29T13:55:53
68f2d95bd190740cfd6a334a,yahoo,PUBLISH ENQUEUED questions_in,2025-10-29T13:55:53
68f2d95bd190740cfd6a1b1b,yahoo,PUBLISH ENQUEUED questions_in,2025-10-29T13:55:54
68f2d95bd190740cfd6a3b23,yahoo,PUBLISH ENQUEUED questions_in,2025-10-29T13:55:54
68f2d95bd190740cfd6a419f,yahoo,PUBLISH ENQUEUED questions_in,2025-10-29T13:55:54
68f2d95bd190740cfd6a4137,yahoo,PUBLISH ENQUEUED questions_in,2025-10-29T13:55:55
68f2d95bd190740cfd6a1f4f,yahoo,PUBLISH ENQUEUED questions_in,2025-10-29T13:55:55
68f2d95bd190740cfd6a340d,yahoo,PUBLISH ENQUEUED questions_in,2025-10-29T13:55:56
68f2d95bd190740cfd6a278e,yahoo,PUBLISH ENQUEUED questions_in,2025-10-29T13:55:56
68f2d95bd190740cfd6a3932,yahoo,PUBLISH ENQUEUED questions_in,2025-10-29T13:55:58
68f2d95bd190740cfd6a2dcc,yahoo,PUBLISH ENQUEUED questions_in,2025-10-29T13:55:59
68f2d95bd190740cfd6a406b,yahoo,PUBLISH ENQUEUED questions_in,2025-10-29T13:55:59
68f2d95bd190740cfd6a39fa,yahoo,PUBLISH ENQUEUED questions_in,2025-10-29T13:56:01
68f2d95bd190740cfd6a38e8,yahoo,PUBLISH ENQUEUED questions_in,2025-10-29T13:56:02
68f2d95bd190740cfd6a3e30,yahoo,PUBLISH ENQUEUED questions_in,2025-10-29T13:56:03
68f2d95bd190740cfd6a1d66,yahoo,PUBLISH ENQUEUED questions_in,2025-10-29T13:56:03
68f2d95bd190740cfd6a28b4,yahoo,PUBLISH ENQUEUED questions_in,2025-10-29T13:56:07
68f2d95bd190740cfd6a2a1c,yahoo,PUBLISH ENQUEUED questions_in,2025-10-29T13:56:07
68f2d95bd190740cfd6a1bb2,yahoo,PUBLISH ENQUEUED questions_in,2025-10-29T13:56:08
68f2d95bd190740cfd6a2021,yahoo,PUBLISH ENQUEUED questions_in,2025-10-29T13:56:11
68f2d95bd190740cfd6a2372,yahoo,PUBLISH ENQUEUED questions_in,2025-10-29T13:56:11
68f2d95bd190740cfd6a2186,yahoo,PUBLISH ENQUEUED questions_in,2025-10-29T13:56:11
68f2d95bd190740cfd6a3ded,yahoo,PUBLISH ENQUEUED questions_in,2025-10-29T13:56:12
68f2d95bd190740cfd6a33ae,yahoo,PUBLISH ENQUEUED questions_in,2025-10-29T13:56:12
68f2d95bd190740cfd6a1f01,yahoo,PUBLISH ENQUEUED questions_in,2025-10-29T13:56:12
68f2d95bd190740cfd6a3263,yahoo,PUBLISH ENQUEUED questions_in,2025-10-29T13:56:13
68f2d95bd190740cfd6a3e64,yahoo,PUBLISH ENQUEUED questions_in,2025-10-29T13:56:13
68f2d95bd190740cfd6a2c5e,yahoo,PUBLISH ENQUEUED questions_in,2025-10-29T13:56:14
68f2d95bd190740cfd6a201d,yahoo,PUBLISH ENQUEUED questions_in,2025-10-29T13:56:15
68f2d95bd190740cfd6a3e05,yahoo,PUBLISH ENQUEUED questions_in,2025-10-29T13:56:16
68f2d95bd190740cfd6a3dfb,yahoo,PUBLISH ENQUEUED questions_in,2025-10-29T13:56:16
68f2d95bd190740cfd6a3f77,yahoo,PUBLISH ENQUEUED questions_in,2025-10-29T13:56:17
68f2d95bd190740cfd6a37ec,yahoo,PUBLISH ENQUEUED questions_in,2025-10-29T13:56:18
68f2d95bd190740cfd6a1ff8,yahoo,PUBLISH ENQUEUED questions_in,2025-10-29T13:56:18
68f2d95bd190740cfd6a1d6c,yahoo,PUBLISH ENQUEUED questions_in,2025-10-29T13:56:18
68f2d95bd190740cfd6a397d,yahoo,PUBLISH ENQUEUED questions_in,2025-10-29T13:56:18
68f2d95bd190740cfd6a376c,yahoo,PUBLISH ENQUEUED questions_in,2025-10-29T13:56:19
68f2d95bd190740cfd6a1c93,yahoo,PUBLISH ENQUEUED questions_in,2025-10-29T13:56:20
68f2d95bd190740cfd6a3720,yahoo,PUBLISH ENQUEUED questions_in,2025-10-29T13:56:20
68f2d95bd190740cfd6a3bc5,yahoo,PUBLISH ENQUEUED questions_in,2025-10-29T13:56:20
68f2d95bd190740cfd6a3732,yahoo,PUBLISH ENQUEUED questions_in,2025-10-29T13:56:21
68f2d95bd190740cfd6a4145,yahoo,PUBLISH ENQUEUED questions_in,2025-10-29T13:56:21
68f2d95bd190740cfd6a306c,yahoo,PUBLISH ENQUEUED questions_in,2025-10-29T13:56:21
68f2d95bd190740cfd6a28a3,yahoo,PUBLISH ENQUEUED questions_in,2025-10-29T13:56:22
68f2d95bd190740cfd6a2e50,yahoo,PUBLISH ENQUEUED questions_in,2025-10-29T13:56:23
68f2d95bd190740cfd6a2efd,yahoo,PUBLISH ENQUEUED questions_in,2025-10-29T13:56:23
68f2d95bd190740cfd6a3f1e,yahoo,PUBLISH ENQUEUED questions_in,2025-10-29T13:56:23
68f2d95bd190740cfd6a39b8,yahoo,PUBLISH ENQUEUED questions_in,2025-10-29T13:56:25
68f2d95bd190740cfd6a35ff,yahoo,PUBLISH ENQUEUED questions_in,2025-10-29T13:56:25
68f2d95bd190740cfd6a36ed,yahoo,PUBLISH ENQUEUED questions_in,2025-10-29T13:56:26
68f2d95bd190740cfd6a25c4,yahoo,PUBLISH ENQUEUED questions_in,2025-10-29T13:56:26
68f2d95bd190740cfd6a3e25,yahoo,PUBLISH ENQUEUED questions_in,2025-10-29T13:56:28
68f2d95bd190740cfd6a4048,yahoo,PUBLISH ENQUEUED questions_in,2025-10-29T13:56:29
68f2d95bd190740cfd6a29a2,yahoo,PUBLISH ENQUEUED questions_in,2025-10-29T13:56:30
68f2d95bd190740cfd6a3653,yahoo,PUBLISH ENQUEUED questions_in,2025-10-29T13:56:30
68f2d95bd190740cfd6a286f,yahoo,PUBLISH ENQUEUED questions_in,2025-10-29T13:56:31
68f2d95bd190740cfd6a3540,yahoo,PUBLISH ENQUEUED questions_in,2025-10-29T13:56:32
68f2d95bd190740cfd6a3ca3,yahoo,PUBLISH ENQUEUED questions_in,2025-10-29T13:56:32
68f2d95bd190740cfd6a3f3a,yahoo,PUBLISH ENQUEUED questions_in,2025-10-29T13:56:33
68f2d95bd190740cfd6a2779,yahoo,PUBLISH ENQUEUED questions_in,2025-10-29T13:56:33
68f2d95bd190740cfd6a3ccc,yahoo,PUBLISH ENQUEUED questions_in,2025-10-29T13:56:36
68f2d95bd190740cfd6a24a1,yahoo,PUBLISH ENQUEUED questions_in,2025-10-29T13:56:37
68f2d95bd190740cfd6a3ed9,yahoo,PUBLISH ENQUEUED questions_in,2025-10-29T13:56:37
68f2d95bd190740cfd6a2839,yahoo,PUBLISH ENQUEUED questions_in,2025-10-29T13:56:37
68f2d95bd190740cfd6a4024,yahoo,PUBLISH ENQUEUED questions_in,2025-10-29T13:56:38
68f2d95bd190740cfd6a3bdd,yahoo,PUBLISH ENQUEUED questions_in,2025-10-29T13:56:38
68f2d95bd190740cfd6a280d,yahoo,PUBLISH ENQUEUED questions_in,2025-10-29T13:56:38
68f2d95bd190740cfd6a2861,yahoo,PUBLISH ENQUEUED questions_in,2025-10-29T13:56:39
68f2d95bd190740cfd6a3ef6,yahoo,PUBLISH ENQUEUED questions_in,2025-10-29T13:56:40
68f2d95bd190740cfd6a3cad,yahoo,PUBLISH ENQUEUED questions_in,2025-10-29T13:56:40
68f2d95bd190740cfd6a1ddc,yahoo,PUBLISH ENQUEUED questions_in,2025-10-29T13:56:41
68f2d95bd190740cfd6a3c26,yahoo,PUBLISH ENQUEUED questions_in,2025-10-29T13:56:41
68f2d95bd190740cfd6a2078,yahoo,PUBLISH ENQUEUED questions_in,2025-10-29T13:56:41
68f2d95bd190740cfd6a3f52,yahoo,PUBLISH ENQUEUED questions_in,2025-10-29T13:56:41
68f2d95bd190740cfd6a1cc1,yahoo,PUBLISH ENQUEUED questions_in,2025-10-29T13:56:41
68f2d95bd190740cfd6a2ab3,yahoo,PUBLISH ENQUEUED questions_in,2025-10-29T13:56:41
68f2d95bd190740cfd6a227a,yahoo,PUBLISH ENQUEUED questions_in,2025-10-29T13:56:42
68f2d95bd190740cfd6a207d,yahoo,PUBLISH ENQUEUED questions_in,2025-10-29T13:56:42
68f2d95bd190740cfd6a35c7,yahoo,PUBLISH ENQUEUED questions_in,2025-10-29T13:56:43
68f2d95bd190740cfd6a380e,yahoo,PUBLISH ENQUEUED questions_in,2025-10-29T13:56:44
68f2d95bd190740cfd6a342c,yahoo,PUBLISH ENQUEUED questions_in,2025-10-29T13:56:44
68f2d95bd190740cfd6a3eeb,yahoo,PUBLISH ENQUEUED questions_in,2025-10-29T13:56:45
68f2d95bd190740cfd6a2cb2,yahoo,PUBLISH ENQUEUED questions_in,2025-10-29T13:56:45
68f2d95bd190740cfd6a2d22,yahoo,PUBLISH ENQUEUED questions_in,2025-10-29T13:56:47
68f2d95bd190740cfd6a2c1e,yahoo,PUBLISH ENQUEUED questions_in,2025-10-29T13:56:48
68f2d95bd190740cfd6a3fbe,yahoo,PUBLISH ENQUEUED questions_in,2025-10-29T13:56:49
68f2d95bd190740cfd6a350e,yahoo,PUBLISH ENQUEUED questions_in,2025-10-29T13:56:49
68f2d95bd190740cfd6a3739,yahoo,PUBLISH ENQUEUED questions_in,2025-10-29T13:56:49
68f2d95bd190740cfd6a1c0e,yahoo,PUBLISH ENQUEUED questions_in,2025-10-29T13:56:49
68f2d95bd190740cfd6a1fce,yahoo,PUBLISH ENQUEUED questions_in,2025-10-29T13:56:49
68f2d95bd190740cfd6a327f,yahoo,PUBLISH ENQUEUED questions_in,2025-10-29T13:56:50
68f2d95bd190740cfd6a3c49,yahoo,PUBLISH ENQUEUED questions_in,2025-10-29T13:56:51
68f2d95bd190740cfd6a28bb,yahoo,PUBLISH ENQUEUED questions_in,2025-10-29T13:56:51
68f2d95bd190740cfd6a38d1,yahoo,PUBLISH ENQUEUED questions_in,2025-10-29T13:56:51
68f2d95bd190740cfd6a383a,yahoo,PUBLISH ENQUEUED questions_in,2025-10-29T13:56:52
68f2d95bd190740cfd6a3607,yahoo,PUBLISH ENQUEUED questions_in,2025-10-29T13:56:53
68f2d95bd190740cfd6a2b46,yahoo,PUBLISH ENQUEUED questions_in,2025-10-29T13:56:55
68f2d95bd190740cfd6a2391,yahoo,PUBLISH ENQUEUED questions_in,2025-10-29T13:56:56
68f2d95bd190740cfd6a3664,yahoo,PUBLISH ENQUEUED questions_in,2025-10-29T13:56:57
68f2d95bd190740cfd6a4187,yahoo,PUBLISH ENQUEUED questions_in,2025-10-29T13:56:59
68f2d95bd190740cfd6a2c58,yahoo,PUBLISH ENQUEUED questions_in,2025-10-29T13:57:01
68f2d95bd190740cfd6a3707,yahoo,PUBLISH ENQUEUED questions_in,2025-10-29T13:57:01
68f2d95bd190740cfd6a2b65,yahoo,PUBLISH ENQUEUED questions_in,2025-10-29T13:57:02
68f2d95bd190740cfd6a220b,yahoo,PUBLISH ENQUEUED questions_in,2025-10-29T13:57:02
68f2d95bd190740cfd6a4177,yahoo,PUBLISH ENQUEUED questions_in,2025-10-29T13:57:02
68f2d95bd190740cfd6a2e9a,yahoo,PUBLISH ENQUEUED questions_in,2025-10-29T13:57:02
68f2d95bd190740cfd6a30f8,yahoo,PUBLISH ENQUEUED questions_in,2025-10-29T13:57:03
68f2d95bd190740cfd6a372d,yahoo,PUBLISH ENQUEUED questions_in,2025-10-29T13:57:03
68f2d95bd190740cfd6a3263,yahoo,PUBLISH ENQUEUED questions_in,2025-10-29T13:57:04
68f2d95bd190740cfd6a3112,yahoo,PUBLISH ENQUEUED questions_in,2025-10-29T13:57:04
68f2d95bd190740cfd6a4165,yahoo,PUBLISH ENQUEUED questions_in,2025-10-29T13:57:04
68f2d95bd190740cfd6a28f5,yahoo,PUBLISH ENQUEUED questions_in,2025-10-29T13:57:05
68f2d95bd190740cfd6a1e03,yahoo,PUBLISH ENQUEUED questions_in,2025-10-29T13:57:06
68f2d95bd190740cfd6a3cf8,yahoo,PUBLISH ENQUEUED questions_in,2025-10-29T13:57:06
68f2d95bd190740cfd6a1e2f,yahoo,PUBLISH ENQUEUED questions_in,2025-10-29T13:57:06
68f2d95bd190740cfd6a2e8b,yahoo,PUBLISH ENQUEUED questions_in,2025-10-29T13:57:07
68f2d95bd190740cfd6a1d09,yahoo,PUBLISH ENQUEUED questions_in,2025-10-29T13:57:07
68f2d95bd190740cfd6a324b,yahoo,PUBLISH ENQUEUED questions_in,2025-10-29T13:57:07
68f2d95bd190740cfd6a2bc8,yahoo,PUBLISH ENQUEUED questions_in,2025-10-29T13:57:08
68f2d95bd190740cfd6a2858,yahoo,PUBLISH ENQUEUED questions_in,2025-10-29T13:57:08
68f2d95bd190740cfd6a243c,yahoo,PUBLISH ENQUEUED questions_in,2025-10-29T13:57:09
68f2d95bd190740cfd6a3f3e,yahoo,PUBLISH ENQUEUED questions_in,2025-10-29T13:57:09
68f2d95bd190740cfd6a1e6b,yahoo,PUBLISH ENQUEUED questions_in,2025-10-29T13:57:09
68f2d95bd190740cfd6a260d,yahoo,PUBLISH ENQUEUED questions_in,2025-10-29T13:57:09
68f2d95bd190740cfd6a3ba6,yahoo,PUBLISH ENQUEUED questions_in,2025-10-29T13:57:10
68f2d95bd190740cfd6a2f68,yahoo,PUBLISH ENQUEUED questions_in,2025-10-29T13:57:10
68f2d95bd190740cfd6a3c6d,yahoo,PUBLISH ENQUEUED questions_in,2025-10-29T13:57:11
68f2d95bd190740cfd6a27ce,yahoo,PUBLISH ENQUEUED questions_in,2025-10-29T13:57:11
68f2d95bd190740cfd6a3301,yahoo,PUBLISH ENQUEUED questions_in,2025-10-29T13:57:12
68f2d95bd190740cfd6a1fe2,yahoo,PUBLISH ENQUEUED questions_in,2025-10-29T13:57:13
68f2d95bd190740cfd6a2d9f,yahoo,PUBLISH ENQUEUED questions_in,2025-10-29T13:57:13
68f2d95bd190740cfd6a39f8,yahoo,PUBLISH ENQUEUED questions_in,2025-10-29T13:57:14
68f2d95bd190740cfd6a2049,yahoo,PUBLISH ENQUEUED questions_in,2025-10-29T13:57:14
68f2d95bd190740cfd6a2082,yahoo,PUBLISH ENQUEUED questions_in,2025-10-29T13:57:15
68f2d95bd190740cfd6a1b47,yahoo,PUBLISH ENQUEUED questions_in,2025-10-29T13:57:16
68f2d95bd190740cfd6a26ef,yahoo,PUBLISH ENQUEUED questions_in,2025-10-29T13:57:17
68f2d95bd190740cfd6a234d,yahoo,PUBLISH ENQUEUED questions_in,2025-10-29T13:57:17
68f2d95bd190740cfd6a3540,yahoo,PUBLISH ENQUEUED questions_in,2025-10-29T13:57:18
68f2d95bd190740cfd6a3502,yahoo,PUBLISH ENQUEUED questions_in,2025-10-29T13:57:22
68f2d95bd190740cfd6a2536,yahoo,PUBLISH ENQUEUED questions_in,2025-10-29T13:57:22
68f2d95bd190740cfd6a2a71,yahoo,PUBLISH ENQUEUED questions_in,2025-10-29T13:57:23
68f2d95bd190740cfd6a1c27,yahoo,PUBLISH ENQUEUED questions_in,2025-10-29T13:57:24
68f2d95bd190740cfd6a30f2,yahoo,PUBLISH ENQUEUED questions_in,2025-10-29T13:57:24
68f2d95bd190740cfd6a2bca,yahoo,PUBLISH ENQUEUED questions_in,2025-10-29T13:57:25
68f2d95bd190740cfd6a3d96,yahoo,PUBLISH ENQUEUED questions_in,2025-10-29T13:57:26
68f2d95bd190740cfd6a2c95,yahoo,PUBLISH ENQUEUED questions_in,2025-10-29T13:57:27
68f2d95bd190740cfd6a3ce0,yahoo,PUBLISH ENQUEUED questions_in,2025-10-29T13:57:28
68f2d95bd190740cfd6a2e17,yahoo,PUBLISH ENQUEUED questions_in,2025-10-29T13:57:28
68f2d95bd190740cfd6a383b,yahoo,PUBLISH ENQUEUED questions_in,2025-10-29T13:57:30
68f2d95bd190740cfd6a21da,yahoo,PUBLISH ENQUEUED questions_in,2025-10-29T13:57:31
68f2d95bd190740cfd6a385e,yahoo,PUBLISH ENQUEUED questions_in,2025-10-29T13:57:32
68f2d95bd190740cfd6a33fa,yahoo,PUBLISH ENQUEUED questions_in,2025-10-29T13:57:32
68f2d95bd190740cfd6a1e5d,yahoo,PUBLISH ENQUEUED questions_in,2025-10-29T13:57:33
68f2d95bd190740cfd6a283f,yahoo,PUBLISH ENQUEUED questions_in,2025-10-29T13:57:33
68f2d95bd190740cfd6a3b6f,yahoo,PUBLISH ENQUEUED questions_in,2025-10-29T13:57:34
68f2d95bd190740cfd6a21e6,yahoo,PUBLISH ENQUEUED questions_in,2025-10-29T13:57:36
68f2d95bd190740cfd6a244c,yahoo,PUBLISH ENQUEUED questions_in,2025-10-29T13:57:37
68f2d95bd190740cfd6a1f17,yahoo,PUBLISH ENQUEUED questions_in,2025-10-29T13:57:37
68f2d95bd190740cfd6a32f9,yahoo,PUBLISH ENQUEUED questions_in,2025-10-29T13:57:38
68f2d95bd190740cfd6a1f9b,yahoo,PUBLISH ENQUEUED questions_in,2025-10-29T13:57:39
68f2d95bd190740cfd6a22d9,yahoo,PUBLISH ENQUEUED questions_in,2025-10-29T13:57:41
68f2d95bd190740cfd6a34c6,yahoo,PUBLISH ENQUEUED questions_in,2025-10-29T13:57:41
68f2d95bd190740cfd6a2c90,yahoo,PUBLISH ENQUEUED questions_in,2025-10-29T13:57:42
68f2d95bd190740cfd6a271d,yahoo,PUBLISH ENQUEUED questions_in,2025-10-29T13:57:42
68f2d95bd190740cfd6a3c0d,yahoo,PUBLISH ENQUEUED questions_in,2025-10-29T13:57:42
68f2d95bd190740cfd6a3f57,yahoo,PUBLISH ENQUEUED questions_in,2025-10-29T13:57:42
68f2d95bd190740cfd6a2a30,yahoo,PUBLISH ENQUEUED questions_in,2025-10-29T13:57:44
68f2d95bd190740cfd6a24e2,yahoo,PUBLISH ENQUEUED questions_in,2025-10-29T13:57:45
68f2d95bd190740cfd6a3cb9,yahoo,PUBLISH ENQUEUED questions_in,2025-10-29T13:57:45
68f2d95bd190740cfd6a392a,yahoo,PUBLISH ENQUEUED questions_in,2025-10-29T13:57:46
68f2d95bd190740cfd6a1ca2,yahoo,PUBLISH ENQUEUED questions_in,2025-10-29T13:57:46
68f2d95bd190740cfd6a22c6,yahoo,PUBLISH ENQUEUED questions_in,2025-10-29T13:57:46
68f2d95bd190740cfd6a362a,yahoo,PUBLISH ENQUEUED questions_in,2025-10-29T13:57:47
68f2d95bd190740cfd6a37c9,yahoo,PUBLISH ENQUEUED questions_in,2025-10-29T13:57:48
68f2d95bd190740cfd6a3cb0,yahoo,PUBLISH ENQUEUED questions_in,2025-10-29T13:57:49
68f2d95bd190740cfd6a311f,yahoo,PUBLISH ENQUEUED questions_in,2025-10-29T13:57:49
68f2d95bd190740cfd6a3260,yahoo,PUBLISH ENQUEUED questions_in,2025-10-29T13:57:50
68f2d95bd190740cfd6a1c6c,yahoo,PUBLISH ENQUEUED questions_in,2025-10-29T13:57:51
68f2d95bd190740cfd6a24f5,yahoo,PUBLISH ENQUEUED questions_in,2025-10-29T13:57:51
68f2d95bd190740cfd6a4066,yahoo,PUBLISH ENQUEUED questions_in,2025-10-29T13:57:52
68f2d95bd190740cfd6a283f,yahoo,PUBLISH ENQUEUED questions_in,2025-10-29T13:57:53
68f2d95bd190740cfd6a27d5,yahoo,PUBLISH ENQUEUED questions_in,2025-10-29T13:57:53
68f2d95bd190740cfd6a29e9,yahoo,PUBLISH ENQUEUED questions_in,2025-10-29T13:57:53
68f2d95bd190740cfd6a2dfc,yahoo,PUBLISH ENQUEUED questions_in,2025-10-29T13:57:53
68f2d95bd190740cfd6a34e1,yahoo,PUBLISH ENQUEUED questions_in,2025-10-29T13:57:53
68f2d95bd190740cfd6a3550,yahoo,PUBLISH ENQUEUED questions_in,2025-10-29T13:57:53
68f2d95bd190740cfd6a31f2,yahoo,PUBLISH ENQUEUED questions_in,2025-10-29T13:57:54
68f2d95bd190740cfd6a3831,yahoo,PUBLISH ENQUEUED questions_in,2025-10-29T13:57:54
68f2d95bd190740cfd6a39e5,yahoo,PUBLISH ENQUEUED questions_in,2025-10-29T13:57:54
68f2d95bd190740cfd6a3443,yahoo,PUBLISH ENQUEUED questions_in,2025-10-29T13:57:55
68f2d95bd190740cfd6a2801,yahoo,PUBLISH ENQUEUED questions_in,2025-10-29T13:57:55
68f2d95bd190740cfd6a3b61,yahoo,PUBLISH ENQUEUED questions_in,2025-10-29T13:57:57
68f2d95bd190740cfd6a3ff2,yahoo,PUBLISH ENQUEUED questions_in,2025-10-29T13:57:58
68f2d95bd190740cfd6a2d3d,yahoo,PUBLISH ENQUEUED questions_in,2025-10-29T13:57:58
68f2d95bd190740cfd6a24d6,yahoo,PUBLISH ENQUEUED questions_in,2025-10-29T13:57:58
68f2d95bd190740cfd6a391c,yahoo,PUBLISH ENQUEUED questions_in,2025-10-29T13:57:58
68f2d95bd190740cfd6a2665,yahoo,PUBLISH ENQUEUED questions_in,2025-10-29T13:57:58
68f2d95bd190740cfd6a2d5e,yahoo,PUBLISH ENQUEUED questions_in,2025-10-29T13:58:00
68f2d95bd190740cfd6a1f99,yahoo,PUBLISH ENQUEUED questions_in,2025-10-29T13:58:00
68f2d95bd190740cfd6a227c,yahoo,PUBLISH ENQUEUED questions_in,2025-10-29T13:58:00
68f2d95bd190740cfd6a1f85,yahoo,PUBLISH ENQUEUED questions_in,2025-10-29T13:58:02
68f2d95bd190740cfd6a3ad1,yahoo,PUBLISH ENQUEUED questions_in,2025-10-29T13:58:02
68f2d95bd190740cfd6a34b9,yahoo,PUBLISH ENQUEUED questions_in,2025-10-29T13:58:03
68f2d95bd190740cfd6a2e3c,yahoo,PUBLISH ENQUEUED questions_in,2025-10-29T13:58:03
68f2d95bd190740cfd6a238d,yahoo,PUBLISH ENQUEUED questions_in,2025-10-29T13:58:04
68f2d95bd190740cfd6a2d3a,yahoo,PUBLISH ENQUEUED questions_in,2025-10-29T13:58:05
68f2d95bd190740cfd6a3359,yahoo,PUBLISH ENQUEUED questions_in,2025-10-29T13:58:05
68f2d95bd190740cfd6a326c,yahoo,PUBLISH ENQUEUED questions_in,2025-10-29T13:58:05
68f2d95bd190740cfd6a386f,yahoo,PUBLISH ENQUEUED questions_in,2025-10-29T13:58:05
68f2d95bd190740cfd6a3649,yahoo,PUBLISH ENQUEUED questions_in,2025-10-29T13:58:06
68f2d95bd190740cfd6a32d8,yahoo,PUBLISH ENQUEUED questions_in,2025-10-29T13:58:06
68f2d95bd190740cfd6a2ae4,yahoo,PUBLISH ENQUEUED questions_in,2025-10-29T13:58:06
68f2d95bd190740cfd6a2619,yahoo,PUBLISH ENQUEUED questions_in,2025-10-29T13:58:11
68f2d95bd190740cfd6a34f5,yahoo,PUBLISH ENQUEUED questions_in,2025-10-29T13:58:12
68f2d95bd190740cfd6a25e2,yahoo,PUBLISH ENQUEUED questions_in,2025-10-29T13:58:14
68f2d95bd190740cfd6a27aa,yahoo,PUBLISH ENQUEUED questions_in,2025-10-29T13:58:14
68f2d95bd190740cfd6a2923,yahoo,PUBLISH ENQUEUED questions_in,2025-10-29T13:58:14
68f2d95bd190740cfd6a2b5d,yahoo,PUBLISH ENQUEUED questions_in,2025-10-29T13:58:15
68f2d95bd190740cfd6a1d95,yahoo,PUBLISH ENQUEUED questions_in,2025-10-29T13:58:16
68f2d95bd190740cfd6a1c14,yahoo,PUBLISH ENQUEUED questions_in,2025-10-29T13:58:16
68f2d95bd190740cfd6a2868,yahoo,PUBLISH ENQUEUED questions_in,2025-10-29T13:58:16
68f2d95bd190740cfd6a3822,yahoo,PUBLISH ENQUEUED questions_in,2025-10-29T13:58:16
68f2d95bd190740cfd6a2af8,yahoo,PUBLISH ENQUEUED questions_in,2025-10-29T13:58:16
68f2d95bd190740cfd6a25e6,yahoo,PUBLISH ENQUEUED questions_in,2025-10-29T13:58:17
68f2d95bd190740cfd6a26fd,yahoo,PUBLISH ENQUEUED questions_in,2025-10-29T13:58:17
68f2d95bd190740cfd6a339e,yahoo,PUBLISH ENQUEUED questions_in,2025-10-29T13:58:18
68f2d95bd190740cfd6a2873,yahoo,PUBLISH ENQUEUED questions_in,2025-10-29T13:58:18
68f2d95bd190740cfd6a222b,yahoo,PUBLISH ENQUEUED questions_in,2025-10-29T13:58:19
68f2d95bd190740cfd6a3dcf,yahoo,PUBLISH ENQUEUED questions_in,2025-10-29T13:58:19
68f2d95bd190740cfd6a2851,yahoo,PUBLISH ENQUEUED questions_in,2025-10-29T13:58:20
68f2d95bd190740cfd6a2cdb,yahoo,PUBLISH ENQUEUED questions_in,2025-10-29T13:58:20
68f2d95bd190740cfd6a1bb6,yahoo,PUBLISH ENQUEUED questions_in,2025-10-29T13:58:20
68f2d95bd190740cfd6a389a,yahoo,PUBLISH ENQUEUED questions_in,2025-10-29T13:58:21
68f2d95bd190740cfd6a30f5,yahoo,PUBLISH ENQUEUED questions_in,2025-10-29T13:58:22
68f2d95bd190740cfd6a402d,yahoo,PUBLISH ENQUEUED questions_in,2025-10-29T13:58:25
68f2d95bd190740cfd6a3cad,yahoo,PUBLISH ENQUEUED questions_in,2025-10-29T13:58:25
68f2d95bd190740cfd6a3bf1,yahoo,PUBLISH ENQUEUED questions_in,2025-10-29T13:58:27
68f2d95bd190740cfd6a359b,yahoo,PUBLISH ENQUEUED questions_in,2025-10-29T13:58:27
68f2d95bd190740cfd6a1c30,yahoo,PUBLISH ENQUEUED questions_in,2025-10-29T13:58:28
68f2d95bd190740cfd6a2cd7,yahoo,PUBLISH ENQUEUED questions_in,2025-10-29T13:58:28
68f2d95bd190740cfd6a31dc,yahoo,PUBLISH ENQUEUED questions_in,2025-10-29T13:58:29
68f2d95bd190740cfd6a318c,yahoo,PUBLISH ENQUEUED questions_in,2025-10-29T13:58:29
68f2d95bd190740cfd6a36c9,yahoo,PUBLISH ENQUEUED questions_in,2025-10-29T13:58:29
68f2d95bd190740cfd6a3cfc,yahoo,PUBLISH ENQUEUED questions_in,2025-10-29T13:58:29
68f2d95bd190740cfd6a3ceb,yahoo,PUBLISH ENQUEUED questions_in,2025-10-29T13:58:30
68f2d95bd190740cfd6a3af1,yahoo,PUBLISH ENQUEUED questions_in,2025-10-29T13:58:31
68f2d95bd190740cfd6a2687,yahoo,PUBLISH ENQUEUED questions_in,2025-10-29T13:58:31
68f2d95bd190740cfd6a325a,yahoo,PUBLISH ENQUEUED questions_in,2025-10-29T13:58:31
68f2d95bd190740cfd6a3ab8,yahoo,PUBLISH ENQUEUED questions_in,2025-10-29T13:58:31
68f2d95bd190740cfd6a23b8,yahoo,PUBLISH ENQUEUED questions_in,2025-10-29T13:58:32
68f2d95bd190740cfd6a378f,yahoo,PUBLISH ENQUEUED questions_in,2025-10-29T13:58:32
68f2d95bd190740cfd6a2911,yahoo,PUBLISH ENQUEUED questions_in,2025-10-29T13:58:32
68f2d95bd190740cfd6a2664,yahoo,PUBLISH ENQUEUED questions_in,2025-10-29T13:58:33
68f2d95bd190740cfd6a2d53,yahoo,PUBLISH ENQUEUED questions_in,2025-10-29T13:58:35
68f2d95bd190740cfd6a1cd6,yahoo,PUBLISH ENQUEUED questions_in,2025-10-29T13:58:36
68f2d95bd190740cfd6a40bd,yahoo,PUBLISH ENQUEUED questions_in,2025-10-29T13:58:36
68f2d95bd190740cfd6a2e94,yahoo,PUBLISH ENQUEUED questions_in,2025-10-29T13:58:36
68f2d95bd190740cfd6a3cc1,yahoo,PUBLISH ENQUEUED questions_in,2025-10-29T13:58:36
68f2d95bd190740cfd6a29d0,yahoo,PUBLISH ENQUEUED questions_in,2025-10-29T13:58:37
68f2d95bd190740cfd6a300c,yahoo,PUBLISH ENQUEUED questions_in,2025-10-29T13:58:37
68f2d95bd190740cfd6a24fb,yahoo,PUBLISH ENQUEUED questions_in,2025-10-29T13:58:37
68f2d95bd190740cfd6a3320,yahoo,PUBLISH ENQUEUED questions_in,2025-10-29T13:58:37
68f2d95bd190740cfd6a228e,yahoo,PUBLISH ENQUEUED questions_in,2025-10-29T13:58:37
68f2d95bd190740cfd6a1c72,yahoo,PUBLISH ENQUEUED questions_in,2025-10-29T13:58:37
68f2d95bd190740cfd6a1dcd,yahoo,PUBLISH ENQUEUED questions_in,2025-10-29T13:58:38
68f2d95bd190740cfd6a3a5f,yahoo,PUBLISH ENQUEUED questions_in,2025-10-29T13:58:38
68f2d95bd190740cfd6a364d,yahoo,PUBLISH ENQUEUED questions_in,2025-10-29T13:58:40
68f2d95bd190740cfd6a2ec9,yahoo,PUBLISH ENQUEUED questions_in,2025-10-29T13:58:42
68f2d95bd190740cfd6a3f5a,yahoo,PUBLISH ENQUEUED questions_in,2025-10-29T13:58:42
68f2d95bd190740cfd6a400e,yahoo,PUBLISH ENQUEUED questions_in,2025-10-29T13:58:42
68f2d95bd190740cfd6a3a3d,yahoo,PUBLISH ENQUEUED questions_in,2025-10-29T13:58:42
68f2d95bd190740cfd6a3339,yahoo,PUBLISH ENQUEUED questions_in,2025-10-29T13:58:42
68f2d95bd190740cfd6a2297,yahoo,PUBLISH ENQUEUED questions_in,2025-10-29T13:58:43
68f2d95bd190740cfd6a2f48,yahoo,PUBLISH ENQUEUED questions_in,2025-10-29T13:58:43
68f2d95bd190740cfd6a1eb1,yahoo,PUBLISH ENQUEUED questions_in,2025-10-29T13:58:44
68f2d95bd190740cfd6a3a7a,yahoo,PUBLISH ENQUEUED questions_in,2025-10-29T13:58:45
68f2d95bd190740cfd6a2081,yahoo,PUBLISH ENQUEUED questions_in,2025-10-29T13:58:45
68f2d95bd190740cfd6a1da4,yahoo,PUBLISH ENQUEUED questions_in,2025-10-29T13:58:46
68f2d95bd190740cfd6a29dc,yahoo,PUBLISH ENQUEUED questions_in,2025-10-29T13:58:46
68f2d95bd190740cfd6a3e97,yahoo,PUBLISH ENQUEUED questions_in,2025-10-29T13:58:46
68f2d95bd190740cfd6a2d5d,yahoo,PUBLISH ENQUEUED questions_in,2025-10-29T13:58:47
68f2d95bd190740cfd6a2ad7,yahoo,PUBLISH ENQUEUED questions_in,2025-10-29T13:58:48
68f2d95bd190740cfd6a2709,yahoo,PUBLISH ENQUEUED questions_in,2025-10-29T13:58:49
68f2d95bd190740cfd6a2794,yahoo,PUBLISH ENQUEUED questions_in,2025-10-29T13:58:49
68f2d95bd190740cfd6a252e,yahoo,PUBLISH ENQUEUED questions_in,2025-10-29T13:58:50
68f2d95bd190740cfd6a268f,yahoo,PUBLISH ENQUEUED questions_in,2025-10-29T13:58:50
68f2d95bd190740cfd6a29f0,yahoo,PUBLISH ENQUEUED questions_in,2025-10-29T13:58:51
68f2d95bd190740cfd6a2a40,yahoo,PUBLISH ENQUEUED questions_in,2025-10-29T13:58:51
68f2d95bd190740cfd6a27e5,yahoo,PUBLISH ENQUEUED questions_in,2025-10-29T13:58:52
68f2d95bd190740cfd6a3a05,yahoo,PUBLISH ENQUEUED questions_in,2025-10-29T13:58:53
68f2d95bd190740cfd6a33b8,yahoo,PUBLISH ENQUEUED questions_in,2025-10-29T13:58:53
68f2d95bd190740cfd6a34f4,yahoo,PUBLISH ENQUEUED questions_in,2025-10-29T13:58:54
68f2d95bd190740cfd6a20af,yahoo,PUBLISH ENQUEUED questions_in,2025-10-29T13:58:55
68f2d95bd190740cfd6a3500,yahoo,PUBLISH ENQUEUED questions_in,2025-10-29T13:58:56
68f2d95bd190740cfd6a343f,yahoo,PUBLISH ENQUEUED questions_in,2025-10-29T13:58:56
68f2d95bd190740cfd6a21f6,yahoo,PUBLISH ENQUEUED questions_in,2025-10-29T13:58:56
68f2d95bd190740cfd6a1d60,yahoo,PUBLISH ENQUEUED questions_in,2025-10-29T13:58:57
68f2d95bd190740cfd6a2b5f,yahoo,PUBLISH ENQUEUED questions_in,2025-10-29T13:58:57
68f2d95bd190740cfd6a36e5,yahoo,PUBLISH ENQUEUED questions_in,2025-10-29T13:58:59
68f2d95bd190740cfd6a1b2b,yahoo,PUBLISH ENQUEUED questions_in,2025-10-29T13:58:59
68f2d95bd190740cfd6a1f27,yahoo,PUBLISH ENQUEUED questions_in,2025-10-29T13:59:00
68f2d95bd190740cfd6a278a,yahoo,PUBLISH ENQUEUED questions_in,2025-10-29T13:59:01
68f2d95bd190740cfd6a330b,yahoo,PUBLISH ENQUEUED questions_in,2025-10-29T13:59:01
68f2d95bd190740cfd6a295c,yahoo,PUBLISH ENQUEUED questions_in,2025-10-29T13:59:01
68f2d95bd190740cfd6a1d68,yahoo,PUBLISH ENQUEUED questions_in,2025-10-29T13:59:01
68f2d95bd190740cfd6a3257,yahoo,PUBLISH ENQUEUED questions_in,2025-10-29T13:59:02
68f2d95bd190740cfd6a2a0b,yahoo,PUBLISH ENQUEUED questions_in,2025-10-29T13:59:03
68f2d95bd190740cfd6a228d,yahoo,PUBLISH ENQUEUED questions_in,2025-10-29T13:59:03
68f2d95bd190740cfd6a2db5,yahoo,PUBLISH ENQUEUED questions_in,2025-10-29T13:59:03
68f2d95bd190740cfd6a2d3f,yahoo,PUBLISH ENQUEUED questions_in,2025-10-29T13:59:03
68f2d95bd190740cfd6a2424,yahoo,PUBLISH ENQUEUED questions_in,2025-10-29T13:59:04
68f2d95bd190740cfd6a30fe,yahoo,PUBLISH ENQUEUED questions_in,2025-10-29T13:59:05
68f2d95bd190740cfd6a2e09,yahoo,PUBLISH ENQUEUED questions_in,2025-10-29T13:59:05
68f2d95bd190740cfd6a3499,yahoo,PUBLISH ENQUEUED questions_in,2025-10-29T13:59:05
68f2d95bd190740cfd6a1faa,yahoo,PUBLISH ENQUEUED questions_in,2025-10-29T13:59:05
68f2d95bd190740cfd6a2f34,yahoo,PUBLISH ENQUEUED questions_in,2025-10-29T13:59:05
68f2d95bd190740cfd6a208a,yahoo,PUBLISH ENQUEUED questions_in,2025-10-29T13:59:05
68f2d95bd190740cfd6a3c37,yahoo,PUBLISH ENQUEUED questions_in,2025-10-29T13:59:06
68f2d95bd190740cfd6a2740,yahoo,PUBLISH ENQUEUED questions_in,2025-10-29T13:59:06
68f2d95bd190740cfd6a3858,yahoo,PUBLISH ENQUEUED questions_in,2025-10-29T13:59:06
68f2d95bd190740cfd6a3955,yahoo,PUBLISH ENQUEUED questions_in,2025-10-29T13:59:07
68f2d95bd190740cfd6a39f6,yahoo,PUBLISH ENQUEUED questions_in,2025-10-29T13:59:07
68f2d95bd190740cfd6a3f79,yahoo,PUBLISH ENQUEUED questions_in,2025-10-29T13:59:08
68f2d95bd190740cfd6a2b25,yahoo,PUBLISH ENQUEUED questions_in,2025-10-29T13:59:08
68f2d95bd190740cfd6a248d,yahoo,PUBLISH ENQUEUED questions_in,2025-10-29T13:59:09
68f2d95bd190740cfd6a2e7e,yahoo,PUBLISH ENQUEUED questions_in,2025-10-29T13:59:09
68f2d95bd190740cfd6a1fe1,yahoo,PUBLISH ENQUEUED questions_in,2025-10-29T13:59:11
68f2d95bd190740cfd6a3e12,yahoo,PUBLISH ENQUEUED questions_in,2025-10-29T13:59:11
68f2d95bd190740cfd6a1bf0,yahoo,PUBLISH ENQUEUED questions_in,2025-10-29T13:59:11
68f2d95bd190740cfd6a3c4f,yahoo,PUBLISH ENQUEUED questions_in,2025-10-29T13:59:13
68f2d95bd190740cfd6a229d,yahoo,PUBLISH ENQUEUED questions_in,2025-10-29T13:59:13
68f2d95bd190740cfd6a2bba,yahoo,PUBLISH ENQUEUED questions_in,2025-10-29T13:59:14
68f2d95bd190740cfd6a2052,yahoo,PUBLISH ENQUEUED questions_in,2025-10-29T13:59:15
68f2d95bd190740cfd6a2271,yahoo,PUBLISH ENQUEUED questions_in,2025-10-29T13:59:17
68f2d95bd190740cfd6a2060,yahoo,PUBLISH ENQUEUED questions_in,2025-10-29T13:59:17
68f2d95bd190740cfd6a274a,yahoo,PUBLISH ENQUEUED questions_in,2025-10-29T13:59:18
68f2d95bd190740cfd6a3249,yahoo,PUBLISH ENQUEUED questions_in,2025-10-29T13:59:18
68f2d95bd190740cfd6a354c,yahoo,PUBLISH ENQUEUED questions_in,2025-10-29T13:59:20
68f2d95bd190740cfd6a1d0f,yahoo,PUBLISH ENQUEUED questions_in,2025-10-29T13:59:20
68f2d95bd190740cfd6a22cf,yahoo,PUBLISH ENQUEUED questions_in,2025-10-29T13:59:21
68f2d95bd190740cfd6a2cd6,yahoo,PUBLISH ENQUEUED questions_in,2025-10-29T13:59:21
68f2d95bd190740cfd6a2e6a,yahoo,PUBLISH ENQUEUED questions_in,2025-10-29T13:59:21
68f2d95bd190740cfd6a3745,yahoo,PUBLISH ENQUEUED questions_in,2025-10-29T13:59:22
68f2d95bd190740cfd6a275e,yahoo,PUBLISH ENQUEUED questions_in,2025-10-29T13:59:22
68f2d95bd190740cfd6a3d50,yahoo,PUBLISH ENQUEUED questions_in,2025-10-29T13:59:23
68f2d95bd190740cfd6a30e7,yahoo,PUBLISH ENQUEUED questions_in,2025-10-29T13:59:25
68f2d95bd190740cfd6a3362,yahoo,PUBLISH ENQUEUED questions_in,2025-10-29T13:59:26
68f2d95bd190740cfd6a1c82,yahoo,PUBLISH ENQUEUED questions_in,2025-10-29T13:59:26
68f2d95bd190740cfd6a26cf,yahoo,PUBLISH ENQUEUED questions_in,2025-10-29T13:59:26
68f2d95bd190740cfd6a1dc1,yahoo,PUBLISH ENQUEUED questions_in,2025-10-29T13:59:26
68f2d95bd190740cfd6a2c13,yahoo,PUBLISH ENQUEUED questions_in,2025-10-29T13:59:26
68f2d95bd190740cfd6a1ed6,yahoo,PUBLISH ENQUEUED questions_in,2025-10-29T13:59:27
68f2d95bd190740cfd6a36ac,yahoo,PUBLISH ENQUEUED questions_in,2025-10-29T13:59:28
68f2d95bd190740cfd6a2954,yahoo,PUBLISH ENQUEUED questions_in,2025-10-29T13:59:29
68f2d95bd190740cfd6a22be,yahoo,PUBLISH ENQUEUED questions_in,2025-10-29T13:59:29
68f2d95bd190740cfd6a1f37,yahoo,PUBLISH ENQUEUED questions_in,2025-10-29T13:59:29
68f2d95bd190740cfd6a27fa,yahoo,PUBLISH ENQUEUED questions_in,2025-10-29T13:59:30
68f2d95bd190740cfd6a31cd,yahoo,PUBLISH ENQUEUED questions_in,2025-10-29T13:59:30
68f2d95bd190740cfd6a1c93,yahoo,PUBLISH ENQUEUED questions_in,2025-10-29T13:59:31
68f2d95bd190740cfd6a2942,yahoo,PUBLISH ENQUEUED questions_in,2025-10-29T13:59:32
68f2d95bd190740cfd6a3b4a,yahoo,PUBLISH ENQUEUED questions_in,2025-10-29T13:59:34
68f2d95bd190740cfd6a3a5c,yahoo,PUBLISH ENQUEUED questions_in,2025-10-29T13:59:34
68f2d95bd190740cfd6a3708,yahoo,PUBLISH ENQUEUED questions_in,2025-10-29T13:59:35
68f2d95bd190740cfd6a3b6b,yahoo,PUBLISH ENQUEUED questions_in,2025-10-29T13:59:36
68f2d95bd190740cfd6a2480,yahoo,PUBLISH ENQUEUED questions_in,2025-10-29T13:59:36
68f2d95bd190740cfd6a36d8,yahoo,PUBLISH ENQUEUED questions_in,2025-10-29T13:59:36
68f2d95bd190740cfd6a2f71,yahoo,PUBLISH ENQUEUED questions_in,2025-10-29T13:59:36
68f2d95bd190740cfd6a2ad7,yahoo,PUBLISH ENQUEUED questions_in,2025-10-29T13:59:36
68f2d95bd190740cfd6a3c6d,yahoo,PUBLISH ENQUEUED questions_in,2025-10-29T13:59:36
68f2d95bd190740cfd6a403d,yahoo,PUBLISH ENQUEUED questions_in,2025-10-29T13:59:37
68f2d95bd190740cfd6a2bee,yahoo,PUBLISH ENQUEUED questions_in,2025-10-29T13:59:37
68f2d95bd190740cfd6a39b1,yahoo,PUBLISH ENQUEUED questions_in,2025-10-29T13:59:37
68f2d95bd190740cfd6a24a7,yahoo,PUBLISH ENQUEUED questions_in,2025-10-29T13:59:38
68f2d95bd190740cfd6a3662,yahoo,PUBLISH ENQUEUED questions_in,2025-10-29T13:59:38
68f2d95bd190740cfd6a2ccd,yahoo,PUBLISH ENQUEUED questions_in,2025-10-29T13:59:38
68f2d95bd190740cfd6a26fb,yahoo,PUBLISH ENQUEUED questions_in,2025-10-29T13:59:39
68f2d95bd190740cfd6a2d7a,yahoo,PUBLISH ENQUEUED questions_in,2025-10-29T13:59:39
68f2d95bd190740cfd6a1db9,yahoo,PUBLISH ENQUEUED questions_in,2025-10-29T13:59:40
68f2d95bd190740cfd6a3f84,yahoo,PUBLISH ENQUEUED questions_in,2025-10-29T13:59:40
68f2d95bd190740cfd6a30a2,yahoo,PUBLISH ENQUEUED questions_in,2025-10-29T13:59:40
68f2d95bd190740cfd6a37fc,yahoo,PUBLISH ENQUEUED questions_in,2025-10-29T13:59:41
68f2d95bd190740cfd6a3554,yahoo,PUBLISH ENQUEUED questions_in,2025-10-29T13:59:41
68f2d95bd190740cfd6a3988,yahoo,PUBLISH ENQUEUED questions_in,2025-10-29T13:59:42
68f2d95bd190740cfd6a3b0c,yahoo,PUBLISH ENQUEUED questions_in,2025-10-29T13:59:42
68f2d95bd190740cfd6a41a0,yahoo,PUBLISH ENQUEUED questions_in,2025-10-29T13:59:43
68f2d95bd190740cfd6a2642,yahoo,PUBLISH ENQUEUED questions_in,2025-10-29T13:59:44
68f2d95bd190740cfd6a1fb2,yahoo,PUBLISH ENQUEUED questions_in,2025-10-29T13:59:44
68f2d95bd190740cfd6a40e1,yahoo,PUBLISH ENQUEUED questions_in,2025-10-29T13:59:45
68f2d95bd190740cfd6a1b73,yahoo,PUBLISH ENQUEUED questions_in,2025-10-29T13:59:45
68f2d95bd190740cfd6a1fe6,yahoo,PUBLISH ENQUEUED questions_in,2025-10-29T13:59:46
68f2d95bd190740cfd6a3a18,yahoo,PUBLISH ENQUEUED questions_in,2025-10-29T13:59:46
68f2d95bd190740cfd6a3be3,yahoo,PUBLISH ENQUEUED questions_in,2025-10-29T13:59:47
68f2d95bd190740cfd6a1fe6,yahoo,PUBLISH ENQUEUED questions_in,2025-10-29T13:59:48
68f2d95bd190740cfd6a3bd2,yahoo,PUBLISH ENQUEUED questions_in,2025-10-29T13:59:48
68f2d95bd190740cfd6a3459,yahoo,PUBLISH ENQUEUED questions_in,2025-10-29T13:59:49
68f2d95bd190740cfd6a3920,yahoo,PUBLISH ENQUEUED questions_in,2025-10-29T13:59:49
68f2d95bd190740cfd6a1c3a,yahoo,PUBLISH ENQUEUED questions_in,2025-10-29T13:59:49
68f2d95bd190740cfd6a379c,yahoo,PUBLISH ENQUEUED questions_in,2025-10-29T13:59:49
68f2d95bd190740cfd6a3240,yahoo,PUBLISH ENQUEUED questions_in,2025-10-29T13:59:50
68f2d95bd190740cfd6a3fe4,yahoo,PUBLISH ENQUEUED questions_in,2025-10-29T13:59:50
68f2d95bd190740cfd6a345f,yahoo,PUBLISH ENQUEUED questions_in,2025-10-29T13:59:52
68f2d95bd190740cfd6a1d5c,yahoo,PUBLISH ENQUEUED questions_in,2025-10-29T13:59:52
68f2d95bd190740cfd6a2514,yahoo,PUBLISH ENQUEUED questions_in,2025-10-29T13:59:53
68f2d95bd190740cfd6a3ae3,yahoo,PUBLISH ENQUEUED questions_in,2025-10-29T13:59:54
68f2d95bd190740cfd6a3636,yahoo,PUBLISH ENQUEUED questions_in,2025-10-29T13:59:54
68f2d95bd190740cfd6a28a1,yahoo,PUBLISH ENQUEUED questions_in,2025-10-29T13:59:54
68f2d95bd190740cfd6a2cdd,yahoo,PUBLISH ENQUEUED questions_in,2025-10-29T13:59:55
68f2d95bd190740cfd6a259f,yahoo,PUBLISH ENQUEUED questions_in,2025-10-29T13:59:55
68f2d95bd190740cfd6a24f4,yahoo,PUBLISH ENQUEUED questions_in,2025-10-29T13:59:55
68f2d95bd190740cfd6a1fd0,yahoo,PUBLISH ENQUEUED questions_in,2025-10-29T13:59:55
68f2d95bd190740cfd6a3c5a,yahoo,PUBLISH ENQUEUED questions_in,2025-10-29T13:59:57
68f2d95bd190740cfd6a3b61,yahoo,PUBLISH ENQUEUED questions_in,2025-10-29T14:00:00
68f2d95bd190740cfd6a29aa,yahoo,PUBLISH ENQUEUED questions_in,2025-10-29T14:00:00
68f2d95bd190740cfd6a3113,yahoo,PUBLISH ENQUEUED questions_in,2025-10-29T14:00:01
68f2d95bd190740cfd6a2a74,yahoo,PUBLISH ENQUEUED questions_in,2025-10-29T14:00:01
68f2d95bd190740cfd6a3447,yahoo,PUBLISH ENQUEUED questions_in,2025-10-29T14:00:02
68f2d95bd190740cfd6a2e29,yahoo,PUBLISH ENQUEUED questions_in,2025-10-29T14:00:02
68f2d95bd190740cfd6a2037,yahoo,PUBLISH ENQUEUED questions_in,2025-10-29T14:00:02
68f2d95bd190740cfd6a3528,yahoo,PUBLISH ENQUEUED questions_in,2025-10-29T14:00:03
68f2d95bd190740cfd6a3395,yahoo,PUBLISH ENQUEUED questions_in,2025-10-29T14:00:03
68f2d95bd190740cfd6a304c,yahoo,PUBLISH ENQUEUED questions_in,2025-10-29T14:00:03
68f2d95bd190740cfd6a246f,yahoo,PUBLISH ENQUEUED questions_in,2025-10-29T14:00:03
68f2d95bd190740cfd6a3be6,yahoo,PUBLISH ENQUEUED questions_in,2025-10-29T14:00:03
68f2d95bd190740cfd6a252e,yahoo,PUBLISH ENQUEUED questions_in,2025-10-29T14:00:03
68f2d95bd190740cfd6a3e61,yahoo,PUBLISH ENQUEUED questions_in,2025-10-29T14:00:04
68f2d95bd190740cfd6a3162,yahoo,PUBLISH ENQUEUED questions_in,2025-10-29T14:00:05
68f2d95bd190740cfd6a31e5,yahoo,PUBLISH ENQUEUED questions_in,2025-10-29T14:00:05
68f2d95bd190740cfd6a3160,yahoo,PUBLISH ENQUEUED questions_in,2025-10-29T14:00:06
68f2d95bd190740cfd6a306a,yahoo,PUBLISH ENQUEUED questions_in,2025-10-29T14:00:06
68f2d95bd190740cfd6a1f7a,yahoo,PUBLISH ENQUEUED questions_in,2025-10-29T14:00:07
68f2d95bd190740cfd6a2138,yahoo,PUBLISH ENQUEUED questions_in,2025-10-29T14:00:07
68f2d95bd190740cfd6a1fb1,yahoo,PUBLISH ENQUEUED questions_in,2025-10-29T14:00:07
68f2d95bd190740cfd6a41c9,yahoo,PUBLISH ENQUEUED questions_in,2025-10-29T14:00:08
68f2d95bd190740cfd6a2ac4,yahoo,PUBLISH ENQUEUED questions_in,2025-10-29T14:00:09
68f2d95bd190740cfd6a322a,yahoo,PUBLISH ENQUEUED questions_in,2025-10-29T14:00:10
68f2d95bd190740cfd6a3b86,yahoo,PUBLISH ENQUEUED questions_in,2025-10-29T14:00:10
68f2d95bd190740cfd6a31a1,yahoo,PUBLISH ENQUEUED questions_in,2025-10-29T14:00:10
68f2d95bd190740cfd6a23a1,yahoo,PUBLISH ENQUEUED questions_in,2025-10-29T14:00:12
68f2d95bd190740cfd6a26f4,yahoo,PUBLISH ENQUEUED questions_in,2025-10-29T14:00:13
68f2d95bd190740cfd6a3cb8,yahoo,PUBLISH ENQUEUED questions_in,2025-10-29T14:00:13
68f2d95bd190740cfd6a2582,yahoo,PUBLISH ENQUEUED questions_in,2025-10-29T14:00:13
68f2d95bd190740cfd6a2f38,yahoo,PUBLISH ENQUEUED questions_in,2025-10-29T14:00:14
68f2d95bd190740cfd6a2751,yahoo,PUBLISH ENQUEUED questions_in,2025-10-29T14:00:14
68f2d95bd190740cfd6a3979,yahoo,PUBLISH ENQUEUED questions_in,2025-10-29T14:00:16
68f2d95bd190740cfd6a2143,yahoo,PUBLISH ENQUEUED questions_in,2025-10-29T14:00:17
68f2d95bd190740cfd6a3b46,yahoo,PUBLISH ENQUEUED questions_in,2025-10-29T14:00:17
68f2d95bd190740cfd6a2677,yahoo,PUBLISH ENQUEUED questions_in,2025-10-29T14:00:18
68f2d95bd190740cfd6a36a6,yahoo,PUBLISH ENQUEUED questions_in,2025-10-29T14:00:19
68f2d95bd190740cfd6a2175,yahoo,PUBLISH ENQUEUED questions_in,2025-10-29T14:00:19
68f2d95bd190740cfd6a1d4c,yahoo,PUBLISH ENQUEUED questions_in,2025-10-29T14:00:20
68f2d95bd190740cfd6a2986,yahoo,PUBLISH ENQUEUED questions_in,2025-10-29T14:00:20
68f2d95bd190740cfd6a3f73,yahoo,PUBLISH ENQUEUED questions_in,2025-10-29T14:00:21
68f2d95bd190740cfd6a2688,yahoo,PUBLISH ENQUEUED questions_in,2025-10-29T14:00:22
68f2d95bd190740cfd6a3d11,yahoo,PUBLISH ENQUEUED questions_in,2025-10-29T14:00:22
68f2d95bd190740cfd6a3454,yahoo,PUBLISH ENQUEUED questions_in,2025-10-29T14:00:24
68f2d95bd190740cfd6a2a28,yahoo,PUBLISH ENQUEUED questions_in,2025-10-29T14:00:24
68f2d95bd190740cfd6a212c,yahoo,PUBLISH ENQUEUED questions_in,2025-10-29T14:00:25
68f2d95bd190740cfd6a408e,yahoo,PUBLISH ENQUEUED questions_in,2025-10-29T14:00:25
68f2d95bd190740cfd6a37e6,yahoo,PUBLISH ENQUEUED questions_in,2025-10-29T14:00:25
68f2d95bd190740cfd6a2294,yahoo,PUBLISH ENQUEUED questions_in,2025-10-29T14:00:27
68f2d95bd190740cfd6a1b49,yahoo,PUBLISH ENQUEUED questions_in,2025-10-29T14:00:27
68f2d95bd190740cfd6a3480,yahoo,PUBLISH ENQUEUED questions_in,2025-10-29T14:00:28
68f2d95bd190740cfd6a2699,yahoo,PUBLISH ENQUEUED questions_in,2025-10-29T14:00:28
68f2d95bd190740cfd6a3597,yahoo,PUBLISH ENQUEUED questions_in,2025-10-29T14:00:28
68f2d95bd190740cfd6a34d5,yahoo,PUBLISH ENQUEUED questions_in,2025-10-29T14:00:28
68f2d95bd190740cfd6a2fdf,yahoo,PUBLISH ENQUEUED questions_in,2025-10-29T14:00:29
68f2d95bd190740cfd6a40e8,yahoo,PUBLISH ENQUEUED questions_in,2025-10-29T14:00:31
68f2d95bd190740cfd6a30d9,yahoo,PUBLISH ENQUEUED questions_in,2025-10-29T14:00:31
68f2d95bd190740cfd6a1c91,yahoo,PUBLISH ENQUEUED questions_in,2025-10-29T14:00:31
68f2d95bd190740cfd6a4039,yahoo,PUBLISH ENQUEUED questions_in,2025-10-29T14:00:31
68f2d95bd190740cfd6a25fb,yahoo,PUBLISH ENQUEUED questions_in,2025-10-29T14:00:32
68f2d95bd190740cfd6a2835,yahoo,PUBLISH ENQUEUED questions_in,2025-10-29T14:00:32
68f2d95bd190740cfd6a2800,yahoo,PUBLISH ENQUEUED questions_in,2025-10-29T14:00:33
68f2d95bd190740cfd6a4163,yahoo,PUBLISH ENQUEUED questions_in,2025-10-29T14:00:34
68f2d95bd190740cfd6a34ff,yahoo,PUBLISH ENQUEUED questions_in,2025-10-29T14:00:35
68f2d95bd190740cfd6a3bf2,yahoo,PUBLISH ENQUEUED questions_in,2025-10-29T14:00:35
68f2d95bd190740cfd6a40e1,yahoo,PUBLISH ENQUEUED questions_in,2025-10-29T14:00:36
68f2d95bd190740cfd6a34ea,yahoo,PUBLISH ENQUEUED questions_in,2025-10-29T14:00:36
68f2d95bd190740cfd6a1ba2,yahoo,PUBLISH ENQUEUED questions_in,2025-10-29T14:00:36
68f2d95bd190740cfd6a2cb8,yahoo,PUBLISH ENQUEUED questions_in,2025-10-29T14:00:37
68f2d95bd190740cfd6a3446,yahoo,PUBLISH ENQUEUED questions_in,2025-10-29T14:00:37
68f2d95bd190740cfd6a334b,yahoo,PUBLISH ENQUEUED questions_in,2025-10-29T14:00:38
68f2d95bd190740cfd6a2e1b,yahoo,PUBLISH ENQUEUED questions_in,2025-10-29T14:00:41
68f2d95bd190740cfd6a3e87,yahoo,PUBLISH ENQUEUED questions_in,2025-10-29T14:00:42
68f2d95bd190740cfd6a33fa,yahoo,PUBLISH ENQUEUED questions_in,2025-10-29T14:00:43
68f2d95bd190740cfd6a3144,yahoo,PUBLISH ENQUEUED questions_in,2025-10-29T14:00:43
68f2d95bd190740cfd6a3244,yahoo,PUBLISH ENQUEUED questions_in,2025-10-29T14:00:44
68f2d95bd190740cfd6a3e81,yahoo,PUBLISH ENQUEUED questions_in,2025-10-29T14:00:45
68f2d95bd190740cfd6a32cc,yahoo,PUBLISH ENQUEUED questions_in,2025-10-29T14:00:45
68f2d95bd190740cfd6a33de,yahoo,PUBLISH ENQUEUED questions_in,2025-10-29T14:00:45
68f2d95bd190740cfd6a29ea,yahoo,PUBLISH ENQUEUED questions_in,2025-10-29T14:00:45
68f2d95bd190740cfd6a1cbf,yahoo,PUBLISH ENQUEUED questions_in,2025-10-29T14:00:46
68f2d95bd190740cfd6a33f1,yahoo,PUBLISH ENQUEUED questions_in,2025-10-29T14:00:47
68f2d95bd190740cfd6a3679,yahoo,PUBLISH ENQUEUED questions_in,2025-10-29T14:00:49
68f2d95bd190740cfd6a2db3,yahoo,PUBLISH ENQUEUED questions_in,2025-10-29T14:00:49
68f2d95bd190740cfd6a235b,yahoo,PUBLISH ENQUEUED questions_in,2025-10-29T14:00:49
68f2d95bd190740cfd6a1fd4,yahoo,PUBLISH ENQUEUED questions_in,2025-10-29T14:00:49
68f2d95bd190740cfd6a1f4e,yahoo,PUBLISH ENQUEUED questions_in,2025-10-29T14:00:49
68f2d95bd190740cfd6a3874,yahoo,PUBLISH ENQUEUED questions_in,2025-10-29T14:00:50
68f2d95bd190740cfd6a2986,yahoo,PUBLISH ENQUEUED questions_in,2025-10-29T14:00:51
68f2d95bd190740cfd6a231b,yahoo,PUBLISH ENQUEUED questions_in,2025-10-29T14:00:51
68f2d95bd190740cfd6a370a,yahoo,PUBLISH ENQUEUED questions_in,2025-10-29T14:00:52
68f2d95bd190740cfd6a2b4e,yahoo,PUBLISH ENQUEUED questions_in,2025-10-29T14:00:53
68f2d95bd190740cfd6a4178,yahoo,PUBLISH ENQUEUED questions_in,2025-10-29T14:00:53
68f2d95bd190740cfd6a26bf,yahoo,PUBLISH ENQUEUED questions_in,2025-10-29T14:00:53
68f2d95bd190740cfd6a2946,yahoo,PUBLISH ENQUEUED questions_in,2025-10-29T14:00:54
68f2d95bd190740cfd6a3db8,yahoo,PUBLISH ENQUEUED questions_in,2025-10-29T14:00:54
68f2d95bd190740cfd6a301c,yahoo,PUBLISH ENQUEUED questions_in,2025-10-29T14:00:56
68f2d95bd190740cfd6a2b99,yahoo,PUBLISH ENQUEUED questions_in,2025-10-29T14:00:57
68f2d95bd190740cfd6a3855,yahoo,PUBLISH ENQUEUED questions_in,2025-10-29T14:00:58
68f2d95bd190740cfd6a27e0,yahoo,PUBLISH ENQUEUED questions_in,2025-10-29T14:00:58
68f2d95bd190740cfd6a2011,yahoo,PUBLISH ENQUEUED questions_in,2025-10-29T14:00:59
68f2d95bd190740cfd6a3336,yahoo,PUBLISH ENQUEUED questions_in,2025-10-29T14:00:59
68f2d95bd190740cfd6a3d1a,yahoo,PUBLISH ENQUEUED questions_in,2025-10-29T14:01:01
68f2d95bd190740cfd6a2f01,yahoo,PUBLISH ENQUEUED questions_in,2025-10-29T14:01:01
68f2d95bd190740cfd6a2949,yahoo,PUBLISH ENQUEUED questions_in,2025-10-29T14:01:02
68f2d95bd190740cfd6a30d5,yahoo,PUBLISH ENQUEUED questions_in,2025-10-29T14:01:03
68f2d95bd190740cfd6a3155,yahoo,PUBLISH ENQUEUED questions_in,2025-10-29T14:01:03
68f2d95bd190740cfd6a2331,yahoo,PUBLISH ENQUEUED questions_in,2025-10-29T14:01:03
68f2d95bd190740cfd6a261e,yahoo,PUBLISH ENQUEUED questions_in,2025-10-29T14:01:04
68f2d95bd190740cfd6a3c8d,yahoo,PUBLISH ENQUEUED questions_in,2025-10-29T14:01:05
68f2d95bd190740cfd6a351e,yahoo,PUBLISH ENQUEUED questions_in,2025-10-29T14:01:06
68f2d95bd190740cfd6a2efb,yahoo,PUBLISH ENQUEUED questions_in,2025-10-29T14:01:07
68f2d95bd190740cfd6a3781,yahoo,PUBLISH ENQUEUED questions_in,2025-10-29T14:01:08
68f2d95bd190740cfd6a1c2a,yahoo,PUBLISH ENQUEUED questions_in,2025-10-29T14:01:08
68f2d95bd190740cfd6a231b,yahoo,PUBLISH ENQUEUED questions_in,2025-10-29T14:01:08
68f2d95bd190740cfd6a3a45,yahoo,PUBLISH ENQUEUED questions_in,2025-10-29T14:01:08
68f2d95bd190740cfd6a25b2,yahoo,PUBLISH ENQUEUED questions_in,2025-10-29T14:01:09
68f2d95bd190740cfd6a1edd,yahoo,PUBLISH ENQUEUED questions_in,2025-10-29T14:01:11
68f2d95bd190740cfd6a33ec,yahoo,PUBLISH ENQUEUED questions_in,2025-10-29T14:01:11
68f2d95bd190740cfd6a226f,yahoo,PUBLISH ENQUEUED questions_in,2025-10-29T14:01:11
68f2d95bd190740cfd6a2d9f,yahoo,PUBLISH ENQUEUED questions_in,2025-10-29T14:01:12
68f2d95bd190740cfd6a1ced,yahoo,PUBLISH ENQUEUED questions_in,2025-10-29T14:01:13
68f2d95bd190740cfd6a3010,yahoo,PUBLISH ENQUEUED questions_in,2025-10-29T14:01:15
68f2d95bd190740cfd6a2918,yahoo,PUBLISH ENQUEUED questions_in,2025-10-29T14:01:16
68f2d95bd190740cfd6a2b52,yahoo,PUBLISH ENQUEUED questions_in,2025-10-29T14:01:16
68f2d95bd190740cfd6a3d19,yahoo,PUBLISH ENQUEUED questions_in,2025-10-29T14:01:17
68f2d95bd190740cfd6a36e2,yahoo,PUBLISH ENQUEUED questions_in,2025-10-29T14:01:17
68f2d95bd190740cfd6a2d22,yahoo,PUBLISH ENQUEUED questions_in,2025-10-29T14:01:18
68f2d95bd190740cfd6a3f03,yahoo,PUBLISH ENQUEUED questions_in,2025-10-29T14:01:19
68f2d95bd190740cfd6a304a,yahoo,PUBLISH ENQUEUED questions_in,2025-10-29T14:01:19
68f2d95bd190740cfd6a2721,yahoo,PUBLISH ENQUEUED questions_in,2025-10-29T14:01:19
68f2d95bd190740cfd6a31e5,yahoo,PUBLISH ENQUEUED questions_in,2025-10-29T14:01:20
68f2d95bd190740cfd6a4158,yahoo,PUBLISH ENQUEUED questions_in,2025-10-29T14:01:20
68f2d95bd190740cfd6a277f,yahoo,PUBLISH ENQUEUED questions_in,2025-10-29T14:01:21
68f2d95bd190740cfd6a3efc,yahoo,PUBLISH ENQUEUED questions_in,2025-10-29T14:01:22
68f2d95bd190740cfd6a2614,yahoo,PUBLISH ENQUEUED questions_in,2025-10-29T14:01:23
68f2d95bd190740cfd6a3090,yahoo,PUBLISH ENQUEUED questions_in,2025-10-29T14:01:23
68f2d95bd190740cfd6a32b7,yahoo,PUBLISH ENQUEUED questions_in,2025-10-29T14:01:25
68f2d95bd190740cfd6a247f,yahoo,PUBLISH ENQUEUED questions_in,2025-10-29T14:01:27
68f2d95bd190740cfd6a2cc8,yahoo,PUBLISH ENQUEUED questions_in,2025-10-29T14:01:28
68f2d95bd190740cfd6a302b,yahoo,PUBLISH ENQUEUED questions_in,2025-10-29T14:01:28
68f2d95bd190740cfd6a298e,yahoo,PUBLISH ENQUEUED questions_in,2025-10-29T14:01:29
68f2d95bd190740cfd6a3c68,yahoo,PUBLISH ENQUEUED questions_in,2025-10-29T14:01:30
68f2d95bd190740cfd6a1d25,yahoo,PUBLISH ENQUEUED questions_in,2025-10-29T14:01:30
68f2d95bd190740cfd6a2dc6,yahoo,PUBLISH ENQUEUED questions_in,2025-10-29T14:01:32
68f2d95bd190740cfd6a388e,yahoo,PUBLISH ENQUEUED questions_in,2025-10-29T14:01:33
68f2d95bd190740cfd6a31ff,yahoo,PUBLISH ENQUEUED questions_in,2025-10-29T14:01:33
68f2d95bd190740cfd6a3192,yahoo,PUBLISH ENQUEUED questions_in,2025-10-29T14:01:33
68f2d95bd190740cfd6a2e42,yahoo,PUBLISH ENQUEUED questions_in,2025-10-29T14:01:33
68f2d95bd190740cfd6a2d88,yahoo,PUBLISH ENQUEUED questions_in,2025-10-29T14:01:33
68f2d95bd190740cfd6a3546,yahoo,PUBLISH ENQUEUED questions_in,2025-10-29T14:01:34
68f2d95bd190740cfd6a3797,yahoo,PUBLISH ENQUEUED questions_in,2025-10-29T14:01:34
68f2d95bd190740cfd6a2799,yahoo,PUBLISH ENQUEUED questions_in,2025-10-29T14:01:35
68f2d95bd190740cfd6a24d0,yahoo,PUBLISH ENQUEUED questions_in,2025-10-29T14:01:35
68f2d95bd190740cfd6a26c5,yahoo,PUBLISH ENQUEUED questions_in,2025-10-29T14:01:36
68f2d95bd190740cfd6a3aa4,yahoo,PUBLISH ENQUEUED questions_in,2025-10-29T14:01:38
68f2d95bd190740cfd6a38d5,yahoo,PUBLISH ENQUEUED questions_in,2025-10-29T14:01:40
68f2d95bd190740cfd6a30b0,yahoo,PUBLISH ENQUEUED questions_in,2025-10-29T14:01:40
68f2d95bd190740cfd6a2cb5,yahoo,PUBLISH ENQUEUED questions_in,2025-10-29T14:01:40
68f2d95bd190740cfd6a2f72,yahoo,PUBLISH ENQUEUED questions_in,2025-10-29T14:01:41
68f2d95bd190740cfd6a3b9d,yahoo,PUBLISH ENQUEUED questions_in,2025-10-29T14:01:42
68f2d95bd190740cfd6a209c,yahoo,PUBLISH ENQUEUED questions_in,2025-10-29T14:01:42
68f2d95bd190740cfd6a245d,yahoo,PUBLISH ENQUEUED questions_in,2025-10-29T14:01:43
68f2d95bd190740cfd6a3046,yahoo,PUBLISH ENQUEUED questions_in,2025-10-29T14:01:43
68f2d95bd190740cfd6a3bd9,yahoo,PUBLISH ENQUEUED questions_in,2025-10-29T14:01:44
68f2d95bd190740cfd6a36f8,yahoo,PUBLISH ENQUEUED questions_in,2025-10-29T14:01:44
68f2d95bd190740cfd6a3e8e,yahoo,PUBLISH ENQUEUED questions_in,2025-10-29T14:01:45
68f2d95bd190740cfd6a377c,yahoo,PUBLISH ENQUEUED questions_in,2025-10-29T14:01:45
68f2d95bd190740cfd6a2bad,yahoo,PUBLISH ENQUEUED questions_in,2025-10-29T14:01:46
68f2d95bd190740cfd6a24e1,yahoo,PUBLISH ENQUEUED questions_in,2025-10-29T14:01:47
68f2d95bd190740cfd6a37f2,yahoo,PUBLISH ENQUEUED questions_in,2025-10-29T14:01:48
68f2d95bd190740cfd6a1f2d,yahoo,PUBLISH ENQUEUED questions_in,2025-10-29T14:01:48
68f2d95bd190740cfd6a279b,yahoo,PUBLISH ENQUEUED questions_in,2025-10-29T14:01:48
68f2d95bd190740cfd6a36c9,yahoo,PUBLISH ENQUEUED questions_in,2025-10-29T14:01:48
68f2d95bd190740cfd6a24ed,yahoo,PUBLISH ENQUEUED questions_in,2025-10-29T14:01:49
68f2d95bd190740cfd6a307b,yahoo,PUBLISH ENQUEUED questions_in,2025-10-29T14:01:49
68f2d95bd190740cfd6a25ad,yahoo,PUBLISH ENQUEUED questions_in,2025-10-29T14:01:49
68f2d95bd190740cfd6a2269,yahoo,PUBLISH ENQUEUED questions_in,2025-10-29T14:01:50
68f2d95bd190740cfd6a1d55,yahoo,PUBLISH ENQUEUED questions_in,2025-10-29T14:01:50
68f2d95bd190740cfd6a2fc8,yahoo,PUBLISH ENQUEUED questions_in,2025-10-29T14:01:51
68f2d95bd190740cfd6a2dd8,yahoo,PUBLISH ENQUEUED questions_in,2025-10-29T14:01:52
68f2d95bd190740cfd6a2f9b,yahoo,PUBLISH ENQUEUED questions_in,2025-10-29T14:01:52
68f2d95bd190740cfd6a392d,yahoo,PUBLISH ENQUEUED questions_in,2025-10-29T14:01:53
68f2d95bd190740cfd6a2b93,yahoo,PUBLISH ENQUEUED questions_in,2025-10-29T14:01:53
68f2d95bd190740cfd6a2a44,yahoo,PUBLISH ENQUEUED questions_in,2025-10-29T14:01:54
68f2d95bd190740cfd6a1ecd,yahoo,PUBLISH ENQUEUED questions_in,2025-10-29T14:01:55
68f2d95bd190740cfd6a269b,yahoo,PUBLISH ENQUEUED questions_in,2025-10-29T14:01:56
68f2d95bd190740cfd6a4087,yahoo,PUBLISH ENQUEUED questions_in,2025-10-29T14:01:56
68f2d95bd190740cfd6a2f1e,yahoo,PUBLISH ENQUEUED questions_in,2025-10-29T14:01:57
68f2d95bd190740cfd6a3776,yahoo,PUBLISH ENQUEUED questions_in,2025-10-29T14:01:57
68f2d95bd190740cfd6a3048,yahoo,PUBLISH ENQUEUED questions_in,2025-10-29T14:01:57
68f2d95bd190740cfd6a2737,yahoo,PUBLISH ENQUEUED questions_in,2025-10-29T14:01:58
68f2d95bd190740cfd6a302c,yahoo,PUBLISH ENQUEUED questions_in,2025-10-29T14:01:59
68f2d95bd190740cfd6a215e,yahoo,PUBLISH ENQUEUED questions_in,2025-10-29T14:02:00
68f2d95bd190740cfd6a2e8e,yahoo,PUBLISH ENQUEUED questions_in,2025-10-29T14:02:01
68f2d95bd190740cfd6a3440,yahoo,PUBLISH ENQUEUED questions_in,2025-10-29T14:02:01
68f2d95bd190740cfd6a3979,yahoo,PUBLISH ENQUEUED questions_in,2025-10-29T14:02:01
68f2d95bd190740cfd6a3579,yahoo,PUBLISH ENQUEUED questions_in,2025-10-29T14:02:02
68f2d95bd190740cfd6a3c73,yahoo,PUBLISH ENQUEUED questions_in,2025-10-29T14:02:02
68f2d95bd190740cfd6a34d2,yahoo,PUBLISH ENQUEUED questions_in,2025-10-29T14:02:03
68f2d95bd190740cfd6a27e4,yahoo,PUBLISH ENQUEUED questions_in,2025-10-29T14:02:03
68f2d95bd190740cfd6a391d,yahoo,PUBLISH ENQUEUED questions_in,2025-10-29T14:02:05
68f2d95bd190740cfd6a36d4,yahoo,PUBLISH ENQUEUED questions_in,2025-10-29T14:02:05
68f2d95bd190740cfd6a2882,yahoo,PUBLISH ENQUEUED questions_in,2025-10-29T14:02:07
68f2d95bd190740cfd6a1de8,yahoo,PUBLISH ENQUEUED questions_in,2025-10-29T14:02:07
68f2d95bd190740cfd6a32e7,yahoo,PUBLISH ENQUEUED questions_in,2025-10-29T14:02:08
68f2d95bd190740cfd6a34ce,yahoo,PUBLISH ENQUEUED questions_in,2025-10-29T14:02:09
68f2d95bd190740cfd6a1b67,yahoo,PUBLISH ENQUEUED questions_in,2025-10-29T14:02:11
68f2d95bd190740cfd6a3dcb,yahoo,PUBLISH ENQUEUED questions_in,2025-10-29T14:02:11
68f2d95bd190740cfd6a2efe,yahoo,PUBLISH ENQUEUED questions_in,2025-10-29T14:02:11
68f2d95bd190740cfd6a3d2b,yahoo,PUBLISH ENQUEUED questions_in,2025-10-29T14:02:12
68f2d95bd190740cfd6a2ae1,yahoo,PUBLISH ENQUEUED questions_in,2025-10-29T14:02:14
68f2d95bd190740cfd6a3eb4,yahoo,PUBLISH ENQUEUED questions_in,2025-10-29T14:02:14
68f2d95bd190740cfd6a385d,yahoo,PUBLISH ENQUEUED questions_in,2025-10-29T14:02:16
68f2d95bd190740cfd6a1cef,yahoo,PUBLISH ENQUEUED questions_in,2025-10-29T14:02:16
68f2d95bd190740cfd6a4106,yahoo,PUBLISH ENQUEUED questions_in,2025-10-29T14:02:18
68f2d95bd190740cfd6a1ea6,yahoo,PUBLISH ENQUEUED questions_in,2025-10-29T14:02:19
68f2d95bd190740cfd6a3477,yahoo,PUBLISH ENQUEUED questions_in,2025-10-29T14:02:19
68f2d95bd190740cfd6a2d09,yahoo,PUBLISH ENQUEUED questions_in,2025-10-29T14:02:19
68f2d95bd190740cfd6a2b92,yahoo,PUBLISH ENQUEUED questions_in,2025-10-29T14:02:20
68f2d95bd190740cfd6a332f,yahoo,PUBLISH ENQUEUED questions_in,2025-10-29T14:02:20
68f2d95bd190740cfd6a2d67,yahoo,PUBLISH ENQUEUED questions_in,2025-10-29T14:02:21
68f2d95bd190740cfd6a399b,yahoo,PUBLISH ENQUEUED questions_in,2025-10-29T14:02:21
68f2d95bd190740cfd6a266d,yahoo,PUBLISH ENQUEUED questions_in,2025-10-29T14:02:21
68f2d95bd190740cfd6a40ad,yahoo,PUBLISH ENQUEUED questions_in,2025-10-29T14:02:21
68f2d95bd190740cfd6a2587,yahoo,PUBLISH ENQUEUED questions_in,2025-10-29T14:02:22
68f2d95bd190740cfd6a3c35,yahoo,PUBLISH ENQUEUED questions_in,2025-10-29T14:02:23
68f2d95bd190740cfd6a20e1,yahoo,PUBLISH ENQUEUED questions_in,2025-10-29T14:02:24
68f2d95bd190740cfd6a3b9e,yahoo,PUBLISH ENQUEUED questions_in,2025-10-29T14:02:25
68f2d95bd190740cfd6a347e,yahoo,PUBLISH ENQUEUED questions_in,2025-10-29T14:02:26
68f2d95bd190740cfd6a2644,yahoo,PUBLISH ENQUEUED questions_in,2025-10-29T14:02:26
68f2d95bd190740cfd6a1c8b,yahoo,PUBLISH ENQUEUED questions_in,2025-10-29T14:02:27
68f2d95bd190740cfd6a2487,yahoo,PUBLISH ENQUEUED questions_in,2025-10-29T14:02:28
68f2d95bd190740cfd6a3fea,yahoo,PUBLISH ENQUEUED questions_in,2025-10-29T14:02:29
68f2d95bd190740cfd6a2230,yahoo,PUBLISH ENQUEUED questions_in,2025-10-29T14:02:29
68f2d95bd190740cfd6a38f0,yahoo,PUBLISH ENQUEUED questions_in,2025-10-29T14:02:30
68f2d95bd190740cfd6a3ba0,yahoo,PUBLISH ENQUEUED questions_in,2025-10-29T14:02:30
68f2d95bd190740cfd6a1c73,yahoo,PUBLISH ENQUEUED questions_in,2025-10-29T14:02:31
68f2d95bd190740cfd6a407e,yahoo,PUBLISH ENQUEUED questions_in,2025-10-29T14:02:31
68f2d95bd190740cfd6a41c9,yahoo,PUBLISH ENQUEUED questions_in,2025-10-29T14:02:32
68f2d95bd190740cfd6a41d0,yahoo,PUBLISH ENQUEUED questions_in,2025-10-29T14:02:33
68f2d95bd190740cfd6a3e91,yahoo,PUBLISH ENQUEUED questions_in,2025-10-29T14:02:34
68f2d95bd190740cfd6a21d7,yahoo,PUBLISH ENQUEUED questions_in,2025-10-29T14:02:35
68f2d95bd190740cfd6a224c,yahoo,PUBLISH ENQUEUED questions_in,2025-10-29T14:02:36
68f2d95bd190740cfd6a343b,yahoo,PUBLISH ENQUEUED questions_in,2025-10-29T14:02:36
68f2d95bd190740cfd6a27a0,yahoo,PUBLISH ENQUEUED questions_in,2025-10-29T14:02:37
68f2d95bd190740cfd6a3f84,yahoo,PUBLISH ENQUEUED questions_in,2025-10-29T14:02:39
68f2d95bd190740cfd6a3cf0,yahoo,PUBLISH ENQUEUED questions_in,2025-10-29T14:02:40
68f2d95bd190740cfd6a3dcc,yahoo,PUBLISH ENQUEUED questions_in,2025-10-29T14:02:41
68f2d95bd190740cfd6a33db,yahoo,PUBLISH ENQUEUED questions_in,2025-10-29T14:02:41
68f2d95bd190740cfd6a407c,yahoo,PUBLISH ENQUEUED questions_in,2025-10-29T14:02:42
68f2d95bd190740cfd6a2a0d,yahoo,PUBLISH ENQUEUED questions_in,2025-10-29T14:02:42
68f2d95bd190740cfd6a3469,yahoo,PUBLISH ENQUEUED questions_in,2025-10-29T14:02:44
68f2d95bd190740cfd6a1b99,yahoo,PUBLISH ENQUEUED questions_in,2025-10-29T14:02:44
68f2d95bd190740cfd6a3c27,yahoo,PUBLISH ENQUEUED questions_in,2025-10-29T14:02:45
68f2d95bd190740cfd6a3bdb,yahoo,PUBLISH ENQUEUED questions_in,2025-10-29T14:02:46
68f2d95bd190740cfd6a2504,yahoo,PUBLISH ENQUEUED questions_in,2025-10-29T14:02:46
68f2d95bd190740cfd6a2f26,yahoo,PUBLISH ENQUEUED questions_in,2025-10-29T14:02:47
68f2d95bd190740cfd6a32f0,yahoo,PUBLISH ENQUEUED questions_in,2025-10-29T14:02:48
68f2d95bd190740cfd6a240e,yahoo,PUBLISH ENQUEUED questions_in,2025-10-29T14:02:50
68f2d95bd190740cfd6a2ef2,yahoo,PUBLISH ENQUEUED questions_in,2025-10-29T14:02:50
68f2d95bd190740cfd6a209d,yahoo,PUBLISH ENQUEUED questions_in,2025-10-29T14:02:51
68f2d95bd190740cfd6a33d1,yahoo,PUBLISH ENQUEUED questions_in,2025-10-29T14:02:51
68f2d95bd190740cfd6a28fc,yahoo,PUBLISH ENQUEUED questions_in,2025-10-29T14:02:52
68f2d95bd190740cfd6a2179,yahoo,PUBLISH ENQUEUED questions_in,2025-10-29T14:02:52
68f2d95bd190740cfd6a3244,yahoo,PUBLISH ENQUEUED questions_in,2025-10-29T14:02:52
68f2d95bd190740cfd6a3c59,yahoo,PUBLISH ENQUEUED questions_in,2025-10-29T14:02:53
68f2d95bd190740cfd6a3879,yahoo,PUBLISH ENQUEUED questions_in,2025-10-29T14:02:54
68f2d95bd190740cfd6a2afd,yahoo,PUBLISH ENQUEUED questions_in,2025-10-29T14:02:55
68f2d95bd190740cfd6a3d27,yahoo,PUBLISH ENQUEUED questions_in,2025-10-29T14:02:56
68f2d95bd190740cfd6a2f1b,yahoo,PUBLISH ENQUEUED questions_in,2025-10-29T14:02:56
68f2d95bd190740cfd6a204d,yahoo,PUBLISH ENQUEUED questions_in,2025-10-29T14:02:57
68f2d95bd190740cfd6a203e,yahoo,PUBLISH ENQUEUED questions_in,2025-10-29T14:02:58
68f2d95bd190740cfd6a24ed,yahoo,PUBLISH ENQUEUED questions_in,2025-10-29T14:02:58
68f2d95bd190740cfd6a30d0,yahoo,PUBLISH ENQUEUED questions_in,2025-10-29T14:02:58
68f2d95bd190740cfd6a34b5,yahoo,PUBLISH ENQUEUED questions_in,2025-10-29T14:02:59
68f2d95bd190740cfd6a2665,yahoo,PUBLISH ENQUEUED questions_in,2025-10-29T14:02:59
68f2d95bd190740cfd6a2166,yahoo,PUBLISH ENQUEUED questions_in,2025-10-29T14:03:00
68f2d95bd190740cfd6a3be2,yahoo,PUBLISH ENQUEUED questions_in,2025-10-29T14:03:00
68f2d95bd190740cfd6a28dd,yahoo,PUBLISH ENQUEUED questions_in,2025-10-29T14:03:01
68f2d95bd190740cfd6a3ea5,yahoo,PUBLISH ENQUEUED questions_in,2025-10-29T14:03:01
68f2d95bd190740cfd6a221e,yahoo,PUBLISH ENQUEUED questions_in,2025-10-29T14:03:01
68f2d95bd190740cfd6a22cf,yahoo,PUBLISH ENQUEUED questions_in,2025-10-29T14:03:02
68f2d95bd190740cfd6a2dea,yahoo,PUBLISH ENQUEUED questions_in,2025-10-29T14:03:02
68f2d95bd190740cfd6a39ca,yahoo,PUBLISH ENQUEUED questions_in,2025-10-29T14:03:02
68f2d95bd190740cfd6a31a1,yahoo,PUBLISH ENQUEUED questions_in,2025-10-29T14:03:03
68f2d95bd190740cfd6a341e,yahoo,PUBLISH ENQUEUED questions_in,2025-10-29T14:03:03
68f2d95bd190740cfd6a255f,yahoo,PUBLISH ENQUEUED questions_in,2025-10-29T14:03:04
68f2d95bd190740cfd6a3935,yahoo,PUBLISH ENQUEUED questions_in,2025-10-29T14:03:05
68f2d95bd190740cfd6a1c3d,yahoo,PUBLISH ENQUEUED questions_in,2025-10-29T14:03:06
68f2d95bd190740cfd6a3265,yahoo,PUBLISH ENQUEUED questions_in,2025-10-29T14:03:07
68f2d95bd190740cfd6a3555,yahoo,PUBLISH ENQUEUED questions_in,2025-10-29T14:03:07
68f2d95bd190740cfd6a211a,yahoo,PUBLISH ENQUEUED questions_in,2025-10-29T14:03:07
68f2d95bd190740cfd6a27db,yahoo,PUBLISH ENQUEUED questions_in,2025-10-29T14:03:07
68f2d95bd190740cfd6a39f8,yahoo,PUBLISH ENQUEUED questions_in,2025-10-29T14:03:07
68f2d95bd190740cfd6a1ef4,yahoo,PUBLISH ENQUEUED questions_in,2025-10-29T14:03:08
68f2d95bd190740cfd6a3673,yahoo,PUBLISH ENQUEUED questions_in,2025-10-29T14:03:09
68f2d95bd190740cfd6a358f,yahoo,PUBLISH ENQUEUED questions_in,2025-10-29T14:03:10
68f2d95bd190740cfd6a1eb8,yahoo,PUBLISH ENQUEUED questions_in,2025-10-29T14:03:11
68f2d95bd190740cfd6a315b,yahoo,PUBLISH ENQUEUED questions_in,2025-10-29T14:03:11
68f2d95bd190740cfd6a3bb3,yahoo,PUBLISH ENQUEUED questions_in,2025-10-29T14:03:12
68f2d95bd190740cfd6a304a,yahoo,PUBLISH ENQUEUED questions_in,2025-10-29T14:03:14
68f2d95bd190740cfd6a33cb,yahoo,PUBLISH ENQUEUED questions_in,2025-10-29T14:03:15
68f2d95bd190740cfd6a3412,yahoo,PUBLISH ENQUEUED questions_in,2025-10-29T14:03:15
68f2d95bd190740cfd6a1f96,yahoo,PUBLISH ENQUEUED questions_in,2025-10-29T14:03:16
68f2d95bd190740cfd6a23d2,yahoo,PUBLISH ENQUEUED questions_in,2025-10-29T14:03:16
68f2d95bd190740cfd6a2387,yahoo,PUBLISH ENQUEUED questions_in,2025-10-29T14:03:17
68f2d95bd190740cfd6a1d1a,yahoo,PUBLISH ENQUEUED questions_in,2025-10-29T14:03:17
68f2d95bd190740cfd6a29cb,yahoo,PUBLISH ENQUEUED questions_in,2025-10-29T14:03:18
68f2d95bd190740cfd6a2886,yahoo,PUBLISH ENQUEUED questions_in,2025-10-29T14:03:18
68f2d95bd190740cfd6a1e44,yahoo,PUBLISH ENQUEUED questions_in,2025-10-29T14:03:19
68f2d95bd190740cfd6a3983,yahoo,PUBLISH ENQUEUED questions_in,2025-10-29T14:03:20
68f2d95bd190740cfd6a2c87,yahoo,PUBLISH ENQUEUED questions_in,2025-10-29T14:03:21
68f2d95bd190740cfd6a3024,yahoo,PUBLISH ENQUEUED questions_in,2025-10-29T14:03:21
68f2d95bd190740cfd6a39eb,yahoo,PUBLISH ENQUEUED questions_in,2025-10-29T14:03:21
68f2d95bd190740cfd6a3c47,yahoo,PUBLISH ENQUEUED questions_in,2025-10-29T14:03:22
68f2d95bd190740cfd6a251e,yahoo,PUBLISH ENQUEUED questions_in,2025-10-29T14:03:22
68f2d95bd190740cfd6a3ddd,yahoo,PUBLISH ENQUEUED questions_in,2025-10-29T14:03:22
68f2d95bd190740cfd6a1e07,yahoo,PUBLISH ENQUEUED questions_in,2025-10-29T14:03:22
68f2d95bd190740cfd6a20c9,yahoo,PUBLISH ENQUEUED questions_in,2025-10-29T14:03:23
68f2d95bd190740cfd6a3429,yahoo,PUBLISH ENQUEUED questions_in,2025-10-29T14:03:23
68f2d95bd190740cfd6a247e,yahoo,PUBLISH ENQUEUED questions_in,2025-10-29T14:03:23
68f2d95bd190740cfd6a31ec,yahoo,PUBLISH ENQUEUED questions_in,2025-10-29T14:03:26
68f2d95bd190740cfd6a2211,yahoo,PUBLISH ENQUEUED questions_in,2025-10-29T14:03:27
68f2d95bd190740cfd6a3ba2,yahoo,PUBLISH ENQUEUED questions_in,2025-10-29T14:03:27
68f2d95bd190740cfd6a2874,yahoo,PUBLISH ENQUEUED questions_in,2025-10-29T14:03:28
68f2d95bd190740cfd6a1c8c,yahoo,PUBLISH ENQUEUED questions_in,2025-10-29T14:03:28
68f2d95bd190740cfd6a30ce,yahoo,PUBLISH ENQUEUED questions_in,2025-10-29T14:03:29
68f2d95bd190740cfd6a3b42,yahoo,PUBLISH ENQUEUED questions_in,2025-10-29T14:03:29
68f2d95bd190740cfd6a2081,yahoo,PUBLISH ENQUEUED questions_in,2025-10-29T14:03:29
68f2d95bd190740cfd6a34a6,yahoo,PUBLISH ENQUEUED questions_in,2025-10-29T14:03:29
68f2d95bd190740cfd6a2970,yahoo,PUBLISH ENQUEUED questions_in,2025-10-29T14:03:29
68f2d95bd190740cfd6a409c,yahoo,PUBLISH ENQUEUED questions_in,2025-10-29T14:03:31
68f2d95bd190740cfd6a2391,yahoo,PUBLISH ENQUEUED questions_in,2025-10-29T14:03:32
68f2d95bd190740cfd6a1da5,yahoo,PUBLISH ENQUEUED questions_in,2025-10-29T14:03:33
68f2d95bd190740cfd6a1e6b,yahoo,PUBLISH ENQUEUED questions_in,2025-10-29T14:03:33
68f2d95bd190740cfd6a3f4e,yahoo,PUBLISH ENQUEUED questions_in,2025-10-29T14:03:36
68f2d95bd190740cfd6a2e6c,yahoo,PUBLISH ENQUEUED questions_in,2025-10-29T14:03:38
68f2d95bd190740cfd6a3094,yahoo,PUBLISH ENQUEUED questions_in,2025-10-29T14:03:38
68f2d95bd190740cfd6a419e,yahoo,PUBLISH ENQUEUED questions_in,2025-10-29T14:03:38
68f2d95bd190740cfd6a1fdc,yahoo,PUBLISH ENQUEUED questions_in,2025-10-29T14:03:38
68f2d95bd190740cfd6a277b,yahoo,PUBLISH ENQUEUED questions_in,2025-10-29T14:03:39
68f2d95bd190740cfd6a2461,yahoo,PUBLISH ENQUEUED questions_in,2025-10-29T14:03:39
68f2d95bd190740cfd6a2310,yahoo,PUBLISH ENQUEUED questions_in,2025-10-29T14:03:40
68f2d95bd190740cfd6a2cc4,yahoo,PUBLISH ENQUEUED questions_in,2025-10-29T14:03:40
68f2d95bd190740cfd6a31ab,yahoo,PUBLISH ENQUEUED questions_in,2025-10-29T14:03:41
68f2d95bd190740cfd6a1e1e,yahoo,PUBLISH ENQUEUED questions_in,2025-10-29T14:03:41
68f2d95bd190740cfd6a289a,yahoo,PUBLISH ENQUEUED questions_in,2025-10-29T14:03:43
68f2d95bd190740cfd6a3f18,yahoo,PUBLISH ENQUEUED questions_in,2025-10-29T14:03:44
68f2d95bd190740cfd6a323d,yahoo,PUBLISH ENQUEUED questions_in,2025-10-29T14:03:44
68f2d95bd190740cfd6a3385,yahoo,PUBLISH ENQUEUED questions_in,2025-10-29T14:03:45
68f2d95bd190740cfd6a2bab,yahoo,PUBLISH ENQUEUED questions_in,2025-10-29T14:03:45
68f2d95bd190740cfd6a1d1d,yahoo,PUBLISH ENQUEUED questions_in,2025-10-29T14:03:45
68f2d95bd190740cfd6a40a0,yahoo,PUBLISH ENQUEUED questions_in,2025-10-29T14:03:45
68f2d95bd190740cfd6a3c34,yahoo,PUBLISH ENQUEUED questions_in,2025-10-29T14:03:47
68f2d95bd190740cfd6a1d5f,yahoo,PUBLISH ENQUEUED questions_in,2025-10-29T14:03:47
68f2d95bd190740cfd6a2321,yahoo,PUBLISH ENQUEUED questions_in,2025-10-29T14:03:49
68f2d95bd190740cfd6a1db1,yahoo,PUBLISH ENQUEUED questions_in,2025-10-29T14:03:50
68f2d95bd190740cfd6a3862,yahoo,PUBLISH ENQUEUED questions_in,2025-10-29T14:03:50
68f2d95bd190740cfd6a21eb,yahoo,PUBLISH ENQUEUED questions_in,2025-10-29T14:03:51
68f2d95bd190740cfd6a325e,yahoo,PUBLISH ENQUEUED questions_in,2025-10-29T14:03:52
68f2d95bd190740cfd6a2c59,yahoo,PUBLISH ENQUEUED questions_in,2025-10-29T14:03:52
68f2d95bd190740cfd6a3eed,yahoo,PUBLISH ENQUEUED questions_in,2025-10-29T14:03:53
68f2d95bd190740cfd6a2238,yahoo,PUBLISH ENQUEUED questions_in,2025-10-29T14:03:53
68f2d95bd190740cfd6a3204,yahoo,PUBLISH ENQUEUED questions_in,2025-10-29T14:03:55
68f2d95bd190740cfd6a352f,yahoo,PUBLISH ENQUEUED questions_in,2025-10-29T14:03:56
68f2d95bd190740cfd6a2947,yahoo,PUBLISH ENQUEUED questions_in,2025-10-29T14:03:56
68f2d95bd190740cfd6a3a21,yahoo,PUBLISH ENQUEUED questions_in,2025-10-29T14:03:56
68f2d95bd190740cfd6a39b6,yahoo,PUBLISH ENQUEUED questions_in,2025-10-29T14:03:56
68f2d95bd190740cfd6a2e07,yahoo,PUBLISH ENQUEUED questions_in,2025-10-29T14:03:57
68f2d95bd190740cfd6a2d88,yahoo,PUBLISH ENQUEUED questions_in,2025-10-29T14:03:57
68f2d95bd190740cfd6a2fc8,yahoo,PUBLISH ENQUEUED questions_in,2025-10-29T14:03:58
68f2d95bd190740cfd6a2954,yahoo,PUBLISH ENQUEUED questions_in,2025-10-29T14:03:59
68f2d95bd190740cfd6a3ea5,yahoo,PUBLISH ENQUEUED questions_in,2025-10-29T14:03:59
68f2d95bd190740cfd6a28fc,yahoo,PUBLISH ENQUEUED questions_in,2025-10-29T14:04:00
68f2d95bd190740cfd6a1bc1,yahoo,PUBLISH ENQUEUED questions_in,2025-10-29T14:04:00
68f2d95bd190740cfd6a415e,yahoo,PUBLISH ENQUEUED questions_in,2025-10-29T14:04:01
68f2d95bd190740cfd6a3fb5,yahoo,PUBLISH ENQUEUED questions_in,2025-10-29T14:04:01
68f2d95bd190740cfd6a2a79,yahoo,PUBLISH ENQUEUED questions_in,2025-10-29T14:04:03
68f2d95bd190740cfd6a2ff3,yahoo,PUBLISH ENQUEUED questions_in,2025-10-29T14:04:04
68f2d95bd190740cfd6a36ab,yahoo,PUBLISH ENQUEUED questions_in,2025-10-29T14:04:04
68f2d95bd190740cfd6a3440,yahoo,PUBLISH ENQUEUED questions_in,2025-10-29T14:04:06
68f2d95bd190740cfd6a2666,yahoo,PUBLISH ENQUEUED questions_in,2025-10-29T14:04:06
68f2d95bd190740cfd6a2377,yahoo,PUBLISH ENQUEUED questions_in,2025-10-29T14:04:07
68f2d95bd190740cfd6a2a62,yahoo,PUBLISH ENQUEUED questions_in,2025-10-29T14:04:08
68f2d95bd190740cfd6a3474,yahoo,PUBLISH ENQUEUED questions_in,2025-10-29T14:04:09
68f2d95bd190740cfd6a1ce0,yahoo,PUBLISH ENQUEUED questions_in,2025-10-29T14:04:09
68f2d95bd190740cfd6a3436,yahoo,PUBLISH ENQUEUED questions_in,2025-10-29T14:04:09
68f2d95bd190740cfd6a27fe,yahoo,PUBLISH ENQUEUED questions_in,2025-10-29T14:04:09
68f2d95bd190740cfd6a1fc0,yahoo,PUBLISH ENQUEUED questions_in,2025-10-29T14:04:10
68f2d95bd190740cfd6a32b3,yahoo,PUBLISH ENQUEUED questions_in,2025-10-29T14:04:10
68f2d95bd190740cfd6a323e,yahoo,PUBLISH ENQUEUED questions_in,2025-10-29T14:04:11
68f2d95bd190740cfd6a3215,yahoo,PUBLISH ENQUEUED questions_in,2025-10-29T14:04:11
68f2d95bd190740cfd6a2291,yahoo,PUBLISH ENQUEUED questions_in,2025-10-29T14:04:13
68f2d95bd190740cfd6a32d1,yahoo,PUBLISH ENQUEUED questions_in,2025-10-29T14:04:13
68f2d95bd190740cfd6a1c0f,yahoo,PUBLISH ENQUEUED questions_in,2025-10-29T14:04:15
68f2d95bd190740cfd6a21fb,yahoo,PUBLISH ENQUEUED questions_in,2025-10-29T14:04:16
68f2d95bd190740cfd6a1c6e,yahoo,PUBLISH ENQUEUED questions_in,2025-10-29T14:04:16
68f2d95bd190740cfd6a3cfe,yahoo,PUBLISH ENQUEUED questions_in,2025-10-29T14:04:16
68f2d95bd190740cfd6a3361,yahoo,PUBLISH ENQUEUED questions_in,2025-10-29T14:04:16
68f2d95bd190740cfd6a343f,yahoo,PUBLISH ENQUEUED questions_in,2025-10-29T14:04:17
68f2d95bd190740cfd6a29b2,yahoo,PUBLISH ENQUEUED questions_in,2025-10-29T14:04:17
68f2d95bd190740cfd6a35a9,yahoo,PUBLISH ENQUEUED questions_in,2025-10-29T14:04:18
68f2d95bd190740cfd6a3e56,yahoo,PUBLISH ENQUEUED questions_in,2025-10-29T14:04:18
68f2d95bd190740cfd6a3ca1,yahoo,PUBLISH ENQUEUED questions_in,2025-10-29T14:04:18
68f2d95bd190740cfd6a29c3,yahoo,PUBLISH ENQUEUED questions_in,2025-10-29T14:04:19
68f2d95bd190740cfd6a3a66,yahoo,PUBLISH ENQUEUED questions_in,2025-10-29T14:04:19
68f2d95bd190740cfd6a2631,yahoo,PUBLISH ENQUEUED questions_in,2025-10-29T14:04:20
68f2d95bd190740cfd6a1c90,yahoo,PUBLISH ENQUEUED questions_in,2025-10-29T14:04:20
68f2d95bd190740cfd6a387c,yahoo,PUBLISH ENQUEUED questions_in,2025-10-29T14:04:20
68f2d95bd190740cfd6a3571,yahoo,PUBLISH ENQUEUED questions_in,2025-10-29T14:04:21
68f2d95bd190740cfd6a320c,yahoo,PUBLISH ENQUEUED questions_in,2025-10-29T14:04:22
68f2d95bd190740cfd6a2147,yahoo,PUBLISH ENQUEUED questions_in,2025-10-29T14:04:22
68f2d95bd190740cfd6a1c3f,yahoo,PUBLISH ENQUEUED questions_in,2025-10-29T14:04:23
68f2d95bd190740cfd6a2650,yahoo,PUBLISH ENQUEUED questions_in,2025-10-29T14:04:24
68f2d95bd190740cfd6a3595,yahoo,PUBLISH ENQUEUED questions_in,2025-10-29T14:04:25
68f2d95bd190740cfd6a2f56,yahoo,PUBLISH ENQUEUED questions_in,2025-10-29T14:04:25
68f2d95bd190740cfd6a3e51,yahoo,PUBLISH ENQUEUED questions_in,2025-10-29T14:04:25
68f2d95bd190740cfd6a1dd9,yahoo,PUBLISH ENQUEUED questions_in,2025-10-29T14:04:26
68f2d95bd190740cfd6a27fe,yahoo,PUBLISH ENQUEUED questions_in,2025-10-29T14:04:26
68f2d95bd190740cfd6a32fd,yahoo,PUBLISH ENQUEUED questions_in,2025-10-29T14:04:26
68f2d95bd190740cfd6a1f0b,yahoo,PUBLISH ENQUEUED questions_in,2025-10-29T14:04:26
68f2d95bd190740cfd6a2df0,yahoo,PUBLISH ENQUEUED questions_in,2025-10-29T14:04:26
68f2d95bd190740cfd6a2f2f,yahoo,PUBLISH ENQUEUED questions_in,2025-10-29T14:04:28
68f2d95bd190740cfd6a210e,yahoo,PUBLISH ENQUEUED questions_in,2025-10-29T14:04:29
68f2d95bd190740cfd6a245f,yahoo,PUBLISH ENQUEUED questions_in,2025-10-29T14:04:29
68f2d95bd190740cfd6a1c41,yahoo,PUBLISH ENQUEUED questions_in,2025-10-29T14:04:30
68f2d95bd190740cfd6a418d,yahoo,PUBLISH ENQUEUED questions_in,2025-10-29T14:04:30
68f2d95bd190740cfd6a40f3,yahoo,PUBLISH ENQUEUED questions_in,2025-10-29T14:04:30
68f2d95bd190740cfd6a1e16,yahoo,PUBLISH ENQUEUED questions_in,2025-10-29T14:04:31
68f2d95bd190740cfd6a3b4a,yahoo,PUBLISH ENQUEUED questions_in,2025-10-29T14:04:31
68f2d95bd190740cfd6a3705,yahoo,PUBLISH ENQUEUED questions_in,2025-10-29T14:04:33
68f2d95bd190740cfd6a3d90,yahoo,PUBLISH ENQUEUED questions_in,2025-10-29T14:04:34
68f2d95bd190740cfd6a3c18,yahoo,PUBLISH ENQUEUED questions_in,2025-10-29T14:04:35
68f2d95bd190740cfd6a4051,yahoo,PUBLISH ENQUEUED questions_in,2025-10-29T14:04:35
68f2d95bd190740cfd6a1f47,yahoo,PUBLISH ENQUEUED questions_in,2025-10-29T14:04:35
68f2d95bd190740cfd6a3f9b,yahoo,PUBLISH ENQUEUED questions_in,2025-10-29T14:04:35
68f2d95bd190740cfd6a2472,yahoo,PUBLISH ENQUEUED questions_in,2025-10-29T14:04:36
68f2d95bd190740cfd6a360d,yahoo,PUBLISH ENQUEUED questions_in,2025-10-29T14:04:38
68f2d95bd190740cfd6a3cf6,yahoo,PUBLISH ENQUEUED questions_in,2025-10-29T14:04:38
68f2d95bd190740cfd6a228f,yahoo,PUBLISH ENQUEUED questions_in,2025-10-29T14:04:39
68f2d95bd190740cfd6a38ea,yahoo,PUBLISH ENQUEUED questions_in,2025-10-29T14:04:40
68f2d95bd190740cfd6a2e7e,yahoo,PUBLISH ENQUEUED questions_in,2025-10-29T14:04:40
68f2d95bd190740cfd6a2b54,yahoo,PUBLISH ENQUEUED questions_in,2025-10-29T14:04:42
68f2d95bd190740cfd6a34dd,yahoo,PUBLISH ENQUEUED questions_in,2025-10-29T14:04:44
68f2d95bd190740cfd6a2a90,yahoo,PUBLISH ENQUEUED questions_in,2025-10-29T14:04:44
68f2d95bd190740cfd6a36b2,yahoo,PUBLISH ENQUEUED questions_in,2025-10-29T14:04:45
68f2d95bd190740cfd6a2779,yahoo,PUBLISH ENQUEUED questions_in,2025-10-29T14:04:45
68f2d95bd190740cfd6a2408,yahoo,PUBLISH ENQUEUED questions_in,2025-10-29T14:04:45
68f2d95bd190740cfd6a3d1c,yahoo,PUBLISH ENQUEUED questions_in,2025-10-29T14:04:47
68f2d95bd190740cfd6a213d,yahoo,PUBLISH ENQUEUED questions_in,2025-10-29T14:04:47
68f2d95bd190740cfd6a2429,yahoo,PUBLISH ENQUEUED questions_in,2025-10-29T14:04:49
68f2d95bd190740cfd6a1c18,yahoo,PUBLISH ENQUEUED questions_in,2025-10-29T14:04:49
68f2d95bd190740cfd6a3c03,yahoo,PUBLISH ENQUEUED questions_in,2025-10-29T14:04:50
68f2d95bd190740cfd6a3832,yahoo,PUBLISH ENQUEUED questions_in,2025-10-29T14:04:51
68f2d95bd190740cfd6a3b8a,yahoo,PUBLISH ENQUEUED questions_in,2025-10-29T14:04:52
68f2d95bd190740cfd6a1bcd,yahoo,PUBLISH ENQUEUED questions_in,2025-10-29T14:04:52
68f2d95bd190740cfd6a3680,yahoo,PUBLISH ENQUEUED questions_in,2025-10-29T14:04:52
68f2d95bd190740cfd6a36be,yahoo,PUBLISH ENQUEUED questions_in,2025-10-29T14:04:52
68f2d95bd190740cfd6a2918,yahoo,PUBLISH ENQUEUED questions_in,2025-10-29T14:04:52
68f2d95bd190740cfd6a377f,yahoo,PUBLISH ENQUEUED questions_in,2025-10-29T14:04:53
68f2d95bd190740cfd6a20a5,yahoo,PUBLISH ENQUEUED questions_in,2025-10-29T14:04:54
68f2d95bd190740cfd6a1d8b,yahoo,PUBLISH ENQUEUED questions_in,2025-10-29T14:04:55
68f2d95bd190740cfd6a3b21,yahoo,PUBLISH ENQUEUED questions_in,2025-10-29T14:04:55
68f2d95bd190740cfd6a35ef,yahoo,PUBLISH ENQUEUED questions_in,2025-10-29T14:04:56
68f2d95bd190740cfd6a3f67,yahoo,PUBLISH ENQUEUED questions_in,2025-10-29T14:04:57
68f2d95bd190740cfd6a318a,yahoo,PUBLISH ENQUEUED questions_in,2025-10-29T14:04:57
68f2d95bd190740cfd6a3102,yahoo,PUBLISH ENQUEUED questions_in,2025-10-29T14:04:57
68f2d95bd190740cfd6a31f3,yahoo,PUBLISH ENQUEUED questions_in,2025-10-29T14:04:58
68f2d95bd190740cfd6a3825,yahoo,PUBLISH ENQUEUED questions_in,2025-10-29T14:04:58
68f2d95bd190740cfd6a2bd9,yahoo,PUBLISH ENQUEUED questions_in,2025-10-29T14:04:59
68f2d95bd190740cfd6a3762,yahoo,PUBLISH ENQUEUED questions_in,2025-10-29T14:04:59
68f2d95bd190740cfd6a3694,yahoo,PUBLISH ENQUEUED questions_in,2025-10-29T14:05:00
68f2d95bd190740cfd6a28b8,yahoo,PUBLISH ENQUEUED questions_in,2025-10-29T14:05:01
68f2d95bd190740cfd6a37d2,yahoo,PUBLISH ENQUEUED questions_in,2025-10-29T14:05:01
68f2d95bd190740cfd6a221f,yahoo,PUBLISH ENQUEUED questions_in,2025-10-29T14:05:02
68f2d95bd190740cfd6a2e59,yahoo,PUBLISH ENQUEUED questions_in,2025-10-29T14:05:04
68f2d95bd190740cfd6a3d5b,yahoo,PUBLISH ENQUEUED questions_in,2025-10-29T14:05:05
68f2d95bd190740cfd6a2732,yahoo,PUBLISH ENQUEUED questions_in,2025-10-29T14:05:06
68f2d95bd190740cfd6a28ea,yahoo,PUBLISH ENQUEUED questions_in,2025-10-29T14:05:06
68f2d95bd190740cfd6a343b,yahoo,PUBLISH ENQUEUED questions_in,2025-10-29T14:05:06
68f2d95bd190740cfd6a3ce3,yahoo,PUBLISH ENQUEUED questions_in,2025-10-29T14:05:06
68f2d95bd190740cfd6a252a,yahoo,PUBLISH ENQUEUED questions_in,2025-10-29T14:05:09
68f2d95bd190740cfd6a3d75,yahoo,PUBLISH ENQUEUED questions_in,2025-10-29T14:05:11
68f2d95bd190740cfd6a3efc,yahoo,PUBLISH ENQUEUED questions_in,2025-10-29T14:05:12
68f2d95bd190740cfd6a3488,yahoo,PUBLISH ENQUEUED questions_in,2025-10-29T14:05:13
68f2d95bd190740cfd6a2ddb,yahoo,PUBLISH ENQUEUED questions_in,2025-10-29T14:05:13
68f2d95bd190740cfd6a2e56,yahoo,PUBLISH ENQUEUED questions_in,2025-10-29T14:05:13
68f2d95bd190740cfd6a3360,yahoo,PUBLISH ENQUEUED questions_in,2025-10-29T14:05:15
68f2d95bd190740cfd6a2804,yahoo,PUBLISH ENQUEUED questions_in,2025-10-29T14:05:15
68f2d95bd190740cfd6a3ef2,yahoo,PUBLISH ENQUEUED questions_in,2025-10-29T14:05:16
68f2d95bd190740cfd6a3981,yahoo,PUBLISH ENQUEUED questions_in,2025-10-29T14:05:16
68f2d95bd190740cfd6a250e,yahoo,PUBLISH ENQUEUED questions_in,2025-10-29T14:05:17
68f2d95bd190740cfd6a321d,yahoo,PUBLISH ENQUEUED questions_in,2025-10-29T14:05:17
68f2d95bd190740cfd6a3ec9,yahoo,PUBLISH ENQUEUED questions_in,2025-10-29T14:05:19
68f2d95bd190740cfd6a303e,yahoo,PUBLISH ENQUEUED questions_in,2025-10-29T14:05:19
68f2d95bd190740cfd6a3b47,yahoo,PUBLISH ENQUEUED questions_in,2025-10-29T14:05:19
68f2d95bd190740cfd6a3dfb,yahoo,PUBLISH ENQUEUED questions_in,2025-10-29T14:05:22
68f2d95bd190740cfd6a24a0,yahoo,PUBLISH ENQUEUED questions_in,2025-10-29T14:05:23
68f2d95bd190740cfd6a32c8,yahoo,PUBLISH ENQUEUED questions_in,2025-10-29T14:05:24
68f2d95bd190740cfd6a3765,yahoo,PUBLISH ENQUEUED questions_in,2025-10-29T14:05:25
68f2d95bd190740cfd6a3b57,yahoo,PUBLISH ENQUEUED questions_in,2025-10-29T14:05:25
68f2d95bd190740cfd6a1fc7,yahoo,PUBLISH ENQUEUED questions_in,2025-10-29T14:05:27
68f2d95bd190740cfd6a332f,yahoo,PUBLISH ENQUEUED questions_in,2025-10-29T14:05:27
68f2d95bd190740cfd6a243c,yahoo,PUBLISH ENQUEUED questions_in,2025-10-29T14:05:27
68f2d95bd190740cfd6a3726,yahoo,PUBLISH ENQUEUED questions_in,2025-10-29T14:05:27
68f2d95bd190740cfd6a2ccc,yahoo,PUBLISH ENQUEUED questions_in,2025-10-29T14:05:28
68f2d95bd190740cfd6a3189,yahoo,PUBLISH ENQUEUED questions_in,2025-10-29T14:05:28
68f2d95bd190740cfd6a3c76,yahoo,PUBLISH ENQUEUED questions_in,2025-10-29T14:05:28
68f2d95bd190740cfd6a369b,yahoo,PUBLISH ENQUEUED questions_in,2025-10-29T14:05:29
68f2d95bd190740cfd6a322e,yahoo,PUBLISH ENQUEUED questions_in,2025-10-29T14:05:29
68f2d95bd190740cfd6a1b4a,yahoo,PUBLISH ENQUEUED questions_in,2025-10-29T14:05:29
68f2d95bd190740cfd6a1b42,yahoo,PUBLISH ENQUEUED questions_in,2025-10-29T14:05:30
68f2d95bd190740cfd6a280f,yahoo,PUBLISH ENQUEUED questions_in,2025-10-29T14:05:30
68f2d95bd190740cfd6a1f59,yahoo,PUBLISH ENQUEUED questions_in,2025-10-29T14:05:30
68f2d95bd190740cfd6a2c42,yahoo,PUBLISH ENQUEUED questions_in,2025-10-29T14:05:30
68f2d95bd190740cfd6a2f26,yahoo,PUBLISH ENQUEUED questions_in,2025-10-29T14:05:32
68f2d95bd190740cfd6a3eca,yahoo,PUBLISH ENQUEUED questions_in,2025-10-29T14:05:32
68f2d95bd190740cfd6a1e02,yahoo,PUBLISH ENQUEUED questions_in,2025-10-29T14:05:32
68f2d95bd190740cfd6a29ec,yahoo,PUBLISH ENQUEUED questions_in,2025-10-29T14:05:33
68f2d95bd190740cfd6a3413,yahoo,PUBLISH ENQUEUED questions_in,2025-10-29T14:05:33
68f2d95bd190740cfd6a22fa,yahoo,PUBLISH ENQUEUED questions_in,2025-10-29T14:05:33
68f2d95bd190740cfd6a361f,yahoo,PUBLISH ENQUEUED questions_in,2025-10-29T14:05:33
68f2d95bd190740cfd6a22c7,yahoo,PUBLISH ENQUEUED questions_in,2025-10-29T14:05:34
68f2d95bd190740cfd6a2b9f,yahoo,PUBLISH ENQUEUED questions_in,2025-10-29T14:05:35
68f2d95bd190740cfd6a1cde,yahoo,PUBLISH ENQUEUED questions_in,2025-10-29T14:05:35
68f2d95bd190740cfd6a2802,yahoo,PUBLISH ENQUEUED questions_in,2025-10-29T14:05:37
68f2d95bd190740cfd6a3caa,yahoo,PUBLISH ENQUEUED questions_in,2025-10-29T14:05:38
68f2d95bd190740cfd6a2064,yahoo,PUBLISH ENQUEUED questions_in,2025-10-29T14:05:39
68f2d95bd190740cfd6a2349,yahoo,PUBLISH ENQUEUED questions_in,2025-10-29T14:05:39
68f2d95bd190740cfd6a233d,yahoo,PUBLISH ENQUEUED questions_in,2025-10-29T14:05:39
68f2d95bd190740cfd6a29fc,yahoo,PUBLISH ENQUEUED questions_in,2025-10-29T14:05:42
68f2d95bd190740cfd6a3796,yahoo,PUBLISH ENQUEUED questions_in,2025-10-29T14:05:42
68f2d95bd190740cfd6a2bfe,yahoo,PUBLISH ENQUEUED questions_in,2025-10-29T14:05:42
68f2d95bd190740cfd6a36b2,yahoo,PUBLISH ENQUEUED questions_in,2025-10-29T14:05:42
68f2d95bd190740cfd6a31ef,yahoo,PUBLISH ENQUEUED questions_in,2025-10-29T14:05:42
68f2d95bd190740cfd6a26c9,yahoo,PUBLISH ENQUEUED questions_in,2025-10-29T14:05:44
68f2d95bd190740cfd6a1fca,yahoo,PUBLISH ENQUEUED questions_in,2025-10-29T14:05:45
68f2d95bd190740cfd6a3a1a,yahoo,PUBLISH ENQUEUED questions_in,2025-10-29T14:05:46
68f2d95bd190740cfd6a2f88,yahoo,PUBLISH ENQUEUED questions_in,2025-10-29T14:05:46
68f2d95bd190740cfd6a2558,yahoo,PUBLISH ENQUEUED questions_in,2025-10-29T14:05:46
68f2d95bd190740cfd6a3458,yahoo,PUBLISH ENQUEUED questions_in,2025-10-29T14:05:46
68f2d95bd190740cfd6a2854,yahoo,PUBLISH ENQUEUED questions_in,2025-10-29T14:05:47
68f2d95bd190740cfd6a2aeb,yahoo,PUBLISH ENQUEUED questions_in,2025-10-29T14:05:47
68f2d95bd190740cfd6a2416,yahoo,PUBLISH ENQUEUED questions_in,2025-10-29T14:05:48
68f2d95bd190740cfd6a212d,yahoo,PUBLISH ENQUEUED questions_in,2025-10-29T14:05:49
68f2d95bd190740cfd6a29b3,yahoo,PUBLISH ENQUEUED questions_in,2025-10-29T14:05:50
68f2d95bd190740cfd6a2eaf,yahoo,PUBLISH ENQUEUED questions_in,2025-10-29T14:05:51
68f2d95bd190740cfd6a27e3,yahoo,PUBLISH ENQUEUED questions_in,2025-10-29T14:05:52
68f2d95bd190740cfd6a1da7,yahoo,PUBLISH ENQUEUED questions_in,2025-10-29T14:05:54
68f2d95bd190740cfd6a22e0,yahoo,PUBLISH ENQUEUED questions_in,2025-10-29T14:05:54
68f2d95bd190740cfd6a2c63,yahoo,PUBLISH ENQUEUED questions_in,2025-10-29T14:05:56
68f2d95bd190740cfd6a32e4,yahoo,PUBLISH ENQUEUED questions_in,2025-10-29T14:05:56
68f2d95bd190740cfd6a1f28,yahoo,PUBLISH ENQUEUED questions_in,2025-10-29T14:05:56
68f2d95bd190740cfd6a1adb,yahoo,PUBLISH ENQUEUED questions_in,2025-10-29T14:05:57
68f2d95bd190740cfd6a343b,yahoo,PUBLISH ENQUEUED questions_in,2025-10-29T14:05:58
68f2d95bd190740cfd6a3dfe,yahoo,PUBLISH ENQUEUED questions_in,2025-10-29T14:05:58
68f2d95bd190740cfd6a239f,yahoo,PUBLISH ENQUEUED questions_in,2025-10-29T14:05:58
68f2d95bd190740cfd6a2a11,yahoo,PUBLISH ENQUEUED questions_in,2025-10-29T14:05:59
68f2d95bd190740cfd6a2c91,yahoo,PUBLISH ENQUEUED questions_in,2025-10-29T14:06:00
68f2d95bd190740cfd6a1ede,yahoo,PUBLISH ENQUEUED questions_in,2025-10-29T14:06:02
68f2d95bd190740cfd6a1b30,yahoo,PUBLISH ENQUEUED questions_in,2025-10-29T14:06:03
68f2d95bd190740cfd6a24af,yahoo,PUBLISH ENQUEUED questions_in,2025-10-29T14:06:03
68f2d95bd190740cfd6a2f23,yahoo,PUBLISH ENQUEUED questions_in,2025-10-29T14:06:04
68f2d95bd190740cfd6a25ad,yahoo,PUBLISH ENQUEUED questions_in,2025-10-29T14:06:05
68f2d95bd190740cfd6a25a0,yahoo,PUBLISH ENQUEUED questions_in,2025-10-29T14:06:06
68f2d95bd190740cfd6a2802,yahoo,PUBLISH ENQUEUED questions_in,2025-10-29T14:06:06
68f2d95bd190740cfd6a3da3,yahoo,PUBLISH ENQUEUED questions_in,2025-10-29T14:06:07
68f2d95bd190740cfd6a2c2d,yahoo,PUBLISH ENQUEUED questions_in,2025-10-29T14:06:07
68f2d95bd190740cfd6a2c46,yahoo,PUBLISH ENQUEUED questions_in,2025-10-29T14:06:08
68f2d95bd190740cfd6a296f,yahoo,PUBLISH ENQUEUED questions_in,2025-10-29T14:06:08
68f2d95bd190740cfd6a26e1,yahoo,PUBLISH ENQUEUED questions_in,2025-10-29T14:06:08
68f2d95bd190740cfd6a396a,yahoo,PUBLISH ENQUEUED questions_in,2025-10-29T14:06:09
68f2d95bd190740cfd6a3e93,yahoo,PUBLISH ENQUEUED questions_in,2025-10-29T14:06:09
68f2d95bd190740cfd6a3db9,yahoo,PUBLISH ENQUEUED questions_in,2025-10-29T14:06:10
68f2d95bd190740cfd6a27d2,yahoo,PUBLISH ENQUEUED questions_in,2025-10-29T14:06:11
68f2d95bd190740cfd6a4191,yahoo,PUBLISH ENQUEUED questions_in,2025-10-29T14:06:11
68f2d95bd190740cfd6a24ad,yahoo,PUBLISH ENQUEUED questions_in,2025-10-29T14:06:11
68f2d95bd190740cfd6a2265,yahoo,PUBLISH ENQUEUED questions_in,2025-10-29T14:06:12
68f2d95bd190740cfd6a27d5,yahoo,PUBLISH ENQUEUED questions_in,2025-10-29T14:06:15
68f2d95bd190740cfd6a2d1d,yahoo,PUBLISH ENQUEUED questions_in,2025-10-29T14:06:15
68f2d95bd190740cfd6a3149,yahoo,PUBLISH ENQUEUED questions_in,2025-10-29T14:06:16
68f2d95bd190740cfd6a3627,yahoo,PUBLISH ENQUEUED questions_in,2025-10-29T14:06:18
68f2d95bd190740cfd6a3e79,yahoo,PUBLISH ENQUEUED questions_in,2025-10-29T14:06:19
68f2d95bd190740cfd6a2187,yahoo,PUBLISH ENQUEUED questions_in,2025-10-29T14:06:19
68f2d95bd190740cfd6a23da,yahoo,PUBLISH ENQUEUED questions_in,2025-10-29T14:06:19
68f2d95bd190740cfd6a2d1b,yahoo,PUBLISH ENQUEUED questions_in,2025-10-29T14:06:21
68f2d95bd190740cfd6a1e63,yahoo,PUBLISH ENQUEUED questions_in,2025-10-29T14:06:22
68f2d95bd190740cfd6a2b86,yahoo,PUBLISH ENQUEUED questions_in,2025-10-29T14:06:22
68f2d95bd190740cfd6a3fdf,yahoo,PUBLISH ENQUEUED questions_in,2025-10-29T14:06:22
68f2d95bd190740cfd6a2cd9,yahoo,PUBLISH ENQUEUED questions_in,2025-10-29T14:06:26
68f2d95bd190740cfd6a24b1,yahoo,PUBLISH ENQUEUED questions_in,2025-10-29T14:06:27
68f2d95bd190740cfd6a3d6d,yahoo,PUBLISH ENQUEUED questions_in,2025-10-29T14:06:28
68f2d95bd190740cfd6a3fdb,yahoo,PUBLISH ENQUEUED questions_in,2025-10-29T14:06:29
68f2d95bd190740cfd6a2170,yahoo,PUBLISH ENQUEUED questions_in,2025-10-29T14:06:29
68f2d95bd190740cfd6a3151,yahoo,PUBLISH ENQUEUED questions_in,2025-10-29T14:06:30
68f2d95bd190740cfd6a3d0c,yahoo,PUBLISH ENQUEUED questions_in,2025-10-29T14:06:31
68f2d95bd190740cfd6a29c3,yahoo,PUBLISH ENQUEUED questions_in,2025-10-29T14:06:31
68f2d95bd190740cfd6a22be,yahoo,PUBLISH ENQUEUED questions_in,2025-10-29T14:06:31
68f2d95bd190740cfd6a3b8f,yahoo,PUBLISH ENQUEUED questions_in,2025-10-29T14:06:32
68f2d95bd190740cfd6a2119,yahoo,PUBLISH ENQUEUED questions_in,2025-10-29T14:06:33
68f2d95bd190740cfd6a36a6,yahoo,PUBLISH ENQUEUED questions_in,2025-10-29T14:06:34
68f2d95bd190740cfd6a39ba,yahoo,PUBLISH ENQUEUED questions_in,2025-10-29T14:06:34
68f2d95bd190740cfd6a1eed,yahoo,PUBLISH ENQUEUED questions_in,2025-10-29T14:06:35
68f2d95bd190740cfd6a1f8e,yahoo,PUBLISH ENQUEUED questions_in,2025-10-29T14:06:35
68f2d95bd190740cfd6a3aa1,yahoo,PUBLISH ENQUEUED questions_in,2025-10-29T14:06:36
68f2d95bd190740cfd6a379d,yahoo,PUBLISH ENQUEUED questions_in,2025-10-29T14:06:36
68f2d95bd190740cfd6a361d,yahoo,PUBLISH ENQUEUED questions_in,2025-10-29T14:06:37
68f2d95bd190740cfd6a2d4c,yahoo,PUBLISH ENQUEUED questions_in,2025-10-29T14:06:38
68f2d95bd190740cfd6a31b5,yahoo,PUBLISH ENQUEUED questions_in,2025-10-29T14:06:39
68f2d95bd190740cfd6a282e,yahoo,PUBLISH ENQUEUED questions_in,2025-10-29T14:06:40
68f2d95bd190740cfd6a1d0b,yahoo,PUBLISH ENQUEUED questions_in,2025-10-29T14:06:42
68f2d95bd190740cfd6a1f4b,yahoo,PUBLISH ENQUEUED questions_in,2025-10-29T14:06:42
68f2d95bd190740cfd6a3ee5,yahoo,PUBLISH ENQUEUED questions_in,2025-10-29T14:06:44
68f2d95bd190740cfd6a36cc,yahoo,PUBLISH ENQUEUED questions_in,2025-10-29T14:06:45
68f2d95bd190740cfd6a2d40,yahoo,PUBLISH ENQUEUED questions_in,2025-10-29T14:06:47
68f2d95bd190740cfd6a327a,yahoo,PUBLISH ENQUEUED questions_in,2025-10-29T14:06:47
68f2d95bd190740cfd6a24ad,yahoo,PUBLISH ENQUEUED questions_in,2025-10-29T14:06:47
68f2d95bd190740cfd6a40dd,yahoo,PUBLISH ENQUEUED questions_in,2025-10-29T14:06:47
68f2d95bd190740cfd6a2aba,yahoo,PUBLISH ENQUEUED questions_in,2025-10-29T14:06:48
68f2d95bd190740cfd6a2936,yahoo,PUBLISH ENQUEUED questions_in,2025-10-29T14:06:49
68f2d95bd190740cfd6a2566,yahoo,PUBLISH ENQUEUED questions_in,2025-10-29T14:06:49
68f2d95bd190740cfd6a363c,yahoo,PUBLISH ENQUEUED questions_in,2025-10-29T14:06:50
68f2d95bd190740cfd6a2416,yahoo,PUBLISH ENQUEUED questions_in,2025-10-29T14:06:50
68f2d95bd190740cfd6a390f,yahoo,PUBLISH ENQUEUED questions_in,2025-10-29T14:06:51
68f2d95bd190740cfd6a3df2,yahoo,PUBLISH ENQUEUED questions_in,2025-10-29T14:06:52
68f2d95bd190740cfd6a416e,yahoo,PUBLISH ENQUEUED questions_in,2025-10-29T14:06:53
68f2d95bd190740cfd6a3d4a,yahoo,PUBLISH ENQUEUED questions_in,2025-10-29T14:06:53
68f2d95bd190740cfd6a2525,yahoo,PUBLISH ENQUEUED questions_in,2025-10-29T14:06:53
68f2d95bd190740cfd6a3fa5,yahoo,PUBLISH ENQUEUED questions_in,2025-10-29T14:06:54
68f2d95bd190740cfd6a279d,yahoo,PUBLISH ENQUEUED questions_in,2025-10-29T14:06:54
68f2d95bd190740cfd6a4019,yahoo,PUBLISH ENQUEUED questions_in,2025-10-29T14:06:55
68f2d95bd190740cfd6a3308,yahoo,PUBLISH ENQUEUED questions_in,2025-10-29T14:06:56
68f2d95bd190740cfd6a2e62,yahoo,PUBLISH ENQUEUED questions_in,2025-10-29T14:06:57
68f2d95bd190740cfd6a3ef4,yahoo,PUBLISH ENQUEUED questions_in,2025-10-29T14:06:57
68f2d95bd190740cfd6a2341,yahoo,PUBLISH ENQUEUED questions_in,2025-10-29T14:06:57
68f2d95bd190740cfd6a24f1,yahoo,PUBLISH ENQUEUED questions_in,2025-10-29T14:06:58
68f2d95bd190740cfd6a23f9,yahoo,PUBLISH ENQUEUED questions_in,2025-10-29T14:06:59
68f2d95bd190740cfd6a3d23,yahoo,PUBLISH ENQUEUED questions_in,2025-10-29T14:06:59
68f2d95bd190740cfd6a266d,yahoo,PUBLISH ENQUEUED questions_in,2025-10-29T14:07:05
68f2d95bd190740cfd6a2b3b,yahoo,PUBLISH ENQUEUED questions_in,2025-10-29T14:07:07
68f2d95bd190740cfd6a3212,yahoo,PUBLISH ENQUEUED questions_in,2025-10-29T14:07:09
68f2d95bd190740cfd6a2b47,yahoo,PUBLISH ENQUEUED questions_in,2025-10-29T14:07:10
68f2d95bd190740cfd6a2a41,yahoo,PUBLISH ENQUEUED questions_in,2025-10-29T14:07:10
68f2d95bd190740cfd6a338a,yahoo,PUBLISH ENQUEUED questions_in,2025-10-29T14:07:10
68f2d95bd190740cfd6a26da,yahoo,PUBLISH ENQUEUED questions_in,2025-10-29T14:07:11
68f2d95bd190740cfd6a2366,yahoo,PUBLISH ENQUEUED questions_in,2025-10-29T14:07:11
68f2d95bd190740cfd6a1d42,yahoo,PUBLISH ENQUEUED questions_in,2025-10-29T14:07:12
68f2d95bd190740cfd6a22c1,yahoo,PUBLISH ENQUEUED questions_in,2025-10-29T14:07:13
68f2d95bd190740cfd6a3b10,yahoo,PUBLISH ENQUEUED questions_in,2025-10-29T14:07:13
68f2d95bd190740cfd6a4126,yahoo,PUBLISH ENQUEUED questions_in,2025-10-29T14:07:13
68f2d95bd190740cfd6a230a,yahoo,PUBLISH ENQUEUED questions_in,2025-10-29T14:07:14
68f2d95bd190740cfd6a3a5a,yahoo,PUBLISH ENQUEUED questions_in,2025-10-29T14:07:15
68f2d95bd190740cfd6a3d68,yahoo,PUBLISH ENQUEUED questions_in,2025-10-29T14:07:15
68f2d95bd190740cfd6a3ca3,yahoo,PUBLISH ENQUEUED questions_in,2025-10-29T14:07:15
68f2d95bd190740cfd6a40fc,yahoo,PUBLISH ENQUEUED questions_in,2025-10-29T14:07:16
68f2d95bd190740cfd6a1c1c,yahoo,PUBLISH ENQUEUED questions_in,2025-10-29T14:07:16
68f2d95bd190740cfd6a29c7,yahoo,PUBLISH ENQUEUED questions_in,2025-10-29T14:07:19
68f2d95bd190740cfd6a1c69,yahoo,PUBLISH ENQUEUED questions_in,2025-10-29T14:07:20
68f2d95bd190740cfd6a1b9a,yahoo,PUBLISH ENQUEUED questions_in,2025-10-29T14:07:20
68f2d95bd190740cfd6a40b1,yahoo,PUBLISH ENQUEUED questions_in,2025-10-29T14:07:20
68f2d95bd190740cfd6a2bb7,yahoo,PUBLISH ENQUEUED questions_in,2025-10-29T14:07:20
68f2d95bd190740cfd6a3269,yahoo,PUBLISH ENQUEUED questions_in,2025-10-29T14:07:21
68f2d95bd190740cfd6a2995,yahoo,PUBLISH ENQUEUED questions_in,2025-10-29T14:07:22
68f2d95bd190740cfd6a3bbf,yahoo,PUBLISH ENQUEUED questions_in,2025-10-29T14:07:23
68f2d95bd190740cfd6a1f5b,yahoo,PUBLISH ENQUEUED questions_in,2025-10-29T14:07:23
68f2d95bd190740cfd6a2621,yahoo,PUBLISH ENQUEUED questions_in,2025-10-29T14:07:23
68f2d95bd190740cfd6a3872,yahoo,PUBLISH ENQUEUED questions_in,2025-10-29T14:07:23
68f2d95bd190740cfd6a27ec,yahoo,PUBLISH ENQUEUED questions_in,2025-10-29T14:07:23
68f2d95bd190740cfd6a365b,yahoo,PUBLISH ENQUEUED questions_in,2025-10-29T14:07:25
68f2d95bd190740cfd6a40b1,yahoo,PUBLISH ENQUEUED questions_in,2025-10-29T14:07:25
68f2d95bd190740cfd6a3c8b,yahoo,PUBLISH ENQUEUED questions_in,2025-10-29T14:07:25
68f2d95bd190740cfd6a380c,yahoo,PUBLISH ENQUEUED questions_in,2025-10-29T14:07:25
68f2d95bd190740cfd6a252a,yahoo,PUBLISH ENQUEUED questions_in,2025-10-29T14:07:25
68f2d95bd190740cfd6a1f8c,yahoo,PUBLISH ENQUEUED questions_in,2025-10-29T14:07:26
68f2d95bd190740cfd6a31f0,yahoo,PUBLISH ENQUEUED questions_in,2025-10-29T14:07:26
68f2d95bd190740cfd6a2e29,yahoo,PUBLISH ENQUEUED questions_in,2025-10-29T14:07:26
68f2d95bd190740cfd6a241b,yahoo,PUBLISH ENQUEUED questions_in,2025-10-29T14:07:27
68f2d95bd190740cfd6a29c1,yahoo,PUBLISH ENQUEUED questions_in,2025-10-29T14:07:27
68f2d95bd190740cfd6a21c2,yahoo,PUBLISH ENQUEUED questions_in,2025-10-29T14:07:28
68f2d95bd190740cfd6a41b1,yahoo,PUBLISH ENQUEUED questions_in,2025-10-29T14:07:28
68f2d95bd190740cfd6a3cb9,yahoo,PUBLISH ENQUEUED questions_in,2025-10-29T14:07:30
68f2d95bd190740cfd6a2627,yahoo,PUBLISH ENQUEUED questions_in,2025-10-29T14:07:31
68f2d95bd190740cfd6a3442,yahoo,PUBLISH ENQUEUED questions_in,2025-10-29T14:07:31
68f2d95bd190740cfd6a39d3,yahoo,PUBLISH ENQUEUED questions_in,2025-10-29T14:07:32
68f2d95bd190740cfd6a3180,yahoo,PUBLISH ENQUEUED questions_in,2025-10-29T14:07:33
68f2d95bd190740cfd6a3c92,yahoo,PUBLISH ENQUEUED questions_in,2025-10-29T14:07:33
68f2d95bd190740cfd6a1d96,yahoo,PUBLISH ENQUEUED questions_in,2025-10-29T14:07:34
68f2d95bd190740cfd6a220d,yahoo,PUBLISH ENQUEUED questions_in,2025-10-29T14:07:34
68f2d95bd190740cfd6a1baa,yahoo,PUBLISH ENQUEUED questions_in,2025-10-29T14:07:34
68f2d95bd190740cfd6a326d,yahoo,PUBLISH ENQUEUED questions_in,2025-10-29T14:07:34
68f2d95bd190740cfd6a1fd4,yahoo,PUBLISH ENQUEUED questions_in,2025-10-29T14:07:35
68f2d95bd190740cfd6a361c,yahoo,PUBLISH ENQUEUED questions_in,2025-10-29T14:07:36
68f2d95bd190740cfd6a3cb0,yahoo,PUBLISH ENQUEUED questions_in,2025-10-29T14:07:36
68f2d95bd190740cfd6a2dfd,yahoo,PUBLISH ENQUEUED questions_in,2025-10-29T14:07:38
68f2d95bd190740cfd6a23be,yahoo,PUBLISH ENQUEUED questions_in,2025-10-29T14:07:39
68f2d95bd190740cfd6a38fa,yahoo,PUBLISH ENQUEUED questions_in,2025-10-29T14:07:40
68f2d95bd190740cfd6a2e00,yahoo,PUBLISH ENQUEUED questions_in,2025-10-29T14:07:44
68f2d95bd190740cfd6a1eff,yahoo,PUBLISH ENQUEUED questions_in,2025-10-29T14:07:44
68f2d95bd190740cfd6a417e,yahoo,PUBLISH ENQUEUED questions_in,2025-10-29T14:07:45
68f2d95bd190740cfd6a3b14,yahoo,PUBLISH ENQUEUED questions_in,2025-10-29T14:07:45
68f2d95bd190740cfd6a2b6c,yahoo,PUBLISH ENQUEUED questions_in,2025-10-29T14:07:46
68f2d95bd190740cfd6a2e03,yahoo,PUBLISH ENQUEUED questions_in,2025-10-29T14:07:46
68f2d95bd190740cfd6a28da,yahoo,PUBLISH ENQUEUED questions_in,2025-10-29T14:07:47
68f2d95bd190740cfd6a2c9a,yahoo,PUBLISH ENQUEUED questions_in,2025-10-29T14:07:47
68f2d95bd190740cfd6a3502,yahoo,PUBLISH ENQUEUED questions_in,2025-10-29T14:07:49
68f2d95bd190740cfd6a2365,yahoo,PUBLISH ENQUEUED questions_in,2025-10-29T14:07:49
68f2d95bd190740cfd6a4092,yahoo,PUBLISH ENQUEUED questions_in,2025-10-29T14:07:50
68f2d95bd190740cfd6a3bce,yahoo,PUBLISH ENQUEUED questions_in,2025-10-29T14:07:50
68f2d95bd190740cfd6a1c19,yahoo,PUBLISH ENQUEUED questions_in,2025-10-29T14:07:50
68f2d95bd190740cfd6a4012,yahoo,PUBLISH ENQUEUED questions_in,2025-10-29T14:07:51
68f2d95bd190740cfd6a3d6b,yahoo,PUBLISH ENQUEUED questions_in,2025-10-29T14:07:51
68f2d95bd190740cfd6a3cfd,yahoo,PUBLISH ENQUEUED questions_in,2025-10-29T14:07:51
68f2d95bd190740cfd6a3cd9,yahoo,PUBLISH ENQUEUED questions_in,2025-10-29T14:07:53
68f2d95bd190740cfd6a27aa,yahoo,PUBLISH ENQUEUED questions_in,2025-10-29T14:07:54
68f2d95bd190740cfd6a2443,yahoo,PUBLISH ENQUEUED questions_in,2025-10-29T14:07:55
68f2d95bd190740cfd6a1f2b,yahoo,PUBLISH ENQUEUED questions_in,2025-10-29T14:07:55
68f2d95bd190740cfd6a2076,yahoo,PUBLISH ENQUEUED questions_in,2025-10-29T14:07:55
68f2d95bd190740cfd6a2faf,yahoo,PUBLISH ENQUEUED questions_in,2025-10-29T14:07:56
68f2d95bd190740cfd6a36f5,yahoo,PUBLISH ENQUEUED questions_in,2025-10-29T14:07:56
68f2d95bd190740cfd6a204f,yahoo,PUBLISH ENQUEUED questions_in,2025-10-29T14:07:57
68f2d95bd190740cfd6a3b5d,yahoo,PUBLISH ENQUEUED questions_in,2025-10-29T14:07:57
68f2d95bd190740cfd6a2518,yahoo,PUBLISH ENQUEUED questions_in,2025-10-29T14:07:58
68f2d95bd190740cfd6a3ba3,yahoo,PUBLISH ENQUEUED questions_in,2025-10-29T14:08:00
68f2d95bd190740cfd6a279b,yahoo,PUBLISH ENQUEUED questions_in,2025-10-29T14:08:00
68f2d95bd190740cfd6a37e2,yahoo,PUBLISH ENQUEUED questions_in,2025-10-29T14:08:00
68f2d95bd190740cfd6a3cd0,yahoo,PUBLISH ENQUEUED questions_in,2025-10-29T14:08:01
68f2d95bd190740cfd6a2788,yahoo,PUBLISH ENQUEUED questions_in,2025-10-29T14:08:01
68f2d95bd190740cfd6a3f9a,yahoo,PUBLISH ENQUEUED questions_in,2025-10-29T14:08:02
68f2d95bd190740cfd6a2b21,yahoo,PUBLISH ENQUEUED questions_in,2025-10-29T14:08:02
68f2d95bd190740cfd6a2239,yahoo,PUBLISH ENQUEUED questions_in,2025-10-29T14:08:02
68f2d95bd190740cfd6a2a53,yahoo,PUBLISH ENQUEUED questions_in,2025-10-29T14:08:02
68f2d95bd190740cfd6a3b88,yahoo,PUBLISH ENQUEUED questions_in,2025-10-29T14:08:02
68f2d95bd190740cfd6a1c4e,yahoo,PUBLISH ENQUEUED questions_in,2025-10-29T14:08:03
68f2d95bd190740cfd6a390b,yahoo,PUBLISH ENQUEUED questions_in,2025-10-29T14:08:05
68f2d95bd190740cfd6a2ecb,yahoo,PUBLISH ENQUEUED questions_in,2025-10-29T14:08:06
68f2d95bd190740cfd6a23e9,yahoo,PUBLISH ENQUEUED questions_in,2025-10-29T14:08:07
68f2d95bd190740cfd6a3fe9,yahoo,PUBLISH ENQUEUED questions_in,2025-10-29T14:08:07
68f2d95bd190740cfd6a26a8,yahoo,PUBLISH ENQUEUED questions_in,2025-10-29T14:08:08
68f2d95bd190740cfd6a3c09,yahoo,PUBLISH ENQUEUED questions_in,2025-10-29T14:08:08
68f2d95bd190740cfd6a28fe,yahoo,PUBLISH ENQUEUED questions_in,2025-10-29T14:08:09
68f2d95bd190740cfd6a33a1,yahoo,PUBLISH ENQUEUED questions_in,2025-10-29T14:08:10
68f2d95bd190740cfd6a246c,yahoo,PUBLISH ENQUEUED questions_in,2025-10-29T14:08:10
68f2d95bd190740cfd6a1d81,yahoo,PUBLISH ENQUEUED questions_in,2025-10-29T14:08:11
68f2d95bd190740cfd6a2b82,yahoo,PUBLISH ENQUEUED questions_in,2025-10-29T14:08:14
68f2d95bd190740cfd6a1c64,yahoo,PUBLISH ENQUEUED questions_in,2025-10-29T14:08:15
68f2d95bd190740cfd6a33b0,yahoo,PUBLISH ENQUEUED questions_in,2025-10-29T14:08:15
68f2d95bd190740cfd6a2413,yahoo,PUBLISH ENQUEUED questions_in,2025-10-29T14:08:16
68f2d95bd190740cfd6a387c,yahoo,PUBLISH ENQUEUED questions_in,2025-10-29T14:08:16
68f2d95bd190740cfd6a2c95,yahoo,PUBLISH ENQUEUED questions_in,2025-10-29T14:08:17
68f2d95bd190740cfd6a375a,yahoo,PUBLISH ENQUEUED questions_in,2025-10-29T14:08:17
68f2d95bd190740cfd6a2964,yahoo,PUBLISH ENQUEUED questions_in,2025-10-29T14:08:17
68f2d95bd190740cfd6a2f68,yahoo,PUBLISH ENQUEUED questions_in,2025-10-29T14:08:17
68f2d95bd190740cfd6a33c8,yahoo,PUBLISH ENQUEUED questions_in,2025-10-29T14:08:17
68f2d95bd190740cfd6a286f,yahoo,PUBLISH ENQUEUED questions_in,2025-10-29T14:08:18
68f2d95bd190740cfd6a29af,yahoo,PUBLISH ENQUEUED questions_in,2025-10-29T14:08:19
68f2d95bd190740cfd6a1ed6,yahoo,PUBLISH ENQUEUED questions_in,2025-10-29T14:08:19
68f2d95bd190740cfd6a372c,yahoo,PUBLISH ENQUEUED questions_in,2025-10-29T14:08:19
68f2d95bd190740cfd6a1c53,yahoo,PUBLISH ENQUEUED questions_in,2025-10-29T14:08:20
68f2d95bd190740cfd6a2099,yahoo,PUBLISH ENQUEUED questions_in,2025-10-29T14:08:20
68f2d95bd190740cfd6a1c50,yahoo,PUBLISH ENQUEUED questions_in,2025-10-29T14:08:21
68f2d95bd190740cfd6a3fcb,yahoo,PUBLISH ENQUEUED questions_in,2025-10-29T14:08:22
68f2d95bd190740cfd6a1d70,yahoo,PUBLISH ENQUEUED questions_in,2025-10-29T14:08:23
68f2d95bd190740cfd6a327f,yahoo,PUBLISH ENQUEUED questions_in,2025-10-29T14:08:23
68f2d95bd190740cfd6a406e,yahoo,PUBLISH ENQUEUED questions_in,2025-10-29T14:08:24
68f2d95bd190740cfd6a2cb1,yahoo,PUBLISH ENQUEUED questions_in,2025-10-29T14:08:25
68f2d95bd190740cfd6a3f06,yahoo,PUBLISH ENQUEUED questions_in,2025-10-29T14:08:25
68f2d95bd190740cfd6a315b,yahoo,PUBLISH ENQUEUED questions_in,2025-10-29T14:08:25
68f2d95bd190740cfd6a3073,yahoo,PUBLISH ENQUEUED questions_in,2025-10-29T14:08:25
68f2d95bd190740cfd6a233d,yahoo,PUBLISH ENQUEUED questions_in,2025-10-29T14:08:26
68f2d95bd190740cfd6a28b4,yahoo,PUBLISH ENQUEUED questions_in,2025-10-29T14:08:26
68f2d95bd190740cfd6a3a78,yahoo,PUBLISH ENQUEUED questions_in,2025-10-29T14:08:26
68f2d95bd190740cfd6a2ea6,yahoo,PUBLISH ENQUEUED questions_in,2025-10-29T14:08:28
68f2d95bd190740cfd6a2e64,yahoo,PUBLISH ENQUEUED questions_in,2025-10-29T14:08:29
68f2d95bd190740cfd6a1cc3,yahoo,PUBLISH ENQUEUED questions_in,2025-10-29T14:08:30
68f2d95bd190740cfd6a40d5,yahoo,PUBLISH ENQUEUED questions_in,2025-10-29T14:08:30
68f2d95bd190740cfd6a367d,yahoo,PUBLISH ENQUEUED questions_in,2025-10-29T14:08:31
68f2d95bd190740cfd6a2c24,yahoo,PUBLISH ENQUEUED questions_in,2025-10-29T14:08:31
68f2d95bd190740cfd6a4040,yahoo,PUBLISH ENQUEUED questions_in,2025-10-29T14:08:31
68f2d95bd190740cfd6a3ab5,yahoo,PUBLISH ENQUEUED questions_in,2025-10-29T14:08:32
68f2d95bd190740cfd6a3a8b,yahoo,PUBLISH ENQUEUED questions_in,2025-10-29T14:08:33
68f2d95bd190740cfd6a3286,yahoo,PUBLISH ENQUEUED questions_in,2025-10-29T14:08:34
68f2d95bd190740cfd6a246f,yahoo,PUBLISH ENQUEUED questions_in,2025-10-29T14:08:34
68f2d95bd190740cfd6a3f23,yahoo,PUBLISH ENQUEUED questions_in,2025-10-29T14:08:34
68f2d95bd190740cfd6a3ce8,yahoo,PUBLISH ENQUEUED questions_in,2025-10-29T14:08:34
68f2d95bd190740cfd6a28c0,yahoo,PUBLISH ENQUEUED questions_in,2025-10-29T14:08:34
68f2d95bd190740cfd6a4167,yahoo,PUBLISH ENQUEUED questions_in,2025-10-29T14:08:35
68f2d95bd190740cfd6a1e5b,yahoo,PUBLISH ENQUEUED questions_in,2025-10-29T14:08:35
68f2d95bd190740cfd6a39c4,yahoo,PUBLISH ENQUEUED questions_in,2025-10-29T14:08:36
68f2d95bd190740cfd6a1d54,yahoo,PUBLISH ENQUEUED questions_in,2025-10-29T14:08:37
68f2d95bd190740cfd6a2b49,yahoo,PUBLISH ENQUEUED questions_in,2025-10-29T14:08:37
68f2d95bd190740cfd6a1ad8,yahoo,PUBLISH ENQUEUED questions_in,2025-10-29T14:08:37
68f2d95bd190740cfd6a36e4,yahoo,PUBLISH ENQUEUED questions_in,2025-10-29T14:08:38
68f2d95bd190740cfd6a39cd,yahoo,PUBLISH ENQUEUED questions_in,2025-10-29T14:08:38
68f2d95bd190740cfd6a3c70,yahoo,PUBLISH ENQUEUED questions_in,2025-10-29T14:08:39
68f2d95bd190740cfd6a1c07,yahoo,PUBLISH ENQUEUED questions_in,2025-10-29T14:08:39
68f2d95bd190740cfd6a3a5f,yahoo,PUBLISH ENQUEUED questions_in,2025-10-29T14:08:40
68f2d95bd190740cfd6a1c78,yahoo,PUBLISH ENQUEUED questions_in,2025-10-29T14:08:40
68f2d95bd190740cfd6a27ba,yahoo,PUBLISH ENQUEUED questions_in,2025-10-29T14:08:41
68f2d95bd190740cfd6a2076,yahoo,PUBLISH ENQUEUED questions_in,2025-10-29T14:08:42
68f2d95bd190740cfd6a3a2c,yahoo,PUBLISH ENQUEUED questions_in,2025-10-29T14:08:42
68f2d95bd190740cfd6a2f22,yahoo,PUBLISH ENQUEUED questions_in,2025-10-29T14:08:42
68f2d95bd190740cfd6a30de,yahoo,PUBLISH ENQUEUED questions_in,2025-10-29T14:08:43
68f2d95bd190740cfd6a21ab,yahoo,PUBLISH ENQUEUED questions_in,2025-10-29T14:08:44
68f2d95bd190740cfd6a20a7,yahoo,PUBLISH ENQUEUED questions_in,2025-10-29T14:08:45
68f2d95bd190740cfd6a29c0,yahoo,PUBLISH ENQUEUED questions_in,2025-10-29T14:08:45
68f2d95bd190740cfd6a1b2b,yahoo,PUBLISH ENQUEUED questions_in,2025-10-29T14:08:47
68f2d95bd190740cfd6a3212,yahoo,PUBLISH ENQUEUED questions_in,2025-10-29T14:08:47
68f2d95bd190740cfd6a3c66,yahoo,PUBLISH ENQUEUED questions_in,2025-10-29T14:08:47
68f2d95bd190740cfd6a33f3,yahoo,PUBLISH ENQUEUED questions_in,2025-10-29T14:08:48
68f2d95bd190740cfd6a3b8d,yahoo,PUBLISH ENQUEUED questions_in,2025-10-29T14:08:49
68f2d95bd190740cfd6a1eb0,yahoo,PUBLISH ENQUEUED questions_in,2025-10-29T14:08:49
68f2d95bd190740cfd6a31c5,yahoo,PUBLISH ENQUEUED questions_in,2025-10-29T14:08:49
68f2d95bd190740cfd6a355f,yahoo,PUBLISH ENQUEUED questions_in,2025-10-29T14:08:50
68f2d95bd190740cfd6a2530,yahoo,PUBLISH ENQUEUED questions_in,2025-10-29T14:08:51
68f2d95bd190740cfd6a3bb9,yahoo,PUBLISH ENQUEUED questions_in,2025-10-29T14:08:51
68f2d95bd190740cfd6a28e8,yahoo,PUBLISH ENQUEUED questions_in,2025-10-29T14:08:51
68f2d95bd190740cfd6a344f,yahoo,PUBLISH ENQUEUED questions_in,2025-10-29T14:08:52
68f2d95bd190740cfd6a2f51,yahoo,PUBLISH ENQUEUED questions_in,2025-10-29T14:08:52
68f2d95bd190740cfd6a2c91,yahoo,PUBLISH ENQUEUED questions_in,2025-10-29T14:08:52
68f2d95bd190740cfd6a223e,yahoo,PUBLISH ENQUEUED questions_in,2025-10-29T14:08:53
68f2d95bd190740cfd6a41b7,yahoo,PUBLISH ENQUEUED questions_in,2025-10-29T14:08:54
68f2d95bd190740cfd6a1fcc,yahoo,PUBLISH ENQUEUED questions_in,2025-10-29T14:08:54
68f2d95bd190740cfd6a3143,yahoo,PUBLISH ENQUEUED questions_in,2025-10-29T14:08:54
68f2d95bd190740cfd6a2ae6,yahoo,PUBLISH ENQUEUED questions_in,2025-10-29T14:08:55
68f2d95bd190740cfd6a3e24,yahoo,PUBLISH ENQUEUED questions_in,2025-10-29T14:08:55
68f2d95bd190740cfd6a1c90,yahoo,PUBLISH ENQUEUED questions_in,2025-10-29T14:08:56
68f2d95bd190740cfd6a275b,yahoo,PUBLISH ENQUEUED questions_in,2025-10-29T14:08:57
68f2d95bd190740cfd6a3599,yahoo,PUBLISH ENQUEUED questions_in,2025-10-29T14:08:57
68f2d95bd190740cfd6a364f,yahoo,PUBLISH ENQUEUED questions_in,2025-10-29T14:08:57
68f2d95bd190740cfd6a2bf9,yahoo,PUBLISH ENQUEUED questions_in,2025-10-29T14:08:58
68f2d95bd190740cfd6a3363,yahoo,PUBLISH ENQUEUED questions_in,2025-10-29T14:08:58
68f2d95bd190740cfd6a2341,yahoo,PUBLISH ENQUEUED questions_in,2025-10-29T14:08:58
68f2d95bd190740cfd6a25f8,yahoo,PUBLISH ENQUEUED questions_in,2025-10-29T14:08:59
68f2d95bd190740cfd6a360b,yahoo,PUBLISH ENQUEUED questions_in,2025-10-29T14:09:00
68f2d95bd190740cfd6a2231,yahoo,PUBLISH ENQUEUED questions_in,2025-10-29T14:09:01
68f2d95bd190740cfd6a21a5,yahoo,PUBLISH ENQUEUED questions_in,2025-10-29T14:09:02
68f2d95bd190740cfd6a2438,yahoo,PUBLISH ENQUEUED questions_in,2025-10-29T14:09:02
68f2d95bd190740cfd6a2c20,yahoo,PUBLISH ENQUEUED questions_in,2025-10-29T14:09:02
68f2d95bd190740cfd6a3934,yahoo,PUBLISH ENQUEUED questions_in,2025-10-29T14:09:03
68f2d95bd190740cfd6a2e86,yahoo,PUBLISH ENQUEUED questions_in,2025-10-29T14:09:03
68f2d95bd190740cfd6a27e8,yahoo,PUBLISH ENQUEUED questions_in,2025-10-29T14:09:03
68f2d95bd190740cfd6a3c59,yahoo,PUBLISH ENQUEUED questions_in,2025-10-29T14:09:04
68f2d95bd190740cfd6a3cd3,yahoo,PUBLISH ENQUEUED questions_in,2025-10-29T14:09:04
68f2d95bd190740cfd6a1db9,yahoo,PUBLISH ENQUEUED questions_in,2025-10-29T14:09:05
68f2d95bd190740cfd6a21b7,yahoo,PUBLISH ENQUEUED questions_in,2025-10-29T14:09:05
68f2d95bd190740cfd6a269f,yahoo,PUBLISH ENQUEUED questions_in,2025-10-29T14:09:06
68f2d95bd190740cfd6a2034,yahoo,PUBLISH ENQUEUED questions_in,2025-10-29T14:09:06
68f2d95bd190740cfd6a1f79,yahoo,PUBLISH ENQUEUED questions_in,2025-10-29T14:09:07
68f2d95bd190740cfd6a3865,yahoo,PUBLISH ENQUEUED questions_in,2025-10-29T14:09:07
68f2d95bd190740cfd6a3c7f,yahoo,PUBLISH ENQUEUED questions_in,2025-10-29T14:09:08
68f2d95bd190740cfd6a206a,yahoo,PUBLISH ENQUEUED questions_in,2025-10-29T14:09:08
68f2d95bd190740cfd6a356b,yahoo,PUBLISH ENQUEUED questions_in,2025-10-29T14:09:08
68f2d95bd190740cfd6a1bad,yahoo,PUBLISH ENQUEUED questions_in,2025-10-29T14:09:08
68f2d95bd190740cfd6a1c59,yahoo,PUBLISH ENQUEUED questions_in,2025-10-29T14:09:09
68f2d95bd190740cfd6a21d0,yahoo,PUBLISH ENQUEUED questions_in,2025-10-29T14:09:09
68f2d95bd190740cfd6a3ddd,yahoo,PUBLISH ENQUEUED questions_in,2025-10-29T14:09:12
68f2d95bd190740cfd6a3a07,yahoo,PUBLISH ENQUEUED questions_in,2025-10-29T14:09:14
68f2d95bd190740cfd6a33ad,yahoo,PUBLISH ENQUEUED questions_in,2025-10-29T14:09:14
68f2d95bd190740cfd6a21a5,yahoo,PUBLISH ENQUEUED questions_in,2025-10-29T14:09:14
68f2d95bd190740cfd6a1d97,yahoo,PUBLISH ENQUEUED questions_in,2025-10-29T14:09:16
68f2d95bd190740cfd6a3e9c,yahoo,PUBLISH ENQUEUED questions_in,2025-10-29T14:09:17
68f2d95bd190740cfd6a3008,yahoo,PUBLISH ENQUEUED questions_in,2025-10-29T14:09:17
68f2d95bd190740cfd6a2459,yahoo,PUBLISH ENQUEUED questions_in,2025-10-29T14:09:17
68f2d95bd190740cfd6a3ac8,yahoo,PUBLISH ENQUEUED questions_in,2025-10-29T14:09:18
68f2d95bd190740cfd6a392b,yahoo,PUBLISH ENQUEUED questions_in,2025-10-29T14:09:19
68f2d95bd190740cfd6a3b28,yahoo,PUBLISH ENQUEUED questions_in,2025-10-29T14:09:19
68f2d95bd190740cfd6a38e2,yahoo,PUBLISH ENQUEUED questions_in,2025-10-29T14:09:22
68f2d95bd190740cfd6a1b4f,yahoo,PUBLISH ENQUEUED questions_in,2025-10-29T14:09:22
68f2d95bd190740cfd6a1e8a,yahoo,PUBLISH ENQUEUED questions_in,2025-10-29T14:09:22
68f2d95bd190740cfd6a40d3,yahoo,PUBLISH ENQUEUED questions_in,2025-10-29T14:09:22
68f2d95bd190740cfd6a383f,yahoo,PUBLISH ENQUEUED questions_in,2025-10-29T14:09:22
68f2d95bd190740cfd6a3ec4,yahoo,PUBLISH ENQUEUED questions_in,2025-10-29T14:09:23
68f2d95bd190740cfd6a1ef1,yahoo,PUBLISH ENQUEUED questions_in,2025-10-29T14:09:23
68f2d95bd190740cfd6a2442,yahoo,PUBLISH ENQUEUED questions_in,2025-10-29T14:09:23
68f2d95bd190740cfd6a3331,yahoo,PUBLISH ENQUEUED questions_in,2025-10-29T14:09:23
68f2d95bd190740cfd6a34c6,yahoo,PUBLISH ENQUEUED questions_in,2025-10-29T14:09:23
68f2d95bd190740cfd6a1d81,yahoo,PUBLISH ENQUEUED questions_in,2025-10-29T14:09:24
68f2d95bd190740cfd6a2c80,yahoo,PUBLISH ENQUEUED questions_in,2025-10-29T14:09:25
68f2d95bd190740cfd6a32a7,yahoo,PUBLISH ENQUEUED questions_in,2025-10-29T14:09:25
68f2d95bd190740cfd6a3248,yahoo,PUBLISH ENQUEUED questions_in,2025-10-29T14:09:26
68f2d95bd190740cfd6a3cd5,yahoo,PUBLISH ENQUEUED questions_in,2025-10-29T14:09:26
68f2d95bd190740cfd6a3f7d,yahoo,PUBLISH ENQUEUED questions_in,2025-10-29T14:09:28
68f2d95bd190740cfd6a3a38,yahoo,PUBLISH ENQUEUED questions_in,2025-10-29T14:09:28
68f2d95bd190740cfd6a2987,yahoo,PUBLISH ENQUEUED questions_in,2025-10-29T14:09:28
68f2d95bd190740cfd6a3dbb,yahoo,PUBLISH ENQUEUED questions_in,2025-10-29T14:09:28
68f2d95bd190740cfd6a3162,yahoo,PUBLISH ENQUEUED questions_in,2025-10-29T14:09:28
68f2d95bd190740cfd6a254b,yahoo,PUBLISH ENQUEUED questions_in,2025-10-29T14:09:28
68f2d95bd190740cfd6a213c,yahoo,PUBLISH ENQUEUED questions_in,2025-10-29T14:09:29
68f2d95bd190740cfd6a3e0a,yahoo,PUBLISH ENQUEUED questions_in,2025-10-29T14:09:29
68f2d95bd190740cfd6a28d6,yahoo,PUBLISH ENQUEUED questions_in,2025-10-29T14:09:29
68f2d95bd190740cfd6a2722,yahoo,PUBLISH ENQUEUED questions_in,2025-10-29T14:09:30
68f2d95bd190740cfd6a1afd,yahoo,PUBLISH ENQUEUED questions_in,2025-10-29T14:09:30
68f2d95bd190740cfd6a36cb,yahoo,PUBLISH ENQUEUED questions_in,2025-10-29T14:09:31
68f2d95bd190740cfd6a4158,yahoo,PUBLISH ENQUEUED questions_in,2025-10-29T14:09:33
68f2d95bd190740cfd6a1b00,yahoo,PUBLISH ENQUEUED questions_in,2025-10-29T14:09:33
68f2d95bd190740cfd6a260b,yahoo,PUBLISH ENQUEUED questions_in,2025-10-29T14:09:33
68f2d95bd190740cfd6a33c1,yahoo,PUBLISH ENQUEUED questions_in,2025-10-29T14:09:34
68f2d95bd190740cfd6a1e62,yahoo,PUBLISH ENQUEUED questions_in,2025-10-29T14:09:34
68f2d95bd190740cfd6a3431,yahoo,PUBLISH ENQUEUED questions_in,2025-10-29T14:09:35
68f2d95bd190740cfd6a1fea,yahoo,PUBLISH ENQUEUED questions_in,2025-10-29T14:09:35
68f2d95bd190740cfd6a3b97,yahoo,PUBLISH ENQUEUED questions_in,2025-10-29T14:09:37
68f2d95bd190740cfd6a40fc,yahoo,PUBLISH ENQUEUED questions_in,2025-10-29T14:09:37
68f2d95bd190740cfd6a3b83,yahoo,PUBLISH ENQUEUED questions_in,2025-10-29T14:09:38
68f2d95bd190740cfd6a2551,yahoo,PUBLISH ENQUEUED questions_in,2025-10-29T14:09:39
68f2d95bd190740cfd6a41ad,yahoo,PUBLISH ENQUEUED questions_in,2025-10-29T14:09:41
68f2d95bd190740cfd6a3ab5,yahoo,PUBLISH ENQUEUED questions_in,2025-10-29T14:09:41
68f2d95bd190740cfd6a2910,yahoo,PUBLISH ENQUEUED questions_in,2025-10-29T14:09:41
68f2d95bd190740cfd6a1d22,yahoo,PUBLISH ENQUEUED questions_in,2025-10-29T14:09:41
68f2d95bd190740cfd6a1fdf,yahoo,PUBLISH ENQUEUED questions_in,2025-10-29T14:09:42
68f2d95bd190740cfd6a3db2,yahoo,PUBLISH ENQUEUED questions_in,2025-10-29T14:09:42
68f2d95bd190740cfd6a39b6,yahoo,PUBLISH ENQUEUED questions_in,2025-10-29T14:09:42
68f2d95bd190740cfd6a40fd,yahoo,PUBLISH ENQUEUED questions_in,2025-10-29T14:09:42
68f2d95bd190740cfd6a3d89,yahoo,PUBLISH ENQUEUED questions_in,2025-10-29T14:09:44
68f2d95bd190740cfd6a35da,yahoo,PUBLISH ENQUEUED questions_in,2025-10-29T14:09:44
68f2d95bd190740cfd6a37fc,yahoo,PUBLISH ENQUEUED questions_in,2025-10-29T14:09:45
68f2d95bd190740cfd6a37bb,yahoo,PUBLISH ENQUEUED questions_in,2025-10-29T14:09:48
68f2d95bd190740cfd6a24a0,yahoo,PUBLISH ENQUEUED questions_in,2025-10-29T14:09:49
68f2d95bd190740cfd6a2183,yahoo,PUBLISH ENQUEUED questions_in,2025-10-29T14:09:50
68f2d95bd190740cfd6a3d37,yahoo,PUBLISH ENQUEUED questions_in,2025-10-29T14:09:50
68f2d95bd190740cfd6a2498,yahoo,PUBLISH ENQUEUED questions_in,2025-10-29T14:09:51
68f2d95bd190740cfd6a3da9,yahoo,PUBLISH ENQUEUED questions_in,2025-10-29T14:09:52
68f2d95bd190740cfd6a264e,yahoo,PUBLISH ENQUEUED questions_in,2025-10-29T14:09:52
68f2d95bd190740cfd6a306d,yahoo,PUBLISH ENQUEUED questions_in,2025-10-29T14:09:54
68f2d95bd190740cfd6a3d3e,yahoo,PUBLISH ENQUEUED questions_in,2025-10-29T14:09:54
68f2d95bd190740cfd6a3f87,yahoo,PUBLISH ENQUEUED questions_in,2025-10-29T14:09:57
68f2d95bd190740cfd6a210d,yahoo,PUBLISH ENQUEUED questions_in,2025-10-29T14:09:57
68f2d95bd190740cfd6a28b9,yahoo,PUBLISH ENQUEUED questions_in,2025-10-29T14:09:57
68f2d95bd190740cfd6a3a07,yahoo,PUBLISH ENQUEUED questions_in,2025-10-29T14:09:58
68f2d95bd190740cfd6a26c2,yahoo,PUBLISH ENQUEUED questions_in,2025-10-29T14:09:58
68f2d95bd190740cfd6a3085,yahoo,PUBLISH ENQUEUED questions_in,2025-10-29T14:09:58
68f2d95bd190740cfd6a334e,yahoo,PUBLISH ENQUEUED questions_in,2025-10-29T14:09:59
68f2d95bd190740cfd6a3341,yahoo,PUBLISH ENQUEUED questions_in,2025-10-29T14:09:59
68f2d95bd190740cfd6a3709,yahoo,PUBLISH ENQUEUED questions_in,2025-10-29T14:10:00
68f2d95bd190740cfd6a32d1,yahoo,PUBLISH ENQUEUED questions_in,2025-10-29T14:10:00
68f2d95bd190740cfd6a3777,yahoo,PUBLISH ENQUEUED questions_in,2025-10-29T14:10:00
68f2d95bd190740cfd6a29b8,yahoo,PUBLISH ENQUEUED questions_in,2025-10-29T14:10:01
68f2d95bd190740cfd6a1d06,yahoo,PUBLISH ENQUEUED questions_in,2025-10-29T14:10:01
68f2d95bd190740cfd6a3e8b,yahoo,PUBLISH ENQUEUED questions_in,2025-10-29T14:10:01
68f2d95bd190740cfd6a22c2,yahoo,PUBLISH ENQUEUED questions_in,2025-10-29T14:10:01
68f2d95bd190740cfd6a3eba,yahoo,PUBLISH ENQUEUED questions_in,2025-10-29T14:10:02
68f2d95bd190740cfd6a1ed7,yahoo,PUBLISH ENQUEUED questions_in,2025-10-29T14:10:02
68f2d95bd190740cfd6a1d23,yahoo,PUBLISH ENQUEUED questions_in,2025-10-29T14:10:03
68f2d95bd190740cfd6a2659,yahoo,PUBLISH ENQUEUED questions_in,2025-10-29T14:10:04
68f2d95bd190740cfd6a1dd6,yahoo,PUBLISH ENQUEUED questions_in,2025-10-29T14:10:05
68f2d95bd190740cfd6a3c44,yahoo,PUBLISH ENQUEUED questions_in,2025-10-29T14:10:05
68f2d95bd190740cfd6a3940,yahoo,PUBLISH ENQUEUED questions_in,2025-10-29T14:10:05
68f2d95bd190740cfd6a2145,yahoo,PUBLISH ENQUEUED questions_in,2025-10-29T14:10:06
68f2d95bd190740cfd6a28d6,yahoo,PUBLISH ENQUEUED questions_in,2025-10-29T14:10:06
68f2d95bd190740cfd6a3a6e,yahoo,PUBLISH ENQUEUED questions_in,2025-10-29T14:10:07
68f2d95bd190740cfd6a2af6,yahoo,PUBLISH ENQUEUED questions_in,2025-10-29T14:10:10
68f2d95bd190740cfd6a298e,yahoo,PUBLISH ENQUEUED questions_in,2025-10-29T14:10:10
68f2d95bd190740cfd6a1ffa,yahoo,PUBLISH ENQUEUED questions_in,2025-10-29T14:10:10
68f2d95bd190740cfd6a33d5,yahoo,PUBLISH ENQUEUED questions_in,2025-10-29T14:10:12
68f2d95bd190740cfd6a1edd,yahoo,PUBLISH ENQUEUED questions_in,2025-10-29T14:10:12
68f2d95bd190740cfd6a30f5,yahoo,PUBLISH ENQUEUED questions_in,2025-10-29T14:10:13
68f2d95bd190740cfd6a2b87,yahoo,PUBLISH ENQUEUED questions_in,2025-10-29T14:10:13
68f2d95bd190740cfd6a312c,yahoo,PUBLISH ENQUEUED questions_in,2025-10-29T14:10:13
68f2d95bd190740cfd6a1df6,yahoo,PUBLISH ENQUEUED questions_in,2025-10-29T14:10:14
68f2d95bd190740cfd6a3ab9,yahoo,PUBLISH ENQUEUED questions_in,2025-10-29T14:10:15
68f2d95bd190740cfd6a33c1,yahoo,PUBLISH ENQUEUED questions_in,2025-10-29T14:10:16
68f2d95bd190740cfd6a1cc2,yahoo,PUBLISH ENQUEUED questions_in,2025-10-29T14:10:19
68f2d95bd190740cfd6a3d7c,yahoo,PUBLISH ENQUEUED questions_in,2025-10-29T14:10:19
68f2d95bd190740cfd6a252e,yahoo,PUBLISH ENQUEUED questions_in,2025-10-29T14:10:20
68f2d95bd190740cfd6a28e3,yahoo,PUBLISH ENQUEUED questions_in,2025-10-29T14:10:20
68f2d95bd190740cfd6a3963,yahoo,PUBLISH ENQUEUED questions_in,2025-10-29T14:10:21
68f2d95bd190740cfd6a38ae,yahoo,PUBLISH ENQUEUED questions_in,2025-10-29T14:10:21
68f2d95bd190740cfd6a2287,yahoo,PUBLISH ENQUEUED questions_in,2025-10-29T14:10:22
68f2d95bd190740cfd6a1b64,yahoo,PUBLISH ENQUEUED questions_in,2025-10-29T14:10:22
68f2d95bd190740cfd6a255a,yahoo,PUBLISH ENQUEUED questions_in,2025-10-29T14:10:23
68f2d95bd190740cfd6a382d,yahoo,PUBLISH ENQUEUED questions_in,2025-10-29T14:10:23
68f2d95bd190740cfd6a2bc7,yahoo,PUBLISH ENQUEUED questions_in,2025-10-29T14:10:24
68f2d95bd190740cfd6a405b,yahoo,PUBLISH ENQUEUED questions_in,2025-10-29T14:10:24
68f2d95bd190740cfd6a2f50,yahoo,PUBLISH ENQUEUED questions_in,2025-10-29T14:10:24
68f2d95bd190740cfd6a33a3,yahoo,PUBLISH ENQUEUED questions_in,2025-10-29T14:10:26
68f2d95bd190740cfd6a35ee,yahoo,PUBLISH ENQUEUED questions_in,2025-10-29T14:10:26
68f2d95bd190740cfd6a39ec,yahoo,PUBLISH ENQUEUED questions_in,2025-10-29T14:10:28
68f2d95bd190740cfd6a1c3c,yahoo,PUBLISH ENQUEUED questions_in,2025-10-29T14:10:28
68f2d95bd190740cfd6a2a9d,yahoo,PUBLISH ENQUEUED questions_in,2025-10-29T14:10:28
68f2d95bd190740cfd6a1b21,yahoo,PUBLISH ENQUEUED questions_in,2025-10-29T14:10:30
68f2d95bd190740cfd6a2e26,yahoo,PUBLISH ENQUEUED questions_in,2025-10-29T14:10:30
68f2d95bd190740cfd6a3c8e,yahoo,PUBLISH ENQUEUED questions_in,2025-10-29T14:10:31
68f2d95bd190740cfd6a2fd4,yahoo,PUBLISH ENQUEUED questions_in,2025-10-29T14:10:32
68f2d95bd190740cfd6a2fc2,yahoo,PUBLISH ENQUEUED questions_in,2025-10-29T14:10:33
68f2d95bd190740cfd6a2390,yahoo,PUBLISH ENQUEUED questions_in,2025-10-29T14:10:33
68f2d95bd190740cfd6a3b78,yahoo,PUBLISH ENQUEUED questions_in,2025-10-29T14:10:33
68f2d95bd190740cfd6a1dc2,yahoo,PUBLISH ENQUEUED questions_in,2025-10-29T14:10:33
68f2d95bd190740cfd6a1d0e,yahoo,PUBLISH ENQUEUED questions_in,2025-10-29T14:10:34
68f2d95bd190740cfd6a3cbf,yahoo,PUBLISH ENQUEUED questions_in,2025-10-29T14:10:36
68f2d95bd190740cfd6a24a1,yahoo,PUBLISH ENQUEUED questions_in,2025-10-29T14:10:37
68f2d95bd190740cfd6a3da0,yahoo,PUBLISH ENQUEUED questions_in,2025-10-29T14:10:38
68f2d95bd190740cfd6a23d1,yahoo,PUBLISH ENQUEUED questions_in,2025-10-29T14:10:39
68f2d95bd190740cfd6a27be,yahoo,PUBLISH ENQUEUED questions_in,2025-10-29T14:10:41
68f2d95bd190740cfd6a3067,yahoo,PUBLISH ENQUEUED questions_in,2025-10-29T14:10:41
68f2d95bd190740cfd6a1f98,yahoo,PUBLISH ENQUEUED questions_in,2025-10-29T14:10:41
68f2d95bd190740cfd6a37eb,yahoo,PUBLISH ENQUEUED questions_in,2025-10-29T14:10:42
68f2d95bd190740cfd6a28ab,yahoo,PUBLISH ENQUEUED questions_in,2025-10-29T14:10:42
68f2d95bd190740cfd6a1e94,yahoo,PUBLISH ENQUEUED questions_in,2025-10-29T14:10:43
68f2d95bd190740cfd6a1e4e,yahoo,PUBLISH ENQUEUED questions_in,2025-10-29T14:10:45
68f2d95bd190740cfd6a346d,yahoo,PUBLISH ENQUEUED questions_in,2025-10-29T14:10:45
68f2d95bd190740cfd6a2420,yahoo,PUBLISH ENQUEUED questions_in,2025-10-29T14:10:45
68f2d95bd190740cfd6a3846,yahoo,PUBLISH ENQUEUED questions_in,2025-10-29T14:10:46
68f2d95bd190740cfd6a284c,yahoo,PUBLISH ENQUEUED questions_in,2025-10-29T14:10:46
68f2d95bd190740cfd6a2fd5,yahoo,PUBLISH ENQUEUED questions_in,2025-10-29T14:10:48
68f2d95bd190740cfd6a2aba,yahoo,PUBLISH ENQUEUED questions_in,2025-10-29T14:10:48
68f2d95bd190740cfd6a3e1a,yahoo,PUBLISH ENQUEUED questions_in,2025-10-29T14:10:51
68f2d95bd190740cfd6a1c8c,yahoo,PUBLISH ENQUEUED questions_in,2025-10-29T14:10:51
68f2d95bd190740cfd6a2fde,yahoo,PUBLISH ENQUEUED questions_in,2025-10-29T14:10:51
68f2d95bd190740cfd6a2b6a,yahoo,PUBLISH ENQUEUED questions_in,2025-10-29T14:10:52
68f2d95bd190740cfd6a25f9,yahoo,PUBLISH ENQUEUED questions_in,2025-10-29T14:10:53
68f2d95bd190740cfd6a3056,yahoo,PUBLISH ENQUEUED questions_in,2025-10-29T14:10:53
68f2d95bd190740cfd6a3b68,yahoo,PUBLISH ENQUEUED questions_in,2025-10-29T14:10:54
68f2d95bd190740cfd6a3efb,yahoo,PUBLISH ENQUEUED questions_in,2025-10-29T14:10:54
68f2d95bd190740cfd6a2235,yahoo,PUBLISH ENQUEUED questions_in,2025-10-29T14:10:54
68f2d95bd190740cfd6a1ef2,yahoo,PUBLISH ENQUEUED questions_in,2025-10-29T14:10:55
68f2d95bd190740cfd6a378f,yahoo,PUBLISH ENQUEUED questions_in,2025-10-29T14:10:55
68f2d95bd190740cfd6a3ea6,yahoo,PUBLISH ENQUEUED questions_in,2025-10-29T14:10:55
