timestamp,operation,message_id,question_id,status,latency,topic
2025-10-29T13:16:39.296084,PUBLISH,986bac54d8cf47e986ec2c5f8c42193d,68f2d95bd190740cfd6a3318,ENQUEUED,0.9701985706476611,questions_in
2025-10-29T13:16:39.523485,PUBLISH,51d131b2de6547b48aa0047f3cc76dc7,68f2d95bd190740cfd6a37e4,ENQUEUED,0.22414677851053,questions_in
2025-10-29T13:16:39.593392,PUBLISH,0354d0d7b4a74b709d69a8ccfa9b0b69,68f2d95bd190740cfd6a3900,ENQUEUED,0.06411026123382092,questions_in
2025-10-29T13:16:40.771663,PUBLISH,803b6fc7d808408396b3d46e61e534d1,68f2d95bd190740cfd6a3754,ENQUEUED,1.173553893939996,questions_in
2025-10-29T13:16:40.836842,PUBLISH,858e14641def40c78a31e4babfcedaea,68f2d95bd190740cfd6a40cb,ENQUEUED,0.0622449588554095,questions_in
2025-10-29T13:16:40.871171,PUBLISH,dbca846804734a918f0db4c2216a9a20,68f2d95bd190740cfd6a1bb6,ENQUEUED,0.030371373085996786,questions_in
2025-10-29T13:16:41.165701,PUBLISH,82fd1db09f4247f59d5137af4173474c,68f2d95bd190740cfd6a3cf1,ENQUEUED,0.29118484274852074,questions_in
2025-10-29T13:16:41.902069,PUBLISH,63dfb98e06594b78966305d8220aab11,68f2d95bd190740cfd6a33d8,ENQUEUED,0.732102029127433,questions_in
2025-10-29T13:16:41.987094,PUBLISH,4d7ccd8f001147fa971f3a1b1976cfa8,68f2d95bd190740cfd6a22c7,ENQUEUED,0.08115906862480847,questions_in
2025-10-29T13:16:42.297012,PUBLISH,74ef0fd4d9e94a89aefbb136dbcb4da1,68f2d95bd190740cfd6a3b4f,ENQUEUED,0.30568388979053357,questions_in
2025-10-29T13:16:42.355514,PUBLISH,dd5ab1bc79ca4efbaaef138ea27f306a,68f2d95bd190740cfd6a3d39,ENQUEUED,0.04859576786984213,questions_in
2025-10-29T13:16:42.459324,PUBLISH,9f2238ced25f470491e8df56b897e272,68f2d95bd190740cfd6a2e3d,ENQUEUED,0.09790361338498153,questions_in
2025-10-29T13:16:44.243658,PUBLISH,5aeb0125cad341bd895fa790c9d48ea9,68f2d95bd190740cfd6a1b52,ENQUEUED,1.7803711139675784,questions_in
2025-10-29T13:16:45.960166,PUBLISH,840743d657504315ba390519c753da45,68f2d95bd190740cfd6a3801,ENQUEUED,1.7054662595331151,questions_in
2025-10-29T13:16:46.085775,PUBLISH,123c42d84b044e38bc15094ecdc791ec,68f2d95bd190740cfd6a3a1f,ENQUEUED,0.12295213003348869,questions_in
2025-10-29T13:16:48.706447,PUBLISH,6b4913eaedcb44469a1b5957fc821f58,68f2d95bd190740cfd6a1caf,ENQUEUED,2.6103631724351537,questions_in
2025-10-29T13:16:50.393082,PUBLISH,917a0a8f523c4825a568807a578b9d75,68f2d95bd190740cfd6a367a,ENQUEUED,1.6801951069426584,questions_in
2025-10-29T13:16:52.170513,PUBLISH,77aa2422babf432eaa758de1428f4cfd,68f2d95bd190740cfd6a1f43,ENQUEUED,1.7695931218877086,questions_in
2025-10-29T13:16:53.396007,PUBLISH,cf0826c344af4a728acf9fe5dc46ae8e,68f2d95bd190740cfd6a38ae,ENQUEUED,1.2211279196960576,questions_in
2025-10-29T13:16:53.551532,PUBLISH,ceb3e3fe53854e7e89da3fea29aa4d68,68f2d95bd190740cfd6a2172,ENQUEUED,0.15238365103321447,questions_in
2025-10-29T13:16:55.020207,PUBLISH,65803f7883f14c95be75e549f6aa78f5,68f2d95bd190740cfd6a1e32,ENQUEUED,1.4601509616287938,questions_in
2025-10-29T13:16:55.084880,PUBLISH,78f9e310b91e4e7ba4f54e480f788b67,68f2d95bd190740cfd6a2616,ENQUEUED,0.06046530826377094,questions_in
2025-10-29T13:16:55.834667,PUBLISH,011c8973db204975a2848026d12169f1,68f2d95bd190740cfd6a360e,ENQUEUED,0.738325457254975,questions_in
2025-10-29T13:16:56.848997,PUBLISH,928f8b27531443e187a0f3f2767e91a4,68f2d95bd190740cfd6a299d,ENQUEUED,1.005704268519385,questions_in
2025-10-29T13:16:57.686398,PUBLISH,9a701b75c63d4db4be097cf0bf005466,68f2d95bd190740cfd6a1f19,ENQUEUED,0.8343471775032346,questions_in
2025-10-29T13:16:58.349653,PUBLISH,527ebe76001442e2ae1f98ce40d245bd,68f2d95bd190740cfd6a1b9d,ENQUEUED,0.6552947591500001,questions_in
2025-10-29T13:16:59.349713,PUBLISH,efb04197e1b344298bf71b57db8b7a9e,68f2d95bd190740cfd6a29d8,ENQUEUED,0.996924943965142,questions_in
2025-10-29T13:17:00.327913,PUBLISH,9a81d183dc0d40fcb9404c71def1536c,68f2d95bd190740cfd6a2982,ENQUEUED,0.9700407923003782,questions_in
2025-10-29T13:17:01.102841,PUBLISH,e3187c0637e6474790cc5b50cb72345c,68f2d95bd190740cfd6a3a14,ENQUEUED,0.7659404387685241,questions_in
2025-10-29T13:17:04.056416,PUBLISH,80d5637c4e9943eb913b5fa4b219c4b4,68f2d95bd190740cfd6a3326,ENQUEUED,2.9416801641128276,questions_in
2025-10-29T13:17:04.677550,PUBLISH,725e656b6e364132bea87f0332f618d5,68f2d95bd190740cfd6a394f,ENQUEUED,0.6111166034682526,questions_in
2025-10-29T13:17:05.969562,PUBLISH,905ec187d83c4a11955a69e77eabcdb5,68f2d95bd190740cfd6a3da5,ENQUEUED,1.2886317977791186,questions_in
2025-10-29T13:17:06.578423,PUBLISH,22197ad132b145e29591ff3689e8da12,68f2d95bd190740cfd6a3c1d,ENQUEUED,0.5991269285032457,questions_in
2025-10-29T13:17:06.679929,PUBLISH,17d6ff9708fd44e3bcf01712fc6c4f93,68f2d95bd190740cfd6a20c3,ENQUEUED,0.09767974252234345,questions_in
2025-10-29T13:17:07.626055,PUBLISH,bd22fef283524222a60e0987d7962966,68f2d95bd190740cfd6a3857,ENQUEUED,0.9401391540491209,questions_in
2025-10-29T13:17:07.819393,PUBLISH,06f82dc2ac4c4eb7b3271d9a9575825a,68f2d95bd190740cfd6a1e6b,ENQUEUED,0.18947596254817714,questions_in
2025-10-29T13:17:08.975777,PUBLISH,b16c68ac44d7476d9d4651465b63df76,68f2d95bd190740cfd6a25c7,ENQUEUED,1.150656449487561,questions_in
2025-10-29T13:17:09.937101,PUBLISH,91fa1b8321a04ac19d41920e65078c57,68f2d95bd190740cfd6a3c10,ENQUEUED,0.9538056012528299,questions_in
2025-10-29T13:17:10.846797,PUBLISH,f93b00c281774fb7862206b029b547a5,68f2d95bd190740cfd6a1b62,ENQUEUED,0.905837219938673,questions_in
2025-10-29T13:17:11.780769,PUBLISH,d320ac9df2ee40c1bff44619f3ffae91,68f2d95bd190740cfd6a359e,ENQUEUED,0.9284481221005887,questions_in
2025-10-29T13:17:12.555040,PUBLISH,e6599b221f0643108d9cc9eb0c6030aa,68f2d95bd190740cfd6a2a00,ENQUEUED,0.7640081159064632,questions_in
2025-10-29T13:17:13.214580,PUBLISH,917702cddfb344609f6b6d1cec7c86d7,68f2d95bd190740cfd6a2e6a,ENQUEUED,0.6545570028459665,questions_in
2025-10-29T13:17:13.622856,PUBLISH,ad7cd1fee3b4425c9f4f4c7850821cd4,68f2d95bd190740cfd6a3c19,ENQUEUED,0.4009678019119989,questions_in
2025-10-29T13:17:15.749865,PUBLISH,75085ea5aa7c4192a5e0c88a052a1b1f,68f2d95bd190740cfd6a2c26,ENQUEUED,2.1201265910912026,questions_in
2025-10-29T13:17:15.934702,PUBLISH,c2cb4f8b88bc464f88fea095c33013d4,68f2d95bd190740cfd6a3af3,ENQUEUED,0.181566809637187,questions_in
2025-10-29T13:17:17.385216,PUBLISH,6825393a3cbd45c6b5caab39cdcec0c6,68f2d95bd190740cfd6a3a38,ENQUEUED,1.4435084694430262,questions_in
2025-10-29T13:17:17.716413,PUBLISH,9cee090101c54dc18352a2923078920f,68f2d95bd190740cfd6a1f1a,ENQUEUED,0.32547830505797576,questions_in
2025-10-29T13:17:17.951148,PUBLISH,85a863675c2d4c9aafce64b314548737,68f2d95bd190740cfd6a20e0,ENQUEUED,0.23161402879992096,questions_in
2025-10-29T13:17:18.923022,PUBLISH,0da49430954f4b5d877bde2b57aa851d,68f2d95bd190740cfd6a2659,ENQUEUED,0.9633242551091562,questions_in
2025-10-29T13:17:19.546888,PUBLISH,46c1e8a321ed457ab0a8cd9aedebaa46,68f2d95bd190740cfd6a1b13,ENQUEUED,0.6210875512189633,questions_in
2025-10-29T13:17:20.868564,PUBLISH,4e578f30ddfe4b339bbfc09510e34fa9,68f2d95bd190740cfd6a3742,ENQUEUED,1.3161873041468548,questions_in
2025-10-29T13:17:21.542457,PUBLISH,399b087350ba41dab3ceed9e6c6261bf,68f2d95bd190740cfd6a1c22,ENQUEUED,0.6663282153637573,questions_in
2025-10-29T13:17:22.158257,PUBLISH,5a299f43b86b43c7aa132f55cb479795,68f2d95bd190740cfd6a1e21,ENQUEUED,0.6082781265519005,questions_in
2025-10-29T13:17:23.812924,PUBLISH,f8679627f79647169605d7645e8ea58b,68f2d95bd190740cfd6a1ad8,ENQUEUED,1.6454583758097414,questions_in
2025-10-29T13:17:23.888203,PUBLISH,aa84b375802d4835804772611b4f7b42,68f2d95bd190740cfd6a2f90,ENQUEUED,0.0680500338199066,questions_in
2025-10-29T13:17:24.267445,PUBLISH,74f07f1d9452442aa32c20fa040a4bf2,68f2d95bd190740cfd6a246f,ENQUEUED,0.3714252856833566,questions_in
2025-10-29T13:17:24.281785,PUBLISH,f6c4d9e3a56d4d47b92ac71e7843bc42,68f2d95bd190740cfd6a39ab,ENQUEUED,0.00681913884595857,questions_in
2025-10-29T13:17:25.402644,PUBLISH,7f8f7ccd37584e98a952f12f9125ce6d,68f2d95bd190740cfd6a2344,ENQUEUED,1.1128670359168489,questions_in
2025-10-29T13:17:25.675662,PUBLISH,5bf82a8d4ec3495392257247132dc482,68f2d95bd190740cfd6a40c0,ENQUEUED,0.2655284675973048,questions_in
2025-10-29T13:17:25.807199,PUBLISH,fb668201bc8b4b5d89cf4a21ecd8a0fe,68f2d95bd190740cfd6a3f9c,ENQUEUED,0.12886251764456247,questions_in
2025-10-29T13:17:26.376745,PUBLISH,49ba5cc2cb934dc7b774860f39a41c52,68f2d95bd190740cfd6a3330,ENQUEUED,0.5604390102470159,questions_in
2025-10-29T13:17:26.854099,PUBLISH,0fb5edd758f74a798e563f34e1cdf7be,68f2d95bd190740cfd6a1ce7,ENQUEUED,0.4692551595611884,questions_in
2025-10-29T13:17:28.061537,PUBLISH,a1e1696d64864f209dce1d2ee9aef27e,68f2d95bd190740cfd6a3622,ENQUEUED,1.1981851316035208,questions_in
2025-10-29T13:17:28.537646,PUBLISH,79b2f8eed300484a80ac06eb47b2a6d1,68f2d95bd190740cfd6a1c98,ENQUEUED,0.46845965041705956,questions_in
2025-10-29T13:17:29.137206,PUBLISH,b1967c85193a43599686af7ca7d87e17,68f2d95bd190740cfd6a1f6f,ENQUEUED,0.5904777201643777,questions_in
2025-10-29T13:17:29.947670,PUBLISH,0d0c77b6bf8343bf94fb41d5a46162e6,68f2d95bd190740cfd6a2bde,ENQUEUED,0.8023893214104237,questions_in
2025-10-29T13:17:30.430195,PUBLISH,3ada4f7b457b483e8241c16512750650,68f2d95bd190740cfd6a3032,ENQUEUED,0.47432861270084864,questions_in
2025-10-29T13:17:30.949688,PUBLISH,72c76f00ba334d9b8c7f057863fe90b6,68f2d95bd190740cfd6a40a3,ENQUEUED,0.5126014501458322,questions_in
2025-10-29T13:17:34.284635,PUBLISH,acdbe0afa4344046b1ffa06762158abb,68f2d95bd190740cfd6a3856,ENQUEUED,3.3289279506300127,questions_in
2025-10-29T13:17:35.034248,PUBLISH,f2dc69ad628f4838a7ea5803650cfb80,68f2d95bd190740cfd6a31bd,ENQUEUED,0.7469999028324481,questions_in
2025-10-29T13:17:35.249343,PUBLISH,bd8b1035e16a4b99a7d084607038cf2e,68f2d95bd190740cfd6a2447,ENQUEUED,0.20844353818542086,questions_in
2025-10-29T13:17:36.065137,PUBLISH,cf33f7e57b6949d6abb2a47b1fce7fad,68f2d95bd190740cfd6a3137,ENQUEUED,0.8071374448107423,questions_in
2025-10-29T13:17:36.399610,PUBLISH,83f13fff6b224b8b996928e03397a9c4,68f2d95bd190740cfd6a2ce5,ENQUEUED,0.3272861822088499,questions_in
2025-10-29T13:17:38.160622,PUBLISH,61dd570d6b9e4cdc833bc2b8e7bbdce5,68f2d95bd190740cfd6a3ae1,ENQUEUED,1.7568208077885006,questions_in
2025-10-29T13:17:39.602994,PUBLISH,a4362f6090e54b08a2f144c54574d29f,68f2d95bd190740cfd6a3c12,ENQUEUED,1.434317705522332,questions_in
2025-10-29T13:17:39.692837,PUBLISH,8b38ed1bee024056948aae2091cf81ea,68f2d95bd190740cfd6a31d7,ENQUEUED,0.0815551117271755,questions_in
2025-10-29T13:17:40.372560,PUBLISH,8546b93d974c4e6cb72b4dbafa57498d,68f2d95bd190740cfd6a381b,ENQUEUED,0.6704900947610203,questions_in
2025-10-29T13:17:40.397704,PUBLISH,bbaab88842e74b4ca4c9a0ff7fdb453b,68f2d95bd190740cfd6a22ad,ENQUEUED,0.02262592255207711,questions_in
2025-10-29T13:17:41.294839,PUBLISH,2b3f2128c5ff4bfcb7af1c7f52f47c66,68f2d95bd190740cfd6a1d11,ENQUEUED,0.8885334968693289,questions_in
2025-10-29T13:17:41.707324,PUBLISH,bed596765f9c4c1baf311e574dd93ab8,68f2d95bd190740cfd6a3c63,ENQUEUED,0.40571062209183917,questions_in
2025-10-29T13:17:41.754701,PUBLISH,c5927daa203948dea943c34ad6fc0d97,68f2d95bd190740cfd6a2317,ENQUEUED,0.04046017708234332,questions_in
2025-10-29T13:17:42.208690,PUBLISH,6be2e6e2fab84b6085bb352ecc5dc82a,68f2d95bd190740cfd6a2601,ENQUEUED,0.4458656500134445,questions_in
2025-10-29T13:17:42.545635,PUBLISH,fb4f4ecf1b8d4513bb9452847efbdb60,68f2d95bd190740cfd6a297d,ENQUEUED,0.32917411041413974,questions_in
2025-10-29T13:17:44.256848,PUBLISH,867f12c9358d4786809267bb6c96d7fa,68f2d95bd190740cfd6a2723,ENQUEUED,1.70775895067473,questions_in
2025-10-29T13:17:45.524827,PUBLISH,d2d5036cb3dc41edaf0d9a9ef256eb43,68f2d95bd190740cfd6a3927,ENQUEUED,1.2600728899264624,questions_in
2025-10-29T13:17:46.140333,PUBLISH,8452bdf3d7d04eea826df37e8efe48fa,68f2d95bd190740cfd6a25ad,ENQUEUED,0.6081443183090279,questions_in
2025-10-29T13:17:46.237312,PUBLISH,48e53839772245b69d87ba05d5bfa39a,68f2d95bd190740cfd6a3255,ENQUEUED,0.08982053785246931,questions_in
2025-10-29T13:17:46.893046,PUBLISH,6b49e1400e1548ba897a28a54523e742,68f2d95bd190740cfd6a1e88,ENQUEUED,0.6480840616245681,questions_in
2025-10-29T13:17:46.988914,PUBLISH,3e0850e88c654280885696ca8d606e6c,68f2d95bd190740cfd6a29e0,ENQUEUED,0.08885486660627483,questions_in
2025-10-29T13:17:47.543358,PUBLISH,7137f7be85e041f995b969274eb7b223,68f2d95bd190740cfd6a2010,ENQUEUED,0.5516241749509191,questions_in
2025-10-29T13:17:47.688024,PUBLISH,b1b00a1a770b4c8182747be757a8f032,68f2d95bd190740cfd6a2b19,ENQUEUED,0.14221342825167446,questions_in
2025-10-29T13:17:47.700292,PUBLISH,f48116b24f244e3fb5e39c85ada3f41d,68f2d95bd190740cfd6a2a18,ENQUEUED,0.010131473212800652,questions_in
2025-10-29T13:17:47.978547,PUBLISH,bdc1d143212e4656a9a7aada467cb8da,68f2d95bd190740cfd6a2686,ENQUEUED,0.2713175733466398,questions_in
2025-10-29T13:17:48.891731,PUBLISH,e79eec11e6834b5eaa998a5f72abd33d,68f2d95bd190740cfd6a379d,ENQUEUED,0.9051312937498458,questions_in
2025-10-29T13:17:49.123080,PUBLISH,7ebb0621727a4caf893a0beb8cc8a2ac,68f2d95bd190740cfd6a411a,ENQUEUED,0.22453769027035017,questions_in
2025-10-29T13:17:49.685670,PUBLISH,9883cb3918314816812dfb8e6a716724,68f2d95bd190740cfd6a2e90,ENQUEUED,0.5540370946775013,questions_in
2025-10-29T13:17:50.256828,PUBLISH,e68a9b6293c446d6b79708c10db4b06a,68f2d95bd190740cfd6a3268,ENQUEUED,0.5686420651174543,questions_in
2025-10-29T13:17:50.449255,PUBLISH,b19ec71838644edf8bd62cced62ebab5,68f2d95bd190740cfd6a31cc,ENQUEUED,0.18989320237902588,questions_in
2025-10-29T13:17:50.799292,PUBLISH,958adbb048e249868837b530b05ebbc0,68f2d95bd190740cfd6a280d,ENQUEUED,0.347880967084009,questions_in
2025-10-29T13:17:51.990036,PUBLISH,f463fb1bff664e0e8875743ebed2a71c,68f2d95bd190740cfd6a3aa7,ENQUEUED,1.1821821196599285,questions_in
2025-10-29T13:17:52.891936,PUBLISH,8fc5e96892bb45889e0a4ee09d62c3a8,68f2d95bd190740cfd6a1b02,ENQUEUED,0.8938719800545463,questions_in
2025-10-29T13:17:53.107920,PUBLISH,99dc890ff4bd463982b4cbd7f2ca6cc6,68f2d95bd190740cfd6a1bcd,ENQUEUED,0.20805373977547914,questions_in
2025-10-29T13:17:53.295809,PUBLISH,736de1d1c2b5426790d9bda0b96afc2f,68f2d95bd190740cfd6a1f1a,ENQUEUED,0.179628852912488,questions_in
2025-10-29T13:17:53.849581,PUBLISH,52efa0c188bf40f2aae59d5c17fc5fcd,68f2d95bd190740cfd6a2f30,ENQUEUED,0.5512658476639346,questions_in
2025-10-29T13:17:54.488735,PUBLISH,2ce11abc9ce84c05ab6410ad6897a303,68f2d95bd190740cfd6a2cec,ENQUEUED,0.631758583061076,questions_in
2025-10-29T13:17:55.486269,PUBLISH,3bcae66ff1cb41db8a9d4708fcf5caad,68f2d95bd190740cfd6a2f3f,ENQUEUED,0.9908030114480688,questions_in
2025-10-29T13:17:55.625904,PUBLISH,db4fd24ee4944931be57531ac2e4e2ab,68f2d95bd190740cfd6a2ef8,ENQUEUED,0.13196493812604168,questions_in
2025-10-29T13:17:56.996721,PUBLISH,b3a4d551e97645a785b38b7170339bea,68f2d95bd190740cfd6a2e68,ENQUEUED,1.3681908142120767,questions_in
2025-10-29T13:17:57.351121,PUBLISH,887495df901d482098c83c2d1efaf3dc,68f2d95bd190740cfd6a34d7,ENQUEUED,0.34782170259088385,questions_in
2025-10-29T13:17:58.608801,PUBLISH,3f810765c2e841609e3f282371b82a90,68f2d95bd190740cfd6a2017,ENQUEUED,1.2491206256662457,questions_in
2025-10-29T13:17:58.759896,PUBLISH,de1101d0dd75455989eb76acb29ef12f,68f2d95bd190740cfd6a214a,ENQUEUED,0.14476693796247778,questions_in
2025-10-29T13:17:59.005502,PUBLISH,b002058aa9f5469ba0ddb608538b3736,68f2d95bd190740cfd6a2ffe,ENQUEUED,0.23862734214136103,questions_in
2025-10-29T13:17:59.404636,PUBLISH,115dc78aa35d4b58ad703efe4f4d7def,68f2d95bd190740cfd6a3b35,ENQUEUED,0.3921759914106289,questions_in
2025-10-29T13:17:59.551172,PUBLISH,661ef936002d4f1485abdbe9ce0b65d4,68f2d95bd190740cfd6a31f2,ENQUEUED,0.14018297595241405,questions_in
2025-10-29T13:17:59.563548,PUBLISH,5ce45247b8494da08702a942b83d3a98,68f2d95bd190740cfd6a30d6,ENQUEUED,0.005258647150210902,questions_in
2025-10-29T13:18:00.787019,PUBLISH,5de704c19f174281b70e7b6cb98e9d89,68f2d95bd190740cfd6a2269,ENQUEUED,1.2162410557880248,questions_in
2025-10-29T13:18:01.851307,PUBLISH,d05abb08cc764a0eb9a95da136ebe176,68f2d95bd190740cfd6a3857,ENQUEUED,1.0562831351371098,questions_in
2025-10-29T13:18:02.226575,PUBLISH,74708b242d264fb4bb14ed9450d859fc,68f2d95bd190740cfd6a3531,ENQUEUED,0.3670581058238087,questions_in
2025-10-29T13:18:02.238350,PUBLISH,1cbdb939ad4e40c08ab0569d9d404663,68f2d95bd190740cfd6a2604,ENQUEUED,0.0035693328107472195,questions_in
2025-10-29T13:18:02.441183,PUBLISH,8ab5bf6f4be64e41bd769e742d94bf7a,68f2d95bd190740cfd6a2f32,ENQUEUED,0.19548075471835177,questions_in
2025-10-29T13:18:03.010197,PUBLISH,631fccc9add944bfbfb5abc683b32897,68f2d95bd190740cfd6a2327,ENQUEUED,0.5576329784344054,questions_in
2025-10-29T13:18:03.888446,PUBLISH,9236ec35fb37453facd6d3013d11720a,68f2d95bd190740cfd6a2afd,ENQUEUED,0.8709838629253986,questions_in
2025-10-29T13:18:04.435780,PUBLISH,72c6cdd5cfaf4d7f8fb1866dc9699444,68f2d95bd190740cfd6a286a,ENQUEUED,0.5387572313015291,questions_in
2025-10-29T13:18:04.768507,PUBLISH,6d549ab903164f048776526368c7a421,68f2d95bd190740cfd6a330d,ENQUEUED,0.32555248884581584,questions_in
2025-10-29T13:18:04.836508,PUBLISH,8bbd9ddd01d14139a2d9b8fcd08ffd7a,68f2d95bd190740cfd6a2213,ENQUEUED,0.06105626980948459,questions_in
2025-10-29T13:18:05.396733,PUBLISH,122794e30a47471baa690aa665fbc6cf,68f2d95bd190740cfd6a1b2e,ENQUEUED,0.5530606294617034,questions_in
2025-10-29T13:18:05.775954,PUBLISH,9a4c5419975a4c7d844fb023b0568816,68f2d95bd190740cfd6a2408,ENQUEUED,0.3724077856288615,questions_in
2025-10-29T13:18:06.994026,PUBLISH,36ffb7d7eb6a433aa2240b1269448625,68f2d95bd190740cfd6a3a46,ENQUEUED,1.21150403469597,questions_in
2025-10-29T13:18:07.595785,PUBLISH,3fb8839adc5a4499badd002e2d78a1b3,68f2d95bd190740cfd6a26b0,ENQUEUED,0.5952063267305299,questions_in
2025-10-29T13:18:08.827536,PUBLISH,6468862fca2d432bb5e2c2aaf3746804,68f2d95bd190740cfd6a1eef,ENQUEUED,1.2243981351018567,questions_in
2025-10-29T13:18:10.758834,PUBLISH,8f5cd916101a4110b891f027fa1641e0,68f2d95bd190740cfd6a2718,ENQUEUED,1.9224191285605894,questions_in
2025-10-29T13:18:11.119600,PUBLISH,a130718ebdd249e89f6ed894620a0277,68f2d95bd190740cfd6a2f93,ENQUEUED,0.35418568110313786,questions_in
2025-10-29T13:18:11.500640,PUBLISH,68831d08ed484e05b9dc726c4ef4eeef,68f2d95bd190740cfd6a2c89,ENQUEUED,0.3741936443736806,questions_in
2025-10-29T13:18:12.190652,PUBLISH,954dff3fe1ca436d86ba0244a17f3457,68f2d95bd190740cfd6a285b,ENQUEUED,0.6827743340535036,questions_in
2025-10-29T13:18:15.694086,PUBLISH,3ce4d9e1312a47fd99829ecda3d41d22,68f2d95bd190740cfd6a281c,ENQUEUED,3.4980935126359434,questions_in
2025-10-29T13:18:15.926497,PUBLISH,5d5adb5334474ae79e56c85dc6403ae7,68f2d95bd190740cfd6a3372,ENQUEUED,0.22515266405667192,questions_in
2025-10-29T13:18:16.170821,PUBLISH,bbd559dad50f45d2962021c8d38b2188,68f2d95bd190740cfd6a419b,ENQUEUED,0.23674477027900054,questions_in
2025-10-29T13:18:16.972046,PUBLISH,b77cb5ed37164ee488b7e62b72ce12e7,68f2d95bd190740cfd6a3851,ENQUEUED,0.792322455306341,questions_in
2025-10-29T13:18:17.563467,PUBLISH,fe4b5804888b4c0cb709c2a1bd863eff,68f2d95bd190740cfd6a3e42,ENQUEUED,0.5839939686208975,questions_in
2025-10-29T13:18:18.389244,PUBLISH,dc809bed5ab54cc4b827f3652a2aee23,68f2d95bd190740cfd6a1dc8,ENQUEUED,0.8177827161910215,questions_in
2025-10-29T13:18:18.427094,PUBLISH,0b2d9ec84d9540149a6da707e26745a7,68f2d95bd190740cfd6a1d8f,ENQUEUED,0.03559713593128543,questions_in
2025-10-29T13:18:18.434063,PUBLISH,63482727e8454dfd8bd606cdb9dfe8db,68f2d95bd190740cfd6a2b0f,ENQUEUED,0.00506743381076396,questions_in
2025-10-29T13:18:18.902239,PUBLISH,999a2a5134df4f4a97fff04255d09578,68f2d95bd190740cfd6a2c81,ENQUEUED,0.4654913721991858,questions_in
2025-10-29T13:18:18.968345,PUBLISH,e1c64779ae764b16ac1e6def48a1d2cd,68f2d95bd190740cfd6a2c50,ENQUEUED,0.05829491265659289,questions_in
2025-10-29T13:18:20.442795,PUBLISH,907ac0ed544a429b9f195e9ffa8045c5,68f2d95bd190740cfd6a2083,ENQUEUED,1.4668318158929885,questions_in
2025-10-29T13:18:20.701281,PUBLISH,f6b5274f269f4fb88349a78866ffcab8,68f2d95bd190740cfd6a30fa,ENQUEUED,0.25597823575099915,questions_in
2025-10-29T13:18:21.217284,PUBLISH,186aacdb341d4da98f2728000a00e08e,68f2d95bd190740cfd6a222b,ENQUEUED,0.5081939102208308,questions_in
2025-10-29T13:18:21.595826,PUBLISH,4e5cc066bf4e4fee9be0eb1841e8ad69,68f2d95bd190740cfd6a3792,ENQUEUED,0.37132301133765505,questions_in
2025-10-29T13:18:21.882485,PUBLISH,ecf54204c06642a4a19ee1592a3909dc,68f2d95bd190740cfd6a322a,ENQUEUED,0.2770495436821347,questions_in
2025-10-29T13:18:22.196083,PUBLISH,b626c0a3e8794040971a984fa7928ef5,68f2d95bd190740cfd6a1d8a,ENQUEUED,0.31101130912840125,questions_in
2025-10-29T13:18:22.403403,PUBLISH,036e96d39de1412c8e2f6c8d7155ca8b,68f2d95bd190740cfd6a1f99,ENQUEUED,0.2042851123456678,questions_in
2025-10-29T13:18:23.067249,PUBLISH,bea5a7d7318a45f59c0017314a8585ad,68f2d95bd190740cfd6a2f30,ENQUEUED,0.6562395642313751,questions_in
2025-10-29T13:18:23.763379,PUBLISH,49f06b2230e648978e0ef9d5d00f9f1f,68f2d95bd190740cfd6a29ac,ENQUEUED,0.6869847276006289,questions_in
2025-10-29T13:18:23.833200,PUBLISH,d02c8dd1142a4cb2a4eb8be3569752ae,68f2d95bd190740cfd6a2949,ENQUEUED,0.06127026205184407,questions_in
2025-10-29T13:18:24.917190,PUBLISH,6fcbf9d8a740435bab263e1057227480,68f2d95bd190740cfd6a36af,ENQUEUED,1.0810138594104484,questions_in
2025-10-29T13:18:25.063498,PUBLISH,44fbd9cca90444b6a1d3f4706407530f,68f2d95bd190740cfd6a3b9e,ENQUEUED,0.13934982027511894,questions_in
2025-10-29T13:18:25.998090,PUBLISH,25661d8e11304e5e8a9828b91d6b420a,68f2d95bd190740cfd6a1d77,ENQUEUED,0.9311114338199858,questions_in
2025-10-29T13:18:27.364693,PUBLISH,b42f8dace5994ba0b2e1e78b2ef82436,68f2d95bd190740cfd6a2960,ENQUEUED,1.3587490577816832,questions_in
2025-10-29T13:18:27.529627,PUBLISH,79c46c4ac9b0499f85f69f4b89a83c0e,68f2d95bd190740cfd6a2aee,ENQUEUED,0.1630422830770648,questions_in
2025-10-29T13:18:27.743482,PUBLISH,7886fc6aea8a47539ba6c6d15f113949,68f2d95bd190740cfd6a3a86,ENQUEUED,0.2113300099167362,questions_in
2025-10-29T13:18:28.641412,PUBLISH,b073e36916ae4781812dfd318bc272f7,68f2d95bd190740cfd6a226d,ENQUEUED,0.8914402934662143,questions_in
2025-10-29T13:18:29.161409,PUBLISH,ca8e82b6b0b046e2b89cfe0c7125aa03,68f2d95bd190740cfd6a2c3c,ENQUEUED,0.5134280664074037,questions_in
2025-10-29T13:18:30.423033,PUBLISH,6acb1c725a8946c1824e4147c10e0db8,68f2d95bd190740cfd6a36ef,ENQUEUED,1.2536138173786473,questions_in
2025-10-29T13:18:30.938746,PUBLISH,180646950de449588be0734b88e73d7e,68f2d95bd190740cfd6a21ec,ENQUEUED,0.5079457001015594,questions_in
2025-10-29T13:18:31.120293,PUBLISH,a11c40cb89314a27b31d1b067e05fbf7,68f2d95bd190740cfd6a3695,ENQUEUED,0.1792844061593086,questions_in
2025-10-29T13:18:31.678480,PUBLISH,6ef84e9de5e54dcc835f6424dccfc63d,68f2d95bd190740cfd6a262d,ENQUEUED,0.5553246110101816,questions_in
2025-10-29T13:18:32.651593,PUBLISH,cf8a0b38e20443c1a3d28904605596bd,68f2d95bd190740cfd6a332b,ENQUEUED,0.9650880978192719,questions_in
2025-10-29T13:18:34.531810,PUBLISH,11c0493a54e7474f8e48a1530ad61227,68f2d95bd190740cfd6a2e73,ENQUEUED,1.8723091622838066,questions_in
2025-10-29T13:18:34.755001,PUBLISH,8283457c587541e2a2c82b9d158e7358,68f2d95bd190740cfd6a25b6,ENQUEUED,0.22114026156953656,questions_in
2025-10-29T13:18:35.183561,PUBLISH,233f3050f4fa4043a437dfd97240cee7,68f2d95bd190740cfd6a3837,ENQUEUED,0.4204561994668188,questions_in
2025-10-29T13:18:36.124350,PUBLISH,bd08002ea8d4459c82ca6de06578a390,68f2d95bd190740cfd6a2462,ENQUEUED,0.930442190278438,questions_in
2025-10-29T13:18:36.987221,PUBLISH,d6a8847a40a04d63943a41df4205cd26,68f2d95bd190740cfd6a4080,ENQUEUED,0.8603968082405272,questions_in
2025-10-29T13:18:37.887174,PUBLISH,d2031542829a4f449eb642f059614a48,68f2d95bd190740cfd6a2e58,ENQUEUED,0.8971483327813607,questions_in
2025-10-29T13:18:38.360681,PUBLISH,9fef9fa4b0b34e15aafee90565b5aca0,68f2d95bd190740cfd6a2f4f,ENQUEUED,0.4661554698054425,questions_in
2025-10-29T13:18:38.510012,PUBLISH,5d08a45427074c7a875bf2f070161678,68f2d95bd190740cfd6a3681,ENQUEUED,0.1427146449254023,questions_in
2025-10-29T13:18:38.541423,PUBLISH,75c33ed2f91046f3a45b5869e2ecf2d6,68f2d95bd190740cfd6a2dfb,ENQUEUED,0.02673938118548619,questions_in
2025-10-29T13:18:39.000133,PUBLISH,ac7b1b23260d4872a914eb8bc394d758,68f2d95bd190740cfd6a1b87,ENQUEUED,0.4506937399678473,questions_in
2025-10-29T13:18:39.317816,PUBLISH,729360a787924468b91158f6e657df73,68f2d95bd190740cfd6a31ed,ENQUEUED,0.3109498869011915,questions_in
2025-10-29T13:18:39.838091,PUBLISH,83d2b1c045bb40508afe61dc00aae3a1,68f2d95bd190740cfd6a34e9,ENQUEUED,0.5125008285965048,questions_in
2025-10-29T13:18:40.389272,PUBLISH,50e666899ce24924a2d7c321289e569f,68f2d95bd190740cfd6a30e2,ENQUEUED,0.543437281863251,questions_in
2025-10-29T13:18:40.414030,PUBLISH,1f9e46f0c56840c1a79d0c33f5de21f4,68f2d95bd190740cfd6a250e,ENQUEUED,0.022361217535833113,questions_in
2025-10-29T13:18:40.678680,PUBLISH,49b0265f910e46478aa250d579d83955,68f2d95bd190740cfd6a3c1d,ENQUEUED,0.2535740599804008,questions_in
2025-10-29T13:18:41.163833,PUBLISH,4f539d1a8701442c83a9a9fda7069e81,68f2d95bd190740cfd6a1dba,ENQUEUED,0.4781213262002268,questions_in
2025-10-29T13:18:41.591476,PUBLISH,ff944e2afd9340aea64386e558e37727,68f2d95bd190740cfd6a25a3,ENQUEUED,0.420830281838136,questions_in
2025-10-29T13:18:42.275558,PUBLISH,f858fccea8b849c2a709406eb4dc9d02,68f2d95bd190740cfd6a40e7,ENQUEUED,0.6766272288442395,questions_in
2025-10-29T13:18:44.372788,PUBLISH,20d0160478da456d8826aac26a5e5e56,68f2d95bd190740cfd6a2dba,ENQUEUED,2.088384093323017,questions_in
2025-10-29T13:18:44.480747,PUBLISH,86e4af42a4744955850eb5bfc2266800,68f2d95bd190740cfd6a320f,ENQUEUED,0.10128794929733069,questions_in
2025-10-29T13:18:44.636932,PUBLISH,9b8e014db99245448ca8f028782bc8e6,68f2d95bd190740cfd6a2633,ENQUEUED,0.14934333728313606,questions_in
2025-10-29T13:18:45.546473,PUBLISH,28084678c59749aaa0cef0d972132957,68f2d95bd190740cfd6a3fd0,ENQUEUED,0.9014185749374252,questions_in
2025-10-29T13:18:45.599485,PUBLISH,e926b9eb71844155be6cd871904fd4b8,68f2d95bd190740cfd6a353f,ENQUEUED,0.04565714780587989,questions_in
2025-10-29T13:18:45.638387,PUBLISH,936ef354051f487bab6216c776f80304,68f2d95bd190740cfd6a1f4c,ENQUEUED,0.03133539858829721,questions_in
2025-10-29T13:18:45.725708,PUBLISH,3057dc8e85a14db180847e5cf9ce9da9,68f2d95bd190740cfd6a3db7,ENQUEUED,0.08084089358998488,questions_in
2025-10-29T13:18:46.070946,PUBLISH,6a189c9df70c44f3b31795757cc702d8,68f2d95bd190740cfd6a40fe,ENQUEUED,0.3366464699190943,questions_in
2025-10-29T13:18:46.093322,PUBLISH,c8e58b5551e1468e9fd8310b44d32655,68f2d95bd190740cfd6a3880,ENQUEUED,0.014975896259210445,questions_in
2025-10-29T13:18:46.298987,PUBLISH,b64ba7a171684829baa962e8b24db013,68f2d95bd190740cfd6a305b,ENQUEUED,0.20214593253458354,questions_in
2025-10-29T13:18:46.651568,PUBLISH,a3c0db5b159641e090fbe8ae13ceaeb4,68f2d95bd190740cfd6a3982,ENQUEUED,0.34941064833994734,questions_in
2025-10-29T13:18:46.800972,PUBLISH,c24b99cb89f84ea1a0777f64a93826df,68f2d95bd190740cfd6a2e6f,ENQUEUED,0.1468334916033697,questions_in
2025-10-29T13:18:46.899125,PUBLISH,7f454f728b8246899b7c6062ce5f673c,68f2d95bd190740cfd6a26c3,ENQUEUED,0.09041735004066742,questions_in
2025-10-29T13:18:47.065686,PUBLISH,6fbfed8741c34e009d9186624c4c0a01,68f2d95bd190740cfd6a2595,ENQUEUED,0.15799618667824739,questions_in
2025-10-29T13:18:47.700727,PUBLISH,59104fcab6bf44d1bf2179581ea244c7,68f2d95bd190740cfd6a36f0,ENQUEUED,0.6284986834024783,questions_in
2025-10-29T13:18:48.364051,PUBLISH,5355186623a34f359f2db8310e99d653,68f2d95bd190740cfd6a418c,ENQUEUED,0.6571644113526921,questions_in
2025-10-29T13:18:49.782267,PUBLISH,b5524643f6084d9f8862db2352e5e75c,68f2d95bd190740cfd6a3824,ENQUEUED,1.4109154696651778,questions_in
2025-10-29T13:18:49.875676,PUBLISH,7c98f962be4f4f39b9fcb2b15e6ecd80,68f2d95bd190740cfd6a2b87,ENQUEUED,0.0869386513010353,questions_in
2025-10-29T13:18:50.222908,PUBLISH,c7cab8cd23a6438382e20b187e39fe81,68f2d95bd190740cfd6a3536,ENQUEUED,0.3413009262350914,questions_in
2025-10-29T13:18:51.212550,PUBLISH,b20f5245530049978577c80ee5ae9b67,68f2d95bd190740cfd6a395f,ENQUEUED,0.982833038179805,questions_in
2025-10-29T13:18:51.744834,PUBLISH,06041ed099f6449e8500142dedd490f8,68f2d95bd190740cfd6a31b4,ENQUEUED,0.5256124396914751,questions_in
2025-10-29T13:18:52.527504,PUBLISH,de996bbaa920409ebf409ff4f3add224,68f2d95bd190740cfd6a34c9,ENQUEUED,0.7766138690653817,questions_in
2025-10-29T13:18:53.538024,PUBLISH,f8d354cc639a4c5691dbd19f6aea5d9f,68f2d95bd190740cfd6a1f33,ENQUEUED,1.0030508230356652,questions_in
2025-10-29T13:18:55.069155,PUBLISH,071ee8962b6846249f46add6fe820650,68f2d95bd190740cfd6a1db2,ENQUEUED,1.521530315335817,questions_in
2025-10-29T13:18:56.817634,PUBLISH,0f8b467e893647ce8be7e5294661d944,68f2d95bd190740cfd6a2524,ENQUEUED,1.740972268666116,questions_in
2025-10-29T13:18:57.950474,PUBLISH,b3cbb040335348c7ab2b673e79d8231a,68f2d95bd190740cfd6a4036,ENQUEUED,1.1261007181095968,questions_in
2025-10-29T13:18:58.094269,PUBLISH,b286d5b11e7f434c8db2432ee5638a17,68f2d95bd190740cfd6a20de,ENQUEUED,0.13439161619791373,questions_in
2025-10-29T13:18:59.008350,PUBLISH,16c836bd90fe4881847e334f4ace34b2,68f2d95bd190740cfd6a2408,ENQUEUED,0.9058878274447647,questions_in
2025-10-29T13:18:59.124409,PUBLISH,74323e0d39e945729b2a8fddc9e3a932,68f2d95bd190740cfd6a2431,ENQUEUED,0.10986368256082392,questions_in
2025-10-29T13:18:59.768748,PUBLISH,0ba72264d9e944cca4375bf791e52c34,68f2d95bd190740cfd6a21bf,ENQUEUED,0.6374984538386427,questions_in
2025-10-29T13:19:00.277628,PUBLISH,c401fd4415284bc79bf845dfa6eac1fb,68f2d95bd190740cfd6a256f,ENQUEUED,0.5017333405746939,questions_in
2025-10-29T13:19:00.337127,PUBLISH,d7940e1cf2364526a25d90fc93265821,68f2d95bd190740cfd6a3a9c,ENQUEUED,0.05613084879542152,questions_in
2025-10-29T13:19:00.485415,PUBLISH,7e97fa253510450eaf6e57c0bbbc96fd,68f2d95bd190740cfd6a287d,ENQUEUED,0.1418754790542851,questions_in
2025-10-29T13:19:01.025506,PUBLISH,abf2232bb0fb42b2a09ea1d25021957b,68f2d95bd190740cfd6a2392,ENQUEUED,0.5327365531564715,questions_in
2025-10-29T13:19:01.034067,PUBLISH,538a08a0a0d64f808942e6e878aecc75,68f2d95bd190740cfd6a1da0,ENQUEUED,0.0008114181764454473,questions_in
2025-10-29T13:19:01.373221,PUBLISH,f72a6e7a76d745d89897d7dfc98f01a4,68f2d95bd190740cfd6a3cb4,ENQUEUED,0.332500360954377,questions_in
2025-10-29T13:19:01.668687,PUBLISH,8280e84a72e44ac1be97e5f0beadd230,68f2d95bd190740cfd6a1f7e,ENQUEUED,0.28727753923827154,questions_in
2025-10-29T13:19:01.960899,PUBLISH,6b6b3c467182428b963bbbfb285a846d,68f2d95bd190740cfd6a3a62,ENQUEUED,0.28488757672263126,questions_in
2025-10-29T13:19:01.976317,PUBLISH,6bee376742304625856743fc1b992e9b,68f2d95bd190740cfd6a311f,ENQUEUED,0.007330534936377096,questions_in
2025-10-29T13:19:02.433732,PUBLISH,cd888d7b1a8a43dbbd0a0caf08b4153f,68f2d95bd190740cfd6a38ee,ENQUEUED,0.4488184278050083,questions_in
2025-10-29T13:19:02.913645,PUBLISH,22c091cbfea443e091c406e67ed2bd0f,68f2d95bd190740cfd6a2309,ENQUEUED,0.4778892421594443,questions_in
2025-10-29T13:19:03.331363,PUBLISH,858b3656a0c04256b33d1d29287d34d8,68f2d95bd190740cfd6a2e40,ENQUEUED,0.41503544790832375,questions_in
2025-10-29T13:19:04.040563,PUBLISH,69d536c66cbe4880840bc86497baa8ad,68f2d95bd190740cfd6a3f52,ENQUEUED,0.7014963829050713,questions_in
2025-10-29T13:19:05.086860,PUBLISH,cc2f621b22ec41489d55dfefd6595995,68f2d95bd190740cfd6a26e4,ENQUEUED,1.0384805734276552,questions_in
2025-10-29T13:19:06.132041,PUBLISH,72ad1ce0041e475687530d2492695cca,68f2d95bd190740cfd6a25c4,ENQUEUED,1.038350185700765,questions_in
2025-10-29T13:19:06.158404,PUBLISH,f26b6d55f6a049c1b93413e70b98f05e,68f2d95bd190740cfd6a3231,ENQUEUED,0.024317525584783686,questions_in
2025-10-29T13:19:07.230136,PUBLISH,6c45158a607d4edc9343d07f2afaaca7,68f2d95bd190740cfd6a397a,ENQUEUED,1.0690913651765388,questions_in
2025-10-29T13:19:07.840104,PUBLISH,ab338389ee424646b314144e62cd077a,68f2d95bd190740cfd6a1aee,ENQUEUED,0.6026417573917352,questions_in
2025-10-29T13:19:08.378899,PUBLISH,81c7fded692e4e39a7f02cc14c83a7d2,68f2d95bd190740cfd6a2889,ENQUEUED,0.5302479999821282,questions_in
2025-10-29T13:19:08.573287,PUBLISH,3594743d93824f389e388834d746387a,68f2d95bd190740cfd6a3b29,ENQUEUED,0.19167040779650646,questions_in
2025-10-29T13:19:08.603361,PUBLISH,6a49770db7514b94a73f7270f043a7f9,68f2d95bd190740cfd6a266b,ENQUEUED,0.02799482346674743,questions_in
2025-10-29T13:19:08.612638,PUBLISH,10156561d1c54554b25fd82d332d5178,68f2d95bd190740cfd6a23a5,ENQUEUED,0.007581907696976747,questions_in
2025-10-29T13:19:08.752720,PUBLISH,aadc40a745304bc4ba65861f61ca1dca,68f2d95bd190740cfd6a28c3,ENQUEUED,0.1328314390343699,questions_in
2025-10-29T13:19:11.945435,PUBLISH,a550f21f38bd44c6abde837bf2f9052a,68f2d95bd190740cfd6a4061,ENQUEUED,3.183119144477834,questions_in
2025-10-29T13:19:12.073508,PUBLISH,ccd5a5289fbc47b686bd25713f7f9151,68f2d95bd190740cfd6a3946,ENQUEUED,0.12622411644777556,questions_in
2025-10-29T13:19:12.987703,PUBLISH,3dd7c07a7131453f80607f3acdce421f,68f2d95bd190740cfd6a22cc,ENQUEUED,0.9068473660962698,questions_in
2025-10-29T13:19:13.264581,PUBLISH,d4548bafd9304f93bc85e36b1e149c5c,68f2d95bd190740cfd6a26e3,ENQUEUED,0.2703654386705298,questions_in
2025-10-29T13:19:13.717498,PUBLISH,cc2b767c6aed4b5fb9ff71120dc363c1,68f2d95bd190740cfd6a2719,ENQUEUED,0.44993052116662674,questions_in
2025-10-29T13:19:15.131561,PUBLISH,b3be132e64da45b9b0aa6968484b568e,68f2d95bd190740cfd6a3d24,ENQUEUED,1.4062106600012318,questions_in
2025-10-29T13:19:16.544869,PUBLISH,b3f697a506f742248236026b71939372,68f2d95bd190740cfd6a3426,ENQUEUED,1.4041413791201762,questions_in
2025-10-29T13:19:16.816051,PUBLISH,0d486b99c2664d24946961090ce37325,68f2d95bd190740cfd6a1cf8,ENQUEUED,0.264380768175885,questions_in
2025-10-29T13:19:17.311060,PUBLISH,d7ebdce04e6c489ab16636db77e1a5db,68f2d95bd190740cfd6a371d,ENQUEUED,0.49206600289869434,questions_in
2025-10-29T13:19:17.330867,PUBLISH,ecd4a975d2bb4a04b087dbc484366bfe,68f2d95bd190740cfd6a3fcc,ENQUEUED,0.017979678432791895,questions_in
2025-10-29T13:19:18.616729,PUBLISH,009d134bafcc452597837128dc8a4b4c,68f2d95bd190740cfd6a3437,ENQUEUED,1.2782722488832574,questions_in
2025-10-29T13:19:18.801222,PUBLISH,b59ad44e56da429b9132779142e09ee1,68f2d95bd190740cfd6a22cf,ENQUEUED,0.1765684181446963,questions_in
2025-10-29T13:19:19.937348,PUBLISH,dfe963bf8523443e952ddaad927551f8,68f2d95bd190740cfd6a3cb8,ENQUEUED,1.129894195830077,questions_in
2025-10-29T13:19:20.226386,PUBLISH,e9d141598aa742efa25d90991eac68f6,68f2d95bd190740cfd6a3525,ENQUEUED,0.2819657551218776,questions_in
2025-10-29T13:19:22.347032,PUBLISH,0ee35f79ddcb4014a52716dde03dac6a,68f2d95bd190740cfd6a1e08,ENQUEUED,2.1172212722705894,questions_in
2025-10-29T13:19:22.499293,PUBLISH,480cf86962084007bbafd55485d57524,68f2d95bd190740cfd6a292f,ENQUEUED,0.14647998105547824,questions_in
2025-10-29T13:19:22.544137,PUBLISH,40f81e06728146f7988c237f2581eef1,68f2d95bd190740cfd6a3fae,ENQUEUED,0.04200082507620951,questions_in
2025-10-29T13:19:22.886736,PUBLISH,ca33f4edabf74b88b3abcd7534fbf835,68f2d95bd190740cfd6a23c5,ENQUEUED,0.3402996057901672,questions_in
2025-10-29T13:19:23.024018,PUBLISH,18698942d9a84e88a43a89e499a5766b,68f2d95bd190740cfd6a24a2,ENQUEUED,0.13127557625835037,questions_in
2025-10-29T13:19:23.200264,PUBLISH,19944c370d17492e87407159bca13bf1,68f2d95bd190740cfd6a1b11,ENQUEUED,0.1697632059338635,questions_in
2025-10-29T13:19:24.322512,PUBLISH,ae629dbf037e4eef82b1786a9a7a0d84,68f2d95bd190740cfd6a3c4e,ENQUEUED,1.1156029308125266,questions_in
2025-10-29T13:19:24.755834,PUBLISH,cd91d1bd09dd4be6822d94805b0266a6,68f2d95bd190740cfd6a3127,ENQUEUED,0.427192572910532,questions_in
2025-10-29T13:19:26.184384,PUBLISH,a1a2a1b7c8a14331a5d2a2a628426f5f,68f2d95bd190740cfd6a309f,ENQUEUED,1.4213052987413992,questions_in
2025-10-29T13:19:27.628364,PUBLISH,30580c1b96ec4adfa2b179e7573e98a6,68f2d95bd190740cfd6a3066,ENQUEUED,1.435939248081718,questions_in
2025-10-29T13:19:27.686690,PUBLISH,b9cc3cadcc01478eb564e0dc7412b187,68f2d95bd190740cfd6a3954,ENQUEUED,0.05605207157232256,questions_in
2025-10-29T13:19:28.247497,PUBLISH,d0e7c9a290b94f2b959b3a8902c8d7f2,68f2d95bd190740cfd6a1ece,ENQUEUED,0.5578968670045458,questions_in
2025-10-29T13:19:29.330480,PUBLISH,32e848d74c804b6396253875dfcbd513,68f2d95bd190740cfd6a1b0e,ENQUEUED,1.0773285510119788,questions_in
2025-10-29T13:19:30.634645,PUBLISH,5235420d1c1b49e1af6c0222cbd2b604,68f2d95bd190740cfd6a24fe,ENQUEUED,1.2977923743308861,questions_in
2025-10-29T13:19:30.715201,PUBLISH,fecb9ec2c09e4639955d9fd2f3dbdcff,68f2d95bd190740cfd6a2873,ENQUEUED,0.0729480451208908,questions_in
2025-10-29T13:19:31.964288,PUBLISH,dbcdac0d7fde48d3ad20872215ad84f0,68f2d95bd190740cfd6a2754,ENQUEUED,1.2417239334224401,questions_in
2025-10-29T13:19:32.253130,PUBLISH,91bcdd0fe2e84df6a3a7063b8bfbb01e,68f2d95bd190740cfd6a3881,ENQUEUED,0.2823923619184987,questions_in
2025-10-29T13:19:32.325423,PUBLISH,acb6ad1b736f4ba698ebc6387d8ea352,68f2d95bd190740cfd6a2cc2,ENQUEUED,0.06989006452236489,questions_in
2025-10-29T13:19:32.334782,PUBLISH,e05cbfa66d7f48c08bcbaba67ed2ff64,68f2d95bd190740cfd6a2cbb,ENQUEUED,0.007711386384360725,questions_in
2025-10-29T13:19:32.394738,PUBLISH,55b0a490a4924c2cb2d72551d15492db,68f2d95bd190740cfd6a1ece,ENQUEUED,0.05599116781369681,questions_in
2025-10-29T13:19:33.965258,PUBLISH,69d5572e3c264cb39ee0557c9305d367,68f2d95bd190740cfd6a1d97,ENQUEUED,1.5666978324876932,questions_in
2025-10-29T13:19:34.574024,PUBLISH,7819f2836a7542739124d17de71e50ca,68f2d95bd190740cfd6a2245,ENQUEUED,0.6020425701646753,questions_in
2025-10-29T13:19:34.679930,PUBLISH,caf56c0409794f508bbf2328e509e61e,68f2d95bd190740cfd6a2076,ENQUEUED,0.09906681094229308,questions_in
2025-10-29T13:19:35.449829,PUBLISH,6e810d33008a43b693106b61b0ee8ac3,68f2d95bd190740cfd6a3648,ENQUEUED,0.7670714818508902,questions_in
2025-10-29T13:19:35.976421,PUBLISH,20fce5286dcd44c381b28933ab981020,68f2d95bd190740cfd6a1b18,ENQUEUED,0.5198413780342525,questions_in
2025-10-29T13:19:36.035769,PUBLISH,3dd93f72b23b4001b260263a99e61bea,68f2d95bd190740cfd6a2dcb,ENQUEUED,0.05700472004395294,questions_in
2025-10-29T13:19:36.299222,PUBLISH,b575314635154539b74344589fe7ae6d,68f2d95bd190740cfd6a41b4,ENQUEUED,0.25714459835354436,questions_in
2025-10-29T13:19:37.285277,PUBLISH,0d0e571bcc734db4a08f92c6c48ae1bf,68f2d95bd190740cfd6a1d4f,ENQUEUED,0.9787082353034929,questions_in
2025-10-29T13:19:37.316149,PUBLISH,a7e704b49391483faa15b0c5541f3822,68f2d95bd190740cfd6a36bd,ENQUEUED,0.028568652952143673,questions_in
2025-10-29T13:19:37.572077,PUBLISH,3e426f5ad24a462486b666df222f91ad,68f2d95bd190740cfd6a25aa,ENQUEUED,0.2542308079004199,questions_in
2025-10-29T13:19:37.991585,PUBLISH,2c6c4fbe1ac9401d968ab116ea5967e7,68f2d95bd190740cfd6a28fe,ENQUEUED,0.4130277121113329,questions_in
2025-10-29T13:19:39.421312,PUBLISH,1757c031029b420dbbc2d173135ae008,68f2d95bd190740cfd6a2ac8,ENQUEUED,1.4212703864108163,questions_in
2025-10-29T13:19:39.604893,PUBLISH,7e9ffe59e4e84162855ef5b779138008,68f2d95bd190740cfd6a4047,ENQUEUED,0.17703571339818971,questions_in
2025-10-29T13:19:39.970420,PUBLISH,90ad3ba225e64cc688ca96f48078369f,68f2d95bd190740cfd6a2b0d,ENQUEUED,0.36361607250834865,questions_in
2025-10-29T13:19:41.291756,PUBLISH,fbb7ef354ee8493db32bf1b72ccdd46e,68f2d95bd190740cfd6a34f5,ENQUEUED,1.3133925707164713,questions_in
2025-10-29T13:19:42.060030,PUBLISH,275cc3a329f04846aac5ec6ba2b1f94f,68f2d95bd190740cfd6a3446,ENQUEUED,0.7615670518794984,questions_in
2025-10-29T13:19:43.533312,PUBLISH,db617ebab66e4125a3423de50495cf5e,68f2d95bd190740cfd6a3eb9,ENQUEUED,1.4659699426367203,questions_in
2025-10-29T13:19:43.994224,PUBLISH,bbb4bb8024de49f3ab1b7f641fc0ac99,68f2d95bd190740cfd6a20fa,ENQUEUED,0.4486128958896847,questions_in
2025-10-29T13:19:44.453378,PUBLISH,af52241e63e34705aa9e9708dcae47d8,68f2d95bd190740cfd6a30f7,ENQUEUED,0.4537064168392249,questions_in
2025-10-29T13:19:45.292472,PUBLISH,610ab1042e3a43ac88266c5cad41291e,68f2d95bd190740cfd6a2928,ENQUEUED,0.8333900773377053,questions_in
2025-10-29T13:19:46.083945,PUBLISH,7f5e3dad21d14033a08f19eb58cbe153,68f2d95bd190740cfd6a244b,ENQUEUED,0.7877346034297932,questions_in
2025-10-29T13:19:47.579205,PUBLISH,e72051efcef848aab22672ca95cadec0,68f2d95bd190740cfd6a3c63,ENQUEUED,1.4882308839427674,questions_in
2025-10-29T13:19:49.521190,PUBLISH,5e4ce65204bf44798d50b0143c68a014,68f2d95bd190740cfd6a1bfa,ENQUEUED,1.9346128084474776,questions_in
2025-10-29T13:19:51.525764,PUBLISH,cc47b3630fad4afab35ffa95671599d8,68f2d95bd190740cfd6a22c9,ENQUEUED,1.996660794414889,questions_in
2025-10-29T13:19:52.098883,PUBLISH,b3557411c8ac4b6abd1ef22f56f8c31c,68f2d95bd190740cfd6a2582,ENQUEUED,0.5664512038353674,questions_in
2025-10-29T13:19:52.296476,PUBLISH,9c36564105d944fda2cdb776053ca93c,68f2d95bd190740cfd6a1eaa,ENQUEUED,0.1906833209648905,questions_in
2025-10-29T13:19:52.545854,PUBLISH,8fd1597251334698854849b1bc5b491a,68f2d95bd190740cfd6a40e7,ENQUEUED,0.24754182475922215,questions_in
2025-10-29T13:19:52.768174,PUBLISH,e91fa0fc3ef74c33b7ef30284212a08c,68f2d95bd190740cfd6a2b22,ENQUEUED,0.21469465094909315,questions_in
2025-10-29T13:19:53.341288,PUBLISH,a937439934ce4f16b6fad50ae72cd3dc,68f2d95bd190740cfd6a3299,ENQUEUED,0.5704703982415917,questions_in
2025-10-29T13:19:53.691012,PUBLISH,8e264de79a5e4fb2b283b6c8aaf0756e,68f2d95bd190740cfd6a1c71,ENQUEUED,0.3419138935057415,questions_in
2025-10-29T13:19:55.490574,PUBLISH,7572ecd1d8024714bce36abe48243279,68f2d95bd190740cfd6a1d62,ENQUEUED,1.7923462732677449,questions_in
2025-10-29T13:19:56.179573,PUBLISH,4cd2fede75c04ec0a598fef4ee591d2c,68f2d95bd190740cfd6a4178,ENQUEUED,0.6827592436566886,questions_in
2025-10-29T13:19:58.880031,PUBLISH,90419219fabe44168b38b8b6e407025f,68f2d95bd190740cfd6a1bb6,ENQUEUED,2.691266507841373,questions_in
2025-10-29T13:19:59.073344,PUBLISH,e2adfc228bdb481d800892cdae5c9e80,68f2d95bd190740cfd6a3a7a,ENQUEUED,0.18583042203838504,questions_in
2025-10-29T13:19:59.682445,PUBLISH,21753ae093ee494a858f1b24d736ca4c,68f2d95bd190740cfd6a2ee0,ENQUEUED,0.6028256868669696,questions_in
2025-10-29T13:19:59.802070,PUBLISH,678b91901bdd49aa99e3ee8935309296,68f2d95bd190740cfd6a2211,ENQUEUED,0.1140099597114251,questions_in
2025-10-29T13:20:00.456320,PUBLISH,da4c57df7f3a43e6b3a5553b45d612a7,68f2d95bd190740cfd6a3100,ENQUEUED,0.6475266326990196,questions_in
2025-10-29T13:20:00.512960,PUBLISH,c618c7d4c09046e093430bdba79a8629,68f2d95bd190740cfd6a24bc,ENQUEUED,0.05476127382029672,questions_in
2025-10-29T13:20:01.578430,PUBLISH,de27efd32e3e4a0583bb6971a7480131,68f2d95bd190740cfd6a1f95,ENQUEUED,1.0586510467337364,questions_in
2025-10-29T13:20:01.662421,PUBLISH,8f9d7e4301e24e91841ef4f23dec69f8,68f2d95bd190740cfd6a2c82,ENQUEUED,0.07768074080691123,questions_in
2025-10-29T13:20:04.389113,PUBLISH,ced62a966f2d444e9c73bff084fb16cb,68f2d95bd190740cfd6a2335,ENQUEUED,2.718455179366659,questions_in
2025-10-29T13:20:04.418946,PUBLISH,86a7be4bd06a4eedb1e290a971e8f201,68f2d95bd190740cfd6a3785,ENQUEUED,0.02302146698445129,questions_in
2025-10-29T13:20:06.444823,PUBLISH,33cd03597c484233a88e1802b56c32c2,68f2d95bd190740cfd6a36f3,ENQUEUED,2.0223714950549776,questions_in
2025-10-29T13:20:06.857737,PUBLISH,1138affbb26d4ef8a06ada3f613137d8,68f2d95bd190740cfd6a1b85,ENQUEUED,0.40627009753271254,questions_in
2025-10-29T13:20:07.336748,PUBLISH,ff0aa4e89f8447779045d82c30bd57ec,68f2d95bd190740cfd6a32ad,ENQUEUED,0.4725298453062006,questions_in
2025-10-29T13:20:07.700767,PUBLISH,2356c43b7d4747baa507f9b16f574fe0,68f2d95bd190740cfd6a321e,ENQUEUED,0.35575398142780257,questions_in
2025-10-29T13:20:09.468244,PUBLISH,43716331b4cd4d618a25bdff96114bad,68f2d95bd190740cfd6a3935,ENQUEUED,1.7596897624733616,questions_in
2025-10-29T13:20:10.310030,PUBLISH,301ea6e1651447df86ebc51eca9511ac,68f2d95bd190740cfd6a400d,ENQUEUED,0.8347712847466254,questions_in
2025-10-29T13:20:11.983019,PUBLISH,f456539a1a9148c68b1355b87abebfc3,68f2d95bd190740cfd6a22b2,ENQUEUED,1.665549537700848,questions_in
2025-10-29T13:20:12.167436,PUBLISH,cd14b3607e1343cd9cca28ce9cad28e5,68f2d95bd190740cfd6a2940,ENQUEUED,0.1768236470665142,questions_in
2025-10-29T13:20:13.052258,PUBLISH,fdec21cae9094a8ba13e7fe5d1e655c2,68f2d95bd190740cfd6a3819,ENQUEUED,0.8766682478386492,questions_in
2025-10-29T13:20:13.578013,PUBLISH,e36ecbd0396d4def836a0fef8ad7db87,68f2d95bd190740cfd6a2f8e,ENQUEUED,0.5191748508747176,questions_in
2025-10-29T13:20:14.042509,PUBLISH,3e0d164fc10147b2a495c91799300883,68f2d95bd190740cfd6a3a4b,ENQUEUED,0.4554188130734478,questions_in
2025-10-29T13:20:14.594362,PUBLISH,9567105b789240da8da3ca5ef7342f62,68f2d95bd190740cfd6a223d,ENQUEUED,0.5454805032779835,questions_in
2025-10-29T13:20:16.016716,PUBLISH,bce2a249b0d843eaa0d0937d24cd269b,68f2d95bd190740cfd6a3c18,ENQUEUED,1.415826646816724,questions_in
2025-10-29T13:20:16.205539,PUBLISH,d89dd95ef9a94cd1bfe533939e526f7a,68f2d95bd190740cfd6a24bb,ENQUEUED,0.1839991629839759,questions_in
2025-10-29T13:20:16.691060,PUBLISH,b32f43843bce4933ba9542ce1d2a4f5d,68f2d95bd190740cfd6a3bb1,ENQUEUED,0.4784615523987281,questions_in
2025-10-29T13:20:17.274254,PUBLISH,f93502688254465da885401821e12915,68f2d95bd190740cfd6a398c,ENQUEUED,0.5768203750415666,questions_in
2025-10-29T13:20:17.399005,PUBLISH,1c210add359a42f88e28d0a7133953d1,68f2d95bd190740cfd6a3db7,ENQUEUED,0.11857006161061945,questions_in
2025-10-29T13:20:17.894428,PUBLISH,95521daa8ff74869abb0f48850973dde,68f2d95bd190740cfd6a4142,ENQUEUED,0.48840972373346464,questions_in
2025-10-29T13:20:18.113552,PUBLISH,9899c04bc64a411c8eb8e98bbfa35cde,68f2d95bd190740cfd6a20fe,ENQUEUED,0.21175351595903005,questions_in
2025-10-29T13:20:19.165101,PUBLISH,232ba4a6702d4e08bca85dfc73ae6d5d,68f2d95bd190740cfd6a359f,ENQUEUED,1.0447725978735884,questions_in
2025-10-29T13:20:20.976921,PUBLISH,71428cf8413e4963ac10970ca991101b,68f2d95bd190740cfd6a3ecb,ENQUEUED,1.8030271781374838,questions_in
2025-10-29T13:20:21.271605,PUBLISH,413f71f3c8724e1593c6268dc700ccc0,68f2d95bd190740cfd6a3c39,ENQUEUED,0.2912610232307455,questions_in
2025-10-29T13:20:21.525889,PUBLISH,b56b57a4904b495a8b22a2e5130988a8,68f2d95bd190740cfd6a3c34,ENQUEUED,0.2524165252330049,questions_in
2025-10-29T13:20:22.770625,PUBLISH,2d73345aa9064d768cc7fea5d19d335e,68f2d95bd190740cfd6a29f8,ENQUEUED,1.237340891298645,questions_in
2025-10-29T13:20:25.084565,PUBLISH,5c00e7df5137440aa50249ad119314cb,68f2d95bd190740cfd6a38ab,ENQUEUED,2.308750854051382,questions_in
2025-10-29T13:20:25.182993,PUBLISH,ca4759b7b1174e779eafa1c3b859ae02,68f2d95bd190740cfd6a3c43,ENQUEUED,0.09445688164693193,questions_in
2025-10-29T13:20:25.445288,PUBLISH,b0b352f32b8f438aa410cebb1ff88241,68f2d95bd190740cfd6a2760,ENQUEUED,0.25685556493343153,questions_in
2025-10-29T13:20:26.359820,PUBLISH,a2e1ac5f910f4f9f9827691b017f3b5a,68f2d95bd190740cfd6a26b5,ENQUEUED,0.9075237295731539,questions_in
2025-10-29T13:20:26.396807,PUBLISH,3edc6cc3990c47179cd4f8803b942444,68f2d95bd190740cfd6a39aa,ENQUEUED,0.034756613667898985,questions_in
2025-10-29T13:20:26.994784,PUBLISH,4f5f527f45974626aa7cedb5b01da5fc,68f2d95bd190740cfd6a2b0f,ENQUEUED,0.591892228709634,questions_in
2025-10-29T13:20:27.507118,PUBLISH,01a696d8949a4ab3a7cb5d25c9925403,68f2d95bd190740cfd6a2cfd,ENQUEUED,0.5060887921855093,questions_in
2025-10-29T13:20:27.806222,PUBLISH,170a6158a4d2494fbdc1e243bdf5789f,68f2d95bd190740cfd6a2c94,ENQUEUED,0.2926581945272326,questions_in
2025-10-29T13:20:28.045783,PUBLISH,df0ada9153fe499f9cd5cc135a892a03,68f2d95bd190740cfd6a3f96,ENQUEUED,0.23308241570527463,questions_in
2025-10-29T13:20:28.283202,PUBLISH,46fe351656eb4a07ba0f833e797b182b,68f2d95bd190740cfd6a1bc5,ENQUEUED,0.2309377836681382,questions_in
2025-10-29T13:20:28.865851,PUBLISH,a4ec9d0288da41c9991a8a09edd4dbc0,68f2d95bd190740cfd6a234f,ENQUEUED,0.5759521531368762,questions_in
2025-10-29T13:20:29.458831,PUBLISH,3315fa0168d94617bee41453a3082f8d,68f2d95bd190740cfd6a1cd6,ENQUEUED,0.586530445393988,questions_in
2025-10-29T13:20:30.393760,PUBLISH,05106749900b4abb92183f2990313d11,68f2d95bd190740cfd6a1cbe,ENQUEUED,0.9282687940570482,questions_in
2025-10-29T13:20:30.993310,PUBLISH,c770fbb199ad41a79b86e1ebd42af8ef,68f2d95bd190740cfd6a2e77,ENQUEUED,0.5927773016847363,questions_in
2025-10-29T13:20:31.074459,PUBLISH,fad7d789f6b5473da666598ce4b15ae7,68f2d95bd190740cfd6a1d6e,ENQUEUED,0.07525929455350223,questions_in
2025-10-29T13:20:31.225033,PUBLISH,658af6f5299343adb272da1194bd1fc7,68f2d95bd190740cfd6a3bb7,ENQUEUED,0.143980355948651,questions_in
2025-10-29T13:20:32.170084,PUBLISH,e39e6ebc726142e098aca2beb4fe8941,68f2d95bd190740cfd6a3536,ENQUEUED,0.9381379010030547,questions_in
2025-10-29T13:20:34.149948,PUBLISH,f2ba7f1828644a7888962dc1450553ed,68f2d95bd190740cfd6a38b6,ENQUEUED,1.9701452510805044,questions_in
2025-10-29T13:20:34.341045,PUBLISH,b1dca2d314b54914ab682496e618ec4d,68f2d95bd190740cfd6a3354,ENQUEUED,0.18448045538616328,questions_in
2025-10-29T13:20:35.260784,PUBLISH,d49d4ec7718a4253be1b06075866532c,68f2d95bd190740cfd6a3ec6,ENQUEUED,0.9134652635928259,questions_in
2025-10-29T13:20:37.568492,PUBLISH,ba6c0525bc014ce1a7caf5440aaddcd8,68f2d95bd190740cfd6a310b,ENQUEUED,2.2996551633928477,questions_in
2025-10-29T13:20:39.058236,PUBLISH,f195ff0a622145f29c04ff7c9c5627f3,68f2d95bd190740cfd6a2907,ENQUEUED,1.4816133754164131,questions_in
2025-10-29T13:20:39.847433,PUBLISH,05a8226151ce4d3c870545111f38c7f2,68f2d95bd190740cfd6a3ba5,ENQUEUED,0.7827318488766614,questions_in
2025-10-29T13:20:39.872727,PUBLISH,080ece1109f44d2ca9bf0cff2c09b8ae,68f2d95bd190740cfd6a2316,ENQUEUED,0.016971711549775215,questions_in
2025-10-29T13:20:39.902430,PUBLISH,5f2d5da5878f4a0097e6e6e4a3e029fb,68f2d95bd190740cfd6a2c15,ENQUEUED,0.027755795050631818,questions_in
2025-10-29T13:20:40.403949,PUBLISH,4dba5c6f3ff3432f8ef4379892759a6a,68f2d95bd190740cfd6a3d54,ENQUEUED,0.49524881316119584,questions_in
2025-10-29T13:20:40.743687,PUBLISH,19d133f5e9854081983bf4a92dfd2274,68f2d95bd190740cfd6a3bb7,ENQUEUED,0.3360717994354818,questions_in
2025-10-29T13:20:40.865208,PUBLISH,f937cb5795a3477ba53d5dc839aa5f05,68f2d95bd190740cfd6a24dc,ENQUEUED,0.11662672877061915,questions_in
2025-10-29T13:20:40.949454,PUBLISH,1d2ed7fd885f46a8aab53203b3e1b118,68f2d95bd190740cfd6a2750,ENQUEUED,0.0822111884243248,questions_in
2025-10-29T13:20:42.584463,PUBLISH,d0911be259054599981a9732436b5f93,68f2d95bd190740cfd6a3a6e,ENQUEUED,1.6312880033657102,questions_in
2025-10-29T13:20:43.800141,PUBLISH,0b3324b2049f4f2e8d2dc2831e727015,68f2d95bd190740cfd6a25b3,ENQUEUED,1.2081086634087963,questions_in
2025-10-29T13:20:44.451794,PUBLISH,005495bac938497f9c19e5994ac6d2a4,68f2d95bd190740cfd6a3019,ENQUEUED,0.6470516260042326,questions_in
2025-10-29T13:20:45.607850,PUBLISH,745af3a193ef433e91fbc73f3e459935,68f2d95bd190740cfd6a2712,ENQUEUED,1.1493927186249844,questions_in
2025-10-29T13:20:45.653400,PUBLISH,89c59371ab4c4e19b1f9232c97db4e02,68f2d95bd190740cfd6a3f63,ENQUEUED,0.04250389091926702,questions_in
2025-10-29T13:20:45.741765,PUBLISH,6e89e45f2dbb475dac9bf2427fe5b0e3,68f2d95bd190740cfd6a3a10,ENQUEUED,0.08184658010364097,questions_in
2025-10-29T13:20:45.796499,PUBLISH,70547e5bdb4f4bbdb9e61d61bb64216f,68f2d95bd190740cfd6a3f32,ENQUEUED,0.05232974865063201,questions_in
2025-10-29T13:20:45.918111,PUBLISH,d94af3d90a254a8c855705582e78d87d,68f2d95bd190740cfd6a3f69,ENQUEUED,0.1152272100664738,questions_in
2025-10-29T13:20:47.507659,PUBLISH,d9253751bebf41098dc24ee03f9c5762,68f2d95bd190740cfd6a23af,ENQUEUED,1.5827453703238976,questions_in
2025-10-29T13:20:47.914147,PUBLISH,67bff03213344234ba3aabf4aff289b6,68f2d95bd190740cfd6a3849,ENQUEUED,0.40252592317450114,questions_in
2025-10-29T13:20:48.535707,PUBLISH,f727fd0b67bc48cfa5c1207dbd74891f,68f2d95bd190740cfd6a3cdf,ENQUEUED,0.6192442520713738,questions_in
2025-10-29T13:20:49.163676,PUBLISH,4629d3c74ad6463a898c487a77aa3eaa,68f2d95bd190740cfd6a2c30,ENQUEUED,0.6258257188332237,questions_in
2025-10-29T13:20:49.951840,PUBLISH,e1e231f6454a469691c6cd26893f401e,68f2d95bd190740cfd6a24e4,ENQUEUED,0.7810596952659644,questions_in
2025-10-29T13:20:50.231363,PUBLISH,6aff0dea0745487abd9cfbe4ff34adb2,68f2d95bd190740cfd6a2b70,ENQUEUED,0.27280367114485365,questions_in
2025-10-29T13:20:50.589942,PUBLISH,0b67f31e98e9459fb58fb8cd5ec05f1c,68f2d95bd190740cfd6a3853,ENQUEUED,0.3525564287795377,questions_in
2025-10-29T13:20:50.738407,PUBLISH,f3a2c3b470464a2db02cc27cdc3cad58,68f2d95bd190740cfd6a25ca,ENQUEUED,0.1432942427214384,questions_in
2025-10-29T13:20:50.745727,PUBLISH,ba7a10fc302c493f91d30ab657e9c84e,68f2d95bd190740cfd6a358d,ENQUEUED,0.0018835274181448704,questions_in
2025-10-29T13:20:51.084580,PUBLISH,d954810ff0ce4e28be8bbfcd1a4e27de,68f2d95bd190740cfd6a2967,ENQUEUED,0.3319477714152567,questions_in
2025-10-29T13:20:51.665605,PUBLISH,15c259b3bbce43f1a725f7fd60b74235,68f2d95bd190740cfd6a2629,ENQUEUED,0.5753168128616506,questions_in
2025-10-29T13:20:51.970346,PUBLISH,6a5e040b7fb0435d9d3e36cf092bffc4,68f2d95bd190740cfd6a297d,ENQUEUED,0.2987164182537462,questions_in
2025-10-29T13:20:52.153057,PUBLISH,10ee7f0d5e934b898409b403675bfa3f,68f2d95bd190740cfd6a3ba4,ENQUEUED,0.17627274183513456,questions_in
2025-10-29T13:20:52.471004,PUBLISH,ee390151d39e40cb9017ede13d968e9e,68f2d95bd190740cfd6a381b,ENQUEUED,0.3114178965500402,questions_in
2025-10-29T13:20:52.492067,PUBLISH,3a4b20b1553e43fca1eaae913bdd044d,68f2d95bd190740cfd6a3076,ENQUEUED,0.014746095160496958,questions_in
2025-10-29T13:20:53.053088,PUBLISH,2e412deffff541b9be02acad51e8d6e9,68f2d95bd190740cfd6a2a53,ENQUEUED,0.5581456468064389,questions_in
2025-10-29T13:20:53.583114,PUBLISH,e5625c8d7f00405989d8904b4e81b608,68f2d95bd190740cfd6a4016,ENQUEUED,0.5240821004113362,questions_in
2025-10-29T13:20:54.136910,PUBLISH,6ac6fa9c994f4a9b8120d28c9af8ee53,68f2d95bd190740cfd6a1d40,ENQUEUED,0.5485034598524646,questions_in
2025-10-29T13:20:55.075792,PUBLISH,ce004e5e62b84d669feca5de8491d0e6,68f2d95bd190740cfd6a29b7,ENQUEUED,0.932521261290746,questions_in
2025-10-29T13:20:55.409574,PUBLISH,fc0e78a01b254561b84ddec120096f87,68f2d95bd190740cfd6a3183,ENQUEUED,0.3268694536495934,questions_in
2025-10-29T13:20:56.225685,PUBLISH,efbebb796eff47818b6f6e51e4c64b44,68f2d95bd190740cfd6a2df6,ENQUEUED,0.8097834369572373,questions_in
2025-10-29T13:20:56.962633,PUBLISH,34be3e474a6b4a849761b326c241c35b,68f2d95bd190740cfd6a2500,ENQUEUED,0.7327183018510911,questions_in
2025-10-29T13:20:59.543719,PUBLISH,60c800e9db094d54b5ae579d155acaa8,68f2d95bd190740cfd6a255d,ENQUEUED,2.5736770506199593,questions_in
2025-10-29T13:21:00.081189,PUBLISH,9d71db33304b48c28248569c20b2de06,68f2d95bd190740cfd6a1af4,ENQUEUED,0.5314183190547678,questions_in
2025-10-29T13:21:01.388951,PUBLISH,a1ac84486a6448569dabd09ca8d6be45,68f2d95bd190740cfd6a2f3f,ENQUEUED,1.3007827199169706,questions_in
2025-10-29T13:21:01.654136,PUBLISH,5179dede52d64511a4a466fd73c4b52c,68f2d95bd190740cfd6a1bda,ENQUEUED,0.2583554708945058,questions_in
2025-10-29T13:21:02.339040,PUBLISH,1835504d5fe24b8d9af54bc87790f49a,68f2d95bd190740cfd6a1fa7,ENQUEUED,0.677712209661979,questions_in
2025-10-29T13:21:03.369457,PUBLISH,ac5bbe4fcb054fb79d5109a8bf873091,68f2d95bd190740cfd6a1ade,ENQUEUED,1.0253068537146415,questions_in
2025-10-29T13:21:03.407095,PUBLISH,cbad181ac48b40289d8dbe0d52c37e29,68f2d95bd190740cfd6a1d43,ENQUEUED,0.035235989167645726,questions_in
2025-10-29T13:21:04.523834,PUBLISH,c0fb6fce05404cac83e10d55bafba4b2,68f2d95bd190740cfd6a2ea2,ENQUEUED,1.110382811546543,questions_in
2025-10-29T13:21:06.587274,PUBLISH,4788b88287c64f00a6e667a868f44502,68f2d95bd190740cfd6a1ece,ENQUEUED,2.0558892526751213,questions_in
2025-10-29T13:21:06.737203,PUBLISH,366643f4046a49d099bd4810465a85cf,68f2d95bd190740cfd6a3013,ENQUEUED,0.14330239558181648,questions_in
2025-10-29T13:21:06.949860,PUBLISH,e28e5db0008c4c73a18f2cfc3938b33e,68f2d95bd190740cfd6a2a27,ENQUEUED,0.21015086244082717,questions_in
2025-10-29T13:21:07.231612,PUBLISH,fb01e6a6eaa54aae81b5678553cf7f68,68f2d95bd190740cfd6a2063,ENQUEUED,0.2755244924805,questions_in
2025-10-29T13:21:07.593217,PUBLISH,6a5f6e05876f4d48a47b237dd323f41e,68f2d95bd190740cfd6a3590,ENQUEUED,0.3596626666705205,questions_in
2025-10-29T13:21:09.118660,PUBLISH,ef192c2430a241e588c9ff09bb8ad9bf,68f2d95bd190740cfd6a2644,ENQUEUED,1.518660972984991,questions_in
2025-10-29T13:21:09.433254,PUBLISH,6560aac91a014190a1e5ce30df684df4,68f2d95bd190740cfd6a3e3d,ENQUEUED,0.30850527050621585,questions_in
2025-10-29T13:21:09.536105,PUBLISH,6af19e9c77a44f94a16e096d36a17303,68f2d95bd190740cfd6a3bb6,ENQUEUED,0.09653990395664681,questions_in
2025-10-29T13:21:10.160589,PUBLISH,a9f61fa78c9c456285acbbf99bb9b343,68f2d95bd190740cfd6a2ba6,ENQUEUED,0.6169390764124776,questions_in
2025-10-29T13:21:10.414930,PUBLISH,0ca3c5684eab40caa09abe2a0931cd1f,68f2d95bd190740cfd6a2fbb,ENQUEUED,0.24584832083822727,questions_in
2025-10-29T13:21:10.520192,PUBLISH,0f6366b643fa448fa0390f2747c8f736,68f2d95bd190740cfd6a243f,ENQUEUED,0.09865994761789465,questions_in
2025-10-29T13:21:10.532778,PUBLISH,66d0ff490f6c41719b0c8bfa9269c029,68f2d95bd190740cfd6a1b1f,ENQUEUED,0.009776286153198865,questions_in
2025-10-29T13:21:10.818623,PUBLISH,aab6157c99614c10b7835f87494e8904,68f2d95bd190740cfd6a3c18,ENQUEUED,0.2841095660842374,questions_in
2025-10-29T13:21:11.189105,PUBLISH,1d3ac86db6cb4d558798a3bc287dfb74,68f2d95bd190740cfd6a2d37,ENQUEUED,0.3632546136834481,questions_in
2025-10-29T13:21:11.894290,PUBLISH,ca37555594fa4cd5a4b20289c32c91f7,68f2d95bd190740cfd6a1ce1,ENQUEUED,0.6971081379155785,questions_in
2025-10-29T13:21:12.429117,PUBLISH,9ea5cd818c4e48878fd3d0a423a167a0,68f2d95bd190740cfd6a3fb1,ENQUEUED,0.5281272693421291,questions_in
2025-10-29T13:21:12.774309,PUBLISH,843271905a7844c4815dd88a11c8a1ac,68f2d95bd190740cfd6a1bec,ENQUEUED,0.3372285611527848,questions_in
2025-10-29T13:21:13.555672,PUBLISH,215492dcb6ea43afaef7b000344422c9,68f2d95bd190740cfd6a2d20,ENQUEUED,0.7743103260943079,questions_in
2025-10-29T13:21:13.635948,PUBLISH,b79d7b06d7374f4e87e508adf6efaa71,68f2d95bd190740cfd6a2b94,ENQUEUED,0.0740355530598709,questions_in
2025-10-29T13:21:14.696394,PUBLISH,93cf411e20df49aca190eaa885d00b93,68f2d95bd190740cfd6a32b6,ENQUEUED,1.0536043455146198,questions_in
2025-10-29T13:21:14.829511,PUBLISH,c153976086bb44b9842069fc289b4145,68f2d95bd190740cfd6a3ea1,ENQUEUED,0.12629558377540104,questions_in
2025-10-29T13:21:16.058006,PUBLISH,aac10017f8504be28e20eff6eb04c4a1,68f2d95bd190740cfd6a23f5,ENQUEUED,1.2209236580281835,questions_in
2025-10-29T13:21:16.141076,PUBLISH,4bfa97153ada43f2913aad47f612521f,68f2d95bd190740cfd6a2a47,ENQUEUED,0.07694505080373547,questions_in
2025-10-29T13:21:16.377728,PUBLISH,1ac76b19d6cb49668e30d271cc360d35,68f2d95bd190740cfd6a2fe3,ENQUEUED,0.23076926962611485,questions_in
2025-10-29T13:21:16.672737,PUBLISH,31538f31c0e34752a792b578990d242a,68f2d95bd190740cfd6a25d9,ENQUEUED,0.28828037611911156,questions_in
2025-10-29T13:21:16.874217,PUBLISH,f7abaf0d052b4db99ce2c5e8bceb70ac,68f2d95bd190740cfd6a20a0,ENQUEUED,0.19520013210107245,questions_in
2025-10-29T13:21:17.404632,PUBLISH,e195453a0dec4b0089ccdfbec17d062d,68f2d95bd190740cfd6a3147,ENQUEUED,0.5229847790934288,questions_in
2025-10-29T13:21:17.885781,PUBLISH,71d38d31c2cc4cb9bf3a9b164c63c427,68f2d95bd190740cfd6a2a93,ENQUEUED,0.4732743857845021,questions_in
2025-10-29T13:21:18.563529,PUBLISH,4ce97fd913684ae0958ae0a086bbea6e,68f2d95bd190740cfd6a350a,ENQUEUED,0.6700622878765197,questions_in
2025-10-29T13:21:19.039940,PUBLISH,3747227849f94df5973736ed85a51d4b,68f2d95bd190740cfd6a2a35,ENQUEUED,0.46942157808727086,questions_in
2025-10-29T13:21:20.961392,PUBLISH,3b9c0a78cd9f464b99ef4cc8ec9a5514,68f2d95bd190740cfd6a4139,ENQUEUED,1.9132385006691626,questions_in
2025-10-29T13:21:21.358732,PUBLISH,b78ba6a0e4ed4254a2a5965c592b6ae6,68f2d95bd190740cfd6a2d8c,ENQUEUED,0.39069596695326037,questions_in
2025-10-29T13:21:21.641260,PUBLISH,26b104bac2a84d148024e776105d3292,68f2d95bd190740cfd6a36c1,ENQUEUED,0.2716682231541226,questions_in
2025-10-29T13:21:21.892108,PUBLISH,322b45c882cc4197b76e5558335d8763,68f2d95bd190740cfd6a396f,ENQUEUED,0.2443592512169461,questions_in
2025-10-29T13:21:21.960367,PUBLISH,45938efed6944cf7ae4118a5edf5da1f,68f2d95bd190740cfd6a33b3,ENQUEUED,0.06646490492302994,questions_in
2025-10-29T13:21:22.052883,PUBLISH,927552ab3fe64c09aace9f8f808cf7ec,68f2d95bd190740cfd6a3cce,ENQUEUED,0.0861661119433989,questions_in
2025-10-29T13:21:22.881982,PUBLISH,7b03898027ab476bba461771550f17de,68f2d95bd190740cfd6a372d,ENQUEUED,0.8222748085576751,questions_in
2025-10-29T13:21:23.753777,PUBLISH,a05f9e832ee04c1db1b41b69d5ee442f,68f2d95bd190740cfd6a241b,ENQUEUED,0.8653407118406399,questions_in
2025-10-29T13:21:24.502814,PUBLISH,e285d62edd1f44a4878c0019a6f08fb9,68f2d95bd190740cfd6a36b9,ENQUEUED,0.7417522929890366,questions_in
2025-10-29T13:21:24.630786,PUBLISH,4a16731cf6344041b188726e8dc752c1,68f2d95bd190740cfd6a2bf6,ENQUEUED,0.12184736889615894,questions_in
2025-10-29T13:21:25.865069,PUBLISH,40e167348a8a406c849414b22b6b2923,68f2d95bd190740cfd6a3e3d,ENQUEUED,1.2314442266900574,questions_in
2025-10-29T13:21:26.468571,PUBLISH,ee28088cd743460d959d6dafa820f170,68f2d95bd190740cfd6a1b70,ENQUEUED,0.6009496358713798,questions_in
2025-10-29T13:21:28.418801,PUBLISH,86a6d54b080648fe9720ae4e1e6ecb41,68f2d95bd190740cfd6a27e7,ENQUEUED,1.941386422308038,questions_in
2025-10-29T13:21:28.726426,PUBLISH,eef271aa90824141917678b364d81244,68f2d95bd190740cfd6a2e10,ENQUEUED,0.2992233108128023,questions_in
2025-10-29T13:21:29.253862,PUBLISH,b073bb54a72e43fbbf2ec803a1818266,68f2d95bd190740cfd6a1ef2,ENQUEUED,0.5252562138656596,questions_in
2025-10-29T13:21:29.449231,PUBLISH,cf64be3ed5d1468e8bbe8f679231f2f9,68f2d95bd190740cfd6a2586,ENQUEUED,0.18835011761023288,questions_in
2025-10-29T13:21:31.604781,PUBLISH,18389464d5534ea985440e00e79e30d7,68f2d95bd190740cfd6a3861,ENQUEUED,2.147039592736033,questions_in
2025-10-29T13:21:31.929867,PUBLISH,ece523a8a65149dd90a83e5192074e62,68f2d95bd190740cfd6a26a3,ENQUEUED,0.3190423349278117,questions_in
2025-10-29T13:21:31.959884,PUBLISH,cd0bce4f9f96448aa748953bfefe898e,68f2d95bd190740cfd6a322d,ENQUEUED,0.028206233455857235,questions_in
2025-10-29T13:21:33.066249,PUBLISH,adf2a4b9479541b1ac31787f403d1eaa,68f2d95bd190740cfd6a281e,ENQUEUED,1.1005491762791477,questions_in
2025-10-29T13:21:35.224102,PUBLISH,bc6ae0dc9deb40a79163d5c72a78fc21,68f2d95bd190740cfd6a32af,ENQUEUED,2.1497646566016297,questions_in
2025-10-29T13:21:35.560486,PUBLISH,1e1829f9d18844cf84e1d82e858d4d2d,68f2d95bd190740cfd6a3dd9,ENQUEUED,0.33477017895808464,questions_in
2025-10-29T13:21:36.172161,PUBLISH,bb74a28f1c2b4549aa0f890dd4f02ec3,68f2d95bd190740cfd6a36b1,ENQUEUED,0.6052750504011838,questions_in
2025-10-29T13:21:36.333631,PUBLISH,46fb2b468cde48559a47648d006f097a,68f2d95bd190740cfd6a2134,ENQUEUED,0.15524690436636593,questions_in
2025-10-29T13:21:36.527534,PUBLISH,72960e8a3f504eb9bf872ed34510ec0f,68f2d95bd190740cfd6a2c32,ENQUEUED,0.18710119870998757,questions_in
2025-10-29T13:21:37.666734,PUBLISH,9e9f2a17c83f43b0a38b6be347751b3f,68f2d95bd190740cfd6a28c9,ENQUEUED,1.1321739166609266,questions_in
2025-10-29T13:21:37.900251,PUBLISH,f1afa40096984ce99ae8a457f5575513,68f2d95bd190740cfd6a2d96,ENQUEUED,0.22453659095649955,questions_in
2025-10-29T13:21:38.201012,PUBLISH,8ba9bff6c58c4d29b66a3c8940d9d079,68f2d95bd190740cfd6a2605,ENQUEUED,0.29396298829005635,questions_in
2025-10-29T13:21:40.216401,PUBLISH,cf7f63565a9e49a2b6c726df02e95afa,68f2d95bd190740cfd6a391f,ENQUEUED,2.0076432493724012,questions_in
2025-10-29T13:21:40.461170,PUBLISH,e7860d53f97f4819b3aa949e5369a71a,68f2d95bd190740cfd6a4117,ENQUEUED,0.2424339162154111,questions_in
2025-10-29T13:21:41.349332,PUBLISH,da5307dc627e4b30b97d22813f6c77a8,68f2d95bd190740cfd6a2896,ENQUEUED,0.8808576358016588,questions_in
2025-10-29T13:21:41.693031,PUBLISH,02e41d0b0ed5415690d3343fa83f89ef,68f2d95bd190740cfd6a240d,ENQUEUED,0.33694466374048826,questions_in
2025-10-29T13:21:42.072282,PUBLISH,b2ae5c96f593448d87bb276af32e88d7,68f2d95bd190740cfd6a2aae,ENQUEUED,0.37169519968969694,questions_in
2025-10-29T13:21:42.129990,PUBLISH,f488a900d2964a84ae7534044c768537,68f2d95bd190740cfd6a25be,ENQUEUED,0.05393326845595406,questions_in
2025-10-29T13:21:42.705766,PUBLISH,48e3e0f551e34c71a24428cdcb00432a,68f2d95bd190740cfd6a3769,ENQUEUED,0.5732370794677865,questions_in
2025-10-29T13:21:43.297868,PUBLISH,6f9875c2ac89439590ea4cd1ca0cf885,68f2d95bd190740cfd6a1d35,ENQUEUED,0.5851169733615095,questions_in
2025-10-29T13:21:43.674870,PUBLISH,e0f728ab16af47e398dfa6a2bc9c0e8d,68f2d95bd190740cfd6a371f,ENQUEUED,0.3705168332446494,questions_in
2025-10-29T13:21:43.914116,PUBLISH,3289e2403b4349a6b820087f87f48748,68f2d95bd190740cfd6a1c9c,ENQUEUED,0.2371083548341707,questions_in
2025-10-29T13:21:44.318619,PUBLISH,7e2c47b2d25e4a8fa31ccd1f97b13d3b,68f2d95bd190740cfd6a261c,ENQUEUED,0.3949345094868204,questions_in
2025-10-29T13:21:45.036347,PUBLISH,4bea540ee9794bf793c89b25c56a9f23,68f2d95bd190740cfd6a2865,ENQUEUED,0.7110598014429977,questions_in
2025-10-29T13:21:45.100590,PUBLISH,e6212d54741341a5bc160130151d0613,68f2d95bd190740cfd6a33e2,ENQUEUED,0.057859901814159724,questions_in
2025-10-29T13:21:46.911573,PUBLISH,c043594641084e0482cbdd8598512f79,68f2d95bd190740cfd6a241b,ENQUEUED,1.8042231607996702,questions_in
2025-10-29T13:21:47.500607,PUBLISH,2727646d89a5432d9be9c102fdf09cc3,68f2d95bd190740cfd6a2779,ENQUEUED,0.5831086912273465,questions_in
2025-10-29T13:21:47.947535,PUBLISH,3538331cd5414f23bcca5f3b6ce8c290,68f2d95bd190740cfd6a415e,ENQUEUED,0.4447295926090941,questions_in
2025-10-29T13:21:48.208413,PUBLISH,e9b55317d7244f1892a3453914bf6083,68f2d95bd190740cfd6a3f76,ENQUEUED,0.25786133861874533,questions_in
2025-10-29T13:21:48.565747,PUBLISH,e2b6c3df8f0e4618bde20a79c147c0e4,68f2d95bd190740cfd6a2a66,ENQUEUED,0.3510708779871312,questions_in
2025-10-29T13:21:49.049896,PUBLISH,fe455567c44848f68fd515bf314971c9,68f2d95bd190740cfd6a2a2e,ENQUEUED,0.4775847567046391,questions_in
2025-10-29T13:21:49.459586,PUBLISH,24868f213e204aaca0ff250e95718403,68f2d95bd190740cfd6a41c9,ENQUEUED,0.40345522963120933,questions_in
2025-10-29T13:21:50.011774,PUBLISH,936e38815cf44befad2f81bde7e61c0d,68f2d95bd190740cfd6a1bd8,ENQUEUED,0.5504243488701174,questions_in
2025-10-29T13:21:50.523573,PUBLISH,a07944f972514b76a8df0a4a866c2a2e,68f2d95bd190740cfd6a3c9b,ENQUEUED,0.5048700001536347,questions_in
2025-10-29T13:21:50.645023,PUBLISH,930b7abe16bf4fee82d8d864c0db675e,68f2d95bd190740cfd6a208e,ENQUEUED,0.11217177378035524,questions_in
2025-10-29T13:21:51.052801,PUBLISH,3e9dca8398334ac99ce8d599bfb6351b,68f2d95bd190740cfd6a1e1a,ENQUEUED,0.4020621231097015,questions_in
2025-10-29T13:21:51.768595,PUBLISH,b43de6d587cd4329956429a80c0f57c0,68f2d95bd190740cfd6a3a8a,ENQUEUED,0.7095003728416899,questions_in
2025-10-29T13:21:51.825772,PUBLISH,7331f65d4d7848ee89821dfa35eaad1f,68f2d95bd190740cfd6a3a2b,ENQUEUED,0.0549750250675334,questions_in
2025-10-29T13:21:52.097455,PUBLISH,7cf138011d61408ebc1af6a0b903621d,68f2d95bd190740cfd6a1fcf,ENQUEUED,0.2657237916921081,questions_in
2025-10-29T13:21:52.123682,PUBLISH,ee7752f744fd4e69bc5adc9a76be8a79,68f2d95bd190740cfd6a1fb9,ENQUEUED,0.0236264298748564,questions_in
2025-10-29T13:21:52.386897,PUBLISH,a0a978059ebb449cacfbe76724663447,68f2d95bd190740cfd6a259e,ENQUEUED,0.2603986630550036,questions_in
2025-10-29T13:21:52.979214,PUBLISH,fff08250e46f4514acb99d4351a13a07,68f2d95bd190740cfd6a3786,ENQUEUED,0.5896567365407669,questions_in
2025-10-29T13:21:53.038567,PUBLISH,916b29d8c69145ba8e30371c55e2f0d4,68f2d95bd190740cfd6a4091,ENQUEUED,0.05751948227342213,questions_in
2025-10-29T13:21:55.545258,PUBLISH,239e003ae27d43ff8bda4f05b638d57e,68f2d95bd190740cfd6a3a73,ENQUEUED,2.4985490851712315,questions_in
2025-10-29T13:21:55.720370,PUBLISH,55e8f4bffed842d99516fa66796ec6ac,68f2d95bd190740cfd6a2fcf,ENQUEUED,0.1719926883754206,questions_in
2025-10-29T13:21:56.542125,PUBLISH,151c3b4a5af64545ba0b9573b0da75c5,68f2d95bd190740cfd6a32a1,ENQUEUED,0.8134464244241332,questions_in
2025-10-29T13:21:57.003089,PUBLISH,64f07197eab7434bb3f976965a48da8a,68f2d95bd190740cfd6a2d82,ENQUEUED,0.4590495446408604,questions_in
2025-10-29T13:21:57.224119,PUBLISH,6222563ade7e4ff5a8066fc2c7de4c24,68f2d95bd190740cfd6a3349,ENQUEUED,0.21864011535957542,questions_in
2025-10-29T13:21:58.039720,PUBLISH,dfac3f6287f14f7f8b8e90f8d214913e,68f2d95bd190740cfd6a2b75,ENQUEUED,0.8089774375219575,questions_in
2025-10-29T13:21:58.941776,PUBLISH,21d4978f5c3c408b9046e6eb22c228e3,68f2d95bd190740cfd6a4176,ENQUEUED,0.8957263754764618,questions_in
2025-10-29T13:21:59.164296,PUBLISH,cff73ec8d346404f8f789b94aab2b133,68f2d95bd190740cfd6a1ad6,ENQUEUED,0.21519510734703606,questions_in
2025-10-29T13:21:59.177679,PUBLISH,3f4935c58ba84c35bd2b987d5ec80b3e,68f2d95bd190740cfd6a3de2,ENQUEUED,0.009429375863790909,questions_in
2025-10-29T13:21:59.474422,PUBLISH,20bc2dc8d4f44162800366e8837b7de2,68f2d95bd190740cfd6a4143,ENQUEUED,0.29485157069498447,questions_in
2025-10-29T13:21:59.977485,PUBLISH,8689009cb6514f9c8a8124bfbb730b11,68f2d95bd190740cfd6a20a6,ENQUEUED,0.49635330278628403,questions_in
2025-10-29T13:22:00.201812,PUBLISH,91764faee74e49a2a0aaa819b9bbac1d,68f2d95bd190740cfd6a41ae,ENQUEUED,0.2173621326803634,questions_in
2025-10-29T13:22:01.302753,PUBLISH,899d73a670f649ca858c3acb46a69904,68f2d95bd190740cfd6a2622,ENQUEUED,1.0944460395966078,questions_in
2025-10-29T13:22:01.911010,PUBLISH,2dff7d368c404bc48cf3fb311be631d3,68f2d95bd190740cfd6a3658,ENQUEUED,0.6021615029028955,questions_in
2025-10-29T13:22:01.924689,PUBLISH,367b00dea085474e982afc5645ddee0a,68f2d95bd190740cfd6a1b32,ENQUEUED,0.00993925630354974,questions_in
2025-10-29T13:22:02.587640,PUBLISH,517f68c7fb6c4de0971017f81c0ac8fe,68f2d95bd190740cfd6a2cb6,ENQUEUED,0.6564129755633733,questions_in
2025-10-29T13:22:02.840361,PUBLISH,e625d90aff51435d893647630c819858,68f2d95bd190740cfd6a31a4,ENQUEUED,0.24651066999542068,questions_in
2025-10-29T13:22:03.205247,PUBLISH,1d9410db0193427f80948b2f4079f919,68f2d95bd190740cfd6a271c,ENQUEUED,0.3629013147718756,questions_in
2025-10-29T13:22:06.375343,PUBLISH,eefbee8f45944f82b8602fae541cabee,68f2d95bd190740cfd6a399c,ENQUEUED,3.1614366006383166,questions_in
2025-10-29T13:22:08.056477,PUBLISH,3332e309ff024f2bad6760797fc3f10a,68f2d95bd190740cfd6a1ad0,ENQUEUED,1.6740838969958582,questions_in
2025-10-29T13:22:08.241110,PUBLISH,b403bd4484134e16ad6eeb3c8f5992a4,68f2d95bd190740cfd6a3020,ENQUEUED,0.18244611823780596,questions_in
2025-10-29T13:22:09.057465,PUBLISH,07e077dcaa3b4c1599bb36679e53fd2d,68f2d95bd190740cfd6a40ab,ENQUEUED,0.8147954850067061,questions_in
2025-10-29T13:22:09.106998,PUBLISH,2fdaddde1a64456db9815bf42ad28cd8,68f2d95bd190740cfd6a1c57,ENQUEUED,0.04761261822785698,questions_in
2025-10-29T13:22:09.742042,PUBLISH,c5f1fa2ccff3479c9bd646f22f259c7e,68f2d95bd190740cfd6a2f61,ENQUEUED,0.6286637034968575,questions_in
2025-10-29T13:22:09.762819,PUBLISH,b6c8a6afde41481a980f0ff215763428,68f2d95bd190740cfd6a35ab,ENQUEUED,0.018974162138997025,questions_in
2025-10-29T13:22:10.123453,PUBLISH,5b083acb66dd4914b6fd619ef89f03ca,68f2d95bd190740cfd6a3569,ENQUEUED,0.354647398046485,questions_in
2025-10-29T13:22:12.231049,PUBLISH,a87fdc8a38ba42cab08041ee25a051c3,68f2d95bd190740cfd6a2939,ENQUEUED,2.098868457271292,questions_in
2025-10-29T13:22:12.778687,PUBLISH,689b96b90f394cf2a95cac26daa2bac2,68f2d95bd190740cfd6a3e6f,ENQUEUED,0.5383561425423469,questions_in
2025-10-29T13:22:13.705501,PUBLISH,94ae06f68f89435d92149d6aed829516,68f2d95bd190740cfd6a318c,ENQUEUED,0.9167096566789174,questions_in
2025-10-29T13:22:15.350808,PUBLISH,57c78737378748bb99e329b264bb6b42,68f2d95bd190740cfd6a3a96,ENQUEUED,1.642237734243376,questions_in
2025-10-29T13:22:15.930402,PUBLISH,86d2ac7b6c9743d8add380d2074eaf57,68f2d95bd190740cfd6a26c0,ENQUEUED,0.5742233622110865,questions_in
2025-10-29T13:22:16.038772,PUBLISH,0b629318405541b9968eaf1109e9d677,68f2d95bd190740cfd6a1c3a,ENQUEUED,0.1017368432131515,questions_in
2025-10-29T13:22:16.311482,PUBLISH,cecf2d8f0bda49f6ae8e45e88634e500,68f2d95bd190740cfd6a1e75,ENQUEUED,0.26367414255506544,questions_in
2025-10-29T13:22:16.604561,PUBLISH,dce63a1e65144d3f9b086c527068b9e2,68f2d95bd190740cfd6a30c6,ENQUEUED,0.2851497111351327,questions_in
2025-10-29T13:22:16.777556,PUBLISH,4e69d54abe214d7f9ec7c89f89074dad,68f2d95bd190740cfd6a224c,ENQUEUED,0.1707153167099724,questions_in
2025-10-29T13:22:16.820348,PUBLISH,48a977f4c8df4f719219b065f9e7189e,68f2d95bd190740cfd6a2970,ENQUEUED,0.040003024254631536,questions_in
2025-10-29T13:22:17.082258,PUBLISH,b7fe10637c474560b41479afdc48ff4b,68f2d95bd190740cfd6a29ee,ENQUEUED,0.2538124118796016,questions_in
2025-10-29T13:22:17.733606,PUBLISH,8c18bbab543e47f882d110323af95540,68f2d95bd190740cfd6a2b17,ENQUEUED,0.6441586209954103,questions_in
2025-10-29T13:22:18.876809,PUBLISH,8712fc618fc74f3ba59781b2477eb52b,68f2d95bd190740cfd6a2b9e,ENQUEUED,1.1366105933697088,questions_in
2025-10-29T13:22:19.788956,PUBLISH,b061e43d761c4630bc4c53a6cdb00d3b,68f2d95bd190740cfd6a26a6,ENQUEUED,0.9055107341522296,questions_in
2025-10-29T13:22:19.800115,PUBLISH,ddced49ebefc4e7cb1ecf151eaef07fe,68f2d95bd190740cfd6a3647,ENQUEUED,0.009169970757538247,questions_in
2025-10-29T13:22:20.142566,PUBLISH,cea501751587439dbb648c9076780e43,68f2d95bd190740cfd6a2c62,ENQUEUED,0.3367351361973858,questions_in
2025-10-29T13:22:20.556021,PUBLISH,5c8c3b242a334bac857230f1b703ae87,68f2d95bd190740cfd6a232f,ENQUEUED,0.4072377304914511,questions_in
2025-10-29T13:22:21.820836,PUBLISH,1dec5f735238465cb0003da750f77766,68f2d95bd190740cfd6a3f27,ENQUEUED,1.2576370845046427,questions_in
2025-10-29T13:22:22.062673,PUBLISH,3d360f2aca764ad5a89576950556cb4c,68f2d95bd190740cfd6a20a6,ENQUEUED,0.23952757929528304,questions_in
2025-10-29T13:22:23.702461,PUBLISH,9d034ded95da4e50b41e582b8cccf632,68f2d95bd190740cfd6a3975,ENQUEUED,1.637194625545604,questions_in
2025-10-29T13:22:25.098558,PUBLISH,58296cfcc87f49f6bceb65648817660e,68f2d95bd190740cfd6a3117,ENQUEUED,1.393483854892321,questions_in
2025-10-29T13:22:25.155987,PUBLISH,cbf5cf0433fe4a27b8fa0907877d9205,68f2d95bd190740cfd6a3c54,ENQUEUED,0.05103842399030991,questions_in
2025-10-29T13:22:25.733447,PUBLISH,3f7b25d48fd345bc9a5378127be5af18,68f2d95bd190740cfd6a3429,ENQUEUED,0.5707917855828009,questions_in
2025-10-29T13:22:26.169557,PUBLISH,46c3b5198e164699a4210a976d83432e,68f2d95bd190740cfd6a28d1,ENQUEUED,0.42638374478099345,questions_in
2025-10-29T13:22:26.395832,PUBLISH,174580aca3f54ec88a63ffd06ec9a76d,68f2d95bd190740cfd6a406c,ENQUEUED,0.21920447115302152,questions_in
2025-10-29T13:22:26.526363,PUBLISH,63716f8eea7749ffbd48efd449c3d89d,68f2d95bd190740cfd6a3b40,ENQUEUED,0.12384667092305995,questions_in
2025-10-29T13:22:26.580809,PUBLISH,650ca202ffe64686a8dcddd52275eccb,68f2d95bd190740cfd6a389e,ENQUEUED,0.05179491061289208,questions_in
2025-10-29T13:22:27.202173,PUBLISH,04f5de13e89046bdaac6d4ea150d6d45,68f2d95bd190740cfd6a3a93,ENQUEUED,0.6148870582672497,questions_in
2025-10-29T13:22:27.367461,PUBLISH,62f9d6d0f5bd45e7974bf9f142f1fadc,68f2d95bd190740cfd6a31b8,ENQUEUED,0.16319347629259331,questions_in
2025-10-29T13:22:28.545762,PUBLISH,fa0ba16792ed4f60a4f8681721d11960,68f2d95bd190740cfd6a2a34,ENQUEUED,1.1708851992094267,questions_in
2025-10-29T13:22:28.898641,PUBLISH,853d625c01e742c6b8db7b21c3c57571,68f2d95bd190740cfd6a30d6,ENQUEUED,0.3470859893830703,questions_in
2025-10-29T13:22:28.955476,PUBLISH,5fd82009bee440bd84d64c6631ab58f8,68f2d95bd190740cfd6a1c42,ENQUEUED,0.05133363950515423,questions_in
2025-10-29T13:22:29.325584,PUBLISH,b7f0ff426c91404982f80109f1e9d448,68f2d95bd190740cfd6a3765,ENQUEUED,0.36438881995527567,questions_in
2025-10-29T13:22:29.675729,PUBLISH,7f0f467089124d2ba8f5974011c6f913,68f2d95bd190740cfd6a3039,ENQUEUED,0.3447944162776178,questions_in
2025-10-29T13:22:29.861512,PUBLISH,ba61e29a1d4c4b2184479d4fd7c1ab4e,68f2d95bd190740cfd6a2179,ENQUEUED,0.1805005997908392,questions_in
2025-10-29T13:22:30.349185,PUBLISH,7954b234ab6a42359dea9402aa166cbc,68f2d95bd190740cfd6a2ffd,ENQUEUED,0.48113443675187195,questions_in
2025-10-29T13:22:30.460770,PUBLISH,b7e8f2b5235d409a9e2482eee5552480,68f2d95bd190740cfd6a2d5e,ENQUEUED,0.105788638761681,questions_in
2025-10-29T13:22:30.886634,PUBLISH,9b2e01489e8b42f9b2fe355e167e6a31,68f2d95bd190740cfd6a3b5e,ENQUEUED,0.42312406838480626,questions_in
2025-10-29T13:22:31.066596,PUBLISH,20e69831079c4308b9f5b106147f80f9,68f2d95bd190740cfd6a3ad1,ENQUEUED,0.17806551080203784,questions_in
2025-10-29T13:22:31.546705,PUBLISH,9f83ac3513354465892fbf36a1e79783,68f2d95bd190740cfd6a3cc1,ENQUEUED,0.47796910497307216,questions_in
2025-10-29T13:22:31.549345,PUBLISH,e150d21b8a8744fcba54b482a4e656fb,68f2d95bd190740cfd6a29b5,ENQUEUED,0.0012302554175518672,questions_in
2025-10-29T13:22:31.884757,PUBLISH,aeb8a8ac7c134d57b2481fed916b790c,68f2d95bd190740cfd6a36de,ENQUEUED,0.3287154051289216,questions_in
2025-10-29T13:22:32.021487,PUBLISH,133a2272071e447987e6bb7a291c24ca,68f2d95bd190740cfd6a2c8e,ENQUEUED,0.12989971369855383,questions_in
2025-10-29T13:22:32.624419,PUBLISH,4f21f51e8ce94f639fdf67c6a7683007,68f2d95bd190740cfd6a31d0,ENQUEUED,0.5969246964209177,questions_in
2025-10-29T13:22:34.231066,PUBLISH,e4f207783abe462db2bc83d1723fa2aa,68f2d95bd190740cfd6a38ca,ENQUEUED,1.599147891041629,questions_in
2025-10-29T13:22:34.426806,PUBLISH,0e0b2256e6774f1ebc0afe6fce0aa43d,68f2d95bd190740cfd6a1b9f,ENQUEUED,0.18913097269750742,questions_in
2025-10-29T13:22:34.465468,PUBLISH,e73ca1cac6de4d7dadcbdff9e3366a0b,68f2d95bd190740cfd6a23c9,ENQUEUED,0.03597883738057888,questions_in
2025-10-29T13:22:35.208710,PUBLISH,d34b6931b5164cf2859d50eba0eb12ec,68f2d95bd190740cfd6a2d4e,ENQUEUED,0.736879239537717,questions_in
2025-10-29T13:22:35.596382,PUBLISH,1d448086a49645a4b6fef48c20f8c8d0,68f2d95bd190740cfd6a38ef,ENQUEUED,0.3808084867907151,questions_in
2025-10-29T13:22:35.971778,PUBLISH,1e9ab17f04ac4f0f8a9a9c21d567eb9f,68f2d95bd190740cfd6a2ef4,ENQUEUED,0.3677860350334805,questions_in
2025-10-29T13:22:37.411898,PUBLISH,b9d1f727f10d4a5a977de3c4865a20b7,68f2d95bd190740cfd6a39f3,ENQUEUED,1.431845586344633,questions_in
2025-10-29T13:22:37.667955,PUBLISH,47bbece2fcc54032bfccc693c51edc06,68f2d95bd190740cfd6a2bf9,ENQUEUED,0.24979409701962604,questions_in
2025-10-29T13:22:38.173477,PUBLISH,06f7e7f5bd3b418e8056bd3bf9ee7c32,68f2d95bd190740cfd6a413a,ENQUEUED,0.5038520977907177,questions_in
2025-10-29T13:22:38.408698,PUBLISH,4ac536e7465048c380d54061b4359890,68f2d95bd190740cfd6a3468,ENQUEUED,0.22830106095976552,questions_in
2025-10-29T13:22:38.822967,PUBLISH,f71387cf39d946ab857d0de77e9aaf74,68f2d95bd190740cfd6a1bc3,ENQUEUED,0.4121236116796985,questions_in
2025-10-29T13:22:39.256094,PUBLISH,32c813e536d64e43bfe3550a1629848a,68f2d95bd190740cfd6a308e,ENQUEUED,0.42587194474161594,questions_in
2025-10-29T13:22:40.019502,PUBLISH,6e98d360eb33408f95acad104b334ad4,68f2d95bd190740cfd6a2c70,ENQUEUED,0.7575141917527993,questions_in
2025-10-29T13:22:41.386102,PUBLISH,eaaa90196297487ebf504d68186d72f4,68f2d95bd190740cfd6a1ccf,ENQUEUED,1.3631714066795073,questions_in
2025-10-29T13:22:42.386576,PUBLISH,33e4bddf1e4b4bf8bdc99a1786b0135f,68f2d95bd190740cfd6a3fdf,ENQUEUED,0.9930019106121737,questions_in
2025-10-29T13:22:43.087354,PUBLISH,3229142cc61b4b63a6ea1260fa63486d,68f2d95bd190740cfd6a1b11,ENQUEUED,0.6986401323791105,questions_in
2025-10-29T13:22:43.622070,PUBLISH,f11c3251969c4a28b904e7b95fde7b57,68f2d95bd190740cfd6a230a,ENQUEUED,0.5327804763470084,questions_in
2025-10-29T13:22:45.142831,PUBLISH,fa43c042808e4cb082a34d989d8e2120,68f2d95bd190740cfd6a2373,ENQUEUED,1.517882199517482,questions_in
2025-10-29T13:22:45.634070,PUBLISH,285f2367e6854cf0a704a31f15f3adad,68f2d95bd190740cfd6a3cef,ENQUEUED,0.4892990372977671,questions_in
2025-10-29T13:22:45.760285,PUBLISH,b7e8c42f20204d2fb224a9f07d234d99,68f2d95bd190740cfd6a1e11,ENQUEUED,0.12423643042454263,questions_in
2025-10-29T13:22:45.941957,PUBLISH,eeae61fc3ada492d8abfb9769fd567c3,68f2d95bd190740cfd6a20d7,ENQUEUED,0.17547294203750766,questions_in
2025-10-29T13:22:46.073235,PUBLISH,e5288c077a98425cbb206a191cd430bb,68f2d95bd190740cfd6a20e3,ENQUEUED,0.1251824022648376,questions_in
2025-10-29T13:22:46.256331,PUBLISH,b0564d84d2c54e6f8f69da12266211af,68f2d95bd190740cfd6a1d42,ENQUEUED,0.1768206242147015,questions_in
2025-10-29T13:22:47.840654,PUBLISH,3e2f3a414ea54e298be4cdcb92602280,68f2d95bd190740cfd6a2704,ENQUEUED,1.577089892968001,questions_in
2025-10-29T13:22:48.186377,PUBLISH,1add676df8df4982a1b6757652b483d9,68f2d95bd190740cfd6a26b3,ENQUEUED,0.33518858465519497,questions_in
2025-10-29T13:22:48.285066,PUBLISH,eba5ac9568f549c08bc094afc904424d,68f2d95bd190740cfd6a362c,ENQUEUED,0.09267819971232048,questions_in
2025-10-29T13:22:48.509711,PUBLISH,3bd86c14ee1f4b0aa2a5c312c1b515e8,68f2d95bd190740cfd6a36aa,ENQUEUED,0.21806943573572948,questions_in
2025-10-29T13:22:53.391486,PUBLISH,c3e2fab114b54460a468b976ff5b2ac5,68f2d95bd190740cfd6a2b5e,ENQUEUED,4.875329719892524,questions_in
2025-10-29T13:22:54.433640,PUBLISH,eabb44594dd94df3afff7cce623ad5bd,68f2d95bd190740cfd6a24af,ENQUEUED,1.040093794848352,questions_in
2025-10-29T13:22:54.473498,PUBLISH,14b1ec284e7e4258b818432256bbcfba,68f2d95bd190740cfd6a2c03,ENQUEUED,0.03755766137751637,questions_in
2025-10-29T13:22:55.665694,PUBLISH,a48bc50fe02a402ea4eb5d75cde6c02c,68f2d95bd190740cfd6a2fd2,ENQUEUED,1.1853400072386544,questions_in
2025-10-29T13:22:55.788936,PUBLISH,fdd608bfd824451fbfa2d12866e1efd6,68f2d95bd190740cfd6a277e,ENQUEUED,0.12148631716841045,questions_in
2025-10-29T13:22:56.714062,PUBLISH,bc9f12fcfebe406f94768354a19f1b7a,68f2d95bd190740cfd6a1b3d,ENQUEUED,0.9171453779684459,questions_in
2025-10-29T13:22:57.640743,PUBLISH,27ac16546a8d4bb2b1354ff187ef91e8,68f2d95bd190740cfd6a2aa8,ENQUEUED,0.9191753865187134,questions_in
2025-10-29T13:22:58.450055,PUBLISH,18a35af685bd49ca8174333a326c2234,68f2d95bd190740cfd6a2c4e,ENQUEUED,0.8026764534657845,questions_in
2025-10-29T13:22:58.499395,PUBLISH,f70c127941ba47bf9d891959420ea532,68f2d95bd190740cfd6a2ae4,ENQUEUED,0.04261827743246821,questions_in
2025-10-29T13:22:59.001421,PUBLISH,64b85f0f4f904fa489274bfcf3eae33a,68f2d95bd190740cfd6a35bc,ENQUEUED,0.49555004390676927,questions_in
2025-10-29T13:22:59.320889,PUBLISH,6cf5cad074244c44abbdb65c1749aea8,68f2d95bd190740cfd6a3674,ENQUEUED,0.31736938860185643,questions_in
2025-10-29T13:22:59.815450,PUBLISH,c737b802f98a4df4b1ba156e044b6150,68f2d95bd190740cfd6a3e67,ENQUEUED,0.48811600004874695,questions_in
2025-10-29T13:23:00.077440,PUBLISH,4472df60974844558d934e2fcc4e2a3f,68f2d95bd190740cfd6a395f,ENQUEUED,0.25893719018804706,questions_in
2025-10-29T13:23:01.551423,PUBLISH,2b7c892434fc45a1875ad72a99990fe2,68f2d95bd190740cfd6a1fc9,ENQUEUED,1.4667719046362393,questions_in
2025-10-29T13:23:03.283958,PUBLISH,1ea27c2cb3b649a38e20f15626d8331f,68f2d95bd190740cfd6a3f01,ENQUEUED,1.7248795127829089,questions_in
2025-10-29T13:23:03.296219,PUBLISH,00c4ce13a4694849b151fd55eb999359,68f2d95bd190740cfd6a3d92,ENQUEUED,0.010576678914550046,questions_in
2025-10-29T13:23:03.656085,PUBLISH,c05c6023211d4f0ba1b55bbfa74a4aeb,68f2d95bd190740cfd6a22e5,ENQUEUED,0.35359489097070024,questions_in
2025-10-29T13:23:05.637546,PUBLISH,9ccb7f399baf4f38b497e98121a0254e,68f2d95bd190740cfd6a261d,ENQUEUED,1.9786113205155926,questions_in
2025-10-29T13:23:06.305612,PUBLISH,c8a01ff54a434771964bcc11cc2e4b07,68f2d95bd190740cfd6a1fbf,ENQUEUED,0.6620858509235551,questions_in
2025-10-29T13:23:07.051605,PUBLISH,41fd7d1f71c444758abe2ff9396a7bf6,68f2d95bd190740cfd6a4194,ENQUEUED,0.7394652787333335,questions_in
2025-10-29T13:23:07.347443,PUBLISH,3f813ad5ef0a4b3baa8b837cd53635b8,68f2d95bd190740cfd6a3e53,ENQUEUED,0.28839031944687477,questions_in
2025-10-29T13:23:09.666502,PUBLISH,dac8d7ed29cb4af789cb00f70e04af76,68f2d95bd190740cfd6a40a0,ENQUEUED,2.3116781464714915,questions_in
2025-10-29T13:23:11.097800,PUBLISH,f8ec021dd72e4ff794092bde3805a32b,68f2d95bd190740cfd6a2322,ENQUEUED,1.4232527229878305,questions_in
2025-10-29T13:23:11.475088,PUBLISH,c3f119eaee10411a9805c2f03d0d7754,68f2d95bd190740cfd6a1e00,ENQUEUED,0.3710351612874272,questions_in
2025-10-29T13:23:11.809226,PUBLISH,dc35f24490d84f33bab8511ea13d13f4,68f2d95bd190740cfd6a3bcf,ENQUEUED,0.3270853907694914,questions_in
2025-10-29T13:23:11.825433,PUBLISH,42b17b5b21c44f74be774ac48ed47760,68f2d95bd190740cfd6a3c51,ENQUEUED,0.009188210470609196,questions_in
2025-10-29T13:23:13.089712,PUBLISH,2aa2d2b4b4c542798ae658a350860916,68f2d95bd190740cfd6a3f62,ENQUEUED,1.2579749348918148,questions_in
2025-10-29T13:23:14.487342,PUBLISH,6b1f9cc3b7864ca3a3ada06c443db43b,68f2d95bd190740cfd6a3488,ENQUEUED,1.3905848244806114,questions_in
2025-10-29T13:23:14.592168,PUBLISH,7e4a81f1703041a58cab0aaccc065553,68f2d95bd190740cfd6a2f5f,ENQUEUED,0.09853020825199255,questions_in
2025-10-29T13:23:15.087567,PUBLISH,4da28b8822c144be9e45c4766530e50f,68f2d95bd190740cfd6a2770,ENQUEUED,0.49370065372204736,questions_in
2025-10-29T13:23:17.804718,PUBLISH,e5d7f376de3847caaf3d9dff939d504e,68f2d95bd190740cfd6a1e5f,ENQUEUED,2.708019700187299,questions_in
2025-10-29T13:23:18.365509,PUBLISH,3f3dffb023664cebbacfa76f1aa297c4,68f2d95bd190740cfd6a35b7,ENQUEUED,0.5541095050539692,questions_in
2025-10-29T13:23:19.111572,PUBLISH,28674b9e58ee4ec4bdb325f2ab5c2e3d,68f2d95bd190740cfd6a3f35,ENQUEUED,0.7403479772662921,questions_in
2025-10-29T13:23:19.391737,PUBLISH,a3aa00bd396e4065bc061516b7ff8c72,68f2d95bd190740cfd6a378e,ENQUEUED,0.27354522701814404,questions_in
2025-10-29T13:23:21.140456,PUBLISH,1bbab8c89c254a648d3c312841f3ad13,68f2d95bd190740cfd6a3de3,ENQUEUED,1.7407315990467191,questions_in
2025-10-29T13:23:22.057466,PUBLISH,16ba86d4dcf5474f93906623f77285a6,68f2d95bd190740cfd6a260c,ENQUEUED,0.9135615682962889,questions_in
2025-10-29T13:23:22.967764,PUBLISH,14a5446495dd4a84bb38b22427b86e2b,68f2d95bd190740cfd6a30da,ENQUEUED,0.9030371676463318,questions_in
2025-10-29T13:23:23.250369,PUBLISH,8882dddfb38a4a6082ff632efc2f5ad9,68f2d95bd190740cfd6a32a3,ENQUEUED,0.2765044340023223,questions_in
2025-10-29T13:23:24.234500,PUBLISH,8bc1a9c6ea2845149ac189d5128f8808,68f2d95bd190740cfd6a3b34,ENQUEUED,0.9767150808489736,questions_in
2025-10-29T13:23:24.616383,PUBLISH,c2eef96a87524068aecd68b76a759b84,68f2d95bd190740cfd6a2089,ENQUEUED,0.3756623821343865,questions_in
2025-10-29T13:23:25.501482,PUBLISH,5f87af1317f9468198e0c483eb5d25a3,68f2d95bd190740cfd6a1e5a,ENQUEUED,0.8820690935302644,questions_in
2025-10-29T13:23:26.233161,PUBLISH,98f26e1b6fb0435f82d4a579089217f6,68f2d95bd190740cfd6a256a,ENQUEUED,0.7289707738537152,questions_in
2025-10-29T13:23:27.023617,PUBLISH,018eebfae0254d4cb13e1490ab206138,68f2d95bd190740cfd6a2059,ENQUEUED,0.7846634615919715,questions_in
2025-10-29T13:23:27.964892,PUBLISH,e05da9a038c247deaeb363d589df1fa3,68f2d95bd190740cfd6a1d16,ENQUEUED,0.9343822891527412,questions_in
2025-10-29T13:23:28.082219,PUBLISH,0bb0f013e08d4a8d9b00f39f3bcc0a9d,68f2d95bd190740cfd6a1dd5,ENQUEUED,0.11157014334355353,questions_in
2025-10-29T13:23:28.405408,PUBLISH,3b9cae5c587a4461834880097932f1a5,68f2d95bd190740cfd6a284e,ENQUEUED,0.32103471479669526,questions_in
2025-10-29T13:23:28.489906,PUBLISH,22cb4b80283a4c4083fe8f97c8b93851,68f2d95bd190740cfd6a2210,ENQUEUED,0.08266014727350278,questions_in
2025-10-29T13:23:28.561969,PUBLISH,2fc871a5ccb849b1b2303e8c4c61095c,68f2d95bd190740cfd6a1cb5,ENQUEUED,0.07029320110955813,questions_in
2025-10-29T13:23:29.084397,PUBLISH,1126c9d6068b4796841f9ba4c1b69533,68f2d95bd190740cfd6a2518,ENQUEUED,0.5171880677936563,questions_in
2025-10-29T13:23:29.436519,PUBLISH,c4966f510651488bbf525cd666f06b8c,68f2d95bd190740cfd6a2131,ENQUEUED,0.34956705470700383,questions_in
2025-10-29T13:23:30.284469,PUBLISH,3e73c0674c844ffba2a119babc304ef9,68f2d95bd190740cfd6a26a1,ENQUEUED,0.8461788365355982,questions_in
2025-10-29T13:23:30.659034,PUBLISH,1d222866995446e991cafed8d0684ea9,68f2d95bd190740cfd6a21df,ENQUEUED,0.3689706846041285,questions_in
2025-10-29T13:23:31.318047,PUBLISH,ee724401a3cd4ef18d4a33862df4a45a,68f2d95bd190740cfd6a3f61,ENQUEUED,0.6517944679779378,questions_in
2025-10-29T13:23:31.937777,PUBLISH,efe8f1071a2040f3a2767921e89aaa9b,68f2d95bd190740cfd6a23be,ENQUEUED,0.6127782250818824,questions_in
2025-10-29T13:23:32.665808,PUBLISH,15af0d26324141668b377f1d2e2c34fe,68f2d95bd190740cfd6a1bb1,ENQUEUED,0.7237973934905005,questions_in
2025-10-29T13:23:32.825642,PUBLISH,53906db25cc5434b93aedbaba93c971c,68f2d95bd190740cfd6a3ccc,ENQUEUED,0.15268348999593012,questions_in
2025-10-29T13:23:33.183214,PUBLISH,60422b6fc84b4222a165bf26951a2ca3,68f2d95bd190740cfd6a3fa7,ENQUEUED,0.35111667939888275,questions_in
2025-10-29T13:23:33.441016,PUBLISH,d1b6afb55e2e4860b5577029d6ae65ee,68f2d95bd190740cfd6a2c91,ENQUEUED,0.25089092624250936,questions_in
2025-10-29T13:23:35.335732,PUBLISH,df67717e8cac4787aa12317814b60fc3,68f2d95bd190740cfd6a295c,ENQUEUED,1.8862414851575247,questions_in
2025-10-29T13:23:36.183790,PUBLISH,383645781d574ee8a204460e7270f051,68f2d95bd190740cfd6a1c02,ENQUEUED,0.8452718793989984,questions_in
2025-10-29T13:23:36.295596,PUBLISH,adb9c34a3b7a465a9ebfb6da03b2a68d,68f2d95bd190740cfd6a2f52,ENQUEUED,0.10811043614280579,questions_in
2025-10-29T13:23:36.359443,PUBLISH,344943934dab414688724f5561af4586,68f2d95bd190740cfd6a3954,ENQUEUED,0.058867882923301994,questions_in
2025-10-29T13:23:36.586511,PUBLISH,d6e58f9f3dbb4073a49ba4e15cc3f976,68f2d95bd190740cfd6a352e,ENQUEUED,0.21909019657030815,questions_in
2025-10-29T13:23:36.703418,PUBLISH,e214b911fa0743d49382a9669f8c1ce1,68f2d95bd190740cfd6a3864,ENQUEUED,0.1115392917070494,questions_in
2025-10-29T13:23:39.860726,PUBLISH,e62cce322eac4b1ab6bb286d7cd25227,68f2d95bd190740cfd6a33c5,ENQUEUED,3.153309061912751,questions_in
2025-10-29T13:23:40.384619,PUBLISH,b73e72cbe2834cbaa9e47683a2466a78,68f2d95bd190740cfd6a38e5,ENQUEUED,0.51840770015283,questions_in
2025-10-29T13:23:40.466914,PUBLISH,bf12d2a753e34b309034b8b6473608cc,68f2d95bd190740cfd6a373f,ENQUEUED,0.07727989093686559,questions_in
2025-10-29T13:23:40.524088,PUBLISH,831422a167bf4159a6364a6368150f41,68f2d95bd190740cfd6a4037,ENQUEUED,0.054033227699533636,questions_in
2025-10-29T13:23:41.594045,PUBLISH,423b7ce4bc9a45d5a50c5cbf83fbfa35,68f2d95bd190740cfd6a36f2,ENQUEUED,1.061842268917973,questions_in
2025-10-29T13:23:44.155882,PUBLISH,b64aa86ae3cd40c297aca1c088529d03,68f2d95bd190740cfd6a272c,ENQUEUED,2.5553397259585653,questions_in
2025-10-29T13:23:44.593231,PUBLISH,c3f791db4422470393e1d3b3e0baa40d,68f2d95bd190740cfd6a34d4,ENQUEUED,0.4310062712350393,questions_in
2025-10-29T13:23:45.044360,PUBLISH,6392ca9795c846d8814f898d77c57a64,68f2d95bd190740cfd6a241c,ENQUEUED,0.44500957462126917,questions_in
2025-10-29T13:23:45.699818,PUBLISH,87f383f836974969a93a59b6461a2294,68f2d95bd190740cfd6a1dd0,ENQUEUED,0.6492808529374082,questions_in
2025-10-29T13:23:46.890882,PUBLISH,f9f0c65cff374bcc9c1c1b930bcc165f,68f2d95bd190740cfd6a2969,ENQUEUED,1.1845296592970802,questions_in
2025-10-29T13:23:47.177593,PUBLISH,bbe7483988d949bca8e1b63aaa5a4ec8,68f2d95bd190740cfd6a2563,ENQUEUED,0.2805955324991454,questions_in
2025-10-29T13:23:47.568409,PUBLISH,8f9dd035aa30441aaf721cc8431e0dbd,68f2d95bd190740cfd6a2ba6,ENQUEUED,0.3851734905715898,questions_in
2025-10-29T13:23:47.944097,PUBLISH,5fa8f593925a4afb9d563b4effab5eb7,68f2d95bd190740cfd6a3fa8,ENQUEUED,0.36989489033915807,questions_in
2025-10-29T13:23:48.315459,PUBLISH,8a535c9c36024d088dc7d8fa07acaa53,68f2d95bd190740cfd6a367e,ENQUEUED,0.36559587308066477,questions_in
2025-10-29T13:23:48.863433,PUBLISH,0b4d858600964bae8e691c1e3af47f38,68f2d95bd190740cfd6a4097,ENQUEUED,0.5458415170963603,questions_in
2025-10-29T13:23:48.928111,PUBLISH,3956a18d5b6a4933aa14bbe30377a8d8,68f2d95bd190740cfd6a2f2b,ENQUEUED,0.06309011624946026,questions_in
2025-10-29T13:23:49.331213,PUBLISH,14682921ac1a4e86b70c43b9c7c1d2da,68f2d95bd190740cfd6a320c,ENQUEUED,0.39687075341920114,questions_in
2025-10-29T13:23:49.380783,PUBLISH,c7598f56af054bb0989c95f0a3911313,68f2d95bd190740cfd6a3393,ENQUEUED,0.04730053904286475,questions_in
2025-10-29T13:23:49.587138,PUBLISH,2efc33a4f9704fc38677d0f604391823,68f2d95bd190740cfd6a1e48,ENQUEUED,0.19948810709238543,questions_in
2025-10-29T13:23:49.818416,PUBLISH,ec726c37c9e446498bea0d1a2a76e9d0,68f2d95bd190740cfd6a2c54,ENQUEUED,0.2257926118709437,questions_in
2025-10-29T13:23:50.146760,PUBLISH,022c01be1b7a46f1aed0faccce2d3d8a,68f2d95bd190740cfd6a2bb9,ENQUEUED,0.3224336013788817,questions_in
2025-10-29T13:23:50.867244,PUBLISH,9d0e182bc9434d6d98464d90c32255fc,68f2d95bd190740cfd6a3ecb,ENQUEUED,0.7155522505519581,questions_in
2025-10-29T13:23:51.807638,PUBLISH,f9da84f97b7143a2be506b8d4b54d022,68f2d95bd190740cfd6a3469,ENQUEUED,0.9344886616356555,questions_in
2025-10-29T13:23:52.242381,PUBLISH,ec5efca5871840cb99a5eff88389146e,68f2d95bd190740cfd6a22bd,ENQUEUED,0.4331536620442953,questions_in
2025-10-29T13:23:53.812309,PUBLISH,cb3122802e504944a33911aa92913fbe,68f2d95bd190740cfd6a22b2,ENQUEUED,1.5625323221584964,questions_in
2025-10-29T13:23:54.032465,PUBLISH,8098dc2f1f6c45a794b7176659676c51,68f2d95bd190740cfd6a28f4,ENQUEUED,0.2169591328217134,questions_in
2025-10-29T13:23:54.710183,PUBLISH,6232d27ec75f491488eac88e22b89e67,68f2d95bd190740cfd6a1edb,ENQUEUED,0.6710711375322305,questions_in
2025-10-29T13:23:54.778741,PUBLISH,448b5e54e9ef4ccd95ab79685694a0fe,68f2d95bd190740cfd6a20b6,ENQUEUED,0.06264103302305447,questions_in
2025-10-29T13:23:55.283933,PUBLISH,28ffd9684fd5464ba365b489e02807cd,68f2d95bd190740cfd6a1f4d,ENQUEUED,0.5029993519395074,questions_in
2025-10-29T13:23:55.292038,PUBLISH,b4f895b625884960ac440005092368f3,68f2d95bd190740cfd6a396c,ENQUEUED,0.0066403246559761835,questions_in
2025-10-29T13:23:55.332992,PUBLISH,f63a2bb6252e426fb1ed51428737f525,68f2d95bd190740cfd6a3fd6,ENQUEUED,0.039519678918494346,questions_in
2025-10-29T13:23:55.680770,PUBLISH,bf2a7acf060b429d9a954bf37f5ea6c8,68f2d95bd190740cfd6a252e,ENQUEUED,0.3411232285372993,questions_in
2025-10-29T13:23:55.829399,PUBLISH,e9b8e63bb854402199994e7c21dcdf4d,68f2d95bd190740cfd6a29df,ENQUEUED,0.142617192074267,questions_in
2025-10-29T13:23:55.888257,PUBLISH,a282404fb12d48d28afe9f9e2f815123,68f2d95bd190740cfd6a1bd3,ENQUEUED,0.054974714428128645,questions_in
2025-10-29T13:23:56.668102,PUBLISH,8807f7fc64684a218ed79f5bd68f0828,68f2d95bd190740cfd6a1c7b,ENQUEUED,0.7731996729980901,questions_in
2025-10-29T13:23:56.689003,PUBLISH,db97761083344234aa97c399d4797e00,68f2d95bd190740cfd6a1fe5,ENQUEUED,0.014001440951523393,questions_in
2025-10-29T13:23:56.838627,PUBLISH,a58acdd896b84d22bd69b8c03410d907,68f2d95bd190740cfd6a3219,ENQUEUED,0.14356218695663145,questions_in
2025-10-29T13:23:57.013871,PUBLISH,fbbd7204032a4b11b50ff3f291b08494,68f2d95bd190740cfd6a3e21,ENQUEUED,0.16856848071297667,questions_in
2025-10-29T13:23:57.161832,PUBLISH,a71868340c27493eba7567f5da050609,68f2d95bd190740cfd6a21e4,ENQUEUED,0.1422781314069285,questions_in
2025-10-29T13:23:57.404449,PUBLISH,ceb51aa23360479f809fcd29a7b85884,68f2d95bd190740cfd6a1f69,ENQUEUED,0.2361252983031655,questions_in
2025-10-29T13:23:58.349463,PUBLISH,2264dae0f0e14681b87e17ccfbf9816c,68f2d95bd190740cfd6a26fe,ENQUEUED,0.9430475653782585,questions_in
2025-10-29T13:23:58.442189,PUBLISH,d1f9894fe0144cc7af84c6cf1ca29270,68f2d95bd190740cfd6a29f5,ENQUEUED,0.08674677436412108,questions_in
2025-10-29T13:23:59.539349,PUBLISH,f7bfb9ff2cfd433abfa012c4f058d3b7,68f2d95bd190740cfd6a1b4b,ENQUEUED,1.0888361973149914,questions_in
2025-10-29T13:24:00.195583,PUBLISH,c802e6f59f794084b12f110b66e902fa,68f2d95bd190740cfd6a2ed7,ENQUEUED,0.649605486098215,questions_in
2025-10-29T13:24:00.747774,PUBLISH,2fccfa0d150a47e09b3876993fb00ec2,68f2d95bd190740cfd6a36e5,ENQUEUED,0.5453052247043905,questions_in
2025-10-29T13:24:02.341703,PUBLISH,81996e4cceda468987e368ff6e89b5b4,68f2d95bd190740cfd6a3fd4,ENQUEUED,1.5912856876616754,questions_in
2025-10-29T13:24:02.805873,PUBLISH,7ec2dcef417b4b15b7fb5d42b1fe0656,68f2d95bd190740cfd6a3019,ENQUEUED,0.45603045678764037,questions_in
2025-10-29T13:24:04.225100,PUBLISH,1344ce378bcd4936bc64825b3faba616,68f2d95bd190740cfd6a1f78,ENQUEUED,1.4118284158892251,questions_in
2025-10-29T13:24:04.802879,PUBLISH,0da97177e1304d0f8064cc577c33e3a3,68f2d95bd190740cfd6a226d,ENQUEUED,0.5716189651983018,questions_in
2025-10-29T13:24:05.163377,PUBLISH,fafb109f44394bbc81080d644cd119ee,68f2d95bd190740cfd6a1eac,ENQUEUED,0.35490347158337293,questions_in
2025-10-29T13:24:05.576098,PUBLISH,91f5e37b7a3b424fb9954121dcda317a,68f2d95bd190740cfd6a24e0,ENQUEUED,0.40670800281743297,questions_in
2025-10-29T13:24:06.482789,PUBLISH,4da23bcafbe04776bf90b55c6d1057f1,68f2d95bd190740cfd6a307d,ENQUEUED,0.9008835565144581,questions_in
2025-10-29T13:24:07.296713,PUBLISH,1fdf30dff800401bb73918573b47c8ef,68f2d95bd190740cfd6a314f,ENQUEUED,0.8076157142617747,questions_in
2025-10-29T13:24:08.954027,PUBLISH,7c841afb040f4c06bd2d1e09d108be13,68f2d95bd190740cfd6a3e48,ENQUEUED,1.6495835456740864,questions_in
2025-10-29T13:24:09.567515,PUBLISH,9eea765d80584c68be80ada9ef564dd8,68f2d95bd190740cfd6a3ef4,ENQUEUED,0.606679960632303,questions_in
2025-10-29T13:24:10.038835,PUBLISH,7b47baa9300847f6b4ab081615b4a72b,68f2d95bd190740cfd6a3738,ENQUEUED,0.4639565735880216,questions_in
2025-10-29T13:24:10.566357,PUBLISH,6e4c844d3f9b45e28fe4934f68dca45b,68f2d95bd190740cfd6a3cb5,ENQUEUED,0.5214115719025226,questions_in
2025-10-29T13:24:11.121871,PUBLISH,803f278eddfe4fa6a00771a915671139,68f2d95bd190740cfd6a238e,ENQUEUED,0.5535662034760545,questions_in
2025-10-29T13:24:11.337017,PUBLISH,2c63ad3a8c2e4f9ab583941660b3c008,68f2d95bd190740cfd6a22a8,ENQUEUED,0.20791242227238751,questions_in
2025-10-29T13:24:11.652207,PUBLISH,fb2e70122b144b20beffc5b97a27320e,68f2d95bd190740cfd6a23a3,ENQUEUED,0.30888633283667627,questions_in
2025-10-29T13:24:12.750879,PUBLISH,0f83425b87df4590bfb87c1115fd2201,68f2d95bd190740cfd6a2448,ENQUEUED,1.0923480845248137,questions_in
2025-10-29T13:24:13.441555,PUBLISH,00b6fd210c5a41929a7f17c45dc0998a,68f2d95bd190740cfd6a3765,ENQUEUED,0.6843085119419429,questions_in
2025-10-29T13:24:15.943486,PUBLISH,784176275c71460e8f1e421e181c0d32,68f2d95bd190740cfd6a2413,ENQUEUED,2.494065023633001,questions_in
2025-10-29T13:24:17.444038,PUBLISH,cde67f348bab41a980708f2a2536458b,68f2d95bd190740cfd6a29b1,ENQUEUED,1.4937805325279845,questions_in
2025-10-29T13:24:17.465195,PUBLISH,f94662c5b35245af8354bda48f6d0582,68f2d95bd190740cfd6a253b,ENQUEUED,0.015602056494852913,questions_in
2025-10-29T13:24:17.836910,PUBLISH,a2f19f0a21674c3dac20620f964c03fa,68f2d95bd190740cfd6a2305,ENQUEUED,0.3639713288483685,questions_in
2025-10-29T13:24:18.006208,PUBLISH,41e534a4fbeb4fdbb09cdd287f404e41,68f2d95bd190740cfd6a3fee,ENQUEUED,0.16395940763294506,questions_in
2025-10-29T13:24:19.241095,PUBLISH,eb0c0fdc5646467387f60ea16c09f440,68f2d95bd190740cfd6a39c7,ENQUEUED,1.2291966027441308,questions_in
2025-10-29T13:24:19.395772,PUBLISH,3c08446bcccd4c859bcb78ea46cadeb7,68f2d95bd190740cfd6a3dd2,ENQUEUED,0.14962089628601077,questions_in
2025-10-29T13:24:21.195852,PUBLISH,c0c4ce217a994ef98e25154af4c5b219,68f2d95bd190740cfd6a29d0,ENQUEUED,1.7927072225212486,questions_in
2025-10-29T13:24:23.337822,PUBLISH,3551174714e24aba90d6f9a62b1f0208,68f2d95bd190740cfd6a1b44,ENQUEUED,2.13422768286743,questions_in
2025-10-29T13:24:25.242117,PUBLISH,eec7306469f344f88d6a1de0c65d6301,68f2d95bd190740cfd6a39d3,ENQUEUED,1.9008509642302445,questions_in
2025-10-29T13:24:26.391156,PUBLISH,df666ddd9f0c452dbee32ea6c9e285e2,68f2d95bd190740cfd6a21ed,ENQUEUED,1.145321982909657,questions_in
2025-10-29T13:24:27.665181,PUBLISH,74eb480d701e4d46ba265c6c4f592c1a,68f2d95bd190740cfd6a30c7,ENQUEUED,1.2669271580316634,questions_in
2025-10-29T13:24:27.690305,PUBLISH,421c201a69614a6ba7dafec1fcc953b1,68f2d95bd190740cfd6a40d3,ENQUEUED,0.02342547530068634,questions_in
2025-10-29T13:24:28.335650,PUBLISH,c468c3efb4da45fbb96ab151511a748c,68f2d95bd190740cfd6a2f6c,ENQUEUED,0.6384161964277199,questions_in
2025-10-29T13:24:29.335266,PUBLISH,99ca402b0d0547c0bea6ec02e56536f5,68f2d95bd190740cfd6a2303,ENQUEUED,0.9922972517979476,questions_in
2025-10-29T13:24:29.357583,PUBLISH,b79cfb7573774a41b9b5048350f20145,68f2d95bd190740cfd6a3740,ENQUEUED,0.02050793881925207,questions_in
2025-10-29T13:24:30.269787,PUBLISH,4a9ea47e238745f0adf070cf68ade5af,68f2d95bd190740cfd6a2de9,ENQUEUED,0.9095371833473944,questions_in
2025-10-29T13:24:30.294986,PUBLISH,59aeb49c119e4706b36b337875fc8136,68f2d95bd190740cfd6a200b,ENQUEUED,0.023332317516948694,questions_in
2025-10-29T13:24:31.172847,PUBLISH,5374796b452b4bf18947c6f4cc3ffa2b,68f2d95bd190740cfd6a1ef5,ENQUEUED,0.8715060614732065,questions_in
2025-10-29T13:24:32.479375,PUBLISH,f981ea4e276043e0acd5a2aff4d12d23,68f2d95bd190740cfd6a40d7,ENQUEUED,1.3003335537483243,questions_in
2025-10-29T13:24:33.033957,PUBLISH,bc595f2cf72e4eb487ef41ff107a0512,68f2d95bd190740cfd6a391f,ENQUEUED,0.5509971006417985,questions_in
2025-10-29T13:24:33.768161,PUBLISH,4479e44ac5f44d119f12165b9275ed89,68f2d95bd190740cfd6a3c17,ENQUEUED,0.730345244450107,questions_in
2025-10-29T13:24:35.461832,PUBLISH,70f9a41e6b6a4e718c0abd7384669728,68f2d95bd190740cfd6a3077,ENQUEUED,1.6858928779874216,questions_in
2025-10-29T13:24:35.557172,PUBLISH,d7226bf4d5e846d2a74bcd7e6265f8b6,68f2d95bd190740cfd6a2fda,ENQUEUED,0.09287143995273883,questions_in
2025-10-29T13:24:36.493395,PUBLISH,2b7748fe04144280b8806d6e23ab3132,68f2d95bd190740cfd6a2c0a,ENQUEUED,0.9341582329830432,questions_in
2025-10-29T13:24:36.730646,PUBLISH,96909a2a3e4c44ee93e4127d5122c5c6,68f2d95bd190740cfd6a3d87,ENQUEUED,0.2312389256824228,questions_in
2025-10-29T13:24:37.627926,PUBLISH,569ec6490088403a91c4fefd8c89a87b,68f2d95bd190740cfd6a2320,ENQUEUED,0.8912317606602366,questions_in
2025-10-29T13:24:37.993808,PUBLISH,cf981c83aed64da1aa7214efb9d65b8a,68f2d95bd190740cfd6a29f1,ENQUEUED,0.3598088859725434,questions_in
2025-10-29T13:24:38.859536,PUBLISH,43368ca362784999bb3c6cc1f45cb6db,68f2d95bd190740cfd6a2fd0,ENQUEUED,0.8636239998907534,questions_in
2025-10-29T13:24:40.054299,PUBLISH,f7615efa4396458983d452010599f06e,68f2d95bd190740cfd6a3ff3,ENQUEUED,1.1913532279817225,questions_in
2025-10-29T13:24:40.184229,PUBLISH,0a43b16dda724be59f1cc7a4587adbbf,68f2d95bd190740cfd6a2022,ENQUEUED,0.12743203417046914,questions_in
2025-10-29T13:24:42.447030,PUBLISH,d09a712df24b4167bb7a4bb4334339ef,68f2d95bd190740cfd6a40c5,ENQUEUED,2.259113016489212,questions_in
2025-10-29T13:24:43.135946,PUBLISH,b2193797054c4c4fb2153fa31d4060d5,68f2d95bd190740cfd6a3d48,ENQUEUED,0.6838858491177318,questions_in
2025-10-29T13:24:43.476256,PUBLISH,9577c5ab36d74fea8c55d081dde113e8,68f2d95bd190740cfd6a1d64,ENQUEUED,0.3375402576315177,questions_in
2025-10-29T13:24:43.776072,PUBLISH,b49f305abe51478fbbde6d59979e17be,68f2d95bd190740cfd6a228d,ENQUEUED,0.29423983767901013,questions_in
2025-10-29T13:24:44.242146,PUBLISH,b34cbeec1f8440879f1b4e4cfc1d2f18,68f2d95bd190740cfd6a1e49,ENQUEUED,0.4604183057708589,questions_in
2025-10-29T13:24:44.913618,PUBLISH,0f3cd8dd312c4d52bbacf54ce672bc59,68f2d95bd190740cfd6a264e,ENQUEUED,0.6653077090008933,questions_in
2025-10-29T13:24:45.406710,PUBLISH,e205061655e943f8b82b8b8f1bb19b2e,68f2d95bd190740cfd6a38bc,ENQUEUED,0.4906152595520628,questions_in
2025-10-29T13:24:46.589599,PUBLISH,8f501fd0a75d426ca27713102c06a630,68f2d95bd190740cfd6a37da,ENQUEUED,1.1748846606333576,questions_in
2025-10-29T13:24:46.968228,PUBLISH,7dcc6e7a24e24aa3a0e79da8a4bbe5fe,68f2d95bd190740cfd6a3615,ENQUEUED,0.3765988774593208,questions_in
2025-10-29T13:24:47.026898,PUBLISH,289635e1e9694ae7b3b4dcab37d43194,68f2d95bd190740cfd6a321d,ENQUEUED,0.05287013049821254,questions_in
2025-10-29T13:24:47.812606,PUBLISH,96b0183bf3e54b039772fc8b79913488,68f2d95bd190740cfd6a2bd5,ENQUEUED,0.7786239521399759,questions_in
2025-10-29T13:24:48.281399,PUBLISH,f12d723b331f4446b56f93b6145cef9d,68f2d95bd190740cfd6a33d8,ENQUEUED,0.46221157130411056,questions_in
2025-10-29T13:24:49.305494,PUBLISH,11ee7c273d0544cea7e44894f195ae6a,68f2d95bd190740cfd6a26be,ENQUEUED,1.022019062099138,questions_in
2025-10-29T13:24:49.373227,PUBLISH,dcfa491483cd4422bb34769264d7c618,68f2d95bd190740cfd6a28d8,ENQUEUED,0.0638242493167299,questions_in
2025-10-29T13:24:49.905568,PUBLISH,06238d47028f4999afa8bdd6a53e428e,68f2d95bd190740cfd6a33a5,ENQUEUED,0.5264450871490153,questions_in
2025-10-29T13:24:51.135913,PUBLISH,7b251324899e43ff9acb015b19f0a382,68f2d95bd190740cfd6a2652,ENQUEUED,1.2254487672435375,questions_in
2025-10-29T13:24:51.180136,PUBLISH,4326a31edcb6458380d12b2ab584bb99,68f2d95bd190740cfd6a1d20,ENQUEUED,0.04193712990787556,questions_in
2025-10-29T13:24:52.681550,PUBLISH,762d80f0e97c4ca2847bfccc9bf17c6e,68f2d95bd190740cfd6a3f62,ENQUEUED,1.4976612772091231,questions_in
2025-10-29T13:24:52.684303,PUBLISH,385399385f914a6f902b49dc8e7199e4,68f2d95bd190740cfd6a399e,ENQUEUED,0.0005846108971013753,questions_in
2025-10-29T13:24:53.179813,PUBLISH,9a035b0909a1466d9875f3951f37fe6d,68f2d95bd190740cfd6a330c,ENQUEUED,0.4895860061176216,questions_in
2025-10-29T13:24:53.656114,PUBLISH,c6be6d14ca96443c87db6eb6a4fbf312,68f2d95bd190740cfd6a1e72,ENQUEUED,0.4685760337664322,questions_in
2025-10-29T13:24:54.263387,PUBLISH,66c9223fd5814ba190d2e456876fd847,68f2d95bd190740cfd6a1fe8,ENQUEUED,0.6034783854080982,questions_in
2025-10-29T13:24:54.934476,PUBLISH,7e7277c741dd4e3aa5de287ba24c04fd,68f2d95bd190740cfd6a2c63,ENQUEUED,0.6685804447410363,questions_in
2025-10-29T13:24:56.065303,PUBLISH,16f7f1d0fe5740ab916c39fc5a8c8626,68f2d95bd190740cfd6a40c7,ENQUEUED,1.124268878472521,questions_in
2025-10-29T13:24:56.089605,PUBLISH,397e492e8e7e437aa8ba68b576a630a9,68f2d95bd190740cfd6a34b0,ENQUEUED,0.022432413845359007,questions_in
2025-10-29T13:24:56.419668,PUBLISH,87ba7a81bd6b448282d38bf736234c41,68f2d95bd190740cfd6a4177,ENQUEUED,0.32816642752576886,questions_in
2025-10-29T13:24:59.002444,PUBLISH,339a08dee96c48e3a0c192b2bc905930,68f2d95bd190740cfd6a20d5,ENQUEUED,2.5752679729878625,questions_in
2025-10-29T13:24:59.711854,PUBLISH,2a2bae53d31940f7a63c7e95f1fc87f2,68f2d95bd190740cfd6a3a1b,ENQUEUED,0.7023535661174604,questions_in
2025-10-29T13:25:00.093371,PUBLISH,901ae2fa030c4dd2af4bc7f50895af65,68f2d95bd190740cfd6a271e,ENQUEUED,0.3759078617470269,questions_in
2025-10-29T13:25:01.712930,PUBLISH,2a1cd0dbf5574e63b4e146c51e47744b,68f2d95bd190740cfd6a2db5,ENQUEUED,1.6137531420732338,questions_in
2025-10-29T13:25:01.781327,PUBLISH,68da195b3a0248ce8571798ec09e33cf,68f2d95bd190740cfd6a2133,ENQUEUED,0.0662271817658584,questions_in
2025-10-29T13:25:02.311346,PUBLISH,c53567e27c0b449b84e686962c63fed0,68f2d95bd190740cfd6a2aab,ENQUEUED,0.5220711186393662,questions_in
2025-10-29T13:25:02.390525,PUBLISH,3316b3661e5a47bd914ed11cf33942b9,68f2d95bd190740cfd6a29ed,ENQUEUED,0.0726060054112513,questions_in
2025-10-29T13:25:02.811547,PUBLISH,79d9e516024f448e9fa8b5ea87b74edf,68f2d95bd190740cfd6a32c7,ENQUEUED,0.41450099087723435,questions_in
2025-10-29T13:25:03.297155,PUBLISH,ac85eaa44af04a6c947bc65bf5f34b56,68f2d95bd190740cfd6a2aec,ENQUEUED,0.48241256798173593,questions_in
2025-10-29T13:25:03.659296,PUBLISH,1c07bf7b71ae4414b379f61ce8baf8aa,68f2d95bd190740cfd6a27fe,ENQUEUED,0.35617207328087114,questions_in
2025-10-29T13:25:03.752311,PUBLISH,61855b98ad7c46779fb372d1f3ad1265,68f2d95bd190740cfd6a36e5,ENQUEUED,0.08579100263297325,questions_in
2025-10-29T13:25:03.770491,PUBLISH,6005a8c7694b48cf99c3ac38a25ea77c,68f2d95bd190740cfd6a28b7,ENQUEUED,0.011432025303475951,questions_in
2025-10-29T13:25:04.156959,PUBLISH,9cc7009acb1d4d258048f96139cb662c,68f2d95bd190740cfd6a3981,ENQUEUED,0.3846964421865018,questions_in
2025-10-29T13:25:04.171505,PUBLISH,0cd8d9e122744245be156e171ab92f90,68f2d95bd190740cfd6a3115,ENQUEUED,0.012924308669374855,questions_in
2025-10-29T13:25:04.218279,PUBLISH,811f620230e24b32937afcb3ff1bf23c,68f2d95bd190740cfd6a1de2,ENQUEUED,0.04492555465213662,questions_in
2025-10-29T13:25:04.470706,PUBLISH,7102a66799784165abb983630a26339c,68f2d95bd190740cfd6a20be,ENQUEUED,0.24974960470441468,questions_in
2025-10-29T13:25:04.820203,PUBLISH,a6652cf708cd485b9462fe8c816712de,68f2d95bd190740cfd6a26b6,ENQUEUED,0.3431661940119291,questions_in
2025-10-29T13:25:04.897864,PUBLISH,6d84d03eadf74f479a34a8e84256779f,68f2d95bd190740cfd6a3ebb,ENQUEUED,0.0704370504372569,questions_in
2025-10-29T13:25:05.611333,PUBLISH,c985c90556a2407881974c6d5fd8adb3,68f2d95bd190740cfd6a36ce,ENQUEUED,0.7053078760177858,questions_in
2025-10-29T13:25:05.865597,PUBLISH,4f9e53d34707420894cb106b95072b1a,68f2d95bd190740cfd6a2a88,ENQUEUED,0.2485199375636119,questions_in
2025-10-29T13:25:06.207725,PUBLISH,3757931e17504b899295a26873763227,68f2d95bd190740cfd6a31c8,ENQUEUED,0.33487153291769417,questions_in
2025-10-29T13:25:06.461848,PUBLISH,d5f376b64120476086f192600378c67e,68f2d95bd190740cfd6a20c1,ENQUEUED,0.25003367152156636,questions_in
2025-10-29T13:25:06.870257,PUBLISH,e8c9fcbb2c0040728b88e055c2572396,68f2d95bd190740cfd6a28e2,ENQUEUED,0.4015874941373451,questions_in
2025-10-29T13:25:06.985032,PUBLISH,1e2682a776714155a8b5c7af75692627,68f2d95bd190740cfd6a406a,ENQUEUED,0.10846410537973505,questions_in
2025-10-29T13:25:06.993770,PUBLISH,6046dac88809400791b761f7b2da5c88,68f2d95bd190740cfd6a38c5,ENQUEUED,0.0023551717862215073,questions_in
2025-10-29T13:25:07.462341,PUBLISH,bdeb756352684f009eeb14d6bc587ca0,68f2d95bd190740cfd6a40ba,ENQUEUED,0.4667276263097229,questions_in
2025-10-29T13:25:07.984562,PUBLISH,80127c7cdd8c4ab1bf7778de9b839dcb,68f2d95bd190740cfd6a31fe,ENQUEUED,0.5198794800916418,questions_in
2025-10-29T13:25:08.801249,PUBLISH,5a5f2b1924fe4d67a98f9b9ae7ffb75a,68f2d95bd190740cfd6a3144,ENQUEUED,0.8109702832255862,questions_in
2025-10-29T13:25:09.146529,PUBLISH,4f3a6092eec74247b9692f70b4bed6ae,68f2d95bd190740cfd6a364e,ENQUEUED,0.33875551828317474,questions_in
2025-10-29T13:25:09.775259,PUBLISH,84f600b8ec1e4813934fe4cfcbb3d2af,68f2d95bd190740cfd6a34fe,ENQUEUED,0.6226147382939944,questions_in
2025-10-29T13:25:10.175798,PUBLISH,d20c4ff073aa4c8b95519be1b372165f,68f2d95bd190740cfd6a3df4,ENQUEUED,0.39503608123055467,questions_in
2025-10-29T13:25:10.333522,PUBLISH,70fd7399df454657b99ec4993c36c62a,68f2d95bd190740cfd6a2e95,ENQUEUED,0.15209770365237923,questions_in
2025-10-29T13:25:11.692250,PUBLISH,4f70e8c64ab84ac486838b51700677fe,68f2d95bd190740cfd6a32f7,ENQUEUED,1.3503786331500534,questions_in
2025-10-29T13:25:11.785601,PUBLISH,6bdbfa13eb944191a2d8e6ee8d295b7f,68f2d95bd190740cfd6a1dc5,ENQUEUED,0.09128451209296146,questions_in
2025-10-29T13:25:13.808105,PUBLISH,a7af377f4106453097b67c94c82c31cb,68f2d95bd190740cfd6a2432,ENQUEUED,2.0134746157807855,questions_in
2025-10-29T13:25:13.902403,PUBLISH,d7073abc79284b93aa82a6cb13d53944,68f2d95bd190740cfd6a3327,ENQUEUED,0.08836891953601828,questions_in
2025-10-29T13:25:14.010739,PUBLISH,fec950ddf13745f09625575307d36657,68f2d95bd190740cfd6a39a4,ENQUEUED,0.10210418424696543,questions_in
2025-10-29T13:25:15.500275,PUBLISH,07ad3987d4ca4d4ab2ac4cfd1f8b0bf3,68f2d95bd190740cfd6a30ee,ENQUEUED,1.4831933961518995,questions_in
2025-10-29T13:25:16.161147,PUBLISH,08817747eaaf4b969a239e446299eec3,68f2d95bd190740cfd6a37de,ENQUEUED,0.6545898412786795,questions_in
2025-10-29T13:25:16.444115,PUBLISH,fcfbe7273b3a428b87e8e672cddc347a,68f2d95bd190740cfd6a3365,ENQUEUED,0.27543174591973324,questions_in
2025-10-29T13:25:17.428902,PUBLISH,0347c92c47b04804a480d9e80e434be8,68f2d95bd190740cfd6a2792,ENQUEUED,0.979360580849037,questions_in
2025-10-29T13:25:17.676213,PUBLISH,07dcb15401d54e36aaac56a6ec0646cb,68f2d95bd190740cfd6a2427,ENQUEUED,0.24550220655269128,questions_in
2025-10-29T13:25:18.582720,PUBLISH,ab65ce88f90c408c843358d0b59e61a1,68f2d95bd190740cfd6a35b8,ENQUEUED,0.9045965922421672,questions_in
2025-10-29T13:25:19.459491,PUBLISH,3d3a8aa1081d487cab3957c1e8851fb1,68f2d95bd190740cfd6a353f,ENQUEUED,0.8712265572926491,questions_in
2025-10-29T13:25:19.731748,PUBLISH,aca747955518430d8d52dd5c06906e82,68f2d95bd190740cfd6a2964,ENQUEUED,0.26607223056806456,questions_in
2025-10-29T13:25:20.147547,PUBLISH,6c2ad32148ed4676b7cbcdea34e6a586,68f2d95bd190740cfd6a2e7c,ENQUEUED,0.41372345388266335,questions_in
2025-10-29T13:25:20.588949,PUBLISH,e64dfaf6156f48a1b68ff45902b64b95,68f2d95bd190740cfd6a3d09,ENQUEUED,0.4359175815124701,questions_in
2025-10-29T13:25:20.763335,PUBLISH,f6f21552f79e477d844ea1ba00c009d6,68f2d95bd190740cfd6a1d84,ENQUEUED,0.17283954139764748,questions_in
2025-10-29T13:25:20.984627,PUBLISH,aa2f699bb4004a5e8a5ce32c3473fc8d,68f2d95bd190740cfd6a3558,ENQUEUED,0.21524690789604328,questions_in
2025-10-29T13:25:22.354930,PUBLISH,80b4147fa0734e5f97d8b00b479bfe2c,68f2d95bd190740cfd6a276c,ENQUEUED,1.363471547967282,questions_in
2025-10-29T13:25:22.391710,PUBLISH,2b40c273f9cb45dfa229ebf0cd1d77ee,68f2d95bd190740cfd6a2b47,ENQUEUED,0.035065834048380956,questions_in
2025-10-29T13:25:23.349751,PUBLISH,c943d6098530474b84895d2afb37489f,68f2d95bd190740cfd6a3592,ENQUEUED,0.9517657621434955,questions_in
2025-10-29T13:25:25.983018,PUBLISH,38c2cea4fed84504b0152d17b650d05c,68f2d95bd190740cfd6a3992,ENQUEUED,2.6255372662496064,questions_in
2025-10-29T13:25:26.149382,PUBLISH,4a9c487a3b2c4414bb7b493a533c8b77,68f2d95bd190740cfd6a29ed,ENQUEUED,0.16045408813190176,questions_in
2025-10-29T13:25:27.560926,PUBLISH,70441f357db84ddaa93212b2b63e52b6,68f2d95bd190740cfd6a1ec7,ENQUEUED,1.4057202856857602,questions_in
2025-10-29T13:25:27.588195,PUBLISH,a6ff4a5be7054d45a2093bc8fe4cba38,68f2d95bd190740cfd6a1d6c,ENQUEUED,0.02236911818818509,questions_in
2025-10-29T13:25:28.051092,PUBLISH,a9dfc99ddb4d46bfa0df2587e95104dd,68f2d95bd190740cfd6a3ff4,ENQUEUED,0.4573641303286901,questions_in
2025-10-29T13:25:28.216509,PUBLISH,53302225c4cf468c95b261bc9c05d2fc,68f2d95bd190740cfd6a3fbd,ENQUEUED,0.16009338706264073,questions_in
2025-10-29T13:25:28.387795,PUBLISH,20d8455176e54ec3882763c855cafec2,68f2d95bd190740cfd6a239d,ENQUEUED,0.16560948463727318,questions_in
2025-10-29T13:25:28.751873,PUBLISH,b02f6afe09e044e19d350e8bb7cd8b4b,68f2d95bd190740cfd6a2da7,ENQUEUED,0.3589916430934474,questions_in
2025-10-29T13:25:30.584599,PUBLISH,f8e496e9baf84a44a1d3089dab9834db,68f2d95bd190740cfd6a2d2a,ENQUEUED,1.8296006402925515,questions_in
2025-10-29T13:25:31.597823,PUBLISH,fd8ade8edd2845b291d9e7615266cd83,68f2d95bd190740cfd6a3a3d,ENQUEUED,1.0073941198643281,questions_in
2025-10-29T13:25:32.126953,PUBLISH,8346a36479a84796a117ca87dba0ed9f,68f2d95bd190740cfd6a3838,ENQUEUED,0.5238845846106082,questions_in
2025-10-29T13:25:32.412099,PUBLISH,2289b4e6aa3a4b51b81cb18fa425e74c,68f2d95bd190740cfd6a2917,ENQUEUED,0.2790221064104417,questions_in
2025-10-29T13:25:33.001055,PUBLISH,a83e145a338f494ca7cf625fc422c05e,68f2d95bd190740cfd6a2810,ENQUEUED,0.5836444533890717,questions_in
2025-10-29T13:25:33.121590,PUBLISH,4d14e55274604e8394d689bd2e657f80,68f2d95bd190740cfd6a3832,ENQUEUED,0.11425079467155164,questions_in
2025-10-29T13:25:34.282937,PUBLISH,93843c12439f4e6186084bbef916c733,68f2d95bd190740cfd6a2e5c,ENQUEUED,1.153632174938417,questions_in
2025-10-29T13:25:34.313681,PUBLISH,872d08fa8e8140669cddc8fdda16e218,68f2d95bd190740cfd6a2c00,ENQUEUED,0.02893421601457155,questions_in
2025-10-29T13:25:34.471059,PUBLISH,fa8257df7109405f91ead1f3313391cb,68f2d95bd190740cfd6a1ff7,ENQUEUED,0.15184218490752704,questions_in
2025-10-29T13:25:34.512476,PUBLISH,a7d14aacca9b4418befbeddde049a5c6,68f2d95bd190740cfd6a3696,ENQUEUED,0.036069088891903044,questions_in
2025-10-29T13:25:34.669696,PUBLISH,b7565c46bc444b77bc49bdaa4677a5df,68f2d95bd190740cfd6a363a,ENQUEUED,0.15391345331656908,questions_in
2025-10-29T13:25:34.814601,PUBLISH,e8a9f323b7fd45d2ad9999cb9c8e161f,68f2d95bd190740cfd6a3987,ENQUEUED,0.1428960562027968,questions_in
2025-10-29T13:25:37.585499,PUBLISH,3c2c345b19b64b149bcbcad246cf2d4c,68f2d95bd190740cfd6a274b,ENQUEUED,2.7634521761716244,questions_in
2025-10-29T13:25:38.217005,PUBLISH,ce570d2c823f4e83808161e6a4203bcb,68f2d95bd190740cfd6a1b85,ENQUEUED,0.6258679255942389,questions_in
2025-10-29T13:25:38.633344,PUBLISH,94bca8f6a73d4bc099686e300c060d0e,68f2d95bd190740cfd6a1cf1,ENQUEUED,0.40890806295428966,questions_in
2025-10-29T13:25:38.691427,PUBLISH,ec04bc039eef49ec815663971b1cc262,68f2d95bd190740cfd6a1c94,ENQUEUED,0.0560437231299906,questions_in
2025-10-29T13:25:38.726442,PUBLISH,745d231e2ce24569a36a4c1bc254d490,68f2d95bd190740cfd6a3e98,ENQUEUED,0.032520168592887116,questions_in
2025-10-29T13:25:40.333374,PUBLISH,8298d12394584560a647156b5dd2a5f4,68f2d95bd190740cfd6a1c2a,ENQUEUED,1.6031011349833741,questions_in
2025-10-29T13:25:41.453130,PUBLISH,244bd23bb1f44682809316659f5fe028,68f2d95bd190740cfd6a37bb,ENQUEUED,1.1136622148158533,questions_in
2025-10-29T13:25:43.000958,PUBLISH,43f0622992e941f3b80e8c0d2c9752ca,68f2d95bd190740cfd6a252e,ENQUEUED,1.5408172968438405,questions_in
2025-10-29T13:25:43.258743,PUBLISH,575adde51ec741ffb4d283a9fa0af087,68f2d95bd190740cfd6a3e83,ENQUEUED,0.2519644302920822,questions_in
2025-10-29T13:25:43.974094,PUBLISH,73b7ac3029064883baa1b07e22d37858,68f2d95bd190740cfd6a3e42,ENQUEUED,0.7112164845625699,questions_in
2025-10-29T13:25:44.662396,PUBLISH,06d33a36e92f4c9bb2fbd8637d4eeaef,68f2d95bd190740cfd6a2340,ENQUEUED,0.6863965796256193,questions_in
2025-10-29T13:25:44.803714,PUBLISH,1ac327e750c54671affd52ec7b7d8e19,68f2d95bd190740cfd6a2112,ENQUEUED,0.13612762125141278,questions_in
2025-10-29T13:25:46.164912,PUBLISH,201b84fb5744412788502d01860852af,68f2d95bd190740cfd6a2842,ENQUEUED,1.3558010511563465,questions_in
2025-10-29T13:25:48.302067,PUBLISH,5eb5a6adcf2a4ef1ab2c011a34092b0a,68f2d95bd190740cfd6a245c,ENQUEUED,2.1313826372411637,questions_in
2025-10-29T13:25:50.095034,PUBLISH,bfab9daf12344695a2edf6895d261b9e,68f2d95bd190740cfd6a1bea,ENQUEUED,1.7859081437290307,questions_in
2025-10-29T13:25:50.316456,PUBLISH,173589e41a7e48e79d215d7feb8736ae,68f2d95bd190740cfd6a41d3,ENQUEUED,0.21456280835268784,questions_in
2025-10-29T13:25:50.812081,PUBLISH,61fbbbe6d18942e48d153a7dd362e7ec,68f2d95bd190740cfd6a2468,ENQUEUED,0.4897356854499762,questions_in
2025-10-29T13:25:51.143451,PUBLISH,5f29eb19f7144174b93412fd659a2796,68f2d95bd190740cfd6a21e3,ENQUEUED,0.3251129061207074,questions_in
2025-10-29T13:25:51.319029,PUBLISH,d77c19b2f50d435abf6ea147259d37a2,68f2d95bd190740cfd6a39b3,ENQUEUED,0.16966957349666753,questions_in
2025-10-29T13:25:51.406119,PUBLISH,46e2b43c36314adda15fa0ad76c676ae,68f2d95bd190740cfd6a30f9,ENQUEUED,0.08139072997296297,questions_in
2025-10-29T13:25:51.925561,PUBLISH,012ef82f28154c9aad6c86e6144064c1,68f2d95bd190740cfd6a23ba,ENQUEUED,0.5173562666035042,questions_in
2025-10-29T13:25:52.049890,PUBLISH,0b2558189bd444eeb551d57d19472136,68f2d95bd190740cfd6a1c44,ENQUEUED,0.12202638386841348,questions_in
2025-10-29T13:25:52.423472,PUBLISH,9ad7909351a04cfda60e3a2707f4ea0d,68f2d95bd190740cfd6a2de1,ENQUEUED,0.37181441114167657,questions_in
2025-10-29T13:25:52.708271,PUBLISH,66edf823130d4846a899b33fe02ccb4f,68f2d95bd190740cfd6a3bb1,ENQUEUED,0.2784756517489179,questions_in
2025-10-29T13:25:53.384489,PUBLISH,bd8905a410084cf4ac600208c1e0e8d6,68f2d95bd190740cfd6a1b27,ENQUEUED,0.6693252870921328,questions_in
2025-10-29T13:25:54.136350,PUBLISH,3a59996a9c064e74805eefaf8a485707,68f2d95bd190740cfd6a38ba,ENQUEUED,0.7463676870560215,questions_in
2025-10-29T13:25:55.959176,PUBLISH,16e184f8c397432182d8c9f7c8063695,68f2d95bd190740cfd6a3eee,ENQUEUED,1.8154619569518378,questions_in
2025-10-29T13:25:56.570242,PUBLISH,bb38955dd113485eb05b39fe832b3232,68f2d95bd190740cfd6a3ff0,ENQUEUED,0.6035054151789125,questions_in
2025-10-29T13:25:56.595337,PUBLISH,421de845aea140578c34400ebdddfc36,68f2d95bd190740cfd6a3fea,ENQUEUED,0.021712216796992655,questions_in
2025-10-29T13:25:56.686976,PUBLISH,889c29133f594d44887fe912f014daf9,68f2d95bd190740cfd6a1cf6,ENQUEUED,0.08961603001628109,questions_in
2025-10-29T13:25:56.920590,PUBLISH,1baab629aa74497796bb5c54f7ea68bd,68f2d95bd190740cfd6a3c96,ENQUEUED,0.2299771951547073,questions_in
2025-10-29T13:25:56.933151,PUBLISH,98d601fe59e44c918bf7413d1a7e431e,68f2d95bd190740cfd6a3a64,ENQUEUED,0.010388703782184953,questions_in
2025-10-29T13:25:57.320665,PUBLISH,a90a49d115d54018bcd69bdfd48be2cf,68f2d95bd190740cfd6a1d87,ENQUEUED,0.3811207528232558,questions_in
2025-10-29T13:25:57.358874,PUBLISH,f60ebec96fd649e08f8d87b8f94a9eaa,68f2d95bd190740cfd6a2f11,ENQUEUED,0.036114044685666,questions_in
2025-10-29T13:25:57.933407,PUBLISH,753317cc6a1a4144b5ba5659377c951b,68f2d95bd190740cfd6a3717,ENQUEUED,0.5698361264061691,questions_in
2025-10-29T13:25:58.066547,PUBLISH,6a6fea9d2aa148428472a7ce8994b923,68f2d95bd190740cfd6a3791,ENQUEUED,0.12936920183096265,questions_in
2025-10-29T13:25:58.572874,PUBLISH,87afc42fcc044743b5e74c0f5404d155,68f2d95bd190740cfd6a3e91,ENQUEUED,0.5002049345850638,questions_in
2025-10-29T13:25:58.946079,PUBLISH,c35acb54711a4d3e8957ac441432a4ba,68f2d95bd190740cfd6a34ca,ENQUEUED,0.36556280189751345,questions_in
2025-10-29T13:25:59.812864,PUBLISH,08eb17f122254b0fac4e06e44ed918aa,68f2d95bd190740cfd6a1cc5,ENQUEUED,0.8645016939189419,questions_in
2025-10-29T13:25:59.817223,PUBLISH,923931fed0e647e1abd0fe30f88c1d85,68f2d95bd190740cfd6a2819,ENQUEUED,0.002651557926041919,questions_in
2025-10-29T13:26:00.278712,PUBLISH,77082589ec284a87a15f000b23ee910a,68f2d95bd190740cfd6a3d39,ENQUEUED,0.454376661655941,questions_in
2025-10-29T13:26:00.433328,PUBLISH,216e8f6996b04e5ca895feb69e5e4ecd,68f2d95bd190740cfd6a1ff6,ENQUEUED,0.14833145812876689,questions_in
2025-10-29T13:26:01.280886,PUBLISH,c1578f1ae50f4ae18b8338c4982e61f3,68f2d95bd190740cfd6a248f,ENQUEUED,0.8422069945412732,questions_in
2025-10-29T13:26:01.314813,PUBLISH,1042d82f6aef4506809de71e7e230f1a,68f2d95bd190740cfd6a2cd8,ENQUEUED,0.03086842784764508,questions_in
2025-10-29T13:26:01.400177,PUBLISH,15b191214d1240329c3aa0666a02d336,68f2d95bd190740cfd6a3fbb,ENQUEUED,0.0785748565418899,questions_in
2025-10-29T13:26:01.853229,PUBLISH,92153210b70c4350993cec0cf3c226bc,68f2d95bd190740cfd6a2e0c,ENQUEUED,0.4449527672584395,questions_in
2025-10-29T13:26:02.665990,PUBLISH,1890412bc2214549b00d351b1b7b58dc,68f2d95bd190740cfd6a3a13,ENQUEUED,0.8074793817377429,questions_in
2025-10-29T13:26:03.448999,PUBLISH,05227275a27240c58e8d4c040bd49dee,68f2d95bd190740cfd6a23bf,ENQUEUED,0.7751253464643977,questions_in
2025-10-29T13:26:03.808520,PUBLISH,6b58d04688a14eaea7d9b223932c54cf,68f2d95bd190740cfd6a3525,ENQUEUED,0.35305297853953427,questions_in
2025-10-29T13:26:04.171286,PUBLISH,e7906efeacc640db97b87b3a3a7da24b,68f2d95bd190740cfd6a3b4c,ENQUEUED,0.3554994645784421,questions_in
2025-10-29T13:26:04.368901,PUBLISH,9ec570cacc7d442ab88c8121caa8e90e,68f2d95bd190740cfd6a1fa9,ENQUEUED,0.19377089692072988,questions_in
2025-10-29T13:26:05.217644,PUBLISH,7f869d5b84a64b4ca7c0b7a1fb0957e6,68f2d95bd190740cfd6a2a95,ENQUEUED,0.8428120591333171,questions_in
2025-10-29T13:26:05.877702,PUBLISH,e62eb31489b54d7f9df710d4f91c0236,68f2d95bd190740cfd6a252a,ENQUEUED,0.6573178574061203,questions_in
2025-10-29T13:26:06.478442,PUBLISH,a3d1d190698c4c5fab60db6fe541fcaa,68f2d95bd190740cfd6a2367,ENQUEUED,0.5941449127140368,questions_in
2025-10-29T13:26:08.028810,PUBLISH,e2a3a4138b2d4b3288462c953ddc9645,68f2d95bd190740cfd6a1b2e,ENQUEUED,1.5468144448758065,questions_in
2025-10-29T13:26:09.933086,PUBLISH,815a750ed69849fdbff04c0d1d60ab6a,68f2d95bd190740cfd6a25b8,ENQUEUED,1.8971050712433184,questions_in
2025-10-29T13:26:10.131520,PUBLISH,01b2e2f1c404413c9fdbab02c8d3bf6f,68f2d95bd190740cfd6a2961,ENQUEUED,0.19502203738986,questions_in
2025-10-29T13:26:11.569944,PUBLISH,fb4d6b5abd1049d697ca3748adfa8f47,68f2d95bd190740cfd6a32d7,ENQUEUED,1.4311156891852397,questions_in
2025-10-29T13:26:11.728173,PUBLISH,4dcfb4debb144b73810785f7bbcea8dc,68f2d95bd190740cfd6a1d3e,ENQUEUED,0.15159828748105877,questions_in
2025-10-29T13:26:11.766319,PUBLISH,bca2becd78654e0da6efcd5bdb6b03e5,68f2d95bd190740cfd6a2dd5,ENQUEUED,0.03581446795135911,questions_in
2025-10-29T13:26:12.235351,PUBLISH,c0deccf51b8a4040b83a02ada1ad998f,68f2d95bd190740cfd6a4090,ENQUEUED,0.46251313689553314,questions_in
2025-10-29T13:26:12.639397,PUBLISH,f5d72d49ae6444ec913eeae14144a166,68f2d95bd190740cfd6a3262,ENQUEUED,0.40231372244672065,questions_in
2025-10-29T13:26:12.833885,PUBLISH,c2c4b4c1c9c6418a9c0d35017b6a2745,68f2d95bd190740cfd6a37f8,ENQUEUED,0.18736796590425342,questions_in
2025-10-29T13:26:14.313052,PUBLISH,aaa985fa811c4e898e0305ca3a179d01,68f2d95bd190740cfd6a2d33,ENQUEUED,1.4760771734093572,questions_in
2025-10-29T13:26:16.338715,PUBLISH,f800d1031a8e40a2b496e03b83a4947c,68f2d95bd190740cfd6a3a06,ENQUEUED,2.0187439976633432,questions_in
2025-10-29T13:26:17.939358,PUBLISH,faf8ac4c6c454d0293fc08120e454068,68f2d95bd190740cfd6a3387,ENQUEUED,1.5909649691586,questions_in
2025-10-29T13:26:18.006363,PUBLISH,1d1928508a794661ad971105470d0894,68f2d95bd190740cfd6a286b,ENQUEUED,0.06481350562888165,questions_in
2025-10-29T13:26:18.682574,PUBLISH,f892195ee90b47f5a7da805ebb31f9be,68f2d95bd190740cfd6a2c61,ENQUEUED,0.6739781056893879,questions_in
2025-10-29T13:26:19.243939,PUBLISH,3b7076327aad42a198368d70170f71e5,68f2d95bd190740cfd6a3192,ENQUEUED,0.555899856580336,questions_in
2025-10-29T13:26:20.111349,PUBLISH,9e6e959871d34ba79d778d1888e77977,68f2d95bd190740cfd6a2e44,ENQUEUED,0.8649347129421366,questions_in
2025-10-29T13:26:20.130939,PUBLISH,1165d548fee344b89a57418553a8d71f,68f2d95bd190740cfd6a2b94,ENQUEUED,0.01762309597351694,questions_in
2025-10-29T13:26:20.694975,PUBLISH,fa187d96df1e49ea8254b1e061b9db5e,68f2d95bd190740cfd6a329a,ENQUEUED,0.5616389412969596,questions_in
2025-10-29T13:26:20.831833,PUBLISH,61e89af4cf4f46ffbd31871a9de673db,68f2d95bd190740cfd6a3d34,ENQUEUED,0.13039612014227095,questions_in
2025-10-29T13:26:21.337855,PUBLISH,9bedbec16a5945a18764fd8c8889912b,68f2d95bd190740cfd6a2934,ENQUEUED,0.49952719133083484,questions_in
2025-10-29T13:26:21.428691,PUBLISH,6d21fe6ec51e462e936010f06d757e18,68f2d95bd190740cfd6a34e1,ENQUEUED,0.0850117974562599,questions_in
2025-10-29T13:26:23.328795,PUBLISH,56306de19ea047dd9346e35e78b0759b,68f2d95bd190740cfd6a310c,ENQUEUED,1.8969726593550469,questions_in
2025-10-29T13:26:24.060101,PUBLISH,b7286466f01b4f8db9e965787b8c0d23,68f2d95bd190740cfd6a30f1,ENQUEUED,0.7231111265544617,questions_in
2025-10-29T13:26:24.770136,PUBLISH,4132ac7c731848adbde02467e235e5e2,68f2d95bd190740cfd6a3e73,ENQUEUED,0.7071966058930235,questions_in
2025-10-29T13:26:24.861019,PUBLISH,a0d0cbdcd1e847ee9110f445a53574f5,68f2d95bd190740cfd6a31d5,ENQUEUED,0.08443510604936137,questions_in
2025-10-29T13:26:25.814207,PUBLISH,4fd31904310d4591a90cae27e1ad664a,68f2d95bd190740cfd6a3ff8,ENQUEUED,0.944223584581271,questions_in
2025-10-29T13:26:25.888893,PUBLISH,a56d1567111b412186a58d624dc300e0,68f2d95bd190740cfd6a1fe2,ENQUEUED,0.06854219910419834,questions_in
2025-10-29T13:26:26.779510,PUBLISH,3bbe6d7550bc4522aff5a1f3fad2fe3d,68f2d95bd190740cfd6a1be5,ENQUEUED,0.8828064966144442,questions_in
2025-10-29T13:26:27.384039,PUBLISH,f5e41adadc9d4ae98ef7984653e41293,68f2d95bd190740cfd6a2d52,ENQUEUED,0.5960779602714281,questions_in
2025-10-29T13:26:27.601484,PUBLISH,ab833af3e2054550b1106babf96559a6,68f2d95bd190740cfd6a1e61,ENQUEUED,0.21005791001815302,questions_in
2025-10-29T13:26:29.344308,PUBLISH,d2ee4f13381e49f1843520d382987e35,68f2d95bd190740cfd6a3467,ENQUEUED,1.7343605083232019,questions_in
2025-10-29T13:26:30.348634,PUBLISH,88ce7cddbdab4296bbcb167ac2e77baf,68f2d95bd190740cfd6a2d2b,ENQUEUED,0.9961875033944935,questions_in
2025-10-29T13:26:30.590268,PUBLISH,f340b1f5d57b41e29173e7178b27ac6e,68f2d95bd190740cfd6a3214,ENQUEUED,0.23513708728111074,questions_in
2025-10-29T13:26:30.929109,PUBLISH,f73ef85f22004822abefa0023a3da34a,68f2d95bd190740cfd6a3da3,ENQUEUED,0.33399606519746694,questions_in
2025-10-29T13:26:31.106349,PUBLISH,2f84eed0dcea4a4dac6db380a12ae70d,68f2d95bd190740cfd6a415c,ENQUEUED,0.1711884785518848,questions_in
2025-10-29T13:26:31.426811,PUBLISH,eac1396d1b6e4eee8e81c8decf9de967,68f2d95bd190740cfd6a27da,ENQUEUED,0.31348053752731564,questions_in
2025-10-29T13:26:32.298641,PUBLISH,08cac4ec097f486ea1f29c8fa4187a49,68f2d95bd190740cfd6a3bcf,ENQUEUED,0.8678886981956171,questions_in
2025-10-29T13:26:34.136580,PUBLISH,207f15b1a4e643acad083ca83d17faed,68f2d95bd190740cfd6a275c,ENQUEUED,1.830461719603113,questions_in
2025-10-29T13:26:35.099304,PUBLISH,a03e47d21ae44388b1705d0934a55350,68f2d95bd190740cfd6a3c79,ENQUEUED,0.9560076643571084,questions_in
2025-10-29T13:26:36.853075,PUBLISH,cbe33acabc754eecbd513925ffac829a,68f2d95bd190740cfd6a34b6,ENQUEUED,1.7494403328916344,questions_in
2025-10-29T13:26:37.224824,PUBLISH,503b2b88556f42e9819a1ede2c406000,68f2d95bd190740cfd6a1c55,ENQUEUED,0.36411837196009683,questions_in
2025-10-29T13:26:37.532642,PUBLISH,34eeb1e28b3c4d94ab7fe41efeb25bfc,68f2d95bd190740cfd6a1c84,ENQUEUED,0.3021497865154274,questions_in
2025-10-29T13:26:38.995587,PUBLISH,de7e5ed5f28f4ec9ad9974a24ca30cc9,68f2d95bd190740cfd6a3a5b,ENQUEUED,1.455834420383141,questions_in
2025-10-29T13:26:39.897573,PUBLISH,95ae8227be4b4b9083507125bf96e2e0,68f2d95bd190740cfd6a40f9,ENQUEUED,0.8993292209424785,questions_in
2025-10-29T13:26:40.399794,PUBLISH,0d8ef7bd24884a7bae3b195f72f3b94f,68f2d95bd190740cfd6a1d06,ENQUEUED,0.4960646727498999,questions_in
2025-10-29T13:26:43.926706,PUBLISH,c7619a9879234ecfafbb70f1cff219cc,68f2d95bd190740cfd6a2a80,ENQUEUED,3.5217556856348176,questions_in
2025-10-29T13:26:44.027659,PUBLISH,f7a22f62fe54489a8cea2e4b86bfed45,68f2d95bd190740cfd6a30a1,ENQUEUED,0.09812668755640337,questions_in
2025-10-29T13:26:44.066086,PUBLISH,bea1f82cdaf645228888c056f2b6cf28,68f2d95bd190740cfd6a1fc8,ENQUEUED,0.035881500123220195,questions_in
2025-10-29T13:26:44.142449,PUBLISH,d9638d39746b4d77bea2c8ab3617538f,68f2d95bd190740cfd6a27bb,ENQUEUED,0.07375693548431675,questions_in
2025-10-29T13:26:44.912859,PUBLISH,e47a9a06aa8a4a9491248cd5fa9759a5,68f2d95bd190740cfd6a2c15,ENQUEUED,0.7678522824189233,questions_in
2025-10-29T13:26:45.853566,PUBLISH,8ad427912c1f4479abcf001ce9361f30,68f2d95bd190740cfd6a3ff5,ENQUEUED,0.9374276893962562,questions_in
2025-10-29T13:26:45.898486,PUBLISH,d07e1be300564ed99fd6abc53bc3c069,68f2d95bd190740cfd6a1b4a,ENQUEUED,0.04282864876706811,questions_in
2025-10-29T13:26:46.171709,PUBLISH,158d90dac11548149c7836205a136dd4,68f2d95bd190740cfd6a2fb1,ENQUEUED,0.270667508447679,questions_in
2025-10-29T13:26:47.037462,PUBLISH,ce223b34272b404a8ac1ee3fceaf0d5e,68f2d95bd190740cfd6a36e0,ENQUEUED,0.8585223286335378,questions_in
2025-10-29T13:26:48.533548,PUBLISH,80e71c143f474f5a8868171ddc662fbe,68f2d95bd190740cfd6a399c,ENQUEUED,1.493098348475695,questions_in
2025-10-29T13:26:48.649635,PUBLISH,5a3922b3b8974707bb9329aefbc561b1,68f2d95bd190740cfd6a3f40,ENQUEUED,0.10988777901300384,questions_in
2025-10-29T13:26:49.236165,PUBLISH,220db3d0c19147a4b9cfa6d5bec074b4,68f2d95bd190740cfd6a1e14,ENQUEUED,0.5826765751951785,questions_in
2025-10-29T13:26:49.581665,PUBLISH,9458f470c6df4214adebc97c92c4b8d8,68f2d95bd190740cfd6a2c5d,ENQUEUED,0.3406867365943878,questions_in
2025-10-29T13:26:50.388057,PUBLISH,e21a676994fd4741a083bf75fb5ed30c,68f2d95bd190740cfd6a1dd4,ENQUEUED,0.797160283651689,questions_in
2025-10-29T13:26:50.861036,PUBLISH,33ceaaf5bb244ac7a87350a3c25a50f1,68f2d95bd190740cfd6a3f9f,ENQUEUED,0.4649382472968237,questions_in
2025-10-29T13:26:52.060673,PUBLISH,b2098e0b35bc49ca96ac21fa03c42ecf,68f2d95bd190740cfd6a2f8d,ENQUEUED,1.1928317880238095,questions_in
2025-10-29T13:26:54.081522,PUBLISH,b99135cf9ca74a6e8b00eb43b0551477,68f2d95bd190740cfd6a417c,ENQUEUED,2.0142351498057027,questions_in
2025-10-29T13:26:55.935669,PUBLISH,e795572be1f9403b90f6a75bc5165538,68f2d95bd190740cfd6a3dfc,ENQUEUED,1.8464158804109463,questions_in
2025-10-29T13:26:56.427643,PUBLISH,6ded705dcc234ada9a9b31dda04cfd58,68f2d95bd190740cfd6a3b82,ENQUEUED,0.4859993737197232,questions_in
2025-10-29T13:26:56.631634,PUBLISH,981d6557c9044eada057d5add6fed3f2,68f2d95bd190740cfd6a3a19,ENQUEUED,0.20163266556650017,questions_in
2025-10-29T13:26:57.242222,PUBLISH,4bbe21f244dd4a39987ff2a9597e4d84,68f2d95bd190740cfd6a3c97,ENQUEUED,0.6020797856869443,questions_in
2025-10-29T13:26:57.251356,PUBLISH,65d5299b455948ae86f4ac24dffd0587,68f2d95bd190740cfd6a236b,ENQUEUED,0.002149172909875914,questions_in
2025-10-29T13:27:01.266217,PUBLISH,4b50b329761f4477aebf4f13a6725964,68f2d95bd190740cfd6a228b,ENQUEUED,4.009201933627099,questions_in
2025-10-29T13:27:01.356867,PUBLISH,6a113856aec149189ccce377a8e5f821,68f2d95bd190740cfd6a335a,ENQUEUED,0.0885162688165007,questions_in
2025-10-29T13:27:01.614020,PUBLISH,5b3687e1f2164e28b8e7e4f18fb3761e,68f2d95bd190740cfd6a2340,ENQUEUED,0.25115899166665917,questions_in
2025-10-29T13:27:02.564927,PUBLISH,f5e2f7a5dce34be28ac351720b7ee552,68f2d95bd190740cfd6a26a7,ENQUEUED,0.9475720004366922,questions_in
2025-10-29T13:27:03.693799,PUBLISH,5c61e6347a7742debdf62ec41b8b0d17,68f2d95bd190740cfd6a1f8f,ENQUEUED,1.123236746839568,questions_in
2025-10-29T13:27:04.460625,PUBLISH,00794f7dc97045ef855963d89a91729c,68f2d95bd190740cfd6a21b2,ENQUEUED,0.7639979590809677,questions_in
2025-10-29T13:27:04.509619,PUBLISH,a8254a1cd21c421ca60bcedd0f055f35,68f2d95bd190740cfd6a1c5f,ENQUEUED,0.0474380862689347,questions_in
2025-10-29T13:27:04.516694,PUBLISH,3bcb6aa7ea1a4fb8b7bd50d1988ba0ec,68f2d95bd190740cfd6a39b7,ENQUEUED,0.005690119570051849,questions_in
2025-10-29T13:27:04.729685,PUBLISH,7b73a624a3054bdfbd8110a71844a8d7,68f2d95bd190740cfd6a2a67,ENQUEUED,0.2069045811257554,questions_in
2025-10-29T13:27:04.902425,PUBLISH,4f90f302599d41dfb33c67ac5a940c90,68f2d95bd190740cfd6a2279,ENQUEUED,0.16726361528434155,questions_in
2025-10-29T13:27:05.633280,PUBLISH,c25b37a34b6f4d4c9fffc35d0ce8821f,68f2d95bd190740cfd6a2b9c,ENQUEUED,0.728006213237618,questions_in
2025-10-29T13:27:06.455041,PUBLISH,eeeef56d844f495d82a3d7758bbfa5e7,68f2d95bd190740cfd6a3045,ENQUEUED,0.8188489340521881,questions_in
2025-10-29T13:27:06.637948,PUBLISH,0738ca735fc34dc6b73eb6fe7de5e3d0,68f2d95bd190740cfd6a2f0c,ENQUEUED,0.1779455657834863,questions_in
2025-10-29T13:27:08.120914,PUBLISH,ed55eff06629433996fb281a1844f222,68f2d95bd190740cfd6a1da5,ENQUEUED,1.4758766072351588,questions_in
2025-10-29T13:27:08.541893,PUBLISH,7f648875debe40778e686cbc52c2e3e9,68f2d95bd190740cfd6a1d73,ENQUEUED,0.4153446229179616,questions_in
2025-10-29T13:27:09.852514,PUBLISH,1709842a2f3547149aa0a75f26cbb7dc,68f2d95bd190740cfd6a2baf,ENQUEUED,1.3027396633455484,questions_in
2025-10-29T13:27:10.421587,PUBLISH,0060a4002e0348e1bc0cb61beb7f48fd,68f2d95bd190740cfd6a218a,ENQUEUED,0.5617460448623479,questions_in
2025-10-29T13:27:10.525025,PUBLISH,0308aeda0d8142ff8b7d9894bcb6acd8,68f2d95bd190740cfd6a1bdb,ENQUEUED,0.09760649881305151,questions_in
2025-10-29T13:27:11.127831,PUBLISH,2c260d102e904dbda6358ecc9feb6f94,68f2d95bd190740cfd6a3dec,ENQUEUED,0.5972208697300588,questions_in
2025-10-29T13:27:12.658173,PUBLISH,76790d2efa8b45f4a0080d5562b1348e,68f2d95bd190740cfd6a397f,ENQUEUED,1.5236521414949495,questions_in
2025-10-29T13:27:13.128405,PUBLISH,61de70734c134201b01bf12aecef3ee5,68f2d95bd190740cfd6a2455,ENQUEUED,0.46411591508803607,questions_in
2025-10-29T13:27:15.658809,PUBLISH,d754227499c140bda409953efa58444b,68f2d95bd190740cfd6a3498,ENQUEUED,2.522158033994543,questions_in
2025-10-29T13:27:16.014299,PUBLISH,c2fd321a2c9d4841a4ad9f703a9494e2,68f2d95bd190740cfd6a2988,ENQUEUED,0.351295755069241,questions_in
2025-10-29T13:27:16.444373,PUBLISH,d281c246a9524d728548813b1335a961,68f2d95bd190740cfd6a3594,ENQUEUED,0.42348576917704633,questions_in
2025-10-29T13:27:17.233002,PUBLISH,a1ad15bde8fe4943a8944d3b04e407ca,68f2d95bd190740cfd6a2120,ENQUEUED,0.7866905976378168,questions_in
2025-10-29T13:27:17.236339,PUBLISH,3523e2822ddf47d4adfe0371f8aef6d3,68f2d95bd190740cfd6a41d0,ENQUEUED,0.0017412970711763525,questions_in
2025-10-29T13:27:17.666641,PUBLISH,d58616d2e3b74f5fb0e169e5f0e39648,68f2d95bd190740cfd6a2b71,ENQUEUED,0.4246323591082111,questions_in
2025-10-29T13:27:18.664342,PUBLISH,bdeef25ba45f4398ae61285a78245f6e,68f2d95bd190740cfd6a34b6,ENQUEUED,0.9912945317907762,questions_in
2025-10-29T13:27:19.486683,PUBLISH,b7ef6dbf09b840a187ca7ee60d3da808,68f2d95bd190740cfd6a38a1,ENQUEUED,0.8169357478775808,questions_in
2025-10-29T13:27:20.241668,PUBLISH,3cf109ae563c4aa687c19db5ae605d10,68f2d95bd190740cfd6a34ae,ENQUEUED,0.7488765283595556,questions_in
2025-10-29T13:27:20.373558,PUBLISH,da032fb8eba041a58e746ce2cf446330,68f2d95bd190740cfd6a1e82,ENQUEUED,0.1304593244597178,questions_in
2025-10-29T13:27:20.928191,PUBLISH,87cd9484039d4dd9b72716b2c85e51a7,68f2d95bd190740cfd6a3ed3,ENQUEUED,0.5489035285623646,questions_in
2025-10-29T13:27:21.839265,PUBLISH,3373323d73f348a9973a9ee936cfc994,68f2d95bd190740cfd6a278f,ENQUEUED,0.9031731494151701,questions_in
2025-10-29T13:27:22.373663,PUBLISH,6b6160d5a7744cd7b6aefe6d7e688d8b,68f2d95bd190740cfd6a3f39,ENQUEUED,0.528766706415512,questions_in
2025-10-29T13:27:22.609981,PUBLISH,77055d8f6ad0489882b5e638bc2f24d4,68f2d95bd190740cfd6a2a04,ENQUEUED,0.23331148051140949,questions_in
2025-10-29T13:27:22.730187,PUBLISH,7a0e80c291984dfb976e0ba4f2cd2566,68f2d95bd190740cfd6a250d,ENQUEUED,0.11451086919419266,questions_in
2025-10-29T13:27:22.768525,PUBLISH,dc36a4b5ab5c432691f5df25414704fa,68f2d95bd190740cfd6a26f3,ENQUEUED,0.03656653833679836,questions_in
2025-10-29T13:27:24.553271,PUBLISH,db55b9df80a84435a80c15e8f82d0358,68f2d95bd190740cfd6a24e3,ENQUEUED,1.7784000660575954,questions_in
2025-10-29T13:27:25.160054,PUBLISH,6367e69c0266448eacb8ecd4df25c40b,68f2d95bd190740cfd6a3b5e,ENQUEUED,0.5999666658112824,questions_in
2025-10-29T13:27:25.791203,PUBLISH,6d1de2ed76234491b11c669f601db0a6,68f2d95bd190740cfd6a2aa1,ENQUEUED,0.6253151674042067,questions_in
2025-10-29T13:27:26.100760,PUBLISH,a1cfc6b08c8c4e8db2451b187920198d,68f2d95bd190740cfd6a1bd6,ENQUEUED,0.3039834578941641,questions_in
2025-10-29T13:27:26.621641,PUBLISH,8e1bf057bfe64811a0dbf722ffdf7838,68f2d95bd190740cfd6a2d00,ENQUEUED,0.5155038324840099,questions_in
2025-10-29T13:27:27.209235,PUBLISH,6e06928ee1bf46cdb51a6c2623aae458,68f2d95bd190740cfd6a40e5,ENQUEUED,0.5827975524659764,questions_in
2025-10-29T13:27:28.149522,PUBLISH,7c7428a0f9ec460fb097f95be8c8f55e,68f2d95bd190740cfd6a1d6e,ENQUEUED,0.9342354634703146,questions_in
2025-10-29T13:27:28.446438,PUBLISH,ed3b8ca928c946e0a8d2c01e81e34f55,68f2d95bd190740cfd6a30bd,ENQUEUED,0.290828007788598,questions_in
2025-10-29T13:27:28.877395,PUBLISH,4fd2051cf8e14c95823de55fe4aa362a,68f2d95bd190740cfd6a34c1,ENQUEUED,0.42562145440439,questions_in
2025-10-29T13:27:29.098157,PUBLISH,08893488ad694b79b8f999a29dd023f1,68f2d95bd190740cfd6a29a9,ENQUEUED,0.21916867330116285,questions_in
2025-10-29T13:27:30.092628,PUBLISH,81494c567d4b4050ae6bba27f1384a93,68f2d95bd190740cfd6a21e4,ENQUEUED,0.9922390587048451,questions_in
2025-10-29T13:27:30.483760,PUBLISH,6dcff6aed3c845ef9b54bd8a30bf9a77,68f2d95bd190740cfd6a25e2,ENQUEUED,0.38573833536646945,questions_in
2025-10-29T13:27:30.977894,PUBLISH,f8ec2607132543d9839b76471e2b1ffb,68f2d95bd190740cfd6a3c46,ENQUEUED,0.4883326644812265,questions_in
2025-10-29T13:27:31.257434,PUBLISH,8f88dac20b2945e4b4e32d9c824679e8,68f2d95bd190740cfd6a3f2b,ENQUEUED,0.27357374885191904,questions_in
2025-10-29T13:27:31.495919,PUBLISH,c55512dd1166410597782d9ddcf78e1b,68f2d95bd190740cfd6a227c,ENQUEUED,0.23343693623704,questions_in
2025-10-29T13:27:31.869795,PUBLISH,060518b1b32549b698ac80166ac1a33c,68f2d95bd190740cfd6a1d07,ENQUEUED,0.36810847887395454,questions_in
2025-10-29T13:27:32.910765,PUBLISH,1b846f4d0db243e9ada2c7b27255af20,68f2d95bd190740cfd6a30d7,ENQUEUED,1.0332006887420186,questions_in
2025-10-29T13:27:34.168030,PUBLISH,7a785bb8057e4ae7b9e333ecbab2b13b,68f2d95bd190740cfd6a1bb7,ENQUEUED,1.2516966871187305,questions_in
2025-10-29T13:27:34.286616,PUBLISH,62de1f6ecf344b2e87829b5d58142d32,68f2d95bd190740cfd6a1c4e,ENQUEUED,0.1132241465782209,questions_in
2025-10-29T13:27:34.462760,PUBLISH,bc9b5d766d134e8391b20db7299e706c,68f2d95bd190740cfd6a36f0,ENQUEUED,0.17098092966377884,questions_in
2025-10-29T13:27:35.615565,PUBLISH,10660cb7d9724521a15270dbf07cdef8,68f2d95bd190740cfd6a34e4,ENQUEUED,1.1451062798311535,questions_in
2025-10-29T13:27:37.755288,PUBLISH,03ab3094448c4e37b3423d49c5d40cc1,68f2d95bd190740cfd6a2d57,ENQUEUED,2.1322763356944767,questions_in
2025-10-29T13:27:38.465196,PUBLISH,d12c50bd2f574b809e08f8a926885a0c,68f2d95bd190740cfd6a276f,ENQUEUED,0.7083464267994946,questions_in
2025-10-29T13:27:38.881125,PUBLISH,84dd82fad9df42c19441666dde9f6aa1,68f2d95bd190740cfd6a3854,ENQUEUED,0.4097899128581901,questions_in
2025-10-29T13:27:39.007948,PUBLISH,398f7689f67a4c45bfa5e30fbaf72ce7,68f2d95bd190740cfd6a2e59,ENQUEUED,0.12233349242851299,questions_in
2025-10-29T13:27:39.103221,PUBLISH,4cb07d062afc47b395b6437d1bb3a45c,68f2d95bd190740cfd6a29de,ENQUEUED,0.09025896418607965,questions_in
2025-10-29T13:27:39.154778,PUBLISH,27e06983d8c943d29d198fb9c1e614fd,68f2d95bd190740cfd6a1adb,ENQUEUED,0.048627950030144744,questions_in
2025-10-29T13:27:39.412631,PUBLISH,2cd202192ec5492d907c782e33334756,68f2d95bd190740cfd6a21c3,ENQUEUED,0.2526411506720961,questions_in
2025-10-29T13:27:39.945563,PUBLISH,ffc7081fa8d44911ad969bd6bdbba745,68f2d95bd190740cfd6a3cc5,ENQUEUED,0.5268612392660473,questions_in
2025-10-29T13:27:40.165402,PUBLISH,d62e2ccbd00343b39825194a3f5148f1,68f2d95bd190740cfd6a24b8,ENQUEUED,0.2149113777748182,questions_in
2025-10-29T13:27:40.865812,PUBLISH,e09e224f9e784cbe8dbf6dcb93025716,68f2d95bd190740cfd6a2fc7,ENQUEUED,0.6939362240350676,questions_in
2025-10-29T13:27:42.097891,PUBLISH,df8447b61df94763953b7df2e9311207,68f2d95bd190740cfd6a40f8,ENQUEUED,1.2268004255219715,questions_in
2025-10-29T13:27:42.342738,PUBLISH,1896cbe24cb24faa8c89c95475b17240,68f2d95bd190740cfd6a3da6,ENQUEUED,0.24258471133545792,questions_in
2025-10-29T13:27:43.757770,PUBLISH,293cc37d3cf446e4bb3a5d6554298882,68f2d95bd190740cfd6a1e44,ENQUEUED,1.4085692127261786,questions_in
2025-10-29T13:27:45.408596,PUBLISH,165c85a3f3e542508a87b0f35065b3d3,68f2d95bd190740cfd6a20ff,ENQUEUED,1.6484789404445366,questions_in
2025-10-29T13:27:45.889957,PUBLISH,3f60f2f17bfa4a6387d47fd17417e344,68f2d95bd190740cfd6a3e5c,ENQUEUED,0.47595561434570294,questions_in
2025-10-29T13:27:46.324243,PUBLISH,eac9192ab3a04fbfa96864d4cbbdae5f,68f2d95bd190740cfd6a2498,ENQUEUED,0.4284644760178052,questions_in
2025-10-29T13:27:47.443935,PUBLISH,647fd90f981541e1b444c24e9318c781,68f2d95bd190740cfd6a20e3,ENQUEUED,1.1136791177383183,questions_in
2025-10-29T13:27:47.491253,PUBLISH,ba7382df41ed47b0901b67cf2cc5b5a4,68f2d95bd190740cfd6a3071,ENQUEUED,0.044441206051728986,questions_in
2025-10-29T13:27:47.706596,PUBLISH,b6b788a9461e4ad590ca9933c3a05b15,68f2d95bd190740cfd6a3ae7,ENQUEUED,0.2101962310517016,questions_in
2025-10-29T13:27:47.736782,PUBLISH,822308b14a724c309d122d32f211dee2,68f2d95bd190740cfd6a25a8,ENQUEUED,0.02466879380426236,questions_in
2025-10-29T13:27:47.985812,PUBLISH,aae2b6f0db144667addac99b97e5b9b9,68f2d95bd190740cfd6a3c33,ENQUEUED,0.24345944846667764,questions_in
2025-10-29T13:27:48.474383,PUBLISH,6520c8af64e1485c94f12de53449ac17,68f2d95bd190740cfd6a2d1d,ENQUEUED,0.4868522704112192,questions_in
2025-10-29T13:27:48.518167,PUBLISH,f7ea39d2e0834da58d87823d7bb021fa,68f2d95bd190740cfd6a3183,ENQUEUED,0.04186076189933996,questions_in
2025-10-29T13:27:49.979607,PUBLISH,52f8c73bbbce45848df286fd28949f1c,68f2d95bd190740cfd6a4055,ENQUEUED,1.4547878281536926,questions_in
2025-10-29T13:27:50.182234,PUBLISH,b44280e97fa74f209baf6e38073e9196,68f2d95bd190740cfd6a2b42,ENQUEUED,0.1972532873988476,questions_in
2025-10-29T13:27:52.245283,PUBLISH,19fdbb5375ee4d8daa0db6ac2e36e378,68f2d95bd190740cfd6a28a6,ENQUEUED,2.0558392377889247,questions_in
2025-10-29T13:27:52.763783,PUBLISH,ecbbe5594afc49cda21f2875c0fa2fc7,68f2d95bd190740cfd6a3aaf,ENQUEUED,0.5128202843715545,questions_in
2025-10-29T13:27:53.891046,PUBLISH,0d7e18d650bc4ccbbef6c6168beab1c5,68f2d95bd190740cfd6a304f,ENQUEUED,1.1222297675346957,questions_in
2025-10-29T13:27:54.184933,PUBLISH,38e5879e20c546549083e9e5b7bd64aa,68f2d95bd190740cfd6a2b19,ENQUEUED,0.28869991457156197,questions_in
2025-10-29T13:27:54.558050,PUBLISH,906c33956df0417dbbbf59af78b978fa,68f2d95bd190740cfd6a379e,ENQUEUED,0.3674188501888131,questions_in
2025-10-29T13:27:55.556482,PUBLISH,8871627b69a54f2d9149362c7ae9200c,68f2d95bd190740cfd6a1fd4,ENQUEUED,0.992305737249966,questions_in
2025-10-29T13:27:56.111404,PUBLISH,3f858931f6564f7f9f605a445de517a9,68f2d95bd190740cfd6a36f3,ENQUEUED,0.5490037601550002,questions_in
2025-10-29T13:27:56.896206,PUBLISH,bc6dcf1fd612465c9555739e05cc86d1,68f2d95bd190740cfd6a3034,ENQUEUED,0.7791985949054089,questions_in
2025-10-29T13:27:57.742359,PUBLISH,207e5c3bbcc64de1a79d879a34d9869a,68f2d95bd190740cfd6a392a,ENQUEUED,0.8439414987209447,questions_in
2025-10-29T13:27:58.201829,PUBLISH,225468a4c0b049a9be9c97d94ed3870b,68f2d95bd190740cfd6a3876,ENQUEUED,0.45414154836017523,questions_in
2025-10-29T13:27:58.754988,PUBLISH,167f91e5bef24e15b26a1c9d53d7936a,68f2d95bd190740cfd6a25c5,ENQUEUED,0.5475798821695166,questions_in
2025-10-29T13:27:58.836409,PUBLISH,ab1fc977b33e49c9af11ecaf9aa5dc44,68f2d95bd190740cfd6a2df6,ENQUEUED,0.07662741435978043,questions_in
2025-10-29T13:28:00.193861,PUBLISH,6d52f145d6ab49bfb9daeffd3e001d0a,68f2d95bd190740cfd6a1b40,ENQUEUED,1.3548061915508054,questions_in
2025-10-29T13:28:00.816931,PUBLISH,d44685f14605451bb7707a7e9657024a,68f2d95bd190740cfd6a2d85,ENQUEUED,0.6214363990822123,questions_in
2025-10-29T13:28:01.167849,PUBLISH,1ff6c708d6f042e58c7bef7dfcd095f9,68f2d95bd190740cfd6a3a15,ENQUEUED,0.3456237749025801,questions_in
2025-10-29T13:28:02.112244,PUBLISH,5c7d50a141804663a10cd2a29b7a5ff8,68f2d95bd190740cfd6a2f99,ENQUEUED,0.9376211900900144,questions_in
2025-10-29T13:28:03.291025,PUBLISH,1d4d2ee3553f46d09f60f18092cefe85,68f2d95bd190740cfd6a1bd8,ENQUEUED,1.173287182856241,questions_in
2025-10-29T13:28:04.425206,PUBLISH,fbf55227d6ff4e069d83b3e5c9f16228,68f2d95bd190740cfd6a37b1,ENQUEUED,1.1273462028552954,questions_in
2025-10-29T13:28:04.435802,PUBLISH,def9a5bf6d08428484db62906fc89fc5,68f2d95bd190740cfd6a3d99,ENQUEUED,0.006718921899871266,questions_in
2025-10-29T13:28:04.998191,PUBLISH,5469a07856124808a137ffd4e6dd9120,68f2d95bd190740cfd6a2cb7,ENQUEUED,0.5565208458737448,questions_in
2025-10-29T13:28:05.635624,PUBLISH,a05ea1a649554b9fb369a7cc56d04373,68f2d95bd190740cfd6a23bf,ENQUEUED,0.6319692870453356,questions_in
2025-10-29T13:28:05.640569,PUBLISH,3904df1bec4b46ce965069c723c6869d,68f2d95bd190740cfd6a2da1,ENQUEUED,0.001146779208510241,questions_in
2025-10-29T13:28:06.274881,PUBLISH,fdb5a872a3574820936afff30c5553b0,68f2d95bd190740cfd6a28fc,ENQUEUED,0.6293323907640321,questions_in
2025-10-29T13:28:06.529871,PUBLISH,007aa4610dda4622a2025f9d1ce966b5,68f2d95bd190740cfd6a2bc9,ENQUEUED,0.2490129196939546,questions_in
2025-10-29T13:28:06.923159,PUBLISH,1092888004f54622924b3d7de1f98809,68f2d95bd190740cfd6a2236,ENQUEUED,0.3875546066510321,questions_in
2025-10-29T13:28:07.551914,PUBLISH,44c72f7046bf48e7bc0037e43f92ed42,68f2d95bd190740cfd6a29bf,ENQUEUED,0.6230688470463555,questions_in
2025-10-29T13:28:08.546169,PUBLISH,8a1b954764da4a2f9f2ae580e81c2727,68f2d95bd190740cfd6a20bc,ENQUEUED,0.9884455817252117,questions_in
2025-10-29T13:28:08.604823,PUBLISH,7ef38b09ec174d33ac34e39151b518c7,68f2d95bd190740cfd6a2152,ENQUEUED,0.05518798716919562,questions_in
2025-10-29T13:28:09.058986,PUBLISH,7e666bf2e08549c4b2340f5ba5f4609e,68f2d95bd190740cfd6a20f1,ENQUEUED,0.4486232210665993,questions_in
2025-10-29T13:28:09.525054,PUBLISH,4729a096127d41e0bec98b51d7276f63,68f2d95bd190740cfd6a2cea,ENQUEUED,0.46059083619053603,questions_in
2025-10-29T13:28:11.607409,PUBLISH,fb656f759c4645288fa758cc11e2b1dc,68f2d95bd190740cfd6a1f25,ENQUEUED,2.0748504437642272,questions_in
2025-10-29T13:28:12.110771,PUBLISH,faf75fcd8dcc4fadb5aee4b38349281a,68f2d95bd190740cfd6a4095,ENQUEUED,0.4984968025762276,questions_in
2025-10-29T13:28:12.373934,PUBLISH,cb45156ad7494da0b03908956567564c,68f2d95bd190740cfd6a1b17,ENQUEUED,0.2575546320087877,questions_in
2025-10-29T13:28:13.121035,PUBLISH,9315a5119984400a9c1350d88d43324d,68f2d95bd190740cfd6a24f7,ENQUEUED,0.7416075762562065,questions_in
2025-10-29T13:28:13.133859,PUBLISH,27aa184317994fda85bc94b49bbd05d8,68f2d95bd190740cfd6a2c9a,ENQUEUED,0.011206069046552823,questions_in
2025-10-29T13:28:13.176167,PUBLISH,a7d8378e42b842cfbd20afbd6cc5c95c,68f2d95bd190740cfd6a304a,ENQUEUED,0.04040459662974334,questions_in
2025-10-29T13:28:13.362344,PUBLISH,dce36d630c2049ee85b1f8bd7eef81de,68f2d95bd190740cfd6a2684,ENQUEUED,0.18096392134660003,questions_in
2025-10-29T13:28:13.880245,PUBLISH,65ded58a0629452d83c95231854cd915,68f2d95bd190740cfd6a2691,ENQUEUED,0.5162824241012506,questions_in
2025-10-29T13:28:16.179486,PUBLISH,cf90a40aa35847b1915a9019a97ca1e1,68f2d95bd190740cfd6a3954,ENQUEUED,2.2949216359747298,questions_in
2025-10-29T13:28:16.277510,PUBLISH,5821d9427e474b3c93a11ac4583a6398,68f2d95bd190740cfd6a3d69,ENQUEUED,0.09318789181575228,questions_in
2025-10-29T13:28:18.438929,PUBLISH,07b262b527334546b054a59d19f17334,68f2d95bd190740cfd6a353c,ENQUEUED,2.1548961261655992,questions_in
2025-10-29T13:28:18.891987,PUBLISH,f094c62129324a779c26dee1724289b7,68f2d95bd190740cfd6a240f,ENQUEUED,0.4467721806984262,questions_in
2025-10-29T13:28:19.857677,PUBLISH,3efa367d8cb84edd885f101fc9c7a2bd,68f2d95bd190740cfd6a2708,ENQUEUED,0.9600032818798144,questions_in
2025-10-29T13:28:20.479640,PUBLISH,9679aaa5610b4e07bcec8f9dd475b47b,68f2d95bd190740cfd6a1b58,ENQUEUED,0.6165310150319544,questions_in
2025-10-29T13:28:20.569474,PUBLISH,d50e62bf1dcb41faa7e0fbe75d5a610f,68f2d95bd190740cfd6a3920,ENQUEUED,0.0844298866217626,questions_in
2025-10-29T13:28:21.033617,PUBLISH,c70cc694183a40c8b004b0a6cb4ae28a,68f2d95bd190740cfd6a22a2,ENQUEUED,0.4588437458679347,questions_in
2025-10-29T13:28:21.308711,PUBLISH,3754b2c1a5544381b5fc278f36797db6,68f2d95bd190740cfd6a2e6d,ENQUEUED,0.26991022878667076,questions_in
2025-10-29T13:28:21.484436,PUBLISH,578862b6291143cabc431496b8c8fe40,68f2d95bd190740cfd6a3a30,ENQUEUED,0.17418763157049688,questions_in
2025-10-29T13:28:22.156374,PUBLISH,4896d3e3acb7461e8715a475b95d263a,68f2d95bd190740cfd6a38e7,ENQUEUED,0.6664741609877404,questions_in
2025-10-29T13:28:22.455982,PUBLISH,c3e6861001e84aaf903689b09da09bae,68f2d95bd190740cfd6a2f22,ENQUEUED,0.29756012514734004,questions_in
2025-10-29T13:28:23.231282,PUBLISH,1b570addb83e488f8dddaf7dc1a0c2ff,68f2d95bd190740cfd6a1d82,ENQUEUED,0.7678493261670433,questions_in
2025-10-29T13:28:23.510507,PUBLISH,23267e91cc1146c2946c1c1b458df1ce,68f2d95bd190740cfd6a3485,ENQUEUED,0.27307789310504293,questions_in
2025-10-29T13:28:24.290928,PUBLISH,18099f703be14fcbad152d5c04939118,68f2d95bd190740cfd6a3b8d,ENQUEUED,0.7759433120156957,questions_in
2025-10-29T13:28:25.340224,PUBLISH,5262b9919518457c82a172444009e254,68f2d95bd190740cfd6a3ccf,ENQUEUED,1.0434220900675306,questions_in
2025-10-29T13:28:25.533672,PUBLISH,2ca81eccc33348019255cbb6342d7eeb,68f2d95bd190740cfd6a27b2,ENQUEUED,0.18829500478149022,questions_in
2025-10-29T13:28:25.657682,PUBLISH,7ed5965c522a4836b8465807a44194ad,68f2d95bd190740cfd6a2d99,ENQUEUED,0.11812650401856017,questions_in
2025-10-29T13:28:25.796020,PUBLISH,8cd28800c88e4080a334f6b36908af72,68f2d95bd190740cfd6a3778,ENQUEUED,0.13342940077433876,questions_in
2025-10-29T13:28:26.081859,PUBLISH,cfe458f47527454698774e35477bb698,68f2d95bd190740cfd6a1f0f,ENQUEUED,0.2839373697003184,questions_in
2025-10-29T13:28:26.716188,PUBLISH,060cec9282994741a5c55e2091c09cfe,68f2d95bd190740cfd6a2d6b,ENQUEUED,0.6290518810403887,questions_in
2025-10-29T13:28:27.078801,PUBLISH,d53b2b1c9c83414f8106bc5665a8027a,68f2d95bd190740cfd6a39e7,ENQUEUED,0.3608704371257773,questions_in
2025-10-29T13:28:27.186883,PUBLISH,016ea59a63714a38ad2a33dae475afe7,68f2d95bd190740cfd6a2fef,ENQUEUED,0.10667479568993005,questions_in
2025-10-29T13:28:27.503210,PUBLISH,3841f48c6a8e4d9fa413849914aadc3b,68f2d95bd190740cfd6a3198,ENQUEUED,0.31172796196623775,questions_in
2025-10-29T13:28:27.620655,PUBLISH,14deb9a965594b3f9fac48c5996a8225,68f2d95bd190740cfd6a21a0,ENQUEUED,0.11323070786556018,questions_in
2025-10-29T13:28:27.739919,PUBLISH,272dabf6903d4aa0bbb3666ca76a0cca,68f2d95bd190740cfd6a2f10,ENQUEUED,0.11748522947631236,questions_in
2025-10-29T13:28:28.692479,PUBLISH,464cb5f1ca5344dcadc84d4c4c8b89e3,68f2d95bd190740cfd6a3691,ENQUEUED,0.946644839445594,questions_in
2025-10-29T13:28:31.116983,PUBLISH,ad6c05b4407140a29f6650fff00dd964,68f2d95bd190740cfd6a27a2,ENQUEUED,2.417119546665117,questions_in
2025-10-29T13:28:31.279888,PUBLISH,a68984e5efed4d66b2d729f8cf5b4c77,68f2d95bd190740cfd6a406d,ENQUEUED,0.15798822692820078,questions_in
2025-10-29T13:28:31.579476,PUBLISH,49148bb6a83e4f509151d1ce307cdb93,68f2d95bd190740cfd6a3b77,ENQUEUED,0.2942930688336058,questions_in
2025-10-29T13:28:31.918901,PUBLISH,50f7c47af0a041598164e7f2aa15427e,68f2d95bd190740cfd6a3905,ENQUEUED,0.33322637358110674,questions_in
2025-10-29T13:28:32.310323,PUBLISH,c69f1e2a99644b4ba93d305fa43bd7cd,68f2d95bd190740cfd6a2a63,ENQUEUED,0.3861739549056918,questions_in
2025-10-29T13:28:32.646459,PUBLISH,ee8cbb5b43fc41e0bb10acc5d38a935b,68f2d95bd190740cfd6a3da6,ENQUEUED,0.3301832284107569,questions_in
2025-10-29T13:28:33.006092,PUBLISH,660d8837c813449a98dba91290d2425a,68f2d95bd190740cfd6a29cf,ENQUEUED,0.3554710483160511,questions_in
2025-10-29T13:28:33.469405,PUBLISH,4474103384cd4e6bbf962a1f9bff342c,68f2d95bd190740cfd6a29f9,ENQUEUED,0.45652130941377783,questions_in
2025-10-29T13:28:33.580954,PUBLISH,c4d1eced70c1461cacd59c98a0de258c,68f2d95bd190740cfd6a22a4,ENQUEUED,0.10651123100926092,questions_in
2025-10-29T13:28:33.623532,PUBLISH,1e813f4447db4780872bde2ab3ed994a,68f2d95bd190740cfd6a1d31,ENQUEUED,0.04007541470582308,questions_in
2025-10-29T13:28:34.348682,PUBLISH,a7723984fada4ce7abfebbdd73a6edaa,68f2d95bd190740cfd6a2576,ENQUEUED,0.7204477982419747,questions_in
2025-10-29T13:28:34.682351,PUBLISH,de8ffd9e99c4494e8a5a9b2e40efcfd7,68f2d95bd190740cfd6a31b4,ENQUEUED,0.3282025227680909,questions_in
2025-10-29T13:28:35.026187,PUBLISH,f22f6e3cdbe64510905823796c76093a,68f2d95bd190740cfd6a2aff,ENQUEUED,0.3417392747863668,questions_in
2025-10-29T13:28:35.148062,PUBLISH,aa751e22687f4e2da4f1d98dafaa7fa1,68f2d95bd190740cfd6a3c4e,ENQUEUED,0.11934861476472787,questions_in
2025-10-29T13:28:35.413452,PUBLISH,defee7b1e6ca45a79e9cc8895c59634d,68f2d95bd190740cfd6a4158,ENQUEUED,0.2637830432532758,questions_in
2025-10-29T13:28:35.722202,PUBLISH,c49537d78d0143dd9fec56c1140e6c5a,68f2d95bd190740cfd6a4144,ENQUEUED,0.30443047281422025,questions_in
2025-10-29T13:28:36.030008,PUBLISH,69fc206634204b75aa17cf015b390286,68f2d95bd190740cfd6a41d7,ENQUEUED,0.3024298625249512,questions_in
2025-10-29T13:28:36.868708,PUBLISH,a42a68d34a314577aa77a76d19705631,68f2d95bd190740cfd6a285a,ENQUEUED,0.8335986283201846,questions_in
2025-10-29T13:28:37.101752,PUBLISH,172f893ed86b4815bd7e41cc018eeb33,68f2d95bd190740cfd6a2b40,ENQUEUED,0.22765126144302897,questions_in
2025-10-29T13:28:38.011697,PUBLISH,0a2a228ed66b40ae968abc5484d89c3a,68f2d95bd190740cfd6a2ce1,ENQUEUED,0.9047898610869459,questions_in
2025-10-29T13:28:39.318796,PUBLISH,125049dee1f8477bac8fbca2fc3da3a1,68f2d95bd190740cfd6a3cdd,ENQUEUED,1.3005415962461582,questions_in
2025-10-29T13:28:39.430817,PUBLISH,295896c5402a4e5391a752fd477a7173,68f2d95bd190740cfd6a20b9,ENQUEUED,0.10720257082113321,questions_in
2025-10-29T13:28:40.476683,PUBLISH,cb79e64460744ee89fc1ab2fa2941adc,68f2d95bd190740cfd6a28e1,ENQUEUED,1.0400723760148793,questions_in
2025-10-29T13:28:40.930009,PUBLISH,d52320c3b9f54e11bab9ee7428bdad5f,68f2d95bd190740cfd6a3691,ENQUEUED,0.4481986394155748,questions_in
2025-10-29T13:28:41.246533,PUBLISH,74a8c0eb4db444d89d3356ce47e12e20,68f2d95bd190740cfd6a395e,ENQUEUED,0.3111921590602941,questions_in
2025-10-29T13:28:41.737795,PUBLISH,55580a41ae8a4d51836d3a75495b1db8,68f2d95bd190740cfd6a355a,ENQUEUED,0.48600384156123716,questions_in
2025-10-29T13:28:41.993328,PUBLISH,d34ed328e8534defaf0a60553f807806,68f2d95bd190740cfd6a1d37,ENQUEUED,0.24972003260273898,questions_in
2025-10-29T13:28:42.660201,PUBLISH,4f0afcb513e64a6ea549e1ac79af0ac3,68f2d95bd190740cfd6a312a,ENQUEUED,0.6608970950147568,questions_in
2025-10-29T13:28:43.060882,PUBLISH,9942b9c7e25a498eb7c1875d5da03876,68f2d95bd190740cfd6a1c4c,ENQUEUED,0.3954303767159466,questions_in
2025-10-29T13:28:43.465424,PUBLISH,8ea2de8d31764dfcb8e25ce28ab6b759,68f2d95bd190740cfd6a2aaf,ENQUEUED,0.3977245386462995,questions_in
2025-10-29T13:28:44.810605,PUBLISH,883d0a8aebe344d397be948fca14fd18,68f2d95bd190740cfd6a3490,ENQUEUED,1.3430436674782984,questions_in
2025-10-29T13:28:45.357646,PUBLISH,bb1f50e0dfd5400a9a901a245639865b,68f2d95bd190740cfd6a2a54,ENQUEUED,0.5442946217268555,questions_in
2025-10-29T13:28:46.930167,PUBLISH,868c63970bcc4fecabf9c1dbc7c826be,68f2d95bd190740cfd6a1d6e,ENQUEUED,1.5658086914505513,questions_in
2025-10-29T13:28:48.277499,PUBLISH,0fda8a85841b4baebdb2187a50249f9f,68f2d95bd190740cfd6a2dcf,ENQUEUED,1.3418677867131186,questions_in
2025-10-29T13:28:48.747255,PUBLISH,8aafff4d1b414039b0a5b813f489866d,68f2d95bd190740cfd6a3c06,ENQUEUED,0.46445811657404307,questions_in
2025-10-29T13:28:49.148497,PUBLISH,7855944e04724f5fa5a6df1caf2d22b1,68f2d95bd190740cfd6a3e06,ENQUEUED,0.39910651159395244,questions_in
2025-10-29T13:28:49.812058,PUBLISH,adca3c38f2b3440193ddaefcce90ace9,68f2d95bd190740cfd6a3165,ENQUEUED,0.6574966808347965,questions_in
2025-10-29T13:28:51.169545,PUBLISH,e74a4c08a5524e55a1ebd204bb8e5ea5,68f2d95bd190740cfd6a2328,ENQUEUED,1.35070595918238,questions_in
2025-10-29T13:28:51.460103,PUBLISH,554ca6d068b24e4ebcd5196b56de0011,68f2d95bd190740cfd6a40f3,ENQUEUED,0.28329705839583935,questions_in
2025-10-29T13:28:52.757992,PUBLISH,9d72901521c64449908959ebd1eeebcc,68f2d95bd190740cfd6a20c3,ENQUEUED,1.2919034469285502,questions_in
2025-10-29T13:28:52.860808,PUBLISH,f4fe30f1e53645ffb732384625b44532,68f2d95bd190740cfd6a2850,ENQUEUED,0.09670771058976214,questions_in
2025-10-29T13:28:53.012281,PUBLISH,6e68080d0511427780a316298929f815,68f2d95bd190740cfd6a26c5,ENQUEUED,0.14580315739031413,questions_in
2025-10-29T13:28:55.177337,PUBLISH,010bd0a8d10a4aca8052feb1f4dffdcd,68f2d95bd190740cfd6a200c,ENQUEUED,2.1576644801418197,questions_in
2025-10-29T13:28:55.533576,PUBLISH,4ee12c16611f4ec0b5991cb22c94563b,68f2d95bd190740cfd6a29f7,ENQUEUED,0.3502422816018968,questions_in
2025-10-29T13:28:57.597356,PUBLISH,c9d05bcd837546bfb04cf6cd509d1bfb,68f2d95bd190740cfd6a2ee1,ENQUEUED,2.0610587690222606,questions_in
2025-10-29T13:28:58.027918,PUBLISH,f3f5d6d51ad445baa9132b6b020d06e2,68f2d95bd190740cfd6a211b,ENQUEUED,0.42487700173110693,questions_in
2025-10-29T13:28:59.659212,PUBLISH,9bc294f5d7c04591b3756dbf7623e8b6,68f2d95bd190740cfd6a2980,ENQUEUED,1.6249320329919987,questions_in
2025-10-29T13:28:59.809028,PUBLISH,f2eff936d6104b71a153cf2d075169fe,68f2d95bd190740cfd6a374d,ENQUEUED,0.14463213040328252,questions_in
2025-10-29T13:29:01.239722,PUBLISH,1356af36c68c458fa8e24d17378438f7,68f2d95bd190740cfd6a1e8b,ENQUEUED,1.423577515188782,questions_in
2025-10-29T13:29:01.770800,PUBLISH,b390d9b99f984a6789a7592c84a7f74e,68f2d95bd190740cfd6a38d6,ENQUEUED,0.5261303536135672,questions_in
2025-10-29T13:29:02.918744,PUBLISH,547ae6c001464f5c9571387a711ebd11,68f2d95bd190740cfd6a2e57,ENQUEUED,1.1420287648776997,questions_in
2025-10-29T13:29:03.905905,PUBLISH,5660b31be61f470aa27c5fab24794620,68f2d95bd190740cfd6a2720,ENQUEUED,0.9799131543992573,questions_in
2025-10-29T13:29:04.535670,PUBLISH,97200382bcc843158c03944ef57aaa3f,68f2d95bd190740cfd6a1fc0,ENQUEUED,0.624599824205279,questions_in
2025-10-29T13:29:05.026910,PUBLISH,e40dbfc1cc3c45e2bb7ccad153068c2c,68f2d95bd190740cfd6a2935,ENQUEUED,0.485909870672011,questions_in
2025-10-29T13:29:05.372078,PUBLISH,aea057d0998f4690a0f3a49c375a8863,68f2d95bd190740cfd6a2e7b,ENQUEUED,0.33968669985619604,questions_in
2025-10-29T13:29:05.677742,PUBLISH,38f8ebb1e3db4444a61be8969fd954e0,68f2d95bd190740cfd6a1ce0,ENQUEUED,0.3007469806927552,questions_in
2025-10-29T13:29:05.808876,PUBLISH,f82eaca62d4840bda49baa2aa3fb69cc,68f2d95bd190740cfd6a3d5d,ENQUEUED,0.1260978979062335,questions_in
2025-10-29T13:29:06.110136,PUBLISH,9c6896721d7d4c5381e9d4adb9da09f3,68f2d95bd190740cfd6a3408,ENQUEUED,0.2956751426038971,questions_in
2025-10-29T13:29:06.338060,PUBLISH,3cb0879493604113884209954078b344,68f2d95bd190740cfd6a3cd6,ENQUEUED,0.2219644632592602,questions_in
2025-10-29T13:29:06.533211,PUBLISH,3efbf90f9bf1404bb3a6549a06410e43,68f2d95bd190740cfd6a319a,ENQUEUED,0.19001323916569549,questions_in
2025-10-29T13:29:06.576849,PUBLISH,63fbaeabc0bb41efb1773ae9bbda31ad,68f2d95bd190740cfd6a2831,ENQUEUED,0.0418910682074137,questions_in
2025-10-29T13:29:07.220849,PUBLISH,6151ab03e885483b8cda3be7911f9dc4,68f2d95bd190740cfd6a38ae,ENQUEUED,0.6407702262698619,questions_in
2025-10-29T13:29:07.950801,PUBLISH,27a783f3d8cf4fc08493c6b64505cc0b,68f2d95bd190740cfd6a2795,ENQUEUED,0.7249764534432562,questions_in
2025-10-29T13:29:08.034783,PUBLISH,9b98d87dfe5a47ee8c15b05f2de23ee4,68f2d95bd190740cfd6a38a2,ENQUEUED,0.0791621680186146,questions_in
2025-10-29T13:29:08.257776,PUBLISH,391752b5211d432b8ef131a57ee946a3,68f2d95bd190740cfd6a2ead,ENQUEUED,0.2170168453489273,questions_in
2025-10-29T13:29:08.922275,PUBLISH,3b40d67eaf4c45afb4cbefefc107bd67,68f2d95bd190740cfd6a3303,ENQUEUED,0.6595980632499431,questions_in
2025-10-29T13:29:11.098795,PUBLISH,7f9945f0e3454c9f92fd5a4741e57f3d,68f2d95bd190740cfd6a1b7e,ENQUEUED,2.1725535110916208,questions_in
2025-10-29T13:29:11.312531,PUBLISH,75e2be50b9ea4ffc907677b135c757d3,68f2d95bd190740cfd6a1dc9,ENQUEUED,0.2087243188160588,questions_in
2025-10-29T13:29:11.614923,PUBLISH,9927b7b8e9ee4a9c80842fc0921542e9,68f2d95bd190740cfd6a21a5,ENQUEUED,0.2969613596318689,questions_in
2025-10-29T13:29:12.270103,PUBLISH,f6656f878fdd4428948257f41771e165,68f2d95bd190740cfd6a280a,ENQUEUED,0.649363500550835,questions_in
2025-10-29T13:29:12.972559,PUBLISH,d757211dfbff4af592995eb0db5e72dc,68f2d95bd190740cfd6a2761,ENQUEUED,0.7001780477998879,questions_in
2025-10-29T13:29:13.134052,PUBLISH,5ee05ba0eb574d4c86541a8047e64ce0,68f2d95bd190740cfd6a1e33,ENQUEUED,0.15572525757799538,questions_in
2025-10-29T13:29:14.696403,PUBLISH,87e307cc9981497d88aba92273d288cc,68f2d95bd190740cfd6a3838,ENQUEUED,1.5585071925237528,questions_in
2025-10-29T13:29:14.930318,PUBLISH,20288ea46a2c41faa5997cc739233348,68f2d95bd190740cfd6a2702,ENQUEUED,0.22800910217392412,questions_in
2025-10-29T13:29:15.371184,PUBLISH,55d78c85472f46bab99a06c1b1077566,68f2d95bd190740cfd6a2d4d,ENQUEUED,0.4358111291408855,questions_in
2025-10-29T13:29:17.062923,PUBLISH,75df5339773a415abc527f0d94d3fb0a,68f2d95bd190740cfd6a2917,ENQUEUED,1.6859372935599461,questions_in
2025-10-29T13:29:17.288764,PUBLISH,cf665247e84348e5b4c84ae40e842e37,68f2d95bd190740cfd6a24f8,ENQUEUED,0.22092332066089704,questions_in
2025-10-29T13:29:17.540625,PUBLISH,855491bac22148cabb7641b69a6c0bab,68f2d95bd190740cfd6a35ec,ENQUEUED,0.24702874091283064,questions_in
2025-10-29T13:29:17.935116,PUBLISH,07b3b3ac8c424241870b04903732744a,68f2d95bd190740cfd6a3fa6,ENQUEUED,0.38935739229811756,questions_in
2025-10-29T13:29:18.835695,PUBLISH,7b79894c61684ed1ac29a856f7d0660e,68f2d95bd190740cfd6a23fb,ENQUEUED,0.8954469711132241,questions_in
2025-10-29T13:29:19.396343,PUBLISH,58b59c5a44044ebdb98056c8de5d8c99,68f2d95bd190740cfd6a275d,ENQUEUED,0.5554371109503017,questions_in
2025-10-29T13:29:19.750466,PUBLISH,12bc01042e614b00a552ed5c9440b9d0,68f2d95bd190740cfd6a32cf,ENQUEUED,0.3520638269884057,questions_in
2025-10-29T13:29:19.924737,PUBLISH,0f30027b800b4fc19bc1402c03013833,68f2d95bd190740cfd6a3221,ENQUEUED,0.16825727685022948,questions_in
2025-10-29T13:29:19.936693,PUBLISH,0afc6d0d8ed446d0bea1e5ca2c3697e3,68f2d95bd190740cfd6a210e,ENQUEUED,0.006560358012144621,questions_in
2025-10-29T13:29:20.141171,PUBLISH,a6a6da2f88a642f0ac46e6fa61b1eaef,68f2d95bd190740cfd6a33e5,ENQUEUED,0.1993051953181245,questions_in
2025-10-29T13:29:22.218193,PUBLISH,385a267b26b84284bef41a6c8155def0,68f2d95bd190740cfd6a3d6d,ENQUEUED,2.0738170592991416,questions_in
2025-10-29T13:29:22.569035,PUBLISH,be5b4e8aafb24c83b9d28c5a90e0d9cb,68f2d95bd190740cfd6a1fef,ENQUEUED,0.34526502120902447,questions_in
2025-10-29T13:29:22.775223,PUBLISH,e6b2644f0be34be08ee3abc017c84b55,68f2d95bd190740cfd6a344f,ENQUEUED,0.20002576526105886,questions_in
2025-10-29T13:29:24.273027,PUBLISH,af883f9a621e46e69bbdbad6c683aef8,68f2d95bd190740cfd6a39f6,ENQUEUED,1.4917408812793225,questions_in
2025-10-29T13:29:25.863473,PUBLISH,9255a3e0c41c4916a40d2189d0eeb3fc,68f2d95bd190740cfd6a3735,ENQUEUED,1.5825657409260987,questions_in
2025-10-29T13:29:27.097027,PUBLISH,e788083e1c5a4f8ca88909bf74f25643,68f2d95bd190740cfd6a35a9,ENQUEUED,1.2278405129103074,questions_in
2025-10-29T13:29:28.199800,PUBLISH,33a554713d834615a525546f313208d2,68f2d95bd190740cfd6a1c5d,ENQUEUED,1.0968477255369775,questions_in
2025-10-29T13:29:28.248536,PUBLISH,69b57060e28e4d268103df9928f76ba2,68f2d95bd190740cfd6a262c,ENQUEUED,0.043646262917627736,questions_in
2025-10-29T13:29:28.448905,PUBLISH,9d26694dfcfb4be39e601f9f04280781,68f2d95bd190740cfd6a1d59,ENQUEUED,0.19875167820962136,questions_in
2025-10-29T13:29:28.627920,PUBLISH,69c4b8fef98844bdb70afd37067e3690,68f2d95bd190740cfd6a2ea7,ENQUEUED,0.17243324693793494,questions_in
2025-10-29T13:29:29.209341,PUBLISH,1d73c9d73d2547d5b29be12a16f10c6e,68f2d95bd190740cfd6a3bdb,ENQUEUED,0.5759431922138808,questions_in
2025-10-29T13:29:30.591521,PUBLISH,862f71df39f44593b00ebbf87bda80af,68f2d95bd190740cfd6a3497,ENQUEUED,1.3761845042110548,questions_in
2025-10-29T13:29:31.257529,PUBLISH,fa81e100f8f74d0dacf9bc4e8c97cd08,68f2d95bd190740cfd6a1b36,ENQUEUED,0.6606469011334534,questions_in
2025-10-29T13:29:31.865982,PUBLISH,95030861bd89471aaca88f75f4159a4e,68f2d95bd190740cfd6a24fb,ENQUEUED,0.6031749955750041,questions_in
2025-10-29T13:29:32.588762,PUBLISH,2586c0a3a07b49e99506eb327f464d6b,68f2d95bd190740cfd6a3004,ENQUEUED,0.7204447849948411,questions_in
2025-10-29T13:29:33.226177,PUBLISH,e6719506a61143a5aad0c778b53e6a73,68f2d95bd190740cfd6a2869,ENQUEUED,0.6319643735247663,questions_in
2025-10-29T13:29:33.614822,PUBLISH,42e2718c696a4ad796215214d28739e9,68f2d95bd190740cfd6a24b9,ENQUEUED,0.3837643428865611,questions_in
2025-10-29T13:29:33.807320,PUBLISH,c196e22e7444444f87a70d3aa371a54f,68f2d95bd190740cfd6a2e9a,ENQUEUED,0.1868894472147452,questions_in
2025-10-29T13:29:33.819163,PUBLISH,692222b6d6784810aad9de1d5e6bc091,68f2d95bd190740cfd6a1bb1,ENQUEUED,0.0067541808065701365,questions_in
2025-10-29T13:29:34.146266,PUBLISH,9fa5275f92a24981b12440e6ac3526c3,68f2d95bd190740cfd6a20b9,ENQUEUED,0.32205308554940953,questions_in
2025-10-29T13:29:34.491174,PUBLISH,3787b3a81dd54be3a37dcffa650b8480,68f2d95bd190740cfd6a3100,ENQUEUED,0.34320346169339233,questions_in
2025-10-29T13:29:34.565310,PUBLISH,524463065ff94b0d9085732d7f4d75a8,68f2d95bd190740cfd6a3391,ENQUEUED,0.07135492762702007,questions_in
2025-10-29T13:29:34.668318,PUBLISH,71915a923d0a474397c29beb914a4fe4,68f2d95bd190740cfd6a1dd2,ENQUEUED,0.097758399931351,questions_in
2025-10-29T13:29:35.280783,PUBLISH,5f88740e15624de8af507c1a8cc4857f,68f2d95bd190740cfd6a3ff9,ENQUEUED,0.6073931108746666,questions_in
2025-10-29T13:29:35.360771,PUBLISH,e6eee45045134574adf12a6007fd8596,68f2d95bd190740cfd6a2113,ENQUEUED,0.0750479407294862,questions_in
2025-10-29T13:29:36.538899,PUBLISH,fba8ea8ddf994266be8606da6c77252d,68f2d95bd190740cfd6a3632,ENQUEUED,1.1728981779252667,questions_in
2025-10-29T13:29:37.815239,PUBLISH,2508cf21fbf843869214a0cc18d4ed6d,68f2d95bd190740cfd6a2020,ENQUEUED,1.272240177689034,questions_in
2025-10-29T13:29:38.498685,PUBLISH,474be2ed64cc4c19b91389e2130cb818,68f2d95bd190740cfd6a29d4,ENQUEUED,0.6786114716565258,questions_in
2025-10-29T13:29:38.636895,PUBLISH,349cbea2fdfd4137bd45674bb5e99d1e,68f2d95bd190740cfd6a2fe0,ENQUEUED,0.133023800453313,questions_in
2025-10-29T13:29:40.961737,PUBLISH,245da9c41324488c98fe9af666acb6ee,68f2d95bd190740cfd6a2c79,ENQUEUED,2.316996754196104,questions_in
2025-10-29T13:29:41.015623,PUBLISH,72f3aed8db2e48d2a37854f4705ad5c8,68f2d95bd190740cfd6a2dcd,ENQUEUED,0.04917211516083825,questions_in
2025-10-29T13:29:41.929674,PUBLISH,7531240e97594137bce1f626100d500d,68f2d95bd190740cfd6a3611,ENQUEUED,0.9067123018321138,questions_in
2025-10-29T13:29:42.251949,PUBLISH,dc6308797594431a9a78908550f393f7,68f2d95bd190740cfd6a20ee,ENQUEUED,0.31678574847628915,questions_in
2025-10-29T13:29:42.560466,PUBLISH,c143a5620bdd4800aaf6fa2417f0ec50,68f2d95bd190740cfd6a279f,ENQUEUED,0.30325765415158995,questions_in
2025-10-29T13:29:43.433370,PUBLISH,c5e05f9ec02e45b2b49e104b799626ba,68f2d95bd190740cfd6a1d95,ENQUEUED,0.8650475037325984,questions_in
2025-10-29T13:29:43.708166,PUBLISH,b8178219789d4d65a47c4e0aa1dd8dd5,68f2d95bd190740cfd6a1f9e,ENQUEUED,0.2695836428549382,questions_in
2025-10-29T13:29:45.648399,PUBLISH,50e7fb71012747b28ffaa4d2a6d48667,68f2d95bd190740cfd6a2385,ENQUEUED,1.9332008050698233,questions_in
2025-10-29T13:29:45.986012,PUBLISH,3f5374c82629451f9a7b907c3fd34cf5,68f2d95bd190740cfd6a3188,ENQUEUED,0.3324363712517042,questions_in
2025-10-29T13:29:46.012243,PUBLISH,284af4543c2c457880f4f0460a26a3b8,68f2d95bd190740cfd6a4147,ENQUEUED,0.02073507341404135,questions_in
2025-10-29T13:29:46.261362,PUBLISH,ff014f31b8a140bcb7a8df952846f741,68f2d95bd190740cfd6a2300,ENQUEUED,0.2440393670298402,questions_in
2025-10-29T13:29:47.382038,PUBLISH,eb307e5db02d46cdbd0993437abc28d6,68f2d95bd190740cfd6a2380,ENQUEUED,1.1145367344612889,questions_in
2025-10-29T13:29:47.739205,PUBLISH,7cea5a2e09d34a62a010255ff5245720,68f2d95bd190740cfd6a4103,ENQUEUED,0.3555290417881478,questions_in
2025-10-29T13:29:48.414993,PUBLISH,c3e86db5ff554fe581e06e3b4da2964a,68f2d95bd190740cfd6a4195,ENQUEUED,0.673555349425519,questions_in
2025-10-29T13:29:51.241560,PUBLISH,7da34cff90c64ee9bdc46fe5a4675049,68f2d95bd190740cfd6a3f42,ENQUEUED,2.8180705154047643,questions_in
2025-10-29T13:29:51.256538,PUBLISH,149c3bb9d979481d98674108e730abc2,68f2d95bd190740cfd6a21de,ENQUEUED,0.01340023019741123,questions_in
2025-10-29T13:29:52.047745,PUBLISH,f7e047865bdd44f9a8bb89496f571909,68f2d95bd190740cfd6a29a9,ENQUEUED,0.7859549653309613,questions_in
2025-10-29T13:29:52.637372,PUBLISH,f3e7d40bdfe64e4f89233111e8c04bd1,68f2d95bd190740cfd6a3e1a,ENQUEUED,0.5839870839855547,questions_in
2025-10-29T13:29:52.928796,PUBLISH,94f1ede6f8e444b2bab4cdf591104d88,68f2d95bd190740cfd6a3e1c,ENQUEUED,0.28611529162171095,questions_in
2025-10-29T13:29:53.045242,PUBLISH,9ee3a07239194db9b0e7ef65485cdc8f,68f2d95bd190740cfd6a3697,ENQUEUED,0.11128573531714094,questions_in
2025-10-29T13:29:55.619794,PUBLISH,fb162f2ecb11487087b6cda60cd9271f,68f2d95bd190740cfd6a2840,ENQUEUED,2.567166152795022,questions_in
2025-10-29T13:29:55.926010,PUBLISH,fe64ba74b1e94d1e92ed8cb8c38a8455,68f2d95bd190740cfd6a1c01,ENQUEUED,0.30065668683814345,questions_in
2025-10-29T13:29:56.165791,PUBLISH,281d72c9eac0480c82d5d6a7c5f7ea9d,68f2d95bd190740cfd6a3cf3,ENQUEUED,0.23426436968059214,questions_in
2025-10-29T13:29:57.519871,PUBLISH,08a02ba4bf394846afb4cc536fa9bbf0,68f2d95bd190740cfd6a2960,ENQUEUED,1.3479349867588821,questions_in
2025-10-29T13:29:57.737287,PUBLISH,32a7be02551149cbb9856620cdb2fd6f,68f2d95bd190740cfd6a24b0,ENQUEUED,0.21231022517443032,questions_in
2025-10-29T13:29:58.030669,PUBLISH,15568ac341ef41c29bc57e7805a608ce,68f2d95bd190740cfd6a1fc2,ENQUEUED,0.2882342993925734,questions_in
2025-10-29T13:29:58.879486,PUBLISH,9f378992c0cd41548719a865dd7fe3d1,68f2d95bd190740cfd6a1d68,ENQUEUED,0.8429801821527757,questions_in
2025-10-29T13:29:59.006626,PUBLISH,715f63616c0449929e54a0d241f19ce6,68f2d95bd190740cfd6a2b53,ENQUEUED,0.12111010882462771,questions_in
2025-10-29T13:29:59.439247,PUBLISH,fdbc5c71e63042ea9f70d2238bcc1521,68f2d95bd190740cfd6a3ee3,ENQUEUED,0.425485250958675,questions_in
2025-10-29T13:30:00.309313,PUBLISH,c1dddbed672f4226a25cb1901b245b34,68f2d95bd190740cfd6a3f01,ENQUEUED,0.8680334058184139,questions_in
2025-10-29T13:30:00.451881,PUBLISH,420c72591795467bb4b07935c361ea7d,68f2d95bd190740cfd6a37d0,ENQUEUED,0.13523157585329437,questions_in
2025-10-29T13:30:01.325624,PUBLISH,da8078770053489f81906bd3b79f2a10,68f2d95bd190740cfd6a39d8,ENQUEUED,0.8713647388449269,questions_in
2025-10-29T13:30:03.134709,PUBLISH,280957887ddd4da38da294b645a0749a,68f2d95bd190740cfd6a328f,ENQUEUED,1.803035533608156,questions_in
2025-10-29T13:30:03.655446,PUBLISH,08d7d075cd7348898dfcb87916f27ae2,68f2d95bd190740cfd6a2564,ENQUEUED,0.518645038520643,questions_in
2025-10-29T13:30:03.925549,PUBLISH,83c0e8464926455f9abc662f41261258,68f2d95bd190740cfd6a3778,ENQUEUED,0.26519000986034197,questions_in
2025-10-29T13:30:05.482455,PUBLISH,63a69e7399b443508c442e99e380b832,68f2d95bd190740cfd6a3d5e,ENQUEUED,1.554341537842469,questions_in
2025-10-29T13:30:05.948263,PUBLISH,5b0369fd6da14f4c98e52725cf5a8014,68f2d95bd190740cfd6a2560,ENQUEUED,0.4600354467985126,questions_in
2025-10-29T13:30:06.077524,PUBLISH,4b52e413ed81486d861491043b911ebe,68f2d95bd190740cfd6a2968,ENQUEUED,0.12327281183621884,questions_in
2025-10-29T13:30:06.211653,PUBLISH,70d2e83610f44d1fbd96b002fc37ce13,68f2d95bd190740cfd6a35bf,ENQUEUED,0.12850126907442597,questions_in
2025-10-29T13:30:06.544410,PUBLISH,2bc51d71b2164c72932a9f512227e0df,68f2d95bd190740cfd6a204a,ENQUEUED,0.3266838517418871,questions_in
2025-10-29T13:30:06.557513,PUBLISH,27789aa4721044d090d558ab66061d92,68f2d95bd190740cfd6a3b19,ENQUEUED,0.010225577572808368,questions_in
2025-10-29T13:30:06.721417,PUBLISH,1313adaeafd249ad89d8fca6f0ef0f95,68f2d95bd190740cfd6a4172,ENQUEUED,0.16164243621232868,questions_in
2025-10-29T13:30:06.786807,PUBLISH,a75b3f90526b4041bbaa6d601d9dff26,68f2d95bd190740cfd6a3ef8,ENQUEUED,0.06274188054752367,questions_in
2025-10-29T13:30:07.222188,PUBLISH,1c472a90f47d41c79b2abf8e60d51e7d,68f2d95bd190740cfd6a2ce3,ENQUEUED,0.43018296786888593,questions_in
2025-10-29T13:30:08.798076,PUBLISH,07451bff5db14189b958931ea1d1f0b9,68f2d95bd190740cfd6a2ffe,ENQUEUED,1.5695510958002379,questions_in
2025-10-29T13:30:08.964371,PUBLISH,f173d5b5a4514061a185aa1235760f9a,68f2d95bd190740cfd6a2bdb,ENQUEUED,0.16095392045785437,questions_in
2025-10-29T13:30:09.417782,PUBLISH,a1e235f5fd1c48ec93ee620d02bd364e,68f2d95bd190740cfd6a2375,ENQUEUED,0.4483865650815142,questions_in
2025-10-29T13:30:09.774983,PUBLISH,d3586a5647114481abe9188b315eda18,68f2d95bd190740cfd6a2d5a,ENQUEUED,0.3525013322040976,questions_in
2025-10-29T13:30:10.177786,PUBLISH,95a168792b45405298145ece2a0e3556,68f2d95bd190740cfd6a412a,ENQUEUED,0.3980234881068503,questions_in
2025-10-29T13:30:10.346933,PUBLISH,a8acefdef88d400fa99e029736169697,68f2d95bd190740cfd6a1b46,ENQUEUED,0.16354689756645355,questions_in
2025-10-29T13:30:10.727801,PUBLISH,74864ce5f9774e96bbad7d19359d52cd,68f2d95bd190740cfd6a40ff,ENQUEUED,0.3777706573110306,questions_in
2025-10-29T13:30:10.912517,PUBLISH,91d0ff34182c4ddaa5766048d1e1dbe0,68f2d95bd190740cfd6a3596,ENQUEUED,0.17986508566177506,questions_in
2025-10-29T13:30:11.254924,PUBLISH,50e76f1692eb47cd97062399a316e4cf,68f2d95bd190740cfd6a33ca,ENQUEUED,0.3360657125888633,questions_in
2025-10-29T13:30:11.960871,PUBLISH,906c3dbf3d6a48929bcaf9fbecc21bbb,68f2d95bd190740cfd6a3823,ENQUEUED,0.6993893849273175,questions_in
2025-10-29T13:30:13.896357,PUBLISH,c0061e400cdd42619cc4b08aaafaf5b9,68f2d95bd190740cfd6a3392,ENQUEUED,1.929030175237733,questions_in
2025-10-29T13:30:14.434713,PUBLISH,c8329948c3b74aa9b5f5a51f17fdc74b,68f2d95bd190740cfd6a3bc1,ENQUEUED,0.5317198467529691,questions_in
2025-10-29T13:30:15.177778,PUBLISH,f909a295e6c745108369dcdac54a7ec7,68f2d95bd190740cfd6a2e7b,ENQUEUED,0.7404599066819683,questions_in
2025-10-29T13:30:15.382316,PUBLISH,8f681ed4e1e2488b8f0660f1aeb3cc13,68f2d95bd190740cfd6a2ea1,ENQUEUED,0.19948871725124637,questions_in
2025-10-29T13:30:16.167027,PUBLISH,16a4cd90b8e648f59e6091c3c7cc3ddf,68f2d95bd190740cfd6a36b5,ENQUEUED,0.7791323368482863,questions_in
2025-10-29T13:30:17.938802,PUBLISH,fdfbee76513b4b538b4079084bba417d,68f2d95bd190740cfd6a3e56,ENQUEUED,1.7659352043739147,questions_in
2025-10-29T13:30:18.670925,PUBLISH,b4c61ad5b9c54e13a0ea623953a89d27,68f2d95bd190740cfd6a1b2b,ENQUEUED,0.727144275680352,questions_in
2025-10-29T13:30:18.804683,PUBLISH,aa19e623be8444ab858f668b5a0b3f76,68f2d95bd190740cfd6a20e5,ENQUEUED,0.12892197207129452,questions_in
2025-10-29T13:30:19.238120,PUBLISH,2908d5220fbe4dbebe54008c8b179275,68f2d95bd190740cfd6a271e,ENQUEUED,0.4314806919875553,questions_in
2025-10-29T13:30:19.269393,PUBLISH,1275bde40015423294f683f55c527d92,68f2d95bd190740cfd6a295b,ENQUEUED,0.029623642084010415,questions_in
2025-10-29T13:30:19.279225,PUBLISH,048a65c8ef3c426bbbdc6eb45fb58924,68f2d95bd190740cfd6a34de,ENQUEUED,0.008343254199378931,questions_in
2025-10-29T13:30:19.938072,PUBLISH,17c197e93d1e42f0b63d3fe117cb76ae,68f2d95bd190740cfd6a2bfd,ENQUEUED,0.6531511825942544,questions_in
2025-10-29T13:30:20.068849,PUBLISH,a3efc05430d04a3d8143b08dbe9915b3,68f2d95bd190740cfd6a2a93,ENQUEUED,0.12441447438173542,questions_in
2025-10-29T13:30:20.369400,PUBLISH,5fdeb02865a94ea596b78d60e299980c,68f2d95bd190740cfd6a399e,ENQUEUED,0.2947386906251418,questions_in
2025-10-29T13:30:20.667012,PUBLISH,0cc667c0f13e42dbbdf31a179096f2ef,68f2d95bd190740cfd6a1d93,ENQUEUED,0.2923190226730316,questions_in
2025-10-29T13:30:20.754650,PUBLISH,b49285f8ecd04a54b0cf2c759cfdfa19,68f2d95bd190740cfd6a3d16,ENQUEUED,0.08256833324996705,questions_in
2025-10-29T13:30:21.103310,PUBLISH,2cec747e6b664af7859bc910ee69c3c4,68f2d95bd190740cfd6a33f2,ENQUEUED,0.34268894033868325,questions_in
2025-10-29T13:30:21.403353,PUBLISH,1f99efd686474a02a70bd3e01380e62b,68f2d95bd190740cfd6a348d,ENQUEUED,0.2939517315137716,questions_in
2025-10-29T13:30:24.193186,PUBLISH,f7c2be7eebab41e08e2d80ed0184f1d2,68f2d95bd190740cfd6a268b,ENQUEUED,2.780433766130242,questions_in
2025-10-29T13:30:24.435226,PUBLISH,04a61948ddae435ea3272d21dba556ab,68f2d95bd190740cfd6a36e2,ENQUEUED,0.2365773139939034,questions_in
2025-10-29T13:30:24.756839,PUBLISH,9b4b48a9f4d74740ae25a2dd253a4f15,68f2d95bd190740cfd6a3b06,ENQUEUED,0.31502696135411895,questions_in
2025-10-29T13:30:24.835692,PUBLISH,b576b51f2b144b6d8c8ec61401e0d874,68f2d95bd190740cfd6a3287,ENQUEUED,0.07363926876991213,questions_in
2025-10-29T13:30:25.594415,PUBLISH,45a73151b0fb417e8478faa402cb8347,68f2d95bd190740cfd6a25cc,ENQUEUED,0.7570151000400743,questions_in
2025-10-29T13:30:26.100901,PUBLISH,11582607c9c941cea935f5029028ffe4,68f2d95bd190740cfd6a3e4c,ENQUEUED,0.5008820905126247,questions_in
2025-10-29T13:30:27.453282,PUBLISH,d22bf248af4a48478bb7c44299f620ed,68f2d95bd190740cfd6a23a9,ENQUEUED,1.3458847411668637,questions_in
2025-10-29T13:30:27.460331,PUBLISH,630f3d63f7a94cd2b59ef27e809c6a56,68f2d95bd190740cfd6a3e5b,ENQUEUED,0.002139019514960604,questions_in
2025-10-29T13:30:27.546911,PUBLISH,906a643d2c4642b7a9c9a4c782a23d88,68f2d95bd190740cfd6a3bcd,ENQUEUED,0.08174397918141621,questions_in
2025-10-29T13:30:28.785819,PUBLISH,c9e67b4656974989bb736fb103869499,68f2d95bd190740cfd6a1e95,ENQUEUED,1.2364668945059605,questions_in
2025-10-29T13:30:29.264425,PUBLISH,66ce84c07a9c4d1990266272fbe9db93,68f2d95bd190740cfd6a4094,ENQUEUED,0.4730115294158672,questions_in
2025-10-29T13:30:29.301923,PUBLISH,f0d895e381c04ed589db7d1c3e29285b,68f2d95bd190740cfd6a2e9e,ENQUEUED,0.030482993453932114,questions_in
2025-10-29T13:30:29.337730,PUBLISH,ceb5897577244d8cacee999a06814396,68f2d95bd190740cfd6a28a0,ENQUEUED,0.03056260011079259,questions_in
2025-10-29T13:30:29.603160,PUBLISH,b3430ab4f859418392dc4963b68eb180,68f2d95bd190740cfd6a35f4,ENQUEUED,0.26033653174733057,questions_in
2025-10-29T13:30:29.909931,PUBLISH,cd32c3ecbe3f4a7585eb2a6b938d1f5c,68f2d95bd190740cfd6a383c,ENQUEUED,0.301630222664516,questions_in
2025-10-29T13:30:30.428899,PUBLISH,63727f0c21a64dffbc829d8ac337180f,68f2d95bd190740cfd6a3c84,ENQUEUED,0.5138924607081743,questions_in
2025-10-29T13:30:30.629860,PUBLISH,2a804be942464013988f26af86fe9aae,68f2d95bd190740cfd6a1ec5,ENQUEUED,0.19543857032747716,questions_in
2025-10-29T13:30:31.691767,PUBLISH,dcb28a59879b45609c7c6f45da715027,68f2d95bd190740cfd6a4096,ENQUEUED,1.0542304566334002,questions_in
2025-10-29T13:30:32.292039,PUBLISH,92999f25158a4b4abc22b74a0a653bc2,68f2d95bd190740cfd6a2dfc,ENQUEUED,0.5937234248314686,questions_in
2025-10-29T13:30:32.616073,PUBLISH,35cc56497473490ab4dd3e9332ea10b6,68f2d95bd190740cfd6a23af,ENQUEUED,0.3180424509877093,questions_in
2025-10-29T13:30:33.097070,PUBLISH,e88c7682559344c1baf760a5149b43c9,68f2d95bd190740cfd6a3c4a,ENQUEUED,0.4760020030203928,questions_in
2025-10-29T13:30:33.479278,PUBLISH,de216b1a556a4cd48e415ed9cedd46e9,68f2d95bd190740cfd6a249b,ENQUEUED,0.3760435197600232,questions_in
2025-10-29T13:30:34.003175,PUBLISH,3c3d23e5480745ca984af35f61584ea0,68f2d95bd190740cfd6a2436,ENQUEUED,0.5179528285387124,questions_in
2025-10-29T13:30:35.012518,PUBLISH,4ac1684e5db04699bad959c64bb07f48,68f2d95bd190740cfd6a26b9,ENQUEUED,1.003537855716662,questions_in
2025-10-29T13:30:35.643040,PUBLISH,fdac3aca5cbf43149f4ae7aad409689d,68f2d95bd190740cfd6a3f58,ENQUEUED,0.623620184898032,questions_in
2025-10-29T13:30:36.451805,PUBLISH,3b76b782fe3b43dcbe8048e792e55600,68f2d95bd190740cfd6a2eb0,ENQUEUED,0.8024252591349749,questions_in
2025-10-29T13:30:36.857217,PUBLISH,ba437a20394748f8a2e6dca64cd69b80,68f2d95bd190740cfd6a3fd0,ENQUEUED,0.39941761292480543,questions_in
2025-10-29T13:30:37.584051,PUBLISH,4b9b00ce8f2440b9af65409317469460,68f2d95bd190740cfd6a3133,ENQUEUED,0.7208482845545477,questions_in
2025-10-29T13:30:37.806187,PUBLISH,48139f4500824f5786ba458189b5c0b8,68f2d95bd190740cfd6a2eda,ENQUEUED,0.21570309073551128,questions_in
2025-10-29T13:30:38.430315,PUBLISH,08e2f9e1a9ea4a28a9a4068cba32103d,68f2d95bd190740cfd6a3d9c,ENQUEUED,0.6178370613496694,questions_in
2025-10-29T13:30:41.577735,PUBLISH,365dff6326324962b92534d92153373c,68f2d95bd190740cfd6a29e3,ENQUEUED,3.1396764473232004,questions_in
2025-10-29T13:30:46.153540,PUBLISH,5e5124292e73460fb501ff5eeb10b717,68f2d95bd190740cfd6a2336,ENQUEUED,4.566217622826808,questions_in
2025-10-29T13:30:46.340710,PUBLISH,73032cadc28d49749b1c9289f9d1bad3,68f2d95bd190740cfd6a22d2,ENQUEUED,0.18193599976572597,questions_in
2025-10-29T13:30:46.548749,PUBLISH,95c6855c86c04af1aaff17076cee70b8,68f2d95bd190740cfd6a3fda,ENQUEUED,0.20249281725182822,questions_in
2025-10-29T13:30:47.746244,PUBLISH,e7d0c9c448114d7aa6d171b7b8d4ec7e,68f2d95bd190740cfd6a2ae0,ENQUEUED,1.191075695576602,questions_in
2025-10-29T13:30:47.757403,PUBLISH,231eea9f92614f2a88c857f5b99bef91,68f2d95bd190740cfd6a2c1c,ENQUEUED,0.0058822712431686,questions_in
2025-10-29T13:30:47.776929,PUBLISH,4ad4fe290c924267abb7104505421a3a,68f2d95bd190740cfd6a3feb,ENQUEUED,0.017890707042528035,questions_in
2025-10-29T13:30:48.535510,PUBLISH,e360b9ec67a24aa2b06bd1de1720f866,68f2d95bd190740cfd6a3d75,ENQUEUED,0.7529159170758516,questions_in
2025-10-29T13:30:48.987907,PUBLISH,ac20a1a7d7794f0689f7f082f10f69b3,68f2d95bd190740cfd6a3660,ENQUEUED,0.44730140827735937,questions_in
2025-10-29T13:30:50.321290,PUBLISH,c19385aac9d1452fb2cfe34abf408a69,68f2d95bd190740cfd6a286e,ENQUEUED,1.3308778022355432,questions_in
2025-10-29T13:30:50.355577,PUBLISH,6c49818fb5454c79a578843b0dca5a62,68f2d95bd190740cfd6a4023,ENQUEUED,0.03245753505927436,questions_in
2025-10-29T13:30:50.546428,PUBLISH,872667af60694673abeffcd0438d27e2,68f2d95bd190740cfd6a25eb,ENQUEUED,0.18602313261504536,questions_in
2025-10-29T13:30:51.082666,PUBLISH,0923be5eef2f475992a3d12a97c9d1bc,68f2d95bd190740cfd6a3f92,ENQUEUED,0.5305692949778851,questions_in
2025-10-29T13:30:51.437547,PUBLISH,edf536a2b7e34a9ab262817567a7818c,68f2d95bd190740cfd6a1f3a,ENQUEUED,0.34888745728297427,questions_in
2025-10-29T13:30:52.464679,PUBLISH,fbc46f72d7154378b7bbd4aa0ac2cd7b,68f2d95bd190740cfd6a3e60,ENQUEUED,1.0203532882182837,questions_in
2025-10-29T13:30:53.177013,PUBLISH,6e18adf4858a46708152ccf100c9214b,68f2d95bd190740cfd6a4188,ENQUEUED,0.7069104583926421,questions_in
2025-10-29T13:30:53.437049,PUBLISH,530e34c72ec2441d9cbc3de655aa78f7,68f2d95bd190740cfd6a2d4f,ENQUEUED,0.2585206722352155,questions_in
2025-10-29T13:30:53.853123,PUBLISH,fc3bc6c0960641e7a8821d8da1559b95,68f2d95bd190740cfd6a2fc0,ENQUEUED,0.41026098724339605,questions_in
2025-10-29T13:30:55.844995,PUBLISH,419c7076c5c94742820c27e08a59a39b,68f2d95bd190740cfd6a1c68,ENQUEUED,1.9838631241325533,questions_in
2025-10-29T13:30:55.998771,PUBLISH,c8515d2bc2044d8fa8e448faa4f9daa9,68f2d95bd190740cfd6a38bf,ENQUEUED,0.14869903164786627,questions_in
2025-10-29T13:30:56.322455,PUBLISH,534578fa654c42cabe7721ea47d9488b,68f2d95bd190740cfd6a24af,ENQUEUED,0.3183636436943897,questions_in
2025-10-29T13:30:56.914375,PUBLISH,c1b61b0ac8df42b489141695494a839f,68f2d95bd190740cfd6a3a72,ENQUEUED,0.5884851934642978,questions_in
2025-10-29T13:30:57.629373,PUBLISH,d3c75b9df1784e5ea56f6a985764d992,68f2d95bd190740cfd6a3a5d,ENQUEUED,0.7091767854722888,questions_in
2025-10-29T13:30:57.750557,PUBLISH,5cc61bebb6334a2797926faf3a8d6b9c,68f2d95bd190740cfd6a36a9,ENQUEUED,0.11637204371515482,questions_in
2025-10-29T13:30:58.368785,PUBLISH,c636b439f6ea4edaa9477777ac09539b,68f2d95bd190740cfd6a3a62,ENQUEUED,0.6162802460849831,questions_in
2025-10-29T13:31:01.113673,PUBLISH,d1cc044a537048e990b6f96207b215a1,68f2d95bd190740cfd6a2c72,ENQUEUED,2.737039904933646,questions_in
2025-10-29T13:31:01.215443,PUBLISH,1cd092365abe4667806d8c925e533479,68f2d95bd190740cfd6a3b36,ENQUEUED,0.09481884422617624,questions_in
2025-10-29T13:31:01.233120,PUBLISH,3987519197464280866b3688d431cf2c,68f2d95bd190740cfd6a2d23,ENQUEUED,0.016207274865531425,questions_in
2025-10-29T13:31:01.374960,PUBLISH,0310e265a43647848d530d62dcfca3f8,68f2d95bd190740cfd6a248f,ENQUEUED,0.13673345416246319,questions_in
2025-10-29T13:31:01.520140,PUBLISH,d74dcd9e9af94e00ae999c16f7784624,68f2d95bd190740cfd6a2cff,ENQUEUED,0.1387652655468812,questions_in
2025-10-29T13:31:02.262630,PUBLISH,c69a849502fb4dd29c172d924696f9c1,68f2d95bd190740cfd6a3894,ENQUEUED,0.736952156485373,questions_in
2025-10-29T13:31:02.811209,PUBLISH,6240c3f0b89745d8b2dfc710c151e94b,68f2d95bd190740cfd6a20a7,ENQUEUED,0.5428261877502635,questions_in
2025-10-29T13:31:03.615358,PUBLISH,2115caf22fcf49329dc6860600fda29d,68f2d95bd190740cfd6a2c7b,ENQUEUED,0.797906066309925,questions_in
2025-10-29T13:31:04.177520,PUBLISH,dd39e363b13d4059a0308d33615d9120,68f2d95bd190740cfd6a3aca,ENQUEUED,0.5567849179495151,questions_in
2025-10-29T13:31:04.613088,PUBLISH,f94765b9619b43298a8c5197958ea618,68f2d95bd190740cfd6a3333,ENQUEUED,0.43025123166830753,questions_in
2025-10-29T13:31:04.762720,PUBLISH,a84f012cdcbc4e22ae7e3d7dd74d0972,68f2d95bd190740cfd6a1e7e,ENQUEUED,0.1445054932653249,questions_in
2025-10-29T13:31:05.746737,PUBLISH,80a9e8d6aea2429aaf7225139f736361,68f2d95bd190740cfd6a28f6,ENQUEUED,0.9791715674351807,questions_in
2025-10-29T13:31:05.829451,PUBLISH,05a5b1445d9a48a5ad0b88509773978f,68f2d95bd190740cfd6a3692,ENQUEUED,0.07750217291834541,questions_in
2025-10-29T13:31:05.880256,PUBLISH,39ff1250382645efa35aa3165108b8c6,68f2d95bd190740cfd6a296b,ENQUEUED,0.0479892081272,questions_in
2025-10-29T13:31:06.004636,PUBLISH,41265a495ad64fa3bab946ed2bdb7b52,68f2d95bd190740cfd6a3729,ENQUEUED,0.11819800087785902,questions_in
2025-10-29T13:31:07.481435,PUBLISH,0dd2478c3e144c9589fd868c539d9183,68f2d95bd190740cfd6a3452,ENQUEUED,1.470918659676313,questions_in
2025-10-29T13:31:08.686213,PUBLISH,942603d3dc114c2c97ce20396bfdc30e,68f2d95bd190740cfd6a3136,ENQUEUED,1.198364661087946,questions_in
2025-10-29T13:31:10.191389,PUBLISH,f4471e3bf7d443e38132bb4d2a055bdd,68f2d95bd190740cfd6a41a2,ENQUEUED,1.5031772159050263,questions_in
2025-10-29T13:31:10.693808,PUBLISH,56a51a39a25b4bf6abef58bc89262341,68f2d95bd190740cfd6a21e5,ENQUEUED,0.4964456157753832,questions_in
2025-10-29T13:31:11.478937,PUBLISH,99090f67d98d4161bf495c023a44ae86,68f2d95bd190740cfd6a30c4,ENQUEUED,0.7789270184842138,questions_in
2025-10-29T13:31:12.639541,PUBLISH,3efb53c1072f4a65a1c090852b6cac2a,68f2d95bd190740cfd6a1ee2,ENQUEUED,1.154792428223115,questions_in
2025-10-29T13:31:13.550896,PUBLISH,fe594a0ed219443e9b78a5465f2ea84b,68f2d95bd190740cfd6a2b1d,ENQUEUED,0.9055138941554356,questions_in
2025-10-29T13:31:14.220132,PUBLISH,7d0f05144566419abf829654137f8f73,68f2d95bd190740cfd6a41d9,ENQUEUED,0.6635501723702321,questions_in
2025-10-29T13:31:15.072679,PUBLISH,0523daf169b74303ac48d0a052b068ea,68f2d95bd190740cfd6a3520,ENQUEUED,0.8469850361271251,questions_in
2025-10-29T13:31:15.082309,PUBLISH,3933630fac8f4a0286c8385c71534db3,68f2d95bd190740cfd6a3028,ENQUEUED,0.0045723207134011155,questions_in
2025-10-29T13:31:15.819479,PUBLISH,ec284080c952473ba227a4f1598cf505,68f2d95bd190740cfd6a2442,ENQUEUED,0.7311884933849826,questions_in
2025-10-29T13:31:16.039324,PUBLISH,d003a0bdda644a25b32003915c2893ca,68f2d95bd190740cfd6a273b,ENQUEUED,0.2139554873021553,questions_in
2025-10-29T13:31:16.160495,PUBLISH,e9c2abf7e34a47dcbda353d5e14862cc,68f2d95bd190740cfd6a2cd1,ENQUEUED,0.11618735339531334,questions_in
2025-10-29T13:31:17.844507,PUBLISH,9d196a309ea74892bbd4e25199ec1f26,68f2d95bd190740cfd6a24df,ENQUEUED,1.6779844054243325,questions_in
2025-10-29T13:31:18.242044,PUBLISH,e7cc94ef9e7642f4b48bdc822fd55ad2,68f2d95bd190740cfd6a3fe7,ENQUEUED,0.39187623932893345,questions_in
2025-10-29T13:31:19.558780,PUBLISH,154b60c65f1f4d879648e54f88bfbe8f,68f2d95bd190740cfd6a3d16,ENQUEUED,1.3106199600642359,questions_in
2025-10-29T13:31:21.167174,PUBLISH,40b066d398a44fd389692805b615acca,68f2d95bd190740cfd6a3fb2,ENQUEUED,1.601744956130176,questions_in
2025-10-29T13:31:21.211899,PUBLISH,09a733f4640940a9b29a1e408ea87efe,68f2d95bd190740cfd6a1f0b,ENQUEUED,0.03788013318163553,questions_in
2025-10-29T13:31:21.592499,PUBLISH,a48c5961a1404e6ea5545f959336e46a,68f2d95bd190740cfd6a241c,ENQUEUED,0.3752373922687369,questions_in
2025-10-29T13:31:23.100791,PUBLISH,7cf4dfada7d54435aca0ec67ce1f4bf5,68f2d95bd190740cfd6a35c6,ENQUEUED,1.5002529407409082,questions_in
2025-10-29T13:31:24.621012,PUBLISH,b6b59ea71cd648ab809a084abc2b26dc,68f2d95bd190740cfd6a344e,ENQUEUED,1.5142750658599906,questions_in
2025-10-29T13:31:24.829289,PUBLISH,fc1b7b3726af4bd1ac7b10e84e6c3839,68f2d95bd190740cfd6a20c1,ENQUEUED,0.20307949727484523,questions_in
2025-10-29T13:31:25.519958,PUBLISH,36f1ef2df78941a5bffddf0afdd60cd7,68f2d95bd190740cfd6a3922,ENQUEUED,0.6837399837004016,questions_in
2025-10-29T13:31:25.631802,PUBLISH,df7bc0c1df5e43fca63313c1f51cdae0,68f2d95bd190740cfd6a2bce,ENQUEUED,0.1070272191467444,questions_in
2025-10-29T13:31:25.647253,PUBLISH,a734f3916f79409e9241d72872549008,68f2d95bd190740cfd6a25dc,ENQUEUED,0.013849944669612264,questions_in
2025-10-29T13:31:25.668150,PUBLISH,3dbb7996cfd24220b0399070c29b5f92,68f2d95bd190740cfd6a37e1,ENQUEUED,0.019402259772403764,questions_in
2025-10-29T13:31:27.379774,PUBLISH,7d3fb17d7576483385f62ce013efd7ec,68f2d95bd190740cfd6a1fd2,ENQUEUED,1.7052135396794992,questions_in
2025-10-29T13:31:28.475684,PUBLISH,fdef422cd2ff4d4ca16e7d27089b90f5,68f2d95bd190740cfd6a40f6,ENQUEUED,1.0930675459179076,questions_in
2025-10-29T13:31:29.270378,PUBLISH,1a239e32cea643c6b8012ae9291b63d0,68f2d95bd190740cfd6a22da,ENQUEUED,0.78932337639376,questions_in
2025-10-29T13:31:30.061132,PUBLISH,4b62555d1edd46ea919fbe1e4fbf9e8f,68f2d95bd190740cfd6a2016,ENQUEUED,0.7874830643143486,questions_in
2025-10-29T13:31:30.119523,PUBLISH,75fea22330884eeda3893e4b4dd9466d,68f2d95bd190740cfd6a20c9,ENQUEUED,0.05575658462621146,questions_in
2025-10-29T13:31:31.953686,PUBLISH,544956bdef6f41759c518b6f8e56a899,68f2d95bd190740cfd6a35a3,ENQUEUED,1.8282055126386554,questions_in
2025-10-29T13:31:32.126315,PUBLISH,19b12d10d1d241b3b6c2f2d4396f89a0,68f2d95bd190740cfd6a1c48,ENQUEUED,0.16740486629805174,questions_in
2025-10-29T13:31:32.945354,PUBLISH,e08ef3d09dee425daae2fcb9134d4dd6,68f2d95bd190740cfd6a2984,ENQUEUED,0.8129267089555895,questions_in
2025-10-29T13:31:33.625291,PUBLISH,bd207994772643d08f57bfbb799033ed,68f2d95bd190740cfd6a3e27,ENQUEUED,0.6783253661681233,questions_in
2025-10-29T13:31:33.685021,PUBLISH,2f07469efa754271a7d4a1118c39b517,68f2d95bd190740cfd6a2648,ENQUEUED,0.05426848844324995,questions_in
2025-10-29T13:31:33.897619,PUBLISH,04a441af01f8424d9b26de50425dae28,68f2d95bd190740cfd6a28ae,ENQUEUED,0.2064549981623616,questions_in
2025-10-29T13:31:34.845702,PUBLISH,d492f8d4e3854bfaba39f59a7eaffb3c,68f2d95bd190740cfd6a3410,ENQUEUED,0.9429803264721893,questions_in
2025-10-29T13:31:34.856769,PUBLISH,2f7f9d55ae444644a67b8978020eb9ec,68f2d95bd190740cfd6a3fe9,ENQUEUED,0.009725607763068007,questions_in
2025-10-29T13:31:35.214279,PUBLISH,c8214c59d6844829b10e62bcf9a6579d,68f2d95bd190740cfd6a4164,ENQUEUED,0.35249795686401303,questions_in
2025-10-29T13:31:35.498378,PUBLISH,fd0edd0769624b13ac70347f179b0828,68f2d95bd190740cfd6a3c09,ENQUEUED,0.27549958965744686,questions_in
2025-10-29T13:31:35.940211,PUBLISH,7470bb18dce6485c9239be1b91fd2318,68f2d95bd190740cfd6a36cd,ENQUEUED,0.436512468303405,questions_in
2025-10-29T13:31:38.375717,PUBLISH,6418105cb3fc4f68ac8424752a4bd312,68f2d95bd190740cfd6a348d,ENQUEUED,2.4310869030536546,questions_in
2025-10-29T13:31:38.809496,PUBLISH,5f56825acdb34628bc416bbb2e87f5a1,68f2d95bd190740cfd6a1c6c,ENQUEUED,0.4288708015061607,questions_in
2025-10-29T13:31:40.369727,PUBLISH,492e830592e446959aa76c35278038bc,68f2d95bd190740cfd6a1eef,ENQUEUED,1.5569027591246272,questions_in
2025-10-29T13:31:40.743560,PUBLISH,ef5e81cb3a714b5cbff536e2b33aa1fe,68f2d95bd190740cfd6a31d1,ENQUEUED,0.3713429322772072,questions_in
2025-10-29T13:31:42.127036,PUBLISH,0a9211e073dd42b8b4ad9fe057643ccc,68f2d95bd190740cfd6a2f0e,ENQUEUED,1.3772546580008813,questions_in
2025-10-29T13:31:43.141193,PUBLISH,91931ba909784078b59219a81dfd5676,68f2d95bd190740cfd6a1ec9,ENQUEUED,1.0119232923634804,questions_in
2025-10-29T13:31:45.256891,PUBLISH,088c37560d674871be7ddf5d829cbaaf,68f2d95bd190740cfd6a1e23,ENQUEUED,2.1076789549976325,questions_in
2025-10-29T13:31:45.264873,PUBLISH,b4919832cc9349f3995b329e203acdf0,68f2d95bd190740cfd6a20ca,ENQUEUED,0.002484414973339818,questions_in
2025-10-29T13:31:45.293754,PUBLISH,6587eac65aa448689b2f745556d74838,68f2d95bd190740cfd6a1ee0,ENQUEUED,0.02327171970793519,questions_in
2025-10-29T13:31:46.339380,PUBLISH,050249403de34d9eb7922aa7e97170cf,68f2d95bd190740cfd6a3a6c,ENQUEUED,1.043956520800829,questions_in
2025-10-29T13:31:47.732914,PUBLISH,fff7cce99d324fb58ebe890dca8c5340,68f2d95bd190740cfd6a28b8,ENQUEUED,1.3904637576420438,questions_in
2025-10-29T13:31:48.397355,PUBLISH,d0dd9a2ad25747e0b51795c9ad895c7a,68f2d95bd190740cfd6a2845,ENQUEUED,0.6576355574788507,questions_in
2025-10-29T13:31:48.745301,PUBLISH,65983da0621e4fd6b35b2a87e76dd989,68f2d95bd190740cfd6a35ae,ENQUEUED,0.34184493103382163,questions_in
2025-10-29T13:31:49.355299,PUBLISH,36d5a70b0bc64104b1a56622a87828e7,68f2d95bd190740cfd6a3184,ENQUEUED,0.6043009071826645,questions_in
2025-10-29T13:31:49.583289,PUBLISH,38ce816c24d8415b862e56c59e305147,68f2d95bd190740cfd6a22d9,ENQUEUED,0.2222943632267866,questions_in
2025-10-29T13:31:49.991145,PUBLISH,061636ba11ab40ff8b8da295bb5c8270,68f2d95bd190740cfd6a2af1,ENQUEUED,0.40252122604693485,questions_in
2025-10-29T13:31:51.612813,PUBLISH,977c0a33f38742379d17b52c1ab5fc50,68f2d95bd190740cfd6a3eff,ENQUEUED,1.6158014288326294,questions_in
2025-10-29T13:31:51.752943,PUBLISH,29d9406e459e4049af603c1dafb2eabc,68f2d95bd190740cfd6a31e3,ENQUEUED,0.13467930865679204,questions_in
2025-10-29T13:31:51.990487,PUBLISH,0f17c1d91cda4d5ea978a8c0effa6b9e,68f2d95bd190740cfd6a1f4b,ENQUEUED,0.23122146671913948,questions_in
2025-10-29T13:31:52.339224,PUBLISH,58d9b5c232d644bea39e656516b477a3,68f2d95bd190740cfd6a23ff,ENQUEUED,0.34220917632446207,questions_in
2025-10-29T13:31:52.559089,PUBLISH,68586a15a04a4798bb7a8a161ae3c796,68f2d95bd190740cfd6a3bda,ENQUEUED,0.21809270036875136,questions_in
2025-10-29T13:31:53.959489,PUBLISH,ae57777ba2944f5397cf19ccee040013,68f2d95bd190740cfd6a1eae,ENQUEUED,1.3942288665915024,questions_in
2025-10-29T13:31:54.855235,PUBLISH,5fb5db6a5b86428a94865bd77a9f8b2f,68f2d95bd190740cfd6a3bf8,ENQUEUED,0.8897930556094802,questions_in
2025-10-29T13:31:55.237060,PUBLISH,b037d3b508ff44588a3bc58b84634a0b,68f2d95bd190740cfd6a2edc,ENQUEUED,0.37623869586063413,questions_in
2025-10-29T13:31:56.770324,PUBLISH,86be47d2b8b444ae827dff1ce94e1ae1,68f2d95bd190740cfd6a245e,ENQUEUED,1.5267898198372765,questions_in
2025-10-29T13:31:56.972321,PUBLISH,0046bf70cfcc4720ab954fc515c2b6a3,68f2d95bd190740cfd6a2ce4,ENQUEUED,0.19689563876204338,questions_in
2025-10-29T13:31:57.675878,PUBLISH,1cd8335f9a6448c2994ff71541702490,68f2d95bd190740cfd6a29d8,ENQUEUED,0.6984553475480947,questions_in
2025-10-29T13:31:57.873596,PUBLISH,3977e66cd8c9495f8a10070f915dd6f1,68f2d95bd190740cfd6a1ed4,ENQUEUED,0.1924741636461369,questions_in
2025-10-29T13:31:58.028706,PUBLISH,1f1720e53e394ce99e080f1b325287db,68f2d95bd190740cfd6a3ce4,ENQUEUED,0.1501512585901313,questions_in
2025-10-29T13:31:58.516940,PUBLISH,0760a01cc91e49f7a4eb9fbfe847b7f5,68f2d95bd190740cfd6a2878,ENQUEUED,0.4832010800943319,questions_in
2025-10-29T13:31:59.878539,PUBLISH,1d0822d1e6a441ee8d159eb5f758b56b,68f2d95bd190740cfd6a3de6,ENQUEUED,1.3550215232350347,questions_in
2025-10-29T13:32:00.395100,PUBLISH,7d9d37ebb4414fcaa08f84d93d3f26a1,68f2d95bd190740cfd6a3979,ENQUEUED,0.5112056515320679,questions_in
2025-10-29T13:32:01.082840,PUBLISH,cfef908b63904be3bda9077375f1d564,68f2d95bd190740cfd6a2fa7,ENQUEUED,0.6825446300759249,questions_in
2025-10-29T13:32:01.122733,PUBLISH,014e1dee061f4266a817d0451bcd3d9d,68f2d95bd190740cfd6a361f,ENQUEUED,0.03393549532058583,questions_in
2025-10-29T13:32:01.540136,PUBLISH,5c0d79210f104a7c8f651c296a34072e,68f2d95bd190740cfd6a3f9e,ENQUEUED,0.4118313511029266,questions_in
2025-10-29T13:32:02.049489,PUBLISH,5f9df915c9734b35825fc24fecee81f2,68f2d95bd190740cfd6a38b4,ENQUEUED,0.5028710904529038,questions_in
2025-10-29T13:32:02.076367,PUBLISH,78e82fa4fd104e84b6ae75f1367971b8,68f2d95bd190740cfd6a3ca4,ENQUEUED,0.02495144049100086,questions_in
2025-10-29T13:32:02.090650,PUBLISH,a50d8fb467d44463b4b2da0bc636a444,68f2d95bd190740cfd6a249d,ENQUEUED,0.012901533962873484,questions_in
2025-10-29T13:32:03.208849,PUBLISH,fd81e05381994c4f95e9fad6223eab46,68f2d95bd190740cfd6a3be7,ENQUEUED,1.1131255754085398,questions_in
2025-10-29T13:32:04.003539,PUBLISH,72e9dab59ae64f939e4551c447731545,68f2d95bd190740cfd6a394f,ENQUEUED,0.7880285955652738,questions_in
2025-10-29T13:32:04.878148,PUBLISH,8106da39d85c4fbc9d47a1448db184b8,68f2d95bd190740cfd6a3d81,ENQUEUED,0.8695369676283486,questions_in
2025-10-29T13:32:04.953684,PUBLISH,bdeb77586cd24df88e5ae62ab3d1a61b,68f2d95bd190740cfd6a2b32,ENQUEUED,0.0711086455367637,questions_in
2025-10-29T13:32:05.321797,PUBLISH,c1787f9b0bba46d387773989a9c56382,68f2d95bd190740cfd6a1f09,ENQUEUED,0.3633051819516783,questions_in
2025-10-29T13:32:05.456992,PUBLISH,1b61a14de8854a3d9b69044f76268329,68f2d95bd190740cfd6a1f95,ENQUEUED,0.12990991309451777,questions_in
2025-10-29T13:32:06.530816,PUBLISH,e1188f5cc3964feab0ce048112763290,68f2d95bd190740cfd6a1df0,ENQUEUED,1.071720013372059,questions_in
2025-10-29T13:32:07.005756,PUBLISH,f39972a0e55a4ace8c1a4c4af01d1eea,68f2d95bd190740cfd6a34ca,ENQUEUED,0.47004354836203593,questions_in
2025-10-29T13:32:08.304991,PUBLISH,c46957660c0a4efc96e5dda87d8dd9d2,68f2d95bd190740cfd6a1f79,ENQUEUED,1.2937570814711796,questions_in
2025-10-29T13:32:08.322766,PUBLISH,934d0ce668c64315b509c183ff06b2d5,68f2d95bd190740cfd6a345c,ENQUEUED,0.01603005437332761,questions_in
2025-10-29T13:32:08.695884,PUBLISH,cb15ab9fe2464b9cba91a47e7bfd7690,68f2d95bd190740cfd6a37ed,ENQUEUED,0.3664245835133595,questions_in
2025-10-29T13:32:08.827302,PUBLISH,d159ed442334499abe521258c758018b,68f2d95bd190740cfd6a3db3,ENQUEUED,0.12624135860498967,questions_in
2025-10-29T13:32:09.206524,PUBLISH,60fae611e4d34efca02dc68eefd724bb,68f2d95bd190740cfd6a22d2,ENQUEUED,0.374301486309329,questions_in
2025-10-29T13:32:09.225727,PUBLISH,62d49d9dfe60480996555a59b4cf3fd0,68f2d95bd190740cfd6a1c25,ENQUEUED,0.01763795380589894,questions_in
2025-10-29T13:32:09.367791,PUBLISH,bb144811c8c64989825ba69c6bf54b35,68f2d95bd190740cfd6a1e51,ENQUEUED,0.13748782988927846,questions_in
2025-10-29T13:32:09.576642,PUBLISH,1206b28ba5ac48c68f1ce0be99c7d355,68f2d95bd190740cfd6a2099,ENQUEUED,0.20694637851782652,questions_in
2025-10-29T13:32:10.695645,PUBLISH,8b70b70dd4a049edaba79026872570c9,68f2d95bd190740cfd6a41d9,ENQUEUED,1.1169125849193138,questions_in
2025-10-29T13:32:10.785607,PUBLISH,6192cb96e3bc44e5b4eefb250bf10c56,68f2d95bd190740cfd6a2765,ENQUEUED,0.08486084240773756,questions_in
2025-10-29T13:32:11.653221,PUBLISH,5797403e8e584d0cbf77fdfdd6162187,68f2d95bd190740cfd6a41b4,ENQUEUED,0.8623537522210977,questions_in
2025-10-29T13:32:11.883936,PUBLISH,4665ac5c33424a168d3733b2d68ea53c,68f2d95bd190740cfd6a363f,ENQUEUED,0.22549694350254626,questions_in
2025-10-29T13:32:12.081246,PUBLISH,881ac9fac3ff4a83a00ae25b56681c28,68f2d95bd190740cfd6a392f,ENQUEUED,0.19204292415707339,questions_in
2025-10-29T13:32:12.790077,PUBLISH,d4ba9ec90fc04fc2b7841c90ecf99532,68f2d95bd190740cfd6a3985,ENQUEUED,0.7032415285178043,questions_in
2025-10-29T13:32:13.265131,PUBLISH,cda272f4d0fb4bc0a24727b76fe73270,68f2d95bd190740cfd6a32aa,ENQUEUED,0.46975833676557216,questions_in
2025-10-29T13:32:13.344419,PUBLISH,be92ad326d574ae1b4844c7182d5dac4,68f2d95bd190740cfd6a3010,ENQUEUED,0.07638412486047912,questions_in
2025-10-29T13:32:14.318523,PUBLISH,e819873ba60e4dbdab0a899719095a5b,68f2d95bd190740cfd6a40e8,ENQUEUED,0.9681711607735984,questions_in
2025-10-29T13:32:14.464570,PUBLISH,f1c9d2c8ac34443c8de6c5b9a9c89ce9,68f2d95bd190740cfd6a33c3,ENQUEUED,0.14408898605574375,questions_in
2025-10-29T13:32:14.504079,PUBLISH,45087b7dbfe64d72bf210a47714d1020,68f2d95bd190740cfd6a2f42,ENQUEUED,0.033403848807019285,questions_in
2025-10-29T13:32:14.775895,PUBLISH,7607586dfa3c423a829d09ed94e0a5d4,68f2d95bd190740cfd6a1c02,ENQUEUED,0.2663098430564326,questions_in
2025-10-29T13:32:14.798482,PUBLISH,55b4ad487873460fadd5179c80de30fc,68f2d95bd190740cfd6a1b49,ENQUEUED,0.020889264276991736,questions_in
2025-10-29T13:32:14.969344,PUBLISH,de7d6b4df7764898b8f454044fdcdd51,68f2d95bd190740cfd6a4173,ENQUEUED,0.1659203949324781,questions_in
2025-10-29T13:32:15.179043,PUBLISH,87ab39fb20a84d4d903fd945ef1302fe,68f2d95bd190740cfd6a304f,ENQUEUED,0.20468431917025862,questions_in
2025-10-29T13:32:15.466340,PUBLISH,a2c0012893ab47d29b341b8b7a24651a,68f2d95bd190740cfd6a3086,ENQUEUED,0.282249595822871,questions_in
2025-10-29T13:32:16.523980,PUBLISH,3fa057717ab44827a1c056e77f90e0c5,68f2d95bd190740cfd6a395e,ENQUEUED,1.0515522965563164,questions_in
2025-10-29T13:32:16.753312,PUBLISH,b416d52656104d639b3fdf2e8dd57c97,68f2d95bd190740cfd6a1b18,ENQUEUED,0.22430798815477293,questions_in
2025-10-29T13:32:16.854012,PUBLISH,6afa8dc63956471ea7e599052b9e9caf,68f2d95bd190740cfd6a2784,ENQUEUED,0.0957289480116887,questions_in
2025-10-29T13:32:16.866025,PUBLISH,7b00a86b317b49df844d08f505f3b1af,68f2d95bd190740cfd6a399c,ENQUEUED,0.00769751816692225,questions_in
2025-10-29T13:32:17.100942,PUBLISH,39741d6298044a679afaf34ace973ad3,68f2d95bd190740cfd6a2a7c,ENQUEUED,0.2299724187475901,questions_in
2025-10-29T13:32:17.695166,PUBLISH,579c205c10db482cae23cc69656fd117,68f2d95bd190740cfd6a2703,ENQUEUED,0.5893460085120718,questions_in
2025-10-29T13:32:20.121002,PUBLISH,625c3ed894624ac4ae88a4ff25348d56,68f2d95bd190740cfd6a1c15,ENQUEUED,2.4180304029968265,questions_in
2025-10-29T13:32:20.444849,PUBLISH,99c74dccdb9e4fd39019599d8d711a4d,68f2d95bd190740cfd6a31ce,ENQUEUED,0.3176173054966623,questions_in
2025-10-29T13:32:21.167118,PUBLISH,2f4b46605cdd447e815cda23088cd679,68f2d95bd190740cfd6a1f25,ENQUEUED,0.7185134842197328,questions_in
2025-10-29T13:32:23.982882,PUBLISH,91ed9569961b483da61ef47d2431ba8c,68f2d95bd190740cfd6a292c,ENQUEUED,2.808065140791315,questions_in
2025-10-29T13:32:24.362077,PUBLISH,c19335d508644305b1c36171e3201793,68f2d95bd190740cfd6a2421,ENQUEUED,0.3732616016876906,questions_in
2025-10-29T13:32:25.081445,PUBLISH,2300071af6814b8d8763489236909438,68f2d95bd190740cfd6a2cd8,ENQUEUED,0.7140456185048323,questions_in
2025-10-29T13:32:26.821921,PUBLISH,0b9c9986f3f44d1484fa2ec91f4ffa37,68f2d95bd190740cfd6a229d,ENQUEUED,1.7329920430887904,questions_in
2025-10-29T13:32:28.041213,PUBLISH,0a95c86506e34cfd90bec9e82e5fee11,68f2d95bd190740cfd6a2263,ENQUEUED,1.2123526798594508,questions_in
2025-10-29T13:32:29.072606,PUBLISH,f2aafc13211f47d49266622a7ea6caf1,68f2d95bd190740cfd6a2881,ENQUEUED,1.024938320386679,questions_in
2025-10-29T13:32:30.087720,PUBLISH,9857447a52c04438923a9c10a1808361,68f2d95bd190740cfd6a226b,ENQUEUED,1.0122100640773504,questions_in
2025-10-29T13:32:30.117352,PUBLISH,a6041c6e3f69479e82ffa2ae4e890ea4,68f2d95bd190740cfd6a2162,ENQUEUED,0.027497272577874956,questions_in
2025-10-29T13:32:32.955463,PUBLISH,ed2929a05baf443c95aa91f683215ed2,68f2d95bd190740cfd6a1fb6,ENQUEUED,2.829003786827831,questions_in
2025-10-29T13:32:33.143151,PUBLISH,b4ae880c8bd14468a8f7d296a481510b,68f2d95bd190740cfd6a2449,ENQUEUED,0.18150528003890254,questions_in
2025-10-29T13:32:34.462283,PUBLISH,6f59cc1eb56242629744888f82eea5c6,68f2d95bd190740cfd6a3729,ENQUEUED,1.3107206216553162,questions_in
2025-10-29T13:32:34.783737,PUBLISH,66b39ef4e3b948d1aece555dd9c647e0,68f2d95bd190740cfd6a392b,ENQUEUED,0.31569117341327096,questions_in
2025-10-29T13:32:36.080179,PUBLISH,b0eb6d6f7b8d48a0bbbb037eac7bdbdd,68f2d95bd190740cfd6a3d08,ENQUEUED,1.2891711589359174,questions_in
2025-10-29T13:32:36.303410,PUBLISH,1e243fc2561e4bfda5a9c98c7a03da73,68f2d95bd190740cfd6a2ee2,ENQUEUED,0.2170836513548028,questions_in
2025-10-29T13:32:36.364050,PUBLISH,7dac73ddc6fd412f974e887e4c300064,68f2d95bd190740cfd6a230e,ENQUEUED,0.0532745775560263,questions_in
2025-10-29T13:32:36.735945,PUBLISH,75febb608b58498a99f46fc584a0bb57,68f2d95bd190740cfd6a23ef,ENQUEUED,0.3664583109106201,questions_in
2025-10-29T13:32:37.006873,PUBLISH,8ee490cc074e411abdc676fd04351014,68f2d95bd190740cfd6a39e9,ENQUEUED,0.26780952240445344,questions_in
2025-10-29T13:32:37.715485,PUBLISH,4acef9a8bd8248c692986576be605425,68f2d95bd190740cfd6a2571,ENQUEUED,0.7057438647945645,questions_in
2025-10-29T13:32:38.523659,PUBLISH,e5f4e01a1b884cc0aa1ffa983c0e7de5,68f2d95bd190740cfd6a2b25,ENQUEUED,0.8065382200650748,questions_in
2025-10-29T13:32:38.868934,PUBLISH,7da689313ac14924871a15130e85f09a,68f2d95bd190740cfd6a32dc,ENQUEUED,0.3434728349656026,questions_in
2025-10-29T13:32:39.134084,PUBLISH,7a17918af80848fe96fff1bd3b8cfd49,68f2d95bd190740cfd6a2f56,ENQUEUED,0.2595454406334536,questions_in
2025-10-29T13:32:40.062325,PUBLISH,5df54fbcb50e48e28c31aa65abc78bf9,68f2d95bd190740cfd6a232b,ENQUEUED,0.9205420840059823,questions_in
2025-10-29T13:32:42.161442,PUBLISH,226d49ee2e7545f5b20ad604c812f441,68f2d95bd190740cfd6a3bab,ENQUEUED,2.0927451302235753,questions_in
2025-10-29T13:32:42.588940,PUBLISH,b3c4e900a3054d7ca8f7541b7722275c,68f2d95bd190740cfd6a296c,ENQUEUED,0.4253398834254531,questions_in
2025-10-29T13:32:42.678212,PUBLISH,e95eb21b565145e484ca88b6d4a20367,68f2d95bd190740cfd6a2077,ENQUEUED,0.08755384885289556,questions_in
2025-10-29T13:32:43.011562,PUBLISH,cab883927ed241bc8cc0d874ed555402,68f2d95bd190740cfd6a38b3,ENQUEUED,0.32719851383800896,questions_in
2025-10-29T13:32:43.353805,PUBLISH,744a02d3a9924a1e8147cc8a547eed02,68f2d95bd190740cfd6a3bed,ENQUEUED,0.3365016068484832,questions_in
2025-10-29T13:32:44.476903,PUBLISH,18f90296579e49b8b390927e25188a3c,68f2d95bd190740cfd6a2231,ENQUEUED,1.1208608696166256,questions_in
2025-10-29T13:32:44.747401,PUBLISH,f8cdd85eb7744466934b4dbd8fa4e37c,68f2d95bd190740cfd6a1de6,ENQUEUED,0.26460586571705474,questions_in
2025-10-29T13:32:45.190163,PUBLISH,bd7a11d713194773a26d9e5d356bf43a,68f2d95bd190740cfd6a1d4d,ENQUEUED,0.44096501760923384,questions_in
2025-10-29T13:32:45.274078,PUBLISH,f076c2718c1f4712bbba7a3e6fa2c5f1,68f2d95bd190740cfd6a40ed,ENQUEUED,0.08160434589994328,questions_in
2025-10-29T13:32:45.695534,PUBLISH,af2eb3a3d5944427b222181adb676f9e,68f2d95bd190740cfd6a236b,ENQUEUED,0.4189157180703584,questions_in
2025-10-29T13:32:45.698203,PUBLISH,4c61913f305e4c1fa78acfebf1b64757,68f2d95bd190740cfd6a3dff,ENQUEUED,0.00018760991404945978,questions_in
2025-10-29T13:32:46.322432,PUBLISH,e5ba5845d70c48c6a8166b8f152d0752,68f2d95bd190740cfd6a26af,ENQUEUED,0.6188015871871364,questions_in
2025-10-29T13:32:46.765162,PUBLISH,786db99a45064620aa131fad9527f61e,68f2d95bd190740cfd6a3e7e,ENQUEUED,0.4370690548284634,questions_in
2025-10-29T13:32:48.178739,PUBLISH,b07a0b2e98e2434191a5cc550dd4e1ce,68f2d95bd190740cfd6a1d96,ENQUEUED,1.4055468757570744,questions_in
2025-10-29T13:32:48.383835,PUBLISH,af26f52bdce64a0e88bb8c3c3129b5cc,68f2d95bd190740cfd6a3fed,ENQUEUED,0.1994305780090727,questions_in
2025-10-29T13:32:52.573440,PUBLISH,d3b45a35be4a470bab9742474d46eb3f,68f2d95bd190740cfd6a2d96,ENQUEUED,4.178708510513877,questions_in
2025-10-29T13:32:52.639289,PUBLISH,9fdbe8e08cf14bff834dc14ca6b9ad36,68f2d95bd190740cfd6a38e5,ENQUEUED,0.060628123262426586,questions_in
2025-10-29T13:32:53.149012,PUBLISH,cab4031d9fe44ba187d3875d5b05483c,68f2d95bd190740cfd6a2ed6,ENQUEUED,0.502400480421798,questions_in
2025-10-29T13:32:53.696324,PUBLISH,1e4265960b004384a1b624e52e032b40,68f2d95bd190740cfd6a1e4d,ENQUEUED,0.5403386939171507,questions_in
2025-10-29T13:32:54.102398,PUBLISH,22f9d52d27a04939aefb4354c034d8ff,68f2d95bd190740cfd6a3cc2,ENQUEUED,0.4043636462760473,questions_in
2025-10-29T13:32:54.446526,PUBLISH,e45274b39b6b4c8ab7dcf0ab68e6d7aa,68f2d95bd190740cfd6a345d,ENQUEUED,0.34223410398030923,questions_in
2025-10-29T13:32:55.688893,PUBLISH,911b7a15f55c426280d1df7b4861aa24,68f2d95bd190740cfd6a2a18,ENQUEUED,1.2373349112563368,questions_in
2025-10-29T13:32:56.146340,PUBLISH,f376123406b7447f8e1ffe3941cfc98c,68f2d95bd190740cfd6a2dcd,ENQUEUED,0.4519829338699868,questions_in
2025-10-29T13:32:56.226393,PUBLISH,044439242e4840988d3f97655cbe28d2,68f2d95bd190740cfd6a3867,ENQUEUED,0.07380352578785705,questions_in
2025-10-29T13:32:57.027948,PUBLISH,1a8e944fc91746ae8ef3b90c5d5428ab,68f2d95bd190740cfd6a24b2,ENQUEUED,0.7958981898598337,questions_in
2025-10-29T13:32:57.079075,PUBLISH,63c61dc6b4fd45ca9a9ee983ac00123d,68f2d95bd190740cfd6a1c08,ENQUEUED,0.04768101898100882,questions_in
2025-10-29T13:32:57.368777,PUBLISH,c4d73b83bdab4535ba9f3ff36d2e934d,68f2d95bd190740cfd6a2f1b,ENQUEUED,0.2839857638282244,questions_in
2025-10-29T13:32:57.694226,PUBLISH,98afe9318598499cb926c81fdef7f22d,68f2d95bd190740cfd6a2ceb,ENQUEUED,0.32001354497525936,questions_in
2025-10-29T13:32:58.005105,PUBLISH,c99e8e6cf93444bfa4addae3fe4f62df,68f2d95bd190740cfd6a21ba,ENQUEUED,0.3053099823391914,questions_in
2025-10-29T13:32:58.316759,PUBLISH,515160ba27d44e2785bae9ed0e033716,68f2d95bd190740cfd6a2da2,ENQUEUED,0.30678313666778206,questions_in
2025-10-29T13:32:58.455327,PUBLISH,fcf40cbd1822472fb047015e6898135f,68f2d95bd190740cfd6a3ec5,ENQUEUED,0.1332746753201195,questions_in
2025-10-29T13:32:58.915719,PUBLISH,ef873997ad0844a8bcfba737cb88ddb2,68f2d95bd190740cfd6a2547,ENQUEUED,0.4586517841552565,questions_in
2025-10-29T13:32:59.266778,PUBLISH,67a7877c1fea4f4684de93298358ea9a,68f2d95bd190740cfd6a35ac,ENQUEUED,0.34548512963036226,questions_in
2025-10-29T13:33:00.798835,PUBLISH,32e8fe92ae894cd5907aac55bb3269da,68f2d95bd190740cfd6a36ae,ENQUEUED,1.5289912393139697,questions_in
2025-10-29T13:33:01.213041,PUBLISH,9abec08ba4fd4c7fb6bf176f6c2a3023,68f2d95bd190740cfd6a3c87,ENQUEUED,0.40706414028118365,questions_in
2025-10-29T13:33:01.423738,PUBLISH,d05c1f51acdf4185ac926a4b21c4e37d,68f2d95bd190740cfd6a28c3,ENQUEUED,0.20430892414778565,questions_in
2025-10-29T13:33:02.548929,PUBLISH,55957a37bfba41b2bcb4b13d5d69ed3e,68f2d95bd190740cfd6a35d5,ENQUEUED,1.115719165154385,questions_in
2025-10-29T13:33:04.950432,PUBLISH,efb927f27ce548a18c836d6a87e3b388,68f2d95bd190740cfd6a3f9e,ENQUEUED,2.3945266342414295,questions_in
2025-10-29T13:33:05.840543,PUBLISH,0ef460fe713a4024aef1386c9bcaa9e3,68f2d95bd190740cfd6a3b97,ENQUEUED,0.88281249659848,questions_in
2025-10-29T13:33:05.922034,PUBLISH,572f72c96cf6418a93f90401c0721c8f,68f2d95bd190740cfd6a32bc,ENQUEUED,0.07964417296998808,questions_in
2025-10-29T13:33:07.269239,PUBLISH,d724f05d9a9d4e238d6862b6c9051f7d,68f2d95bd190740cfd6a32b7,ENQUEUED,1.345240396803011,questions_in
2025-10-29T13:33:07.965720,PUBLISH,963919ed3c104fb885547ef87c322319,68f2d95bd190740cfd6a2558,ENQUEUED,0.694451479528901,questions_in
2025-10-29T13:33:08.060153,PUBLISH,aa729f8977d640d7ab9ec97fa0887f83,68f2d95bd190740cfd6a226d,ENQUEUED,0.09203611366644637,questions_in
2025-10-29T13:33:08.086173,PUBLISH,bf0346ae6f814c8885ed1d6891830462,68f2d95bd190740cfd6a3480,ENQUEUED,0.020452527067608497,questions_in
2025-10-29T13:33:08.164837,PUBLISH,e3cc4dead52e49e49457ff8fd4a5554d,68f2d95bd190740cfd6a3dd7,ENQUEUED,0.07290368497369523,questions_in
2025-10-29T13:33:08.511662,PUBLISH,47124163b2cc4fedb32dabbd5791dedf,68f2d95bd190740cfd6a3e4b,ENQUEUED,0.3413720021155358,questions_in
2025-10-29T13:33:09.003840,PUBLISH,01ef439737304afcafd1b606369763cc,68f2d95bd190740cfd6a2e8d,ENQUEUED,0.486780660151519,questions_in
2025-10-29T13:33:09.240145,PUBLISH,2d795bf099af4fcba720341f3856b3b9,68f2d95bd190740cfd6a330d,ENQUEUED,0.2344645413117454,questions_in
2025-10-29T13:33:09.712984,PUBLISH,bcf5eafddad54850a3d2324e6538c8f3,68f2d95bd190740cfd6a364a,ENQUEUED,0.46732663446512834,questions_in
2025-10-29T13:33:09.795248,PUBLISH,d2a142a365bf436182f666b7a217a28c,68f2d95bd190740cfd6a20d3,ENQUEUED,0.0801916145203885,questions_in
2025-10-29T13:33:10.205643,PUBLISH,443405f9316848cab85989b7d99d9198,68f2d95bd190740cfd6a3cda,ENQUEUED,0.40531677267989513,questions_in
2025-10-29T13:33:11.382136,PUBLISH,fa1b6bd9da3c47a093b0bb3b6bb42008,68f2d95bd190740cfd6a1d80,ENQUEUED,1.1736089194521477,questions_in
2025-10-29T13:33:12.132075,PUBLISH,daef1bd12e6c4146ac72b88c03ebfc1b,68f2d95bd190740cfd6a3d81,ENQUEUED,0.7439121505532599,questions_in
2025-10-29T13:33:12.236661,PUBLISH,f61260dd86434e09a4d77d503ad26921,68f2d95bd190740cfd6a2036,ENQUEUED,0.09971805148552347,questions_in
2025-10-29T13:33:15.403788,PUBLISH,5ee1c3262b464de39247ff64f08e604b,68f2d95bd190740cfd6a2fca,ENQUEUED,3.1581567919430142,questions_in
2025-10-29T13:33:17.983978,PUBLISH,68ae2b4ce99849d3a5b10647a79fe734,68f2d95bd190740cfd6a2ea6,ENQUEUED,2.574821466974998,questions_in
2025-10-29T13:33:19.893470,PUBLISH,0959bb9a903148a192b9725a82cc5d27,68f2d95bd190740cfd6a3aa6,ENQUEUED,1.902503762043991,questions_in
2025-10-29T13:33:20.001664,PUBLISH,cf446cfd9c2f4f87888953639ac0f4d6,68f2d95bd190740cfd6a28a4,ENQUEUED,0.10194730686258453,questions_in
2025-10-29T13:33:20.151509,PUBLISH,de672e249096462c8e11ed52c06ff500,68f2d95bd190740cfd6a3d1c,ENQUEUED,0.14332613509470743,questions_in
2025-10-29T13:33:22.765283,PUBLISH,6ab9bbd487054274809e134dfe306de4,68f2d95bd190740cfd6a2978,ENQUEUED,2.6102490218632375,questions_in
2025-10-29T13:33:24.108739,PUBLISH,00c4eebddedd463782d0a1f4cd3c002f,68f2d95bd190740cfd6a25c0,ENQUEUED,1.3365145001553325,questions_in
2025-10-29T13:33:24.421019,PUBLISH,6e2cd0b60d0a4a259c15f0286a08a4a4,68f2d95bd190740cfd6a2e2a,ENQUEUED,0.3059428248317178,questions_in
2025-10-29T13:33:25.788644,PUBLISH,e1a430c763a44e67b2a51cdd9a399efb,68f2d95bd190740cfd6a2b86,ENQUEUED,1.3609919018831684,questions_in
2025-10-29T13:33:26.217089,PUBLISH,1a692c1dc7a44098bba85b0cf67accba,68f2d95bd190740cfd6a3b17,ENQUEUED,0.42242743328946397,questions_in
2025-10-29T13:33:27.592320,PUBLISH,1456632036594df686a2a1727fc37d37,68f2d95bd190740cfd6a26af,ENQUEUED,1.3679227401836924,questions_in
2025-10-29T13:33:28.462849,PUBLISH,8b4d8753b8a742da8ac1296324c91536,68f2d95bd190740cfd6a352f,ENQUEUED,0.8637544985518445,questions_in
2025-10-29T13:33:29.143651,PUBLISH,c7af40a2532b46f194016966e5963470,68f2d95bd190740cfd6a22cd,ENQUEUED,0.6743715163394394,questions_in
2025-10-29T13:33:29.856223,PUBLISH,c12284fe4be6492780ad3e9af9f97e03,68f2d95bd190740cfd6a1af7,ENQUEUED,0.7055162571855086,questions_in
2025-10-29T13:33:30.332820,PUBLISH,250a98158aa94506a00c21bf18185401,68f2d95bd190740cfd6a31f8,ENQUEUED,0.4684727935930082,questions_in
2025-10-29T13:33:31.301638,PUBLISH,7e9abd34909343eeb13a68dba1c30aff,68f2d95bd190740cfd6a21aa,ENQUEUED,0.9620721789186004,questions_in
2025-10-29T13:33:31.573531,PUBLISH,f1762ff69dbc4f41aeea4b13fcc8460e,68f2d95bd190740cfd6a2fac,ENQUEUED,0.2659425018025114,questions_in
2025-10-29T13:33:32.355054,PUBLISH,d627e717320b4929865bee067b9a445e,68f2d95bd190740cfd6a28f6,ENQUEUED,0.7792458860898894,questions_in
2025-10-29T13:33:33.122507,PUBLISH,81f8d858ddca44d899f6e66e3fd69a6a,68f2d95bd190740cfd6a3521,ENQUEUED,0.7609623244205214,questions_in
2025-10-29T13:33:34.122981,PUBLISH,273ba184012b445080742d455295523e,68f2d95bd190740cfd6a3330,ENQUEUED,0.9939039103663537,questions_in
2025-10-29T13:33:34.135852,PUBLISH,a31fec666ce24d0b840c4ae5243a17c0,68f2d95bd190740cfd6a2fd3,ENQUEUED,0.011224400351245792,questions_in
2025-10-29T13:33:34.597776,PUBLISH,cf52212dbcd64fd190c205b196d93a8b,68f2d95bd190740cfd6a1e8a,ENQUEUED,0.4553188249957094,questions_in
2025-10-29T13:33:35.086660,PUBLISH,37777ce3d4fe4a68bcb57caa09a7787e,68f2d95bd190740cfd6a4081,ENQUEUED,0.48608060414914567,questions_in
2025-10-29T13:33:39.050787,PUBLISH,8e21d1e9624c45e596ae538c2a09a03e,68f2d95bd190740cfd6a3235,ENQUEUED,3.9527695750734604,questions_in
2025-10-29T13:33:39.223300,PUBLISH,2b5125a06d2e4ff68610a2d6f30cbe22,68f2d95bd190740cfd6a3a5e,ENQUEUED,0.1671462607122148,questions_in
2025-10-29T13:33:39.950645,PUBLISH,1cf7e2765c014f1db57fb9c9a5faebaa,68f2d95bd190740cfd6a2747,ENQUEUED,0.7217530210086492,questions_in
2025-10-29T13:33:40.384549,PUBLISH,93c9247dfacf4e119d453b0b45a727de,68f2d95bd190740cfd6a2798,ENQUEUED,0.42887909906884686,questions_in
2025-10-29T13:33:41.857630,PUBLISH,2a72de46e7d14112b339c69ce6c62311,68f2d95bd190740cfd6a276e,ENQUEUED,1.465631328318147,questions_in
2025-10-29T13:33:43.952194,PUBLISH,0da6d505363142df98538107ef5369d9,68f2d95bd190740cfd6a3054,ENQUEUED,2.087180993990003,questions_in
2025-10-29T13:33:44.077388,PUBLISH,4d5d14dcb3f94493809412e3f7ab3525,68f2d95bd190740cfd6a2dd9,ENQUEUED,0.11919004255111303,questions_in
2025-10-29T13:33:44.084533,PUBLISH,bfebe845b44242c6ad93f31efac9d1a8,68f2d95bd190740cfd6a2b40,ENQUEUED,0.0017205544529268009,questions_in
2025-10-29T13:33:44.097531,PUBLISH,9d17a5c21bd74230b59694d0f9257d53,68f2d95bd190740cfd6a2ce8,ENQUEUED,0.011249764780062893,questions_in
2025-10-29T13:33:44.156690,PUBLISH,c5128c5a3aa748db8d250f88859f4e40,68f2d95bd190740cfd6a1b7d,ENQUEUED,0.056737125678751395,questions_in
2025-10-29T13:33:44.862183,PUBLISH,a640bec3770f483e9633b4d466cfb325,68f2d95bd190740cfd6a1c93,ENQUEUED,0.6990761470953251,questions_in
2025-10-29T13:33:45.715069,PUBLISH,10632091d6314afdaf34e69dd0256065,68f2d95bd190740cfd6a2311,ENQUEUED,0.8475448752874207,questions_in
2025-10-29T13:33:48.911352,PUBLISH,7463a9c393e64618bf9bed039e08b100,68f2d95bd190740cfd6a3940,ENQUEUED,3.187525457849064,questions_in
2025-10-29T13:33:49.313802,PUBLISH,f93586cd2b914bf8bd535ebc63c58beb,68f2d95bd190740cfd6a2c2b,ENQUEUED,0.39614930793907693,questions_in
2025-10-29T13:33:49.555222,PUBLISH,059a31ec41ff4064aab304c2c610b64b,68f2d95bd190740cfd6a3b2b,ENQUEUED,0.2348021127404919,questions_in
2025-10-29T13:33:49.714591,PUBLISH,f3c665901ba34df395bfb1202922f394,68f2d95bd190740cfd6a1edd,ENQUEUED,0.15336455552619585,questions_in
2025-10-29T13:33:51.008486,PUBLISH,61311d6ec99145b8a018e85623c71723,68f2d95bd190740cfd6a2ab9,ENQUEUED,1.288023055961952,questions_in
2025-10-29T13:33:51.179925,PUBLISH,c7eac94b8dbe41c3a5044f871618b7c8,68f2d95bd190740cfd6a26de,ENQUEUED,0.16599196999630747,questions_in
2025-10-29T13:33:51.913451,PUBLISH,cfa54beb01b84aecb5163928655c6212,68f2d95bd190740cfd6a285b,ENQUEUED,0.727641601960448,questions_in
2025-10-29T13:33:52.325013,PUBLISH,9506f4dc669941b5baedf25ca5981dca,68f2d95bd190740cfd6a1ed5,ENQUEUED,0.4060302937187852,questions_in
2025-10-29T13:33:53.560556,PUBLISH,a9d22d5e8b0a4aa0a33d11bcc48b2af4,68f2d95bd190740cfd6a2dd5,ENQUEUED,1.2274067522915153,questions_in
2025-10-29T13:33:54.102544,PUBLISH,4297e4544e3344af87b2f6d4302ef2d3,68f2d95bd190740cfd6a288d,ENQUEUED,0.5400900064092672,questions_in
2025-10-29T13:33:54.404906,PUBLISH,5d2bae1e6b794b3c8f461aaee98452a7,68f2d95bd190740cfd6a2540,ENQUEUED,0.2971916598000999,questions_in
2025-10-29T13:33:54.694938,PUBLISH,9e4818237ea349b1a6757706dac09c43,68f2d95bd190740cfd6a1d8d,ENQUEUED,0.28431968113600636,questions_in
2025-10-29T13:33:57.062609,PUBLISH,98bd5008d57f429e989da19ddfb69e24,68f2d95bd190740cfd6a3ef0,ENQUEUED,2.3588881877189363,questions_in
2025-10-29T13:33:57.194797,PUBLISH,46c2fed4d92d4665bac27e535498ec64,68f2d95bd190740cfd6a2b3e,ENQUEUED,0.1307177293005686,questions_in
2025-10-29T13:33:58.208512,PUBLISH,05736265b68c415288ee423578948c63,68f2d95bd190740cfd6a1e29,ENQUEUED,1.0089915249231882,questions_in
2025-10-29T13:33:58.473212,PUBLISH,5b8ab4fb05fa467d8c067924dea9a275,68f2d95bd190740cfd6a2f65,ENQUEUED,0.2629537241500299,questions_in
2025-10-29T13:33:58.583744,PUBLISH,ded13c33d36846f6b28dc81dd275482a,68f2d95bd190740cfd6a32ba,ENQUEUED,0.10901361071056477,questions_in
2025-10-29T13:33:58.772445,PUBLISH,9b6f4792ba6b448587cbeb9b09f570fb,68f2d95bd190740cfd6a22b2,ENQUEUED,0.18300162662203182,questions_in
2025-10-29T13:33:59.012426,PUBLISH,04f72f0fc4314245818fc2a7f9f2a4b9,68f2d95bd190740cfd6a24c8,ENQUEUED,0.23403955073631155,questions_in
2025-10-29T13:33:59.425071,PUBLISH,992296040c06480eb96736d2b5614be4,68f2d95bd190740cfd6a3712,ENQUEUED,0.4047972687190155,questions_in
2025-10-29T13:34:00.271307,PUBLISH,e88eb21c297646af84528941f62e8f44,68f2d95bd190740cfd6a2efe,ENQUEUED,0.8440923923496498,questions_in
2025-10-29T13:34:00.568469,PUBLISH,698bbec52f28421d98d61013383c5198,68f2d95bd190740cfd6a254f,ENQUEUED,0.2915688343201271,questions_in
2025-10-29T13:34:02.485463,PUBLISH,36af7fdf99b640d3ab23ea7161856c90,68f2d95bd190740cfd6a1c68,ENQUEUED,1.9085585173199775,questions_in
2025-10-29T13:34:04.952744,PUBLISH,16a96686839d40eca716d0ad73863da3,68f2d95bd190740cfd6a2e37,ENQUEUED,2.4600609451954787,questions_in
2025-10-29T13:34:05.997119,PUBLISH,397efa3ce4bb419fbbc16c8d6b54d7a3,68f2d95bd190740cfd6a4074,ENQUEUED,1.0387269775536094,questions_in
2025-10-29T13:34:06.390366,PUBLISH,9eef43fa00bc474eb3f873fa0f99a870,68f2d95bd190740cfd6a2435,ENQUEUED,0.391500689709751,questions_in
2025-10-29T13:34:06.608859,PUBLISH,cbb4c923c24a492da60765bc558bfb79,68f2d95bd190740cfd6a3591,ENQUEUED,0.2127268662736499,questions_in
2025-10-29T13:34:06.678499,PUBLISH,59dcab224d4745eeb467ba88ef5800f5,68f2d95bd190740cfd6a2a4c,ENQUEUED,0.06742393344947081,questions_in
2025-10-29T13:34:06.796246,PUBLISH,76d86eafaf74469399964c27e2d03f7b,68f2d95bd190740cfd6a3ffb,ENQUEUED,0.11317328049325169,questions_in
2025-10-29T13:34:07.289546,PUBLISH,d9b81350d7c440b4a71f9e737b28a952,68f2d95bd190740cfd6a35c3,ENQUEUED,0.48805166470608796,questions_in
2025-10-29T13:34:07.372293,PUBLISH,84d1bfc374794a4ca32ce692fa14c133,68f2d95bd190740cfd6a3f84,ENQUEUED,0.07759478474353065,questions_in
2025-10-29T13:34:07.453005,PUBLISH,0ea3978fe96f4a20b73bd5b3f6fe4532,68f2d95bd190740cfd6a2b28,ENQUEUED,0.07529302518134708,questions_in
2025-10-29T13:34:08.185036,PUBLISH,e75aa9844138464485bf6fa1fedbb8f2,68f2d95bd190740cfd6a1d75,ENQUEUED,0.7242385292038834,questions_in
2025-10-29T13:34:09.005547,PUBLISH,3b70569a13214545869e5d85a6283830,68f2d95bd190740cfd6a28a4,ENQUEUED,0.8153433265812903,questions_in
2025-10-29T13:34:09.795196,PUBLISH,b7aec312596c42f3b2f32714ba89ba03,68f2d95bd190740cfd6a332e,ENQUEUED,0.7877140937729507,questions_in
2025-10-29T13:34:10.040802,PUBLISH,3d31eba6accf476fa4512a7d35af1c3d,68f2d95bd190740cfd6a3578,ENQUEUED,0.23860645020102014,questions_in
2025-10-29T13:34:10.050661,PUBLISH,e0d26ed556a64c51be9e0b7cca0c1fcb,68f2d95bd190740cfd6a2d0a,ENQUEUED,0.00404744818135487,questions_in
2025-10-29T13:34:10.485208,PUBLISH,c259fb4cc172496da5dfef0e9e4029b2,68f2d95bd190740cfd6a3763,ENQUEUED,0.42897211481941405,questions_in
2025-10-29T13:34:10.492031,PUBLISH,618ba31b0c6c473aaceab25568819397,68f2d95bd190740cfd6a31da,ENQUEUED,0.0016133479602074216,questions_in
2025-10-29T13:34:10.837322,PUBLISH,2d5af2b40532448789374decd812d3af,68f2d95bd190740cfd6a3ce1,ENQUEUED,0.3396607858120482,questions_in
2025-10-29T13:34:11.514721,PUBLISH,3a88094ce1654b9f87ae1da7e34e66e4,68f2d95bd190740cfd6a2956,ENQUEUED,0.6713883386334015,questions_in
2025-10-29T13:34:12.851309,PUBLISH,8cf223c87114437286d0f3b3bef14536,68f2d95bd190740cfd6a23bd,ENQUEUED,1.3342783975503092,questions_in
2025-10-29T13:34:14.197279,PUBLISH,20bf29b7bd1a4ea8ae9dfcaaa098fd51,68f2d95bd190740cfd6a1aeb,ENQUEUED,1.336020053145145,questions_in
2025-10-29T13:34:15.227076,PUBLISH,fb01a6d3c7bc4d1aa7de8738c627a36c,68f2d95bd190740cfd6a275a,ENQUEUED,1.0239136929309198,questions_in
2025-10-29T13:34:15.333614,PUBLISH,76724baffbf74a9b85866029c754279a,68f2d95bd190740cfd6a3c50,ENQUEUED,0.10125413361178677,questions_in
2025-10-29T13:34:15.519257,PUBLISH,7c2d20b1f5e34af594c0cb0079a31fe1,68f2d95bd190740cfd6a3eb9,ENQUEUED,0.17991494426465104,questions_in
2025-10-29T13:34:15.847970,PUBLISH,203ed6fc5db841a981e41a9121f71ecf,68f2d95bd190740cfd6a3e2e,ENQUEUED,0.32697880842614674,questions_in
2025-10-29T13:34:16.817592,PUBLISH,e2635e0424f64a24b18c7067aaf06a7c,68f2d95bd190740cfd6a2bc5,ENQUEUED,0.9634343208136213,questions_in
2025-10-29T13:34:18.173737,PUBLISH,96e21a8bb9af41f09672c760a2a726dc,68f2d95bd190740cfd6a4030,ENQUEUED,1.3507256754542123,questions_in
2025-10-29T13:34:18.244297,PUBLISH,259351bfb5f44dd1be9bab7cbac74c66,68f2d95bd190740cfd6a35aa,ENQUEUED,0.06574409288430187,questions_in
2025-10-29T13:34:18.983608,PUBLISH,e3435ec6e0c84ffd846b8dabde7500fa,68f2d95bd190740cfd6a1ef0,ENQUEUED,0.7368198930871378,questions_in
2025-10-29T13:34:19.192301,PUBLISH,18ab7388f00a44ed9a55e06c6cd34a8a,68f2d95bd190740cfd6a1de6,ENQUEUED,0.20261211387081265,questions_in
2025-10-29T13:34:19.275625,PUBLISH,2a37855455aa4cad973d920e1345591a,68f2d95bd190740cfd6a208a,ENQUEUED,0.0782907186797417,questions_in
2025-10-29T13:34:19.467102,PUBLISH,e676cea4fda0413ca17331a308af2459,68f2d95bd190740cfd6a28d8,ENQUEUED,0.18541196693987363,questions_in
2025-10-29T13:34:20.439466,PUBLISH,19b328686c984e91b1d8e67db6fd3152,68f2d95bd190740cfd6a32b8,ENQUEUED,0.966536166979501,questions_in
2025-10-29T13:34:20.865820,PUBLISH,6d10a3edc9354c3d98e01f34a03a2a0e,68f2d95bd190740cfd6a2def,ENQUEUED,0.4197591409319305,questions_in
2025-10-29T13:34:21.047321,PUBLISH,22050a63186b4fb3adcc29ca85ff9621,68f2d95bd190740cfd6a2133,ENQUEUED,0.17626798017667034,questions_in
2025-10-29T13:34:21.599318,PUBLISH,d500a48cd7324bb792ee8bee1d67576f,68f2d95bd190740cfd6a27ba,ENQUEUED,0.5496612296228868,questions_in
2025-10-29T13:34:21.722602,PUBLISH,7b6eed263d2a492cb3c4659f3f0ccb44,68f2d95bd190740cfd6a1e23,ENQUEUED,0.12128256329110076,questions_in
2025-10-29T13:34:22.182140,PUBLISH,a8b3763a82664adb821bcf27e08ef4ac,68f2d95bd190740cfd6a228d,ENQUEUED,0.45748405250806073,questions_in
2025-10-29T13:34:22.801232,PUBLISH,a6fb2f5ee8ec42cda8d3a76b4d14cca1,68f2d95bd190740cfd6a403d,ENQUEUED,0.6134423671505949,questions_in
2025-10-29T13:34:23.460019,PUBLISH,751695a2a4c04ff187553998cf03df27,68f2d95bd190740cfd6a31cd,ENQUEUED,0.6527039600796574,questions_in
2025-10-29T13:34:23.535331,PUBLISH,b5a7557e9baf4db2bf09f9511f57d501,68f2d95bd190740cfd6a3a20,ENQUEUED,0.06982711177957579,questions_in
2025-10-29T13:34:24.119437,PUBLISH,d6c2800f5eec499e9d9deb9d69578899,68f2d95bd190740cfd6a2ddb,ENQUEUED,0.5776844164295156,questions_in
2025-10-29T13:34:24.436619,PUBLISH,8726324276984ff88546b57f55e6d88d,68f2d95bd190740cfd6a3197,ENQUEUED,0.3153009535747717,questions_in
2025-10-29T13:34:24.546584,PUBLISH,c9a79fa3c2af4731bdb45b7918233f84,68f2d95bd190740cfd6a307f,ENQUEUED,0.10447484971683961,questions_in
2025-10-29T13:34:25.430645,PUBLISH,55ccbaf682684d54b5c1e82c5a6584b2,68f2d95bd190740cfd6a1d07,ENQUEUED,0.877541204756358,questions_in
2025-10-29T13:34:25.920332,PUBLISH,6e48778fd84d4abca4812c642ff7c012,68f2d95bd190740cfd6a38ba,ENQUEUED,0.4880018801532228,questions_in
2025-10-29T13:34:25.940167,PUBLISH,bfb732f400884849b9494899aa988f23,68f2d95bd190740cfd6a2507,ENQUEUED,0.018480759629904704,questions_in
2025-10-29T13:34:26.048912,PUBLISH,d0af58fb636049fd9c785101ebccfaf7,68f2d95bd190740cfd6a2489,ENQUEUED,0.1022132559700563,questions_in
2025-10-29T13:34:28.407762,PUBLISH,a320a27cd1ed4b7095cd773d4a736d5f,68f2d95bd190740cfd6a2c6c,ENQUEUED,2.351496233958916,questions_in
2025-10-29T13:34:31.019771,PUBLISH,9ccede09d2f64eab963626bf3dcac0b2,68f2d95bd190740cfd6a36b2,ENQUEUED,2.6032787886865223,questions_in
2025-10-29T13:34:31.416624,PUBLISH,4ec3784e7a78478daf673b33dc5bd821,68f2d95bd190740cfd6a2e94,ENQUEUED,0.3908023063154311,questions_in
2025-10-29T13:34:34.733177,PUBLISH,6a362f4727f842d0bdd43db6295a9dec,68f2d95bd190740cfd6a1ca7,ENQUEUED,3.3083157094836686,questions_in
2025-10-29T13:34:35.439653,PUBLISH,4a8322aac05f4b53ba9895861855a9f0,68f2d95bd190740cfd6a40b0,ENQUEUED,0.7004892037850053,questions_in
2025-10-29T13:34:35.664313,PUBLISH,67c3a422959849b183809966e97191dd,68f2d95bd190740cfd6a310f,ENQUEUED,0.21803210833446163,questions_in
2025-10-29T13:34:36.283408,PUBLISH,1c9b59135e96427c87b2217379742fa0,68f2d95bd190740cfd6a2cd5,ENQUEUED,0.6127632449113048,questions_in
2025-10-29T13:34:36.547191,PUBLISH,d14f15d9b30e4e5aa30a882fbc32025a,68f2d95bd190740cfd6a3400,ENQUEUED,0.2582362594814661,questions_in
2025-10-29T13:34:37.522651,PUBLISH,da679c781a5e46bf8fe83a7138f99589,68f2d95bd190740cfd6a3ab6,ENQUEUED,0.969738381458288,questions_in
2025-10-29T13:34:38.414738,PUBLISH,83bcd3a5bd0141de81269c8b048b729a,68f2d95bd190740cfd6a27b7,ENQUEUED,0.886395655007779,questions_in
2025-10-29T13:34:38.438204,PUBLISH,0989629baee9430b9b8f83bb61314102,68f2d95bd190740cfd6a1dd8,ENQUEUED,0.022139053860569927,questions_in
2025-10-29T13:34:39.545940,PUBLISH,5340e29aa93e4b95bec001febb9dbf53,68f2d95bd190740cfd6a27b8,ENQUEUED,1.1018164132162471,questions_in
2025-10-29T13:34:40.610865,PUBLISH,d11a0ea8a35f4b088ddd88ddd48a97bc,68f2d95bd190740cfd6a2d53,ENQUEUED,1.0584439668281977,questions_in
2025-10-29T13:34:41.258551,PUBLISH,74c1d978dd91468f92adf7e958ffcb3a,68f2d95bd190740cfd6a2ef9,ENQUEUED,0.6419797504869862,questions_in
2025-10-29T13:34:44.764972,PUBLISH,e2b814a38f97414b98558539b28849b4,68f2d95bd190740cfd6a3991,ENQUEUED,3.5016182595221754,questions_in
2025-10-29T13:34:46.035503,PUBLISH,e6d64cb62f664735b0a37eae8e3cc03c,68f2d95bd190740cfd6a2988,ENQUEUED,1.2635294468872937,questions_in
2025-10-29T13:34:47.723946,PUBLISH,24b9a17be688485b847df50c3f68d01e,68f2d95bd190740cfd6a31a5,ENQUEUED,1.6818728805835106,questions_in
2025-10-29T13:34:47.838717,PUBLISH,9bc4db47053f452f8aebce80c0dd9051,68f2d95bd190740cfd6a3c47,ENQUEUED,0.11297396275539551,questions_in
2025-10-29T13:34:49.022854,PUBLISH,18794d1d5b1c4433b84307af81b8372c,68f2d95bd190740cfd6a3d3c,ENQUEUED,1.1770135115800602,questions_in
2025-10-29T13:34:49.485319,PUBLISH,b04486b69eae4718835cbbfe58c8cf03,68f2d95bd190740cfd6a3f9a,ENQUEUED,0.4563082106206655,questions_in
2025-10-29T13:34:49.558074,PUBLISH,dd4b4642d8844700b485b65f5ace111f,68f2d95bd190740cfd6a3311,ENQUEUED,0.0665098142202322,questions_in
2025-10-29T13:34:49.636435,PUBLISH,42a0f5aff1534e56ae42d3d20969f99f,68f2d95bd190740cfd6a2862,ENQUEUED,0.07644996995648169,questions_in
2025-10-29T13:34:49.675266,PUBLISH,83bb752c4373474d8c3dee18f5a4d48a,68f2d95bd190740cfd6a39bf,ENQUEUED,0.037188322502129535,questions_in
2025-10-29T13:34:50.383070,PUBLISH,93a60b6aaf8640b7a12d948000288967,68f2d95bd190740cfd6a1bb4,ENQUEUED,0.7017696293954366,questions_in
2025-10-29T13:34:50.485673,PUBLISH,b978abed17bc4614b4ede436e8b1c108,68f2d95bd190740cfd6a3f59,ENQUEUED,0.09700185585451084,questions_in
2025-10-29T13:34:51.350130,PUBLISH,1c993367817248539f323986622ac40d,68f2d95bd190740cfd6a24f6,ENQUEUED,0.8583876101872909,questions_in
2025-10-29T13:34:51.666383,PUBLISH,40fb268c667e4acdaa13a6cdbcaa19c4,68f2d95bd190740cfd6a302a,ENQUEUED,0.3107086658673888,questions_in
2025-10-29T13:34:51.694746,PUBLISH,56bb30623056463b9af33ed14fc0f8db,68f2d95bd190740cfd6a20b1,ENQUEUED,0.02647940279001774,questions_in
2025-10-29T13:34:52.048300,PUBLISH,60a2982c57814c459d154ac178001de3,68f2d95bd190740cfd6a363d,ENQUEUED,0.34798429391407887,questions_in
2025-10-29T13:34:52.460206,PUBLISH,73abb0282785469686fb6de1bd4e6c19,68f2d95bd190740cfd6a2882,ENQUEUED,0.404927938043941,questions_in
2025-10-29T13:34:53.570056,PUBLISH,6ca4b0ae0a7f4334a5b2c9a3a20c4809,68f2d95bd190740cfd6a1f97,ENQUEUED,1.1035629531733115,questions_in
2025-10-29T13:34:54.941358,PUBLISH,4e2379f61c544129a263703a520b670b,68f2d95bd190740cfd6a1c43,ENQUEUED,1.3643751365999162,questions_in
2025-10-29T13:34:54.975728,PUBLISH,b4328bef6a8242a1bd2064585feb100e,68f2d95bd190740cfd6a2b1e,ENQUEUED,0.03257164599212927,questions_in
2025-10-29T13:34:56.072167,PUBLISH,99981b588a7d4b7082b62405c13c4346,68f2d95bd190740cfd6a3d1d,ENQUEUED,1.0919500054187294,questions_in
2025-10-29T13:34:56.267006,PUBLISH,dfe04adbced74e5e95cb35f9dd83ae48,68f2d95bd190740cfd6a2cbf,ENQUEUED,0.18888615898472025,questions_in
2025-10-29T13:34:56.459077,PUBLISH,f02d851785e642bd8058b6bff3339edd,68f2d95bd190740cfd6a1d78,ENQUEUED,0.1866229441794953,questions_in
2025-10-29T13:34:57.237258,PUBLISH,e34dca5fa250499db7c3ba580c92a9ba,68f2d95bd190740cfd6a2cdb,ENQUEUED,0.7760847520648655,questions_in
2025-10-29T13:34:58.110928,PUBLISH,8af1d33763e346099e53f282e1607026,68f2d95bd190740cfd6a35d8,ENQUEUED,0.867470589976746,questions_in
2025-10-29T13:34:58.121120,PUBLISH,c676cb7a9c3b4a5287d99be931501ece,68f2d95bd190740cfd6a3c74,ENQUEUED,0.008781541342184328,questions_in
2025-10-29T13:34:58.820095,PUBLISH,dd11ed4d875c40b9b5515299978e3742,68f2d95bd190740cfd6a3c78,ENQUEUED,0.6923513468042813,questions_in
2025-10-29T13:35:01.469240,PUBLISH,65fec6f419a84724bd10c768f506d31b,68f2d95bd190740cfd6a3763,ENQUEUED,2.6413176208417277,questions_in
2025-10-29T13:35:01.912148,PUBLISH,dd9392bd18fa4be69e3d0117a482723c,68f2d95bd190740cfd6a2248,ENQUEUED,0.4366825258044531,questions_in
2025-10-29T13:35:02.286297,PUBLISH,382a076b6cbb421bb6e343e4043aca79,68f2d95bd190740cfd6a38f2,ENQUEUED,0.37187938209788296,questions_in
2025-10-29T13:35:03.027046,PUBLISH,06455b6075474cdcaca6e38a8b6a1537,68f2d95bd190740cfd6a303c,ENQUEUED,0.7342132032742789,questions_in
2025-10-29T13:35:03.101189,PUBLISH,52c855a300654d8cb29da30d16e80946,68f2d95bd190740cfd6a288e,ENQUEUED,0.06861528251464967,questions_in
2025-10-29T13:35:03.198054,PUBLISH,45d8469d26754a90b5c5f80895dfdb18,68f2d95bd190740cfd6a2f4d,ENQUEUED,0.09124728636556993,questions_in
2025-10-29T13:35:03.992083,PUBLISH,28d31766d7d94a2886b7677af9183d69,68f2d95bd190740cfd6a262c,ENQUEUED,0.7874298711554171,questions_in
2025-10-29T13:35:04.448827,PUBLISH,6b9717b97bb14aa2aa058916e250bb52,68f2d95bd190740cfd6a1ba0,ENQUEUED,0.4502420549178363,questions_in
2025-10-29T13:35:04.587899,PUBLISH,5f15a1e47c984ae4949298ab1c290a54,68f2d95bd190740cfd6a1d8a,ENQUEUED,0.13351400982193942,questions_in
2025-10-29T13:35:05.742331,PUBLISH,13687e2defb34e42b4b6ee202ebcf20d,68f2d95bd190740cfd6a312b,ENQUEUED,1.1510969649046674,questions_in
2025-10-29T13:35:06.075551,PUBLISH,f301df5a5a2141d2b23cbddded2cde12,68f2d95bd190740cfd6a260b,ENQUEUED,0.32705862108385464,questions_in
2025-10-29T13:35:07.383880,PUBLISH,c73a1d23d7594a2d9fe73bc07490c404,68f2d95bd190740cfd6a31a9,ENQUEUED,1.30173825141305,questions_in
2025-10-29T13:35:07.904060,PUBLISH,568fa3f05b8b4529ba9dfc3e010f47b2,68f2d95bd190740cfd6a249c,ENQUEUED,0.5144251206082883,questions_in
2025-10-29T13:35:08.774692,PUBLISH,ead075f388a44f07b0a1575bb17de512,68f2d95bd190740cfd6a1d75,ENQUEUED,0.8642262770120911,questions_in
2025-10-29T13:35:08.840177,PUBLISH,ad2a27f6bc3f4dc0a8be5735a894b82b,68f2d95bd190740cfd6a2d57,ENQUEUED,0.05956950779324468,questions_in
2025-10-29T13:35:09.145445,PUBLISH,cdff78b9bbf4462ba7bd5632d2daf9a2,68f2d95bd190740cfd6a405f,ENQUEUED,0.30365504644972807,questions_in
2025-10-29T13:35:09.311791,PUBLISH,504bece6afdf4ee69f28796d985d0555,68f2d95bd190740cfd6a3f4f,ENQUEUED,0.16003264565093428,questions_in
2025-10-29T13:35:10.642701,PUBLISH,ef05bb1b6aa046d1aa9fa29ab18d5d94,68f2d95bd190740cfd6a259e,ENQUEUED,1.3251929789373647,questions_in
2025-10-29T13:35:11.641538,PUBLISH,5d85e985a70343078d0edd4043fcda80,68f2d95bd190740cfd6a1bc5,ENQUEUED,0.9924032212022093,questions_in
2025-10-29T13:35:12.313538,PUBLISH,fda1d1ac0c2a4042944e375991d498f1,68f2d95bd190740cfd6a33af,ENQUEUED,0.6659465668921217,questions_in
2025-10-29T13:35:14.315791,PUBLISH,c6ac1279cae74dbc90372fc1e130aefc,68f2d95bd190740cfd6a2390,ENQUEUED,1.9963292989228376,questions_in
2025-10-29T13:35:14.719732,PUBLISH,4bd1156075264e2f8e00172b5aebcc81,68f2d95bd190740cfd6a3a76,ENQUEUED,0.39878241488601324,questions_in
2025-10-29T13:35:15.076104,PUBLISH,61b332a707c149bb8f7c3c4a41b30c55,68f2d95bd190740cfd6a1b9a,ENQUEUED,0.34999107042806377,questions_in
2025-10-29T13:35:15.196926,PUBLISH,b2ee3577883841119dc84b13c2eeb0d7,68f2d95bd190740cfd6a1c45,ENQUEUED,0.11423540459516428,questions_in
2025-10-29T13:35:15.549730,PUBLISH,789868e2f51849469a9e72df21b34cfa,68f2d95bd190740cfd6a37ef,ENQUEUED,0.34733294977845053,questions_in
2025-10-29T13:35:15.621723,PUBLISH,c2adacd4c3e249fa808fccfac09e0971,68f2d95bd190740cfd6a2522,ENQUEUED,0.0670501939732541,questions_in
2025-10-29T13:35:15.767783,PUBLISH,2971619ce0694df3bc04dfdde6ddd90e,68f2d95bd190740cfd6a2b1f,ENQUEUED,0.141306381430575,questions_in
2025-10-29T13:35:16.167598,PUBLISH,2d1ff607eb4948048991b3600ccf699c,68f2d95bd190740cfd6a3ee9,ENQUEUED,0.3944975716525194,questions_in
2025-10-29T13:35:17.331895,PUBLISH,b5ecf03969f940bea029a72b81b013a8,68f2d95bd190740cfd6a1e5a,ENQUEUED,1.1589594488890576,questions_in
2025-10-29T13:35:17.807046,PUBLISH,00276ceb064642dba26be1aa15b43463,68f2d95bd190740cfd6a3405,ENQUEUED,0.4726350189632289,questions_in
2025-10-29T13:35:18.034452,PUBLISH,71ed0f04a5c049d6ae2d8d73fb30503f,68f2d95bd190740cfd6a25b4,ENQUEUED,0.22197423243971817,questions_in
2025-10-29T13:35:18.177744,PUBLISH,759d50d20fd4429f8cc43f970db56320,68f2d95bd190740cfd6a3540,ENQUEUED,0.13777942881962693,questions_in
2025-10-29T13:35:18.657623,PUBLISH,ff0f3d394d6f45f0ae678b2a76f96630,68f2d95bd190740cfd6a1b41,ENQUEUED,0.4742016702737657,questions_in
2025-10-29T13:35:18.803351,PUBLISH,4f1f7603efe7419996a22281cd79ad33,68f2d95bd190740cfd6a1b50,ENQUEUED,0.13903439748440585,questions_in
2025-10-29T13:35:23.186785,PUBLISH,790882a5ec26467f9c726fddcfb109ae,68f2d95bd190740cfd6a3dbf,ENQUEUED,4.371470459065897,questions_in
2025-10-29T13:35:23.945611,PUBLISH,71cba9715f634967b5d9f98b048d2691,68f2d95bd190740cfd6a3ef6,ENQUEUED,0.7532014659724607,questions_in
2025-10-29T13:35:23.963752,PUBLISH,d5996542bea9406e97be4afce9ddc4de,68f2d95bd190740cfd6a4061,ENQUEUED,0.01653732865165126,questions_in
2025-10-29T13:35:24.697327,PUBLISH,fec819581255471ea166c67f731ca304,68f2d95bd190740cfd6a2700,ENQUEUED,0.7274961955950707,questions_in
2025-10-29T13:35:25.417742,PUBLISH,50df663398004e8b8e1ef4f5b69219bd,68f2d95bd190740cfd6a1ba4,ENQUEUED,0.7142782935159268,questions_in
2025-10-29T13:35:26.204681,PUBLISH,faaaecd63fcf4bce9d09fff654d9e4b2,68f2d95bd190740cfd6a2078,ENQUEUED,0.7815348423267735,questions_in
2025-10-29T13:35:27.696031,PUBLISH,bdc99ce084354e058bfaba40f77dc20e,68f2d95bd190740cfd6a30fc,ENQUEUED,1.484434819201236,questions_in
2025-10-29T13:35:28.270676,PUBLISH,f2c0339949a74b179db06333f9ef8617,68f2d95bd190740cfd6a3f48,ENQUEUED,0.5679830324979117,questions_in
2025-10-29T13:35:28.283821,PUBLISH,6918b884aff14cc098215450808fc803,68f2d95bd190740cfd6a1f2e,ENQUEUED,0.011579658454200911,questions_in
2025-10-29T13:35:29.998753,PUBLISH,78720656b58b419dac68c88fa4fded2b,68f2d95bd190740cfd6a3869,ENQUEUED,1.7047216822610218,questions_in
2025-10-29T13:35:32.042824,PUBLISH,406c519e61b94ae4bb182ef4266aa2d9,68f2d95bd190740cfd6a2646,ENQUEUED,2.0409923539537798,questions_in
2025-10-29T13:35:32.257384,PUBLISH,3303cf79790549a1b642698ae76ca873,68f2d95bd190740cfd6a3305,ENQUEUED,0.20913858468741253,questions_in
2025-10-29T13:35:32.489558,PUBLISH,c335b60ebc5f47dcb0b7d13b115ad83f,68f2d95bd190740cfd6a1b29,ENQUEUED,0.23044369261951367,questions_in
2025-10-29T13:35:33.093055,PUBLISH,22a80a393e5640a682e9ad007dcaefba,68f2d95bd190740cfd6a2a53,ENQUEUED,0.597029324904529,questions_in
2025-10-29T13:35:33.887421,PUBLISH,7c05783c630740258dceca54804cd963,68f2d95bd190740cfd6a2aab,ENQUEUED,0.7873348717732606,questions_in
2025-10-29T13:35:35.912921,PUBLISH,918db3a7f1bd49c085f36e15f90613bb,68f2d95bd190740cfd6a2658,ENQUEUED,2.01844669996327,questions_in
2025-10-29T13:35:36.589573,PUBLISH,52cee2f7538e4b21b306fa9c837ab108,68f2d95bd190740cfd6a4023,ENQUEUED,0.6707347399945895,questions_in
2025-10-29T13:35:38.720729,PUBLISH,aa4db60d47ac453ba2bc773f194ececd,68f2d95bd190740cfd6a3b4a,ENQUEUED,2.123520695724357,questions_in
2025-10-29T13:35:38.805880,PUBLISH,2c86570295c043298327d684ef1b2331,68f2d95bd190740cfd6a3064,ENQUEUED,0.07903763706598375,questions_in
2025-10-29T13:35:39.170595,PUBLISH,6ab1ba58162849fab5616663adeb0c5d,68f2d95bd190740cfd6a2077,ENQUEUED,0.3623044441075855,questions_in
2025-10-29T13:35:41.061999,PUBLISH,5cb0693b6d1f497cb95bf51d2a9e2791,68f2d95bd190740cfd6a2245,ENQUEUED,1.8849464426535496,questions_in
2025-10-29T13:35:41.775238,PUBLISH,9d2d4ac6a9c548258695c7567dc7cfcd,68f2d95bd190740cfd6a41b2,ENQUEUED,0.7109632846704566,questions_in
2025-10-29T13:35:42.062828,PUBLISH,32ae8aab31a24f4a83c5d8201f0be34f,68f2d95bd190740cfd6a1d48,ENQUEUED,0.28174976781660627,questions_in
2025-10-29T13:35:42.442904,PUBLISH,fcf4c4a10a5749f5a88ea60d503e4c6c,68f2d95bd190740cfd6a276d,ENQUEUED,0.37418426403790805,questions_in
2025-10-29T13:35:42.703208,PUBLISH,2691f113593c49a08e27bb9cb1b29a6a,68f2d95bd190740cfd6a2064,ENQUEUED,0.2548917737338459,questions_in
2025-10-29T13:35:45.608058,PUBLISH,d39fddad5c154e308604786eeb583680,68f2d95bd190740cfd6a418d,ENQUEUED,2.8967855463867522,questions_in
2025-10-29T13:35:46.209107,PUBLISH,a09646082260499792fcd8aef4b20ee5,68f2d95bd190740cfd6a2cbe,ENQUEUED,0.5944456571157728,questions_in
2025-10-29T13:35:46.371226,PUBLISH,7ed3f6c0aa0343aab8720ca6ab1dfc7d,68f2d95bd190740cfd6a1b64,ENQUEUED,0.15711715934345136,questions_in
2025-10-29T13:35:46.873129,PUBLISH,1c38635b0e5f426a8a33dddb29f0ef98,68f2d95bd190740cfd6a2d54,ENQUEUED,0.49641610984998974,questions_in
2025-10-29T13:35:47.235543,PUBLISH,a2091f6daded4ce7b169b222d5e3939d,68f2d95bd190740cfd6a318c,ENQUEUED,0.35610276637915866,questions_in
2025-10-29T13:35:47.452860,PUBLISH,aec25acd48cf46eaa9711b96327f7066,68f2d95bd190740cfd6a3176,ENQUEUED,0.2125591080892951,questions_in
2025-10-29T13:35:48.274368,PUBLISH,af266ccc1c534c96af9009ea3e29be6b,68f2d95bd190740cfd6a2bb9,ENQUEUED,0.8194949239651864,questions_in
2025-10-29T13:35:48.432372,PUBLISH,cab92fb4480140e594e3c824f1df887b,68f2d95bd190740cfd6a2326,ENQUEUED,0.15605990052654026,questions_in
2025-10-29T13:35:49.846795,PUBLISH,8d5d17584f3944e0af2c129eecdc98e6,68f2d95bd190740cfd6a34d3,ENQUEUED,1.4072886558922777,questions_in
2025-10-29T13:35:50.533837,PUBLISH,a1a10c2c080c4068b2459edb4638df1c,68f2d95bd190740cfd6a2782,ENQUEUED,0.6814138664514303,questions_in
2025-10-29T13:35:50.545827,PUBLISH,245b1fede3154f6c8ee71e3aebbc78d2,68f2d95bd190740cfd6a2a18,ENQUEUED,0.010243379316605678,questions_in
2025-10-29T13:35:51.424568,PUBLISH,2ff7e6d177ae470c9bc1b2c05b73378f,68f2d95bd190740cfd6a2871,ENQUEUED,0.8730381878173739,questions_in
2025-10-29T13:35:52.502793,PUBLISH,5416ba3428c343e5babe7cdb6da5e780,68f2d95bd190740cfd6a2ee7,ENQUEUED,1.0717095387071425,questions_in
2025-10-29T13:35:52.522356,PUBLISH,98600cd5cec44058acc0f593ae4acd74,68f2d95bd190740cfd6a1f50,ENQUEUED,0.014534980978754023,questions_in
2025-10-29T13:35:52.801002,PUBLISH,9bf59002d2044925888f9eae0c9bf442,68f2d95bd190740cfd6a32a7,ENQUEUED,0.27284868803214885,questions_in
2025-10-29T13:35:53.048987,PUBLISH,226f5dbf2ed546d797b146db249da57c,68f2d95bd190740cfd6a228c,ENQUEUED,0.24086883368065512,questions_in
2025-10-29T13:35:53.284898,PUBLISH,6a3c4488ddac4f518fef3d4a1c5f95ae,68f2d95bd190740cfd6a232a,ENQUEUED,0.23397581215200355,questions_in
2025-10-29T13:35:54.240390,PUBLISH,8e3008e66b1c489fbbb86018361e12b7,68f2d95bd190740cfd6a1ed0,ENQUEUED,0.9533106569272468,questions_in
2025-10-29T13:35:54.407687,PUBLISH,8d3637422a1a4d72bd7a42bdab464179,68f2d95bd190740cfd6a2701,ENQUEUED,0.15917949626835243,questions_in
2025-10-29T13:35:54.485618,PUBLISH,9e30e40a661c44989bbaab5dea43a130,68f2d95bd190740cfd6a2e6a,ENQUEUED,0.0764563141727654,questions_in
2025-10-29T13:35:56.185799,PUBLISH,7ce750e9ed074473a560fe673a1e3069,68f2d95bd190740cfd6a39ed,ENQUEUED,1.6932739780158679,questions_in
2025-10-29T13:35:56.764584,PUBLISH,7ed659a2b36f42d58133e42955e62383,68f2d95bd190740cfd6a244d,ENQUEUED,0.5717080735492647,questions_in
2025-10-29T13:35:56.927340,PUBLISH,91c5f088a8b54333922811ba2e6729c6,68f2d95bd190740cfd6a24dd,ENQUEUED,0.15560546597044542,questions_in
2025-10-29T13:35:57.084948,PUBLISH,89501184296b4818895268a13e5d1b8c,68f2d95bd190740cfd6a4166,ENQUEUED,0.1512024041694245,questions_in
2025-10-29T13:35:57.131400,PUBLISH,2d9100cfe06244d8a0fcc6b6e082583f,68f2d95bd190740cfd6a2021,ENQUEUED,0.04111502868208008,questions_in
2025-10-29T13:35:57.244539,PUBLISH,ba500f51a4a14c0bb15b8dac74a68457,68f2d95bd190740cfd6a3978,ENQUEUED,0.1079288580888611,questions_in
2025-10-29T13:35:57.805781,PUBLISH,2507c618b4d24dd5ac6cbe835e79dba0,68f2d95bd190740cfd6a41b9,ENQUEUED,0.5561270599992438,questions_in
2025-10-29T13:35:58.588707,PUBLISH,47deb25ffc8c469f92b2ab39d83d9e34,68f2d95bd190740cfd6a3ed3,ENQUEUED,0.7773053286753978,questions_in
2025-10-29T13:36:00.378172,PUBLISH,e1a59e8d160d49cfb719a5117a8a4fc4,68f2d95bd190740cfd6a39e7,ENQUEUED,1.7865554496363119,questions_in
2025-10-29T13:36:01.917704,PUBLISH,2c5498831bab41a0acb95492bd8e2dde,68f2d95bd190740cfd6a29b4,ENQUEUED,1.5330113617064567,questions_in
2025-10-29T13:36:02.446651,PUBLISH,03184fc82251498b8fb79df8505f0588,68f2d95bd190740cfd6a40de,ENQUEUED,0.522456832379532,questions_in
2025-10-29T13:36:02.460771,PUBLISH,3838a61cab234bcfae69682a4722d4df,68f2d95bd190740cfd6a2a90,ENQUEUED,0.0046168817294848,questions_in
2025-10-29T13:36:02.846460,PUBLISH,bfd7b5937b2f4212bd7bbafb0d0732cd,68f2d95bd190740cfd6a3808,ENQUEUED,0.3837155011605578,questions_in
2025-10-29T13:36:03.635334,PUBLISH,c7fd71dfdc204ccab20de28590c5e406,68f2d95bd190740cfd6a40ac,ENQUEUED,0.786938233998987,questions_in
2025-10-29T13:36:03.833674,PUBLISH,acc2f74169fd4724affb532c4f27a41f,68f2d95bd190740cfd6a3097,ENQUEUED,0.19281937623159948,questions_in
2025-10-29T13:36:05.127495,PUBLISH,47f0988dc01e4d389b78bb02924ea3af,68f2d95bd190740cfd6a3150,ENQUEUED,1.287400146239977,questions_in
2025-10-29T13:36:05.172915,PUBLISH,0da1f074c86241b1b5688a08dc79c7cb,68f2d95bd190740cfd6a2e1b,ENQUEUED,0.04000825263497893,questions_in
2025-10-29T13:36:05.578032,PUBLISH,d800c524f3844676bd5aba5d6e64b9f2,68f2d95bd190740cfd6a302a,ENQUEUED,0.3990803170256308,questions_in
2025-10-29T13:36:05.662544,PUBLISH,0444d63f7b024983afeaced7294e7685,68f2d95bd190740cfd6a32d1,ENQUEUED,0.0790756231865415,questions_in
2025-10-29T13:36:07.855043,PUBLISH,c0a4bcbbf34f42578c44c48fa944150f,68f2d95bd190740cfd6a24bb,ENQUEUED,2.1849884973838716,questions_in
2025-10-29T13:36:07.880556,PUBLISH,1460c4bca500430b882f916fbad77aa3,68f2d95bd190740cfd6a2304,ENQUEUED,0.02031331515248008,questions_in
2025-10-29T13:36:08.293774,PUBLISH,4c703cb74f1e499fafe99f6ebdef2c1b,68f2d95bd190740cfd6a37d9,ENQUEUED,0.40391026336982255,questions_in
2025-10-29T13:36:10.211275,PUBLISH,46a586ab0d7d4de88efb52b73c6f05ec,68f2d95bd190740cfd6a1fd4,ENQUEUED,1.9097852235881108,questions_in
2025-10-29T13:36:10.533141,PUBLISH,2651fb6122a54acdad15a2d002831181,68f2d95bd190740cfd6a38e0,ENQUEUED,0.3156477723264144,questions_in
2025-10-29T13:36:13.172099,PUBLISH,6524c355b7ae4597b9c1a1062c0271b4,68f2d95bd190740cfd6a30da,ENQUEUED,2.631359410374361,questions_in
2025-10-29T13:36:13.661668,PUBLISH,aa8975cbbfac4c9fb800491586f6be37,68f2d95bd190740cfd6a21ea,ENQUEUED,0.48469195154037076,questions_in
2025-10-29T13:36:14.099030,PUBLISH,7d11906508d0455bbe91e82833ad4f23,68f2d95bd190740cfd6a297d,ENQUEUED,0.43176306909340995,questions_in
2025-10-29T13:36:14.577423,PUBLISH,52866c6e8cdf4f8ca0fab39711cb419c,68f2d95bd190740cfd6a3b98,ENQUEUED,0.47281947479836023,questions_in
2025-10-29T13:36:14.984596,PUBLISH,55de23d84a4f494093fc0a6c51a27927,68f2d95bd190740cfd6a2be8,ENQUEUED,0.4014803216889072,questions_in
2025-10-29T13:36:15.385314,PUBLISH,d672a33d3248482b89c87feebb8910b1,68f2d95bd190740cfd6a2d20,ENQUEUED,0.3948668689144789,questions_in
2025-10-29T13:36:17.050884,PUBLISH,18d2bb52faaf4eceb3c110cb08db844c,68f2d95bd190740cfd6a3e72,ENQUEUED,1.6603339527088101,questions_in
2025-10-29T13:36:17.292955,PUBLISH,1a6996dda7374e15972de4e6e3617598,68f2d95bd190740cfd6a2a7f,ENQUEUED,0.23557171731404883,questions_in
2025-10-29T13:36:17.635870,PUBLISH,2d21200df12f4ba48bccff709ce30f34,68f2d95bd190740cfd6a2cf0,ENQUEUED,0.33682395431694195,questions_in
2025-10-29T13:36:18.142324,PUBLISH,f71bac2b0f3c4072bc7f178e981e4daf,68f2d95bd190740cfd6a3ffb,ENQUEUED,0.5003980227174055,questions_in
2025-10-29T13:36:18.817496,PUBLISH,05b4673123484208b97b21b26536c8ac,68f2d95bd190740cfd6a3df4,ENQUEUED,0.6724038651884379,questions_in
2025-10-29T13:36:19.507228,PUBLISH,64b8572a6ec34ff39f79f78c19b3d9db,68f2d95bd190740cfd6a26ff,ENQUEUED,0.6840737072699224,questions_in
2025-10-29T13:36:20.039073,PUBLISH,d5e5dc7e8d8c4a2392fb93ee09f42725,68f2d95bd190740cfd6a39b7,ENQUEUED,0.5265863539873243,questions_in
2025-10-29T13:36:20.056506,PUBLISH,627551a3df1b4fdc82299d3bf9c0db37,68f2d95bd190740cfd6a30ae,ENQUEUED,0.015799653109547108,questions_in
2025-10-29T13:36:20.504077,PUBLISH,1ab02cda011b475e98dd331a2394967c,68f2d95bd190740cfd6a3aeb,ENQUEUED,0.4421760569573532,questions_in
2025-10-29T13:36:20.745889,PUBLISH,5718ba243b9a4efaba9930fec1106053,68f2d95bd190740cfd6a3b1f,ENQUEUED,0.23681190391006823,questions_in
2025-10-29T13:36:21.919041,PUBLISH,e91d9d2b4f864689a16c72defccfa086,68f2d95bd190740cfd6a3526,ENQUEUED,1.165762467229915,questions_in
2025-10-29T13:36:22.379830,PUBLISH,5e9ce906a1d947b4a99247b4a4a74387,68f2d95bd190740cfd6a3a35,ENQUEUED,0.4547988101088915,questions_in
2025-10-29T13:36:22.673067,PUBLISH,3181c744d7174a1eae3c423cc6cecb11,68f2d95bd190740cfd6a29a5,ENQUEUED,0.2878973167697376,questions_in
2025-10-29T13:36:23.092700,PUBLISH,06063e42b548423792dfa34bac35b66f,68f2d95bd190740cfd6a28ae,ENQUEUED,0.41181237065528925,questions_in
2025-10-29T13:36:23.912228,PUBLISH,19121d0bd6744282b64975ae44eda222,68f2d95bd190740cfd6a3ff7,ENQUEUED,0.8140731622886898,questions_in
2025-10-29T13:36:24.103497,PUBLISH,ee59e873397046928cdced51d1a774c1,68f2d95bd190740cfd6a3957,ENQUEUED,0.18532360800438133,questions_in
2025-10-29T13:36:24.218494,PUBLISH,d38b40b86d0e4455bb83d28e2262a165,68f2d95bd190740cfd6a1f03,ENQUEUED,0.10953832263355168,questions_in
2025-10-29T13:36:24.321601,PUBLISH,4c12cc54632940e786fd0c85b2cfddf5,68f2d95bd190740cfd6a3489,ENQUEUED,0.0975477635167392,questions_in
2025-10-29T13:36:25.021487,PUBLISH,537bcc9209354644a3a4b93d38bb8b8b,68f2d95bd190740cfd6a413f,ENQUEUED,0.6937464447664904,questions_in
2025-10-29T13:36:26.212576,PUBLISH,22784a57bdce401dab3213eeade07946,68f2d95bd190740cfd6a1aeb,ENQUEUED,1.181648435109448,questions_in
2025-10-29T13:36:26.400041,PUBLISH,ad96bf56dbaa4709be53060c88c85302,68f2d95bd190740cfd6a2bef,ENQUEUED,0.18180265129796946,questions_in
2025-10-29T13:36:26.792577,PUBLISH,3210a4fa89fa498597df481cba561a7d,68f2d95bd190740cfd6a1b5e,ENQUEUED,0.38637937778930476,questions_in
2025-10-29T13:36:27.225246,PUBLISH,85611fb864914cabbf384adcd83f8765,68f2d95bd190740cfd6a3550,ENQUEUED,0.4267108467459037,questions_in
2025-10-29T13:36:28.239054,PUBLISH,f7930a79ada5424f88ed33ceb4c554f9,68f2d95bd190740cfd6a2870,ENQUEUED,1.0069822142114648,questions_in
2025-10-29T13:36:28.667720,PUBLISH,384caf8623dd469c973daa17a195fbc2,68f2d95bd190740cfd6a3d32,ENQUEUED,0.4269880515735802,questions_in
2025-10-29T13:36:29.287362,PUBLISH,640ff53b0b2c442bb635fc3bae7edbec,68f2d95bd190740cfd6a2038,ENQUEUED,0.6141696177873591,questions_in
2025-10-29T13:36:30.108225,PUBLISH,63bc0c1473eb4e919cfa051e51aa40a2,68f2d95bd190740cfd6a4193,ENQUEUED,0.8132358044415113,questions_in
2025-10-29T13:36:30.133496,PUBLISH,6195f215dd2845259303514d9ba3137f,68f2d95bd190740cfd6a419c,ENQUEUED,0.02353379458321196,questions_in
2025-10-29T13:36:31.175367,PUBLISH,9d476d7d9595419a96d60e206aca1fc4,68f2d95bd190740cfd6a1c7b,ENQUEUED,1.0351342423736798,questions_in
2025-10-29T13:36:31.806823,PUBLISH,2f21b53719454f258c187b7960f178eb,68f2d95bd190740cfd6a396a,ENQUEUED,0.6244431079837096,questions_in
2025-10-29T13:36:32.860165,PUBLISH,daae75b8c0524aec9c00b55b6e19ba08,68f2d95bd190740cfd6a1fa1,ENQUEUED,1.044891809365592,questions_in
2025-10-29T13:36:33.747116,PUBLISH,8661706302374bd7a83ebee079a08a38,68f2d95bd190740cfd6a3c48,ENQUEUED,0.8804205301787055,questions_in
2025-10-29T13:36:34.700558,PUBLISH,78a4aea323a8411f898e57ad0942c699,68f2d95bd190740cfd6a31ce,ENQUEUED,0.9475224865861226,questions_in
2025-10-29T13:36:34.882503,PUBLISH,79def5c0ce264db3b5af60debefbc2a7,68f2d95bd190740cfd6a403c,ENQUEUED,0.17638374561947476,questions_in
2025-10-29T13:36:35.746481,PUBLISH,477f54514c274eb9b67fa3129cfaa133,68f2d95bd190740cfd6a3ecc,ENQUEUED,0.8569275856022821,questions_in
2025-10-29T13:36:36.252318,PUBLISH,a4d95363757846fda9f13cafcbbb2df0,68f2d95bd190740cfd6a27d3,ENQUEUED,0.50052597600185,questions_in
2025-10-29T13:36:38.924089,PUBLISH,0aaa5230fc334dc593c12613b726cd3f,68f2d95bd190740cfd6a2f70,ENQUEUED,2.664760585513118,questions_in
2025-10-29T13:36:39.547806,PUBLISH,657d1b8ebd984ca0a75ac1515072bb4b,68f2d95bd190740cfd6a285c,ENQUEUED,0.618543365978587,questions_in
2025-10-29T13:36:40.494602,PUBLISH,c1deb3bc31434f848317f28e89b4d92c,68f2d95bd190740cfd6a3f3e,ENQUEUED,0.9430572994119356,questions_in
2025-10-29T13:36:41.367920,PUBLISH,fec8f1619fb845969b950d7b63515c31,68f2d95bd190740cfd6a3ff2,ENQUEUED,0.8670133167395763,questions_in
2025-10-29T13:36:41.714173,PUBLISH,a2fb4744719c42518e7ec41a3ae04172,68f2d95bd190740cfd6a3d2b,ENQUEUED,0.34092129769029905,questions_in
2025-10-29T13:36:42.383611,PUBLISH,551db1233be04534b02a2f58047f96a9,68f2d95bd190740cfd6a3bb9,ENQUEUED,0.6674956105724125,questions_in
2025-10-29T13:36:42.665955,PUBLISH,31912200b7bc4dc381012c8329c60ead,68f2d95bd190740cfd6a3d87,ENQUEUED,0.2803444328195387,questions_in
2025-10-29T13:36:43.540922,PUBLISH,e2c02c6bb5b44c52a76fc4ae4bc81c09,68f2d95bd190740cfd6a3eeb,ENQUEUED,0.868992050437191,questions_in
2025-10-29T13:36:43.784326,PUBLISH,3ed211e1167d42be95983c7a2e1d068e,68f2d95bd190740cfd6a35fe,ENQUEUED,0.2372446408717143,questions_in
2025-10-29T13:36:44.879584,PUBLISH,62f2e97f46054869b8986de2b5360241,68f2d95bd190740cfd6a2924,ENQUEUED,1.0927935967197113,questions_in
2025-10-29T13:36:46.110221,PUBLISH,b93c37924b0349e79d6995577f770076,68f2d95bd190740cfd6a38f6,ENQUEUED,1.2241756010821687,questions_in
2025-10-29T13:36:46.655175,PUBLISH,d1a11acfb7174e68b176118970435bf8,68f2d95bd190740cfd6a2a10,ENQUEUED,0.5380746426928611,questions_in
2025-10-29T13:36:47.030080,PUBLISH,3d455415dc6240d3aef66a4ea5dcd7a2,68f2d95bd190740cfd6a22e2,ENQUEUED,0.36927623800391035,questions_in
2025-10-29T13:36:47.040497,PUBLISH,df268bc2eae742ff97a7b4c1c4d9e7a0,68f2d95bd190740cfd6a3352,ENQUEUED,0.0049483153719342265,questions_in
2025-10-29T13:36:47.613062,PUBLISH,880df98beb5d4329aadcec90621d9034,68f2d95bd190740cfd6a27c6,ENQUEUED,0.5664281350368608,questions_in
2025-10-29T13:36:47.641253,PUBLISH,4b6d99b5cf834e01942a6d8186ec980e,68f2d95bd190740cfd6a3c68,ENQUEUED,0.026573964818871403,questions_in
2025-10-29T13:36:47.701557,PUBLISH,105b6439e0084dc591c313e0d74a5540,68f2d95bd190740cfd6a23ac,ENQUEUED,0.058296021265123926,questions_in
2025-10-29T13:36:48.152904,PUBLISH,b2c6979821394d759b9f572017bc8d32,68f2d95bd190740cfd6a3435,ENQUEUED,0.4493541227881874,questions_in
2025-10-29T13:36:48.177478,PUBLISH,b4fac75aadd940fca833f560c39ffcb9,68f2d95bd190740cfd6a2632,ENQUEUED,0.02319543163092661,questions_in
2025-10-29T13:36:48.544554,PUBLISH,41094469f2e344388e4db2cf9b740dfa,68f2d95bd190740cfd6a3729,ENQUEUED,0.3602998642292994,questions_in
2025-10-29T13:36:48.786467,PUBLISH,37c7324cdd114b3c9698e3513a62f442,68f2d95bd190740cfd6a410e,ENQUEUED,0.23556863268268702,questions_in
2025-10-29T13:36:50.830948,PUBLISH,c987c17fcf384d6f880d8c881faaced6,68f2d95bd190740cfd6a2315,ENQUEUED,2.037272852398287,questions_in
2025-10-29T13:36:51.956121,PUBLISH,ae37f608f3c540a68eb0090d86221e60,68f2d95bd190740cfd6a3b5b,ENQUEUED,1.1181833802633037,questions_in
2025-10-29T13:36:52.256308,PUBLISH,57c5795f5f6d459a9554d23f9dd8076f,68f2d95bd190740cfd6a3b2d,ENQUEUED,0.29052204994160263,questions_in
2025-10-29T13:36:53.359264,PUBLISH,839afd8de698466cb04c47cf41c27b26,68f2d95bd190740cfd6a2fe4,ENQUEUED,1.0957879471439222,questions_in
2025-10-29T13:36:53.829008,PUBLISH,f23e5a68cf36452f93253f4604903f44,68f2d95bd190740cfd6a2bda,ENQUEUED,0.463666902747522,questions_in
2025-10-29T13:36:54.775497,PUBLISH,8fdafaa837a547e3b89c886babbe9306,68f2d95bd190740cfd6a1e1a,ENQUEUED,0.9407307240872306,questions_in
2025-10-29T13:36:56.130465,PUBLISH,25d8d4947ee347da80f18bb17a84e1b7,68f2d95bd190740cfd6a23f2,ENQUEUED,1.3493224730768396,questions_in
2025-10-29T13:36:56.223481,PUBLISH,02fe4d72a73241dbb82923198f298473,68f2d95bd190740cfd6a3e48,ENQUEUED,0.09125866276174337,questions_in
2025-10-29T13:36:56.437304,PUBLISH,0b2775b17e614291ab5e7d19a091c103,68f2d95bd190740cfd6a2c35,ENQUEUED,0.20829564691659078,questions_in
2025-10-29T13:36:57.250220,PUBLISH,3b42f57dfebc4dd6953612cd75f5a029,68f2d95bd190740cfd6a2678,ENQUEUED,0.8111767451727468,questions_in
2025-10-29T13:36:59.402812,PUBLISH,c073cc2d21084de68c14a08d8ceb8fa5,68f2d95bd190740cfd6a3bc4,ENQUEUED,2.145360171906384,questions_in
2025-10-29T13:37:00.521069,PUBLISH,4cf91261fb334ef0a414141436e3f009,68f2d95bd190740cfd6a393d,ENQUEUED,1.111700613136217,questions_in
2025-10-29T13:37:00.569849,PUBLISH,f7919a47404e46e89a1208c7fe458471,68f2d95bd190740cfd6a2851,ENQUEUED,0.042742496457541995,questions_in
2025-10-29T13:37:00.589452,PUBLISH,90efca78ab3643bca4fb52ae35722f05,68f2d95bd190740cfd6a1fac,ENQUEUED,0.014286498330619119,questions_in
2025-10-29T13:37:01.875732,PUBLISH,3dc61a61380d48438fdf8065849ed6a9,68f2d95bd190740cfd6a357a,ENQUEUED,1.2786501544683402,questions_in
2025-10-29T13:37:01.947649,PUBLISH,172915fa491d4a3284920cd007de3078,68f2d95bd190740cfd6a32ce,ENQUEUED,0.06864173631575528,questions_in
2025-10-29T13:37:03.725472,PUBLISH,204426d685c643da832d80c1ee6b94e9,68f2d95bd190740cfd6a2060,ENQUEUED,1.7706422211615174,questions_in
2025-10-29T13:37:05.023477,PUBLISH,b8480b3410b8432bb458e87c7b82ab4d,68f2d95bd190740cfd6a2ecf,ENQUEUED,1.2912811508244153,questions_in
2025-10-29T13:37:05.571920,PUBLISH,32e763be77014fd39b27b3be84dc7f2f,68f2d95bd190740cfd6a3235,ENQUEUED,0.5412504437585864,questions_in
2025-10-29T13:37:05.671961,PUBLISH,c3cd2bee44cf4e1dac6fc6a08c6f9c57,68f2d95bd190740cfd6a326e,ENQUEUED,0.094391410099185,questions_in
2025-10-29T13:37:07.273752,PUBLISH,1cacc020a9604e1ab667b4c5ed8ee9f0,68f2d95bd190740cfd6a2a94,ENQUEUED,1.5959642686048803,questions_in
2025-10-29T13:37:07.680081,PUBLISH,ea99bfac791b4870864fc5ee2bd1b0a0,68f2d95bd190740cfd6a2ea5,ENQUEUED,0.3998781384243777,questions_in
2025-10-29T13:37:07.837214,PUBLISH,f13a4c09d6e54e8d835ff38cf32d56c7,68f2d95bd190740cfd6a20ac,ENQUEUED,0.1518530259928927,questions_in
2025-10-29T13:37:07.879033,PUBLISH,529379e16caa47d1b158dae9ffd4d6ce,68f2d95bd190740cfd6a39ae,ENQUEUED,0.0398338074076663,questions_in
2025-10-29T13:37:09.180629,PUBLISH,60cf83fd32e64fb79e6ce076111d37dc,68f2d95bd190740cfd6a24c6,ENQUEUED,1.2949939185451034,questions_in
2025-10-29T13:37:10.131263,PUBLISH,dafd5e64bb7d419cbc44e89081407128,68f2d95bd190740cfd6a31f9,ENQUEUED,0.9428878861423726,questions_in
2025-10-29T13:37:10.293083,PUBLISH,000950e5eac24fa1b5a24b65d53d59e4,68f2d95bd190740cfd6a26e2,ENQUEUED,0.156601751169,questions_in
2025-10-29T13:37:10.958604,PUBLISH,6c2bafa76a0a4897bf4e6c1e68d7999e,68f2d95bd190740cfd6a2e0a,ENQUEUED,0.6589863669787154,questions_in
2025-10-29T13:37:11.163426,PUBLISH,e7ced31fa8c4420eb4ed8b60589dcbdd,68f2d95bd190740cfd6a2503,ENQUEUED,0.19898502117497008,questions_in
2025-10-29T13:37:12.155607,PUBLISH,752e12a1c18649959c825b614dac591a,68f2d95bd190740cfd6a3a91,ENQUEUED,0.9857547188917318,questions_in
2025-10-29T13:37:12.462954,PUBLISH,e0d451becc3442e3b37dcba4b679ced2,68f2d95bd190740cfd6a414f,ENQUEUED,0.30572828671845836,questions_in
2025-10-29T13:37:13.349689,PUBLISH,6fedfbce3be14b18b6d176bc9a2df997,68f2d95bd190740cfd6a2b05,ENQUEUED,0.8796100724778827,questions_in
2025-10-29T13:37:13.933296,PUBLISH,3cdf0db1a0ca4151b1d80c28996a06b7,68f2d95bd190740cfd6a3837,ENQUEUED,0.5768007498547758,questions_in
2025-10-29T13:37:14.167289,PUBLISH,bace78192a34421e980fd43d99cbd689,68f2d95bd190740cfd6a3e72,ENQUEUED,0.22854423397005263,questions_in
2025-10-29T13:37:14.719520,PUBLISH,4bc585387fa14e5888079f070842ac68,68f2d95bd190740cfd6a38a8,ENQUEUED,0.5470999583917873,questions_in
2025-10-29T13:37:15.233664,PUBLISH,8785c2fa0af3450cbc9012e604c380e1,68f2d95bd190740cfd6a2963,ENQUEUED,0.508558505398905,questions_in
2025-10-29T13:37:15.403456,PUBLISH,e68f03e5089d43eaafe2b5cf0b2d78e6,68f2d95bd190740cfd6a32f6,ENQUEUED,0.16443081756204897,questions_in
2025-10-29T13:37:15.498473,PUBLISH,98d17d1eccaf4e469c1bbe018f735223,68f2d95bd190740cfd6a3e9f,ENQUEUED,0.0897320924211542,questions_in
2025-10-29T13:37:15.991290,PUBLISH,6ada7c88d0aa4f89b03d85b30e50e932,68f2d95bd190740cfd6a1ddf,ENQUEUED,0.49135879159166124,questions_in
2025-10-29T13:37:16.781018,PUBLISH,39cd156de2314c5cbc6af9f1fc432b30,68f2d95bd190740cfd6a2510,ENQUEUED,0.783278559545328,questions_in
2025-10-29T13:37:16.876936,PUBLISH,e2e10cf0900f40f386c47a6bd1a247a1,68f2d95bd190740cfd6a1f01,ENQUEUED,0.08974957112714443,questions_in
2025-10-29T13:37:17.693461,PUBLISH,8ee09649a94643c9b5c2ca14e3c8f93e,68f2d95bd190740cfd6a2179,ENQUEUED,0.8122246304629758,questions_in
2025-10-29T13:37:17.811428,PUBLISH,3f02f3ad2a794fd0864466f4fbd2d1b2,68f2d95bd190740cfd6a268f,ENQUEUED,0.11221740642462412,questions_in
2025-10-29T13:37:18.001475,PUBLISH,ecad5163a769443ab6f12befa00bd018,68f2d95bd190740cfd6a2672,ENQUEUED,0.18402431356528962,questions_in
2025-10-29T13:37:18.073779,PUBLISH,217c9eb31e6646fe9e2da1ce51bc8660,68f2d95bd190740cfd6a3ba2,ENQUEUED,0.06803918604540075,questions_in
2025-10-29T13:37:20.686330,PUBLISH,6edce1fd831f4424ad77dddde443a79c,68f2d95bd190740cfd6a26e4,ENQUEUED,2.6036082191511087,questions_in
2025-10-29T13:37:20.971949,PUBLISH,e4895f0038224d789cf83c0897d7e951,68f2d95bd190740cfd6a1ce0,ENQUEUED,0.28006218568853974,questions_in
2025-10-29T13:37:21.073614,PUBLISH,0be1379ce8ab486ea7074157467c0d68,68f2d95bd190740cfd6a395a,ENQUEUED,0.09697132686795111,questions_in
2025-10-29T13:37:22.002121,PUBLISH,10ef3d9a49b24d29836973c494dbe20f,68f2d95bd190740cfd6a1e05,ENQUEUED,0.9232840394001304,questions_in
2025-10-29T13:37:22.016841,PUBLISH,45f2b11f04294d348c9839fa5f6548c4,68f2d95bd190740cfd6a2dcd,ENQUEUED,0.013060329927091269,questions_in
2025-10-29T13:37:22.019110,PUBLISH,d7fb52f843494bbbac537b769823c7f5,68f2d95bd190740cfd6a1eb1,ENQUEUED,0.0006000473884560908,questions_in
2025-10-29T13:37:25.158199,PUBLISH,157d84f0f6a14f5a866339e24e70c65f,68f2d95bd190740cfd6a3be9,ENQUEUED,3.1355493676426964,questions_in
2025-10-29T13:37:25.395038,PUBLISH,16108584c9dd4dc2a353bb2f20858b75,68f2d95bd190740cfd6a2ec6,ENQUEUED,0.23093546429866016,questions_in
2025-10-29T13:37:25.659077,PUBLISH,05a1b9e28d3d4b8aaca8c3028e3aa38b,68f2d95bd190740cfd6a35cf,ENQUEUED,0.25803014090064336,questions_in
2025-10-29T13:37:26.091429,PUBLISH,ab63234e8b3a43ba9cec3caa8b7e8fec,68f2d95bd190740cfd6a3939,ENQUEUED,0.4261978862358881,questions_in
2025-10-29T13:37:27.494527,PUBLISH,fd8e5311901d4499a0628e61511cc737,68f2d95bd190740cfd6a348f,ENQUEUED,1.3968379927219574,questions_in
2025-10-29T13:37:27.785888,PUBLISH,488e36f55dcd453ba7f6c8b61e643d17,68f2d95bd190740cfd6a33d5,ENQUEUED,0.2855209358782633,questions_in
2025-10-29T13:37:29.131189,PUBLISH,9152fb48ac88491ba2005ad3b4c0c802,68f2d95bd190740cfd6a32d0,ENQUEUED,1.3389049011028569,questions_in
2025-10-29T13:37:29.753403,PUBLISH,1d220db8fedc4e338359e097b50b4063,68f2d95bd190740cfd6a2cc1,ENQUEUED,0.616743692471018,questions_in
2025-10-29T13:37:32.028133,PUBLISH,d8ad5b1d5ff24bdf9487e41bd02aa077,68f2d95bd190740cfd6a3043,ENQUEUED,2.2661525752169935,questions_in
2025-10-29T13:37:32.448794,PUBLISH,abdb8f75ade9423492f4ddc535866504,68f2d95bd190740cfd6a2a6d,ENQUEUED,0.41351981887120787,questions_in
2025-10-29T13:37:33.243774,PUBLISH,c90372360b274842b4ac1225cee8f396,68f2d95bd190740cfd6a2afd,ENQUEUED,0.7885791574897306,questions_in
2025-10-29T13:37:33.378149,PUBLISH,ee71b17397a2481399813ced4402b0aa,68f2d95bd190740cfd6a39d0,ENQUEUED,0.13248392457969574,questions_in
2025-10-29T13:37:35.121591,PUBLISH,50e132ea71de4465a02390e3493f0dfa,68f2d95bd190740cfd6a34e1,ENQUEUED,1.7360086728159965,questions_in
2025-10-29T13:37:36.620813,PUBLISH,cf569ebf34cd43f58ee10df9f3dc6929,68f2d95bd190740cfd6a383c,ENQUEUED,1.492264162254117,questions_in
2025-10-29T13:37:36.938880,PUBLISH,49ff8b02aa15404fb1b61b5697265b3f,68f2d95bd190740cfd6a263e,ENQUEUED,0.3115873113348994,questions_in
2025-10-29T13:37:38.118402,PUBLISH,089f61dd739d4d87b1446e32b754d225,68f2d95bd190740cfd6a3a06,ENQUEUED,1.1729860812570225,questions_in
2025-10-29T13:37:38.197313,PUBLISH,d6dca18950114411869b702b275f2446,68f2d95bd190740cfd6a2b9a,ENQUEUED,0.07325979964110364,questions_in
2025-10-29T13:37:38.700499,PUBLISH,26f086e1c2a542a697f1eb01c624c534,68f2d95bd190740cfd6a3dcd,ENQUEUED,0.4971395808778937,questions_in
2025-10-29T13:37:39.892607,PUBLISH,67695c744d35490f9e7d136ef14ed4a2,68f2d95bd190740cfd6a21e9,ENQUEUED,1.1856255644985156,questions_in
2025-10-29T13:37:40.025991,PUBLISH,f4f5232101d8428daee8ea2c4b9b40a3,68f2d95bd190740cfd6a353e,ENQUEUED,0.12770420599202673,questions_in
2025-10-29T13:37:41.617566,PUBLISH,b9bfe45ccd244d17bf7be641d89b1ff9,68f2d95bd190740cfd6a36e8,ENQUEUED,1.5848005231176863,questions_in
2025-10-29T13:37:41.628098,PUBLISH,15cf05d99b0c464ba48d882a54c1751e,68f2d95bd190740cfd6a2364,ENQUEUED,0.00860679135995311,questions_in
2025-10-29T13:37:42.818291,PUBLISH,5b4b309c4c4046609b34e1edbb329bcb,68f2d95bd190740cfd6a20d5,ENQUEUED,1.1840217890250602,questions_in
2025-10-29T13:37:43.173467,PUBLISH,47d49c9875044534b6a9d552473d85de,68f2d95bd190740cfd6a3393,ENQUEUED,0.3531608069208192,questions_in
2025-10-29T13:37:43.360244,PUBLISH,41c2625416ca47089795955e26d6515d,68f2d95bd190740cfd6a2cdb,ENQUEUED,0.18099482821927967,questions_in
2025-10-29T13:37:44.056894,PUBLISH,6a70cb2298eb4bd49ce9bb17f43840f6,68f2d95bd190740cfd6a1d0a,ENQUEUED,0.6940922435002223,questions_in
2025-10-29T13:37:46.034307,PUBLISH,5b1316d4c5c2457fad39ceea8e6db33b,68f2d95bd190740cfd6a229d,ENQUEUED,1.9748666978565492,questions_in
2025-10-29T13:37:46.660595,PUBLISH,1fd9765095614070ae86da317811bf45,68f2d95bd190740cfd6a345a,ENQUEUED,0.6202031002111211,questions_in
2025-10-29T13:37:47.180385,PUBLISH,92d8f967f4444d339332f070421a9038,68f2d95bd190740cfd6a1fed,ENQUEUED,0.514692737408535,questions_in
2025-10-29T13:37:47.403307,PUBLISH,9388ce7a06bb45e0970ce785559836fe,68f2d95bd190740cfd6a37b1,ENQUEUED,0.21711206347355472,questions_in
2025-10-29T13:37:48.154003,PUBLISH,67e47b65097b45ac9c96edbc32c2eb77,68f2d95bd190740cfd6a24b5,ENQUEUED,0.7452376929312458,questions_in
2025-10-29T13:37:48.423466,PUBLISH,d6f6dd8bac654f2b92c9613745410096,68f2d95bd190740cfd6a3f4f,ENQUEUED,0.2637347340282397,questions_in
2025-10-29T13:37:48.588450,PUBLISH,5b0683898e2c47dc87f9ff6ffc218d8d,68f2d95bd190740cfd6a22a7,ENQUEUED,0.15994780658570937,questions_in
2025-10-29T13:37:48.633777,PUBLISH,a2ee3bafe9314bad9d1c7dd5e9e60879,68f2d95bd190740cfd6a1e96,ENQUEUED,0.042802735553792416,questions_in
2025-10-29T13:37:49.364636,PUBLISH,5233caaf41334c64b0fd777607deddcf,68f2d95bd190740cfd6a3d53,ENQUEUED,0.7283452031251554,questions_in
2025-10-29T13:37:49.476730,PUBLISH,636115a881d54cb2a73d25ad2077e9fd,68f2d95bd190740cfd6a1e9b,ENQUEUED,0.11060377568039682,questions_in
2025-10-29T13:37:51.802105,PUBLISH,68ccb85e6fa2471eb8095dd76aa755bb,68f2d95bd190740cfd6a3868,ENQUEUED,2.3186207823604055,questions_in
2025-10-29T13:37:51.840472,PUBLISH,325105d123b04eff92a9dff4fec43e18,68f2d95bd190740cfd6a2640,ENQUEUED,0.03568167991560949,questions_in
2025-10-29T13:37:53.479622,PUBLISH,e8b29b48d1e44031a01dbedcd32d9bc9,68f2d95bd190740cfd6a293b,ENQUEUED,1.6316282308352903,questions_in
2025-10-29T13:37:54.044279,PUBLISH,cda0b23a66d848cbb5d79cfd0a440f1d,68f2d95bd190740cfd6a39e1,ENQUEUED,0.5613603940989743,questions_in
2025-10-29T13:37:54.329503,PUBLISH,5bc77af92bdb4d239596109d5792bb2b,68f2d95bd190740cfd6a2f00,ENQUEUED,0.2794446270390643,questions_in
2025-10-29T13:37:55.437748,PUBLISH,f271f303f24e4171b6c9ea06f4b453ae,68f2d95bd190740cfd6a1fe5,ENQUEUED,1.1016535962377938,questions_in
2025-10-29T13:37:57.091764,PUBLISH,3b5b9ec5d53a495791d4193e75883fec,68f2d95bd190740cfd6a20fe,ENQUEUED,1.6460777405024285,questions_in
2025-10-29T13:37:57.527813,PUBLISH,86546b46f9fb4fa5aeb7ae2813437929,68f2d95bd190740cfd6a285a,ENQUEUED,0.43332318425854816,questions_in
2025-10-29T13:37:58.242476,PUBLISH,28fe488b88234cc8a8adbfb199053f7f,68f2d95bd190740cfd6a2b71,ENQUEUED,0.7076199852983821,questions_in
2025-10-29T13:37:59.180400,PUBLISH,5936e23828934671a691dd4c04911143,68f2d95bd190740cfd6a298b,ENQUEUED,0.9307393637363518,questions_in
2025-10-29T13:38:00.030194,PUBLISH,0263c86446f347499faa047ad1f29fe8,68f2d95bd190740cfd6a3465,ENQUEUED,0.8433393660812532,questions_in
2025-10-29T13:38:01.083645,PUBLISH,d7e5277b82134ce5b736347b76dac7f1,68f2d95bd190740cfd6a3fe9,ENQUEUED,1.047765013356617,questions_in
2025-10-29T13:38:02.205395,PUBLISH,a1a7bd3015f04151accda193bf796528,68f2d95bd190740cfd6a2f8a,ENQUEUED,1.1188563879478097,questions_in
2025-10-29T13:38:02.264149,PUBLISH,ba4d76e7dc104b9fa36b7d68a3b2d91b,68f2d95bd190740cfd6a3642,ENQUEUED,0.055634072721476004,questions_in
2025-10-29T13:38:02.443532,PUBLISH,aeb545c185034a3eb5a4a1f07a5c8549,68f2d95bd190740cfd6a3a9e,ENQUEUED,0.1735830953367636,questions_in
2025-10-29T13:38:03.389831,PUBLISH,25fffcad1b5c411c8bd979a233c015fd,68f2d95bd190740cfd6a406d,ENQUEUED,0.9412882296002495,questions_in
2025-10-29T13:38:03.540796,PUBLISH,e173761fe938440caa396b2fbc277b20,68f2d95bd190740cfd6a2ecc,ENQUEUED,0.14583799682705242,questions_in
2025-10-29T13:38:04.105454,PUBLISH,531c5d22c1dc4aa2a375373d2867f5a2,68f2d95bd190740cfd6a1c92,ENQUEUED,0.5594126629105455,questions_in
2025-10-29T13:38:05.378799,PUBLISH,3abad8e1b17f4d74a6aa14524bae730c,68f2d95bd190740cfd6a3fd3,ENQUEUED,1.2674538323351732,questions_in
2025-10-29T13:38:05.434630,PUBLISH,16c387e7f10b4fba858e068618576085,68f2d95bd190740cfd6a1e40,ENQUEUED,0.05050842741280962,questions_in
2025-10-29T13:38:06.684679,PUBLISH,85ac9c63e12541849d9de02696e2ea38,68f2d95bd190740cfd6a31b9,ENQUEUED,1.244158257979792,questions_in
2025-10-29T13:38:06.887950,PUBLISH,d9d8828388484510b4b6493d218a0fee,68f2d95bd190740cfd6a3ebb,ENQUEUED,0.19814929864372285,questions_in
2025-10-29T13:38:07.180784,PUBLISH,5110ffc132ef4f63849cc237ab7b1b41,68f2d95bd190740cfd6a2020,ENQUEUED,0.2870272002225293,questions_in
2025-10-29T13:38:07.589049,PUBLISH,8a6d359dbb74435b86550bb80223c8a7,68f2d95bd190740cfd6a2c69,ENQUEUED,0.4025356032356318,questions_in
2025-10-29T13:38:08.158337,PUBLISH,46c345b75a554c51996c3d3e317e48c4,68f2d95bd190740cfd6a28c9,ENQUEUED,0.562490756997481,questions_in
2025-10-29T13:38:08.490661,PUBLISH,c8a1c24328904cc6859d4bd7fcfa7895,68f2d95bd190740cfd6a3078,ENQUEUED,0.32618769617638316,questions_in
2025-10-29T13:38:08.927131,PUBLISH,e12e8c6b725e4a0d8543ff42330a8745,68f2d95bd190740cfd6a3b07,ENQUEUED,0.4346618987957281,questions_in
2025-10-29T13:38:09.498553,PUBLISH,2e085daf5cce4d07acc37d17fedecb40,68f2d95bd190740cfd6a1d9b,ENQUEUED,0.5661579573564705,questions_in
2025-10-29T13:38:11.333141,PUBLISH,2d928f4b20864586ad57cda48e241dc7,68f2d95bd190740cfd6a2421,ENQUEUED,1.8267542327418356,questions_in
2025-10-29T13:38:11.705374,PUBLISH,ad187ceb66aa46708f5d28625163f4d4,68f2d95bd190740cfd6a2048,ENQUEUED,0.36658898230507325,questions_in
2025-10-29T13:38:11.717529,PUBLISH,2f73578da14d4758a92ce4eb31087e6d,68f2d95bd190740cfd6a393a,ENQUEUED,0.006357438226327218,questions_in
2025-10-29T13:38:11.838698,PUBLISH,af91ba2d2e604fe9b947fea95c983655,68f2d95bd190740cfd6a2df1,ENQUEUED,0.11487691195134442,questions_in
2025-10-29T13:38:12.838120,PUBLISH,dc469a87587646cfa727a5025da2a4ce,68f2d95bd190740cfd6a1b62,ENQUEUED,0.9944673471245696,questions_in
2025-10-29T13:38:13.638835,PUBLISH,41d32eb19d764cc68a300b06c5e5697d,68f2d95bd190740cfd6a2381,ENQUEUED,0.794382654807539,questions_in
2025-10-29T13:38:14.244505,PUBLISH,60890cc2e1fe4422b74f0d4ef38f59d5,68f2d95bd190740cfd6a30eb,ENQUEUED,0.6002076671558786,questions_in
2025-10-29T13:38:14.624068,PUBLISH,572121776e96469fa26f1b7d1f408897,68f2d95bd190740cfd6a29fa,ENQUEUED,0.3766558089841059,questions_in
2025-10-29T13:38:14.644496,PUBLISH,20bd16c7af35456581896d807dde923e,68f2d95bd190740cfd6a1cb7,ENQUEUED,0.018672535012330172,questions_in
2025-10-29T13:38:15.349718,PUBLISH,2b6704cd002d4dbeb3ee465eb6b57695,68f2d95bd190740cfd6a3366,ENQUEUED,0.6999801462289144,questions_in
2025-10-29T13:38:16.685765,PUBLISH,6cc5509efae04a76822ba9fb973dc843,68f2d95bd190740cfd6a4196,ENQUEUED,1.3293313091588457,questions_in
2025-10-29T13:38:17.552715,PUBLISH,78cca441ef584ed5b8c9c55b5d3dd5e9,68f2d95bd190740cfd6a3252,ENQUEUED,0.8621302750483949,questions_in
2025-10-29T13:38:18.250114,PUBLISH,9b19375b98ac405887218006d83aa8bb,68f2d95bd190740cfd6a2db2,ENQUEUED,0.6916347618589794,questions_in
2025-10-29T13:38:18.445803,PUBLISH,3185b20817ea44aebae11e4577d36a43,68f2d95bd190740cfd6a3a4d,ENQUEUED,0.19074841376653093,questions_in
2025-10-29T13:38:18.473144,PUBLISH,fee49c764a764b1c96e26e3216e36b40,68f2d95bd190740cfd6a3fa0,ENQUEUED,0.022825790469397946,questions_in
2025-10-29T13:38:20.453322,PUBLISH,bdd1d15ef0a4455aabf844e0fdaca636,68f2d95bd190740cfd6a2fea,ENQUEUED,1.9773079879421962,questions_in
2025-10-29T13:38:20.738054,PUBLISH,422912fec556432bbc909c46059404d5,68f2d95bd190740cfd6a2a4d,ENQUEUED,0.27910129188110616,questions_in
2025-10-29T13:38:21.026924,PUBLISH,205b3b77e2a642d5ba3b4fba43c53179,68f2d95bd190740cfd6a401a,ENQUEUED,0.28334971154044647,questions_in
2025-10-29T13:38:22.587498,PUBLISH,1c9425dcf34e444dbe16665218d9a8e4,68f2d95bd190740cfd6a3655,ENQUEUED,1.5538545508438777,questions_in
2025-10-29T13:38:22.651982,PUBLISH,9d544d4945ec473db29cd2f436bf834b,68f2d95bd190740cfd6a1efa,ENQUEUED,0.0616760359764062,questions_in
2025-10-29T13:38:23.157096,PUBLISH,c54d595e98654c1a92d9e5b20af06cb1,68f2d95bd190740cfd6a2a76,ENQUEUED,0.5000529698759703,questions_in
2025-10-29T13:38:23.340144,PUBLISH,d42cb41527d943258209eea2c63f7fe2,68f2d95bd190740cfd6a2d57,ENQUEUED,0.17780542339865427,questions_in
2025-10-29T13:38:23.664286,PUBLISH,edf48871b98f4cd69109b701d151ccc3,68f2d95bd190740cfd6a3d98,ENQUEUED,0.31916820597826784,questions_in
2025-10-29T13:38:24.428717,PUBLISH,e1a306c5892b49bca6dbd950f7c8e2fe,68f2d95bd190740cfd6a2baf,ENQUEUED,0.7589544011017256,questions_in
2025-10-29T13:38:25.604595,PUBLISH,a08e13edd72b474094994c035cb8e4b6,68f2d95bd190740cfd6a2904,ENQUEUED,1.1691661879842838,questions_in
2025-10-29T13:38:25.720890,PUBLISH,f5cb484fa0c0496a8888d0cff5ad24e8,68f2d95bd190740cfd6a1ba2,ENQUEUED,0.11381675946525681,questions_in
2025-10-29T13:38:26.200059,PUBLISH,1e443cd629264b4ebb629a559a7ec19a,68f2d95bd190740cfd6a3d97,ENQUEUED,0.47398393247332216,questions_in
2025-10-29T13:38:26.908919,PUBLISH,895dbe005dd84e4e82a813e16b0a083f,68f2d95bd190740cfd6a3d50,ENQUEUED,0.7035268390181072,questions_in
2025-10-29T13:38:28.498460,PUBLISH,8327262363e344ccaa4753f776c4766d,68f2d95bd190740cfd6a3ad6,ENQUEUED,1.587209026310328,questions_in
2025-10-29T13:38:29.025528,PUBLISH,3e84f7f68bda48a288d5030e06100c35,68f2d95bd190740cfd6a1d6e,ENQUEUED,0.5219641338058286,questions_in
2025-10-29T13:38:29.373651,PUBLISH,ee26aaf4424745b4b4dce9eeaaac7e09,68f2d95bd190740cfd6a4065,ENQUEUED,0.34268603685585153,questions_in
2025-10-29T13:38:29.554916,PUBLISH,1043d87bdef245dba6217a1fe49d8027,68f2d95bd190740cfd6a2222,ENQUEUED,0.17559391564032367,questions_in
2025-10-29T13:38:29.893802,PUBLISH,cff0946b7e56439e828a66882797c93f,68f2d95bd190740cfd6a1b68,ENQUEUED,0.3333729855579397,questions_in
2025-10-29T13:38:30.562512,PUBLISH,16d4fd3803934ed2a2fa62097038ed7b,68f2d95bd190740cfd6a26ae,ENQUEUED,0.6661880915682818,questions_in
2025-10-29T13:38:31.374867,PUBLISH,a62cb29c3ec3425d954235ad0712a7a1,68f2d95bd190740cfd6a309f,ENQUEUED,0.8075180020483249,questions_in
2025-10-29T13:38:31.752668,PUBLISH,c02a5d831b5e4c66b26be97694d595b5,68f2d95bd190740cfd6a3313,ENQUEUED,0.3729084390237635,questions_in
2025-10-29T13:38:32.943619,PUBLISH,119752ee616749db9161ef03dca38b34,68f2d95bd190740cfd6a30fd,ENQUEUED,1.1853642712287447,questions_in
2025-10-29T13:38:33.188370,PUBLISH,85c1352bf2554d9f8457e72630bd8e9b,68f2d95bd190740cfd6a22b1,ENQUEUED,0.23966467792878765,questions_in
2025-10-29T13:38:33.842472,PUBLISH,511dd9f6013845188f2349337c4326b6,68f2d95bd190740cfd6a2403,ENQUEUED,0.6471596131082478,questions_in
2025-10-29T13:38:35.297778,PUBLISH,5a1018a34545425387fc6faacd30c371,68f2d95bd190740cfd6a3b93,ENQUEUED,1.4491497857450348,questions_in
2025-10-29T13:38:36.186578,PUBLISH,7259c864527f4e3a9fa60cf1b08e3d2d,68f2d95bd190740cfd6a4008,ENQUEUED,0.8835874522737438,questions_in
2025-10-29T13:38:36.788058,PUBLISH,49ae0aa4fc164ac9b6e8908746d6aab1,68f2d95bd190740cfd6a3e0f,ENQUEUED,0.5962849561978719,questions_in
2025-10-29T13:38:37.106038,PUBLISH,58de2009d33a49c8b0ad25c3e14584e4,68f2d95bd190740cfd6a2116,ENQUEUED,0.31228307586389925,questions_in
2025-10-29T13:38:37.954373,PUBLISH,abc294b4993341f2ad396d0fc78a391d,68f2d95bd190740cfd6a3e9a,ENQUEUED,0.8465865286584751,questions_in
2025-10-29T13:38:38.268537,PUBLISH,525799ae574a43db9d54f8adfec44c70,68f2d95bd190740cfd6a2beb,ENQUEUED,0.30928510821581245,questions_in
2025-10-29T13:38:39.176206,PUBLISH,ab2d7047e12a47788410d26528183600,68f2d95bd190740cfd6a2a49,ENQUEUED,0.9023418199214177,questions_in
2025-10-29T13:38:39.918095,PUBLISH,318ed04377ce4b3a94210016ad098875,68f2d95bd190740cfd6a374d,ENQUEUED,0.7361232885533907,questions_in
2025-10-29T13:38:40.861219,PUBLISH,e46612aa45fa4bf9a1735898a729c6de,68f2d95bd190740cfd6a3126,ENQUEUED,0.939636142349071,questions_in
2025-10-29T13:38:41.507035,PUBLISH,48eae5a3d96a4659ae1849dc57125e2b,68f2d95bd190740cfd6a3102,ENQUEUED,0.6402878472850023,questions_in
2025-10-29T13:38:41.730837,PUBLISH,f616e7344011499199f3927cf5de9c23,68f2d95bd190740cfd6a4083,ENQUEUED,0.2188125925015881,questions_in
2025-10-29T13:38:42.171996,PUBLISH,25193969e846412494254f9258639bb0,68f2d95bd190740cfd6a1daf,ENQUEUED,0.4391244802651782,questions_in
2025-10-29T13:38:42.833188,PUBLISH,0f9df6ca37cf467ea7b4c0ffee796896,68f2d95bd190740cfd6a207b,ENQUEUED,0.6551461986104588,questions_in
2025-10-29T13:38:42.856500,PUBLISH,18860462062e4241aa7c9bd95bfdb88f,68f2d95bd190740cfd6a1c33,ENQUEUED,0.021435981516809446,questions_in
2025-10-29T13:38:43.016584,PUBLISH,dea83a150b944f39befad9be426f28a2,68f2d95bd190740cfd6a2176,ENQUEUED,0.15524116261612697,questions_in
2025-10-29T13:38:43.177661,PUBLISH,123a5e3551064aaf9eccbe145f524522,68f2d95bd190740cfd6a3ff0,ENQUEUED,0.15594195862568544,questions_in
2025-10-29T13:38:43.884856,PUBLISH,aede2b02e64147eaa95ab16cbf42e7fc,68f2d95bd190740cfd6a2236,ENQUEUED,0.7020629200102921,questions_in
2025-10-29T13:38:44.325127,PUBLISH,aa6d0d2d98bc4f7da18844fad71bdcd9,68f2d95bd190740cfd6a3eb9,ENQUEUED,0.4386093814349173,questions_in
2025-10-29T13:38:44.952911,PUBLISH,f58707e468ef428d9d453b52d3e032c4,68f2d95bd190740cfd6a2e53,ENQUEUED,0.6221817910960069,questions_in
2025-10-29T13:38:46.059018,PUBLISH,be6940ccaf064341bc46f10913b7de01,68f2d95bd190740cfd6a2cae,ENQUEUED,1.1001135150136767,questions_in
2025-10-29T13:38:46.530729,PUBLISH,4e84b6add33142918105d4ac991b1986,68f2d95bd190740cfd6a2d24,ENQUEUED,0.4665658631417923,questions_in
2025-10-29T13:38:46.820771,PUBLISH,637241cc79214e71a249c901d3079123,68f2d95bd190740cfd6a1cc6,ENQUEUED,0.285137191840254,questions_in
2025-10-29T13:38:47.109390,PUBLISH,bf2531f8a10f410abbc979dbb26f0564,68f2d95bd190740cfd6a2b01,ENQUEUED,0.28295791788387276,questions_in
2025-10-29T13:38:47.172392,PUBLISH,70be37daf40b44a4a596091d2f4334b8,68f2d95bd190740cfd6a355e,ENQUEUED,0.05937160262715513,questions_in
2025-10-29T13:38:47.182865,PUBLISH,bbd04188205a432fbe6d3dd38a1c9116,68f2d95bd190740cfd6a38e8,ENQUEUED,0.008706539719303677,questions_in
2025-10-29T13:38:47.417862,PUBLISH,17d5c0b441404286ada61562adad8af4,68f2d95bd190740cfd6a32d1,ENQUEUED,0.22963873258483114,questions_in
2025-10-29T13:38:47.798306,PUBLISH,3cf240a17f174274b1df1dea8c941550,68f2d95bd190740cfd6a3d2d,ENQUEUED,0.37888137436442704,questions_in
2025-10-29T13:38:47.827392,PUBLISH,adee375993ad451c8dca8965cca6f5ca,68f2d95bd190740cfd6a2e78,ENQUEUED,0.027528081058689213,questions_in
2025-10-29T13:38:49.290667,PUBLISH,3b30e8b9b8974f90bb8547f8d93b3576,68f2d95bd190740cfd6a23a4,ENQUEUED,1.4580165659916364,questions_in
2025-10-29T13:38:49.350488,PUBLISH,2e18194c52454b24afd12803dfda90bf,68f2d95bd190740cfd6a311c,ENQUEUED,0.056867478340643283,questions_in
2025-10-29T13:38:49.829708,PUBLISH,52ed289f70dc449886b56caf1b1438b6,68f2d95bd190740cfd6a2276,ENQUEUED,0.4738686831088425,questions_in
2025-10-29T13:38:50.182226,PUBLISH,8b6f262b0a3f4cbdb76f6084addc85b3,68f2d95bd190740cfd6a3140,ENQUEUED,0.34748626405158345,questions_in
2025-10-29T13:38:50.742458,PUBLISH,2b265b5f50ea4306a270802f819a8041,68f2d95bd190740cfd6a275a,ENQUEUED,0.5550070461824198,questions_in
2025-10-29T13:38:51.517297,PUBLISH,ba53d50d5af44526b617af75c8355f96,68f2d95bd190740cfd6a3d27,ENQUEUED,0.7690990562671334,questions_in
2025-10-29T13:38:52.723853,PUBLISH,45c49b8ecc974514b80872611ae9e443,68f2d95bd190740cfd6a1f1a,ENQUEUED,1.2000154526518874,questions_in
2025-10-29T13:38:53.151597,PUBLISH,867ae0dc3fe040b58cc1ffbe1e7004f7,68f2d95bd190740cfd6a2a35,ENQUEUED,0.42158762897947044,questions_in
2025-10-29T13:38:53.667287,PUBLISH,11d51b28118a4295b899551cc40fb30b,68f2d95bd190740cfd6a365b,ENQUEUED,0.513931706080718,questions_in
2025-10-29T13:38:53.861769,PUBLISH,58ea12fbc5b14e3b937d2505e490f5b6,68f2d95bd190740cfd6a1f02,ENQUEUED,0.1896368348048498,questions_in
2025-10-29T13:38:54.955799,PUBLISH,fcd90251c16f4f628b0f92ed25914b23,68f2d95bd190740cfd6a2f30,ENQUEUED,1.0887716685217748,questions_in
2025-10-29T13:38:57.334752,PUBLISH,16f7de3bd06940f989f069246e4da72a,68f2d95bd190740cfd6a261d,ENQUEUED,2.374483035412006,questions_in
2025-10-29T13:38:57.400997,PUBLISH,da4312d1a31044d686ba3d11c9761796,68f2d95bd190740cfd6a284d,ENQUEUED,0.0644458719358241,questions_in
2025-10-29T13:38:57.415159,PUBLISH,30efb103452a481eb8348c242282704e,68f2d95bd190740cfd6a3143,ENQUEUED,0.012641028199167377,questions_in
2025-10-29T13:38:58.048626,PUBLISH,97b3bbdcceaa428885dbb90e1474bd13,68f2d95bd190740cfd6a4075,ENQUEUED,0.6284385404825746,questions_in
2025-10-29T13:38:58.604122,PUBLISH,72a5f0b27fb44a8f87b70af6130bff9d,68f2d95bd190740cfd6a3958,ENQUEUED,0.5500344717568123,questions_in
2025-10-29T13:39:00.667938,PUBLISH,b3812b5145184ba78698e4ee0a892505,68f2d95bd190740cfd6a3b3f,ENQUEUED,2.0578581102233744,questions_in
2025-10-29T13:39:01.486048,PUBLISH,a22d60abca174108a6a0a31955b2ee79,68f2d95bd190740cfd6a27b0,ENQUEUED,0.8122083100214544,questions_in
2025-10-29T13:39:01.962482,PUBLISH,6ca56387df8340478dab93bb1b2b4f7c,68f2d95bd190740cfd6a1c1f,ENQUEUED,0.4710722899050903,questions_in
2025-10-29T13:39:02.764306,PUBLISH,d110089cc8ef498b9b8c93ab4863342c,68f2d95bd190740cfd6a2bfb,ENQUEUED,0.7961024697887411,questions_in
2025-10-29T13:39:03.511336,PUBLISH,810fc6be4cfe409cae7095ce12ba153f,68f2d95bd190740cfd6a30c0,ENQUEUED,0.7414120386307266,questions_in
2025-10-29T13:39:03.939115,PUBLISH,be3ba88cc69d427baa1160a27a24ace1,68f2d95bd190740cfd6a3beb,ENQUEUED,0.42562227695296917,questions_in
2025-10-29T13:39:03.991360,PUBLISH,e3e9fa6e24c84f6b95525b57ddc32798,68f2d95bd190740cfd6a2891,ENQUEUED,0.0500812072816316,questions_in
2025-10-29T13:39:04.786386,PUBLISH,3ee115c8be4447d2accac78d0cee0ad4,68f2d95bd190740cfd6a208f,ENQUEUED,0.7897443879136056,questions_in
2025-10-29T13:39:05.831554,PUBLISH,58e986ce3cc541f683dd5fa768f6f1fe,68f2d95bd190740cfd6a28e7,ENQUEUED,1.03957385565333,questions_in
2025-10-29T13:39:05.928592,PUBLISH,fee25033155b4ba79aa30defe05ad40e,68f2d95bd190740cfd6a24a5,ENQUEUED,0.09496367698405989,questions_in
2025-10-29T13:39:06.326775,PUBLISH,b850de07fb6e418fa3bd8a5487f6566a,68f2d95bd190740cfd6a2491,ENQUEUED,0.39195290626541945,questions_in
2025-10-29T13:39:07.701210,PUBLISH,5f1e2b2e13344bc5ac8223f7db5103f8,68f2d95bd190740cfd6a2224,ENQUEUED,1.3714775998064332,questions_in
2025-10-29T13:39:08.543672,PUBLISH,4a581b6133b745a4a5c7335929f47cd4,68f2d95bd190740cfd6a4162,ENQUEUED,0.8370508299647653,questions_in
2025-10-29T13:39:09.019435,PUBLISH,f3ac30b2f0ce483dabbf25a2f3108da9,68f2d95bd190740cfd6a1d73,ENQUEUED,0.471008668113245,questions_in
2025-10-29T13:39:09.161155,PUBLISH,a34db872d7d142e0a6ac449ac89d144e,68f2d95bd190740cfd6a32e8,ENQUEUED,0.13632295688353877,questions_in
2025-10-29T13:39:09.327572,PUBLISH,4a0065beb3574a088576c959a3f4ee9e,68f2d95bd190740cfd6a2e27,ENQUEUED,0.16472138875474082,questions_in
2025-10-29T13:39:10.385541,PUBLISH,a07c3d08e4574487a2dcb8416d841cdf,68f2d95bd190740cfd6a285c,ENQUEUED,1.0525271905751308,questions_in
2025-10-29T13:39:11.014568,PUBLISH,8b45f997faa0485eae98a08b1f29f7a3,68f2d95bd190740cfd6a35e9,ENQUEUED,0.6237518011656474,questions_in
2025-10-29T13:39:11.650846,PUBLISH,36f422e69ed94826bbd14ec025e1388e,68f2d95bd190740cfd6a2593,ENQUEUED,0.6303399109760316,questions_in
2025-10-29T13:39:12.321573,PUBLISH,377855bd153345629b9c0e8f74aff117,68f2d95bd190740cfd6a2ce4,ENQUEUED,0.6659800154486772,questions_in
2025-10-29T13:39:14.118554,PUBLISH,5a9ea3ab51df441db119e2422bf0d7c2,68f2d95bd190740cfd6a41c0,ENQUEUED,1.7911584266040608,questions_in
2025-10-29T13:39:14.623551,PUBLISH,b2cd790127b0462189af726afcc77045,68f2d95bd190740cfd6a1fce,ENQUEUED,0.5001733673892392,questions_in
2025-10-29T13:39:15.454167,PUBLISH,c6dabb5df4734ecebca879a4bfefd7f8,68f2d95bd190740cfd6a1cd7,ENQUEUED,0.8293593828889206,questions_in
2025-10-29T13:39:15.461340,PUBLISH,8bfea8e895424c3f8954e641c5954c7d,68f2d95bd190740cfd6a2fe9,ENQUEUED,0.005723196457497136,questions_in
2025-10-29T13:39:15.847602,PUBLISH,29e7baf55b2e432dbf3f17fdffb70b89,68f2d95bd190740cfd6a3cd6,ENQUEUED,0.3806403539387974,questions_in
2025-10-29T13:39:16.495713,PUBLISH,64ae5bb0c1d2475ba9e3da5cfb957e16,68f2d95bd190740cfd6a2694,ENQUEUED,0.6430945300780971,questions_in
2025-10-29T13:39:17.943713,PUBLISH,9a47cd3cd4c14039a0f228fb205b2ce6,68f2d95bd190740cfd6a21a6,ENQUEUED,1.4425554721386782,questions_in
2025-10-29T13:39:18.105682,PUBLISH,0fdff7d3d8ba42f5bc3e96d829f33b36,68f2d95bd190740cfd6a33ca,ENQUEUED,0.15626877630890584,questions_in
2025-10-29T13:39:18.459893,PUBLISH,bd5880969e9f4a849be70b3b833ae6ec,68f2d95bd190740cfd6a2abb,ENQUEUED,0.34923999453156496,questions_in
2025-10-29T13:39:19.839532,PUBLISH,72ea428697fd41b4a9c451fec4d26920,68f2d95bd190740cfd6a1f18,ENQUEUED,1.3744978666421064,questions_in
2025-10-29T13:39:21.049643,PUBLISH,974d2654b7b84290812382fe731a1e74,68f2d95bd190740cfd6a3fe4,ENQUEUED,1.204151113260488,questions_in
2025-10-29T13:39:21.344786,PUBLISH,3f8c5d6b1bf441948f84a93eee4a4be7,68f2d95bd190740cfd6a3fe4,ENQUEUED,0.29025006965702327,questions_in
2025-10-29T13:39:21.806749,PUBLISH,55b0b247a3b649b48a9d69cb3de923c8,68f2d95bd190740cfd6a400b,ENQUEUED,0.45693031237039433,questions_in
2025-10-29T13:39:21.817556,PUBLISH,fde5797022f4437fb01b1d013a8eda4e,68f2d95bd190740cfd6a1bcb,ENQUEUED,0.006949004849311195,questions_in
2025-10-29T13:39:23.986701,PUBLISH,acd9cebe18b04a989c6bc1ba5fe78cff,68f2d95bd190740cfd6a2909,ENQUEUED,2.162619077060602,questions_in
2025-10-29T13:39:24.558487,PUBLISH,baa89935e3444dc198c89373ea6774f1,68f2d95bd190740cfd6a1d7f,ENQUEUED,0.5680114900695626,questions_in
2025-10-29T13:39:24.802178,PUBLISH,302f143ea5354d73a7058fa280506e41,68f2d95bd190740cfd6a2529,ENQUEUED,0.2382092764277914,questions_in
2025-10-29T13:39:24.836221,PUBLISH,ff005b727a8a41c5875aa59f194a38f2,68f2d95bd190740cfd6a1cbf,ENQUEUED,0.03237938377632154,questions_in
2025-10-29T13:39:24.875428,PUBLISH,d639e5cf6b5e49e38dd12856948aed46,68f2d95bd190740cfd6a22be,ENQUEUED,0.03698215016638189,questions_in
2025-10-29T13:39:25.510181,PUBLISH,bf6558d988a2484caa075afb4220a5b7,68f2d95bd190740cfd6a243b,ENQUEUED,0.632759184022809,questions_in
2025-10-29T13:39:25.796294,PUBLISH,5e8aec9f8c5a4d658ec682441f628e43,68f2d95bd190740cfd6a313e,ENQUEUED,0.28451570650538216,questions_in
2025-10-29T13:39:25.819848,PUBLISH,51bf8b494a874f789638dbc89a19421d,68f2d95bd190740cfd6a3387,ENQUEUED,0.021883434887982115,questions_in
2025-10-29T13:39:26.537520,PUBLISH,aac25b6ec4f3405d8a63f4bbe738a55c,68f2d95bd190740cfd6a252a,ENQUEUED,0.7116020163778495,questions_in
2025-10-29T13:39:26.724398,PUBLISH,ba5af11225b4401a8c7191cd1914b84e,68f2d95bd190740cfd6a20c0,ENQUEUED,0.1824363023468952,questions_in
2025-10-29T13:39:27.807754,PUBLISH,c327b8e90b3c4d67aa921a1bde5a87a9,68f2d95bd190740cfd6a27d0,ENQUEUED,1.0810044843391462,questions_in
2025-10-29T13:39:27.887146,PUBLISH,222327277fdb4280851da4241b3f80da,68f2d95bd190740cfd6a27ee,ENQUEUED,0.07464503422316625,questions_in
2025-10-29T13:39:28.928529,PUBLISH,059399bc8b1f4e81b5a8f52a37ef06ac,68f2d95bd190740cfd6a1b7b,ENQUEUED,1.0363507943560712,questions_in
2025-10-29T13:39:29.133569,PUBLISH,dbb096269225428093a5fec9ecb3b9b8,68f2d95bd190740cfd6a1c21,ENQUEUED,0.20011171913973502,questions_in
2025-10-29T13:39:29.591397,PUBLISH,9e95670cd32248b98a1e98afc7b29aaf,68f2d95bd190740cfd6a3b51,ENQUEUED,0.4531120065788032,questions_in
2025-10-29T13:39:30.659550,PUBLISH,d3b54fdc0592428f8ac59d98742b07da,68f2d95bd190740cfd6a26ec,ENQUEUED,1.0621543005929477,questions_in
2025-10-29T13:39:30.851872,PUBLISH,015514e655764152a9d9036a6a10e424,68f2d95bd190740cfd6a2a55,ENQUEUED,0.19058933077107165,questions_in
2025-10-29T13:39:31.265542,PUBLISH,5e5500b8f56842e4bc99338d90574005,68f2d95bd190740cfd6a338f,ENQUEUED,0.4090603058095332,questions_in
2025-10-29T13:39:31.302204,PUBLISH,595783a6aa49491d999409dfbfe9c7d0,68f2d95bd190740cfd6a1e69,ENQUEUED,0.03446651652722518,questions_in
2025-10-29T13:39:32.226223,PUBLISH,59c5f9501d284f81b687d5bfbf090d4c,68f2d95bd190740cfd6a25da,ENQUEUED,0.9180886917051668,questions_in
2025-10-29T13:39:33.338579,PUBLISH,36c0756e6b23469cbf6bbf3fb33c30ff,68f2d95bd190740cfd6a1b80,ENQUEUED,1.1066073225423196,questions_in
2025-10-29T13:39:37.095799,PUBLISH,2e5cf1d8830d4fc5b734ddff9072ba88,68f2d95bd190740cfd6a2a84,ENQUEUED,3.751963737622487,questions_in
2025-10-29T13:39:37.968811,PUBLISH,c3cd69b19fb447d5bd7d598503573e6a,68f2d95bd190740cfd6a1e0d,ENQUEUED,0.8702079448973238,questions_in
2025-10-29T13:39:39.024624,PUBLISH,c906349c01a4471198dce8182a52bc20,68f2d95bd190740cfd6a29e6,ENQUEUED,1.0501952651001334,questions_in
2025-10-29T13:39:39.216621,PUBLISH,ade93b5a0df34673a26495a4ada153d3,68f2d95bd190740cfd6a24c6,ENQUEUED,0.18730100414413622,questions_in
2025-10-29T13:39:39.556917,PUBLISH,5f008f790eb3417c843c45f42276291f,68f2d95bd190740cfd6a3ac4,ENQUEUED,0.33449179891477226,questions_in
2025-10-29T13:39:39.623880,PUBLISH,bc9373200e1548278b5480c3eb05bfab,68f2d95bd190740cfd6a2735,ENQUEUED,0.061116002908549405,questions_in
2025-10-29T13:39:40.007647,PUBLISH,395ea324464e481fa67a0485fac8a596,68f2d95bd190740cfd6a2adc,ENQUEUED,0.37888653033347947,questions_in
2025-10-29T13:39:40.264419,PUBLISH,03bf7aad91d04fecae0af8431154f66a,68f2d95bd190740cfd6a2a43,ENQUEUED,0.24959163838242293,questions_in
2025-10-29T13:39:40.904384,PUBLISH,be44da05aa0b431fb3dd328044fa6e39,68f2d95bd190740cfd6a3123,ENQUEUED,0.6347048061042119,questions_in
2025-10-29T13:39:41.012372,PUBLISH,d7cc9e12e68544b387490f8299d97565,68f2d95bd190740cfd6a2eb9,ENQUEUED,0.10320885957770205,questions_in
2025-10-29T13:39:42.757288,PUBLISH,ffa7845ca16047e69a89366903b1b3ef,68f2d95bd190740cfd6a2f07,ENQUEUED,1.7386563609353998,questions_in
2025-10-29T13:39:42.766459,PUBLISH,f1f9a9c06c3a4f69bb889b5b54b73cc0,68f2d95bd190740cfd6a3c3e,ENQUEUED,0.004214099149317319,questions_in
2025-10-29T13:39:45.381326,PUBLISH,aa5ce3f24cb64ae2bd037d480afaf14a,68f2d95bd190740cfd6a31ad,ENQUEUED,2.607601116069248,questions_in
2025-10-29T13:39:45.734916,PUBLISH,f8a317591a2140baaefb8e8d48922e14,68f2d95bd190740cfd6a2c05,ENQUEUED,0.34906043214334453,questions_in
2025-10-29T13:39:47.133269,PUBLISH,e0b114114f9c40ebb7ee01ffade0dcdd,68f2d95bd190740cfd6a1e7d,ENQUEUED,1.396087013963079,questions_in
2025-10-29T13:39:48.347579,PUBLISH,8d6d394b0d5a40d9a9eef71e517851c6,68f2d95bd190740cfd6a3dc6,ENQUEUED,1.2075175659798745,questions_in
2025-10-29T13:39:48.572625,PUBLISH,9a7625615ab14ed994a9cbdd36154d2a,68f2d95bd190740cfd6a37a9,ENQUEUED,0.21943282766701466,questions_in
2025-10-29T13:39:49.570536,PUBLISH,eef1046744184fecab2292c16892add3,68f2d95bd190740cfd6a1ec9,ENQUEUED,0.9931646051481611,questions_in
2025-10-29T13:39:49.780440,PUBLISH,2dc0aa4b5d8f49d79921106b680faa56,68f2d95bd190740cfd6a2532,ENQUEUED,0.20380435461663352,questions_in
2025-10-29T13:39:50.542408,PUBLISH,0fbefd8d95b94da8b5e9383783f214aa,68f2d95bd190740cfd6a1e38,ENQUEUED,0.7602008489976408,questions_in
2025-10-29T13:39:51.454666,PUBLISH,33a95d68a949456bb31d42d6a8da13f4,68f2d95bd190740cfd6a3503,ENQUEUED,0.9062362306926325,questions_in
2025-10-29T13:39:51.884891,PUBLISH,8a5908b0b7c24437b9d335c272efba6d,68f2d95bd190740cfd6a2fa6,ENQUEUED,0.42516684087772044,questions_in
2025-10-29T13:39:52.059947,PUBLISH,2eb660ccdb7041be8d7ed43369327d1c,68f2d95bd190740cfd6a32ab,ENQUEUED,0.1698727270208145,questions_in
2025-10-29T13:39:52.203788,PUBLISH,4be939ff32ef4df9ba1e0806f48956f2,68f2d95bd190740cfd6a34fc,ENQUEUED,0.137931333649393,questions_in
2025-10-29T13:39:52.580858,PUBLISH,5053511531164b1e9e45f1bc1fc55d02,68f2d95bd190740cfd6a1c3d,ENQUEUED,0.3721285792037414,questions_in
2025-10-29T13:39:54.210376,PUBLISH,329d5369339b45319f8bf9680b2ac3c0,68f2d95bd190740cfd6a2352,ENQUEUED,1.6231466139552417,questions_in
2025-10-29T13:39:54.976567,PUBLISH,8bcaf654fb4a49139484ffb29f224fd9,68f2d95bd190740cfd6a2c18,ENQUEUED,0.7598187263082151,questions_in
2025-10-29T13:39:55.012519,PUBLISH,c940a99517aa4e7993b6b53faaced8d0,68f2d95bd190740cfd6a1b25,ENQUEUED,0.033744508797363355,questions_in
2025-10-29T13:39:58.977802,PUBLISH,1aa96d27369b43c6952a13b705e0f1d2,68f2d95bd190740cfd6a2ca6,ENQUEUED,3.9573293952124167,questions_in
2025-10-29T13:40:00.793557,PUBLISH,3ce56f06f1f8413b9db9cb44d6b462f8,68f2d95bd190740cfd6a3e95,ENQUEUED,1.809317943297759,questions_in
2025-10-29T13:40:01.926613,PUBLISH,75f2ec3e0f434a0183acd6caf835c8a3,68f2d95bd190740cfd6a3a0f,ENQUEUED,1.1274726878499242,questions_in
2025-10-29T13:40:01.988475,PUBLISH,4035f5d8a5a842448ffb1e4a38183ce9,68f2d95bd190740cfd6a3fe9,ENQUEUED,0.05624140553846235,questions_in
2025-10-29T13:40:02.377695,PUBLISH,98c582ed0a9f4bc39deb1e0efecd13ce,68f2d95bd190740cfd6a36bc,ENQUEUED,0.38369521380681676,questions_in
2025-10-29T13:40:02.657564,PUBLISH,f93d4410bdeb4c059b27a9a3ceaa0267,68f2d95bd190740cfd6a2abf,ENQUEUED,0.2745446577571899,questions_in
2025-10-29T13:40:02.823589,PUBLISH,d9fc223c090a46dab758d7d9635d0c29,68f2d95bd190740cfd6a3030,ENQUEUED,0.16086747758468742,questions_in
2025-10-29T13:40:05.291791,PUBLISH,c269e9077aa74bfa89f08248d82322a4,68f2d95bd190740cfd6a36c2,ENQUEUED,2.4612471421789315,questions_in
2025-10-29T13:40:05.309635,PUBLISH,49d6577d13984c329197cf3d2141f038,68f2d95bd190740cfd6a2a65,ENQUEUED,0.016152928897354566,questions_in
2025-10-29T13:40:06.270247,PUBLISH,9eae1b31c825431e9e4802ae9c22de77,68f2d95bd190740cfd6a1ff0,ENQUEUED,0.9590810171330161,questions_in
2025-10-29T13:40:06.829585,PUBLISH,8a1fb7c8a5644f0cb068a96b5d395f86,68f2d95bd190740cfd6a3dc4,ENQUEUED,0.5534923245010009,questions_in
2025-10-29T13:40:08.085575,PUBLISH,c63fa8d34fb94b12a63676faa6121468,68f2d95bd190740cfd6a34ae,ENQUEUED,1.249206721369063,questions_in
2025-10-29T13:40:08.234846,PUBLISH,fbb58eb14e9345a88e06a4976b180ae1,68f2d95bd190740cfd6a3235,ENQUEUED,0.1436502111040606,questions_in
2025-10-29T13:40:08.621496,PUBLISH,9423bcd58c21474788d2c85ffc6afc63,68f2d95bd190740cfd6a3faa,ENQUEUED,0.38066883815448604,questions_in
2025-10-29T13:40:08.845038,PUBLISH,c44737a50b4641b994f69cf4abac03f8,68f2d95bd190740cfd6a2ab2,ENQUEUED,0.21846608731147124,questions_in
2025-10-29T13:40:09.317488,PUBLISH,7ef0704c39d04b5197dfa4e6de6d5964,68f2d95bd190740cfd6a2dd1,ENQUEUED,0.4675339204770661,questions_in
2025-10-29T13:40:09.465182,PUBLISH,425b4f3b0a664e809f03e2eb1606a88f,68f2d95bd190740cfd6a41c4,ENQUEUED,0.14216423638404205,questions_in
2025-10-29T13:40:10.110016,PUBLISH,67d11df953fe449ab284da5337061904,68f2d95bd190740cfd6a343c,ENQUEUED,0.639182016346657,questions_in
2025-10-29T13:40:10.326870,PUBLISH,38a015f683c046b085a529468dcb77f0,68f2d95bd190740cfd6a2559,ENQUEUED,0.21334538870721773,questions_in
2025-10-29T13:40:10.572104,PUBLISH,c834dfc7b6b943b087f0f43695fe4b54,68f2d95bd190740cfd6a3fdb,ENQUEUED,0.24034013338665747,questions_in
2025-10-29T13:40:10.868858,PUBLISH,3510243bcf6842f28135061c2cb92e6e,68f2d95bd190740cfd6a2231,ENQUEUED,0.29084222378975505,questions_in
2025-10-29T13:40:10.881657,PUBLISH,b513f80b3b604d64bb391982516a4fa7,68f2d95bd190740cfd6a2b30,ENQUEUED,0.007905960237763411,questions_in
2025-10-29T13:40:11.196675,PUBLISH,c847379563b34848b8dc9e396ed1f4d5,68f2d95bd190740cfd6a3563,ENQUEUED,0.3103359839489161,questions_in
2025-10-29T13:40:11.383750,PUBLISH,852cfddfe9454bbaa060bbc4360279ef,68f2d95bd190740cfd6a2580,ENQUEUED,0.1827591478996116,questions_in
2025-10-29T13:40:13.427666,PUBLISH,81741594592a40d4a4bef8032a97614f,68f2d95bd190740cfd6a210c,ENQUEUED,2.0371859539347628,questions_in
2025-10-29T13:40:13.578367,PUBLISH,bd4f5b158a1d4a94993af421b7e9f046,68f2d95bd190740cfd6a1ec0,ENQUEUED,0.14600139756334676,questions_in
2025-10-29T13:40:14.320129,PUBLISH,0ed3cbab9d864cba9baeb27e4ffc3777,68f2d95bd190740cfd6a246c,ENQUEUED,0.7359174298263212,questions_in
2025-10-29T13:40:14.843300,PUBLISH,b68ae8febcb440aa8f609632fdb6f0b0,68f2d95bd190740cfd6a3670,ENQUEUED,0.5175332436941924,questions_in
2025-10-29T13:40:16.258577,PUBLISH,0219ece17b5043819a74649977c26632,68f2d95bd190740cfd6a3608,ENQUEUED,1.4091414525405828,questions_in
2025-10-29T13:40:16.587505,PUBLISH,ff4dca1ad59f41ce9064fb24e46b4bc4,68f2d95bd190740cfd6a34eb,ENQUEUED,0.32428345852965457,questions_in
2025-10-29T13:40:17.551995,PUBLISH,d04520aa814540d7a6f9c9c519911151,68f2d95bd190740cfd6a2651,ENQUEUED,0.9590487538321918,questions_in
2025-10-29T13:40:17.626712,PUBLISH,53dc211984814015a59ef377fc8bfbee,68f2d95bd190740cfd6a2cd4,ENQUEUED,0.06999941470634284,questions_in
2025-10-29T13:40:17.788572,PUBLISH,1222a70fa7274535b3368190ba3690d4,68f2d95bd190740cfd6a28d0,ENQUEUED,0.1569157660318111,questions_in
2025-10-29T13:40:18.523509,PUBLISH,11478e3b85564e2eb1830cf75b99c1b9,68f2d95bd190740cfd6a3f89,ENQUEUED,0.7290689870866114,questions_in
2025-10-29T13:40:18.771370,PUBLISH,897748c243c94eb895fa9732b1c1d679,68f2d95bd190740cfd6a3ce6,ENQUEUED,0.24611642191661032,questions_in
2025-10-29T13:40:19.343336,PUBLISH,146ebe451d3342d196538fb00523d0bd,68f2d95bd190740cfd6a3fda,ENQUEUED,0.5663334512442773,questions_in
2025-10-29T13:40:19.526235,PUBLISH,c7af7b94c1574274926454b3668b880e,68f2d95bd190740cfd6a341f,ENQUEUED,0.1778820716937647,questions_in
2025-10-29T13:40:20.118777,PUBLISH,c358a262699d43bb924653a7d694fd69,68f2d95bd190740cfd6a3890,ENQUEUED,0.5874949534842747,questions_in
2025-10-29T13:40:20.618308,PUBLISH,1f1710758e144332929b7101bbfa98cf,68f2d95bd190740cfd6a3005,ENQUEUED,0.4942979860615761,questions_in
2025-10-29T13:40:21.766646,PUBLISH,12e00440221a4dd2838b47334c99dddf,68f2d95bd190740cfd6a2948,ENQUEUED,1.142778954899435,questions_in
2025-10-29T13:40:21.828178,PUBLISH,5e5bac0356a340a0b9918e4101db5f8d,68f2d95bd190740cfd6a1b11,ENQUEUED,0.057456910977741145,questions_in
2025-10-29T13:40:22.747996,PUBLISH,7d5750ac168c45c5bf525137a58c488f,68f2d95bd190740cfd6a1e74,ENQUEUED,0.9132480107937528,questions_in
2025-10-29T13:40:23.165679,PUBLISH,ba29894f3cea41359eb7445c4170ab37,68f2d95bd190740cfd6a1f6a,ENQUEUED,0.41230558246467036,questions_in
2025-10-29T13:40:24.443589,PUBLISH,8fec11e2efb74ebdbcc714d786570f2a,68f2d95bd190740cfd6a2165,ENQUEUED,1.2714723743359262,questions_in
2025-10-29T13:40:24.706626,PUBLISH,6e77d1d623384a0e8799c5a5d08b11fd,68f2d95bd190740cfd6a2c00,ENQUEUED,0.2583038901493165,questions_in
2025-10-29T13:40:25.263705,PUBLISH,34e4abd8c58b40149de63954f47f74e5,68f2d95bd190740cfd6a32cd,ENQUEUED,0.5514389990092669,questions_in
2025-10-29T13:40:25.618559,PUBLISH,7dc24f58b2544d7e99438ea2fe5de7d4,68f2d95bd190740cfd6a30d7,ENQUEUED,0.34958855747729795,questions_in
2025-10-29T13:40:26.073488,PUBLISH,a60c5cb06cdd4051b21b33c3bbf62dad,68f2d95bd190740cfd6a378f,ENQUEUED,0.44917880430040685,questions_in
2025-10-29T13:40:26.780615,PUBLISH,eeeadd9d2fcd4aa184c04fec37e47707,68f2d95bd190740cfd6a3ac6,ENQUEUED,0.701563058465918,questions_in
2025-10-29T13:40:27.316156,PUBLISH,72198e2c5a724b73bb9e62416fc7fbab,68f2d95bd190740cfd6a1dba,ENQUEUED,0.5336797421552578,questions_in
2025-10-29T13:40:27.579808,PUBLISH,0c7231eb3cca41d7b55a934a2509bfc7,68f2d95bd190740cfd6a3437,ENQUEUED,0.2585319796650607,questions_in
2025-10-29T13:40:27.810697,PUBLISH,2a889de0543a4331ae9c22912fe95e47,68f2d95bd190740cfd6a253d,ENQUEUED,0.2258134850277421,questions_in
2025-10-29T13:40:28.086836,PUBLISH,0d5967552e1c48a8b8e8bb86fe58a5a0,68f2d95bd190740cfd6a39a0,ENQUEUED,0.2745705559684185,questions_in
2025-10-29T13:40:28.114698,PUBLISH,e13626f1276d48af9910738866cca1e8,68f2d95bd190740cfd6a3142,ENQUEUED,0.02626415118181964,questions_in
2025-10-29T13:40:28.445705,PUBLISH,5305f389e2ec4179b484b9f394cb11e4,68f2d95bd190740cfd6a3a99,ENQUEUED,0.3262426522350049,questions_in
2025-10-29T13:40:28.870865,PUBLISH,1008f7acbe97435aaaf0ba7fdea9d726,68f2d95bd190740cfd6a1d38,ENQUEUED,0.41960723683387724,questions_in
2025-10-29T13:40:29.696675,PUBLISH,1b79abb6f6884911818b27cc005df67c,68f2d95bd190740cfd6a234f,ENQUEUED,0.8194292843836432,questions_in
2025-10-29T13:40:30.521504,PUBLISH,9b3935128dcd49bd942f2b7aa44c5b4f,68f2d95bd190740cfd6a2d7c,ENQUEUED,0.8192746429327998,questions_in
2025-10-29T13:40:32.118216,PUBLISH,4151d14645634a3c8b9ac084035460ea,68f2d95bd190740cfd6a3993,ENQUEUED,1.5906176171117334,questions_in
2025-10-29T13:40:32.166226,PUBLISH,77d610a0251b4ac3ba09f3332b77def2,68f2d95bd190740cfd6a1d57,ENQUEUED,0.04555297342348435,questions_in
2025-10-29T13:40:32.286629,PUBLISH,f8104e66f6cd424c950d94d104479383,68f2d95bd190740cfd6a3be1,ENQUEUED,0.11417163244541535,questions_in
2025-10-29T13:40:32.989225,PUBLISH,a2692c80c99c4422b4618467fdc402dc,68f2d95bd190740cfd6a3f12,ENQUEUED,0.6972015937757293,questions_in
2025-10-29T13:40:34.653581,PUBLISH,b681bcf8888e4b94b425a0ff4a418f24,68f2d95bd190740cfd6a2223,ENQUEUED,1.6614964288330893,questions_in
2025-10-29T13:40:34.831695,PUBLISH,0b655c7110494edb932d1e456b12f328,68f2d95bd190740cfd6a4005,ENQUEUED,0.1730762156640641,questions_in
2025-10-29T13:40:35.057407,PUBLISH,79f1c42e273d48d4934f27ef39fca354,68f2d95bd190740cfd6a306b,ENQUEUED,0.2204869713668323,questions_in
2025-10-29T13:40:36.201776,PUBLISH,d2de0bd954694ba780ebb15ab2e9ec27,68f2d95bd190740cfd6a1bfc,ENQUEUED,1.1392958459783193,questions_in
2025-10-29T13:40:36.835718,PUBLISH,2a1430908f7044068043620e9fb21ac0,68f2d95bd190740cfd6a3839,ENQUEUED,0.6289277222226862,questions_in
2025-10-29T13:40:38.114703,PUBLISH,2dd4a4b0e4ee4f79ba83ee31e75943f2,68f2d95bd190740cfd6a4118,ENQUEUED,1.2729741568904427,questions_in
2025-10-29T13:40:38.929572,PUBLISH,4eaa55ccdccc4a0a81ce85fdf828a67e,68f2d95bd190740cfd6a2eed,ENQUEUED,0.8085757387696634,questions_in
2025-10-29T13:40:40.234669,PUBLISH,df37758dae994bf39dcaf43f05566330,68f2d95bd190740cfd6a2141,ENQUEUED,1.2999308590160217,questions_in
2025-10-29T13:40:40.764016,PUBLISH,8f24082fd40747138957c2c428a1901b,68f2d95bd190740cfd6a31b5,ENQUEUED,0.5225157278631571,questions_in
2025-10-29T13:40:41.210631,PUBLISH,4ec821ce768b49bc8a5c55e1fd997edd,68f2d95bd190740cfd6a2ecd,ENQUEUED,0.44500245227794943,questions_in
2025-10-29T13:40:42.317008,PUBLISH,5dfe46545acd495aacc441edc15d4f61,68f2d95bd190740cfd6a2c01,ENQUEUED,1.1015631078268404,questions_in
2025-10-29T13:40:42.329205,PUBLISH,b55a922c47e24d5b8fc8f99afae43eac,68f2d95bd190740cfd6a1bcd,ENQUEUED,0.010670621973618113,questions_in
2025-10-29T13:40:42.388839,PUBLISH,beb3865b5bec4769af21fc2ff8cda32c,68f2d95bd190740cfd6a215b,ENQUEUED,0.054715263767430806,questions_in
2025-10-29T13:40:42.582552,PUBLISH,258ab3a1be7046b2aea32c4fb93599d1,68f2d95bd190740cfd6a3f5f,ENQUEUED,0.18837225083396594,questions_in
2025-10-29T13:40:42.929450,PUBLISH,4ff9b216a0314ec188a416582a3ff3fc,68f2d95bd190740cfd6a1f91,ENQUEUED,0.34496743459228757,questions_in
2025-10-29T13:40:43.562012,PUBLISH,4b52dd68abd44de680205830e8f01f94,68f2d95bd190740cfd6a3029,ENQUEUED,0.626735147651431,questions_in
2025-10-29T13:40:44.093663,PUBLISH,681272742f934827a4abd18a5324f828,68f2d95bd190740cfd6a1ba1,ENQUEUED,0.5298483809208693,questions_in
2025-10-29T13:40:44.594337,PUBLISH,695a85e7c98e41749c2051f839f16fa5,68f2d95bd190740cfd6a3528,ENQUEUED,0.4954043013935466,questions_in
2025-10-29T13:40:45.532638,PUBLISH,2bf722b6c36e482985ddd7208d9257ea,68f2d95bd190740cfd6a3a70,ENQUEUED,0.9323910627859856,questions_in
2025-10-29T13:40:46.037032,PUBLISH,581c4b7148664b27bf212d67fee952c0,68f2d95bd190740cfd6a2e2e,ENQUEUED,0.498605166870153,questions_in
2025-10-29T13:40:46.610842,PUBLISH,69fa0fd8d86c4d19a21ec1c5bc510cbc,68f2d95bd190740cfd6a3a2c,ENQUEUED,0.5680822260933851,questions_in
2025-10-29T13:40:46.801661,PUBLISH,5868abf137a54fb6b996fefb83d50183,68f2d95bd190740cfd6a3458,ENQUEUED,0.1855094693672389,questions_in
2025-10-29T13:40:48.477664,PUBLISH,aa8a4ec0ad12429eb70587ea463fc09c,68f2d95bd190740cfd6a3900,ENQUEUED,1.67232795527839,questions_in
2025-10-29T13:40:49.083872,PUBLISH,12e378d53d864601bcf6b6a3b7723e7a,68f2d95bd190740cfd6a1d79,ENQUEUED,0.5998335833166161,questions_in
2025-10-29T13:40:51.255517,PUBLISH,c6c68731eab446e5b8a4fa360fd98774,68f2d95bd190740cfd6a2488,ENQUEUED,2.164100902197128,questions_in
2025-10-29T13:40:51.444869,PUBLISH,52feb94239b54c79a1f8ebb626a9664a,68f2d95bd190740cfd6a2088,ENQUEUED,0.18428222807588923,questions_in
2025-10-29T13:40:54.018396,PUBLISH,e5fef024910e4b1ca72bcfcdd8a68ee6,68f2d95bd190740cfd6a38b5,ENQUEUED,2.5692555750893056,questions_in
2025-10-29T13:40:54.701139,PUBLISH,781f3cef7fec4dae816ed85d3b5b5896,68f2d95bd190740cfd6a283a,ENQUEUED,0.6769521976758547,questions_in
2025-10-29T13:40:55.210212,PUBLISH,a8bc9a33069c4aa781faf490b743c30f,68f2d95bd190740cfd6a2c71,ENQUEUED,0.5039166483676033,questions_in
2025-10-29T13:40:55.309258,PUBLISH,b8411609106f480ba5484abe29945064,68f2d95bd190740cfd6a2b2f,ENQUEUED,0.0940965470484027,questions_in
2025-10-29T13:40:55.750683,PUBLISH,f7c64cdbe1b24a168336ed6b9b3e1641,68f2d95bd190740cfd6a2584,ENQUEUED,0.4360887569503222,questions_in
2025-10-29T13:40:55.933651,PUBLISH,1eccf0d92065434db7845d6313f4c616,68f2d95bd190740cfd6a2601,ENQUEUED,0.1767367900982962,questions_in
2025-10-29T13:40:56.000723,PUBLISH,75a1eeaba1494c8b940e18e52e07868c,68f2d95bd190740cfd6a3b42,ENQUEUED,0.06402864166178153,questions_in
2025-10-29T13:40:56.007817,PUBLISH,e6b9d2ef11924c079fbcd91dd56954eb,68f2d95bd190740cfd6a32f7,ENQUEUED,0.00235175882876928,questions_in
2025-10-29T13:40:56.137002,PUBLISH,cfdf82273cca4efbb553aaeda9175e65,68f2d95bd190740cfd6a3365,ENQUEUED,0.12312316941635892,questions_in
2025-10-29T13:40:56.535941,PUBLISH,de7ed9f5c5494eb2a073a668d54445fa,68f2d95bd190740cfd6a2e78,ENQUEUED,0.3913532769839929,questions_in
2025-10-29T13:40:56.864899,PUBLISH,a414e8f951b74b028e49c8b0f958fb25,68f2d95bd190740cfd6a2b34,ENQUEUED,0.3241486674227846,questions_in
2025-10-29T13:40:57.206768,PUBLISH,c6b0faf9f5d048618d7c8e82d7a98dfb,68f2d95bd190740cfd6a2691,ENQUEUED,0.3367778006626028,questions_in
2025-10-29T13:40:57.242778,PUBLISH,f9eb1860134643faa543e270f866f96f,68f2d95bd190740cfd6a2102,ENQUEUED,0.03382582900852862,questions_in
2025-10-29T13:40:57.263837,PUBLISH,ceb5eb335de64c449906da4d82db6fef,68f2d95bd190740cfd6a3819,ENQUEUED,0.019429955238042935,questions_in
2025-10-29T13:40:57.691918,PUBLISH,0b6354a6a77740649fc731292ae89f24,68f2d95bd190740cfd6a3ece,ENQUEUED,0.42206435704673323,questions_in
2025-10-29T13:40:58.656507,PUBLISH,6698f4e9e4a942f68ab0725f94f9f7b4,68f2d95bd190740cfd6a26c6,ENQUEUED,0.9624458313759209,questions_in
2025-10-29T13:40:58.931928,PUBLISH,86952abe61ff483d8076feacbca2593b,68f2d95bd190740cfd6a3845,ENQUEUED,0.27352186332666567,questions_in
2025-10-29T13:40:58.984336,PUBLISH,b0c663ee51c24d5bacced9e1072089bd,68f2d95bd190740cfd6a2b38,ENQUEUED,0.0509056563524474,questions_in
2025-10-29T13:40:59.584908,PUBLISH,5e109d1c8ffe4dcea131e45bad14babe,68f2d95bd190740cfd6a2a96,ENQUEUED,0.5944963513878131,questions_in
2025-10-29T13:41:00.284920,PUBLISH,c0a39036d0ea44b99610c89023489518,68f2d95bd190740cfd6a2868,ENQUEUED,0.6939840213192457,questions_in
2025-10-29T13:41:03.212175,PUBLISH,9ecb7ec3dec94716886a933482d6a5cb,68f2d95bd190740cfd6a24f5,ENQUEUED,2.92340296632411,questions_in
2025-10-29T13:41:03.427917,PUBLISH,6cee11d0ddec4689bb0acd77b55df24d,68f2d95bd190740cfd6a30cb,ENQUEUED,0.2103399757999379,questions_in
2025-10-29T13:41:04.909663,PUBLISH,c9b6824d509e4adcaa1ce0c2ce95c8c6,68f2d95bd190740cfd6a410a,ENQUEUED,1.474520781160936,questions_in
2025-10-29T13:41:05.324660,PUBLISH,f1222934c4494591a4906a9b9520a3a8,68f2d95bd190740cfd6a29a0,ENQUEUED,0.4100166880040805,questions_in
2025-10-29T13:41:05.574445,PUBLISH,697535c70d3e485fb2dfa1ca6c6d4e78,68f2d95bd190740cfd6a1d25,ENQUEUED,0.24208614950429277,questions_in
2025-10-29T13:41:06.153381,PUBLISH,006c06690ac04c5ba3be1ce6ec7f53a8,68f2d95bd190740cfd6a2e66,ENQUEUED,0.5760891339115285,questions_in
2025-10-29T13:41:07.821791,PUBLISH,8122593984ed4d35a2607f8d1e5d1e5f,68f2d95bd190740cfd6a4051,ENQUEUED,1.6627539815622725,questions_in
2025-10-29T13:41:09.217365,PUBLISH,f133e80ee5934877a3cd39a69bac979c,68f2d95bd190740cfd6a32bc,ENQUEUED,1.3933745438104177,questions_in
2025-10-29T13:41:10.083546,PUBLISH,99d13157dd8b46ef87651e377382f8f5,68f2d95bd190740cfd6a31e0,ENQUEUED,0.8610919794903152,questions_in
2025-10-29T13:41:10.121371,PUBLISH,01c545f977dd478db88247d002d43c8a,68f2d95bd190740cfd6a3d14,ENQUEUED,0.03291591166159092,questions_in
2025-10-29T13:41:11.624940,PUBLISH,90def34af9b44ac689e0a61557bb80da,68f2d95bd190740cfd6a2d87,ENQUEUED,1.4975941148912977,questions_in
2025-10-29T13:41:12.206420,PUBLISH,f78309ec34624a9e81f57de55bb2f086,68f2d95bd190740cfd6a1f7b,ENQUEUED,0.5753802416940889,questions_in
2025-10-29T13:41:13.426576,PUBLISH,d8ba7c3e655e40dfb29e78e2cea0314e,68f2d95bd190740cfd6a2ddc,ENQUEUED,1.2150286533111239,questions_in
2025-10-29T13:41:13.463623,PUBLISH,bb13e6380f4e47d5bc104c6ecc7b0736,68f2d95bd190740cfd6a27df,ENQUEUED,0.03525191499119328,questions_in
2025-10-29T13:41:14.789704,PUBLISH,c440013ed007406fabf6433849ffd611,68f2d95bd190740cfd6a363d,ENQUEUED,1.3207223824911345,questions_in
2025-10-29T13:41:16.292950,PUBLISH,6ac217a94e80429a87c56af1bbf43919,68f2d95bd190740cfd6a3f05,ENQUEUED,1.4971576808673035,questions_in
2025-10-29T13:41:17.301987,PUBLISH,86945c9dd85d4a41b29269e800dcd1ec,68f2d95bd190740cfd6a2639,ENQUEUED,1.0030368410248147,questions_in
2025-10-29T13:41:17.366582,PUBLISH,c0202d16e6da46e9a01d480be9a2bf7a,68f2d95bd190740cfd6a3a3d,ENQUEUED,0.059741641398216805,questions_in
2025-10-29T13:41:17.433293,PUBLISH,17745655bdec4883a5d3af6e779db29b,68f2d95bd190740cfd6a21c1,ENQUEUED,0.06259615974037196,questions_in
2025-10-29T13:41:17.487782,PUBLISH,052cb14246074f1d827769739d51c8c4,68f2d95bd190740cfd6a39f9,ENQUEUED,0.05127043221387347,questions_in
2025-10-29T13:41:18.092709,PUBLISH,2f07ae552bc74022a516cd162017b170,68f2d95bd190740cfd6a1b65,ENQUEUED,0.5988204167966801,questions_in
2025-10-29T13:41:18.377810,PUBLISH,8d09f879324b41f1b5b58ad85d3f69a9,68f2d95bd190740cfd6a3b72,ENQUEUED,0.2834824612031427,questions_in
2025-10-29T13:41:18.680904,PUBLISH,1533c64942474763a7e3b6dcb2c3559c,68f2d95bd190740cfd6a1f58,ENQUEUED,0.29821028877509487,questions_in
2025-10-29T13:41:19.249834,PUBLISH,bc7d2149d0b542f1b51288bfda668180,68f2d95bd190740cfd6a3496,ENQUEUED,0.56340451976204,questions_in
2025-10-29T13:41:19.444953,PUBLISH,f399c93794f34cb79a1b82ee3869848d,68f2d95bd190740cfd6a3a11,ENQUEUED,0.19064046669288356,questions_in
2025-10-29T13:41:19.565256,PUBLISH,71234a689ae84860a340830ec6924dfd,68f2d95bd190740cfd6a2365,ENQUEUED,0.11538945884447964,questions_in
2025-10-29T13:41:20.832699,PUBLISH,b550ddcd0d8c4057abeffc293d7c77b7,68f2d95bd190740cfd6a2852,ENQUEUED,1.261690229940465,questions_in
2025-10-29T13:41:25.238141,PUBLISH,afb7468dd72440caba3298b7a01362f8,68f2d95bd190740cfd6a277f,ENQUEUED,4.396039451279754,questions_in
2025-10-29T13:41:25.509678,PUBLISH,47faad01a34c42ac8261c35ebbf88662,68f2d95bd190740cfd6a415e,ENQUEUED,0.26970070500158455,questions_in
2025-10-29T13:41:25.777385,PUBLISH,6a7217e0d75f423792a2a29d2fe2888d,68f2d95bd190740cfd6a3227,ENQUEUED,0.2659864033773864,questions_in
2025-10-29T13:41:25.893675,PUBLISH,a0b667423bd442e7a28a98605939285f,68f2d95bd190740cfd6a3a2c,ENQUEUED,0.11179818213370292,questions_in
2025-10-29T13:41:26.062497,PUBLISH,756b364ae687495fbe0fcb46188ca634,68f2d95bd190740cfd6a20fe,ENQUEUED,0.1634583401126284,questions_in
2025-10-29T13:41:27.673846,PUBLISH,1615018f59ca43df9f218227e8be79ff,68f2d95bd190740cfd6a2d95,ENQUEUED,1.605077653165918,questions_in
2025-10-29T13:41:27.893700,PUBLISH,7169a2860f974c089038796404327808,68f2d95bd190740cfd6a3ad1,ENQUEUED,0.21676473947737981,questions_in
2025-10-29T13:41:27.921016,PUBLISH,a5ceb057089f4ac9b4cbecbcb2015afa,68f2d95bd190740cfd6a2d87,ENQUEUED,0.02561378987170934,questions_in
2025-10-29T13:41:29.311837,PUBLISH,7e7ee69d369d43129c9f93afa0ea33c3,68f2d95bd190740cfd6a38d5,ENQUEUED,1.3831989081458558,questions_in
2025-10-29T13:41:29.315783,PUBLISH,2f2b9f25f1d64a499b0b2eff6044065f,68f2d95bd190740cfd6a1fa0,ENQUEUED,0.002500147256386385,questions_in
2025-10-29T13:41:29.949698,PUBLISH,217f866fab3e437fbe3d640295c66db0,68f2d95bd190740cfd6a3ea0,ENQUEUED,0.6277936356542455,questions_in
2025-10-29T13:41:30.198722,PUBLISH,2586e922c248469882a26c01dd7d1184,68f2d95bd190740cfd6a2875,ENQUEUED,0.24284650517310494,questions_in
2025-10-29T13:41:30.590666,PUBLISH,30059d33aa864248af3831afcf4340d8,68f2d95bd190740cfd6a303a,ENQUEUED,0.38658908333090647,questions_in
2025-10-29T13:41:31.092589,PUBLISH,4b8468d8acab427683e49a5e79ef3581,68f2d95bd190740cfd6a278c,ENQUEUED,0.4970044354830445,questions_in
2025-10-29T13:41:31.824718,PUBLISH,548aefafea9f4c63895783e39c9f84b9,68f2d95bd190740cfd6a2d5c,ENQUEUED,0.727150807736205,questions_in
2025-10-29T13:41:32.353418,PUBLISH,3c45e22f677045989f8920925af4382f,68f2d95bd190740cfd6a3366,ENQUEUED,0.5236722682065471,questions_in
2025-10-29T13:41:32.391675,PUBLISH,945e2e9352a84841a79c24b5f68b7d74,68f2d95bd190740cfd6a3bb5,ENQUEUED,0.03363582255848315,questions_in
2025-10-29T13:41:33.098094,PUBLISH,28bb558e7d704c919b08e598baae4b48,68f2d95bd190740cfd6a269c,ENQUEUED,0.7010628368034387,questions_in
2025-10-29T13:41:33.236301,PUBLISH,67fa3221bed141c6a14e0319f0ec82d5,68f2d95bd190740cfd6a36dc,ENQUEUED,0.1318670693699038,questions_in
2025-10-29T13:41:35.307315,PUBLISH,29b10538f1ec4c4b8b95fd91b8ed4c93,68f2d95bd190740cfd6a4183,ENQUEUED,2.0676543955614424,questions_in
2025-10-29T13:41:36.787759,PUBLISH,848dcfd7c297495889b22294d30ff2f4,68f2d95bd190740cfd6a3aaa,ENQUEUED,1.475053441906671,questions_in
2025-10-29T13:41:37.007290,PUBLISH,a8cb86e6d7fe4025a8289d64ab7c2525,68f2d95bd190740cfd6a2107,ENQUEUED,0.2179525564154279,questions_in
2025-10-29T13:41:38.103540,PUBLISH,bf69df9c13b546cd8a1a4e12c5b34979,68f2d95bd190740cfd6a2aee,ENQUEUED,1.0909346380153255,questions_in
2025-10-29T13:41:40.065088,PUBLISH,18a25f9ebbab46029c56226b0b05c61c,68f2d95bd190740cfd6a35f3,ENQUEUED,1.955379383848814,questions_in
2025-10-29T13:41:42.670215,PUBLISH,58b9207f69014b8c940d92979fd4bbff,68f2d95bd190740cfd6a2310,ENQUEUED,2.597949370811054,questions_in
2025-10-29T13:41:42.928329,PUBLISH,ab19203f07024433a08dd4435ac16532,68f2d95bd190740cfd6a288a,ENQUEUED,0.25299228541234114,questions_in
2025-10-29T13:41:43.572033,PUBLISH,353ede24784649a1bbc44b8f38af1959,68f2d95bd190740cfd6a237c,ENQUEUED,0.6376898052465207,questions_in
2025-10-29T13:41:44.015794,PUBLISH,c0f496e93c41466e9b0cf6b0c41657f7,68f2d95bd190740cfd6a349b,ENQUEUED,0.44173608192325126,questions_in
2025-10-29T13:41:44.033152,PUBLISH,97ea0b1172334323a77773b5df2e3c89,68f2d95bd190740cfd6a3126,ENQUEUED,0.015008069437565849,questions_in
2025-10-29T13:41:44.223946,PUBLISH,dcb3e56746244403829d24be04255a11,68f2d95bd190740cfd6a2183,ENQUEUED,0.1856584692383995,questions_in
2025-10-29T13:41:44.249852,PUBLISH,10ec01388d8a409aa467cd03aba1f77f,68f2d95bd190740cfd6a3691,ENQUEUED,0.024180867388812453,questions_in
2025-10-29T13:41:44.698109,PUBLISH,4fac5f6c6a7c4de5ab05617ff1ccc379,68f2d95bd190740cfd6a2159,ENQUEUED,0.44511061988151585,questions_in
2025-10-29T13:41:46.028457,PUBLISH,3d86ec59d5b44f57b9e4be8dd7f22af7,68f2d95bd190740cfd6a3d61,ENQUEUED,1.3239553087461229,questions_in
2025-10-29T13:41:47.064904,PUBLISH,a32b0fee0d824c9698497243e5d94a4e,68f2d95bd190740cfd6a2b1c,ENQUEUED,1.0309038195466016,questions_in
2025-10-29T13:41:47.128190,PUBLISH,5695283763be454e87962c71a048dd8a,68f2d95bd190740cfd6a377d,ENQUEUED,0.059687617625339855,questions_in
2025-10-29T13:41:49.262292,PUBLISH,bd89967c61224b6d9309c23a2cc9b410,68f2d95bd190740cfd6a2ace,ENQUEUED,2.127077979376972,questions_in
2025-10-29T13:41:49.737507,PUBLISH,97e6ea046df04e0ba20a6117c6f33210,68f2d95bd190740cfd6a3764,ENQUEUED,0.4696048496571728,questions_in
2025-10-29T13:41:50.340858,PUBLISH,bbfe3360d8f64ae8a4362f6dee1c1220,68f2d95bd190740cfd6a27ba,ENQUEUED,0.5980144321573305,questions_in
2025-10-29T13:41:50.903047,PUBLISH,5932f80c9c434c01aef6169314866c39,68f2d95bd190740cfd6a2aba,ENQUEUED,0.5558255615723251,questions_in
2025-10-29T13:41:51.387334,PUBLISH,0931e5cb5c9f44869799639130e81dcf,68f2d95bd190740cfd6a30f4,ENQUEUED,0.4795663026548538,questions_in
2025-10-29T13:41:51.398953,PUBLISH,049965b5174f4fa7b4518d4efa26a455,68f2d95bd190740cfd6a1b33,ENQUEUED,0.008839887628068564,questions_in
2025-10-29T13:41:51.414637,PUBLISH,57c4d885ece24bbab469800dfc92eab8,68f2d95bd190740cfd6a20bb,ENQUEUED,0.014256261360940319,questions_in
2025-10-29T13:41:54.508254,PUBLISH,ef4480f0f4b447178b8615faff8830ac,68f2d95bd190740cfd6a1aeb,ENQUEUED,3.083798502750877,questions_in
2025-10-29T13:41:55.079810,PUBLISH,24895cbef48940b49750042c6d04954e,68f2d95bd190740cfd6a39d9,ENQUEUED,0.5662707115730126,questions_in
2025-10-29T13:41:55.928021,PUBLISH,4eef6d05e7554396b72a9ff558b8b6b4,68f2d95bd190740cfd6a2fb2,ENQUEUED,0.8431254637604777,questions_in
2025-10-29T13:41:56.203129,PUBLISH,310ab288fd3840d89cc60f15c8ff0e60,68f2d95bd190740cfd6a32bd,ENQUEUED,0.26997414889487065,questions_in
2025-10-29T13:41:57.639619,PUBLISH,264a4d18376a410badce024b8a7df9d3,68f2d95bd190740cfd6a3f6e,ENQUEUED,1.4296176234509845,questions_in
2025-10-29T13:41:58.083619,PUBLISH,d91d88a1afdc4889af3e6a2dec0ae3cc,68f2d95bd190740cfd6a3508,ENQUEUED,0.4392453336864883,questions_in
2025-10-29T13:41:59.356282,PUBLISH,1d5be59a04a64323a287fb0a9b1373d3,68f2d95bd190740cfd6a2e27,ENQUEUED,1.2664462079518137,questions_in
2025-10-29T13:41:59.876204,PUBLISH,91b5b22ade9a48588fcbc61b5c4af2a5,68f2d95bd190740cfd6a3d7e,ENQUEUED,0.5186371163661695,questions_in
2025-10-29T13:42:00.508681,PUBLISH,e34a65ed027c4c4ea479b947b3ad5144,68f2d95bd190740cfd6a3ab9,ENQUEUED,0.6292986221190543,questions_in
2025-10-29T13:42:01.646000,PUBLISH,677dc7a2601c411a8c2a6b3fa3a2a3e2,68f2d95bd190740cfd6a2ba1,ENQUEUED,1.130273345972558,questions_in
2025-10-29T13:42:02.157386,PUBLISH,9d982b874c254ebab6a72e39232e163a,68f2d95bd190740cfd6a1c20,ENQUEUED,0.5062264665784736,questions_in
2025-10-29T13:42:02.567631,PUBLISH,0def31f807974b6cb3e355d63c3691ec,68f2d95bd190740cfd6a20ed,ENQUEUED,0.4042111701875423,questions_in
2025-10-29T13:42:02.647482,PUBLISH,5c4e1422e7fc4ecfb84f841edc92bacb,68f2d95bd190740cfd6a395c,ENQUEUED,0.07343119910379955,questions_in
2025-10-29T13:42:03.202855,PUBLISH,82f9d4e7c71e4f65b2db8f6d8bdc7487,68f2d95bd190740cfd6a3e42,ENQUEUED,0.5533461238480794,questions_in
2025-10-29T13:42:03.877081,PUBLISH,23d261777c4b48a490c184493731865d,68f2d95bd190740cfd6a3cdf,ENQUEUED,0.6713951738904345,questions_in
2025-10-29T13:42:05.444041,PUBLISH,17efdeb7f62341fcb121cef18cea7a3e,68f2d95bd190740cfd6a28e5,ENQUEUED,1.5598652290059087,questions_in
2025-10-29T13:42:06.157504,PUBLISH,d444ad19ee684fa3bc4cf4318de90488,68f2d95bd190740cfd6a1ad0,ENQUEUED,0.7083256073459804,questions_in
2025-10-29T13:42:06.640470,PUBLISH,da77614884e241bdb0afd75a066364f7,68f2d95bd190740cfd6a1eed,ENQUEUED,0.47817892853126964,questions_in
2025-10-29T13:42:07.605557,PUBLISH,01568b32d281495dbb662ee5b7312c85,68f2d95bd190740cfd6a41bd,ENQUEUED,0.9603289998334894,questions_in
2025-10-29T13:42:08.140231,PUBLISH,482b8944db294369a9de078977bb7ea7,68f2d95bd190740cfd6a3f7a,ENQUEUED,0.532717041221372,questions_in
2025-10-29T13:42:08.598539,PUBLISH,fd2a492ea06f47a08c7a5a8dccf05033,68f2d95bd190740cfd6a4120,ENQUEUED,0.4521255099264838,questions_in
2025-10-29T13:42:08.611832,PUBLISH,6bbd9e7ad1964d8da3da6a71479bf2c3,68f2d95bd190740cfd6a1bc4,ENQUEUED,0.011883124208554592,questions_in
2025-10-29T13:42:09.446550,PUBLISH,6eebc315ba6b417997454748f3f05c52,68f2d95bd190740cfd6a3270,ENQUEUED,0.829762474909885,questions_in
2025-10-29T13:42:09.582799,PUBLISH,9cd70c27c1604cadb595a3eb35514a17,68f2d95bd190740cfd6a1d42,ENQUEUED,0.13086677827606255,questions_in
2025-10-29T13:42:10.904620,PUBLISH,2cbb628a2aee4d86bee55c8068dd105f,68f2d95bd190740cfd6a1c16,ENQUEUED,1.3162653504968302,questions_in
2025-10-29T13:42:13.330698,PUBLISH,4e5ebe5c53bb49b895d2e4a87b2a90be,68f2d95bd190740cfd6a1ed6,ENQUEUED,2.419427721935536,questions_in
2025-10-29T13:42:13.534769,PUBLISH,d0e8dcb488634d15b1c9f2e1ef5807cf,68f2d95bd190740cfd6a1b09,ENQUEUED,0.19947322032168494,questions_in
2025-10-29T13:42:14.373531,PUBLISH,331308f153ce4170a0db2fbb966a1f9f,68f2d95bd190740cfd6a2260,ENQUEUED,0.8366565236561597,questions_in
2025-10-29T13:42:14.838509,PUBLISH,f4dadd3a44404d9b8ebeb74e996f7745,68f2d95bd190740cfd6a3402,ENQUEUED,0.46033672982959967,questions_in
2025-10-29T13:42:15.214754,PUBLISH,447bf85baac9430097c280a045c44627,68f2d95bd190740cfd6a218d,ENQUEUED,0.3709695536877767,questions_in
2025-10-29T13:42:16.114737,PUBLISH,4b909a1371084c42ab0eace163885a45,68f2d95bd190740cfd6a2f69,ENQUEUED,0.8943220027240509,questions_in
2025-10-29T13:42:16.590831,PUBLISH,b89ac50a4ecc49639aa9533f8152eddd,68f2d95bd190740cfd6a2350,ENQUEUED,0.4705694684311783,questions_in
2025-10-29T13:42:17.078939,PUBLISH,8d02c64531a34eea8fa986ebaae66ced,68f2d95bd190740cfd6a3444,ENQUEUED,0.48313952400371046,questions_in
2025-10-29T13:42:18.327332,PUBLISH,eeb0c90611d64b70a625bea575201aa3,68f2d95bd190740cfd6a2914,ENQUEUED,1.2432214241647135,questions_in
2025-10-29T13:42:19.557387,PUBLISH,9e5f4fc6ded249dd8726dff159dc9642,68f2d95bd190740cfd6a2eb7,ENQUEUED,1.2243738035799432,questions_in
2025-10-29T13:42:19.682693,PUBLISH,dddaec72196f4b4ab788672dda521519,68f2d95bd190740cfd6a2fb1,ENQUEUED,0.1207965255256717,questions_in
2025-10-29T13:42:20.188806,PUBLISH,2bc610387c2648979e4f8e549bf37db0,68f2d95bd190740cfd6a3074,ENQUEUED,0.5012696401294405,questions_in
2025-10-29T13:42:20.413297,PUBLISH,cd9792cdb9654115a6ec1daf81c5f6fc,68f2d95bd190740cfd6a2be9,ENQUEUED,0.21957756938882766,questions_in
2025-10-29T13:42:20.508601,PUBLISH,ac350156a6d84faf97ec4a801ec60cd0,68f2d95bd190740cfd6a275b,ENQUEUED,0.08948666394369305,questions_in
2025-10-29T13:42:21.624435,PUBLISH,c223048e322b41d8aa0dbe4c23b90e0b,68f2d95bd190740cfd6a2d5d,ENQUEUED,1.1103021841249803,questions_in
2025-10-29T13:42:22.363524,PUBLISH,6392312aed64443c9204ae394fbdaabf,68f2d95bd190740cfd6a3aee,ENQUEUED,0.7342334770905609,questions_in
2025-10-29T13:42:23.107432,PUBLISH,1f4a3f4eafce47f7bee65613c421910d,68f2d95bd190740cfd6a3d17,ENQUEUED,0.7389802936054851,questions_in
2025-10-29T13:42:23.518639,PUBLISH,80d494336ff047949da76dac884057b3,68f2d95bd190740cfd6a2e40,ENQUEUED,0.40591042626507967,questions_in
2025-10-29T13:42:23.573695,PUBLISH,7a768d9afc124a97b26d2ad66e8aa582,68f2d95bd190740cfd6a25c8,ENQUEUED,0.049622961179646374,questions_in
2025-10-29T13:42:24.424445,PUBLISH,5757efee7b7c4fec995c6d49f03fe3fc,68f2d95bd190740cfd6a34c9,ENQUEUED,0.8452933028333578,questions_in
2025-10-29T13:42:24.511480,PUBLISH,2d3e1746735c4bad94773aa69659d51c,68f2d95bd190740cfd6a3e0b,ENQUEUED,0.08235709749716408,questions_in
2025-10-29T13:42:25.779807,PUBLISH,b2adff7c10dd47f9869233538c2b10b9,68f2d95bd190740cfd6a2633,ENQUEUED,1.2623479136360969,questions_in
2025-10-29T13:42:26.336459,PUBLISH,42888ff72a15435ab87973e1d0860b37,68f2d95bd190740cfd6a1d04,ENQUEUED,0.5511280170467209,questions_in
2025-10-29T13:42:27.112558,PUBLISH,2317e0eed7864ae7940793910a8e73f2,68f2d95bd190740cfd6a2c12,ENQUEUED,0.7742589209968461,questions_in
2025-10-29T13:42:27.418296,PUBLISH,6e3af838d5c34379b9179db3d4122b71,68f2d95bd190740cfd6a2f02,ENQUEUED,0.30243069479267365,questions_in
2025-10-29T13:42:28.390849,PUBLISH,2558cd6b515d437db4d798d798a15069,68f2d95bd190740cfd6a3c20,ENQUEUED,0.9672824577391782,questions_in
2025-10-29T13:42:29.172056,PUBLISH,59477a9854ee450a919f963734c771c5,68f2d95bd190740cfd6a1ff7,ENQUEUED,0.7751474503047282,questions_in
2025-10-29T13:42:30.441325,PUBLISH,0efae6fb50994303a51a511057c4fb25,68f2d95bd190740cfd6a3442,ENQUEUED,1.2627461284775225,questions_in
2025-10-29T13:42:30.472536,PUBLISH,97ad886ba45441c5811f0f7f92415d3c,68f2d95bd190740cfd6a2c59,ENQUEUED,0.02940748429391654,questions_in
2025-10-29T13:42:30.949784,PUBLISH,1f38668ca87f46ed9c080e8e491d3f55,68f2d95bd190740cfd6a20e1,ENQUEUED,0.4723551120344793,questions_in
2025-10-29T13:42:30.969514,PUBLISH,a64f599936dd4cffb94b66d0d888976a,68f2d95bd190740cfd6a33f0,ENQUEUED,0.018223284255916457,questions_in
2025-10-29T13:42:31.089500,PUBLISH,77a355a33e4042379231fdfb134076ed,68f2d95bd190740cfd6a3a81,ENQUEUED,0.11453053908708205,questions_in
2025-10-29T13:42:31.223939,PUBLISH,9aea9c5d61a3468a9f8d33bcc69af409,68f2d95bd190740cfd6a22b9,ENQUEUED,0.13190389961581667,questions_in
2025-10-29T13:42:31.382860,PUBLISH,78942db7e9c944ebbd03f4d7d858ce84,68f2d95bd190740cfd6a372c,ENQUEUED,0.1572602202612489,questions_in
2025-10-29T13:42:31.912390,PUBLISH,15d01cb203714cb7b194469c68164f69,68f2d95bd190740cfd6a231b,ENQUEUED,0.5267182040659333,questions_in
2025-10-29T13:42:32.041392,PUBLISH,8acb23c190fc40f3889e6e0a72bdb677,68f2d95bd190740cfd6a3e4c,ENQUEUED,0.12452475862847122,questions_in
2025-10-29T13:42:32.686343,PUBLISH,46622d6c8a4744979ccce36e37cde2ab,68f2d95bd190740cfd6a268e,ENQUEUED,0.6396561023900794,questions_in
2025-10-29T13:42:34.160671,PUBLISH,0baacae85b6d47edaf5c19c8696bae32,68f2d95bd190740cfd6a28e1,ENQUEUED,1.468940858268365,questions_in
2025-10-29T13:42:34.168044,PUBLISH,4548df6b88014b0f9074c9d81397a4e5,68f2d95bd190740cfd6a2d07,ENQUEUED,0.002049127983751559,questions_in
2025-10-29T13:42:34.233646,PUBLISH,8ed5ee0289f6424f88ccfda1a0aed042,68f2d95bd190740cfd6a2c2e,ENQUEUED,0.06055710510637657,questions_in
2025-10-29T13:42:35.428377,PUBLISH,38dfd51ce92e48d1a331cd32b8a16f9b,68f2d95bd190740cfd6a2316,ENQUEUED,1.1881201902539973,questions_in
2025-10-29T13:42:35.736338,PUBLISH,3519792b63c34b168ebe24597155aa79,68f2d95bd190740cfd6a252e,ENQUEUED,0.3043388066711539,questions_in
2025-10-29T13:42:36.199563,PUBLISH,b709aab2f77f4476bf0678b2d1364fea,68f2d95bd190740cfd6a23e5,ENQUEUED,0.4576503954023816,questions_in
2025-10-29T13:42:37.160993,PUBLISH,443886ff8d294a859128fec29ca0aa16,68f2d95bd190740cfd6a3b56,ENQUEUED,0.9558813740632176,questions_in
2025-10-29T13:42:37.331547,PUBLISH,04fcd8308c684ac49502977171877edb,68f2d95bd190740cfd6a3595,ENQUEUED,0.16548918035894913,questions_in
2025-10-29T13:42:37.715658,PUBLISH,4de68e3945e04609b30f14b2cbfa70a6,68f2d95bd190740cfd6a2179,ENQUEUED,0.37908640596958093,questions_in
2025-10-29T13:42:38.184621,PUBLISH,04cdbab8c7d146bda5d0676d00f050fd,68f2d95bd190740cfd6a1e67,ENQUEUED,0.4627490249163338,questions_in
2025-10-29T13:42:41.048022,PUBLISH,ff2665103ad14251be23e41622f3f9d4,68f2d95bd190740cfd6a287d,ENQUEUED,2.8563117453545424,questions_in
2025-10-29T13:42:41.241448,PUBLISH,53199e54947841f7aca60ca7be548bf8,68f2d95bd190740cfd6a351c,ENQUEUED,0.18829362184663412,questions_in
2025-10-29T13:42:41.787418,PUBLISH,bf1bf8e9f2c745959f44224f4384e466,68f2d95bd190740cfd6a32b8,ENQUEUED,0.5416491163935645,questions_in
2025-10-29T13:42:42.495674,PUBLISH,b4ba6c4cd73243a3a1f87859df11139e,68f2d95bd190740cfd6a30d7,ENQUEUED,0.7029920355546363,questions_in
2025-10-29T13:42:43.541640,PUBLISH,15069e2752be4dd9ac533845d8f20b92,68f2d95bd190740cfd6a1cdc,ENQUEUED,1.0410582053564494,questions_in
2025-10-29T13:42:44.061796,PUBLISH,dd66bb44be934b7fa7a38f5165e0690b,68f2d95bd190740cfd6a1dda,ENQUEUED,0.5149761722367033,questions_in
2025-10-29T13:42:46.361404,PUBLISH,52f3510bd4044d18a5b80c5e66d82492,68f2d95bd190740cfd6a2e8d,ENQUEUED,2.29628983929971,questions_in
2025-10-29T13:42:46.638270,PUBLISH,c9556289628d4fcba294aa524411ea14,68f2d95bd190740cfd6a20bc,ENQUEUED,0.27161660461706294,questions_in
2025-10-29T13:42:48.606744,PUBLISH,961e154c17884afaa624d9e447f031e8,68f2d95bd190740cfd6a25b1,ENQUEUED,1.9624420967335199,questions_in
2025-10-29T13:42:49.366195,PUBLISH,934d2f4b7a97449bbf4bdff368d2b115,68f2d95bd190740cfd6a39a1,ENQUEUED,0.7578033912279211,questions_in
2025-10-29T13:42:49.539403,PUBLISH,b9bbc1b9a28347a48266e4e1fcee49a9,68f2d95bd190740cfd6a1e55,ENQUEUED,0.16839623267680762,questions_in
2025-10-29T13:42:49.702387,PUBLISH,d04af48f590f46139472bafba09d7148,68f2d95bd190740cfd6a25fa,ENQUEUED,0.1578031241483759,questions_in
2025-10-29T13:42:49.713690,PUBLISH,51c3b503fd494f55b888e2cec4bcadb1,68f2d95bd190740cfd6a3ee0,ENQUEUED,0.009664800412404556,questions_in
2025-10-29T13:42:50.626535,PUBLISH,d23a3885cbd24529ab4bb66bb5c8ff9d,68f2d95bd190740cfd6a1ea6,ENQUEUED,0.9081716750054492,questions_in
2025-10-29T13:42:52.327238,PUBLISH,769b6c051b044178ad67c40608caf316,68f2d95bd190740cfd6a3461,ENQUEUED,1.694344181442493,questions_in
2025-10-29T13:42:52.855382,PUBLISH,1c75c215a1cb4c9b895446636a2724c5,68f2d95bd190740cfd6a38f6,ENQUEUED,0.5233616293809085,questions_in
2025-10-29T13:42:53.211376,PUBLISH,d948c707697d4d0ab6aafeaa781a7dfe,68f2d95bd190740cfd6a1c35,ENQUEUED,0.3510084202822865,questions_in
2025-10-29T13:42:53.361481,PUBLISH,24761b4612554b2cb141ad1241f77ee3,68f2d95bd190740cfd6a4074,ENQUEUED,0.1484339429211199,questions_in
2025-10-29T13:42:53.729031,PUBLISH,f6fd1f8f376640dfb435b34acab16558,68f2d95bd190740cfd6a2a3e,ENQUEUED,0.36226378607794124,questions_in
2025-10-29T13:42:53.765656,PUBLISH,4261a073a0284152845bde945f265653,68f2d95bd190740cfd6a24c5,ENQUEUED,0.031480328914282846,questions_in
2025-10-29T13:42:54.175429,PUBLISH,6643ff57783e477182c46d39ba190c8f,68f2d95bd190740cfd6a2281,ENQUEUED,0.40461421373174417,questions_in
2025-10-29T13:42:54.947588,PUBLISH,9543c6684ecd493f8fe7e9254b975722,68f2d95bd190740cfd6a38fb,ENQUEUED,0.7656455283858246,questions_in
2025-10-29T13:42:56.554484,PUBLISH,85b262cfd26d43e5aeef7017594184d9,68f2d95bd190740cfd6a2ae9,ENQUEUED,1.6039014142934642,questions_in
2025-10-29T13:42:56.717199,PUBLISH,4880780f281b421886d2f26083ba9550,68f2d95bd190740cfd6a1ee6,ENQUEUED,0.161015978722822,questions_in
2025-10-29T13:42:57.115718,PUBLISH,b43ae61d17c146ad9aadaccfab18bf4a,68f2d95bd190740cfd6a1eff,ENQUEUED,0.3936533655782873,questions_in
2025-10-29T13:42:57.410536,PUBLISH,e8fdbcb5f9144f17a701c3f236499148,68f2d95bd190740cfd6a21d2,ENQUEUED,0.28944699193446405,questions_in
2025-10-29T13:42:58.336012,PUBLISH,827934464a1c42e1b972074fac788b33,68f2d95bd190740cfd6a28b3,ENQUEUED,0.917231970226034,questions_in
2025-10-29T13:43:02.043545,PUBLISH,0b5b1787453f4e5c91bb9ca786b6c79a,68f2d95bd190740cfd6a1ef6,ENQUEUED,3.699157074926516,questions_in
2025-10-29T13:43:02.750337,PUBLISH,8ab4790f6669407fbcc1a7601bcd3ba4,68f2d95bd190740cfd6a3d19,ENQUEUED,0.7047927401273998,questions_in
2025-10-29T13:43:02.805518,PUBLISH,442c82fc3a1b4ff795678acb9f711272,68f2d95bd190740cfd6a2808,ENQUEUED,0.05388618137002215,questions_in
2025-10-29T13:43:02.883940,PUBLISH,610acbd7f3c94596a624836ef5d26675,68f2d95bd190740cfd6a205a,ENQUEUED,0.07627077951900102,questions_in
2025-10-29T13:43:04.669840,PUBLISH,dc27d9dd4b29426e93dc12e94fc7e9ec,68f2d95bd190740cfd6a1e3c,ENQUEUED,1.7797359011925717,questions_in
2025-10-29T13:43:05.404651,PUBLISH,15ff008ed66847d0adf49dadd05a45f4,68f2d95bd190740cfd6a3829,ENQUEUED,0.7323997439614783,questions_in
2025-10-29T13:43:05.656328,PUBLISH,d5cffdf24e174fd0a537cfa96d8f9c72,68f2d95bd190740cfd6a2595,ENQUEUED,0.24902608494002765,questions_in
2025-10-29T13:43:06.903794,PUBLISH,84b612fa75034890a215fad0a4b4c04b,68f2d95bd190740cfd6a3d29,ENQUEUED,1.2415146588048238,questions_in
2025-10-29T13:43:07.164371,PUBLISH,638df72126cc4b5897c7e0c99d34e8b7,68f2d95bd190740cfd6a2922,ENQUEUED,0.2556364807172505,questions_in
2025-10-29T13:43:08.667386,PUBLISH,8f8d17cff42d4fdb99ef85f2fd984723,68f2d95bd190740cfd6a2396,ENQUEUED,1.5003905086718794,questions_in
2025-10-29T13:43:08.832336,PUBLISH,ee87ed6406d741c18ed40f7686f8ea05,68f2d95bd190740cfd6a4187,ENQUEUED,0.15957254493026654,questions_in
2025-10-29T13:43:09.425124,PUBLISH,861285104e454c45a0034817bf2ce32d,68f2d95bd190740cfd6a294a,ENQUEUED,0.5867013545858021,questions_in
2025-10-29T13:43:09.500515,PUBLISH,13ca253713b147b190f4634f42082bdf,68f2d95bd190740cfd6a3d95,ENQUEUED,0.072234931559346,questions_in
2025-10-29T13:43:09.852930,PUBLISH,ca0e2b2e7e7149a186faee696a0f7019,68f2d95bd190740cfd6a28b1,ENQUEUED,0.3471493085676964,questions_in
2025-10-29T13:43:10.920611,PUBLISH,6563216438694d14ab89877fd2c70332,68f2d95bd190740cfd6a3b45,ENQUEUED,1.0624278724861977,questions_in
2025-10-29T13:43:11.016484,PUBLISH,e7f5ab7965564527930bb5b121d7a45e,68f2d95bd190740cfd6a2bc3,ENQUEUED,0.09128892961481432,questions_in
2025-10-29T13:43:11.235225,PUBLISH,cdf80f01c1dc4f53a7c37040f2c75b89,68f2d95bd190740cfd6a2df3,ENQUEUED,0.2134773865767201,questions_in
2025-10-29T13:43:12.865504,PUBLISH,089b9092bcd045e3aa865a2d60519180,68f2d95bd190740cfd6a2604,ENQUEUED,1.6267287338093703,questions_in
2025-10-29T13:43:13.500933,PUBLISH,7dd32bc391ab4504a3165906c399d1b6,68f2d95bd190740cfd6a3af5,ENQUEUED,0.6298031971590501,questions_in
2025-10-29T13:43:14.347526,PUBLISH,f527be2e8f204d43a6b1eb3e70ccdc0f,68f2d95bd190740cfd6a3f3a,ENQUEUED,0.8415114129852795,questions_in
2025-10-29T13:43:14.485514,PUBLISH,f4fd254d4ce643c58c113270ce5713a8,68f2d95bd190740cfd6a2e3e,ENQUEUED,0.1332729418637648,questions_in
2025-10-29T13:43:14.581697,PUBLISH,dc4af1b290894ba790d74b1e1b80f33d,68f2d95bd190740cfd6a1de5,ENQUEUED,0.09142187749230786,questions_in
2025-10-29T13:43:14.602429,PUBLISH,17e8d0a7a4f74422aa44232d35a99a1a,68f2d95bd190740cfd6a1ea2,ENQUEUED,0.01934352894218843,questions_in
2025-10-29T13:43:15.436955,PUBLISH,6ec93c9fc80e4daabd985060de7fb91f,68f2d95bd190740cfd6a2af2,ENQUEUED,0.828566085087842,questions_in
2025-10-29T13:43:16.370394,PUBLISH,95678648b5054b9cbc2f9d330e324be6,68f2d95bd190740cfd6a2ca3,ENQUEUED,0.9303104939269008,questions_in
2025-10-29T13:43:17.763369,PUBLISH,3bc1e66db9a74eea940762cded1b4a34,68f2d95bd190740cfd6a3896,ENQUEUED,1.3909211646809867,questions_in
2025-10-29T13:43:18.986945,PUBLISH,ac9d0b92f68244f280a6e1ba64fb0a42,68f2d95bd190740cfd6a34da,ENQUEUED,1.2179597066070946,questions_in
2025-10-29T13:43:19.432253,PUBLISH,2bd08d1dc403493685db80a40eeefe70,68f2d95bd190740cfd6a1ea0,ENQUEUED,0.44354678292124405,questions_in
2025-10-29T13:43:20.824390,PUBLISH,02c93f2849c643e3837f42e634827f95,68f2d95bd190740cfd6a1f50,ENQUEUED,1.3866963162370372,questions_in
2025-10-29T13:43:21.028803,PUBLISH,e167ae24b606431a9d0addae91d2737c,68f2d95bd190740cfd6a3bc4,ENQUEUED,0.20058515916420416,questions_in
2025-10-29T13:43:22.578242,PUBLISH,0f327fb3fb1c48a297deb39394c9a1e3,68f2d95bd190740cfd6a3b9b,ENQUEUED,1.5425950844948009,questions_in
2025-10-29T13:43:23.171336,PUBLISH,8c9b67f91cf8435c984386d220216377,68f2d95bd190740cfd6a24f6,ENQUEUED,0.5877095370840763,questions_in
2025-10-29T13:43:23.419368,PUBLISH,3c7d847b86b04ae388f688083f590d4a,68f2d95bd190740cfd6a38c9,ENQUEUED,0.24273294067655685,questions_in
2025-10-29T13:43:23.583844,PUBLISH,67dfc2da90d64321943083e141bdcea4,68f2d95bd190740cfd6a214f,ENQUEUED,0.15884385570719314,questions_in
2025-10-29T13:43:24.206822,PUBLISH,d2e390103ccc4b86a6fdd43388774996,68f2d95bd190740cfd6a2973,ENQUEUED,0.6178045152483264,questions_in
2025-10-29T13:43:24.509657,PUBLISH,4f0d08b565794520b1fc20541ed1c494,68f2d95bd190740cfd6a361f,ENQUEUED,0.2980214910542401,questions_in
2025-10-29T13:43:24.524499,PUBLISH,43d2765e2ec346489dbac1684cc9f942,68f2d95bd190740cfd6a377a,ENQUEUED,0.013435422160710657,questions_in
2025-10-29T13:43:27.847313,PUBLISH,a3022417310f46108bd4cbd4786b206b,68f2d95bd190740cfd6a3e0b,ENQUEUED,3.3150682455640594,questions_in
2025-10-29T13:43:28.277712,PUBLISH,be38cbb7febe4c608375275ce1b66644,68f2d95bd190740cfd6a3b0c,ENQUEUED,0.42560721963187853,questions_in
2025-10-29T13:43:29.361114,PUBLISH,11a230b49dea4b74a9dc2edf23aa2e74,68f2d95bd190740cfd6a1e03,ENQUEUED,1.0779203264087576,questions_in
2025-10-29T13:43:29.932602,PUBLISH,176fc30c0fb74e2884d9faf37c559c12,68f2d95bd190740cfd6a317d,ENQUEUED,0.565802271883131,questions_in
2025-10-29T13:43:30.217607,PUBLISH,4c4faa31f90341d2a29dc89e6ebc6804,68f2d95bd190740cfd6a1ca6,ENQUEUED,0.27964265696366697,questions_in
2025-10-29T13:43:30.480991,PUBLISH,e6087f0a32be4602a0e97353c40b7fa8,68f2d95bd190740cfd6a2731,ENQUEUED,0.25741372745841734,questions_in
2025-10-29T13:43:30.524637,PUBLISH,8d75a34fdec74c3db01337f8aaeb4316,68f2d95bd190740cfd6a1ad4,ENQUEUED,0.03914588372142692,questions_in
2025-10-29T13:43:31.034758,PUBLISH,3622c569b130413cbd8cbb02da1d582a,68f2d95bd190740cfd6a1c1f,ENQUEUED,0.5053546477097703,questions_in
2025-10-29T13:43:32.372427,PUBLISH,049efa0774934be6ad70a5b6c8285c19,68f2d95bd190740cfd6a25f1,ENQUEUED,1.3302990598106181,questions_in
2025-10-29T13:43:32.413484,PUBLISH,52672a2f469c4bcd9489a08b7599f217,68f2d95bd190740cfd6a3075,ENQUEUED,0.03598594618683754,questions_in
2025-10-29T13:43:33.919467,PUBLISH,cb840976a3ed4680a5b599177f055a41,68f2d95bd190740cfd6a3aee,ENQUEUED,1.500915095058316,questions_in
2025-10-29T13:43:34.310397,PUBLISH,12cfaffd99444268a4a1b6698c48348d,68f2d95bd190740cfd6a2d91,ENQUEUED,0.38550265685570734,questions_in
2025-10-29T13:43:34.979297,PUBLISH,57f80969071e4c3086540dc8a368d740,68f2d95bd190740cfd6a258e,ENQUEUED,0.6643658897196812,questions_in
2025-10-29T13:43:34.990192,PUBLISH,5eefb097c358418aa913cb78e4a58363,68f2d95bd190740cfd6a2f83,ENQUEUED,0.009553426764757999,questions_in
2025-10-29T13:43:35.912261,PUBLISH,e20a3f105a094651afaab40c9458f94d,68f2d95bd190740cfd6a418e,ENQUEUED,0.9161041852529745,questions_in
2025-10-29T13:43:37.392912,PUBLISH,d7bb27b05b564eed85f80630c25e7877,68f2d95bd190740cfd6a388c,ENQUEUED,1.4761361248895344,questions_in
2025-10-29T13:43:38.086771,PUBLISH,326f63ef82234cfa9ee21959632c4bfc,68f2d95bd190740cfd6a4128,ENQUEUED,0.6881785315756969,questions_in
2025-10-29T13:43:39.839334,PUBLISH,2613176ffa4a4170be47633db8de0319,68f2d95bd190740cfd6a3a43,ENQUEUED,1.7456522510853372,questions_in
2025-10-29T13:43:40.956700,PUBLISH,670a15e42cb248a9b1d83e0be05ae33e,68f2d95bd190740cfd6a31aa,ENQUEUED,1.115016832113042,questions_in
2025-10-29T13:43:41.878259,PUBLISH,2efdb1ecc6f64a6b854ddbbbba271469,68f2d95bd190740cfd6a210d,ENQUEUED,0.9135064118904789,questions_in
2025-10-29T13:43:42.388460,PUBLISH,4b9f3579c214435e91fe13ee1e7c9b9e,68f2d95bd190740cfd6a3176,ENQUEUED,0.5039116896454678,questions_in
2025-10-29T13:43:42.503247,PUBLISH,d672087705214bf6827112ce0b5a2c27,68f2d95bd190740cfd6a2a55,ENQUEUED,0.10971126943694991,questions_in
2025-10-29T13:43:42.827472,PUBLISH,36e5aaf51ed745c7b7b6eea1e0cb9eaf,68f2d95bd190740cfd6a20db,ENQUEUED,0.32252606484996854,questions_in
2025-10-29T13:43:43.596768,PUBLISH,26a3d8ab00c04541966d1c660af7e9bb,68f2d95bd190740cfd6a2fc3,ENQUEUED,0.7634256203278588,questions_in
2025-10-29T13:43:44.018318,PUBLISH,484183aa7f014548a98774b4d0b676df,68f2d95bd190740cfd6a2e13,ENQUEUED,0.41966149258535873,questions_in
2025-10-29T13:43:44.645547,PUBLISH,0dbbb6a51f04478b86183f89c84395d4,68f2d95bd190740cfd6a397c,ENQUEUED,0.6219405006562199,questions_in
2025-10-29T13:43:44.698866,PUBLISH,56f07104626e4ff0a22d4b8562ebafa0,68f2d95bd190740cfd6a419d,ENQUEUED,0.051528061994123416,questions_in
2025-10-29T13:43:45.757025,PUBLISH,a964ab747e2c420aabf05635d06e0f4c,68f2d95bd190740cfd6a22f6,ENQUEUED,1.0524273249645293,questions_in
2025-10-29T13:43:47.694688,PUBLISH,002a9dbda9f4493082db16bd32ec696e,68f2d95bd190740cfd6a1c9b,ENQUEUED,1.931039755506167,questions_in
2025-10-29T13:43:49.344228,PUBLISH,62539eb1d94f4aabbea41947d5720bac,68f2d95bd190740cfd6a33eb,ENQUEUED,1.6472931430916848,questions_in
2025-10-29T13:43:49.749202,PUBLISH,99ff3395413f43d7a96840168f8107d8,68f2d95bd190740cfd6a30c4,ENQUEUED,0.39935658956366615,questions_in
2025-10-29T13:43:50.063635,PUBLISH,ffa7266cd4c643e893eb2e74744c9fd2,68f2d95bd190740cfd6a3fd8,ENQUEUED,0.3125203327604957,questions_in
2025-10-29T13:43:50.129334,PUBLISH,f8bd14296a684324be182f9c755b6c3d,68f2d95bd190740cfd6a24c0,ENQUEUED,0.06107338769363164,questions_in
2025-10-29T13:43:50.370273,PUBLISH,794092ea401a4410a81c8aeda86ebcf1,68f2d95bd190740cfd6a2d8e,ENQUEUED,0.23582563221559702,questions_in
2025-10-29T13:43:50.522150,PUBLISH,a7816112d59b4017a44ae05fce08c663,68f2d95bd190740cfd6a3465,ENQUEUED,0.14666478375650796,questions_in
2025-10-29T13:43:50.889195,PUBLISH,c4b4eff7b07246d5bef7de7d33c222c4,68f2d95bd190740cfd6a2008,ENQUEUED,0.3616768823872858,questions_in
2025-10-29T13:43:52.377631,PUBLISH,d0475f6200834241a37ef30b2d789510,68f2d95bd190740cfd6a3873,ENQUEUED,1.4852293488645734,questions_in
2025-10-29T13:43:52.582425,PUBLISH,9cd469c9c6a14759a698062cff109b98,68f2d95bd190740cfd6a1d90,ENQUEUED,0.19972656846523484,questions_in
2025-10-29T13:43:52.743609,PUBLISH,9b15f0464b7e40619652e8404ee7a03e,68f2d95bd190740cfd6a3c6a,ENQUEUED,0.1561843389753568,questions_in
2025-10-29T13:43:53.308365,PUBLISH,0f2e2b75b24e49ce9b8f52198a6d371a,68f2d95bd190740cfd6a21b7,ENQUEUED,0.5627205640460046,questions_in
2025-10-29T13:43:56.035711,PUBLISH,bf90f83c901147c3be3de67a2187ad5f,68f2d95bd190740cfd6a1bef,ENQUEUED,2.7205920745617003,questions_in
2025-10-29T13:43:56.712439,PUBLISH,794f9dc870de4d008be5c64f3c7d4996,68f2d95bd190740cfd6a3e3b,ENQUEUED,0.671400021075161,questions_in
2025-10-29T13:43:57.006412,PUBLISH,be5c0e70e8304662acc3a30842ae33eb,68f2d95bd190740cfd6a3ca5,ENQUEUED,0.28928668078411973,questions_in
2025-10-29T13:43:57.103278,PUBLISH,215d01eb91a148f081ad12df68b927d4,68f2d95bd190740cfd6a2b02,ENQUEUED,0.09197112877744314,questions_in
2025-10-29T13:43:57.146430,PUBLISH,e1e8dcb1cd0e4e91afe041301eed21eb,68f2d95bd190740cfd6a3a9a,ENQUEUED,0.03973089178050774,questions_in
2025-10-29T13:43:58.059652,PUBLISH,9b82949db75445a59929056072ed3702,68f2d95bd190740cfd6a21ae,ENQUEUED,0.9082187019173902,questions_in
2025-10-29T13:43:58.894929,PUBLISH,1247eb37121544ce84bac6f5dd12daa4,68f2d95bd190740cfd6a2ec9,ENQUEUED,0.8296477221430965,questions_in
2025-10-29T13:43:59.207728,PUBLISH,db84d40e695c4c9bb8ea1bc61d9f23dc,68f2d95bd190740cfd6a3b13,ENQUEUED,0.31097406234991914,questions_in
2025-10-29T13:43:59.416250,PUBLISH,79148218b86040ae899e72aeedaab9ba,68f2d95bd190740cfd6a2551,ENQUEUED,0.2069316914760815,questions_in
2025-10-29T13:43:59.960806,PUBLISH,efd19fd34ae347ebb3caed3bc9c07c0d,68f2d95bd190740cfd6a2318,ENQUEUED,0.5381172301113085,questions_in
2025-10-29T13:44:00.994266,PUBLISH,85c7fbc032dd495a986aa39f27a85c5e,68f2d95bd190740cfd6a4184,ENQUEUED,1.0273736002049605,questions_in
2025-10-29T13:44:01.463229,PUBLISH,8e2b62fc87ab4d89acc4f9d79a740e11,68f2d95bd190740cfd6a2563,ENQUEUED,0.4669523506421918,questions_in
2025-10-29T13:44:04.072276,PUBLISH,9595c98809f64b1fa622c0db49ea2a45,68f2d95bd190740cfd6a37ae,ENQUEUED,2.600204112855878,questions_in
2025-10-29T13:44:04.315112,PUBLISH,ae8bacfda2754038ab1de4cd2948182b,68f2d95bd190740cfd6a2883,ENQUEUED,0.24090306568858902,questions_in
2025-10-29T13:44:04.333103,PUBLISH,f04b9064f8c94c12a702bb7e1193e479,68f2d95bd190740cfd6a3993,ENQUEUED,0.016259135570302286,questions_in
2025-10-29T13:44:04.623586,PUBLISH,5ca00df1db534ca6b773035758028a18,68f2d95bd190740cfd6a3d3d,ENQUEUED,0.28900779368676754,questions_in
2025-10-29T13:44:05.947179,PUBLISH,82fe3c28b545403e948d1cc6b7fe7a73,68f2d95bd190740cfd6a1bc6,ENQUEUED,1.3176433862891594,questions_in
2025-10-29T13:44:06.118576,PUBLISH,91a0bc04666644768011b96817e6c3a6,68f2d95bd190740cfd6a2ed9,ENQUEUED,0.16695416516882466,questions_in
2025-10-29T13:44:07.017752,PUBLISH,89677ce9fa894e1caa76967f449ab298,68f2d95bd190740cfd6a1cfb,ENQUEUED,0.8937235569968651,questions_in
2025-10-29T13:44:07.608862,PUBLISH,358fa887b28f4289bea47035269a4b63,68f2d95bd190740cfd6a223c,ENQUEUED,0.5856433369598101,questions_in
2025-10-29T13:44:08.288538,PUBLISH,100bff98054b48ceb18dbff6486e44c2,68f2d95bd190740cfd6a1f14,ENQUEUED,0.6743563916594191,questions_in
2025-10-29T13:44:08.969464,PUBLISH,cafffc194c1044578db7d1fb862367fc,68f2d95bd190740cfd6a1cd5,ENQUEUED,0.6759937639689358,questions_in
2025-10-29T13:44:09.170624,PUBLISH,92bcb51b60ba495a9010912c0e279f05,68f2d95bd190740cfd6a39fc,ENQUEUED,0.19605091423827925,questions_in
2025-10-29T13:44:09.307497,PUBLISH,4bb0736f3f3a4ee9ad1817ab4892679a,68f2d95bd190740cfd6a410c,ENQUEUED,0.132200291992768,questions_in
2025-10-29T13:44:09.408135,PUBLISH,6347c164878d4725aff0c0b1c4a06f76,68f2d95bd190740cfd6a365c,ENQUEUED,0.09537169671119002,questions_in
2025-10-29T13:44:12.595454,PUBLISH,b87177ec28334de99db901d6262f55cc,68f2d95bd190740cfd6a3f62,ENQUEUED,3.179616858012064,questions_in
2025-10-29T13:44:13.537401,PUBLISH,1a6dfcb9940f4ac7896a813deb510de0,68f2d95bd190740cfd6a34f0,ENQUEUED,0.9361385572635981,questions_in
2025-10-29T13:44:14.020725,PUBLISH,28c0c37852b64963b2bb8b15316c5b46,68f2d95bd190740cfd6a24b6,ENQUEUED,0.47845578247146264,questions_in
2025-10-29T13:44:14.173496,PUBLISH,a8111299190749f39b3fc8845c211056,68f2d95bd190740cfd6a2922,ENQUEUED,0.14810275669477332,questions_in
2025-10-29T13:44:16.780714,PUBLISH,32181be4b30f40c1a997854537d72de4,68f2d95bd190740cfd6a2b8c,ENQUEUED,2.601108422139619,questions_in
2025-10-29T13:44:18.339511,PUBLISH,b016cb6349e14ebc88ac89ec5a8b09bf,68f2d95bd190740cfd6a26bf,ENQUEUED,1.5521307760134653,questions_in
2025-10-29T13:44:18.653700,PUBLISH,3f2740e829124ff3ac2194baa72cc875,68f2d95bd190740cfd6a3533,ENQUEUED,0.309214262794931,questions_in
2025-10-29T13:44:20.276950,PUBLISH,54a41b595a5842a085ea03c933e9ead8,68f2d95bd190740cfd6a1b5c,ENQUEUED,1.6173265873341005,questions_in
2025-10-29T13:44:21.014540,PUBLISH,0ffb2bc5dcd242c6a57f880a47a2195c,68f2d95bd190740cfd6a1e3d,ENQUEUED,0.7324070842477273,questions_in
2025-10-29T13:44:21.753812,PUBLISH,e080f85cae384efcb4095de0828ca346,68f2d95bd190740cfd6a1f3c,ENQUEUED,0.7326692543235539,questions_in
2025-10-29T13:44:22.061582,PUBLISH,8d8ada69eec64f07bf9e193ed03f356c,68f2d95bd190740cfd6a2a2a,ENQUEUED,0.3024218399193569,questions_in
2025-10-29T13:44:22.938504,PUBLISH,e7f04e04e4d1477eb4fd8f2e65d2e4a3,68f2d95bd190740cfd6a2381,ENQUEUED,0.8711010370928679,questions_in
2025-10-29T13:44:23.016368,PUBLISH,06389015ba1e451ba240ac8e84f2b376,68f2d95bd190740cfd6a31c8,ENQUEUED,0.07259838123330567,questions_in
2025-10-29T13:44:23.865303,PUBLISH,8782ae3b998e4728ae12e6b2881adc8f,68f2d95bd190740cfd6a1d30,ENQUEUED,0.8474807792845777,questions_in
2025-10-29T13:44:24.107500,PUBLISH,a3b5e47fcb444a76a40e935c7a41449c,68f2d95bd190740cfd6a3aa2,ENQUEUED,0.23767951181802952,questions_in
2025-10-29T13:44:24.202677,PUBLISH,b57a87a1751046468f5e0907af64319d,68f2d95bd190740cfd6a2681,ENQUEUED,0.08994915120994264,questions_in
2025-10-29T13:44:24.354314,PUBLISH,538115e1b81b426ebd60a640f9d345f4,68f2d95bd190740cfd6a29b8,ENQUEUED,0.14594895951781728,questions_in
2025-10-29T13:44:24.635212,PUBLISH,8e7206798f3b45cb99621ec12a8249fa,68f2d95bd190740cfd6a3916,ENQUEUED,0.2755094750603737,questions_in
2025-10-29T13:44:24.793291,PUBLISH,6cd32f2e4018493cb18ee70dc8b7f34d,68f2d95bd190740cfd6a1f0a,ENQUEUED,0.1523566833495548,questions_in
2025-10-29T13:44:25.247636,PUBLISH,175d63dfbdb8459089c545feb82fae59,68f2d95bd190740cfd6a245a,ENQUEUED,0.4496655364065372,questions_in
2025-10-29T13:44:25.350447,PUBLISH,cdb0f486193d4877a3f026e95ba2f0a8,68f2d95bd190740cfd6a214d,ENQUEUED,0.09771795672574742,questions_in
2025-10-29T13:44:26.136860,PUBLISH,6f94c551befd40fd9249bc1dcfbfd858,68f2d95bd190740cfd6a2f5c,ENQUEUED,0.780881517854541,questions_in
2025-10-29T13:44:26.934016,PUBLISH,35e2b7798d5548ceae5d1b600594480b,68f2d95bd190740cfd6a3527,ENQUEUED,0.7925114235215887,questions_in
2025-10-29T13:44:27.102664,PUBLISH,e88fc2da558e425291e53d1a05bdb0a2,68f2d95bd190740cfd6a336b,ENQUEUED,0.1626513675681004,questions_in
2025-10-29T13:44:27.113625,PUBLISH,8cdad2b3db474d9f9f1597d83f4fd168,68f2d95bd190740cfd6a32e0,ENQUEUED,0.00525380460701251,questions_in
2025-10-29T13:44:28.013822,PUBLISH,35239de50a6a42848b337fc7cbcfeabf,68f2d95bd190740cfd6a1aeb,ENQUEUED,0.8938338431850643,questions_in
2025-10-29T13:44:28.254548,PUBLISH,759fb288fb5a4aa39335025ea09db510,68f2d95bd190740cfd6a2d50,ENQUEUED,0.23562442610940815,questions_in
2025-10-29T13:44:29.221449,PUBLISH,e7cc99a645e84c0cb93c50af64325f9e,68f2d95bd190740cfd6a2aca,ENQUEUED,0.962042099953693,questions_in
2025-10-29T13:44:30.152301,PUBLISH,b6d9d206651847d4816666d988a762ca,68f2d95bd190740cfd6a24b6,ENQUEUED,0.9288084435798755,questions_in
2025-10-29T13:44:30.593759,PUBLISH,0bb8a491a6f949bf95b1cbe617f6c866,68f2d95bd190740cfd6a289b,ENQUEUED,0.435117245813067,questions_in
2025-10-29T13:44:30.650391,PUBLISH,535d3a01574340758717ee73ef5de100,68f2d95bd190740cfd6a298b,ENQUEUED,0.05382237770867929,questions_in
2025-10-29T13:44:30.670144,PUBLISH,708792b28d144ce0bb4c78cea4852a1a,68f2d95bd190740cfd6a38cb,ENQUEUED,0.018244158228019346,questions_in
2025-10-29T13:44:30.761086,PUBLISH,e5794e0b50ac4c78a02d537b7aa04c52,68f2d95bd190740cfd6a322f,ENQUEUED,0.08423144442819229,questions_in
2025-10-29T13:44:31.661331,PUBLISH,b123becc4a6546c7a8e7555b7f6c538a,68f2d95bd190740cfd6a26a9,ENQUEUED,0.8939211699328022,questions_in
2025-10-29T13:44:32.014065,PUBLISH,00defd2863a0419c97003c9558b2e641,68f2d95bd190740cfd6a23dd,ENQUEUED,0.3475026090355647,questions_in
2025-10-29T13:44:32.783814,PUBLISH,155644475bed41e1a45746795c78102c,68f2d95bd190740cfd6a3c75,ENQUEUED,0.7641146175789247,questions_in
2025-10-29T13:44:32.876542,PUBLISH,b6c16fd8880e4efc8a0cfaaf6825737c,68f2d95bd190740cfd6a2081,ENQUEUED,0.08803341847683255,questions_in
2025-10-29T13:44:33.139562,PUBLISH,d1052e579f7e456aa82229ba4917ddf1,68f2d95bd190740cfd6a1e31,ENQUEUED,0.25794446977676655,questions_in
2025-10-29T13:44:33.358706,PUBLISH,dc682d2fe4d348caa94b9f6a64ffc846,68f2d95bd190740cfd6a2a72,ENQUEUED,0.21754580645356403,questions_in
2025-10-29T13:44:33.791601,PUBLISH,52ec33761c1848658d50c1feaa004da4,68f2d95bd190740cfd6a3a26,ENQUEUED,0.4315075994671867,questions_in
2025-10-29T13:44:35.768118,PUBLISH,9638af7461b84638977248326984b06b,68f2d95bd190740cfd6a2af1,ENQUEUED,1.969712284131291,questions_in
2025-10-29T13:44:35.813626,PUBLISH,5d6b16c8961d48ceba99a54e5c2029c3,68f2d95bd190740cfd6a2ae5,ENQUEUED,0.0407670338535469,questions_in
2025-10-29T13:44:35.975715,PUBLISH,36240c83e1cf41f39ed4e809469fa298,68f2d95bd190740cfd6a2b57,ENQUEUED,0.15716463939093386,questions_in
2025-10-29T13:44:36.046498,PUBLISH,373053b96637494bb5c89f7c3c8e2565,68f2d95bd190740cfd6a1dbc,ENQUEUED,0.06590280516190962,questions_in
2025-10-29T13:44:36.194615,PUBLISH,0e38a89a449a47ce9a62f26b497cee12,68f2d95bd190740cfd6a2d82,ENQUEUED,0.14323463147790608,questions_in
2025-10-29T13:44:36.803280,PUBLISH,a8f25e79c33a4db8a0528cfa3b8ae217,68f2d95bd190740cfd6a38aa,ENQUEUED,0.60663084086733,questions_in
2025-10-29T13:44:36.855740,PUBLISH,96306ebf4c4645b0a2b498869972a3c5,68f2d95bd190740cfd6a22dc,ENQUEUED,0.049354952733320634,questions_in
2025-10-29T13:44:37.249342,PUBLISH,cf28d76d405347d3a0beab76e018d1ac,68f2d95bd190740cfd6a39b7,ENQUEUED,0.38847986264514406,questions_in
2025-10-29T13:44:37.771038,PUBLISH,771e0029ba624fe09d3dc4a9e0b8008b,68f2d95bd190740cfd6a2e95,ENQUEUED,0.5163361091469479,questions_in
2025-10-29T13:44:38.820020,PUBLISH,5ca55423ed184b5da875645a8e5062fa,68f2d95bd190740cfd6a1f91,ENQUEUED,1.0423245749574535,questions_in
2025-10-29T13:44:39.401934,PUBLISH,2864b6604a0b4f58b281f1e0b37151e6,68f2d95bd190740cfd6a1f12,ENQUEUED,0.5765157245850315,questions_in
2025-10-29T13:44:39.692498,PUBLISH,a4e6b85453ef4c9690c9543beb001e2e,68f2d95bd190740cfd6a2e97,ENQUEUED,0.2850103621861878,questions_in
2025-10-29T13:44:40.542229,PUBLISH,487e90cdad7e4eccb0af0fc6b19bfa67,68f2d95bd190740cfd6a2371,ENQUEUED,0.8476906354811597,questions_in
2025-10-29T13:44:41.056274,PUBLISH,3719f6bbe38f46b58d67d8592e0f9d71,68f2d95bd190740cfd6a3a88,ENQUEUED,0.508205380513693,questions_in
2025-10-29T13:44:43.009794,PUBLISH,f4752bc32438485da19d652d0fe9aa46,68f2d95bd190740cfd6a3e03,ENQUEUED,1.9471847669554616,questions_in
2025-10-29T13:44:43.581988,PUBLISH,9b38fe79c5ea4ae7b485409ea467771e,68f2d95bd190740cfd6a303d,ENQUEUED,0.5668129641118734,questions_in
2025-10-29T13:44:44.024918,PUBLISH,b7bedfdea41942dbbcaa7e2c24bc27ab,68f2d95bd190740cfd6a3ca1,ENQUEUED,0.43594771064051424,questions_in
2025-10-29T13:44:45.878311,PUBLISH,72ab39c30def498b9854b0ae9efb0f2b,68f2d95bd190740cfd6a2a29,ENQUEUED,1.846548396360592,questions_in
2025-10-29T13:44:47.143878,PUBLISH,c48b3b5a1bf246159fd34ac8855d0eea,68f2d95bd190740cfd6a38b4,ENQUEUED,1.2589474407003238,questions_in
2025-10-29T13:44:47.992038,PUBLISH,680f096be41d4568b1ec961a46cf1108,68f2d95bd190740cfd6a3dc4,ENQUEUED,0.8415084544016486,questions_in
2025-10-29T13:44:48.412659,PUBLISH,cecf40f8e98e4bb7a9dd849ceed17ec9,68f2d95bd190740cfd6a2047,ENQUEUED,0.41516156851771163,questions_in
2025-10-29T13:44:49.574043,PUBLISH,c281f29772dd44ca9130c3451f1d16e0,68f2d95bd190740cfd6a351b,ENQUEUED,1.155206549763119,questions_in
2025-10-29T13:44:50.005047,PUBLISH,6726aecb7b014b79bc8f91be61d86e15,68f2d95bd190740cfd6a1c93,ENQUEUED,0.42592100274107975,questions_in
2025-10-29T13:44:50.175598,PUBLISH,ca439489763f4d0f85b1b6d46aa42f98,68f2d95bd190740cfd6a2699,ENQUEUED,0.16509312080767494,questions_in
2025-10-29T13:44:50.627434,PUBLISH,44064f18108f44cc8f1cbf6c702f0332,68f2d95bd190740cfd6a3435,ENQUEUED,0.445542554286567,questions_in
2025-10-29T13:44:50.973993,PUBLISH,9f69dbc485b84127b7c46a659a27bb49,68f2d95bd190740cfd6a3295,ENQUEUED,0.34132516806398366,questions_in
2025-10-29T13:44:51.629748,PUBLISH,75cdd62e94384a35ac2845495244f1e9,68f2d95bd190740cfd6a3d42,ENQUEUED,0.6501558029218839,questions_in
2025-10-29T13:44:52.446614,PUBLISH,9b761bf867114e15912880fd524f9a1a,68f2d95bd190740cfd6a39b3,ENQUEUED,0.8116511230400217,questions_in
2025-10-29T13:44:52.577778,PUBLISH,e661ab5e11b548378039ec07f12f1690,68f2d95bd190740cfd6a28d8,ENQUEUED,0.1259423629540629,questions_in
2025-10-29T13:44:53.534709,PUBLISH,c4fa587c709e47e5a78d2934dc9cd634,68f2d95bd190740cfd6a27f9,ENQUEUED,0.9519232693260741,questions_in
2025-10-29T13:44:54.284931,PUBLISH,7650f2c9d593426b9a5eeed007672993,68f2d95bd190740cfd6a3ab8,ENQUEUED,0.7444890351963442,questions_in
2025-10-29T13:44:54.524661,PUBLISH,d737b648baf04233ab56bbe0a4f86197,68f2d95bd190740cfd6a3048,ENQUEUED,0.23473894637518786,questions_in
2025-10-29T13:44:55.006874,PUBLISH,660bb2bb3c2c461c8ad6899268061235,68f2d95bd190740cfd6a23bb,ENQUEUED,0.47626871304780444,questions_in
2025-10-29T13:44:55.529626,PUBLISH,0a05d92b21094d62aca098723a410f33,68f2d95bd190740cfd6a3d95,ENQUEUED,0.5143444132209299,questions_in
2025-10-29T13:44:55.845304,PUBLISH,f93e9275de86475fad3119bd749f6696,68f2d95bd190740cfd6a1b83,ENQUEUED,0.3103529551580698,questions_in
2025-10-29T13:44:55.945327,PUBLISH,0dbf56def76a47afb3065ae63927e0fc,68f2d95bd190740cfd6a379a,ENQUEUED,0.09502261007267788,questions_in
2025-10-29T13:44:57.156538,PUBLISH,805e7a5e038045ec93163e981b178eae,68f2d95bd190740cfd6a3be9,ENQUEUED,1.2062708991283537,questions_in
2025-10-29T13:44:57.528686,PUBLISH,01b0c95da34b4ad997c7f9dd4cb29af5,68f2d95bd190740cfd6a3688,ENQUEUED,0.36691408107967266,questions_in
2025-10-29T13:44:57.576219,PUBLISH,b7682c1374be4cc0a8d8372e327de5bb,68f2d95bd190740cfd6a23b3,ENQUEUED,0.0445754191646503,questions_in
2025-10-29T13:44:57.812585,PUBLISH,662718b105c648caa77d5fecf32b38d9,68f2d95bd190740cfd6a38a0,ENQUEUED,0.23164257812580566,questions_in
2025-10-29T13:44:58.633709,PUBLISH,0f73c7974944467eab32c640d52fde0c,68f2d95bd190740cfd6a1b52,ENQUEUED,0.8158174096858343,questions_in
2025-10-29T13:44:59.449542,PUBLISH,faca32033882464399ab7fee4b9565a0,68f2d95bd190740cfd6a2a0e,ENQUEUED,0.8094089161824854,questions_in
2025-10-29T13:45:00.101669,PUBLISH,c70988c169ae476aa020c8abfdad8b8c,68f2d95bd190740cfd6a1b23,ENQUEUED,0.6467428990176,questions_in
2025-10-29T13:45:00.458427,PUBLISH,71029f2bd8524f7c96b0554cdebb03ac,68f2d95bd190740cfd6a1df9,ENQUEUED,0.35158780399806594,questions_in
2025-10-29T13:45:00.620100,PUBLISH,8c5276f9920b428d8bff4c021f9f99a2,68f2d95bd190740cfd6a3e6b,ENQUEUED,0.1567467464963026,questions_in
2025-10-29T13:45:01.486141,PUBLISH,232fa38c179646e8be45f5d97ffae90b,68f2d95bd190740cfd6a265f,ENQUEUED,0.8603490345804041,questions_in
2025-10-29T13:45:02.070589,PUBLISH,afa94f58aee2450ca274461655bb8329,68f2d95bd190740cfd6a2990,ENQUEUED,0.5794048494091105,questions_in
2025-10-29T13:45:03.164235,PUBLISH,70c0f0cd58ed449dbf2314e7b1b24597,68f2d95bd190740cfd6a31af,ENQUEUED,1.088218942268947,questions_in
2025-10-29T13:45:03.734362,PUBLISH,2bd6d3f4d1594e08b017a751b5ad12a7,68f2d95bd190740cfd6a2d09,ENQUEUED,0.564994683888309,questions_in
2025-10-29T13:45:03.757371,PUBLISH,60ee2d9dda324133bb309a1279672b3f,68f2d95bd190740cfd6a2256,ENQUEUED,0.02133593991646481,questions_in
2025-10-29T13:45:05.957899,PUBLISH,c81d8b2b98c84f66ae6cf4d7e37d7dd6,68f2d95bd190740cfd6a2c48,ENQUEUED,2.1940633999022983,questions_in
2025-10-29T13:45:06.817409,PUBLISH,ca75faa94d3f44d8bf0e062e0c825f29,68f2d95bd190740cfd6a247a,ENQUEUED,0.8545936081706479,questions_in
2025-10-29T13:45:07.386446,PUBLISH,3e2b806ce564402d95b80290c7fafad6,68f2d95bd190740cfd6a2021,ENQUEUED,0.5643952367272601,questions_in
2025-10-29T13:45:07.543765,PUBLISH,21b1c7b3487b4571a73060832190f475,68f2d95bd190740cfd6a1d15,ENQUEUED,0.1519518942902714,questions_in
2025-10-29T13:45:07.584954,PUBLISH,3e14f2c1abd343c8a76d1eb35f0c47d2,68f2d95bd190740cfd6a2a47,ENQUEUED,0.03932614813901116,questions_in
2025-10-29T13:45:08.265281,PUBLISH,cfe876324f4a40a9bf46eecf13a288ff,68f2d95bd190740cfd6a2f0b,ENQUEUED,0.6782475041981108,questions_in
2025-10-29T13:45:10.571387,PUBLISH,781396fdb844433dbccb4c3a08d69270,68f2d95bd190740cfd6a2362,ENQUEUED,2.2999713068762238,questions_in
2025-10-29T13:45:11.018198,PUBLISH,73444f27c29145e1b7b05ba1b7c5e3ba,68f2d95bd190740cfd6a1c01,ENQUEUED,0.44127561100751933,questions_in
2025-10-29T13:45:11.854938,PUBLISH,4a75d897d1ce4ab69d93df9f0d7077a2,68f2d95bd190740cfd6a281c,ENQUEUED,0.8315630210781834,questions_in
2025-10-29T13:45:12.089398,PUBLISH,7f50f1d9a3b5465ebbeddd3a028d22de,68f2d95bd190740cfd6a2136,ENQUEUED,0.2298208960610136,questions_in
2025-10-29T13:45:12.436930,PUBLISH,fe408a0a07a94e3e809063e2150a5445,68f2d95bd190740cfd6a2e13,ENQUEUED,0.3421513310480826,questions_in
2025-10-29T13:45:13.513897,PUBLISH,f33e318e2e4e4cef80fe54ee335784a8,68f2d95bd190740cfd6a3d18,ENQUEUED,1.0714307235110339,questions_in
2025-10-29T13:45:15.399921,PUBLISH,e46bd299232a41d6bdd5d382bea9ab82,68f2d95bd190740cfd6a3f25,ENQUEUED,1.8797088648350595,questions_in
2025-10-29T13:45:15.578471,PUBLISH,c64fe54b45f14ac7b30d526845f3351a,68f2d95bd190740cfd6a23c9,ENQUEUED,0.17338977905681496,questions_in
2025-10-29T13:45:15.828521,PUBLISH,6d19e6930fc648eeb9a34679f4e4be80,68f2d95bd190740cfd6a225d,ENQUEUED,0.2448280396041651,questions_in
2025-10-29T13:45:15.972873,PUBLISH,378eae36a0e9435bb0bb6e074740e143,68f2d95bd190740cfd6a2018,ENQUEUED,0.1395553308787729,questions_in
2025-10-29T13:45:17.285908,PUBLISH,b77959a995f045dca50cca2c764028dd,68f2d95bd190740cfd6a2a5c,ENQUEUED,1.3076100701333881,questions_in
2025-10-29T13:45:17.371578,PUBLISH,fca50335f76d44d2867667bc70fccf5e,68f2d95bd190740cfd6a248a,ENQUEUED,0.08058984760074271,questions_in
2025-10-29T13:45:17.617506,PUBLISH,c9b59c9f46f240988fdd47fc5a67a198,68f2d95bd190740cfd6a2ce5,ENQUEUED,0.24130241989124998,questions_in
2025-10-29T13:45:19.441206,PUBLISH,c398155a94cb4903906fef07b1cfb6ed,68f2d95bd190740cfd6a1dc1,ENQUEUED,1.81763693762578,questions_in
2025-10-29T13:45:19.572345,PUBLISH,493130c9e8e74abe8d942dbf96f84df5,68f2d95bd190740cfd6a30cc,ENQUEUED,0.12665977382656615,questions_in
2025-10-29T13:45:19.772728,PUBLISH,9df645836596404cb1df188265c0c27a,68f2d95bd190740cfd6a28e2,ENQUEUED,0.1955457774791237,questions_in
2025-10-29T13:45:22.246879,PUBLISH,9b20eabe565d4324ad25b35f8fb993bd,68f2d95bd190740cfd6a299a,ENQUEUED,2.4674172503049854,questions_in
2025-10-29T13:45:22.295052,PUBLISH,214079022aa64ef6bc952c4fec919d67,68f2d95bd190740cfd6a2aaf,ENQUEUED,0.044370766851185815,questions_in
2025-10-29T13:45:23.830006,PUBLISH,e057c2730c264fca8e65225a08f4c1d0,68f2d95bd190740cfd6a31e1,ENQUEUED,1.5285990647996792,questions_in
2025-10-29T13:45:24.093842,PUBLISH,fbdef8f7ce834043a6d944934ee3cc6c,68f2d95bd190740cfd6a3064,ENQUEUED,0.25828043267916256,questions_in
2025-10-29T13:45:24.571281,PUBLISH,eb8d9aec55714c2c9e38dccfe55e6c03,68f2d95bd190740cfd6a2677,ENQUEUED,0.47171608723861463,questions_in
2025-10-29T13:45:25.839229,PUBLISH,f195643c4b4d4907a5acd8e728ffa45e,68f2d95bd190740cfd6a2862,ENQUEUED,1.2615978421837206,questions_in
2025-10-29T13:45:25.943591,PUBLISH,321bf94240704acab54e3651e20a6ca3,68f2d95bd190740cfd6a3557,ENQUEUED,0.0996184453169572,questions_in
2025-10-29T13:45:26.534029,PUBLISH,6929698168074fc5afbc84a6f49a79c5,68f2d95bd190740cfd6a20ed,ENQUEUED,0.5838329167285593,questions_in
2025-10-29T13:45:26.657665,PUBLISH,659b20b31e504451837a68519cb4c70c,68f2d95bd190740cfd6a3c94,ENQUEUED,0.11849028551453006,questions_in
2025-10-29T13:45:26.728367,PUBLISH,9eb439342a724b54a2a4ddb85a94c2b7,68f2d95bd190740cfd6a2088,ENQUEUED,0.06611327821672401,questions_in
2025-10-29T13:45:27.192375,PUBLISH,fe0c8ddf9ecf467db58ee11328bf4fca,68f2d95bd190740cfd6a3ffc,ENQUEUED,0.45874105082249955,questions_in
2025-10-29T13:45:28.040325,PUBLISH,63366bf3faa648fa9df933af7336a7cc,68f2d95bd190740cfd6a1f97,ENQUEUED,0.8426820425195253,questions_in
2025-10-29T13:45:29.021537,PUBLISH,7fc7291bfbb04be580892824e0758016,68f2d95bd190740cfd6a2bd7,ENQUEUED,0.9739094442063005,questions_in
2025-10-29T13:45:29.618222,PUBLISH,ffec076e6ade4187a97d70334350ab5e,68f2d95bd190740cfd6a2b06,ENQUEUED,0.5920265932329309,questions_in
2025-10-29T13:45:31.756697,PUBLISH,a5403a0ccbf94389a29ecec79a3fcd6a,68f2d95bd190740cfd6a1fe7,ENQUEUED,2.1322750838353515,questions_in
2025-10-29T13:45:32.381642,PUBLISH,35dbec86573e44f9ad488deda9d1fc72,68f2d95bd190740cfd6a3bd6,ENQUEUED,0.6194031076093287,questions_in
2025-10-29T13:45:32.907711,PUBLISH,cc06d40cdac742de855315701cc45033,68f2d95bd190740cfd6a317e,ENQUEUED,0.5208630756281234,questions_in
2025-10-29T13:45:33.259445,PUBLISH,f9fc454a3ef7423a82fb3e523b934659,68f2d95bd190740cfd6a2a28,ENQUEUED,0.3467264001677666,questions_in
2025-10-29T13:45:33.387193,PUBLISH,14c77493f7724e1498dadb8f5faeaeae,68f2d95bd190740cfd6a2be5,ENQUEUED,0.1227431933380822,questions_in
2025-10-29T13:45:34.577610,PUBLISH,7d30c1041e2346f49d7b90b273575f1f,68f2d95bd190740cfd6a3354,ENQUEUED,1.1854284181204275,questions_in
2025-10-29T13:45:34.877131,PUBLISH,3edcbac5855d496788a4e7bd7ed5c96e,68f2d95bd190740cfd6a209d,ENQUEUED,0.2946802661272621,questions_in
2025-10-29T13:45:35.635376,PUBLISH,104f2e1e08804032a1809fd13d367540,68f2d95bd190740cfd6a40c8,ENQUEUED,0.7530927115703469,questions_in
2025-10-29T13:45:36.069153,PUBLISH,b6e0875125394b29b88c52a34a6c4ce4,68f2d95bd190740cfd6a1de9,ENQUEUED,0.4285545338410976,questions_in
2025-10-29T13:45:37.825601,PUBLISH,92ce45a906fb42299f1577ba2d3a3062,68f2d95bd190740cfd6a2bda,ENQUEUED,1.7530347746244022,questions_in
2025-10-29T13:45:38.714692,PUBLISH,aa9351baa0b745a3b0d56902ba75f2c7,68f2d95bd190740cfd6a27d0,ENQUEUED,0.8840660201606215,questions_in
2025-10-29T13:45:38.813158,PUBLISH,548a9da8dede4c8dba6fd4594219d1c8,68f2d95bd190740cfd6a3641,ENQUEUED,0.0928108180077609,questions_in
2025-10-29T13:45:38.979821,PUBLISH,4c757a3e252848f4b8c7d9b0ae8224a6,68f2d95bd190740cfd6a3305,ENQUEUED,0.16139286135866204,questions_in
2025-10-29T13:45:39.091658,PUBLISH,06270cebdea34be5bf9d5dea0334b322,68f2d95bd190740cfd6a3064,ENQUEUED,0.10681602126263297,questions_in
2025-10-29T13:45:39.524405,PUBLISH,a9ed27c84d0f44388fb71ee6f1223da0,68f2d95bd190740cfd6a1ea7,ENQUEUED,0.42701115832069364,questions_in
2025-10-29T13:45:40.438736,PUBLISH,f5dcefe773244be58955ff256e4d555c,68f2d95bd190740cfd6a3027,ENQUEUED,0.9092089540217957,questions_in
2025-10-29T13:45:40.781754,PUBLISH,2f52633533f24308bd0d58bca3925b92,68f2d95bd190740cfd6a1d23,ENQUEUED,0.3414624522441127,questions_in
2025-10-29T13:45:41.329671,PUBLISH,e6ef191072494b71be24fb81dec4ff5e,68f2d95bd190740cfd6a3d09,ENQUEUED,0.5429981936614576,questions_in
2025-10-29T13:45:42.116607,PUBLISH,b0e468a2dbf648fb8a1ba21ceb27432f,68f2d95bd190740cfd6a2ce8,ENQUEUED,0.7821194883071253,questions_in
2025-10-29T13:45:42.180634,PUBLISH,89613cec302646c584229b35566169b9,68f2d95bd190740cfd6a1ff1,ENQUEUED,0.060227956614477655,questions_in
2025-10-29T13:45:42.985755,PUBLISH,fa67427ab5584841af6b4da75913a1b5,68f2d95bd190740cfd6a32cb,ENQUEUED,0.7995325962496342,questions_in
2025-10-29T13:45:43.791190,PUBLISH,9742c654cb874c03a20403703c0a9e5d,68f2d95bd190740cfd6a33d6,ENQUEUED,0.7998064557251517,questions_in
2025-10-29T13:45:46.121015,PUBLISH,723a2b68dd584be39bba9331cd08ce64,68f2d95bd190740cfd6a1fe1,ENQUEUED,2.3262724463013753,questions_in
2025-10-29T13:45:47.509539,PUBLISH,d13e1813252441688f1974dbf8b72425,68f2d95bd190740cfd6a27f8,ENQUEUED,1.3808510260268319,questions_in
2025-10-29T13:45:47.847190,PUBLISH,843d052a2e7349ce9d0dd4fb74f70a48,68f2d95bd190740cfd6a40dd,ENQUEUED,0.33253039631175246,questions_in
2025-10-29T13:45:48.546013,PUBLISH,1ca6d2065bd546bcafd385d19385186a,68f2d95bd190740cfd6a33bc,ENQUEUED,0.6936600041745686,questions_in
2025-10-29T13:45:49.316808,PUBLISH,d566f0357f2d47f09c5353b84418ef01,68f2d95bd190740cfd6a315d,ENQUEUED,0.7679588844982272,questions_in
2025-10-29T13:45:50.539250,PUBLISH,a28fbdecffb44435966b8490f35e26a4,68f2d95bd190740cfd6a26c8,ENQUEUED,1.2201166127547138,questions_in
2025-10-29T13:45:50.861559,PUBLISH,8013383bf8cb416285458286b5fb5ec8,68f2d95bd190740cfd6a3872,ENQUEUED,0.3204403528922995,questions_in
2025-10-29T13:45:51.366397,PUBLISH,a558b359ae1140dbaab24a60435756a0,68f2d95bd190740cfd6a3ac0,ENQUEUED,0.5001259784090679,questions_in
2025-10-29T13:45:52.370534,PUBLISH,8173b1868f0e49f6a37c8768c57dcd48,68f2d95bd190740cfd6a3f72,ENQUEUED,1.0016302667005557,questions_in
2025-10-29T13:45:55.691599,PUBLISH,345e73cb1a0642e08ec7e3bf94c6dfa1,68f2d95bd190740cfd6a1e3b,ENQUEUED,3.313467820384797,questions_in
2025-10-29T13:45:56.308248,PUBLISH,9566a93721504cc983baa063739d8792,68f2d95bd190740cfd6a2498,ENQUEUED,0.6121027027011682,questions_in
2025-10-29T13:45:56.676248,PUBLISH,174073fe45aa4710845cc76e06b92583,68f2d95bd190740cfd6a25a5,ENQUEUED,0.362770800878715,questions_in
2025-10-29T13:45:56.744675,PUBLISH,afb64bbda087480f97429e02af03f3f1,68f2d95bd190740cfd6a259b,ENQUEUED,0.06395929418199665,questions_in
2025-10-29T13:45:58.664189,PUBLISH,929aa58317574b3da79dc0452d7567fc,68f2d95bd190740cfd6a23fc,ENQUEUED,1.9126944854091148,questions_in
2025-10-29T13:45:59.208541,PUBLISH,a973857bb72e40deb09a998d78f8de69,68f2d95bd190740cfd6a2ad3,ENQUEUED,0.5392578515724672,questions_in
2025-10-29T13:46:00.198348,PUBLISH,372cf7f263ce491ba8b19f5edce9e876,68f2d95bd190740cfd6a40ac,ENQUEUED,0.9882107857665235,questions_in
2025-10-29T13:46:00.443324,PUBLISH,df2bc3be8ac64a34bc6d9ad726577927,68f2d95bd190740cfd6a367e,ENQUEUED,0.24081190885651368,questions_in
2025-10-29T13:46:01.257455,PUBLISH,6e489c92166747a0831525d3f8ff1626,68f2d95bd190740cfd6a373a,ENQUEUED,0.8086718881210957,questions_in
2025-10-29T13:46:01.293182,PUBLISH,12f5d7baefa74d8cb0ae1b1b724e8499,68f2d95bd190740cfd6a30c5,ENQUEUED,0.030862947556909617,questions_in
2025-10-29T13:46:01.499609,PUBLISH,b7245fcea8bc45d6ae3087ab1515266a,68f2d95bd190740cfd6a1fc7,ENQUEUED,0.20166064074383316,questions_in
2025-10-29T13:46:01.996110,PUBLISH,191c6cb6b4a54f289b9a1f27f6095d71,68f2d95bd190740cfd6a3b83,ENQUEUED,0.4914799407429417,questions_in
2025-10-29T13:46:02.633904,PUBLISH,ebaa533d04f64898bc88cdcf82b2949b,68f2d95bd190740cfd6a1bda,ENQUEUED,0.632377837121679,questions_in
2025-10-29T13:46:02.694794,PUBLISH,9699f15f9c824eb593a6213af3bb3582,68f2d95bd190740cfd6a4116,ENQUEUED,0.05793490823383154,questions_in
2025-10-29T13:46:02.790641,PUBLISH,2d522a1099d344378f9ad4105871eb9b,68f2d95bd190740cfd6a3a1a,ENQUEUED,0.09133162586169034,questions_in
2025-10-29T13:46:04.805998,PUBLISH,6a356a7f5bc6419b8b2be2cd4bb137de,68f2d95bd190740cfd6a2fda,ENQUEUED,2.0089493494719846,questions_in
2025-10-29T13:46:05.818460,PUBLISH,08e95fc52bee49c0938f72e17936e239,68f2d95bd190740cfd6a2c59,ENQUEUED,1.0076435852651462,questions_in
2025-10-29T13:46:08.384640,PUBLISH,fb5d89003c054fe5bac1f62e03d2872b,68f2d95bd190740cfd6a37ce,ENQUEUED,2.5591931834029387,questions_in
2025-10-29T13:46:09.484349,PUBLISH,9894f62a2d3742f78c4ec0df1ab57f7e,68f2d95bd190740cfd6a29bb,ENQUEUED,1.093430606323682,questions_in
2025-10-29T13:46:10.644323,PUBLISH,c54fd65cc482421f927c6dd8458c0492,68f2d95bd190740cfd6a325c,ENQUEUED,1.1553396907149869,questions_in
2025-10-29T13:46:10.847702,PUBLISH,3b92fec4e2c942e1b567c2d9a2799fde,68f2d95bd190740cfd6a234e,ENQUEUED,0.19573163995124174,questions_in
2025-10-29T13:46:11.229923,PUBLISH,48d65b7477134ddb9aca16bbed0fa21a,68f2d95bd190740cfd6a1b91,ENQUEUED,0.37771451129559414,questions_in
2025-10-29T13:46:11.425669,PUBLISH,f84cf83d8038418dabc95ecb5f2443c7,68f2d95bd190740cfd6a3dc8,ENQUEUED,0.19049883350040742,questions_in
2025-10-29T13:46:12.410598,PUBLISH,8d70d985d69b411e8c97d52a442f8e3c,68f2d95bd190740cfd6a3a47,ENQUEUED,0.9793975046684836,questions_in
2025-10-29T13:46:13.920487,PUBLISH,32d7d5604a62443da9c2997c451bbad3,68f2d95bd190740cfd6a2661,ENQUEUED,1.502902526574701,questions_in
2025-10-29T13:46:17.529610,PUBLISH,fe778439d1ca4222a4020cc14bb26737,68f2d95bd190740cfd6a2077,ENQUEUED,3.6010832412011045,questions_in
2025-10-29T13:46:17.626461,PUBLISH,9756651ec31d47abadc42c90c2645210,68f2d95bd190740cfd6a2c82,ENQUEUED,0.09197285326491748,questions_in
2025-10-29T13:46:18.458480,PUBLISH,80df467d908a49818644e5b3f4974400,68f2d95bd190740cfd6a2a2c,ENQUEUED,0.8270122577044061,questions_in
2025-10-29T13:46:18.642997,PUBLISH,08a6c636b3f441658c4a7b8994509056,68f2d95bd190740cfd6a25f0,ENQUEUED,0.18314998112262434,questions_in
2025-10-29T13:46:19.581822,PUBLISH,fd41fb7eabbe443e8e4522433a0f2c0c,68f2d95bd190740cfd6a3e29,ENQUEUED,0.9320690253032499,questions_in
2025-10-29T13:46:21.084702,PUBLISH,cb2d2f28a5b24463a0009cba8cb070c9,68f2d95bd190740cfd6a28dc,ENQUEUED,1.4966520013732882,questions_in
2025-10-29T13:46:22.299881,PUBLISH,a975c468d8ac49078c2aee2885ffd0e9,68f2d95bd190740cfd6a3db6,ENQUEUED,1.209576614806071,questions_in
2025-10-29T13:46:24.616507,PUBLISH,cfa9ef898a44430f882210ba521267a5,68f2d95bd190740cfd6a218a,ENQUEUED,2.3092797650634735,questions_in
2025-10-29T13:46:25.093344,PUBLISH,3f9abcd94f57408f89c759beeb08b380,68f2d95bd190740cfd6a216f,ENQUEUED,0.4715218216013821,questions_in
2025-10-29T13:46:26.875182,PUBLISH,dc59bd7824b34c12844c29217d2df95a,68f2d95bd190740cfd6a313f,ENQUEUED,1.7790783151606469,questions_in
2025-10-29T13:46:28.119277,PUBLISH,23390dda303542c3bb2c8c6f0399da5c,68f2d95bd190740cfd6a1cc5,ENQUEUED,1.2424437898567717,questions_in
2025-10-29T13:46:32.025109,PUBLISH,cce70086271349f88dabf1d5d6ff0f0c,68f2d95bd190740cfd6a20c4,ENQUEUED,3.897625008091623,questions_in
2025-10-29T13:46:32.265895,PUBLISH,5a24e25ecd7a44129b2ab86a36dcc2d5,68f2d95bd190740cfd6a38ef,ENQUEUED,0.23584778439961293,questions_in
2025-10-29T13:46:32.777280,PUBLISH,be35377aad29401fbee0cbb81470fde6,68f2d95bd190740cfd6a1c05,ENQUEUED,0.5054609554757583,questions_in
2025-10-29T13:46:33.175271,PUBLISH,c13bb4bed9184af0b1b04d5ed2c48879,68f2d95bd190740cfd6a33b3,ENQUEUED,0.39622118120138317,questions_in
2025-10-29T13:46:33.486801,PUBLISH,748b8a5bbfde45619268d71fc4815b9f,68f2d95bd190740cfd6a3b50,ENQUEUED,0.3067209264297047,questions_in
2025-10-29T13:46:33.553933,PUBLISH,9951d66b3b3d47569224e70bc2992bd3,68f2d95bd190740cfd6a3ae1,ENQUEUED,0.06512582259457526,questions_in
2025-10-29T13:46:34.279661,PUBLISH,5dd1b77305d9421b829bb857616f3f2e,68f2d95bd190740cfd6a3df2,ENQUEUED,0.7207743826230383,questions_in
2025-10-29T13:46:34.344369,PUBLISH,4f41aa3db4a14518ac0eb3e78a39165a,68f2d95bd190740cfd6a288b,ENQUEUED,0.05957479057865134,questions_in
2025-10-29T13:46:37.999763,PUBLISH,8cb37c5acd4043189470585055c0f784,68f2d95bd190740cfd6a30f7,ENQUEUED,3.6468939741484445,questions_in
2025-10-29T13:46:38.041845,PUBLISH,c2e5a5b69d674313b4296ab2419187db,68f2d95bd190740cfd6a1c4d,ENQUEUED,0.03935725367439823,questions_in
2025-10-29T13:46:39.573313,PUBLISH,ca8a25966f294891b7069214ed6dbb3a,68f2d95bd190740cfd6a3948,ENQUEUED,1.5290142118956644,questions_in
2025-10-29T13:46:41.822226,PUBLISH,66f5f6a2bbff443baaaf54b581b67f51,68f2d95bd190740cfd6a2ab0,ENQUEUED,2.242445683254148,questions_in
2025-10-29T13:46:42.085606,PUBLISH,6f5f413b19b64f0e8fcd64c33fc7f5ba,68f2d95bd190740cfd6a202f,ENQUEUED,0.2584660791258707,questions_in
2025-10-29T13:46:42.173684,PUBLISH,8c3444c56f714084bd4ece9e463cffea,68f2d95bd190740cfd6a3ec6,ENQUEUED,0.08348115352574158,questions_in
2025-10-29T13:46:42.502519,PUBLISH,f617d0d8d89f4afb83ce958a2f49ddac,68f2d95bd190740cfd6a2a77,ENQUEUED,0.32227133464936625,questions_in
2025-10-29T13:46:44.412625,PUBLISH,0e43e88ebbd54c859370a6563b3f1acc,68f2d95bd190740cfd6a285b,ENQUEUED,1.9029581732955823,questions_in
2025-10-29T13:46:44.638678,PUBLISH,19084098c7a9417ca86ae55f048f3ed1,68f2d95bd190740cfd6a2ced,ENQUEUED,0.22051155339682835,questions_in
2025-10-29T13:46:45.284791,PUBLISH,a35eaf306fda47d8a1edf621bec0e351,68f2d95bd190740cfd6a3d00,ENQUEUED,0.6406353502230927,questions_in
2025-10-29T13:46:46.067830,PUBLISH,44e96f8a723840f8b6f5218a1f5acf69,68f2d95bd190740cfd6a37e4,ENQUEUED,0.7799424911711769,questions_in
2025-10-29T13:46:46.494416,PUBLISH,4f6fd658920f404f9b1c735b5489a7f3,68f2d95bd190740cfd6a31ed,ENQUEUED,0.4220698590788788,questions_in
2025-10-29T13:46:47.230341,PUBLISH,86fd71d9090b429998c0bff8c835cfaf,68f2d95bd190740cfd6a1b00,ENQUEUED,0.7304894245352184,questions_in
2025-10-29T13:46:47.772101,PUBLISH,ea21ff19b5524ed7b367740bb9444c6f,68f2d95bd190740cfd6a1b32,ENQUEUED,0.5361066985342958,questions_in
2025-10-29T13:46:48.161315,PUBLISH,453b141a3c904c04bd947f8d2e921b47,68f2d95bd190740cfd6a2373,ENQUEUED,0.3828672801738122,questions_in
2025-10-29T13:46:48.413277,PUBLISH,c12fa360a6024727ad408a20c2497200,68f2d95bd190740cfd6a381a,ENQUEUED,0.24717633823506877,questions_in
2025-10-29T13:46:49.260462,PUBLISH,0756c39f8b214981906e1bc197f1b7fe,68f2d95bd190740cfd6a3619,ENQUEUED,0.8444261359744315,questions_in
2025-10-29T13:46:49.270802,PUBLISH,00bee3651158443d88ffafa0e5eddccc,68f2d95bd190740cfd6a3f7f,ENQUEUED,0.006693054528042009,questions_in
2025-10-29T13:46:49.973796,PUBLISH,7b8e194ec7b0471cb6a13439b219c2ce,68f2d95bd190740cfd6a3045,ENQUEUED,0.6985910091406592,questions_in
2025-10-29T13:46:50.417496,PUBLISH,e367242cfa0248938bed1d8bd4fb64c9,68f2d95bd190740cfd6a3c08,ENQUEUED,0.4374997127138252,questions_in
2025-10-29T13:46:50.809776,PUBLISH,3726700c2b0846bfa28b19c6ebd0155f,68f2d95bd190740cfd6a39c8,ENQUEUED,0.38745717822660325,questions_in
2025-10-29T13:46:50.868853,PUBLISH,f15eb9fe36324a949fa1a5dcbab0996c,68f2d95bd190740cfd6a254e,ENQUEUED,0.05446658824479786,questions_in
2025-10-29T13:46:51.592500,PUBLISH,1b71b89063e54d6c99f806e01f6f0a12,68f2d95bd190740cfd6a21d8,ENQUEUED,0.7183054908993705,questions_in
2025-10-29T13:46:51.684380,PUBLISH,1c8153385d2144c7991712dd85b1964a,68f2d95bd190740cfd6a3bba,ENQUEUED,0.08695320392284556,questions_in
2025-10-29T13:46:53.515843,PUBLISH,38f0e6dcb83641d8abf0bd8868b8a141,68f2d95bd190740cfd6a3695,ENQUEUED,1.8281083514554801,questions_in
2025-10-29T13:46:54.131131,PUBLISH,62787072d16047f2a3af6432c48a7328,68f2d95bd190740cfd6a2ea3,ENQUEUED,0.6101478305227345,questions_in
2025-10-29T13:46:54.846592,PUBLISH,64173121d30849698a29c6a8a633678f,68f2d95bd190740cfd6a23ca,ENQUEUED,0.7100253867388521,questions_in
2025-10-29T13:46:55.438362,PUBLISH,523f0a8f25a84df2ba2b7293315b583d,68f2d95bd190740cfd6a21f2,ENQUEUED,0.5894425920475704,questions_in
2025-10-29T13:46:56.306733,PUBLISH,c6e42e0f73c74eb6afcb7add7f21ad90,68f2d95bd190740cfd6a2ba6,ENQUEUED,0.861710884515165,questions_in
2025-10-29T13:46:56.358788,PUBLISH,094c08b013c3417bb9ce229120d057d4,68f2d95bd190740cfd6a2208,ENQUEUED,0.04717893689401328,questions_in
2025-10-29T13:46:56.374511,PUBLISH,0c73a589a19648b39b789ad5bc15776e,68f2d95bd190740cfd6a2bdd,ENQUEUED,0.014177285785909327,questions_in
2025-10-29T13:46:56.644352,PUBLISH,de46918ff7a349b49e734867b1d31253,68f2d95bd190740cfd6a273a,ENQUEUED,0.26487996362759364,questions_in
2025-10-29T13:46:59.259068,PUBLISH,5b769fc40e25449298b51ac3a0cdf50a,68f2d95bd190740cfd6a3637,ENQUEUED,2.6060072997464006,questions_in
2025-10-29T13:46:59.511538,PUBLISH,04a50da1357d431e90c7939274647a81,68f2d95bd190740cfd6a3d2c,ENQUEUED,0.2475044656880339,questions_in
2025-10-29T13:46:59.795958,PUBLISH,e7d06b3629a646e7b02be22003b0b430,68f2d95bd190740cfd6a28e2,ENQUEUED,0.27936754515239,questions_in
2025-10-29T13:47:00.023406,PUBLISH,45be6f5dd61c4a80b29b2dc588dac781,68f2d95bd190740cfd6a21d3,ENQUEUED,0.22245023125283972,questions_in
2025-10-29T13:47:00.680448,PUBLISH,f8164afd1ab14593a408c739e0650f99,68f2d95bd190740cfd6a2f07,ENQUEUED,0.6525359989969095,questions_in
2025-10-29T13:47:00.846860,PUBLISH,0be5c4911a4e4546bc357209b94131c5,68f2d95bd190740cfd6a3b19,ENQUEUED,0.16085028344030353,questions_in
2025-10-29T13:47:01.607217,PUBLISH,09e0753c90f041c9a04eca7c5f1c913f,68f2d95bd190740cfd6a2b7a,ENQUEUED,0.758814960248916,questions_in
2025-10-29T13:47:02.325003,PUBLISH,6c636079d3214ba396e436809afab6f4,68f2d95bd190740cfd6a3d51,ENQUEUED,0.7129736781502345,questions_in
2025-10-29T13:47:02.566268,PUBLISH,d71b2ae5cf0e440ba1e6dde263be3175,68f2d95bd190740cfd6a2fda,ENQUEUED,0.23642615143002346,questions_in
2025-10-29T13:47:02.666953,PUBLISH,b8a5531d83fc41bab853c92ce5559776,68f2d95bd190740cfd6a3db3,ENQUEUED,0.09612463905949327,questions_in
2025-10-29T13:47:05.051453,PUBLISH,2c4f75eb3475400bb655257249821722,68f2d95bd190740cfd6a3481,ENQUEUED,2.3783247396583667,questions_in
2025-10-29T13:47:05.289218,PUBLISH,2b953f751a5f4d6d84bd6ad4074481b8,68f2d95bd190740cfd6a2363,ENQUEUED,0.232907806563086,questions_in
2025-10-29T13:47:06.148544,PUBLISH,8921c6634cf043839c5df1c61aac2337,68f2d95bd190740cfd6a2b7f,ENQUEUED,0.8545505865700204,questions_in
2025-10-29T13:47:06.876603,PUBLISH,fd71fe754151463191abfa6c4691f616,68f2d95bd190740cfd6a26c7,ENQUEUED,0.7234138770533476,questions_in
2025-10-29T13:47:06.934992,PUBLISH,a6418b6ed1844565a4fda73c8d6c82ca,68f2d95bd190740cfd6a1de0,ENQUEUED,0.055681282467824965,questions_in
2025-10-29T13:47:06.961665,PUBLISH,e103542f68954066bb1a120c4a2270e8,68f2d95bd190740cfd6a3f05,ENQUEUED,0.02500357830782875,questions_in
2025-10-29T13:47:07.462262,PUBLISH,e72e6bc6778741d19a85abd9b2b4ec7b,68f2d95bd190740cfd6a2b7e,ENQUEUED,0.4954984837901462,questions_in
2025-10-29T13:47:07.548741,PUBLISH,4a8a84e694bb44f8a7daa26a6311a838,68f2d95bd190740cfd6a34d2,ENQUEUED,0.08518799368309116,questions_in
2025-10-29T13:47:09.682533,PUBLISH,545a924be85548deaf9a8ac949777f5d,68f2d95bd190740cfd6a3641,ENQUEUED,2.127716311088478,questions_in
2025-10-29T13:47:09.722221,PUBLISH,fff24082983f40ca8f79080b2f36a56b,68f2d95bd190740cfd6a2f68,ENQUEUED,0.03733092826298621,questions_in
2025-10-29T13:47:09.820639,PUBLISH,5dd94802caf0430788b1193e57ab7cf5,68f2d95bd190740cfd6a3a8b,ENQUEUED,0.09378178102581604,questions_in
2025-10-29T13:47:11.166574,PUBLISH,e0ee11a24930462f877a4cc32024043d,68f2d95bd190740cfd6a24d7,ENQUEUED,1.3400948405982058,questions_in
2025-10-29T13:47:11.254859,PUBLISH,96d8343c549f43ee9d3914d5b5506fa6,68f2d95bd190740cfd6a369c,ENQUEUED,0.08331547949313768,questions_in
2025-10-29T13:47:11.542387,PUBLISH,9443dc0ba18049fa93b20c479064131e,68f2d95bd190740cfd6a1f15,ENQUEUED,0.2826484115383596,questions_in
2025-10-29T13:47:13.725223,PUBLISH,314d4eb5cb7c40f491817e235cd18c49,68f2d95bd190740cfd6a3f57,ENQUEUED,2.1794915088517492,questions_in
2025-10-29T13:47:15.329418,PUBLISH,693abaca17ba49cf8664dceea65728c8,68f2d95bd190740cfd6a3849,ENQUEUED,1.5977212309338562,questions_in
2025-10-29T13:47:16.427340,PUBLISH,9277bdf737154e12ab20e9bb125790fb,68f2d95bd190740cfd6a3eb1,ENQUEUED,1.0925985721780447,questions_in
2025-10-29T13:47:16.653001,PUBLISH,f99c3e00953f43be9c5152e751a23c26,68f2d95bd190740cfd6a1c99,ENQUEUED,0.2206092897896503,questions_in
2025-10-29T13:47:17.210956,PUBLISH,a2d486e64b8f42378618c81bdc391d9b,68f2d95bd190740cfd6a22ee,ENQUEUED,0.5531841429171108,questions_in
2025-10-29T13:47:18.357202,PUBLISH,953e8a32483d4fc688a3cdcbece953a0,68f2d95bd190740cfd6a37ae,ENQUEUED,1.1392865334069675,questions_in
2025-10-29T13:47:19.852593,PUBLISH,d0563687ad0a40ca843a758d8dc7c7d1,68f2d95bd190740cfd6a2c67,ENQUEUED,1.488743971828356,questions_in
2025-10-29T13:47:20.630497,PUBLISH,b85cac3443fe41639cc98d6269a7908d,68f2d95bd190740cfd6a3c20,ENQUEUED,0.7725694578035687,questions_in
2025-10-29T13:47:22.555734,PUBLISH,1747a56bdc00447982c259e3a588e624,68f2d95bd190740cfd6a3b86,ENQUEUED,1.9190303280549836,questions_in
2025-10-29T13:47:22.736023,PUBLISH,18590de372ef41d98642a90c771f6ee6,68f2d95bd190740cfd6a203f,ENQUEUED,0.17527167938185892,questions_in
2025-10-29T13:47:23.826391,PUBLISH,859764f149c348a9b55966d0e9a7cfdc,68f2d95bd190740cfd6a35e9,ENQUEUED,1.085694921087472,questions_in
2025-10-29T13:47:24.509769,PUBLISH,b0178e54004c480d952e481fb8019ec7,68f2d95bd190740cfd6a3d2d,ENQUEUED,0.6780672748413142,questions_in
2025-10-29T13:47:25.324993,PUBLISH,7d988aef9c544313ab89f2ec8d9e8ae1,68f2d95bd190740cfd6a285d,ENQUEUED,0.8097854578091771,questions_in
2025-10-29T13:47:25.705107,PUBLISH,d22112c6d62b4b3aba10e97f3d7fd96b,68f2d95bd190740cfd6a356b,ENQUEUED,0.3780798502808918,questions_in
2025-10-29T13:47:25.831839,PUBLISH,53e1297b191740498275a9e022c13a04,68f2d95bd190740cfd6a3264,ENQUEUED,0.12435762988695921,questions_in
2025-10-29T13:47:27.199841,PUBLISH,ae494a2446294230a66f709246f194e7,68f2d95bd190740cfd6a31d5,ENQUEUED,1.361898035270471,questions_in
2025-10-29T13:47:27.788733,PUBLISH,d3fe4b4329654fd8b2ede42e794c5f2a,68f2d95bd190740cfd6a4170,ENQUEUED,0.5835486216649991,questions_in
2025-10-29T13:47:28.010860,PUBLISH,a8bde9cce8274b8bab818aaeb1510c61,68f2d95bd190740cfd6a3fb4,ENQUEUED,0.21642041079378024,questions_in
2025-10-29T13:47:28.216433,PUBLISH,62ae6e7ed5694497a86f9cc30f035500,68f2d95bd190740cfd6a3d33,ENQUEUED,0.2011033555552871,questions_in
2025-10-29T13:47:28.778533,PUBLISH,88f51c825dfa40a6ad7f59bc7d1bd43e,68f2d95bd190740cfd6a22ad,ENQUEUED,0.556213954639344,questions_in
2025-10-29T13:47:28.877672,PUBLISH,4d7dc00857db4dbfbc4996c98e2c5231,68f2d95bd190740cfd6a3cc0,ENQUEUED,0.0951680675912019,questions_in
2025-10-29T13:47:28.917415,PUBLISH,e7f07ddace31442684682d2894778a36,68f2d95bd190740cfd6a2f61,ENQUEUED,0.03797963185027588,questions_in
2025-10-29T13:47:29.195484,PUBLISH,ccf6ae35a06345599da2a0173633b105,68f2d95bd190740cfd6a288e,ENQUEUED,0.27304252706976845,questions_in
2025-10-29T13:47:29.256829,PUBLISH,d5d9b651bb0a4dbc810e9e36b6aeb759,68f2d95bd190740cfd6a2858,ENQUEUED,0.05843297850900419,questions_in
2025-10-29T13:47:29.753519,PUBLISH,031e19cba2e94083bdaf8818e7f3ad47,68f2d95bd190740cfd6a1b2d,ENQUEUED,0.49116651417299334,questions_in
2025-10-29T13:47:31.391194,PUBLISH,9477accbb99146febf873d2a81c879ec,68f2d95bd190740cfd6a38f3,ENQUEUED,1.6313911720054575,questions_in
2025-10-29T13:47:31.874166,PUBLISH,38a825d47e1b4132923d9857407cf7f8,68f2d95bd190740cfd6a23d0,ENQUEUED,0.47786259545539894,questions_in
2025-10-29T13:47:32.388408,PUBLISH,b0b1c78cef554b349f26b805891a7fde,68f2d95bd190740cfd6a312e,ENQUEUED,0.5092226162888752,questions_in
2025-10-29T13:47:32.419457,PUBLISH,f7abf181fcd8439fb877718a0cc1d37c,68f2d95bd190740cfd6a2111,ENQUEUED,0.029382693716918016,questions_in
2025-10-29T13:47:34.101145,PUBLISH,743578cfd4c44b2bbc558532c10cb290,68f2d95bd190740cfd6a21ab,ENQUEUED,1.6744435928548675,questions_in
2025-10-29T13:47:35.782003,PUBLISH,25043516e49f4ac0854b0a2322d91c33,68f2d95bd190740cfd6a34b4,ENQUEUED,1.6746656922904253,questions_in
2025-10-29T13:47:36.226202,PUBLISH,fd4cc1e6b99a4568bf31007faaf1d3d5,68f2d95bd190740cfd6a2459,ENQUEUED,0.43909133055772404,questions_in
2025-10-29T13:47:36.613503,PUBLISH,a7fe11804a9d4df59fc8e2abc6aeafee,68f2d95bd190740cfd6a4095,ENQUEUED,0.38269561569736016,questions_in
2025-10-29T13:47:38.526760,PUBLISH,f8e124b227b448ba8a9f3d43011d5190,68f2d95bd190740cfd6a1df6,ENQUEUED,1.9068143153352641,questions_in
2025-10-29T13:47:38.681244,PUBLISH,0cc16da843cf4d17b04419b518128742,68f2d95bd190740cfd6a27e0,ENQUEUED,0.14964168707972253,questions_in
2025-10-29T13:47:39.346868,PUBLISH,e04b7e55fcaa4b09934af9009e048dd7,68f2d95bd190740cfd6a35a6,ENQUEUED,0.6603974675487382,questions_in
2025-10-29T13:47:40.540624,PUBLISH,94e6103f5d8f4b2fa8dd741b5bc24c6d,68f2d95bd190740cfd6a3185,ENQUEUED,1.1887073368248031,questions_in
2025-10-29T13:47:40.879464,PUBLISH,ef07fcc7fa6e4a41adc27c922fe531f6,68f2d95bd190740cfd6a38ed,ENQUEUED,0.33393145157106313,questions_in
2025-10-29T13:47:45.032819,PUBLISH,b378f0f0e5244f10bc2560c02abb5fc2,68f2d95bd190740cfd6a3688,ENQUEUED,4.145219134402663,questions_in
2025-10-29T13:47:45.419209,PUBLISH,edd4f679886c484fa1ecf49eb2850f54,68f2d95bd190740cfd6a22c8,ENQUEUED,0.3845993563296764,questions_in
2025-10-29T13:47:48.225087,PUBLISH,9b17fbac9aad4fa2b2cf7a8b2992a5a5,68f2d95bd190740cfd6a3ee5,ENQUEUED,2.798362274894775,questions_in
2025-10-29T13:47:49.209314,PUBLISH,8e5b830c60cc4d0187622f6b1c34cb23,68f2d95bd190740cfd6a392c,ENQUEUED,0.9786488077479453,questions_in
2025-10-29T13:47:49.780533,PUBLISH,2d42c43b0de24069803cf99e928e2b31,68f2d95bd190740cfd6a1c36,ENQUEUED,0.5653383845959422,questions_in
2025-10-29T13:47:49.961648,PUBLISH,e4f584ac69a947bc824089d2df816992,68f2d95bd190740cfd6a1c75,ENQUEUED,0.1764157951268169,questions_in
2025-10-29T13:47:51.861779,PUBLISH,30b55e47daa043249d08d70541942459,68f2d95bd190740cfd6a32e5,ENQUEUED,1.8973008195409211,questions_in
2025-10-29T13:47:52.327536,PUBLISH,6f79ac42e14246d6b7fd77c1b30311e4,68f2d95bd190740cfd6a22b5,ENQUEUED,0.4605755029939955,questions_in
2025-10-29T13:47:52.684639,PUBLISH,f60b5ba9707c4d1093852a59438f5124,68f2d95bd190740cfd6a3e9e,ENQUEUED,0.3519578242434684,questions_in
2025-10-29T13:47:53.133417,PUBLISH,339f26bf75b342d0ab1ee8604e1036e9,68f2d95bd190740cfd6a28fc,ENQUEUED,0.4443302018870617,questions_in
2025-10-29T13:47:54.036625,PUBLISH,832a5d5b36b54b5982eae82e30dda3e2,68f2d95bd190740cfd6a1e76,ENQUEUED,0.8982085668862975,questions_in
2025-10-29T13:47:54.792270,PUBLISH,1345bdc0674e46069c4ed432cd3e0518,68f2d95bd190740cfd6a4124,ENQUEUED,0.7505926219917803,questions_in
2025-10-29T13:47:55.002834,PUBLISH,449a924ba3f9477db6758d670254828b,68f2d95bd190740cfd6a3889,ENQUEUED,0.20516782313621693,questions_in
2025-10-29T13:47:55.336542,PUBLISH,6cbefebe7dda4474855ec617fbaf7637,68f2d95bd190740cfd6a2bbe,ENQUEUED,0.32874993129314467,questions_in
2025-10-29T13:47:55.832202,PUBLISH,454205919f8d4204be708295240191fd,68f2d95bd190740cfd6a3fc4,ENQUEUED,0.4909202609217012,questions_in
2025-10-29T13:47:56.610041,PUBLISH,5fecdc2e45a94fcdad2ff41c65faf886,68f2d95bd190740cfd6a34b5,ENQUEUED,0.7725615435639347,questions_in
2025-10-29T13:47:57.262665,PUBLISH,d66dad9a8e984735b5fd08f66f24f1cd,68f2d95bd190740cfd6a239b,ENQUEUED,0.6470570823563728,questions_in
2025-10-29T13:47:58.216887,PUBLISH,289473cd2bf94d88a6db219145338928,68f2d95bd190740cfd6a2405,ENQUEUED,0.9468750685580778,questions_in
2025-10-29T13:47:58.242676,PUBLISH,cb1b27686d1845d1ae17cf9e91677892,68f2d95bd190740cfd6a39f7,ENQUEUED,0.023684556959895534,questions_in
2025-10-29T13:47:58.969146,PUBLISH,0c72719a5ad645208804c689292a1bcc,68f2d95bd190740cfd6a27a4,ENQUEUED,0.7206546713211534,questions_in
2025-10-29T13:47:59.108270,PUBLISH,e12397d34f144b238d5b624e37993847,68f2d95bd190740cfd6a1cce,ENQUEUED,0.13436289456440834,questions_in
2025-10-29T13:47:59.295304,PUBLISH,f88044eead9a48c39e649c079fb473e9,68f2d95bd190740cfd6a1cb2,ENQUEUED,0.18553183300077492,questions_in
2025-10-29T13:48:01.405388,PUBLISH,acb5febd5c714e55b0c9c4ea0426af00,68f2d95bd190740cfd6a41b5,ENQUEUED,2.103703008751826,questions_in
2025-10-29T13:48:01.786719,PUBLISH,3a1406b03f644238bc651e6b868a2be6,68f2d95bd190740cfd6a39ea,ENQUEUED,0.3765043015658336,questions_in
2025-10-29T13:48:02.098331,PUBLISH,bc5c0c33146b4e2a894f9fbf9df516f2,68f2d95bd190740cfd6a1e46,ENQUEUED,0.3092485630085567,questions_in
2025-10-29T13:48:03.292383,PUBLISH,8825297f586a40a489fa3c8019765757,68f2d95bd190740cfd6a3f56,ENQUEUED,1.1891996092331036,questions_in
2025-10-29T13:48:04.255219,PUBLISH,4edcfdbb6e8d4c208c4ea863359f984f,68f2d95bd190740cfd6a3d2d,ENQUEUED,0.961393348881531,questions_in
2025-10-29T13:48:04.358621,PUBLISH,69ad5e345488498a9eb32843a77f3ee7,68f2d95bd190740cfd6a2971,ENQUEUED,0.09784111422100501,questions_in
2025-10-29T13:48:05.968560,PUBLISH,9ee1e59e2175409f954c3994de4a32a0,68f2d95bd190740cfd6a2c5a,ENQUEUED,1.6040903192763283,questions_in
2025-10-29T13:48:07.404954,PUBLISH,99bce394beb14f84b16ac145852e847c,68f2d95bd190740cfd6a2c72,ENQUEUED,1.4334360711965932,questions_in
2025-10-29T13:48:09.592713,PUBLISH,e91a5bae1aac46ec8ae4a273ed8c0238,68f2d95bd190740cfd6a3013,ENQUEUED,2.181008255917804,questions_in
2025-10-29T13:48:09.756244,PUBLISH,d797f8faa0f349b787eadc1edc07cb02,68f2d95bd190740cfd6a27df,ENQUEUED,0.15892158049286756,questions_in
2025-10-29T13:48:10.422185,PUBLISH,0aa0de47afed4f1197600d726acf1c39,68f2d95bd190740cfd6a3d63,ENQUEUED,0.6607915446370595,questions_in
2025-10-29T13:48:10.667951,PUBLISH,948d4731fd6540f29c8b716b04d384b8,68f2d95bd190740cfd6a2e13,ENQUEUED,0.24060871142400372,questions_in
2025-10-29T13:48:10.968908,PUBLISH,37c219f3584c4fffb0069f1adfa2a4d0,68f2d95bd190740cfd6a3dac,ENQUEUED,0.29927440178382686,questions_in
2025-10-29T13:48:11.582191,PUBLISH,ea4fe740d78c438d8d84409c991b065a,68f2d95bd190740cfd6a2da2,ENQUEUED,0.6081561887762079,questions_in
2025-10-29T13:48:12.076594,PUBLISH,dc526f2a7bee494aa081607e8c29f9b0,68f2d95bd190740cfd6a2c29,ENQUEUED,0.48959188341948123,questions_in
2025-10-29T13:48:13.031286,PUBLISH,bdf885a94350463c9bdc6e3388823cfd,68f2d95bd190740cfd6a4116,ENQUEUED,0.9482864246656891,questions_in
2025-10-29T13:48:13.209544,PUBLISH,7cf222dadff34217a8343f3ac6466ef2,68f2d95bd190740cfd6a326e,ENQUEUED,0.17354995416695818,questions_in
2025-10-29T13:48:13.434453,PUBLISH,8d2da39f9beb4fdab60fc70f2af1f035,68f2d95bd190740cfd6a2701,ENQUEUED,0.22274411418788284,questions_in
2025-10-29T13:48:13.761278,PUBLISH,9d8bf3aa9c084fe7a78f1b680601aa0c,68f2d95bd190740cfd6a271c,ENQUEUED,0.32156676589044103,questions_in
2025-10-29T13:48:13.777559,PUBLISH,3b3654d3e6bc4384aeef6916a10c6624,68f2d95bd190740cfd6a2d04,ENQUEUED,0.01478199305025814,questions_in
2025-10-29T13:48:15.583875,PUBLISH,f54e9b495dea44bfb94319659798546e,68f2d95bd190740cfd6a3c6e,ENQUEUED,1.7998801213357678,questions_in
2025-10-29T13:48:16.095410,PUBLISH,d69c80d4c4cb4c0ba04286a027a7a873,68f2d95bd190740cfd6a2110,ENQUEUED,0.5065158301432797,questions_in
2025-10-29T13:48:16.273818,PUBLISH,67e8888cde8c4216beef5b7321962ba9,68f2d95bd190740cfd6a3f0f,ENQUEUED,0.17313515795004306,questions_in
2025-10-29T13:48:16.494455,PUBLISH,58ddcd00410b4b418189a682017eda89,68f2d95bd190740cfd6a40b2,ENQUEUED,0.2147870915689233,questions_in
2025-10-29T13:48:16.893012,PUBLISH,3d20909a67ce4665aa06bcc334bacdef,68f2d95bd190740cfd6a2f97,ENQUEUED,0.394042066441322,questions_in
2025-10-29T13:48:17.038521,PUBLISH,47d86182c0104225b50998fb5576efa7,68f2d95bd190740cfd6a3767,ENQUEUED,0.13979482911022165,questions_in
2025-10-29T13:48:17.248479,PUBLISH,c92463d7f23342769e660557b4e67529,68f2d95bd190740cfd6a3e6f,ENQUEUED,0.2034415483989398,questions_in
2025-10-29T13:48:17.857814,PUBLISH,c67e4f55881c47eeb4717367665b2488,68f2d95bd190740cfd6a1d56,ENQUEUED,0.6047480887246296,questions_in
2025-10-29T13:48:18.827796,PUBLISH,27d1c2846ce44ad5a6e96e5ca1a6be74,68f2d95bd190740cfd6a3244,ENQUEUED,0.9647731643136016,questions_in
2025-10-29T13:48:19.056133,PUBLISH,651398c777ea41ddbd4d7155a5e3ffea,68f2d95bd190740cfd6a3a27,ENQUEUED,0.22387519248725465,questions_in
2025-10-29T13:48:20.292267,PUBLISH,a59b682aa0464ec39d12988628e7dc2c,68f2d95bd190740cfd6a2f42,ENQUEUED,1.2286328522066752,questions_in
2025-10-29T13:48:21.145633,PUBLISH,a0915c7d619c46c59eb5ee65dd11c9ec,68f2d95bd190740cfd6a3fc2,ENQUEUED,0.8483661872578909,questions_in
2025-10-29T13:48:21.195425,PUBLISH,4f0bb8111e0b411ab1fe7ecc22e4c6f5,68f2d95bd190740cfd6a3889,ENQUEUED,0.04507847634784747,questions_in
2025-10-29T13:48:21.449857,PUBLISH,43e4789c3b9e450f851cb2540fdc1cfd,68f2d95bd190740cfd6a1dcd,ENQUEUED,0.25194339834576057,questions_in
2025-10-29T13:48:21.528712,PUBLISH,f95c30b0c22c48f494de8cdaecea01c8,68f2d95bd190740cfd6a2b89,ENQUEUED,0.07408688212063104,questions_in
2025-10-29T13:48:21.775912,PUBLISH,f9e5c4dc680a49a6b73db102a9b3c06d,68f2d95bd190740cfd6a289c,ENQUEUED,0.24198278013588262,questions_in
2025-10-29T13:48:21.942522,PUBLISH,7bbb7e249f864484a551fff52f32562a,68f2d95bd190740cfd6a2084,ENQUEUED,0.16128883777685538,questions_in
2025-10-29T13:48:22.030563,PUBLISH,2af31b8f746e40a393fbb652b8b98704,68f2d95bd190740cfd6a3ef3,ENQUEUED,0.08641704860604095,questions_in
2025-10-29T13:48:22.348894,PUBLISH,1a332528d97442e098de54b979a2f367,68f2d95bd190740cfd6a3208,ENQUEUED,0.31190002641677667,questions_in
2025-10-29T13:48:24.690192,PUBLISH,2cb2f212245143248d888386a3d14a5c,68f2d95bd190740cfd6a3115,ENQUEUED,2.336295015485947,questions_in
2025-10-29T13:48:25.167632,PUBLISH,3252ee4b0e8d421a9209b0087d9e5ba3,68f2d95bd190740cfd6a1bde,ENQUEUED,0.47283870412766443,questions_in
2025-10-29T13:48:25.390092,PUBLISH,9218b674e5104947ab4705dbbd01b7cf,68f2d95bd190740cfd6a1f79,ENQUEUED,0.2176400151559401,questions_in
2025-10-29T13:48:25.884035,PUBLISH,673edf7772b94ffb85d9e9088de9a87b,68f2d95bd190740cfd6a2c6c,ENQUEUED,0.4885171361169449,questions_in
2025-10-29T13:48:25.917781,PUBLISH,c9170a360f1b45ddabdbe43ba118083f,68f2d95bd190740cfd6a206c,ENQUEUED,0.032071552842565604,questions_in
2025-10-29T13:48:27.788616,PUBLISH,70cd4367f8f448e9add04242fd68119a,68f2d95bd190740cfd6a29a2,ENQUEUED,1.8648786116977811,questions_in
2025-10-29T13:48:28.682182,PUBLISH,11d31b8c1c2d4df68a2bf099020406fa,68f2d95bd190740cfd6a3c09,ENQUEUED,0.8879740553551395,questions_in
2025-10-29T13:48:28.908395,PUBLISH,01868eb6fcb1440db98a25e50118d0bd,68f2d95bd190740cfd6a365f,ENQUEUED,0.22081823316051682,questions_in
2025-10-29T13:48:29.853656,PUBLISH,0cb07dc3eb9b447bb02697077023aa68,68f2d95bd190740cfd6a2d0e,ENQUEUED,0.940498659697881,questions_in
2025-10-29T13:48:30.034436,PUBLISH,f711640cffeb4088af4858972c345e3b,68f2d95bd190740cfd6a38a9,ENQUEUED,0.1762809462699794,questions_in
2025-10-29T13:48:31.135562,PUBLISH,4178f1c3061447c284d97becbfbb20a3,68f2d95bd190740cfd6a1b94,ENQUEUED,1.0948008256946828,questions_in
2025-10-29T13:48:31.210868,PUBLISH,d73ade7c3fb0453cae8a6e0f1310a470,68f2d95bd190740cfd6a223f,ENQUEUED,0.07359429836428606,questions_in
2025-10-29T13:48:31.690902,PUBLISH,4535254bd0544ddea507329f66853a28,68f2d95bd190740cfd6a32fd,ENQUEUED,0.4750623582292808,questions_in
2025-10-29T13:48:31.874480,PUBLISH,1bc0f4807ba045f8b070b1917587fe2f,68f2d95bd190740cfd6a2b90,ENQUEUED,0.17856597115115194,questions_in
2025-10-29T13:48:33.846134,PUBLISH,173d5b1f94b04501a1e4841050bc8200,68f2d95bd190740cfd6a3dd8,ENQUEUED,1.9645758099990618,questions_in
2025-10-29T13:48:33.870453,PUBLISH,ca9c82b1980749f2933cd67851585eaf,68f2d95bd190740cfd6a24e6,ENQUEUED,0.01764935011781404,questions_in
2025-10-29T13:48:34.616381,PUBLISH,100b7773ac6146e8bf2beb5d63ddc1db,68f2d95bd190740cfd6a3822,ENQUEUED,0.7404940983654758,questions_in
2025-10-29T13:48:35.515271,PUBLISH,5ff2db79d4f444189af04d8da5ce8510,68f2d95bd190740cfd6a3565,ENQUEUED,0.8941141546045391,questions_in
2025-10-29T13:48:35.877297,PUBLISH,66f79facc6d54d2c8ce5a9cea9871fe9,68f2d95bd190740cfd6a2ca9,ENQUEUED,0.36015819351573636,questions_in
2025-10-29T13:48:35.910851,PUBLISH,c915b8e4d17f41c2aeb37de9e6cc2fc6,68f2d95bd190740cfd6a348c,ENQUEUED,0.03201337279274146,questions_in
2025-10-29T13:48:37.005381,PUBLISH,7a114efb19fc498b900d7fab1809d296,68f2d95bd190740cfd6a28a5,ENQUEUED,1.08983176303089,questions_in
2025-10-29T13:48:37.022099,PUBLISH,47df0a1cdf0848ad93f7de023f4b5248,68f2d95bd190740cfd6a1b7e,ENQUEUED,0.015296434563440832,questions_in
2025-10-29T13:48:38.290284,PUBLISH,9ee1aec18de84df489704f674eda7784,68f2d95bd190740cfd6a268e,ENQUEUED,1.2625878636580292,questions_in
2025-10-29T13:48:38.361195,PUBLISH,460bde3d4f0b4bd087aab606b90ada61,68f2d95bd190740cfd6a1bf3,ENQUEUED,0.06633763268919139,questions_in
2025-10-29T13:48:39.090886,PUBLISH,b02abcb02508403eaac69474e238f15d,68f2d95bd190740cfd6a3fbe,ENQUEUED,0.7241855812215624,questions_in
2025-10-29T13:48:39.414024,PUBLISH,561cd242f7d64ab2ba0215616614827f,68f2d95bd190740cfd6a3a76,ENQUEUED,0.3182429323475027,questions_in
2025-10-29T13:48:41.191245,PUBLISH,35f05f39962d480f8c4a894b38bb261b,68f2d95bd190740cfd6a2977,ENQUEUED,1.7741653882956854,questions_in
2025-10-29T13:48:41.592126,PUBLISH,2c6d931f08ff49f8b3df194fe9e8eff8,68f2d95bd190740cfd6a20d5,ENQUEUED,0.3961524499632985,questions_in
2025-10-29T13:48:41.598548,PUBLISH,f1111ac277214b9096c4ca3a322c8d00,68f2d95bd190740cfd6a24a2,ENQUEUED,0.0021460326424592216,questions_in
2025-10-29T13:48:41.682992,PUBLISH,aa91b6910c594706a09df73182f237f8,68f2d95bd190740cfd6a3dfa,ENQUEUED,0.08003210268548623,questions_in
2025-10-29T13:48:41.705103,PUBLISH,b3762e17850a412eb1d877fa00d86f1f,68f2d95bd190740cfd6a3ace,ENQUEUED,0.017636706843053785,questions_in
2025-10-29T13:48:42.077312,PUBLISH,7eec6cdffbad4c3cafdb0228e1159db4,68f2d95bd190740cfd6a28eb,ENQUEUED,0.3673251116111565,questions_in
2025-10-29T13:48:43.075132,PUBLISH,bc5e7d92ce6748b4ab90d439412d27c3,68f2d95bd190740cfd6a342e,ENQUEUED,0.9924355726684674,questions_in
2025-10-29T13:48:43.373362,PUBLISH,17039dce28d84aee9faa2ef50695d39d,68f2d95bd190740cfd6a3a53,ENQUEUED,0.2925937051170072,questions_in
2025-10-29T13:48:43.383556,PUBLISH,6853b526051348b6a7d60a2bbac1b212,68f2d95bd190740cfd6a216c,ENQUEUED,0.005844091742284284,questions_in
2025-10-29T13:48:43.420480,PUBLISH,e19d817f2c4f4f42a42a0286371f3e23,68f2d95bd190740cfd6a23e8,ENQUEUED,0.034770215779533827,questions_in
2025-10-29T13:48:43.936139,PUBLISH,187c305d07344fe480de2a82bf2484b4,68f2d95bd190740cfd6a37b8,ENQUEUED,0.510553745045803,questions_in
2025-10-29T13:48:44.486925,PUBLISH,607233e65e7444d1820a7be513466b62,68f2d95bd190740cfd6a33dd,ENQUEUED,0.5487130036588045,questions_in
2025-10-29T13:48:45.033141,PUBLISH,9ba89f513d6246d584a2c7efd8ebdb94,68f2d95bd190740cfd6a2c5f,ENQUEUED,0.5416040107179271,questions_in
2025-10-29T13:48:45.423300,PUBLISH,3806a14cad034a149f91fc4c2545a51e,68f2d95bd190740cfd6a1f5a,ENQUEUED,0.3852572499346098,questions_in
2025-10-29T13:48:45.704695,PUBLISH,c6abd262735d4c28af41d20604c25b47,68f2d95bd190740cfd6a2bd0,ENQUEUED,0.2796455849638087,questions_in
2025-10-29T13:48:47.494159,PUBLISH,f37874272a4c40fbaae7606f35748516,68f2d95bd190740cfd6a37f7,ENQUEUED,1.7865078383252444,questions_in
2025-10-29T13:48:47.513908,PUBLISH,8ae6d2671f0645c8914cfed6fed44bf0,68f2d95bd190740cfd6a3fa5,ENQUEUED,0.018134749655227902,questions_in
2025-10-29T13:48:47.700396,PUBLISH,f8d975c2ddc14186841942459037ad99,68f2d95bd190740cfd6a2811,ENQUEUED,0.1820408789912743,questions_in
2025-10-29T13:48:48.345008,PUBLISH,64ffa445a5d4402bb22ca0d80e4aa40b,68f2d95bd190740cfd6a2d61,ENQUEUED,0.6423372743594301,questions_in
2025-10-29T13:48:49.614300,PUBLISH,48d5dc59a60e45d68ae0d82e0b99bd9f,68f2d95bd190740cfd6a32ec,ENQUEUED,1.264191783505207,questions_in
2025-10-29T13:48:50.240913,PUBLISH,50c5741b46184984a409bb8fbb5061b3,68f2d95bd190740cfd6a2107,ENQUEUED,0.6208456097135749,questions_in
2025-10-29T13:48:50.803535,PUBLISH,159e4839fd8c419ea36296138c1ab2ac,68f2d95bd190740cfd6a4084,ENQUEUED,0.5601802955414724,questions_in
2025-10-29T13:48:51.111649,PUBLISH,48c79db0a5b84903bd510edaa4352ea7,68f2d95bd190740cfd6a330f,ENQUEUED,0.3064928692797339,questions_in
2025-10-29T13:48:51.282470,PUBLISH,13997801079f4d3887ba989e62fd8d1b,68f2d95bd190740cfd6a2de0,ENQUEUED,0.16907820953962915,questions_in
2025-10-29T13:48:51.474200,PUBLISH,d738fb0cea8c48d7a50046297f446c9c,68f2d95bd190740cfd6a234d,ENQUEUED,0.1869035822471656,questions_in
2025-10-29T13:48:53.506303,PUBLISH,2e83abf8777c48e59076fe634b8f76a0,68f2d95bd190740cfd6a39aa,ENQUEUED,2.0262851165429416,questions_in
2025-10-29T13:48:53.778231,PUBLISH,10656cdb593542b4815d5fb6fc93b5c0,68f2d95bd190740cfd6a25a6,ENQUEUED,0.2672144353973379,questions_in
2025-10-29T13:48:53.810530,PUBLISH,7f061a021dd94ead8ae1030ec6f9468a,68f2d95bd190740cfd6a4099,ENQUEUED,0.030429492960777266,questions_in
2025-10-29T13:48:53.995861,PUBLISH,af4bf2bf385b41e8abaa0e8ff7f85045,68f2d95bd190740cfd6a37e7,ENQUEUED,0.18070049579555866,questions_in
2025-10-29T13:48:54.202271,PUBLISH,6267ca3d9440408a947a4b70eb1316c5,68f2d95bd190740cfd6a3b9a,ENQUEUED,0.2041293131600371,questions_in
2025-10-29T13:48:54.672148,PUBLISH,71a5c7a82fe9423793f1380e8672031d,68f2d95bd190740cfd6a3624,ENQUEUED,0.46480507889138956,questions_in
2025-10-29T13:48:54.697229,PUBLISH,b331ec8d17e94bb4bf39a9b61542e95c,68f2d95bd190740cfd6a22f8,ENQUEUED,0.02373940297306433,questions_in
2025-10-29T13:48:57.254811,PUBLISH,e296863a8c554c63b28bc05c5b2bce9e,68f2d95bd190740cfd6a4173,ENQUEUED,2.5507496565831205,questions_in
2025-10-29T13:48:59.286454,PUBLISH,e40afd2767ac40f1a001ac95fd3da1f8,68f2d95bd190740cfd6a3b5e,ENQUEUED,2.024769143122589,questions_in
2025-10-29T13:48:59.785684,PUBLISH,6671dfe84cb548ae80879f14132ce267,68f2d95bd190740cfd6a389b,ENQUEUED,0.4928720799576333,questions_in
2025-10-29T13:48:59.978519,PUBLISH,5494f857f4ed4b8fb065038b368a35b4,68f2d95bd190740cfd6a29c7,ENQUEUED,0.19129273004224176,questions_in
2025-10-29T13:49:00.008727,PUBLISH,878a918f90ea4c87a912f0bf8cbe186b,68f2d95bd190740cfd6a2904,ENQUEUED,0.028700667145824105,questions_in
2025-10-29T13:49:00.137442,PUBLISH,1c9d92e7aa24451186409b34bd98fc52,68f2d95bd190740cfd6a3235,ENQUEUED,0.12235540105880445,questions_in
2025-10-29T13:49:00.225542,PUBLISH,49c4c0b9986a41ab97925ad8369c2c0f,68f2d95bd190740cfd6a2e2c,ENQUEUED,0.0866142022836509,questions_in
2025-10-29T13:49:00.471543,PUBLISH,36729e849dd6452981a8f52ab8598f8e,68f2d95bd190740cfd6a1bda,ENQUEUED,0.24095046741553194,questions_in
2025-10-29T13:49:00.871092,PUBLISH,124ea09db1904603a9688e50ee9a95d8,68f2d95bd190740cfd6a3cfa,ENQUEUED,0.3939730228072446,questions_in
2025-10-29T13:49:01.907200,PUBLISH,8c2e8f3a24944e8c8c3c5f5cec8b84aa,68f2d95bd190740cfd6a205c,ENQUEUED,1.0308557429753316,questions_in
2025-10-29T13:49:03.421143,PUBLISH,f2b7355303bb4a109b377cd0a0c0543f,68f2d95bd190740cfd6a34d9,ENQUEUED,1.5121773860136472,questions_in
2025-10-29T13:49:03.486979,PUBLISH,fd0f4cdffa9649119d21447f05b75003,68f2d95bd190740cfd6a1cca,ENQUEUED,0.06401173180960727,questions_in
2025-10-29T13:49:04.049146,PUBLISH,0a2c25834fd8404ca1bd7129aff638e2,68f2d95bd190740cfd6a2f21,ENQUEUED,0.5579477363001867,questions_in
2025-10-29T13:49:04.554382,PUBLISH,ec1abe70b24c43f4a46157684949ad2c,68f2d95bd190740cfd6a3186,ENQUEUED,0.5004307858413352,questions_in
2025-10-29T13:49:05.797071,PUBLISH,feb621a6967749b99bc214513a16bc79,68f2d95bd190740cfd6a2917,ENQUEUED,1.23939955014197,questions_in
2025-10-29T13:49:05.918414,PUBLISH,740cbd3782eb42a5820ff4ab985db48f,68f2d95bd190740cfd6a3dd8,ENQUEUED,0.11612615440368511,questions_in
2025-10-29T13:49:06.284740,PUBLISH,3c911a38fc80494ebbd2cb3e2a2964d6,68f2d95bd190740cfd6a24a2,ENQUEUED,0.3647742562473483,questions_in
2025-10-29T13:49:06.902609,PUBLISH,abe199d153d34a19b135a32b43e8d688,68f2d95bd190740cfd6a2a1a,ENQUEUED,0.6128294124351515,questions_in
2025-10-29T13:49:07.633324,PUBLISH,01bf5be76cfb451d921e6dc98ce2b37c,68f2d95bd190740cfd6a28e9,ENQUEUED,0.721632149594853,questions_in
2025-10-29T13:49:07.798747,PUBLISH,eb6ad8b18ba34599b10697a87a895459,68f2d95bd190740cfd6a315b,ENQUEUED,0.15933359780655884,questions_in
2025-10-29T13:49:08.945892,PUBLISH,64af734519c447c5b788fb595b0bd6f9,68f2d95bd190740cfd6a2f3c,ENQUEUED,1.141294790389654,questions_in
2025-10-29T13:49:09.025335,PUBLISH,80390310933d466893985b209b4656be,68f2d95bd190740cfd6a28e1,ENQUEUED,0.07491532644703157,questions_in
2025-10-29T13:49:09.337238,PUBLISH,6dc51a36c0c048f0a79f563ae3dbf894,68f2d95bd190740cfd6a35d9,ENQUEUED,0.3069620436061299,questions_in
2025-10-29T13:49:09.881525,PUBLISH,f60edcf85d844d8592d6f6af3b4581b2,68f2d95bd190740cfd6a3064,ENQUEUED,0.538879721065175,questions_in
2025-10-29T13:49:11.512465,PUBLISH,1e584df9ae7245398fafb2a9f0d7ce01,68f2d95bd190740cfd6a3620,ENQUEUED,1.6252484341067488,questions_in
2025-10-29T13:49:12.629145,PUBLISH,eac86c4e5bec4d87ad7d25a42d09196d,68f2d95bd190740cfd6a3350,ENQUEUED,1.1149033924421654,questions_in
2025-10-29T13:49:12.998948,PUBLISH,cf93e4457088467fbff4d2a2b74674aa,68f2d95bd190740cfd6a34f2,ENQUEUED,0.36404175245269865,questions_in
2025-10-29T13:49:13.051459,PUBLISH,b920b5db1e3f47678676b5380ec53262,68f2d95bd190740cfd6a334d,ENQUEUED,0.04989790191327643,questions_in
2025-10-29T13:49:15.574984,PUBLISH,f9b49748a08f433f84850905a0df7bea,68f2d95bd190740cfd6a1c04,ENQUEUED,2.5163178199039353,questions_in
2025-10-29T13:49:15.694797,PUBLISH,bd2ecb45bd854a9aa81d20badba50770,68f2d95bd190740cfd6a25eb,ENQUEUED,0.11842567431717067,questions_in
2025-10-29T13:49:18.653614,PUBLISH,dfc44a2909134f7f950e08c9742ba07c,68f2d95bd190740cfd6a3091,ENQUEUED,2.951292819513528,questions_in
2025-10-29T13:49:19.084403,PUBLISH,5c46a7e7e954487eb4557c07c5e6268a,68f2d95bd190740cfd6a41ae,ENQUEUED,0.4290481828438973,questions_in
2025-10-29T13:49:19.496474,PUBLISH,4278646dd7cb46c9b59406291f01328f,68f2d95bd190740cfd6a2953,ENQUEUED,0.40704233989730026,questions_in
2025-10-29T13:49:20.077947,PUBLISH,6df3a388b0bc450498f3b486ae074b27,68f2d95bd190740cfd6a3324,ENQUEUED,0.5766213028579718,questions_in
2025-10-29T13:49:20.266541,PUBLISH,c8f09f705b9948f1ac2392c3518016fc,68f2d95bd190740cfd6a3aaf,ENQUEUED,0.18346470510218052,questions_in
2025-10-29T13:49:23.226092,PUBLISH,c0df17ac37834483bc3b5832b976997f,68f2d95bd190740cfd6a3508,ENQUEUED,2.9521774334218467,questions_in
2025-10-29T13:49:23.370472,PUBLISH,bda8b2ba42274a1998efbae1330211ab,68f2d95bd190740cfd6a1e32,ENQUEUED,0.13961024020786658,questions_in
2025-10-29T13:49:25.483756,PUBLISH,676f2f0cca5e45a2b5aed1947bfd27f4,68f2d95bd190740cfd6a2048,ENQUEUED,2.107110588868376,questions_in
2025-10-29T13:49:25.570452,PUBLISH,da0c17b1c6654f15a793172c3f63e820,68f2d95bd190740cfd6a2999,ENQUEUED,0.08207608902149809,questions_in
2025-10-29T13:49:26.261561,PUBLISH,43d6ba7272154361b7ce3cf950bbfff6,68f2d95bd190740cfd6a2d2b,ENQUEUED,0.685563348696014,questions_in
2025-10-29T13:49:26.575719,PUBLISH,41710ef36b9949acad3089c126722ef4,68f2d95bd190740cfd6a31e4,ENQUEUED,0.30883791906495334,questions_in
2025-10-29T13:49:26.960660,PUBLISH,ce20ac420cba4aa6aff99b6805857327,68f2d95bd190740cfd6a3b75,ENQUEUED,0.3793796388175796,questions_in
2025-10-29T13:49:27.123140,PUBLISH,b1ed608cd31a4df8b8c4c5d34bcfc31d,68f2d95bd190740cfd6a2b70,ENQUEUED,0.15778063012376073,questions_in
2025-10-29T13:49:29.009953,PUBLISH,594b3ea28af04c869f1f7cfa0bfbdc5e,68f2d95bd190740cfd6a33e4,ENQUEUED,1.8803165061459166,questions_in
2025-10-29T13:49:30.003791,PUBLISH,dbe3943ba8b943ccaa22a60aba0edd89,68f2d95bd190740cfd6a2d07,ENQUEUED,0.9879111493169673,questions_in
2025-10-29T13:49:30.164648,PUBLISH,2e0442cd504044cd859e9ee8f3cadada,68f2d95bd190740cfd6a31ff,ENQUEUED,0.15628372354856482,questions_in
2025-10-29T13:49:32.158509,PUBLISH,205e327f21514532a64860c5ab56cc06,68f2d95bd190740cfd6a3a59,ENQUEUED,1.9880940593991607,questions_in
2025-10-29T13:49:33.645187,PUBLISH,9991f659acb24ef4bf0fd1bb51c23133,68f2d95bd190740cfd6a35cf,ENQUEUED,1.4816657075849118,questions_in
2025-10-29T13:49:34.588538,PUBLISH,436febb4802d46ae853c65c47a1159a4,68f2d95bd190740cfd6a236d,ENQUEUED,0.937201543448018,questions_in
2025-10-29T13:49:34.917495,PUBLISH,9fa9ec676d294bd6866cb3d96b8c206d,68f2d95bd190740cfd6a23a8,ENQUEUED,0.32734899665653483,questions_in
2025-10-29T13:49:34.924929,PUBLISH,9ab6638e06f64e939fda4ed6b6156761,68f2d95bd190740cfd6a4156,ENQUEUED,0.006094640657747768,questions_in
2025-10-29T13:49:35.005955,PUBLISH,d513eab6fdb0463ea42fe30533b08951,68f2d95bd190740cfd6a3c65,ENQUEUED,0.07634771129708402,questions_in
2025-10-29T13:49:35.174372,PUBLISH,9f7e6a4bbf1644d5aafd9e2539d23dbb,68f2d95bd190740cfd6a2be1,ENQUEUED,0.16374992765712862,questions_in
2025-10-29T13:49:37.861370,PUBLISH,2f3c823407c44d0295adf598efbfa9ad,68f2d95bd190740cfd6a2261,ENQUEUED,2.680600214647786,questions_in
2025-10-29T13:49:38.378321,PUBLISH,e28ac558c27741909b1588b5639406ed,68f2d95bd190740cfd6a2f2c,ENQUEUED,0.5118013823063651,questions_in
2025-10-29T13:49:39.699927,PUBLISH,701e3b2f4a75479c8512df623f67a07d,68f2d95bd190740cfd6a3079,ENQUEUED,1.315462476403573,questions_in
2025-10-29T13:49:40.132780,PUBLISH,b76bc350f92e4669a5c291fa666c7a07,68f2d95bd190740cfd6a3cd5,ENQUEUED,0.4264949020276167,questions_in
2025-10-29T13:49:41.247474,PUBLISH,fda5cf13c3664c4d81559a201644de33,68f2d95bd190740cfd6a25e5,ENQUEUED,1.1092570497725012,questions_in
2025-10-29T13:49:41.987882,PUBLISH,b12dad2e76f044bfa2b8346ef76e8eab,68f2d95bd190740cfd6a2d88,ENQUEUED,0.7355474677335897,questions_in
2025-10-29T13:49:44.109946,PUBLISH,0e1d727e667943d2b560a174db3d76a2,68f2d95bd190740cfd6a323c,ENQUEUED,2.1153173957379034,questions_in
2025-10-29T13:49:47.126392,PUBLISH,f77b3d83fd53423a821fc81b06ed51a5,68f2d95bd190740cfd6a1ebb,ENQUEUED,3.009626372033845,questions_in
2025-10-29T13:49:47.355873,PUBLISH,643c0a2636ae427993dbe4042c44500a,68f2d95bd190740cfd6a26f8,ENQUEUED,0.22787705439833247,questions_in
2025-10-29T13:49:47.361315,PUBLISH,8e6d95d6737442cfad8f28f804d85106,68f2d95bd190740cfd6a2dcd,ENQUEUED,0.004341361127479247,questions_in
2025-10-29T13:49:47.776761,PUBLISH,ca720f4bc53342b3b66f1eeb00ea635a,68f2d95bd190740cfd6a3c3c,ENQUEUED,0.4100235120090634,questions_in
2025-10-29T13:49:47.930833,PUBLISH,7e3da0e57ed240bbaeba398d0dedc35d,68f2d95bd190740cfd6a1e33,ENQUEUED,0.14863383693975166,questions_in
2025-10-29T13:49:50.553361,PUBLISH,80a329a548ee4cc58706ca069be51ef8,68f2d95bd190740cfd6a3db1,ENQUEUED,2.6151908647365283,questions_in
2025-10-29T13:49:51.247878,PUBLISH,ce46f1820478474f8fc426f078905b6e,68f2d95bd190740cfd6a2231,ENQUEUED,0.6884915401403906,questions_in
2025-10-29T13:49:51.574017,PUBLISH,143c1ab277654004a824f5858259b1a3,68f2d95bd190740cfd6a41da,ENQUEUED,0.3202294379767747,questions_in
2025-10-29T13:49:51.953165,PUBLISH,84d92dab8c5844f2914d8a24252d504c,68f2d95bd190740cfd6a2048,ENQUEUED,0.3735255372415065,questions_in
2025-10-29T13:49:51.991526,PUBLISH,5d0e7a4369fc409abd8ed204dbfa319e,68f2d95bd190740cfd6a36ee,ENQUEUED,0.036020798455028424,questions_in
2025-10-29T13:49:52.931453,PUBLISH,644966dd8b1b4353ab7abd1ea731f5f1,68f2d95bd190740cfd6a1acf,ENQUEUED,0.935386409051974,questions_in
2025-10-29T13:49:53.378985,PUBLISH,685717057fca44ba8488d72960b33bc2,68f2d95bd190740cfd6a1b95,ENQUEUED,0.4454457778499818,questions_in
2025-10-29T13:49:53.698204,PUBLISH,e64de068699b43528f6b62e2fd4baee9,68f2d95bd190740cfd6a26ee,ENQUEUED,0.3142113279057567,questions_in
2025-10-29T13:49:53.737356,PUBLISH,04c4314b10244a88a5d44fd4e9cf3746,68f2d95bd190740cfd6a2e0c,ENQUEUED,0.03674086439528782,questions_in
2025-10-29T13:49:54.752126,PUBLISH,0e57af9d5d6e41d9964bad127c3c3780,68f2d95bd190740cfd6a1cf7,ENQUEUED,1.0093151575876795,questions_in
2025-10-29T13:49:54.918050,PUBLISH,9a9ccbd4d5ba499792f6d997a0595e02,68f2d95bd190740cfd6a305c,ENQUEUED,0.16035564624928011,questions_in
2025-10-29T13:49:55.112670,PUBLISH,6cfa514269974bdaa4a4032989745c24,68f2d95bd190740cfd6a37ce,ENQUEUED,0.1892117824596655,questions_in
2025-10-29T13:49:56.614476,PUBLISH,5def60789f444675b5827dcb2b710c70,68f2d95bd190740cfd6a2bda,ENQUEUED,1.4953678910463546,questions_in
2025-10-29T13:49:57.677891,PUBLISH,82f6d01e0ebe466c834d2534394b4ed6,68f2d95bd190740cfd6a2876,ENQUEUED,1.057557567766503,questions_in
2025-10-29T13:49:58.979405,PUBLISH,845aa873b0bf452e994603a990f6fe61,68f2d95bd190740cfd6a4045,ENQUEUED,1.2950151311183657,questions_in
2025-10-29T13:49:59.079667,PUBLISH,c2edd261838f409ea00bc566fe31ba71,68f2d95bd190740cfd6a256a,ENQUEUED,0.09565265714301802,questions_in
2025-10-29T13:49:59.128673,PUBLISH,09474ba3d51c43c3ae97abed15a05c2f,68f2d95bd190740cfd6a2811,ENQUEUED,0.04593965449366862,questions_in
2025-10-29T13:50:00.027349,PUBLISH,9bdf0b435ac74fe59931bfa2fe6a8ed6,68f2d95bd190740cfd6a214c,ENQUEUED,0.8940943001662637,questions_in
2025-10-29T13:50:00.249930,PUBLISH,c15bd04bffea4386b433813959727b5d,68f2d95bd190740cfd6a3cca,ENQUEUED,0.21775640539650584,questions_in
2025-10-29T13:50:01.272577,PUBLISH,94a1c935a252487dbee8486c5fe8e859,68f2d95bd190740cfd6a34cd,ENQUEUED,1.0173270726849495,questions_in
2025-10-29T13:50:01.339611,PUBLISH,df651675797f4c1ca0cef48ed4cefd4a,68f2d95bd190740cfd6a3937,ENQUEUED,0.06184840232691519,questions_in
2025-10-29T13:50:03.092309,PUBLISH,347876b375b24d20ba237585d3416436,68f2d95bd190740cfd6a318a,ENQUEUED,1.7473290125185452,questions_in
2025-10-29T13:50:03.820398,PUBLISH,a80ec32f19a84747a493756800596500,68f2d95bd190740cfd6a319b,ENQUEUED,0.7230706543261362,questions_in
2025-10-29T13:50:05.901209,PUBLISH,23e204cfcd534816824de9f4fce8ec2e,68f2d95bd190740cfd6a3a5f,ENQUEUED,2.077839541893929,questions_in
2025-10-29T13:50:06.060384,PUBLISH,666d20615d114be69343072f0871ba76,68f2d95bd190740cfd6a3a18,ENQUEUED,0.15413509011878934,questions_in
2025-10-29T13:50:06.635269,PUBLISH,25f04d7e967045089c22ff723f48f5f1,68f2d95bd190740cfd6a25fb,ENQUEUED,0.5694407858808882,questions_in
2025-10-29T13:50:06.660255,PUBLISH,03760ff0f1f546029ca5cfdb291305e0,68f2d95bd190740cfd6a25f5,ENQUEUED,0.023283843635026683,questions_in
2025-10-29T13:50:07.983634,PUBLISH,6c8baf42e8a94d61a8dc013e02eeac3e,68f2d95bd190740cfd6a3caa,ENQUEUED,1.3181650064251802,questions_in
2025-10-29T13:50:08.270035,PUBLISH,a8d6c7a334cd4970b155b76881f37e98,68f2d95bd190740cfd6a2acc,ENQUEUED,0.281180120622562,questions_in
2025-10-29T13:50:08.916141,PUBLISH,936436137fe74c0a9db50c73e26ce1f8,68f2d95bd190740cfd6a2b75,ENQUEUED,0.6402337469976155,questions_in
2025-10-29T13:50:09.018003,PUBLISH,940f0ad05b13457393fa6b8a3426e893,68f2d95bd190740cfd6a3344,ENQUEUED,0.09695307419803212,questions_in
2025-10-29T13:50:09.508140,PUBLISH,951f52c7e5dc4fcaa3968c88a623979e,68f2d95bd190740cfd6a3347,ENQUEUED,0.4845045349252855,questions_in
2025-10-29T13:50:10.120172,PUBLISH,d007bcb1a7744e379785ba74733126ba,68f2d95bd190740cfd6a3ac9,ENQUEUED,0.6070175216839157,questions_in
2025-10-29T13:50:10.753367,PUBLISH,ed02ecb214604ce4b784dfd250b5155f,68f2d95bd190740cfd6a3367,ENQUEUED,0.6280971555380727,questions_in
2025-10-29T13:50:10.793572,PUBLISH,f15a295e199245078dac8eeb9ec5baf8,68f2d95bd190740cfd6a3336,ENQUEUED,0.03825229877263196,questions_in
2025-10-29T13:50:10.970710,PUBLISH,031ceaa74b9a48b9946daaffd08d1535,68f2d95bd190740cfd6a2122,ENQUEUED,0.17233260166524733,questions_in
2025-10-29T13:50:13.442367,PUBLISH,00c92fe6a2be462cb0bd458822a26440,68f2d95bd190740cfd6a3141,ENQUEUED,2.4639153071488225,questions_in
2025-10-29T13:50:13.692921,PUBLISH,dce8b8a7b9ae4cf6b9025d69bc553d31,68f2d95bd190740cfd6a36c1,ENQUEUED,0.24239868986794158,questions_in
2025-10-29T13:50:14.010478,PUBLISH,970d19b8d617404cb5483121eacd5e6c,68f2d95bd190740cfd6a2f2a,ENQUEUED,0.3127700900623832,questions_in
2025-10-29T13:50:14.840140,PUBLISH,5fb61efbd7b54f78935f8fe23e2a6b5e,68f2d95bd190740cfd6a391a,ENQUEUED,0.8241018325384558,questions_in
2025-10-29T13:50:15.669852,PUBLISH,b5a5c4efad7449dab38af894db5a4464,68f2d95bd190740cfd6a35f3,ENQUEUED,0.8239734051947808,questions_in
2025-10-29T13:50:17.398318,PUBLISH,02dc5f5be59743da88371269de6ccf59,68f2d95bd190740cfd6a398b,ENQUEUED,1.7209676950313038,questions_in
2025-10-29T13:50:17.980631,PUBLISH,f3717e6f22504ab9a3414f2dde00f72e,68f2d95bd190740cfd6a2780,ENQUEUED,0.5774754349628849,questions_in
2025-10-29T13:50:18.526268,PUBLISH,ffbc01a614f14852980c1d80342f469f,68f2d95bd190740cfd6a243d,ENQUEUED,0.5437576939147317,questions_in
2025-10-29T13:50:18.598934,PUBLISH,d9e3fd966a024ed090560df32bec5427,68f2d95bd190740cfd6a360a,ENQUEUED,0.067889923107212,questions_in
2025-10-29T13:50:19.915871,PUBLISH,f4fe3d76d79a4574abed7067b1d68597,68f2d95bd190740cfd6a218b,ENQUEUED,1.3108700888564806,questions_in
2025-10-29T13:50:20.442162,PUBLISH,bc87afd5478a407fbf93a5e3a8c1123a,68f2d95bd190740cfd6a1cce,ENQUEUED,0.5249003464969436,questions_in
2025-10-29T13:50:21.162771,PUBLISH,6bba67a445524628997b68c9476ea941,68f2d95bd190740cfd6a26e6,ENQUEUED,0.7158101123876942,questions_in
2025-10-29T13:50:22.064583,PUBLISH,379baa92de7f4e43b4cde7dc0aab44ee,68f2d95bd190740cfd6a3140,ENQUEUED,0.8969005944501426,questions_in
2025-10-29T13:50:23.456654,PUBLISH,d7718ce5fd414663a7950c06c24ee448,68f2d95bd190740cfd6a2734,ENQUEUED,1.386698282206356,questions_in
2025-10-29T13:50:23.564863,PUBLISH,c7b1f5e322184ba7b315c69f80d22c98,68f2d95bd190740cfd6a211b,ENQUEUED,0.10668941882384693,questions_in
2025-10-29T13:50:23.654068,PUBLISH,2913d9bdafbe488ea9091b1035a080e7,68f2d95bd190740cfd6a3530,ENQUEUED,0.0841815021634801,questions_in
2025-10-29T13:50:24.031154,PUBLISH,a10e97ddf9044553a7ce1bc890f0fdc6,68f2d95bd190740cfd6a27fc,ENQUEUED,0.3721652705321146,questions_in
2025-10-29T13:50:25.300717,PUBLISH,df4953cdf8e441ab82789269fc00d839,68f2d95bd190740cfd6a1cc4,ENQUEUED,1.2630717527583264,questions_in
2025-10-29T13:50:26.648293,PUBLISH,0ab18711c98f4a2697ed2e88e9ca069e,68f2d95bd190740cfd6a32d9,ENQUEUED,1.3425220598321834,questions_in
2025-10-29T13:50:26.800748,PUBLISH,3f656f06c6574cdba5ccde31697955fe,68f2d95bd190740cfd6a3177,ENQUEUED,0.14752409803653177,questions_in
2025-10-29T13:50:27.916392,PUBLISH,955e21dab7744a70bf337171bc0ed58a,68f2d95bd190740cfd6a3d31,ENQUEUED,1.109634657744188,questions_in
2025-10-29T13:50:28.424422,PUBLISH,568ecfeb8e854f478a95dd0c8eb500e4,68f2d95bd190740cfd6a35ea,ENQUEUED,0.5064703324311012,questions_in
2025-10-29T13:50:28.579820,PUBLISH,0c34d3cea384409c9c82101c84b9a85d,68f2d95bd190740cfd6a3997,ENQUEUED,0.15075488971044684,questions_in
2025-10-29T13:50:29.560027,PUBLISH,823db000bb0b445c96335b729fd636b0,68f2d95bd190740cfd6a3399,ENQUEUED,0.9745509213964471,questions_in
2025-10-29T13:50:30.212552,PUBLISH,d1cf3d929cfe43c4a01191822840a597,68f2d95bd190740cfd6a3554,ENQUEUED,0.6467691168735127,questions_in
2025-10-29T13:50:30.217297,PUBLISH,fab895b709174e1da17081641e267501,68f2d95bd190740cfd6a2f67,ENQUEUED,0.00026110635299062305,questions_in
2025-10-29T13:50:30.472403,PUBLISH,d5097aa244894ab992bb6fe621f2a1f8,68f2d95bd190740cfd6a22d2,ENQUEUED,0.2504886527411357,questions_in
2025-10-29T13:50:30.873244,PUBLISH,1d3b8bb86320479ab24276a42bf317f7,68f2d95bd190740cfd6a1d0f,ENQUEUED,0.39914513849249517,questions_in
2025-10-29T13:50:32.722643,PUBLISH,617cc70803ae413ba42550b541d08cc6,68f2d95bd190740cfd6a240d,ENQUEUED,1.8435235837246202,questions_in
2025-10-29T13:50:32.878135,PUBLISH,44fd23b412d84a77bff0f0ababefbdad,68f2d95bd190740cfd6a2b9a,ENQUEUED,0.1501928277705324,questions_in
2025-10-29T13:50:33.477385,PUBLISH,38d95e23843b4e6a937388b5e65973dc,68f2d95bd190740cfd6a2d63,ENQUEUED,0.5929493214122726,questions_in
2025-10-29T13:50:37.546958,PUBLISH,58d21284ccc54db8987345960284c0c6,68f2d95bd190740cfd6a285e,ENQUEUED,4.063890971875961,questions_in
2025-10-29T13:50:38.641034,PUBLISH,f3f45f0bc457418086ff0c32eea068f1,68f2d95bd190740cfd6a3149,ENQUEUED,1.0883531605656322,questions_in
2025-10-29T13:50:39.207729,PUBLISH,b0c229899efc47dea388e50f62b718c0,68f2d95bd190740cfd6a26bc,ENQUEUED,0.5621051106841796,questions_in
2025-10-29T13:50:39.446515,PUBLISH,620a793bd8b944fa930e86676a85b190,68f2d95bd190740cfd6a2e40,ENQUEUED,0.23371740107180997,questions_in
2025-10-29T13:50:39.797026,PUBLISH,a0740a4efe3047ec88c8e1125e5e2156,68f2d95bd190740cfd6a4160,ENQUEUED,0.34490313075860696,questions_in
2025-10-29T13:50:40.105310,PUBLISH,3cbf29aedd7940a9aca082624fa41f25,68f2d95bd190740cfd6a390e,ENQUEUED,0.3033124658796622,questions_in
2025-10-29T13:50:40.484619,PUBLISH,c26095214f0e41abb1e89f45d31fe93f,68f2d95bd190740cfd6a361f,ENQUEUED,0.37470499568638943,questions_in
2025-10-29T13:50:40.549104,PUBLISH,2a406b3eb1794155a39ac7aa5198d4f5,68f2d95bd190740cfd6a3e9f,ENQUEUED,0.060111430120871175,questions_in
2025-10-29T13:50:41.083565,PUBLISH,d61c52100218421d82b4b5640ee42f2c,68f2d95bd190740cfd6a3a62,ENQUEUED,0.5296841834970775,questions_in
2025-10-29T13:50:41.301841,PUBLISH,7d1b38b605f94407aef5d14c9cc4cdb8,68f2d95bd190740cfd6a2a65,ENQUEUED,0.21338957921585164,questions_in
2025-10-29T13:50:41.799129,PUBLISH,334ab2031482470ba60f0f29cf475cd9,68f2d95bd190740cfd6a1ea4,ENQUEUED,0.49228937964777425,questions_in
2025-10-29T13:50:44.517910,PUBLISH,89cfbd5f423848f5a1fdbd5932dcbb0f,68f2d95bd190740cfd6a2a58,ENQUEUED,2.7120273805022905,questions_in
2025-10-29T13:50:45.008183,PUBLISH,8d8e469bf82340379eb29de8df8fd274,68f2d95bd190740cfd6a367c,ENQUEUED,0.48517654937746046,questions_in
2025-10-29T13:50:46.192293,PUBLISH,5c6b539b502a4d0e86c8d1a503ad0cc3,68f2d95bd190740cfd6a234b,ENQUEUED,1.1788034799581208,questions_in
2025-10-29T13:50:47.707548,PUBLISH,cd00dfb793c641d19a4cd28cb74f5a9a,68f2d95bd190740cfd6a2453,ENQUEUED,1.5097247299482641,questions_in
2025-10-29T13:50:47.885649,PUBLISH,d6df3f16a3dc4293a3055a07e2307121,68f2d95bd190740cfd6a2bba,ENQUEUED,0.17676251742648977,questions_in
2025-10-29T13:50:48.173607,PUBLISH,81f43762c820482691c92f3c8646ab9d,68f2d95bd190740cfd6a3e3a,ENQUEUED,0.28646260137831014,questions_in
2025-10-29T13:50:48.494946,PUBLISH,3a21053423b1450385ee64a4b4bf17ee,68f2d95bd190740cfd6a38ce,ENQUEUED,0.31640735181365387,questions_in
2025-10-29T13:50:49.180479,PUBLISH,fc75dbba2fc3477a9752f0a7229f833f,68f2d95bd190740cfd6a3aa4,ENQUEUED,0.6806036654104397,questions_in
2025-10-29T13:50:49.223467,PUBLISH,3fc64e6771c04a36868d55de836e5e49,68f2d95bd190740cfd6a3973,ENQUEUED,0.04156040677466808,questions_in
2025-10-29T13:50:49.377128,PUBLISH,11f7096c74bd405aa5bc15c5d7ff3526,68f2d95bd190740cfd6a228d,ENQUEUED,0.14834278198283934,questions_in
2025-10-29T13:50:49.894407,PUBLISH,e2a2a229b81542a199e7ee10d6b4cb06,68f2d95bd190740cfd6a3700,ENQUEUED,0.5124094120398553,questions_in
2025-10-29T13:50:50.269360,PUBLISH,e12038a71ac04052b9e88e5671c9052a,68f2d95bd190740cfd6a415c,ENQUEUED,0.3696208232149461,questions_in
2025-10-29T13:50:50.866371,PUBLISH,d27a479e2f43433dabce734efa831937,68f2d95bd190740cfd6a31aa,ENQUEUED,0.5915515482249768,questions_in
2025-10-29T13:50:51.676525,PUBLISH,d53d3fd98f324fbaa8b33a69b0d143e9,68f2d95bd190740cfd6a1c9b,ENQUEUED,0.8069619505997755,questions_in
2025-10-29T13:50:53.270296,PUBLISH,c877f04ee6f847a79930817ed280a656,68f2d95bd190740cfd6a408b,ENQUEUED,1.5915901222361475,questions_in
2025-10-29T13:50:53.375733,PUBLISH,08b1c5f1fefb45fc863fae8198e939be,68f2d95bd190740cfd6a2812,ENQUEUED,0.10407870682498038,questions_in
2025-10-29T13:50:53.416854,PUBLISH,c90a95e40a07470c95295dbfb07933e7,68f2d95bd190740cfd6a3ae8,ENQUEUED,0.03918941461040705,questions_in
2025-10-29T13:50:55.157084,PUBLISH,7bd7f4b4d5224cfda782e95d5546cc6d,68f2d95bd190740cfd6a2268,ENQUEUED,1.735847998422425,questions_in
2025-10-29T13:50:56.623032,PUBLISH,ef63fb2486ae464ba5784795842f2560,68f2d95bd190740cfd6a1b68,ENQUEUED,1.4597085119253712,questions_in
2025-10-29T13:50:57.173300,PUBLISH,fbfcc23ea6824ace9223045c1fcde2ad,68f2d95bd190740cfd6a3ca5,ENQUEUED,0.5459171476741717,questions_in
2025-10-29T13:50:57.668428,PUBLISH,5a7cd3e10fe24e05ba544794877ab45e,68f2d95bd190740cfd6a3ad9,ENQUEUED,0.4901544992259635,questions_in
2025-10-29T13:50:58.720211,PUBLISH,acb111b8082c4099b522fa8f879d12b8,68f2d95bd190740cfd6a3fb4,ENQUEUED,1.045850844553162,questions_in
2025-10-29T13:50:58.811125,PUBLISH,50094573a7ee4d6c9e0c9c2695779a46,68f2d95bd190740cfd6a1d03,ENQUEUED,0.08610550130607465,questions_in
2025-10-29T13:50:59.066387,PUBLISH,f8ed6d57a43d43c795e0c65a1b8429ab,68f2d95bd190740cfd6a1d00,ENQUEUED,0.249980831259788,questions_in
2025-10-29T13:50:59.632135,PUBLISH,882b0384b81644a7a6edb90d87a63b5d,68f2d95bd190740cfd6a4139,ENQUEUED,0.5606543381745713,questions_in
2025-10-29T13:51:00.053226,PUBLISH,f4152beb80ba4367bfa160138d1f2768,68f2d95bd190740cfd6a3751,ENQUEUED,0.4161820082627327,questions_in
2025-10-29T13:51:00.923507,PUBLISH,2994d88b9ae54934ace894c0f6dd894f,68f2d95bd190740cfd6a2518,ENQUEUED,0.8651449693151309,questions_in
2025-10-29T13:51:01.650506,PUBLISH,31dcd45c28494740ac99a445fc784c17,68f2d95bd190740cfd6a2f4c,ENQUEUED,0.7222424627376504,questions_in
2025-10-29T13:51:02.468747,PUBLISH,87d4e3d672484d5582f3a1e22161339a,68f2d95bd190740cfd6a3580,ENQUEUED,0.8104583729153257,questions_in
2025-10-29T13:51:02.702659,PUBLISH,4dfe92dc293648d7b8291461e018ba7e,68f2d95bd190740cfd6a36db,ENQUEUED,0.22911827407405205,questions_in
2025-10-29T13:51:03.325628,PUBLISH,065910e7fbdc4f3fa485fcc089062fbf,68f2d95bd190740cfd6a2008,ENQUEUED,0.6175565005226359,questions_in
2025-10-29T13:51:05.455468,PUBLISH,73129407ba0142bc95f1a400335545e0,68f2d95bd190740cfd6a31d1,ENQUEUED,2.1233503132803317,questions_in
2025-10-29T13:51:06.406531,PUBLISH,e4771e13c43445868ba8bdf4a13ae304,68f2d95bd190740cfd6a3e43,ENQUEUED,0.9461060505546511,questions_in
2025-10-29T13:51:06.798696,PUBLISH,fb9cbdcd3c8e4e43a3be9fff95643884,68f2d95bd190740cfd6a29cc,ENQUEUED,0.3874127001258074,questions_in
2025-10-29T13:51:07.996613,PUBLISH,830d6338a97f4efdbcbe01dfd78f0ec5,68f2d95bd190740cfd6a3c64,ENQUEUED,1.1915164496342925,questions_in
2025-10-29T13:51:08.183412,PUBLISH,22faec0dbbb24d99b9c9ce4229f1c855,68f2d95bd190740cfd6a4179,ENQUEUED,0.1821817089472577,questions_in
2025-10-29T13:51:10.113523,PUBLISH,21de0859f9e0469289b484650a9ec395,68f2d95bd190740cfd6a2483,ENQUEUED,1.9225802094673243,questions_in
2025-10-29T13:51:10.860654,PUBLISH,96986e7bd865442c9562b521878259b9,68f2d95bd190740cfd6a2d63,ENQUEUED,0.7422360895125153,questions_in
2025-10-29T13:51:11.974373,PUBLISH,7d35085d31c44e6aaebe6476bf4179ca,68f2d95bd190740cfd6a23db,ENQUEUED,1.1082776149930156,questions_in
2025-10-29T13:51:12.387500,PUBLISH,18afa9b1ab224fd8bba11eb6d2d6a036,68f2d95bd190740cfd6a4094,ENQUEUED,0.40765915493545907,questions_in
2025-10-29T13:51:13.388474,PUBLISH,d9e2f19f440742a98b0fd027117a6c73,68f2d95bd190740cfd6a3a80,ENQUEUED,0.9989302610618905,questions_in
2025-10-29T13:51:14.033343,PUBLISH,409de28111884fe183d190b05ba43e90,68f2d95bd190740cfd6a3b18,ENQUEUED,0.6426150312386577,questions_in
2025-10-29T13:51:14.786906,PUBLISH,e7d8756b30f545de947ac3d3a707d84d,68f2d95bd190740cfd6a2e7d,ENQUEUED,0.7478525346690774,questions_in
2025-10-29T13:51:15.074628,PUBLISH,6c4e896b09164a0d95f4e6bde9df0164,68f2d95bd190740cfd6a37cb,ENQUEUED,0.2824102263928145,questions_in
2025-10-29T13:51:15.163743,PUBLISH,ca4f42c7696e443c82eca2640aaa8ea7,68f2d95bd190740cfd6a3ffb,ENQUEUED,0.0848479311168089,questions_in
2025-10-29T13:51:17.444980,PUBLISH,5a61085ce6314e5e90fbe106829e0528,68f2d95bd190740cfd6a2d53,ENQUEUED,2.275536174772172,questions_in
2025-10-29T13:51:17.687630,PUBLISH,aeecd3f736fd4073a30fb9b48a7874b0,68f2d95bd190740cfd6a1baa,ENQUEUED,0.23730677889154436,questions_in
2025-10-29T13:51:18.107488,PUBLISH,7ecb534c51104155ad588feb740abcac,68f2d95bd190740cfd6a2855,ENQUEUED,0.4177231495056333,questions_in
2025-10-29T13:51:18.241481,PUBLISH,5e249f14e0594480bb0712ae3711980a,68f2d95bd190740cfd6a22ea,ENQUEUED,0.13218293161461053,questions_in
2025-10-29T13:51:18.703467,PUBLISH,3c1362a17a284c9f862bb4dd0725e691,68f2d95bd190740cfd6a3f1c,ENQUEUED,0.45706558791108204,questions_in
2025-10-29T13:51:18.918545,PUBLISH,13bfce02e90a4755bc961a4a40ed72e1,68f2d95bd190740cfd6a1fb2,ENQUEUED,0.20952685045786099,questions_in
2025-10-29T13:51:18.974717,PUBLISH,df6ac2bbbf5444cdb505c6382f7b869a,68f2d95bd190740cfd6a3e30,ENQUEUED,0.05344899380470833,questions_in
2025-10-29T13:51:20.347205,PUBLISH,2249fc54dde14907a17bcbf9eb4ce26d,68f2d95bd190740cfd6a21b6,ENQUEUED,1.3705380709677686,questions_in
2025-10-29T13:51:20.638333,PUBLISH,eefba0c83a6c4e0a9ea62f03b0dce794,68f2d95bd190740cfd6a3a16,ENQUEUED,0.2863723139877128,questions_in
2025-10-29T13:51:21.460883,PUBLISH,659a64ae467241caa7683d743d6a3c77,68f2d95bd190740cfd6a36d0,ENQUEUED,0.8197248867426093,questions_in
2025-10-29T13:51:23.712032,PUBLISH,936f14ab71424cc18fd12197cfb7698c,68f2d95bd190740cfd6a2328,ENQUEUED,2.244110069220433,questions_in
2025-10-29T13:51:23.913733,PUBLISH,ff865dd47b75453bbb8c15423fd6500e,68f2d95bd190740cfd6a336a,ENQUEUED,0.19703089455880596,questions_in
2025-10-29T13:51:24.336100,PUBLISH,3ae6a0628bc840ab807cd8e3a2545d64,68f2d95bd190740cfd6a272a,ENQUEUED,0.4200499516247043,questions_in
2025-10-29T13:51:24.369839,PUBLISH,443c1c34abad4b539a58627cd4487831,68f2d95bd190740cfd6a2df1,ENQUEUED,0.03132459836873911,questions_in
2025-10-29T13:51:25.084991,PUBLISH,7059a9169d7e4daeb0c9e70819637abe,68f2d95bd190740cfd6a33cf,ENQUEUED,0.7091498696605152,questions_in
2025-10-29T13:51:28.213253,PUBLISH,4b4c97316a334fe0a1d4948b149a092e,68f2d95bd190740cfd6a1c52,ENQUEUED,3.121529103448341,questions_in
2025-10-29T13:51:28.275014,PUBLISH,150159b283b748ce821047e15af2210e,68f2d95bd190740cfd6a2e55,ENQUEUED,0.05779662049771017,questions_in
2025-10-29T13:51:28.869387,PUBLISH,d1307f06219e4600a44aa0796bdc6448,68f2d95bd190740cfd6a3a31,ENQUEUED,0.58954337715604,questions_in
2025-10-29T13:51:29.229921,PUBLISH,099fbcab8eba4bc287b67c2c4b07b2df,68f2d95bd190740cfd6a2a15,ENQUEUED,0.35573796544246905,questions_in
2025-10-29T13:51:29.954814,PUBLISH,8955bcca8ff94dc5bd7091f0694f9c8a,68f2d95bd190740cfd6a1bdc,ENQUEUED,0.7193595417545015,questions_in
2025-10-29T13:51:31.077550,PUBLISH,6a01c887031b479e95b472889b9236cb,68f2d95bd190740cfd6a1df5,ENQUEUED,1.1172949557461218,questions_in
2025-10-29T13:51:32.241597,PUBLISH,7d388c43ba3840459e41deb2655db2e0,68f2d95bd190740cfd6a2508,ENQUEUED,1.1582196551124109,questions_in
2025-10-29T13:51:33.341844,PUBLISH,e3d22f48ca22482a865b430d04f311c6,68f2d95bd190740cfd6a22e4,ENQUEUED,1.0951114014780507,questions_in
2025-10-29T13:51:34.765812,PUBLISH,df06963976c64309bd85643ae9a066ac,68f2d95bd190740cfd6a2317,ENQUEUED,1.417337223363812,questions_in
2025-10-29T13:51:34.992988,PUBLISH,02f8baa39ccd4658bfc785c981099b52,68f2d95bd190740cfd6a3966,ENQUEUED,0.221684979805313,questions_in
2025-10-29T13:51:35.241911,PUBLISH,d78f1db01f94445ba763389cfe42fed6,68f2d95bd190740cfd6a2938,ENQUEUED,0.24742346820196712,questions_in
2025-10-29T13:51:35.390916,PUBLISH,951d5e9621aa4ed7ad572bb2f135b791,68f2d95bd190740cfd6a37bf,ENQUEUED,0.14467586526338252,questions_in
2025-10-29T13:51:35.621303,PUBLISH,3d2b8263effa4876a42859755876fc43,68f2d95bd190740cfd6a2ac7,ENQUEUED,0.2238903854777907,questions_in
2025-10-29T13:51:35.709687,PUBLISH,47a9104d07944db88c331a94ab92d325,68f2d95bd190740cfd6a2f75,ENQUEUED,0.08375257139840132,questions_in
2025-10-29T13:51:35.844547,PUBLISH,95b54d072d4f4a619efa11750e108b63,68f2d95bd190740cfd6a206f,ENQUEUED,0.13048956570381035,questions_in
2025-10-29T13:51:36.718749,PUBLISH,293aa25799ce4b9db6c98de3dfd08ffd,68f2d95bd190740cfd6a412e,ENQUEUED,0.8685918880314616,questions_in
2025-10-29T13:51:37.170439,PUBLISH,2061b28705ac4d7aa3f422333b320a82,68f2d95bd190740cfd6a2e87,ENQUEUED,0.4462005511993998,questions_in
2025-10-29T13:51:38.672503,PUBLISH,83375e7904604d4a812b3eeb4e66fe11,68f2d95bd190740cfd6a2e3e,ENQUEUED,1.499280915834025,questions_in
2025-10-29T13:51:38.970812,PUBLISH,a80e4d638181492682871d60a9caa715,68f2d95bd190740cfd6a37e0,ENQUEUED,0.29656967987149213,questions_in
2025-10-29T13:51:39.832108,PUBLISH,c417b0a8bdf84f22bb2b2013fa7493b1,68f2d95bd190740cfd6a266e,ENQUEUED,0.8553522602138589,questions_in
2025-10-29T13:51:40.798885,PUBLISH,12a098e02db24fd386da0678f146f003,68f2d95bd190740cfd6a20cb,ENQUEUED,0.9581712065836577,questions_in
2025-10-29T13:51:41.256049,PUBLISH,3fb22e9aacbe49f7aca6d6ecb27e019e,68f2d95bd190740cfd6a3c9c,ENQUEUED,0.4515083437369853,questions_in
2025-10-29T13:51:41.452539,PUBLISH,adf46b67e34c438da7f15c8d75df68cd,68f2d95bd190740cfd6a2a3d,ENQUEUED,0.19123700270014224,questions_in
2025-10-29T13:51:41.536231,PUBLISH,e612c46056e3443d9af937fa844f1ec5,68f2d95bd190740cfd6a23bb,ENQUEUED,0.07872036275793698,questions_in
2025-10-29T13:51:41.978358,PUBLISH,8155749f2d9c43cabfd8fc48e32dafca,68f2d95bd190740cfd6a311a,ENQUEUED,0.4392770591968131,questions_in
2025-10-29T13:51:42.355726,PUBLISH,321cb5db26934db3927a3f4014668a88,68f2d95bd190740cfd6a2bf7,ENQUEUED,0.3720800102670417,questions_in
2025-10-29T13:51:43.756997,PUBLISH,b02a51ae45d74cebbcfbdefa227ef8fa,68f2d95bd190740cfd6a2d53,ENQUEUED,1.3952887048678588,questions_in
2025-10-29T13:51:44.302758,PUBLISH,349dba3c74d440d8865d92f8a57867b0,68f2d95bd190740cfd6a3666,ENQUEUED,0.5407594703507538,questions_in
2025-10-29T13:51:44.950394,PUBLISH,336e379b3b2d4122b9fe53fab47b286e,68f2d95bd190740cfd6a3d26,ENQUEUED,0.6415631198866851,questions_in
2025-10-29T13:51:46.141754,PUBLISH,3deda0de19684aaa839f296276ec6980,68f2d95bd190740cfd6a2a32,ENQUEUED,1.1854961568353266,questions_in
2025-10-29T13:51:46.467894,PUBLISH,6de2dede625342b196874e0bd0a5505e,68f2d95bd190740cfd6a1d58,ENQUEUED,0.32149955267102365,questions_in
2025-10-29T13:51:46.631621,PUBLISH,8164eb579dfe45b5be096812e99b51b8,68f2d95bd190740cfd6a345b,ENQUEUED,0.1587357576805787,questions_in
2025-10-29T13:51:46.799694,PUBLISH,53e1a48a30474392a1b9ed7b3d6380b8,68f2d95bd190740cfd6a2085,ENQUEUED,0.16350189422881442,questions_in
2025-10-29T13:51:46.987355,PUBLISH,aedc696058914c72b805b2f95ae926e0,68f2d95bd190740cfd6a2947,ENQUEUED,0.18286496147440523,questions_in
2025-10-29T13:51:47.438880,PUBLISH,613c86a1dffb46a1a4d3c61e5d15d452,68f2d95bd190740cfd6a2e36,ENQUEUED,0.4464194524431378,questions_in
2025-10-29T13:51:47.820068,PUBLISH,6d5ce26c9c4547c29d05ed70240fde4c,68f2d95bd190740cfd6a2b84,ENQUEUED,0.37638955253034273,questions_in
2025-10-29T13:51:49.461421,PUBLISH,e0d1a516a54a4434914647ca61cab113,68f2d95bd190740cfd6a342b,ENQUEUED,1.635287012539253,questions_in
2025-10-29T13:51:49.548728,PUBLISH,de294e7da9f447018c2674d3248f398b,68f2d95bd190740cfd6a3a63,ENQUEUED,0.08251709795431977,questions_in
2025-10-29T13:51:50.057501,PUBLISH,f5623318eda94f2f9a3aed3bbe4f40bb,68f2d95bd190740cfd6a1eed,ENQUEUED,0.5039240671733112,questions_in
2025-10-29T13:51:50.169328,PUBLISH,fe03209128054c13a88c6559499ccfc8,68f2d95bd190740cfd6a1bf4,ENQUEUED,0.10717810499942482,questions_in
2025-10-29T13:51:50.710654,PUBLISH,d5ed99cea5744f7cbb08d72e81b2251f,68f2d95bd190740cfd6a309a,ENQUEUED,0.5363394390835076,questions_in
2025-10-29T13:51:50.723420,PUBLISH,3196ab16e05342f6a54d52c9a49c057f,68f2d95bd190740cfd6a20d4,ENQUEUED,0.01137187242965925,questions_in
2025-10-29T13:51:53.804898,PUBLISH,cba3da7083c24c948a3b014c2055e0bb,68f2d95bd190740cfd6a2ac6,ENQUEUED,3.073230499821893,questions_in
2025-10-29T13:51:53.860452,PUBLISH,be9bca8d703d47b3a0977dadf9d64c6c,68f2d95bd190740cfd6a206c,ENQUEUED,0.05040525049659614,questions_in
2025-10-29T13:51:56.471568,PUBLISH,526a1127a4934506a916ee6109927a22,68f2d95bd190740cfd6a1c07,ENQUEUED,2.6045772090421546,questions_in
2025-10-29T13:51:56.668162,PUBLISH,1954e25fa4e749098242ec0427201e1e,68f2d95bd190740cfd6a3dd5,ENQUEUED,0.19174745754720357,questions_in
2025-10-29T13:51:56.795944,PUBLISH,be7f26b2d69f4375bfcde8f76bfa6bfb,68f2d95bd190740cfd6a3d51,ENQUEUED,0.12317255700652578,questions_in
2025-10-29T13:51:56.806939,PUBLISH,3ddd8901f7dd444dbc78a8a54c5a89de,68f2d95bd190740cfd6a40a3,ENQUEUED,0.006599315545844343,questions_in
2025-10-29T13:51:57.579252,PUBLISH,fc3fcfc5a16a4331a5fb32fdc3e9e601,68f2d95bd190740cfd6a1ddd,ENQUEUED,0.7703352707894058,questions_in
2025-10-29T13:51:57.602894,PUBLISH,bf5493bf93884db49f549a204c790f37,68f2d95bd190740cfd6a2c8c,ENQUEUED,0.022371973912938038,questions_in
2025-10-29T13:51:57.626882,PUBLISH,5a89e4e59e7041088f00a20efb9e6624,68f2d95bd190740cfd6a31ee,ENQUEUED,0.02239539914591975,questions_in
2025-10-29T13:51:57.781897,PUBLISH,25ae5c8d28ae416da97ac7a7a0e3c015,68f2d95bd190740cfd6a225d,ENQUEUED,0.15066499728705732,questions_in
2025-10-29T13:51:58.516520,PUBLISH,68e15b89b2a448a0acbfde390891da93,68f2d95bd190740cfd6a1d3d,ENQUEUED,0.7292321979517524,questions_in
2025-10-29T13:51:59.209856,PUBLISH,cd65f537a11640cd8c06a94a231987f4,68f2d95bd190740cfd6a30a2,ENQUEUED,0.6881905979452657,questions_in
2025-10-29T13:51:59.518798,PUBLISH,ff922ed86cd747239e7bab726f8448b7,68f2d95bd190740cfd6a356d,ENQUEUED,0.3038678869882606,questions_in
2025-10-29T13:51:59.777224,PUBLISH,95e9676b9d1f46a4a86f759538d5e2a8,68f2d95bd190740cfd6a4072,ENQUEUED,0.2528959291956137,questions_in
2025-10-29T13:52:02.417558,PUBLISH,f107833e855249de8304544883825a3e,68f2d95bd190740cfd6a3537,ENQUEUED,2.6337529117523095,questions_in
2025-10-29T13:52:02.924194,PUBLISH,825fc8e78ca9407a94ede8d79da044e5,68f2d95bd190740cfd6a2e9d,ENQUEUED,0.5016650380464985,questions_in
2025-10-29T13:52:03.686002,PUBLISH,39e14b74dfab493386bf81b19be78e9c,68f2d95bd190740cfd6a2705,ENQUEUED,0.7565135765349894,questions_in
2025-10-29T13:52:03.862335,PUBLISH,23db9f42f4f240ce9b2e6978d9d31cc0,68f2d95bd190740cfd6a289d,ENQUEUED,0.17191393272523506,questions_in
2025-10-29T13:52:04.086166,PUBLISH,e1df8f3b9a904f77b7347d362f9eb061,68f2d95bd190740cfd6a3125,ENQUEUED,0.22157799372617717,questions_in
2025-10-29T13:52:05.658200,PUBLISH,13ae3ed692a249d68d7d070bbdc8fb85,68f2d95bd190740cfd6a2b0d,ENQUEUED,1.5670296771344736,questions_in
2025-10-29T13:52:05.855451,PUBLISH,3c72c314005e43f9bd48e7c016b34591,68f2d95bd190740cfd6a2ea1,ENQUEUED,0.1924851254891767,questions_in
2025-10-29T13:52:06.454423,PUBLISH,774d282f933041ec8d56e48fb80b3fc4,68f2d95bd190740cfd6a30e4,ENQUEUED,0.5944437555313036,questions_in
2025-10-29T13:52:07.434222,PUBLISH,dac2a5c5b41241fa988b3ceea154cf74,68f2d95bd190740cfd6a1bc9,ENQUEUED,0.9750193371303723,questions_in
2025-10-29T13:52:08.401648,PUBLISH,a975d7a54e7c48dda191971d805e4de2,68f2d95bd190740cfd6a2a06,ENQUEUED,0.9623788805436709,questions_in
2025-10-29T13:52:08.612736,PUBLISH,16f4ba5664a74cc9854076f60381f502,68f2d95bd190740cfd6a1e1f,ENQUEUED,0.2054610221226627,questions_in
2025-10-29T13:52:09.129651,PUBLISH,3e9c59a9d31d403f9a388cb8460455b9,68f2d95bd190740cfd6a3774,ENQUEUED,0.5119715232207392,questions_in
2025-10-29T13:52:12.629502,PUBLISH,d5aa524579354fa9841f25f7c122fd34,68f2d95bd190740cfd6a1e4d,ENQUEUED,3.491676102305865,questions_in
2025-10-29T13:52:13.889683,PUBLISH,5ff9d8b1a9964ae0bb6c65ca55eeee1f,68f2d95bd190740cfd6a328a,ENQUEUED,1.2541896215984478,questions_in
2025-10-29T13:52:15.107983,PUBLISH,6e5a2e390f514e24947ad8c3c1d52c22,68f2d95bd190740cfd6a2dec,ENQUEUED,1.212761892702163,questions_in
2025-10-29T13:52:15.415900,PUBLISH,7dfcb27643a34e2ab09d5ff200df6e25,68f2d95bd190740cfd6a2995,ENQUEUED,0.30214998267805343,questions_in
2025-10-29T13:52:17.890364,PUBLISH,8a5c313915b641cca5e22c21b1178fbf,68f2d95bd190740cfd6a344e,ENQUEUED,2.467265291965956,questions_in
2025-10-29T13:52:18.290213,PUBLISH,b5af7d10fd2345dfb1f9368b9c256940,68f2d95bd190740cfd6a2e84,ENQUEUED,0.39497134914975485,questions_in
2025-10-29T13:52:19.046499,PUBLISH,037e97438e7c4feb8a0193dc80f3f591,68f2d95bd190740cfd6a2739,ENQUEUED,0.7542843550948675,questions_in
2025-10-29T13:52:19.429191,PUBLISH,27d786921fe84fa2b05017bbdbac732c,68f2d95bd190740cfd6a327a,ENQUEUED,0.37793168365456126,questions_in
2025-10-29T13:52:19.617488,PUBLISH,ab8f517901564feeb8f3519c96fed7b2,68f2d95bd190740cfd6a3604,ENQUEUED,0.18346727670207466,questions_in
2025-10-29T13:52:21.685319,PUBLISH,eb075c88689440319ecd5428698348bb,68f2d95bd190740cfd6a3c2d,ENQUEUED,2.061540922358698,questions_in
2025-10-29T13:52:22.123119,PUBLISH,29966af748d1425aaecdef2eb3c35ca8,68f2d95bd190740cfd6a3dd3,ENQUEUED,0.4358966799785055,questions_in
2025-10-29T13:52:22.265022,PUBLISH,898a25f285e542429b8c2f285a5c7e1d,68f2d95bd190740cfd6a29df,ENQUEUED,0.13739425892560828,questions_in
2025-10-29T13:52:22.409351,PUBLISH,697dd96158bc4a21a7e7303e49a06333,68f2d95bd190740cfd6a2080,ENQUEUED,0.13953098662910093,questions_in
2025-10-29T13:52:22.924110,PUBLISH,b8720fbd824742578790f908602ebd9a,68f2d95bd190740cfd6a3567,ENQUEUED,0.5091854023215905,questions_in
2025-10-29T13:52:23.597950,PUBLISH,af4b902551134900b90dc2d6c6ea6dbe,68f2d95bd190740cfd6a23f5,ENQUEUED,0.6684158788669974,questions_in
2025-10-29T13:52:23.722884,PUBLISH,420264a26a1f42f88e481dee036f7397,68f2d95bd190740cfd6a2ba2,ENQUEUED,0.12023276100899734,questions_in
2025-10-29T13:52:24.040684,PUBLISH,0083cdfbe591439aa2f0cd7f63158187,68f2d95bd190740cfd6a3dce,ENQUEUED,0.3123388837070667,questions_in
2025-10-29T13:52:24.071230,PUBLISH,c89e1c8f3e2a46e39be616a34b627b95,68f2d95bd190740cfd6a1bb2,ENQUEUED,0.02881180002372684,questions_in
2025-10-29T13:52:24.578897,PUBLISH,4dcff19b628d4354a56adaaf76634fd0,68f2d95bd190740cfd6a31d8,ENQUEUED,0.5020328967826098,questions_in
2025-10-29T13:52:25.162156,PUBLISH,f874e71027ed4fda8265606b09f6a896,68f2d95bd190740cfd6a3723,ENQUEUED,0.5803877949875497,questions_in
2025-10-29T13:52:25.193618,PUBLISH,c40d9629f1ca48fdb45c0b1a1e19dc68,68f2d95bd190740cfd6a29ce,ENQUEUED,0.02991283247544239,questions_in
2025-10-29T13:52:25.633240,PUBLISH,44283c1da35a414b92296fc79b165a55,68f2d95bd190740cfd6a39c1,ENQUEUED,0.43474120305850034,questions_in
2025-10-29T13:52:26.183090,PUBLISH,0b01bd581d4c4b29a833582e57d114f5,68f2d95bd190740cfd6a35aa,ENQUEUED,0.5448670234882219,questions_in
2025-10-29T13:52:27.557697,PUBLISH,75f5ab52a6ca41aa900b9c457b79ae22,68f2d95bd190740cfd6a1aea,ENQUEUED,1.372283189363628,questions_in
2025-10-29T13:52:27.789823,PUBLISH,cebdf121459e4c09a168fafd33085774,68f2d95bd190740cfd6a31d9,ENQUEUED,0.22617376982157975,questions_in
2025-10-29T13:52:29.871855,PUBLISH,3f8a25993d394192bf93f7735c519a6f,68f2d95bd190740cfd6a1fd7,ENQUEUED,2.0740254559294953,questions_in
2025-10-29T13:52:31.232912,PUBLISH,8f8021b5fc84417b8f9b675ee9267049,68f2d95bd190740cfd6a389c,ENQUEUED,1.3556384501174294,questions_in
2025-10-29T13:52:31.342384,PUBLISH,70fe859ac0a6454289a6838f50052d91,68f2d95bd190740cfd6a1ff8,ENQUEUED,0.10446699252738839,questions_in
2025-10-29T13:52:32.105312,PUBLISH,bfa44f29c4e34faf82751b7b545f8e6e,68f2d95bd190740cfd6a37c0,ENQUEUED,0.7585613793502008,questions_in
2025-10-29T13:52:33.104520,PUBLISH,b757af59b3fb4befbc388d673bba8f6a,68f2d95bd190740cfd6a26d8,ENQUEUED,0.9913053062891457,questions_in
2025-10-29T13:52:35.386887,PUBLISH,03d2ea8623c5476aa671930cd486d6fc,68f2d95bd190740cfd6a2cca,ENQUEUED,2.275432262576848,questions_in
2025-10-29T13:52:35.955324,PUBLISH,24376556b4754184af94c6ac129e8d0e,68f2d95bd190740cfd6a2ceb,ENQUEUED,0.5632667882297361,questions_in
2025-10-29T13:52:36.627691,PUBLISH,e691f03017b74bb687c6b370f27a5d68,68f2d95bd190740cfd6a27b2,ENQUEUED,0.667215493178518,questions_in
2025-10-29T13:52:37.865520,PUBLISH,e9af27d0693f45168670a6e96b311d6e,68f2d95bd190740cfd6a3b3a,ENQUEUED,1.2328174740250157,questions_in
2025-10-29T13:52:38.859880,PUBLISH,f04b85f9e8e54c9ab4aea4a53243f3b4,68f2d95bd190740cfd6a2c62,ENQUEUED,0.9885407177490539,questions_in
2025-10-29T13:52:39.086559,PUBLISH,5f07cedfd9584fcfb4a8a764d8df68d5,68f2d95bd190740cfd6a3b53,ENQUEUED,0.22154114194106508,questions_in
2025-10-29T13:52:39.515733,PUBLISH,153517f7ccaa46ba8dac46ba4a5f6cc4,68f2d95bd190740cfd6a1c22,ENQUEUED,0.4242592779336265,questions_in
2025-10-29T13:52:39.801429,PUBLISH,8fdfa995e7ae40af8b59e2d7f6c80b6c,68f2d95bd190740cfd6a3b0e,ENQUEUED,0.2833094642635124,questions_in
2025-10-29T13:52:39.845395,PUBLISH,162586f79d164a7c9f3a0eac28e39e1a,68f2d95bd190740cfd6a2eb9,ENQUEUED,0.04213790051989615,questions_in
2025-10-29T13:52:41.068603,PUBLISH,7c10fcc7441e49929a6497d336434163,68f2d95bd190740cfd6a24b4,ENQUEUED,1.2178983963306165,questions_in
2025-10-29T13:52:43.959926,PUBLISH,35d968abe2714f369ab550e49ae4d347,68f2d95bd190740cfd6a28fc,ENQUEUED,2.8848012168840547,questions_in
2025-10-29T13:52:45.572932,PUBLISH,9a7965481ef1477d94f21f618a11a1d5,68f2d95bd190740cfd6a35da,ENQUEUED,1.6060262186340593,questions_in
2025-10-29T13:52:45.971860,PUBLISH,eed94feeaf58473cb26e9d15a8711d8d,68f2d95bd190740cfd6a1f65,ENQUEUED,0.3936477015476196,questions_in
2025-10-29T13:52:46.500789,PUBLISH,ffe3099b684c4e72add03c4f7edf788e,68f2d95bd190740cfd6a3d92,ENQUEUED,0.5234013932232232,questions_in
2025-10-29T13:52:47.452660,PUBLISH,4a488872eab64d7bae99c382788754a0,68f2d95bd190740cfd6a26a2,ENQUEUED,0.9467478023672262,questions_in
2025-10-29T13:52:50.199315,PUBLISH,cc255c5787d4405cad24f6359776bbc4,68f2d95bd190740cfd6a33c6,ENQUEUED,2.739994522064619,questions_in
2025-10-29T13:52:51.182902,PUBLISH,87e1720435ba42a5a36dc1e259a892bc,68f2d95bd190740cfd6a3be0,ENQUEUED,0.97804845892741,questions_in
2025-10-29T13:52:51.485673,PUBLISH,4752d4c6808b42c3839bc08d8813a1e1,68f2d95bd190740cfd6a40d9,ENQUEUED,0.29782115955850846,questions_in
2025-10-29T13:52:52.407338,PUBLISH,33f1f9e771e84124bc121a0bc7b8f697,68f2d95bd190740cfd6a39fa,ENQUEUED,0.9163934686530277,questions_in
2025-10-29T13:52:53.275696,PUBLISH,b543f292931242788a9249c63df7397b,68f2d95bd190740cfd6a3ad8,ENQUEUED,0.8664019309221366,questions_in
2025-10-29T13:52:53.744303,PUBLISH,ec3e223e31dc4953a94ceaabe603e3d5,68f2d95bd190740cfd6a3679,ENQUEUED,0.4633649453047069,questions_in
2025-10-29T13:52:54.132295,PUBLISH,7dbc031796b2465abcee9c622e56f1fc,68f2d95bd190740cfd6a208b,ENQUEUED,0.38292986278698726,questions_in
2025-10-29T13:52:56.937108,PUBLISH,65e70fbd637a458b9dc15b868af40449,68f2d95bd190740cfd6a1e02,ENQUEUED,2.8006052674501327,questions_in
2025-10-29T13:52:57.217561,PUBLISH,5f8cc313fa294a03b90a1dee71752eb5,68f2d95bd190740cfd6a1aec,ENQUEUED,0.2751252553719529,questions_in
2025-10-29T13:52:57.926569,PUBLISH,cc77a7e3af1b4b95b1de32023aef673a,68f2d95bd190740cfd6a1fff,ENQUEUED,0.7044238217833056,questions_in
2025-10-29T13:52:58.274474,PUBLISH,be71db41ab4747e0bacfe63299ae5ce1,68f2d95bd190740cfd6a3587,ENQUEUED,0.3425692832103003,questions_in
2025-10-29T13:52:58.454742,PUBLISH,83a8bb2dda19426698625f303272969d,68f2d95bd190740cfd6a38cc,ENQUEUED,0.17529214412744523,questions_in
2025-10-29T13:52:58.898568,PUBLISH,91694e019e9a4f5aa25ac63b47f8fdaf,68f2d95bd190740cfd6a35f4,ENQUEUED,0.4387508472922501,questions_in
2025-10-29T13:52:59.366202,PUBLISH,5a24850a43d045518b92e0af57964f61,68f2d95bd190740cfd6a2368,ENQUEUED,0.46077620179290957,questions_in
2025-10-29T13:52:59.539097,PUBLISH,5b5ddb264ca946c3aa410ef587c74b6f,68f2d95bd190740cfd6a3f9f,ENQUEUED,0.17113107878863457,questions_in
2025-10-29T13:53:00.639675,PUBLISH,f8e5715aaaaf4db894d4e2cdd87d27c8,68f2d95bd190740cfd6a36f7,ENQUEUED,1.0946425173659755,questions_in
2025-10-29T13:53:01.807423,PUBLISH,926686f481d04347b6bce3e695bc15ff,68f2d95bd190740cfd6a1bbb,ENQUEUED,1.162149801992452,questions_in
2025-10-29T13:53:01.821821,PUBLISH,f2b9e6e13f104521b54dc546f325e112,68f2d95bd190740cfd6a288c,ENQUEUED,0.013072413841261862,questions_in
2025-10-29T13:53:03.986209,PUBLISH,4b48efbda860408cb047af8955b56e6e,68f2d95bd190740cfd6a1dd5,ENQUEUED,2.1577817902716205,questions_in
2025-10-29T13:53:04.045073,PUBLISH,9fc2538ecab14c61a3e6ba2cf128a30f,68f2d95bd190740cfd6a1c56,ENQUEUED,0.05402153812878805,questions_in
2025-10-29T13:53:04.650459,PUBLISH,3128732808754ddf9e679599245dd42d,68f2d95bd190740cfd6a2980,ENQUEUED,0.6003193195910875,questions_in
2025-10-29T13:53:05.121398,PUBLISH,bc85c2a477e54dc78bc6765b6fa2eedd,68f2d95bd190740cfd6a33f1,ENQUEUED,0.46576236883056943,questions_in
2025-10-29T13:53:05.281405,PUBLISH,70f76c14d3ed43a8b35056fd10d3a30a,68f2d95bd190740cfd6a2659,ENQUEUED,0.15550484853032298,questions_in
2025-10-29T13:53:05.536547,PUBLISH,e6755cc79f004567a70b707184ea1578,68f2d95bd190740cfd6a362f,ENQUEUED,0.25046755550733607,questions_in
2025-10-29T13:53:06.276094,PUBLISH,99f50ac98d50427fa3bba80fd5ae4634,68f2d95bd190740cfd6a2af4,ENQUEUED,0.7367071596171534,questions_in
2025-10-29T13:53:06.661711,PUBLISH,5c37cd9bf1a947989a84da937e01efc5,68f2d95bd190740cfd6a3897,ENQUEUED,0.3807732727978614,questions_in
2025-10-29T13:53:07.362522,PUBLISH,2466c1ed667f4e3cbc79d62b100db01e,68f2d95bd190740cfd6a40ad,ENQUEUED,0.6939405355995314,questions_in
2025-10-29T13:53:08.526638,PUBLISH,7cf56e4522454b96b7362a8dc8b23bc7,68f2d95bd190740cfd6a2743,ENQUEUED,1.1583906411456553,questions_in
2025-10-29T13:53:08.676431,PUBLISH,0bc37d15c9454652a0c75c589cf859a5,68f2d95bd190740cfd6a1b79,ENQUEUED,0.14491132103271545,questions_in
2025-10-29T13:53:08.764954,PUBLISH,142af4e614d14e478caf74a51637ee86,68f2d95bd190740cfd6a3e3d,ENQUEUED,0.08399491175779313,questions_in
2025-10-29T13:53:09.532033,PUBLISH,11fec4f7926849779c5af94de7218c64,68f2d95bd190740cfd6a324b,ENQUEUED,0.7613872640821779,questions_in
2025-10-29T13:53:11.929394,PUBLISH,04754f9b680c48f397efb0be06976b00,68f2d95bd190740cfd6a2eae,ENQUEUED,2.3944279770320196,questions_in
2025-10-29T13:53:12.361326,PUBLISH,d1a26fd39e674fcf9060aabfa350fafd,68f2d95bd190740cfd6a216e,ENQUEUED,0.42694189865839105,questions_in
2025-10-29T13:53:13.618131,PUBLISH,9d13a52aa38d4692992ceda43f9e5547,68f2d95bd190740cfd6a3cf0,ENQUEUED,1.2519905303770202,questions_in
2025-10-29T13:53:13.664837,PUBLISH,2e79e76d337743dea712b95b11d5f8d6,68f2d95bd190740cfd6a3b19,ENQUEUED,0.041852959932872365,questions_in
2025-10-29T13:53:15.039419,PUBLISH,0a7a8f3ea18f4d91925f58400981d798,68f2d95bd190740cfd6a225a,ENQUEUED,1.3687521356942742,questions_in
2025-10-29T13:53:15.336025,PUBLISH,2e609639b1f44a97b1174e794e771a0c,68f2d95bd190740cfd6a3eaf,ENQUEUED,0.2915321268662773,questions_in
2025-10-29T13:53:16.512673,PUBLISH,77d960ad9caa4cd6b680234b8620a39d,68f2d95bd190740cfd6a386a,ENQUEUED,1.170943527273004,questions_in
2025-10-29T13:53:16.761118,PUBLISH,1915de53b74945c1bb78be91a8d228b3,68f2d95bd190740cfd6a28a4,ENQUEUED,0.2437938428895762,questions_in
2025-10-29T13:53:19.779739,PUBLISH,aa029af2170143119fcbd755ece3dd34,68f2d95bd190740cfd6a2bf3,ENQUEUED,3.0109094237963863,questions_in
2025-10-29T13:53:19.911561,PUBLISH,ac4783f85d544e6cbe0415e084cde180,68f2d95bd190740cfd6a3dcd,ENQUEUED,0.127025493126863,questions_in
2025-10-29T13:53:20.048751,PUBLISH,4b5538bb3f6e43feac26af64f03e453b,68f2d95bd190740cfd6a3b9b,ENQUEUED,0.13552411576644866,questions_in
2025-10-29T13:53:20.191534,PUBLISH,f442a21415bd4f6099a88b2a68e8c748,68f2d95bd190740cfd6a366b,ENQUEUED,0.13770104302547267,questions_in
2025-10-29T13:53:21.451340,PUBLISH,5e3cbc83bed047d5b4eb9a99bf321368,68f2d95bd190740cfd6a2473,ENQUEUED,1.253425793037845,questions_in
2025-10-29T13:53:24.218421,PUBLISH,6c087f5d73754cbc915ec7ba9dc438d4,68f2d95bd190740cfd6a2c80,ENQUEUED,2.7632916524120805,questions_in
2025-10-29T13:53:26.488624,PUBLISH,a0866f5626774b91a67c44778a364d43,68f2d95bd190740cfd6a3789,ENQUEUED,2.26358952973128,questions_in
2025-10-29T13:53:26.504966,PUBLISH,fe2117eb168d41ca939e219055265596,68f2d95bd190740cfd6a2e58,ENQUEUED,0.014527253675070564,questions_in
2025-10-29T13:53:28.861663,PUBLISH,7feda394c61645478768a73e9673b82b,68f2d95bd190740cfd6a3978,ENQUEUED,2.351947145122223,questions_in
2025-10-29T13:53:28.905764,PUBLISH,2b41eba31d4c43768c6ac636685b8613,68f2d95bd190740cfd6a29d0,ENQUEUED,0.04116002974975945,questions_in
2025-10-29T13:53:29.034030,PUBLISH,716874457b694b5cac86ef1fa103757a,68f2d95bd190740cfd6a2f3c,ENQUEUED,0.12282109933008711,questions_in
2025-10-29T13:53:30.266222,PUBLISH,4d688c50b80c4c99b00caa15a4ca2761,68f2d95bd190740cfd6a2780,ENQUEUED,1.2305187041045638,questions_in
2025-10-29T13:53:30.326138,PUBLISH,367f02f76ec54ff98f4723ce63b3da17,68f2d95bd190740cfd6a1dd8,ENQUEUED,0.0586470309039784,questions_in
2025-10-29T13:53:30.660326,PUBLISH,14eae55b93f74e0884048148f4f5c030,68f2d95bd190740cfd6a1d4b,ENQUEUED,0.329524360781564,questions_in
2025-10-29T13:53:31.977612,PUBLISH,266878d93f71413a8978a3c7f50767d0,68f2d95bd190740cfd6a3dcd,ENQUEUED,1.3114588762916324,questions_in
2025-10-29T13:53:32.041471,PUBLISH,ff6d7afdbc324ae3b7afa59065227472,68f2d95bd190740cfd6a1ece,ENQUEUED,0.058292335057821464,questions_in
2025-10-29T13:53:32.935550,PUBLISH,6a28a90b1b494344a9069fa28c9c3e59,68f2d95bd190740cfd6a2334,ENQUEUED,0.8889269601825922,questions_in
2025-10-29T13:53:33.749416,PUBLISH,7d2d0233491644e98ab24b72bccfbad2,68f2d95bd190740cfd6a2820,ENQUEUED,0.8116061396042311,questions_in
2025-10-29T13:53:35.542992,PUBLISH,b91cae6fc321429288b70f1c82bbf7fb,68f2d95bd190740cfd6a236d,ENQUEUED,1.785675498677228,questions_in
2025-10-29T13:53:37.214432,PUBLISH,6e7181c6ea8c4cbfadce9d6c64690ebc,68f2d95bd190740cfd6a37de,ENQUEUED,1.6650465961356513,questions_in
2025-10-29T13:53:37.275870,PUBLISH,3505bc0370cb4f6e8bc9daa9c4f27b1e,68f2d95bd190740cfd6a3171,ENQUEUED,0.05757603674659462,questions_in
2025-10-29T13:53:37.844489,PUBLISH,e0cc61028779465db6099a32dd22b4b9,68f2d95bd190740cfd6a3ced,ENQUEUED,0.5632931476627211,questions_in
2025-10-29T13:53:38.300479,PUBLISH,bedde7077efe48c98f9b72b858b38e35,68f2d95bd190740cfd6a1fb8,ENQUEUED,0.4508561143027125,questions_in
2025-10-29T13:53:39.488562,PUBLISH,20a8d9aafc7b47eaa83de3f2ed89dbc0,68f2d95bd190740cfd6a3d4f,ENQUEUED,1.182993750614502,questions_in
2025-10-29T13:53:41.011986,PUBLISH,ea9f6073298247a8876f9bc27d8a9d2c,68f2d95bd190740cfd6a3e66,ENQUEUED,1.517394218921668,questions_in
2025-10-29T13:53:42.421397,PUBLISH,d58a137388974955b08c61183d59ef7a,68f2d95bd190740cfd6a2e3f,ENQUEUED,1.4065162248260767,questions_in
2025-10-29T13:53:42.936367,PUBLISH,8d14797cb581469393ec00e82d3b1c8f,68f2d95bd190740cfd6a28ff,ENQUEUED,0.51347238762294,questions_in
2025-10-29T13:53:43.614749,PUBLISH,1d5bde8cafd94f44ac5e845f028ad03f,68f2d95bd190740cfd6a1eac,ENQUEUED,0.6733004649183923,questions_in
2025-10-29T13:53:44.354384,PUBLISH,e871a8fed4164a14a6289cc42527b1c1,68f2d95bd190740cfd6a2814,ENQUEUED,0.7343246836536825,questions_in
2025-10-29T13:53:44.544753,PUBLISH,6e64a41695614dacad17b15f8fdf532a,68f2d95bd190740cfd6a21d4,ENQUEUED,0.18522932033262499,questions_in
2025-10-29T13:53:45.909525,PUBLISH,b0f207a4d8b04435adac9385e07259e0,68f2d95bd190740cfd6a2438,ENQUEUED,1.3591420148351443,questions_in
2025-10-29T13:53:46.740738,PUBLISH,d7c7f33b43a744a6a9118334a013c000,68f2d95bd190740cfd6a2b7d,ENQUEUED,0.8261337974947444,questions_in
2025-10-29T13:53:47.047929,PUBLISH,2497ec3bed93479b8f285a3113485a49,68f2d95bd190740cfd6a3be9,ENQUEUED,0.30196525292647103,questions_in
2025-10-29T13:53:47.124826,PUBLISH,ff3af49a41a4431ab3326639703916bd,68f2d95bd190740cfd6a30ed,ENQUEUED,0.07220094064838113,questions_in
2025-10-29T13:53:47.136874,PUBLISH,61e4ec2590ea4f9abcb52d0655d2955f,68f2d95bd190740cfd6a3782,ENQUEUED,0.007969893539341638,questions_in
2025-10-29T13:53:47.795328,PUBLISH,cdb60ca8603b4c6bb87af72318d5fb79,68f2d95bd190740cfd6a36ed,ENQUEUED,0.6563885340224593,questions_in
2025-10-29T13:53:47.818264,PUBLISH,516844eece3a4161b6fac86e22757913,68f2d95bd190740cfd6a2703,ENQUEUED,0.021470948244927263,questions_in
2025-10-29T13:53:48.596855,PUBLISH,975c04c074724ff2a1d0cea14257a21d,68f2d95bd190740cfd6a24fb,ENQUEUED,0.7735524167368965,questions_in
2025-10-29T13:53:49.091177,PUBLISH,f93c3c0d604544afa30ee335bd810172,68f2d95bd190740cfd6a2638,ENQUEUED,0.49233435176590384,questions_in
2025-10-29T13:53:49.223604,PUBLISH,713f521fe3ad4d04abc3ec144621f34a,68f2d95bd190740cfd6a2109,ENQUEUED,0.13098656033463293,questions_in
2025-10-29T13:53:49.318069,PUBLISH,230c7afd28d64e46ad95e0557c245559,68f2d95bd190740cfd6a34d0,ENQUEUED,0.08902538857533852,questions_in
2025-10-29T13:53:50.194286,PUBLISH,fadd3a0334814ec4936e541cf20d2fe6,68f2d95bd190740cfd6a4072,ENQUEUED,0.8697901735855469,questions_in
2025-10-29T13:53:50.698237,PUBLISH,7ec6fd4f347b476c9a6de9774fe3d1e6,68f2d95bd190740cfd6a3a75,ENQUEUED,0.49822559108954523,questions_in
2025-10-29T13:53:51.572585,PUBLISH,6a1d9c69a4ca49d4ac8d446d3418a113,68f2d95bd190740cfd6a22b2,ENQUEUED,0.8693857002571886,questions_in
2025-10-29T13:53:53.587642,PUBLISH,2de302ce3134472db31135e1b1751e87,68f2d95bd190740cfd6a23f3,ENQUEUED,2.007440776213788,questions_in
2025-10-29T13:53:54.086201,PUBLISH,57d98c9fc9034101b63f48460a26602c,68f2d95bd190740cfd6a39fd,ENQUEUED,0.49324563802524124,questions_in
2025-10-29T13:53:54.636341,PUBLISH,d3dc50cb65324f8a9060bef9ec779eae,68f2d95bd190740cfd6a3ce9,ENQUEUED,0.5446499622244724,questions_in
2025-10-29T13:53:55.262503,PUBLISH,8821bc7ed2e443158bd3a88e276e146b,68f2d95bd190740cfd6a3196,ENQUEUED,0.6204167010365009,questions_in
2025-10-29T13:53:55.452855,PUBLISH,df17e6ae2bf34016b8f6e170069c2627,68f2d95bd190740cfd6a40a9,ENQUEUED,0.185010213247883,questions_in
2025-10-29T13:53:56.473306,PUBLISH,a058954ce7254605a8d74057a85c310b,68f2d95bd190740cfd6a2a10,ENQUEUED,1.0149375701861894,questions_in
2025-10-29T13:53:56.722596,PUBLISH,6d8b55a4db3b4453bf9c4dc9485ffa2f,68f2d95bd190740cfd6a3e44,ENQUEUED,0.24431701663516936,questions_in
2025-10-29T13:53:56.825009,PUBLISH,9a840c99c8a2475bb138883c8caa65fc,68f2d95bd190740cfd6a3c7d,ENQUEUED,0.09610349275279782,questions_in
2025-10-29T13:53:57.083018,PUBLISH,7e3576c1352b416e8832905db29e5668,68f2d95bd190740cfd6a2126,ENQUEUED,0.25315442326456367,questions_in
2025-10-29T13:53:58.186519,PUBLISH,9073de16480a40a0a800aa7b6f8d6d7d,68f2d95bd190740cfd6a340f,ENQUEUED,1.0985509967397253,questions_in
2025-10-29T13:53:58.256547,PUBLISH,e466b32bd2fd4ffc97d9d0712af1c65e,68f2d95bd190740cfd6a2f5b,ENQUEUED,0.06580468191916142,questions_in
2025-10-29T13:54:00.367770,PUBLISH,fb3b9cbd1f6c4a6b828ee2c545a88d04,68f2d95bd190740cfd6a3c89,ENQUEUED,2.104942974091061,questions_in
2025-10-29T13:54:00.403346,PUBLISH,c68c80ae5f7b43eb97a9cdd0db63a9ac,68f2d95bd190740cfd6a2f81,ENQUEUED,0.03353482824821466,questions_in
2025-10-29T13:54:00.463002,PUBLISH,7905a164270e4f3d89dc922ad89875f2,68f2d95bd190740cfd6a3467,ENQUEUED,0.05552407711544819,questions_in
2025-10-29T13:54:00.837664,PUBLISH,33446b1cb8f847f7b5105cc825fb1139,68f2d95bd190740cfd6a1bb7,ENQUEUED,0.3695247077677857,questions_in
2025-10-29T13:54:00.918697,PUBLISH,80ec0e9472084f39a4fd0700b42db364,68f2d95bd190740cfd6a349e,ENQUEUED,0.07386078496211064,questions_in
2025-10-29T13:54:00.949011,PUBLISH,af658c984c2341e39d5f9d9eff657e02,68f2d95bd190740cfd6a3b1b,ENQUEUED,0.025933503526282792,questions_in
2025-10-29T13:54:01.667122,PUBLISH,f91749b336044818a6baa293ba8ae124,68f2d95bd190740cfd6a31df,ENQUEUED,0.7124318036068953,questions_in
2025-10-29T13:54:01.875033,PUBLISH,3ee8519338784cd3b200e7770899bb5b,68f2d95bd190740cfd6a2977,ENQUEUED,0.20306266582149493,questions_in
2025-10-29T13:54:02.222898,PUBLISH,fb765dc44603430c9944c24101810cc6,68f2d95bd190740cfd6a1bee,ENQUEUED,0.3423619659565014,questions_in
2025-10-29T13:54:02.385319,PUBLISH,01cca84eab734b40b1248714fd5569cd,68f2d95bd190740cfd6a3546,ENQUEUED,0.16045381863629088,questions_in
2025-10-29T13:54:03.494302,PUBLISH,108218b4dd6a444daf8ebf1628a7e655,68f2d95bd190740cfd6a2cfc,ENQUEUED,1.1034503361501218,questions_in
2025-10-29T13:54:03.761271,PUBLISH,75b45e46d3db4319ba29d9aecdb12d2d,68f2d95bd190740cfd6a1fc3,ENQUEUED,0.26196645388156375,questions_in
2025-10-29T13:54:03.949446,PUBLISH,81f73e4f41de4434861f16ceef42f8a7,68f2d95bd190740cfd6a224b,ENQUEUED,0.18351390009875349,questions_in
2025-10-29T13:54:04.448568,PUBLISH,a0449062305944afa32df3f711d8b5af,68f2d95bd190740cfd6a36eb,ENQUEUED,0.49430925506736045,questions_in
2025-10-29T13:54:05.633469,PUBLISH,9145ccd5adfe41f3bfb59290a2f5e469,68f2d95bd190740cfd6a23da,ENQUEUED,1.1797396269076745,questions_in
2025-10-29T13:54:06.368183,PUBLISH,d2221b6542444c7a80e2f8484f83faa7,68f2d95bd190740cfd6a3d5e,ENQUEUED,0.7295332179853681,questions_in
2025-10-29T13:54:06.441112,PUBLISH,ff7cf07ddb774fceacda0c842e397fed,68f2d95bd190740cfd6a2540,ENQUEUED,0.06857140438515212,questions_in
2025-10-29T13:54:06.480231,PUBLISH,aca1cdd8580b4f6b837923eec15342fc,68f2d95bd190740cfd6a23f5,ENQUEUED,0.03714230854899967,questions_in
2025-10-29T13:54:07.124381,PUBLISH,a1f4da04d2e94d449eded6ad0592d4c3,68f2d95bd190740cfd6a27de,ENQUEUED,0.6391593871397462,questions_in
2025-10-29T13:54:07.448905,PUBLISH,f994e18202bd47b0a61f5147f6add0af,68f2d95bd190740cfd6a2c1b,ENQUEUED,0.3204934722243911,questions_in
2025-10-29T13:54:08.130759,PUBLISH,d5344e0ba444428d96463bd0de384a4b,68f2d95bd190740cfd6a4119,ENQUEUED,0.6751692796794009,questions_in
2025-10-29T13:54:08.262513,PUBLISH,ef41d5b9725e41cfa6a8d97ed2afa93c,68f2d95bd190740cfd6a34dc,ENQUEUED,0.12508609227681775,questions_in
2025-10-29T13:54:08.908797,PUBLISH,b2f80d09648f47c380b5c92c20d1c9e9,68f2d95bd190740cfd6a2d12,ENQUEUED,0.6407241013276967,questions_in
2025-10-29T13:54:08.916433,PUBLISH,4f964d7146b84da68cf0480fbf08692f,68f2d95bd190740cfd6a24c7,ENQUEUED,0.0029869742467506784,questions_in
2025-10-29T13:54:08.920106,PUBLISH,50ef75740b1f443f9867c855028772ea,68f2d95bd190740cfd6a2bd6,ENQUEUED,0.002181740959897434,questions_in
2025-10-29T13:54:09.071353,PUBLISH,445ebe59e39149189349410ca202673f,68f2d95bd190740cfd6a257b,ENQUEUED,0.14662281430274668,questions_in
2025-10-29T13:54:09.177694,PUBLISH,a909370563454f48b51c796bf609d492,68f2d95bd190740cfd6a3306,ENQUEUED,0.10190291056194069,questions_in
2025-10-29T13:54:10.541459,PUBLISH,02b58470419644ffb483b1d5247c0feb,68f2d95bd190740cfd6a3994,ENQUEUED,1.3583728375838697,questions_in
2025-10-29T13:54:10.605318,PUBLISH,6cc865b57f3f42ecb6e9a024b9b42f0f,68f2d95bd190740cfd6a39f2,ENQUEUED,0.05946099192621509,questions_in
2025-10-29T13:54:11.866641,PUBLISH,8cd400c024a744228df7c4a4a1fb1bca,68f2d95bd190740cfd6a20cf,ENQUEUED,1.2556912359695842,questions_in
2025-10-29T13:54:12.085786,PUBLISH,7410fa3130b04d5787d6ae9f3093eb46,68f2d95bd190740cfd6a3c35,ENQUEUED,0.21448369659287148,questions_in
2025-10-29T13:54:12.340738,PUBLISH,0d71381be95748e0a4df1eb5b61ffaa4,68f2d95bd190740cfd6a30dc,ENQUEUED,0.25028146849036537,questions_in
2025-10-29T13:54:12.893750,PUBLISH,e37b4eff09ef4e6ea22f14ae79afa7aa,68f2d95bd190740cfd6a3062,ENQUEUED,0.5454305270708542,questions_in
2025-10-29T13:54:13.629303,PUBLISH,7fd12cccf7aa4b778074575c761e1919,68f2d95bd190740cfd6a2003,ENQUEUED,0.7284443597480469,questions_in
2025-10-29T13:54:14.456396,PUBLISH,07317fb3301d4ee79b347f39bfb4d870,68f2d95bd190740cfd6a23d6,ENQUEUED,0.8223085275498513,questions_in
2025-10-29T13:54:15.127617,PUBLISH,4ae08d271e2240d19d099d6b7a5e9cab,68f2d95bd190740cfd6a2030,ENQUEUED,0.6693889092179472,questions_in
2025-10-29T13:54:15.620192,PUBLISH,2f27a3aa68ee4e67a6b2880e62367b7f,68f2d95bd190740cfd6a244d,ENQUEUED,0.48665827279806234,questions_in
2025-10-29T13:54:16.414417,PUBLISH,9f3f7af1681f4e7e971fe82555e7188f,68f2d95bd190740cfd6a1d40,ENQUEUED,0.7892396733021186,questions_in
2025-10-29T13:54:16.533271,PUBLISH,b633e1be531340a4a6e360d4d3ea962a,68f2d95bd190740cfd6a3bd1,ENQUEUED,0.11378015015601604,questions_in
2025-10-29T13:54:16.825193,PUBLISH,384abd97d9a844ec97a8e1627e035fae,68f2d95bd190740cfd6a2636,ENQUEUED,0.2860902747115852,questions_in
2025-10-29T13:54:18.011608,PUBLISH,586c5ec5b4b341749062c5f41dedbd8e,68f2d95bd190740cfd6a22c9,ENQUEUED,1.184471093742607,questions_in
2025-10-29T13:54:18.208889,PUBLISH,62966e7846ef4ed09a7835bd15dac62e,68f2d95bd190740cfd6a1f21,ENQUEUED,0.19564676907870157,questions_in
2025-10-29T13:54:18.236449,PUBLISH,497286b74e65438da1098e80821b0ca9,68f2d95bd190740cfd6a2327,ENQUEUED,0.025769698766968125,questions_in
2025-10-29T13:54:19.053281,PUBLISH,dd0ad0b88f76490aa9630a08d0c1835d,68f2d95bd190740cfd6a3532,ENQUEUED,0.8145291354115999,questions_in
2025-10-29T13:54:21.134352,PUBLISH,a1c99d252572465598ca91fa590ccc83,68f2d95bd190740cfd6a3cda,ENQUEUED,2.0753540515135414,questions_in
2025-10-29T13:54:21.175579,PUBLISH,48d927e067684d5ea801fa4af32e2f92,68f2d95bd190740cfd6a1ca1,ENQUEUED,0.03865849334367366,questions_in
2025-10-29T13:54:21.819421,PUBLISH,a8081064b0284db2bfd5aa55809aec8f,68f2d95bd190740cfd6a2dea,ENQUEUED,0.6384665354379079,questions_in
2025-10-29T13:54:21.890796,PUBLISH,e0287d00038f4c1fad32685e20c9ae60,68f2d95bd190740cfd6a3e77,ENQUEUED,0.06668755127974023,questions_in
2025-10-29T13:54:22.514485,PUBLISH,a8731aaff6d841ffa2d937454e533f8f,68f2d95bd190740cfd6a1f72,ENQUEUED,0.6181708916741051,questions_in
2025-10-29T13:54:22.808414,PUBLISH,77c59f6812a740a4a43d9b97ca02c034,68f2d95bd190740cfd6a3d39,ENQUEUED,0.2890484885608764,questions_in
2025-10-29T13:54:22.893635,PUBLISH,d758df1d98664ba69a456a92fd4bd43b,68f2d95bd190740cfd6a40fe,ENQUEUED,0.08050160897701124,questions_in
2025-10-29T13:54:23.232666,PUBLISH,e9e618c9bbb44387b7b22089d8f28238,68f2d95bd190740cfd6a3c2e,ENQUEUED,0.333655055158673,questions_in
2025-10-29T13:54:23.511304,PUBLISH,81dea7f01e684494bd834ffd576e6de7,68f2d95bd190740cfd6a1b89,ENQUEUED,0.273416374575531,questions_in
2025-10-29T13:54:23.917526,PUBLISH,b5ec5cc520eb4548a5d701bb2647da6c,68f2d95bd190740cfd6a2400,ENQUEUED,0.4002091059843825,questions_in
2025-10-29T13:54:24.161973,PUBLISH,02dff7e2e889402faeeb487400c88c9c,68f2d95bd190740cfd6a222f,ENQUEUED,0.24303005374301254,questions_in
2025-10-29T13:54:24.587777,PUBLISH,d1d084ff15a2434baa38050a8c9237ee,68f2d95bd190740cfd6a2cfe,ENQUEUED,0.4207139589064693,questions_in
2025-10-29T13:54:24.691176,PUBLISH,501400330dab47d4b787f1e15751290b,68f2d95bd190740cfd6a2ebf,ENQUEUED,0.0984738329157579,questions_in
2025-10-29T13:54:24.925894,PUBLISH,fbb3cac3bf9940d2ba5c1c4fe9debe9a,68f2d95bd190740cfd6a2b0f,ENQUEUED,0.22971012647390754,questions_in
2025-10-29T13:54:25.331558,PUBLISH,1d46215ce64d4c23af738876717224f9,68f2d95bd190740cfd6a1df6,ENQUEUED,0.40068234716146023,questions_in
2025-10-29T13:54:25.384441,PUBLISH,5b153f0e9b824177a026e72fb7ce19a0,68f2d95bd190740cfd6a3a4e,ENQUEUED,0.048442353278988555,questions_in
2025-10-29T13:54:26.052677,PUBLISH,bed3d5eb5d3a46a4b0b84136e664898d,68f2d95bd190740cfd6a27c9,ENQUEUED,0.6605580535638976,questions_in
2025-10-29T13:54:26.222989,PUBLISH,3582c2f471964f378bbda6fb9481454c,68f2d95bd190740cfd6a1ff4,ENQUEUED,0.16542409213611917,questions_in
2025-10-29T13:54:26.781279,PUBLISH,4f4bf35c2e03408f89c48083881576a9,68f2d95bd190740cfd6a236f,ENQUEUED,0.5527554088167755,questions_in
2025-10-29T13:54:27.066851,PUBLISH,1f2d1202c86f42d3bfc09b805c7b4410,68f2d95bd190740cfd6a3ef3,ENQUEUED,0.28018398165406244,questions_in
2025-10-29T13:54:27.418113,PUBLISH,aa9ba9f3463c4f5390de86fc8245c3d9,68f2d95bd190740cfd6a3137,ENQUEUED,0.3455646275555138,questions_in
2025-10-29T13:54:28.932808,PUBLISH,aa6fc7ec058e44429a61399e9aadb126,68f2d95bd190740cfd6a3714,ENQUEUED,1.5104837744626332,questions_in
2025-10-29T13:54:30.942337,PUBLISH,c5162790b06242a1bf9f4eedc618f823,68f2d95bd190740cfd6a20bf,ENQUEUED,2.002877661786765,questions_in
2025-10-29T13:54:31.921017,PUBLISH,bb3c2dbef4144fe48b785ec7ebabb49c,68f2d95bd190740cfd6a2051,ENQUEUED,0.97171832588071,questions_in
2025-10-29T13:54:33.139425,PUBLISH,4735812f287c429ab859a830618af4a1,68f2d95bd190740cfd6a3f80,ENQUEUED,1.2158155397759485,questions_in
2025-10-29T13:54:34.180835,PUBLISH,5effda36ac1b4493993f7d59742b9c32,68f2d95bd190740cfd6a3363,ENQUEUED,1.0389222959847852,questions_in
2025-10-29T13:54:34.246668,PUBLISH,080db12d0b7f4565abadf9c97d64e9eb,68f2d95bd190740cfd6a2362,ENQUEUED,0.0612557993906977,questions_in
2025-10-29T13:54:34.691459,PUBLISH,6f21bfb62a2f49909e76dc46612fa811,68f2d95bd190740cfd6a413d,ENQUEUED,0.44029310622302104,questions_in
2025-10-29T13:54:34.893949,PUBLISH,be0714adbe9a4dc7a5477584c4fd7f6c,68f2d95bd190740cfd6a2d28,ENQUEUED,0.19770841677946102,questions_in
2025-10-29T13:54:36.209348,PUBLISH,227cdd9359e346c78eaa4297a9112f87,68f2d95bd190740cfd6a2a7b,ENQUEUED,1.3097230261844046,questions_in
2025-10-29T13:54:37.588576,PUBLISH,653eea471abd4ea38f4a0e694a84f418,68f2d95bd190740cfd6a1e65,ENQUEUED,1.3727983907926442,questions_in
2025-10-29T13:54:38.174699,PUBLISH,59a3b8f7a0264bfba5f088c445811fd8,68f2d95bd190740cfd6a1ccd,ENQUEUED,0.5806273097398728,questions_in
2025-10-29T13:54:39.183347,PUBLISH,676691759d454178bb786ae00ca484e2,68f2d95bd190740cfd6a3e51,ENQUEUED,1.002013477401741,questions_in
2025-10-29T13:54:39.300237,PUBLISH,303e3baafc4147abaff329712ebe4f2d,68f2d95bd190740cfd6a2463,ENQUEUED,0.11527761222133344,questions_in
2025-10-29T13:54:39.890017,PUBLISH,18ef8759001e48bfa186f2e9e786ae59,68f2d95bd190740cfd6a392c,ENQUEUED,0.5843262665533626,questions_in
2025-10-29T13:54:39.921748,PUBLISH,ce337a5a16b140c884a91a1a86410dee,68f2d95bd190740cfd6a2576,ENQUEUED,0.027231583945250177,questions_in
2025-10-29T13:54:41.433745,PUBLISH,6abb6e7af3bd4a6fa509c8369d991af6,68f2d95bd190740cfd6a2f24,ENQUEUED,1.5061601076332056,questions_in
2025-10-29T13:54:42.118733,PUBLISH,6e5363cddba34ac283ac411850ca4112,68f2d95bd190740cfd6a3edc,ENQUEUED,0.6825543292333437,questions_in
2025-10-29T13:54:43.474022,PUBLISH,c6d353b4d7064a629e390a14051be1e3,68f2d95bd190740cfd6a31cc,ENQUEUED,1.349043358342505,questions_in
2025-10-29T13:54:43.626491,PUBLISH,34df7c27ca06494fa08f63c970658345,68f2d95bd190740cfd6a33a8,ENQUEUED,0.14789892390873385,questions_in
2025-10-29T13:54:44.683514,PUBLISH,412a9d7074214a008dc70c92c3335df5,68f2d95bd190740cfd6a1b2e,ENQUEUED,1.0507482434493103,questions_in
2025-10-29T13:54:48.795722,PUBLISH,d45e7a0cec6a481bba3ef36fa8b4f2b5,68f2d95bd190740cfd6a1b8f,ENQUEUED,4.103790731152259,questions_in
2025-10-29T13:54:49.223641,PUBLISH,a551d5c855054afb8e70f5e81c2b1432,68f2d95bd190740cfd6a36dc,ENQUEUED,0.42301709613238986,questions_in
2025-10-29T13:54:49.808681,PUBLISH,966f17374e7442fd886dcce8b7526152,68f2d95bd190740cfd6a3e1d,ENQUEUED,0.5798563267288955,questions_in
2025-10-29T13:54:49.905991,PUBLISH,023b8e668d8a460d84161b52c91f920f,68f2d95bd190740cfd6a4141,ENQUEUED,0.09273701684183393,questions_in
2025-10-29T13:54:51.187937,PUBLISH,d848bbf167e54aa7b58640077102a3a7,68f2d95bd190740cfd6a2d49,ENQUEUED,1.2743057281111063,questions_in
2025-10-29T13:54:52.698126,PUBLISH,6607cb9398b347b6b6abc4e8f92c9cdc,68f2d95bd190740cfd6a3c86,ENQUEUED,1.507660165980309,questions_in
2025-10-29T13:54:52.772676,PUBLISH,9b62a910c939438db21aad11119cb471,68f2d95bd190740cfd6a2b86,ENQUEUED,0.07305920328107658,questions_in
2025-10-29T13:54:53.303999,PUBLISH,33de40500c774351b3c8c86031d65fe9,68f2d95bd190740cfd6a2b52,ENQUEUED,0.5257580636679885,questions_in
2025-10-29T13:54:53.317386,PUBLISH,0222bbecf4074317a6df26fb6dba9511,68f2d95bd190740cfd6a2d76,ENQUEUED,0.008309621083079132,questions_in
2025-10-29T13:54:53.401554,PUBLISH,3d9c6df063f446cd957cdda00a1207a8,68f2d95bd190740cfd6a24f0,ENQUEUED,0.07940847261470997,questions_in
2025-10-29T13:54:54.198871,PUBLISH,93fd1e088c7c44edac1d2ec33ec2186f,68f2d95bd190740cfd6a3060,ENQUEUED,0.7920078043665352,questions_in
2025-10-29T13:54:54.587114,PUBLISH,3fee291cfa9c4e59a67c05f58ef23005,68f2d95bd190740cfd6a1b1b,ENQUEUED,0.38330563641210175,questions_in
2025-10-29T13:54:55.792596,PUBLISH,32cbfffaa82b433b894c1848faab9043,68f2d95bd190740cfd6a22a5,ENQUEUED,1.2026700456027608,questions_in
2025-10-29T13:54:56.438535,PUBLISH,3665c16c7f1c460d9e234ea87aa6416b,68f2d95bd190740cfd6a35d4,ENQUEUED,0.6430897072589581,questions_in
2025-10-29T13:54:56.797378,PUBLISH,eea6a7dfae06442db12325b8b7cc7663,68f2d95bd190740cfd6a230c,ENQUEUED,0.35342506517868433,questions_in
2025-10-29T13:54:57.554030,PUBLISH,86cf6a1307f54a9a9d1f4a7a9daec80f,68f2d95bd190740cfd6a2287,ENQUEUED,0.7512668409416094,questions_in
2025-10-29T13:54:58.844789,PUBLISH,ff483de5148f4ee9801d993505898806,68f2d95bd190740cfd6a28f8,ENQUEUED,1.2848303332877704,questions_in
2025-10-29T13:54:58.864097,PUBLISH,0d556a1a4cf148198bc54e29ceca692c,68f2d95bd190740cfd6a3cc5,ENQUEUED,0.017630617829293056,questions_in
2025-10-29T13:54:59.029227,PUBLISH,6618a64883d240218871b234d8024338,68f2d95bd190740cfd6a20ea,ENQUEUED,0.1600096926620801,questions_in
2025-10-29T13:54:59.337786,PUBLISH,ec1fb30c41204b518eabf18b6f86938d,68f2d95bd190740cfd6a3a76,ENQUEUED,0.3035681837330269,questions_in
2025-10-29T13:54:59.346659,PUBLISH,33f9e6a9a11f4841a1cf7c9f064eb221,68f2d95bd190740cfd6a2859,ENQUEUED,0.0018541138593049752,questions_in
2025-10-29T13:55:00.377841,PUBLISH,797e0a308f10483caf00a9fdac06029b,68f2d95bd190740cfd6a3fa9,ENQUEUED,1.0246207041466593,questions_in
2025-10-29T13:55:00.478821,PUBLISH,29a48e41acd64c18b7b94a0259c9ebb8,68f2d95bd190740cfd6a26d0,ENQUEUED,0.09643324342462224,questions_in
2025-10-29T13:55:01.225943,PUBLISH,c2dd2828efc240ec86d1ddf2abb2edbc,68f2d95bd190740cfd6a3857,ENQUEUED,0.7419606646310033,questions_in
2025-10-29T13:55:01.954337,PUBLISH,409d5b667f494fe6bd922e72175c5479,68f2d95bd190740cfd6a2bb6,ENQUEUED,0.7231936983577895,questions_in
2025-10-29T13:55:02.188687,PUBLISH,f801041d7fe743f68f92a8d364664ed0,68f2d95bd190740cfd6a1fc8,ENQUEUED,0.2281244139499755,questions_in
2025-10-29T13:55:02.283656,PUBLISH,d885e8c00a2f4b0ba132950859f6edb6,68f2d95bd190740cfd6a26e5,ENQUEUED,0.09038051153757343,questions_in
2025-10-29T13:55:03.563835,PUBLISH,2b2f3d7728fd4525b700eb726cff7704,68f2d95bd190740cfd6a321a,ENQUEUED,1.2744595275502248,questions_in
2025-10-29T13:55:04.422340,PUBLISH,d2affe3b7f3a43f68a2b20027d87fc14,68f2d95bd190740cfd6a3f10,ENQUEUED,0.8530699128308634,questions_in
2025-10-29T13:55:04.523219,PUBLISH,445859905040423e8202d6635a8f13e4,68f2d95bd190740cfd6a3959,ENQUEUED,0.09592372267636891,questions_in
2025-10-29T13:55:04.663591,PUBLISH,945341c446024dfda12d40be4dfcdd17,68f2d95bd190740cfd6a2e63,ENQUEUED,0.13514762487740115,questions_in
2025-10-29T13:55:04.791372,PUBLISH,ea2e9c8e838b473e8cea25d8b1b065bc,68f2d95bd190740cfd6a2a0b,ENQUEUED,0.12606622720784255,questions_in
2025-10-29T13:55:04.844324,PUBLISH,3fc6897149c74b3b91a2eab142fdabef,68f2d95bd190740cfd6a3390,ENQUEUED,0.05081924172155177,questions_in
2025-10-29T13:55:04.900775,PUBLISH,b4c83e5e576a4a1a99449108e67ece97,68f2d95bd190740cfd6a3418,ENQUEUED,0.052615314363817826,questions_in
2025-10-29T13:55:05.088471,PUBLISH,6d0574feb626442f9c1c8c937ec24a73,68f2d95bd190740cfd6a38c0,ENQUEUED,0.18212163748685706,questions_in
2025-10-29T13:55:06.232682,PUBLISH,276ae3e462ad41709b0a9bc8168b92ce,68f2d95bd190740cfd6a2bb1,ENQUEUED,1.1375895522077495,questions_in
2025-10-29T13:55:06.349957,PUBLISH,c53ca38705b6409bbc1538989aefa8b3,68f2d95bd190740cfd6a4059,ENQUEUED,0.11463537420560171,questions_in
2025-10-29T13:55:07.806098,PUBLISH,9d02dd41e31d4c789f7d6ee61c916dfe,68f2d95bd190740cfd6a3724,ENQUEUED,1.454163294378237,questions_in
2025-10-29T13:55:08.000591,PUBLISH,c664034e2b454706894139f9cfdbdf2e,68f2d95bd190740cfd6a1e22,ENQUEUED,0.18974704946383825,questions_in
2025-10-29T13:55:08.860782,PUBLISH,5a4f0ab823ea4b73a1d519cfa1580685,68f2d95bd190740cfd6a23b8,ENQUEUED,0.8575856798389818,questions_in
2025-10-29T13:55:11.075663,PUBLISH,1b69f905fdd649b39b8d8b787461ac6e,68f2d95bd190740cfd6a23db,ENQUEUED,2.208719344878009,questions_in
2025-10-29T13:55:11.131753,PUBLISH,51bdfdee0bc84702a093924384934510,68f2d95bd190740cfd6a2942,ENQUEUED,0.050271253211303234,questions_in
2025-10-29T13:55:12.250478,PUBLISH,421914278a0e4ad88031954c02e53efd,68f2d95bd190740cfd6a3c3b,ENQUEUED,1.1125906254005107,questions_in
2025-10-29T13:55:12.782992,PUBLISH,85f1de636b6a42ab9ba19e79f9971d1c,68f2d95bd190740cfd6a2905,ENQUEUED,0.5273187267784949,questions_in
2025-10-29T13:55:12.953783,PUBLISH,3fa91343514f421d944aa7dd7b0f2457,68f2d95bd190740cfd6a24df,ENQUEUED,0.16596217078830303,questions_in
2025-10-29T13:55:13.170374,PUBLISH,e23fed791e7149d49e4e97cc0d5cfb8d,68f2d95bd190740cfd6a27c6,ENQUEUED,0.21124123501454092,questions_in
2025-10-29T13:55:14.026305,PUBLISH,3692227773ee4704a8731481e6ae33ae,68f2d95bd190740cfd6a22f5,ENQUEUED,0.8540922793950135,questions_in
2025-10-29T13:55:14.151918,PUBLISH,5bf49591309c40d892e2a7bc38e29dc4,68f2d95bd190740cfd6a2d63,ENQUEUED,0.12069672148887582,questions_in
2025-10-29T13:55:14.724402,PUBLISH,0b9b0debb1374993934d7564533e3da8,68f2d95bd190740cfd6a3c60,ENQUEUED,0.567594883123082,questions_in
2025-10-29T13:55:14.946602,PUBLISH,3ed8d741a8dc458db2115a36539460df,68f2d95bd190740cfd6a342e,ENQUEUED,0.21804962027823097,questions_in
2025-10-29T13:55:15.078028,PUBLISH,2f3502be33cd4ce78cdb8dc96b716d4b,68f2d95bd190740cfd6a294c,ENQUEUED,0.1266362133853192,questions_in
2025-10-29T13:55:15.095190,PUBLISH,8ca54b615f5e4ac6b74b9d11577e5522,68f2d95bd190740cfd6a20dd,ENQUEUED,0.01553611059665049,questions_in
2025-10-29T13:55:15.611597,PUBLISH,5af0f58ea8904877b542bc870d385e3e,68f2d95bd190740cfd6a1b59,ENQUEUED,0.5120366083576507,questions_in
2025-10-29T13:55:16.205793,PUBLISH,7d489c680a3b475e89f3b9c1ed5ef204,68f2d95bd190740cfd6a2429,ENQUEUED,0.5881183988587458,questions_in
2025-10-29T13:55:16.974409,PUBLISH,77f1dd05bf9941c1b87ad05e70f071e6,68f2d95bd190740cfd6a2b92,ENQUEUED,0.7637095247071107,questions_in
2025-10-29T13:55:17.362715,PUBLISH,6431bebc1d384de2b022dacb8e0ed796,68f2d95bd190740cfd6a35ca,ENQUEUED,0.3865488826831566,questions_in
2025-10-29T13:55:17.555890,PUBLISH,795e8b47397e4a99be7ac4d050fce55a,68f2d95bd190740cfd6a258c,ENQUEUED,0.18846880843596822,questions_in
2025-10-29T13:55:18.533936,PUBLISH,da29b1104dd64c63969f3f66f919b0d0,68f2d95bd190740cfd6a1dd1,ENQUEUED,0.9725710364204186,questions_in
2025-10-29T13:55:18.569294,PUBLISH,8d9e05853dc94be2b315aa740d418896,68f2d95bd190740cfd6a41cf,ENQUEUED,0.03350157240203033,questions_in
2025-10-29T13:55:18.777881,PUBLISH,775f07b8ed254cf592b9e7a62530b420,68f2d95bd190740cfd6a20e4,ENQUEUED,0.20403887079597108,questions_in
2025-10-29T13:55:18.847682,PUBLISH,8f3b4eed6dfc420b990ec421e6555f23,68f2d95bd190740cfd6a20f1,ENQUEUED,0.06499545706582219,questions_in
2025-10-29T13:55:19.411863,PUBLISH,716bbc2e78ce46f980714381db029bb4,68f2d95bd190740cfd6a2f6e,ENQUEUED,0.5614420874573169,questions_in
2025-10-29T13:55:19.779705,PUBLISH,ce7740f36db54a2e85c895f38cbd1879,68f2d95bd190740cfd6a3c15,ENQUEUED,0.361541267549729,questions_in
2025-10-29T13:55:21.134773,PUBLISH,f70c2083449d4c1888d36ad6bbdcc6b2,68f2d95bd190740cfd6a3432,ENQUEUED,1.3491713498508744,questions_in
2025-10-29T13:55:21.542272,PUBLISH,24b436202bf243e4963a55b5a78bbdfd,68f2d95bd190740cfd6a210e,ENQUEUED,0.4030032466976606,questions_in
2025-10-29T13:55:21.953560,PUBLISH,c0b4a73dcd25452eb5ae1ce69a4b9882,68f2d95bd190740cfd6a3531,ENQUEUED,0.40577245942840373,questions_in
2025-10-29T13:55:22.066326,PUBLISH,a04fed497d244a46a5763588560757cf,68f2d95bd190740cfd6a2a37,ENQUEUED,0.10782770661968122,questions_in
2025-10-29T13:55:22.416848,PUBLISH,5a5479174a3c46dc9f1474fcd6318c9f,68f2d95bd190740cfd6a1b49,ENQUEUED,0.3458581772631208,questions_in
2025-10-29T13:55:22.804629,PUBLISH,2508667c3a1145949bf9df6f90c99d76,68f2d95bd190740cfd6a2d0b,ENQUEUED,0.3828402538632473,questions_in
2025-10-29T13:55:23.146018,PUBLISH,66fea9fb0ee0478881271ac6b5ee5e7f,68f2d95bd190740cfd6a33b6,ENQUEUED,0.33609692465576724,questions_in
2025-10-29T13:55:24.180819,PUBLISH,e93aea43f06c42ab8d6e8757436193b9,68f2d95bd190740cfd6a4003,ENQUEUED,1.0324925482373517,questions_in
2025-10-29T13:55:25.526372,PUBLISH,ec9beee44f1746949c7dae4293a2aab9,68f2d95bd190740cfd6a3b19,ENQUEUED,1.3389249451820737,questions_in
2025-10-29T13:55:25.886916,PUBLISH,548e94b955d64abe92e252e3079e4301,68f2d95bd190740cfd6a2cac,ENQUEUED,0.3582372380356651,questions_in
2025-10-29T13:55:26.126796,PUBLISH,bf88344495c2486c94ac77138c68b96a,68f2d95bd190740cfd6a1d28,ENQUEUED,0.23831668557752927,questions_in
2025-10-29T13:55:26.197802,PUBLISH,113cbdfbeaa34210b2e573cb51f85f54,68f2d95bd190740cfd6a3a61,ENQUEUED,0.0696299508560045,questions_in
2025-10-29T13:55:26.422131,PUBLISH,ef0dffdfae7a4e14a7bc906f5ee3deba,68f2d95bd190740cfd6a27ef,ENQUEUED,0.2193927015420651,questions_in
2025-10-29T13:55:26.621306,PUBLISH,910dc6d8a83d49ecb06fae1f2c103623,68f2d95bd190740cfd6a22b3,ENQUEUED,0.1942420056377213,questions_in
2025-10-29T13:55:26.943033,PUBLISH,e254ffa922754f0ab7c0551f46cd5708,68f2d95bd190740cfd6a1d40,ENQUEUED,0.31708577032772095,questions_in
2025-10-29T13:55:27.059555,PUBLISH,31393d4ecfad4773ac0e88858ff50bc0,68f2d95bd190740cfd6a3865,ENQUEUED,0.11169861240885574,questions_in
2025-10-29T13:55:27.085350,PUBLISH,4ca69108b1304f26a66ae9a4737c081e,68f2d95bd190740cfd6a35c4,ENQUEUED,0.024117521143977916,questions_in
2025-10-29T13:55:28.593024,PUBLISH,0de8603878344709bfa93d87f6b2bf16,68f2d95bd190740cfd6a3ada,ENQUEUED,1.501320979191407,questions_in
2025-10-29T13:55:28.813929,PUBLISH,806cbf547b1a49f7a8b2c5d0d77af254,68f2d95bd190740cfd6a1e45,ENQUEUED,0.2158110356998867,questions_in
2025-10-29T13:55:29.900409,PUBLISH,2f53130f693f4cca8344976aefc4c7df,68f2d95bd190740cfd6a1c35,ENQUEUED,1.0810640000145242,questions_in
2025-10-29T13:55:31.284355,PUBLISH,3d7b6556bc944d078ec8222d34cef2f9,68f2d95bd190740cfd6a25ed,ENQUEUED,1.3789019693362219,questions_in
2025-10-29T13:55:31.340208,PUBLISH,c8de3a09992f4cc09df8910a409d526d,68f2d95bd190740cfd6a2792,ENQUEUED,0.052759496359144044,questions_in
2025-10-29T13:55:31.486685,PUBLISH,c0265d2ca0a44188b0fedee2d05f2f84,68f2d95bd190740cfd6a2809,ENQUEUED,0.14087305209073883,questions_in
2025-10-29T13:55:32.445185,PUBLISH,bed48a18f2654750b6a32f9f7b02a2ca,68f2d95bd190740cfd6a20f9,ENQUEUED,0.9531192300348095,questions_in
2025-10-29T13:55:32.577037,PUBLISH,41bb192ba088424e9e26d8be8434e2b6,68f2d95bd190740cfd6a2336,ENQUEUED,0.12657741418807153,questions_in
2025-10-29T13:55:32.785724,PUBLISH,78d69e169281430ca06394b856efaa0b,68f2d95bd190740cfd6a243d,ENQUEUED,0.20706997738608698,questions_in
2025-10-29T13:55:33.543212,PUBLISH,537952ad36324f48a2c0ef08db13427a,68f2d95bd190740cfd6a343c,ENQUEUED,0.7554757442411218,questions_in
2025-10-29T13:55:34.142651,PUBLISH,0f7533cef16c432497bc90d8d91a539c,68f2d95bd190740cfd6a2e7e,ENQUEUED,0.5930381880705475,questions_in
2025-10-29T13:55:34.477497,PUBLISH,d0ae758453fa4433a1e2cc5467680291,68f2d95bd190740cfd6a2150,ENQUEUED,0.3331501979225875,questions_in
2025-10-29T13:55:35.999666,PUBLISH,c596565a4872442c82d9e4707b921d8e,68f2d95bd190740cfd6a40c5,ENQUEUED,1.515846256392976,questions_in
2025-10-29T13:55:37.652521,PUBLISH,3295f31a2ac44d6887e73281a24cb92f,68f2d95bd190740cfd6a31a2,ENQUEUED,1.646757565771651,questions_in
2025-10-29T13:55:39.140801,PUBLISH,de2b0efbbc7a4d1db96b5bc766ba2168,68f2d95bd190740cfd6a3014,ENQUEUED,1.4817845893115278,questions_in
2025-10-29T13:55:39.205580,PUBLISH,23c3aae9799c46e9a28de4f01cb52698,68f2d95bd190740cfd6a25fb,ENQUEUED,0.05976277024745558,questions_in
2025-10-29T13:55:39.573730,PUBLISH,c4ad62ff948f4a09901aedeaeeabe26e,68f2d95bd190740cfd6a252e,ENQUEUED,0.3665681175603286,questions_in
2025-10-29T13:55:40.208153,PUBLISH,fed1ddf332244ceabe181f3896ce72b1,68f2d95bd190740cfd6a3cd8,ENQUEUED,0.6293771392833721,questions_in
2025-10-29T13:55:40.795573,PUBLISH,c194ae5080d242d289b23a5689a2c3de,68f2d95bd190740cfd6a372d,ENQUEUED,0.5823366721717979,questions_in
2025-10-29T13:55:40.889758,PUBLISH,6943bec92865408fb717d5a5f2052da0,68f2d95bd190740cfd6a2780,ENQUEUED,0.08974126106924574,questions_in
2025-10-29T13:55:41.956351,PUBLISH,1030c11a9ea0486ea7c84e1554c65427,68f2d95bd190740cfd6a3b19,ENQUEUED,1.0607068624333875,questions_in
2025-10-29T13:55:42.308093,PUBLISH,cab082e305cc43888a6b1beef33f630d,68f2d95bd190740cfd6a32b9,ENQUEUED,0.34682863804711034,questions_in
2025-10-29T13:55:42.330186,PUBLISH,15a2a9151da3482f8000ef4b1610bd16,68f2d95bd190740cfd6a30f1,ENQUEUED,0.020167678364993783,questions_in
2025-10-29T13:55:42.438286,PUBLISH,de50ce327df440d7b3fc273b6d00ac9b,68f2d95bd190740cfd6a2469,ENQUEUED,0.1037582950143886,questions_in
2025-10-29T13:55:42.620950,PUBLISH,0e6f9f8393b94f18ba71618c94adea51,68f2d95bd190740cfd6a2893,ENQUEUED,0.18047773628374775,questions_in
2025-10-29T13:55:43.654565,PUBLISH,9656c32c1c6e4dfa8a5a94146c08b8da,68f2d95bd190740cfd6a3754,ENQUEUED,1.0279024744051246,questions_in
2025-10-29T13:55:43.697487,PUBLISH,147fa0f399cf4dad8f577c6236567ec8,68f2d95bd190740cfd6a2bf4,ENQUEUED,0.04076115589322975,questions_in
2025-10-29T13:55:44.154404,PUBLISH,c6d50492934a4142b4b2c91fa5ea75a6,68f2d95bd190740cfd6a2a1a,ENQUEUED,0.45183590183572625,questions_in
2025-10-29T13:55:45.185961,PUBLISH,9c07f7b2b5ee4c91ae4042cc9679c1b5,68f2d95bd190740cfd6a2b4c,ENQUEUED,1.0261914349334127,questions_in
2025-10-29T13:55:45.616103,PUBLISH,b0f1f8b52d6f4b9b908d4076444c74ca,68f2d95bd190740cfd6a23a6,ENQUEUED,0.4258597075570934,questions_in
2025-10-29T13:55:45.975021,PUBLISH,9950f45592874a2ca6e1348119a1c6a7,68f2d95bd190740cfd6a2f6f,ENQUEUED,0.3536261901178723,questions_in
2025-10-29T13:55:47.600477,PUBLISH,d28341a1cca84d958b2be54824f933a1,68f2d95bd190740cfd6a2d20,ENQUEUED,1.6186882347094713,questions_in
2025-10-29T13:55:48.503724,PUBLISH,72c77806f76747feb2d640868b7a72b4,68f2d95bd190740cfd6a3e03,ENQUEUED,0.8980839221787926,questions_in
2025-10-29T13:55:48.746000,PUBLISH,41071938c95249008645552905d2984e,68f2d95bd190740cfd6a3aa9,ENQUEUED,0.240908346361661,questions_in
2025-10-29T13:55:49.083453,PUBLISH,a73ae4c8b09347fdb9606efe60616245,68f2d95bd190740cfd6a26f3,ENQUEUED,0.33239769946675657,questions_in
2025-10-29T13:55:49.257947,PUBLISH,002ae68f64b34d3e9b35d53938aeb3aa,68f2d95bd190740cfd6a3c33,ENQUEUED,0.16973523219049771,questions_in
2025-10-29T13:55:49.317892,PUBLISH,58164b017cf64ca0a7804bd3c1b5ade6,68f2d95bd190740cfd6a2453,ENQUEUED,0.055669205507447396,questions_in
2025-10-29T13:55:49.524741,PUBLISH,a9be2096392b4fe791a6bc9609008e7c,68f2d95bd190740cfd6a2b36,ENQUEUED,0.20227601020423655,questions_in
2025-10-29T13:55:50.300229,PUBLISH,ba6893353b8e4cd5b946def51a2c5b58,68f2d95bd190740cfd6a3f21,ENQUEUED,0.7707359872166291,questions_in
2025-10-29T13:55:50.766056,PUBLISH,ae65bde144d74513ac424ff6dd558a43,68f2d95bd190740cfd6a1c59,ENQUEUED,0.46403879985710356,questions_in
2025-10-29T13:55:51.722700,PUBLISH,d8ebfa941d2844b1b2fe05354ef2053a,68f2d95bd190740cfd6a3378,ENQUEUED,0.9546045724829084,questions_in
2025-10-29T13:55:52.037176,PUBLISH,f12a7373d910429e87d6bfde3b49becb,68f2d95bd190740cfd6a1cb3,ENQUEUED,0.3129898061023038,questions_in
2025-10-29T13:55:52.763797,PUBLISH,1581edf3a021436ba99d53c2efc89ac0,68f2d95bd190740cfd6a2878,ENQUEUED,0.721063009087474,questions_in
2025-10-29T13:55:52.910319,PUBLISH,295adccdc7c64943a7e2f6a69300bb99,68f2d95bd190740cfd6a384c,ENQUEUED,0.14201129370027668,questions_in
2025-10-29T13:55:53.028635,PUBLISH,cd438a09dda4458f8d07cf656fac784e,68f2d95bd190740cfd6a3ae2,ENQUEUED,0.11379331247909365,questions_in
2025-10-29T13:55:53.567299,PUBLISH,416a4e8437cc479bb1a7174293fc4e95,68f2d95bd190740cfd6a3f0d,ENQUEUED,0.5340741850156402,questions_in
2025-10-29T13:55:53.743618,PUBLISH,3726522b53aa4e59a4fed2093b4d01c2,68f2d95bd190740cfd6a334a,ENQUEUED,0.17165433691228257,questions_in
2025-10-29T13:55:54.017434,PUBLISH,c520a471a9ae48fcb70ce02e2ba97d0d,68f2d95bd190740cfd6a1b1b,ENQUEUED,0.2693273875042206,questions_in
2025-10-29T13:55:54.284873,PUBLISH,741a019223a44d4f94107ca896b12321,68f2d95bd190740cfd6a3b23,ENQUEUED,0.2627679402249884,questions_in
2025-10-29T13:55:54.490523,PUBLISH,5debbffc32474b489c3e766e1eb2fbbd,68f2d95bd190740cfd6a419f,ENQUEUED,0.20017137899609447,questions_in
2025-10-29T13:55:55.062044,PUBLISH,b853c641ba0f49beb727017113617b74,68f2d95bd190740cfd6a4137,ENQUEUED,0.5701830243543666,questions_in
2025-10-29T13:55:55.902397,PUBLISH,f85b0175945d4ca2870a7ca1fd996b6f,68f2d95bd190740cfd6a1f4f,ENQUEUED,0.8347120931316389,questions_in
2025-10-29T13:55:56.631392,PUBLISH,91f7904407ae418c9df6d9ea6bc1d899,68f2d95bd190740cfd6a340d,ENQUEUED,0.7229838191653601,questions_in
2025-10-29T13:55:56.959086,PUBLISH,5ab7c7a853574fdf9b09697701c22f3a,68f2d95bd190740cfd6a278e,ENQUEUED,0.3228157847364546,questions_in
2025-10-29T13:55:58.634922,PUBLISH,533c1629162542c98f7e79b132c2f56f,68f2d95bd190740cfd6a3932,ENQUEUED,1.6727861035443008,questions_in
2025-10-29T13:55:59.233375,PUBLISH,51016d7632d4420697d9829d873d5c40,68f2d95bd190740cfd6a2dcc,ENQUEUED,0.5935602726894317,questions_in
2025-10-29T13:55:59.317585,PUBLISH,d8ef71676a9b450290b1b3eb0d0bdb36,68f2d95bd190740cfd6a406b,ENQUEUED,0.08205891104332177,questions_in
2025-10-29T13:56:01.593279,PUBLISH,93528e79af5f466ba60624a70bb09e48,68f2d95bd190740cfd6a39fa,ENQUEUED,2.272759563879922,questions_in
2025-10-29T13:56:02.098724,PUBLISH,25ceeed1fb264267b0243089a9d2d70f,68f2d95bd190740cfd6a38e8,ENQUEUED,0.49999537995570864,questions_in
2025-10-29T13:56:03.451005,PUBLISH,83430711561b498bb7dfb404854f5799,68f2d95bd190740cfd6a3e30,ENQUEUED,1.346606384949035,questions_in
2025-10-29T13:56:03.547629,PUBLISH,e64d96bbb28f414e955b6263b969da53,68f2d95bd190740cfd6a1d66,ENQUEUED,0.0911644575233831,questions_in
2025-10-29T13:56:07.123157,PUBLISH,e3aac601905a426a861755f562e01388,68f2d95bd190740cfd6a28b4,ENQUEUED,3.571678620632951,questions_in
2025-10-29T13:56:07.606047,PUBLISH,ce88b640e0a04b3fb6fdcf99f978d869,68f2d95bd190740cfd6a2a1c,ENQUEUED,0.4769381994568865,questions_in
2025-10-29T13:56:08.245804,PUBLISH,5db5485a57d6421485db59818d00ca55,68f2d95bd190740cfd6a1bb2,ENQUEUED,0.6370203609213183,questions_in
2025-10-29T13:56:11.160339,PUBLISH,59f12c0b91ba4295b4511e6094f8ceb8,68f2d95bd190740cfd6a2021,ENQUEUED,2.91097516651832,questions_in
2025-10-29T13:56:11.282259,PUBLISH,83ddd3a4d0c24162a7cc6886f410aa9e,68f2d95bd190740cfd6a2372,ENQUEUED,0.11625557828737408,questions_in
2025-10-29T13:56:11.591789,PUBLISH,d52b579804754e51b9705038ca10db59,68f2d95bd190740cfd6a2186,ENQUEUED,0.30400213825589756,questions_in
2025-10-29T13:56:12.493662,PUBLISH,7fbeb5b6fd004868a5945b351e6db369,68f2d95bd190740cfd6a3ded,ENQUEUED,0.8966105132438456,questions_in
2025-10-29T13:56:12.620201,PUBLISH,0c2eb489429a4ff4bd02bedea3f3ce14,68f2d95bd190740cfd6a33ae,ENQUEUED,0.12142989372631907,questions_in
2025-10-29T13:56:12.962766,PUBLISH,5d2f97087e6d41059bee246adc779b9d,68f2d95bd190740cfd6a1f01,ENQUEUED,0.3371024955718039,questions_in
2025-10-29T13:56:13.311648,PUBLISH,331e5e8fc2a2434899bbe30fd49d8c7b,68f2d95bd190740cfd6a3263,ENQUEUED,0.34685437276637376,questions_in
2025-10-29T13:56:13.548440,PUBLISH,d32661be4bda4436b59318ebd310436f,68f2d95bd190740cfd6a3e64,ENQUEUED,0.2316628859797412,questions_in
2025-10-29T13:56:14.531742,PUBLISH,3b6962b9cece43839275c4e82ea5c71b,68f2d95bd190740cfd6a2c5e,ENQUEUED,0.9775621904678929,questions_in
2025-10-29T13:56:15.364067,PUBLISH,7979a074793d444fb020fb88558155fd,68f2d95bd190740cfd6a201d,ENQUEUED,0.82706542902338,questions_in
2025-10-29T13:56:16.565890,PUBLISH,036cb1c445234be9beebd70e9f430f2c,68f2d95bd190740cfd6a3e05,ENQUEUED,1.1964519667073998,questions_in
2025-10-29T13:56:16.801476,PUBLISH,295dc9f198ba41099c32361c918933af,68f2d95bd190740cfd6a3dfb,ENQUEUED,0.23361059591804886,questions_in
2025-10-29T13:56:17.240553,PUBLISH,8d1582e1b2e949e7a453295e8ddcc596,68f2d95bd190740cfd6a3f77,ENQUEUED,0.4336607379023538,questions_in
2025-10-29T13:56:18.451794,PUBLISH,fd7b82322d964e1b91b4af966ff1b65e,68f2d95bd190740cfd6a37ec,ENQUEUED,1.2051611044337525,questions_in
2025-10-29T13:56:18.462360,PUBLISH,32bccc9113614b0aabc9e0dc6f7b69cc,68f2d95bd190740cfd6a1ff8,ENQUEUED,0.004703077356791248,questions_in
2025-10-29T13:56:18.713445,PUBLISH,28d8e208da724463849debc76bef34ff,68f2d95bd190740cfd6a1d6c,ENQUEUED,0.24652291303964824,questions_in
2025-10-29T13:56:18.726820,PUBLISH,0244c7c794c74a1c8fd94a30fb61cba7,68f2d95bd190740cfd6a397d,ENQUEUED,0.0120673831534547,questions_in
2025-10-29T13:56:19.323713,PUBLISH,4a15495cfe7540ce9b0922ef602824aa,68f2d95bd190740cfd6a376c,ENQUEUED,0.5917582570207772,questions_in
2025-10-29T13:56:20.160467,PUBLISH,85a999e2498f407c94db657b532c685d,68f2d95bd190740cfd6a1c93,ENQUEUED,0.8313452069316427,questions_in
2025-10-29T13:56:20.259906,PUBLISH,d77b19abe1534ab2ae57d793d5305b6d,68f2d95bd190740cfd6a3720,ENQUEUED,0.09470330901663904,questions_in
2025-10-29T13:56:20.571569,PUBLISH,0e97eda0c63a4f7596cfefe5e3500b37,68f2d95bd190740cfd6a3bc5,ENQUEUED,0.3101064986772151,questions_in
2025-10-29T13:56:21.248433,PUBLISH,1227f1da7e5e4a5d90d15d7852485897,68f2d95bd190740cfd6a3732,ENQUEUED,0.6708562530083256,questions_in
2025-10-29T13:56:21.378887,PUBLISH,1d6e17987ef843aba8007bc4dc18d4ec,68f2d95bd190740cfd6a4145,ENQUEUED,0.1254149807560296,questions_in
2025-10-29T13:56:21.416358,PUBLISH,75fe6e102674432e973a29c66abedbcc,68f2d95bd190740cfd6a306c,ENQUEUED,0.035132565284413546,questions_in
2025-10-29T13:56:22.036117,PUBLISH,6f34830149fb471595a680a4c64cf73c,68f2d95bd190740cfd6a28a3,ENQUEUED,0.6138740538817321,questions_in
2025-10-29T13:56:23.006605,PUBLISH,6a10f449f366456e83b68ec28b93ee80,68f2d95bd190740cfd6a2e50,ENQUEUED,0.9652227318027964,questions_in
2025-10-29T13:56:23.063645,PUBLISH,925a0117a1d849dcbe0d138f639c9d92,68f2d95bd190740cfd6a2efd,ENQUEUED,0.05466353609563698,questions_in
2025-10-29T13:56:23.327901,PUBLISH,220cf80839f94725b56b83f9f2e8aee6,68f2d95bd190740cfd6a3f1e,ENQUEUED,0.2596295036468144,questions_in
2025-10-29T13:56:25.334442,PUBLISH,9acd701e13a64cf3b4b096b1c00be4dc,68f2d95bd190740cfd6a39b8,ENQUEUED,2.001234918997092,questions_in
2025-10-29T13:56:25.870815,PUBLISH,4440cbd5be664d1e82c1b7fff8f09d5a,68f2d95bd190740cfd6a35ff,ENQUEUED,0.5342303961425593,questions_in
2025-10-29T13:56:26.163400,PUBLISH,4624bf07c71e4576ae06f45f3bb9ab57,68f2d95bd190740cfd6a36ed,ENQUEUED,0.28753336312106276,questions_in
2025-10-29T13:56:26.371935,PUBLISH,23fa976e93db4aa2a9dc22a8814ec48f,68f2d95bd190740cfd6a25c4,ENQUEUED,0.20336050248933343,questions_in
2025-10-29T13:56:28.030935,PUBLISH,4a60514737684ef08ad3bab184463677,68f2d95bd190740cfd6a3e25,ENQUEUED,1.6560065500546732,questions_in
2025-10-29T13:56:29.275600,PUBLISH,52215ae99bc0499e979952a190d6f9c3,68f2d95bd190740cfd6a4048,ENQUEUED,1.2396173239821773,questions_in
2025-10-29T13:56:30.044053,PUBLISH,b3dcfb21faec4614bebc4b4e58f7b628,68f2d95bd190740cfd6a29a2,ENQUEUED,0.7664262194155133,questions_in
2025-10-29T13:56:30.738526,PUBLISH,88105c994adb4193944ac63ed9e4973c,68f2d95bd190740cfd6a3653,ENQUEUED,0.6912866306099922,questions_in
2025-10-29T13:56:31.526888,PUBLISH,e5495d73f37f4cffb4c9ad2ed7c0ace2,68f2d95bd190740cfd6a286f,ENQUEUED,0.7826632139637814,questions_in
2025-10-29T13:56:32.039397,PUBLISH,27bd3be5ca01410bbc32c292aa056a1c,68f2d95bd190740cfd6a3540,ENQUEUED,0.5098201595682256,questions_in
2025-10-29T13:56:32.296499,PUBLISH,2105934e2804449a86d699c99e5fff87,68f2d95bd190740cfd6a3ca3,ENQUEUED,0.25246179701434723,questions_in
2025-10-29T13:56:33.193135,PUBLISH,f87a252a8f084bd1ad58a25017b38aa9,68f2d95bd190740cfd6a3f3a,ENQUEUED,0.8950352064157009,questions_in
2025-10-29T13:56:33.941327,PUBLISH,8c4b6429571449c0b0ea2f2cc31ad1ee,68f2d95bd190740cfd6a2779,ENQUEUED,0.7431572683565782,questions_in
2025-10-29T13:56:36.728017,PUBLISH,3ff2cff1b87643feab3e69c5e440ef15,68f2d95bd190740cfd6a3ccc,ENQUEUED,2.7790133800625125,questions_in
2025-10-29T13:56:37.006387,PUBLISH,510f484af2d6484ebc9c804a6d8be081,68f2d95bd190740cfd6a24a1,ENQUEUED,0.27312048209049095,questions_in
2025-10-29T13:56:37.211319,PUBLISH,d57cf163abcf4443bf9309886541c227,68f2d95bd190740cfd6a3ed9,ENQUEUED,0.19989861735272788,questions_in
2025-10-29T13:56:37.843699,PUBLISH,39efc47332c84239b8d6052634d14b30,68f2d95bd190740cfd6a2839,ENQUEUED,0.6270332812187311,questions_in
2025-10-29T13:56:38.390770,PUBLISH,cf9ac6720bed4edda83e21e9cef43ff1,68f2d95bd190740cfd6a4024,ENQUEUED,0.5411654530323906,questions_in
2025-10-29T13:56:38.925522,PUBLISH,b8dfe7aee4bb4ce98d22a87de2aaa67c,68f2d95bd190740cfd6a3bdd,ENQUEUED,0.5296185781790611,questions_in
2025-10-29T13:56:38.955303,PUBLISH,eef8531191c444969c26b36a8b908b7e,68f2d95bd190740cfd6a280d,ENQUEUED,0.025212743175828667,questions_in
2025-10-29T13:56:39.439155,PUBLISH,7cfc4b9b31cd407685a323e7cfda8e54,68f2d95bd190740cfd6a2861,ENQUEUED,0.48215754467925015,questions_in
2025-10-29T13:56:40.545478,PUBLISH,a604f1d63527434d8027b6af9b2ef354,68f2d95bd190740cfd6a3ef6,ENQUEUED,1.1004480590638703,questions_in
2025-10-29T13:56:40.697066,PUBLISH,696e62937a7c4967bffaecf5852ea616,68f2d95bd190740cfd6a3cad,ENQUEUED,0.1461704491051963,questions_in
2025-10-29T13:56:41.033269,PUBLISH,7925949395344b6f88562d51185cc214,68f2d95bd190740cfd6a1ddc,ENQUEUED,0.33465557227942416,questions_in
2025-10-29T13:56:41.048550,PUBLISH,f1b9567586c3491fb1ee4e4383b310d3,68f2d95bd190740cfd6a3c26,ENQUEUED,0.013953557736004561,questions_in
2025-10-29T13:56:41.637887,PUBLISH,fc1a65e77b3f4b6a8b3e92596874ab8f,68f2d95bd190740cfd6a2078,ENQUEUED,0.5851027846031137,questions_in
2025-10-29T13:56:41.661444,PUBLISH,ed3bd06f5d9941abb42d6063016f3e3e,68f2d95bd190740cfd6a3f52,ENQUEUED,0.02172047279900156,questions_in
2025-10-29T13:56:41.670429,PUBLISH,c1aacbf9dd534535a8b0b0c1d07e1661,68f2d95bd190740cfd6a1cc1,ENQUEUED,0.007452788733742073,questions_in
2025-10-29T13:56:41.938869,PUBLISH,9ee84a0d1297407da53c0e888e62dcba,68f2d95bd190740cfd6a2ab3,ENQUEUED,0.26238182057431986,questions_in
2025-10-29T13:56:42.476557,PUBLISH,c869667d2ff14876ba7b487a2ce4e5f8,68f2d95bd190740cfd6a227a,ENQUEUED,0.5324700187954919,questions_in
2025-10-29T13:56:42.743259,PUBLISH,fff73ea8180943ec956488f89cf32434,68f2d95bd190740cfd6a207d,ENQUEUED,0.2615958777694537,questions_in
2025-10-29T13:56:43.554769,PUBLISH,c3dc585e84ba47fca46859bbe2fc86ca,68f2d95bd190740cfd6a35c7,ENQUEUED,0.8095302421220824,questions_in
2025-10-29T13:56:44.123423,PUBLISH,490bb8e7d4314c6fa67b23140d047f03,68f2d95bd190740cfd6a380e,ENQUEUED,0.5632653363897951,questions_in
2025-10-29T13:56:44.890492,PUBLISH,20020ebd09ba41cf84e8b3b1398b5129,68f2d95bd190740cfd6a342c,ENQUEUED,0.7621901300240898,questions_in
2025-10-29T13:56:45.785391,PUBLISH,72a98706a845412396095766cbdb7c2a,68f2d95bd190740cfd6a3eeb,ENQUEUED,0.8892439839447475,questions_in
2025-10-29T13:56:45.894039,PUBLISH,74ef084858f040baa2caf8d51b273dc3,68f2d95bd190740cfd6a2cb2,ENQUEUED,0.10376043842949684,questions_in
2025-10-29T13:56:47.717031,PUBLISH,8dfab719532443e38dbd5276e512f116,68f2d95bd190740cfd6a2d22,ENQUEUED,1.8166485811363746,questions_in
2025-10-29T13:56:48.142473,PUBLISH,900f3fe5b2574cff9f8b4579e0a5e2b4,68f2d95bd190740cfd6a2c1e,ENQUEUED,0.42054685292254684,questions_in
2025-10-29T13:56:49.434728,PUBLISH,1ddf2e7e1f114d7c8d489d58ebc4911c,68f2d95bd190740cfd6a3fbe,ENQUEUED,1.2862230053208668,questions_in
2025-10-29T13:56:49.453108,PUBLISH,8940e256ba724b84b6425f22dcf21739,68f2d95bd190740cfd6a350e,ENQUEUED,0.01662825039579724,questions_in
2025-10-29T13:56:49.550150,PUBLISH,0ed2bf86d3004e6ca66775a9f5bac60d,68f2d95bd190740cfd6a3739,ENQUEUED,0.09222878753498075,questions_in
2025-10-29T13:56:49.864004,PUBLISH,6b0972b0f75b4c838a6ce48452a4a016,68f2d95bd190740cfd6a1c0e,ENQUEUED,0.3090964565881037,questions_in
2025-10-29T13:56:49.997433,PUBLISH,d3e1582e21a241b3b023b525cbcd5020,68f2d95bd190740cfd6a1fce,ENQUEUED,0.12878681508126347,questions_in
2025-10-29T13:56:50.807028,PUBLISH,31f757e4945e4263be17bf4df20279e7,68f2d95bd190740cfd6a327f,ENQUEUED,0.803958714767405,questions_in
2025-10-29T13:56:51.311522,PUBLISH,860fa69ab4794eba914538a8a26524d8,68f2d95bd190740cfd6a3c49,ENQUEUED,0.4993339724854707,questions_in
2025-10-29T13:56:51.769065,PUBLISH,6cb9461d14db4c7a8f9c5fa5f1d51439,68f2d95bd190740cfd6a28bb,ENQUEUED,0.4529394941631421,questions_in
2025-10-29T13:56:51.886366,PUBLISH,ac095464b9204cf980ee00eefb84218f,68f2d95bd190740cfd6a38d1,ENQUEUED,0.1127388625113211,questions_in
2025-10-29T13:56:52.742375,PUBLISH,54dcbc96ca884fc8912dec78ee8117b5,68f2d95bd190740cfd6a383a,ENQUEUED,0.8507736645484002,questions_in
2025-10-29T13:56:53.930554,PUBLISH,442a40a2a22444c49d940fa346cfb443,68f2d95bd190740cfd6a3607,ENQUEUED,1.1831644141922442,questions_in
2025-10-29T13:56:55.991481,PUBLISH,31bffe4779024af9be515dab94b7e598,68f2d95bd190740cfd6a2b46,ENQUEUED,2.0542611686831025,questions_in
2025-10-29T13:56:56.098353,PUBLISH,cbf40264a6374f6db115f95ccc354049,68f2d95bd190740cfd6a2391,ENQUEUED,0.09957937033021443,questions_in
2025-10-29T13:56:57.506512,PUBLISH,db2d45286976464ab516af25ceda3589,68f2d95bd190740cfd6a3664,ENQUEUED,1.4054891615161482,questions_in
2025-10-29T13:56:59.124853,PUBLISH,90c6c7775f134abc83fb79e953c1877b,68f2d95bd190740cfd6a4187,ENQUEUED,1.6111966044048467,questions_in
2025-10-29T13:57:01.092916,PUBLISH,6c36ee6400784b53851fb24849d726c7,68f2d95bd190740cfd6a2c58,ENQUEUED,1.9611303931377468,questions_in
2025-10-29T13:57:01.131695,PUBLISH,ddc70f0dd35a4da4b53c4cb0cef2e2ba,68f2d95bd190740cfd6a3707,ENQUEUED,0.03563978239693929,questions_in
2025-10-29T13:57:02.329753,PUBLISH,023fda91e76f4d20a202d33554c1a928,68f2d95bd190740cfd6a2b65,ENQUEUED,1.1920195419003132,questions_in
2025-10-29T13:57:02.587527,PUBLISH,f664b8452bcc45c19b2a5b5c9046b925,68f2d95bd190740cfd6a220b,ENQUEUED,0.2532130918720928,questions_in
2025-10-29T13:57:02.663911,PUBLISH,999562978fc84b0e92a6b5d441e38757,68f2d95bd190740cfd6a4177,ENQUEUED,0.07188535462394981,questions_in
2025-10-29T13:57:02.769285,PUBLISH,4e110d6dfdf842ba963d827c9bb6d3d0,68f2d95bd190740cfd6a2e9a,ENQUEUED,0.09904722101239473,questions_in
2025-10-29T13:57:03.513675,PUBLISH,b510665a501747c9b8573eaa31c4127f,68f2d95bd190740cfd6a30f8,ENQUEUED,0.7391592070833525,questions_in
2025-10-29T13:57:03.938385,PUBLISH,79f057ec35c64101b3e0a26f6905b6d3,68f2d95bd190740cfd6a372d,ENQUEUED,0.4232847247918882,questions_in
2025-10-29T13:57:04.308549,PUBLISH,ce689fa70cf54d07932b147ad2430d53,68f2d95bd190740cfd6a3263,ENQUEUED,0.3634099362264506,questions_in
2025-10-29T13:57:04.381547,PUBLISH,eaf16b1cc4c24482a4dfe208abe9e0af,68f2d95bd190740cfd6a3112,ENQUEUED,0.06926309116991765,questions_in
2025-10-29T13:57:04.581831,PUBLISH,c18b26a0c883491cb77df0fa41c49f21,68f2d95bd190740cfd6a4165,ENQUEUED,0.19569271157471257,questions_in
2025-10-29T13:57:05.503858,PUBLISH,0a505ace2afb4c92b4b021403d80f8bd,68f2d95bd190740cfd6a28f5,ENQUEUED,0.9160630230257998,questions_in
2025-10-29T13:57:06.031172,PUBLISH,8905861c7d8b4a7b9f6b234a83dcf418,68f2d95bd190740cfd6a1e03,ENQUEUED,0.522776791175041,questions_in
2025-10-29T13:57:06.535574,PUBLISH,e4c0328321d9402281ca5d986d691e02,68f2d95bd190740cfd6a3cf8,ENQUEUED,0.49880893809741095,questions_in
2025-10-29T13:57:06.972877,PUBLISH,ae77c57b5c264a4bba36c9ff9693f623,68f2d95bd190740cfd6a1e2f,ENQUEUED,0.43560122708441656,questions_in
2025-10-29T13:57:07.234421,PUBLISH,0caeb48e85b14236877205b81ff3685e,68f2d95bd190740cfd6a2e8b,ENQUEUED,0.2550544031661183,questions_in
2025-10-29T13:57:07.238410,PUBLISH,77853f01f4e240bda245fafc1cfa5846,68f2d95bd190740cfd6a1d09,ENQUEUED,5.928670422174339e-05,questions_in
2025-10-29T13:57:07.420260,PUBLISH,7dad1490553447138c721c5230b69ced,68f2d95bd190740cfd6a324b,ENQUEUED,0.17646323651173276,questions_in
2025-10-29T13:57:08.191335,PUBLISH,155702c9ed7d4febb2592b1e9f10ec90,68f2d95bd190740cfd6a2bc8,ENQUEUED,0.7657882250579849,questions_in
2025-10-29T13:57:08.644787,PUBLISH,7d0d12c64b24475697c5ca11b149a8f7,68f2d95bd190740cfd6a2858,ENQUEUED,0.44810147348456936,questions_in
2025-10-29T13:57:09.034942,PUBLISH,81f9efdfc6274c37bb49d5f421801374,68f2d95bd190740cfd6a243c,ENQUEUED,0.38523194632174623,questions_in
2025-10-29T13:57:09.242036,PUBLISH,104a58814279430482374c7c6be28702,68f2d95bd190740cfd6a3f3e,ENQUEUED,0.20231909372069815,questions_in
2025-10-29T13:57:09.258113,PUBLISH,b7c467d538674a949ce457c277164c84,68f2d95bd190740cfd6a1e6b,ENQUEUED,0.010351025351267045,questions_in
2025-10-29T13:57:09.577014,PUBLISH,88a68dbda7f5483e9210d579a270a39b,68f2d95bd190740cfd6a260d,ENQUEUED,0.313009196379851,questions_in
2025-10-29T13:57:10.724248,PUBLISH,13b7975291d848cf8ca85807e29708c6,68f2d95bd190740cfd6a3ba6,ENQUEUED,1.1434512095906333,questions_in
2025-10-29T13:57:10.870867,PUBLISH,65771eb78ca24188bfef7071631be293,68f2d95bd190740cfd6a2f68,ENQUEUED,0.14146295198539985,questions_in
2025-10-29T13:57:11.167015,PUBLISH,45f7e7342e7240c39975d2af0313216a,68f2d95bd190740cfd6a3c6d,ENQUEUED,0.2913653940998194,questions_in
2025-10-29T13:57:11.666587,PUBLISH,4157d7f7e18d4f61bcaf76a55c957a17,68f2d95bd190740cfd6a27ce,ENQUEUED,0.49479517918124255,questions_in
2025-10-29T13:57:12.846776,PUBLISH,d5f8bf04900e48469886d84ff6f6f50b,68f2d95bd190740cfd6a3301,ENQUEUED,1.1748185222220207,questions_in
2025-10-29T13:57:13.087924,PUBLISH,5c778edfc4b44a8da479476b1c3a19be,68f2d95bd190740cfd6a1fe2,ENQUEUED,0.2356744744036825,questions_in
2025-10-29T13:57:13.906076,PUBLISH,fbcd1dbd29a5423aa0460b0fda1d9250,68f2d95bd190740cfd6a2d9f,ENQUEUED,0.8110631320018121,questions_in
2025-10-29T13:57:14.127037,PUBLISH,ef29a3ca6a22404eb8e1a441e5dbdc3c,68f2d95bd190740cfd6a39f8,ENQUEUED,0.21594620211846952,questions_in
2025-10-29T13:57:14.480450,PUBLISH,c6c3ecc8b33b4e1f88b767308af2a56f,68f2d95bd190740cfd6a2049,ENQUEUED,0.3488304088952499,questions_in
2025-10-29T13:57:15.264798,PUBLISH,c78eb88ef3ee4e608fd871113d697336,68f2d95bd190740cfd6a2082,ENQUEUED,0.7779515102593034,questions_in
2025-10-29T13:57:16.377717,PUBLISH,a0965e535e96451986db67d847fd06af,68f2d95bd190740cfd6a1b47,ENQUEUED,1.1074199543609315,questions_in
2025-10-29T13:57:17.211685,PUBLISH,c3149070a8bf4317801f14bf5f3ba77d,68f2d95bd190740cfd6a26ef,ENQUEUED,0.8274072456020477,questions_in
2025-10-29T13:57:17.528539,PUBLISH,ba745395079845438c6bac3ddaaa2627,68f2d95bd190740cfd6a234d,ENQUEUED,0.31091995928254273,questions_in
2025-10-29T13:57:18.422208,PUBLISH,df615ed19c1e4e98997ec3d7bc2ed9ad,68f2d95bd190740cfd6a3540,ENQUEUED,0.891562409742575,questions_in
2025-10-29T13:57:22.206080,PUBLISH,5e5c4ed15d6a4469b6e350356b7360e7,68f2d95bd190740cfd6a3502,ENQUEUED,3.774282964911745,questions_in
2025-10-29T13:57:22.624268,PUBLISH,3ee4e262e7a545bca53dcb0078c4e758,68f2d95bd190740cfd6a2536,ENQUEUED,0.4160145310376436,questions_in
2025-10-29T13:57:23.854845,PUBLISH,428638f9f40345c1a311fcc138e96771,68f2d95bd190740cfd6a2a71,ENQUEUED,1.2249593607980287,questions_in
2025-10-29T13:57:24.195437,PUBLISH,fffd66881ddd4686ae4137839cf0edad,68f2d95bd190740cfd6a1c27,ENQUEUED,0.3327398784940922,questions_in
2025-10-29T13:57:24.988176,PUBLISH,16a73ba8f05a4ef0abace85850b913fb,68f2d95bd190740cfd6a30f2,ENQUEUED,0.7911209159829928,questions_in
2025-10-29T13:57:25.004448,PUBLISH,94c202c6a3364a42901ecb0bd9a4e7fa,68f2d95bd190740cfd6a2bca,ENQUEUED,0.015087585717250933,questions_in
2025-10-29T13:57:26.022835,PUBLISH,45658249f26845f68eb7ba86b9e1c1ba,68f2d95bd190740cfd6a3d96,ENQUEUED,1.0129027888568187,questions_in
2025-10-29T13:57:27.344690,PUBLISH,4b82fc56b94a4cee85d6cee4eb5e657d,68f2d95bd190740cfd6a2c95,ENQUEUED,1.317987766186299,questions_in
2025-10-29T13:57:28.842073,PUBLISH,8af7e38f6e7a4e6b9bd4d82ddff202e6,68f2d95bd190740cfd6a3ce0,ENQUEUED,1.4944206335228334,questions_in
2025-10-29T13:57:28.947067,PUBLISH,b19fb0bd08a540dbb25120d8ca0aab9d,68f2d95bd190740cfd6a2e17,ENQUEUED,0.09939788424431684,questions_in
2025-10-29T13:57:30.868591,PUBLISH,80246788394c4c089b19d6dd2f23fe30,68f2d95bd190740cfd6a383b,ENQUEUED,1.9147224469455184,questions_in
2025-10-29T13:57:31.978167,PUBLISH,d118606c8c3543e59eb0f9519167ef40,68f2d95bd190740cfd6a21da,ENQUEUED,1.1032840586484014,questions_in
2025-10-29T13:57:32.495409,PUBLISH,ada7bddbc12e435a8fabfb29af9bc118,68f2d95bd190740cfd6a385e,ENQUEUED,0.5156519868981608,questions_in
2025-10-29T13:57:32.553482,PUBLISH,1dfe8ace9d2545da97afefd5a801bf92,68f2d95bd190740cfd6a33fa,ENQUEUED,0.05502511162651765,questions_in
2025-10-29T13:57:33.454365,PUBLISH,6f292c2260d148be8cc9a8a7d51eb7ac,68f2d95bd190740cfd6a1e5d,ENQUEUED,0.8949722019970573,questions_in
2025-10-29T13:57:33.708386,PUBLISH,e67764d32b8c4218ba2c45fa00b07f7f,68f2d95bd190740cfd6a283f,ENQUEUED,0.24824981358676138,questions_in
2025-10-29T13:57:34.808104,PUBLISH,cb0268fd0c6443fba8f7d173ed11d842,68f2d95bd190740cfd6a3b6f,ENQUEUED,1.0925810904441864,questions_in
2025-10-29T13:57:36.357927,PUBLISH,9f63f6d5dec94e2abd12345822a05d8e,68f2d95bd190740cfd6a21e6,ENQUEUED,1.5424904725319089,questions_in
2025-10-29T13:57:37.357224,PUBLISH,5d0291d660894123830fa011678a04df,68f2d95bd190740cfd6a244c,ENQUEUED,0.9971355334088239,questions_in
2025-10-29T13:57:37.998017,PUBLISH,75a8327736644253b1ddad70d3c65e73,68f2d95bd190740cfd6a1f17,ENQUEUED,0.6345881643294388,questions_in
2025-10-29T13:57:38.249252,PUBLISH,09629c61a84545d5a152c54a9e337cfc,68f2d95bd190740cfd6a32f9,ENQUEUED,0.24591135231201336,questions_in
2025-10-29T13:57:39.990511,PUBLISH,2dbf6ba25c4e42249a3f00d62bd2224f,68f2d95bd190740cfd6a1f9b,ENQUEUED,1.7329715962143537,questions_in
2025-10-29T13:57:41.076000,PUBLISH,f5ea2a60a94c4239a7f2beca2dac0c62,68f2d95bd190740cfd6a22d9,ENQUEUED,1.0801561275918734,questions_in
2025-10-29T13:57:41.397863,PUBLISH,befc8a1d57c948ed82ecf6b8511ec171,68f2d95bd190740cfd6a34c6,ENQUEUED,0.3203290675229833,questions_in
2025-10-29T13:57:42.157179,PUBLISH,b7b78f4afd8f4fafbe93555214f4d97c,68f2d95bd190740cfd6a2c90,ENQUEUED,0.7527620547938904,questions_in
2025-10-29T13:57:42.193586,PUBLISH,3d6e5fc9f9874af0b4aae4cf78444f82,68f2d95bd190740cfd6a271d,ENQUEUED,0.034530410428235916,questions_in
2025-10-29T13:57:42.285155,PUBLISH,58247033fbd6408ca39d389b4818fd8a,68f2d95bd190740cfd6a3c0d,ENQUEUED,0.08646117530246385,questions_in
2025-10-29T13:57:42.572348,PUBLISH,38085b79b2a34a518ab682d8043f9061,68f2d95bd190740cfd6a3f57,ENQUEUED,0.2808843144924208,questions_in
2025-10-29T13:57:44.630785,PUBLISH,bc83aff327af4a04801247e86e1d4dac,68f2d95bd190740cfd6a2a30,ENQUEUED,2.053718074059551,questions_in
2025-10-29T13:57:45.440616,PUBLISH,a3f2f828061f4ea1a514af54c315dece,68f2d95bd190740cfd6a24e2,ENQUEUED,0.8061563599184208,questions_in
2025-10-29T13:57:45.573421,PUBLISH,8c30a9765202409d9a0f89156acfc5c6,68f2d95bd190740cfd6a3cb9,ENQUEUED,0.1266020939197293,questions_in
2025-10-29T13:57:46.235806,PUBLISH,949747d2239d49e39437babb300e6901,68f2d95bd190740cfd6a392a,ENQUEUED,0.6565728592650986,questions_in
2025-10-29T13:57:46.742866,PUBLISH,a44d3b2b78c949bdafafbb3b4e33b882,68f2d95bd190740cfd6a1ca2,ENQUEUED,0.5053720238360534,questions_in
2025-10-29T13:57:46.819881,PUBLISH,a7529a1602f34646be123de16660a17c,68f2d95bd190740cfd6a22c6,ENQUEUED,0.07412089661355499,questions_in
2025-10-29T13:57:47.042315,PUBLISH,e66ce46912c342b98c7caa7b30bae7e8,68f2d95bd190740cfd6a362a,ENQUEUED,0.21776388009489175,questions_in
2025-10-29T13:57:48.567690,PUBLISH,2df66d6a75e149f4b9258ca425d4d4e5,68f2d95bd190740cfd6a37c9,ENQUEUED,1.5193978448693317,questions_in
2025-10-29T13:57:49.307745,PUBLISH,ec84c2961b3d43608fe1df015e65b3f5,68f2d95bd190740cfd6a3cb0,ENQUEUED,0.7345782064916154,questions_in
2025-10-29T13:57:49.537179,PUBLISH,6d590098525c47519a6ca76723c6ca84,68f2d95bd190740cfd6a311f,ENQUEUED,0.22352553148138776,questions_in
2025-10-29T13:57:50.823310,PUBLISH,67acfc5e2a2b46a5994120f3b1ed66bb,68f2d95bd190740cfd6a3260,ENQUEUED,1.2821025975843232,questions_in
2025-10-29T13:57:51.273119,PUBLISH,914d9f095061427aae359b407fb5451f,68f2d95bd190740cfd6a1c6c,ENQUEUED,0.44430236438129556,questions_in
2025-10-29T13:57:51.883495,PUBLISH,17bb7cce4e5e4c049e0bc882e720ea13,68f2d95bd190740cfd6a24f5,ENQUEUED,0.6046402696427096,questions_in
2025-10-29T13:57:52.946156,PUBLISH,892dd895970349c688a2fe81229c1a85,68f2d95bd190740cfd6a4066,ENQUEUED,1.0567739425586633,questions_in
2025-10-29T13:57:53.421922,PUBLISH,198d3868b04b47bbb3b4faed52387187,68f2d95bd190740cfd6a283f,ENQUEUED,0.46963125144813805,questions_in
2025-10-29T13:57:53.466675,PUBLISH,8d586f5e87b04d4a8f458ee39742a0c5,68f2d95bd190740cfd6a27d5,ENQUEUED,0.036856727400678656,questions_in
2025-10-29T13:57:53.480760,PUBLISH,4fdbe1af497541f6bcd649357c849453,68f2d95bd190740cfd6a29e9,ENQUEUED,0.012419379079161201,questions_in
2025-10-29T13:57:53.592340,PUBLISH,e9997eb646d64bf399caa21991020297,68f2d95bd190740cfd6a2dfc,ENQUEUED,0.10662877282683791,questions_in
2025-10-29T13:57:53.831422,PUBLISH,b294ba69affc4559bdeaac3f81ddf412,68f2d95bd190740cfd6a34e1,ENQUEUED,0.23769526514092074,questions_in
2025-10-29T13:57:53.878649,PUBLISH,f400ceaa01b1428aae17a9baa7d3322b,68f2d95bd190740cfd6a3550,ENQUEUED,0.04546023685471842,questions_in
2025-10-29T13:57:54.175170,PUBLISH,f3fa7153ae504972bd88a64d30e0a1a0,68f2d95bd190740cfd6a31f2,ENQUEUED,0.2915665199855582,questions_in
2025-10-29T13:57:54.589697,PUBLISH,a24c41b770314c5fbc5a330642179d64,68f2d95bd190740cfd6a3831,ENQUEUED,0.4082915720669191,questions_in
2025-10-29T13:57:54.764489,PUBLISH,b09d0b3de8a7423fa867feb89a459604,68f2d95bd190740cfd6a39e5,ENQUEUED,0.16866713829500013,questions_in
2025-10-29T13:57:55.185388,PUBLISH,4e5c69b5750b470896833afc4ab4e2bc,68f2d95bd190740cfd6a3443,ENQUEUED,0.4145209939031979,questions_in
2025-10-29T13:57:55.385867,PUBLISH,0da29a0746e94f5392c9cbfe07e3ffb4,68f2d95bd190740cfd6a2801,ENQUEUED,0.19504259690977863,questions_in
2025-10-29T13:57:57.058086,PUBLISH,47900275ccfb4abebea02a4fd0db94e6,68f2d95bd190740cfd6a3b61,ENQUEUED,1.6660047578999022,questions_in
2025-10-29T13:57:58.057458,PUBLISH,c3c3c58ed8ad463f97a880663cef676a,68f2d95bd190740cfd6a3ff2,ENQUEUED,0.9933057422764587,questions_in
2025-10-29T13:57:58.328796,PUBLISH,ef5a9ebd9df640f0a958eca2c0109dd0,68f2d95bd190740cfd6a2d3d,ENQUEUED,0.2655203369658502,questions_in
2025-10-29T13:57:58.429744,PUBLISH,434848768e40497d96141d9f17f1763f,68f2d95bd190740cfd6a24d6,ENQUEUED,0.09571877717945547,questions_in
2025-10-29T13:57:58.523272,PUBLISH,05678ae4f80341a48f3784c07caf79aa,68f2d95bd190740cfd6a391c,ENQUEUED,0.08721444021892183,questions_in
2025-10-29T13:57:58.807853,PUBLISH,b28675da562c4f90aa0d804043fd22c7,68f2d95bd190740cfd6a2665,ENQUEUED,0.27906559453936614,questions_in
2025-10-29T13:58:00.016528,PUBLISH,f3d8611da1e84b62bf6e69b2a644c848,68f2d95bd190740cfd6a2d5e,ENQUEUED,1.2063968854380782,questions_in
2025-10-29T13:58:00.410861,PUBLISH,9b2d87d5ac454edd95ebf32617357fed,68f2d95bd190740cfd6a1f99,ENQUEUED,0.3890442237060771,questions_in
2025-10-29T13:58:00.652602,PUBLISH,2983682c736444ed900b6b315f8962c8,68f2d95bd190740cfd6a227c,ENQUEUED,0.23656342803061836,questions_in
2025-10-29T13:58:02.387168,PUBLISH,649955c3a6aa49e2baf4f6113bb2bb46,68f2d95bd190740cfd6a1f85,ENQUEUED,1.7277934118762348,questions_in
2025-10-29T13:58:02.742070,PUBLISH,50b8d4fb5c90402183542acb3593a0e9,68f2d95bd190740cfd6a3ad1,ENQUEUED,0.34950494071691685,questions_in
2025-10-29T13:58:03.087945,PUBLISH,c5a1b1df3cf548049ce8cc65f170f3f3,68f2d95bd190740cfd6a34b9,ENQUEUED,0.3443703533806297,questions_in
2025-10-29T13:58:03.190481,PUBLISH,61ef17083749461f9a0b5c27b70cde5f,68f2d95bd190740cfd6a2e3c,ENQUEUED,0.09719487637406511,questions_in
2025-10-29T13:58:04.973043,PUBLISH,4101ec166eb3454b8317bdb3a2f86607,68f2d95bd190740cfd6a238d,ENQUEUED,1.7737351579724672,questions_in
2025-10-29T13:58:05.255145,PUBLISH,82b53d80ec4341daa1941bd1ad6e165f,68f2d95bd190740cfd6a2d3a,ENQUEUED,0.2757506162383315,questions_in
2025-10-29T13:58:05.513675,PUBLISH,abfc0487476a49e6ab25ab7088439daa,68f2d95bd190740cfd6a3359,ENQUEUED,0.25299302694962705,questions_in
2025-10-29T13:58:05.559179,PUBLISH,13b671b8e9b14c53986c9518ee78c1eb,68f2d95bd190740cfd6a326c,ENQUEUED,0.043210226051695916,questions_in
2025-10-29T13:58:05.845467,PUBLISH,55eb61a8b035491689b085aa469768ed,68f2d95bd190740cfd6a386f,ENQUEUED,0.2809951192210917,questions_in
2025-10-29T13:58:06.463007,PUBLISH,9e6f740327ab4d639fc8286a516c0643,68f2d95bd190740cfd6a3649,ENQUEUED,0.6120204110440427,questions_in
2025-10-29T13:58:06.809068,PUBLISH,d280cd7d3e9149acbb0458cb813be54c,68f2d95bd190740cfd6a32d8,ENQUEUED,0.34131067369264373,questions_in
2025-10-29T13:58:06.927837,PUBLISH,c8afda4bf5954076857e1014f5f571a4,68f2d95bd190740cfd6a2ae4,ENQUEUED,0.11251067976543531,questions_in
2025-10-29T13:58:11.456338,PUBLISH,e8b640bd5e494918a845f566065b61e3,68f2d95bd190740cfd6a2619,ENQUEUED,4.518716539856572,questions_in
2025-10-29T13:58:12.884430,PUBLISH,8f4445ac61dd4646a75f605dacabf31c,68f2d95bd190740cfd6a34f5,ENQUEUED,1.4215373977005223,questions_in
2025-10-29T13:58:14.182565,PUBLISH,568cc81643ce4fb499eec8a8dac7c7df,68f2d95bd190740cfd6a25e2,ENQUEUED,1.2956862013948547,questions_in
2025-10-29T13:58:14.525571,PUBLISH,805acc03f86841cf9c14b30c081d381a,68f2d95bd190740cfd6a27aa,ENQUEUED,0.33728380710995726,questions_in
2025-10-29T13:58:14.894613,PUBLISH,b667a9c72e8f40a89a72f73ae05b7051,68f2d95bd190740cfd6a2923,ENQUEUED,0.36325180362288445,questions_in
2025-10-29T13:58:15.370503,PUBLISH,4d26e669665141d09c54d21c5b87d1c2,68f2d95bd190740cfd6a2b5d,ENQUEUED,0.4706107307360372,questions_in
2025-10-29T13:58:16.158109,PUBLISH,2860200a67114a85b932d734a33f7e9f,68f2d95bd190740cfd6a1d95,ENQUEUED,0.781008128317874,questions_in
2025-10-29T13:58:16.175081,PUBLISH,52cca8f6085f44aca5d75a6205f61d45,68f2d95bd190740cfd6a1c14,ENQUEUED,0.015531114897905896,questions_in
2025-10-29T13:58:16.244918,PUBLISH,4acb8a36ddde41e29e32f88c11ac1e64,68f2d95bd190740cfd6a2868,ENQUEUED,0.0653516376220956,questions_in
2025-10-29T13:58:16.603351,PUBLISH,215e5eb4206d47b5a80f02595c2ddb2a,68f2d95bd190740cfd6a3822,ENQUEUED,0.3533855738892884,questions_in
2025-10-29T13:58:16.936450,PUBLISH,46e3206bc7ba4ad59b1e21afd15df121,68f2d95bd190740cfd6a2af8,ENQUEUED,0.3270016825749051,questions_in
2025-10-29T13:58:17.667887,PUBLISH,b6f2a346326f437cbd0fa8416ee41dca,68f2d95bd190740cfd6a25e6,ENQUEUED,0.7294136006293878,questions_in
2025-10-29T13:58:17.960372,PUBLISH,481932b5cb134d0ca70c2ee39ca2971f,68f2d95bd190740cfd6a26fd,ENQUEUED,0.28711399901529683,questions_in
2025-10-29T13:58:18.433213,PUBLISH,f349198db63b48739ce7cfbdf4a09bb7,68f2d95bd190740cfd6a339e,ENQUEUED,0.4697929235974913,questions_in
2025-10-29T13:58:18.735739,PUBLISH,d527ac3fe97c49f68e0cb4f745e23f18,68f2d95bd190740cfd6a2873,ENQUEUED,0.29694183178672373,questions_in
2025-10-29T13:58:19.082892,PUBLISH,951b83cce026436e943e49e8855f4d1f,68f2d95bd190740cfd6a222b,ENQUEUED,0.34158634792764153,questions_in
2025-10-29T13:58:19.934182,PUBLISH,cb7efef4d90c44639d26e08264f945f3,68f2d95bd190740cfd6a3dcf,ENQUEUED,0.8487453352058462,questions_in
2025-10-29T13:58:20.335775,PUBLISH,1b066ed5b072403a9184e4b99873e284,68f2d95bd190740cfd6a2851,ENQUEUED,0.39582506651980515,questions_in
2025-10-29T13:58:20.884054,PUBLISH,1eecdab226df4e8d934698654da81073,68f2d95bd190740cfd6a2cdb,ENQUEUED,0.5465876113264773,questions_in
2025-10-29T13:58:20.960944,PUBLISH,765d10b4a0d74511ab9833c742b8d148,68f2d95bd190740cfd6a1bb6,ENQUEUED,0.0752970980327876,questions_in
2025-10-29T13:58:21.243887,PUBLISH,fba62d778b3746b1be4fc0cffe5610be,68f2d95bd190740cfd6a389a,ENQUEUED,0.2764505090031697,questions_in
2025-10-29T13:58:22.538850,PUBLISH,b576a0ee226c46c4b6672c29a8b01f03,68f2d95bd190740cfd6a30f5,ENQUEUED,1.2890793196922712,questions_in
2025-10-29T13:58:25.423080,PUBLISH,6cf19eed0fe44343b19b3232513909c3,68f2d95bd190740cfd6a402d,ENQUEUED,2.876210711474137,questions_in
2025-10-29T13:58:25.952155,PUBLISH,716e20a1abfc47b0805d5cc3d04f7896,68f2d95bd190740cfd6a3cad,ENQUEUED,0.5232629964049405,questions_in
2025-10-29T13:58:27.245197,PUBLISH,d43b5e3c741c4edb8ed497e6f0bf61d6,68f2d95bd190740cfd6a3bf1,ENQUEUED,1.2869720936726525,questions_in
2025-10-29T13:58:27.560762,PUBLISH,0e6dc07186e84dc18e59dd1dce7d5a66,68f2d95bd190740cfd6a359b,ENQUEUED,0.3092688354163086,questions_in
2025-10-29T13:58:28.310177,PUBLISH,ef35b8ade15345c5a8ed4124f7539be5,68f2d95bd190740cfd6a1c30,ENQUEUED,0.7419713602220113,questions_in
2025-10-29T13:58:28.404734,PUBLISH,c1321633046b4f72993703d5f9f6afb1,68f2d95bd190740cfd6a2cd7,ENQUEUED,0.08854916010681631,questions_in
2025-10-29T13:58:29.147787,PUBLISH,395dc35fd0774c659236b5430717b048,68f2d95bd190740cfd6a31dc,ENQUEUED,0.7370236609082769,questions_in
2025-10-29T13:58:29.518112,PUBLISH,f29b7c0bd63b472097839b1b2741779c,68f2d95bd190740cfd6a318c,ENQUEUED,0.36088223623967636,questions_in
2025-10-29T13:58:29.851028,PUBLISH,45fd84a6a94141cfb7349123ece16c3e,68f2d95bd190740cfd6a36c9,ENQUEUED,0.3276477515148145,questions_in
2025-10-29T13:58:29.996466,PUBLISH,8606d7f4134e4d4aa7917628aac5d834,68f2d95bd190740cfd6a3cfc,ENQUEUED,0.13966118265636748,questions_in
2025-10-29T13:58:30.956194,PUBLISH,cd86c2f114fa4c16897bed401e3798da,68f2d95bd190740cfd6a3ceb,ENQUEUED,0.9533726743453522,questions_in
2025-10-29T13:58:31.375512,PUBLISH,631685c40fd54f7cba2142e990912859,68f2d95bd190740cfd6a3af1,ENQUEUED,0.4173036354486616,questions_in
2025-10-29T13:58:31.602105,PUBLISH,c6df4c89f1ec40f1bc861bbb169e0a37,68f2d95bd190740cfd6a2687,ENQUEUED,0.2209683494485057,questions_in
2025-10-29T13:58:31.737914,PUBLISH,f90ef60de12d41bd87d52db11d470068,68f2d95bd190740cfd6a325a,ENQUEUED,0.13015657351953624,questions_in
2025-10-29T13:58:31.961435,PUBLISH,6c383ec6f7484c818c2d1b4ceca2cb03,68f2d95bd190740cfd6a3ab8,ENQUEUED,0.21790345649708912,questions_in
2025-10-29T13:58:32.017719,PUBLISH,a6c13e3df5c8448f8a4872ac64c64645,68f2d95bd190740cfd6a23b8,ENQUEUED,0.053878836625675365,questions_in
2025-10-29T13:58:32.321643,PUBLISH,076016acf3fb46b3924166306cba6167,68f2d95bd190740cfd6a378f,ENQUEUED,0.29835627647285795,questions_in
2025-10-29T13:58:32.724896,PUBLISH,902c5cde44574fb7ae9e8ca3afd9968e,68f2d95bd190740cfd6a2911,ENQUEUED,0.3972451389706664,questions_in
2025-10-29T13:58:33.479650,PUBLISH,ea943dd98826412cba56351aed531eeb,68f2d95bd190740cfd6a2664,ENQUEUED,0.7526293848672035,questions_in
2025-10-29T13:58:35.823498,PUBLISH,f6022ce0fbe544cd91a461314560f83a,68f2d95bd190740cfd6a2d53,ENQUEUED,2.3408368812632987,questions_in
2025-10-29T13:58:36.073469,PUBLISH,8d66fe7404cb41b1933cd51764722717,68f2d95bd190740cfd6a1cd6,ENQUEUED,0.24833642090989358,questions_in
2025-10-29T13:58:36.464078,PUBLISH,ed9b8d0d863f418f973e5360ef768c82,68f2d95bd190740cfd6a40bd,ENQUEUED,0.38419969176364804,questions_in
2025-10-29T13:58:36.576618,PUBLISH,446a97f72b59453bb9e448f903662e38,68f2d95bd190740cfd6a2e94,ENQUEUED,0.1068042007218456,questions_in
2025-10-29T13:58:36.756541,PUBLISH,0261e224207845f7970bab3edbb70ffb,68f2d95bd190740cfd6a3cc1,ENQUEUED,0.17262633730192875,questions_in
2025-10-29T13:58:37.274616,PUBLISH,dc712ac9fc9f442580887a187fca823e,68f2d95bd190740cfd6a29d0,ENQUEUED,0.5113342748960087,questions_in
2025-10-29T13:58:37.311283,PUBLISH,8a87a9c47e10488cb83ef3982da3523b,68f2d95bd190740cfd6a300c,ENQUEUED,0.03504146535585059,questions_in
2025-10-29T13:58:37.566139,PUBLISH,7ca9bf90c5224dd7a20f18712271b87c,68f2d95bd190740cfd6a24fb,ENQUEUED,0.25321493023122965,questions_in
2025-10-29T13:58:37.827810,PUBLISH,271efff8cbb44864ac5349784285ad46,68f2d95bd190740cfd6a3320,ENQUEUED,0.25620248870869217,questions_in
2025-10-29T13:58:37.920723,PUBLISH,4d77afcdfb574e1eb1c93e245b9ac091,68f2d95bd190740cfd6a228e,ENQUEUED,0.08760333379627333,questions_in
2025-10-29T13:58:37.974732,PUBLISH,00e067ce4afa417f821c2c9fc8d7e86b,68f2d95bd190740cfd6a1c72,ENQUEUED,0.04656674563349858,questions_in
2025-10-29T13:58:38.572725,PUBLISH,d6dcbcecb0864c9f970d515a1d5fc8ef,68f2d95bd190740cfd6a1dcd,ENQUEUED,0.5902711381593485,questions_in
2025-10-29T13:58:38.995721,PUBLISH,d030040de2a143f8a5ee4ce7d48f0670,68f2d95bd190740cfd6a3a5f,ENQUEUED,0.4168514288911909,questions_in
2025-10-29T13:58:40.126829,PUBLISH,acb13f85d1b549b9bc4fc491c5572a07,68f2d95bd190740cfd6a364d,ENQUEUED,1.1257520078008978,questions_in
2025-10-29T13:58:42.275716,PUBLISH,46d92559ce4a4179845f312e14444932,68f2d95bd190740cfd6a2ec9,ENQUEUED,2.1412772683060157,questions_in
2025-10-29T13:58:42.627687,PUBLISH,de888a23eeeb4f7d9699ef08d5fb3b75,68f2d95bd190740cfd6a3f5a,ENQUEUED,0.3502648637372385,questions_in
2025-10-29T13:58:42.763097,PUBLISH,6ddb8bd0b6e94eafa6767bb27b28371e,68f2d95bd190740cfd6a400e,ENQUEUED,0.13287809377243345,questions_in
2025-10-29T13:58:42.778659,PUBLISH,2252a0d93a30426181d57b7d91bea408,68f2d95bd190740cfd6a3a3d,ENQUEUED,0.014124345347896826,questions_in
2025-10-29T13:58:42.960416,PUBLISH,ba734773b2184ccb874bc187b1e3cf06,68f2d95bd190740cfd6a3339,ENQUEUED,0.17643931485865574,questions_in
2025-10-29T13:58:43.707918,PUBLISH,0405253caf42417c8bbde0c5581b3cc0,68f2d95bd190740cfd6a2297,ENQUEUED,0.7455044530444449,questions_in
2025-10-29T13:58:43.884200,PUBLISH,ae78dc32588b495a80d09100bfa4835d,68f2d95bd190740cfd6a2f48,ENQUEUED,0.1710331643676167,questions_in
2025-10-29T13:58:44.830529,PUBLISH,a6a7a96dd24b43888d0fb969178dd410,68f2d95bd190740cfd6a1eb1,ENQUEUED,0.9398567770103572,questions_in
2025-10-29T13:58:45.471720,PUBLISH,963e006e1b9643319498c4aeb2366878,68f2d95bd190740cfd6a3a7a,ENQUEUED,0.6353227819166346,questions_in
2025-10-29T13:58:45.926634,PUBLISH,5c9cfbb09d66460281165bd4b672f781,68f2d95bd190740cfd6a2081,ENQUEUED,0.4494370776757128,questions_in
2025-10-29T13:58:46.190927,PUBLISH,4850204639174ac39394d38b4ee413fa,68f2d95bd190740cfd6a1da4,ENQUEUED,0.26265777924286654,questions_in
2025-10-29T13:58:46.260142,PUBLISH,92c576b36e0a46e282503ef532f7468c,68f2d95bd190740cfd6a29dc,ENQUEUED,0.06781508627511428,questions_in
2025-10-29T13:58:46.989778,PUBLISH,ce86bea0e31d4877a4df072c8d3debdc,68f2d95bd190740cfd6a3e97,ENQUEUED,0.7235733427482812,questions_in
2025-10-29T13:58:47.828783,PUBLISH,aba52fbce52c461f87553e47b5ab6713,68f2d95bd190740cfd6a2d5d,ENQUEUED,0.8332751210390623,questions_in
2025-10-29T13:58:48.765812,PUBLISH,b12f4a1b33714450a0c4509753c39d3b,68f2d95bd190740cfd6a2ad7,ENQUEUED,0.931621220213624,questions_in
2025-10-29T13:58:49.092666,PUBLISH,824b03b8f5514ceaaebc701484e45b39,68f2d95bd190740cfd6a2709,ENQUEUED,0.3207798813471492,questions_in
2025-10-29T13:58:49.738295,PUBLISH,425a0ecf378c457986dd81226b18452e,68f2d95bd190740cfd6a2794,ENQUEUED,0.6440719912117326,questions_in
2025-10-29T13:58:50.588234,PUBLISH,943a30580c014185884a781f3e1771f7,68f2d95bd190740cfd6a252e,ENQUEUED,0.8443001892138161,questions_in
2025-10-29T13:58:50.931560,PUBLISH,46f5488323a14f32acf4bd3771767434,68f2d95bd190740cfd6a268f,ENQUEUED,0.33703384090333427,questions_in
2025-10-29T13:58:51.222637,PUBLISH,12e8cbc38d4945dc8cd21e8acbc7c22b,68f2d95bd190740cfd6a29f0,ENQUEUED,0.28559905275696296,questions_in
2025-10-29T13:58:51.906184,PUBLISH,24d84b0e52524ff28f01414cc81b884c,68f2d95bd190740cfd6a2a40,ENQUEUED,0.6818415400616122,questions_in
2025-10-29T13:58:52.811222,PUBLISH,19bfd54e1d2042e5be41f44b9d1dd8b7,68f2d95bd190740cfd6a27e5,ENQUEUED,0.9031446943585277,questions_in
2025-10-29T13:58:53.628943,PUBLISH,e804baab5ef5499b96058b6302dd6d14,68f2d95bd190740cfd6a3a05,ENQUEUED,0.8118131964156531,questions_in
2025-10-29T13:58:53.840546,PUBLISH,bb3492fda86347fdb9fe29d359034b46,68f2d95bd190740cfd6a33b8,ENQUEUED,0.20387370742198904,questions_in
2025-10-29T13:58:54.191507,PUBLISH,0f90bb14cad446549c662a22cd60ca17,68f2d95bd190740cfd6a34f4,ENQUEUED,0.3462600094958803,questions_in
2025-10-29T13:58:55.084517,PUBLISH,985a21c5217d434bbbfe3fc32426c1f9,68f2d95bd190740cfd6a20af,ENQUEUED,0.8883172876721641,questions_in
2025-10-29T13:58:56.136496,PUBLISH,6422fc38d5d84d038e6b9af06d786325,68f2d95bd190740cfd6a3500,ENQUEUED,1.0469494786547116,questions_in
2025-10-29T13:58:56.553370,PUBLISH,315add0caaf748e19b0802dbe30c4aae,68f2d95bd190740cfd6a343f,ENQUEUED,0.4120386821036377,questions_in
2025-10-29T13:58:56.777405,PUBLISH,f1cdcd17570a4886a5a4df9f1777faa2,68f2d95bd190740cfd6a21f6,ENQUEUED,0.21883822718415258,questions_in
2025-10-29T13:58:57.252618,PUBLISH,5f05a24288ec4d1aa705462f544c58a0,68f2d95bd190740cfd6a1d60,ENQUEUED,0.4701294650427929,questions_in
2025-10-29T13:58:57.503651,PUBLISH,52b3df50f3fc462482f78910f7e497dd,68f2d95bd190740cfd6a2b5f,ENQUEUED,0.24494676486435082,questions_in
2025-10-29T13:58:59.784529,PUBLISH,3dc33a6a27204687b39963a20fc462dd,68f2d95bd190740cfd6a36e5,ENQUEUED,2.2725917002094005,questions_in
2025-10-29T13:58:59.894559,PUBLISH,87e9f83eac294966828f008da4af3e93,68f2d95bd190740cfd6a1b2b,ENQUEUED,0.10457296683174616,questions_in
2025-10-29T13:59:00.040043,PUBLISH,7bfa5fa17fc74bdba048dcea3076465d,68f2d95bd190740cfd6a1f27,ENQUEUED,0.14018451999049894,questions_in
2025-10-29T13:59:01.118728,PUBLISH,64114ace0c134b058ce499741ef2daa0,68f2d95bd190740cfd6a278a,ENQUEUED,1.0767684221292648,questions_in
2025-10-29T13:59:01.470167,PUBLISH,0f3ec962013241299f915fb0304e7911,68f2d95bd190740cfd6a330b,ENQUEUED,0.34597765840713496,questions_in
2025-10-29T13:59:01.750462,PUBLISH,9e8d223415884b89b680e6ee2a931eb4,68f2d95bd190740cfd6a295c,ENQUEUED,0.27442415288261696,questions_in
2025-10-29T13:59:01.771953,PUBLISH,4823090032834c82b162badcb878fe26,68f2d95bd190740cfd6a1d68,ENQUEUED,0.020080965059792982,questions_in
2025-10-29T13:59:02.060627,PUBLISH,80e6d2b4f7374839b829f3033e8c125c,68f2d95bd190740cfd6a3257,ENQUEUED,0.2832850387172013,questions_in
2025-10-29T13:59:03.192142,PUBLISH,c348bb59046a42bb88630920d20ae54e,68f2d95bd190740cfd6a2a0b,ENQUEUED,1.1260684055651347,questions_in
2025-10-29T13:59:03.265762,PUBLISH,f1873dea0ef3493da839955aa285cac5,68f2d95bd190740cfd6a228d,ENQUEUED,0.06827051897480994,questions_in
2025-10-29T13:59:03.636475,PUBLISH,6cb527fb50aa44fa92693a85e040ca79,68f2d95bd190740cfd6a2db5,ENQUEUED,0.36624012425160646,questions_in
2025-10-29T13:59:03.860416,PUBLISH,bdb9f4d36d144fe58527adfd9727959e,68f2d95bd190740cfd6a2d3f,ENQUEUED,0.22132426421883653,questions_in
2025-10-29T13:59:04.000399,PUBLISH,3865e0ac19384fc2a059292b4c56f98b,68f2d95bd190740cfd6a2424,ENQUEUED,0.13425058421858885,questions_in
2025-10-29T13:59:05.049166,PUBLISH,b77a73bfd9d6492197a3913d69f1d84b,68f2d95bd190740cfd6a30fe,ENQUEUED,1.042382555098466,questions_in
2025-10-29T13:59:05.119390,PUBLISH,b86fe60688b448ea98a6f92d9e9bf8d8,68f2d95bd190740cfd6a2e09,ENQUEUED,0.06527989409852149,questions_in
2025-10-29T13:59:05.267703,PUBLISH,4a276653f4e3401983cf7e0c472d864b,68f2d95bd190740cfd6a3499,ENQUEUED,0.142148037341356,questions_in
2025-10-29T13:59:05.415982,PUBLISH,8d686b0089404347b1ae1f0d702536f5,68f2d95bd190740cfd6a1faa,ENQUEUED,0.14210458305436108,questions_in
2025-10-29T13:59:05.439728,PUBLISH,27fa26450f024c8d9fac01dfb110c44a,68f2d95bd190740cfd6a2f34,ENQUEUED,0.016003151711213897,questions_in
2025-10-29T13:59:05.813210,PUBLISH,b132eb7b15ef4392bb8d36ccca168eb3,68f2d95bd190740cfd6a208a,ENQUEUED,0.37197571996093454,questions_in
2025-10-29T13:59:06.471665,PUBLISH,a482c30b94d2402997d9c1f782e5f0f4,68f2d95bd190740cfd6a3c37,ENQUEUED,0.6525785728545049,questions_in
2025-10-29T13:59:06.573034,PUBLISH,d3b77227c4334e39a67cb22bba48b2dc,68f2d95bd190740cfd6a2740,ENQUEUED,0.09619839461090478,questions_in
2025-10-29T13:59:06.661944,PUBLISH,9329577561074bcb9d753306e1e388df,68f2d95bd190740cfd6a3858,ENQUEUED,0.08377791774790921,questions_in
2025-10-29T13:59:07.205469,PUBLISH,007fc3ba98b247a28becf428c84cf2c6,68f2d95bd190740cfd6a3955,ENQUEUED,0.5416169109609769,questions_in
2025-10-29T13:59:07.854536,PUBLISH,acb4f39e7ea349b2aca5fbcca8ddd656,68f2d95bd190740cfd6a39f6,ENQUEUED,0.6429080968274181,questions_in
2025-10-29T13:59:08.502368,PUBLISH,75973bb002ea44c2b23d21d1f7124359,68f2d95bd190740cfd6a3f79,ENQUEUED,0.6409288644933349,questions_in
2025-10-29T13:59:08.691263,PUBLISH,5483e2c9b41b410ca104d9d6d6312396,68f2d95bd190740cfd6a2b25,ENQUEUED,0.183285114153648,questions_in
2025-10-29T13:59:09.626886,PUBLISH,0849d902a29e46a5805755d329757d08,68f2d95bd190740cfd6a248d,ENQUEUED,0.9294786679322721,questions_in
2025-10-29T13:59:09.924029,PUBLISH,3635f75c4ba545bc9d86d0996cc261f9,68f2d95bd190740cfd6a2e7e,ENQUEUED,0.2906230058615474,questions_in
2025-10-29T13:59:11.089039,PUBLISH,4d454321076f4398b9be2965a56a1426,68f2d95bd190740cfd6a1fe1,ENQUEUED,1.1596056864855384,questions_in
2025-10-29T13:59:11.425284,PUBLISH,b0107e7c7c6f4edcbf384398647a00ec,68f2d95bd190740cfd6a3e12,ENQUEUED,0.3303785531562396,questions_in
2025-10-29T13:59:11.452040,PUBLISH,66c17ce2b3914a92b844984c34dd5fc5,68f2d95bd190740cfd6a1bf0,ENQUEUED,0.02129337648556517,questions_in
2025-10-29T13:59:13.511116,PUBLISH,4d931e3371c1490eb30bc63a448931f4,68f2d95bd190740cfd6a3c4f,ENQUEUED,2.051484552939882,questions_in
2025-10-29T13:59:13.739145,PUBLISH,d37249cd546146c38cd20f6414eea0af,68f2d95bd190740cfd6a229d,ENQUEUED,0.2222169441646991,questions_in
2025-10-29T13:59:14.721169,PUBLISH,f5bbd2d117754857b7193af8b6d5178d,68f2d95bd190740cfd6a2bba,ENQUEUED,0.9759263335146143,questions_in
2025-10-29T13:59:15.688896,PUBLISH,e508a29e8bb74cee88a69a9651826762,68f2d95bd190740cfd6a2052,ENQUEUED,0.9609599355872952,questions_in
2025-10-29T13:59:17.160071,PUBLISH,5aa86f3f46b043929524cd2cbc675470,68f2d95bd190740cfd6a2271,ENQUEUED,1.464085997311633,questions_in
2025-10-29T13:59:17.454348,PUBLISH,ed9783f9303d49d1ae5b9fe69fcc262c,68f2d95bd190740cfd6a2060,ENQUEUED,0.2886967975150922,questions_in
2025-10-29T13:59:18.214489,PUBLISH,7fe40b956c324380a98526673348dfcf,68f2d95bd190740cfd6a274a,ENQUEUED,0.753974492019338,questions_in
2025-10-29T13:59:18.536058,PUBLISH,44eebbaff4f5452ca8502e052fb916e4,68f2d95bd190740cfd6a3249,ENQUEUED,0.31892081686554946,questions_in
2025-10-29T13:59:20.263195,PUBLISH,523b11daacb2467898df2f5179cabd66,68f2d95bd190740cfd6a354c,ENQUEUED,1.720295857096725,questions_in
2025-10-29T13:59:20.977685,PUBLISH,bf2d11f533b34989911a2fa1c0aadc52,68f2d95bd190740cfd6a1d0f,ENQUEUED,0.70825431758073,questions_in
2025-10-29T13:59:21.209449,PUBLISH,24f6a0853ef948dcb543d069386be0d4,68f2d95bd190740cfd6a22cf,ENQUEUED,0.22512529674390644,questions_in
2025-10-29T13:59:21.314569,PUBLISH,018651124e8449358d327dbe91b33a28,68f2d95bd190740cfd6a2cd6,ENQUEUED,0.09934693599764625,questions_in
2025-10-29T13:59:21.552819,PUBLISH,ccdbf17b25a24a398c1a1f4673856f2b,68f2d95bd190740cfd6a2e6a,ENQUEUED,0.23278025413185352,questions_in
2025-10-29T13:59:22.093420,PUBLISH,770dcf24e0404eb7b2816dc7c958122f,68f2d95bd190740cfd6a3745,ENQUEUED,0.5350209850684992,questions_in
2025-10-29T13:59:22.281610,PUBLISH,5ddacbb015ff4379bf1229b6fb53cc0c,68f2d95bd190740cfd6a275e,ENQUEUED,0.1826887329739492,questions_in
2025-10-29T13:59:23.828513,PUBLISH,c1c702601b4548f2af0b9b80c9c2da4b,68f2d95bd190740cfd6a3d50,ENQUEUED,1.5408725798387986,questions_in
2025-10-29T13:59:25.957553,PUBLISH,d732451c1c2a4a6a90cc02527f129a8d,68f2d95bd190740cfd6a30e7,ENQUEUED,2.121983015559805,questions_in
2025-10-29T13:59:26.090770,PUBLISH,0d675835f77e4563b781bf7c93924e63,68f2d95bd190740cfd6a3362,ENQUEUED,0.12692351687849682,questions_in
2025-10-29T13:59:26.296897,PUBLISH,3db2a0c25a564451a00ebefa6f76e9f5,68f2d95bd190740cfd6a1c82,ENQUEUED,0.20470429274038102,questions_in
2025-10-29T13:59:26.505692,PUBLISH,f9a46af1ea714d0aab3c8bc010569fb5,68f2d95bd190740cfd6a26cf,ENQUEUED,0.20269946259437108,questions_in
2025-10-29T13:59:26.863767,PUBLISH,68ce1aab11e5407f928e8d955f1a7760,68f2d95bd190740cfd6a1dc1,ENQUEUED,0.35279151191061936,questions_in
2025-10-29T13:59:26.934728,PUBLISH,94729595da2149c88f46d07604400772,68f2d95bd190740cfd6a2c13,ENQUEUED,0.06543885877171489,questions_in
2025-10-29T13:59:27.896134,PUBLISH,4cba80e8b1f8498f9caa4162393b2a3b,68f2d95bd190740cfd6a1ed6,ENQUEUED,0.9593931143123807,questions_in
2025-10-29T13:59:28.647717,PUBLISH,19c95a0acec04942b5514b00e7dbf8bc,68f2d95bd190740cfd6a36ac,ENQUEUED,0.7457410202976611,questions_in
2025-10-29T13:59:29.717132,PUBLISH,441162139f054a38a2fc406a40d59d6e,68f2d95bd190740cfd6a2954,ENQUEUED,1.0671003293884154,questions_in
2025-10-29T13:59:29.790221,PUBLISH,5cc9c0bd2a774d3598728385e33eb6db,68f2d95bd190740cfd6a22be,ENQUEUED,0.07156958868396793,questions_in
2025-10-29T13:59:29.862365,PUBLISH,a74d934afab74b988d47d5aca5344762,68f2d95bd190740cfd6a1f37,ENQUEUED,0.06756084675025582,questions_in
2025-10-29T13:59:30.051612,PUBLISH,0c9e8fd7fb774e1680cfd1a56308717c,68f2d95bd190740cfd6a27fa,ENQUEUED,0.1842475701606824,questions_in
2025-10-29T13:59:30.394403,PUBLISH,807f9c93e9f14cd99e1573379b0b986b,68f2d95bd190740cfd6a31cd,ENQUEUED,0.336935097834244,questions_in
2025-10-29T13:59:31.790736,PUBLISH,3c1823ad08ce493fb3af8edee531ca5c,68f2d95bd190740cfd6a1c93,ENQUEUED,1.3901602160225532,questions_in
2025-10-29T13:59:32.903492,PUBLISH,41f315639c7540eca25283f2692ca178,68f2d95bd190740cfd6a2942,ENQUEUED,1.1056790768540214,questions_in
2025-10-29T13:59:34.545416,PUBLISH,403d541946fd413a89a486837b54d692,68f2d95bd190740cfd6a3b4a,ENQUEUED,1.6394565451321939,questions_in
2025-10-29T13:59:34.711032,PUBLISH,0152ad7bbc504a1a82fc0c63413cdbb5,68f2d95bd190740cfd6a3a5c,ENQUEUED,0.1600353061706413,questions_in
2025-10-29T13:59:35.498265,PUBLISH,ad22c7154f404527986027f8e94653d5,68f2d95bd190740cfd6a3708,ENQUEUED,0.7850643441088816,questions_in
2025-10-29T13:59:36.036613,PUBLISH,a5957e3f95834678ae8d6a927dd98e22,68f2d95bd190740cfd6a3b6b,ENQUEUED,0.5334046885045879,questions_in
2025-10-29T13:59:36.493342,PUBLISH,81ea70a8538242eb8f6188582df0e5b4,68f2d95bd190740cfd6a2480,ENQUEUED,0.45081627948279746,questions_in
2025-10-29T13:59:36.559804,PUBLISH,0eb7679355cc42caab9427b7eb527a3d,68f2d95bd190740cfd6a36d8,ENQUEUED,0.06371060512096936,questions_in
2025-10-29T13:59:36.575315,PUBLISH,0390139bc73642a4894e5aec2b51459d,68f2d95bd190740cfd6a2f71,ENQUEUED,0.013362604209401168,questions_in
2025-10-29T13:59:36.797112,PUBLISH,e5d600d71f2440ff97fc3c041365fff0,68f2d95bd190740cfd6a2ad7,ENQUEUED,0.21620910921105085,questions_in
2025-10-29T13:59:36.891756,PUBLISH,1401f381d9324f198495759abc272698,68f2d95bd190740cfd6a3c6d,ENQUEUED,0.08907423505696405,questions_in
2025-10-29T13:59:37.000336,PUBLISH,7b4ab899ad1a4326b5deac38b7f1afd4,68f2d95bd190740cfd6a403d,ENQUEUED,0.10707614193897692,questions_in
2025-10-29T13:59:37.068905,PUBLISH,0046dba4c34d4c19b52712e1f3c13d3e,68f2d95bd190740cfd6a2bee,ENQUEUED,0.06645483208561596,questions_in
2025-10-29T13:59:37.857457,PUBLISH,2e8089c388ca44739e8f4e16e151db08,68f2d95bd190740cfd6a39b1,ENQUEUED,0.7828166736905627,questions_in
2025-10-29T13:59:38.282699,PUBLISH,4b9598ea4012404caaa02ab1830571a0,68f2d95bd190740cfd6a24a7,ENQUEUED,0.41830143325177566,questions_in
2025-10-29T13:59:38.807346,PUBLISH,d8226e6861d84d3e86b973707fd17e0a,68f2d95bd190740cfd6a3662,ENQUEUED,0.5187038008632016,questions_in
2025-10-29T13:59:38.862454,PUBLISH,568166876fff435a92586f12e90011bf,68f2d95bd190740cfd6a2ccd,ENQUEUED,0.05024750770474659,questions_in
2025-10-29T13:59:39.255856,PUBLISH,3936841fb9b74bbfb2100bdc9496d395,68f2d95bd190740cfd6a26fb,ENQUEUED,0.38660418024779425,questions_in
2025-10-29T13:59:39.267254,PUBLISH,69aec3c2a25041a98560e6d9a307a382,68f2d95bd190740cfd6a2d7a,ENQUEUED,0.009649061123191286,questions_in
2025-10-29T13:59:40.229061,PUBLISH,ab755716e8154e7292ba133e04bb2b42,68f2d95bd190740cfd6a1db9,ENQUEUED,0.9599872712152377,questions_in
2025-10-29T13:59:40.589898,PUBLISH,974b2e3eb859431f9b9c71b4d5a03e57,68f2d95bd190740cfd6a3f84,ENQUEUED,0.35583317642870477,questions_in
2025-10-29T13:59:40.768195,PUBLISH,29e7921cafbf4e689c387dd4d0fa1ddd,68f2d95bd190740cfd6a30a2,ENQUEUED,0.17277747303367186,questions_in
2025-10-29T13:59:41.640294,PUBLISH,f3eabd7d2abd4aaa8e0fea9131f988d0,68f2d95bd190740cfd6a37fc,ENQUEUED,0.8699927515268859,questions_in
2025-10-29T13:59:41.839529,PUBLISH,0272bf97eb3f4b7cbc7592398194b889,68f2d95bd190740cfd6a3554,ENQUEUED,0.1939063645263741,questions_in
2025-10-29T13:59:42.725000,PUBLISH,eca3275501834295a25b8b4860677d26,68f2d95bd190740cfd6a3988,ENQUEUED,0.8774869485516604,questions_in
2025-10-29T13:59:42.930588,PUBLISH,b29e72ceb339475ba2b6bfd6f9feefc4,68f2d95bd190740cfd6a3b0c,ENQUEUED,0.20309249621687986,questions_in
2025-10-29T13:59:43.919466,PUBLISH,2a73302fed274298949caf7d8a9b0d74,68f2d95bd190740cfd6a41a0,ENQUEUED,0.9821487087538858,questions_in
2025-10-29T13:59:44.364888,PUBLISH,30a63a69f52e4a608db19ad03f9cc773,68f2d95bd190740cfd6a2642,ENQUEUED,0.44019577255020864,questions_in
2025-10-29T13:59:44.795484,PUBLISH,8ba01d30cb5841ea91b77b7162b32bc7,68f2d95bd190740cfd6a1fb2,ENQUEUED,0.4284737746642265,questions_in
2025-10-29T13:59:45.025667,PUBLISH,1b0f2cc58b5b4e6ca9751ee4c9f8dfa1,68f2d95bd190740cfd6a40e1,ENQUEUED,0.22490115865260982,questions_in
2025-10-29T13:59:45.191765,PUBLISH,fb641d4b733b48ca9a292d65ffc68648,68f2d95bd190740cfd6a1b73,ENQUEUED,0.16001439478951676,questions_in
2025-10-29T13:59:46.798835,PUBLISH,9cd8b398170b40cdacb24798d6a152f0,68f2d95bd190740cfd6a1fe6,ENQUEUED,1.6039757010725335,questions_in
2025-10-29T13:59:46.989785,PUBLISH,631b92d0d99c4bb0aa17a7dc7e9ba1ff,68f2d95bd190740cfd6a3a18,ENQUEUED,0.18556659011395674,questions_in
2025-10-29T13:59:47.355543,PUBLISH,58cfb7c49d43401a9dad49a1ffe9d5c3,68f2d95bd190740cfd6a3be3,ENQUEUED,0.36004796925858024,questions_in
2025-10-29T13:59:48.048208,PUBLISH,46defbf832764437ae7a106e19cf3252,68f2d95bd190740cfd6a1fe6,ENQUEUED,0.690305237229084,questions_in
2025-10-29T13:59:48.779903,PUBLISH,91e5d3cb66fb4bec8588adf8e6f57ac4,68f2d95bd190740cfd6a3bd2,ENQUEUED,0.7283154247739191,questions_in
2025-10-29T13:59:49.228139,PUBLISH,179e5f1d7eda401e9d0e28578effb50a,68f2d95bd190740cfd6a3459,ENQUEUED,0.4418156479337088,questions_in
2025-10-29T13:59:49.358845,PUBLISH,0d6a4fd23d1148f09558171b04233fc4,68f2d95bd190740cfd6a3920,ENQUEUED,0.12535689296891492,questions_in
2025-10-29T13:59:49.450888,PUBLISH,c9b3d1fbd0d64b8db3146df43c457201,68f2d95bd190740cfd6a1c3a,ENQUEUED,0.08605403673399818,questions_in
2025-10-29T13:59:49.727478,PUBLISH,2379a14bb547412fbc23b5c4652ca3cc,68f2d95bd190740cfd6a379c,ENQUEUED,0.27106231946632897,questions_in
2025-10-29T13:59:50.634506,PUBLISH,aa126910f1e34b7d900efff403ebe346,68f2d95bd190740cfd6a3240,ENQUEUED,0.9021306655940565,questions_in
2025-10-29T13:59:50.822900,PUBLISH,e21297851c5843cbbcee1f1762ac89db,68f2d95bd190740cfd6a3fe4,ENQUEUED,0.18569694020946423,questions_in
2025-10-29T13:59:52.710537,PUBLISH,b6623dfe2c9e46c68924c360e1d344e7,68f2d95bd190740cfd6a345f,ENQUEUED,1.8807487741231264,questions_in
2025-10-29T13:59:52.982779,PUBLISH,c00a4eba78484b61a1505d967fd4de61,68f2d95bd190740cfd6a1d5c,ENQUEUED,0.2673991077090544,questions_in
2025-10-29T13:59:53.682010,PUBLISH,c48e1982bbdd45cb97a71e9731de3de5,68f2d95bd190740cfd6a2514,ENQUEUED,0.6934464623329242,questions_in
2025-10-29T13:59:54.377212,PUBLISH,29090d2865bc49dfbfbbcd6df1b5e6a3,68f2d95bd190740cfd6a3ae3,ENQUEUED,0.6891582898427163,questions_in
2025-10-29T13:59:54.414816,PUBLISH,454e2cf518194bb18eed5669a5349546,68f2d95bd190740cfd6a3636,ENQUEUED,0.03551847734852846,questions_in
2025-10-29T13:59:54.668287,PUBLISH,138764e06e0c4adaadfeb5ffeb19fee9,68f2d95bd190740cfd6a28a1,ENQUEUED,0.2479019908736154,questions_in
2025-10-29T13:59:55.639054,PUBLISH,318d2330072d4ccebf818beebc894a11,68f2d95bd190740cfd6a2cdd,ENQUEUED,0.9648222648474672,questions_in
2025-10-29T13:59:55.667416,PUBLISH,49b93ac8726c4ba7810a7f424b02e6e9,68f2d95bd190740cfd6a259f,ENQUEUED,0.026663785103143333,questions_in
2025-10-29T13:59:55.872250,PUBLISH,d16b60aeef6e47468a7d198cee3c8976,68f2d95bd190740cfd6a24f4,ENQUEUED,0.19631118676513695,questions_in
2025-10-29T13:59:55.967010,PUBLISH,bad4f5857efc4f3b8b70ed0a757c2cf2,68f2d95bd190740cfd6a1fd0,ENQUEUED,0.08882220541297998,questions_in
2025-10-29T13:59:57.745660,PUBLISH,d52bddb766d34cad828a463b96f7cb34,68f2d95bd190740cfd6a3c5a,ENQUEUED,1.7726336057384164,questions_in
2025-10-29T14:00:00.122064,PUBLISH,4ceff9da0f5d4151bc2df88a68c644c2,68f2d95bd190740cfd6a3b61,ENQUEUED,2.3689934629137546,questions_in
2025-10-29T14:00:00.519182,PUBLISH,bebb672f52304b45b67ef1c12d8d8dce,68f2d95bd190740cfd6a29aa,ENQUEUED,0.3956168841510705,questions_in
2025-10-29T14:00:01.120048,PUBLISH,e41edc13f00d42be8950ef9d72cf23fc,68f2d95bd190740cfd6a3113,ENQUEUED,0.5946806420669964,questions_in
2025-10-29T14:00:01.826778,PUBLISH,f0e0781c31d94fa0b2663a98795212b3,68f2d95bd190740cfd6a2a74,ENQUEUED,0.7047083965320948,questions_in
2025-10-29T14:00:02.428377,PUBLISH,b86ad6cdbb7d4d72800c3e3a0501b8b2,68f2d95bd190740cfd6a3447,ENQUEUED,0.5954322571563219,questions_in
2025-10-29T14:00:02.498250,PUBLISH,06f07243a62e4433ac40c0f13e7f1d72,68f2d95bd190740cfd6a2e29,ENQUEUED,0.06710557724280004,questions_in
2025-10-29T14:00:02.802786,PUBLISH,9788a2f4963a45c4bcd8eecefa34d2e5,68f2d95bd190740cfd6a2037,ENQUEUED,0.29913493262228624,questions_in
2025-10-29T14:00:03.165820,PUBLISH,04e5c804634a4077912c51bd06103ebe,68f2d95bd190740cfd6a3528,ENQUEUED,0.3574284511039035,questions_in
2025-10-29T14:00:03.298238,PUBLISH,710f402537334cfe8c85abb7b9cee579,68f2d95bd190740cfd6a3395,ENQUEUED,0.12567536596622164,questions_in
2025-10-29T14:00:03.359782,PUBLISH,208cea27be6a40fd86874337ce59383d,68f2d95bd190740cfd6a304c,ENQUEUED,0.05616177981362792,questions_in
2025-10-29T14:00:03.459416,PUBLISH,8603311790c245b5a74580086c97d93e,68f2d95bd190740cfd6a246f,ENQUEUED,0.094620224183807,questions_in
2025-10-29T14:00:03.614296,PUBLISH,5a52559c9e0849b9ac4e3beffda58d3f,68f2d95bd190740cfd6a3be6,ENQUEUED,0.14958736278554072,questions_in
2025-10-29T14:00:03.816282,PUBLISH,a5d9c8549af9405abfb72469d9aed676,68f2d95bd190740cfd6a252e,ENQUEUED,0.1963898855006949,questions_in
2025-10-29T14:00:04.846601,PUBLISH,28e7fbdfaca2445d9223de4a9151eef3,68f2d95bd190740cfd6a3e61,ENQUEUED,1.0278872877420877,questions_in
2025-10-29T14:00:05.030740,PUBLISH,b79c42a7e2764e00aabe28647f4bb905,68f2d95bd190740cfd6a3162,ENQUEUED,0.17909474570478845,questions_in
2025-10-29T14:00:05.981799,PUBLISH,a5442e69cd5d4cf1be6a7fbe6507e0ad,68f2d95bd190740cfd6a31e5,ENQUEUED,0.945065027776871,questions_in
2025-10-29T14:00:06.638305,PUBLISH,f9c7d064130442c0b7b2201e53e9247e,68f2d95bd190740cfd6a3160,ENQUEUED,0.6503365529315791,questions_in
2025-10-29T14:00:06.918512,PUBLISH,c7cc8e8224f44db7a0faf79358b2d5d5,68f2d95bd190740cfd6a306a,ENQUEUED,0.27842144479854625,questions_in
2025-10-29T14:00:07.010077,PUBLISH,8a2095de5fe34489a126de0e8448c1cf,68f2d95bd190740cfd6a1f7a,ENQUEUED,0.0901002241643414,questions_in
2025-10-29T14:00:07.424120,PUBLISH,c65e8ecc1700487cad3224479412f46c,68f2d95bd190740cfd6a2138,ENQUEUED,0.4085776367740504,questions_in
2025-10-29T14:00:07.909499,PUBLISH,d731db8736b7495eb8e7f833ec9630ad,68f2d95bd190740cfd6a1fb1,ENQUEUED,0.4790157980654815,questions_in
2025-10-29T14:00:08.070152,PUBLISH,28a15fbb22d948dbb501a3af49624365,68f2d95bd190740cfd6a41c9,ENQUEUED,0.1549160342297032,questions_in
2025-10-29T14:00:09.206288,PUBLISH,1449dfaf60b14c73b51fe306ec5824e9,68f2d95bd190740cfd6a2ac4,ENQUEUED,1.131429851354025,questions_in
2025-10-29T14:00:10.099772,PUBLISH,816f1215849148fabe0991a8b91eb4b6,68f2d95bd190740cfd6a322a,ENQUEUED,0.8851758703310205,questions_in
2025-10-29T14:00:10.255576,PUBLISH,eff15d635fef45ee87622c46e1784709,68f2d95bd190740cfd6a3b86,ENQUEUED,0.15028613341763716,questions_in
2025-10-29T14:00:10.963466,PUBLISH,b244a20d8eea4bebacdc9ef79c023938,68f2d95bd190740cfd6a31a1,ENQUEUED,0.706365896604131,questions_in
2025-10-29T14:00:12.001762,PUBLISH,0ecff5a6fb414644927561266511c760,68f2d95bd190740cfd6a23a1,ENQUEUED,1.031711704999675,questions_in
2025-10-29T14:00:13.046043,PUBLISH,7f992bec47f64aa3a68e0c0839f71bce,68f2d95bd190740cfd6a26f4,ENQUEUED,1.0385134190290775,questions_in
2025-10-29T14:00:13.875945,PUBLISH,444899a1fd0f4d4dacd44ca942bac09d,68f2d95bd190740cfd6a3cb8,ENQUEUED,0.8245874590058627,questions_in
2025-10-29T14:00:13.954409,PUBLISH,672e8a8e93a54d66ab7c7eaacdff98b2,68f2d95bd190740cfd6a2582,ENQUEUED,0.07368603450264373,questions_in
2025-10-29T14:00:14.535697,PUBLISH,8bac4a090bc244b6b4814c144b61e41b,68f2d95bd190740cfd6a2f38,ENQUEUED,0.5757495471036493,questions_in
2025-10-29T14:00:14.906314,PUBLISH,aef8eb96cd424278ad5d9bc495966c81,68f2d95bd190740cfd6a2751,ENQUEUED,0.3646892592537711,questions_in
2025-10-29T14:00:16.120580,PUBLISH,61bd4b21eed54a03820f56703f53c940,68f2d95bd190740cfd6a3979,ENQUEUED,1.2083184276413803,questions_in
2025-10-29T14:00:17.109272,PUBLISH,f26a1594ea04413fb1acfd49b679d5a1,68f2d95bd190740cfd6a2143,ENQUEUED,0.9828696842222538,questions_in
2025-10-29T14:00:17.466813,PUBLISH,007bb6f4f5b34a3e941e7be82750cae4,68f2d95bd190740cfd6a3b46,ENQUEUED,0.3518100148588949,questions_in
2025-10-29T14:00:18.839707,PUBLISH,9530be374dfa4bc5913f3f1d729a6408,68f2d95bd190740cfd6a2677,ENQUEUED,1.3662121494725838,questions_in
2025-10-29T14:00:19.315230,PUBLISH,ef78ade73c014830ac4bbf3c612cdce9,68f2d95bd190740cfd6a36a6,ENQUEUED,0.47408984070769256,questions_in
2025-10-29T14:00:19.530343,PUBLISH,8eb68d168d31484bb76ec5ac9915a453,68f2d95bd190740cfd6a2175,ENQUEUED,0.21333476484040237,questions_in
2025-10-29T14:00:20.013115,PUBLISH,854cf82ffb8b499887df4e8db7cb5af6,68f2d95bd190740cfd6a1d4c,ENQUEUED,0.48085357098201326,questions_in
2025-10-29T14:00:20.361609,PUBLISH,5b19a9dc1b484058aa7911902774c13c,68f2d95bd190740cfd6a2986,ENQUEUED,0.3410379828697307,questions_in
2025-10-29T14:00:21.777049,PUBLISH,aec66770f4d7431faf5900be5158f4f5,68f2d95bd190740cfd6a3f73,ENQUEUED,1.409746789409876,questions_in
2025-10-29T14:00:22.303723,PUBLISH,fbfc83e6c5ee469ba51b0431de0f0dc2,68f2d95bd190740cfd6a2688,ENQUEUED,0.5189183269610682,questions_in
2025-10-29T14:00:22.831205,PUBLISH,927858534ec64d10a056b60f221e4cb5,68f2d95bd190740cfd6a3d11,ENQUEUED,0.5222324486550188,questions_in
2025-10-29T14:00:24.750694,PUBLISH,981fa13cecc94beca0b13fd9970fdfd9,68f2d95bd190740cfd6a3454,ENQUEUED,1.9123294982625632,questions_in
2025-10-29T14:00:24.776073,PUBLISH,8f389716be344e84a8ab78f239a9a4a5,68f2d95bd190740cfd6a2a28,ENQUEUED,0.023622465880698055,questions_in
2025-10-29T14:00:25.053916,PUBLISH,9f9f1fa14f5d4d21baa318552fe754cb,68f2d95bd190740cfd6a212c,ENQUEUED,0.27194540622465585,questions_in
2025-10-29T14:00:25.212876,PUBLISH,6ccd285b9d9e47d4a02be2315a490c47,68f2d95bd190740cfd6a408e,ENQUEUED,0.15348217741824674,questions_in
2025-10-29T14:00:25.316942,PUBLISH,d3a8f586215942edbce44faa29cf2046,68f2d95bd190740cfd6a37e6,ENQUEUED,0.09911050779744394,questions_in
2025-10-29T14:00:27.043429,PUBLISH,e6ad5c763ba24a7cacb8f44c5a5923ab,68f2d95bd190740cfd6a2294,ENQUEUED,1.7197662002952143,questions_in
2025-10-29T14:00:27.738030,PUBLISH,9ac0d8d9d5214b5fbee61f44797ad16e,68f2d95bd190740cfd6a1b49,ENQUEUED,0.6891131593180199,questions_in
2025-10-29T14:00:28.024356,PUBLISH,9ce1d8aa60084494a541af5aab03fc32,68f2d95bd190740cfd6a3480,ENQUEUED,0.280097747768365,questions_in
2025-10-29T14:00:28.540862,PUBLISH,1aad366434104afeb2d1320c326e1e7e,68f2d95bd190740cfd6a2699,ENQUEUED,0.5095339602072376,questions_in
2025-10-29T14:00:28.550291,PUBLISH,c711551ae4c049b892f7a8e31f47a8fe,68f2d95bd190740cfd6a3597,ENQUEUED,0.0041166019204625665,questions_in
2025-10-29T14:00:28.654553,PUBLISH,8e94a912fd6f4e33a2cf5455249558ac,68f2d95bd190740cfd6a34d5,ENQUEUED,0.10282958513494789,questions_in
2025-10-29T14:00:29.048064,PUBLISH,584bc5d3d3224e7db41da9bd4dd928ab,68f2d95bd190740cfd6a2fdf,ENQUEUED,0.3916307619127244,questions_in
2025-10-29T14:00:31.128472,PUBLISH,43fcc14436f940a39e961eda24286005,68f2d95bd190740cfd6a40e8,ENQUEUED,2.073552394392046,questions_in
2025-10-29T14:00:31.385666,PUBLISH,beda690e59cb4f0aaf61bcd806f0cd01,68f2d95bd190740cfd6a30d9,ENQUEUED,0.2527530307194612,questions_in
2025-10-29T14:00:31.498038,PUBLISH,64684f79ed6a4b31981b22c93130f57e,68f2d95bd190740cfd6a1c91,ENQUEUED,0.11025732940599581,questions_in
2025-10-29T14:00:31.787215,PUBLISH,47d6b4ee27e9483682958b7b1f082ce9,68f2d95bd190740cfd6a4039,ENQUEUED,0.2840215596595347,questions_in
2025-10-29T14:00:32.227784,PUBLISH,aca82d684442406390d0430b7d8c84d7,68f2d95bd190740cfd6a25fb,ENQUEUED,0.4322744691029134,questions_in
2025-10-29T14:00:32.951079,PUBLISH,67fd178bd81f4d0da19499a97347159a,68f2d95bd190740cfd6a2835,ENQUEUED,0.7176466288947873,questions_in
2025-10-29T14:00:33.563896,PUBLISH,55fed570a4804fd1a99f53fb5da9d577,68f2d95bd190740cfd6a2800,ENQUEUED,0.606759169268832,questions_in
2025-10-29T14:00:34.621795,PUBLISH,c879cacc79a2449388ebdee3d15356b7,68f2d95bd190740cfd6a4163,ENQUEUED,1.0515748248050412,questions_in
2025-10-29T14:00:35.760775,PUBLISH,a62593dc54ca4286bf2f0e3742556f96,68f2d95bd190740cfd6a34ff,ENQUEUED,1.1330695183323352,questions_in
2025-10-29T14:00:35.942122,PUBLISH,5594b760d009468dbbba8db47eadce96,68f2d95bd190740cfd6a3bf2,ENQUEUED,0.17559310677828097,questions_in
2025-10-29T14:00:36.229643,PUBLISH,8122d9bf0c5c450fb7292d910b92cd8f,68f2d95bd190740cfd6a40e1,ENQUEUED,0.28578500889791175,questions_in
2025-10-29T14:00:36.697850,PUBLISH,9f93bb00fc4c4ee689d0b157abffb190,68f2d95bd190740cfd6a34ea,ENQUEUED,0.4628675600155739,questions_in
2025-10-29T14:00:36.722442,PUBLISH,b2539eb0dfd647b1af2120833dcf98d7,68f2d95bd190740cfd6a1ba2,ENQUEUED,0.023209887613384408,questions_in
2025-10-29T14:00:37.082433,PUBLISH,5de7971e126f4a91b36c8153c1e384c8,68f2d95bd190740cfd6a2cb8,ENQUEUED,0.35815844973917327,questions_in
2025-10-29T14:00:37.949109,PUBLISH,b1d9ef1030ed4b629ff30a07a16ff1c4,68f2d95bd190740cfd6a3446,ENQUEUED,0.860873394775265,questions_in
2025-10-29T14:00:38.237286,PUBLISH,9085005856334087a7286fba757eb995,68f2d95bd190740cfd6a334b,ENQUEUED,0.2823865994980521,questions_in
2025-10-29T14:00:41.508130,PUBLISH,cb79d6d154db4446bcede51787f66b3a,68f2d95bd190740cfd6a2e1b,ENQUEUED,3.2634850405737006,questions_in
2025-10-29T14:00:42.815090,PUBLISH,511b41fdda57420f817245ce1cd7f282,68f2d95bd190740cfd6a3e87,ENQUEUED,1.305084023067413,questions_in
2025-10-29T14:00:43.555039,PUBLISH,fc2728b41c9b423d876937158140bc6f,68f2d95bd190740cfd6a33fa,ENQUEUED,0.7345720486275304,questions_in
2025-10-29T14:00:43.818000,PUBLISH,212d50e225a34781bf891de9207381c7,68f2d95bd190740cfd6a3144,ENQUEUED,0.2610032971997349,questions_in
2025-10-29T14:00:44.135540,PUBLISH,fbfeeeeb59654a009fac1650ae0db38e,68f2d95bd190740cfd6a3244,ENQUEUED,0.31284814241905434,questions_in
2025-10-29T14:00:45.124239,PUBLISH,b69ae5b3ad674eaaa92415d6728a7a34,68f2d95bd190740cfd6a3e81,ENQUEUED,0.9825756515767358,questions_in
2025-10-29T14:00:45.159938,PUBLISH,453113875f7d431694d2e172ad541819,68f2d95bd190740cfd6a32cc,ENQUEUED,0.03355974777697774,questions_in
2025-10-29T14:00:45.412735,PUBLISH,5915149208af49cab310b2353368554e,68f2d95bd190740cfd6a33de,ENQUEUED,0.2463041906946926,questions_in
2025-10-29T14:00:45.659600,PUBLISH,8fbf25dee02e42b9903fceb01792d636,68f2d95bd190740cfd6a29ea,ENQUEUED,0.2414231073582408,questions_in
2025-10-29T14:00:46.928781,PUBLISH,b2310e816c084d98bb0bc9bf9dd60578,68f2d95bd190740cfd6a1cbf,ENQUEUED,1.2628171184451984,questions_in
2025-10-29T14:00:47.440644,PUBLISH,7e99b4ca5cb74830922ae9fcfba0d531,68f2d95bd190740cfd6a33f1,ENQUEUED,0.5104569524831716,questions_in
2025-10-29T14:00:49.048496,PUBLISH,6f1fdf11d58d4a5abf53d11169d4dabe,68f2d95bd190740cfd6a3679,ENQUEUED,1.6020811555615204,questions_in
2025-10-29T14:00:49.297804,PUBLISH,6d5832653ecb46aab7ffa443affb6ff8,68f2d95bd190740cfd6a2db3,ENQUEUED,0.2441817239745027,questions_in
2025-10-29T14:00:49.354938,PUBLISH,8396d005a98141a2bc78b60b1cec5411,68f2d95bd190740cfd6a235b,ENQUEUED,0.053782643538954865,questions_in
2025-10-29T14:00:49.787674,PUBLISH,ed29fcf2eb2d42f48aba9991271d1995,68f2d95bd190740cfd6a1fd4,ENQUEUED,0.4278749425012182,questions_in
2025-10-29T14:00:49.951472,PUBLISH,aad9ca99ad0f47018e5b5cb1d0645568,68f2d95bd190740cfd6a1f4e,ENQUEUED,0.15836586365734176,questions_in
2025-10-29T14:00:50.846291,PUBLISH,ce61a47bfc61470abc3cf8ef97c40968,68f2d95bd190740cfd6a3874,ENQUEUED,0.8924873347669192,questions_in
2025-10-29T14:00:51.091682,PUBLISH,c966a9a870664ac99beb7040296febd4,68f2d95bd190740cfd6a2986,ENQUEUED,0.23888790006544783,questions_in
2025-10-29T14:00:51.266091,PUBLISH,6bb3fcb47b4c444ab852cb4de5ae25c1,68f2d95bd190740cfd6a231b,ENQUEUED,0.1689153206343763,questions_in
2025-10-29T14:00:52.114171,PUBLISH,60bf336fdeac484a8fc8ba96a333fc94,68f2d95bd190740cfd6a370a,ENQUEUED,0.8461838784990497,questions_in
2025-10-29T14:00:53.022028,PUBLISH,54dcec4350974e9a8bc5fe7f5dcad879,68f2d95bd190740cfd6a2b4e,ENQUEUED,0.9024550019214709,questions_in
2025-10-29T14:00:53.588652,PUBLISH,eb1d3741a185402ca7eb88e898095df5,68f2d95bd190740cfd6a4178,ENQUEUED,0.5609874893042204,questions_in
2025-10-29T14:00:53.989001,PUBLISH,29885c828fed47abab6d227e0c1285c1,68f2d95bd190740cfd6a26bf,ENQUEUED,0.3987670537135764,questions_in
2025-10-29T14:00:54.263086,PUBLISH,f4d43aa19657475086bc01d371e47ff0,68f2d95bd190740cfd6a2946,ENQUEUED,0.26756102389422626,questions_in
2025-10-29T14:00:54.545774,PUBLISH,b5a23f87090b4b71b77d19c7f790f3fc,68f2d95bd190740cfd6a3db8,ENQUEUED,0.2765706942201054,questions_in
2025-10-29T14:00:56.055369,PUBLISH,7eb4dba5fa854ace86aed2d7554a24f7,68f2d95bd190740cfd6a301c,ENQUEUED,1.5022657203438694,questions_in
2025-10-29T14:00:57.766006,PUBLISH,6f95823288704d2093989503dd0b4c60,68f2d95bd190740cfd6a2b99,ENQUEUED,1.7021123550647752,questions_in
2025-10-29T14:00:58.002667,PUBLISH,d4423038dc2b45ef94b3b823f1309963,68f2d95bd190740cfd6a3855,ENQUEUED,0.23074641285818054,questions_in
2025-10-29T14:00:58.786058,PUBLISH,7f8e6131307a41cdb629ad9d1d2c7f1f,68f2d95bd190740cfd6a27e0,ENQUEUED,0.7782806105851895,questions_in
2025-10-29T14:00:59.101471,PUBLISH,304de19e15b447e3ba544397a176568a,68f2d95bd190740cfd6a2011,ENQUEUED,0.30963922167792907,questions_in
2025-10-29T14:00:59.719923,PUBLISH,4af889d9ab6a4563942e5fd5084837b8,68f2d95bd190740cfd6a3336,ENQUEUED,0.6128860477535607,questions_in
2025-10-29T14:01:01.299603,PUBLISH,34be1053e99e4e8ab799a23e50dbd1bf,68f2d95bd190740cfd6a3d1a,ENQUEUED,1.573424026250505,questions_in
2025-10-29T14:01:01.636348,PUBLISH,a8c3cea31cf8486f86b248e5602943a7,68f2d95bd190740cfd6a2f01,ENQUEUED,0.3352319726906234,questions_in
2025-10-29T14:01:02.258735,PUBLISH,31255f2bb58242d39b708651ac67515f,68f2d95bd190740cfd6a2949,ENQUEUED,0.614855119307293,questions_in
2025-10-29T14:01:03.566662,PUBLISH,7a82b48e16364649bea232d112947da9,68f2d95bd190740cfd6a30d5,ENQUEUED,1.3009036388284596,questions_in
2025-10-29T14:01:03.733797,PUBLISH,598f29debce24e84a8080c1f55f0cbb4,68f2d95bd190740cfd6a3155,ENQUEUED,0.16192524511436784,questions_in
2025-10-29T14:01:03.992173,PUBLISH,1dc06229646947d0b1e1136e62d5b090,68f2d95bd190740cfd6a2331,ENQUEUED,0.2558452119450855,questions_in
2025-10-29T14:01:04.689207,PUBLISH,1fa32d283de14b06b75d4d17dc942823,68f2d95bd190740cfd6a261e,ENQUEUED,0.6956608879031015,questions_in
2025-10-29T14:01:05.317022,PUBLISH,82e624b0bdc64875b37995250bfafc11,68f2d95bd190740cfd6a3c8d,ENQUEUED,0.621660808818914,questions_in
2025-10-29T14:01:06.243037,PUBLISH,27030995ea744140b1cb9dfcd453c177,68f2d95bd190740cfd6a351e,ENQUEUED,0.9202673126538299,questions_in
2025-10-29T14:01:07.271778,PUBLISH,381e4e9c54e14eff9eaddaf64d6d8dce,68f2d95bd190740cfd6a2efb,ENQUEUED,1.023738829057634,questions_in
2025-10-29T14:01:08.290158,PUBLISH,c830569b84bd4ac1aa360c433ecb5124,68f2d95bd190740cfd6a3781,ENQUEUED,1.0116093649311086,questions_in
2025-10-29T14:01:08.415119,PUBLISH,d1ed2e7ef46f4659a7bd86bd7f9141b9,68f2d95bd190740cfd6a1c2a,ENQUEUED,0.11986284260098405,questions_in
2025-10-29T14:01:08.488289,PUBLISH,2a6a57100c5e41f28695fd351ae5078e,68f2d95bd190740cfd6a231b,ENQUEUED,0.06698826243655069,questions_in
2025-10-29T14:01:08.594403,PUBLISH,1adca5e521f746989ef5e4c12f7edc8a,68f2d95bd190740cfd6a3a45,ENQUEUED,0.10045831566825209,questions_in
2025-10-29T14:01:09.914686,PUBLISH,72143d53fe0140188abdf544645611a6,68f2d95bd190740cfd6a25b2,ENQUEUED,1.3136838591139457,questions_in
2025-10-29T14:01:11.475044,PUBLISH,3fcbc1a910de48bd8f210450171a08be,68f2d95bd190740cfd6a1edd,ENQUEUED,1.554021264579516,questions_in
2025-10-29T14:01:11.813082,PUBLISH,319856146f6244c085b46dc8008a029b,68f2d95bd190740cfd6a33ec,ENQUEUED,0.3320513945496059,questions_in
2025-10-29T14:01:11.960873,PUBLISH,6331375f7d2548738d8a5baa09f0dd49,68f2d95bd190740cfd6a226f,ENQUEUED,0.13995413361313072,questions_in
2025-10-29T14:01:12.859023,PUBLISH,4d5cfed610c64fa09d52b332db7f2f61,68f2d95bd190740cfd6a2d9f,ENQUEUED,0.892991389870878,questions_in
2025-10-29T14:01:13.306378,PUBLISH,7cc25094fb184dce8d785eb93b6d676e,68f2d95bd190740cfd6a1ced,ENQUEUED,0.4418581015518372,questions_in
2025-10-29T14:01:15.047868,PUBLISH,2ff6244941bb4f2a95ee06cb9b0edace,68f2d95bd190740cfd6a3010,ENQUEUED,1.7380500324355301,questions_in
2025-10-29T14:01:16.073129,PUBLISH,1ae8ef4fb4634bd29a7e397268cd365f,68f2d95bd190740cfd6a2918,ENQUEUED,1.0191277975077475,questions_in
2025-10-29T14:01:16.971410,PUBLISH,b70ddf865ae5475fbb2480ab342723fd,68f2d95bd190740cfd6a2b52,ENQUEUED,0.8962910342962133,questions_in
2025-10-29T14:01:17.525547,PUBLISH,54bfb38428c14d97bc4966d203700345,68f2d95bd190740cfd6a3d19,ENQUEUED,0.5481949322759216,questions_in
2025-10-29T14:01:17.696891,PUBLISH,6a64d46e7fe14bd08cc94fedb0405a84,68f2d95bd190740cfd6a36e2,ENQUEUED,0.16648572380799045,questions_in
2025-10-29T14:01:18.480725,PUBLISH,5d43dbcf9dbe40f2a891d43706fe2ad0,68f2d95bd190740cfd6a2d22,ENQUEUED,0.7813426205378294,questions_in
2025-10-29T14:01:19.035602,PUBLISH,9f11a57bf35c4511a43f831196fed76c,68f2d95bd190740cfd6a3f03,ENQUEUED,0.5493923549400285,questions_in
2025-10-29T14:01:19.082360,PUBLISH,2b792c9594b342239c12281fd4cbbf55,68f2d95bd190740cfd6a304a,ENQUEUED,0.041614811892095455,questions_in
2025-10-29T14:01:19.212515,PUBLISH,14db6cbfb55d45ba9976a04dcf29108a,68f2d95bd190740cfd6a2721,ENQUEUED,0.12460858686414351,questions_in
2025-10-29T14:01:20.518187,PUBLISH,03c94e5295c642478ba334bf4078ec33,68f2d95bd190740cfd6a31e5,ENQUEUED,1.298824406301391,questions_in
2025-10-29T14:01:20.904130,PUBLISH,69fb22ee02994b3197a19475b3cf7479,68f2d95bd190740cfd6a4158,ENQUEUED,0.37976763001121333,questions_in
2025-10-29T14:01:21.763124,PUBLISH,27876348228744d7b304c537e2e86bd1,68f2d95bd190740cfd6a277f,ENQUEUED,0.8525684686715285,questions_in
2025-10-29T14:01:22.103430,PUBLISH,a2a8bf0192c642b4b64ac6ca40c00eb0,68f2d95bd190740cfd6a3efc,ENQUEUED,0.3344778663927091,questions_in
2025-10-29T14:01:23.681849,PUBLISH,23f66000935a466d87c6e1b6527dac2f,68f2d95bd190740cfd6a2614,ENQUEUED,1.571386451570774,questions_in
2025-10-29T14:01:23.866102,PUBLISH,fab2c35604614a1a9bc8bb85f72c81fa,68f2d95bd190740cfd6a3090,ENQUEUED,0.178592886875365,questions_in
2025-10-29T14:01:25.716400,PUBLISH,0570d912dc5946d1940334cf0ad7f159,68f2d95bd190740cfd6a32b7,ENQUEUED,1.843417402509328,questions_in
2025-10-29T14:01:27.937751,PUBLISH,310f80199a244683b1cd7f4d1a99c098,68f2d95bd190740cfd6a247f,ENQUEUED,2.2151710318706885,questions_in
2025-10-29T14:01:28.046308,PUBLISH,b80fa0987c5c4f3798ea4bdc4b3edf46,68f2d95bd190740cfd6a2cc8,ENQUEUED,0.10299924504724191,questions_in
2025-10-29T14:01:28.583932,PUBLISH,bc79423a9f3c45fa841c69dd61449246,68f2d95bd190740cfd6a302b,ENQUEUED,0.5324519753993767,questions_in
2025-10-29T14:01:29.600630,PUBLISH,ec823e86c7494e63ae4e5dd9472a51c2,68f2d95bd190740cfd6a298e,ENQUEUED,1.0142954916202895,questions_in
2025-10-29T14:01:30.104692,PUBLISH,ecc81f1bba5741e2b79f808c611b42ca,68f2d95bd190740cfd6a3c68,ENQUEUED,0.498002301391794,questions_in
2025-10-29T14:01:30.829371,PUBLISH,3bbf371cdeb04328800141978253b614,68f2d95bd190740cfd6a1d25,ENQUEUED,0.7162027188899813,questions_in
2025-10-29T14:01:32.312915,PUBLISH,9922878e3b2949478424c27d75b08519,68f2d95bd190740cfd6a2dc6,ENQUEUED,1.4758611302352975,questions_in
2025-10-29T14:01:33.053267,PUBLISH,5773fa9f0d624fed8093ef28faee2cec,68f2d95bd190740cfd6a388e,ENQUEUED,0.7348950705927174,questions_in
2025-10-29T14:01:33.152424,PUBLISH,d3cfdc73a584426f9337c6008fc4ef59,68f2d95bd190740cfd6a31ff,ENQUEUED,0.09380016667034341,questions_in
2025-10-29T14:01:33.169115,PUBLISH,e8da6c2c24764b2cbf6117208ee93a73,68f2d95bd190740cfd6a3192,ENQUEUED,0.014885593605540927,questions_in
2025-10-29T14:01:33.395605,PUBLISH,a5b753ac7fd54f36895581351070082b,68f2d95bd190740cfd6a2e42,ENQUEUED,0.2201040902037766,questions_in
2025-10-29T14:01:33.440785,PUBLISH,799ab369046d48078de159e9bc655b75,68f2d95bd190740cfd6a2d88,ENQUEUED,0.03980496851150857,questions_in
2025-10-29T14:01:34.525936,PUBLISH,fa195875eb354cb1b6954bf07c469f44,68f2d95bd190740cfd6a3546,ENQUEUED,1.0761545921972864,questions_in
2025-10-29T14:01:34.614289,PUBLISH,2eb10bed6765423ea97b64c363968a2d,68f2d95bd190740cfd6a3797,ENQUEUED,0.08524134732731857,questions_in
2025-10-29T14:01:35.426219,PUBLISH,91dbca4ea91e467d81c8caf7ab47c575,68f2d95bd190740cfd6a2799,ENQUEUED,0.8068117342303411,questions_in
2025-10-29T14:01:35.597960,PUBLISH,0d967adca09b4e47b46ae1e673e6acc0,68f2d95bd190740cfd6a24d0,ENQUEUED,0.16477226994661,questions_in
2025-10-29T14:01:36.764048,PUBLISH,0ee66deb156643a19a21c44a1739e668,68f2d95bd190740cfd6a26c5,ENQUEUED,1.1600080693075225,questions_in
2025-10-29T14:01:38.763295,PUBLISH,cf63ad3d3f5a4b749a0b389cefe7db0e,68f2d95bd190740cfd6a3aa4,ENQUEUED,1.992178324357624,questions_in
2025-10-29T14:01:40.065305,PUBLISH,7914ab88d26d4924a0a8ace312013d12,68f2d95bd190740cfd6a38d5,ENQUEUED,1.291896730439,questions_in
2025-10-29T14:01:40.483471,PUBLISH,ce04535350e744d8a5773b331b6f7a0f,68f2d95bd190740cfd6a30b0,ENQUEUED,0.41263287866164483,questions_in
2025-10-29T14:01:40.645157,PUBLISH,215a6f21034b4676b73324543081b6fe,68f2d95bd190740cfd6a2cb5,ENQUEUED,0.15605840333075513,questions_in
2025-10-29T14:01:41.551352,PUBLISH,d3de6ed7d21543a99e2abaa7d1bed63d,68f2d95bd190740cfd6a2f72,ENQUEUED,0.8999718770033618,questions_in
2025-10-29T14:01:42.141905,PUBLISH,024e4caf3ac343098079b1ba3a6f2449,68f2d95bd190740cfd6a3b9d,ENQUEUED,0.584564031038811,questions_in
2025-10-29T14:01:42.694215,PUBLISH,7544040022fd457597503b1aeab9311a,68f2d95bd190740cfd6a209c,ENQUEUED,0.54705849782174,questions_in
2025-10-29T14:01:43.134442,PUBLISH,8ed1b3cc86bf4673a0e5e95239d0b011,68f2d95bd190740cfd6a245d,ENQUEUED,0.43458466084411745,questions_in
2025-10-29T14:01:43.498601,PUBLISH,f806f9ffb360442599f6b21ee8e7b651,68f2d95bd190740cfd6a3046,ENQUEUED,0.3586942058760376,questions_in
2025-10-29T14:01:44.178388,PUBLISH,2f34289f608a43388d53ab189dbbe39a,68f2d95bd190740cfd6a3bd9,ENQUEUED,0.6751199258701431,questions_in
2025-10-29T14:01:44.861221,PUBLISH,cdfa49b041354faab72829c190b29a2e,68f2d95bd190740cfd6a36f8,ENQUEUED,0.6773070157227205,questions_in
2025-10-29T14:01:45.339604,PUBLISH,0253ee045cfd484bb88d66cd8ce06c43,68f2d95bd190740cfd6a3e8e,ENQUEUED,0.4733065435643369,questions_in
2025-10-29T14:01:45.868783,PUBLISH,cab834a5a4f54958857238adfad42160,68f2d95bd190740cfd6a377c,ENQUEUED,0.523340187067519,questions_in
2025-10-29T14:01:46.707164,PUBLISH,8b7f197b57e94e0487168a2e24eaec14,68f2d95bd190740cfd6a2bad,ENQUEUED,0.8334352724883272,questions_in
2025-10-29T14:01:47.485054,PUBLISH,23c7b88c83be4eedb19939cc9a329c74,68f2d95bd190740cfd6a24e1,ENQUEUED,0.7722165675219386,questions_in
2025-10-29T14:01:48.001379,PUBLISH,c97d29b22e304b70805d64c9cea4f6b6,68f2d95bd190740cfd6a37f2,ENQUEUED,0.5134551900364062,questions_in
2025-10-29T14:01:48.057172,PUBLISH,a4b4d942aec5422b84d90966ce76005e,68f2d95bd190740cfd6a1f2d,ENQUEUED,0.053881489854995086,questions_in
2025-10-29T14:01:48.062443,PUBLISH,0864743cd65646f6a206070f3a7d060b,68f2d95bd190740cfd6a279b,ENQUEUED,0.0035340214446735493,questions_in
2025-10-29T14:01:48.647419,PUBLISH,6a9c2e6c04974804b130a6158cd0581e,68f2d95bd190740cfd6a36c9,ENQUEUED,0.5789685759028987,questions_in
2025-10-29T14:01:49.067774,PUBLISH,c51e15ed31ed40ce9d6149f3acdcab34,68f2d95bd190740cfd6a24ed,ENQUEUED,0.4177867482338982,questions_in
2025-10-29T14:01:49.486440,PUBLISH,ba499ea04625439f90c0de7f0207cb1f,68f2d95bd190740cfd6a307b,ENQUEUED,0.41702468710593377,questions_in
2025-10-29T14:01:49.954697,PUBLISH,79ad022e1f7c4b08a0733e530f9a2006,68f2d95bd190740cfd6a25ad,ENQUEUED,0.4661282100691386,questions_in
2025-10-29T14:01:50.130896,PUBLISH,9fbbe367e5b8471283ad28fbc14e93be,68f2d95bd190740cfd6a2269,ENQUEUED,0.17403527332825075,questions_in
2025-10-29T14:01:50.975180,PUBLISH,6d1833c21bcc40cca11b274c1a519821,68f2d95bd190740cfd6a1d55,ENQUEUED,0.8401856683316016,questions_in
2025-10-29T14:01:51.630420,PUBLISH,c5793d6381e34449b385f67d6c983c03,68f2d95bd190740cfd6a2fc8,ENQUEUED,0.6534857800476489,questions_in
2025-10-29T14:01:52.015022,PUBLISH,ea862051c4a84fed9e29fba081c29024,68f2d95bd190740cfd6a2dd8,ENQUEUED,0.3816395338019724,questions_in
2025-10-29T14:01:52.408274,PUBLISH,7c710c13b1614c75bbb6c33128d63191,68f2d95bd190740cfd6a2f9b,ENQUEUED,0.39134801138568176,questions_in
2025-10-29T14:01:53.128941,PUBLISH,11eb2a6b0a3546ed94b42690254dbc37,68f2d95bd190740cfd6a392d,ENQUEUED,0.7147358896723524,questions_in
2025-10-29T14:01:53.222600,PUBLISH,4d7dd23d49bf419b8f55a9dc37647eb3,68f2d95bd190740cfd6a2b93,ENQUEUED,0.08745970475925974,questions_in
2025-10-29T14:01:54.708536,PUBLISH,855f8d415ab04415bedae364b3d7752c,68f2d95bd190740cfd6a2a44,ENQUEUED,1.483722604745408,questions_in
2025-10-29T14:01:55.818882,PUBLISH,19511c2107c54e3ea4a069c2f3123a4b,68f2d95bd190740cfd6a1ecd,ENQUEUED,1.1052003815798939,questions_in
2025-10-29T14:01:56.271783,PUBLISH,76aa471a54e54c3db63a54efc1ac2df4,68f2d95bd190740cfd6a269b,ENQUEUED,0.45058441452350545,questions_in
2025-10-29T14:01:56.997201,PUBLISH,997dff9328f7452e8c616763ed586889,68f2d95bd190740cfd6a4087,ENQUEUED,0.7191153922691363,questions_in
2025-10-29T14:01:57.469957,PUBLISH,80df49e3b6b14df680996e4b8aaaf3cf,68f2d95bd190740cfd6a2f1e,ENQUEUED,0.46346621462147536,questions_in
2025-10-29T14:01:57.710523,PUBLISH,93844e08a6d14034b7575699df9def1b,68f2d95bd190740cfd6a3776,ENQUEUED,0.2351245514435247,questions_in
2025-10-29T14:01:57.944657,PUBLISH,85fbda67b26543368004c2ea9e005749,68f2d95bd190740cfd6a3048,ENQUEUED,0.22869001168506195,questions_in
2025-10-29T14:01:58.469953,PUBLISH,faa719c5f269451c9f4121f4728a0ad7,68f2d95bd190740cfd6a2737,ENQUEUED,0.5197202003412513,questions_in
2025-10-29T14:01:59.056349,PUBLISH,f6b38d4bf6cf4065b5f58547bf29b8d5,68f2d95bd190740cfd6a302c,ENQUEUED,0.5820976739510252,questions_in
2025-10-29T14:02:00.268908,PUBLISH,8aee049f75f745d0bd660f2dc20b116e,68f2d95bd190740cfd6a215e,ENQUEUED,1.2062591076008637,questions_in
2025-10-29T14:02:01.097004,PUBLISH,e5c3777f51834dd6909c594b6588aa11,68f2d95bd190740cfd6a2e8e,ENQUEUED,0.8216955966645695,questions_in
2025-10-29T14:02:01.216554,PUBLISH,e2a269402b4e4efe889ee4084cfef4aa,68f2d95bd190740cfd6a3440,ENQUEUED,0.11471855923416342,questions_in
2025-10-29T14:02:01.731198,PUBLISH,0a84f2c8668c4bff9ccb1d84d0b6893a,68f2d95bd190740cfd6a3979,ENQUEUED,0.5127220359983825,questions_in
2025-10-29T14:02:02.076606,PUBLISH,9811bdbe11bf40be9261b3a8723d15e3,68f2d95bd190740cfd6a3579,ENQUEUED,0.34286424491207845,questions_in
2025-10-29T14:02:02.245872,PUBLISH,80706f58c1eb41ff904156aa7e39bbad,68f2d95bd190740cfd6a3c73,ENQUEUED,0.16745692108327834,questions_in
2025-10-29T14:02:03.675459,PUBLISH,fd93558614e84724b49a5b53b3d16b56,68f2d95bd190740cfd6a34d2,ENQUEUED,1.4266146460129259,questions_in
2025-10-29T14:02:03.916615,PUBLISH,2fbc9bdf34654a6f950f652dd27913ed,68f2d95bd190740cfd6a27e4,ENQUEUED,0.23918337837122297,questions_in
2025-10-29T14:02:05.229487,PUBLISH,58f99486971a4dc7852c475f10d70aa2,68f2d95bd190740cfd6a391d,ENQUEUED,1.3069083702270257,questions_in
2025-10-29T14:02:05.643811,PUBLISH,e9fb7ff3b38f463fa483248a70dc22b2,68f2d95bd190740cfd6a36d4,ENQUEUED,0.41126034875909934,questions_in
2025-10-29T14:02:07.076519,PUBLISH,9a5a5ee8edf94a82b8c23af54eda7774,68f2d95bd190740cfd6a2882,ENQUEUED,1.4254779744781143,questions_in
2025-10-29T14:02:07.584659,PUBLISH,5137a68c2af34d31990aaa4d6de1d00f,68f2d95bd190740cfd6a1de8,ENQUEUED,0.5014001550452936,questions_in
2025-10-29T14:02:08.164731,PUBLISH,86500b5753d249c487e65dfb6990d2ba,68f2d95bd190740cfd6a32e7,ENQUEUED,0.5758837145741031,questions_in
2025-10-29T14:02:09.305729,PUBLISH,2ff9a080c0d84282a2f337e939757c4d,68f2d95bd190740cfd6a34ce,ENQUEUED,1.1378788739337753,questions_in
2025-10-29T14:02:11.027748,PUBLISH,766984d2828f4a219a89c2f7cd53651f,68f2d95bd190740cfd6a1b67,ENQUEUED,1.7186199374824538,questions_in
2025-10-29T14:02:11.335761,PUBLISH,c5f8025013b248a19d6503dc8c1692f4,68f2d95bd190740cfd6a3dcb,ENQUEUED,0.3028611898147279,questions_in
2025-10-29T14:02:11.792171,PUBLISH,1e07c277362d4f8683c3d40ad9facbbf,68f2d95bd190740cfd6a2efe,ENQUEUED,0.45124111160882574,questions_in
2025-10-29T14:02:12.320693,PUBLISH,32b309b4ed8c4eb6bbdae90797a6d58f,68f2d95bd190740cfd6a3d2b,ENQUEUED,0.5265166026279179,questions_in
2025-10-29T14:02:14.319881,PUBLISH,94d172e695504505b6039fce7280775b,68f2d95bd190740cfd6a2ae1,ENQUEUED,1.996021455026333,questions_in
2025-10-29T14:02:14.697713,PUBLISH,a0d9c33397b749ef903b23ae0b666e1e,68f2d95bd190740cfd6a3eb4,ENQUEUED,0.3737679534140299,questions_in
2025-10-29T14:02:16.003949,PUBLISH,7c5ec36b3a2446588539a41533b7d385,68f2d95bd190740cfd6a385d,ENQUEUED,1.301452461154206,questions_in
2025-10-29T14:02:16.710407,PUBLISH,bd40f0194590487f8cd58ff3c6d427a5,68f2d95bd190740cfd6a1cef,ENQUEUED,0.7033819289573539,questions_in
2025-10-29T14:02:18.769472,PUBLISH,18deea1a32f04aaf84084db27f8a2fe9,68f2d95bd190740cfd6a4106,ENQUEUED,2.0512523110133425,questions_in
2025-10-29T14:02:19.776588,PUBLISH,918a38c9d7b34424914209f9171a7fd3,68f2d95bd190740cfd6a1ea6,ENQUEUED,1.004362047916462,questions_in
2025-10-29T14:02:19.866783,PUBLISH,89c6ce0c99764ac188de3a29c7a9e2a7,68f2d95bd190740cfd6a3477,ENQUEUED,0.0873799349161533,questions_in
2025-10-29T14:02:19.884332,PUBLISH,6b1ee492fe0a4b3ba4a083f551446e88,68f2d95bd190740cfd6a2d09,ENQUEUED,0.015568757841494479,questions_in
2025-10-29T14:02:20.027933,PUBLISH,1c01fed981844fc697a5496f64b2f090,68f2d95bd190740cfd6a2b92,ENQUEUED,0.14209878629928205,questions_in
2025-10-29T14:02:20.722468,PUBLISH,b42632cc665341fbb34deec571834e8a,68f2d95bd190740cfd6a332f,ENQUEUED,0.6928334443451778,questions_in
2025-10-29T14:02:21.075407,PUBLISH,519a3fffcace45e18a0c7a44255ceb28,68f2d95bd190740cfd6a2d67,ENQUEUED,0.3512656217060805,questions_in
2025-10-29T14:02:21.260960,PUBLISH,9b7caac7021544e78530df1a9270a0d9,68f2d95bd190740cfd6a399b,ENQUEUED,0.1835500341594644,questions_in
2025-10-29T14:02:21.523646,PUBLISH,45a0aef0721543efb667d6cc6981b908,68f2d95bd190740cfd6a266d,ENQUEUED,0.26033990508844396,questions_in
2025-10-29T14:02:21.742599,PUBLISH,7c0fd86c230b494fb556cec481a57159,68f2d95bd190740cfd6a40ad,ENQUEUED,0.21687835706448075,questions_in
2025-10-29T14:02:22.245327,PUBLISH,279e6735b9ed490e9ca0560bc44114c3,68f2d95bd190740cfd6a2587,ENQUEUED,0.5008361730024535,questions_in
2025-10-29T14:02:23.695703,PUBLISH,7932b5e7194f4305ac96ea846a2d81b1,68f2d95bd190740cfd6a3c35,ENQUEUED,1.4469398926249035,questions_in
2025-10-29T14:02:24.746664,PUBLISH,d85b4cfeafd94491924d403d9eed61ee,68f2d95bd190740cfd6a20e1,ENQUEUED,1.0487262692247696,questions_in
2025-10-29T14:02:25.472643,PUBLISH,5130b23f455c4d6a99ad76b08d706e27,68f2d95bd190740cfd6a3b9e,ENQUEUED,0.7218677116479428,questions_in
2025-10-29T14:02:26.053777,PUBLISH,7e0b314bfc3c4d02b911bfa7aa2d5e88,68f2d95bd190740cfd6a347e,ENQUEUED,0.578307104754297,questions_in
2025-10-29T14:02:26.174833,PUBLISH,2912f8c700034cd38c27e06b57bf92a8,68f2d95bd190740cfd6a2644,ENQUEUED,0.119313555960974,questions_in
2025-10-29T14:02:27.258685,PUBLISH,64c0325c9902447097ca7ba0b3f997fb,68f2d95bd190740cfd6a1c8b,ENQUEUED,1.0817666085549462,questions_in
2025-10-29T14:02:28.977543,PUBLISH,5064d17130154b1a986dce8fccbbe1cc,68f2d95bd190740cfd6a2487,ENQUEUED,1.715702198400123,questions_in
2025-10-29T14:02:29.614471,PUBLISH,282ebdea95e64323bcb90e42bc572e56,68f2d95bd190740cfd6a3fea,ENQUEUED,0.6335770914802167,questions_in
2025-10-29T14:02:29.818190,PUBLISH,26d31c0e490d46bbbbebf3825d174140,68f2d95bd190740cfd6a2230,ENQUEUED,0.20104842249636176,questions_in
2025-10-29T14:02:30.471045,PUBLISH,0e8e049ea6a4461fac1f9f45909ba0cd,68f2d95bd190740cfd6a38f0,ENQUEUED,0.6507311334794275,questions_in
2025-10-29T14:02:30.971444,PUBLISH,19e89a27b5d345bdaaf27276df807cbd,68f2d95bd190740cfd6a3ba0,ENQUEUED,0.49811552262703124,questions_in
2025-10-29T14:02:31.440412,PUBLISH,642210efc2ee4eb59740f4b719817ce4,68f2d95bd190740cfd6a1c73,ENQUEUED,0.4667218047536916,questions_in
2025-10-29T14:02:31.576080,PUBLISH,93d4885be6804dfe882e476d1fa9988d,68f2d95bd190740cfd6a407e,ENQUEUED,0.13401659415662043,questions_in
2025-10-29T14:02:32.829789,PUBLISH,eadf0a819ddb44cda61df4bbca87b308,68f2d95bd190740cfd6a41c9,ENQUEUED,1.2499600284452959,questions_in
2025-10-29T14:02:33.744853,PUBLISH,7888c0e15c5f4e15a5c32079945737b4,68f2d95bd190740cfd6a41d0,ENQUEUED,0.9130097902878327,questions_in
2025-10-29T14:02:34.514764,PUBLISH,b41bc4be43e5419da500d0cad6f4fdd2,68f2d95bd190740cfd6a3e91,ENQUEUED,0.7671285338735917,questions_in
2025-10-29T14:02:35.737662,PUBLISH,d9b0b110f9994230915e93873d6c4275,68f2d95bd190740cfd6a21d7,ENQUEUED,1.220843184749704,questions_in
2025-10-29T14:02:36.071260,PUBLISH,29d7e9aeed584128ab0447f1ee480bd8,68f2d95bd190740cfd6a224c,ENQUEUED,0.3317965406209776,questions_in
2025-10-29T14:02:36.215941,PUBLISH,5ad3788dd1ac4912a2498b01d9f7b399,68f2d95bd190740cfd6a343b,ENQUEUED,0.1424030024784144,questions_in
2025-10-29T14:02:37.574537,PUBLISH,f241425b3bbe45ac9ee7f862f5e5cc50,68f2d95bd190740cfd6a27a0,ENQUEUED,1.3564702074585562,questions_in
2025-10-29T14:02:39.463832,PUBLISH,842c8dd8a724438dab418e68fb505922,68f2d95bd190740cfd6a3f84,ENQUEUED,1.8851945835351784,questions_in
2025-10-29T14:02:40.200294,PUBLISH,684fe33891e54f73a79d475cc664d604,68f2d95bd190740cfd6a3cf0,ENQUEUED,0.73404099318689,questions_in
2025-10-29T14:02:41.099944,PUBLISH,e96d90ed6a4441059b01b861217f95c4,68f2d95bd190740cfd6a3dcc,ENQUEUED,0.8970603059399903,questions_in
2025-10-29T14:02:41.852202,PUBLISH,1b8ccb9e3645482f8b941576927d2db6,68f2d95bd190740cfd6a33db,ENQUEUED,0.7506975743978513,questions_in
2025-10-29T14:02:42.396239,PUBLISH,3f684734cafa448081f4341e25e316c4,68f2d95bd190740cfd6a407c,ENQUEUED,0.5413056845752714,questions_in
2025-10-29T14:02:42.740866,PUBLISH,d3f2bf7d59df43b29f95bc22972f083e,68f2d95bd190740cfd6a2a0d,ENQUEUED,0.34257158448774505,questions_in
2025-10-29T14:02:44.014917,PUBLISH,9adca5a4f8734fc39e843048bbfdf80d,68f2d95bd190740cfd6a3469,ENQUEUED,1.2713692786660318,questions_in
2025-10-29T14:02:44.434120,PUBLISH,e11c0257445245969154e38880d4ffe2,68f2d95bd190740cfd6a1b99,ENQUEUED,0.4165320370647346,questions_in
2025-10-29T14:02:45.866638,PUBLISH,50e8521a9c114f78bddabb88d1873d5d,68f2d95bd190740cfd6a3c27,ENQUEUED,1.4301174166628752,questions_in
2025-10-29T14:02:46.232730,PUBLISH,e8c94b2109e047e0b472fd4a2529478a,68f2d95bd190740cfd6a3bdb,ENQUEUED,0.363548419914463,questions_in
2025-10-29T14:02:46.304979,PUBLISH,f914b25bb8dc4c4e875b82c7efbba6bf,68f2d95bd190740cfd6a2504,ENQUEUED,0.07051843403223136,questions_in
2025-10-29T14:02:47.102094,PUBLISH,4cb41110e00e4f0b928c0beef011535e,68f2d95bd190740cfd6a2f26,ENQUEUED,0.793879445234642,questions_in
2025-10-29T14:02:48.116248,PUBLISH,58252ca361444dd78cfa7a7eccc535c1,68f2d95bd190740cfd6a32f0,ENQUEUED,1.0105936884146416,questions_in
2025-10-29T14:02:50.366066,PUBLISH,aa5b9e5f7a0540f3b1155ebe914b4553,68f2d95bd190740cfd6a240e,ENQUEUED,2.2457807049721756,questions_in
2025-10-29T14:02:50.991509,PUBLISH,408dd0a6eabe45faa0d35491fe699c98,68f2d95bd190740cfd6a2ef2,ENQUEUED,0.623332915880061,questions_in
2025-10-29T14:02:51.144438,PUBLISH,bd04feeb0bf0428485700abaae812c21,68f2d95bd190740cfd6a209d,ENQUEUED,0.15059887099539962,questions_in
2025-10-29T14:02:51.579388,PUBLISH,a18522cea4654cadb770229aafb1cc30,68f2d95bd190740cfd6a33d1,ENQUEUED,0.4286012304476438,questions_in
2025-10-29T14:02:52.196781,PUBLISH,845192efe986468282ffdac1b4da7a65,68f2d95bd190740cfd6a28fc,ENQUEUED,0.6147729888562546,questions_in
2025-10-29T14:02:52.806550,PUBLISH,b8d708e67b4c46b69c154886d5b0c5b5,68f2d95bd190740cfd6a2179,ENQUEUED,0.6076440184142727,questions_in
2025-10-29T14:02:52.888527,PUBLISH,4ebc96722cfc4858a4fe96a0a007b4cb,68f2d95bd190740cfd6a3244,ENQUEUED,0.07664611788057095,questions_in
2025-10-29T14:02:53.583831,PUBLISH,a53ce13e46ca4585ba8888b1d194895b,68f2d95bd190740cfd6a3c59,ENQUEUED,0.6932820284599961,questions_in
2025-10-29T14:02:54.244702,PUBLISH,e75c77bbfeb64b0f86993a197268d3a9,68f2d95bd190740cfd6a3879,ENQUEUED,0.6578804890142862,questions_in
2025-10-29T14:02:55.933588,PUBLISH,62c35c0bf88b429dbc7ac0a0a4f89b12,68f2d95bd190740cfd6a2afd,ENQUEUED,1.6859159872551854,questions_in
2025-10-29T14:02:56.292542,PUBLISH,bacd5430db494d3e9db01ed6589f77c9,68f2d95bd190740cfd6a3d27,ENQUEUED,0.3562963639906332,questions_in
2025-10-29T14:02:56.974874,PUBLISH,4aa6bfef3de24d38936d9f6ae46bf1d2,68f2d95bd190740cfd6a2f1b,ENQUEUED,0.6773558789716568,questions_in
2025-10-29T14:02:57.317592,PUBLISH,7258167913ba4a298e39b1d3d972ba86,68f2d95bd190740cfd6a204d,ENQUEUED,0.33810276769183606,questions_in
2025-10-29T14:02:58.536466,PUBLISH,53fe5c59676b486db76cb552d220a14b,68f2d95bd190740cfd6a203e,ENQUEUED,1.2168589564800991,questions_in
2025-10-29T14:02:58.642467,PUBLISH,1658e06b8e0d43d5b63de8e01c841eee,68f2d95bd190740cfd6a24ed,ENQUEUED,0.1025889219174609,questions_in
2025-10-29T14:02:58.787136,PUBLISH,f25a085d14274bfabf3cbba3d98e32d5,68f2d95bd190740cfd6a30d0,ENQUEUED,0.14296340637391852,questions_in
2025-10-29T14:02:59.639656,PUBLISH,858b359a352c45a8b929af099bfa090e,68f2d95bd190740cfd6a34b5,ENQUEUED,0.8502603654993456,questions_in
2025-10-29T14:02:59.789196,PUBLISH,0d28cae09d8a4052a8829d94d2cd8064,68f2d95bd190740cfd6a2665,ENQUEUED,0.1477096952934817,questions_in
2025-10-29T14:03:00.071838,PUBLISH,7d639cf970644aa2829751ecbfc8cae6,68f2d95bd190740cfd6a2166,ENQUEUED,0.2791570710778221,questions_in
2025-10-29T14:03:00.915283,PUBLISH,dcb7dfd8abdb4d99aa459ff88f616643,68f2d95bd190740cfd6a3be2,ENQUEUED,0.8412135573175613,questions_in
2025-10-29T14:03:01.243109,PUBLISH,467537a2776245e4b213fae1f370f561,68f2d95bd190740cfd6a28dd,ENQUEUED,0.3237737474983631,questions_in
2025-10-29T14:03:01.274470,PUBLISH,8723d6361fd343c49bf941951ea5455a,68f2d95bd190740cfd6a3ea5,ENQUEUED,0.02854711349789874,questions_in
2025-10-29T14:03:01.844256,PUBLISH,93f8d4a51c994f9cb86b9b23ee96ee9a,68f2d95bd190740cfd6a221e,ENQUEUED,0.5673896064157581,questions_in
2025-10-29T14:03:02.529953,PUBLISH,73e65cd1d3164177bfb6aafb248c1610,68f2d95bd190740cfd6a22cf,ENQUEUED,0.6829643293132531,questions_in
2025-10-29T14:03:02.597629,PUBLISH,0b844324e9274f5bbf116f15c154de47,68f2d95bd190740cfd6a2dea,ENQUEUED,0.06562532133842114,questions_in
2025-10-29T14:03:02.936287,PUBLISH,9a24a0600638476ea22564e3ea01965a,68f2d95bd190740cfd6a39ca,ENQUEUED,0.336976759548556,questions_in
2025-10-29T14:03:03.322415,PUBLISH,70236e9535b44a80adaab61f5966fea4,68f2d95bd190740cfd6a31a1,ENQUEUED,0.383898806957891,questions_in
2025-10-29T14:03:03.702139,PUBLISH,61213d7a996f407e9e22656d3e80570b,68f2d95bd190740cfd6a341e,ENQUEUED,0.37715869236124155,questions_in
2025-10-29T14:03:04.850993,PUBLISH,a8f2c4ac447d44edb8e1e07fbf29d478,68f2d95bd190740cfd6a255f,ENQUEUED,1.1445779802175329,questions_in
2025-10-29T14:03:05.331331,PUBLISH,604def65906046008cca06f7594038fc,68f2d95bd190740cfd6a3935,ENQUEUED,0.47772743919985766,questions_in
2025-10-29T14:03:06.300748,PUBLISH,426d8b7d62864f01a4e53f1a9feea942,68f2d95bd190740cfd6a1c3d,ENQUEUED,0.9671506803224686,questions_in
2025-10-29T14:03:07.114552,PUBLISH,3aa7681543fb49d6941218aeb64a5cdd,68f2d95bd190740cfd6a3265,ENQUEUED,0.8116182173558388,questions_in
2025-10-29T14:03:07.580456,PUBLISH,d9eee6520f8440398ef6a5fd416afb8f,68f2d95bd190740cfd6a3555,ENQUEUED,0.464104655148881,questions_in
2025-10-29T14:03:07.606447,PUBLISH,ff41c4d6e4114911b00e1e6fc0e8aa2c,68f2d95bd190740cfd6a211a,ENQUEUED,0.023352148946766085,questions_in
2025-10-29T14:03:07.812261,PUBLISH,f00bb0255a674917971e301b01a61538,68f2d95bd190740cfd6a27db,ENQUEUED,0.20363291941493133,questions_in
2025-10-29T14:03:07.823493,PUBLISH,9cbf66c1d95e4aaca74a5ba781ae57a4,68f2d95bd190740cfd6a39f8,ENQUEUED,0.008474045642170022,questions_in
2025-10-29T14:03:08.787552,PUBLISH,70ef638b98ea40aea8873c1d359e2d37,68f2d95bd190740cfd6a1ef4,ENQUEUED,0.9615459338115757,questions_in
2025-10-29T14:03:09.962764,PUBLISH,20a3db569cd743479d021c5c4021ddff,68f2d95bd190740cfd6a3673,ENQUEUED,1.1712350246996064,questions_in
2025-10-29T14:03:10.436031,PUBLISH,1acbce28c28b407d99a353749d5db996,68f2d95bd190740cfd6a358f,ENQUEUED,0.47129249372227583,questions_in
2025-10-29T14:03:11.048674,PUBLISH,100289011a9144519343b83593571243,68f2d95bd190740cfd6a1eb8,ENQUEUED,0.6104270113443943,questions_in
2025-10-29T14:03:11.606551,PUBLISH,09a2f2340f9049908c48749ecec98dda,68f2d95bd190740cfd6a315b,ENQUEUED,0.5555878041475363,questions_in
2025-10-29T14:03:12.417730,PUBLISH,a3af8dc502c042538b7344a719b27727,68f2d95bd190740cfd6a3bb3,ENQUEUED,0.8090645710882858,questions_in
2025-10-29T14:03:14.335659,PUBLISH,ce78d149be744cd19dc783066c62ec54,68f2d95bd190740cfd6a304a,ENQUEUED,1.9151338794353023,questions_in
2025-10-29T14:03:15.252968,PUBLISH,3bd26f41ee0f48afab3f8a079840dde7,68f2d95bd190740cfd6a33cb,ENQUEUED,0.9150092220016967,questions_in
2025-10-29T14:03:15.997375,PUBLISH,72c346fefc544fc5b26d18345715fb92,68f2d95bd190740cfd6a3412,ENQUEUED,0.74271924549317,questions_in
2025-10-29T14:03:16.019434,PUBLISH,bc74a99afcc948a48046367cbbbd1683,68f2d95bd190740cfd6a1f96,ENQUEUED,0.02041236256492118,questions_in
2025-10-29T14:03:16.895910,PUBLISH,5c7b7a437c5841b8bd78756b496a5ce8,68f2d95bd190740cfd6a23d2,ENQUEUED,0.8739448088667586,questions_in
2025-10-29T14:03:17.745339,PUBLISH,ffae048886ec44c3b2b055e9e4cae3ec,68f2d95bd190740cfd6a2387,ENQUEUED,0.8461560263220876,questions_in
2025-10-29T14:03:17.838866,PUBLISH,e2eb0aa8d9cc464398813b0e397f45cc,68f2d95bd190740cfd6a1d1a,ENQUEUED,0.08735885998801633,questions_in
2025-10-29T14:03:18.699437,PUBLISH,eda37fe864bb40ee980117fd8e7670e1,68f2d95bd190740cfd6a29cb,ENQUEUED,0.8586056502407423,questions_in
2025-10-29T14:03:18.959917,PUBLISH,b68299e06faf49f59d5c8655bdd72cfa,68f2d95bd190740cfd6a2886,ENQUEUED,0.25516650598469165,questions_in
2025-10-29T14:03:19.875031,PUBLISH,b283fa13ef1f45d3863e592671fd0326,68f2d95bd190740cfd6a1e44,ENQUEUED,0.9127377393207712,questions_in
2025-10-29T14:03:20.693719,PUBLISH,61dfd1eb47e84ade9e70a8947eb07ad7,68f2d95bd190740cfd6a3983,ENQUEUED,0.8166760554221689,questions_in
2025-10-29T14:03:21.450471,PUBLISH,1ae6677643ae42c28f863ebb1dadf536,68f2d95bd190740cfd6a2c87,ENQUEUED,0.755002150703505,questions_in
2025-10-29T14:03:21.533232,PUBLISH,b8e38e51ae6443d1be4bb334371cc363,68f2d95bd190740cfd6a3024,ENQUEUED,0.08139176287785417,questions_in
2025-10-29T14:03:21.625876,PUBLISH,7d6dffd0ce84496eba2b2b038dc69dd3,68f2d95bd190740cfd6a39eb,ENQUEUED,0.09059400078527807,questions_in
2025-10-29T14:03:22.091315,PUBLISH,a98b8f9c5f104effb875d6e836a29ef9,68f2d95bd190740cfd6a3c47,ENQUEUED,0.459959147432206,questions_in
2025-10-29T14:03:22.111855,PUBLISH,235f4e0b8ce447ab9383cfdac35357f7,68f2d95bd190740cfd6a251e,ENQUEUED,0.018753213603342516,questions_in
2025-10-29T14:03:22.571313,PUBLISH,347a34bba6ba4bfc900a3b35a7d47d1b,68f2d95bd190740cfd6a3ddd,ENQUEUED,0.4567754287487374,questions_in
2025-10-29T14:03:22.761561,PUBLISH,733c22a5bd9e489b85a26be03665a01d,68f2d95bd190740cfd6a1e07,ENQUEUED,0.18837983755244667,questions_in
2025-10-29T14:03:23.360601,PUBLISH,7d4cd047ccae453f83593a3837284061,68f2d95bd190740cfd6a20c9,ENQUEUED,0.5968276574152865,questions_in
2025-10-29T14:03:23.747482,PUBLISH,1a0ab6678eea4fec9f8c855db60ebb4b,68f2d95bd190740cfd6a3429,ENQUEUED,0.38542373010273256,questions_in
2025-10-29T14:03:23.892864,PUBLISH,a9592434ad404510825f300969035b89,68f2d95bd190740cfd6a247e,ENQUEUED,0.14346978010730407,questions_in
2025-10-29T14:03:26.140024,PUBLISH,95625611caf24ff6839547641b98cd2f,68f2d95bd190740cfd6a31ec,ENQUEUED,2.2392358630094495,questions_in
2025-10-29T14:03:27.064515,PUBLISH,78b2f9a497b74e56aff7841472040241,68f2d95bd190740cfd6a2211,ENQUEUED,0.9226793802196839,questions_in
2025-10-29T14:03:27.430281,PUBLISH,042a0a4582e543009eb5685e1c2b1ed7,68f2d95bd190740cfd6a3ba2,ENQUEUED,0.3637917357949583,questions_in
2025-10-29T14:03:28.745483,PUBLISH,57606033f93e41fabd553a2c403e0320,68f2d95bd190740cfd6a2874,ENQUEUED,1.3124419044287368,questions_in
2025-10-29T14:03:28.932245,PUBLISH,4c593157843f487ab1e8d61ed4553b98,68f2d95bd190740cfd6a1c8c,ENQUEUED,0.1850773134973116,questions_in
2025-10-29T14:03:29.026351,PUBLISH,027b6a5d008a461283a57613b7239ca6,68f2d95bd190740cfd6a30ce,ENQUEUED,0.09268869045625022,questions_in
2025-10-29T14:03:29.102613,PUBLISH,4f74e743f8634c869894910605808e31,68f2d95bd190740cfd6a3b42,ENQUEUED,0.07078488681215775,questions_in
2025-10-29T14:03:29.133806,PUBLISH,8594be8901344470a3dfeda244229868,68f2d95bd190740cfd6a2081,ENQUEUED,0.02757799417992764,questions_in
2025-10-29T14:03:29.256406,PUBLISH,147c839b60d344afb564e8f6093ab70f,68f2d95bd190740cfd6a34a6,ENQUEUED,0.12033209306593247,questions_in
2025-10-29T14:03:29.732456,PUBLISH,aa32f37df015487a9424f05cf7259274,68f2d95bd190740cfd6a2970,ENQUEUED,0.47050292622796613,questions_in
2025-10-29T14:03:31.192936,PUBLISH,7f9c273a09c54f48beedce0456ede9f8,68f2d95bd190740cfd6a409c,ENQUEUED,1.453773169281474,questions_in
2025-10-29T14:03:32.628387,PUBLISH,1f5d1c27a7674fcfa4cca7210a78e486,68f2d95bd190740cfd6a2391,ENQUEUED,1.4319138752975027,questions_in
2025-10-29T14:03:33.273677,PUBLISH,f5cc0da58d644741885f330ac499f28b,68f2d95bd190740cfd6a1da5,ENQUEUED,0.6430735015940351,questions_in
2025-10-29T14:03:33.434469,PUBLISH,4689193ac6f0484ba6a610c5a3e6cd58,68f2d95bd190740cfd6a1e6b,ENQUEUED,0.15763103663314643,questions_in
2025-10-29T14:03:36.702290,PUBLISH,233973abfaa14415af8f7bcc758a39d1,68f2d95bd190740cfd6a3f4e,ENQUEUED,3.2622815353710806,questions_in
2025-10-29T14:03:38.113446,PUBLISH,92e2c5bcd92c4615852fe8b6c16221e8,68f2d95bd190740cfd6a2e6c,ENQUEUED,1.408359339168438,questions_in
2025-10-29T14:03:38.420427,PUBLISH,33799309ec0a4d708ddd60a19e6ccd93,68f2d95bd190740cfd6a3094,ENQUEUED,0.30019672065058717,questions_in
2025-10-29T14:03:38.759341,PUBLISH,669910c583284f218b65e7ac896a3e99,68f2d95bd190740cfd6a419e,ENQUEUED,0.332134932624596,questions_in
2025-10-29T14:03:38.806142,PUBLISH,e003b31ff76945d0a2b02c32e27588ad,68f2d95bd190740cfd6a1fdc,ENQUEUED,0.04466929338580525,questions_in
2025-10-29T14:03:39.445905,PUBLISH,b31ac7e640f3477ab98aafa2b3fdbccf,68f2d95bd190740cfd6a277b,ENQUEUED,0.6376004149442328,questions_in
2025-10-29T14:03:39.492951,PUBLISH,41c9a88fdfd84b90ac9dc402fb4c7f34,68f2d95bd190740cfd6a2461,ENQUEUED,0.04550815268702443,questions_in
2025-10-29T14:03:40.451802,PUBLISH,3953cb5158f748638964922be8d08316,68f2d95bd190740cfd6a2310,ENQUEUED,0.9552450184117883,questions_in
2025-10-29T14:03:40.666278,PUBLISH,5368af8f61c240d2ad0ffb050e244ca7,68f2d95bd190740cfd6a2cc4,ENQUEUED,0.21173744357254842,questions_in
2025-10-29T14:03:41.003952,PUBLISH,2d3a9c70e6774a3a94cfdb3c6dffeca4,68f2d95bd190740cfd6a31ab,ENQUEUED,0.3353601306772028,questions_in
2025-10-29T14:03:41.623410,PUBLISH,e4f03d150f444bba9d21a7b8cc73e92c,68f2d95bd190740cfd6a1e1e,ENQUEUED,0.617565141824557,questions_in
2025-10-29T14:03:43.201374,PUBLISH,b45d56fbb27549fb9f664dd6913f53a4,68f2d95bd190740cfd6a289a,ENQUEUED,1.5741700627210993,questions_in
2025-10-29T14:03:44.283161,PUBLISH,e8b354ae091c4a908f117a5764591ec7,68f2d95bd190740cfd6a3f18,ENQUEUED,1.0790964290959184,questions_in
2025-10-29T14:03:44.369164,PUBLISH,7b7998cc1c264286aed95e0d933f7b41,68f2d95bd190740cfd6a323d,ENQUEUED,0.0836833314459511,questions_in
2025-10-29T14:03:45.119147,PUBLISH,711732fca9904e2ea7f8f15151d8162d,68f2d95bd190740cfd6a3385,ENQUEUED,0.7477981502902994,questions_in
2025-10-29T14:03:45.186020,PUBLISH,68539d675a854bd28826b6d7ff116232,68f2d95bd190740cfd6a2bab,ENQUEUED,0.06488777824954779,questions_in
2025-10-29T14:03:45.423248,PUBLISH,b05d6dbef1ea4cd3ac262660674ac960,68f2d95bd190740cfd6a1d1d,ENQUEUED,0.23533501939562948,questions_in
2025-10-29T14:03:45.978172,PUBLISH,5a517516cace4d7e95598f2774ff2093,68f2d95bd190740cfd6a40a0,ENQUEUED,0.5533577611519331,questions_in
2025-10-29T14:03:47.137041,PUBLISH,ae786145ace44f2083ba0d58dc2fd52f,68f2d95bd190740cfd6a3c34,ENQUEUED,1.1561938395883844,questions_in
2025-10-29T14:03:47.346576,PUBLISH,c86c4a27ebde4d6c9e456ff68f945d50,68f2d95bd190740cfd6a1d5f,ENQUEUED,0.20752454560779854,questions_in
2025-10-29T14:03:49.083628,PUBLISH,f96df86bf23545019e85e138d1a95cdf,68f2d95bd190740cfd6a2321,ENQUEUED,1.733010965779071,questions_in
2025-10-29T14:03:50.407209,PUBLISH,a63647eb5ecd43be80b450c48958dc1f,68f2d95bd190740cfd6a1db1,ENQUEUED,1.320345113426744,questions_in
2025-10-29T14:03:50.915916,PUBLISH,38b89e4f80464a16986a1c06e8c26828,68f2d95bd190740cfd6a3862,ENQUEUED,0.5051717665587052,questions_in
2025-10-29T14:03:51.649350,PUBLISH,729573a207b54512a0f13070a0092496,68f2d95bd190740cfd6a21eb,ENQUEUED,0.7302267358500273,questions_in
2025-10-29T14:03:52.266140,PUBLISH,08df1c22b6b54d5e82a6122ba6b33a0b,68f2d95bd190740cfd6a325e,ENQUEUED,0.6136661363032782,questions_in
2025-10-29T14:03:52.613193,PUBLISH,49ec3d736d3d4496befd60250592e638,68f2d95bd190740cfd6a2c59,ENQUEUED,0.3448346515002771,questions_in
2025-10-29T14:03:53.187200,PUBLISH,2fdd51b9ecf54e4295ca696d57ef88d6,68f2d95bd190740cfd6a3eed,ENQUEUED,0.5684922976239254,questions_in
2025-10-29T14:03:53.328384,PUBLISH,5d28b03c9bf84a9a862b9403fdc830ec,68f2d95bd190740cfd6a2238,ENQUEUED,0.13856215350395193,questions_in
2025-10-29T14:03:55.964096,PUBLISH,18ef4fe7005749fab96689b44335b919,68f2d95bd190740cfd6a3204,ENQUEUED,2.631379266744506,questions_in
2025-10-29T14:03:56.001896,PUBLISH,5c7e470c7c9e455dbb79777defeb4c12,68f2d95bd190740cfd6a352f,ENQUEUED,0.03537227397815259,questions_in
2025-10-29T14:03:56.460449,PUBLISH,3e2e86c234fb427fb3846313d413254e,68f2d95bd190740cfd6a2947,ENQUEUED,0.4567636464371568,questions_in
2025-10-29T14:03:56.469114,PUBLISH,0b077e5e7ff9426eb14072643acc6ecd,68f2d95bd190740cfd6a3a21,ENQUEUED,0.006875979367772573,questions_in
2025-10-29T14:03:56.661170,PUBLISH,4fcb8db61eb7450194daad05ed214421,68f2d95bd190740cfd6a39b6,ENQUEUED,0.18652441577458745,questions_in
2025-10-29T14:03:57.554581,PUBLISH,8fe86caf61fb4fc5aac95707b6cb4dfe,68f2d95bd190740cfd6a2e07,ENQUEUED,0.8909875707235475,questions_in
2025-10-29T14:03:57.732334,PUBLISH,1802b43bb572413aa5c67440cce261e2,68f2d95bd190740cfd6a2d88,ENQUEUED,0.17553665235151952,questions_in
2025-10-29T14:03:58.501686,PUBLISH,6b48be6b7d2349bc994e6411221b3a5b,68f2d95bd190740cfd6a2fc8,ENQUEUED,0.7665478041501063,questions_in
2025-10-29T14:03:59.474746,PUBLISH,b7894f70f9de4bf59fa31901cfe43c1b,68f2d95bd190740cfd6a2954,ENQUEUED,0.9710335230840363,questions_in
2025-10-29T14:03:59.867738,PUBLISH,8763c892a1714e7b93848034037ddf62,68f2d95bd190740cfd6a3ea5,ENQUEUED,0.39071201327510274,questions_in
2025-10-29T14:04:00.430660,PUBLISH,7117fcc609ac404d9996fad7f2dd1a04,68f2d95bd190740cfd6a28fc,ENQUEUED,0.5597509645295765,questions_in
2025-10-29T14:04:00.784912,PUBLISH,a35a63e757eb465cae9ab78de6a0dd93,68f2d95bd190740cfd6a1bc1,ENQUEUED,0.35223648332575114,questions_in
2025-10-29T14:04:01.619896,PUBLISH,1fedd12e754c4904bc81e9359ffa945a,68f2d95bd190740cfd6a415e,ENQUEUED,0.8322346635717716,questions_in
2025-10-29T14:04:01.909263,PUBLISH,a29fe8bad8714619a4fe8c62593639c6,68f2d95bd190740cfd6a3fb5,ENQUEUED,0.28755697225272164,questions_in
2025-10-29T14:04:03.455676,PUBLISH,089ae50f6ef0479b86c7ac45eaa64221,68f2d95bd190740cfd6a2a79,ENQUEUED,1.5436570694582128,questions_in
2025-10-29T14:04:04.548111,PUBLISH,3a1f7697cd114396bd6387015a15c405,68f2d95bd190740cfd6a2ff3,ENQUEUED,1.0897377893366966,questions_in
2025-10-29T14:04:04.606065,PUBLISH,49021053ba754ca0959c98ed05f3d064,68f2d95bd190740cfd6a36ab,ENQUEUED,0.056114589590497616,questions_in
2025-10-29T14:04:06.456476,PUBLISH,061c29ac799f454487a5822f6941bd5d,68f2d95bd190740cfd6a3440,ENQUEUED,1.8473350973560028,questions_in
2025-10-29T14:04:06.535417,PUBLISH,5af65fe3d95c43b69f88eed383131285,68f2d95bd190740cfd6a2666,ENQUEUED,0.0768310667145771,questions_in
2025-10-29T14:04:07.313627,PUBLISH,c9bbdeb1058348b1b3944cf8a464b603,68f2d95bd190740cfd6a2377,ENQUEUED,0.7752738894019369,questions_in
2025-10-29T14:04:08.186166,PUBLISH,8f361157141e4679924cb10a55e3d455,68f2d95bd190740cfd6a2a62,ENQUEUED,0.8699376386219678,questions_in
2025-10-29T14:04:09.431311,PUBLISH,60d1591b76e14e448d26e71a3a4b9687,68f2d95bd190740cfd6a3474,ENQUEUED,1.2419038354415861,questions_in
2025-10-29T14:04:09.451859,PUBLISH,dacbd436723843deac4bc598a12ccb3c,68f2d95bd190740cfd6a1ce0,ENQUEUED,0.019113592786654563,questions_in
2025-10-29T14:04:09.611162,PUBLISH,c27dd51516d94544acb239d44607540a,68f2d95bd190740cfd6a3436,ENQUEUED,0.15664759825247535,questions_in
2025-10-29T14:04:09.847721,PUBLISH,0793874876c5445a93a30beb4b2ef26b,68f2d95bd190740cfd6a27fe,ENQUEUED,0.23364432766429302,questions_in
2025-10-29T14:04:10.307432,PUBLISH,a38aa278f25c4782ab5d870749fe2dcf,68f2d95bd190740cfd6a1fc0,ENQUEUED,0.4579476097386621,questions_in
2025-10-29T14:04:10.875153,PUBLISH,e2ca5db8bb004195a66029599281bef1,68f2d95bd190740cfd6a32b3,ENQUEUED,0.5653996740522719,questions_in
2025-10-29T14:04:11.011583,PUBLISH,1df0b496dd3c46aa99dcda6987319bca,68f2d95bd190740cfd6a323e,ENQUEUED,0.13390376993281375,questions_in
2025-10-29T14:04:11.376045,PUBLISH,d5f49837f0a8448fa2b7b7613083cfc6,68f2d95bd190740cfd6a3215,ENQUEUED,0.3617491675638911,questions_in
2025-10-29T14:04:13.221847,PUBLISH,1e46c2d54df946ce892a255dffc792ad,68f2d95bd190740cfd6a2291,ENQUEUED,1.8428000726407943,questions_in
2025-10-29T14:04:13.567385,PUBLISH,6967341e1a07469fb63ecafb4ce604ef,68f2d95bd190740cfd6a32d1,ENQUEUED,0.344007264916969,questions_in
2025-10-29T14:04:15.980603,PUBLISH,61e7527b3b604dc4857d9589f617df56,68f2d95bd190740cfd6a1c0f,ENQUEUED,2.4096235307485614,questions_in
2025-10-29T14:04:16.085094,PUBLISH,7235c49ec261427fbdcb1888f275c699,68f2d95bd190740cfd6a21fb,ENQUEUED,0.1027636940909953,questions_in
2025-10-29T14:04:16.143900,PUBLISH,fdb93f87c64b4a4fb48f318d455e7fb2,68f2d95bd190740cfd6a1c6e,ENQUEUED,0.05619252408236766,questions_in
2025-10-29T14:04:16.213896,PUBLISH,73737cddb36446e58d83a614541335da,68f2d95bd190740cfd6a3cfe,ENQUEUED,0.06814530595070888,questions_in
2025-10-29T14:04:16.378326,PUBLISH,87269666010249a1aaf8c5cd91a77829,68f2d95bd190740cfd6a3361,ENQUEUED,0.16213723947472217,questions_in
2025-10-29T14:04:17.449451,PUBLISH,1fc36d8cd03046618b8d72ac1630736b,68f2d95bd190740cfd6a343f,ENQUEUED,1.069217670935341,questions_in
2025-10-29T14:04:17.494168,PUBLISH,be8c4ed6e2004ea4bf4c072c2e745db1,68f2d95bd190740cfd6a29b2,ENQUEUED,0.041872955497708024,questions_in
2025-10-29T14:04:18.095060,PUBLISH,ce167e10b739417da00d3bb14c08d850,68f2d95bd190740cfd6a35a9,ENQUEUED,0.598526004997997,questions_in
2025-10-29T14:04:18.143775,PUBLISH,00b86088f6b34c40a8c281da4eaefe04,68f2d95bd190740cfd6a3e56,ENQUEUED,0.045703016645810286,questions_in
2025-10-29T14:04:18.901721,PUBLISH,5c76f2bfb5e4417d81b62c335a45fdbd,68f2d95bd190740cfd6a3ca1,ENQUEUED,0.7553020616724453,questions_in
2025-10-29T14:04:19.344793,PUBLISH,a25244f8cbf44d828f8d95539180fda1,68f2d95bd190740cfd6a29c3,ENQUEUED,0.44097909288756587,questions_in
2025-10-29T14:04:19.718010,PUBLISH,0c49ea7692d14c97ba3c582b16b5c5af,68f2d95bd190740cfd6a3a66,ENQUEUED,0.3714466284675169,questions_in
2025-10-29T14:04:20.154150,PUBLISH,c1388f82f4cb481fa68dc7e1d254c67e,68f2d95bd190740cfd6a2631,ENQUEUED,0.4335778675313681,questions_in
2025-10-29T14:04:20.553509,PUBLISH,95a47fb0f5234b85b9cf9bc59fc60965,68f2d95bd190740cfd6a1c90,ENQUEUED,0.39788758881554626,questions_in
2025-10-29T14:04:20.764070,PUBLISH,84ed59ad462c43959876a7ed0e307321,68f2d95bd190740cfd6a387c,ENQUEUED,0.20846698614861878,questions_in
2025-10-29T14:04:21.561808,PUBLISH,d1469ab442c041f99dab651717a4fabb,68f2d95bd190740cfd6a3571,ENQUEUED,0.7956469753644172,questions_in
2025-10-29T14:04:22.276908,PUBLISH,05e62734db214b1fa77ecaf7f13b6ef6,68f2d95bd190740cfd6a320c,ENQUEUED,0.7130689240216732,questions_in
2025-10-29T14:04:22.950538,PUBLISH,17f829a2ebd94759945834792c04f6dd,68f2d95bd190740cfd6a2147,ENQUEUED,0.671685457668972,questions_in
2025-10-29T14:04:23.744262,PUBLISH,1370f4481d504a249ddc8ce696ce4c5a,68f2d95bd190740cfd6a1c3f,ENQUEUED,0.7907534261372184,questions_in
2025-10-29T14:04:24.464325,PUBLISH,d38def22793240e39e28a9aeb7cd405b,68f2d95bd190740cfd6a2650,ENQUEUED,0.7169311228637939,questions_in
2025-10-29T14:04:25.747906,PUBLISH,d9abf95be6af4298993bc5eeab6ef5d9,68f2d95bd190740cfd6a3595,ENQUEUED,1.2808786351898405,questions_in
2025-10-29T14:04:25.759450,PUBLISH,d8b442b214f64fd4b9241966be8f7c6a,68f2d95bd190740cfd6a2f56,ENQUEUED,0.009282238679718178,questions_in
2025-10-29T14:04:25.809513,PUBLISH,833e6447f08d4c4ca3a40ca56ebef78b,68f2d95bd190740cfd6a3e51,ENQUEUED,0.04758291832938779,questions_in
2025-10-29T14:04:26.297596,PUBLISH,feb66732f99d4be1875317737707b56c,68f2d95bd190740cfd6a1dd9,ENQUEUED,0.48641258621003547,questions_in
2025-10-29T14:04:26.376917,PUBLISH,68f91041a4da48f39cfe730237f15798,68f2d95bd190740cfd6a27fe,ENQUEUED,0.07453042283430633,questions_in
2025-10-29T14:04:26.544025,PUBLISH,8f6be52bf5d94064b87841a143275804,68f2d95bd190740cfd6a32fd,ENQUEUED,0.16493424800315884,questions_in
2025-10-29T14:04:26.629202,PUBLISH,01e5c64880dd4436bfafb28c1bfaeca3,68f2d95bd190740cfd6a1f0b,ENQUEUED,0.08225243664353037,questions_in
2025-10-29T14:04:26.677815,PUBLISH,f3c4cd8917ba46c5b60d784f50b5dbee,68f2d95bd190740cfd6a2df0,ENQUEUED,0.0422710397763521,questions_in
2025-10-29T14:04:28.126233,PUBLISH,70f614fae3804c44b047e1bf06088292,68f2d95bd190740cfd6a2f2f,ENQUEUED,1.4447542299704998,questions_in
2025-10-29T14:04:29.178588,PUBLISH,2114d98f24b04ec198b2bae1afff7bd6,68f2d95bd190740cfd6a210e,ENQUEUED,1.0503358311645627,questions_in
2025-10-29T14:04:29.410903,PUBLISH,c294811740824ffb8458b6183f1b1804,68f2d95bd190740cfd6a245f,ENQUEUED,0.230339535809732,questions_in
2025-10-29T14:04:30.059785,PUBLISH,b79e5ecc49174fc4a165dc70adb3f681,68f2d95bd190740cfd6a1c41,ENQUEUED,0.646990220741249,questions_in
2025-10-29T14:04:30.126442,PUBLISH,3d578933a1424df4b57f309803e7993e,68f2d95bd190740cfd6a418d,ENQUEUED,0.060330458715464615,questions_in
2025-10-29T14:04:30.969217,PUBLISH,a0df5a808b1c4c1d8e1d7f2cc05e1275,68f2d95bd190740cfd6a40f3,ENQUEUED,0.8401115514470758,questions_in
2025-10-29T14:04:31.718759,PUBLISH,76ff494699e040aebf5c16d008fdf508,68f2d95bd190740cfd6a1e16,ENQUEUED,0.7475980969441137,questions_in
2025-10-29T14:04:31.792042,PUBLISH,1c2b55a9656947cca007eca448be9e4c,68f2d95bd190740cfd6a3b4a,ENQUEUED,0.07057957350297908,questions_in
2025-10-29T14:04:33.138735,PUBLISH,8c576db8e75740a09638bac28030f2a3,68f2d95bd190740cfd6a3705,ENQUEUED,1.3429029776634698,questions_in
2025-10-29T14:04:34.762714,PUBLISH,3a576907312d42a7a228c5525b752577,68f2d95bd190740cfd6a3d90,ENQUEUED,1.6207855031346694,questions_in
2025-10-29T14:04:35.124222,PUBLISH,6e02ae76fc7c4143b2827317e8684dee,68f2d95bd190740cfd6a3c18,ENQUEUED,0.3590474489588335,questions_in
2025-10-29T14:04:35.261236,PUBLISH,57e19b4e02c442ddaef844230afb2cd8,68f2d95bd190740cfd6a4051,ENQUEUED,0.13512480754675035,questions_in
2025-10-29T14:04:35.825575,PUBLISH,72e4eeaa9ece41a59f67a2755e061d49,68f2d95bd190740cfd6a1f47,ENQUEUED,0.561978053136473,questions_in
2025-10-29T14:04:35.966869,PUBLISH,8eee122e9700470ca883d01c43990717,68f2d95bd190740cfd6a3f9b,ENQUEUED,0.1395325148376004,questions_in
2025-10-29T14:04:36.062519,PUBLISH,16723ef5cb6c4bc89ca7b95088dd222d,68f2d95bd190740cfd6a2472,ENQUEUED,0.09410024925802733,questions_in
2025-10-29T14:04:38.058544,PUBLISH,5aa9ce7039034ff889e512ff677f7274,68f2d95bd190740cfd6a360d,ENQUEUED,1.9922893409481883,questions_in
2025-10-29T14:04:38.411517,PUBLISH,1149dfe982c54414b1b5246f5edb49ae,68f2d95bd190740cfd6a3cf6,ENQUEUED,0.3510000226177621,questions_in
2025-10-29T14:04:39.450425,PUBLISH,c325bc6c2b0f4fe79f85a087d3dc970b,68f2d95bd190740cfd6a228f,ENQUEUED,1.036429360715098,questions_in
2025-10-29T14:04:40.450639,PUBLISH,0980fffcb7e14aa48ac9dd5bd5878c06,68f2d95bd190740cfd6a38ea,ENQUEUED,0.9975759290717211,questions_in
2025-10-29T14:04:40.463941,PUBLISH,d289f08036ea4696b174b18e3c0d8ae5,68f2d95bd190740cfd6a2e7e,ENQUEUED,0.011639962231064407,questions_in
2025-10-29T14:04:42.095409,PUBLISH,10cc3259d02847fca924447dcbb38156,68f2d95bd190740cfd6a2b54,ENQUEUED,1.6285626122934307,questions_in
2025-10-29T14:04:44.212975,PUBLISH,2df5de0982a544f48d2514ce27495617,68f2d95bd190740cfd6a34dd,ENQUEUED,2.1138301804181294,questions_in
2025-10-29T14:04:44.788631,PUBLISH,0b797c050f5c44aca60504b8be9b18ce,68f2d95bd190740cfd6a2a90,ENQUEUED,0.5711444990249638,questions_in
2025-10-29T14:04:45.109268,PUBLISH,a671e7bdb34546e78bb021e94b116753,68f2d95bd190740cfd6a36b2,ENQUEUED,0.31823825404395795,questions_in
2025-10-29T14:04:45.564362,PUBLISH,1efcd1483bce462dad4d188398e22ad6,68f2d95bd190740cfd6a2779,ENQUEUED,0.453126835383812,questions_in
2025-10-29T14:04:45.831430,PUBLISH,af642f1d05ad4e489dcb07bc5bd3fa1c,68f2d95bd190740cfd6a2408,ENQUEUED,0.2654542439182774,questions_in
2025-10-29T14:04:47.022468,PUBLISH,9a26a8424470407f8ee86c56c6388b31,68f2d95bd190740cfd6a3d1c,ENQUEUED,1.1877536068164993,questions_in
2025-10-29T14:04:47.666750,PUBLISH,033b9b85b5864128b8012457516be55b,68f2d95bd190740cfd6a213d,ENQUEUED,0.6427054092683245,questions_in
2025-10-29T14:04:49.029090,PUBLISH,dae429b094f9442894c996e35cef907c,68f2d95bd190740cfd6a2429,ENQUEUED,1.3594838013636341,questions_in
2025-10-29T14:04:49.640625,PUBLISH,01f94e5f9efd4c97916fa1480a5298f4,68f2d95bd190740cfd6a1c18,ENQUEUED,0.609838014366248,questions_in
2025-10-29T14:04:50.927511,PUBLISH,2d223ec09c044f879e203ac4a222d451,68f2d95bd190740cfd6a3c03,ENQUEUED,1.2844849087066204,questions_in
2025-10-29T14:04:51.155839,PUBLISH,dc73abf167064b48818af969240b0fe3,68f2d95bd190740cfd6a3832,ENQUEUED,0.2255302875097079,questions_in
2025-10-29T14:04:52.352525,PUBLISH,72176c76763f462c9d0ce598a30adbbb,68f2d95bd190740cfd6a3b8a,ENQUEUED,1.19307121159633,questions_in
2025-10-29T14:04:52.554339,PUBLISH,a4a516b44a7948379414ba4620223f0b,68f2d95bd190740cfd6a1bcd,ENQUEUED,0.19899728540816355,questions_in
2025-10-29T14:04:52.581714,PUBLISH,a383391dc7d84b8eb618153d5354ac1c,68f2d95bd190740cfd6a3680,ENQUEUED,0.0258179790974447,questions_in
2025-10-29T14:04:52.662370,PUBLISH,6e395bb372424c89b24dac8ee2405c3e,68f2d95bd190740cfd6a36be,ENQUEUED,0.07882047701877791,questions_in
2025-10-29T14:04:52.885251,PUBLISH,1d396aa9963a4bd8b704c6d08ceeed92,68f2d95bd190740cfd6a2918,ENQUEUED,0.21738606024424742,questions_in
2025-10-29T14:04:53.543805,PUBLISH,af303605ee034f719e872da88e15457f,68f2d95bd190740cfd6a377f,ENQUEUED,0.6560277481462606,questions_in
2025-10-29T14:04:54.990914,PUBLISH,13d50ba2190f4486b4c5ab7d827e8693,68f2d95bd190740cfd6a20a5,ENQUEUED,1.4442456198686136,questions_in
2025-10-29T14:04:55.945411,PUBLISH,6135795338ad45cbb492ef37bd49511b,68f2d95bd190740cfd6a1d8b,ENQUEUED,0.9519127079799853,questions_in
2025-10-29T14:04:55.995536,PUBLISH,ff95ee5fdd164cc58935c5aa0f1581e1,68f2d95bd190740cfd6a3b21,ENQUEUED,0.047514282536409096,questions_in
2025-10-29T14:04:56.010804,PUBLISH,7be809f09fb746abb79c5396637f71a1,68f2d95bd190740cfd6a35ef,ENQUEUED,0.013749174437471668,questions_in
2025-10-29T14:04:57.428768,PUBLISH,84f24b8579bf430eaa8e2898e84957e5,68f2d95bd190740cfd6a3f67,ENQUEUED,1.4151617605801643,questions_in
2025-10-29T14:04:57.555402,PUBLISH,a89df4de6af84da2a446065abb8fb6c9,68f2d95bd190740cfd6a318a,ENQUEUED,0.12478234529697348,questions_in
2025-10-29T14:04:57.850250,PUBLISH,96382152493741acbeabb9c7178e009f,68f2d95bd190740cfd6a3102,ENQUEUED,0.2919532458743211,questions_in
2025-10-29T14:04:58.000727,PUBLISH,df94f247029240d7bd00d8ea162b6f3f,68f2d95bd190740cfd6a31f3,ENQUEUED,0.14773469634383432,questions_in
2025-10-29T14:04:58.213928,PUBLISH,0fcfb006076644538f96d7fb8c654334,68f2d95bd190740cfd6a3825,ENQUEUED,0.2104239242957979,questions_in
2025-10-29T14:04:59.497584,PUBLISH,bbb4b7706b454d50af6f0dcc62ab75a6,68f2d95bd190740cfd6a2bd9,ENQUEUED,1.281003281733565,questions_in
2025-10-29T14:04:59.753251,PUBLISH,a7b1f266872b4316a1f51dc9b7de7966,68f2d95bd190740cfd6a3762,ENQUEUED,0.2524399900300345,questions_in
2025-10-29T14:05:00.483323,PUBLISH,fcd9e7055ba04c25964cb865d3921022,68f2d95bd190740cfd6a3694,ENQUEUED,0.7269059190813035,questions_in
2025-10-29T14:05:01.001491,PUBLISH,00e091d2082f4f35932284e3f76a04f1,68f2d95bd190740cfd6a28b8,ENQUEUED,0.515426618202309,questions_in
2025-10-29T14:05:01.696445,PUBLISH,09f50c08c88f439aa55a6faa5f434582,68f2d95bd190740cfd6a37d2,ENQUEUED,0.6921603665071546,questions_in
2025-10-29T14:05:02.575476,PUBLISH,9e5a168417104ed18123ad6e91ba39e3,68f2d95bd190740cfd6a221f,ENQUEUED,0.8769374589333379,questions_in
2025-10-29T14:05:04.456385,PUBLISH,672974aee6584917bbb25f294f89766c,68f2d95bd190740cfd6a2e59,ENQUEUED,1.8776589926148997,questions_in
2025-10-29T14:05:05.012510,PUBLISH,a20facd4cb9c406a898911a2483cb3c2,68f2d95bd190740cfd6a3d5b,ENQUEUED,0.5543708088731875,questions_in
2025-10-29T14:05:06.273291,PUBLISH,8a9a5db6595f434d84dff484c115c17a,68f2d95bd190740cfd6a2732,ENQUEUED,1.2588063747217983,questions_in
2025-10-29T14:05:06.463455,PUBLISH,bd21d1288be940cfad11b2e5be2db836,68f2d95bd190740cfd6a28ea,ENQUEUED,0.1885883849531558,questions_in
2025-10-29T14:05:06.888910,PUBLISH,f5212b7b24244f74b5f84ea92cf02e88,68f2d95bd190740cfd6a343b,ENQUEUED,0.4230778706476164,questions_in
2025-10-29T14:05:06.975813,PUBLISH,c65f9c21721f473883ab3b56ec16a809,68f2d95bd190740cfd6a3ce3,ENQUEUED,0.08534142011378347,questions_in
2025-10-29T14:05:09.998644,PUBLISH,87c79294fd7f4cbc805e1ee64420ad2a,68f2d95bd190740cfd6a252a,ENQUEUED,3.0174685658503333,questions_in
2025-10-29T14:05:11.205249,PUBLISH,dad57d0d219a495d8d18d41d4a496fa3,68f2d95bd190740cfd6a3d75,ENQUEUED,1.2034311488342937,questions_in
2025-10-29T14:05:12.857473,PUBLISH,a9cdb1c78f77465ba70fbff368030fc4,68f2d95bd190740cfd6a3efc,ENQUEUED,1.6494518010067694,questions_in
2025-10-29T14:05:13.689523,PUBLISH,95c3dbf61dc4476fb6c264a01ed0892d,68f2d95bd190740cfd6a3488,ENQUEUED,0.8301783127712775,questions_in
2025-10-29T14:05:13.889789,PUBLISH,15929916cba14572a736fce04b4e700b,68f2d95bd190740cfd6a2ddb,ENQUEUED,0.19828070774856146,questions_in
2025-10-29T14:05:13.949220,PUBLISH,f2dac5b709da41cfb89392fadc7929f5,68f2d95bd190740cfd6a2e56,ENQUEUED,0.0560978450362622,questions_in
2025-10-29T14:05:15.551153,PUBLISH,9c9353d6a9d84d2ab49076545b3911f7,68f2d95bd190740cfd6a3360,ENQUEUED,1.598808359199033,questions_in
2025-10-29T14:05:15.848096,PUBLISH,5361f547f87448af9153044e1d59b1bf,68f2d95bd190740cfd6a2804,ENQUEUED,0.29412032471872385,questions_in
2025-10-29T14:05:16.154496,PUBLISH,b78b77dab60c43cab4307c774d1030fe,68f2d95bd190740cfd6a3ef2,ENQUEUED,0.30457612142018947,questions_in
2025-10-29T14:05:16.582899,PUBLISH,76fcfa4f015445ee8cff862fdc5626f7,68f2d95bd190740cfd6a3981,ENQUEUED,0.42579820557000464,questions_in
2025-10-29T14:05:17.515404,PUBLISH,3c20d9faa5704d9eb629dfbe496fe24c,68f2d95bd190740cfd6a250e,ENQUEUED,0.9271989580989071,questions_in
2025-10-29T14:05:17.888255,PUBLISH,c128232705064e1ba96af620b003faca,68f2d95bd190740cfd6a321d,ENQUEUED,0.36869589519179774,questions_in
2025-10-29T14:05:19.086649,PUBLISH,39c76cc1e4d24be18d199245d5580ba1,68f2d95bd190740cfd6a3ec9,ENQUEUED,1.1936510986269229,questions_in
2025-10-29T14:05:19.898687,PUBLISH,98a837eae0a248d9851c2728b1398eac,68f2d95bd190740cfd6a303e,ENQUEUED,0.8085488518814476,questions_in
2025-10-29T14:05:19.974164,PUBLISH,11f1462a54c9429bb5be05c6db54bb83,68f2d95bd190740cfd6a3b47,ENQUEUED,0.07360263058048482,questions_in
2025-10-29T14:05:22.122360,PUBLISH,4bd09b9e405b4ef0952c939f89b1cccf,68f2d95bd190740cfd6a3dfb,ENQUEUED,2.142575580432983,questions_in
2025-10-29T14:05:23.739599,PUBLISH,ee24328c711f41c48931fdf19193cc5a,68f2d95bd190740cfd6a24a0,ENQUEUED,1.6144219864873766,questions_in
2025-10-29T14:05:24.702524,PUBLISH,1f583bf97c7947d18c6a794ea73e9343,68f2d95bd190740cfd6a32c8,ENQUEUED,0.9610763916183918,questions_in
2025-10-29T14:05:25.240281,PUBLISH,b00121616ea34baca82aaa057fa8c1b6,68f2d95bd190740cfd6a3765,ENQUEUED,0.5362365123564349,questions_in
2025-10-29T14:05:25.927623,PUBLISH,b58c3908fc2e4a498cca0613971315b9,68f2d95bd190740cfd6a3b57,ENQUEUED,0.6840668420224901,questions_in
2025-10-29T14:05:27.473631,PUBLISH,79625701919f49f19f66d5764d0dfc60,68f2d95bd190740cfd6a1fc7,ENQUEUED,1.5437257528924881,questions_in
2025-10-29T14:05:27.617611,PUBLISH,cb23809f09c941d48d2834d428044f6a,68f2d95bd190740cfd6a332f,ENQUEUED,0.1417600650663696,questions_in
2025-10-29T14:05:27.717419,PUBLISH,eda4c093fd614e2bb563c7c1f9db2a60,68f2d95bd190740cfd6a243c,ENQUEUED,0.09724711273314722,questions_in
2025-10-29T14:05:27.980995,PUBLISH,1bc1524ec17c4a008cc67991656db989,68f2d95bd190740cfd6a3726,ENQUEUED,0.26073947906840805,questions_in
2025-10-29T14:05:28.123073,PUBLISH,118ebc3df7fb40a4851e4c49cbb15704,68f2d95bd190740cfd6a2ccc,ENQUEUED,0.14020833738132363,questions_in
2025-10-29T14:05:28.386476,PUBLISH,3d60f5558ae34f3e8e18a6494980ea9f,68f2d95bd190740cfd6a3189,ENQUEUED,0.2614484016226289,questions_in
2025-10-29T14:05:28.477717,PUBLISH,ea286cf8e7344b589a2a519dc546ce43,68f2d95bd190740cfd6a3c76,ENQUEUED,0.08846228674240253,questions_in
2025-10-29T14:05:29.050937,PUBLISH,3093d1046fd14aaaa369148553b7d84f,68f2d95bd190740cfd6a369b,ENQUEUED,0.5705691556853918,questions_in
2025-10-29T14:05:29.413556,PUBLISH,26d2d2e1b86a4dfa8c2ac0924bac5e59,68f2d95bd190740cfd6a322e,ENQUEUED,0.35887569038691464,questions_in
2025-10-29T14:05:29.634240,PUBLISH,945eb1afddc9420c86c05c664b23ebb4,68f2d95bd190740cfd6a1b4a,ENQUEUED,0.2178930068693307,questions_in
2025-10-29T14:05:30.104622,PUBLISH,d4ba9367162442ccaa163185871bdb66,68f2d95bd190740cfd6a1b42,ENQUEUED,0.468326271910048,questions_in
2025-10-29T14:05:30.387655,PUBLISH,a8763c780ba54f01a1edb5d64a6941c1,68f2d95bd190740cfd6a280f,ENQUEUED,0.28092891177143525,questions_in
2025-10-29T14:05:30.511688,PUBLISH,4be9788ec9cb4a01a88928f6edd4ef97,68f2d95bd190740cfd6a1f59,ENQUEUED,0.1199229410955942,questions_in
2025-10-29T14:05:30.957262,PUBLISH,cec92cdc3f384a9cbb65e5a3118fe9f1,68f2d95bd190740cfd6a2c42,ENQUEUED,0.44348431438037944,questions_in
2025-10-29T14:05:32.120992,PUBLISH,33e8753cd95d48eba0b6051c53a8b5d2,68f2d95bd190740cfd6a2f26,ENQUEUED,1.1613509429778288,questions_in
2025-10-29T14:05:32.824622,PUBLISH,dc05362ed2c24a6eaf10a275d22c1d4e,68f2d95bd190740cfd6a3eca,ENQUEUED,0.7011729597359048,questions_in
2025-10-29T14:05:32.939321,PUBLISH,2772594f247d4e069f8aa79019aa5a9d,68f2d95bd190740cfd6a1e02,ENQUEUED,0.11295253828768366,questions_in
2025-10-29T14:05:33.317717,PUBLISH,8ec95943e586463d965bdd055d786556,68f2d95bd190740cfd6a29ec,ENQUEUED,0.3759429187457009,questions_in
2025-10-29T14:05:33.377608,PUBLISH,8765a27ee8d34f43b98036d27f728407,68f2d95bd190740cfd6a3413,ENQUEUED,0.057215910489115035,questions_in
2025-10-29T14:05:33.453843,PUBLISH,d55119670ce348ac87fd44613eda063d,68f2d95bd190740cfd6a22fa,ENQUEUED,0.07416568701835372,questions_in
2025-10-29T14:05:33.786023,PUBLISH,60cbea13796e46049ffcdcd55500e930,68f2d95bd190740cfd6a361f,ENQUEUED,0.3302688573825881,questions_in
2025-10-29T14:05:34.929570,PUBLISH,98499720b22549bab892f9781c0a5cee,68f2d95bd190740cfd6a22c7,ENQUEUED,1.138858461265689,questions_in
2025-10-29T14:05:35.603503,PUBLISH,509343b438cd4e5298216ab5b9ca2518,68f2d95bd190740cfd6a2b9f,ENQUEUED,0.6718736754487943,questions_in
2025-10-29T14:05:35.642672,PUBLISH,d421f5876b8b41dcb7054c6c1dd3fb57,68f2d95bd190740cfd6a1cde,ENQUEUED,0.03643551724946779,questions_in
2025-10-29T14:05:37.509787,PUBLISH,26a275274bfd44e2bfe21bb17bd7ccef,68f2d95bd190740cfd6a2802,ENQUEUED,1.863566333511015,questions_in
2025-10-29T14:05:38.345830,PUBLISH,db80342be0ae40baab580d012590d737,68f2d95bd190740cfd6a3caa,ENQUEUED,0.8331092164653765,questions_in
2025-10-29T14:05:39.515590,PUBLISH,3366e360d70c4d878c18999399b81308,68f2d95bd190740cfd6a2064,ENQUEUED,1.166918911690684,questions_in
2025-10-29T14:05:39.548432,PUBLISH,1dfab58fde4e44ccb9f81f3a59a27023,68f2d95bd190740cfd6a2349,ENQUEUED,0.0309086685582679,questions_in
2025-10-29T14:05:39.756038,PUBLISH,fc84357dcf084a3ab84405fe81a6cb88,68f2d95bd190740cfd6a233d,ENQUEUED,0.20562696806727968,questions_in
2025-10-29T14:05:42.114231,PUBLISH,e69204ff6a32466998734a1d53a831c8,68f2d95bd190740cfd6a29fc,ENQUEUED,2.352638639080309,questions_in
2025-10-29T14:05:42.219523,PUBLISH,3c246260f7064405b7f5a8f8a9fd0506,68f2d95bd190740cfd6a3796,ENQUEUED,0.10312587882017495,questions_in
2025-10-29T14:05:42.420214,PUBLISH,c1803db9c68847df83b50b6d41c928c8,68f2d95bd190740cfd6a2bfe,ENQUEUED,0.19885390415994988,questions_in
2025-10-29T14:05:42.567503,PUBLISH,e71bed4429944066a6272a7e713b7847,68f2d95bd190740cfd6a36b2,ENQUEUED,0.14535944432836093,questions_in
2025-10-29T14:05:42.919772,PUBLISH,f8aa4574fedc4934870c389da2dea3b2,68f2d95bd190740cfd6a31ef,ENQUEUED,0.35031178900466925,questions_in
2025-10-29T14:05:44.394448,PUBLISH,2028c4c3f8314edf9f588454a1cd4780,68f2d95bd190740cfd6a26c9,ENQUEUED,1.4716523950295703,questions_in
2025-10-29T14:05:45.580287,PUBLISH,4773e562ad6e4bf7ad349ab0bb2df8e0,68f2d95bd190740cfd6a1fca,ENQUEUED,1.1828254459644325,questions_in
2025-10-29T14:05:46.091194,PUBLISH,bbcf78e76f024c068683a988cb9eecf6,68f2d95bd190740cfd6a3a1a,ENQUEUED,0.5077965667568619,questions_in
2025-10-29T14:05:46.212633,PUBLISH,d7abfe12a6464178b9526aefbfe7077e,68f2d95bd190740cfd6a2f88,ENQUEUED,0.11948201252279632,questions_in
2025-10-29T14:05:46.321246,PUBLISH,b2f23c85014844cfb0c46baac2ce65bb,68f2d95bd190740cfd6a2558,ENQUEUED,0.10689486194120851,questions_in
2025-10-29T14:05:46.387127,PUBLISH,9e4dfc61d6f846b5b53dd7cba36dc891,68f2d95bd190740cfd6a3458,ENQUEUED,0.06409750754261115,questions_in
2025-10-29T14:05:47.082259,PUBLISH,55146cfa6bee4ccbb1f5ce144fd4cb00,68f2d95bd190740cfd6a2854,ENQUEUED,0.6932620236276409,questions_in
2025-10-29T14:05:47.998471,PUBLISH,caee18bb7ed24f8f953955cd4518c523,68f2d95bd190740cfd6a2aeb,ENQUEUED,0.914615274612494,questions_in
2025-10-29T14:05:48.824736,PUBLISH,fc4df120be674dcc8e540f0fa3f849f7,68f2d95bd190740cfd6a2416,ENQUEUED,0.8240625946376067,questions_in
2025-10-29T14:05:49.746791,PUBLISH,dead9466757c4b1c8407d07ac16dccb6,68f2d95bd190740cfd6a212d,ENQUEUED,0.9192830038029465,questions_in
2025-10-29T14:05:50.027643,PUBLISH,dda12f4da897436bb41f1e1442cce944,68f2d95bd190740cfd6a29b3,ENQUEUED,0.2786337598176985,questions_in
2025-10-29T14:05:51.036404,PUBLISH,d11d271d1394412d8ca4cd6f0219757a,68f2d95bd190740cfd6a2eaf,ENQUEUED,1.0070856885672683,questions_in
2025-10-29T14:05:52.849734,PUBLISH,aa8e2588eb7c4c85a7a053ced59f57d5,68f2d95bd190740cfd6a27e3,ENQUEUED,1.810198130226288,questions_in
2025-10-29T14:05:54.219736,PUBLISH,c3970c8dfdd244fc97c32bd49949dad7,68f2d95bd190740cfd6a1da7,ENQUEUED,1.3673365276030698,questions_in
2025-10-29T14:05:54.335648,PUBLISH,46ed5b1d604c4533a1e7459ecb362eef,68f2d95bd190740cfd6a22e0,ENQUEUED,0.11386857832922374,questions_in
2025-10-29T14:05:56.173727,PUBLISH,ec60bde799b547f48c31166abbfc12e3,68f2d95bd190740cfd6a2c63,ENQUEUED,1.8325623832475124,questions_in
2025-10-29T14:05:56.272468,PUBLISH,3605e0ba21214362941a0c7c0b7bd608,68f2d95bd190740cfd6a32e4,ENQUEUED,0.0956740304584196,questions_in
2025-10-29T14:05:56.913806,PUBLISH,90760178624f467da51ba3c1672ef347,68f2d95bd190740cfd6a1f28,ENQUEUED,0.6395814530072622,questions_in
2025-10-29T14:05:57.867780,PUBLISH,79b56fcbb4a04cbca0824bb715ce8c2e,68f2d95bd190740cfd6a1adb,ENQUEUED,0.9513595873624067,questions_in
2025-10-29T14:05:58.244481,PUBLISH,67876a93e5564e55b6bf36e1444a72c9,68f2d95bd190740cfd6a343b,ENQUEUED,0.3738323425295737,questions_in
2025-10-29T14:05:58.295917,PUBLISH,264464d0f79d498abc693637d40aad1c,68f2d95bd190740cfd6a3dfe,ENQUEUED,0.049084588694826035,questions_in
2025-10-29T14:05:58.689880,PUBLISH,2c44784adf124d13a2b30429416f89af,68f2d95bd190740cfd6a239f,ENQUEUED,0.39203833968650015,questions_in
2025-10-29T14:05:59.933824,PUBLISH,524046174de44d64959ec1b6d624abff,68f2d95bd190740cfd6a2a11,ENQUEUED,1.2410772009035955,questions_in
2025-10-29T14:06:00.899611,PUBLISH,28d0d63d5568447fbd965987a03716ca,68f2d95bd190740cfd6a2c91,ENQUEUED,0.9635813697044013,questions_in
2025-10-29T14:06:02.176840,PUBLISH,9b1eb71d40204d37823354c60a5c0b47,68f2d95bd190740cfd6a1ede,ENQUEUED,1.2744044026730121,questions_in
2025-10-29T14:06:03.063188,PUBLISH,e314da71633c43e9bc7dc86879d8d74b,68f2d95bd190740cfd6a1b30,ENQUEUED,0.8836843897659032,questions_in
2025-10-29T14:06:03.098955,PUBLISH,afd266123d2641ceb84a8e1800e61f65,68f2d95bd190740cfd6a24af,ENQUEUED,0.0338159821267925,questions_in
2025-10-29T14:06:04.588108,PUBLISH,11281b1d5e344307b5b8ab04986910c5,68f2d95bd190740cfd6a2f23,ENQUEUED,1.4852836942469996,questions_in
2025-10-29T14:06:05.720853,PUBLISH,f72bf8f24e1f4eb292f30f08ddabb634,68f2d95bd190740cfd6a25ad,ENQUEUED,1.1287277733619134,questions_in
2025-10-29T14:06:06.283290,PUBLISH,a59a3dd9834243fb94c25ce88cc5e046,68f2d95bd190740cfd6a25a0,ENQUEUED,0.5607959753270485,questions_in
2025-10-29T14:06:06.680716,PUBLISH,b7eace781d974e7092de655fa14a6544,68f2d95bd190740cfd6a2802,ENQUEUED,0.39490248523710153,questions_in
2025-10-29T14:06:07.203455,PUBLISH,cd83482b75914ec686be86954ce8ffd8,68f2d95bd190740cfd6a3da3,ENQUEUED,0.5147616705959095,questions_in
2025-10-29T14:06:07.540742,PUBLISH,2d714c0230154f0ca9cdc1c47ff0f58c,68f2d95bd190740cfd6a2c2d,ENQUEUED,0.33537897009997014,questions_in
2025-10-29T14:06:08.750640,PUBLISH,b0eb4533a1c746bf80f873caf423bfd6,68f2d95bd190740cfd6a2c46,ENQUEUED,1.2075422145573513,questions_in
2025-10-29T14:06:08.790944,PUBLISH,280179ad6828464880989dbbc04a6fbf,68f2d95bd190740cfd6a296f,ENQUEUED,0.038171923043065374,questions_in
2025-10-29T14:06:08.942070,PUBLISH,53a2c73687d84398be1375d8fb0c15ee,68f2d95bd190740cfd6a26e1,ENQUEUED,0.14879457930439158,questions_in
2025-10-29T14:06:09.732833,PUBLISH,81a2cdc7ca464788a9fefaca789968a5,68f2d95bd190740cfd6a396a,ENQUEUED,0.7882176746697859,questions_in
2025-10-29T14:06:09.867248,PUBLISH,aa96725bebdf4d2cbefd406ca3d900c3,68f2d95bd190740cfd6a3e93,ENQUEUED,0.12912719105572124,questions_in
2025-10-29T14:06:10.375679,PUBLISH,2badb657d46348d59ebb080067b9d5d5,68f2d95bd190740cfd6a3db9,ENQUEUED,0.5054349984079598,questions_in
2025-10-29T14:06:11.564416,PUBLISH,606cf9916bb34c41ba5f5ccfe0edb937,68f2d95bd190740cfd6a27d2,ENQUEUED,1.1863522594635627,questions_in
2025-10-29T14:06:11.947854,PUBLISH,088456bacfaf44489e97a2c880f46455,68f2d95bd190740cfd6a4191,ENQUEUED,0.3782865359841801,questions_in
2025-10-29T14:06:11.961199,PUBLISH,2d449b9a7f1848368eb2d5c3792903e6,68f2d95bd190740cfd6a24ad,ENQUEUED,0.004778384262021312,questions_in
2025-10-29T14:06:12.084373,PUBLISH,cbd51c709f00420cac95c199f122e23c,68f2d95bd190740cfd6a2265,ENQUEUED,0.11770537444631125,questions_in
2025-10-29T14:06:15.436470,PUBLISH,afae4f460bef4d3d88d5b6ca0b71de0e,68f2d95bd190740cfd6a27d5,ENQUEUED,3.345327188288778,questions_in
2025-10-29T14:06:15.734998,PUBLISH,154041dd2be84b608471c4b4d34e47db,68f2d95bd190740cfd6a2d1d,ENQUEUED,0.29580794715298897,questions_in
2025-10-29T14:06:16.745578,PUBLISH,dbbba988b7754c589b4730f455df6bbb,68f2d95bd190740cfd6a3149,ENQUEUED,1.0087379150809244,questions_in
2025-10-29T14:06:18.331675,PUBLISH,aecc3e52f08141f3b48fc060a82bc300,68f2d95bd190740cfd6a3627,ENQUEUED,1.5830436966010002,questions_in
2025-10-29T14:06:19.322048,PUBLISH,5e250fce527a43b3ac826a83badbde0f,68f2d95bd190740cfd6a3e79,ENQUEUED,0.9879494724327467,questions_in
2025-10-29T14:06:19.395418,PUBLISH,92e40b9b2c064a18b55e2c6f0c24d4dc,68f2d95bd190740cfd6a2187,ENQUEUED,0.07133061683693913,questions_in
2025-10-29T14:06:19.626078,PUBLISH,5cad0ac96a2747a6885172c2365bb689,68f2d95bd190740cfd6a23da,ENQUEUED,0.22697628105583753,questions_in
2025-10-29T14:06:21.114518,PUBLISH,bd92ee89d69a4766bfb8098e95444a69,68f2d95bd190740cfd6a2d1b,ENQUEUED,1.4857097628499003,questions_in
2025-10-29T14:06:22.100889,PUBLISH,0c0dc80a69d2428a89a3ab9190e99ada,68f2d95bd190740cfd6a1e63,ENQUEUED,0.9835380068150298,questions_in
2025-10-29T14:06:22.166491,PUBLISH,94be5877b9d346abbb96a7b26d38295d,68f2d95bd190740cfd6a2b86,ENQUEUED,0.06243136871480076,questions_in
2025-10-29T14:06:22.453585,PUBLISH,1b84c6d8e7404b19b33bda8244c1dd26,68f2d95bd190740cfd6a3fdf,ENQUEUED,0.2853084596687741,questions_in
2025-10-29T14:06:26.066324,PUBLISH,cbf815c8a7744417ba7e2b7a9ba76ac1,68f2d95bd190740cfd6a2cd9,ENQUEUED,3.607521486348985,questions_in
2025-10-29T14:06:27.150709,PUBLISH,415779423edf4384933fa9e2200af9eb,68f2d95bd190740cfd6a24b1,ENQUEUED,1.0817558610835425,questions_in
2025-10-29T14:06:28.615854,PUBLISH,3bc4283411764afebd92f2304155f840,68f2d95bd190740cfd6a3d6d,ENQUEUED,1.458562848699833,questions_in
2025-10-29T14:06:29.233628,PUBLISH,45578abe0b16426fb0590ccce56af3fa,68f2d95bd190740cfd6a3fdb,ENQUEUED,0.6143144907988427,questions_in
2025-10-29T14:06:29.885405,PUBLISH,8254114ed5fb43539a5dbad9b42ab059,68f2d95bd190740cfd6a2170,ENQUEUED,0.6483678766392725,questions_in
2025-10-29T14:06:30.469928,PUBLISH,6783e87621134aefa5946fd6987650e5,68f2d95bd190740cfd6a3151,ENQUEUED,0.5821493230125433,questions_in
2025-10-29T14:06:31.050822,PUBLISH,3f52629f5b0c40289dcbdee943dbf75a,68f2d95bd190740cfd6a3d0c,ENQUEUED,0.5789891866739655,questions_in
2025-10-29T14:06:31.264258,PUBLISH,3fbfd252931f44d7a43c105028a60a19,68f2d95bd190740cfd6a29c3,ENQUEUED,0.21165499424459225,questions_in
2025-10-29T14:06:31.475711,PUBLISH,adc1a082c5c644289b16ccfaac1636fc,68f2d95bd190740cfd6a22be,ENQUEUED,0.2097281154168481,questions_in
2025-10-29T14:06:32.206432,PUBLISH,5e9a38f4a54e42f7bf98613ddafa6e08,68f2d95bd190740cfd6a3b8f,ENQUEUED,0.7224448838620279,questions_in
2025-10-29T14:06:33.509523,PUBLISH,a6e0ca70cf5c4ae9aec7e9639cd32c67,68f2d95bd190740cfd6a2119,ENQUEUED,1.2970645334662196,questions_in
2025-10-29T14:06:34.530103,PUBLISH,e5b2442216ea45048ca1b052abbba9e3,68f2d95bd190740cfd6a36a6,ENQUEUED,1.0183559663148547,questions_in
2025-10-29T14:06:34.543048,PUBLISH,d89d2c661a904841a2075677774c9cc5,68f2d95bd190740cfd6a39ba,ENQUEUED,0.011422615694763133,questions_in
2025-10-29T14:06:35.065952,PUBLISH,e5b5a2f25bc44aa9935d1814f9b1fc34,68f2d95bd190740cfd6a1eed,ENQUEUED,0.5207436972016483,questions_in
2025-10-29T14:06:35.439303,PUBLISH,d98aafa8f0b7406ea01b7f3735fafbad,68f2d95bd190740cfd6a1f8e,ENQUEUED,0.371561611598672,questions_in
2025-10-29T14:06:36.248903,PUBLISH,d0a95246bc0d486785a0b0be11472fef,68f2d95bd190740cfd6a3aa1,ENQUEUED,0.8066718547376275,questions_in
2025-10-29T14:06:36.954111,PUBLISH,13d4a4bc56d140baae13c89a220cabac,68f2d95bd190740cfd6a379d,ENQUEUED,0.7024466180297346,questions_in
2025-10-29T14:06:37.275402,PUBLISH,2c61d508969c4c5eb51fc080863f627e,68f2d95bd190740cfd6a361d,ENQUEUED,0.319303089254653,questions_in
2025-10-29T14:06:38.888705,PUBLISH,aba77a7b175f4479a2b119dbfbca903c,68f2d95bd190740cfd6a2d4c,ENQUEUED,1.610235168487218,questions_in
2025-10-29T14:06:39.111641,PUBLISH,9f34a74a4e5949dfab84cf29f846313e,68f2d95bd190740cfd6a31b5,ENQUEUED,0.21558614203553075,questions_in
2025-10-29T14:06:40.714733,PUBLISH,f3c7a48cc0df4b8085819b415bb5c243,68f2d95bd190740cfd6a282e,ENQUEUED,1.599880887229132,questions_in
2025-10-29T14:06:42.070759,PUBLISH,68fd58f946e54a1a82c9ce5aaf65044f,68f2d95bd190740cfd6a1d0b,ENQUEUED,1.3538528701776897,questions_in
2025-10-29T14:06:42.893913,PUBLISH,0af6e4e754244306890317660e629eab,68f2d95bd190740cfd6a1f4b,ENQUEUED,0.8203911624031153,questions_in
2025-10-29T14:06:44.893837,PUBLISH,c713ed1d0e474516bf5c44d6588a0aef,68f2d95bd190740cfd6a3ee5,ENQUEUED,1.9919344359219766,questions_in
2025-10-29T14:06:45.452858,PUBLISH,3510d3285a604cc2ab35bfa139b9b932,68f2d95bd190740cfd6a36cc,ENQUEUED,0.5566127281806434,questions_in
2025-10-29T14:06:47.072958,PUBLISH,d38772738c7742e4836f0c79f2a31a82,68f2d95bd190740cfd6a2d40,ENQUEUED,1.6171270212476199,questions_in
2025-10-29T14:06:47.336384,PUBLISH,2d538265edb44dab96fe6149748037e5,68f2d95bd190740cfd6a327a,ENQUEUED,0.2611613387096093,questions_in
2025-10-29T14:06:47.602956,PUBLISH,8341c6ccfbc348398ce29cf27dc5209e,68f2d95bd190740cfd6a24ad,ENQUEUED,0.26411400482322855,questions_in
2025-10-29T14:06:47.785852,PUBLISH,86e3972f2b7c498ba38cab27e51aa456,68f2d95bd190740cfd6a40dd,ENQUEUED,0.18030439611122986,questions_in
2025-10-29T14:06:48.159137,PUBLISH,a035ab7d48f1471ebd9c2b69658d6773,68f2d95bd190740cfd6a2aba,ENQUEUED,0.36606749736980354,questions_in
2025-10-29T14:06:49.356533,PUBLISH,ae3f6452b77a412d8e555e4f3ca3e076,68f2d95bd190740cfd6a2936,ENQUEUED,1.1909910225745792,questions_in
2025-10-29T14:06:49.514277,PUBLISH,db8e52bb83914064b08a9c18fb044628,68f2d95bd190740cfd6a2566,ENQUEUED,0.15580439330176915,questions_in
2025-10-29T14:06:50.485816,PUBLISH,cfe8f768df084a67bbfcd57be416ceff,68f2d95bd190740cfd6a363c,ENQUEUED,0.9696527104385139,questions_in
2025-10-29T14:06:50.830602,PUBLISH,5defb15ae1ae4c48a26ae3875b91c1bf,68f2d95bd190740cfd6a2416,ENQUEUED,0.34137096659787575,questions_in
2025-10-29T14:06:51.653474,PUBLISH,25d4c3d3692c4777854787af3c0c5395,68f2d95bd190740cfd6a390f,ENQUEUED,0.815430137382991,questions_in
2025-10-29T14:06:52.555815,PUBLISH,af421bd2bad24f3999868d1cb31f4a19,68f2d95bd190740cfd6a3df2,ENQUEUED,0.8975368499802867,questions_in
2025-10-29T14:06:53.112842,PUBLISH,14c955f47f1f4c88a0695f0deb5f00c0,68f2d95bd190740cfd6a416e,ENQUEUED,0.5489197388986781,questions_in
2025-10-29T14:06:53.204951,PUBLISH,4fdd2152e0364135ad3b8330f1f5bf00,68f2d95bd190740cfd6a3d4a,ENQUEUED,0.08690464707873506,questions_in
2025-10-29T14:06:53.705641,PUBLISH,3fee7a0951ec47f39001f20338a9d43f,68f2d95bd190740cfd6a2525,ENQUEUED,0.4934428614549264,questions_in
2025-10-29T14:06:54.585183,PUBLISH,3b865a95242c4cb49599ed2157a02fca,68f2d95bd190740cfd6a3fa5,ENQUEUED,0.8720235286803778,questions_in
2025-10-29T14:06:54.767730,PUBLISH,d7e34699744e42419b4afb45630d54ea,68f2d95bd190740cfd6a279d,ENQUEUED,0.17882808665274252,questions_in
2025-10-29T14:06:55.686637,PUBLISH,1d9efd2323f04720a04b30c6a047dc24,68f2d95bd190740cfd6a4019,ENQUEUED,0.9128699966925099,questions_in
2025-10-29T14:06:56.646862,PUBLISH,4e89fb76c94b449da1cbf393467d6ede,68f2d95bd190740cfd6a3308,ENQUEUED,0.9547536117326966,questions_in
2025-10-29T14:06:57.154981,PUBLISH,e7a08a53a5c041d6bf09bd5603ddd9be,68f2d95bd190740cfd6a2e62,ENQUEUED,0.5027462217294595,questions_in
2025-10-29T14:06:57.238894,PUBLISH,a77906dfb3fd4bba9660dc22e964e4ca,68f2d95bd190740cfd6a3ef4,ENQUEUED,0.0782630955365277,questions_in
2025-10-29T14:06:57.764587,PUBLISH,631ffeba5150499680dfc1d57626200c,68f2d95bd190740cfd6a2341,ENQUEUED,0.5197103208086472,questions_in
2025-10-29T14:06:58.519645,PUBLISH,965194143a394a5dbbbe27586b5e9839,68f2d95bd190740cfd6a24f1,ENQUEUED,0.750103071752425,questions_in
2025-10-29T14:06:59.045300,PUBLISH,2d46f4953a084c5ba2a5729d0138b1fd,68f2d95bd190740cfd6a23f9,ENQUEUED,0.5233823896151386,questions_in
2025-10-29T14:06:59.896002,PUBLISH,9670e1a705d244cfb7197f6fe904bbbc,68f2d95bd190740cfd6a3d23,ENQUEUED,0.8455562835914706,questions_in
2025-10-29T14:07:05.245905,PUBLISH,6ea6e42c02364c4a8f3aadead218768f,68f2d95bd190740cfd6a266d,ENQUEUED,5.3396236005842574,questions_in
2025-10-29T14:07:07.026335,PUBLISH,bc9a55fdb3fa4fed86728faf5744db09,68f2d95bd190740cfd6a2b3b,ENQUEUED,1.7737029058345464,questions_in
2025-10-29T14:07:09.055036,PUBLISH,1d85bcccad6248569ab3b5988191e9ed,68f2d95bd190740cfd6a3212,ENQUEUED,2.022169980550148,questions_in
2025-10-29T14:07:10.228227,PUBLISH,dc1d998c89844bc08119c9304bbc5bd7,68f2d95bd190740cfd6a2b47,ENQUEUED,1.1675695911240231,questions_in
2025-10-29T14:07:10.505424,PUBLISH,bc5a5015ef0342d9a78da2d39b4c460b,68f2d95bd190740cfd6a2a41,ENQUEUED,0.27127153326265724,questions_in
2025-10-29T14:07:10.767104,PUBLISH,b1803f22be094d7b85459ebdd22753d7,68f2d95bd190740cfd6a338a,ENQUEUED,0.2565370526231787,questions_in
2025-10-29T14:07:11.574227,PUBLISH,a5ffc8ded58944cdaaee00569f34f060,68f2d95bd190740cfd6a26da,ENQUEUED,0.8051744303766021,questions_in
2025-10-29T14:07:11.988082,PUBLISH,34087d9b5fe04e748a89cdf3c077b170,68f2d95bd190740cfd6a2366,ENQUEUED,0.40882501181759295,questions_in
2025-10-29T14:07:12.017570,PUBLISH,823e1e6bb70647f3b1d48214a8d9b850,68f2d95bd190740cfd6a1d42,ENQUEUED,0.02713942268024547,questions_in
2025-10-29T14:07:13.054155,PUBLISH,487be69ab24e4c0ca03f063b7a6a20b8,68f2d95bd190740cfd6a22c1,ENQUEUED,1.030923614341229,questions_in
2025-10-29T14:07:13.769402,PUBLISH,fe02543cb8d640caa7eb7c83f8858f8a,68f2d95bd190740cfd6a3b10,ENQUEUED,0.7099606341284471,questions_in
2025-10-29T14:07:13.935932,PUBLISH,b288043c422b4220a3afa68f74f1f80c,68f2d95bd190740cfd6a4126,ENQUEUED,0.16178474225211045,questions_in
2025-10-29T14:07:14.910526,PUBLISH,21e66b2e489845cb982bbd52fbd1def8,68f2d95bd190740cfd6a230a,ENQUEUED,0.9689876069456326,questions_in
2025-10-29T14:07:15.263734,PUBLISH,343262ca1e9a439ebed091edfc6179f3,68f2d95bd190740cfd6a3a5a,ENQUEUED,0.34835771958795564,questions_in
2025-10-29T14:07:15.349864,PUBLISH,9c4f1e1f49704a409e88d4d19134cd29,68f2d95bd190740cfd6a3d68,ENQUEUED,0.08160302233377591,questions_in
2025-10-29T14:07:15.424607,PUBLISH,4568bcdc274a493a9ffdf297099ddd7c,68f2d95bd190740cfd6a3ca3,ENQUEUED,0.07288637190248042,questions_in
2025-10-29T14:07:16.738203,PUBLISH,d2a1ef6f32884578b6cb804fd172356f,68f2d95bd190740cfd6a40fc,ENQUEUED,1.3116839387417445,questions_in
2025-10-29T14:07:16.913981,PUBLISH,c1f9a7506872448e98283af7b315620e,68f2d95bd190740cfd6a1c1c,ENQUEUED,0.17100059084997477,questions_in
2025-10-29T14:07:19.475815,PUBLISH,4b8d4030d5514f56bd187ad22c460df9,68f2d95bd190740cfd6a29c7,ENQUEUED,2.554559269463457,questions_in
2025-10-29T14:07:20.012508,PUBLISH,0672f31b0e8a436faaca1e43e3bf52f3,68f2d95bd190740cfd6a1c69,ENQUEUED,0.5350154070985268,questions_in
2025-10-29T14:07:20.115355,PUBLISH,54e817b9fc4a485387c4e2e0af14b3f9,68f2d95bd190740cfd6a1b9a,ENQUEUED,0.09829730299530166,questions_in
2025-10-29T14:07:20.174906,PUBLISH,6666203922e44ffe88e22b75f2b80d8b,68f2d95bd190740cfd6a40b1,ENQUEUED,0.05578302254858108,questions_in
2025-10-29T14:07:20.535427,PUBLISH,968683b801fc4ecaa3f15613309dca24,68f2d95bd190740cfd6a2bb7,ENQUEUED,0.35579597136705815,questions_in
2025-10-29T14:07:21.659639,PUBLISH,3bd6fd3e483b495f88614fc9ee9c814c,68f2d95bd190740cfd6a3269,ENQUEUED,1.1188467292006237,questions_in
2025-10-29T14:07:22.130395,PUBLISH,05edac77a15241fc92f6e21bfb2bd99f,68f2d95bd190740cfd6a2995,ENQUEUED,0.4652188595536946,questions_in
2025-10-29T14:07:23.284409,PUBLISH,57e93a102dd545709b4009d271936cdc,68f2d95bd190740cfd6a3bbf,ENQUEUED,1.148720438685315,questions_in
2025-10-29T14:07:23.337019,PUBLISH,4637563207c14aa7888eb411bd0070fe,68f2d95bd190740cfd6a1f5b,ENQUEUED,0.04715266581177832,questions_in
2025-10-29T14:07:23.439542,PUBLISH,ec464591720e460db1324dde88da7c68,68f2d95bd190740cfd6a2621,ENQUEUED,0.09784353172280602,questions_in
2025-10-29T14:07:23.602550,PUBLISH,b0ae613915064689809e9e411c55efa5,68f2d95bd190740cfd6a3872,ENQUEUED,0.15833019327699935,questions_in
2025-10-29T14:07:23.642104,PUBLISH,1bb2624e74fc4c85ae4bfe09b253117e,68f2d95bd190740cfd6a27ec,ENQUEUED,0.03722129929766506,questions_in
2025-10-29T14:07:25.112936,PUBLISH,781c6c129ae7479bbe253c7d5d592ea9,68f2d95bd190740cfd6a365b,ENQUEUED,1.465100705726987,questions_in
2025-10-29T14:07:25.269959,PUBLISH,9123a81f6f7740889f9ec5386bd7f94f,68f2d95bd190740cfd6a40b1,ENQUEUED,0.15236969865329483,questions_in
2025-10-29T14:07:25.713500,PUBLISH,cd534fd9b27441668304524a56ab3198,68f2d95bd190740cfd6a3c8b,ENQUEUED,0.43812460394421077,questions_in
2025-10-29T14:07:25.745395,PUBLISH,4647e179731744acbbb26273dd0b481b,68f2d95bd190740cfd6a380c,ENQUEUED,0.02987821143969616,questions_in
2025-10-29T14:07:25.870384,PUBLISH,268b504a503e4367950d67ee05c30c7a,68f2d95bd190740cfd6a252a,ENQUEUED,0.11887656833774056,questions_in
2025-10-29T14:07:26.076495,PUBLISH,79edab783caf46e691007ddd6e0d9481,68f2d95bd190740cfd6a1f8c,ENQUEUED,0.2009463726816976,questions_in
2025-10-29T14:07:26.237567,PUBLISH,311becfaf06d4335a824deb46df1ba4e,68f2d95bd190740cfd6a31f0,ENQUEUED,0.1553937355811035,questions_in
2025-10-29T14:07:26.860472,PUBLISH,d3adff95a855484faaae65aa120c3fb4,68f2d95bd190740cfd6a2e29,ENQUEUED,0.6182232329706,questions_in
2025-10-29T14:07:27.788634,PUBLISH,296b8ae6dfe248a6af347989f36f48c4,68f2d95bd190740cfd6a241b,ENQUEUED,0.9233945569828376,questions_in
2025-10-29T14:07:27.917481,PUBLISH,9c978eb09f444a81a394eaa7a0984033,68f2d95bd190740cfd6a29c1,ENQUEUED,0.12400122874238423,questions_in
2025-10-29T14:07:28.284311,PUBLISH,781536a62bc94bcab8e36cbe2214ec2b,68f2d95bd190740cfd6a21c2,ENQUEUED,0.36196888282686657,questions_in
2025-10-29T14:07:28.848376,PUBLISH,7cb75a578ec14bf790f2337a6e17d723,68f2d95bd190740cfd6a41b1,ENQUEUED,0.5587118521503108,questions_in
2025-10-29T14:07:30.402748,PUBLISH,1a200497e664433fb148736109855d2b,68f2d95bd190740cfd6a3cb9,ENQUEUED,1.547479555560338,questions_in
2025-10-29T14:07:31.084184,PUBLISH,bd5fb78f4c8e4a0e8e76b0a4e968fc37,68f2d95bd190740cfd6a2627,ENQUEUED,0.6740434009306981,questions_in
2025-10-29T14:07:31.443464,PUBLISH,7771346ba8384a3ea4e6bf8a6ba981e0,68f2d95bd190740cfd6a3442,ENQUEUED,0.3534841088109613,questions_in
2025-10-29T14:07:32.458648,PUBLISH,67405941b0ec4b9183922919c8656e77,68f2d95bd190740cfd6a39d3,ENQUEUED,1.0128239624121596,questions_in
2025-10-29T14:07:33.627549,PUBLISH,c3e419824e04432685b6ca7affa18279,68f2d95bd190740cfd6a3180,ENQUEUED,1.1631839237642494,questions_in
2025-10-29T14:07:33.947500,PUBLISH,28c3e69d7f12476ca253cfa265a14ca7,68f2d95bd190740cfd6a3c92,ENQUEUED,0.3154644026212458,questions_in
2025-10-29T14:07:34.267830,PUBLISH,8899b3838c224412813b4d079a92529c,68f2d95bd190740cfd6a1d96,ENQUEUED,0.3154720204031587,questions_in
2025-10-29T14:07:34.275856,PUBLISH,43971b99976e4c95b3c11ef3183d8952,68f2d95bd190740cfd6a220d,ENQUEUED,0.00653343641393985,questions_in
2025-10-29T14:07:34.712727,PUBLISH,7611dbe1e6bd4c468f2c5fac6faa21f2,68f2d95bd190740cfd6a1baa,ENQUEUED,0.43142170713717487,questions_in
2025-10-29T14:07:34.725090,PUBLISH,e1fa39400b92446b8a1f3ff425e7f247,68f2d95bd190740cfd6a326d,ENQUEUED,0.007897952215073627,questions_in
2025-10-29T14:07:35.544554,PUBLISH,1e320fbff47f434fa013c8c309d21f26,68f2d95bd190740cfd6a1fd4,ENQUEUED,0.8173468402193221,questions_in
2025-10-29T14:07:36.149494,PUBLISH,43eaec9a48674c04a9c398ab9e725a60,68f2d95bd190740cfd6a361c,ENQUEUED,0.5990014211173231,questions_in
2025-10-29T14:07:36.258342,PUBLISH,6d0ea637b15640daa2bcc03255b40aa3,68f2d95bd190740cfd6a3cb0,ENQUEUED,0.10372973129737452,questions_in
2025-10-29T14:07:38.617151,PUBLISH,3508308a694e4e63af63cb10b0ea9023,68f2d95bd190740cfd6a2dfd,ENQUEUED,2.3558476235651207,questions_in
2025-10-29T14:07:39.157899,PUBLISH,44a014b3669d4a08a05588f89967f820,68f2d95bd190740cfd6a23be,ENQUEUED,0.5345264413985025,questions_in
2025-10-29T14:07:40.729808,PUBLISH,0eb9294c0283457fb6f4ecc488f08330,68f2d95bd190740cfd6a38fa,ENQUEUED,1.5657178480470222,questions_in
2025-10-29T14:07:44.113732,PUBLISH,aee06cc66a8a47b7afbea6da621dacef,68f2d95bd190740cfd6a2e00,ENQUEUED,3.375894671198539,questions_in
2025-10-29T14:07:44.301905,PUBLISH,418a6bba82674103be35b04ecacbf7d2,68f2d95bd190740cfd6a1eff,ENQUEUED,0.18317815190405792,questions_in
2025-10-29T14:07:45.580445,PUBLISH,7257bdaeef70485cb4507a07c8fb0dc6,68f2d95bd190740cfd6a417e,ENQUEUED,1.2718700281425293,questions_in
2025-10-29T14:07:45.815339,PUBLISH,91e28402dc60445597266606f1710c1c,68f2d95bd190740cfd6a3b14,ENQUEUED,0.23305341706680524,questions_in
2025-10-29T14:07:46.087079,PUBLISH,3dc95dd51a8948049a75511cb8030180,68f2d95bd190740cfd6a2b6c,ENQUEUED,0.2629764313330522,questions_in
2025-10-29T14:07:46.276480,PUBLISH,06d01e38cf87416daf8570548fb2d9ce,68f2d95bd190740cfd6a2e03,ENQUEUED,0.18329990207040858,questions_in
2025-10-29T14:07:47.520615,PUBLISH,ccfe6346aad6410e824f68b6a281039c,68f2d95bd190740cfd6a28da,ENQUEUED,1.2382386233557476,questions_in
2025-10-29T14:07:47.544018,PUBLISH,230f269687224c518cd63978e28a1f7a,68f2d95bd190740cfd6a2c9a,ENQUEUED,0.018892488590651006,questions_in
2025-10-29T14:07:49.209028,PUBLISH,378a3b9479644fc5bd7d6ca629ae9af7,68f2d95bd190740cfd6a3502,ENQUEUED,1.6574231043119745,questions_in
2025-10-29T14:07:49.972302,PUBLISH,c3d2bfb7dc664c6f95eaca8920be96c2,68f2d95bd190740cfd6a2365,ENQUEUED,0.7576811702523201,questions_in
2025-10-29T14:07:50.021253,PUBLISH,edd29abcfa4046e1be2072520c9e9d05,68f2d95bd190740cfd6a4092,ENQUEUED,0.04345727905018004,questions_in
2025-10-29T14:07:50.477681,PUBLISH,66f4205262c549d1b03a9ec75d3f8b45,68f2d95bd190740cfd6a3bce,ENQUEUED,0.45170174834894344,questions_in
2025-10-29T14:07:50.788009,PUBLISH,75f0a450c25449b2b24da5384b7f1910,68f2d95bd190740cfd6a1c19,ENQUEUED,0.30310571908728084,questions_in
2025-10-29T14:07:51.151090,PUBLISH,4d574254b5874ffbaa8cf4e6d273d968,68f2d95bd190740cfd6a4012,ENQUEUED,0.3617811390157171,questions_in
2025-10-29T14:07:51.245262,PUBLISH,bcfb1212d6ac498982f52da0ba769325,68f2d95bd190740cfd6a3d6b,ENQUEUED,0.087831827093158,questions_in
2025-10-29T14:07:51.736183,PUBLISH,a16fc92389004df89ad12458244d16e1,68f2d95bd190740cfd6a3cfd,ENQUEUED,0.48483696635410417,questions_in
2025-10-29T14:07:53.785938,PUBLISH,d45a26f4a9f4415b918ddb24362a9379,68f2d95bd190740cfd6a3cd9,ENQUEUED,2.0466441605393118,questions_in
2025-10-29T14:07:54.528797,PUBLISH,9d917d6ceb1046a4b7e1ed6b936759dc,68f2d95bd190740cfd6a27aa,ENQUEUED,0.7361202564631206,questions_in
2025-10-29T14:07:55.340386,PUBLISH,ecc29ac309a34c0daff696a091d589b4,68f2d95bd190740cfd6a2443,ENQUEUED,0.8068080683763946,questions_in
2025-10-29T14:07:55.473946,PUBLISH,50e56e220cf948d3812e7c752301fa37,68f2d95bd190740cfd6a1f2b,ENQUEUED,0.12873823171300794,questions_in
2025-10-29T14:07:55.658594,PUBLISH,e64a7af834a34a2c9b84b082ec900616,68f2d95bd190740cfd6a2076,ENQUEUED,0.17960670234221218,questions_in
2025-10-29T14:07:56.068633,PUBLISH,c37c1d748ef7493e93390673eb9ad5b0,68f2d95bd190740cfd6a2faf,ENQUEUED,0.40472129877972063,questions_in
2025-10-29T14:07:56.957190,PUBLISH,9328798bb1d544fa86a67025624e6c3e,68f2d95bd190740cfd6a36f5,ENQUEUED,0.8825523028347503,questions_in
2025-10-29T14:07:57.421540,PUBLISH,a5be421720334e40a2603d483e2f3c1f,68f2d95bd190740cfd6a204f,ENQUEUED,0.4589977422834905,questions_in
2025-10-29T14:07:57.675248,PUBLISH,f5ef994b2d754bea98db9dbe9628eb52,68f2d95bd190740cfd6a3b5d,ENQUEUED,0.24887129051745446,questions_in
2025-10-29T14:07:58.551495,PUBLISH,626e03d8279b4a75901840ac82214463,68f2d95bd190740cfd6a2518,ENQUEUED,0.8707233449247417,questions_in
2025-10-29T14:08:00.115370,PUBLISH,0aa3cdffdd964e19957f6c1a06fd12f5,68f2d95bd190740cfd6a3ba3,ENQUEUED,1.5583742885935987,questions_in
2025-10-29T14:08:00.547130,PUBLISH,956429a926cd4765921264db45d9eb82,68f2d95bd190740cfd6a279b,ENQUEUED,0.42998864141637355,questions_in
2025-10-29T14:08:00.879811,PUBLISH,c770bc6bfc6d40d5b8f3b22abc4f0214,68f2d95bd190740cfd6a37e2,ENQUEUED,0.327785994181729,questions_in
2025-10-29T14:08:01.648807,PUBLISH,774a474e558842829a6ea0d80ffd4be6,68f2d95bd190740cfd6a3cd0,ENQUEUED,0.7640626614339522,questions_in
2025-10-29T14:08:01.666135,PUBLISH,d89024bd451e4264ad96f511f5d510c4,68f2d95bd190740cfd6a2788,ENQUEUED,0.01279500744353662,questions_in
2025-10-29T14:08:02.062862,PUBLISH,0f274ae871534eb7b1a4a1146d587270,68f2d95bd190740cfd6a3f9a,ENQUEUED,0.3919738005486659,questions_in
2025-10-29T14:08:02.350641,PUBLISH,58b6d0c76c5c4dee9e7679c5a010fb5f,68f2d95bd190740cfd6a2b21,ENQUEUED,0.28234339530911307,questions_in
2025-10-29T14:08:02.429551,PUBLISH,e64ae0bb8f1e4b058683ed901c8325b9,68f2d95bd190740cfd6a2239,ENQUEUED,0.07406569706054776,questions_in
2025-10-29T14:08:02.459523,PUBLISH,7b2e1802aeeb4fe084566182ae6d4716,68f2d95bd190740cfd6a2a53,ENQUEUED,0.02786966725834655,questions_in
2025-10-29T14:08:02.723032,PUBLISH,bf285cd93ceb45c6a546f5f58c87c437,68f2d95bd190740cfd6a3b88,ENQUEUED,0.258912029426781,questions_in
2025-10-29T14:08:03.592554,PUBLISH,0499edf84a404bf796b45dc40d18a981,68f2d95bd190740cfd6a1c4e,ENQUEUED,0.86462668323346,questions_in
2025-10-29T14:08:05.403440,PUBLISH,296fa32fe3a14b4e9a0511ec25932975,68f2d95bd190740cfd6a390b,ENQUEUED,1.8049806051612445,questions_in
2025-10-29T14:08:06.881082,PUBLISH,c6d947e846af403687bae4f6f6934cd1,68f2d95bd190740cfd6a2ecb,ENQUEUED,1.4699363462738617,questions_in
2025-10-29T14:08:07.624403,PUBLISH,757c2315cdf8410c9b8fdc308b5c688f,68f2d95bd190740cfd6a23e9,ENQUEUED,0.7384424428449653,questions_in
2025-10-29T14:08:07.930470,PUBLISH,b9371f2bfb4847deaab1868ae0830260,68f2d95bd190740cfd6a3fe9,ENQUEUED,0.30159591894216914,questions_in
2025-10-29T14:08:08.478480,PUBLISH,a46eab2550934c3ab69d8daa7c1c2651,68f2d95bd190740cfd6a26a8,ENQUEUED,0.542503273002027,questions_in
2025-10-29T14:08:08.685566,PUBLISH,f179f48aaab445a4a483663080b2d953,68f2d95bd190740cfd6a3c09,ENQUEUED,0.20198017210213623,questions_in
2025-10-29T14:08:09.194362,PUBLISH,682383b37c224727b4cfc6348935f95f,68f2d95bd190740cfd6a28fe,ENQUEUED,0.5031677562024094,questions_in
2025-10-29T14:08:10.448171,PUBLISH,27959794b7b7481e960c3c9e70a51e25,68f2d95bd190740cfd6a33a1,ENQUEUED,1.2481119540339787,questions_in
2025-10-29T14:08:10.698393,PUBLISH,ba88cf6aeeda40f09f28f5b27c2ffeb9,68f2d95bd190740cfd6a246c,ENQUEUED,0.24483367356020383,questions_in
2025-10-29T14:08:11.532728,PUBLISH,41e98e33156141b4a02a8caf0efcffeb,68f2d95bd190740cfd6a1d81,ENQUEUED,0.8284278545459096,questions_in
2025-10-29T14:08:14.771697,PUBLISH,ae13db815e2c4158b8b31d1842d01b5d,68f2d95bd190740cfd6a2b82,ENQUEUED,3.2290464640589747,questions_in
2025-10-29T14:08:15.540348,PUBLISH,9e5c03409c6644ccb213eca3b96d930c,68f2d95bd190740cfd6a1c64,ENQUEUED,0.7612247015627865,questions_in
2025-10-29T14:08:15.739982,PUBLISH,43cb6aa243d44a238659621e12f94444,68f2d95bd190740cfd6a33b0,ENQUEUED,0.1971553155927642,questions_in
2025-10-29T14:08:16.280533,PUBLISH,fd2d255ef8eb4ba2b90a347026b56710,68f2d95bd190740cfd6a2413,ENQUEUED,0.5349129527926031,questions_in
2025-10-29T14:08:16.863027,PUBLISH,5ec397c61ba64a83ba7e2183790f4eb8,68f2d95bd190740cfd6a387c,ENQUEUED,0.5764780923195361,questions_in
2025-10-29T14:08:17.229898,PUBLISH,513bb8ba5db1496dba021efe518ec3b2,68f2d95bd190740cfd6a2c95,ENQUEUED,0.3614526600994325,questions_in
2025-10-29T14:08:17.412733,PUBLISH,6e724a9d1320472a961bcbc0bd628b9e,68f2d95bd190740cfd6a375a,ENQUEUED,0.17713983861813967,questions_in
2025-10-29T14:08:17.655496,PUBLISH,a990a695b9164bffb00af00f4eb07b03,68f2d95bd190740cfd6a2964,ENQUEUED,0.2365824625274818,questions_in
2025-10-29T14:08:17.671481,PUBLISH,221d23c326d24ddcb050c0a6f286dc7a,68f2d95bd190740cfd6a2f68,ENQUEUED,0.014288754391340093,questions_in
2025-10-29T14:08:17.907620,PUBLISH,29233e1f83064e69a57674449900996f,68f2d95bd190740cfd6a33c8,ENQUEUED,0.22948096401625787,questions_in
2025-10-29T14:08:18.537614,PUBLISH,2413731e9310483b9786f8bd00b6d2b4,68f2d95bd190740cfd6a286f,ENQUEUED,0.6251681282040171,questions_in
2025-10-29T14:08:19.271666,PUBLISH,b397c615df3a4c20a87306aa35fede54,68f2d95bd190740cfd6a29af,ENQUEUED,0.7279245918629257,questions_in
2025-10-29T14:08:19.376726,PUBLISH,9aee63b958c844d1a5298fc6ebe5b756,68f2d95bd190740cfd6a1ed6,ENQUEUED,0.10349246610946027,questions_in
2025-10-29T14:08:19.573895,PUBLISH,5f0284e1fd0a4a3d86e58d74c0028f45,68f2d95bd190740cfd6a372c,ENQUEUED,0.1919671989693309,questions_in
2025-10-29T14:08:20.375526,PUBLISH,85c493484cbb4b0a91f5da5737cbde71,68f2d95bd190740cfd6a1c53,ENQUEUED,0.7960860925148139,questions_in
2025-10-29T14:08:20.586779,PUBLISH,6c1399e03f8845418bfb1f5c15cc4117,68f2d95bd190740cfd6a2099,ENQUEUED,0.20584177889652477,questions_in
2025-10-29T14:08:21.104392,PUBLISH,85957c68124a4e3ebce3ad027bbc281a,68f2d95bd190740cfd6a1c50,ENQUEUED,0.5125571648549575,questions_in
2025-10-29T14:08:22.228416,PUBLISH,19dd1ae397e84cf69ec290c5433dbba9,68f2d95bd190740cfd6a3fcb,ENQUEUED,1.1183685457111394,questions_in
2025-10-29T14:08:23.298087,PUBLISH,e7578f09f9124f96942ef35f92ef9f7f,68f2d95bd190740cfd6a1d70,ENQUEUED,1.0641825755947047,questions_in
2025-10-29T14:08:23.937325,PUBLISH,2278e060288740449787d58823be0f71,68f2d95bd190740cfd6a327f,ENQUEUED,0.6325791928933723,questions_in
2025-10-29T14:08:24.153257,PUBLISH,05d7f00a891e48c8aaeeca7d9ee0e338,68f2d95bd190740cfd6a406e,ENQUEUED,0.21094266549212545,questions_in
2025-10-29T14:08:25.187288,PUBLISH,ec9fbdfeeaf241259de2bf52a8207465,68f2d95bd190740cfd6a2cb1,ENQUEUED,1.0322269672103002,questions_in
2025-10-29T14:08:25.439268,PUBLISH,8fe2669abddc4569a4bf31d75b16cec9,68f2d95bd190740cfd6a3f06,ENQUEUED,0.24664173811462065,questions_in
2025-10-29T14:08:25.468159,PUBLISH,9e74bfb5f9e44b2184fff32c59d3fa4c,68f2d95bd190740cfd6a315b,ENQUEUED,0.026819030773799244,questions_in
2025-10-29T14:08:25.758794,PUBLISH,e8d726cff8464b7a9a503450499c367b,68f2d95bd190740cfd6a3073,ENQUEUED,0.2855075484616238,questions_in
2025-10-29T14:08:26.157753,PUBLISH,42393e59650f489591a6a5b0f8a9ee4c,68f2d95bd190740cfd6a233d,ENQUEUED,0.3929327606783071,questions_in
2025-10-29T14:08:26.173834,PUBLISH,8eec859c05664c398286e2f4eb762e7d,68f2d95bd190740cfd6a28b4,ENQUEUED,0.011708883583512832,questions_in
2025-10-29T14:08:26.279996,PUBLISH,be646d0230324b91ab6d46b037683886,68f2d95bd190740cfd6a3a78,ENQUEUED,0.1014838120194332,questions_in
2025-10-29T14:08:28.551773,PUBLISH,f505fba8a9794c8588d5778ce7805f1c,68f2d95bd190740cfd6a2ea6,ENQUEUED,2.2666581456588943,questions_in
2025-10-29T14:08:29.087445,PUBLISH,c37bf92b92544332bc32b18edc1c60d6,68f2d95bd190740cfd6a2e64,ENQUEUED,0.533806284205561,questions_in
2025-10-29T14:08:30.333904,PUBLISH,5b34c2bb86e14652891f7cde4b939d92,68f2d95bd190740cfd6a1cc3,ENQUEUED,1.240150354077602,questions_in
2025-10-29T14:08:30.740336,PUBLISH,9b284cd3b2e44494b5736abc3bcd6330,68f2d95bd190740cfd6a40d5,ENQUEUED,0.402518978900704,questions_in
2025-10-29T14:08:31.260523,PUBLISH,1b54ef562a4e4be0ad49a06a6336fbe1,68f2d95bd190740cfd6a367d,ENQUEUED,0.5158347758491898,questions_in
2025-10-29T14:08:31.615003,PUBLISH,58aed72acd2442818cbdefd7e0ce8b75,68f2d95bd190740cfd6a2c24,ENQUEUED,0.34870055315998044,questions_in
2025-10-29T14:08:31.663246,PUBLISH,98053c207be74ea7a9d568aa0bd09348,68f2d95bd190740cfd6a4040,ENQUEUED,0.04229408843761805,questions_in
2025-10-29T14:08:32.984862,PUBLISH,cd584942c3da44d6a1b15104e907de62,68f2d95bd190740cfd6a3ab5,ENQUEUED,1.3152899021665063,questions_in
2025-10-29T14:08:33.011559,PUBLISH,ae8f4729dd8e42729aaf1e13db1191a6,68f2d95bd190740cfd6a3a8b,ENQUEUED,0.02485846541440537,questions_in
2025-10-29T14:08:34.408647,PUBLISH,f58fa076c3454c6ebd4a86b0c637c4eb,68f2d95bd190740cfd6a3286,ENQUEUED,1.3933079198488902,questions_in
2025-10-29T14:08:34.670071,PUBLISH,6af384bee429457599769e5fa9915e04,68f2d95bd190740cfd6a246f,ENQUEUED,0.2594698459340964,questions_in
2025-10-29T14:08:34.762284,PUBLISH,d14e8d8ae0084065a4ee91c8d2b313a2,68f2d95bd190740cfd6a3f23,ENQUEUED,0.08700347553221134,questions_in
2025-10-29T14:08:34.866929,PUBLISH,4b94c025084e46e5900bb6dbc48a4deb,68f2d95bd190740cfd6a3ce8,ENQUEUED,0.09792065317863125,questions_in
2025-10-29T14:08:34.982585,PUBLISH,8eee93e39066454ca53c9de0a5ae3140,68f2d95bd190740cfd6a28c0,ENQUEUED,0.1100043150803499,questions_in
2025-10-29T14:08:35.384424,PUBLISH,7f8ae88e55684dafa667dd07a0b34afa,68f2d95bd190740cfd6a4167,ENQUEUED,0.3997576444674091,questions_in
2025-10-29T14:08:35.961612,PUBLISH,b44c2e5f53a641cc9f3d71b993926f64,68f2d95bd190740cfd6a1e5b,ENQUEUED,0.5750131676207094,questions_in
2025-10-29T14:08:36.822613,PUBLISH,68cc3116a7634b7b8431a078fbdbfb56,68f2d95bd190740cfd6a39c4,ENQUEUED,0.858243093611057,questions_in
2025-10-29T14:08:37.025178,PUBLISH,7328a08193a74195bbb4b039fdaeda86,68f2d95bd190740cfd6a1d54,ENQUEUED,0.19814708567986425,questions_in
2025-10-29T14:08:37.044433,PUBLISH,57d8b7745d5e4b4dbcf0e9c3e1bb86ff,68f2d95bd190740cfd6a2b49,ENQUEUED,0.015879155086794255,questions_in
2025-10-29T14:08:37.644633,PUBLISH,1f3d5f0c58b24288925fe3b846c1f9eb,68f2d95bd190740cfd6a1ad8,ENQUEUED,0.5974304185899545,questions_in
2025-10-29T14:08:38.262537,PUBLISH,d336eda83acc4c6cbb4f62f5c7fd43b9,68f2d95bd190740cfd6a36e4,ENQUEUED,0.6148963632155845,questions_in
2025-10-29T14:08:38.567456,PUBLISH,b19c537cb8bd4b4e84964173f1b1a50a,68f2d95bd190740cfd6a39cd,ENQUEUED,0.30309423430704613,questions_in
2025-10-29T14:08:39.274459,PUBLISH,1baf0e763c0b45ca819e9386449de4ab,68f2d95bd190740cfd6a3c70,ENQUEUED,0.7044543317600237,questions_in
2025-10-29T14:08:39.791294,PUBLISH,3626f5871a6344f9b9851dbe64d38c47,68f2d95bd190740cfd6a1c07,ENQUEUED,0.5135680491106671,questions_in
2025-10-29T14:08:40.078779,PUBLISH,d62da442f1074f1fa6a89aa05b8ed743,68f2d95bd190740cfd6a3a5f,ENQUEUED,0.2849684454152565,questions_in
2025-10-29T14:08:40.963613,PUBLISH,bf3761b7b1ab49afb200a90477c284a8,68f2d95bd190740cfd6a1c78,ENQUEUED,0.8822856522044735,questions_in
2025-10-29T14:08:41.113149,PUBLISH,bcbe5535797e4ca6a9e6eeaddaf5a1b0,68f2d95bd190740cfd6a27ba,ENQUEUED,0.1477419059343081,questions_in
2025-10-29T14:08:42.184203,PUBLISH,e12b874fbd424404a0fa3884ede58a97,68f2d95bd190740cfd6a2076,ENQUEUED,1.068578548129582,questions_in
2025-10-29T14:08:42.424551,PUBLISH,2211ed1376e7425f8a4f177eb6bddfd0,68f2d95bd190740cfd6a3a2c,ENQUEUED,0.2373738467293949,questions_in
2025-10-29T14:08:42.718662,PUBLISH,1971d367a6f84f119d8eff06ac3fc469,68f2d95bd190740cfd6a2f22,ENQUEUED,0.2921161161440044,questions_in
2025-10-29T14:08:43.993679,PUBLISH,254dc40dc19341319da9b8b8a9c6ab85,68f2d95bd190740cfd6a30de,ENQUEUED,1.2726773301756047,questions_in
2025-10-29T14:08:44.981542,PUBLISH,b9f0a7690314458f994d0c275f3e0a3c,68f2d95bd190740cfd6a21ab,ENQUEUED,0.9848171077029,questions_in
2025-10-29T14:08:45.891016,PUBLISH,5f72da086223415bb37d3f64e11e096f,68f2d95bd190740cfd6a20a7,ENQUEUED,0.9067408015034125,questions_in
2025-10-29T14:08:45.967958,PUBLISH,df568b3a752242ebb281a438ec48fbfc,68f2d95bd190740cfd6a29c0,ENQUEUED,0.075298557334546,questions_in
2025-10-29T14:08:47.305087,PUBLISH,8199b6ae46844b739e99306d73e41bd6,68f2d95bd190740cfd6a1b2b,ENQUEUED,1.3337653159650225,questions_in
2025-10-29T14:08:47.457361,PUBLISH,202990fe997143658164a1d987d24595,68f2d95bd190740cfd6a3212,ENQUEUED,0.1502782216928655,questions_in
2025-10-29T14:08:47.566582,PUBLISH,f3e7053fc8ee4902bb7e612d57a81a9b,68f2d95bd190740cfd6a3c66,ENQUEUED,0.10746636336324951,questions_in
2025-10-29T14:08:48.262661,PUBLISH,9adf8e19607748c5956a5d65913d7ef3,68f2d95bd190740cfd6a33f3,ENQUEUED,0.6944043339510584,questions_in
2025-10-29T14:08:49.361456,PUBLISH,180814408e3a4e1d9c8d8a7568b702e2,68f2d95bd190740cfd6a3b8d,ENQUEUED,1.0969326251700584,questions_in
2025-10-29T14:08:49.757469,PUBLISH,1f4f86dfe5534629a3063a5c4cbce7e4,68f2d95bd190740cfd6a1eb0,ENQUEUED,0.3922293429865336,questions_in
2025-10-29T14:08:49.901724,PUBLISH,77212566b31e40c5b279b876cf0b628e,68f2d95bd190740cfd6a31c5,ENQUEUED,0.1411430788424216,questions_in
2025-10-29T14:08:50.402779,PUBLISH,5997c2a2c2a94feda4dcee0ca470b71a,68f2d95bd190740cfd6a355f,ENQUEUED,0.4981203382716805,questions_in
2025-10-29T14:08:51.275900,PUBLISH,f6340b04c91d43caa2199c03fccdb322,68f2d95bd190740cfd6a2530,ENQUEUED,0.8705506016020856,questions_in
2025-10-29T14:08:51.623778,PUBLISH,8099557bc84a4e22bf232db5bca3d700,68f2d95bd190740cfd6a3bb9,ENQUEUED,0.3460837698008486,questions_in
2025-10-29T14:08:51.669363,PUBLISH,481e87a163c34fba9e9643f312d73bbc,68f2d95bd190740cfd6a28e8,ENQUEUED,0.039875884736233276,questions_in
2025-10-29T14:08:52.210679,PUBLISH,d4d908e73ea34fb89603b51472b4affd,68f2d95bd190740cfd6a344f,ENQUEUED,0.5390234749139297,questions_in
2025-10-29T14:08:52.388578,PUBLISH,20db9462886a4e768012d76ce5c1533b,68f2d95bd190740cfd6a2f51,ENQUEUED,0.17547948411069994,questions_in
2025-10-29T14:08:52.792156,PUBLISH,7723a4c36bb4466aa41d33f67910e178,68f2d95bd190740cfd6a2c91,ENQUEUED,0.40139776688605183,questions_in
2025-10-29T14:08:53.611151,PUBLISH,f737cc574e3c4ccd81c70c643a69d940,68f2d95bd190740cfd6a223e,ENQUEUED,0.8168355232232919,questions_in
2025-10-29T14:08:54.669303,PUBLISH,2b5685a7766a4558a0754cba9a30ee37,68f2d95bd190740cfd6a41b7,ENQUEUED,1.0541138318340093,questions_in
2025-10-29T14:08:54.874939,PUBLISH,50a7f09ecdde4f57bfb1fe8061e0d1cf,68f2d95bd190740cfd6a1fcc,ENQUEUED,0.20342268186662715,questions_in
2025-10-29T14:08:54.957585,PUBLISH,5a382a45afea4b208420d732ee8af5a5,68f2d95bd190740cfd6a3143,ENQUEUED,0.0808295804266029,questions_in
2025-10-29T14:08:55.111532,PUBLISH,ccd57c72717340dc876d5a98d44113ac,68f2d95bd190740cfd6a2ae6,ENQUEUED,0.14630435481756107,questions_in
2025-10-29T14:08:55.835849,PUBLISH,d538e5f6314e432f855f68a89548b871,68f2d95bd190740cfd6a3e24,ENQUEUED,0.7221432890831082,questions_in
2025-10-29T14:08:56.224984,PUBLISH,25ce50726778414f9cad89cd6d9fb691,68f2d95bd190740cfd6a1c90,ENQUEUED,0.3871785740668816,questions_in
2025-10-29T14:08:57.106687,PUBLISH,2f4aafe5f1274d1e9f9f793d85fb2e5f,68f2d95bd190740cfd6a275b,ENQUEUED,0.8770690959012133,questions_in
2025-10-29T14:08:57.581186,PUBLISH,811aaaed9cbc444288fe1c2dfdc9f412,68f2d95bd190740cfd6a3599,ENQUEUED,0.4718482125372092,questions_in
2025-10-29T14:08:57.903506,PUBLISH,3a7873ff497d4f1a9fbffcae00a69a57,68f2d95bd190740cfd6a364f,ENQUEUED,0.319567650348987,questions_in
2025-10-29T14:08:58.024700,PUBLISH,0b78f597bb7d45068d6bf0a5b899cc99,68f2d95bd190740cfd6a2bf9,ENQUEUED,0.11930762960458507,questions_in
2025-10-29T14:08:58.026491,PUBLISH,ded58e758e6a40148cfac441a7e11916,68f2d95bd190740cfd6a3363,ENQUEUED,0.00012260586506555797,questions_in
2025-10-29T14:08:58.552421,PUBLISH,f810501a7c494120ba6b9496b2e5b173,68f2d95bd190740cfd6a2341,ENQUEUED,0.523054106222017,questions_in
2025-10-29T14:08:59.055729,PUBLISH,f981e4f983cc42c3bd727e73d8abdc26,68f2d95bd190740cfd6a25f8,ENQUEUED,0.5015096206330001,questions_in
2025-10-29T14:09:00.253110,PUBLISH,050faccc8e264cc1b115f9ef3b13517f,68f2d95bd190740cfd6a360b,ENQUEUED,1.1908677704887278,questions_in
2025-10-29T14:09:01.532217,PUBLISH,d909a729261847ac9242525efaff37be,68f2d95bd190740cfd6a2231,ENQUEUED,1.2760292555325619,questions_in
2025-10-29T14:09:02.321185,PUBLISH,0af04b80327b41da9eb78f28d9e81ce5,68f2d95bd190740cfd6a21a5,ENQUEUED,0.7864184235668051,questions_in
2025-10-29T14:09:02.418349,PUBLISH,c6b9248bbc6b4382a9e13a429abec243,68f2d95bd190740cfd6a2438,ENQUEUED,0.0942819214867882,questions_in
2025-10-29T14:09:02.914601,PUBLISH,9c99a665f8fc482e8fcfe3ed067a936f,68f2d95bd190740cfd6a2c20,ENQUEUED,0.49421566417211277,questions_in
2025-10-29T14:09:03.055653,PUBLISH,e79808d1c24b454da2588877b1d6b343,68f2d95bd190740cfd6a3934,ENQUEUED,0.1392182278412464,questions_in
2025-10-29T14:09:03.419180,PUBLISH,3083abfc7f6644e484770e5a20291051,68f2d95bd190740cfd6a2e86,ENQUEUED,0.36112596093191573,questions_in
2025-10-29T14:09:03.889402,PUBLISH,b12b3f69e9ea4cba8429c11df5cd522d,68f2d95bd190740cfd6a27e8,ENQUEUED,0.46459010841660153,questions_in
2025-10-29T14:09:04.002859,PUBLISH,6aac50cda6cf4ef7960fd2e442691595,68f2d95bd190740cfd6a3c59,ENQUEUED,0.11086953088139866,questions_in
2025-10-29T14:09:04.599198,PUBLISH,1764ec1ef589401a8aa295955af8b03d,68f2d95bd190740cfd6a3cd3,ENQUEUED,0.5931480346467084,questions_in
2025-10-29T14:09:05.341400,PUBLISH,116e9e04148c42a7b94e48a65620cfa3,68f2d95bd190740cfd6a1db9,ENQUEUED,0.7407506196359807,questions_in
2025-10-29T14:09:05.941072,PUBLISH,d9b341e2a5d44329ae6d46290839cd98,68f2d95bd190740cfd6a21b7,ENQUEUED,0.5976828946273127,questions_in
2025-10-29T14:09:06.385703,PUBLISH,58a04d249f1c45669673ad57bb104e75,68f2d95bd190740cfd6a269f,ENQUEUED,0.44202853965360883,questions_in
2025-10-29T14:09:06.684008,PUBLISH,309edc810fd241bd9b1e3bab10f8f099,68f2d95bd190740cfd6a2034,ENQUEUED,0.2953991886652052,questions_in
2025-10-29T14:09:07.241193,PUBLISH,c9999f277e754f41a61a88d4c4b55766,68f2d95bd190740cfd6a1f79,ENQUEUED,0.5553699072744884,questions_in
2025-10-29T14:09:07.873020,PUBLISH,db49a2123a224dc48bb83159ed8a78d8,68f2d95bd190740cfd6a3865,ENQUEUED,0.6294169372361202,questions_in
2025-10-29T14:09:08.094341,PUBLISH,a7ba027b3341470d97c24f64aff89fd2,68f2d95bd190740cfd6a3c7f,ENQUEUED,0.2160264640074937,questions_in
2025-10-29T14:09:08.297240,PUBLISH,4d9e7a26da53420d9fc9d46b26ae1eea,68f2d95bd190740cfd6a206a,ENQUEUED,0.20047834702967204,questions_in
2025-10-29T14:09:08.462460,PUBLISH,2ce8a24036724370930ba35a24763625,68f2d95bd190740cfd6a356b,ENQUEUED,0.16066770918705878,questions_in
2025-10-29T14:09:08.949009,PUBLISH,57611c99a060432f89f4fe2806e1a67b,68f2d95bd190740cfd6a1bad,ENQUEUED,0.4830933122006606,questions_in
2025-10-29T14:09:09.749422,PUBLISH,6392b3de6178465c95a18bb175fa2059,68f2d95bd190740cfd6a1c59,ENQUEUED,0.7978850331509126,questions_in
2025-10-29T14:09:09.806550,PUBLISH,1fa2f031ac5b43f9a02ff53617289660,68f2d95bd190740cfd6a21d0,ENQUEUED,0.05553866441377214,questions_in
2025-10-29T14:09:12.571766,PUBLISH,38bab08e7571444bafbcd4550dc1440d,68f2d95bd190740cfd6a3ddd,ENQUEUED,2.761283081416236,questions_in
2025-10-29T14:09:14.298434,PUBLISH,2be1a20715c44227a6f11d12a84dc205,68f2d95bd190740cfd6a3a07,ENQUEUED,1.7222745431892195,questions_in
2025-10-29T14:09:14.932232,PUBLISH,e3e78b24ad3a4b359ea9f697751c8270,68f2d95bd190740cfd6a33ad,ENQUEUED,0.6313372375548579,questions_in
2025-10-29T14:09:14.977877,PUBLISH,0b62f51f30eb4e17894585dcd98e9d0d,68f2d95bd190740cfd6a21a5,ENQUEUED,0.044176996084942216,questions_in
2025-10-29T14:09:16.617311,PUBLISH,3bf69de4d47d494e88a396a0b3c6f9cd,68f2d95bd190740cfd6a1d97,ENQUEUED,1.635622799682839,questions_in
2025-10-29T14:09:17.419818,PUBLISH,5325d8bacb8d49eba6969fa282a4aa86,68f2d95bd190740cfd6a3e9c,ENQUEUED,0.8003519355716749,questions_in
2025-10-29T14:09:17.540446,PUBLISH,c6145077cbe243d28eae653d0a656bfd,68f2d95bd190740cfd6a3008,ENQUEUED,0.11881597463651201,questions_in
2025-10-29T14:09:17.964297,PUBLISH,5445c5d728334766ab8fee3716d65f14,68f2d95bd190740cfd6a2459,ENQUEUED,0.4218904762401035,questions_in
2025-10-29T14:09:18.966502,PUBLISH,62d79777a73a40299ac8b9db0281f854,68f2d95bd190740cfd6a3ac8,ENQUEUED,0.9989904770898997,questions_in
2025-10-29T14:09:19.227863,PUBLISH,bd73cdaf56c5460ebdc9c7b82c98a85a,68f2d95bd190740cfd6a392b,ENQUEUED,0.25923333497865897,questions_in
2025-10-29T14:09:19.346721,PUBLISH,255d150fd9634947a478f1ba8245ccd9,68f2d95bd190740cfd6a3b28,ENQUEUED,0.11592136203807553,questions_in
2025-10-29T14:09:22.609515,PUBLISH,597891d6790c45a19a8c5bd2b7422e25,68f2d95bd190740cfd6a38e2,ENQUEUED,3.2582949082643053,questions_in
2025-10-29T14:09:22.653467,PUBLISH,3187e4e2c9cb41d3b77d5a1e122d1d05,68f2d95bd190740cfd6a1b4f,ENQUEUED,0.04188704622842782,questions_in
2025-10-29T14:09:22.682808,PUBLISH,0a4852d531d9426a9e90f9db3c6dc1b3,68f2d95bd190740cfd6a1e8a,ENQUEUED,0.027439246587134602,questions_in
2025-10-29T14:09:22.691219,PUBLISH,0c1f46a19a1245e3850000836a6e2b8b,68f2d95bd190740cfd6a40d3,ENQUEUED,0.007157447026230685,questions_in
2025-10-29T14:09:22.751237,PUBLISH,a756bdc8348d42799a4b82f3c39e302e,68f2d95bd190740cfd6a383f,ENQUEUED,0.057852949900026845,questions_in
2025-10-29T14:09:23.106513,PUBLISH,2f3959c5f33d45dd8b71495cd932787a,68f2d95bd190740cfd6a3ec4,ENQUEUED,0.35331808925309455,questions_in
2025-10-29T14:09:23.165812,PUBLISH,2aba9da065b842df98feb18677f38e54,68f2d95bd190740cfd6a1ef1,ENQUEUED,0.057199784736207036,questions_in
2025-10-29T14:09:23.848276,PUBLISH,03ee915edf164c17a3d3e02961a777fa,68f2d95bd190740cfd6a2442,ENQUEUED,0.678286364268153,questions_in
2025-10-29T14:09:23.886265,PUBLISH,533760c6a52c47d0b22c77624194431e,68f2d95bd190740cfd6a3331,ENQUEUED,0.03499121826413866,questions_in
2025-10-29T14:09:23.996684,PUBLISH,427dde012b1a4b449de4e9add371c5e0,68f2d95bd190740cfd6a34c6,ENQUEUED,0.10813316431581417,questions_in
2025-10-29T14:09:24.235251,PUBLISH,bbdd009aaa1a4ec5afc78fb09acfc749,68f2d95bd190740cfd6a1d81,ENQUEUED,0.23621671471463446,questions_in
2025-10-29T14:09:25.147415,PUBLISH,2ec7b96a94a341ae9c07d7d66e44ed9a,68f2d95bd190740cfd6a2c80,ENQUEUED,0.9092364771622821,questions_in
2025-10-29T14:09:25.715699,PUBLISH,8ceb72a6aff74b49b5a901b188de1cb8,68f2d95bd190740cfd6a32a7,ENQUEUED,0.5655825891597032,questions_in
2025-10-29T14:09:26.620575,PUBLISH,116c0e95f7ee4199bca1c03f5b67e7c9,68f2d95bd190740cfd6a3248,ENQUEUED,0.902501356744141,questions_in
2025-10-29T14:09:26.838603,PUBLISH,d427a615c03048b88594a211e1d0707c,68f2d95bd190740cfd6a3cd5,ENQUEUED,0.21618338918938007,questions_in
2025-10-29T14:09:28.004645,PUBLISH,5f00e6b15fb44e118cd9760fa001b6be,68f2d95bd190740cfd6a3f7d,ENQUEUED,1.1632197151950001,questions_in
2025-10-29T14:09:28.441944,PUBLISH,7ee0cfa2a3c84fcaadf21b051a3990c4,68f2d95bd190740cfd6a3a38,ENQUEUED,0.43534323569447125,questions_in
2025-10-29T14:09:28.455277,PUBLISH,8f15603d398749b8947225801d332b5b,68f2d95bd190740cfd6a2987,ENQUEUED,0.01172687235066862,questions_in
2025-10-29T14:09:28.460609,PUBLISH,a07eaab58dcb4623b955cfeb0be49ce9,68f2d95bd190740cfd6a3dbb,ENQUEUED,0.0032679329286084483,questions_in
2025-10-29T14:09:28.466748,PUBLISH,8b1c0d1ee2d74e28ba91b70457e81fc2,68f2d95bd190740cfd6a3162,ENQUEUED,0.00426128729997092,questions_in
2025-10-29T14:09:28.720049,PUBLISH,89114a28e9294e8f8d83597cccf7da3d,68f2d95bd190740cfd6a254b,ENQUEUED,0.25145919354474733,questions_in
2025-10-29T14:09:29.090955,PUBLISH,90475502155e41f3a49bd4c486c3cb7e,68f2d95bd190740cfd6a213c,ENQUEUED,0.368290095593778,questions_in
2025-10-29T14:09:29.177558,PUBLISH,3941f3376f1f484d8bf89454d0753cf8,68f2d95bd190740cfd6a3e0a,ENQUEUED,0.08378736167391017,questions_in
2025-10-29T14:09:29.935522,PUBLISH,17c7a028752e4c329a854434f6170297,68f2d95bd190740cfd6a28d6,ENQUEUED,0.751793527412719,questions_in
2025-10-29T14:09:30.018637,PUBLISH,f2ec3c11e6bd45f8a0b779d5b85f43d0,68f2d95bd190740cfd6a2722,ENQUEUED,0.08128421454724814,questions_in
2025-10-29T14:09:30.206467,PUBLISH,570a955027e94e0bbdc573a1a3ddcec4,68f2d95bd190740cfd6a1afd,ENQUEUED,0.1853959442768919,questions_in
2025-10-29T14:09:31.022290,PUBLISH,ed6c0c35660b4baa9fa2a637efa81c02,68f2d95bd190740cfd6a36cb,ENQUEUED,0.8141766135521092,questions_in
2025-10-29T14:09:33.311874,PUBLISH,4fbf003114e74c7f9fad5284ed1430ec,68f2d95bd190740cfd6a4158,ENQUEUED,2.28500977663376,questions_in
2025-10-29T14:09:33.586900,PUBLISH,ed66de1132444c319c0b173e5f3ec6e7,68f2d95bd190740cfd6a1b00,ENQUEUED,0.27325712679552344,questions_in
2025-10-29T14:09:33.871928,PUBLISH,5cbd7aa9ce00497284044882dc29d4cf,68f2d95bd190740cfd6a260b,ENQUEUED,0.28308986772710437,questions_in
2025-10-29T14:09:34.032446,PUBLISH,3bb8104ca18949c1b6d198f032a8710e,68f2d95bd190740cfd6a33c1,ENQUEUED,0.15844427512345197,questions_in
2025-10-29T14:09:34.839483,PUBLISH,48f7d9c263f347b6b74201582ded9658,68f2d95bd190740cfd6a1e62,ENQUEUED,0.8050509983795532,questions_in
2025-10-29T14:09:35.496157,PUBLISH,16f9ec9bf44149359dc0d1409b959e14,68f2d95bd190740cfd6a3431,ENQUEUED,0.65407277061687,questions_in
2025-10-29T14:09:35.963750,PUBLISH,f755e18d8e894b7dab8e9ad231155a94,68f2d95bd190740cfd6a1fea,ENQUEUED,0.46485152707735605,questions_in
2025-10-29T14:09:37.595310,PUBLISH,a1d52c453b8f4562a1c2b347bfc2d637,68f2d95bd190740cfd6a3b97,ENQUEUED,1.6266710655841274,questions_in
2025-10-29T14:09:37.646511,PUBLISH,280998c33602450986e012d531593f16,68f2d95bd190740cfd6a40fc,ENQUEUED,0.04902942411508097,questions_in
2025-10-29T14:09:38.495101,PUBLISH,f3656f3e944949a9af21ae25af41b00f,68f2d95bd190740cfd6a3b83,ENQUEUED,0.8457151262241326,questions_in
2025-10-29T14:09:39.162980,PUBLISH,2e13a578857f4862a5e9fe1f34148196,68f2d95bd190740cfd6a2551,ENQUEUED,0.6649986875689534,questions_in
2025-10-29T14:09:41.082487,PUBLISH,9cb6962b07c94549982b1bf8c2fa9a54,68f2d95bd190740cfd6a41ad,ENQUEUED,1.9168791304993154,questions_in
2025-10-29T14:09:41.159189,PUBLISH,60261b27ca6544b39fd7d97317b0739f,68f2d95bd190740cfd6a3ab5,ENQUEUED,0.07409634640179956,questions_in
2025-10-29T14:09:41.175315,PUBLISH,e83f055d6a1a4f22a75be0fe1f305db9,68f2d95bd190740cfd6a2910,ENQUEUED,0.013431700105999284,questions_in
2025-10-29T14:09:41.864862,PUBLISH,ff9cbe45f7ae4e7d83ad7f9b702e3c7c,68f2d95bd190740cfd6a1d22,ENQUEUED,0.68734913063972,questions_in
2025-10-29T14:09:42.105954,PUBLISH,d82b275409ca4876886fd445b23f179d,68f2d95bd190740cfd6a1fdf,ENQUEUED,0.2393062348997149,questions_in
2025-10-29T14:09:42.148372,PUBLISH,d68d86d69b9041999c1c6a24fded947f,68f2d95bd190740cfd6a3db2,ENQUEUED,0.040290797825274054,questions_in
2025-10-29T14:09:42.256822,PUBLISH,a5ea597e9492485e8fcda4df304bd70d,68f2d95bd190740cfd6a39b6,ENQUEUED,0.10678378850971049,questions_in
2025-10-29T14:09:42.411766,PUBLISH,b9d000cebb71448ea4ef241709b30904,68f2d95bd190740cfd6a40fd,ENQUEUED,0.15252652456807256,questions_in
2025-10-29T14:09:44.309271,PUBLISH,d9c9864418934c2aa38478b9ff063fdc,68f2d95bd190740cfd6a3d89,ENQUEUED,1.8934213847265582,questions_in
2025-10-29T14:09:44.863114,PUBLISH,b25683349e5e4775843ac4bcb9647beb,68f2d95bd190740cfd6a35da,ENQUEUED,0.5501542661908014,questions_in
2025-10-29T14:09:45.428697,PUBLISH,49e259c15f0047909d82546a14c7e7ab,68f2d95bd190740cfd6a37fc,ENQUEUED,0.5625241780072489,questions_in
2025-10-29T14:09:48.876118,PUBLISH,7cca44fdd3c64126a9bb03cd83d72f6b,68f2d95bd190740cfd6a37bb,ENQUEUED,3.4408701714050385,questions_in
2025-10-29T14:09:49.551890,PUBLISH,f2b9a5722e1148f180a2c931fc2f15a2,68f2d95bd190740cfd6a24a0,ENQUEUED,0.6731763062327892,questions_in
2025-10-29T14:09:50.484724,PUBLISH,71a547e89d154a87bf7cf5165022869d,68f2d95bd190740cfd6a2183,ENQUEUED,0.9292415988605928,questions_in
2025-10-29T14:09:50.595489,PUBLISH,9ae087c51f564496aba276d9019be742,68f2d95bd190740cfd6a3d37,ENQUEUED,0.10523072666600115,questions_in
2025-10-29T14:09:51.424260,PUBLISH,80b36b92dae343f98ed12ef64ad35327,68f2d95bd190740cfd6a2498,ENQUEUED,0.8257253372682838,questions_in
2025-10-29T14:09:52.194123,PUBLISH,56bc0f9da72c45c6ba880e5aa4840d8f,68f2d95bd190740cfd6a3da9,ENQUEUED,0.7671502101723818,questions_in
2025-10-29T14:09:52.812789,PUBLISH,9449fdbf8ab54bd98a0301f04cb8d7fc,68f2d95bd190740cfd6a264e,ENQUEUED,0.6159832887324412,questions_in
2025-10-29T14:09:54.619685,PUBLISH,40688fca3fc14e1893ff93c52c619fc1,68f2d95bd190740cfd6a306d,ENQUEUED,1.803586373543084,questions_in
2025-10-29T14:09:54.971903,PUBLISH,aec0409814d64f3a9b8ce29e152818c5,68f2d95bd190740cfd6a3d3e,ENQUEUED,0.33493966466269226,questions_in
2025-10-29T14:09:57.525365,PUBLISH,7728457d7db8450ab550d1f703d72388,68f2d95bd190740cfd6a3f87,ENQUEUED,2.5490810774575583,questions_in
2025-10-29T14:09:57.898830,PUBLISH,ea66febb59614f638bdfa965fe181ac3,68f2d95bd190740cfd6a210d,ENQUEUED,0.36934522653493457,questions_in
2025-10-29T14:09:57.996697,PUBLISH,fbff7222fe4c49ff850ca4c6bae1c2b3,68f2d95bd190740cfd6a28b9,ENQUEUED,0.09629072521997771,questions_in
2025-10-29T14:09:58.331718,PUBLISH,19e1b0b6e5354f528d36cd3b4d6de0c0,68f2d95bd190740cfd6a3a07,ENQUEUED,0.3328953009884649,questions_in
2025-10-29T14:09:58.773520,PUBLISH,d2b792d0c11044c3bb75def7cc3f6799,68f2d95bd190740cfd6a26c2,ENQUEUED,0.43908579467072334,questions_in
2025-10-29T14:09:58.885257,PUBLISH,8bad2cad4c1f44fcbebbdc963031ba6c,68f2d95bd190740cfd6a3085,ENQUEUED,0.10989003040559835,questions_in
2025-10-29T14:09:59.073743,PUBLISH,e71fafb761f64ac2a87e421cb015225c,68f2d95bd190740cfd6a334e,ENQUEUED,0.18588228731893922,questions_in
2025-10-29T14:09:59.464124,PUBLISH,064fa432618e4ee7b2427c4580eebffe,68f2d95bd190740cfd6a3341,ENQUEUED,0.38842609639744735,questions_in
2025-10-29T14:10:00.136734,PUBLISH,7f913095766c4cfb97ed2fc6c12826df,68f2d95bd190740cfd6a3709,ENQUEUED,0.6708465028399989,questions_in
2025-10-29T14:10:00.500062,PUBLISH,bf90ed4bd4bc45668ac4b293613b6aa3,68f2d95bd190740cfd6a32d1,ENQUEUED,0.3613488606161272,questions_in
2025-10-29T14:10:00.650201,PUBLISH,3266be5d6c6745df9ed92716a339b5a7,68f2d95bd190740cfd6a3777,ENQUEUED,0.14496199282638803,questions_in
2025-10-29T14:10:01.439308,PUBLISH,8697432e7aeb4a359a4a4e4053eae7bf,68f2d95bd190740cfd6a29b8,ENQUEUED,0.7858058471292214,questions_in
2025-10-29T14:10:01.597970,PUBLISH,09b520bbddd5492487f19254cd0596db,68f2d95bd190740cfd6a1d06,ENQUEUED,0.1570017609389476,questions_in
2025-10-29T14:10:01.738926,PUBLISH,1d4d440ba2d241278976c7a91c55862f,68f2d95bd190740cfd6a3e8b,ENQUEUED,0.1380158960152813,questions_in
2025-10-29T14:10:01.858590,PUBLISH,08a89e3b8e6c4de4bb4a4c3b7117bb46,68f2d95bd190740cfd6a22c2,ENQUEUED,0.11708420705197907,questions_in
2025-10-29T14:10:02.203477,PUBLISH,436e70c0dc924906a518de121f432df0,68f2d95bd190740cfd6a3eba,ENQUEUED,0.3422926460280307,questions_in
2025-10-29T14:10:02.251880,PUBLISH,af49af7c7dfa495e8378eb88f9c5dd16,68f2d95bd190740cfd6a1ed7,ENQUEUED,0.04605608762025972,questions_in
2025-10-29T14:10:03.139754,PUBLISH,39aa6d2c673d4e64a43fea8b4f713d51,68f2d95bd190740cfd6a1d23,ENQUEUED,0.8851064808780779,questions_in
2025-10-29T14:10:04.807513,PUBLISH,c90fb4af2bb845d885408aae0dc75d36,68f2d95bd190740cfd6a2659,ENQUEUED,1.663602824747725,questions_in
2025-10-29T14:10:05.046119,PUBLISH,ece63c1778a042aa93644d92db70babc,68f2d95bd190740cfd6a1dd6,ENQUEUED,0.2365348044169984,questions_in
2025-10-29T14:10:05.188939,PUBLISH,1c08c49301ad4b558303a7816a19b879,68f2d95bd190740cfd6a3c44,ENQUEUED,0.14004863030903345,questions_in
2025-10-29T14:10:05.225112,PUBLISH,9015827de3eb469fb8f229ca209da123,68f2d95bd190740cfd6a3940,ENQUEUED,0.032531268365782316,questions_in
2025-10-29T14:10:06.335544,PUBLISH,d4b12f0d09384526bb6dd8f269591c6d,68f2d95bd190740cfd6a2145,ENQUEUED,1.1082411212319052,questions_in
2025-10-29T14:10:06.507914,PUBLISH,c94b32e5e63f4fcdab695ef6255f7416,68f2d95bd190740cfd6a28d6,ENQUEUED,0.17023023236137588,questions_in
2025-10-29T14:10:07.107873,PUBLISH,dc74cb17d47b4c6da6f4426ee3579e2c,68f2d95bd190740cfd6a3a6e,ENQUEUED,0.5974137051193659,questions_in
2025-10-29T14:10:10.267522,PUBLISH,03a9350120c7486d974fe1cf032afe00,68f2d95bd190740cfd6a2af6,ENQUEUED,3.1548309681074165,questions_in
2025-10-29T14:10:10.741640,PUBLISH,715ce6ad92e24a5f9e92788d87a7599b,68f2d95bd190740cfd6a298e,ENQUEUED,0.47187145874938236,questions_in
2025-10-29T14:10:10.783093,PUBLISH,3db438a5ce69498ca0e993815030b9e1,68f2d95bd190740cfd6a1ffa,ENQUEUED,0.037011410879319896,questions_in
2025-10-29T14:10:12.377398,PUBLISH,4b20437b5e7c471baee145c10555e9ad,68f2d95bd190740cfd6a33d5,ENQUEUED,1.5907771832953594,questions_in
2025-10-29T14:10:12.679767,PUBLISH,afc7705d0b524a9d93118dfad5db029c,68f2d95bd190740cfd6a1edd,ENQUEUED,0.29963672363819877,questions_in
2025-10-29T14:10:13.332161,PUBLISH,1e3a51bf36df4bde86dab40c29e28693,68f2d95bd190740cfd6a30f5,ENQUEUED,0.6502475233652403,questions_in
2025-10-29T14:10:13.375924,PUBLISH,849cdf81d1e9423aa2c1846040fa439c,68f2d95bd190740cfd6a2b87,ENQUEUED,0.04177610801571511,questions_in
2025-10-29T14:10:13.746173,PUBLISH,7dc9acace4a74b5a9f8168189e3e4d5a,68f2d95bd190740cfd6a312c,ENQUEUED,0.36729671464533836,questions_in
2025-10-29T14:10:14.634441,PUBLISH,bd1e175f8f874489b16e1223c0fefed4,68f2d95bd190740cfd6a1df6,ENQUEUED,0.8861142014023242,questions_in
2025-10-29T14:10:15.733585,PUBLISH,8aeb7f738e7542149aa993a4ea3c2a89,68f2d95bd190740cfd6a3ab9,ENQUEUED,1.0968779312967603,questions_in
2025-10-29T14:10:16.690928,PUBLISH,499a4944833d494d81a6d04e1751664f,68f2d95bd190740cfd6a33c1,ENQUEUED,0.9539570101862949,questions_in
2025-10-29T14:10:19.672811,PUBLISH,4cde5b6bcc6d48ab90e1d3f14342a0ad,68f2d95bd190740cfd6a1cc2,ENQUEUED,2.9773232943262404,questions_in
2025-10-29T14:10:19.872866,PUBLISH,8e29fc9b141443169a3d3bc1aba9455f,68f2d95bd190740cfd6a3d7c,ENQUEUED,0.19772037435321965,questions_in
2025-10-29T14:10:20.124550,PUBLISH,71976bb8cf4e470b957365d483c60925,68f2d95bd190740cfd6a252e,ENQUEUED,0.24952298045865443,questions_in
2025-10-29T14:10:20.773237,PUBLISH,fc039114f3b04c0f81248b2b91cbe2d1,68f2d95bd190740cfd6a28e3,ENQUEUED,0.6457937709694993,questions_in
2025-10-29T14:10:21.586319,PUBLISH,71e8c3e7d16846f3aeaab03712102e04,68f2d95bd190740cfd6a3963,ENQUEUED,0.8103366837283841,questions_in
2025-10-29T14:10:21.595975,PUBLISH,cc4d1c7bb5d74364bfd6044be0f39a2a,68f2d95bd190740cfd6a38ae,ENQUEUED,0.008187034031268343,questions_in
2025-10-29T14:10:22.285811,PUBLISH,208cdda1cdff4b8e8bb7fcdaa88b2d9e,68f2d95bd190740cfd6a2287,ENQUEUED,0.686292065310893,questions_in
2025-10-29T14:10:22.705000,PUBLISH,c9c1d5d3c2324580be190083837ff3e1,68f2d95bd190740cfd6a1b64,ENQUEUED,0.4171310595045361,questions_in
2025-10-29T14:10:23.308752,PUBLISH,72a3b608a16b4aa6992b5a0eb040903d,68f2d95bd190740cfd6a255a,ENQUEUED,0.6008643851537087,questions_in
2025-10-29T14:10:23.924481,PUBLISH,5e908944b86f4d58830df213a2a3b021,68f2d95bd190740cfd6a382d,ENQUEUED,0.613238565173082,questions_in
2025-10-29T14:10:24.019628,PUBLISH,e9ca55aa90134814ad6e0690aed21c6f,68f2d95bd190740cfd6a2bc7,ENQUEUED,0.09252619276452383,questions_in
2025-10-29T14:10:24.038723,PUBLISH,c49e176d459642dea0016e38625e9716,68f2d95bd190740cfd6a405b,ENQUEUED,0.01654756441783228,questions_in
2025-10-29T14:10:24.363497,PUBLISH,ef47a2d4e4e84880ac512451e9826e6d,68f2d95bd190740cfd6a2f50,ENQUEUED,0.32289411592693,questions_in
2025-10-29T14:10:26.861602,PUBLISH,4c7a8f41037145a4bdcd4a1bd2c21c77,68f2d95bd190740cfd6a33a3,ENQUEUED,2.494442523897601,questions_in
2025-10-29T14:10:26.996494,PUBLISH,7277755822314b5ebe3a23cff3c313da,68f2d95bd190740cfd6a35ee,ENQUEUED,0.1330346352651581,questions_in
2025-10-29T14:10:28.229617,PUBLISH,9c5dcdc1a52242ac8389156c7c3601e5,68f2d95bd190740cfd6a39ec,ENQUEUED,1.2305353150978344,questions_in
2025-10-29T14:10:28.289183,PUBLISH,54c3928494094d9ba9ef59e26db174e4,68f2d95bd190740cfd6a1c3c,ENQUEUED,0.05723012899780145,questions_in
2025-10-29T14:10:28.551280,PUBLISH,076c3ff6fc904e7aa4f485406de2671b,68f2d95bd190740cfd6a2a9d,ENQUEUED,0.25934663431447985,questions_in
2025-10-29T14:10:30.621927,PUBLISH,6174992ebb8b4ad7ae7f5b3c1c663b48,68f2d95bd190740cfd6a1b21,ENQUEUED,2.067032498134318,questions_in
2025-10-29T14:10:30.634682,PUBLISH,590b8cdbaa8c4c68ac8a2a1845059491,68f2d95bd190740cfd6a2e26,ENQUEUED,0.010351076045762232,questions_in
2025-10-29T14:10:31.487237,PUBLISH,14bd86a2b8b5418fb249430092e779c2,68f2d95bd190740cfd6a3c8e,ENQUEUED,0.8498890341745878,questions_in
2025-10-29T14:10:32.462423,PUBLISH,d2a22d5de7a54ac4991ab7c27c73ff52,68f2d95bd190740cfd6a2fd4,ENQUEUED,0.9723319029755055,questions_in
2025-10-29T14:10:33.230221,PUBLISH,46426035ec2f451f9c5930709e5e6756,68f2d95bd190740cfd6a2fc2,ENQUEUED,0.7665118865500232,questions_in
2025-10-29T14:10:33.555044,PUBLISH,8daf1dcfe9b44c6b9149686686a1b242,68f2d95bd190740cfd6a2390,ENQUEUED,0.3220715260709911,questions_in
2025-10-29T14:10:33.573791,PUBLISH,c945dfea66f540c6b00d0258612ad79b,68f2d95bd190740cfd6a3b78,ENQUEUED,0.017205533702211184,questions_in
2025-10-29T14:10:33.616918,PUBLISH,2908fbc808af45c2ab1003ebe1ae2846,68f2d95bd190740cfd6a1dc2,ENQUEUED,0.04054043669367386,questions_in
2025-10-29T14:10:34.376445,PUBLISH,feaacf93c45040d28fe3d12a90dc6188,68f2d95bd190740cfd6a1d0e,ENQUEUED,0.7566172751199306,questions_in
2025-10-29T14:10:36.985159,PUBLISH,eb6e38bdc42546379ea4408e0ec1623e,68f2d95bd190740cfd6a3cbf,ENQUEUED,2.604691418373317,questions_in
2025-10-29T14:10:37.485649,PUBLISH,23927c2a5429492b94261a7e97e5199a,68f2d95bd190740cfd6a24a1,ENQUEUED,0.4981097065867432,questions_in
2025-10-29T14:10:38.541580,PUBLISH,e9459e6a98a9423eac0d359f06e37d9e,68f2d95bd190740cfd6a3da0,ENQUEUED,1.0540473333629772,questions_in
2025-10-29T14:10:39.143281,PUBLISH,60d6ba1898294891b18d943fa7ae79eb,68f2d95bd190740cfd6a23d1,ENQUEUED,0.5995078742257609,questions_in
2025-10-29T14:10:41.409846,PUBLISH,e17af5a573924c59b8f27acd729410d3,68f2d95bd190740cfd6a27be,ENQUEUED,2.263321470240363,questions_in
2025-10-29T14:10:41.737492,PUBLISH,2afad961342c4175acfa428a602a79d3,68f2d95bd190740cfd6a3067,ENQUEUED,0.3255029068712911,questions_in
2025-10-29T14:10:41.941548,PUBLISH,fdea116e771a4739ae24acc0f7741d68,68f2d95bd190740cfd6a1f98,ENQUEUED,0.20202393542761735,questions_in
2025-10-29T14:10:42.188368,PUBLISH,c9edd5d43979499dab64ce6a86fd0368,68f2d95bd190740cfd6a37eb,ENQUEUED,0.24473556017338302,questions_in
2025-10-29T14:10:42.332811,PUBLISH,a97ab0a7e7d043e8965f15e7eea37d29,68f2d95bd190740cfd6a28ab,ENQUEUED,0.14057305015559754,questions_in
2025-10-29T14:10:43.537267,PUBLISH,0cf78dda2fbf4fbfbf48b00e5fa7b187,68f2d95bd190740cfd6a1e94,ENQUEUED,1.2018993797605801,questions_in
2025-10-29T14:10:45.071433,PUBLISH,dbee28dd28784deeb0b2da8ff5912a56,68f2d95bd190740cfd6a1e4e,ENQUEUED,1.531228517006025,questions_in
2025-10-29T14:10:45.701281,PUBLISH,97d79ebf489b4f2e9bdd8dc11548b776,68f2d95bd190740cfd6a346d,ENQUEUED,0.6267976859271721,questions_in
2025-10-29T14:10:45.985122,PUBLISH,01b1a4f490624048bba5dd91ffdce53a,68f2d95bd190740cfd6a2420,ENQUEUED,0.28050655539506647,questions_in
2025-10-29T14:10:46.814397,PUBLISH,418e340cb74b44f2ab3af19ecc202826,68f2d95bd190740cfd6a3846,ENQUEUED,0.8267713249877825,questions_in
2025-10-29T14:10:46.926956,PUBLISH,771b5915aa944940a9342b7ffd79c95c,68f2d95bd190740cfd6a284c,ENQUEUED,0.11075730405732802,questions_in
2025-10-29T14:10:48.288728,PUBLISH,3e531f80d50e4e338f00eb46be0ad468,68f2d95bd190740cfd6a2fd5,ENQUEUED,1.3586598226858861,questions_in
2025-10-29T14:10:48.940510,PUBLISH,109f93d65ae24cf4815e54aba3e5f54d,68f2d95bd190740cfd6a2aba,ENQUEUED,0.6496349448126874,questions_in
2025-10-29T14:10:51.109546,PUBLISH,39ca72f279334007a3a8b14affdf929e,68f2d95bd190740cfd6a3e1a,ENQUEUED,2.165792256829245,questions_in
2025-10-29T14:10:51.416959,PUBLISH,758e796ac5fe45099b4e0fe1c86169ed,68f2d95bd190740cfd6a1c8c,ENQUEUED,0.30452509849369347,questions_in
2025-10-29T14:10:51.891797,PUBLISH,59380c1182b4403da0b713a7fb5583a6,68f2d95bd190740cfd6a2fde,ENQUEUED,0.4727684079468621,questions_in
2025-10-29T14:10:52.124438,PUBLISH,39351f236fbf4ba1b7d9415ef21c47be,68f2d95bd190740cfd6a2b6a,ENQUEUED,0.23062258324626536,questions_in
2025-10-29T14:10:53.775270,PUBLISH,2252040289f343d597c60cd361f0f87e,68f2d95bd190740cfd6a25f9,ENQUEUED,1.64715998563494,questions_in
2025-10-29T14:10:53.820063,PUBLISH,934ab850b1d24c81a19ac6b16236801b,68f2d95bd190740cfd6a3056,ENQUEUED,0.042292341073879136,questions_in
2025-10-29T14:10:54.011876,PUBLISH,7fa582f44c044f22857b69c34083d526,68f2d95bd190740cfd6a3b68,ENQUEUED,0.18442931503128676,questions_in
2025-10-29T14:10:54.392701,PUBLISH,af16b4b3ba9441838c227306deaf8fc2,68f2d95bd190740cfd6a3efb,ENQUEUED,0.3788733136877341,questions_in
2025-10-29T14:10:54.493700,PUBLISH,af0e353d5e12425998a8ce70c935e6b3,68f2d95bd190740cfd6a2235,ENQUEUED,0.09870434001748096,questions_in
2025-10-29T14:10:55.306367,PUBLISH,4afe8dfd51db4dbabf9311bb367c1f36,68f2d95bd190740cfd6a1ef2,ENQUEUED,0.8108344214712392,questions_in
2025-10-29T14:10:55.599986,PUBLISH,02597648a61b4449a2c2af0fdb6da6f4,68f2d95bd190740cfd6a378f,ENQUEUED,0.2913032575556144,questions_in
2025-10-29T14:10:55.760508,PUBLISH,48fe44bf81644cee9caf03125f158749,68f2d95bd190740cfd6a3ea6,ENQUEUED,0.15866941972737839,questions_in
