timestamp,operation,message_id,question_id,status,latency,topic
2025-10-28T22:40:14.489959,PUBLISH,cf303b3b1ff548ccb06cf62d320d7d97,68f2d95bd190740cfd6a36c0,ENQUEUED,0.5045983891486513,questions_in
2025-10-28T22:40:14.820104,PUBLISH,b954a638c46e44da92095b6d22945988,68f2d95bd190740cfd6a1d12,ENQUEUED,0.3264831960687261,questions_in
2025-10-28T22:40:14.896548,PUBLISH,77be20df2a154d77ae0ad429b9bc4e73,68f2d95bd190740cfd6a36a2,ENQUEUED,0.06730040865163421,questions_in
2025-10-28T22:40:15.989374,PUBLISH,245f80ab283d4173960e53641a715cc0,68f2d95bd190740cfd6a2e57,ENQUEUED,1.0883345653884033,questions_in
2025-10-28T22:40:16.057937,PUBLISH,886bc56a9269412b9fa48301b500aaac,68f2d95bd190740cfd6a29e2,ENQUEUED,0.06474425133537318,questions_in
2025-10-28T22:40:16.089284,PUBLISH,007064c877ee4c0f87f9e5e95fee1b21,68f2d95bd190740cfd6a261f,ENQUEUED,0.027092366999515297,questions_in
2025-10-28T22:40:17.064088,PUBLISH,cd61bdbc887c4be095225651d59d22d9,68f2d95bd190740cfd6a29b3,ENQUEUED,0.9711924878358377,questions_in
2025-10-28T22:40:17.334753,PUBLISH,400af672811540d5bd50f0f00bfa3e61,68f2d95bd190740cfd6a2251,ENQUEUED,0.2672915685819071,questions_in
2025-10-28T22:40:17.924942,PUBLISH,92ecb2ddf3134a58b9236ce1eed68868,68f2d95bd190740cfd6a209f,ENQUEUED,0.5841341163401214,questions_in
2025-10-28T22:40:18.674322,PUBLISH,fa0e1c9878b8408a985069ee4d020761,68f2d95bd190740cfd6a25d9,ENQUEUED,0.7462301904508036,questions_in
2025-10-28T22:40:20.080488,PUBLISH,8579562c103e42bd891d7c4b39389bb4,68f2d95bd190740cfd6a3f5c,ENQUEUED,1.4019966988018897,questions_in
2025-10-28T22:40:20.292977,PUBLISH,4b3a1dd9507e420a96f4af5ef2b33040,68f2d95bd190740cfd6a2fe2,ENQUEUED,0.20931416933987232,questions_in
2025-10-28T22:40:20.448212,PUBLISH,f4d8e50bad314d07a71086b2e2e9ca3c,68f2d95bd190740cfd6a2cef,ENQUEUED,0.15254382374653572,questions_in
2025-10-28T22:40:21.028037,PUBLISH,e3e3d4e72cc54c61bb1280cb737db72a,68f2d95bd190740cfd6a2880,ENQUEUED,0.5767139270717815,questions_in
2025-10-28T22:40:21.102903,PUBLISH,fb837727b7a348688110e33113b1e50f,68f2d95bd190740cfd6a3a11,ENQUEUED,0.0717839519641601,questions_in
2025-10-28T22:40:21.451662,PUBLISH,9acba7fc3fb342aa89fced585f0ab4d1,68f2d95bd190740cfd6a2cf2,ENQUEUED,0.34603090247506785,questions_in
2025-10-28T22:40:21.500769,PUBLISH,04ae6ba97dfa4044a43008cf2f4d5ab6,68f2d95bd190740cfd6a21b7,ENQUEUED,0.04651004953441997,questions_in
2025-10-28T22:40:22.263866,PUBLISH,b8c2b2111204459e931115038d5f81e0,68f2d95bd190740cfd6a1b42,ENQUEUED,0.7598791386131629,questions_in
2025-10-28T22:40:23.188368,PUBLISH,4590bc640d5143c69ea20b11e0a20727,68f2d95bd190740cfd6a1f6f,ENQUEUED,0.9215431298789957,questions_in
2025-10-28T22:40:23.207172,PUBLISH,08f70ed5c956417ab7a8b422dcd7872c,68f2d95bd190740cfd6a210e,ENQUEUED,0.01536113622868439,questions_in
2025-10-28T22:40:23.744139,PUBLISH,22ae1bb9bd01455882da96908b9900de,68f2d95bd190740cfd6a38c3,ENQUEUED,0.534305646073305,questions_in
2025-10-28T22:40:23.754094,PUBLISH,0a3029ae7be04c818bc6e2c90ae7e048,68f2d95bd190740cfd6a23a3,ENQUEUED,0.005613990524853062,questions_in
2025-10-28T22:40:23.808919,PUBLISH,968413a88706433f8b8696766950e6e6,68f2d95bd190740cfd6a2e35,ENQUEUED,0.05073865143909383,questions_in
2025-10-28T22:40:23.847047,PUBLISH,b110db5cb01740b49e7c7ffb374052b1,68f2d95bd190740cfd6a3a1a,ENQUEUED,0.03535524021531531,questions_in
2025-10-28T22:40:24.584524,PUBLISH,8991da511b0542f98868cb48a54bca17,68f2d95bd190740cfd6a1db5,ENQUEUED,0.7349559934496636,questions_in
2025-10-28T22:40:24.673864,PUBLISH,e9b0d104889e42fa9454559e7243b353,68f2d95bd190740cfd6a2eea,ENQUEUED,0.08646993487629301,questions_in
2025-10-28T22:40:24.816549,PUBLISH,2d164b567170439ba0b926f142c6509a,68f2d95bd190740cfd6a2acf,ENQUEUED,0.13961392867009562,questions_in
2025-10-28T22:40:25.714301,PUBLISH,2ed36f7f18bb41e096b4601822aed319,68f2d95bd190740cfd6a303d,ENQUEUED,0.894190969119154,questions_in
2025-10-28T22:40:26.529451,PUBLISH,55d02593caa842f2942b3dd95cc866e2,68f2d95bd190740cfd6a1f91,ENQUEUED,0.8120316190656557,questions_in
2025-10-28T22:40:26.612145,PUBLISH,9b5eb3ebc14e481e85ed8ba0725e0c0f,68f2d95bd190740cfd6a1f50,ENQUEUED,0.08005568450609025,questions_in
2025-10-28T22:40:26.930749,PUBLISH,a57b954e553941dc9fd797c933e1b483,68f2d95bd190740cfd6a3be5,ENQUEUED,0.31558925819202827,questions_in
2025-10-28T22:40:27.216175,PUBLISH,aab93c29d59d4a49b28ccd6a17b62b8f,68f2d95bd190740cfd6a203b,ENQUEUED,0.28265386698167083,questions_in
2025-10-28T22:40:27.487056,PUBLISH,7641e41205934f83b3b8801ee447ce2c,68f2d95bd190740cfd6a2691,ENQUEUED,0.2682252489728277,questions_in
2025-10-28T22:40:27.839161,PUBLISH,37cb3a01d17c42aa8aa90f8a4adcc9dc,68f2d95bd190740cfd6a2db6,ENQUEUED,0.34960930079358404,questions_in
2025-10-28T22:40:28.865720,PUBLISH,eb08f7c46bd847e9abff23429e5626fe,68f2d95bd190740cfd6a35f6,ENQUEUED,1.0226935037285967,questions_in
2025-10-28T22:40:29.642168,PUBLISH,73e34e3662034c83a5dc4507ee137137,68f2d95bd190740cfd6a2888,ENQUEUED,0.7732186812884607,questions_in
2025-10-28T22:40:30.364026,PUBLISH,5fbad9da69ff477ba58c33ff4eedd977,68f2d95bd190740cfd6a1d48,ENQUEUED,0.7188466639721799,questions_in
2025-10-28T22:40:30.560261,PUBLISH,39ac6654db814a8e89f357a7c16ddceb,68f2d95bd190740cfd6a39f3,ENQUEUED,0.19347381461212013,questions_in
2025-10-28T22:40:30.596393,PUBLISH,fe2b5ac4be1646c788fbe241354c465d,68f2d95bd190740cfd6a3aab,ENQUEUED,0.03289367182474933,questions_in
2025-10-28T22:40:30.661460,PUBLISH,bb0a07e942c0431d8897d5800882cd60,68f2d95bd190740cfd6a2295,ENQUEUED,0.059851793087857603,questions_in
2025-10-28T22:40:31.084452,PUBLISH,66e99a184f0e491083df9d75a6044f09,68f2d95bd190740cfd6a29f0,ENQUEUED,0.4159857770323358,questions_in
2025-10-28T22:40:31.144230,PUBLISH,2f1842240f854b01b7baf75697029e12,68f2d95bd190740cfd6a2f44,ENQUEUED,0.04980787212188172,questions_in
2025-10-28T22:40:31.423971,PUBLISH,2fbcbd51670040328cd517c3ba2f9e7f,68f2d95bd190740cfd6a2684,ENQUEUED,0.27092555266949375,questions_in
2025-10-28T22:40:32.362742,PUBLISH,bf3b1d4fbbbe4acb8940d83378655999,68f2d95bd190740cfd6a3482,ENQUEUED,0.9293146782628737,questions_in
2025-10-28T22:40:32.682907,PUBLISH,5238bc34f1b8460c95e110144daca708,68f2d95bd190740cfd6a3431,ENQUEUED,0.31311039258349427,questions_in
2025-10-28T22:40:32.749509,PUBLISH,f8a0df8c10e5473a85f9eca405635ade,68f2d95bd190740cfd6a3afe,ENQUEUED,0.059956250666935294,questions_in
2025-10-28T22:40:33.810832,PUBLISH,ed68e3da51ee40938a752c85fbae1cd6,68f2d95bd190740cfd6a3029,ENQUEUED,1.0582696319092058,questions_in
2025-10-28T22:40:34.021875,PUBLISH,0ad30b85c5374cb78e7c48f21bb32c75,68f2d95bd190740cfd6a1c93,ENQUEUED,0.2072464533753963,questions_in
2025-10-28T22:40:34.527814,PUBLISH,b2d769fb68534c32bf1061b58da9c7b8,68f2d95bd190740cfd6a35b2,ENQUEUED,0.4974050946669357,questions_in
2025-10-28T22:40:35.826168,PUBLISH,52ca9f9b75ed44e1934435b05f1cdf24,68f2d95bd190740cfd6a3e2b,ENQUEUED,1.2933839465342996,questions_in
2025-10-28T22:40:36.334124,PUBLISH,4f13b4ba35d54131895430b49943b07d,68f2d95bd190740cfd6a23c9,ENQUEUED,0.505345211139566,questions_in
2025-10-28T22:40:36.354454,PUBLISH,9162c2ed5ba34991b0702c71ccf81746,68f2d95bd190740cfd6a1dc8,ENQUEUED,0.016782186383510384,questions_in
2025-10-28T22:40:36.697578,PUBLISH,b8b44049d6664265a9e3828276bdf104,68f2d95bd190740cfd6a2030,ENQUEUED,0.3382686471108729,questions_in
2025-10-28T22:40:37.417839,PUBLISH,a57802ab57dc46b098d936565ca87f34,68f2d95bd190740cfd6a407d,ENQUEUED,0.7177217001619831,questions_in
2025-10-28T22:40:38.060275,PUBLISH,d2e074ee6ef7456abe6e6ceae931b808,68f2d95bd190740cfd6a2692,ENQUEUED,0.6385557466015426,questions_in
2025-10-28T22:40:39.087255,PUBLISH,de8e077195f34980925798f53f056879,68f2d95bd190740cfd6a2b1a,ENQUEUED,1.022210994496873,questions_in
2025-10-28T22:40:39.559834,PUBLISH,7c1107a3cc6b4ceeaa3f0351645cc2ad,68f2d95bd190740cfd6a3cd8,ENQUEUED,0.4684058116196615,questions_in
2025-10-28T22:40:39.606551,PUBLISH,47c440f0b0e9466baa7ebedb2d5d885a,68f2d95bd190740cfd6a31b8,ENQUEUED,0.0434711279448494,questions_in
2025-10-28T22:40:40.526824,PUBLISH,df1c560b660b4daf896de5f478951c31,68f2d95bd190740cfd6a2054,ENQUEUED,0.9149317773091177,questions_in
2025-10-28T22:40:41.007062,PUBLISH,066fb72ad6b24d92bbae75bb1424bde9,68f2d95bd190740cfd6a3d17,ENQUEUED,0.477648585178242,questions_in
2025-10-28T22:40:41.692816,PUBLISH,f6b410398b574e938f65d4e539c7a8f4,68f2d95bd190740cfd6a25d0,ENQUEUED,0.6830876097206001,questions_in
2025-10-28T22:40:41.853443,PUBLISH,a167d85c666b4532aebf94c5efe6467e,68f2d95bd190740cfd6a2061,ENQUEUED,0.15691593214918048,questions_in
2025-10-28T22:40:42.564391,PUBLISH,2faa5c19b654433d8f19afb7386dbac9,68f2d95bd190740cfd6a2310,ENQUEUED,0.7039469012841733,questions_in
2025-10-28T22:40:42.758428,PUBLISH,6e0629e78c364c4dbdc321eeb663e627,68f2d95bd190740cfd6a3882,ENQUEUED,0.19109723206412485,questions_in
2025-10-28T22:40:42.823867,PUBLISH,b819bf00fbec43e6ac85f1b7f482a854,68f2d95bd190740cfd6a31a6,ENQUEUED,0.0628118870014351,questions_in
2025-10-28T22:40:43.182460,PUBLISH,78700368639e43009b5cad8ed600160e,68f2d95bd190740cfd6a2bfc,ENQUEUED,0.35577967945640104,questions_in
2025-10-28T22:40:44.672170,PUBLISH,b2ce10f1589942bbb1b3db19bfa51d85,68f2d95bd190740cfd6a1ed7,ENQUEUED,1.479179899276012,questions_in
2025-10-28T22:40:45.406430,PUBLISH,b344839eecc149a383e2418dbb9d9c18,68f2d95bd190740cfd6a24a2,ENQUEUED,0.7294572552699026,questions_in
2025-10-28T22:40:46.169287,PUBLISH,cdd8d97cfac54aebb8e51fa81b85b51b,68f2d95bd190740cfd6a1e23,ENQUEUED,0.7576397705992587,questions_in
2025-10-28T22:40:46.455801,PUBLISH,89d74d1d452c4829a97d61078968cdc9,68f2d95bd190740cfd6a1b2c,ENQUEUED,0.28040851850040677,questions_in
2025-10-28T22:40:47.951467,PUBLISH,6b1b6bfa30f94ad091c5a97ca83cfdc3,68f2d95bd190740cfd6a2728,ENQUEUED,1.4906837089624412,questions_in
2025-10-28T22:40:48.188812,PUBLISH,b713b201db6d4f7b9a667efb8a1dc2aa,68f2d95bd190740cfd6a1dd1,ENQUEUED,0.2304203842602834,questions_in
2025-10-28T22:40:48.673275,PUBLISH,8332c4179a384838b30a8adb34444eac,68f2d95bd190740cfd6a2370,ENQUEUED,0.47436944570964545,questions_in
2025-10-28T22:40:50.292972,PUBLISH,66810b4f5769495e93f42cf21fb47e43,68f2d95bd190740cfd6a305a,ENQUEUED,1.6079148902544491,questions_in
2025-10-28T22:40:50.448582,PUBLISH,9f8c9e0f573f47bca3882650fcc889a3,68f2d95bd190740cfd6a21fe,ENQUEUED,0.15146801538742186,questions_in
2025-10-28T22:40:50.938778,PUBLISH,e85f80d4641e4b01949e44db2a780c59,68f2d95bd190740cfd6a3f11,ENQUEUED,0.4866126682708194,questions_in
2025-10-28T22:40:51.256795,PUBLISH,1b27f43215af42058eb813ff859f12fd,68f2d95bd190740cfd6a38b9,ENQUEUED,0.30812807516489826,questions_in
2025-10-28T22:40:51.324332,PUBLISH,f16b56b5705940a095cf4c3b567a0d3b,68f2d95bd190740cfd6a2627,ENQUEUED,0.05215552821968297,questions_in
2025-10-28T22:40:51.550340,PUBLISH,807bcd1f16714b2393ece85368b862b8,68f2d95bd190740cfd6a3be2,ENQUEUED,0.22218390880092287,questions_in
2025-10-28T22:40:52.964976,PUBLISH,b9697ed76cc24ede893a361fd9a096bc,68f2d95bd190740cfd6a38d5,ENQUEUED,1.4106060001805876,questions_in
2025-10-28T22:40:53.273378,PUBLISH,72f7badc87de4d6382c085e134299fc5,68f2d95bd190740cfd6a3126,ENQUEUED,0.30557768273648217,questions_in
2025-10-28T22:40:54.212062,PUBLISH,d468e54d8b864222a1bc289460360d2c,68f2d95bd190740cfd6a32a0,ENQUEUED,0.9334327301365021,questions_in
2025-10-28T22:40:54.410062,PUBLISH,72a1b28be50f4df58da7f6dbfee8fd7a,68f2d95bd190740cfd6a407b,ENQUEUED,0.19203439549432247,questions_in
2025-10-28T22:40:54.633475,PUBLISH,c8e6ba670518472f9933d5a49b682f49,68f2d95bd190740cfd6a2b33,ENQUEUED,0.21548939590983307,questions_in
2025-10-28T22:40:54.848746,PUBLISH,cb1c44de01f248ec90656f5ccc2b8ef7,68f2d95bd190740cfd6a3e50,ENQUEUED,0.21228740777295355,questions_in
2025-10-28T22:40:56.372848,PUBLISH,e757c3e4a4c64be7bf60f710e30bc203,68f2d95bd190740cfd6a2298,ENQUEUED,1.5195005854567667,questions_in
2025-10-28T22:40:56.393247,PUBLISH,803229110ef4489eb94507dd8ed585f1,68f2d95bd190740cfd6a2312,ENQUEUED,0.017090317867712156,questions_in
2025-10-28T22:40:56.464657,PUBLISH,7c7957b9c80b4cbe972f3ae86408b402,68f2d95bd190740cfd6a3539,ENQUEUED,0.06878301474613222,questions_in
2025-10-28T22:40:56.905719,PUBLISH,5f4fbc1206794fe9b336af74159f6264,68f2d95bd190740cfd6a1f47,ENQUEUED,0.437944196905438,questions_in
2025-10-28T22:40:57.782752,PUBLISH,0f4d47f8662747518302960c98629ddd,68f2d95bd190740cfd6a2c29,ENQUEUED,0.8747121077331435,questions_in
2025-10-28T22:40:59.189508,PUBLISH,dc261711ef05497388a443fe0195ea74,68f2d95bd190740cfd6a2c19,ENQUEUED,1.3981626038008264,questions_in
2025-10-28T22:41:01.322649,PUBLISH,365627c6d533416793a8f1ba58348fea,68f2d95bd190740cfd6a40ee,ENQUEUED,2.1293463833689836,questions_in
2025-10-28T22:41:03.384190,PUBLISH,11883ab82d994476a5e23db056440d93,68f2d95bd190740cfd6a40e3,ENQUEUED,2.0545795931178867,questions_in
2025-10-28T22:41:04.028175,PUBLISH,0b3efd8d5eef451eb47779966a224356,68f2d95bd190740cfd6a3514,ENQUEUED,0.6410535102710542,questions_in
2025-10-28T22:41:05.241160,PUBLISH,3cc33a91968345d7a162809ea86b44a0,68f2d95bd190740cfd6a2312,ENQUEUED,1.203617238570796,questions_in
2025-10-28T22:41:05.819232,PUBLISH,b19077199bf04c948dd480361b83313a,68f2d95bd190740cfd6a1b07,ENQUEUED,0.5725001163410245,questions_in
2025-10-28T22:41:05.936560,PUBLISH,fcb7ac98f20b46db9a495756c0982824,68f2d95bd190740cfd6a1cc7,ENQUEUED,0.11363186635771849,questions_in
2025-10-28T22:41:06.140333,PUBLISH,b02425a6e30a4f0591bf802e580c80ae,68f2d95bd190740cfd6a39a3,ENQUEUED,0.2010105075250429,questions_in
2025-10-28T22:41:07.281276,PUBLISH,43c43472c70b4f13bb3aed303f4407e4,68f2d95bd190740cfd6a271f,ENQUEUED,1.1360876302068175,questions_in
2025-10-28T22:41:07.475407,PUBLISH,7832f8bce1d34cf19e54b860b6507650,68f2d95bd190740cfd6a2bf5,ENQUEUED,0.19025359094377922,questions_in
2025-10-28T22:41:08.050091,PUBLISH,cb6a75eca37b49bb9b3d0cac4a002675,68f2d95bd190740cfd6a1ded,ENQUEUED,0.5696949737617811,questions_in
2025-10-28T22:41:09.254693,PUBLISH,e7a4e03f573542deb8f6808ab98b2dde,68f2d95bd190740cfd6a2c25,ENQUEUED,1.2013008408133001,questions_in
2025-10-28T22:41:09.317080,PUBLISH,7b5e8904e3f34639a91eacb46a0e036d,68f2d95bd190740cfd6a26bd,ENQUEUED,0.056856380214537434,questions_in
2025-10-28T22:41:09.512476,PUBLISH,4b282220145e4cdb9a2bef599e338ba9,68f2d95bd190740cfd6a2796,ENQUEUED,0.18928316784976287,questions_in
2025-10-28T22:41:10.554298,PUBLISH,a74a3c566b47487490dfe17de60081ec,68f2d95bd190740cfd6a1b0a,ENQUEUED,1.038214259381327,questions_in
2025-10-28T22:41:10.658711,PUBLISH,650a476fdaef41738ca09fc7ba953520,68f2d95bd190740cfd6a3153,ENQUEUED,0.10196532052626439,questions_in
2025-10-28T22:41:11.113991,PUBLISH,278084729a0243ec9eac63202a1961e9,68f2d95bd190740cfd6a2c46,ENQUEUED,0.45133198184782164,questions_in
2025-10-28T22:41:11.910870,PUBLISH,0167cf5c515f45b3adc738dc27d3503d,68f2d95bd190740cfd6a28d3,ENQUEUED,0.7934956072903475,questions_in
2025-10-28T22:41:12.083416,PUBLISH,3e1ca539c697443c8bdcf5af250ea540,68f2d95bd190740cfd6a2384,ENQUEUED,0.1639504543773133,questions_in
2025-10-28T22:41:12.252554,PUBLISH,42be04a374a6433b8596f7db38c919a1,68f2d95bd190740cfd6a22fe,ENQUEUED,0.1631542425203222,questions_in
2025-10-28T22:41:12.789878,PUBLISH,befaebd9421748debfd1fea59ba52c7a,68f2d95bd190740cfd6a31c4,ENQUEUED,0.5344474544891956,questions_in
2025-10-28T22:41:13.648459,PUBLISH,ba636ab133a14030bd0b28cc87a27f0a,68f2d95bd190740cfd6a1f22,ENQUEUED,0.8528075188903573,questions_in
2025-10-28T22:41:14.073033,PUBLISH,b9e6e98e5ce54474b9c334d3135484a4,68f2d95bd190740cfd6a3947,ENQUEUED,0.4209178539412448,questions_in
2025-10-28T22:41:14.832491,PUBLISH,a3d34a458fd2433ea2cb2105f85cec2b,68f2d95bd190740cfd6a1cb1,ENQUEUED,0.7537820578467948,questions_in
2025-10-28T22:41:15.444011,PUBLISH,4f9dca09d4d34fbc8886b77eeaee3068,68f2d95bd190740cfd6a2a4d,ENQUEUED,0.6073456445359116,questions_in
2025-10-28T22:41:15.802553,PUBLISH,c0a4bc121bfa4dfd86d1639e1180c20a,68f2d95bd190740cfd6a39a7,ENQUEUED,0.3551991629782785,questions_in
2025-10-28T22:41:16.323882,PUBLISH,858323c91bcf4664a12e5e7f552fd492,68f2d95bd190740cfd6a2184,ENQUEUED,0.5170514861914287,questions_in
2025-10-28T22:41:16.361613,PUBLISH,2a7ea62950bf41afbceee4d8f33be9b4,68f2d95bd190740cfd6a3441,ENQUEUED,0.03372946439482953,questions_in
2025-10-28T22:41:17.282803,PUBLISH,abff43a03d8346feb1e32f3d40814cbe,68f2d95bd190740cfd6a3054,ENQUEUED,0.9162115895820016,questions_in
2025-10-28T22:41:17.875744,PUBLISH,a2197794a8aa4b14aac19c2ce44378d4,68f2d95bd190740cfd6a2921,ENQUEUED,0.5907822557250145,questions_in
2025-10-28T22:41:18.699990,PUBLISH,781eb5c501aa4e0193dac52c4a566a9c,68f2d95bd190740cfd6a2144,ENQUEUED,0.8210067811348413,questions_in
2025-10-28T22:41:19.527832,PUBLISH,50ba0bf15ab647c489fa8aea9f01955b,68f2d95bd190740cfd6a38be,ENQUEUED,0.8242597039102283,questions_in
2025-10-28T22:41:19.991320,PUBLISH,c8a8ac5fbfb546c39f16f42329af99d2,68f2d95bd190740cfd6a37e8,ENQUEUED,0.45997062519671017,questions_in
2025-10-28T22:41:21.154510,PUBLISH,6515b3eda6494a5cb6b51abf3d8b5122,68f2d95bd190740cfd6a1ec1,ENQUEUED,1.1598121826530696,questions_in
2025-10-28T22:41:21.686115,PUBLISH,d3698540a0994bc488cdfde78b716660,68f2d95bd190740cfd6a1ed9,ENQUEUED,0.5231871608139015,questions_in
2025-10-28T22:41:22.978939,PUBLISH,2ed921df76ab41629c1cac2135ffe3db,68f2d95bd190740cfd6a1b30,ENQUEUED,1.2840800607395442,questions_in
2025-10-28T22:41:23.972282,PUBLISH,53f41dba56454efa9c4378c0b552a771,68f2d95bd190740cfd6a303b,ENQUEUED,0.9854152754275954,questions_in
2025-10-28T22:41:24.010582,PUBLISH,2a342d12d47943328561fafea3eda370,68f2d95bd190740cfd6a2e65,ENQUEUED,0.03347433500158062,questions_in
2025-10-28T22:41:24.079611,PUBLISH,be7488f3b84b4d84943a1afa35da75f0,68f2d95bd190740cfd6a397a,ENQUEUED,0.061378375120220464,questions_in
2025-10-28T22:41:24.819407,PUBLISH,9c5ea06a979041c28b726a9f91d5cd0f,68f2d95bd190740cfd6a26e4,ENQUEUED,0.7306298768624018,questions_in
2025-10-28T22:41:24.829550,PUBLISH,311eddd267f8455d8f95ca13ed7acea1,68f2d95bd190740cfd6a37a9,ENQUEUED,0.002817501364881932,questions_in
2025-10-28T22:41:25.702355,PUBLISH,d0f3d6a274904b2ea2222d42fc3f4103,68f2d95bd190740cfd6a1fe7,ENQUEUED,0.8655419394869273,questions_in
2025-10-28T22:41:26.379301,PUBLISH,2eecaa3b3e6143f198db45073ccc4cc2,68f2d95bd190740cfd6a20a0,ENQUEUED,0.6744228186487012,questions_in
2025-10-28T22:41:26.780438,PUBLISH,fe9116cecfe34d26b5b5c96515d64652,68f2d95bd190740cfd6a2e0a,ENQUEUED,0.3929841381051162,questions_in
2025-10-28T22:41:27.720552,PUBLISH,89ed4116171947c8983f6687dd55d9c5,68f2d95bd190740cfd6a1e3a,ENQUEUED,0.9333511451863848,questions_in
2025-10-28T22:41:28.441482,PUBLISH,6e1197b241844f9dbf2c989072e0c3aa,68f2d95bd190740cfd6a1f4e,ENQUEUED,0.7141157210693213,questions_in
2025-10-28T22:41:28.766669,PUBLISH,6c3bed02847246f89834027b3e5dc49c,68f2d95bd190740cfd6a2594,ENQUEUED,0.3167839507740283,questions_in
2025-10-28T22:41:29.348507,PUBLISH,b40eb317bbf346b18f0406157141b3fc,68f2d95bd190740cfd6a35e1,ENQUEUED,0.5741012576762233,questions_in
2025-10-28T22:41:30.905036,PUBLISH,9c1af763dfd84453b859af827c86a4ef,68f2d95bd190740cfd6a2217,ENQUEUED,1.548992065951895,questions_in
2025-10-28T22:41:31.002099,PUBLISH,78382ff74af94a56bdea1cf766d5a85d,68f2d95bd190740cfd6a40cb,ENQUEUED,0.09039316289307359,questions_in
2025-10-28T22:41:32.880460,PUBLISH,3dbde0cf3eb7493a858379c59ccf5798,68f2d95bd190740cfd6a3bb9,ENQUEUED,1.8699616752901862,questions_in
2025-10-28T22:41:34.174935,PUBLISH,c31239ccd6e643939f3f8c4be0087acc,68f2d95bd190740cfd6a3522,ENQUEUED,1.2899242791686292,questions_in
2025-10-28T22:41:34.291854,PUBLISH,bc6b60a752f6434e9a1d982e70201f96,68f2d95bd190740cfd6a3ca7,ENQUEUED,0.11369644412981485,questions_in
2025-10-28T22:41:34.439534,PUBLISH,8cc03371a7c948d38028425b9f84d0f0,68f2d95bd190740cfd6a2b9b,ENQUEUED,0.14270557508348133,questions_in
2025-10-28T22:41:35.076593,PUBLISH,4ccddd222d91441b8aef7e41126b76db,68f2d95bd190740cfd6a41ca,ENQUEUED,0.6299103244241028,questions_in
2025-10-28T22:41:35.089197,PUBLISH,f1f06268388643a0985f2cc1b3860d87,68f2d95bd190740cfd6a3a2b,ENQUEUED,0.00499743920518034,questions_in
2025-10-28T22:41:35.304566,PUBLISH,ab5c9061a52448009a213fd8286e801c,68f2d95bd190740cfd6a2825,ENQUEUED,0.2080816957187471,questions_in
2025-10-28T22:41:36.845262,PUBLISH,6942188019db4d37a0c6d016838be0e7,68f2d95bd190740cfd6a2205,ENQUEUED,1.5344988341043777,questions_in
2025-10-28T22:41:38.345923,PUBLISH,a47ddb1155a1416787f4a8e8b4e35485,68f2d95bd190740cfd6a3620,ENQUEUED,1.4971162201368944,questions_in
2025-10-28T22:41:38.674470,PUBLISH,b09eb283a89446a4bc4ee7c7cdd9d2ae,68f2d95bd190740cfd6a1e39,ENQUEUED,0.3244581258675588,questions_in
2025-10-28T22:41:39.317479,PUBLISH,9f5e4a4b3b734729967c5f21d03d7704,68f2d95bd190740cfd6a1afa,ENQUEUED,0.6345321291890588,questions_in
2025-10-28T22:41:39.394428,PUBLISH,970d5d6b8573459fae39f30ff1b43c9a,68f2d95bd190740cfd6a32ad,ENQUEUED,0.07311919860151604,questions_in
2025-10-28T22:41:39.766742,PUBLISH,e343f48ef9274bbcb87271939fbe2ebb,68f2d95bd190740cfd6a26dc,ENQUEUED,0.3695091141718228,questions_in
2025-10-28T22:41:43.209992,PUBLISH,6094b7a21c994a7cb993d3654b510312,68f2d95bd190740cfd6a22cd,ENQUEUED,3.4361944812968233,questions_in
2025-10-28T22:41:44.540701,PUBLISH,41563c79a34b4378a0d282abfcaf1848,68f2d95bd190740cfd6a28d0,ENQUEUED,1.3220529620585044,questions_in
2025-10-28T22:41:44.614304,PUBLISH,0db2992ed74f45ad97d706514316e437,68f2d95bd190740cfd6a29cc,ENQUEUED,0.07144425893642567,questions_in
2025-10-28T22:41:46.145632,PUBLISH,35975cadf50e4c5e9afb658c09fd2241,68f2d95bd190740cfd6a2f5d,ENQUEUED,1.5217836256384727,questions_in
2025-10-28T22:41:46.183064,PUBLISH,3a0038fff0fc4bf78ba8599de73ce020,68f2d95bd190740cfd6a3f53,ENQUEUED,0.034718053424540936,questions_in
2025-10-28T22:41:46.255488,PUBLISH,51441c8b9eac4971bd38a4971bb37f7a,68f2d95bd190740cfd6a4077,ENQUEUED,0.0680981335752622,questions_in
2025-10-28T22:41:46.588986,PUBLISH,ffd576c9a21c4e3f8339c95c1c8cab52,68f2d95bd190740cfd6a3b1e,ENQUEUED,0.32302616215465013,questions_in
2025-10-28T22:41:48.064435,PUBLISH,338928d555c54865bcfeba11b32a7c71,68f2d95bd190740cfd6a324f,ENQUEUED,1.471439105765227,questions_in
2025-10-28T22:41:48.792003,PUBLISH,ad2acb347b484482a418337d51e99222,68f2d95bd190740cfd6a1d69,ENQUEUED,0.7216861243083629,questions_in
2025-10-28T22:41:49.893448,PUBLISH,c73533a402d24c63afa92878c0f4bc41,68f2d95bd190740cfd6a1bd2,ENQUEUED,1.0898352365329267,questions_in
2025-10-28T22:41:49.950593,PUBLISH,aeaf9a7411e24fdeac732bd287cc48a7,68f2d95bd190740cfd6a375e,ENQUEUED,0.054010977080132645,questions_in
2025-10-28T22:41:52.236907,PUBLISH,ab055059737845cf9e45a12dc4e9fda8,68f2d95bd190740cfd6a22f7,ENQUEUED,2.2777345174429438,questions_in
2025-10-28T22:41:56.040317,PUBLISH,5e8f9f2781f54447814285db70df6dc0,68f2d95bd190740cfd6a1e96,ENQUEUED,3.796237560222267,questions_in
2025-10-28T22:41:56.067489,PUBLISH,999958836e4942a8b6675199ce6c621b,68f2d95bd190740cfd6a202c,ENQUEUED,0.023334165151133446,questions_in
2025-10-28T22:41:57.173184,PUBLISH,3dea7dd11de64222ad0d49308b6fc094,68f2d95bd190740cfd6a23e9,ENQUEUED,1.101417760797609,questions_in
2025-10-28T22:41:58.373153,PUBLISH,452b77283a3d4228a7eaffe7db1c1772,68f2d95bd190740cfd6a1e9c,ENQUEUED,1.1946039577967096,questions_in
2025-10-28T22:42:00.908506,PUBLISH,f7053d2f1ef2465e88726cf6937bb922,68f2d95bd190740cfd6a2364,ENQUEUED,2.531163559109872,questions_in
2025-10-28T22:42:01.416468,PUBLISH,74d74596b98a4ed5abf5ad119ac73404,68f2d95bd190740cfd6a39b4,ENQUEUED,0.5054111868219526,questions_in
2025-10-28T22:42:03.091459,PUBLISH,effb79a245054bb1b532d6345142a08d,68f2d95bd190740cfd6a29e4,ENQUEUED,1.662700528446801,questions_in
2025-10-28T22:42:03.718413,PUBLISH,14a182ae555f482986d3a58dc2173a0d,68f2d95bd190740cfd6a263d,ENQUEUED,0.6221349114277672,questions_in
2025-10-28T22:42:04.455852,PUBLISH,35cfbb275c6241f08a2845ed41e78bb0,68f2d95bd190740cfd6a2862,ENQUEUED,0.7331054705427027,questions_in
2025-10-28T22:42:05.127159,PUBLISH,b408504d15b941728a1275f54b652612,68f2d95bd190740cfd6a32c9,ENQUEUED,0.6687051960201303,questions_in
2025-10-28T22:42:05.640349,PUBLISH,5cd72149923c44b8864f0c1d018b7601,68f2d95bd190740cfd6a327a,ENQUEUED,0.5039730224084304,questions_in
2025-10-28T22:42:06.493057,PUBLISH,360a66ebf7f64222a2ee9857839e7611,68f2d95bd190740cfd6a2485,ENQUEUED,0.8446464689369618,questions_in
2025-10-28T22:42:07.011375,PUBLISH,0e861353eedc44f7b3eed9a05166c49f,68f2d95bd190740cfd6a2d4b,ENQUEUED,0.5162871429232346,questions_in
2025-10-28T22:42:08.209173,PUBLISH,81d165f4a55d4dee95db9d97ee49a849,68f2d95bd190740cfd6a3828,ENQUEUED,1.1919813019799765,questions_in
2025-10-28T22:42:08.471535,PUBLISH,6fc07c2eb1e94d638742826db4b1aaa0,68f2d95bd190740cfd6a3df7,ENQUEUED,0.25958955935829375,questions_in
2025-10-28T22:42:09.261551,PUBLISH,d04fb1da60a04d77a5abb5e3c83f58b0,68f2d95bd190740cfd6a1f8c,ENQUEUED,0.7781598804748886,questions_in
2025-10-28T22:42:12.380835,PUBLISH,47a4f58f4a4d4f2b9fed0aafdabe121f,68f2d95bd190740cfd6a3040,ENQUEUED,3.1105460079148948,questions_in
2025-10-28T22:42:13.965449,PUBLISH,aa745189967a4cc09133bea1a0021d94,68f2d95bd190740cfd6a2b45,ENQUEUED,1.5752880596582364,questions_in
2025-10-28T22:42:14.528719,PUBLISH,0d87269295f14290a41b980e8e12b782,68f2d95bd190740cfd6a2b84,ENQUEUED,0.5559537118824643,questions_in
2025-10-28T22:42:14.645712,PUBLISH,bc4d503bf2ce47a783fa757dbb69c20a,68f2d95bd190740cfd6a4173,ENQUEUED,0.10980975933264138,questions_in
2025-10-28T22:42:14.916475,PUBLISH,87cc25d2b03b420bb42f23e70e41dae0,68f2d95bd190740cfd6a302a,ENQUEUED,0.26827424355757007,questions_in
2025-10-28T22:42:14.991191,PUBLISH,77a4e87dc8e24f75bf3d46b671376731,68f2d95bd190740cfd6a2bd9,ENQUEUED,0.06839009783050017,questions_in
2025-10-28T22:42:15.434424,PUBLISH,6d1aad0f77614295a02c5aac49d3515c,68f2d95bd190740cfd6a2e39,ENQUEUED,0.43620624280131115,questions_in
2025-10-28T22:42:15.759256,PUBLISH,7e37e4bbd1174443846b30db3912df0c,68f2d95bd190740cfd6a1d86,ENQUEUED,0.3221550255925926,questions_in
2025-10-28T22:42:15.807801,PUBLISH,80f9d48d64e843a884e73dd981a124e0,68f2d95bd190740cfd6a2fb7,ENQUEUED,0.045548078325729706,questions_in
2025-10-28T22:42:15.976162,PUBLISH,d16c6427fa534f9a8d7ecc39ac8834e2,68f2d95bd190740cfd6a324b,ENQUEUED,0.16027562684005497,questions_in
2025-10-28T22:42:16.806670,PUBLISH,d178fd242e7a4f0b83abd65f09deb23a,68f2d95bd190740cfd6a3e26,ENQUEUED,0.823003518063262,questions_in
2025-10-28T22:42:17.298771,PUBLISH,13303d2dfcc04d709ce4fb4453ce11ec,68f2d95bd190740cfd6a1b47,ENQUEUED,0.4848529600753304,questions_in
2025-10-28T22:42:18.130348,PUBLISH,941d37f6e3ef4173ae05ff379f4f4659,68f2d95bd190740cfd6a243f,ENQUEUED,0.8235704535595262,questions_in
2025-10-28T22:42:18.160186,PUBLISH,d14c285e0ba34dfd815542c38778eb62,68f2d95bd190740cfd6a2168,ENQUEUED,0.022929988329991352,questions_in
2025-10-28T22:42:18.497524,PUBLISH,c42bc849fbae49ff9bc4609c2db4c722,68f2d95bd190740cfd6a393b,ENQUEUED,0.3305232415088782,questions_in
2025-10-28T22:42:18.834947,PUBLISH,0df89ad3c0fb431e835652f2b2930c20,68f2d95bd190740cfd6a2b85,ENQUEUED,0.3303984633533346,questions_in
2025-10-28T22:42:20.982373,PUBLISH,cfb3db9fdfa14dde87a2735877fde1b8,68f2d95bd190740cfd6a3528,ENQUEUED,2.139068886278903,questions_in
2025-10-28T22:42:21.233095,PUBLISH,3d2d8a026c684bd48bcfac3eca17d401,68f2d95bd190740cfd6a2f00,ENQUEUED,0.24378242801565905,questions_in
2025-10-28T22:42:21.462253,PUBLISH,65cd023b8c984ece939a66ad1eb718da,68f2d95bd190740cfd6a3ef6,ENQUEUED,0.22256900971148588,questions_in
2025-10-28T22:42:21.491208,PUBLISH,142381c210ee4fddbe1b747040ade21e,68f2d95bd190740cfd6a3f8e,ENQUEUED,0.025526934303779666,questions_in
2025-10-28T22:42:22.123089,PUBLISH,2cd0ecdbdb894f6cb6e4f0a52a4b2854,68f2d95bd190740cfd6a2d20,ENQUEUED,0.6239712293595779,questions_in
2025-10-28T22:42:22.423184,PUBLISH,8147b202b09c4c439083cb81eaa2682f,68f2d95bd190740cfd6a37f5,ENQUEUED,0.2932532631564422,questions_in
2025-10-28T22:42:22.439808,PUBLISH,a13a32d2ae5e48e385ee22ec0a5b680e,68f2d95bd190740cfd6a3752,ENQUEUED,0.009127014482851258,questions_in
2025-10-28T22:42:23.714130,PUBLISH,cbed5a724f3a405aac5c52c6287b69d4,68f2d95bd190740cfd6a4175,ENQUEUED,1.2673386025283182,questions_in
2025-10-28T22:42:25.702226,PUBLISH,3fb603de831f4df6ba8f2853a6f7d456,68f2d95bd190740cfd6a2e49,ENQUEUED,1.9813962605335809,questions_in
2025-10-28T22:42:25.971944,PUBLISH,dd9d2c431bca4aaba14169cf15923fe7,68f2d95bd190740cfd6a3c04,ENQUEUED,0.26769274985144825,questions_in
2025-10-28T22:42:27.431424,PUBLISH,0691dff2d9ea4f70bfc7e9634283bc3d,68f2d95bd190740cfd6a3f53,ENQUEUED,1.4515400629894364,questions_in
2025-10-28T22:42:28.316018,PUBLISH,ce475e57e69049c1aa7d762311f6d0c1,68f2d95bd190740cfd6a31cb,ENQUEUED,0.8781833214832763,questions_in
2025-10-28T22:42:30.449367,PUBLISH,1ad1787766124135a328bb3cb609e4dc,68f2d95bd190740cfd6a2429,ENQUEUED,2.1247477820700102,questions_in
2025-10-28T22:42:30.716049,PUBLISH,5c91d6fedccb48929742424e18c5c9ba,68f2d95bd190740cfd6a2f0c,ENQUEUED,0.26023450848422136,questions_in
2025-10-28T22:42:32.630081,PUBLISH,e432b9b466254a14aa352694a0df3adc,68f2d95bd190740cfd6a3031,ENQUEUED,1.906005817752768,questions_in
2025-10-28T22:42:33.014676,PUBLISH,ec4a6f2ec9364f558105981e6f176491,68f2d95bd190740cfd6a3e58,ENQUEUED,0.37745623211767504,questions_in
2025-10-28T22:42:33.259319,PUBLISH,60a2f98a3fb74978942b44391e0c1eac,68f2d95bd190740cfd6a412b,ENQUEUED,0.23750183848421189,questions_in
2025-10-28T22:42:33.694157,PUBLISH,25c79ed0bf524a44ad1875ea0c9c6ae4,68f2d95bd190740cfd6a3214,ENQUEUED,0.4281968797868145,questions_in
2025-10-28T22:42:36.588789,PUBLISH,c6d6370e4d0e4d7fb3e2064b70a34ff0,68f2d95bd190740cfd6a37f9,ENQUEUED,2.883452485173837,questions_in
2025-10-28T22:42:37.853314,PUBLISH,e0778058f89f4afea5a036c50783652d,68f2d95bd190740cfd6a3b52,ENQUEUED,1.256922827151504,questions_in
2025-10-28T22:42:38.160761,PUBLISH,c88f79cc3733443886c05b0d55c288b3,68f2d95bd190740cfd6a2661,ENQUEUED,0.29954339671118296,questions_in
2025-10-28T22:42:38.262420,PUBLISH,543f33b5fd4f423d84b8584b0067ffaa,68f2d95bd190740cfd6a1fc4,ENQUEUED,0.09455927847477218,questions_in
2025-10-28T22:42:38.899903,PUBLISH,5277d53079ed480e8388e310968fba19,68f2d95bd190740cfd6a3a01,ENQUEUED,0.6300474707328759,questions_in
2025-10-28T22:42:38.945403,PUBLISH,cc0b2eb6f5d8433a919d9ad880de5688,68f2d95bd190740cfd6a350e,ENQUEUED,0.041882606497532754,questions_in
2025-10-28T22:42:39.034884,PUBLISH,9da75eb185be4d58885bddbf269846a9,68f2d95bd190740cfd6a2cb1,ENQUEUED,0.0821911371768897,questions_in
2025-10-28T22:42:39.177337,PUBLISH,f015a9ad3c0f436097f3325246f410b0,68f2d95bd190740cfd6a3484,ENQUEUED,0.1351409348823571,questions_in
2025-10-28T22:42:40.084198,PUBLISH,115608d0555b4a5f9cdf8bd9e8015f8b,68f2d95bd190740cfd6a23c5,ENQUEUED,0.899029394076362,questions_in
2025-10-28T22:42:40.099474,PUBLISH,8ff2e34e18324b51bcae8517c4e566cd,68f2d95bd190740cfd6a355e,ENQUEUED,0.007380396570871975,questions_in
2025-10-28T22:42:40.749428,PUBLISH,fda860675a8c40b9b23872ef2764feae,68f2d95bd190740cfd6a3608,ENQUEUED,0.6229378551075253,questions_in
2025-10-28T22:42:40.775832,PUBLISH,ff9824b03e5c43fab106140e4a8caf14,68f2d95bd190740cfd6a3eab,ENQUEUED,0.02272663023929226,questions_in
2025-10-28T22:42:40.783639,PUBLISH,ee3474a96f1a46c3b8f21af67295479e,68f2d95bd190740cfd6a302b,ENQUEUED,0.004576787913106755,questions_in
2025-10-28T22:42:41.013560,PUBLISH,a2e1e051200949a7b9bd55e645bc77ca,68f2d95bd190740cfd6a3097,ENQUEUED,0.22302713276075858,questions_in
2025-10-28T22:42:41.801127,PUBLISH,5e03f35cf4964ba6a17f7b609b7abd80,68f2d95bd190740cfd6a3325,ENQUEUED,0.7805548225730718,questions_in
2025-10-28T22:42:41.847085,PUBLISH,3f381b178b4d43249bfd926d46a33c02,68f2d95bd190740cfd6a227c,ENQUEUED,0.03941895555159116,questions_in
2025-10-28T22:42:42.549915,PUBLISH,3ba1199d7a664439b46ee146f195e4ea,68f2d95bd190740cfd6a205d,ENQUEUED,0.6987667823431037,questions_in
2025-10-28T22:42:42.885960,PUBLISH,4704ea7025dc4f5690c189d5eb99aa36,68f2d95bd190740cfd6a28b3,ENQUEUED,0.33156061020121014,questions_in
2025-10-28T22:42:42.953788,PUBLISH,e2a36e5d70274e5f8baa89fd3b077cab,68f2d95bd190740cfd6a3514,ENQUEUED,0.0658242407603515,questions_in
2025-10-28T22:42:42.980284,PUBLISH,2a3e524994234dbfa692900900dff888,68f2d95bd190740cfd6a3f68,ENQUEUED,0.023004949444720143,questions_in
2025-10-28T22:42:43.412595,PUBLISH,2af403c9b8544d918e531c1ba952e37d,68f2d95bd190740cfd6a2c57,ENQUEUED,0.4286976115518641,questions_in
2025-10-28T22:42:43.494886,PUBLISH,340338743638407b865708edfcaaa70b,68f2d95bd190740cfd6a2008,ENQUEUED,0.07918102715543994,questions_in
2025-10-28T22:42:43.758177,PUBLISH,4b111d0bef1b4992ad7836aa9d8280e8,68f2d95bd190740cfd6a214a,ENQUEUED,0.2609238851283856,questions_in
2025-10-28T22:42:43.816359,PUBLISH,07fc30d785e44410ab4bdef915b69acc,68f2d95bd190740cfd6a39ee,ENQUEUED,0.0561436248918011,questions_in
2025-10-28T22:42:44.220060,PUBLISH,cde0482a1f6a41c685bb0bdfa9c05f4e,68f2d95bd190740cfd6a20dc,ENQUEUED,0.3989317296925423,questions_in
2025-10-28T22:42:44.433067,PUBLISH,1e55173042604879a349edf2211ffe27,68f2d95bd190740cfd6a371d,ENQUEUED,0.2102322833850723,questions_in
2025-10-28T22:42:44.799673,PUBLISH,188a46e065164bbeb76bd48b2a980bef,68f2d95bd190740cfd6a384b,ENQUEUED,0.36215970822356497,questions_in
2025-10-28T22:42:44.929599,PUBLISH,f53dc5c5535742688b2615c0f0c301c9,68f2d95bd190740cfd6a29bf,ENQUEUED,0.12564699169854432,questions_in
2025-10-28T22:42:45.014628,PUBLISH,6acb868862e148e28ff4ef4366a296ad,68f2d95bd190740cfd6a2e30,ENQUEUED,0.08286744261332431,questions_in
2025-10-28T22:42:45.649577,PUBLISH,206cd2be2f1c4f719b009298d13bdc8f,68f2d95bd190740cfd6a29d1,ENQUEUED,0.6273620119419369,questions_in
2025-10-28T22:42:46.541577,PUBLISH,a4c89c502a514d5798dca64367cb3b32,68f2d95bd190740cfd6a2c7b,ENQUEUED,0.8895727252782075,questions_in
2025-10-28T22:42:46.957920,PUBLISH,320ca11d7f9e4eb193a71e7b8b3ddb38,68f2d95bd190740cfd6a32e5,ENQUEUED,0.4125936917397968,questions_in
2025-10-28T22:42:47.939837,PUBLISH,9b0d2cf647e2490eb51bd3c6e5913434,68f2d95bd190740cfd6a3477,ENQUEUED,0.9794324872138996,questions_in
2025-10-28T22:42:49.317692,PUBLISH,3ae3006fca24477ba685788ba1b75f74,68f2d95bd190740cfd6a2cdf,ENQUEUED,1.3714005257336082,questions_in
2025-10-28T22:42:49.423397,PUBLISH,c10b9246a01a4461b958d40399f91d36,68f2d95bd190740cfd6a3a9d,ENQUEUED,0.10008019854852118,questions_in
2025-10-28T22:42:49.512775,PUBLISH,6fbea8ef766849d89184d63243aee892,68f2d95bd190740cfd6a2b6f,ENQUEUED,0.08690157963792318,questions_in
2025-10-28T22:42:49.950398,PUBLISH,922b74160bde4fb493ebf6fe6da371dc,68f2d95bd190740cfd6a350c,ENQUEUED,0.4345729865322952,questions_in
2025-10-28T22:42:50.762030,PUBLISH,584b83917bd843359d990346468cf889,68f2d95bd190740cfd6a27c7,ENQUEUED,0.807013793363518,questions_in
2025-10-28T22:42:51.232474,PUBLISH,7bebdffc18de4a29a5650e3b7448bf61,68f2d95bd190740cfd6a1d49,ENQUEUED,0.467380165164993,questions_in
2025-10-28T22:42:52.822009,PUBLISH,5bac52aea7ae41778123db68cd4bf5b6,68f2d95bd190740cfd6a26a8,ENQUEUED,1.584903562296174,questions_in
2025-10-28T22:42:52.828986,PUBLISH,4083bba78b14488ca41ed54a14695e32,68f2d95bd190740cfd6a3f46,ENQUEUED,0.0013043197383928423,questions_in
2025-10-28T22:42:53.069471,PUBLISH,ec7421e2646d4667b55394f88a6d4318,68f2d95bd190740cfd6a28fd,ENQUEUED,0.2378728863156463,questions_in
2025-10-28T22:42:53.176598,PUBLISH,dae7ea84099e49b8a131e61c00909106,68f2d95bd190740cfd6a2c11,ENQUEUED,0.10292613320577464,questions_in
2025-10-28T22:42:54.784823,PUBLISH,1c05c6da5ca347bb8196c8f05a3d6109,68f2d95bd190740cfd6a26bb,ENQUEUED,1.5998889636621012,questions_in
2025-10-28T22:42:55.276207,PUBLISH,6e2c820605384c4eb291abf9271fc1ad,68f2d95bd190740cfd6a2fbc,ENQUEUED,0.4875719893650312,questions_in
2025-10-28T22:42:56.697182,PUBLISH,9563a36e159743e899d81bed91dda4b9,68f2d95bd190740cfd6a2d54,ENQUEUED,1.4173711431525848,questions_in
2025-10-28T22:42:57.018599,PUBLISH,aea557ea805545d182953825a834d6a1,68f2d95bd190740cfd6a36f8,ENQUEUED,0.3136298527559323,questions_in
2025-10-28T22:42:57.163762,PUBLISH,225481d330ce41a7ab1e99321ec1300d,68f2d95bd190740cfd6a4143,ENQUEUED,0.1388261652139112,questions_in
2025-10-28T22:42:57.449064,PUBLISH,35ede29e2c9b4ac685978ceea7c9de32,68f2d95bd190740cfd6a1f84,ENQUEUED,0.2825783277292028,questions_in
2025-10-28T22:42:57.954778,PUBLISH,9b2432c3843949dfab0c9ae3a376d942,68f2d95bd190740cfd6a21b5,ENQUEUED,0.5034898064751536,questions_in
2025-10-28T22:42:58.043525,PUBLISH,8d9ad763814f45d19a274ce9d5a4dcde,68f2d95bd190740cfd6a3229,ENQUEUED,0.08573341349665893,questions_in
2025-10-28T22:42:59.118976,PUBLISH,8f6f02ba394b4a5e8cc84783db5abe48,68f2d95bd190740cfd6a3a22,ENQUEUED,1.0718813995158716,questions_in
2025-10-28T22:42:59.376485,PUBLISH,db86bc88b6c94dd39582e5d1b5219acf,68f2d95bd190740cfd6a3365,ENQUEUED,0.254232657687006,questions_in
2025-10-28T22:42:59.661927,PUBLISH,2c412393a33b442a9c435cdec9fd8166,68f2d95bd190740cfd6a259b,ENQUEUED,0.2830257236177317,questions_in
2025-10-28T22:42:59.866404,PUBLISH,ba01a1ae689d47d29661bc6c8402c70e,68f2d95bd190740cfd6a33d6,ENQUEUED,0.20128388175454584,questions_in
2025-10-28T22:42:59.998971,PUBLISH,5b8ced327a164e1e84342368f03f2883,68f2d95bd190740cfd6a21cb,ENQUEUED,0.12870215480188946,questions_in
2025-10-28T22:43:00.411534,PUBLISH,68771dea1acf457585fc4bdf51e50776,68f2d95bd190740cfd6a2e36,ENQUEUED,0.4101159444050653,questions_in
2025-10-28T22:43:01.045118,PUBLISH,364f1a1da97642ff9a38072165809b63,68f2d95bd190740cfd6a277d,ENQUEUED,0.6278617505684388,questions_in
2025-10-28T22:43:01.929282,PUBLISH,d989e8193b60475cbc91be22aa940b36,68f2d95bd190740cfd6a2104,ENQUEUED,0.8809572292003236,questions_in
2025-10-28T22:43:02.338374,PUBLISH,a9d7cab369ba4f63ba62646f33e5ed4b,68f2d95bd190740cfd6a2107,ENQUEUED,0.40629900189666196,questions_in
2025-10-28T22:43:03.452908,PUBLISH,b35e0505904e40ada9b9c64007c2784f,68f2d95bd190740cfd6a2648,ENQUEUED,1.1063394351352354,questions_in
2025-10-28T22:43:04.595660,PUBLISH,63d4d674f4d54a7092c691465e216f0a,68f2d95bd190740cfd6a2de3,ENQUEUED,1.1376315233569274,questions_in
2025-10-28T22:43:04.711680,PUBLISH,1bf3d66daa764e89b5f612e39119cc10,68f2d95bd190740cfd6a1c89,ENQUEUED,0.11258247631535205,questions_in
2025-10-28T22:43:04.756546,PUBLISH,68addf5c94f34676ba72564b46497e60,68f2d95bd190740cfd6a297e,ENQUEUED,0.04078438359897047,questions_in
2025-10-28T22:43:05.197408,PUBLISH,bdec8c9bea854ca48829a076c78381d6,68f2d95bd190740cfd6a2da2,ENQUEUED,0.43788891233722155,questions_in
2025-10-28T22:43:06.116826,PUBLISH,a3fa8d7a9538407bbc833f97e58646bb,68f2d95bd190740cfd6a3619,ENQUEUED,0.9163128187093812,questions_in
2025-10-28T22:43:06.649266,PUBLISH,212bd12100d040a1aaef3b0e8a60ea2e,68f2d95bd190740cfd6a3306,ENQUEUED,0.5287278414435643,questions_in
2025-10-28T22:43:06.750312,PUBLISH,128e24c6bd3a4e92843c9f6997c41e90,68f2d95bd190740cfd6a30f0,ENQUEUED,0.09868009940554105,questions_in
2025-10-28T22:43:07.325400,PUBLISH,397adb7065474952bd4d9f8178c66d49,68f2d95bd190740cfd6a398a,ENQUEUED,0.5709730310236557,questions_in
2025-10-28T22:43:07.852008,PUBLISH,a74211264c9441eda5748b47914f26f4,68f2d95bd190740cfd6a3db8,ENQUEUED,0.5189713525483419,questions_in
2025-10-28T22:43:08.661885,PUBLISH,6e270a56b9114677a80c5689650611c4,68f2d95bd190740cfd6a1af9,ENQUEUED,0.8006460275767209,questions_in
2025-10-28T22:43:09.962361,PUBLISH,44b67fb6d3074a73be0fb8f6ef5b4d21,68f2d95bd190740cfd6a34b1,ENQUEUED,1.292799081837985,questions_in
2025-10-28T22:43:10.207765,PUBLISH,e5a44526ca2c48c3ae88171ce193d7a8,68f2d95bd190740cfd6a2001,ENQUEUED,0.24121396937571993,questions_in
2025-10-28T22:43:10.617002,PUBLISH,45910e1b2dae4513afe958e0adf37466,68f2d95bd190740cfd6a29b8,ENQUEUED,0.4059919124341585,questions_in
2025-10-28T22:43:11.035964,PUBLISH,167855ef3bdb4030acf1ea5d656dc323,68f2d95bd190740cfd6a2698,ENQUEUED,0.41531770235015947,questions_in
2025-10-28T22:43:11.910343,PUBLISH,50485d310bb5473bb15586bb671ee028,68f2d95bd190740cfd6a22ff,ENQUEUED,0.8661508479616278,questions_in
2025-10-28T22:43:13.609859,PUBLISH,cd40de714e9b4ecca73c04c0e4261273,68f2d95bd190740cfd6a3509,ENQUEUED,1.69503520689409,questions_in
2025-10-28T22:43:15.836801,PUBLISH,e57c195eb9034617b7f2139b740975a8,68f2d95bd190740cfd6a23d6,ENQUEUED,2.2196945944237028,questions_in
2025-10-28T22:43:15.960614,PUBLISH,b182a14538cb403e81a86c41f1c3fdb8,68f2d95bd190740cfd6a1ead,ENQUEUED,0.11901535914499635,questions_in
2025-10-28T22:43:16.443510,PUBLISH,f6fe5a9030554dfc99ccc6ec963174ba,68f2d95bd190740cfd6a1e8d,ENQUEUED,0.4806023418823564,questions_in
2025-10-28T22:43:16.881556,PUBLISH,c80951c80e264f08bf457bfeaa914dfa,68f2d95bd190740cfd6a1c0d,ENQUEUED,0.43548503542022093,questions_in
2025-10-28T22:43:18.932042,PUBLISH,96ddf22c935e45a7b42aaff853c3a8b4,68f2d95bd190740cfd6a2929,ENQUEUED,2.0462494872962025,questions_in
2025-10-28T22:43:19.105129,PUBLISH,987d1838066147deb0294790bda618d4,68f2d95bd190740cfd6a1e9f,ENQUEUED,0.16954686538550648,questions_in
2025-10-28T22:43:19.143301,PUBLISH,4a708ef4622a46acb492900d0b58cb35,68f2d95bd190740cfd6a35ca,ENQUEUED,0.035963397800567246,questions_in
2025-10-28T22:43:19.248462,PUBLISH,617df9f8e24647f48a9edc7856c3486d,68f2d95bd190740cfd6a23c0,ENQUEUED,0.10328358367506889,questions_in
2025-10-28T22:43:19.447404,PUBLISH,aea2993568b948438a5f699477c2498a,68f2d95bd190740cfd6a36dd,ENQUEUED,0.19675618852828713,questions_in
2025-10-28T22:43:19.623187,PUBLISH,40cec2aa739747f5a06cf1d47733527c,68f2d95bd190740cfd6a25b8,ENQUEUED,0.17244182284725318,questions_in
2025-10-28T22:43:20.643410,PUBLISH,904aed7b791244e1b3e5bbd81f586fa9,68f2d95bd190740cfd6a3c15,ENQUEUED,1.0172234652202743,questions_in
2025-10-28T22:43:20.877723,PUBLISH,d26abbe266fe4a1fac14aff283082377,68f2d95bd190740cfd6a3e2f,ENQUEUED,0.22960632352632782,questions_in
2025-10-28T22:43:20.993254,PUBLISH,08f66cf97f5f46128f789aa7285b116c,68f2d95bd190740cfd6a28fe,ENQUEUED,0.11345035181328705,questions_in
2025-10-28T22:43:22.165610,PUBLISH,5adcd3579cb64e4d9d8d126225cbeb0d,68f2d95bd190740cfd6a3cbf,ENQUEUED,1.1701289922989917,questions_in
2025-10-28T22:43:23.209141,PUBLISH,a669c8d3e7004feeb76a80f8bf732bf2,68f2d95bd190740cfd6a2107,ENQUEUED,1.0405251431240319,questions_in
2025-10-28T22:43:25.197426,PUBLISH,253de4be573a434c9542a682ba00ae99,68f2d95bd190740cfd6a2552,ENQUEUED,1.980416090034011,questions_in
2025-10-28T22:43:25.856593,PUBLISH,8b4daf973c1344a5ac2521bf7a9ae512,68f2d95bd190740cfd6a2518,ENQUEUED,0.6553179035524532,questions_in
2025-10-28T22:43:26.158750,PUBLISH,972e576b6d8e4870a8dcf88d1da047a8,68f2d95bd190740cfd6a33ef,ENQUEUED,0.29993017823913254,questions_in
2025-10-28T22:43:26.163679,PUBLISH,b4e17b44aa7d4053af603acc5ee652a7,68f2d95bd190740cfd6a3cf0,ENQUEUED,0.0022384364110975166,questions_in
2025-10-28T22:43:26.369096,PUBLISH,2f1d32db4b154831a3492cab7fe25407,68f2d95bd190740cfd6a3227,ENQUEUED,0.1943627790814935,questions_in
2025-10-28T22:43:26.407836,PUBLISH,9542de28c07047c8ab934a15eb3d19b4,68f2d95bd190740cfd6a3a80,ENQUEUED,0.031787455422539294,questions_in
2025-10-28T22:43:26.732703,PUBLISH,eda61d8bcb0047e0a4a4addaa433848c,68f2d95bd190740cfd6a3233,ENQUEUED,0.32272299063412907,questions_in
2025-10-28T22:43:27.632540,PUBLISH,bb915b7edc664837b8f425ba3f7950bb,68f2d95bd190740cfd6a37a0,ENQUEUED,0.8975269456327206,questions_in
2025-10-28T22:43:27.894860,PUBLISH,8734fee0a1f447d5aa70543a2ba9c35b,68f2d95bd190740cfd6a2fc3,ENQUEUED,0.2596915780012736,questions_in
2025-10-28T22:43:28.282271,PUBLISH,57b4958851e843f4adc3b221e1b58b68,68f2d95bd190740cfd6a1cf4,ENQUEUED,0.3848952739885625,questions_in
2025-10-28T22:43:28.332574,PUBLISH,ad861d8fdeba44b18306193b53024726,68f2d95bd190740cfd6a2409,ENQUEUED,0.04675319662925634,questions_in
2025-10-28T22:43:28.521729,PUBLISH,7c914e50129446a48afe11c32e064650,68f2d95bd190740cfd6a2d15,ENQUEUED,0.18564159271861844,questions_in
2025-10-28T22:43:29.662793,PUBLISH,35e9aa52d0aa4354b7f2287e5a432357,68f2d95bd190740cfd6a3a52,ENQUEUED,1.1383823619524573,questions_in
2025-10-28T22:43:30.720415,PUBLISH,667945fcb13946c69cc0af3e7fe165c7,68f2d95bd190740cfd6a3596,ENQUEUED,1.0544474517090698,questions_in
2025-10-28T22:43:31.156832,PUBLISH,81b13bcd8a95481b85836b5e09b44234,68f2d95bd190740cfd6a2a04,ENQUEUED,0.4340843489123574,questions_in
2025-10-28T22:43:31.490192,PUBLISH,804ee245b4924e52ad32797ad7f18c2a,68f2d95bd190740cfd6a347b,ENQUEUED,0.3309323097298188,questions_in
2025-10-28T22:43:33.187325,PUBLISH,870cea40d514411381e066bc0d52b956,68f2d95bd190740cfd6a2b55,ENQUEUED,1.691606250185191,questions_in
2025-10-28T22:43:33.333355,PUBLISH,b5ca56fd89d147848e1ae8984d629c17,68f2d95bd190740cfd6a2e44,ENQUEUED,0.13438887520937615,questions_in
2025-10-28T22:43:34.698579,PUBLISH,f079d59a7976467982e3ee679a24362e,68f2d95bd190740cfd6a29b5,ENQUEUED,1.3617412160679245,questions_in
2025-10-28T22:43:35.388532,PUBLISH,62589945b3384a4e999e372d20087302,68f2d95bd190740cfd6a1cab,ENQUEUED,0.687930643823898,questions_in
2025-10-28T22:43:35.653688,PUBLISH,6f7c6b609f424264bc73182f26efd53f,68f2d95bd190740cfd6a2a55,ENQUEUED,0.2612068347526246,questions_in
2025-10-28T22:43:35.821124,PUBLISH,30559013cde348cfa4a15f2991a433d4,68f2d95bd190740cfd6a3fba,ENQUEUED,0.16373433573221158,questions_in
2025-10-28T22:43:36.054127,PUBLISH,689f81937c3b4b90a5d4088a71b88dbd,68f2d95bd190740cfd6a3e0a,ENQUEUED,0.228034852216524,questions_in
2025-10-28T22:43:36.111193,PUBLISH,d44dddee680f4067ba0484e967fbf2bb,68f2d95bd190740cfd6a1bd5,ENQUEUED,0.053142735661399286,questions_in
2025-10-28T22:43:36.409900,PUBLISH,7f3b082e9d634c51b0098c21a46a8f40,68f2d95bd190740cfd6a2e25,ENQUEUED,0.28552101309504246,questions_in
2025-10-28T22:43:37.328302,PUBLISH,9b8fb96a968c46888422d5c305bcd632,68f2d95bd190740cfd6a3496,ENQUEUED,0.9156254861242678,questions_in
2025-10-28T22:43:38.156277,PUBLISH,92a8d92d44b04bb88176841b1400ac80,68f2d95bd190740cfd6a40c2,ENQUEUED,0.8250929702218371,questions_in
2025-10-28T22:43:38.536787,PUBLISH,766f4de44ff74dd092d39edd48e71bee,68f2d95bd190740cfd6a2e1d,ENQUEUED,0.3782814793374151,questions_in
2025-10-28T22:43:38.752011,PUBLISH,204bb197e43d4d0c910b06fe3c23af93,68f2d95bd190740cfd6a3c7a,ENQUEUED,0.21239399113681812,questions_in
2025-10-28T22:43:38.823401,PUBLISH,638c37ccb5c74c6195e96bec66de9b6a,68f2d95bd190740cfd6a247d,ENQUEUED,0.0693448385275221,questions_in
2025-10-28T22:43:40.513630,PUBLISH,cb2586bd3dcc4b308b938472403f491c,68f2d95bd190740cfd6a2045,ENQUEUED,1.686581405526103,questions_in
2025-10-28T22:43:41.550898,PUBLISH,069b666719274d4e80597a5f6f3e2e59,68f2d95bd190740cfd6a2bf8,ENQUEUED,1.0336661429974023,questions_in
2025-10-28T22:43:42.912246,PUBLISH,da368c1823dd412db51bdef7e3f4b0e0,68f2d95bd190740cfd6a1afe,ENQUEUED,1.3579294906847394,questions_in
2025-10-28T22:43:43.046255,PUBLISH,9fa5da30dcc747d0819a10d7165b338b,68f2d95bd190740cfd6a3c0b,ENQUEUED,0.13090347105908914,questions_in
2025-10-28T22:43:43.542905,PUBLISH,338a6ee90b574f8aa965fcd7f1a7f3fc,68f2d95bd190740cfd6a3a8e,ENQUEUED,0.4840414462659805,questions_in
2025-10-28T22:43:43.840450,PUBLISH,2deed51dda8e4924843515feaf0b5740,68f2d95bd190740cfd6a23f5,ENQUEUED,0.2866025495237324,questions_in
2025-10-28T22:43:44.420065,PUBLISH,a1faab2cbd7e42d88d3a848d2085fd23,68f2d95bd190740cfd6a1b12,ENQUEUED,0.5754366923380851,questions_in
2025-10-28T22:43:45.400249,PUBLISH,33cb61739dd64cddbbfb8a83e8c10d72,68f2d95bd190740cfd6a41ce,ENQUEUED,0.976359905570943,questions_in
2025-10-28T22:43:46.568585,PUBLISH,bc5b6349a5154cefb7531b35005f28ec,68f2d95bd190740cfd6a1d21,ENQUEUED,1.1611254000120659,questions_in
2025-10-28T22:43:46.829137,PUBLISH,c2545b9f0d6a4d1b957c197ed49b6981,68f2d95bd190740cfd6a304a,ENQUEUED,0.25835323724041065,questions_in
2025-10-28T22:43:46.968172,PUBLISH,c2f01b3e4e2f4c55b5809eb68f1e8986,68f2d95bd190740cfd6a3e7d,ENQUEUED,0.1339211283400536,questions_in
2025-10-28T22:43:48.276451,PUBLISH,d917df57914343da82f6470f42f081fa,68f2d95bd190740cfd6a2aee,ENQUEUED,1.3043001378094898,questions_in
2025-10-28T22:43:48.551886,PUBLISH,c9ac9fd50a4a49cfa1be085b4a58f125,68f2d95bd190740cfd6a28ae,ENQUEUED,0.27267535690972183,questions_in
2025-10-28T22:43:48.679389,PUBLISH,5efd8b15cd1843e6a49dc85350819cf7,68f2d95bd190740cfd6a41c6,ENQUEUED,0.1255285260353875,questions_in
2025-10-28T22:43:48.866900,PUBLISH,30b5d4d044274352931ec96b3f5d89e1,68f2d95bd190740cfd6a326a,ENQUEUED,0.18456052345813745,questions_in
2025-10-28T22:43:49.858419,PUBLISH,f8409c59bd8848a5b2d21ea68bbb7f8c,68f2d95bd190740cfd6a3bb4,ENQUEUED,0.9896743806018787,questions_in
2025-10-28T22:43:50.378761,PUBLISH,47ac0fb6803c4b6a87e035d3e6bbe404,68f2d95bd190740cfd6a39c7,ENQUEUED,0.5180222538104157,questions_in
2025-10-28T22:43:50.981963,PUBLISH,55100305e6a545d0b813250e8ad4b892,68f2d95bd190740cfd6a2259,ENQUEUED,0.5996878657133707,questions_in
2025-10-28T22:43:51.624457,PUBLISH,6757eb5916c24953b7f937b8e8c515ec,68f2d95bd190740cfd6a290d,ENQUEUED,0.6384484113803692,questions_in
2025-10-28T22:43:52.062241,PUBLISH,553ec40dbfac4e9486a6957771dbee7e,68f2d95bd190740cfd6a3bd3,ENQUEUED,0.4351288222475272,questions_in
2025-10-28T22:43:52.553094,PUBLISH,e2f39d497e88479cbc18d7eebabd84fe,68f2d95bd190740cfd6a2606,ENQUEUED,0.4884106786171237,questions_in
2025-10-28T22:43:52.624736,PUBLISH,1a63ebf45f5f486fa7d3c64b13e0d9db,68f2d95bd190740cfd6a3c71,ENQUEUED,0.06936181218945975,questions_in
2025-10-28T22:43:53.078124,PUBLISH,4a741ea5df33458eb8ed9288939c8fe1,68f2d95bd190740cfd6a3807,ENQUEUED,0.45058022188509955,questions_in
2025-10-28T22:43:53.576524,PUBLISH,b16f30d2e4d645f2818dc26c6ae81e5a,68f2d95bd190740cfd6a2acd,ENQUEUED,0.4962157874501513,questions_in
2025-10-28T22:43:55.424502,PUBLISH,5e8b4547092c43d7b7f378ec722c6184,68f2d95bd190740cfd6a35ed,ENQUEUED,1.8417873583636883,questions_in
2025-10-28T22:43:56.804836,PUBLISH,5728d499339a4ea39629cbf17c3d03b3,68f2d95bd190740cfd6a2f8c,ENQUEUED,1.377307763860747,questions_in
2025-10-28T22:43:57.238997,PUBLISH,f10cf81cb91b4c539782714a5df7109c,68f2d95bd190740cfd6a1ffb,ENQUEUED,0.43003601980984557,questions_in
2025-10-28T22:43:57.286515,PUBLISH,542a3ca283504aeebb63d2daa726dbd5,68f2d95bd190740cfd6a2918,ENQUEUED,0.04468840738605561,questions_in
2025-10-28T22:43:57.750005,PUBLISH,893ffc3d56da42248862ade2917819cd,68f2d95bd190740cfd6a250b,ENQUEUED,0.4551223666831088,questions_in
2025-10-28T22:43:58.417389,PUBLISH,68f8030ecdf240948265539af5ceed8f,68f2d95bd190740cfd6a2f66,ENQUEUED,0.6649838039863465,questions_in
2025-10-28T22:44:00.687866,PUBLISH,a8a059ad8b7746eda533cda0074de3b9,68f2d95bd190740cfd6a2b8a,ENQUEUED,2.266471336524409,questions_in
2025-10-28T22:44:01.690023,PUBLISH,4830f52f0bf044c386fe1c643a01ac40,68f2d95bd190740cfd6a32c3,ENQUEUED,0.9991784038708836,questions_in
2025-10-28T22:44:02.283710,PUBLISH,d919733318c54ef585c2e66507f0c647,68f2d95bd190740cfd6a3ea3,ENQUEUED,0.5912434449324161,questions_in
2025-10-28T22:44:03.118830,PUBLISH,81de9a4c7e9e490093e7d211e9d8a78e,68f2d95bd190740cfd6a1f6c,ENQUEUED,0.8324303304321282,questions_in
2025-10-28T22:44:03.864059,PUBLISH,ad8db2c14f9e4598a8f2f79869282159,68f2d95bd190740cfd6a2ff3,ENQUEUED,0.7373243842758456,questions_in
2025-10-28T22:44:04.602765,PUBLISH,6151abb0bbe3451f8ddc00b0b0fe0bf4,68f2d95bd190740cfd6a1d67,ENQUEUED,0.7359432175223661,questions_in
2025-10-28T22:44:05.035324,PUBLISH,89acf7bea308472299b7aaeb7b7f597b,68f2d95bd190740cfd6a34fa,ENQUEUED,0.42919656300207504,questions_in
2025-10-28T22:44:06.694599,PUBLISH,7a6ccab2466a4b15bcb4c93a243fcf9b,68f2d95bd190740cfd6a34db,ENQUEUED,1.6551697136970935,questions_in
2025-10-28T22:44:06.745802,PUBLISH,a0b1ac1d44534ec9a925577570a156d8,68f2d95bd190740cfd6a360b,ENQUEUED,0.047347669882263084,questions_in
2025-10-28T22:44:07.327940,PUBLISH,36ef7c3c3da14b14b96e566548988641,68f2d95bd190740cfd6a2b0a,ENQUEUED,0.578109481159356,questions_in
2025-10-28T22:44:07.573087,PUBLISH,79e34c2b07544cf6808f54326e6bc65e,68f2d95bd190740cfd6a369f,ENQUEUED,0.24116568371142388,questions_in
2025-10-28T22:44:08.607563,PUBLISH,68c3c4f8423848a6b3de8e8cf69dd7e1,68f2d95bd190740cfd6a4018,ENQUEUED,1.0312527419938913,questions_in
2025-10-28T22:44:08.813331,PUBLISH,2bdcd5963c2c442ca0124686b2eff967,68f2d95bd190740cfd6a1df2,ENQUEUED,0.20336199224707963,questions_in
2025-10-28T22:44:09.165553,PUBLISH,734e467fe0a04ecdbc9461b679f6228c,68f2d95bd190740cfd6a4169,ENQUEUED,0.3500846369350947,questions_in
2025-10-28T22:44:09.179555,PUBLISH,f82d30ff3cd94bd7bbfb324105aac377,68f2d95bd190740cfd6a1bf9,ENQUEUED,0.010967191712684116,questions_in
2025-10-28T22:44:09.385432,PUBLISH,9e8e1f3fbbf04672b4eba99f9ca04e03,68f2d95bd190740cfd6a1fce,ENQUEUED,0.2026491888310171,questions_in
2025-10-28T22:44:10.447909,PUBLISH,3c9c74ca65564320b8f9d63b8f0221eb,68f2d95bd190740cfd6a2497,ENQUEUED,1.058992207296617,questions_in
2025-10-28T22:44:11.117738,PUBLISH,95c986270f504e96a79365ee1cfabc82,68f2d95bd190740cfd6a233e,ENQUEUED,0.6674615536772026,questions_in
2025-10-28T22:44:11.254178,PUBLISH,1dd013eeb1fd49618fd4887be2eb69c6,68f2d95bd190740cfd6a1e89,ENQUEUED,0.13409724061848696,questions_in
2025-10-28T22:44:11.413568,PUBLISH,5f956a6225e1489882bccce9c1265ef9,68f2d95bd190740cfd6a1f01,ENQUEUED,0.1536064841076058,questions_in
2025-10-28T22:44:11.729265,PUBLISH,00235d2477d74e9a9d6fba6f06398820,68f2d95bd190740cfd6a1ae8,ENQUEUED,0.31201106473066703,questions_in
2025-10-28T22:44:12.585467,PUBLISH,ab9060478efc47f08d385d0dfb2629b8,68f2d95bd190740cfd6a3fcf,ENQUEUED,0.8534141638621456,questions_in
2025-10-28T22:44:12.602070,PUBLISH,623b615fb8ce47a2be0e678ffd727242,68f2d95bd190740cfd6a1de6,ENQUEUED,0.014531029983996984,questions_in
2025-10-28T22:44:12.666195,PUBLISH,21f0ce6a1f71475caded2d326a2301e7,68f2d95bd190740cfd6a3722,ENQUEUED,0.06226243507351976,questions_in
2025-10-28T22:44:12.950560,PUBLISH,48ec323dacfb4cce962e1f407073fb5f,68f2d95bd190740cfd6a3338,ENQUEUED,0.2824791848719431,questions_in
2025-10-28T22:44:13.223164,PUBLISH,0b9b18e5f534476fab61478505ea0f2b,68f2d95bd190740cfd6a38e7,ENQUEUED,0.2696114275227282,questions_in
2025-10-28T22:44:13.524902,PUBLISH,5d24acf106484854b3ae10b72fd986da,68f2d95bd190740cfd6a3cd7,ENQUEUED,0.29794941785486007,questions_in
2025-10-28T22:44:14.199237,PUBLISH,9142074acafa4905a92f37c53849e1e9,68f2d95bd190740cfd6a37ef,ENQUEUED,0.6689924558784283,questions_in
2025-10-28T22:44:14.307890,PUBLISH,d32782eb25484f8d98b740337f8d1e75,68f2d95bd190740cfd6a2dca,ENQUEUED,0.10499266010501794,questions_in
2025-10-28T22:44:16.433195,PUBLISH,5e2e4c339f064e0bad6f75c23d478f3f,68f2d95bd190740cfd6a2f3a,ENQUEUED,2.1210818123509942,questions_in
2025-10-28T22:44:16.680460,PUBLISH,07f3228a60fd47779c90b44ab2a5f787,68f2d95bd190740cfd6a1e9d,ENQUEUED,0.2444152292664538,questions_in
2025-10-28T22:44:18.165752,PUBLISH,328916f8991c4496a8dc6649ff519b67,68f2d95bd190740cfd6a270d,ENQUEUED,1.4811856492037354,questions_in
2025-10-28T22:44:18.364822,PUBLISH,844402a8c8ab4039b6af61d738ba522c,68f2d95bd190740cfd6a24bc,ENQUEUED,0.19689425680086328,questions_in
2025-10-28T22:44:19.094903,PUBLISH,7d3b0452cd9c48339cdaf3c22f42291c,68f2d95bd190740cfd6a3932,ENQUEUED,0.7270826458096029,questions_in
2025-10-28T22:44:19.478021,PUBLISH,b7ede84c7f2f4d97969f05a021af0117,68f2d95bd190740cfd6a3240,ENQUEUED,0.37871316973012487,questions_in
2025-10-28T22:44:19.797763,PUBLISH,72a54635c4b846469bf624968aa06138,68f2d95bd190740cfd6a1c6c,ENQUEUED,0.31745004313809494,questions_in
2025-10-28T22:44:20.214022,PUBLISH,dbe387117dd149f4a9d0a957e2c8a831,68f2d95bd190740cfd6a1c69,ENQUEUED,0.41337776115841285,questions_in
2025-10-28T22:44:21.981201,PUBLISH,9bf429e2ced341cabb249be8495a7209,68f2d95bd190740cfd6a1eef,ENQUEUED,1.7639346965366036,questions_in
2025-10-28T22:44:22.349830,PUBLISH,2817be95f5384d6b81cdac14c5e50004,68f2d95bd190740cfd6a3b4a,ENQUEUED,0.3661812503990025,questions_in
2025-10-28T22:44:23.303634,PUBLISH,795bd471adb94806addf03158119e99c,68f2d95bd190740cfd6a33ff,ENQUEUED,0.9499827246728664,questions_in
2025-10-28T22:44:23.806961,PUBLISH,16f6d717e0cc4bb4a65bb2e9e2b340b4,68f2d95bd190740cfd6a40b9,ENQUEUED,0.5008424239798256,questions_in
2025-10-28T22:44:24.672508,PUBLISH,0c9e7e8f80dd4a27950c3f9e3113082e,68f2d95bd190740cfd6a3a32,ENQUEUED,0.8630211239486202,questions_in
2025-10-28T22:44:24.734984,PUBLISH,38db21697de840f1ab00ff3203b55d29,68f2d95bd190740cfd6a3a8c,ENQUEUED,0.06016411099459911,questions_in
2025-10-28T22:44:25.281449,PUBLISH,a18cd9ace5524d938ecf4302f8e75421,68f2d95bd190740cfd6a3d2c,ENQUEUED,0.5441729466447649,questions_in
2025-10-28T22:44:26.134336,PUBLISH,021ca1a340084e90851ae821efc9c21a,68f2d95bd190740cfd6a2d22,ENQUEUED,0.8493157779055145,questions_in
2025-10-28T22:44:26.997148,PUBLISH,3b6f90acc72d4742bd5a614e3c69b7d1,68f2d95bd190740cfd6a3820,ENQUEUED,0.8587604670721084,questions_in
2025-10-28T22:44:27.162870,PUBLISH,e1cc7fb0e4474871b8f1ae8ee41f0528,68f2d95bd190740cfd6a25e8,ENQUEUED,0.16358466721473913,questions_in
2025-10-28T22:44:27.405789,PUBLISH,21e463d37175417ba59f9a878fe0bce2,68f2d95bd190740cfd6a2292,ENQUEUED,0.23612690492875568,questions_in
2025-10-28T22:44:27.470654,PUBLISH,9e72a2930b994a278d290953c3c77338,68f2d95bd190740cfd6a2dc2,ENQUEUED,0.06136430704137904,questions_in
2025-10-28T22:44:28.028749,PUBLISH,36b89c5ebfef44baa6e0cd3eb310e9b1,68f2d95bd190740cfd6a2490,ENQUEUED,0.5558773963781213,questions_in
2025-10-28T22:44:28.437774,PUBLISH,4fa1260acfc8473fb7b240d2ffc1fc08,68f2d95bd190740cfd6a33ce,ENQUEUED,0.40145567039091395,questions_in
2025-10-28T22:44:29.353390,PUBLISH,86bd8f4a30b04926b3849e6e96c41229,68f2d95bd190740cfd6a36eb,ENQUEUED,0.9121828075309861,questions_in
2025-10-28T22:44:30.013310,PUBLISH,3526b90bea1d498db19519366f4fc042,68f2d95bd190740cfd6a3b2f,ENQUEUED,0.6575891492985908,questions_in
2025-10-28T22:44:30.159235,PUBLISH,f4ef079e078b4c2fb5dd6b8a4e848ef4,68f2d95bd190740cfd6a2a5c,ENQUEUED,0.1426754095690283,questions_in
2025-10-28T22:44:30.475381,PUBLISH,bb898c7b719e4f84a1b28d099f6cb9d5,68f2d95bd190740cfd6a2685,ENQUEUED,0.3126340719874238,questions_in
2025-10-28T22:44:30.711409,PUBLISH,4b73522c3ff547b0ba11c7591c43e324,68f2d95bd190740cfd6a3070,ENQUEUED,0.2332747670732339,questions_in
2025-10-28T22:44:30.808682,PUBLISH,f144eda187da4c64a12d3f3cc78433fb,68f2d95bd190740cfd6a1b12,ENQUEUED,0.09364387554716981,questions_in
2025-10-28T22:44:31.211585,PUBLISH,b8a7fb2e69cc48f080fd4d9908992a63,68f2d95bd190740cfd6a41b1,ENQUEUED,0.4009260311656279,questions_in
2025-10-28T22:44:31.334298,PUBLISH,f6c2fa9ea50e4018beb37a7af1e8602a,68f2d95bd190740cfd6a40f1,ENQUEUED,0.11963322349878625,questions_in
2025-10-28T22:44:31.785601,PUBLISH,fdf50b364daf42b380638b71db7e6d34,68f2d95bd190740cfd6a2cdb,ENQUEUED,0.44753689428638405,questions_in
2025-10-28T22:44:34.960925,PUBLISH,a9884e0e448e4330bbf70e5a164c8286,68f2d95bd190740cfd6a2cd6,ENQUEUED,3.167446211338639,questions_in
2025-10-28T22:44:35.091977,PUBLISH,479260efa4354e25964ae75f56fe0805,68f2d95bd190740cfd6a4061,ENQUEUED,0.12642615734092086,questions_in
2025-10-28T22:44:36.275460,PUBLISH,4dc278eb221e41ac80e8fe45ef05fa1e,68f2d95bd190740cfd6a34db,ENQUEUED,1.1786742625250153,questions_in
2025-10-28T22:44:38.484403,PUBLISH,30ab19ff5fee4897a560eb42c407ce15,68f2d95bd190740cfd6a35a5,ENQUEUED,2.2025203206988855,questions_in
2025-10-28T22:44:38.540478,PUBLISH,84e50c582a4c414eb23361a1c3f3846f,68f2d95bd190740cfd6a3d80,ENQUEUED,0.053644430062621797,questions_in
2025-10-28T22:44:39.597966,PUBLISH,354fa2b1de154e9db19d2aca9ce2ea1f,68f2d95bd190740cfd6a2366,ENQUEUED,1.054854222988631,questions_in
2025-10-28T22:44:39.611415,PUBLISH,e5dfc92a811a449a87411590b7818fad,68f2d95bd190740cfd6a2c7c,ENQUEUED,0.011526714467115722,questions_in
2025-10-28T22:44:41.073785,PUBLISH,cfcdb2cb564e4682b9fef5d3d887177e,68f2d95bd190740cfd6a4029,ENQUEUED,1.4560445498118304,questions_in
2025-10-28T22:44:41.179788,PUBLISH,1db2351f5a2c4851a0f8f0cf8c283276,68f2d95bd190740cfd6a23b2,ENQUEUED,0.1023198049947154,questions_in
2025-10-28T22:44:41.363106,PUBLISH,d37ddfdab3294085a0b74fd62ed7cb7c,68f2d95bd190740cfd6a3099,ENQUEUED,0.18031311125623653,questions_in
2025-10-28T22:44:41.523051,PUBLISH,8c745bc8237845468b4f9fcd9db6a8a9,68f2d95bd190740cfd6a3492,ENQUEUED,0.15715783102210543,questions_in
2025-10-28T22:44:41.693709,PUBLISH,13bf0236f6fb45238586088443d13cbf,68f2d95bd190740cfd6a3269,ENQUEUED,0.16858441337602212,questions_in
2025-10-28T22:44:42.449016,PUBLISH,234b48f21afc4ed780bc515da2d5c525,68f2d95bd190740cfd6a3f25,ENQUEUED,0.7522365180827438,questions_in
2025-10-28T22:44:43.258284,PUBLISH,a3f53479d21b45e1ad699bbe59df1988,68f2d95bd190740cfd6a2e9c,ENQUEUED,0.80710751432063,questions_in
2025-10-28T22:44:43.571985,PUBLISH,a1c82b2996ea4790b29cc05a85111d71,68f2d95bd190740cfd6a3be8,ENQUEUED,0.30905171282144983,questions_in
2025-10-28T22:44:43.610401,PUBLISH,a8f8e8f6a0914655ac25b56b5cf34806,68f2d95bd190740cfd6a2fe8,ENQUEUED,0.030964387660949066,questions_in
2025-10-28T22:44:43.696086,PUBLISH,341066e4f61441b3a75b887b95297bfb,68f2d95bd190740cfd6a337f,ENQUEUED,0.08134072349909284,questions_in
2025-10-28T22:44:43.731287,PUBLISH,1a20d67e39ef4464bfa75ed00b28eea6,68f2d95bd190740cfd6a1e90,ENQUEUED,0.032952825396445576,questions_in
2025-10-28T22:44:44.151703,PUBLISH,c0420d7e15ee44e5a4b02dd09ab63767,68f2d95bd190740cfd6a3e51,ENQUEUED,0.4176207910594644,questions_in
2025-10-28T22:44:44.268980,PUBLISH,b1408eddd427420a99b7de42032d99b7,68f2d95bd190740cfd6a2e2c,ENQUEUED,0.11509414066989461,questions_in
2025-10-28T22:44:44.501573,PUBLISH,58cbb097585c4f39977ffee0d14f377e,68f2d95bd190740cfd6a3dfd,ENQUEUED,0.2284140727355832,questions_in
2025-10-28T22:44:46.980473,PUBLISH,885baf000bea4bedbabc0e38cd20e238,68f2d95bd190740cfd6a2926,ENQUEUED,2.474172701939752,questions_in
2025-10-28T22:44:47.200398,PUBLISH,36fa65b41ae94daa92b3d40069953e20,68f2d95bd190740cfd6a35e6,ENQUEUED,0.2176305322485176,questions_in
2025-10-28T22:44:47.284840,PUBLISH,30706150aa7f456e8eb59b53a7ec0e10,68f2d95bd190740cfd6a1ef8,ENQUEUED,0.08111240162724243,questions_in
2025-10-28T22:44:47.367795,PUBLISH,3a60370befb84fc5ac103fce5cb8b304,68f2d95bd190740cfd6a1ec9,ENQUEUED,0.08083201108881588,questions_in
2025-10-28T22:44:47.446119,PUBLISH,5b3d23441efb4e34843f7f5beb79293d,68f2d95bd190740cfd6a2994,ENQUEUED,0.0760640088093491,questions_in
2025-10-28T22:44:47.477890,PUBLISH,92eb4d7af3884c309cfd91663b8dea6d,68f2d95bd190740cfd6a3aa0,ENQUEUED,0.0287870145829527,questions_in
2025-10-28T22:44:47.547469,PUBLISH,8011190305d346da9da4e3c1ac937a4c,68f2d95bd190740cfd6a3505,ENQUEUED,0.06781912951579179,questions_in
2025-10-28T22:44:47.580162,PUBLISH,5115f3dfc81a44aeac5660fa7be9833c,68f2d95bd190740cfd6a34b9,ENQUEUED,0.030842046046239236,questions_in
2025-10-28T22:44:48.671631,PUBLISH,27d3852398da496c8e5dc3f163834272,68f2d95bd190740cfd6a2d40,ENQUEUED,1.0876955051750077,questions_in
2025-10-28T22:44:49.540925,PUBLISH,5d9726af5ae34356ab2ef37c17b66274,68f2d95bd190740cfd6a3961,ENQUEUED,0.8661969934282907,questions_in
2025-10-28T22:44:49.887536,PUBLISH,d95b16d62f3742a9b7c23b3c0d8012d7,68f2d95bd190740cfd6a2fe3,ENQUEUED,0.3438868529144428,questions_in
2025-10-28T22:44:50.338171,PUBLISH,d73fdd0e66bc47efb750df0ebdae37c1,68f2d95bd190740cfd6a3d9a,ENQUEUED,0.44614371541550674,questions_in
2025-10-28T22:44:50.445785,PUBLISH,85ef3b14ae5b4b1e8c5ed83a62319b97,68f2d95bd190740cfd6a1bfa,ENQUEUED,0.10522778458260999,questions_in
2025-10-28T22:44:50.524947,PUBLISH,25a1d0d55b7e41018cd7e751c9aba131,68f2d95bd190740cfd6a3b72,ENQUEUED,0.0765748081886584,questions_in
2025-10-28T22:44:50.540567,PUBLISH,d113c9562b8e4741a7065f030e712716,68f2d95bd190740cfd6a2b80,ENQUEUED,0.01227318761670959,questions_in
2025-10-28T22:44:51.047166,PUBLISH,a2a53b44fc4d431496f59ab5e03e65c2,68f2d95bd190740cfd6a337e,ENQUEUED,0.5039438090090386,questions_in
2025-10-28T22:44:52.561683,PUBLISH,e6ec01fb81244acb8ed13a342bee3734,68f2d95bd190740cfd6a2351,ENQUEUED,1.5110127259640374,questions_in
2025-10-28T22:44:52.671140,PUBLISH,ba50326082654d2ca0f8aec9ca8e52ed,68f2d95bd190740cfd6a30f9,ENQUEUED,0.10476215665230186,questions_in
2025-10-28T22:44:53.421628,PUBLISH,547f3de4380c4b25b63529d5877ade7f,68f2d95bd190740cfd6a3e33,ENQUEUED,0.7477270165065849,questions_in
2025-10-28T22:44:53.923207,PUBLISH,c8c969eb51524b9ab553cdb1887adabb,68f2d95bd190740cfd6a3c24,ENQUEUED,0.4986302223033072,questions_in
2025-10-28T22:44:53.979685,PUBLISH,eed278d427f9485e87eae163a5e4b7bc,68f2d95bd190740cfd6a2b8c,ENQUEUED,0.05335507907145845,questions_in
2025-10-28T22:44:55.408450,PUBLISH,d59d4f062a6845b48ab12338a77705dc,68f2d95bd190740cfd6a3d68,ENQUEUED,1.4236259574723578,questions_in
2025-10-28T22:44:56.158361,PUBLISH,88ad5b42a33645feb8a0ba57a89991c3,68f2d95bd190740cfd6a2db0,ENQUEUED,0.7469674566857888,questions_in
2025-10-28T22:44:56.657891,PUBLISH,a309abf43c4042e0b1d9fc28909c5302,68f2d95bd190740cfd6a3a9e,ENQUEUED,0.49472362571390405,questions_in
2025-10-28T22:44:56.671911,PUBLISH,4c17216ee1d246a6b1b1f2384ed593aa,68f2d95bd190740cfd6a1f08,ENQUEUED,0.009393445587254808,questions_in
2025-10-28T22:44:57.528687,PUBLISH,26a145472aa945ea927c3bb9c0cc36f8,68f2d95bd190740cfd6a1d32,ENQUEUED,0.8502245356774428,questions_in
2025-10-28T22:44:58.150951,PUBLISH,afbc50f2b74342c087a73c88f3421482,68f2d95bd190740cfd6a2a21,ENQUEUED,0.6183730115267304,questions_in
2025-10-28T22:44:58.821216,PUBLISH,b8b082fb4b2f488f9e07c952e5de0aa7,68f2d95bd190740cfd6a25e8,ENQUEUED,0.6676552117466589,questions_in
2025-10-28T22:44:59.991248,PUBLISH,a53af9aa2b4845b582bad243d4ace809,68f2d95bd190740cfd6a37e8,ENQUEUED,1.1629837727775432,questions_in
2025-10-28T22:45:00.640533,PUBLISH,e8f5de2a582f4c90b86d778be763fc05,68f2d95bd190740cfd6a2d7f,ENQUEUED,0.646372960580044,questions_in
2025-10-28T22:45:02.870967,PUBLISH,0512eb0498a44bb69f53b6703fc9a4d3,68f2d95bd190740cfd6a2489,ENQUEUED,2.2263475949394,questions_in
2025-10-28T22:45:02.888462,PUBLISH,c536529d741f41658b3e98bb893b89ef,68f2d95bd190740cfd6a38b4,ENQUEUED,0.015087378486352152,questions_in
2025-10-28T22:45:02.998154,PUBLISH,2678f0ce0ec44f6aab6cce038041c2cb,68f2d95bd190740cfd6a22f0,ENQUEUED,0.10738370557962086,questions_in
2025-10-28T22:45:03.408162,PUBLISH,118f2c33ba164f28b4790a39b3a2e5ec,68f2d95bd190740cfd6a409e,ENQUEUED,0.4009651992517936,questions_in
2025-10-28T22:45:04.092898,PUBLISH,d5b7bca8d8cf4056a89a44f50752420d,68f2d95bd190740cfd6a23ec,ENQUEUED,0.6811060268381469,questions_in
2025-10-28T22:45:04.954986,PUBLISH,7b9d37bf3c514166a76c96d734f31d4e,68f2d95bd190740cfd6a2df8,ENQUEUED,0.8579268847957997,questions_in
2025-10-28T22:45:05.420184,PUBLISH,1c7ae18cbfbb473fb50d8c6e9b7f4e4a,68f2d95bd190740cfd6a2c0a,ENQUEUED,0.4617591834192856,questions_in
2025-10-28T22:45:06.808726,PUBLISH,41c337c7ed224fcba718fe38ea6ee711,68f2d95bd190740cfd6a2805,ENQUEUED,1.3857245422787983,questions_in
2025-10-28T22:45:07.256592,PUBLISH,0c99489297784204a3ae982793d5f094,68f2d95bd190740cfd6a364b,ENQUEUED,0.44549625541361554,questions_in
2025-10-28T22:45:07.402308,PUBLISH,72c80c8b51ff4492a7550557f93aa1a9,68f2d95bd190740cfd6a3632,ENQUEUED,0.14141628585285598,questions_in
2025-10-28T22:45:09.523610,PUBLISH,686561b8b78b4e51b2a530b44fe3998d,68f2d95bd190740cfd6a29cd,ENQUEUED,2.118065108450582,questions_in
2025-10-28T22:45:09.597067,PUBLISH,c3779073f7ce4158803927527b221dee,68f2d95bd190740cfd6a4196,ENQUEUED,0.0713576055989369,questions_in
2025-10-28T22:45:11.155095,PUBLISH,e20c1188ce654df4825549f9f3f03c37,68f2d95bd190740cfd6a1c19,ENQUEUED,1.554445758242429,questions_in
2025-10-28T22:45:11.312442,PUBLISH,1f589bacdbd043ebb16254c3d52e15b9,68f2d95bd190740cfd6a2be5,ENQUEUED,0.15474641896604188,questions_in
2025-10-28T22:45:13.583951,PUBLISH,3378f695e3634ba98355ec6fa07c333a,68f2d95bd190740cfd6a3340,ENQUEUED,2.266823022725803,questions_in
2025-10-28T22:45:14.209383,PUBLISH,ef3ca04487cf4e33935e19ef39968b33,68f2d95bd190740cfd6a3225,ENQUEUED,0.6225635839723475,questions_in
2025-10-28T22:45:17.584460,PUBLISH,d08be120d41c4fee92ed935864f610ab,68f2d95bd190740cfd6a3da8,ENQUEUED,3.369369538787902,questions_in
2025-10-28T22:45:17.884718,PUBLISH,0495c14845a648b4a4a96727fc153356,68f2d95bd190740cfd6a3b3e,ENQUEUED,0.2974630373261316,questions_in
2025-10-28T22:45:17.938528,PUBLISH,89ffbe69fe584fb8b608819c11da729f,68f2d95bd190740cfd6a32ae,ENQUEUED,0.051852421632783134,questions_in
2025-10-28T22:45:19.677934,PUBLISH,defa84b21d44467e9c492edc1a9eecc8,68f2d95bd190740cfd6a1bb5,ENQUEUED,1.734995174776608,questions_in
2025-10-28T22:45:20.243967,PUBLISH,ae1dc6afb5d14051bf83a553d71042d4,68f2d95bd190740cfd6a39bc,ENQUEUED,0.5636562838536107,questions_in
2025-10-28T22:45:20.304480,PUBLISH,c9fe0586715a4541b824e3fbdd17fc54,68f2d95bd190740cfd6a33fc,ENQUEUED,0.058272762915504706,questions_in
2025-10-28T22:45:20.438854,PUBLISH,97b126cecaae4b92b270ff64a0806318,68f2d95bd190740cfd6a1ace,ENQUEUED,0.13230924874632857,questions_in
2025-10-28T22:45:20.642768,PUBLISH,18bddc3d3f294f64ae400781d380df15,68f2d95bd190740cfd6a3094,ENQUEUED,0.20085574270586723,questions_in
2025-10-28T22:45:20.677507,PUBLISH,2303cf708bdf4c76ba8f146e254383c1,68f2d95bd190740cfd6a393a,ENQUEUED,0.0288721974029426,questions_in
2025-10-28T22:45:20.681779,PUBLISH,4cc482db48ee484f80df8d3e3568a2ba,68f2d95bd190740cfd6a2889,ENQUEUED,0.0014420760850190585,questions_in
2025-10-28T22:45:21.517896,PUBLISH,f1805d8b628e4dcba67ef32ccf70d64a,68f2d95bd190740cfd6a36ec,ENQUEUED,0.8334237986967777,questions_in
2025-10-28T22:45:22.048517,PUBLISH,ae57e0bb8e3841ceb0fed6a8f676ff43,68f2d95bd190740cfd6a29a8,ENQUEUED,0.5222606996036291,questions_in
2025-10-28T22:45:22.220388,PUBLISH,41908c9b6d1843439896105032ff4a58,68f2d95bd190740cfd6a3779,ENQUEUED,0.1695754399051769,questions_in
2025-10-28T22:45:22.929372,PUBLISH,6c208f8443d448a9b59cdc95beb8c5f0,68f2d95bd190740cfd6a1b18,ENQUEUED,0.7052677038088865,questions_in
2025-10-28T22:45:24.468426,PUBLISH,6c160c1bfa95413186ac33742a81a013,68f2d95bd190740cfd6a40b1,ENQUEUED,1.532427669786993,questions_in
2025-10-28T22:45:24.797646,PUBLISH,53fe88293c40461f95e6d350fd394f08,68f2d95bd190740cfd6a1e0c,ENQUEUED,0.32493146538684414,questions_in
2025-10-28T22:45:25.322572,PUBLISH,d4ea572db96c41f684e7aa9a213b08fb,68f2d95bd190740cfd6a382e,ENQUEUED,0.5218502372729016,questions_in
2025-10-28T22:45:25.889344,PUBLISH,45ffe8221c4e4bdaa1ca73a4ab11153d,68f2d95bd190740cfd6a2a0b,ENQUEUED,0.5640449224978128,questions_in
2025-10-28T22:45:25.981841,PUBLISH,e0df234b4dc148248ce11376f15a5a4a,68f2d95bd190740cfd6a3c41,ENQUEUED,0.08780578012955859,questions_in
2025-10-28T22:45:26.739051,PUBLISH,5d7a1328e22746eaabefefcdf1a547de,68f2d95bd190740cfd6a2579,ENQUEUED,0.7538622169682386,questions_in
2025-10-28T22:45:29.572813,PUBLISH,c58a62a124c34325bbe445670bcdbbf3,68f2d95bd190740cfd6a2116,ENQUEUED,2.828940007308033,questions_in
2025-10-28T22:45:33.112961,PUBLISH,abaf510e63454076a2a6c94f2c2f1815,68f2d95bd190740cfd6a41ca,ENQUEUED,3.5340755155042864,questions_in
2025-10-28T22:45:33.371372,PUBLISH,28c34a0ad7874b03a2d2a340500274c5,68f2d95bd190740cfd6a201f,ENQUEUED,0.25586951717207757,questions_in
2025-10-28T22:45:33.830699,PUBLISH,5916ab8421c94b36b9e498cb41404e9b,68f2d95bd190740cfd6a30b0,ENQUEUED,0.4570565786783494,questions_in
2025-10-28T22:45:34.091013,PUBLISH,bcb08129b8044a97b67999ea0437ae0e,68f2d95bd190740cfd6a30d6,ENQUEUED,0.25826455379098096,questions_in
2025-10-28T22:45:34.962875,PUBLISH,449025b3e310455faffb5264e77ccdf7,68f2d95bd190740cfd6a1f5c,ENQUEUED,0.8669870424648671,questions_in
2025-10-28T22:45:35.342018,PUBLISH,758cb99ef9af4cebb84439c1367a67a8,68f2d95bd190740cfd6a2f1e,ENQUEUED,0.37392321945836376,questions_in
2025-10-28T22:45:35.544406,PUBLISH,424c50d3082d469b82d45aa4a02674d6,68f2d95bd190740cfd6a34ca,ENQUEUED,0.19843749287848111,questions_in
2025-10-28T22:45:35.959638,PUBLISH,6916f4efa50f40809257e7a60b0348dc,68f2d95bd190740cfd6a2649,ENQUEUED,0.4098038801764467,questions_in
2025-10-28T22:45:36.078591,PUBLISH,9ccb3c1575cb424cb1d448ba53185373,68f2d95bd190740cfd6a254b,ENQUEUED,0.1132538762399906,questions_in
2025-10-28T22:45:36.321504,PUBLISH,d20e3b21d88849d58a7ad0513a7ed388,68f2d95bd190740cfd6a352c,ENQUEUED,0.23925062710167544,questions_in
2025-10-28T22:45:37.012161,PUBLISH,aeca5d88569a462693ad55c9005b5dae,68f2d95bd190740cfd6a2862,ENQUEUED,0.6856292189768496,questions_in
2025-10-28T22:45:37.284793,PUBLISH,e1095d649cca4419985dc209c3dced86,68f2d95bd190740cfd6a4190,ENQUEUED,0.27064658293018934,questions_in
2025-10-28T22:45:38.579152,PUBLISH,a0bb7b4b3b52496e9c99f97ec3afaa63,68f2d95bd190740cfd6a2924,ENQUEUED,1.2897468608308105,questions_in
2025-10-28T22:45:40.078915,PUBLISH,fd7482ff088b4cc3933fb09f3c5ed7f1,68f2d95bd190740cfd6a2a72,ENQUEUED,1.493637655127693,questions_in
2025-10-28T22:45:40.212597,PUBLISH,5cbf4d7369dd41509de43368bd2d51ac,68f2d95bd190740cfd6a228d,ENQUEUED,0.12883588407549423,questions_in
2025-10-28T22:45:41.230848,PUBLISH,0bd71d9fd49b454b84a8304ca709f04c,68f2d95bd190740cfd6a38b2,ENQUEUED,1.014129026112114,questions_in
2025-10-28T22:45:43.560547,PUBLISH,c60cb62dff964ec5b31e850f1b980df0,68f2d95bd190740cfd6a2d16,ENQUEUED,2.3249900062429627,questions_in
2025-10-28T22:45:43.711786,PUBLISH,acc35ceca5694ca2a9905eefb2ce040a,68f2d95bd190740cfd6a2ac4,ENQUEUED,0.1489504423970438,questions_in
2025-10-28T22:45:43.814097,PUBLISH,93516c59ae404fb082a49a7fa17de55c,68f2d95bd190740cfd6a22e0,ENQUEUED,0.10033083327264862,questions_in
2025-10-28T22:45:43.879495,PUBLISH,63ce24ff2a7340faaa052064e916583b,68f2d95bd190740cfd6a1ead,ENQUEUED,0.06330453231162446,questions_in
2025-10-28T22:45:44.031318,PUBLISH,b4c1d3520ddb4f7485d8bbf74b459284,68f2d95bd190740cfd6a1d24,ENQUEUED,0.14892592887022774,questions_in
2025-10-28T22:45:44.154666,PUBLISH,0f706965c75546b8a42f913d91af26e4,68f2d95bd190740cfd6a2a5b,ENQUEUED,0.12010668828716202,questions_in
2025-10-28T22:45:44.497277,PUBLISH,0491c76f22884972b170c1e6cb6ca6f5,68f2d95bd190740cfd6a22b6,ENQUEUED,0.3392988156072923,questions_in
2025-10-28T22:45:44.770112,PUBLISH,fcca216d90114a2d9ad4fbba31746f18,68f2d95bd190740cfd6a3ee4,ENQUEUED,0.26495251971117884,questions_in
2025-10-28T22:45:45.814820,PUBLISH,c528a1e06f8241c8beb536805c7581bd,68f2d95bd190740cfd6a394d,ENQUEUED,1.0422806581622617,questions_in
2025-10-28T22:45:46.863676,PUBLISH,bb09b091171f4e89ad01867ac18cd06f,68f2d95bd190740cfd6a2673,ENQUEUED,1.0450069309365588,questions_in
2025-10-28T22:45:49.310978,PUBLISH,bfeafe2f81204d11aa70bc27166eacea,68f2d95bd190740cfd6a1bb8,ENQUEUED,2.4358612091280163,questions_in
2025-10-28T22:45:50.575816,PUBLISH,4762883942ac408daaa620aee31ccb36,68f2d95bd190740cfd6a2bf1,ENQUEUED,1.2609017858449956,questions_in
2025-10-28T22:45:50.638488,PUBLISH,28e3d164960443b7867627edb6265a32,68f2d95bd190740cfd6a30ee,ENQUEUED,0.05932273264123585,questions_in
2025-10-28T22:45:52.043976,PUBLISH,24805caebd9a40b3bc9f7e907f100a4e,68f2d95bd190740cfd6a393d,ENQUEUED,1.40072601799371,questions_in
2025-10-28T22:45:53.475816,PUBLISH,becbabd91e684316a3cd87c496e2efd3,68f2d95bd190740cfd6a395e,ENQUEUED,1.4274073405145284,questions_in
2025-10-28T22:45:54.199905,PUBLISH,0da34b01a4184c99a4dd5e101c488154,68f2d95bd190740cfd6a1ce5,ENQUEUED,0.7213967219495334,questions_in
2025-10-28T22:45:55.353956,PUBLISH,4ebd9cf9eddc4c1d8defd671b477264e,68f2d95bd190740cfd6a28c8,ENQUEUED,1.1495832322102109,questions_in
2025-10-28T22:45:55.536592,PUBLISH,7320dd2aa5f04688a565ab045b3eb564,68f2d95bd190740cfd6a4153,ENQUEUED,0.18042108956764316,questions_in
2025-10-28T22:45:55.666242,PUBLISH,852b914df06c4c29977c0cce94869fca,68f2d95bd190740cfd6a263a,ENQUEUED,0.12293454680368981,questions_in
2025-10-28T22:45:55.808370,PUBLISH,7c94b75da7c14297b3781a5ef0e945f2,68f2d95bd190740cfd6a3a99,ENQUEUED,0.13267008436122882,questions_in
2025-10-28T22:45:56.203997,PUBLISH,225c06a46a614d2fac0cdab81eab79fc,68f2d95bd190740cfd6a1f5b,ENQUEUED,0.39089968535445285,questions_in
2025-10-28T22:45:56.701598,PUBLISH,6e45713fe1d44f4480c2fe1817da68bf,68f2d95bd190740cfd6a1e72,ENQUEUED,0.49512454279720663,questions_in
2025-10-28T22:45:56.911023,PUBLISH,ce82d39894d14417885452d5760d79b2,68f2d95bd190740cfd6a1ae5,ENQUEUED,0.2031611221111446,questions_in
2025-10-28T22:45:57.107069,PUBLISH,4bdcd6a118d34a6eab7f70a822e94e5c,68f2d95bd190740cfd6a2272,ENQUEUED,0.19189279234579806,questions_in
2025-10-28T22:45:57.868559,PUBLISH,157fbdb35e8447838d50901009723eb0,68f2d95bd190740cfd6a2760,ENQUEUED,0.7589561949571121,questions_in
2025-10-28T22:45:58.029580,PUBLISH,f63d917bbc0c47559404d6094769bf40,68f2d95bd190740cfd6a22d4,ENQUEUED,0.15879285699072712,questions_in
2025-10-28T22:45:58.428993,PUBLISH,bc0f25734b914ec7ac1af9c0a09ead9a,68f2d95bd190740cfd6a1fdc,ENQUEUED,0.39654617625095034,questions_in
2025-10-28T22:46:00.252787,PUBLISH,64e57d4119b4423d8b376733a440b519,68f2d95bd190740cfd6a2018,ENQUEUED,1.820770354389004,questions_in
2025-10-28T22:46:00.888189,PUBLISH,31f67fc29639497686078c1eba9d1624,68f2d95bd190740cfd6a3e43,ENQUEUED,0.6324494787219039,questions_in
2025-10-28T22:46:01.834410,PUBLISH,c6a4d3bb438049a89a55e8c03306f573,68f2d95bd190740cfd6a22f6,ENQUEUED,0.9441535058033806,questions_in
2025-10-28T22:46:01.910211,PUBLISH,cf564f9183804e6db550fe1409337a4b,68f2d95bd190740cfd6a2473,ENQUEUED,0.07019531911966413,questions_in
2025-10-28T22:46:02.391774,PUBLISH,e00d5e4ccb8b4a4488e741f059296709,68f2d95bd190740cfd6a2b3a,ENQUEUED,0.4787319839142785,questions_in
2025-10-28T22:46:03.313366,PUBLISH,5db8adc16ad74e80ba2d563c90e18c4c,68f2d95bd190740cfd6a3864,ENQUEUED,0.9196337623086438,questions_in
2025-10-28T22:46:03.659392,PUBLISH,f9d8e6d374fc431db1c228cdd784a62a,68f2d95bd190740cfd6a3c79,ENQUEUED,0.3420214298572805,questions_in
2025-10-28T22:46:04.190627,PUBLISH,66da0b61440e47709b77e683feb1a95e,68f2d95bd190740cfd6a29cf,ENQUEUED,0.5285991250070259,questions_in
2025-10-28T22:46:04.490203,PUBLISH,3a002c2054c3416d8cd2d902891707e4,68f2d95bd190740cfd6a3a75,ENQUEUED,0.2961198793183346,questions_in
2025-10-28T22:46:04.754424,PUBLISH,fe814c9b52b54ac082e4d3e2e61f4555,68f2d95bd190740cfd6a2c10,ENQUEUED,0.26002427867240757,questions_in
2025-10-28T22:46:05.248068,PUBLISH,4d16fdff2f2647a39b77fa1ac9f2f873,68f2d95bd190740cfd6a2ee9,ENQUEUED,0.4904436870623991,questions_in
2025-10-28T22:46:06.217841,PUBLISH,95659de0de274440bb3f1c50cebd053b,68f2d95bd190740cfd6a30bc,ENQUEUED,0.9660255342662364,questions_in
2025-10-28T22:46:06.419609,PUBLISH,32853db5619244c994cb3f9a872ef415,68f2d95bd190740cfd6a239c,ENQUEUED,0.19809854912143646,questions_in
2025-10-28T22:46:06.756402,PUBLISH,62df809f09e84a9ea11cd014e9aa5f2e,68f2d95bd190740cfd6a260c,ENQUEUED,0.33141681800878414,questions_in
2025-10-28T22:46:07.951723,PUBLISH,c2fe02e6ca8449d4aaa06d81c1877839,68f2d95bd190740cfd6a3a26,ENQUEUED,1.1881597539125457,questions_in
2025-10-28T22:46:08.325228,PUBLISH,fbafb87c5c3243e89eef13269835e7c4,68f2d95bd190740cfd6a2fcb,ENQUEUED,0.36593334045325987,questions_in
2025-10-28T22:46:08.639509,PUBLISH,538a3dc55e0242ec9aa3f8253d47766c,68f2d95bd190740cfd6a3b72,ENQUEUED,0.3107387402852793,questions_in
2025-10-28T22:46:08.771051,PUBLISH,7417df5d9ef84439aae6da04893d45b3,68f2d95bd190740cfd6a40ed,ENQUEUED,0.12817795864211953,questions_in
2025-10-28T22:46:08.880773,PUBLISH,03b5872e20bb40fbbb0e077fb9443146,68f2d95bd190740cfd6a1ed1,ENQUEUED,0.10717370548675027,questions_in
2025-10-28T22:46:10.737157,PUBLISH,1e5bd249bd83453883d7de637a1f2b01,68f2d95bd190740cfd6a1e99,ENQUEUED,1.8512831515937842,questions_in
2025-10-28T22:46:10.927496,PUBLISH,b7363acd75d2417592f6add62f9e0a67,68f2d95bd190740cfd6a21d4,ENQUEUED,0.18758312196032098,questions_in
2025-10-28T22:46:10.961537,PUBLISH,446bef47a28b4ef3bebbf40961a8168b,68f2d95bd190740cfd6a3634,ENQUEUED,0.03203962116345494,questions_in
2025-10-28T22:46:11.873442,PUBLISH,b536c429992044b38df991d4ac6ff6f7,68f2d95bd190740cfd6a2d42,ENQUEUED,0.9087025268057167,questions_in
2025-10-28T22:46:12.606081,PUBLISH,9023320650e94103b6542d1bedf21f9c,68f2d95bd190740cfd6a2b8b,ENQUEUED,0.7273006367051561,questions_in
2025-10-28T22:46:12.987795,PUBLISH,a7e38bc5828f492cacb5c46098b32212,68f2d95bd190740cfd6a37db,ENQUEUED,0.37876386281086627,questions_in
2025-10-28T22:46:13.613006,PUBLISH,328bcd2d9109416e8c7e6d4734320d30,68f2d95bd190740cfd6a2cde,ENQUEUED,0.6175921402420086,questions_in
2025-10-28T22:46:14.474320,PUBLISH,0ec219aa59cc4a78aca2209b2abd047c,68f2d95bd190740cfd6a337a,ENQUEUED,0.8583130023927104,questions_in
2025-10-28T22:46:15.864686,PUBLISH,c3c090bcbfc24119a7e04bd42e86b7d8,68f2d95bd190740cfd6a27a6,ENQUEUED,1.3871666147816981,questions_in
2025-10-28T22:46:15.943482,PUBLISH,13025bba7684484690741fca0370f4bb,68f2d95bd190740cfd6a1dbb,ENQUEUED,0.07495329281709066,questions_in
2025-10-28T22:46:17.004811,PUBLISH,7996969f562044788868e44bd3439adb,68f2d95bd190740cfd6a2161,ENQUEUED,1.0578540703831776,questions_in
2025-10-28T22:46:17.256861,PUBLISH,1e854f024c7043459b11420c7a2d52fa,68f2d95bd190740cfd6a2224,ENQUEUED,0.24903364309988504,questions_in
2025-10-28T22:46:17.866561,PUBLISH,bf4de121d56440569c8c86365dfacb0f,68f2d95bd190740cfd6a395a,ENQUEUED,0.6075466956477852,questions_in
2025-10-28T22:46:19.339702,PUBLISH,b7af1d5ca638409195ee8bedf5ed3374,68f2d95bd190740cfd6a2953,ENQUEUED,1.4642185098707046,questions_in
2025-10-28T22:46:21.116712,PUBLISH,e3f55b61ee754789a4f0b8d69bb72e86,68f2d95bd190740cfd6a3e6a,ENQUEUED,1.773407919810474,questions_in
2025-10-28T22:46:21.225588,PUBLISH,71bc58c04f4c49a292b31a88fdb67aba,68f2d95bd190740cfd6a227c,ENQUEUED,0.10668449964554255,questions_in
2025-10-28T22:46:21.236686,PUBLISH,72e22bd9f2b24ef29075b7fcd3141270,68f2d95bd190740cfd6a2dd1,ENQUEUED,0.00714818208132378,questions_in
2025-10-28T22:46:21.537335,PUBLISH,7553df3d463d4056a592bf8378fb3f9b,68f2d95bd190740cfd6a2dbc,ENQUEUED,0.29764117885346486,questions_in
2025-10-28T22:46:21.741874,PUBLISH,249220a5af544b7d976ca5f22b71e28b,68f2d95bd190740cfd6a2230,ENQUEUED,0.20203758928109058,questions_in
2025-10-28T22:46:22.569339,PUBLISH,19f6a661da2043cda0713194784fbc94,68f2d95bd190740cfd6a372a,ENQUEUED,0.8228822575348409,questions_in
2025-10-28T22:46:22.746533,PUBLISH,fa2180d977f946d794558077b017110d,68f2d95bd190740cfd6a3c6c,ENQUEUED,0.17431082587762528,questions_in
2025-10-28T22:46:23.004125,PUBLISH,a4da9cc07f5e4dbdb78b728f6d9ac891,68f2d95bd190740cfd6a26b7,ENQUEUED,0.2552278749287227,questions_in
2025-10-28T22:46:26.202375,PUBLISH,111492ccf9f9441ba8ed4d48be1bf90e,68f2d95bd190740cfd6a3889,ENQUEUED,3.1914280033583826,questions_in
2025-10-28T22:46:26.267793,PUBLISH,2e33cfb64f6247ef8c335a8963114c2d,68f2d95bd190740cfd6a1d79,ENQUEUED,0.0619937365943116,questions_in
2025-10-28T22:46:26.305111,PUBLISH,4dc9d8fb361d493687321b8db320a653,68f2d95bd190740cfd6a2c10,ENQUEUED,0.03524781606503389,questions_in
2025-10-28T22:46:26.766583,PUBLISH,9ef079322c474c83a30092dfaa6ee060,68f2d95bd190740cfd6a29a1,ENQUEUED,0.45815890977762314,questions_in
2025-10-28T22:46:26.828042,PUBLISH,0f5b4938835a456ca349db4ec84b635d,68f2d95bd190740cfd6a1b08,ENQUEUED,0.054194100392951,questions_in
2025-10-28T22:46:27.144421,PUBLISH,587a774589bd48438aec33e04dec7702,68f2d95bd190740cfd6a231d,ENQUEUED,0.31123822452449096,questions_in
2025-10-28T22:46:27.598203,PUBLISH,99713166ca2149ebb37045d288f1abe1,68f2d95bd190740cfd6a39ee,ENQUEUED,0.45149386589209767,questions_in
2025-10-28T22:46:28.612138,PUBLISH,6f45f8e48ea14a8fbfce8fdab8bada37,68f2d95bd190740cfd6a3e29,ENQUEUED,1.0089434725968316,questions_in
2025-10-28T22:46:29.542990,PUBLISH,6a5ec50c68624ff185f1adcc7ad83552,68f2d95bd190740cfd6a2805,ENQUEUED,0.9283467724810731,questions_in
2025-10-28T22:46:29.921995,PUBLISH,bae95a4f57324973997338ac681d6567,68f2d95bd190740cfd6a384d,ENQUEUED,0.3761424046386856,questions_in
2025-10-28T22:46:30.429422,PUBLISH,ce288f7740174c48b66fbb090222655e,68f2d95bd190740cfd6a1cc3,ENQUEUED,0.5049384875296075,questions_in
2025-10-28T22:46:31.594063,PUBLISH,01f5348d4f9a43059bf476239cb6b5de,68f2d95bd190740cfd6a3d46,ENQUEUED,1.1612211034443438,questions_in
2025-10-28T22:46:31.828497,PUBLISH,b5dc783c61784567b48db842456bf4dd,68f2d95bd190740cfd6a361a,ENQUEUED,0.2311962030887332,questions_in
2025-10-28T22:46:31.834098,PUBLISH,2202c4575a12452e95dfe9edb9d75bac,68f2d95bd190740cfd6a1f53,ENQUEUED,0.002567749713444592,questions_in
2025-10-28T22:46:32.480676,PUBLISH,ca92948a85dd412ab7cecb2526891140,68f2d95bd190740cfd6a410a,ENQUEUED,0.6444788172828814,questions_in
2025-10-28T22:46:33.027816,PUBLISH,f172487a87ac4b7c8922b73f0dc164c2,68f2d95bd190740cfd6a1c8d,ENQUEUED,0.5439778343895291,questions_in
2025-10-28T22:46:34.422877,PUBLISH,ca4329fc79ce4440b538250c531624b8,68f2d95bd190740cfd6a2d66,ENQUEUED,1.3899996281238396,questions_in
2025-10-28T22:46:34.971306,PUBLISH,587de4d0e97847d699cd31be59c3b0b0,68f2d95bd190740cfd6a2bcd,ENQUEUED,0.5429260620279541,questions_in
2025-10-28T22:46:35.001718,PUBLISH,0c47fd4a1a34473e9aedad241597dff6,68f2d95bd190740cfd6a1f53,ENQUEUED,0.02580199712915349,questions_in
2025-10-28T22:46:35.021276,PUBLISH,0ae206ffaac04841bdaa9815e17e15b4,68f2d95bd190740cfd6a3f3c,ENQUEUED,0.017366535771232792,questions_in
2025-10-28T22:46:36.303632,PUBLISH,332bdc9864394a07bd3e608319b47283,68f2d95bd190740cfd6a2ee2,ENQUEUED,1.2771504868287007,questions_in
2025-10-28T22:46:36.704777,PUBLISH,6ddefc87e1324581aac496b0969f3155,68f2d95bd190740cfd6a3f4e,ENQUEUED,0.3970632761697967,questions_in
2025-10-28T22:46:36.857210,PUBLISH,5929d00ba7294203ad1e3905f3433ef7,68f2d95bd190740cfd6a3f3b,ENQUEUED,0.15017445383117048,questions_in
2025-10-28T22:46:37.826798,PUBLISH,d6619e712d3a4464ae4cabe3cefb7dbd,68f2d95bd190740cfd6a335f,ENQUEUED,0.9662382031885421,questions_in
2025-10-28T22:46:39.711695,PUBLISH,b4a3e8d540af4946b0fceed32c8c2858,68f2d95bd190740cfd6a3ada,ENQUEUED,1.8801211387981889,questions_in
2025-10-28T22:46:40.435169,PUBLISH,dd3b92b7c4034cdead063c98ef2a1c3b,68f2d95bd190740cfd6a268b,ENQUEUED,0.7208001306479933,questions_in
2025-10-28T22:46:41.849819,PUBLISH,29a978fb7ad2451ba2da489249f8de52,68f2d95bd190740cfd6a2c51,ENQUEUED,1.4109511913194168,questions_in
2025-10-28T22:46:42.062058,PUBLISH,13ee41ee48e94bbdbc750828ab57452f,68f2d95bd190740cfd6a3ca5,ENQUEUED,0.21027548567521948,questions_in
2025-10-28T22:46:43.241722,PUBLISH,ee3f1537228f44f1a3aac21424300c3e,68f2d95bd190740cfd6a2077,ENQUEUED,1.1764652199280972,questions_in
2025-10-28T22:46:43.298951,PUBLISH,d60d3d09f4b54aaea59f29ca3002a9a6,68f2d95bd190740cfd6a369a,ENQUEUED,0.05400691395051332,questions_in
2025-10-28T22:46:44.065971,PUBLISH,d84a9f961b79426eb16d50ac051704e8,68f2d95bd190740cfd6a3238,ENQUEUED,0.7631302375315451,questions_in
2025-10-28T22:46:45.435983,PUBLISH,06af238f9d7c49128e302e1f31a62991,68f2d95bd190740cfd6a2487,ENQUEUED,1.3663152311232818,questions_in
2025-10-28T22:46:45.997057,PUBLISH,eeb75d990b344f00ba528926554938e7,68f2d95bd190740cfd6a3a58,ENQUEUED,0.554087106762963,questions_in
2025-10-28T22:46:46.074117,PUBLISH,12ae3dc71ac344fc83f851f25934b3f9,68f2d95bd190740cfd6a40e3,ENQUEUED,0.0738210085740137,questions_in
2025-10-28T22:46:46.931902,PUBLISH,971eb486c53e447b94d67cc4531eecfa,68f2d95bd190740cfd6a3755,ENQUEUED,0.8530286095838088,questions_in
2025-10-28T22:46:47.819504,PUBLISH,0fb891f8c54c44419a915915e620fbfe,68f2d95bd190740cfd6a40e2,ENQUEUED,0.8848753708282254,questions_in
2025-10-28T22:46:48.882655,PUBLISH,edd70190ec9e401a8caa147995d39aca,68f2d95bd190740cfd6a2d7d,ENQUEUED,1.060301510174724,questions_in
2025-10-28T22:46:49.435170,PUBLISH,fb92c03c53d34a7c9d458ffa98647f81,68f2d95bd190740cfd6a36fb,ENQUEUED,0.5497169034737868,questions_in
2025-10-28T22:46:50.188630,PUBLISH,fe4130c32f464cabbff0c6e9a389710d,68f2d95bd190740cfd6a1bb0,ENQUEUED,0.7506599170368213,questions_in
2025-10-28T22:46:50.538432,PUBLISH,45ae7bbf4b1b421ca2c11729ff22710d,68f2d95bd190740cfd6a1f29,ENQUEUED,0.342606867227019,questions_in
2025-10-28T22:46:50.558030,PUBLISH,e6f433c223994fac9ac599984c3afd0b,68f2d95bd190740cfd6a24c2,ENQUEUED,0.011460530678047504,questions_in
2025-10-28T22:46:50.749745,PUBLISH,f156f92c4fc84f089a3ac6a7b5ec289a,68f2d95bd190740cfd6a1c40,ENQUEUED,0.18966758505529213,questions_in
2025-10-28T22:46:55.628024,PUBLISH,0cef7cc7db6a46378d2c1797d9de3932,68f2d95bd190740cfd6a2196,ENQUEUED,4.867704975207492,questions_in
2025-10-28T22:46:55.853854,PUBLISH,9c16ac8d2bce4974a6dd4edc27139a05,68f2d95bd190740cfd6a3a07,ENQUEUED,0.2235384666425211,questions_in
2025-10-28T22:46:56.679982,PUBLISH,ac8a7b3431984a9bbb7011d62f9c5bc7,68f2d95bd190740cfd6a3925,ENQUEUED,0.8194539670832811,questions_in
2025-10-28T22:46:57.156104,PUBLISH,40e1d9a54ae7492cbdc32c2a76fdb499,68f2d95bd190740cfd6a283b,ENQUEUED,0.47351051838923747,questions_in
2025-10-28T22:46:57.482451,PUBLISH,966fa6818f434a519438dd180cc1ba22,68f2d95bd190740cfd6a2009,ENQUEUED,0.3234179678569475,questions_in
2025-10-28T22:46:58.223235,PUBLISH,fc4d8c92c5d84e5da0b1c30b05750418,68f2d95bd190740cfd6a3fe4,ENQUEUED,0.7337373194678521,questions_in
2025-10-28T22:46:58.257935,PUBLISH,f8691d0ff07747e7a29f5910437bd9e6,68f2d95bd190740cfd6a2f5f,ENQUEUED,0.03147694253759929,questions_in
2025-10-28T22:46:59.141726,PUBLISH,dce22e30b4814123a751bd19f172afa3,68f2d95bd190740cfd6a2dcc,ENQUEUED,0.8806065686818433,questions_in
2025-10-28T22:46:59.392239,PUBLISH,56f75493ec904567b1393fd356f7126b,68f2d95bd190740cfd6a30f2,ENQUEUED,0.2476427621344881,questions_in
2025-10-28T22:47:00.939689,PUBLISH,2cfe51e6cc654d9fa8fe87e1b834c09f,68f2d95bd190740cfd6a1de6,ENQUEUED,1.5447505871714,questions_in
2025-10-28T22:47:01.252361,PUBLISH,0248cbfd3c9e49f1ac196a9b76e8edb5,68f2d95bd190740cfd6a3e33,ENQUEUED,0.3109478364895539,questions_in
2025-10-28T22:47:02.016251,PUBLISH,c2463a68c7e944538513b2b5cdf2c897,68f2d95bd190740cfd6a2ecf,ENQUEUED,0.7614687257702987,questions_in
2025-10-28T22:47:02.838866,PUBLISH,cbc6635c97254e679f8bbd6ba95ec46a,68f2d95bd190740cfd6a2b5c,ENQUEUED,0.8129669540834445,questions_in
2025-10-28T22:47:03.666917,PUBLISH,16faf2568db14bd8bbfa57ffc59e488c,68f2d95bd190740cfd6a2c59,ENQUEUED,0.8173842741880976,questions_in
2025-10-28T22:47:04.661800,PUBLISH,469fc7e61fe948269fa58e7747d10042,68f2d95bd190740cfd6a29f6,ENQUEUED,0.991027996065359,questions_in
2025-10-28T22:47:04.982323,PUBLISH,d9253d1b210741ba8992e00975e46f16,68f2d95bd190740cfd6a212e,ENQUEUED,0.31830145095207396,questions_in
2025-10-28T22:47:05.196058,PUBLISH,474be33ed654430983d8a6e6f74326bb,68f2d95bd190740cfd6a3907,ENQUEUED,0.2104133568502791,questions_in
2025-10-28T22:47:06.057570,PUBLISH,a858aaa81f79441bb085d94d3aeca311,68f2d95bd190740cfd6a391f,ENQUEUED,0.8577340913595034,questions_in
2025-10-28T22:47:06.150276,PUBLISH,90f2e27e90df4eca85f27582a33518ab,68f2d95bd190740cfd6a3950,ENQUEUED,0.09025508988688573,questions_in
2025-10-28T22:47:06.267758,PUBLISH,b4bee0345aee41ea9edaed5282d3b8a0,68f2d95bd190740cfd6a35ad,ENQUEUED,0.11512156693894175,questions_in
2025-10-28T22:47:07.006685,PUBLISH,b73e31e5723a41dbbf82f195989b761e,68f2d95bd190740cfd6a3b28,ENQUEUED,0.7354020305515224,questions_in
2025-10-28T22:47:07.727422,PUBLISH,4b24f7abd4a349b2914cc96a92cb25ff,68f2d95bd190740cfd6a1f0b,ENQUEUED,0.715154762612249,questions_in
2025-10-28T22:47:08.479186,PUBLISH,f758c53de6614befad8dfa04c09d50f9,68f2d95bd190740cfd6a2c3d,ENQUEUED,0.7483555902331923,questions_in
2025-10-28T22:47:08.726932,PUBLISH,5df753e368704f98b2e01b2277e02ea3,68f2d95bd190740cfd6a3c46,ENQUEUED,0.24388341574049024,questions_in
2025-10-28T22:47:08.770219,PUBLISH,a0d502a1a69f4ba5876f215aeaeff851,68f2d95bd190740cfd6a3148,ENQUEUED,0.0412181943446529,questions_in
2025-10-28T22:47:08.911492,PUBLISH,e88ffea252a841ddafd69dab1341619e,68f2d95bd190740cfd6a3b4f,ENQUEUED,0.1361397583877715,questions_in
2025-10-28T22:47:08.948448,PUBLISH,b4861be265d64a9bb1642b17b1dcf23c,68f2d95bd190740cfd6a2e0a,ENQUEUED,0.03480041941758707,questions_in
2025-10-28T22:47:08.956205,PUBLISH,b8ed9fdae3b7439d9e87acfd8c65124c,68f2d95bd190740cfd6a39f3,ENQUEUED,0.0055157643076299305,questions_in
2025-10-28T22:47:09.196360,PUBLISH,488682c30e4244e79aa025c44ea1cfa8,68f2d95bd190740cfd6a2846,ENQUEUED,0.23667838729781634,questions_in
2025-10-28T22:47:09.565358,PUBLISH,a9340ce01a53423488fce308bc0caebf,68f2d95bd190740cfd6a37ed,ENQUEUED,0.36432360206917197,questions_in
2025-10-28T22:47:11.744544,PUBLISH,391558616bba474a82c7b30ff14ac27a,68f2d95bd190740cfd6a251d,ENQUEUED,2.1665425134984715,questions_in
2025-10-28T22:47:13.301652,PUBLISH,6f9279efb52744eba0439ba2f49164e4,68f2d95bd190740cfd6a1e78,ENQUEUED,1.547360441275444,questions_in
2025-10-28T22:47:14.531502,PUBLISH,5fcf2ce7bfa74ba293929d42295ff9fb,68f2d95bd190740cfd6a3d44,ENQUEUED,1.2270758125153003,questions_in
2025-10-28T22:47:14.864215,PUBLISH,d225101343dd48f9943114ad959b53ef,68f2d95bd190740cfd6a2ef4,ENQUEUED,0.3305250699970773,questions_in
2025-10-28T22:47:15.200406,PUBLISH,ddd0831a85824ec6bd38c0f45f991e30,68f2d95bd190740cfd6a36db,ENQUEUED,0.32823117741917585,questions_in
2025-10-28T22:47:17.455672,PUBLISH,26707b829d2342df972ec6431eb11ecc,68f2d95bd190740cfd6a2736,ENQUEUED,2.247991071111041,questions_in
2025-10-28T22:47:17.500807,PUBLISH,bf4e2b5741de43c1be8d4d426da8763e,68f2d95bd190740cfd6a3d04,ENQUEUED,0.041188815286213966,questions_in
2025-10-28T22:47:17.928173,PUBLISH,425f9a4b9fe34f08a37b5ba6778b39f7,68f2d95bd190740cfd6a26b5,ENQUEUED,0.4231820660244145,questions_in
2025-10-28T22:47:18.311298,PUBLISH,25dd533586b54bf89df2e96f33bce978,68f2d95bd190740cfd6a3293,ENQUEUED,0.3810267585477008,questions_in
2025-10-28T22:47:18.687204,PUBLISH,901a3e0654c44eb39326c7686b53444c,68f2d95bd190740cfd6a2af8,ENQUEUED,0.3724054949719069,questions_in
2025-10-28T22:47:18.934856,PUBLISH,7462438111634221b5e6662a5768ad34,68f2d95bd190740cfd6a3bc8,ENQUEUED,0.24487940861247473,questions_in
2025-10-28T22:47:19.006956,PUBLISH,b24aaa7dc1604921a72bfc36f11b4dfb,68f2d95bd190740cfd6a3a94,ENQUEUED,0.068812433374409,questions_in
2025-10-28T22:47:19.022136,PUBLISH,64b365da40c74485abbfc3cbd5b0a36b,68f2d95bd190740cfd6a31dd,ENQUEUED,0.012837316604638736,questions_in
2025-10-28T22:47:20.072400,PUBLISH,9f77685811454b528a49a5f5d478b75d,68f2d95bd190740cfd6a2072,ENQUEUED,1.0420981389781547,questions_in
2025-10-28T22:47:20.372297,PUBLISH,d95947939c9f497cb8f7c559c4d80611,68f2d95bd190740cfd6a214e,ENQUEUED,0.2962745322668514,questions_in
2025-10-28T22:47:20.890648,PUBLISH,13631a246a744c57b6736929ff9deda0,68f2d95bd190740cfd6a2228,ENQUEUED,0.5151664841219671,questions_in
2025-10-28T22:47:22.628373,PUBLISH,2baa962d341d4e87aacfa0a3d1aa7981,68f2d95bd190740cfd6a3ebb,ENQUEUED,1.7325653539518318,questions_in
2025-10-28T22:47:22.693146,PUBLISH,7fb9fb9a483d4c0592e1a3ce187a34dd,68f2d95bd190740cfd6a3c61,ENQUEUED,0.06071281046598679,questions_in
2025-10-28T22:47:22.703448,PUBLISH,8b81f45dfb194ac692d8fa8830bb05ae,68f2d95bd190740cfd6a2846,ENQUEUED,0.0071188920037392215,questions_in
2025-10-28T22:47:23.064739,PUBLISH,cf4737a939eb4f03b6723de1feffa961,68f2d95bd190740cfd6a26a5,ENQUEUED,0.3587969364151023,questions_in
2025-10-28T22:47:23.877521,PUBLISH,ab212dc727504d2fb5297197edd1b30f,68f2d95bd190740cfd6a3074,ENQUEUED,0.8098824398615517,questions_in
2025-10-28T22:47:24.660081,PUBLISH,78272d6cc1d04fd3907dc603d576c758,68f2d95bd190740cfd6a36f2,ENQUEUED,0.7795505833631554,questions_in
2025-10-28T22:47:24.770208,PUBLISH,445a5bc6d6b54231873dc433e3052d8c,68f2d95bd190740cfd6a2ced,ENQUEUED,0.10472037119549717,questions_in
2025-10-28T22:47:25.244466,PUBLISH,827aa58bd3d8416487d61bc64f40d83c,68f2d95bd190740cfd6a2b43,ENQUEUED,0.4658460293336745,questions_in
2025-10-28T22:47:25.712323,PUBLISH,d0bdde79fdef44bfb6fd02f82465b8a4,68f2d95bd190740cfd6a1f4c,ENQUEUED,0.4652446231469484,questions_in
2025-10-28T22:47:26.601458,PUBLISH,74feb463b79a45938b67a9556ee6ed2b,68f2d95bd190740cfd6a27fb,ENQUEUED,0.8866642869658006,questions_in
2025-10-28T22:47:26.653273,PUBLISH,6569836d8a3a408d8e2b3a7f97cac8d2,68f2d95bd190740cfd6a3cc8,ENQUEUED,0.04893934166752098,questions_in
2025-10-28T22:47:27.588003,PUBLISH,e080b013d1a743c5aec90905fe296d57,68f2d95bd190740cfd6a2d83,ENQUEUED,0.9264002189685696,questions_in
2025-10-28T22:47:27.976249,PUBLISH,0da164002064438eba5bffa2ad5dcda6,68f2d95bd190740cfd6a2142,ENQUEUED,0.384814077618425,questions_in
2025-10-28T22:47:29.279908,PUBLISH,41ed98bd9e934f7c84782ba95733598a,68f2d95bd190740cfd6a1c65,ENQUEUED,1.2997699153775983,questions_in
2025-10-28T22:47:29.644266,PUBLISH,e3a79c53576d4ea3ae0144c07de535a4,68f2d95bd190740cfd6a2382,ENQUEUED,0.3615826123553924,questions_in
2025-10-28T22:47:29.707007,PUBLISH,8bcfbce5a21f4cb6bd49b7809d9bfb73,68f2d95bd190740cfd6a3404,ENQUEUED,0.058342985775945884,questions_in
2025-10-28T22:47:30.542083,PUBLISH,7948482d8f5a4294a189f29a428a8fcb,68f2d95bd190740cfd6a3c75,ENQUEUED,0.8320421436403554,questions_in
2025-10-28T22:47:30.679329,PUBLISH,aaa99ec66d364df7b64dcf2c1518f846,68f2d95bd190740cfd6a207c,ENQUEUED,0.1348542187881363,questions_in
2025-10-28T22:47:31.562884,PUBLISH,f7dfd5c689d1459188b20cf8bfc809f1,68f2d95bd190740cfd6a2c88,ENQUEUED,0.8807691069289865,questions_in
2025-10-28T22:47:32.025396,PUBLISH,6981d29fff9941c7957cf8eea56f11c8,68f2d95bd190740cfd6a401d,ENQUEUED,0.46050883124940284,questions_in
2025-10-28T22:47:33.481120,PUBLISH,76bf5e1f82074bd69283f3984b37b8b2,68f2d95bd190740cfd6a3633,ENQUEUED,1.4518277018480796,questions_in
2025-10-28T22:47:33.884681,PUBLISH,4d49e50f20944fe5859f1ad89b569f8e,68f2d95bd190740cfd6a2645,ENQUEUED,0.39829189318820685,questions_in
2025-10-28T22:47:34.365024,PUBLISH,9dedae2f04584b36a1e7d28febc5dc79,68f2d95bd190740cfd6a31f3,ENQUEUED,0.4781620736375394,questions_in
2025-10-28T22:47:34.467632,PUBLISH,87e53c6bec0a4cc3b970eb81a0860b43,68f2d95bd190740cfd6a1b5d,ENQUEUED,0.10047349321388116,questions_in
2025-10-28T22:47:34.794752,PUBLISH,aa3ddbe90a844cf8800f8f87fe35970b,68f2d95bd190740cfd6a1e3d,ENQUEUED,0.3251299342065814,questions_in
2025-10-28T22:47:36.764043,PUBLISH,043a3be453474041a6e5c56d2469e34f,68f2d95bd190740cfd6a1e0f,ENQUEUED,1.9650692291455296,questions_in
2025-10-28T22:47:37.403386,PUBLISH,31fe7d84455e43e4be5b4bf9f8017acd,68f2d95bd190740cfd6a2164,ENQUEUED,0.634908278272306,questions_in
2025-10-28T22:47:37.441295,PUBLISH,a7dc5e740d144d788084da94d3118b5f,68f2d95bd190740cfd6a2271,ENQUEUED,0.0353423410298661,questions_in
2025-10-28T22:47:38.483289,PUBLISH,62962a7da112418ca038915ec8595e3a,68f2d95bd190740cfd6a28b9,ENQUEUED,1.0392542119134525,questions_in
2025-10-28T22:47:38.787396,PUBLISH,49e80868f5324a418598266e0fe99525,68f2d95bd190740cfd6a25ef,ENQUEUED,0.2916348841247626,questions_in
2025-10-28T22:47:39.022923,PUBLISH,4c208f98b99449f18ef401fbf42d7f7d,68f2d95bd190740cfd6a2927,ENQUEUED,0.23319303993495957,questions_in
2025-10-28T22:47:39.972167,PUBLISH,2b6b9a0720064376a2630c4efeb23b9f,68f2d95bd190740cfd6a1b2c,ENQUEUED,0.9455591681553771,questions_in
2025-10-28T22:47:40.047346,PUBLISH,b99f8859878449e2b7ec9c7db9df06d9,68f2d95bd190740cfd6a3786,ENQUEUED,0.06636788526071769,questions_in
2025-10-28T22:47:40.256301,PUBLISH,a5e7d7ee029c4c06a9a63362cf1d95dd,68f2d95bd190740cfd6a3c4f,ENQUEUED,0.2014657476185139,questions_in
2025-10-28T22:47:41.120197,PUBLISH,2172a072612d47179b583498812b013d,68f2d95bd190740cfd6a407c,ENQUEUED,0.8599294228821637,questions_in
2025-10-28T22:47:41.619253,PUBLISH,cc6c1633455d44aea38b3392ff1c1a1c,68f2d95bd190740cfd6a3a72,ENQUEUED,0.49266895847349845,questions_in
2025-10-28T22:47:43.197591,PUBLISH,1a3a49921ddb466097c163a1d56c7c65,68f2d95bd190740cfd6a373b,ENQUEUED,1.5715498586968861,questions_in
2025-10-28T22:47:44.104150,PUBLISH,4e0394556a29445a810cbf1dd460eaf2,68f2d95bd190740cfd6a1f21,ENQUEUED,0.9031879021731163,questions_in
2025-10-28T22:47:44.721487,PUBLISH,bf61eb639f5c48cda2ede672d6f47d0d,68f2d95bd190740cfd6a3143,ENQUEUED,0.6115334719589925,questions_in
2025-10-28T22:47:45.059443,PUBLISH,61ae2d4365dd47d4bc758a0f028f63eb,68f2d95bd190740cfd6a3309,ENQUEUED,0.3357414201158552,questions_in
2025-10-28T22:47:45.150055,PUBLISH,7572b9def29f4fae81e6c7c9f837896b,68f2d95bd190740cfd6a1b72,ENQUEUED,0.08428303241640749,questions_in
2025-10-28T22:47:45.638814,PUBLISH,b4eeddaf62654a73925de6c3dce9234e,68f2d95bd190740cfd6a3d0f,ENQUEUED,0.48603789374944495,questions_in
2025-10-28T22:47:45.920209,PUBLISH,ac53649495e24402bca97886102538ab,68f2d95bd190740cfd6a317a,ENQUEUED,0.27746593682505266,questions_in
2025-10-28T22:47:46.663380,PUBLISH,e03c054fe7004ef09e63af3cc37aa94c,68f2d95bd190740cfd6a3ee9,ENQUEUED,0.7406914075932985,questions_in
2025-10-28T22:47:46.807308,PUBLISH,4ae705b4fb004cbe8b7e397162cbbe7c,68f2d95bd190740cfd6a283c,ENQUEUED,0.14180316121963327,questions_in
2025-10-28T22:47:47.306156,PUBLISH,2e509cea56554116bdba2a2e10582e0e,68f2d95bd190740cfd6a3fd7,ENQUEUED,0.49589227403229974,questions_in
2025-10-28T22:47:47.410648,PUBLISH,537dab2dead644e7b8bfa52b6d1b5e0e,68f2d95bd190740cfd6a2695,ENQUEUED,0.10181494985706141,questions_in
2025-10-28T22:47:48.143061,PUBLISH,48b82043a96e480faa52d381b95f7e78,68f2d95bd190740cfd6a3c0b,ENQUEUED,0.7216265780506709,questions_in
2025-10-28T22:47:48.541598,PUBLISH,ae745a78631f4de89c5a86e7eb6eeb30,68f2d95bd190740cfd6a1cb3,ENQUEUED,0.3961139251166441,questions_in
2025-10-28T22:47:50.002322,PUBLISH,e9ff67ccc2fd469792645d3408ab6fda,68f2d95bd190740cfd6a29a3,ENQUEUED,1.4553219210114647,questions_in
2025-10-28T22:47:50.096070,PUBLISH,febef45fcc28436c82a3cc78e9efd5b5,68f2d95bd190740cfd6a2849,ENQUEUED,0.08391704625825812,questions_in
2025-10-28T22:47:50.383790,PUBLISH,44264f87865f4bab87f4101f8051e70d,68f2d95bd190740cfd6a4001,ENQUEUED,0.28364479362178235,questions_in
2025-10-28T22:47:50.781056,PUBLISH,3d263c5b13614ac99329af152e754fb3,68f2d95bd190740cfd6a3433,ENQUEUED,0.3933671695072989,questions_in
2025-10-28T22:47:50.941156,PUBLISH,97105577c9224677b914ab88e0081dd8,68f2d95bd190740cfd6a2a87,ENQUEUED,0.15796027279693198,questions_in
2025-10-28T22:47:51.161911,PUBLISH,01f28d44d4dd4c88b10d436121233534,68f2d95bd190740cfd6a2ed3,ENQUEUED,0.21375542360616387,questions_in
2025-10-28T22:47:51.378134,PUBLISH,b918449e46b941dea7f407a316e144e1,68f2d95bd190740cfd6a385f,ENQUEUED,0.21375220162274855,questions_in
2025-10-28T22:47:51.779373,PUBLISH,d12018f170954a638e88cf04f9272473,68f2d95bd190740cfd6a284b,ENQUEUED,0.3994729770482777,questions_in
2025-10-28T22:47:52.259473,PUBLISH,102ff03c217a4bf2a37390125bcaa262,68f2d95bd190740cfd6a4085,ENQUEUED,0.4775052662182902,questions_in
2025-10-28T22:47:52.343242,PUBLISH,8f7f5d330cef472ebe4ebfe36a25dca9,68f2d95bd190740cfd6a345f,ENQUEUED,0.08177800721407877,questions_in
2025-10-28T22:47:52.990446,PUBLISH,b9ee12cf532749c5800a2556c0c3e3db,68f2d95bd190740cfd6a1c84,ENQUEUED,0.6384128635587017,questions_in
2025-10-28T22:47:53.247791,PUBLISH,099b10269efa4f7f839f1d97cafc284b,68f2d95bd190740cfd6a2f41,ENQUEUED,0.2465463684902649,questions_in
2025-10-28T22:47:53.276934,PUBLISH,75812378632e4b3c86f2c148f68aeef5,68f2d95bd190740cfd6a264b,ENQUEUED,0.02228457342266654,questions_in
2025-10-28T22:47:53.709820,PUBLISH,5455be1606f045cb87dc818a9b1e0634,68f2d95bd190740cfd6a2d05,ENQUEUED,0.42557731120166276,questions_in
2025-10-28T22:47:54.661537,PUBLISH,f4265fc85e5641829ccd77cf3ec0ab33,68f2d95bd190740cfd6a2256,ENQUEUED,0.9444575962778213,questions_in
2025-10-28T22:47:55.238302,PUBLISH,bdcf3e1606344fabba91b56ef13e569a,68f2d95bd190740cfd6a3250,ENQUEUED,0.5746041104181766,questions_in
2025-10-28T22:47:55.302016,PUBLISH,64c5a177d5cf46e390a22566b12a53be,68f2d95bd190740cfd6a257e,ENQUEUED,0.060684220912025875,questions_in
2025-10-28T22:47:59.254833,PUBLISH,5f64e34f803c49149b9aa2151502dc5f,68f2d95bd190740cfd6a2e08,ENQUEUED,3.9471479757753243,questions_in
2025-10-28T22:47:59.870974,PUBLISH,6e100220c69146b886778a3d67e6fff8,68f2d95bd190740cfd6a2fa0,ENQUEUED,0.6086820600533934,questions_in
2025-10-28T22:48:01.462592,PUBLISH,0330b5a6a4b64817929fa843e3ef567d,68f2d95bd190740cfd6a2c76,ENQUEUED,1.5871842084567989,questions_in
2025-10-28T22:48:02.024306,PUBLISH,ab85eb62effb4ec69ed384866503262b,68f2d95bd190740cfd6a3f72,ENQUEUED,0.554665023672492,questions_in
2025-10-28T22:48:02.035313,PUBLISH,933fc8f2bc2549caa498b62f4dbd7db8,68f2d95bd190740cfd6a1ea0,ENQUEUED,0.004424006335924704,questions_in
2025-10-28T22:48:02.986096,PUBLISH,d1f2c0db30654ea0a96054629b5b2142,68f2d95bd190740cfd6a3f90,ENQUEUED,0.9435909390355479,questions_in
2025-10-28T22:48:03.008908,PUBLISH,b61aa63d784f479faaecf697099d7bce,68f2d95bd190740cfd6a2074,ENQUEUED,0.017765614623982025,questions_in
2025-10-28T22:48:03.419223,PUBLISH,044bbe535d5b4b6cae02e3aa08f1b91f,68f2d95bd190740cfd6a3a5a,ENQUEUED,0.4086290844681994,questions_in
2025-10-28T22:48:03.520605,PUBLISH,b9924575826a4519ba1548cef8026d43,68f2d95bd190740cfd6a22bd,ENQUEUED,0.09905663000129827,questions_in
2025-10-28T22:48:03.682607,PUBLISH,456ef2b6f3424bdd8f997571613a2d58,68f2d95bd190740cfd6a338e,ENQUEUED,0.15855117325727397,questions_in
2025-10-28T22:48:05.202999,PUBLISH,c73b8d533ec84ff08f3164cee6d80160,68f2d95bd190740cfd6a301d,ENQUEUED,1.511541604381013,questions_in
2025-10-28T22:48:05.233960,PUBLISH,f9c8acadefb8439b887733e419b06f2d,68f2d95bd190740cfd6a22ee,ENQUEUED,0.02514014504248267,questions_in
2025-10-28T22:48:06.319425,PUBLISH,1ec80530ade946c4aa2bfcfdc3a416d4,68f2d95bd190740cfd6a3e95,ENQUEUED,1.078999277289361,questions_in
2025-10-28T22:48:07.394212,PUBLISH,ca5a725917d54ea4bcd20456fcf3b7db,68f2d95bd190740cfd6a27e8,ENQUEUED,1.0729369898444383,questions_in
2025-10-28T22:48:07.655253,PUBLISH,f521df0e3b974e8b9b2afece39dd32af,68f2d95bd190740cfd6a3845,ENQUEUED,0.2545759645100525,questions_in
2025-10-28T22:48:07.662982,PUBLISH,fbde54e56a064db1b912b20cfc5c051b,68f2d95bd190740cfd6a3ec5,ENQUEUED,0.00043751119568948867,questions_in
2025-10-28T22:48:07.996557,PUBLISH,38b856891f374111baae10abb874977f,68f2d95bd190740cfd6a2880,ENQUEUED,0.3303419304043504,questions_in
2025-10-28T22:48:08.536907,PUBLISH,e211dc7db46a49ac836f26c583c6adc8,68f2d95bd190740cfd6a3d7c,ENQUEUED,0.5379288336327818,questions_in
2025-10-28T22:48:12.083335,PUBLISH,3a7a63cfe2cb400f8d803ae393cc5da9,68f2d95bd190740cfd6a2064,ENQUEUED,3.5403798575099974,questions_in
2025-10-28T22:48:12.434921,PUBLISH,189755c0855b487d9e5d4a762553f0c2,68f2d95bd190740cfd6a3db6,ENQUEUED,0.34887256030127295,questions_in
2025-10-28T22:48:13.057678,PUBLISH,37b98b428c304bf39edf37cb7e8c95bb,68f2d95bd190740cfd6a1fc3,ENQUEUED,0.6160257618061241,questions_in
2025-10-28T22:48:14.573799,PUBLISH,588b8dc3da774d0c9082e33eb2cf0bba,68f2d95bd190740cfd6a401e,ENQUEUED,1.5132737401922904,questions_in
2025-10-28T22:48:15.147427,PUBLISH,6bda0a46addd4e82b51764a2474797a2,68f2d95bd190740cfd6a1b4a,ENQUEUED,0.5707964617062079,questions_in
2025-10-28T22:48:15.252421,PUBLISH,ee97d3827e514abf92dc5e0efb4a549a,68f2d95bd190740cfd6a3b1c,ENQUEUED,0.10316008073637763,questions_in
2025-10-28T22:48:15.413532,PUBLISH,bbe7b3c5ffe84f9b82c5eae3c91365e4,68f2d95bd190740cfd6a34e0,ENQUEUED,0.15833725387337372,questions_in
2025-10-28T22:48:15.669082,PUBLISH,f4047863372a4f21a808df818563f3f6,68f2d95bd190740cfd6a2147,ENQUEUED,0.24595819856132042,questions_in
2025-10-28T22:48:16.009901,PUBLISH,055f1434fe9141e49a85d551f1a60aab,68f2d95bd190740cfd6a3306,ENQUEUED,0.33864043692032225,questions_in
2025-10-28T22:48:17.020843,PUBLISH,390b0d83a0c44f21b7ba0fe6a358e46f,68f2d95bd190740cfd6a34e6,ENQUEUED,1.0040945397042558,questions_in
2025-10-28T22:48:17.898186,PUBLISH,32368782c78d4a808ed3ec38a0fb2ea3,68f2d95bd190740cfd6a34f4,ENQUEUED,0.8740534660842889,questions_in
2025-10-28T22:48:18.515057,PUBLISH,a383a40ba38843478d14fac37c1ea67a,68f2d95bd190740cfd6a26ab,ENQUEUED,0.6132956942117819,questions_in
2025-10-28T22:48:18.785030,PUBLISH,78f9573ed3804688a5e1453f2284d0e8,68f2d95bd190740cfd6a3b10,ENQUEUED,0.26788930164533586,questions_in
2025-10-28T22:48:19.913518,PUBLISH,72e70150ebd34ec987869b212a832668,68f2d95bd190740cfd6a27e8,ENQUEUED,1.1202478760254648,questions_in
2025-10-28T22:48:20.288029,PUBLISH,7559e373c5c8485ab585a199f28cea8d,68f2d95bd190740cfd6a1fd6,ENQUEUED,0.3665868035832491,questions_in
2025-10-28T22:48:20.773460,PUBLISH,d0005a38f6bf4c79a252da179291142e,68f2d95bd190740cfd6a40f1,ENQUEUED,0.4824798429787284,questions_in
2025-10-28T22:48:21.687467,PUBLISH,2040b744ba6d442d9643e18e8f08731e,68f2d95bd190740cfd6a1d2c,ENQUEUED,0.9096534552828435,questions_in
2025-10-28T22:48:21.799346,PUBLISH,f40c58434bc44c6284d064fb8176031c,68f2d95bd190740cfd6a3cca,ENQUEUED,0.10980425258931369,questions_in
2025-10-28T22:48:21.972299,PUBLISH,58dd9e1fa95144278b09035f0e3af10b,68f2d95bd190740cfd6a32b7,ENQUEUED,0.1702970264848881,questions_in
2025-10-28T22:48:22.245231,PUBLISH,d35b026b62c64fe398d912f5a9d1f919,68f2d95bd190740cfd6a3b28,ENQUEUED,0.26922347245244016,questions_in
2025-10-28T22:48:22.267458,PUBLISH,61dd5f75806e46f286bb0cb8445a3b82,68f2d95bd190740cfd6a2a2c,ENQUEUED,0.017039367382078948,questions_in
2025-10-28T22:48:22.319757,PUBLISH,13ea58fbf7a34e6b880aa5892df90695,68f2d95bd190740cfd6a1dfe,ENQUEUED,0.049823969324489924,questions_in
2025-10-28T22:48:22.422014,PUBLISH,2ba419c606c349968a32b0938576c5c6,68f2d95bd190740cfd6a1de5,ENQUEUED,0.1000353458604406,questions_in
2025-10-28T22:48:22.522723,PUBLISH,155b5ccd70bf4886af630c3302220f35,68f2d95bd190740cfd6a24d4,ENQUEUED,0.09813298061823339,questions_in
2025-10-28T22:48:23.073240,PUBLISH,23a928847c064611af6bfb5c6493b3c7,68f2d95bd190740cfd6a3e14,ENQUEUED,0.5475202262477072,questions_in
2025-10-28T22:48:23.624875,PUBLISH,3299f3dc39634b509fa8a91c2a79ec7c,68f2d95bd190740cfd6a25cc,ENQUEUED,0.5433045496487382,questions_in
2025-10-28T22:48:26.738530,PUBLISH,c8a415e5441a4aa894f9e446fc7f14fb,68f2d95bd190740cfd6a253e,ENQUEUED,3.1091695524962297,questions_in
2025-10-28T22:48:27.032496,PUBLISH,4ee7e52b967a421e82f8a3146d47a4ee,68f2d95bd190740cfd6a4069,ENQUEUED,0.2913981391028299,questions_in
2025-10-28T22:48:27.557949,PUBLISH,6b0c2006557840b3b2fecc5917f6f282,68f2d95bd190740cfd6a1f4a,ENQUEUED,0.5219624092981077,questions_in
2025-10-28T22:48:28.001561,PUBLISH,ffba3c2b15a342da8ee670f2b5a5c0b7,68f2d95bd190740cfd6a28e6,ENQUEUED,0.43512302601679126,questions_in
2025-10-28T22:48:30.010025,PUBLISH,dbc2488a793740c095ae37d4e961084f,68f2d95bd190740cfd6a2611,ENQUEUED,2.002748780864577,questions_in
2025-10-28T22:48:30.237639,PUBLISH,b51d77edb472481ca61d4272c64e5656,68f2d95bd190740cfd6a1ca7,ENQUEUED,0.21989979315370747,questions_in
2025-10-28T22:48:31.386726,PUBLISH,0953257e40d6494ea8d14d4ad5835c42,68f2d95bd190740cfd6a2277,ENQUEUED,1.1412724687028912,questions_in
2025-10-28T22:48:31.415964,PUBLISH,552fd0ad9f2f4b31b0742ee94ac68ab4,68f2d95bd190740cfd6a3238,ENQUEUED,0.02165488069122008,questions_in
2025-10-28T22:48:31.581697,PUBLISH,3564ce990f4d4f14beb487bebcfac702,68f2d95bd190740cfd6a2187,ENQUEUED,0.16337955056301814,questions_in
2025-10-28T22:48:33.134938,PUBLISH,ef7ba22aa9ea434188e1ec9b934750fa,68f2d95bd190740cfd6a3e63,ENQUEUED,1.5499497085910459,questions_in
2025-10-28T22:48:33.516089,PUBLISH,2b2ff5e9716244298d538fbd093f930f,68f2d95bd190740cfd6a2628,ENQUEUED,0.37898995916781303,questions_in
2025-10-28T22:48:33.638878,PUBLISH,db112254374d4cebb764ac9def9b3934,68f2d95bd190740cfd6a2ee2,ENQUEUED,0.12034391908810761,questions_in
2025-10-28T22:48:33.957509,PUBLISH,4a5e23b25e6d4401a8bb9e4f74b8c7ce,68f2d95bd190740cfd6a35c6,ENQUEUED,0.3143846052160057,questions_in
2025-10-28T22:48:34.128111,PUBLISH,bda81ca0f30a498581471cf31f07da0a,68f2d95bd190740cfd6a3e4c,ENQUEUED,0.1674590994520192,questions_in
2025-10-28T22:48:34.363911,PUBLISH,9916c49000e24c9782e147b10ef942a3,68f2d95bd190740cfd6a2142,ENQUEUED,0.23202038606507813,questions_in
2025-10-28T22:48:34.444769,PUBLISH,859068be80734969b6ff5bc95cb83bb5,68f2d95bd190740cfd6a292b,ENQUEUED,0.07750246711394662,questions_in
2025-10-28T22:48:34.479928,PUBLISH,42abb32655d54c04b42d84cca5de85fc,68f2d95bd190740cfd6a2e7a,ENQUEUED,0.03328381383626319,questions_in
2025-10-28T22:48:35.044188,PUBLISH,6139b8cb3b884a0089f4d1386f5a390a,68f2d95bd190740cfd6a3c82,ENQUEUED,0.5612707374830671,questions_in
2025-10-28T22:48:35.437057,PUBLISH,37ce25f801414527b5bf7cfb0eea84f0,68f2d95bd190740cfd6a365e,ENQUEUED,0.39061372425933727,questions_in
2025-10-28T22:48:36.110443,PUBLISH,052b4368234c4c2b9282eaeacf7838a9,68f2d95bd190740cfd6a3495,ENQUEUED,0.664587902406967,questions_in
2025-10-28T22:48:37.563356,PUBLISH,c49d076521954a59b4f3c9b0b64d4a69,68f2d95bd190740cfd6a2ded,ENQUEUED,1.4442386858058427,questions_in
2025-10-28T22:48:38.413731,PUBLISH,007488376d3b4b1b9edf8e4378b32cb8,68f2d95bd190740cfd6a38b5,ENQUEUED,0.8462488482639863,questions_in
2025-10-28T22:48:38.709276,PUBLISH,74ac18a052004d1ea2deb63f035d14d3,68f2d95bd190740cfd6a347b,ENQUEUED,0.2919980110142771,questions_in
2025-10-28T22:48:39.453887,PUBLISH,316c118824e649acbd5b63111fb57697,68f2d95bd190740cfd6a28a8,ENQUEUED,0.741068433412086,questions_in
2025-10-28T22:48:39.477932,PUBLISH,6d4ac34734fd4b19bc180ff45d8455ae,68f2d95bd190740cfd6a4042,ENQUEUED,0.02180134603040193,questions_in
2025-10-28T22:48:39.790361,PUBLISH,05b9c59d8d2d4975b2e58609c774e8e7,68f2d95bd190740cfd6a204a,ENQUEUED,0.30825591026768623,questions_in
2025-10-28T22:48:39.886165,PUBLISH,c7075e3641b047f8b5d9eee90c17cd94,68f2d95bd190740cfd6a267b,ENQUEUED,0.0939169575275907,questions_in
2025-10-28T22:48:41.328489,PUBLISH,b8ee73712e0e49e4abc00a6b632ec23a,68f2d95bd190740cfd6a3573,ENQUEUED,1.4356764237278055,questions_in
2025-10-28T22:48:41.737249,PUBLISH,082805663f294f66a68d22657eb0fa42,68f2d95bd190740cfd6a2945,ENQUEUED,0.4054079692484969,questions_in
2025-10-28T22:48:43.109409,PUBLISH,ae626ca0c85943c28a0f8ee5290e7a9e,68f2d95bd190740cfd6a1e28,ENQUEUED,1.3686431303162319,questions_in
2025-10-28T22:48:43.237257,PUBLISH,ab2c02392bed4bb4bcb00f3f19bc832e,68f2d95bd190740cfd6a3cf4,ENQUEUED,0.12608589464356837,questions_in
2025-10-28T22:48:43.472990,PUBLISH,ea413dc607614bb5af2fd9463d1b0785,68f2d95bd190740cfd6a23fc,ENQUEUED,0.23137469722251522,questions_in
2025-10-28T22:48:43.575225,PUBLISH,2796b1f27a6e4047826050414e855dbd,68f2d95bd190740cfd6a2a58,ENQUEUED,0.09892526171838432,questions_in
2025-10-28T22:48:46.027650,PUBLISH,daac39a845c3456fa9069b46f616b3a2,68f2d95bd190740cfd6a2dbd,ENQUEUED,2.448907498942165,questions_in
2025-10-28T22:48:46.416599,PUBLISH,b5117002baf14c02a8f58779bdc86d80,68f2d95bd190740cfd6a393a,ENQUEUED,0.386716339858163,questions_in
2025-10-28T22:48:46.460259,PUBLISH,dac22cbff5444bd685574f671576620e,68f2d95bd190740cfd6a363f,ENQUEUED,0.040206731267000556,questions_in
2025-10-28T22:48:49.008466,PUBLISH,871c1df4693441d28bb4bcd07ced1642,68f2d95bd190740cfd6a26d5,ENQUEUED,2.543478374606175,questions_in
2025-10-28T22:48:49.434578,PUBLISH,b77914db4c0240598709efa53c5b4208,68f2d95bd190740cfd6a2f3d,ENQUEUED,0.4228042877587306,questions_in
2025-10-28T22:48:49.876021,PUBLISH,855b7ff61a0c460a9f1fbf01c1fb7d13,68f2d95bd190740cfd6a313d,ENQUEUED,0.43867079472589565,questions_in
2025-10-28T22:48:50.169662,PUBLISH,a94fe2de3c8e454098fa5c3085b35da9,68f2d95bd190740cfd6a345c,ENQUEUED,0.2895505543338607,questions_in
2025-10-28T22:48:50.448810,PUBLISH,be35c0f85ae8465eb7e99891cfa7b319,68f2d95bd190740cfd6a2a7b,ENQUEUED,0.2771263250681468,questions_in
2025-10-28T22:48:50.966772,PUBLISH,e1e1ed2d091a41c4b03655a143324c45,68f2d95bd190740cfd6a3cf9,ENQUEUED,0.5156571965357483,questions_in
2025-10-28T22:48:51.277611,PUBLISH,5eee8e9a7ee54deabb9bad61ec43bbaf,68f2d95bd190740cfd6a34f1,ENQUEUED,0.307498849745063,questions_in
2025-10-28T22:48:52.904670,PUBLISH,2c25b6724aca40baafc4d7ee0d16fe73,68f2d95bd190740cfd6a3033,ENQUEUED,1.6232923154170307,questions_in
2025-10-28T22:48:53.154189,PUBLISH,7cd1cc2ca0644247abea0bacbf653556,68f2d95bd190740cfd6a2dea,ENQUEUED,0.2455703424699779,questions_in
2025-10-28T22:48:54.131674,PUBLISH,d92d972921b5492b88a50a7d48aab8df,68f2d95bd190740cfd6a1db3,ENQUEUED,0.9713283490110077,questions_in
2025-10-28T22:48:55.241992,PUBLISH,886e9e562a484ec79d987d25f4569551,68f2d95bd190740cfd6a3241,ENQUEUED,1.107381741117654,questions_in
2025-10-28T22:48:55.273882,PUBLISH,9ce9847189ef4b1185d9efa2fab4425f,68f2d95bd190740cfd6a30aa,ENQUEUED,0.02955708695796128,questions_in
2025-10-28T22:48:55.400349,PUBLISH,f815407fd9ff440eb34f489d5ba97e01,68f2d95bd190740cfd6a39bd,ENQUEUED,0.12414919820627608,questions_in
2025-10-28T22:48:56.412576,PUBLISH,9bb36c9c53d141329e7695751415dbb0,68f2d95bd190740cfd6a38ac,ENQUEUED,1.0101636876760665,questions_in
2025-10-28T22:48:56.803272,PUBLISH,d07e0e666fb243cf8c6d49ce58bf3d95,68f2d95bd190740cfd6a3c69,ENQUEUED,0.38796868245423305,questions_in
2025-10-28T22:48:57.058218,PUBLISH,dbfe104ba4864c31960bbdd30a331a01,68f2d95bd190740cfd6a39fe,ENQUEUED,0.25293168020666557,questions_in
2025-10-28T22:48:58.512022,PUBLISH,5bf465f6d6a24112a339e0bf8780b993,68f2d95bd190740cfd6a2e58,ENQUEUED,1.4501381286200459,questions_in
2025-10-28T22:48:59.091498,PUBLISH,5ce0b84b791f4c39927956eab831fbe8,68f2d95bd190740cfd6a37be,ENQUEUED,0.5730871513804514,questions_in
2025-10-28T22:48:59.995989,PUBLISH,57251867fb9643aca0ff9008a19df69c,68f2d95bd190740cfd6a1af3,ENQUEUED,0.8951649271758141,questions_in
2025-10-28T22:49:01.924942,PUBLISH,6067ed44fd1b48a2b4b99a33464e002b,68f2d95bd190740cfd6a323e,ENQUEUED,1.9251594118232536,questions_in
2025-10-28T22:49:02.821558,PUBLISH,8f6beb1cd8f8482e96368a10c8945db2,68f2d95bd190740cfd6a3937,ENQUEUED,0.8927000928123617,questions_in
2025-10-28T22:49:04.413971,PUBLISH,80d5f9367e7f436fa6d7ac13cd040b3a,68f2d95bd190740cfd6a3840,ENQUEUED,1.588912222253285,questions_in
2025-10-28T22:49:04.590426,PUBLISH,098d9068526247859b3fd8a89718059a,68f2d95bd190740cfd6a3fae,ENQUEUED,0.17158181409771076,questions_in
2025-10-28T22:49:05.905430,PUBLISH,76c9a5ab018945f6bffec98cc87236f0,68f2d95bd190740cfd6a275c,ENQUEUED,1.312055318501591,questions_in
2025-10-28T22:49:06.344899,PUBLISH,b87163b23d864efe90e34f9d30b2a7b9,68f2d95bd190740cfd6a32da,ENQUEUED,0.4370006215663245,questions_in
2025-10-28T22:49:06.611731,PUBLISH,4952966528b04ad6a8315be8bfde32bd,68f2d95bd190740cfd6a41b7,ENQUEUED,0.26471530109301794,questions_in
2025-10-28T22:49:07.164037,PUBLISH,69acc993adaa49e085c63ac08a13ce6e,68f2d95bd190740cfd6a3d56,ENQUEUED,0.5484902187744499,questions_in
2025-10-28T22:49:07.237330,PUBLISH,a499eb3c3e6647ff988df9e7b7fd958c,68f2d95bd190740cfd6a3845,ENQUEUED,0.06367909718236943,questions_in
2025-10-28T22:49:07.642561,PUBLISH,2af49a2a25bd473c81e498bef292cb03,68f2d95bd190740cfd6a26fd,ENQUEUED,0.40194565044261665,questions_in
2025-10-28T22:49:08.494986,PUBLISH,5f8b00c00085483d98a0398c17928eac,68f2d95bd190740cfd6a1d74,ENQUEUED,0.8499292244175137,questions_in
2025-10-28T22:49:08.511400,PUBLISH,5db12a7431154a6e80228c1562066252,68f2d95bd190740cfd6a2bc4,ENQUEUED,0.01414885120057579,questions_in
2025-10-28T22:49:08.553728,PUBLISH,dab0c9e4e6504836810102df2d3ffead,68f2d95bd190740cfd6a1b4c,ENQUEUED,0.038758003086976606,questions_in
2025-10-28T22:49:08.720013,PUBLISH,e971c523932b4cbc93b89150f5ef50f3,68f2d95bd190740cfd6a30fc,ENQUEUED,0.1633321227815983,questions_in
2025-10-28T22:49:08.812785,PUBLISH,3e48a960da6041ff8550d26e84f17dd0,68f2d95bd190740cfd6a241a,ENQUEUED,0.09005963123606846,questions_in
2025-10-28T22:49:08.851060,PUBLISH,cd9a36f576474f64913059e3eb9de972,68f2d95bd190740cfd6a31a5,ENQUEUED,0.03534567015359124,questions_in
2025-10-28T22:49:08.894265,PUBLISH,642f6203b5284b5b8be555f6be1cca41,68f2d95bd190740cfd6a3b5d,ENQUEUED,0.04070906514094897,questions_in
2025-10-28T22:49:10.296543,PUBLISH,1143647e6b97401f8be8a3bb0e77607a,68f2d95bd190740cfd6a4177,ENQUEUED,1.399791747422265,questions_in
2025-10-28T22:49:11.095664,PUBLISH,134996a0afd44b6d99c335c924859c06,68f2d95bd190740cfd6a2ae7,ENQUEUED,0.7962118249744203,questions_in
2025-10-28T22:49:12.654371,PUBLISH,3ebe50ac0dba4e9c8718b434436efc31,68f2d95bd190740cfd6a373c,ENQUEUED,1.5540199260416463,questions_in
2025-10-28T22:49:12.950334,PUBLISH,86b809da1c3541f5ba9b2452b59f3201,68f2d95bd190740cfd6a2aad,ENQUEUED,0.2930857205780901,questions_in
2025-10-28T22:49:13.545805,PUBLISH,62860884e06c49fe9359b190b81967c4,68f2d95bd190740cfd6a2c4d,ENQUEUED,0.5928343052312235,questions_in
2025-10-28T22:49:14.849589,PUBLISH,6af1392de48741a093420bbebf89707a,68f2d95bd190740cfd6a3ff4,ENQUEUED,1.3003994747575216,questions_in
2025-10-28T22:49:14.853362,PUBLISH,5285783b27264a55aeb7c232e987844e,68f2d95bd190740cfd6a41c6,ENQUEUED,0.001882859941952793,questions_in
2025-10-28T22:49:14.934370,PUBLISH,1236d294a7fc45d0beb6dcce290d1454,68f2d95bd190740cfd6a24fb,ENQUEUED,0.07223165185645807,questions_in
2025-10-28T22:49:15.428706,PUBLISH,5ebf55a5f81d434a93953660eb9deb51,68f2d95bd190740cfd6a3551,ENQUEUED,0.49129930063202737,questions_in
2025-10-28T22:49:15.508180,PUBLISH,9543bb39832249a484b4545211a7d491,68f2d95bd190740cfd6a3e65,ENQUEUED,0.07740188093907342,questions_in
2025-10-28T22:49:15.570006,PUBLISH,cbb32e58994b49b4bd3020fc4f0b3ccf,68f2d95bd190740cfd6a3dba,ENQUEUED,0.058666453714442984,questions_in
2025-10-28T22:49:15.615726,PUBLISH,e40e615e65f241e49a1db511e939a750,68f2d95bd190740cfd6a2c41,ENQUEUED,0.039465084869906734,questions_in
2025-10-28T22:49:15.885366,PUBLISH,238952db415f44edb53b34c7c26ec644,68f2d95bd190740cfd6a1e87,ENQUEUED,0.2631956760428185,questions_in
2025-10-28T22:49:15.976228,PUBLISH,9c653193b1c44ed2b19b3461d8af819b,68f2d95bd190740cfd6a3a6c,ENQUEUED,0.08910853581318295,questions_in
2025-10-28T22:49:16.692301,PUBLISH,f74f316a888647ed9a18cccc294e3e93,68f2d95bd190740cfd6a1fdc,ENQUEUED,0.7134508549856644,questions_in
2025-10-28T22:49:17.617586,PUBLISH,f0f5c2631f124d629f11890ad087e464,68f2d95bd190740cfd6a3ce7,ENQUEUED,0.9182899751146917,questions_in
2025-10-28T22:49:17.770165,PUBLISH,1dffd295da1f4310aeff6577a2d2b740,68f2d95bd190740cfd6a4098,ENQUEUED,0.14646011720972232,questions_in
2025-10-28T22:49:18.671788,PUBLISH,082a5136536e4019a7304b1aa7574f3e,68f2d95bd190740cfd6a26e4,ENQUEUED,0.8989195165521661,questions_in
2025-10-28T22:49:19.509858,PUBLISH,32633c9e151541d282a519e0dfaf74ac,68f2d95bd190740cfd6a2080,ENQUEUED,0.829809083992653,questions_in
2025-10-28T22:49:20.648727,PUBLISH,94ebd0b58553467aa30e84e484a86439,68f2d95bd190740cfd6a344f,ENQUEUED,1.1353961920008369,questions_in
2025-10-28T22:49:21.204461,PUBLISH,8d67e988658b4c48b29a3cadfde2646a,68f2d95bd190740cfd6a32b7,ENQUEUED,0.5537947485531952,questions_in
2025-10-28T22:49:21.370643,PUBLISH,7cf6afbaba4b4b979512c5fca0b1f0b5,68f2d95bd190740cfd6a1f4d,ENQUEUED,0.15904492593636138,questions_in
2025-10-28T22:49:21.757280,PUBLISH,c2b818436e264ecf966e4fd84c3614ce,68f2d95bd190740cfd6a3fcd,ENQUEUED,0.3843329143528444,questions_in
2025-10-28T22:49:21.812377,PUBLISH,695d8898b76745318030d6459825a14a,68f2d95bd190740cfd6a2cd4,ENQUEUED,0.05338838503063865,questions_in
2025-10-28T22:49:22.061478,PUBLISH,0bf15f1513e24369abc199e8c6f64475,68f2d95bd190740cfd6a2f9b,ENQUEUED,0.24067535714370356,questions_in
2025-10-28T22:49:22.276569,PUBLISH,d297c9a5eaf44d86aa3d50d6f93e5f02,68f2d95bd190740cfd6a3d51,ENQUEUED,0.21260191198227052,questions_in
2025-10-28T22:49:22.418882,PUBLISH,274393bef8404b6fa24bf42781ae13f3,68f2d95bd190740cfd6a2874,ENQUEUED,0.13839564028525844,questions_in
2025-10-28T22:49:22.604739,PUBLISH,9dd4beb9cab04d1baa24bba6810ba490,68f2d95bd190740cfd6a2645,ENQUEUED,0.1837105283980439,questions_in
2025-10-28T22:49:23.075460,PUBLISH,05c195c5df794cc5bd5837503152dde5,68f2d95bd190740cfd6a1b4c,ENQUEUED,0.4680864449402086,questions_in
2025-10-28T22:49:24.316934,PUBLISH,d0c3b8285c20461f86ac677e4bc92942,68f2d95bd190740cfd6a41b0,ENQUEUED,1.2386254264757643,questions_in
2025-10-28T22:49:25.084579,PUBLISH,c0d7ecac3e4f4390b2c9f65e8878d8ee,68f2d95bd190740cfd6a32f0,ENQUEUED,0.7651074846542442,questions_in
2025-10-28T22:49:25.911214,PUBLISH,1b38ec98cba24f22b5b114f6088fe555,68f2d95bd190740cfd6a3e6d,ENQUEUED,0.8231751419359444,questions_in
2025-10-28T22:49:25.987327,PUBLISH,c0a431d35e814c87997239e6577d3f0a,68f2d95bd190740cfd6a3c13,ENQUEUED,0.07408862759844907,questions_in
2025-10-28T22:49:26.233579,PUBLISH,06f0eab821fd45c19d24ba586725fc70,68f2d95bd190740cfd6a3731,ENQUEUED,0.24218876883758325,questions_in
2025-10-28T22:49:26.238250,PUBLISH,eb73d4b0835d4b0aaa35feb35ffd6aa3,68f2d95bd190740cfd6a37c1,ENQUEUED,0.0026323257716237944,questions_in
2025-10-28T22:49:29.388364,PUBLISH,bc4df1a2335f46269050d5976b1aca3a,68f2d95bd190740cfd6a25d2,ENQUEUED,3.1460382679910572,questions_in
2025-10-28T22:49:30.642188,PUBLISH,d6484106167b4473ae1207c81bf80e68,68f2d95bd190740cfd6a36ed,ENQUEUED,1.251637933603231,questions_in
2025-10-28T22:49:31.991111,PUBLISH,bdc442aed79f4abdadeb3f4763939aa6,68f2d95bd190740cfd6a1ade,ENQUEUED,1.3455422931846204,questions_in
2025-10-28T22:49:32.967713,PUBLISH,4eca0aacbbe84dbba8ea1b1713d5de6c,68f2d95bd190740cfd6a41ac,ENQUEUED,0.9734917445467528,questions_in
2025-10-28T22:49:33.642295,PUBLISH,a2e089916b334a7fb8f31ceb17e27e10,68f2d95bd190740cfd6a2b3c,ENQUEUED,0.6728624155774309,questions_in
2025-10-28T22:49:33.975709,PUBLISH,8c55827d956e4bc9b13cdf607d51b4b7,68f2d95bd190740cfd6a354f,ENQUEUED,0.3302391224339604,questions_in
2025-10-28T22:49:37.447939,PUBLISH,a2967e8d4c2d47f0879aae91f50f6091,68f2d95bd190740cfd6a409f,ENQUEUED,3.463351612019705,questions_in
2025-10-28T22:49:39.320626,PUBLISH,bd65146ba53849d795eedba558a84412,68f2d95bd190740cfd6a2511,ENQUEUED,1.8689310371904788,questions_in
2025-10-28T22:49:39.760837,PUBLISH,e04a165508624bc59f09fc88dd6ac5ac,68f2d95bd190740cfd6a3d15,ENQUEUED,0.4375515306101245,questions_in
2025-10-28T22:49:40.337777,PUBLISH,4cc33f0940bb41d6b2daef5ef068ce41,68f2d95bd190740cfd6a2e2e,ENQUEUED,0.574583611844207,questions_in
2025-10-28T22:49:40.378890,PUBLISH,130db6e5f2a54a2e9f5016566d35bd7a,68f2d95bd190740cfd6a3d9f,ENQUEUED,0.03710233991976659,questions_in
2025-10-28T22:49:40.984430,PUBLISH,80f4d00680354a128f9bdbee2f10d69e,68f2d95bd190740cfd6a248a,ENQUEUED,0.6027226217246521,questions_in
2025-10-28T22:49:41.011224,PUBLISH,583da36f0a7948cbb06025057d03a183,68f2d95bd190740cfd6a2c80,ENQUEUED,0.023063724611190328,questions_in
2025-10-28T22:49:41.583699,PUBLISH,5b74ba77a39f410dbe8303abae36a9f0,68f2d95bd190740cfd6a3626,ENQUEUED,0.5637517235842192,questions_in
2025-10-28T22:49:41.654188,PUBLISH,0cdf8c8f4bc1406681c53750a0740883,68f2d95bd190740cfd6a1cf8,ENQUEUED,0.06772999040493995,questions_in
2025-10-28T22:49:42.170921,PUBLISH,f3e8ab0c39884567b12688cd475adee9,68f2d95bd190740cfd6a2de4,ENQUEUED,0.5143007179236706,questions_in
2025-10-28T22:49:42.650506,PUBLISH,2f3e34af2c7b48bf8187e2d4805d0fb8,68f2d95bd190740cfd6a203b,ENQUEUED,0.47089914242256253,questions_in
2025-10-28T22:49:43.366262,PUBLISH,046ed1a94d874d43bf47a8eaf608349a,68f2d95bd190740cfd6a3537,ENQUEUED,0.7125149790152618,questions_in
2025-10-28T22:49:44.865861,PUBLISH,907be8ff02d540ea97f5871bd1033806,68f2d95bd190740cfd6a23f9,ENQUEUED,1.4939616843752397,questions_in
2025-10-28T22:49:46.928450,PUBLISH,bf23d62af8f84d359adebfd23a94c010,68f2d95bd190740cfd6a3f2e,ENQUEUED,2.0573751846998256,questions_in
2025-10-28T22:49:46.995434,PUBLISH,7ffa8e11240948a4bc6273f3f5c4835d,68f2d95bd190740cfd6a290b,ENQUEUED,0.0641157928745575,questions_in
2025-10-28T22:49:47.395402,PUBLISH,317a58c748924afda6ecbcd3c883b301,68f2d95bd190740cfd6a34d0,ENQUEUED,0.39730256328180696,questions_in
2025-10-28T22:49:47.567365,PUBLISH,147a56fc330e4ebeb00ecdc339568449,68f2d95bd190740cfd6a2c0c,ENQUEUED,0.17013294285677527,questions_in
2025-10-28T22:49:49.097421,PUBLISH,0a0913f093ff45feb49f25bdc066c8cd,68f2d95bd190740cfd6a1e42,ENQUEUED,1.5212319587216614,questions_in
2025-10-28T22:49:49.253504,PUBLISH,dce630c79aa74219bbf8449e91c2d7d9,68f2d95bd190740cfd6a2c1e,ENQUEUED,0.15411101440016825,questions_in
2025-10-28T22:49:49.336593,PUBLISH,c87e05c5c5d242ad94c2b43b8d5d8bb6,68f2d95bd190740cfd6a2307,ENQUEUED,0.08039974783626007,questions_in
2025-10-28T22:49:49.687729,PUBLISH,eba2908cd7fb40428df951276cf97ea5,68f2d95bd190740cfd6a2d21,ENQUEUED,0.3435338796894949,questions_in
2025-10-28T22:49:49.907089,PUBLISH,b3a6dba5f79847f09b737b42cfdef77a,68f2d95bd190740cfd6a36f2,ENQUEUED,0.21533235623374347,questions_in
2025-10-28T22:49:50.405823,PUBLISH,8f9e40325d4a4f4d82e4750ef870fe88,68f2d95bd190740cfd6a2b04,ENQUEUED,0.4940386842782682,questions_in
2025-10-28T22:49:50.779197,PUBLISH,e10af6056f0d4bd1a34597e322994023,68f2d95bd190740cfd6a25e5,ENQUEUED,0.36902350990392324,questions_in
2025-10-28T22:49:52.918126,PUBLISH,65c3ea227c184f32b8f09ae3adc54fb4,68f2d95bd190740cfd6a22c6,ENQUEUED,2.1338811147662105,questions_in
2025-10-28T22:49:53.849509,PUBLISH,6f71bfaaebf642df80a6ffe241763e54,68f2d95bd190740cfd6a2ff6,ENQUEUED,0.9292799681714624,questions_in
2025-10-28T22:49:57.201413,PUBLISH,601195b3ee6343de9111aff1e6aa83f4,68f2d95bd190740cfd6a3a03,ENQUEUED,3.341883265148619,questions_in
2025-10-28T22:49:57.959509,PUBLISH,d4245bca3d1c43dfae8f383163e6cf27,68f2d95bd190740cfd6a40d1,ENQUEUED,0.7539573381505393,questions_in
2025-10-28T22:49:58.149476,PUBLISH,dc6447973d024407a71856bd67eba8c0,68f2d95bd190740cfd6a22ce,ENQUEUED,0.1873262697002028,questions_in
2025-10-28T22:50:00.392294,PUBLISH,8dd009503cc041b4af4d399dcca2d7a7,68f2d95bd190740cfd6a2335,ENQUEUED,2.237621485379671,questions_in
2025-10-28T22:50:00.560913,PUBLISH,65b2ac1764e94743b8651d2bbbcb6beb,68f2d95bd190740cfd6a3053,ENQUEUED,0.163476390985821,questions_in
2025-10-28T22:50:00.607310,PUBLISH,822d20828f954578b65029b472a486d7,68f2d95bd190740cfd6a2264,ENQUEUED,0.04255149308095942,questions_in
2025-10-28T22:50:00.928588,PUBLISH,98488b156e054a5db1c8c37255f29bc3,68f2d95bd190740cfd6a39db,ENQUEUED,0.3150944552543809,questions_in
2025-10-28T22:50:01.494162,PUBLISH,9b258e163998441f87bcc42467feb8dd,68f2d95bd190740cfd6a3dd4,ENQUEUED,0.5593836109233137,questions_in
2025-10-28T22:50:02.027772,PUBLISH,c6ff2bfbb6a244fba3063cfbf406fed8,68f2d95bd190740cfd6a2a0b,ENQUEUED,0.5291047756884872,questions_in
2025-10-28T22:50:02.712011,PUBLISH,3c80744d247c41968fc8d790a19db7fc,68f2d95bd190740cfd6a21fb,ENQUEUED,0.6809118324695637,questions_in
2025-10-28T22:50:05.674799,PUBLISH,44b1472985e5449181cbc74db5f92146,68f2d95bd190740cfd6a3708,ENQUEUED,2.9569525900656237,questions_in
2025-10-28T22:50:05.868697,PUBLISH,c15bd5bcffd24f6fb9d2b2166fefd798,68f2d95bd190740cfd6a3ec6,ENQUEUED,0.19142000072304768,questions_in
2025-10-28T22:50:07.630374,PUBLISH,f72d8e0c505e46a089022da20ca75cf4,68f2d95bd190740cfd6a30e8,ENQUEUED,1.7589302320464524,questions_in
2025-10-28T22:50:07.807334,PUBLISH,9e53c71cc1c24c34ba7f0af93fae42e1,68f2d95bd190740cfd6a41b8,ENQUEUED,0.1719646568102158,questions_in
2025-10-28T22:50:08.309159,PUBLISH,c9909ed317404cd6911a790d4addeeb4,68f2d95bd190740cfd6a3d55,ENQUEUED,0.4992805855002092,questions_in
2025-10-28T22:50:08.664568,PUBLISH,af10499d5bc948be9d643ca7681ce473,68f2d95bd190740cfd6a21ef,ENQUEUED,0.3528324700685084,questions_in
2025-10-28T22:50:09.544257,PUBLISH,c93c4aac9126441bbf4ba0ba1c725d39,68f2d95bd190740cfd6a242e,ENQUEUED,0.8779878528755636,questions_in
2025-10-28T22:50:10.259405,PUBLISH,75fdd87f807749919abf1d581940b0ad,68f2d95bd190740cfd6a2cf7,ENQUEUED,0.7095298294818487,questions_in
2025-10-28T22:50:10.443516,PUBLISH,f3e7d5651c2d4ae590b75a2d6367980d,68f2d95bd190740cfd6a3e15,ENQUEUED,0.18053591237367225,questions_in
2025-10-28T22:50:10.903324,PUBLISH,875e1ecb383c4439aca2cbecbc06fe14,68f2d95bd190740cfd6a3800,ENQUEUED,0.4573107013827619,questions_in
2025-10-28T22:50:11.476029,PUBLISH,3d2e71b273d942299a997c5d7c499872,68f2d95bd190740cfd6a1b4a,ENQUEUED,0.5702334202398778,questions_in
2025-10-28T22:50:13.128851,PUBLISH,1789213ba93c4e0daf46093898c63dec,68f2d95bd190740cfd6a280d,ENQUEUED,1.6489084627224944,questions_in
2025-10-28T22:50:14.718396,PUBLISH,4d60f23ba11044b596d9ebb447281450,68f2d95bd190740cfd6a2fa4,ENQUEUED,1.5863944696587489,questions_in
2025-10-28T22:50:15.209270,PUBLISH,7507b27600eb45f2abf676c9ddf17331,68f2d95bd190740cfd6a3463,ENQUEUED,0.4876871900173863,questions_in
2025-10-28T22:50:15.773580,PUBLISH,326dd576891b4b1995ab0d41f37f78f3,68f2d95bd190740cfd6a3101,ENQUEUED,0.5596697125962256,questions_in
2025-10-28T22:50:16.421663,PUBLISH,5f10e0768d3c48dfa9078f0cdb859243,68f2d95bd190740cfd6a3f04,ENQUEUED,0.6443365419903515,questions_in
2025-10-28T22:50:16.721460,PUBLISH,a838fc7f240245468878274fd0c28a99,68f2d95bd190740cfd6a2c75,ENQUEUED,0.2964394923408616,questions_in
2025-10-28T22:50:17.092983,PUBLISH,9bc1974615ff45d3a68334123e5892f9,68f2d95bd190740cfd6a1eb7,ENQUEUED,0.3691939878980048,questions_in
2025-10-28T22:50:17.474151,PUBLISH,233c1eff7a2d469eb354f60c8916894d,68f2d95bd190740cfd6a3f5a,ENQUEUED,0.37905499108448987,questions_in
2025-10-28T22:50:18.339072,PUBLISH,f542d9263aba43ea985e756da1cbbb33,68f2d95bd190740cfd6a4115,ENQUEUED,0.8613332991856525,questions_in
2025-10-28T22:50:18.524143,PUBLISH,4f7c65055c6c473cbf235bb9ca7ca667,68f2d95bd190740cfd6a2db1,ENQUEUED,0.18133480336733218,questions_in
2025-10-28T22:50:18.680180,PUBLISH,0f26373a4edf4d2abef02536fff504ea,68f2d95bd190740cfd6a3066,ENQUEUED,0.1536951932426797,questions_in
2025-10-28T22:50:19.508993,PUBLISH,431e468759cd4c6ea615e37827ec56e1,68f2d95bd190740cfd6a22ab,ENQUEUED,0.8264332230326574,questions_in
2025-10-28T22:50:19.715243,PUBLISH,f08337904e2648ca96a3c2beb509d28a,68f2d95bd190740cfd6a3386,ENQUEUED,0.20342614035107506,questions_in
2025-10-28T22:50:19.916814,PUBLISH,eab8bea53fef47bbaa11b798239cb155,68f2d95bd190740cfd6a306e,ENQUEUED,0.19794509530124058,questions_in
2025-10-28T22:50:19.969250,PUBLISH,db4426fee36348119204fbfd3bec8ab3,68f2d95bd190740cfd6a40d1,ENQUEUED,0.045792721486435074,questions_in
2025-10-28T22:50:20.063945,PUBLISH,23a7dd86acc34584b586e9ad01a80004,68f2d95bd190740cfd6a3c8c,ENQUEUED,0.09014129874665538,questions_in
2025-10-28T22:50:21.112246,PUBLISH,48e59ebce64748a38526b04fe6392393,68f2d95bd190740cfd6a296c,ENQUEUED,1.0461458090239877,questions_in
2025-10-28T22:50:21.483427,PUBLISH,59ddb3c6535046ba9809a88a5c1e2440,68f2d95bd190740cfd6a3eeb,ENQUEUED,0.36785903913048407,questions_in
2025-10-28T22:50:21.920934,PUBLISH,74bbd35b4e1540208e3af0091704daea,68f2d95bd190740cfd6a3671,ENQUEUED,0.43382880225192905,questions_in
2025-10-28T22:50:22.472859,PUBLISH,5a06f47d1c6e48d2a10a3e55a1199b87,68f2d95bd190740cfd6a3332,ENQUEUED,0.548198110632586,questions_in
2025-10-28T22:50:24.633635,PUBLISH,933e3399223044b491ad8dece250c994,68f2d95bd190740cfd6a2d3b,ENQUEUED,2.156372599833684,questions_in
2025-10-28T22:50:24.672325,PUBLISH,3835e3b7873a4491822156e114e265ef,68f2d95bd190740cfd6a38ba,ENQUEUED,0.03491383745426306,questions_in
2025-10-28T22:50:25.917427,PUBLISH,73be9f15dd5b4aa78a62c390a616677c,68f2d95bd190740cfd6a2888,ENQUEUED,1.241836517244669,questions_in
2025-10-28T22:50:26.488162,PUBLISH,75135324d82a45ed87ad79aca0d1fa9f,68f2d95bd190740cfd6a1faf,ENQUEUED,0.5678059029252773,questions_in
2025-10-28T22:50:26.992024,PUBLISH,59605218b1204c038819a945062ee1f0,68f2d95bd190740cfd6a34a4,ENQUEUED,0.5016499766890049,questions_in
2025-10-28T22:50:29.754973,PUBLISH,484a2c178244427395def5a14eba7a35,68f2d95bd190740cfd6a38f9,ENQUEUED,2.7572085322048827,questions_in
2025-10-28T22:50:30.205540,PUBLISH,8ca181d7e32c4e69bfe33569a9ab32c2,68f2d95bd190740cfd6a2aef,ENQUEUED,0.44663440784901903,questions_in
2025-10-28T22:50:30.552692,PUBLISH,22a3591bc4814907b722ac82ca8fed69,68f2d95bd190740cfd6a2052,ENQUEUED,0.3429214515039374,questions_in
2025-10-28T22:50:30.783013,PUBLISH,9f72340ffee94cf1a4480e39f95cc79b,68f2d95bd190740cfd6a2987,ENQUEUED,0.2273289263998457,questions_in
2025-10-28T22:50:30.994210,PUBLISH,ea15b9803a6846d5a9e6c85826cbba72,68f2d95bd190740cfd6a3c63,ENQUEUED,0.20509000007702408,questions_in
2025-10-28T22:50:31.279395,PUBLISH,cf9d19133caa494281111afed01f2fbd,68f2d95bd190740cfd6a208d,ENQUEUED,0.2827593774275632,questions_in
2025-10-28T22:50:31.843368,PUBLISH,e92629c7187b4d1e9fb7730e21194648,68f2d95bd190740cfd6a2cf9,ENQUEUED,0.5600231781412416,questions_in
2025-10-28T22:50:32.423768,PUBLISH,735fed1f8761458f8753a33734a32c94,68f2d95bd190740cfd6a35cb,ENQUEUED,0.5748044198596938,questions_in
2025-10-28T22:50:33.448568,PUBLISH,f263df209aee469d926c707712934efb,68f2d95bd190740cfd6a2e62,ENQUEUED,1.021698071679422,questions_in
2025-10-28T22:50:34.731504,PUBLISH,35b82f3169f343a2953ef6aaaa8beea6,68f2d95bd190740cfd6a25d8,ENQUEUED,1.2802258623767095,questions_in
2025-10-28T22:50:35.537849,PUBLISH,0df94d39df0a406eacbb631baf64e475,68f2d95bd190740cfd6a1af8,ENQUEUED,0.8025080855878467,questions_in
2025-10-28T22:50:35.604722,PUBLISH,71113b72cd18471ea41248b4df040f7d,68f2d95bd190740cfd6a32bc,ENQUEUED,0.06501712657753862,questions_in
2025-10-28T22:50:35.777845,PUBLISH,763c840b52d346f9ae0339d09a8e3cea,68f2d95bd190740cfd6a275f,ENQUEUED,0.17068169434655434,questions_in
2025-10-28T22:50:38.608441,PUBLISH,d78817b701d74543aa77c96c143758d2,68f2d95bd190740cfd6a2494,ENQUEUED,2.8232879330568728,questions_in
2025-10-28T22:50:39.334398,PUBLISH,b559d1f0267e48029c827ab3ae976210,68f2d95bd190740cfd6a2bc2,ENQUEUED,0.7215892419404986,questions_in
2025-10-28T22:50:39.956479,PUBLISH,accd4b4ee4f34f7c9f3df3b9898eb21b,68f2d95bd190740cfd6a2f39,ENQUEUED,0.6199917432231458,questions_in
2025-10-28T22:50:40.732369,PUBLISH,f6b89659c8de43aa918e4df98ff33167,68f2d95bd190740cfd6a3540,ENQUEUED,0.7716812247339729,questions_in
2025-10-28T22:50:41.448199,PUBLISH,019b9bea0e6c4efaa68b237d05dacc28,68f2d95bd190740cfd6a346f,ENQUEUED,0.7124491828527888,questions_in
2025-10-28T22:50:41.869868,PUBLISH,d381c3ce8edc4e99994de2f492ec1034,68f2d95bd190740cfd6a2223,ENQUEUED,0.4172527236021602,questions_in
2025-10-28T22:50:42.625062,PUBLISH,9017151ff6054819960e23241580d5e8,68f2d95bd190740cfd6a2ef5,ENQUEUED,0.7522551750276966,questions_in
2025-10-28T22:50:42.639435,PUBLISH,53d9ac8e289e42a0b4d6753a7c7515fd,68f2d95bd190740cfd6a30d8,ENQUEUED,0.012570740612899997,questions_in
2025-10-28T22:50:42.786034,PUBLISH,846aab7fc8294288a30032af726e692b,68f2d95bd190740cfd6a20f1,ENQUEUED,0.14447192826643887,questions_in
2025-10-28T22:50:44.554283,PUBLISH,558aeea8d22740b3aaed2c47fdb7185f,68f2d95bd190740cfd6a2a4f,ENQUEUED,1.7642839555647025,questions_in
2025-10-28T22:50:44.742147,PUBLISH,92d63ddb88c2460ab844c7fb3522b360,68f2d95bd190740cfd6a3b5b,ENQUEUED,0.18588277083912177,questions_in
2025-10-28T22:50:46.141760,PUBLISH,e73c37d4ecf1477894a55cef4ba1bede,68f2d95bd190740cfd6a3cd8,ENQUEUED,1.3966276330779586,questions_in
2025-10-28T22:50:46.399295,PUBLISH,3966302f5d40493b97c9eae4fae14738,68f2d95bd190740cfd6a3da3,ENQUEUED,0.2537512845807076,questions_in
2025-10-28T22:50:46.707458,PUBLISH,57ed79907114440cb1f0036085e7aad9,68f2d95bd190740cfd6a3ea0,ENQUEUED,0.30593583892117876,questions_in
2025-10-28T22:50:47.834727,PUBLISH,c7cc4039648a4cfe826f62bc4a3d7b90,68f2d95bd190740cfd6a222d,ENQUEUED,1.12479075153364,questions_in
2025-10-28T22:50:47.998721,PUBLISH,3e9bb98f9d234009b97bdad53152dc9b,68f2d95bd190740cfd6a341a,ENQUEUED,0.16071957082893684,questions_in
2025-10-28T22:50:48.079626,PUBLISH,b5cc19c8be0349f3b8a349e85ebe3cbc,68f2d95bd190740cfd6a2c1b,ENQUEUED,0.0787863104988843,questions_in
2025-10-28T22:50:49.447293,PUBLISH,fc61df2b1f4e4b2eb93483c86288c213,68f2d95bd190740cfd6a3bb5,ENQUEUED,1.3636401235878777,questions_in
2025-10-28T22:50:49.904633,PUBLISH,7e61301578a24191a627d38f0d85e1d1,68f2d95bd190740cfd6a2ec9,ENQUEUED,0.4545868668153625,questions_in
2025-10-28T22:50:50.386593,PUBLISH,4afa8cb22b3842e78c7f53ab9b4577b9,68f2d95bd190740cfd6a3eb4,ENQUEUED,0.47902930317998593,questions_in
2025-10-28T22:50:51.036061,PUBLISH,d56ab6056da24a88a26659b17859a3cf,68f2d95bd190740cfd6a3129,ENQUEUED,0.6440975656793313,questions_in
2025-10-28T22:50:51.743482,PUBLISH,c69690d9a78543848968f7f79ba83754,68f2d95bd190740cfd6a23d2,ENQUEUED,0.6902618660457821,questions_in
2025-10-28T22:50:52.074381,PUBLISH,2107cbd608a646e094d26ca3fed9427c,68f2d95bd190740cfd6a3c3f,ENQUEUED,0.32785903735646876,questions_in
2025-10-28T22:50:52.132574,PUBLISH,02a187886d47497e860aa39a337313f6,68f2d95bd190740cfd6a2c7f,ENQUEUED,0.053805933179750555,questions_in
2025-10-28T22:50:53.643367,PUBLISH,83829aad9ad64754ab9eb5943c788b31,68f2d95bd190740cfd6a1dcc,ENQUEUED,1.506496387006237,questions_in
2025-10-28T22:50:54.332481,PUBLISH,6920625e581f4666b1bc49eb3cf93fcc,68f2d95bd190740cfd6a1c43,ENQUEUED,0.6846134411639165,questions_in
2025-10-28T22:50:57.976345,PUBLISH,89064541c14d47989d21d34dcdd6450c,68f2d95bd190740cfd6a27dd,ENQUEUED,3.638708293260432,questions_in
2025-10-28T22:50:58.430783,PUBLISH,415594d4766546408bff405aa1de19bf,68f2d95bd190740cfd6a29c6,ENQUEUED,0.4506735756748364,questions_in
2025-10-28T22:50:59.166515,PUBLISH,64cbe7ffa3424b0db0925efed0ce444a,68f2d95bd190740cfd6a1b9f,ENQUEUED,0.733349768805672,questions_in
2025-10-28T22:51:00.506932,PUBLISH,397638bad07d4b059d2aa71425af7878,68f2d95bd190740cfd6a3a9b,ENQUEUED,1.3373046357805587,questions_in
2025-10-28T22:51:00.760630,PUBLISH,db823d4a22e8470da43daa082fd14aec,68f2d95bd190740cfd6a26ee,ENQUEUED,0.25111763478544996,questions_in
2025-10-28T22:51:01.339133,PUBLISH,0e03a98a48424de9b5b390c1ea050296,68f2d95bd190740cfd6a1b08,ENQUEUED,0.5745201535945152,questions_in
2025-10-28T22:51:01.522986,PUBLISH,ae99745cdd7e4b9db72a1ee279cabc82,68f2d95bd190740cfd6a206b,ENQUEUED,0.17620717981150105,questions_in
2025-10-28T22:51:02.183180,PUBLISH,6e8d1d56374f49b4b6b0a5107908f7d0,68f2d95bd190740cfd6a21c6,ENQUEUED,0.6571833945709544,questions_in
2025-10-28T22:51:02.290662,PUBLISH,7141fb6f6ebb4a53845b3641447795d5,68f2d95bd190740cfd6a371c,ENQUEUED,0.10154884330387635,questions_in
2025-10-28T22:51:02.978180,PUBLISH,dda64da12f414b3abd597a3b133f0e22,68f2d95bd190740cfd6a355b,ENQUEUED,0.6833557426450624,questions_in
2025-10-28T22:51:03.133978,PUBLISH,e1dfec21e6454fac98115d3010392e4c,68f2d95bd190740cfd6a348e,ENQUEUED,0.15360712067753096,questions_in
2025-10-28T22:51:03.568483,PUBLISH,3d7f6be67ef14ce7a8dbf5ec5a3a6406,68f2d95bd190740cfd6a39f7,ENQUEUED,0.43228053361457114,questions_in
2025-10-28T22:51:03.781789,PUBLISH,e167ca20c43041f6a4367afed220bb1c,68f2d95bd190740cfd6a213e,ENQUEUED,0.2108961101655659,questions_in
2025-10-28T22:51:03.984950,PUBLISH,4dc5a8e418644333b8d3f29cf2f5a7ee,68f2d95bd190740cfd6a40df,ENQUEUED,0.2012040051177383,questions_in
2025-10-28T22:51:04.587866,PUBLISH,ec4d7671ad084c9091d84a663895cc55,68f2d95bd190740cfd6a39e0,ENQUEUED,0.6006288186755985,questions_in
2025-10-28T22:51:05.342513,PUBLISH,a23e769cb049449b8f41c89eb234c513,68f2d95bd190740cfd6a2e52,ENQUEUED,0.7515986172897309,questions_in
2025-10-28T22:51:05.363912,PUBLISH,e7f6c639993a4dc48af99c92193a9df0,68f2d95bd190740cfd6a2d93,ENQUEUED,0.018472329265214606,questions_in
2025-10-28T22:51:05.407378,PUBLISH,be442a0f3da94825bb579b115aa8b4e9,68f2d95bd190740cfd6a369c,ENQUEUED,0.040483074450852814,questions_in
2025-10-28T22:51:05.529534,PUBLISH,046cd03fefa948dd8d7a881ec0ba5563,68f2d95bd190740cfd6a1daf,ENQUEUED,0.11891428538550164,questions_in
2025-10-28T22:51:05.626549,PUBLISH,1968fb7fc27b4484891dace4ded2b7b6,68f2d95bd190740cfd6a3291,ENQUEUED,0.09490483365522318,questions_in
2025-10-28T22:51:05.647524,PUBLISH,dcd7edc01ab04799a8d09bed6ce1249c,68f2d95bd190740cfd6a3c2a,ENQUEUED,0.018336310344912402,questions_in
2025-10-28T22:51:06.049833,PUBLISH,2f468ea4c764497b8d27bffde1f6d806,68f2d95bd190740cfd6a2f57,ENQUEUED,0.39966467558067714,questions_in
2025-10-28T22:51:06.696649,PUBLISH,2aca44e13d6645c281f19c46bbd6addf,68f2d95bd190740cfd6a3d18,ENQUEUED,0.6447002140089139,questions_in
2025-10-28T22:51:07.098807,PUBLISH,8bddf67aed2443d0b0265303beb5cb5f,68f2d95bd190740cfd6a220d,ENQUEUED,0.399568391975494,questions_in
2025-10-28T22:51:07.589451,PUBLISH,6c6a592b470c4e2fa912d79744192ed8,68f2d95bd190740cfd6a3d27,ENQUEUED,0.4887356480310355,questions_in
2025-10-28T22:51:07.757332,PUBLISH,f7205b315eb841899f9fa1d6e15d0fb3,68f2d95bd190740cfd6a1b5e,ENQUEUED,0.1658211489919643,questions_in
2025-10-28T22:51:08.788005,PUBLISH,2b2fd5422783404aa0f90d451d6319ad,68f2d95bd190740cfd6a3189,ENQUEUED,1.023937021431135,questions_in
2025-10-28T22:51:09.402359,PUBLISH,224f51f72fe34b99b5246773dccd72b7,68f2d95bd190740cfd6a1da6,ENQUEUED,0.608958511547319,questions_in
2025-10-28T22:51:09.664786,PUBLISH,8f22f21e16f24ba291fc5c4d2306f454,68f2d95bd190740cfd6a37b9,ENQUEUED,0.25922552041977365,questions_in
2025-10-28T22:51:09.974867,PUBLISH,6fbbb3faa0424ad7a943c408ebc17a35,68f2d95bd190740cfd6a3381,ENQUEUED,0.3068436984542449,questions_in
2025-10-28T22:51:11.186535,PUBLISH,65c59a1c128842e4aaa111abe9d87e49,68f2d95bd190740cfd6a201d,ENQUEUED,1.204041858623002,questions_in
2025-10-28T22:51:11.401351,PUBLISH,fd7d5d593eb24e299b6d0047494d2a58,68f2d95bd190740cfd6a2a3c,ENQUEUED,0.2111939865992439,questions_in
2025-10-28T22:51:12.204923,PUBLISH,1ddc99c02a28451a90c3ecd5c73086d3,68f2d95bd190740cfd6a2d93,ENQUEUED,0.800635231499719,questions_in
2025-10-28T22:51:13.430308,PUBLISH,f9bdd2ef62b248ce8022580205aca6c4,68f2d95bd190740cfd6a3c38,ENQUEUED,1.217438576887212,questions_in
2025-10-28T22:51:13.630236,PUBLISH,3fd558fa107c4c8fba9976167eae3e7d,68f2d95bd190740cfd6a29cc,ENQUEUED,0.194315418839894,questions_in
2025-10-28T22:51:14.000213,PUBLISH,a8bf2d7a08104228a4216caf8b8bb9e2,68f2d95bd190740cfd6a2574,ENQUEUED,0.36774756957364735,questions_in
2025-10-28T22:51:14.129803,PUBLISH,99df6de9664b42ceb0003da4a0d95c8d,68f2d95bd190740cfd6a3ec8,ENQUEUED,0.12117906080524941,questions_in
2025-10-28T22:51:14.257216,PUBLISH,e43681c25bf14a43b8a97d55f1269227,68f2d95bd190740cfd6a3c37,ENQUEUED,0.12521731392307336,questions_in
2025-10-28T22:51:14.695004,PUBLISH,5e8aa3a9dd7c48f88e8bc5d40ebcc3ce,68f2d95bd190740cfd6a3af4,ENQUEUED,0.43469262090311767,questions_in
2025-10-28T22:51:15.027740,PUBLISH,ae893863cc514bec8aae3924fe8afbde,68f2d95bd190740cfd6a402d,ENQUEUED,0.3290156119521254,questions_in
2025-10-28T22:51:15.276323,PUBLISH,b0712566b8b2494aa89de4fece89aedc,68f2d95bd190740cfd6a41aa,ENQUEUED,0.24479667892310586,questions_in
2025-10-28T22:51:15.385868,PUBLISH,b36c7c3fbb3c4f4a9a04287e746d3c65,68f2d95bd190740cfd6a366a,ENQUEUED,0.10747277818464211,questions_in
2025-10-28T22:51:16.033201,PUBLISH,3a9b63daf4d04b9b9514d2de17368729,68f2d95bd190740cfd6a1dd8,ENQUEUED,0.6448349135225339,questions_in
2025-10-28T22:51:16.535437,PUBLISH,0fd7381c03fe47f7bc1082376a92a4bf,68f2d95bd190740cfd6a37ce,ENQUEUED,0.5000174464442855,questions_in
2025-10-28T22:51:16.874515,PUBLISH,cd976e0c365c412083a10ff610138fd4,68f2d95bd190740cfd6a3690,ENQUEUED,0.3367040355438861,questions_in
2025-10-28T22:51:17.006511,PUBLISH,b0329c1dc8ed47f6a258fc72f3d10ad2,68f2d95bd190740cfd6a2864,ENQUEUED,0.12385550377832298,questions_in
2025-10-28T22:51:17.371981,PUBLISH,71c4a206567142d7ac5fe75137f29e38,68f2d95bd190740cfd6a2b2f,ENQUEUED,0.36271487185309986,questions_in
2025-10-28T22:51:19.706743,PUBLISH,d0c9cebfc0fa4a69aaed2d14a34cf0e6,68f2d95bd190740cfd6a29e8,ENQUEUED,2.3304282130031795,questions_in
2025-10-28T22:51:20.715888,PUBLISH,b6709f64a26c43d8b21379951531edaf,68f2d95bd190740cfd6a2382,ENQUEUED,1.0061604927206371,questions_in
2025-10-28T22:51:20.912883,PUBLISH,e216e9b4277f45819344ce94870b6cfc,68f2d95bd190740cfd6a2ae2,ENQUEUED,0.19500480014533716,questions_in
2025-10-28T22:51:21.389598,PUBLISH,1a4c3d30b62741e69339e117d37a7b08,68f2d95bd190740cfd6a2f1f,ENQUEUED,0.4736712775630377,questions_in
2025-10-28T22:51:21.489105,PUBLISH,9aa31b9bc2a849189a7a7be63c228e11,68f2d95bd190740cfd6a3a1f,ENQUEUED,0.09662269037849826,questions_in
2025-10-28T22:51:21.655177,PUBLISH,9b89c172d82f445794ebd9fb57d05308,68f2d95bd190740cfd6a1f0f,ENQUEUED,0.1631167820742974,questions_in
2025-10-28T22:51:21.852165,PUBLISH,e81137f83fb84b14a01126b9e96aa9c1,68f2d95bd190740cfd6a3ee4,ENQUEUED,0.19390188522637372,questions_in
2025-10-28T22:51:22.311533,PUBLISH,1e413275fee34ccea61dfa6176efa29d,68f2d95bd190740cfd6a3964,ENQUEUED,0.4561475090310049,questions_in
2025-10-28T22:51:22.874533,PUBLISH,8ffa3ec1cf1544978c394c30d7117698,68f2d95bd190740cfd6a2872,ENQUEUED,0.5593759412001896,questions_in
2025-10-28T22:51:23.760584,PUBLISH,3640e063759042d8a97cc697fb049a8a,68f2d95bd190740cfd6a32cc,ENQUEUED,0.882523554887977,questions_in
2025-10-28T22:51:24.034718,PUBLISH,14708e7f840849b796107b2aa6c0b342,68f2d95bd190740cfd6a2180,ENQUEUED,0.2718496038489489,questions_in
2025-10-28T22:51:24.969777,PUBLISH,517c28f845f84c56a3d80ad930d87804,68f2d95bd190740cfd6a2733,ENQUEUED,0.9323310580412626,questions_in
2025-10-28T22:51:25.935023,PUBLISH,2898f0a586b9482cb2a55ceda4fd7382,68f2d95bd190740cfd6a2a4f,ENQUEUED,0.9619097403303084,questions_in
2025-10-28T22:51:26.577208,PUBLISH,f5c5b4a9cb334927b445e0449d612d0a,68f2d95bd190740cfd6a40d2,ENQUEUED,0.6398177498266141,questions_in
2025-10-28T22:51:27.595279,PUBLISH,eebc69abfd104b598e6525965a861de8,68f2d95bd190740cfd6a2823,ENQUEUED,1.0162823132230485,questions_in
2025-10-28T22:51:27.760288,PUBLISH,05a88cc7b28e4836850b2119178c3889,68f2d95bd190740cfd6a21f9,ENQUEUED,0.16275252809461518,questions_in
2025-10-28T22:51:30.491231,PUBLISH,e3764c27121442329fbea4b5fd70c5d4,68f2d95bd190740cfd6a3ce5,ENQUEUED,2.7251933185970874,questions_in
2025-10-28T22:51:30.717179,PUBLISH,329ba8d3471e4eeda3c426a362759d1a,68f2d95bd190740cfd6a314c,ENQUEUED,0.22385302177080857,questions_in
2025-10-28T22:51:31.280388,PUBLISH,79d2b59daaba4efab5d267b9fa421ecc,68f2d95bd190740cfd6a33a6,ENQUEUED,0.5606636062393376,questions_in
2025-10-28T22:51:31.332411,PUBLISH,bc69837fe51e4f91bac3ee0be8f8c71e,68f2d95bd190740cfd6a27f9,ENQUEUED,0.049178074606098736,questions_in
2025-10-28T22:51:31.558392,PUBLISH,e5367c91456d4d48904691bf3806e8a6,68f2d95bd190740cfd6a2b9b,ENQUEUED,0.22167031925743527,questions_in
2025-10-28T22:51:33.096436,PUBLISH,a3b3239c7dfa43209abaaccbec3acbc8,68f2d95bd190740cfd6a3f2c,ENQUEUED,1.531629778118034,questions_in
2025-10-28T22:51:33.228566,PUBLISH,5f9dd392ec304acb857a22b9bbd5dd3d,68f2d95bd190740cfd6a2d10,ENQUEUED,0.1285783139686261,questions_in
2025-10-28T22:51:33.596177,PUBLISH,809cc64578f84504aa77cbc429998938,68f2d95bd190740cfd6a3e11,ENQUEUED,0.36166907792161207,questions_in
2025-10-28T22:51:33.781003,PUBLISH,18e2faab1967454d8875a21cdf9d8aec,68f2d95bd190740cfd6a2040,ENQUEUED,0.18224715609321296,questions_in
2025-10-28T22:51:34.526301,PUBLISH,0f50de0b7bea40098990b7bad39da240,68f2d95bd190740cfd6a383e,ENQUEUED,0.7412398438335178,questions_in
2025-10-28T22:51:36.284556,PUBLISH,8e9a74a4c8214863b56339f8d4ce4eb8,68f2d95bd190740cfd6a40b6,ENQUEUED,1.7539468237813087,questions_in
2025-10-28T22:51:38.131979,PUBLISH,85afa5f40df043f8bde60bee699c0017,68f2d95bd190740cfd6a2b4d,ENQUEUED,1.843925711655783,questions_in
2025-10-28T22:51:38.423441,PUBLISH,0b304b0f7c754d1185f070e280eda28d,68f2d95bd190740cfd6a1dd1,ENQUEUED,0.28843019269352305,questions_in
2025-10-28T22:51:38.924802,PUBLISH,07bda046bbb341b7a95807bff405cad2,68f2d95bd190740cfd6a342d,ENQUEUED,0.4955030084227425,questions_in
2025-10-28T22:51:39.109986,PUBLISH,cf6ee7271adb4e1198fa61dbb5549e89,68f2d95bd190740cfd6a3b7c,ENQUEUED,0.18291740742515994,questions_in
2025-10-28T22:51:39.410744,PUBLISH,020fb62c38074f399d799e356edc133c,68f2d95bd190740cfd6a2400,ENQUEUED,0.29754068941064976,questions_in
2025-10-28T22:51:39.530398,PUBLISH,16e403b5c24f451299b3bfec726a636d,68f2d95bd190740cfd6a3b5f,ENQUEUED,0.11763482417927891,questions_in
2025-10-28T22:51:39.566078,PUBLISH,7f5023dc3762443b8269e8c934f721ff,68f2d95bd190740cfd6a2d62,ENQUEUED,0.033298905160928816,questions_in
2025-10-28T22:51:40.858295,PUBLISH,bc315e80e0f2423b9d10eeccbf1140b7,68f2d95bd190740cfd6a1b92,ENQUEUED,1.2867432835689196,questions_in
2025-10-28T22:51:41.199144,PUBLISH,b664fae80f56430b815f2707c5b47406,68f2d95bd190740cfd6a1d79,ENQUEUED,0.3385598183861634,questions_in
2025-10-28T22:51:45.651693,PUBLISH,95a06f5b5a094f089b342260f111e2e8,68f2d95bd190740cfd6a3700,ENQUEUED,4.44605956055748,questions_in
2025-10-28T22:51:46.516338,PUBLISH,74ea0bb6c6c44b91863d1b72360a3361,68f2d95bd190740cfd6a2545,ENQUEUED,0.8626309265471314,questions_in
2025-10-28T22:51:46.586869,PUBLISH,0b8ee224b6b14615ad53353547c913b3,68f2d95bd190740cfd6a1daa,ENQUEUED,0.06597962273850784,questions_in
2025-10-28T22:51:46.621959,PUBLISH,a0abdc40d3254efe9195fd666ae46268,68f2d95bd190740cfd6a270f,ENQUEUED,0.0310581840361039,questions_in
2025-10-28T22:51:46.914102,PUBLISH,0000af9c81b546fa940afba9fce520a5,68f2d95bd190740cfd6a243b,ENQUEUED,0.29005115426115424,questions_in
2025-10-28T22:51:47.857392,PUBLISH,229c3a563b7b4965af679a56becadf0f,68f2d95bd190740cfd6a3763,ENQUEUED,0.9410670879745354,questions_in
2025-10-28T22:51:47.865232,PUBLISH,3f29dc3e6a6a45a49045ccf508420539,68f2d95bd190740cfd6a3afd,ENQUEUED,0.0059668181216943,questions_in
2025-10-28T22:51:48.325847,PUBLISH,d7d9c39514fd41908f1c29161705038c,68f2d95bd190740cfd6a1e0a,ENQUEUED,0.4517456230815055,questions_in
2025-10-28T22:51:49.188221,PUBLISH,6610b08e1812495e9326fe635efbc847,68f2d95bd190740cfd6a379e,ENQUEUED,0.8593982763421176,questions_in
2025-10-28T22:51:49.583680,PUBLISH,9fec8d332a1f47938e2c41f87f811cb2,68f2d95bd190740cfd6a246e,ENQUEUED,0.3910383517239618,questions_in
2025-10-28T22:51:49.821188,PUBLISH,7e621299a3214a4bbd35450899291d80,68f2d95bd190740cfd6a262a,ENQUEUED,0.23324796937632908,questions_in
2025-10-28T22:51:50.258032,PUBLISH,d3351f6bd7ba4f108bec4a3c0275d630,68f2d95bd190740cfd6a3dd8,ENQUEUED,0.42823634311172953,questions_in
2025-10-28T22:51:51.630346,PUBLISH,486ec41c59e5419bb4fd6e34a3268d38,68f2d95bd190740cfd6a1b52,ENQUEUED,1.3691129053592819,questions_in
2025-10-28T22:51:52.891582,PUBLISH,7247d95366244ec1be8b1d84ad5b0618,68f2d95bd190740cfd6a39d4,ENQUEUED,1.256181017296859,questions_in
2025-10-28T22:51:52.905760,PUBLISH,e1b0afceaf2f4c82939880b13e20e11a,68f2d95bd190740cfd6a24e3,ENQUEUED,0.011429497879394025,questions_in
2025-10-28T22:51:53.312054,PUBLISH,fda9c1ba4180442a96369f9c40febca4,68f2d95bd190740cfd6a22f1,ENQUEUED,0.403342512049446,questions_in
2025-10-28T22:51:53.646086,PUBLISH,ab92c8a361bc480480919e3fa7aba4c5,68f2d95bd190740cfd6a4130,ENQUEUED,0.33096715000728666,questions_in
2025-10-28T22:51:54.905420,PUBLISH,0358f76f29b243b1ac4be734e340f110,68f2d95bd190740cfd6a41ab,ENQUEUED,1.256974734140181,questions_in
2025-10-28T22:51:55.287988,PUBLISH,71735f21f23b44649b97c47e3a9aeebb,68f2d95bd190740cfd6a3921,ENQUEUED,0.3805051587810501,questions_in
2025-10-28T22:51:55.422754,PUBLISH,4e13f7ba7c5b4018afc698be521eae87,68f2d95bd190740cfd6a2116,ENQUEUED,0.1321029782339454,questions_in
2025-10-28T22:51:55.813834,PUBLISH,0367abf23fb142c3ab2d2febc95a8c5a,68f2d95bd190740cfd6a379c,ENQUEUED,0.38864099481446446,questions_in
2025-10-28T22:51:59.317952,PUBLISH,810089f33cf14325aa14ed872436acf3,68f2d95bd190740cfd6a269e,ENQUEUED,3.4975297423017455,questions_in
2025-10-28T22:52:01.809198,PUBLISH,a6676f0798054937b1f5fc1d2725d72b,68f2d95bd190740cfd6a301e,ENQUEUED,2.4813954937416063,questions_in
2025-10-28T22:52:02.837580,PUBLISH,a1f48b6e48f44451b5cb2467e719aeb3,68f2d95bd190740cfd6a3bf2,ENQUEUED,1.0204772515912381,questions_in
2025-10-28T22:52:03.272746,PUBLISH,2e5759300e634df891301dc2abd299c1,68f2d95bd190740cfd6a354e,ENQUEUED,0.426965123373863,questions_in
2025-10-28T22:52:03.354959,PUBLISH,399340948c0f4c04a4971d7cd012e29e,68f2d95bd190740cfd6a2e7f,ENQUEUED,0.08008668420119755,questions_in
2025-10-28T22:52:03.676902,PUBLISH,a9b25afad71e4b299bccbb2c8370c70e,68f2d95bd190740cfd6a2a98,ENQUEUED,0.31546971087939824,questions_in
2025-10-28T22:52:03.966342,PUBLISH,5903a74427f34ec3ac42671e3aaef601,68f2d95bd190740cfd6a22f0,ENQUEUED,0.28372861785352166,questions_in
2025-10-28T22:52:05.363921,PUBLISH,dfaee8d1bf184b6dbf46abf61fba0557,68f2d95bd190740cfd6a3a56,ENQUEUED,1.3899156496936362,questions_in
2025-10-28T22:52:05.775234,PUBLISH,e14fee5c07df4daa970f0dff69d60d54,68f2d95bd190740cfd6a31b6,ENQUEUED,0.40550354651186393,questions_in
2025-10-28T22:52:06.056895,PUBLISH,957f5ced59d84d7b97d0a908e7d3a8e1,68f2d95bd190740cfd6a3e08,ENQUEUED,0.27891020444102405,questions_in
2025-10-28T22:52:07.175177,PUBLISH,aa81e5481ac7497597c3349605b55885,68f2d95bd190740cfd6a3daa,ENQUEUED,1.1112949374212435,questions_in
2025-10-28T22:52:07.759313,PUBLISH,83c664591e304bcfa87042a05c1b9e46,68f2d95bd190740cfd6a3d61,ENQUEUED,0.5823716152626365,questions_in
2025-10-28T22:52:08.278317,PUBLISH,5d31c33eb4ac47da835c12d9483d1a70,68f2d95bd190740cfd6a365a,ENQUEUED,0.5158877714762807,questions_in
2025-10-28T22:52:08.840865,PUBLISH,bb7ec304151947c5bd728a6215d26034,68f2d95bd190740cfd6a3c97,ENQUEUED,0.5539862946095956,questions_in
2025-10-28T22:52:09.976014,PUBLISH,ad36cea7a7694836bdf274b729ea03b9,68f2d95bd190740cfd6a2f3b,ENQUEUED,1.1318865845502033,questions_in
2025-10-28T22:52:10.784291,PUBLISH,39c9356184a14f028219df3a771be580,68f2d95bd190740cfd6a3bbb,ENQUEUED,0.8055223571800222,questions_in
2025-10-28T22:52:12.602219,PUBLISH,9cf66fdc58634e5298f4fe05f8f514d9,68f2d95bd190740cfd6a1b7a,ENQUEUED,1.8136066038432535,questions_in
2025-10-28T22:52:12.792049,PUBLISH,6ac7467138c84651960801eda93ad615,68f2d95bd190740cfd6a311c,ENQUEUED,0.18794239329675766,questions_in
2025-10-28T22:52:13.402602,PUBLISH,7c0a86fd47444971b84f318cebdd133b,68f2d95bd190740cfd6a284f,ENQUEUED,0.6025744799167868,questions_in
2025-10-28T22:52:13.723267,PUBLISH,b13ab7a2c1a24b0c8e31123499f2a135,68f2d95bd190740cfd6a2427,ENQUEUED,0.317810210956523,questions_in
2025-10-28T22:52:13.792038,PUBLISH,8c21bf75208749eaaa73163a06be624c,68f2d95bd190740cfd6a2baa,ENQUEUED,0.06667609552828854,questions_in
2025-10-28T22:52:15.291798,PUBLISH,8351e4a79f4d441684eb0f9c90b562cc,68f2d95bd190740cfd6a353b,ENQUEUED,1.4966874187705559,questions_in
2025-10-28T22:52:16.367343,PUBLISH,56dfdc4e3de548948f41643674a3cb6d,68f2d95bd190740cfd6a2d1c,ENQUEUED,1.0734312853703172,questions_in
2025-10-28T22:52:18.374855,PUBLISH,47acacb9370c4c23b70b7b0e92e4e9e1,68f2d95bd190740cfd6a2279,ENQUEUED,1.9996852256591435,questions_in
2025-10-28T22:52:18.727006,PUBLISH,28522a9d65814da59aff63183dce9bb0,68f2d95bd190740cfd6a3a6a,ENQUEUED,0.3467762352782729,questions_in
2025-10-28T22:52:20.255029,PUBLISH,05022ebb7d254038938aacea15f77491,68f2d95bd190740cfd6a2177,ENQUEUED,1.5247996506072046,questions_in
2025-10-28T22:52:21.205484,PUBLISH,68cb3d1efd754a9b82258fb58bda4c8d,68f2d95bd190740cfd6a3c1a,ENQUEUED,0.9483251802952277,questions_in
2025-10-28T22:52:21.587862,PUBLISH,e4aed57eff264e6793ca3967777d794d,68f2d95bd190740cfd6a3c69,ENQUEUED,0.37974598483291433,questions_in
2025-10-28T22:52:21.756527,PUBLISH,7dc56123a3784865b30b1e785d39d608,68f2d95bd190740cfd6a330d,ENQUEUED,0.16251830844253062,questions_in
2025-10-28T22:52:22.077371,PUBLISH,6b45674aa36e4f409872f717f54dfb3b,68f2d95bd190740cfd6a34f2,ENQUEUED,0.3175644736957897,questions_in
2025-10-28T22:52:22.293571,PUBLISH,3fbdcdc9a49f4c8f8ef3dfea96e15eff,68f2d95bd190740cfd6a26e0,ENQUEUED,0.21349653381881603,questions_in
2025-10-28T22:52:22.631236,PUBLISH,4fed17a2f5284d60a455648e7e97f3e1,68f2d95bd190740cfd6a3ae1,ENQUEUED,0.3331783276969045,questions_in
2025-10-28T22:52:22.755482,PUBLISH,6f4e259c87224be39de6bff137851e10,68f2d95bd190740cfd6a3e20,ENQUEUED,0.12186321149352136,questions_in
2025-10-28T22:52:23.392463,PUBLISH,87638139a8b44ccd9490aa9d9e9549df,68f2d95bd190740cfd6a2bf9,ENQUEUED,0.6344298563995124,questions_in
2025-10-28T22:52:24.870931,PUBLISH,93a478862df341d386c0446221573fd7,68f2d95bd190740cfd6a1b71,ENQUEUED,1.4750689586687218,questions_in
2025-10-28T22:52:25.393776,PUBLISH,64a6697ac0584cabb5491f88d6fa4769,68f2d95bd190740cfd6a3591,ENQUEUED,0.5205855623618104,questions_in
2025-10-28T22:52:26.290308,PUBLISH,1a9cc67fd0ef4a2cb5a97674455c79b2,68f2d95bd190740cfd6a4186,ENQUEUED,0.8909639500393419,questions_in
2025-10-28T22:52:27.305453,PUBLISH,013bff7c17264bad934a2f606b4ab909,68f2d95bd190740cfd6a36db,ENQUEUED,1.0127678212364069,questions_in
2025-10-28T22:52:28.547538,PUBLISH,f3a86049b3a84c909a52f1f31b4d9d54,68f2d95bd190740cfd6a3aab,ENQUEUED,1.239552272710533,questions_in
2025-10-28T22:52:31.060226,PUBLISH,33226c03f4d54b72a957a867f012bc47,68f2d95bd190740cfd6a39b2,ENQUEUED,2.5083471033072646,questions_in
2025-10-28T22:52:32.622473,PUBLISH,df597bd83f01412997c1af12db379ffb,68f2d95bd190740cfd6a2f55,ENQUEUED,1.5594240867522593,questions_in
2025-10-28T22:52:32.980530,PUBLISH,c8b9c8a0b4e94e4fb7c6082510efde18,68f2d95bd190740cfd6a4178,ENQUEUED,0.3541928010383648,questions_in
2025-10-28T22:52:33.818169,PUBLISH,176587dea00346fd8d84e6dedb5aee9a,68f2d95bd190740cfd6a30eb,ENQUEUED,0.834527420507963,questions_in
2025-10-28T22:52:33.913340,PUBLISH,7bc647d468e14407825b6fb8a2002e43,68f2d95bd190740cfd6a22a2,ENQUEUED,0.08990113216044499,questions_in
2025-10-28T22:52:35.085695,PUBLISH,d7e1b65a0a8d42ac8628733cee77c2e3,68f2d95bd190740cfd6a3072,ENQUEUED,1.1657067652838464,questions_in
2025-10-28T22:52:36.028174,PUBLISH,8757984d7f6e425a93cfa160f4936721,68f2d95bd190740cfd6a1d67,ENQUEUED,0.939073344240212,questions_in
2025-10-28T22:52:36.481790,PUBLISH,e6a7df97e7b64ef9a48864e9f11d21be,68f2d95bd190740cfd6a3d94,ENQUEUED,0.45028071709817374,questions_in
2025-10-28T22:52:37.197026,PUBLISH,673d64c504024cc59efbaa0022e09054,68f2d95bd190740cfd6a3a3e,ENQUEUED,0.7110347604122097,questions_in
2025-10-28T22:52:38.590430,PUBLISH,600e137b657b4581a8cfb39c23ed706d,68f2d95bd190740cfd6a3eda,ENQUEUED,1.3858553248503245,questions_in
2025-10-28T22:52:39.024318,PUBLISH,feb7230748674dda890bf3438cbbcf07,68f2d95bd190740cfd6a30e0,ENQUEUED,0.4320420909950115,questions_in
2025-10-28T22:52:39.901162,PUBLISH,530d0ad4cba14e96b6ca29da9b32509a,68f2d95bd190740cfd6a2b7d,ENQUEUED,0.8742986394661765,questions_in
2025-10-28T22:52:40.264309,PUBLISH,628a09dbb38a49d8a8be84d04faa3c40,68f2d95bd190740cfd6a1cb0,ENQUEUED,0.36003343551017103,questions_in
2025-10-28T22:52:40.354313,PUBLISH,9a0668529fa3471cba1818d37328bef6,68f2d95bd190740cfd6a2374,ENQUEUED,0.08380060536252283,questions_in
2025-10-28T22:52:40.537921,PUBLISH,11d3b950afd44f28918cfb18c3a2077d,68f2d95bd190740cfd6a1ae2,ENQUEUED,0.18095058061946315,questions_in
2025-10-28T22:52:40.716568,PUBLISH,543bb3d0339144fd832a8bc6bb5392f0,68f2d95bd190740cfd6a336c,ENQUEUED,0.17657163381332,questions_in
2025-10-28T22:52:41.046498,PUBLISH,bb5a789562384d49b522a378cd4afdf8,68f2d95bd190740cfd6a21cf,ENQUEUED,0.3276517955187534,questions_in
2025-10-28T22:52:41.243912,PUBLISH,6d224f9d03f2478786568d64378dab83,68f2d95bd190740cfd6a2e65,ENQUEUED,0.19433419199565236,questions_in
2025-10-28T22:52:42.488253,PUBLISH,e21d34ba50e649b99ef4b725f2ca6721,68f2d95bd190740cfd6a41b7,ENQUEUED,1.2359515944643673,questions_in
2025-10-28T22:52:44.286528,PUBLISH,2d48c691ebf24a258d622a93e1d70a20,68f2d95bd190740cfd6a3c61,ENQUEUED,1.7881621551239648,questions_in
2025-10-28T22:52:44.661127,PUBLISH,c30e8dd9756b4be79b5ad78acd286b35,68f2d95bd190740cfd6a2d81,ENQUEUED,0.3696562249474618,questions_in
2025-10-28T22:52:45.921397,PUBLISH,fbf67d6c33c64f049f3bce387651bbc1,68f2d95bd190740cfd6a2bc5,ENQUEUED,1.2534797976584253,questions_in
2025-10-28T22:52:46.363525,PUBLISH,5f691e21a9eb4322ab727f790173aa32,68f2d95bd190740cfd6a21e0,ENQUEUED,0.43902273593955193,questions_in
2025-10-28T22:52:46.375562,PUBLISH,ba97b74c9b9e4dbba2c53a642ca64f6d,68f2d95bd190740cfd6a35b4,ENQUEUED,0.00922360432895687,questions_in
2025-10-28T22:52:47.761609,PUBLISH,cf9413704f4e4b269017a495b3b25d0e,68f2d95bd190740cfd6a1d74,ENQUEUED,1.3835713000695193,questions_in
2025-10-28T22:52:47.860423,PUBLISH,8e40a8c9c52b4f2eba2ea9762a7a78aa,68f2d95bd190740cfd6a2272,ENQUEUED,0.09672511648569289,questions_in
2025-10-28T22:52:49.549466,PUBLISH,6c791a5813ac41b28018513af3ea764d,68f2d95bd190740cfd6a34e9,ENQUEUED,1.6860241461448775,questions_in
2025-10-28T22:52:51.194447,PUBLISH,eedd8da82dd449f9b8036531c68d72ec,68f2d95bd190740cfd6a3679,ENQUEUED,1.6422609248093527,questions_in
2025-10-28T22:52:51.410956,PUBLISH,a73e76ed81744248b50a2d07d5ff7908,68f2d95bd190740cfd6a3636,ENQUEUED,0.20959447281411134,questions_in
2025-10-28T22:52:51.763813,PUBLISH,362b2123088f4ec3a7baae398da1f06d,68f2d95bd190740cfd6a27f1,ENQUEUED,0.34155735741821475,questions_in
2025-10-28T22:52:51.954331,PUBLISH,edfb71c38b0048d1891701d62d00a88d,68f2d95bd190740cfd6a1e1b,ENQUEUED,0.1871879800523706,questions_in
2025-10-28T22:52:52.297606,PUBLISH,97180f584cf0414e8c7ec3bc919d5c65,68f2d95bd190740cfd6a3a8e,ENQUEUED,0.3316544304724346,questions_in
2025-10-28T22:52:53.027587,PUBLISH,89f6d853309e4ccf8e7d8e19e3d8eb21,68f2d95bd190740cfd6a1e75,ENQUEUED,0.7258723589318973,questions_in
2025-10-28T22:52:53.908517,PUBLISH,f1014229abc64093b55d0265a5ff7e87,68f2d95bd190740cfd6a4183,ENQUEUED,0.8769979289883413,questions_in
2025-10-28T22:52:53.931169,PUBLISH,adc29cd971064df0a07790cf6942484f,68f2d95bd190740cfd6a40c9,ENQUEUED,0.02075234561505297,questions_in
2025-10-28T22:52:54.830217,PUBLISH,a230112fd4d94c058a62cc7970e9e05d,68f2d95bd190740cfd6a1b81,ENQUEUED,0.8949810854551273,questions_in
2025-10-28T22:52:55.074477,PUBLISH,11efff08965b482aa0411469349b7231,68f2d95bd190740cfd6a2fd9,ENQUEUED,0.2400454093317037,questions_in
2025-10-28T22:52:55.870453,PUBLISH,b2aeba58350d4877bb01b28f724698d3,68f2d95bd190740cfd6a3796,ENQUEUED,0.7933798912266883,questions_in
2025-10-28T22:52:56.325266,PUBLISH,2989e84ade9c4f82b3b3ebe559cec9c8,68f2d95bd190740cfd6a2abb,ENQUEUED,0.4526884596362439,questions_in
2025-10-28T22:52:56.553191,PUBLISH,06bcffd2d8aa44e6b3f336972d097824,68f2d95bd190740cfd6a35d8,ENQUEUED,0.21868231684238879,questions_in
2025-10-28T22:52:56.711186,PUBLISH,e6606c0bfe194b5d81b81dfc879e5637,68f2d95bd190740cfd6a31f2,ENQUEUED,0.15195738797354372,questions_in
2025-10-28T22:52:57.179830,PUBLISH,a6086d57f94c4bcea7327ffaca61cecc,68f2d95bd190740cfd6a1b41,ENQUEUED,0.46155847691853064,questions_in
2025-10-28T22:52:58.612448,PUBLISH,ab27ef12d24f4e2c825df8a3d6cdec1e,68f2d95bd190740cfd6a290f,ENQUEUED,1.4294951377503236,questions_in
2025-10-28T22:52:59.547860,PUBLISH,7c36fc508da74c36a82e62a25fe4a47e,68f2d95bd190740cfd6a41c7,ENQUEUED,0.9323741134944118,questions_in
2025-10-28T22:52:59.860517,PUBLISH,f04bf3b946814e7e86d7452ff812757c,68f2d95bd190740cfd6a20ae,ENQUEUED,0.3104068619586274,questions_in
2025-10-28T22:52:59.889890,PUBLISH,75f40927d0854f51a14aef4840823dec,68f2d95bd190740cfd6a1d11,ENQUEUED,0.026272612501662254,questions_in
2025-10-28T22:53:01.798056,PUBLISH,1fce8d1179004a1f80053383767ff56f,68f2d95bd190740cfd6a3e20,ENQUEUED,1.9039716456598237,questions_in
2025-10-28T22:53:01.984950,PUBLISH,bd8b34253bfe405c84cbbb6aa0e1a55b,68f2d95bd190740cfd6a2787,ENQUEUED,0.17992128976096464,questions_in
2025-10-28T22:53:02.119735,PUBLISH,c57cbe836de343d981040902560322b4,68f2d95bd190740cfd6a2516,ENQUEUED,0.13253766955065835,questions_in
2025-10-28T22:53:02.397764,PUBLISH,e5726f8f0dc7456382d816ba87d807a7,68f2d95bd190740cfd6a26ff,ENQUEUED,0.27562272927689846,questions_in
2025-10-28T22:53:02.827099,PUBLISH,6c569fe6c9be4bc5bd483d38e0bd72b2,68f2d95bd190740cfd6a1ee8,ENQUEUED,0.4263146802589357,questions_in
2025-10-28T22:53:02.907464,PUBLISH,3a3b9558a9454da9a7ecc47a82b0316e,68f2d95bd190740cfd6a233e,ENQUEUED,0.07723907545770732,questions_in
2025-10-28T22:53:03.641220,PUBLISH,c2785a70a57b45da9c21972ac026eccc,68f2d95bd190740cfd6a25ea,ENQUEUED,0.7292916723098339,questions_in
2025-10-28T22:53:04.134121,PUBLISH,0a516668ad494319893f789166535fe8,68f2d95bd190740cfd6a3bc8,ENQUEUED,0.49081946936760645,questions_in
2025-10-28T22:53:04.514504,PUBLISH,6128b7e324144b6aa2ccc648578128bf,68f2d95bd190740cfd6a1dea,ENQUEUED,0.37786712570758324,questions_in
2025-10-28T22:53:05.802169,PUBLISH,264b927e7d284cd9b91d3395601d4c41,68f2d95bd190740cfd6a3a64,ENQUEUED,1.2850045619784662,questions_in
2025-10-28T22:53:09.154485,PUBLISH,6a360bd070b44775bcee33476e139261,68f2d95bd190740cfd6a2228,ENQUEUED,3.34683635542043,questions_in
2025-10-28T22:53:09.927608,PUBLISH,1c539faffbe1472d97020b4c86103f4a,68f2d95bd190740cfd6a38e1,ENQUEUED,0.7709799484444443,questions_in
2025-10-28T22:53:09.999733,PUBLISH,1c93bfb12f244bdfbcf03e580d868940,68f2d95bd190740cfd6a256c,ENQUEUED,0.06917252303018692,questions_in
2025-10-28T22:53:10.759314,PUBLISH,7533ff3bf22444d5bf60b58ea2e24e43,68f2d95bd190740cfd6a391d,ENQUEUED,0.7562809421220381,questions_in
2025-10-28T22:53:11.799941,PUBLISH,0b9af5e1cdf747548b57f2a29b420cfe,68f2d95bd190740cfd6a1f77,ENQUEUED,1.0369323729778306,questions_in
2025-10-28T22:53:11.936491,PUBLISH,296be3de671641c9b690a0977ac39c86,68f2d95bd190740cfd6a1ed7,ENQUEUED,0.13227690455946223,questions_in
2025-10-28T22:53:12.890425,PUBLISH,fcb520ec9f034b789bc71b5bcb486e3e,68f2d95bd190740cfd6a3b2d,ENQUEUED,0.9508843445126395,questions_in
2025-10-28T22:53:14.672718,PUBLISH,0b95f67ef3784b209d17bc2d5eecc8a0,68f2d95bd190740cfd6a24ea,ENQUEUED,1.7793669426766472,questions_in
2025-10-28T22:53:14.688695,PUBLISH,97f7e078512c4b9eb5f5aa529cd1d534,68f2d95bd190740cfd6a2cf5,ENQUEUED,0.013296876846955642,questions_in
2025-10-28T22:53:15.442000,PUBLISH,27cd346632e64c23b0b5ef1b183e2658,68f2d95bd190740cfd6a2429,ENQUEUED,0.7466836822108567,questions_in
2025-10-28T22:53:15.618043,PUBLISH,eea70c26f70140b1947ab43205d3b1ee,68f2d95bd190740cfd6a36f0,ENQUEUED,0.17256072528122635,questions_in
2025-10-28T22:53:15.938639,PUBLISH,82fc97939d10415dbcf26c04a59a235a,68f2d95bd190740cfd6a2407,ENQUEUED,0.3183761749722614,questions_in
2025-10-28T22:53:16.004049,PUBLISH,d5cfe70707a64a2a983f9d6e3da9def8,68f2d95bd190740cfd6a37e3,ENQUEUED,0.06089391971220765,questions_in
2025-10-28T22:53:16.549002,PUBLISH,e258226f6bf34e92b6e16d2790f9a89b,68f2d95bd190740cfd6a3ab7,ENQUEUED,0.5391255771946316,questions_in
2025-10-28T22:53:17.477574,PUBLISH,d778ee3e43eb4cfc8e1116592846d990,68f2d95bd190740cfd6a3b92,ENQUEUED,0.9257297679275248,questions_in
2025-10-28T22:53:18.819267,PUBLISH,f30d37477eb44b2a99853c95e056e8bd,68f2d95bd190740cfd6a26ac,ENQUEUED,1.3380427773285586,questions_in
2025-10-28T22:53:19.353208,PUBLISH,f42cf9b185634b7597d5f6164911b2ea,68f2d95bd190740cfd6a3ccc,ENQUEUED,0.5286336006260226,questions_in
2025-10-28T22:53:19.397105,PUBLISH,7bbc1a919e084f9cb488c27e472df336,68f2d95bd190740cfd6a3273,ENQUEUED,0.04181062508509111,questions_in
2025-10-28T22:53:19.539917,PUBLISH,03f6ec292cf14622a6fd8ed6df0bf6dc,68f2d95bd190740cfd6a3375,ENQUEUED,0.13684359835821225,questions_in
2025-10-28T22:53:20.345003,PUBLISH,0c5ad465b238458383bf7d8da685ed58,68f2d95bd190740cfd6a3bd6,ENQUEUED,0.8024653753042031,questions_in
2025-10-28T22:53:21.272556,PUBLISH,6159455aef4a433f874b47cbc1e16fb9,68f2d95bd190740cfd6a239c,ENQUEUED,0.9255724856731545,questions_in
2025-10-28T22:53:22.103075,PUBLISH,0403e6ee97fd408c819f3fcf6162ce88,68f2d95bd190740cfd6a3627,ENQUEUED,0.8210944027744705,questions_in
2025-10-28T22:53:22.448907,PUBLISH,3a153895907b49ec954953761694bf91,68f2d95bd190740cfd6a249f,ENQUEUED,0.34236144949519964,questions_in
2025-10-28T22:53:23.775265,PUBLISH,d002cefefde749e58d3ca2f7b772b387,68f2d95bd190740cfd6a39e3,ENQUEUED,1.32378664356099,questions_in
2025-10-28T22:53:23.807514,PUBLISH,d83a34bce64b431f952fdc6d1b22d119,68f2d95bd190740cfd6a3f5a,ENQUEUED,0.03042982844964168,questions_in
2025-10-28T22:53:24.611967,PUBLISH,0d76ccd59310411d82c57cbac2517a43,68f2d95bd190740cfd6a2e63,ENQUEUED,0.8003691169155102,questions_in
2025-10-28T22:53:25.044596,PUBLISH,b9764842458f444dacb79f2f3b19c67c,68f2d95bd190740cfd6a2038,ENQUEUED,0.4299405394743671,questions_in
2025-10-28T22:53:25.375160,PUBLISH,b449bef6bae6416abc1cd5b35f579c21,68f2d95bd190740cfd6a1df7,ENQUEUED,0.32835192578995165,questions_in
2025-10-28T22:53:27.886431,PUBLISH,e7f8c7044cb84052917bbf5bc3abec64,68f2d95bd190740cfd6a1f21,ENQUEUED,2.5052872547769285,questions_in
2025-10-28T22:53:28.012782,PUBLISH,d0e39067be6845d183cc0d12b0b64375,68f2d95bd190740cfd6a2cba,ENQUEUED,0.12232706359535468,questions_in
2025-10-28T22:53:28.030139,PUBLISH,2605847b5a0b42cfb6bb16a07b6286ae,68f2d95bd190740cfd6a2e0e,ENQUEUED,0.015477524708182026,questions_in
2025-10-28T22:53:29.501656,PUBLISH,10e8ec8f522b431ba6c59de5345d0ca9,68f2d95bd190740cfd6a357d,ENQUEUED,1.4680397917431245,questions_in
2025-10-28T22:53:32.601843,PUBLISH,4a701b8fd7034a9ea489bfbb8a336b76,68f2d95bd190740cfd6a3900,ENQUEUED,3.0941907275998743,questions_in
2025-10-28T22:53:33.771757,PUBLISH,b99d143465724b11bb87f72477b887fd,68f2d95bd190740cfd6a226d,ENQUEUED,1.166939942093826,questions_in
2025-10-28T22:53:34.553472,PUBLISH,2babf193085949848d3030a76c590642,68f2d95bd190740cfd6a307c,ENQUEUED,0.7764671835359027,questions_in
2025-10-28T22:53:34.567914,PUBLISH,55a5003784de469bbce0283865dfd928,68f2d95bd190740cfd6a1e9f,ENQUEUED,0.010774591206470207,questions_in
2025-10-28T22:53:34.881341,PUBLISH,19258236dae44f498ba7ae25de288901,68f2d95bd190740cfd6a3cf8,ENQUEUED,0.31039579562939223,questions_in
2025-10-28T22:53:35.451166,PUBLISH,f592f6753cd2453495971063d975e57e,68f2d95bd190740cfd6a2008,ENQUEUED,0.5671043292016581,questions_in
2025-10-28T22:53:35.907558,PUBLISH,da973f6a738747b6a68c466261d22c43,68f2d95bd190740cfd6a2802,ENQUEUED,0.453725030435084,questions_in
2025-10-28T22:53:37.374492,PUBLISH,b62ab75bcafe4b9082dd627aa1c64ea7,68f2d95bd190740cfd6a3ec4,ENQUEUED,1.4641936364306856,questions_in
2025-10-28T22:53:37.850389,PUBLISH,09367c6a797e4363bacbfaf32c3a00d8,68f2d95bd190740cfd6a1e69,ENQUEUED,0.47368010094650215,questions_in
2025-10-28T22:53:38.118945,PUBLISH,7cc9c5db89e54c40bbecfab8b3ea4b27,68f2d95bd190740cfd6a3d7e,ENQUEUED,0.2631827505617434,questions_in
2025-10-28T22:53:38.635815,PUBLISH,05981951e7df48cfb8eace287a2c05e0,68f2d95bd190740cfd6a340f,ENQUEUED,0.5137392717856558,questions_in
2025-10-28T22:53:40.121392,PUBLISH,cdd0f66ae99d49ef9b9a0c4c21388128,68f2d95bd190740cfd6a3cbf,ENQUEUED,1.4829353924494055,questions_in
2025-10-28T22:53:41.707012,PUBLISH,56cdeb32a3df4419a163a8c8630eb5cb,68f2d95bd190740cfd6a2e7f,ENQUEUED,1.578154393726126,questions_in
2025-10-28T22:53:42.922034,PUBLISH,582397c787d84a8990e060ff4431c2d6,68f2d95bd190740cfd6a4136,ENQUEUED,1.2112692446006583,questions_in
2025-10-28T22:53:43.253360,PUBLISH,de4dd114475848d3894deece1ee8c566,68f2d95bd190740cfd6a20da,ENQUEUED,0.323433280703942,questions_in
2025-10-28T22:53:43.722261,PUBLISH,777e2c65e3c147a1b8f0b509dca94c69,68f2d95bd190740cfd6a3ef1,ENQUEUED,0.4623978199196886,questions_in
2025-10-28T22:53:44.240679,PUBLISH,9a80162cd3c045168459ab5dc6ad200f,68f2d95bd190740cfd6a418e,ENQUEUED,0.5086716315464644,questions_in
2025-10-28T22:53:44.951959,PUBLISH,a7fc789031f24c9bbf4c2fe38ccfacb9,68f2d95bd190740cfd6a3c61,ENQUEUED,0.7066387578463197,questions_in
2025-10-28T22:53:46.013598,PUBLISH,584f54c1aa1c4546b8341aa5af6e4a2b,68f2d95bd190740cfd6a2e89,ENQUEUED,1.0552109364064421,questions_in
2025-10-28T22:53:46.272150,PUBLISH,0fdf2bf28cae48c6a162e5559e2057fa,68f2d95bd190740cfd6a21e9,ENQUEUED,0.25317436939652116,questions_in
2025-10-28T22:53:47.018904,PUBLISH,0f798612771649be8f8df58d3d1840e1,68f2d95bd190740cfd6a3d63,ENQUEUED,0.7432109678458191,questions_in
2025-10-28T22:53:47.718262,PUBLISH,011bb0524b0a49dead0e0b883ab5a4f4,68f2d95bd190740cfd6a347b,ENQUEUED,0.6974243260220336,questions_in
2025-10-28T22:53:47.804348,PUBLISH,de73cd1bb2e04de680e0b11c2efd57c0,68f2d95bd190740cfd6a2fc4,ENQUEUED,0.08418885346882098,questions_in
2025-10-28T22:53:48.170254,PUBLISH,d961fd10e314429aa3e3b38d609e44cd,68f2d95bd190740cfd6a1d46,ENQUEUED,0.3638029733691614,questions_in
2025-10-28T22:53:49.084425,PUBLISH,dcb843dd659d4818981fb96b8aec848a,68f2d95bd190740cfd6a1fd5,ENQUEUED,0.9120229053704295,questions_in
2025-10-28T22:53:49.342946,PUBLISH,82316863c51e488fa1008df892e9b03c,68f2d95bd190740cfd6a3826,ENQUEUED,0.25636534806785766,questions_in
2025-10-28T22:53:50.429771,PUBLISH,5c6989e0bef543c7b6b4575614e59d41,68f2d95bd190740cfd6a3866,ENQUEUED,1.079407352377768,questions_in
2025-10-28T22:53:51.204880,PUBLISH,62090ed2655f451cbfe4ccf21156e000,68f2d95bd190740cfd6a384e,ENQUEUED,0.7724951541786726,questions_in
2025-10-28T22:53:51.868710,PUBLISH,4d90c3a4341d4f56b71a42c4ffbfe662,68f2d95bd190740cfd6a1bc4,ENQUEUED,0.6570514774700914,questions_in
2025-10-28T22:53:54.657402,PUBLISH,38d0416ed6a24875b7224638f58d831c,68f2d95bd190740cfd6a404a,ENQUEUED,2.783955224864686,questions_in
2025-10-28T22:53:55.420486,PUBLISH,645f76c280664f2a9aeec48297c521eb,68f2d95bd190740cfd6a1d2b,ENQUEUED,0.7593277243883048,questions_in
2025-10-28T22:53:55.758184,PUBLISH,a17c14d5064340bc9b7609b30f2f97e2,68f2d95bd190740cfd6a25b2,ENQUEUED,0.3349653585096974,questions_in
2025-10-28T22:53:56.971723,PUBLISH,2b17db410983456b96f1092f26836bae,68f2d95bd190740cfd6a3617,ENQUEUED,1.2104090772217841,questions_in
2025-10-28T22:53:59.130680,PUBLISH,9e2e7abf7d74499bbcb0ae7a1451d54c,68f2d95bd190740cfd6a327d,ENQUEUED,2.147364492077422,questions_in
2025-10-28T22:53:59.631703,PUBLISH,193b517a24ae4ab2a3fecd927caa427b,68f2d95bd190740cfd6a200b,ENQUEUED,0.49631321415600277,questions_in
2025-10-28T22:53:59.947835,PUBLISH,7a5b591ed09a42e7b64b03004ab36064,68f2d95bd190740cfd6a28f4,ENQUEUED,0.30428822128728505,questions_in
2025-10-28T22:54:00.702834,PUBLISH,484bfb2953404dc0951cb5b64f66be89,68f2d95bd190740cfd6a2d26,ENQUEUED,0.7497188230277954,questions_in
2025-10-28T22:54:01.084753,PUBLISH,a5f0963e07d1458ead3a72743e00c73e,68f2d95bd190740cfd6a20fd,ENQUEUED,0.3799614525421791,questions_in
2025-10-28T22:54:01.269178,PUBLISH,0b47d2b298ca4527884a4c770424462d,68f2d95bd190740cfd6a2928,ENQUEUED,0.1828464296419737,questions_in
2025-10-28T22:54:02.227009,PUBLISH,66eac28241e7495fb203cf482e3def2b,68f2d95bd190740cfd6a253b,ENQUEUED,0.9516604384260038,questions_in
2025-10-28T22:54:04.073737,PUBLISH,e20a21c7188d45a1b5d8dfdf73762c70,68f2d95bd190740cfd6a1ee5,ENQUEUED,1.8428928878382889,questions_in
2025-10-28T22:54:05.466299,PUBLISH,0b0af35406e9461ebcf4d5d4a579e28e,68f2d95bd190740cfd6a38a1,ENQUEUED,1.3902428100010598,questions_in
2025-10-28T22:54:05.587370,PUBLISH,ed702bbe7a8446f2ac64982d6671633c,68f2d95bd190740cfd6a2fc1,ENQUEUED,0.11527451182780905,questions_in
2025-10-28T22:54:05.972865,PUBLISH,bdef9ff3604b41ee8015b357326bc7c0,68f2d95bd190740cfd6a25e8,ENQUEUED,0.3829517505657308,questions_in
2025-10-28T22:54:07.344777,PUBLISH,b453e9a1e13b474297e237b2f726a403,68f2d95bd190740cfd6a2dfb,ENQUEUED,1.369089507925877,questions_in
2025-10-28T22:54:07.866323,PUBLISH,5feaa4f2c8e742b9a86bac486c4c7c50,68f2d95bd190740cfd6a1cf3,ENQUEUED,0.5192718084709932,questions_in
2025-10-28T22:54:08.278328,PUBLISH,6d8a3fc03804463885de77715985e8b4,68f2d95bd190740cfd6a1d63,ENQUEUED,0.40961739368520184,questions_in
2025-10-28T22:54:08.872341,PUBLISH,35a1168d5a3d45d3a3d3d43f92babe44,68f2d95bd190740cfd6a29e3,ENQUEUED,0.5878454402623873,questions_in
2025-10-28T22:54:09.664456,PUBLISH,55dc3d28f16b4f9ebef255404053e706,68f2d95bd190740cfd6a1e11,ENQUEUED,0.7887065521386654,questions_in
2025-10-28T22:54:10.163493,PUBLISH,b88ca1515770410f97f27c3ca9231cc6,68f2d95bd190740cfd6a2e9f,ENQUEUED,0.49552016905061547,questions_in
2025-10-28T22:54:10.594637,PUBLISH,49dafade7e7b4f77ad287e5b155a8742,68f2d95bd190740cfd6a3e32,ENQUEUED,0.4287134183413764,questions_in
2025-10-28T22:54:10.650434,PUBLISH,426887fd1fe141d8bd9eb5c32bfd23b6,68f2d95bd190740cfd6a30c3,ENQUEUED,0.053422221570458193,questions_in
2025-10-28T22:54:12.702186,PUBLISH,f4bb59a18e1f45ebaeba6cfd21915c63,68f2d95bd190740cfd6a254f,ENQUEUED,2.043804858721706,questions_in
2025-10-28T22:54:12.791578,PUBLISH,0fa5f3a076a54ceb937382198869ff25,68f2d95bd190740cfd6a2286,ENQUEUED,0.08466739224096537,questions_in
2025-10-28T22:54:12.854698,PUBLISH,c3b904808e394ca2965a16b450294d59,68f2d95bd190740cfd6a3186,ENQUEUED,0.0606061327266915,questions_in
2025-10-28T22:54:15.479318,PUBLISH,6382d9cfcf6c4e1ba5f4aced16a1614c,68f2d95bd190740cfd6a1c46,ENQUEUED,2.6155329029874617,questions_in
2025-10-28T22:54:15.517280,PUBLISH,22270d061ad64217903c4a127a3940d7,68f2d95bd190740cfd6a2d9a,ENQUEUED,0.03538022218326404,questions_in
2025-10-28T22:54:17.570044,PUBLISH,deacf85b6c664e87a28b43d4cc724d20,68f2d95bd190740cfd6a22de,ENQUEUED,2.0483978767472975,questions_in
2025-10-28T22:54:17.637162,PUBLISH,0a71b6b7a60d4b15b0f1a1b5cdfc7d39,68f2d95bd190740cfd6a341b,ENQUEUED,0.06313931968218267,questions_in
2025-10-28T22:54:18.019897,PUBLISH,4383c838bdd24111b991926385f31b2b,68f2d95bd190740cfd6a1e58,ENQUEUED,0.38029781499989035,questions_in
2025-10-28T22:54:19.243058,PUBLISH,1a3869581d21466abdea8a8a3e9cb873,68f2d95bd190740cfd6a1c7f,ENQUEUED,1.220103025579339,questions_in
2025-10-28T22:54:19.369317,PUBLISH,497a4544004d49da9a88a88b430a27a3,68f2d95bd190740cfd6a3db7,ENQUEUED,0.12450327188644437,questions_in
2025-10-28T22:54:20.114569,PUBLISH,dcb8486b70a545059f9e207d5b4e86f9,68f2d95bd190740cfd6a1e55,ENQUEUED,0.7425727865779881,questions_in
2025-10-28T22:54:20.510912,PUBLISH,b53dff7e164b4bfa8b50974f43876cd3,68f2d95bd190740cfd6a1b64,ENQUEUED,0.3905550703958276,questions_in
2025-10-28T22:54:21.972005,PUBLISH,62529a20f113452ab437d4647c579b10,68f2d95bd190740cfd6a3591,ENQUEUED,1.4564636509762554,questions_in
2025-10-28T22:54:22.645534,PUBLISH,43fe44dff9e542b6a5fc148401fa9da0,68f2d95bd190740cfd6a3e86,ENQUEUED,0.671239184457059,questions_in
2025-10-28T22:54:23.160492,PUBLISH,f2ea9122a3ed4651848c8f95f7b07611,68f2d95bd190740cfd6a3224,ENQUEUED,0.5083248967176942,questions_in
2025-10-28T22:54:23.576879,PUBLISH,b44ee055ac1f4a31a42e4a927d67a654,68f2d95bd190740cfd6a3a0c,ENQUEUED,0.41339247255551204,questions_in
2025-10-28T22:54:23.794290,PUBLISH,f221a2d481714fb98003a535927c34bd,68f2d95bd190740cfd6a3555,ENQUEUED,0.2152669183633552,questions_in
2025-10-28T22:54:24.838177,PUBLISH,dfd57a3124cd4305b5fcfbd75460adb7,68f2d95bd190740cfd6a30b6,ENQUEUED,1.0400006106446644,questions_in
2025-10-28T22:54:25.036802,PUBLISH,446bfc6174b4491c970de4ce4fed51a2,68f2d95bd190740cfd6a3873,ENQUEUED,0.19473252508815253,questions_in
2025-10-28T22:54:25.764283,PUBLISH,9fd8dd0428a3489190bfe1ec69db39dd,68f2d95bd190740cfd6a241e,ENQUEUED,0.7215386572436379,questions_in
2025-10-28T22:54:25.979445,PUBLISH,82222af8e2494795a7eca39ff044d3d1,68f2d95bd190740cfd6a205a,ENQUEUED,0.21036278191445176,questions_in
2025-10-28T22:54:26.289194,PUBLISH,39e1c1bbf0a54b05a4ecadb1966fc7e2,68f2d95bd190740cfd6a3355,ENQUEUED,0.305193394497241,questions_in
2025-10-28T22:54:26.841077,PUBLISH,32dba33e338245fb9b024fc5bed48ec1,68f2d95bd190740cfd6a4045,ENQUEUED,0.5464970085911921,questions_in
2025-10-28T22:54:27.142501,PUBLISH,c7cde1f612344e4c867d6d309fc7a67a,68f2d95bd190740cfd6a2720,ENQUEUED,0.2994664375610707,questions_in
2025-10-28T22:54:30.740994,PUBLISH,c4e37a70bcf242e49fa846548b783bd6,68f2d95bd190740cfd6a3280,ENQUEUED,3.5926633674557524,questions_in
2025-10-28T22:54:32.108551,PUBLISH,52d8586b33a14b4b8d847aec90ca9a7a,68f2d95bd190740cfd6a2336,ENQUEUED,1.3602684442512125,questions_in
2025-10-28T22:54:32.682473,PUBLISH,e6a8c0506c5544b5808d3f8397f192db,68f2d95bd190740cfd6a3f0e,ENQUEUED,0.570932804479417,questions_in
2025-10-28T22:54:33.095919,PUBLISH,66eccb9e4ee9405cbefe62e8a87b42d5,68f2d95bd190740cfd6a2805,ENQUEUED,0.41140093511580883,questions_in
2025-10-28T22:54:33.382833,PUBLISH,5a7175c68e484b5989a7c0fd675a8c03,68f2d95bd190740cfd6a27a8,ENQUEUED,0.2814053018366542,questions_in
2025-10-28T22:54:34.952651,PUBLISH,94a2021b69284c82ba66a1e15b6fbdc7,68f2d95bd190740cfd6a2688,ENQUEUED,1.564389043325454,questions_in
2025-10-28T22:54:35.000279,PUBLISH,30d3d887b6774b1b92cf1f5896a5bc32,68f2d95bd190740cfd6a3e7b,ENQUEUED,0.04571128066357743,questions_in
2025-10-28T22:54:36.740396,PUBLISH,e5c31186b77144ef823c883aa3e75d53,68f2d95bd190740cfd6a3016,ENQUEUED,1.7346284184300715,questions_in
2025-10-28T22:54:36.790027,PUBLISH,4ccad707bc12446881e942bc28264499,68f2d95bd190740cfd6a3f04,ENQUEUED,0.047290858273758916,questions_in
2025-10-28T22:54:37.491432,PUBLISH,e691dd6342a3459bae7fef8154c5c720,68f2d95bd190740cfd6a3874,ENQUEUED,0.6989786091132553,questions_in
2025-10-28T22:54:37.774197,PUBLISH,46dff64325ba4bd7ad75df621e827346,68f2d95bd190740cfd6a3c9b,ENQUEUED,0.2775550544428458,questions_in
2025-10-28T22:54:37.868941,PUBLISH,48e3e5775a7e466cbd2df20216db9c58,68f2d95bd190740cfd6a2a16,ENQUEUED,0.09101451432142654,questions_in
2025-10-28T22:54:41.464462,PUBLISH,ac845e32e0b74e7d89006600338d85fd,68f2d95bd190740cfd6a3726,ENQUEUED,3.5901804021648958,questions_in
2025-10-28T22:54:41.940037,PUBLISH,1e9b519fb5504d6e8b7a6e674cdcee02,68f2d95bd190740cfd6a3806,ENQUEUED,0.47062794277577374,questions_in
2025-10-28T22:54:42.007491,PUBLISH,18d335bd0efd4385847652ed20c12d33,68f2d95bd190740cfd6a2a60,ENQUEUED,0.06408088195677114,questions_in
2025-10-28T22:54:42.426459,PUBLISH,9f38343fe7034b96bc455791183af188,68f2d95bd190740cfd6a3d82,ENQUEUED,0.41680493916995237,questions_in
2025-10-28T22:54:42.726173,PUBLISH,d1b6310146c34ec7b6fc822528961ba5,68f2d95bd190740cfd6a2da6,ENQUEUED,0.2959489611582314,questions_in
2025-10-28T22:54:44.470031,PUBLISH,a0785047af044622b7d1edd031d44aa7,68f2d95bd190740cfd6a3a25,ENQUEUED,1.7378891499298836,questions_in
2025-10-28T22:54:44.504583,PUBLISH,95b42de2d8934c7c968d0d790992d3a1,68f2d95bd190740cfd6a32a1,ENQUEUED,0.030809400591324365,questions_in
2025-10-28T22:54:45.641606,PUBLISH,b27e53e90e4545ac8a0815cd86de9f47,68f2d95bd190740cfd6a3aa8,ENQUEUED,1.133148854702095,questions_in
2025-10-28T22:54:45.742994,PUBLISH,cc38992b082f4cd98adaa8f42274e362,68f2d95bd190740cfd6a2889,ENQUEUED,0.09921342158657064,questions_in
2025-10-28T22:54:46.193307,PUBLISH,b8b759c384bb4187be3c4d26102b90d9,68f2d95bd190740cfd6a3c5e,ENQUEUED,0.44707992235876687,questions_in
2025-10-28T22:54:46.260387,PUBLISH,c3506af02a17408b83af5bbe2900808a,68f2d95bd190740cfd6a343d,ENQUEUED,0.06452544878276105,questions_in
2025-10-28T22:54:46.267732,PUBLISH,a6e663804461467ca890a522e5e6d38d,68f2d95bd190740cfd6a3a6d,ENQUEUED,0.004041795552908926,questions_in
2025-10-28T22:54:47.714328,PUBLISH,d1c88a4bfd684ccebeaad43118a1e7a1,68f2d95bd190740cfd6a2364,ENQUEUED,1.4433817404382854,questions_in
2025-10-28T22:54:47.928811,PUBLISH,f893fd1209274e37b138f90ef0f24460,68f2d95bd190740cfd6a36c6,ENQUEUED,0.21220612957769716,questions_in
2025-10-28T22:54:48.477342,PUBLISH,de25f77d75924725b31b8f7138ca665b,68f2d95bd190740cfd6a31e3,ENQUEUED,0.5462919700270136,questions_in
2025-10-28T22:54:49.737066,PUBLISH,8f68757744cc4ef08abf358341baa04f,68f2d95bd190740cfd6a1dc6,ENQUEUED,1.2541935813317002,questions_in
2025-10-28T22:54:49.921816,PUBLISH,dde59af816884a3c8474e1fd5e1d937a,68f2d95bd190740cfd6a2c11,ENQUEUED,0.18275060296642234,questions_in
2025-10-28T22:54:51.235849,PUBLISH,d202dbec1d044d83b6a5d5e90cc227f5,68f2d95bd190740cfd6a2762,ENQUEUED,1.3106564718303126,questions_in
2025-10-28T22:54:51.708214,PUBLISH,8aa7c030089d4b548f8a512b5501b167,68f2d95bd190740cfd6a1c70,ENQUEUED,0.47050391724739393,questions_in
2025-10-28T22:54:52.673175,PUBLISH,80bdcb688b464c12a711aaf27ec02b70,68f2d95bd190740cfd6a31d3,ENQUEUED,0.9628891741353659,questions_in
2025-10-28T22:54:52.881069,PUBLISH,0e294417cb704d489390db490e20976b,68f2d95bd190740cfd6a40a4,ENQUEUED,0.2047070525503103,questions_in
2025-10-28T22:54:54.986959,PUBLISH,24862b4df57a4d768a7d864bb0d59891,68f2d95bd190740cfd6a3c47,ENQUEUED,2.101657227653384,questions_in
2025-10-28T22:54:56.873509,PUBLISH,c3e322d48efa4cd0847f253c170df15a,68f2d95bd190740cfd6a32a7,ENQUEUED,1.8831533271641796,questions_in
2025-10-28T22:54:57.086358,PUBLISH,a5d1e86d08da43b9b9025bf5858b2d4d,68f2d95bd190740cfd6a3666,ENQUEUED,0.21035225461462428,questions_in
2025-10-28T22:54:58.456429,PUBLISH,2642bb1a7ca041c5a42c52e31e3d3634,68f2d95bd190740cfd6a4002,ENQUEUED,1.3661440510222906,questions_in
2025-10-28T22:54:58.650015,PUBLISH,d2dbaaeff42643809cb0df69ba5d39d9,68f2d95bd190740cfd6a3703,ENQUEUED,0.19075581387458543,questions_in
2025-10-28T22:54:59.389517,PUBLISH,09a6daa4dda74cc39223fdccb962f186,68f2d95bd190740cfd6a29dd,ENQUEUED,0.7374127577390962,questions_in
2025-10-28T22:55:00.068351,PUBLISH,04bb9ea6f4bb47fd8c06f5d39c870353,68f2d95bd190740cfd6a207b,ENQUEUED,0.6765025978373411,questions_in
2025-10-28T22:55:00.183790,PUBLISH,0079e0be59274b6ba652eddf97f86a2d,68f2d95bd190740cfd6a3c59,ENQUEUED,0.11155642805653178,questions_in
2025-10-28T22:55:00.367732,PUBLISH,05555a6435e24a33bfbc06dc89310d49,68f2d95bd190740cfd6a4097,ENQUEUED,0.18171412264381015,questions_in
2025-10-28T22:55:00.687518,PUBLISH,9ab0e5c450e84ea5af2d8953ef926d0a,68f2d95bd190740cfd6a311d,ENQUEUED,0.3177088053323553,questions_in
2025-10-28T22:55:00.941849,PUBLISH,75f376e7b8d64e549444892edb024969,68f2d95bd190740cfd6a3ea4,ENQUEUED,0.2515389100021531,questions_in
2025-10-28T22:55:01.686223,PUBLISH,0f1f7399e7814841becb00c1d10299ec,68f2d95bd190740cfd6a2451,ENQUEUED,0.7427458016181577,questions_in
2025-10-28T22:55:01.794189,PUBLISH,f5cb3dde02c640e29839c96106dbb646,68f2d95bd190740cfd6a2471,ENQUEUED,0.10632486632382916,questions_in
2025-10-28T22:55:04.226959,PUBLISH,235f192e4b764ebf89b0b4eaff6d4424,68f2d95bd190740cfd6a1ba7,ENQUEUED,2.426185689991637,questions_in
2025-10-28T22:55:05.540491,PUBLISH,cd8f58e7f30f4632a668b60b7a132f3d,68f2d95bd190740cfd6a415c,ENQUEUED,1.311158227003034,questions_in
2025-10-28T22:55:06.539471,PUBLISH,9dacd1477241460b87521563e423e713,68f2d95bd190740cfd6a3017,ENQUEUED,0.9952801240066806,questions_in
2025-10-28T22:55:07.567543,PUBLISH,c456772206da456684558c41ec2f833d,68f2d95bd190740cfd6a1c58,ENQUEUED,1.0228733928252316,questions_in
2025-10-28T22:55:07.590947,PUBLISH,b9c97de3b58248bd8fa37f5b254fa31b,68f2d95bd190740cfd6a3e04,ENQUEUED,0.021314820764990295,questions_in
2025-10-28T22:55:07.616229,PUBLISH,52b61033021f4398b3a2b1673946cba2,68f2d95bd190740cfd6a306e,ENQUEUED,0.023492797147246707,questions_in
2025-10-28T22:55:07.909770,PUBLISH,f5734998532f4e42819e2540c8e22889,68f2d95bd190740cfd6a3553,ENQUEUED,0.291537193355246,questions_in
2025-10-28T22:55:08.422992,PUBLISH,d9acfce6021d4da6a85b844d27179b6a,68f2d95bd190740cfd6a20c1,ENQUEUED,0.5110224691957282,questions_in
2025-10-28T22:55:08.573530,PUBLISH,edb9d2e4250c475b92461b0afcc60a6a,68f2d95bd190740cfd6a2725,ENQUEUED,0.14775935166415055,questions_in
2025-10-28T22:55:09.020937,PUBLISH,1cd3d89ae77c47acb12e48f8946143ce,68f2d95bd190740cfd6a3a8d,ENQUEUED,0.4453081460844812,questions_in
2025-10-28T22:55:09.299262,PUBLISH,bd3ad138079c4f21a6009a5a54a34399,68f2d95bd190740cfd6a22c2,ENQUEUED,0.27600611866646746,questions_in
2025-10-28T22:55:09.841342,PUBLISH,27a20f66bdbb40f38ed591c0d8ae22de,68f2d95bd190740cfd6a38d4,ENQUEUED,0.5400430259103293,questions_in
2025-10-28T22:55:10.324042,PUBLISH,9ebced75bfb74ddeb62abdac33df4410,68f2d95bd190740cfd6a35c2,ENQUEUED,0.4798234204095054,questions_in
2025-10-28T22:55:10.755936,PUBLISH,1af1113a381944cf95a92d5586323641,68f2d95bd190740cfd6a2a80,ENQUEUED,0.42890646039117963,questions_in
2025-10-28T22:55:11.463650,PUBLISH,6c2f0188527a40239289e44641348fdb,68f2d95bd190740cfd6a22dc,ENQUEUED,0.6989302755587278,questions_in
2025-10-28T22:55:11.571379,PUBLISH,3aeed533b2ae4a40a93dd6d4b0653b30,68f2d95bd190740cfd6a236d,ENQUEUED,0.10192038131551089,questions_in
2025-10-28T22:55:12.126713,PUBLISH,0cf5cd68c50b4decb351378da3c5729f,68f2d95bd190740cfd6a3f1d,ENQUEUED,0.5527766031070992,questions_in
2025-10-28T22:55:12.208015,PUBLISH,4cc9f37917f84fa0a09dd4640768984f,68f2d95bd190740cfd6a2fb0,ENQUEUED,0.07851986108860481,questions_in
2025-10-28T22:55:13.207860,PUBLISH,c8791e76d2fd4616a16f3497611d757e,68f2d95bd190740cfd6a1ce4,ENQUEUED,0.9926853046649277,questions_in
2025-10-28T22:55:13.427005,PUBLISH,620e8501d2ac4fc892dcb145e373ce52,68f2d95bd190740cfd6a21ad,ENQUEUED,0.21538438201071,questions_in
2025-10-28T22:55:14.535671,PUBLISH,93a09728bea6443eaa28da3618d6bc6f,68f2d95bd190740cfd6a3f30,ENQUEUED,1.1049825870127397,questions_in
2025-10-28T22:55:14.699781,PUBLISH,a638eeb3716a450db168887b81f14dcb,68f2d95bd190740cfd6a3785,ENQUEUED,0.1602308049397038,questions_in
2025-10-28T22:55:15.275060,PUBLISH,b66addb2c58043e1b8235445e6787739,68f2d95bd190740cfd6a204e,ENQUEUED,0.5684616888573372,questions_in
2025-10-28T22:55:15.777825,PUBLISH,c4e25a1a3cfe47dc9a9e626d22983cf3,68f2d95bd190740cfd6a1bd6,ENQUEUED,0.4957158250214038,questions_in
2025-10-28T22:55:16.091156,PUBLISH,a17585d005f043a59609dfeaff7db7b8,68f2d95bd190740cfd6a1d1d,ENQUEUED,0.3104864865174409,questions_in
2025-10-28T22:55:16.153653,PUBLISH,dda0944c698a4376b41eddda85afaf4b,68f2d95bd190740cfd6a2902,ENQUEUED,0.06069840919176994,questions_in
2025-10-28T22:55:17.180146,PUBLISH,620d5e95e7034ecdb83a5d14d644979e,68f2d95bd190740cfd6a2649,ENQUEUED,1.0232637750389146,questions_in
2025-10-28T22:55:18.492141,PUBLISH,a8dc8b28545748b3a9d8c70e840ac84e,68f2d95bd190740cfd6a24d2,ENQUEUED,1.3098055846097665,questions_in
2025-10-28T22:55:18.541805,PUBLISH,fe401391ced146c69d7173ef4c033876,68f2d95bd190740cfd6a3a6f,ENQUEUED,0.04789722933960359,questions_in
2025-10-28T22:55:18.704526,PUBLISH,10627814b7ac41b1b526f1e68a5f0247,68f2d95bd190740cfd6a218f,ENQUEUED,0.16021679744390163,questions_in
2025-10-28T22:55:19.646608,PUBLISH,6212a2b2d12a401fa8cb7111629a342f,68f2d95bd190740cfd6a2c4d,ENQUEUED,0.9334088046908112,questions_in
2025-10-28T22:55:20.211897,PUBLISH,451ee77a5c614f12803c7c3cce7719f1,68f2d95bd190740cfd6a402d,ENQUEUED,0.5580195911032915,questions_in
2025-10-28T22:55:22.525340,PUBLISH,acf1608e37b84182969c49a2020aff1e,68f2d95bd190740cfd6a23d5,ENQUEUED,2.3047942603956577,questions_in
2025-10-28T22:55:23.868514,PUBLISH,b9dbe6b735c946b8a4fe52fdeefcdf7b,68f2d95bd190740cfd6a3597,ENQUEUED,1.3361640071369056,questions_in
2025-10-28T22:55:28.619860,PUBLISH,f594e30118614970b3a67d2d0a7b5427,68f2d95bd190740cfd6a1f48,ENQUEUED,4.741112720372516,questions_in
2025-10-28T22:55:29.603002,PUBLISH,13a907bd261647d5b85cc49c63293a7f,68f2d95bd190740cfd6a20ab,ENQUEUED,0.9760621697548818,questions_in
2025-10-28T22:55:30.558794,PUBLISH,a9f0a17e35034901b9aca99368639f59,68f2d95bd190740cfd6a3693,ENQUEUED,0.9492751686441941,questions_in
2025-10-28T22:55:31.229126,PUBLISH,d9df4d5bbc0043018d70711015da6d77,68f2d95bd190740cfd6a4185,ENQUEUED,0.6631979766956922,questions_in
2025-10-28T22:55:31.560762,PUBLISH,8c43cd283edb4d0dbd70feda2fcad4f1,68f2d95bd190740cfd6a3292,ENQUEUED,0.3251922892064632,questions_in
2025-10-28T22:55:32.398940,PUBLISH,6962ef530bc546d4be125fa82cf8368c,68f2d95bd190740cfd6a33a3,ENQUEUED,0.835818840443033,questions_in
2025-10-28T22:55:33.294612,PUBLISH,d2efd02e806a4a86b273e358e257ba52,68f2d95bd190740cfd6a3931,ENQUEUED,0.8928611858630574,questions_in
2025-10-28T22:55:34.400740,PUBLISH,edea1faa1e1f486f841e2abd109f7e4e,68f2d95bd190740cfd6a36ce,ENQUEUED,1.1029617411011408,questions_in
2025-10-28T22:55:34.835893,PUBLISH,f562d4989dc84e12abd5c76d908de8e1,68f2d95bd190740cfd6a1e02,ENQUEUED,0.4289870442063773,questions_in
2025-10-28T22:55:35.106009,PUBLISH,8b1f834fb94743f5a811fe312017dda0,68f2d95bd190740cfd6a20f0,ENQUEUED,0.26702574147028796,questions_in
2025-10-28T22:55:35.185081,PUBLISH,caccc4b39a644cfaa23cbfc7bcc2de4f,68f2d95bd190740cfd6a395b,ENQUEUED,0.07729084449800087,questions_in
2025-10-28T22:55:37.179099,PUBLISH,3f4569228c64468d9beb7dc3ad9ca404,68f2d95bd190740cfd6a2c5b,ENQUEUED,1.9859091652454515,questions_in
2025-10-28T22:55:38.278728,PUBLISH,0725a4a80e3b4dd0ad87fac58e6ea748,68f2d95bd190740cfd6a1f42,ENQUEUED,1.0942488881582595,questions_in
2025-10-28T22:55:38.679888,PUBLISH,edc668c154c94a25abeef64c9d082284,68f2d95bd190740cfd6a248b,ENQUEUED,0.394010710679757,questions_in
2025-10-28T22:55:38.863405,PUBLISH,40ad4abdbaca4f6e86ec0510aaaa8669,68f2d95bd190740cfd6a2f12,ENQUEUED,0.1760267348334352,questions_in
2025-10-28T22:55:39.044062,PUBLISH,ec3060ed043a4fe19f4dc00f06be3614,68f2d95bd190740cfd6a29e9,ENQUEUED,0.17721016612563822,questions_in
2025-10-28T22:55:42.008473,PUBLISH,0a382301277541c9b15d1eb58960252d,68f2d95bd190740cfd6a3dc8,ENQUEUED,2.9594652507767774,questions_in
2025-10-28T22:55:43.562958,PUBLISH,dc4b3e589f164085bc28d0ca76af7d15,68f2d95bd190740cfd6a1b23,ENQUEUED,1.5449974780120728,questions_in
2025-10-28T22:55:47.464250,PUBLISH,dfe75feef1e447788b2524bfaf091e44,68f2d95bd190740cfd6a2759,ENQUEUED,3.890913812451472,questions_in
2025-10-28T22:55:47.487878,PUBLISH,33ea4cda65404e3390f7f06c9714a574,68f2d95bd190740cfd6a26f3,ENQUEUED,0.012190298016877555,questions_in
2025-10-28T22:55:47.579103,PUBLISH,adc6d64f4f0e4c95b4b26e3c32822397,68f2d95bd190740cfd6a2d1e,ENQUEUED,0.08913645846839778,questions_in
2025-10-28T22:55:48.445588,PUBLISH,3c90105a34bf46ca902a729b3d2f23ed,68f2d95bd190740cfd6a39f7,ENQUEUED,0.863862261874142,questions_in
2025-10-28T22:55:49.172166,PUBLISH,504d350921264450a286d5aa54bdf711,68f2d95bd190740cfd6a2a94,ENQUEUED,0.7187783078421571,questions_in
2025-10-28T22:55:51.114438,PUBLISH,f7bcb5209aec44daa1feca83e9c30c66,68f2d95bd190740cfd6a2f4e,ENQUEUED,1.9384586478221062,questions_in
2025-10-28T22:55:53.764744,PUBLISH,afa2c76ab9a94cb592b9f9a858bdce23,68f2d95bd190740cfd6a3521,ENQUEUED,2.63657416181173,questions_in
2025-10-28T22:55:54.259446,PUBLISH,1d3dd36e6db6491f8fc08d2a8127a402,68f2d95bd190740cfd6a3a9b,ENQUEUED,0.4926961939485286,questions_in
2025-10-28T22:55:54.778884,PUBLISH,b71ec93f9f5249e3a0b524c79e7f0447,68f2d95bd190740cfd6a35f1,ENQUEUED,0.516355501225433,questions_in
2025-10-28T22:55:55.024058,PUBLISH,dbb055a2d9c046f5bfed848d117324f9,68f2d95bd190740cfd6a40e2,ENQUEUED,0.24247746109995086,questions_in
2025-10-28T22:55:55.096675,PUBLISH,a6d81d306897429b95799fac0b9d6613,68f2d95bd190740cfd6a24e1,ENQUEUED,0.07077470649206782,questions_in
2025-10-28T22:55:56.056375,PUBLISH,746073aaf87a4cf99af4110b76e43833,68f2d95bd190740cfd6a2625,ENQUEUED,0.9568867357388363,questions_in
2025-10-28T22:55:56.478213,PUBLISH,2d755cb7fe0b4c2f886dab380dfc5254,68f2d95bd190740cfd6a3bd5,ENQUEUED,0.41498571995012035,questions_in
2025-10-28T22:55:56.796790,PUBLISH,752adc85333741af86e3004acafe0dab,68f2d95bd190740cfd6a2f2a,ENQUEUED,0.3163272760560129,questions_in
2025-10-28T22:55:56.956140,PUBLISH,10859c3a445845089982bbf866d44f69,68f2d95bd190740cfd6a2ec6,ENQUEUED,0.15576548310742824,questions_in
2025-10-28T22:55:57.678995,PUBLISH,4b367cddbfde4059936e698fd2a2b06b,68f2d95bd190740cfd6a37a4,ENQUEUED,0.7196720559668872,questions_in
2025-10-28T22:55:57.704234,PUBLISH,be2a44aa37d4437cb286fdd535411e9b,68f2d95bd190740cfd6a2b70,ENQUEUED,0.021545551122576223,questions_in
2025-10-28T22:55:59.484272,PUBLISH,40f4194395c84c2ebf29be8385dc444a,68f2d95bd190740cfd6a3a0a,ENQUEUED,1.7760180308221514,questions_in
2025-10-28T22:56:00.103460,PUBLISH,14b7538eaaba4be9b242b3130c31f53e,68f2d95bd190740cfd6a1d28,ENQUEUED,0.6104467875331988,questions_in
2025-10-28T22:56:01.296761,PUBLISH,bc9726bc8a784d0a93b031272108ec0e,68f2d95bd190740cfd6a3195,ENQUEUED,1.1862824467969169,questions_in
2025-10-28T22:56:01.773792,PUBLISH,055468df416040abaf9437f815b335d6,68f2d95bd190740cfd6a25ec,ENQUEUED,0.47502218845118355,questions_in
2025-10-28T22:56:02.456332,PUBLISH,64e3db4c2e354a3d8a15a0425e1685ed,68f2d95bd190740cfd6a2f7a,ENQUEUED,0.6770460291569801,questions_in
2025-10-28T22:56:02.922643,PUBLISH,6d8db9eb9d694197b9248f122c7c55de,68f2d95bd190740cfd6a418c,ENQUEUED,0.4621494864924281,questions_in
2025-10-28T22:56:02.956922,PUBLISH,e0dc977c8e824c9eb8155524c6cadabe,68f2d95bd190740cfd6a2586,ENQUEUED,0.030487875874444376,questions_in
2025-10-28T22:56:02.979949,PUBLISH,f7661bc297294bc1a1491491f2519032,68f2d95bd190740cfd6a2046,ENQUEUED,0.02112920483569708,questions_in
2025-10-28T22:56:03.743179,PUBLISH,4c006149c1dc4757b80b771375eeaaf1,68f2d95bd190740cfd6a2f72,ENQUEUED,0.7607918276924228,questions_in
2025-10-28T22:56:04.705884,PUBLISH,62d789141a30427191f63dcc443bf01d,68f2d95bd190740cfd6a1f62,ENQUEUED,0.9545394911313508,questions_in
2025-10-28T22:56:05.878086,PUBLISH,09f4ab514de44a30b3c5c315691627e0,68f2d95bd190740cfd6a3818,ENQUEUED,1.1668054517397586,questions_in
2025-10-28T22:56:06.101982,PUBLISH,b9bb66e048e04fd4b1b95c4ff8f80b45,68f2d95bd190740cfd6a252f,ENQUEUED,0.21791434553415145,questions_in
2025-10-28T22:56:06.214113,PUBLISH,7f3811afcd8b4ef89ede7f399b7cd643,68f2d95bd190740cfd6a3b4f,ENQUEUED,0.10974264884058983,questions_in
2025-10-28T22:56:07.697458,PUBLISH,2e35076c507946a3af3b80231adcbe73,68f2d95bd190740cfd6a418b,ENQUEUED,1.4796035074183322,questions_in
2025-10-28T22:56:07.816777,PUBLISH,4497ce7732884229b6224c3d9c8e79bd,68f2d95bd190740cfd6a1e43,ENQUEUED,0.1158421986792818,questions_in
2025-10-28T22:56:09.177166,PUBLISH,389696b1b3334eba807fce72c246dd81,68f2d95bd190740cfd6a2db6,ENQUEUED,1.3477145750491937,questions_in
2025-10-28T22:56:10.410570,PUBLISH,fbf7d721973845e0816027ec0e94571c,68f2d95bd190740cfd6a25e9,ENQUEUED,1.229692814572587,questions_in
2025-10-28T22:56:10.600392,PUBLISH,bd913d1930ca4b88a0b85f7ece8cee76,68f2d95bd190740cfd6a22cd,ENQUEUED,0.18665094427347304,questions_in
2025-10-28T22:56:10.722119,PUBLISH,dcf807e1b1224071997575e14130d082,68f2d95bd190740cfd6a1e99,ENQUEUED,0.11622096628251562,questions_in
2025-10-28T22:56:12.189561,PUBLISH,14aa2b13421f45e49640cc7531fc7f42,68f2d95bd190740cfd6a3e7c,ENQUEUED,1.4645215800821207,questions_in
2025-10-28T22:56:12.293557,PUBLISH,7350c2047a5540cb8373a2e415c48bc4,68f2d95bd190740cfd6a2767,ENQUEUED,0.10179731686154181,questions_in
2025-10-28T22:56:12.796943,PUBLISH,03cbc549d845436b9186ddd11876be94,68f2d95bd190740cfd6a3d6e,ENQUEUED,0.5000646631563671,questions_in
2025-10-28T22:56:12.930328,PUBLISH,d26324cca530498792f5b92d7209a648,68f2d95bd190740cfd6a1f82,ENQUEUED,0.1314013833761436,questions_in
2025-10-28T22:56:13.486512,PUBLISH,c98634f1fa32448f8db6eb824fffea43,68f2d95bd190740cfd6a2fe5,ENQUEUED,0.5540062254469891,questions_in
2025-10-28T22:56:14.368056,PUBLISH,c50f95749ca84c239fc13c4cfa07d8ae,68f2d95bd190740cfd6a1c46,ENQUEUED,0.8787297197719739,questions_in
2025-10-28T22:56:14.834293,PUBLISH,671035c0c1b44c108cedbbcbd3084784,68f2d95bd190740cfd6a40bd,ENQUEUED,0.46212347246542823,questions_in
2025-10-28T22:56:15.193047,PUBLISH,7e99073f584345a8a2c7bf9f70640d93,68f2d95bd190740cfd6a2fa2,ENQUEUED,0.35547489844049335,questions_in
2025-10-28T22:56:15.597137,PUBLISH,bd8391007e83479f934399790f7968a5,68f2d95bd190740cfd6a3e1d,ENQUEUED,0.4017580552863731,questions_in
2025-10-28T22:56:15.869970,PUBLISH,06f6e40f4c9948eb976e643536eb6a4c,68f2d95bd190740cfd6a36cf,ENQUEUED,0.27093243956591745,questions_in
2025-10-28T22:56:16.013724,PUBLISH,479946643e664a7199c442a0ac0fb022,68f2d95bd190740cfd6a2e50,ENQUEUED,0.14091479228971662,questions_in
2025-10-28T22:56:16.696814,PUBLISH,956c16eef7a14484a3199febe594c601,68f2d95bd190740cfd6a3d40,ENQUEUED,0.6797404761257084,questions_in
2025-10-28T22:56:18.062579,PUBLISH,565d8a01e5c54bd599fe577f37756b76,68f2d95bd190740cfd6a2dfc,ENQUEUED,1.3628194254688735,questions_in
2025-10-28T22:56:18.668572,PUBLISH,7d7028cdc8a149db805af9e13cfb7e60,68f2d95bd190740cfd6a27f1,ENQUEUED,0.6015587771282169,questions_in
2025-10-28T22:56:18.934983,PUBLISH,2eeb8c4f7e3a4b239375921aa10efd0b,68f2d95bd190740cfd6a2b20,ENQUEUED,0.2634556285482286,questions_in
2025-10-28T22:56:19.442532,PUBLISH,806b1a9f1a544949869cb283c0c12773,68f2d95bd190740cfd6a3a65,ENQUEUED,0.501321632668706,questions_in
2025-10-28T22:56:19.456608,PUBLISH,193e1aa041984256a1e77bdc3162a80e,68f2d95bd190740cfd6a38c5,ENQUEUED,0.006521182492132978,questions_in
2025-10-28T22:56:19.568985,PUBLISH,9989afadfde84fe4b01457cad8ad3e4f,68f2d95bd190740cfd6a2582,ENQUEUED,0.1103212300279436,questions_in
2025-10-28T22:56:20.179072,PUBLISH,c9c1379c55684b17a1b8645c60f09d0d,68f2d95bd190740cfd6a2572,ENQUEUED,0.6076499471529379,questions_in
2025-10-28T22:56:20.370955,PUBLISH,b33c0766197449518539a8cb5f552bf7,68f2d95bd190740cfd6a2104,ENQUEUED,0.18968464375163682,questions_in
2025-10-28T22:56:22.385415,PUBLISH,199d6dacac6c4f758c790f578fe20d54,68f2d95bd190740cfd6a1b0e,ENQUEUED,2.00895078213607,questions_in
2025-10-28T22:56:22.456090,PUBLISH,e9747a00a449495aa6074647b7021f16,68f2d95bd190740cfd6a21e3,ENQUEUED,0.0687500387160583,questions_in
2025-10-28T22:56:23.181589,PUBLISH,9c655d025c1e4a5988d5a557e351082e,68f2d95bd190740cfd6a2816,ENQUEUED,0.7200601277792077,questions_in
2025-10-28T22:56:24.187979,PUBLISH,348f86686d0c45bba9a2137c8bccc9d1,68f2d95bd190740cfd6a2d3a,ENQUEUED,1.002980488036953,questions_in
2025-10-28T22:56:24.244455,PUBLISH,cbe015beccc14daf886df96a5abe4fae,68f2d95bd190740cfd6a3f15,ENQUEUED,0.051275581638055824,questions_in
2025-10-28T22:56:25.183069,PUBLISH,d46cf069b147475fb88dc459528f7672,68f2d95bd190740cfd6a2f04,ENQUEUED,0.9355332773859458,questions_in
2025-10-28T22:56:25.256904,PUBLISH,51e57ea1ae44451b9ff7550a9cdda6b8,68f2d95bd190740cfd6a3f64,ENQUEUED,0.07101398806269528,questions_in
2025-10-28T22:56:25.750948,PUBLISH,fd15b02e3a9545e5bd40f22fef252fd8,68f2d95bd190740cfd6a2c59,ENQUEUED,0.4911741480228364,questions_in
2025-10-28T22:56:26.046870,PUBLISH,00f2d47a6b3f40be9cb4b2a9dcdb938d,68f2d95bd190740cfd6a1f55,ENQUEUED,0.29248440918139096,questions_in
2025-10-28T22:56:26.055096,PUBLISH,216ffcc74fa04784b3ef3a86eb6c0e0c,68f2d95bd190740cfd6a418c,ENQUEUED,0.006291982792303619,questions_in
2025-10-28T22:56:27.774769,PUBLISH,ee8caf6ba73648b49e0d17d2675e9bc9,68f2d95bd190740cfd6a2987,ENQUEUED,1.7160569603380127,questions_in
2025-10-28T22:56:28.725679,PUBLISH,0f6d00b544564e948579947bf02e075b,68f2d95bd190740cfd6a3f1c,ENQUEUED,0.947622991332466,questions_in
2025-10-28T22:56:28.989770,PUBLISH,e601e81711104d9ca0a0adcc02ad3877,68f2d95bd190740cfd6a2ab0,ENQUEUED,0.2622677813411306,questions_in
2025-10-28T22:56:29.183577,PUBLISH,cdcf51523da24642932961501f567c32,68f2d95bd190740cfd6a31a3,ENQUEUED,0.19144109330515857,questions_in
2025-10-28T22:56:29.256694,PUBLISH,70a88d82c04a4879a7b58640c6929e35,68f2d95bd190740cfd6a2346,ENQUEUED,0.06633513174051635,questions_in
2025-10-28T22:56:30.183527,PUBLISH,57583a861d37490395709dd08b36e169,68f2d95bd190740cfd6a3569,ENQUEUED,0.9243989899077926,questions_in
2025-10-28T22:56:30.342784,PUBLISH,e8f9da22d6754498bc901904b92ea35b,68f2d95bd190740cfd6a282e,ENQUEUED,0.15743053221674955,questions_in
2025-10-28T22:56:30.617461,PUBLISH,96513a08d6734e9ea536a07fe71f2662,68f2d95bd190740cfd6a3d5f,ENQUEUED,0.2682339562977676,questions_in
2025-10-28T22:56:31.581875,PUBLISH,3df3de0572a24a7e8475f5dc94dd1058,68f2d95bd190740cfd6a3bd9,ENQUEUED,0.9607100139552989,questions_in
2025-10-28T22:56:33.370424,PUBLISH,6c6fed8dcbb049bba7011c9999868bec,68f2d95bd190740cfd6a39cf,ENQUEUED,1.7857835443483756,questions_in
2025-10-28T22:56:34.078873,PUBLISH,bfe4664952b348a79b6e85ac74eb511a,68f2d95bd190740cfd6a3b53,ENQUEUED,0.7051518471127678,questions_in
2025-10-28T22:56:35.187422,PUBLISH,20e1ad75fcae4355a9be867bcc1bee2b,68f2d95bd190740cfd6a38ab,ENQUEUED,1.1057845856623114,questions_in
2025-10-28T22:56:35.543332,PUBLISH,43be2ba6af8241bf8f430e199f9f6ac4,68f2d95bd190740cfd6a234a,ENQUEUED,0.3537697994101396,questions_in
2025-10-28T22:56:35.628289,PUBLISH,4eb660b1bc8242819e2439e5777b267b,68f2d95bd190740cfd6a2850,ENQUEUED,0.08113613414161601,questions_in
2025-10-28T22:56:35.822151,PUBLISH,95d1bc141d544b0887d060bea77122df,68f2d95bd190740cfd6a3b11,ENQUEUED,0.18774322340305324,questions_in
2025-10-28T22:56:36.000193,PUBLISH,f105113ce1164c939bd8670d179f4d3c,68f2d95bd190740cfd6a2af5,ENQUEUED,0.1760323881619511,questions_in
2025-10-28T22:56:37.158839,PUBLISH,ed6b8bb8274f4bdca2f2cd5d7d715994,68f2d95bd190740cfd6a350e,ENQUEUED,1.1533122989970401,questions_in
2025-10-28T22:56:37.416983,PUBLISH,d07c67db1fe34db3920d7e02a1c8a276,68f2d95bd190740cfd6a344e,ENQUEUED,0.25202070510689234,questions_in
2025-10-28T22:56:37.458051,PUBLISH,25855dc031a5481d996164681c6bc9de,68f2d95bd190740cfd6a1f9f,ENQUEUED,0.038697759111824374,questions_in
2025-10-28T22:56:37.465180,PUBLISH,b0da9bf3ed154e0b82e35a900f2c694a,68f2d95bd190740cfd6a3943,ENQUEUED,0.0037253191387471396,questions_in
2025-10-28T22:56:37.607028,PUBLISH,3e67a35a8d674146bc85cf49337a7368,68f2d95bd190740cfd6a3268,ENQUEUED,0.13604035430625414,questions_in
2025-10-28T22:56:38.052350,PUBLISH,358e96091f4944119db6b766d81568f4,68f2d95bd190740cfd6a2def,ENQUEUED,0.4423427642195761,questions_in
2025-10-28T22:56:38.430008,PUBLISH,92b547011f6b4a21bd0ab01a650bca00,68f2d95bd190740cfd6a2ffa,ENQUEUED,0.37187746196051125,questions_in
2025-10-28T22:56:39.836066,PUBLISH,318be9bdc5fe4cd995592d99577fb244,68f2d95bd190740cfd6a1b1f,ENQUEUED,1.3985032968238664,questions_in
2025-10-28T22:56:41.774461,PUBLISH,2469cf12cd0b46e592da355e943a86da,68f2d95bd190740cfd6a31e5,ENQUEUED,1.9340837928209653,questions_in
2025-10-28T22:56:43.071641,PUBLISH,ae73452ce0cb47b69ce63852d7c30ac3,68f2d95bd190740cfd6a2375,ENQUEUED,1.2940979040746612,questions_in
2025-10-28T22:56:43.898538,PUBLISH,d3477b94d8b04368b58a8db87d77d03c,68f2d95bd190740cfd6a287a,ENQUEUED,0.8246349717480072,questions_in
2025-10-28T22:56:44.606972,PUBLISH,3fc80c82031140788b02482c255b6502,68f2d95bd190740cfd6a255e,ENQUEUED,0.7055012620321136,questions_in
2025-10-28T22:56:45.128975,PUBLISH,93fc90e11f6149d1bdc80e9786abda15,68f2d95bd190740cfd6a2a86,ENQUEUED,0.5180023716177286,questions_in
2025-10-28T22:56:46.073783,PUBLISH,03babf59cb30498a8e90a5d8299f2a3c,68f2d95bd190740cfd6a258a,ENQUEUED,0.9379183108982171,questions_in
2025-10-28T22:56:46.817632,PUBLISH,d5e505dfeefd4311bb8e112fafdb72f2,68f2d95bd190740cfd6a33e0,ENQUEUED,0.7409576622776832,questions_in
2025-10-28T22:56:46.871972,PUBLISH,92fca0ab7e884559854ea2bf5a6697bc,68f2d95bd190740cfd6a1b0f,ENQUEUED,0.04825079502705309,questions_in
2025-10-28T22:56:47.371740,PUBLISH,6711d46a26fc4c37acedf068863653b2,68f2d95bd190740cfd6a4018,ENQUEUED,0.4974261117301077,questions_in
2025-10-28T22:56:47.398025,PUBLISH,af16c51297c24d74b873e808058b1999,68f2d95bd190740cfd6a2f08,ENQUEUED,0.023185178301216542,questions_in
2025-10-28T22:56:47.710791,PUBLISH,fb4cb2cfb2ba4c6fa1331301ac3605d8,68f2d95bd190740cfd6a2f6f,ENQUEUED,0.308247938993492,questions_in
2025-10-28T22:56:48.016604,PUBLISH,fad26b41b7934ba6a73d5791130beac3,68f2d95bd190740cfd6a39ef,ENQUEUED,0.3032524295927979,questions_in
2025-10-28T22:56:48.638601,PUBLISH,a9073a3ac0ec4eaea885df248628b880,68f2d95bd190740cfd6a39c7,ENQUEUED,0.6200166187192582,questions_in
2025-10-28T22:56:49.587084,PUBLISH,365d5c701be9498380b34da8428b97f6,68f2d95bd190740cfd6a3137,ENQUEUED,0.9428653538964261,questions_in
2025-10-28T22:56:50.594304,PUBLISH,6a3f31910371411a9c9df1429eb52610,68f2d95bd190740cfd6a39e9,ENQUEUED,1.0033737369662863,questions_in
2025-10-28T22:56:51.730024,PUBLISH,592ef6855a1540d88795cf03ce71c2c4,68f2d95bd190740cfd6a275d,ENQUEUED,1.1317306192856453,questions_in
2025-10-28T22:56:53.202939,PUBLISH,3f157149280b4d5b88c34c103bf467db,68f2d95bd190740cfd6a36dd,ENQUEUED,1.4688186715269378,questions_in
2025-10-28T22:56:53.737998,PUBLISH,4e661a50d89b4a389d083b6bf6a95731,68f2d95bd190740cfd6a3f1d,ENQUEUED,0.532193022540024,questions_in
2025-10-28T22:56:53.966658,PUBLISH,9b85d202a7224beabb3412327f48b544,68f2d95bd190740cfd6a3972,ENQUEUED,0.22191969777183584,questions_in
2025-10-28T22:56:55.205296,PUBLISH,5622cc639f6940bebaa3b143e606ac5e,68f2d95bd190740cfd6a2d9c,ENQUEUED,1.2363503842818668,questions_in
2025-10-28T22:56:58.286626,PUBLISH,3daf0a31bce743b184ab71f68732b970,68f2d95bd190740cfd6a3558,ENQUEUED,3.077024708045435,questions_in
2025-10-28T22:56:58.494317,PUBLISH,aa6594f1ccaa41d4aaa0eb7714ade83c,68f2d95bd190740cfd6a2588,ENQUEUED,0.20370340504796047,questions_in
2025-10-28T22:56:58.823610,PUBLISH,10b454a3edb448d292010a1a0cd88fda,68f2d95bd190740cfd6a2968,ENQUEUED,0.32560379467583705,questions_in
2025-10-28T22:56:59.095092,PUBLISH,6a6e94d97969496e8fef420b57277ffd,68f2d95bd190740cfd6a3af2,ENQUEUED,0.2647488462661441,questions_in
2025-10-28T22:57:00.109368,PUBLISH,d4ab8afb9c2942e790b4eae6d848b8d5,68f2d95bd190740cfd6a3806,ENQUEUED,1.010830924424984,questions_in
2025-10-28T22:57:01.284892,PUBLISH,485187ef515647fb87f5a96a860fcaca,68f2d95bd190740cfd6a3eef,ENQUEUED,1.168959919270418,questions_in
2025-10-28T22:57:01.813348,PUBLISH,f51b955eb5b1470bacca72b69b36ba09,68f2d95bd190740cfd6a3a84,ENQUEUED,0.5234241638892861,questions_in
2025-10-28T22:57:02.430450,PUBLISH,703304ca7c8744e98daf322dec166451,68f2d95bd190740cfd6a2e2e,ENQUEUED,0.6143546416012434,questions_in
2025-10-28T22:57:04.176278,PUBLISH,436890cbb6b6466ba61f2377077fde88,68f2d95bd190740cfd6a3648,ENQUEUED,1.7370486665434202,questions_in
2025-10-28T22:57:05.153270,PUBLISH,aa26c69088684447a1b958395450f0af,68f2d95bd190740cfd6a2dfa,ENQUEUED,0.9751466299187627,questions_in
2025-10-28T22:57:08.627367,PUBLISH,b5694534f7154c78919006fd2e999a41,68f2d95bd190740cfd6a371a,ENQUEUED,3.4692912823522764,questions_in
2025-10-28T22:57:08.841651,PUBLISH,1ddd1515cb0b4b7898e1d240c99fa6b5,68f2d95bd190740cfd6a2352,ENQUEUED,0.2115915360158981,questions_in
2025-10-28T22:57:09.906115,PUBLISH,9577d242cd8148df9d9c5bd36c97b8e8,68f2d95bd190740cfd6a3f04,ENQUEUED,1.0600010231327854,questions_in
2025-10-28T22:57:10.186311,PUBLISH,54c8bca58a7e473b93ce12030b26f0a0,68f2d95bd190740cfd6a2def,ENQUEUED,0.27754755065425757,questions_in
2025-10-28T22:57:10.689689,PUBLISH,51aa657143fd48bd95b0bafdfead5d76,68f2d95bd190740cfd6a39aa,ENQUEUED,0.4984022178444283,questions_in
2025-10-28T22:57:11.601894,PUBLISH,8f2a3f61edf8424d9cbe81e6ef499b55,68f2d95bd190740cfd6a240f,ENQUEUED,0.9088682814044416,questions_in
2025-10-28T22:57:11.970316,PUBLISH,6d27f15aa2a24874a1a73e950403caab,68f2d95bd190740cfd6a29a2,ENQUEUED,0.36295973807436493,questions_in
2025-10-28T22:57:15.013727,PUBLISH,159dccbd08ca40ce86917fe579d510ca,68f2d95bd190740cfd6a23a5,ENQUEUED,3.038939615323057,questions_in
2025-10-28T22:57:15.069589,PUBLISH,1cb6ca7ebdeb460aa2be27e94919f410,68f2d95bd190740cfd6a38c4,ENQUEUED,0.05345598670451061,questions_in
2025-10-28T22:57:16.092531,PUBLISH,0ab8f75710cf40789ee0bf69b0edc50b,68f2d95bd190740cfd6a1e64,ENQUEUED,1.0207237875305133,questions_in
2025-10-28T22:57:17.842409,PUBLISH,a8e7ee0cbab34e88ae18c17354035279,68f2d95bd190740cfd6a2674,ENQUEUED,1.745870828204844,questions_in
2025-10-28T22:57:17.846458,PUBLISH,2bc0ec4f2f9f41b5b11be6998e490bba,68f2d95bd190740cfd6a4047,ENQUEUED,0.0011584941244936438,questions_in
2025-10-28T22:57:17.952212,PUBLISH,5b2798dac84645f58c654bb47133ac32,68f2d95bd190740cfd6a229a,ENQUEUED,0.10367030756469248,questions_in
2025-10-28T22:57:18.614743,PUBLISH,91cf79b1dbc24358a85fb94b1baf019c,68f2d95bd190740cfd6a313a,ENQUEUED,0.6594200595402578,questions_in
2025-10-28T22:57:19.329261,PUBLISH,ece2e080dd04455ca2fa654d388d77c2,68f2d95bd190740cfd6a25b7,ENQUEUED,0.7088033443394984,questions_in
2025-10-28T22:57:20.380241,PUBLISH,ce0f58f88a8f403298c7f4ef9a850782,68f2d95bd190740cfd6a2ebe,ENQUEUED,1.0482755680104068,questions_in
2025-10-28T22:57:20.749200,PUBLISH,4b043384ec084d8997ce31855201a21e,68f2d95bd190740cfd6a3d2a,ENQUEUED,0.36692266501025483,questions_in
2025-10-28T22:57:21.205404,PUBLISH,a371f39b696c4fbbbad5c0f5c3ffbf2c,68f2d95bd190740cfd6a295d,ENQUEUED,0.45156437903730323,questions_in
2025-10-28T22:57:21.525252,PUBLISH,ab735397bedb4b8ead900cb5356e00f9,68f2d95bd190740cfd6a3560,ENQUEUED,0.3155924580853001,questions_in
2025-10-28T22:57:21.565010,PUBLISH,f1adfe29c6d64be5872046dc66585b59,68f2d95bd190740cfd6a1f02,ENQUEUED,0.03695064985439906,questions_in
2025-10-28T22:57:21.730539,PUBLISH,97c0c1f81b614bc48d61171ba778b707,68f2d95bd190740cfd6a3ac0,ENQUEUED,0.16282821292237284,questions_in
2025-10-28T22:57:22.313204,PUBLISH,0aadb84d5b6d41bdba11d6defd2458b5,68f2d95bd190740cfd6a280a,ENQUEUED,0.5709691437676988,questions_in
2025-10-28T22:57:23.178391,PUBLISH,b11d5ac63826434aac0679404be42785,68f2d95bd190740cfd6a248f,ENQUEUED,0.8625742435644814,questions_in
2025-10-28T22:57:24.186837,PUBLISH,a62c514259cd4b4089ac5df2825b66f1,68f2d95bd190740cfd6a2d36,ENQUEUED,1.0026199973019072,questions_in
2025-10-28T22:57:24.291275,PUBLISH,7142f17acf904dd6bebe9d8b47107f01,68f2d95bd190740cfd6a378c,ENQUEUED,0.10061949066888853,questions_in
2025-10-28T22:57:24.299300,PUBLISH,fc2f4bb61ee14d04bbbfb7d081d72b79,68f2d95bd190740cfd6a22a3,ENQUEUED,0.005982458495554776,questions_in
2025-10-28T22:57:25.432974,PUBLISH,cbbc1471e7174ba8b02431fe8ecc84b9,68f2d95bd190740cfd6a2fad,ENQUEUED,1.1295661136103985,questions_in
2025-10-28T22:57:25.788059,PUBLISH,72d97bebe5714a808bd1bd0126d88f71,68f2d95bd190740cfd6a3f98,ENQUEUED,0.3515678192610174,questions_in
2025-10-28T22:57:26.729003,PUBLISH,6a6c31652689432984713b423cd5b298,68f2d95bd190740cfd6a2bfa,ENQUEUED,0.9366466513067414,questions_in
2025-10-28T22:57:26.787539,PUBLISH,15f8a5a5644749978f506402b28d62c5,68f2d95bd190740cfd6a4099,ENQUEUED,0.05660369222223635,questions_in
2025-10-28T22:57:26.895181,PUBLISH,6eb837fbb8b9487c9b150adb8a102ea3,68f2d95bd190740cfd6a2687,ENQUEUED,0.10527474738303343,questions_in
2025-10-28T22:57:27.072235,PUBLISH,03e2e498a2534f81ab266fc57acf8427,68f2d95bd190740cfd6a3fcd,ENQUEUED,0.17506124798255443,questions_in
2025-10-28T22:57:27.249941,PUBLISH,80d21c5ac1314115926c977a5da83680,68f2d95bd190740cfd6a31c7,ENQUEUED,0.1737393796691951,questions_in
2025-10-28T22:57:28.439510,PUBLISH,b68330a1a02441ec80ed8cc05e9b9f6a,68f2d95bd190740cfd6a3ca4,ENQUEUED,1.1874319972795815,questions_in
2025-10-28T22:57:28.455012,PUBLISH,2fd86c5e6edc46918f3ace72a714b948,68f2d95bd190740cfd6a4178,ENQUEUED,0.012581076995121657,questions_in
2025-10-28T22:57:29.168125,PUBLISH,0a6d732a7d894ec5846281f8dd6f6713,68f2d95bd190740cfd6a2df4,ENQUEUED,0.7076398181225659,questions_in
2025-10-28T22:57:29.313339,PUBLISH,5019df003acb434eb8442bd788ceae30,68f2d95bd190740cfd6a242e,ENQUEUED,0.13708800404072036,questions_in
2025-10-28T22:57:29.476038,PUBLISH,b3227b960dd2431faad7aa8513223bba,68f2d95bd190740cfd6a20ac,ENQUEUED,0.1605754531385431,questions_in
2025-10-28T22:57:29.774415,PUBLISH,542b454a2a804d77ae4289eeac98301c,68f2d95bd190740cfd6a2b75,ENQUEUED,0.29196283375589555,questions_in
2025-10-28T22:57:30.552872,PUBLISH,5a0d8c18c4144581a3910cf8c9e4d657,68f2d95bd190740cfd6a1b88,ENQUEUED,0.7728351452761449,questions_in
2025-10-28T22:57:30.796201,PUBLISH,9923b4c4b70243969411c746e4fce3fa,68f2d95bd190740cfd6a4123,ENQUEUED,0.24046852722495415,questions_in
2025-10-28T22:57:31.696934,PUBLISH,04ce4784a09b46e7877cd15a70ed6604,68f2d95bd190740cfd6a24fa,ENQUEUED,0.895037130532541,questions_in
2025-10-28T22:57:31.948339,PUBLISH,4417151fce2143d883ccefa0f0895981,68f2d95bd190740cfd6a4135,ENQUEUED,0.24921473398021524,questions_in
2025-10-28T22:57:32.014414,PUBLISH,968415506ca945ea8c2abccfb2aa00f3,68f2d95bd190740cfd6a3aec,ENQUEUED,0.0644123072345472,questions_in
2025-10-28T22:57:32.901601,PUBLISH,5470f507bfe84f6fbaee7b93b6363b5a,68f2d95bd190740cfd6a28ac,ENQUEUED,0.8831998298701715,questions_in
2025-10-28T22:57:34.010939,PUBLISH,baa1fd16a98341d48443c27dff2ee910,68f2d95bd190740cfd6a3229,ENQUEUED,1.1060265954456787,questions_in
2025-10-28T22:57:34.028612,PUBLISH,fbdf236026ef4503b6e73636b788c300,68f2d95bd190740cfd6a246c,ENQUEUED,0.015338041210376041,questions_in
2025-10-28T22:57:34.636586,PUBLISH,9f3132024d93484986846c22b24d7539,68f2d95bd190740cfd6a2d39,ENQUEUED,0.6056974940346643,questions_in
2025-10-28T22:57:34.653590,PUBLISH,ea7bfb684ef14f449ae74867a069dc19,68f2d95bd190740cfd6a3da4,ENQUEUED,0.015089811432120492,questions_in
2025-10-28T22:57:34.678319,PUBLISH,f76df659dc9d4946b2d975e5785ec0fc,68f2d95bd190740cfd6a3d4c,ENQUEUED,0.02277097349761141,questions_in
2025-10-28T22:57:34.981904,PUBLISH,f62c19b513ae4b4eb28ccb42d7e3f6c8,68f2d95bd190740cfd6a3759,ENQUEUED,0.2983202370897677,questions_in
2025-10-28T22:57:35.147059,PUBLISH,2fb9dd2d290a446084548459173f8bc1,68f2d95bd190740cfd6a3a83,ENQUEUED,0.1624651599137309,questions_in
2025-10-28T22:57:35.581360,PUBLISH,80f5a451b91c4c99a64fd52aeaf5a573,68f2d95bd190740cfd6a229c,ENQUEUED,0.42927825146214066,questions_in
2025-10-28T22:57:36.417425,PUBLISH,8709b62f63d14b01a8a88dc26a26bcc2,68f2d95bd190740cfd6a2e8d,ENQUEUED,0.8327951081814056,questions_in
2025-10-28T22:57:36.785162,PUBLISH,86fa294adf054a69af77f93848736a4b,68f2d95bd190740cfd6a3ca1,ENQUEUED,0.3599912535218786,questions_in
2025-10-28T22:57:37.292526,PUBLISH,63c61dac29cb4182be9a914e707e0a2d,68f2d95bd190740cfd6a244b,ENQUEUED,0.5046158719823113,questions_in
2025-10-28T22:57:37.400872,PUBLISH,0d42915ef8f748ecb22bb3eb3ab86cce,68f2d95bd190740cfd6a2b39,ENQUEUED,0.10485946693260136,questions_in
2025-10-28T22:57:38.651680,PUBLISH,4e3e4174aaa8433eb3d46ddf5754a1fa,68f2d95bd190740cfd6a2d80,ENQUEUED,1.2455381706764321,questions_in
2025-10-28T22:57:39.020213,PUBLISH,42988ba1e0c140769eb7fd8161cd64ea,68f2d95bd190740cfd6a415c,ENQUEUED,0.36111717031098284,questions_in
2025-10-28T22:57:39.432149,PUBLISH,367693e54219435b90280a9ad46a99c5,68f2d95bd190740cfd6a1ede,ENQUEUED,0.404558374953988,questions_in
2025-10-28T22:57:39.646299,PUBLISH,8e5ff333412b4a1cb25531753a225a7f,68f2d95bd190740cfd6a410f,ENQUEUED,0.20799448757392577,questions_in
2025-10-28T22:57:39.665247,PUBLISH,1c25af8f4d374e4982f2bee2f3a88a03,68f2d95bd190740cfd6a1e9e,ENQUEUED,0.013597837939312523,questions_in
2025-10-28T22:57:40.156758,PUBLISH,5366d1b0c152492db4f0160d9b7e925f,68f2d95bd190740cfd6a28a7,ENQUEUED,0.4890149500332865,questions_in
2025-10-28T22:57:40.829185,PUBLISH,df00dbe5f515484a824378a9f1890392,68f2d95bd190740cfd6a216c,ENQUEUED,0.6669260497087249,questions_in
2025-10-28T22:57:40.981516,PUBLISH,acc77483cb664f679b2c017407d37b3c,68f2d95bd190740cfd6a2363,ENQUEUED,0.14962551583952816,questions_in
2025-10-28T22:57:41.440078,PUBLISH,1077ce65b01d4f28bc22eefef0e1ffb8,68f2d95bd190740cfd6a1c72,ENQUEUED,0.44877586022443566,questions_in
2025-10-28T22:57:45.395161,PUBLISH,907214eaf66d4f34939e9040a3d020a4,68f2d95bd190740cfd6a1ade,ENQUEUED,3.948576705831648,questions_in
2025-10-28T22:57:45.523198,PUBLISH,dcb6b6ee82b44c288dc1e7475427ef78,68f2d95bd190740cfd6a1e47,ENQUEUED,0.12632146554884424,questions_in
2025-10-28T22:57:48.830300,PUBLISH,f826c97689934668812415c86341dab2,68f2d95bd190740cfd6a2bf8,ENQUEUED,3.299165010390533,questions_in
2025-10-28T22:57:48.867054,PUBLISH,14f911f54f02405594c8d2fb9392ee33,68f2d95bd190740cfd6a2ed9,ENQUEUED,0.03330822762076404,questions_in
2025-10-28T22:57:50.104170,PUBLISH,9ece40770a49475893b3d455df6d2e49,68f2d95bd190740cfd6a2924,ENQUEUED,1.2334116122796652,questions_in
2025-10-28T22:57:51.050699,PUBLISH,0175a3354b744d788645003d5a04c6d3,68f2d95bd190740cfd6a26ff,ENQUEUED,0.9431218098254823,questions_in
2025-10-28T22:57:51.469959,PUBLISH,0ce8fd9658834bc5bb3862d93543a986,68f2d95bd190740cfd6a331c,ENQUEUED,0.4140661296726544,questions_in
2025-10-28T22:57:52.011310,PUBLISH,5499811004c74e148313e82d48da2555,68f2d95bd190740cfd6a390c,ENQUEUED,0.5383097886210387,questions_in
2025-10-28T22:57:52.234088,PUBLISH,ca11651eed5645bb81f9af9d2bf4486d,68f2d95bd190740cfd6a2ce6,ENQUEUED,0.21949014186034588,questions_in
2025-10-28T22:57:53.873025,PUBLISH,6308a9b6171a4d5daf7b003045335167,68f2d95bd190740cfd6a33a7,ENQUEUED,1.6354244029377443,questions_in
2025-10-28T22:57:53.956719,PUBLISH,75afff698a23439b8fe8a7b4e6b8ee49,68f2d95bd190740cfd6a2262,ENQUEUED,0.08170396407189222,questions_in
2025-10-28T22:57:55.115643,PUBLISH,c540f39e9a46477880422ab1b7c9ee0f,68f2d95bd190740cfd6a337d,ENQUEUED,1.1546589600275008,questions_in
2025-10-28T22:57:55.865306,PUBLISH,af6fc5339d074154bb1f733c763d9bf1,68f2d95bd190740cfd6a3571,ENQUEUED,0.7433859913176799,questions_in
2025-10-28T22:57:55.929267,PUBLISH,6bea923028fa407595a67129e99157aa,68f2d95bd190740cfd6a3db3,ENQUEUED,0.05916389651389275,questions_in
2025-10-28T22:57:55.990607,PUBLISH,aa510947fa6843e1a9c49076788f5476,68f2d95bd190740cfd6a295a,ENQUEUED,0.059282253570719985,questions_in
2025-10-28T22:57:56.064599,PUBLISH,9b16e95c7aaf41f9920fd4f2bea287fe,68f2d95bd190740cfd6a1f40,ENQUEUED,0.07163168781432717,questions_in
2025-10-28T22:57:57.383322,PUBLISH,4e79a53af7c349528277105119f1bc7f,68f2d95bd190740cfd6a36bf,ENQUEUED,1.3157043396528174,questions_in
2025-10-28T22:57:58.431271,PUBLISH,a75f7fdeddff4e8bb701c7fb7bb37e1e,68f2d95bd190740cfd6a3dbc,ENQUEUED,1.044750101411027,questions_in
2025-10-28T22:57:58.845703,PUBLISH,b15fbb04f7814c5c95c7fec1eabc1ae1,68f2d95bd190740cfd6a26c0,ENQUEUED,0.40517752849889366,questions_in
2025-10-28T22:57:59.498892,PUBLISH,52144ae6675e414997eb2afba71c6b7d,68f2d95bd190740cfd6a389a,ENQUEUED,0.6500726198630085,questions_in
2025-10-28T22:57:59.517269,PUBLISH,97215b55594b4a74b3e75f78bdd9ab04,68f2d95bd190740cfd6a3156,ENQUEUED,0.016313155134591216,questions_in
2025-10-28T22:57:59.898008,PUBLISH,5b902322ae9541eaa8827004b5fd6449,68f2d95bd190740cfd6a1fe9,ENQUEUED,0.3778557122022444,questions_in
2025-10-28T22:58:00.416942,PUBLISH,4e8858f98c4c44d6b1be70701a821355,68f2d95bd190740cfd6a415f,ENQUEUED,0.5161919375427484,questions_in
2025-10-28T22:58:00.719767,PUBLISH,6449cc5bd82a4010b307c120ab020f25,68f2d95bd190740cfd6a352f,ENQUEUED,0.30099207599298944,questions_in
2025-10-28T22:58:00.821535,PUBLISH,893b981d378e4ca5994700cbabba9b24,68f2d95bd190740cfd6a1c04,ENQUEUED,0.09897961281181146,questions_in
2025-10-28T22:58:02.047063,PUBLISH,f77aa7bf4f554c1da1b59d982984ea60,68f2d95bd190740cfd6a40f3,ENQUEUED,1.2206242413350166,questions_in
2025-10-28T22:58:03.174373,PUBLISH,a668886f24ef4dcda14302aa2429f3fd,68f2d95bd190740cfd6a293a,ENQUEUED,1.1241803217055588,questions_in
2025-10-28T22:58:03.715958,PUBLISH,55e1f5fc54d6418c9f2e1111ba7a5de9,68f2d95bd190740cfd6a1bd4,ENQUEUED,0.53795043555325,questions_in
2025-10-28T22:58:04.785845,PUBLISH,8a5600bcdc4c41989eaed61e531e91a9,68f2d95bd190740cfd6a2e60,ENQUEUED,1.0594791303787954,questions_in
2025-10-28T22:58:05.201696,PUBLISH,807eeaf9eaaa48609936035d22058c84,68f2d95bd190740cfd6a3aae,ENQUEUED,0.4137738570969727,questions_in
2025-10-28T22:58:06.740600,PUBLISH,129b5f1f72084a22aff7f92abe730c9a,68f2d95bd190740cfd6a2e5e,ENQUEUED,1.5345197533942663,questions_in
2025-10-28T22:58:07.462768,PUBLISH,e1917f04ed9c441696be601bd5b38c42,68f2d95bd190740cfd6a27c4,ENQUEUED,0.7191059820553631,questions_in
2025-10-28T22:58:07.825418,PUBLISH,a847740a8ba34d3e88f30b9a7c5b1830,68f2d95bd190740cfd6a34a3,ENQUEUED,0.3603639192347266,questions_in
2025-10-28T22:58:08.297129,PUBLISH,27efd9ddf37a42a2b924b41b88c4895a,68f2d95bd190740cfd6a391b,ENQUEUED,0.4653572773377726,questions_in
2025-10-28T22:58:08.866143,PUBLISH,93aa89493c1a47bd8313f031f717e0ae,68f2d95bd190740cfd6a40e1,ENQUEUED,0.5664588004294117,questions_in
2025-10-28T22:58:09.164554,PUBLISH,409ac11881864425a40e53fd325bf411,68f2d95bd190740cfd6a29e1,ENQUEUED,0.2953982888872572,questions_in
2025-10-28T22:58:09.168244,PUBLISH,f3ec97e9f11547a7879eb61bce7569d3,68f2d95bd190740cfd6a406d,ENQUEUED,0.001256951216378872,questions_in
2025-10-28T22:58:09.418865,PUBLISH,4e213f25422d4184bede0b31ad04dc73,68f2d95bd190740cfd6a2bba,ENQUEUED,0.24855084272607456,questions_in
2025-10-28T22:58:11.031130,PUBLISH,e33f7880ce704c39b4a3a15e27d43a1c,68f2d95bd190740cfd6a4112,ENQUEUED,1.6077198494674343,questions_in
2025-10-28T22:58:11.123534,PUBLISH,d148394aab7f4dc189edc2c5a1e54532,68f2d95bd190740cfd6a1c22,ENQUEUED,0.09051624836687922,questions_in
2025-10-28T22:58:11.937028,PUBLISH,c7440c468b114bca938e3e87ced13f14,68f2d95bd190740cfd6a290a,ENQUEUED,0.8050015879243841,questions_in
2025-10-28T22:58:12.378896,PUBLISH,034bd579f69847cc8866298e853c1c5c,68f2d95bd190740cfd6a1be4,ENQUEUED,0.4378005236702682,questions_in
2025-10-28T22:58:12.676145,PUBLISH,aae93f70f8e4453a91bc3d1299b849f2,68f2d95bd190740cfd6a2b18,ENQUEUED,0.2938884768229501,questions_in
2025-10-28T22:58:14.554250,PUBLISH,f8e5eb09a0b84890912a238f698bbd3c,68f2d95bd190740cfd6a3465,ENQUEUED,1.8745668452467887,questions_in
2025-10-28T22:58:14.934946,PUBLISH,3c4069220c454983aaff5ed7e7ded9e2,68f2d95bd190740cfd6a2aef,ENQUEUED,0.37842616442542115,questions_in
2025-10-28T22:58:16.066698,PUBLISH,cf10b600b217409397d8c9a9917a9445,68f2d95bd190740cfd6a23c9,ENQUEUED,1.128796103468054,questions_in
2025-10-28T22:58:17.706338,PUBLISH,a5fcb66fdf47461aa9b20109aeb567a8,68f2d95bd190740cfd6a2e88,ENQUEUED,1.6370136273947145,questions_in
2025-10-28T22:58:18.048938,PUBLISH,a98ffcd8d7964b0db1811dc892c6b043,68f2d95bd190740cfd6a252f,ENQUEUED,0.3340604154706896,questions_in
2025-10-28T22:58:18.198769,PUBLISH,8344ff4feafb4b04a729ec863518f2f4,68f2d95bd190740cfd6a2047,ENQUEUED,0.14789680491726137,questions_in
2025-10-28T22:58:18.516342,PUBLISH,e2c2ecae67c943d3ab2f0dece92fb42d,68f2d95bd190740cfd6a4028,ENQUEUED,0.31569525258812275,questions_in
2025-10-28T22:58:19.110078,PUBLISH,1edf16a23ed941c087d854443f975d81,68f2d95bd190740cfd6a360f,ENQUEUED,0.5905750833783249,questions_in
2025-10-28T22:58:20.522946,PUBLISH,fc32bb48dca14f0d9f5983d2eefd64a4,68f2d95bd190740cfd6a395b,ENQUEUED,1.409442486606529,questions_in
2025-10-28T22:58:21.801401,PUBLISH,d757cd87996b44c288b819a7dbabbdd8,68f2d95bd190740cfd6a3cb8,ENQUEUED,1.275991828221289,questions_in
2025-10-28T22:58:21.970039,PUBLISH,98673d11a1834915b5bff85a75735abc,68f2d95bd190740cfd6a2e43,ENQUEUED,0.16531350001980946,questions_in
2025-10-28T22:58:22.398245,PUBLISH,1be684d0a83f491c8535cf6d31ce996a,68f2d95bd190740cfd6a30c2,ENQUEUED,0.41956406709524807,questions_in
2025-10-28T22:58:22.827026,PUBLISH,6c05a3aa6c6c43869c9295e5d1b5ff36,68f2d95bd190740cfd6a1cea,ENQUEUED,0.4261982569966684,questions_in
2025-10-28T22:58:23.598927,PUBLISH,7a6a9080e8d24e129df1aca8f64e270b,68f2d95bd190740cfd6a235c,ENQUEUED,0.76818789765472,questions_in
2025-10-28T22:58:23.937129,PUBLISH,628cc49eb85f4d4ebdada7f30d5aff56,68f2d95bd190740cfd6a3f8f,ENQUEUED,0.33586706381236603,questions_in
2025-10-28T22:58:25.182726,PUBLISH,a85dd6b34fad4831b176adb2286e4d21,68f2d95bd190740cfd6a311b,ENQUEUED,1.2375912601150267,questions_in
2025-10-28T22:58:26.078226,PUBLISH,11c1caa4fd634c7794242618a39001c8,68f2d95bd190740cfd6a25e4,ENQUEUED,0.892942020046045,questions_in
2025-10-28T22:58:27.369502,PUBLISH,65e890fe34fe472bab78dfce4bc44f39,68f2d95bd190740cfd6a1f3e,ENQUEUED,1.2853906458190232,questions_in
2025-10-28T22:58:28.513722,PUBLISH,1c454d07a8e34c048d815a43411b16b0,68f2d95bd190740cfd6a3331,ENQUEUED,1.1417772519413056,questions_in
2025-10-28T22:58:28.552563,PUBLISH,07185f703df94a9988cf77d25a88627e,68f2d95bd190740cfd6a1fe2,ENQUEUED,0.036352111094806995,questions_in
2025-10-28T22:58:30.908450,PUBLISH,7078e4183cc24f57a951bc004a665f03,68f2d95bd190740cfd6a1ede,ENQUEUED,2.349744749155253,questions_in
2025-10-28T22:58:31.046870,PUBLISH,f0a64cdf2be54eea9f1c727e00ddfa91,68f2d95bd190740cfd6a2e2a,ENQUEUED,0.13589890183188882,questions_in
2025-10-28T22:58:31.351435,PUBLISH,8a79ce460ec14468b78c319729bc2d1f,68f2d95bd190740cfd6a3705,ENQUEUED,0.3014666697345702,questions_in
2025-10-28T22:58:31.953736,PUBLISH,f413ab2718b7400c9df72a63ff8fb1dc,68f2d95bd190740cfd6a1ff0,ENQUEUED,0.5985015927224367,questions_in
2025-10-28T22:58:32.509472,PUBLISH,e3b7124a17f3499ea991939fe571bfe5,68f2d95bd190740cfd6a2d13,ENQUEUED,0.5513452901370256,questions_in
2025-10-28T22:58:32.589071,PUBLISH,61e05284e20e471f958089e1373598e8,68f2d95bd190740cfd6a2a27,ENQUEUED,0.07662136036238267,questions_in
2025-10-28T22:58:33.190200,PUBLISH,68252ac3619c40998028df82da6d27ef,68f2d95bd190740cfd6a1dd1,ENQUEUED,0.5968734754979391,questions_in
2025-10-28T22:58:34.641974,PUBLISH,70a80f01dbbe4be58c60a36c48b131df,68f2d95bd190740cfd6a3011,ENQUEUED,1.4443673415307678,questions_in
2025-10-28T22:58:36.156054,PUBLISH,4bbe51bfdf8e4e64852a6c5ad82b153a,68f2d95bd190740cfd6a38c5,ENQUEUED,1.5092004008278277,questions_in
2025-10-28T22:58:37.140440,PUBLISH,4289f84d0e7d4c9c8a64d67c29eb75ed,68f2d95bd190740cfd6a41ac,ENQUEUED,0.9809814994352414,questions_in
2025-10-28T22:58:37.573325,PUBLISH,59793fbc347546e089b0b16eba0557a8,68f2d95bd190740cfd6a33ef,ENQUEUED,0.4285224377364716,questions_in
2025-10-28T22:58:37.733950,PUBLISH,fa7c96904ac94fdbbd1ed0dcaca22e2a,68f2d95bd190740cfd6a3344,ENQUEUED,0.15894657961926148,questions_in
2025-10-28T22:58:37.971514,PUBLISH,36449f74de8e473c84490a5183359b3f,68f2d95bd190740cfd6a3baf,ENQUEUED,0.2342354276586958,questions_in
2025-10-28T22:58:38.696233,PUBLISH,8582b6f1e5c64f1891e64c89a2a75d36,68f2d95bd190740cfd6a20d8,ENQUEUED,0.7218318949564725,questions_in
2025-10-28T22:58:38.963010,PUBLISH,4f6044ac347e46e38906be2e4f8ee9ff,68f2d95bd190740cfd6a1b94,ENQUEUED,0.2637569200238105,questions_in
2025-10-28T22:58:39.188948,PUBLISH,ec9449636cac4ebebbcd0dfa5e68557b,68f2d95bd190740cfd6a1cd2,ENQUEUED,0.2193010574747206,questions_in
2025-10-28T22:58:40.092845,PUBLISH,9a7c134c1bee4dadb66428c31b6894f3,68f2d95bd190740cfd6a1ef1,ENQUEUED,0.8974275460969686,questions_in
2025-10-28T22:58:40.506263,PUBLISH,d4f7f89c605745cc9800912f345e5a43,68f2d95bd190740cfd6a3564,ENQUEUED,0.4067605811176229,questions_in
2025-10-28T22:58:40.988747,PUBLISH,48acdd0bc00145cb8e791824a23bddd2,68f2d95bd190740cfd6a3f33,ENQUEUED,0.47712256719995866,questions_in
2025-10-28T22:58:41.512522,PUBLISH,d5a1af8418cf4edf86f1b45fa3563fd8,68f2d95bd190740cfd6a1b82,ENQUEUED,0.519857779454091,questions_in
2025-10-28T22:58:41.825596,PUBLISH,bc34d900691e4820bbecce04b442869b,68f2d95bd190740cfd6a2523,ENQUEUED,0.3075514719792218,questions_in
2025-10-28T22:58:43.545839,PUBLISH,683f55576451413a9b8a2eac00f5762f,68f2d95bd190740cfd6a29d0,ENQUEUED,1.7164423911981805,questions_in
2025-10-28T22:58:43.893733,PUBLISH,482df75eb29d4bbe97c3ff3db37e5ce9,68f2d95bd190740cfd6a3f4a,ENQUEUED,0.34313287504975126,questions_in
2025-10-28T22:58:44.423312,PUBLISH,18c84081ad084aab802a218b58297cac,68f2d95bd190740cfd6a3e9a,ENQUEUED,0.5253549135841253,questions_in
2025-10-28T22:58:44.981172,PUBLISH,8dd0228c93ac4fac8107ffea03dd7a3d,68f2d95bd190740cfd6a26fa,ENQUEUED,0.5555575632631548,questions_in
2025-10-28T22:58:45.308414,PUBLISH,183660e7bfb348068eb62fc0d5214d64,68f2d95bd190740cfd6a1beb,ENQUEUED,0.3246446624265193,questions_in
2025-10-28T22:58:45.579351,PUBLISH,0bd80e50c263413b806b85a78d461a31,68f2d95bd190740cfd6a1cb1,ENQUEUED,0.26916806170302726,questions_in
2025-10-28T22:58:45.604797,PUBLISH,a0bfe153b0ef48078f1694e3fac1bf7d,68f2d95bd190740cfd6a38bf,ENQUEUED,0.023078000267707264,questions_in
2025-10-28T22:58:45.799422,PUBLISH,41ab16a2ebe94169bc79f10b16cf4f03,68f2d95bd190740cfd6a3733,ENQUEUED,0.19194390470813125,questions_in
2025-10-28T22:58:45.913532,PUBLISH,82f4bf8000054b96a86711fd44020419,68f2d95bd190740cfd6a37d4,ENQUEUED,0.10827348012579348,questions_in
2025-10-28T22:58:45.930993,PUBLISH,067b6b6454fc4be2b7c3e65e837edb36,68f2d95bd190740cfd6a3ed9,ENQUEUED,0.015461753904061425,questions_in
2025-10-28T22:58:46.065327,PUBLISH,3f845fde24b14c578c7adf9cc75614a9,68f2d95bd190740cfd6a260d,ENQUEUED,0.13215264982742256,questions_in
2025-10-28T22:58:46.817388,PUBLISH,bf9cbda7e2d049ae9f8cf432d5a2722a,68f2d95bd190740cfd6a3bc2,ENQUEUED,0.7484282317637575,questions_in
2025-10-28T22:58:47.151357,PUBLISH,b768e739da804940a70a09f7e3d6b2af,68f2d95bd190740cfd6a3229,ENQUEUED,0.32675431912323316,questions_in
2025-10-28T22:58:48.196525,PUBLISH,1cba4d83ee95444eb3bb616c0d74e7bb,68f2d95bd190740cfd6a2bc4,ENQUEUED,1.0400016380339772,questions_in
2025-10-28T22:58:48.278823,PUBLISH,29c8c347bfd2407e9724795205fbe255,68f2d95bd190740cfd6a3944,ENQUEUED,0.08043385602950275,questions_in
2025-10-28T22:58:48.817072,PUBLISH,d3f7aeea0ebb440c99e81ca8134a1b02,68f2d95bd190740cfd6a3fca,ENQUEUED,0.5361176924025888,questions_in
2025-10-28T22:58:49.309753,PUBLISH,6b767c9e116042ac9efd085c6ba11e6b,68f2d95bd190740cfd6a2c4f,ENQUEUED,0.48988031749058236,questions_in
2025-10-28T22:58:49.477421,PUBLISH,2b368fb388e5443696035c6a61f9126e,68f2d95bd190740cfd6a1ad9,ENQUEUED,0.15917484696171932,questions_in
2025-10-28T22:58:49.527512,PUBLISH,76527e4817554ec8834ebb8cb9b6f902,68f2d95bd190740cfd6a2eb1,ENQUEUED,0.043444994500999735,questions_in
2025-10-28T22:58:49.605488,PUBLISH,7af1c6a519d64278969608343467dacb,68f2d95bd190740cfd6a3e27,ENQUEUED,0.07467675283970927,questions_in
2025-10-28T22:58:49.656113,PUBLISH,42e7ba0f436549809f432c2f50be5ec1,68f2d95bd190740cfd6a270a,ENQUEUED,0.04628124878311993,questions_in
2025-10-28T22:58:49.890044,PUBLISH,260efe7043f94873b2d7b10a371dfa4b,68f2d95bd190740cfd6a2b72,ENQUEUED,0.23064326400734148,questions_in
2025-10-28T22:58:51.123335,PUBLISH,66e334a155a745f28d5f0a71d9215c5a,68f2d95bd190740cfd6a25e9,ENQUEUED,1.2297224498885313,questions_in
2025-10-28T22:58:51.228775,PUBLISH,1804b401cbaa4ed08e944128b97ce8de,68f2d95bd190740cfd6a3010,ENQUEUED,0.1025720884063991,questions_in
2025-10-28T22:58:51.363798,PUBLISH,f21fbb0c6bc8441e853029437b654a2f,68f2d95bd190740cfd6a20c8,ENQUEUED,0.13189854550215765,questions_in
2025-10-28T22:58:51.377770,PUBLISH,991ce8cf9092439ca188c85bb50dadcd,68f2d95bd190740cfd6a3ca9,ENQUEUED,0.012316343241715476,questions_in
2025-10-28T22:58:52.302182,PUBLISH,7aef8d3a4f5647388be41d874fc36be6,68f2d95bd190740cfd6a3641,ENQUEUED,0.9200326447578574,questions_in
2025-10-28T22:58:52.551537,PUBLISH,e95c56a02e7e4ccf833a1def9a37ea76,68f2d95bd190740cfd6a3d08,ENQUEUED,0.24645606636521722,questions_in
2025-10-28T22:58:54.443415,PUBLISH,51acdefed14544ba9893aaec605c8335,68f2d95bd190740cfd6a290d,ENQUEUED,1.8885084466506,questions_in
2025-10-28T22:58:55.597363,PUBLISH,9acccf48e2aa489695d9c65e2bf876da,68f2d95bd190740cfd6a319d,ENQUEUED,1.15109372459977,questions_in
2025-10-28T22:58:57.295392,PUBLISH,650b872424a94c62b8d4a373b07260bb,68f2d95bd190740cfd6a335c,ENQUEUED,1.693998739103083,questions_in
2025-10-28T22:59:00.177482,PUBLISH,33281650d3db4cd18011c5568406be10,68f2d95bd190740cfd6a2f51,ENQUEUED,2.8773017313301685,questions_in
2025-10-28T22:59:00.293659,PUBLISH,ed33a279e0354fc1ae3b2168d1e1f647,68f2d95bd190740cfd6a1b3e,ENQUEUED,0.11380263848416915,questions_in
2025-10-28T22:59:03.912253,PUBLISH,43c7bc7f648f4925923087abdf88d0ea,68f2d95bd190740cfd6a3833,ENQUEUED,3.6096585470879687,questions_in
2025-10-28T22:59:05.077395,PUBLISH,a892894823ae4048b28c05605bfd3b40,68f2d95bd190740cfd6a38eb,ENQUEUED,1.1611541243561405,questions_in
2025-10-28T22:59:05.209548,PUBLISH,c89565fbf41b4940932a943229d47402,68f2d95bd190740cfd6a23e9,ENQUEUED,0.13053797213979432,questions_in
2025-10-28T22:59:05.842760,PUBLISH,f9b5c31ca0f740ea8b97cb27a7777b95,68f2d95bd190740cfd6a28b4,ENQUEUED,0.6307536155024492,questions_in
2025-10-28T22:59:07.130149,PUBLISH,c9131b47d2144f098d518f4975c9b8f1,68f2d95bd190740cfd6a1ee8,ENQUEUED,1.2846782525020441,questions_in
2025-10-28T22:59:08.337755,PUBLISH,5d8cb34c5da045258e7ecb4de5df05c9,68f2d95bd190740cfd6a2930,ENQUEUED,1.2048757082123716,questions_in
2025-10-28T22:59:08.936570,PUBLISH,0b8b81fa6e404c93ac833241efc5891e,68f2d95bd190740cfd6a3910,ENQUEUED,0.5961782949855401,questions_in
2025-10-28T22:59:09.398412,PUBLISH,88880ded75404a6bb33efa6cb9edc317,68f2d95bd190740cfd6a41b2,ENQUEUED,0.4578125757013412,questions_in
2025-10-28T22:59:10.382316,PUBLISH,e0b4b6d0d187452ea08504282c1e190c,68f2d95bd190740cfd6a3f6c,ENQUEUED,0.9758304526786472,questions_in
2025-10-28T22:59:10.762907,PUBLISH,0be2a354a36d48b4a6bf7afe41cdd4ca,68f2d95bd190740cfd6a1eef,ENQUEUED,0.37778051559595394,questions_in
2025-10-28T22:59:10.885787,PUBLISH,14a573e807b74234ad5163526757478c,68f2d95bd190740cfd6a3f5f,ENQUEUED,0.11666430268801914,questions_in
2025-10-28T22:59:11.041838,PUBLISH,04c97146283b4d60b03da360626d4395,68f2d95bd190740cfd6a2132,ENQUEUED,0.1539274738519338,questions_in
2025-10-28T22:59:12.369448,PUBLISH,481155ccb23b4a9eb8fae600ee338811,68f2d95bd190740cfd6a2e08,ENQUEUED,1.324669183290294,questions_in
2025-10-28T22:59:13.677328,PUBLISH,aa68595626e643aeb1bf8661a1d76a21,68f2d95bd190740cfd6a1e15,ENQUEUED,1.3041382100949555,questions_in
2025-10-28T22:59:14.638330,PUBLISH,64a9f29783ff417f9ae6224b1ed0daca,68f2d95bd190740cfd6a3615,ENQUEUED,0.958433091032835,questions_in
2025-10-28T22:59:15.117164,PUBLISH,a5f18355cedc45618cff36a45086acdd,68f2d95bd190740cfd6a34ae,ENQUEUED,0.4766028756546676,questions_in
2025-10-28T22:59:17.787705,PUBLISH,e60f87b97b7a4354844bd5c1a47ac71c,68f2d95bd190740cfd6a28e4,ENQUEUED,2.6661393610409534,questions_in
2025-10-28T22:59:17.838164,PUBLISH,1c4bda60f65c4690923ee6da7430f20c,68f2d95bd190740cfd6a3676,ENQUEUED,0.047561182618901826,questions_in
2025-10-28T22:59:18.055531,PUBLISH,77d27789b28144348752d3cb919dc4c3,68f2d95bd190740cfd6a37bb,ENQUEUED,0.21529840670210246,questions_in
2025-10-28T22:59:18.165159,PUBLISH,820b9f65451f49f0a84341d8ac8bf4b4,68f2d95bd190740cfd6a2a90,ENQUEUED,0.10604028827591205,questions_in
2025-10-28T22:59:18.385974,PUBLISH,be495696d92449d8a6b5a283f6473ffb,68f2d95bd190740cfd6a1e45,ENQUEUED,0.21845703540441078,questions_in
2025-10-28T22:59:20.253485,PUBLISH,eb6d68089dfd44169e8034176df08bcf,68f2d95bd190740cfd6a26b2,ENQUEUED,1.8595558061356288,questions_in
2025-10-28T22:59:20.691378,PUBLISH,b712403de05c4bca8a9d1d655690eb7d,68f2d95bd190740cfd6a3033,ENQUEUED,0.43504440701241287,questions_in
2025-10-28T22:59:22.104405,PUBLISH,3993a06310a24c79b3b6b4e2f2f468c0,68f2d95bd190740cfd6a31bb,ENQUEUED,1.4092109696930037,questions_in
2025-10-28T22:59:22.184407,PUBLISH,bf32e2ec33dd4e54b29307f3c0c75881,68f2d95bd190740cfd6a2e7f,ENQUEUED,0.07809912350264454,questions_in
2025-10-28T22:59:24.403576,PUBLISH,1f46c010d5134c9584fef807749bcf53,68f2d95bd190740cfd6a2e03,ENQUEUED,2.21510883092487,questions_in
2025-10-28T22:59:24.869072,PUBLISH,d54ad3fae27047a68927f134a0acf960,68f2d95bd190740cfd6a3d15,ENQUEUED,0.46318996792434947,questions_in
2025-10-28T22:59:25.038371,PUBLISH,cbaff8c1345540fab2aea50907866712,68f2d95bd190740cfd6a2fd0,ENQUEUED,0.16600334258291385,questions_in
2025-10-28T22:59:25.454663,PUBLISH,6471bd8f2af644959cf686e10a5e4f81,68f2d95bd190740cfd6a37ac,ENQUEUED,0.4140518369194129,questions_in
2025-10-28T22:59:25.572099,PUBLISH,99047328eec4410d81e2e9dc9521bb01,68f2d95bd190740cfd6a2ed9,ENQUEUED,0.11590599943203883,questions_in
2025-10-28T22:59:26.180901,PUBLISH,f1ff60bb046041d2b5859343c1a14ae1,68f2d95bd190740cfd6a2505,ENQUEUED,0.6037871272044079,questions_in
2025-10-28T22:59:26.970322,PUBLISH,012915a28be44ab6b2103780aa332b88,68f2d95bd190740cfd6a2a9e,ENQUEUED,0.786880265040173,questions_in
2025-10-28T22:59:27.273152,PUBLISH,4f71c513b11a4da29aef3cffb1ef2290,68f2d95bd190740cfd6a33ee,ENQUEUED,0.30124448355158445,questions_in
2025-10-28T22:59:27.788333,PUBLISH,b5e1f07a13c441368382733885174de6,68f2d95bd190740cfd6a3aa7,ENQUEUED,0.5132274337415909,questions_in
2025-10-28T22:59:29.230826,PUBLISH,de5bd7c7ca5c4deaa955188c65bc16eb,68f2d95bd190740cfd6a1e07,ENQUEUED,1.4375859322189475,questions_in
2025-10-28T22:59:29.620507,PUBLISH,e24f7b24903d4f9c98674d5f034ae20d,68f2d95bd190740cfd6a291a,ENQUEUED,0.387688354449244,questions_in
2025-10-28T22:59:29.845333,PUBLISH,0461054c26d84f36b7fe81d569bc547e,68f2d95bd190740cfd6a3d96,ENQUEUED,0.22040841450901957,questions_in
2025-10-28T22:59:29.861842,PUBLISH,567ac8585e234df0b47849a9d7106837,68f2d95bd190740cfd6a1c68,ENQUEUED,0.011452626107965479,questions_in
2025-10-28T22:59:30.836107,PUBLISH,16f982c920aa44cc966b3db75ba99baf,68f2d95bd190740cfd6a29f3,ENQUEUED,0.9716554398699522,questions_in
2025-10-28T22:59:31.399076,PUBLISH,6a1db73d17c24cd092b4ed3e44903a3a,68f2d95bd190740cfd6a3a4c,ENQUEUED,0.5596664083584091,questions_in
2025-10-28T22:59:31.465078,PUBLISH,02e3c551ee994c98803b3bb9f4b9679c,68f2d95bd190740cfd6a2f9f,ENQUEUED,0.06374857071828315,questions_in
2025-10-28T22:59:31.923277,PUBLISH,2952cb6683fe4714811c91f4171f542d,68f2d95bd190740cfd6a313e,ENQUEUED,0.45541550643997225,questions_in
2025-10-28T22:59:32.395899,PUBLISH,9c22042d0a624e5cab3a082a1e0a686b,68f2d95bd190740cfd6a2f4a,ENQUEUED,0.46776540774904835,questions_in
2025-10-28T22:59:32.760188,PUBLISH,6ebf4066440143ba929cace51d465b14,68f2d95bd190740cfd6a245f,ENQUEUED,0.3607286993134016,questions_in
2025-10-28T22:59:33.403213,PUBLISH,9c4bf29095034798be000bee458cb689,68f2d95bd190740cfd6a23a6,ENQUEUED,0.6365512786722066,questions_in
2025-10-28T22:59:33.980574,PUBLISH,35cceac2d4d7477b87e34882c1fb117f,68f2d95bd190740cfd6a1bbc,ENQUEUED,0.5746573329428497,questions_in
2025-10-28T22:59:35.192093,PUBLISH,01bd2e7d8d5d4355b133314ce55dc0f8,68f2d95bd190740cfd6a2f61,ENQUEUED,1.2079380784041351,questions_in
2025-10-28T22:59:35.324533,PUBLISH,5dc78468825f4f1b9bf000389baf3ea6,68f2d95bd190740cfd6a2d1d,ENQUEUED,0.12704013109049542,questions_in
2025-10-28T22:59:35.594095,PUBLISH,37377876267f4df29fe5800407f43fe9,68f2d95bd190740cfd6a250f,ENQUEUED,0.2664714229870457,questions_in
2025-10-28T22:59:36.566492,PUBLISH,9a9f94504e444d05835d7b5f014f0c6c,68f2d95bd190740cfd6a3c08,ENQUEUED,0.9704450884866498,questions_in
2025-10-28T22:59:37.017918,PUBLISH,6800b447430c4c068112ade3c9300e63,68f2d95bd190740cfd6a3c6c,ENQUEUED,0.4494648533382533,questions_in
2025-10-28T22:59:37.897208,PUBLISH,3e8e738209b84c38a6c8ebd97dc3533c,68f2d95bd190740cfd6a3120,ENQUEUED,0.8769983570562964,questions_in
2025-10-28T22:59:37.963341,PUBLISH,35d78140f7054241ab3d831acac8f7fb,68f2d95bd190740cfd6a2862,ENQUEUED,0.05958398154606621,questions_in
2025-10-28T22:59:39.116781,PUBLISH,c123cc3c3400401c93bd192efb494d72,68f2d95bd190740cfd6a1f1d,ENQUEUED,1.1491900546022202,questions_in
2025-10-28T22:59:40.337341,PUBLISH,510eb65e2adf469997a8eea6b03ad96f,68f2d95bd190740cfd6a2ee8,ENQUEUED,1.217534436161361,questions_in
2025-10-28T22:59:40.766499,PUBLISH,4b937f0d65ed4d759550d3e2c758a493,68f2d95bd190740cfd6a40a4,ENQUEUED,0.4271628153162392,questions_in
2025-10-28T22:59:41.663706,PUBLISH,1bd7da10c77e42a0bff474a38cbccbc0,68f2d95bd190740cfd6a2464,ENQUEUED,0.8943310984581657,questions_in
2025-10-28T22:59:43.359692,PUBLISH,59b78b5456c1498b94d31ca5823703f1,68f2d95bd190740cfd6a2d28,ENQUEUED,1.6917350196410157,questions_in
2025-10-28T22:59:43.571266,PUBLISH,eac4f639d2dc4078a9dcf596faa5f406,68f2d95bd190740cfd6a1f06,ENQUEUED,0.20900594462912994,questions_in
2025-10-28T22:59:43.581312,PUBLISH,b38f19e5ed054b27b6266c99c66590f8,68f2d95bd190740cfd6a3ce3,ENQUEUED,0.008191627782547381,questions_in
2025-10-28T22:59:43.912814,PUBLISH,509d0c6f267c408aaa0bfdcc92be369f,68f2d95bd190740cfd6a1ebd,ENQUEUED,0.3271494530056758,questions_in
2025-10-28T22:59:43.966195,PUBLISH,64b275f339514b82ae5f464c8543dc1f,68f2d95bd190740cfd6a4008,ENQUEUED,0.051703504718966335,questions_in
2025-10-28T22:59:44.760260,PUBLISH,ee622832b2de4c1fa2e8174cabf2350e,68f2d95bd190740cfd6a3b55,ENQUEUED,0.7919295545109571,questions_in
2025-10-28T22:59:44.918816,PUBLISH,73a43017d64b4ef1822a61cf1cdde7ef,68f2d95bd190740cfd6a308f,ENQUEUED,0.1559411510206429,questions_in
2025-10-28T22:59:45.899105,PUBLISH,14a96c09188746e498b1ac2619dbd088,68f2d95bd190740cfd6a1d8c,ENQUEUED,0.9783291453027599,questions_in
2025-10-28T22:59:47.024795,PUBLISH,febf7d2b394548d2af0361fe1697df80,68f2d95bd190740cfd6a1ea6,ENQUEUED,1.1218601242253035,questions_in
2025-10-28T22:59:47.598900,PUBLISH,540fa25e4afc40aa94e17ee4f10aff11,68f2d95bd190740cfd6a1be0,ENQUEUED,0.5715761422102589,questions_in
2025-10-28T22:59:49.392329,PUBLISH,c638036535c145559fa79f3c776c2c93,68f2d95bd190740cfd6a1d22,ENQUEUED,1.7893929457025708,questions_in
2025-10-28T22:59:50.060599,PUBLISH,633040e034634ceca5df8343d0fc9dba,68f2d95bd190740cfd6a252b,ENQUEUED,0.6659509498357489,questions_in
2025-10-28T22:59:50.067275,PUBLISH,b69712dab1364da08c331c045c4c03ed,68f2d95bd190740cfd6a2190,ENQUEUED,0.004627336575133663,questions_in
2025-10-28T22:59:50.173118,PUBLISH,1f13bf3339624f51b99cccd8b0ec6a72,68f2d95bd190740cfd6a2f10,ENQUEUED,0.10266585342937573,questions_in
2025-10-28T22:59:50.632551,PUBLISH,6b159a70ac784454884d7033b87267de,68f2d95bd190740cfd6a31e5,ENQUEUED,0.45750588836137523,questions_in
2025-10-28T22:59:52.679612,PUBLISH,5bd931bb64764a0a853d3a197bcdaffe,68f2d95bd190740cfd6a3f6e,ENQUEUED,2.0439372517908416,questions_in
2025-10-28T22:59:54.349038,PUBLISH,d5fe048922d540af88c0068f37954a30,68f2d95bd190740cfd6a3b2b,ENQUEUED,1.6654704102743478,questions_in
2025-10-28T22:59:55.212164,PUBLISH,ab9db14466a7470fa68e3e67a806b19a,68f2d95bd190740cfd6a3152,ENQUEUED,0.8612098588395578,questions_in
2025-10-28T22:59:56.288375,PUBLISH,ea0ef08f1fa040b4b21939bc6034f03c,68f2d95bd190740cfd6a2171,ENQUEUED,1.0731206446905246,questions_in
2025-10-28T22:59:57.146464,PUBLISH,49a43a6dfdb243ba8135abe3489af684,68f2d95bd190740cfd6a26b2,ENQUEUED,0.8557483602209124,questions_in
2025-10-28T22:59:57.960264,PUBLISH,2300db18568548f69f2a928ed3b8589e,68f2d95bd190740cfd6a1d53,ENQUEUED,0.8115174584427575,questions_in
2025-10-28T22:59:58.145020,PUBLISH,8ddcffddf8a145fc82651e775beda3ae,68f2d95bd190740cfd6a2e17,ENQUEUED,0.18278323097209834,questions_in
2025-10-28T22:59:59.561724,PUBLISH,46e42f863c654e5a940cbc21b40a7d57,68f2d95bd190740cfd6a254f,ENQUEUED,1.4101881098651499,questions_in
2025-10-28T22:59:59.738784,PUBLISH,8e227e6383104e07ab3ce6069205daf7,68f2d95bd190740cfd6a370c,ENQUEUED,0.1733738188097735,questions_in
2025-10-28T23:00:00.502137,PUBLISH,d9dfdc641a5247aaa0fda32f81df2814,68f2d95bd190740cfd6a1e93,ENQUEUED,0.7610981325647921,questions_in
2025-10-28T23:00:02.633409,PUBLISH,72228ffcf0f546bbb1596440aa41508f,68f2d95bd190740cfd6a3747,ENQUEUED,2.1264673107169307,questions_in
2025-10-28T23:00:03.058880,PUBLISH,52853d25e3c84e91833a5e373ceb4c40,68f2d95bd190740cfd6a2b15,ENQUEUED,0.4221791488527593,questions_in
2025-10-28T23:00:03.243684,PUBLISH,19e84d018f3543e1b34e9c1bf92c25c9,68f2d95bd190740cfd6a1f4f,ENQUEUED,0.1827995586810517,questions_in
2025-10-28T23:00:05.344356,PUBLISH,caad2a61b5f749e1bcc3009a0ba5c6ae,68f2d95bd190740cfd6a2a8c,ENQUEUED,2.0969055761261397,questions_in
2025-10-28T23:00:05.429823,PUBLISH,40a5ba5c1073416791c8f58d8981013b,68f2d95bd190740cfd6a3a38,ENQUEUED,0.08337788026827253,questions_in
2025-10-28T23:00:06.179536,PUBLISH,927b7826be6a4b2aa7b728a53ad6fa37,68f2d95bd190740cfd6a1b16,ENQUEUED,0.7470887885476873,questions_in
2025-10-28T23:00:06.738974,PUBLISH,15615f77a37f41139c2965f7cd649227,68f2d95bd190740cfd6a3f6e,ENQUEUED,0.555608961797423,questions_in
2025-10-28T23:00:07.649335,PUBLISH,f8c3501fb8a44cbe8162df9bf92f5aee,68f2d95bd190740cfd6a376b,ENQUEUED,0.9086705065921926,questions_in
2025-10-28T23:00:07.729114,PUBLISH,87acde7df6b04482903e79d51acf6d4b,68f2d95bd190740cfd6a31ad,ENQUEUED,0.07744112297309104,questions_in
2025-10-28T23:00:10.389164,PUBLISH,e0f20d6c3dfb4855a1a76a5f84ebdcbd,68f2d95bd190740cfd6a1fe2,ENQUEUED,2.653497453892666,questions_in
2025-10-28T23:00:10.931312,PUBLISH,5ced913897a84cebb2089c4c3ad3b7d4,68f2d95bd190740cfd6a2677,ENQUEUED,0.5392479983298012,questions_in
2025-10-28T23:00:11.290292,PUBLISH,9350142d9e594637af6d451fd31d255d,68f2d95bd190740cfd6a30bb,ENQUEUED,0.35635644664713184,questions_in
2025-10-28T23:00:11.579829,PUBLISH,0d8bb460986b48ee88de445a8adb94b0,68f2d95bd190740cfd6a1d4e,ENQUEUED,0.2836865482060851,questions_in
2025-10-28T23:00:14.128780,PUBLISH,f2fe08ea8f884faca2ecaf1c0dde72ba,68f2d95bd190740cfd6a3a40,ENQUEUED,2.5442207428690247,questions_in
2025-10-28T23:00:14.203219,PUBLISH,b6b08f5ea8fa4c848b7d0d5a5d4bdf15,68f2d95bd190740cfd6a33d8,ENQUEUED,0.07059804384361132,questions_in
2025-10-28T23:00:14.670296,PUBLISH,2c19e889d49f42d1939110af0f0faff5,68f2d95bd190740cfd6a3d54,ENQUEUED,0.4627151453777496,questions_in
2025-10-28T23:00:15.104363,PUBLISH,a564e407e1e74bfab2286499f52d1694,68f2d95bd190740cfd6a248d,ENQUEUED,0.4316107870141492,questions_in
2025-10-28T23:00:15.728889,PUBLISH,23d5a1b8ae1e4699b158ff17ddb7c943,68f2d95bd190740cfd6a1d80,ENQUEUED,0.6213145188709427,questions_in
2025-10-28T23:00:16.305820,PUBLISH,d108fa1b10304e9dbc9a0843b412a539,68f2d95bd190740cfd6a1b2d,ENQUEUED,0.5747426730122606,questions_in
2025-10-28T23:00:16.980362,PUBLISH,f6eb4b4311b44fa9aeddcdf4270a83ed,68f2d95bd190740cfd6a1d01,ENQUEUED,0.6708768657626996,questions_in
2025-10-28T23:00:17.175424,PUBLISH,a25ee1abd0a34dbc83b1678b934efba4,68f2d95bd190740cfd6a346c,ENQUEUED,0.19295824855041244,questions_in
2025-10-28T23:00:17.380394,PUBLISH,d4561bcc925a496a87ef976d56dd1446,68f2d95bd190740cfd6a2bc7,ENQUEUED,0.20241448817019625,questions_in
2025-10-28T23:00:19.228838,PUBLISH,0192ad7b6895448eb0f458b4f3a8dfe3,68f2d95bd190740cfd6a3818,ENQUEUED,1.844442688762584,questions_in
2025-10-28T23:00:19.795286,PUBLISH,f8ff596e14e4436785974418c5c7a536,68f2d95bd190740cfd6a2563,ENQUEUED,0.563479789168667,questions_in
2025-10-28T23:00:20.059307,PUBLISH,90bc211ffd8b4d248c0a978abe675985,68f2d95bd190740cfd6a3ac0,ENQUEUED,0.2620719308686834,questions_in
2025-10-28T23:00:21.278757,PUBLISH,0e184a0ecee04107acc3e07909e28b75,68f2d95bd190740cfd6a277b,ENQUEUED,1.216437983830866,questions_in
2025-10-28T23:00:21.309531,PUBLISH,6946f71d6761492f91e4b82440a710b0,68f2d95bd190740cfd6a274a,ENQUEUED,0.028768450513142762,questions_in
2025-10-28T23:00:21.504264,PUBLISH,12a46cbbdfb6469a8b2bb7df1ef51c04,68f2d95bd190740cfd6a3473,ENQUEUED,0.192545005805704,questions_in
2025-10-28T23:00:23.234940,PUBLISH,61827f02a5a94fdeb58fada3ed7834b6,68f2d95bd190740cfd6a3923,ENQUEUED,1.7249353444280473,questions_in
2025-10-28T23:00:23.536001,PUBLISH,263135abc416436b81f86990e46093ae,68f2d95bd190740cfd6a3fc2,ENQUEUED,0.29199681074110045,questions_in
2025-10-28T23:00:23.662958,PUBLISH,adc38848dcef4cf893f09143911caa15,68f2d95bd190740cfd6a3e99,ENQUEUED,0.12492695008432786,questions_in
2025-10-28T23:00:23.731674,PUBLISH,319d567bd84346f3b0d56f8fd4d85340,68f2d95bd190740cfd6a3ec0,ENQUEUED,0.06694670315395464,questions_in
2025-10-28T23:00:23.844076,PUBLISH,1bfecf7afc54470b9d37446de8843b7d,68f2d95bd190740cfd6a35ee,ENQUEUED,0.10986464386113508,questions_in
2025-10-28T23:00:23.864089,PUBLISH,fea4afe9b09f4c3bbb0614012f08dc39,68f2d95bd190740cfd6a2835,ENQUEUED,0.01827413307999506,questions_in
2025-10-28T23:00:24.789378,PUBLISH,a4bfc52f95b94037ba4f1725d87f8958,68f2d95bd190740cfd6a3584,ENQUEUED,0.9230171398808547,questions_in
2025-10-28T23:00:25.855291,PUBLISH,1e04d5e15d09411ab5f0f3ac6970ace4,68f2d95bd190740cfd6a29f2,ENQUEUED,1.0633684350253023,questions_in
2025-10-28T23:00:27.167324,PUBLISH,b878625f075f4fc4859b6983a1b6686a,68f2d95bd190740cfd6a40c9,ENQUEUED,1.3088617766523034,questions_in
2025-10-28T23:00:27.346094,PUBLISH,502831492b8846c38f0d73e557f2403a,68f2d95bd190740cfd6a29ba,ENQUEUED,0.1742358751343359,questions_in
2025-10-28T23:00:27.817917,PUBLISH,731ba32c85494b2b86ffe8e2408933f6,68f2d95bd190740cfd6a1bf5,ENQUEUED,0.46816846407875995,questions_in
2025-10-28T23:00:28.367909,PUBLISH,4305dc55677c444a8d46ca50d9d0bbd4,68f2d95bd190740cfd6a1e8e,ENQUEUED,0.5476577101261918,questions_in
2025-10-28T23:00:28.857981,PUBLISH,6ba1882e481543d6a527280814899552,68f2d95bd190740cfd6a36b5,ENQUEUED,0.48736187967188854,questions_in
2025-10-28T23:00:31.359603,PUBLISH,5db042564d94498e86d9a9180769b4d7,68f2d95bd190740cfd6a3e82,ENQUEUED,2.4969387303454442,questions_in
2025-10-28T23:00:32.696396,PUBLISH,47bf30bcef53433bb9035f5fa61311d2,68f2d95bd190740cfd6a22cd,ENQUEUED,1.3343685211375538,questions_in
2025-10-28T23:00:33.476535,PUBLISH,7e308420cbf842efafa507e883e767d2,68f2d95bd190740cfd6a356d,ENQUEUED,0.7744069096667862,questions_in
2025-10-28T23:00:33.841126,PUBLISH,3fa15f07036e4411805a6093d656a610,68f2d95bd190740cfd6a349b,ENQUEUED,0.3623903943987064,questions_in
2025-10-28T23:00:33.944581,PUBLISH,937e65bd2932470c8831f91237fa7746,68f2d95bd190740cfd6a2ea0,ENQUEUED,0.09905191741176932,questions_in
2025-10-28T23:00:34.157808,PUBLISH,44659bcbb1af49b0a84efffa2b6ab799,68f2d95bd190740cfd6a389a,ENQUEUED,0.21008958017052162,questions_in
2025-10-28T23:00:35.161964,PUBLISH,80ed4f810f24460a806764f49bc28b89,68f2d95bd190740cfd6a1d47,ENQUEUED,1.0005582997493252,questions_in
2025-10-28T23:00:35.762254,PUBLISH,f00806dbb1e6457a8a98062a716af221,68f2d95bd190740cfd6a3726,ENQUEUED,0.5941389098868766,questions_in
2025-10-28T23:00:41.414794,PUBLISH,28c83137f050447f839271f315f5aba1,68f2d95bd190740cfd6a3d29,ENQUEUED,5.643028848989697,questions_in
2025-10-28T23:00:41.549336,PUBLISH,a570f3ae3e4f49298d7324875fbc08ee,68f2d95bd190740cfd6a3c11,ENQUEUED,0.13125801805333318,questions_in
2025-10-28T23:00:41.622995,PUBLISH,3507fc41cd954b8c8f8377ca026333fa,68f2d95bd190740cfd6a2382,ENQUEUED,0.0702652947843222,questions_in
2025-10-28T23:00:41.677150,PUBLISH,5dc0f3b6492241b5ba28c2284ecc0ca0,68f2d95bd190740cfd6a1eb0,ENQUEUED,0.0517431339518298,questions_in
2025-10-28T23:00:42.516228,PUBLISH,1029ff513c2847aab3b648467f2b4f26,68f2d95bd190740cfd6a1c07,ENQUEUED,0.8349092554648242,questions_in
2025-10-28T23:00:43.293960,PUBLISH,5c71b15230814d6197cd0dab421db6e0,68f2d95bd190740cfd6a22c5,ENQUEUED,0.7741928165940507,questions_in
2025-10-28T23:00:44.317974,PUBLISH,8d2cf6e7a80a414f8ab03528b9cd50b2,68f2d95bd190740cfd6a359f,ENQUEUED,1.01935974141892,questions_in
2025-10-28T23:00:44.393022,PUBLISH,d31cd26cb5f54bfcaf53623cad36a862,68f2d95bd190740cfd6a2adf,ENQUEUED,0.06041574348747886,questions_in
2025-10-28T23:00:44.596055,PUBLISH,eb9c5bf79649427aaa5be3cd95c63bdf,68f2d95bd190740cfd6a228c,ENQUEUED,0.19961563316014744,questions_in
2025-10-28T23:00:46.508856,PUBLISH,bff03efc2bb74b3d9f8affb5facf0d9a,68f2d95bd190740cfd6a27b9,ENQUEUED,1.908923275091162,questions_in
2025-10-28T23:00:46.904827,PUBLISH,75f1d82af2fb4042a123574052288ede,68f2d95bd190740cfd6a3980,ENQUEUED,0.3935218692223959,questions_in
2025-10-28T23:00:46.986883,PUBLISH,0f32876111704d53933c04a737594e85,68f2d95bd190740cfd6a3293,ENQUEUED,0.08011174414874973,questions_in
2025-10-28T23:00:47.508288,PUBLISH,98e6729a7c01408ab9b3107af2edb2d0,68f2d95bd190740cfd6a38bf,ENQUEUED,0.5193141930798933,questions_in
2025-10-28T23:00:47.753032,PUBLISH,ae3d3d31a7f54a66bc8c278c1452525f,68f2d95bd190740cfd6a22a9,ENQUEUED,0.2427468590463904,questions_in
2025-10-28T23:00:48.656269,PUBLISH,a3c332cd8b594621be2d1bda6c672150,68f2d95bd190740cfd6a359c,ENQUEUED,0.9013277751239147,questions_in
2025-10-28T23:00:48.942990,PUBLISH,0c06d1952d34431c85e82a7c71f3a412,68f2d95bd190740cfd6a3335,ENQUEUED,0.28453042228942255,questions_in
2025-10-28T23:00:49.055748,PUBLISH,00f33c4f30254c038c858ff0e115bb49,68f2d95bd190740cfd6a3aa3,ENQUEUED,0.11068516507118188,questions_in
2025-10-28T23:00:49.170368,PUBLISH,9b6907d35cba4598a116a13a09c132cc,68f2d95bd190740cfd6a1e75,ENQUEUED,0.11217302487928636,questions_in
2025-10-28T23:00:49.400318,PUBLISH,ebbab185fb404bcc82b71776741c7a51,68f2d95bd190740cfd6a3bf4,ENQUEUED,0.22798929842172652,questions_in
2025-10-28T23:00:49.603597,PUBLISH,fac5c1104a47412bbd29535f9193524f,68f2d95bd190740cfd6a3df0,ENQUEUED,0.1959261081943522,questions_in
2025-10-28T23:00:49.924246,PUBLISH,4aec3cccd2514d5c8453c56a8251839d,68f2d95bd190740cfd6a245a,ENQUEUED,0.31887227873597584,questions_in
2025-10-28T23:00:50.763923,PUBLISH,9872baa9f81349faaad7a382b1d96479,68f2d95bd190740cfd6a2ca8,ENQUEUED,0.8352597974546808,questions_in
2025-10-28T23:00:50.863369,PUBLISH,29f361bb1b9d4b76b0dfc5719a7f847e,68f2d95bd190740cfd6a28cc,ENQUEUED,0.09603483116239375,questions_in
2025-10-28T23:00:51.117798,PUBLISH,a4bf034a46d0449096866817a47797d7,68f2d95bd190740cfd6a2ba9,ENQUEUED,0.2512681958233859,questions_in
2025-10-28T23:00:51.281593,PUBLISH,20d0f3b9b7334fc38fe114e615f770eb,68f2d95bd190740cfd6a237c,ENQUEUED,0.15905193712974305,questions_in
2025-10-28T23:00:52.406993,PUBLISH,e633a200158d4d1fb3b48b3648d6c5e3,68f2d95bd190740cfd6a23be,ENQUEUED,1.119720461866165,questions_in
2025-10-28T23:00:53.617405,PUBLISH,783504dbff7b44fc8e74dd94db105172,68f2d95bd190740cfd6a1e00,ENQUEUED,1.2070015485218235,questions_in
2025-10-28T23:00:54.337014,PUBLISH,0aab18160a6545c38e96249a916a84cf,68f2d95bd190740cfd6a213b,ENQUEUED,0.7175656076310929,questions_in
2025-10-28T23:00:55.474559,PUBLISH,e79797a2310d418e8b2a9e2a2cd4d472,68f2d95bd190740cfd6a1eda,ENQUEUED,1.1311774226797502,questions_in
2025-10-28T23:00:56.236555,PUBLISH,490d66b35aca4c66b7453b4a75af8d3f,68f2d95bd190740cfd6a1b03,ENQUEUED,0.7597566517961498,questions_in
2025-10-28T23:00:56.356512,PUBLISH,d9c13d59869f4424b4fd63038c537f67,68f2d95bd190740cfd6a3783,ENQUEUED,0.1181932041654285,questions_in
2025-10-28T23:00:56.563263,PUBLISH,d1ad557a94034837a91e142168fde36d,68f2d95bd190740cfd6a340a,ENQUEUED,0.2031336087409319,questions_in
2025-10-28T23:00:56.638210,PUBLISH,851db7ac2ef248559d37c8873697178c,68f2d95bd190740cfd6a220d,ENQUEUED,0.07235377646053415,questions_in
2025-10-28T23:00:56.761357,PUBLISH,7098d8168e7044e1a97861ea4d04d404,68f2d95bd190740cfd6a29b7,ENQUEUED,0.11945498862181624,questions_in
2025-10-28T23:00:58.215934,PUBLISH,b99e105e8ca64beebcc225120c201e9e,68f2d95bd190740cfd6a3bc2,ENQUEUED,1.4466132297781773,questions_in
2025-10-28T23:00:59.044969,PUBLISH,11115a1a46614c7d97102004f9f8087c,68f2d95bd190740cfd6a2bbf,ENQUEUED,0.8261176772589293,questions_in
2025-10-28T23:00:59.394340,PUBLISH,071fd1f793f54bf78012aab973934645,68f2d95bd190740cfd6a3948,ENQUEUED,0.3458751901038346,questions_in
2025-10-28T23:00:59.556975,PUBLISH,6586469f88214ae19d9039920229f8fa,68f2d95bd190740cfd6a39c7,ENQUEUED,0.160806839449546,questions_in
2025-10-28T23:00:59.745964,PUBLISH,0bb3f073bf8c4be7a633d84d5f9e32d3,68f2d95bd190740cfd6a240c,ENQUEUED,0.1866527412261886,questions_in
2025-10-28T23:00:59.766255,PUBLISH,1d7940193fe049d1a308c852f406db74,68f2d95bd190740cfd6a2a61,ENQUEUED,0.01696040822344403,questions_in
2025-10-28T23:00:59.797880,PUBLISH,14d6e3c272f14783b825884d9536b4b0,68f2d95bd190740cfd6a30e4,ENQUEUED,0.02884702859197622,questions_in
2025-10-28T23:00:59.850533,PUBLISH,59f0ece527c44b6e936e1e2c636b4925,68f2d95bd190740cfd6a268b,ENQUEUED,0.05049309901055671,questions_in
2025-10-28T23:00:59.894607,PUBLISH,40d9edb652c34f638938ccccfba9f6fb,68f2d95bd190740cfd6a26b5,ENQUEUED,0.041905958597073106,questions_in
2025-10-28T23:00:59.898904,PUBLISH,d823a8aa66d74a959add6da56fcd97a3,68f2d95bd190740cfd6a1da7,ENQUEUED,0.002484000719281939,questions_in
2025-10-28T23:00:59.966407,PUBLISH,dd259c67113745ffa429331a327c9174,68f2d95bd190740cfd6a2cf7,ENQUEUED,0.06495600347030582,questions_in
2025-10-28T23:01:00.983166,PUBLISH,8f4b881a3a024b1a9127dca5947d2dcc,68f2d95bd190740cfd6a221b,ENQUEUED,1.0136750238672796,questions_in
2025-10-28T23:01:01.505732,PUBLISH,7611789b320b445e87e67e2d32f5542d,68f2d95bd190740cfd6a405e,ENQUEUED,0.5188433615819883,questions_in
2025-10-28T23:01:02.073719,PUBLISH,8e4c9f97573d492a9f6a97070f9889ad,68f2d95bd190740cfd6a36c5,ENQUEUED,0.5649317815303049,questions_in
2025-10-28T23:01:02.342897,PUBLISH,6996b8f137b9474c9b0264db7754d373,68f2d95bd190740cfd6a1bc6,ENQUEUED,0.26154104936796224,questions_in
2025-10-28T23:01:03.661328,PUBLISH,dd621124a45443d2b2c052d30032a817,68f2d95bd190740cfd6a299e,ENQUEUED,1.3147866906256074,questions_in
2025-10-28T23:01:03.925813,PUBLISH,2cce3137f74b40b3b8dd65a203d88c8d,68f2d95bd190740cfd6a3295,ENQUEUED,0.2606357480361519,questions_in
2025-10-28T23:01:04.297422,PUBLISH,e366249c41a34dac9994f174eed1f930,68f2d95bd190740cfd6a32db,ENQUEUED,0.3692070340383738,questions_in
2025-10-28T23:01:06.676396,PUBLISH,1ca2060e7a6f4e18b99ee38f1d565f87,68f2d95bd190740cfd6a2d6a,ENQUEUED,2.3734554770919023,questions_in
2025-10-28T23:01:07.388158,PUBLISH,6526f564348b414b8247f3c7ced1dd9c,68f2d95bd190740cfd6a1b06,ENQUEUED,0.7085070456495354,questions_in
2025-10-28T23:01:07.482652,PUBLISH,91fc0dfd217748148a63fa68c1dfa7c6,68f2d95bd190740cfd6a3536,ENQUEUED,0.0921525730110583,questions_in
2025-10-28T23:01:07.855871,PUBLISH,019db938fb9b4f6ca53cc770b5921030,68f2d95bd190740cfd6a3af2,ENQUEUED,0.37093639202818784,questions_in
2025-10-28T23:01:07.971367,PUBLISH,92460abf1f13499e8b0232217219ce0d,68f2d95bd190740cfd6a3b93,ENQUEUED,0.11321806068806876,questions_in
2025-10-28T23:01:09.129726,PUBLISH,792d8618cc954e4e9cdf0ae8c247af62,68f2d95bd190740cfd6a30c2,ENQUEUED,1.1558454126358753,questions_in
2025-10-28T23:01:10.811084,PUBLISH,8f34d802916f489e87cd6766b97e3977,68f2d95bd190740cfd6a345f,ENQUEUED,1.6770751609602967,questions_in
2025-10-28T23:01:11.497014,PUBLISH,917953b8a7a241e782576de4758fc952,68f2d95bd190740cfd6a2cda,ENQUEUED,0.683562934011353,questions_in
2025-10-28T23:01:11.560287,PUBLISH,33f9e0c11a30436fb7de2c49ffc780a3,68f2d95bd190740cfd6a3ed5,ENQUEUED,0.05988651322574107,questions_in
2025-10-28T23:01:12.094290,PUBLISH,f96710d41beb40d0a8171d417c74b630,68f2d95bd190740cfd6a1e31,ENQUEUED,0.532042806590492,questions_in
2025-10-28T23:01:13.402394,PUBLISH,f2b73691e87b4fb9a60b491cf670ce0f,68f2d95bd190740cfd6a2b96,ENQUEUED,1.3045455843538611,questions_in
2025-10-28T23:01:15.514967,PUBLISH,1183ee5158c345ada7af5e9ef4778250,68f2d95bd190740cfd6a21d5,ENQUEUED,2.1082431218386692,questions_in
2025-10-28T23:01:16.209326,PUBLISH,f4cbd186d6734c0fb3b024fe3ca65d70,68f2d95bd190740cfd6a23c4,ENQUEUED,0.691736422938675,questions_in
2025-10-28T23:01:17.962362,PUBLISH,db423c6e261646e4a46e9609a0d6c1ee,68f2d95bd190740cfd6a2e4c,ENQUEUED,1.7500141088750885,questions_in
2025-10-28T23:01:18.331703,PUBLISH,178043072f914d2891339758114388b8,68f2d95bd190740cfd6a3e18,ENQUEUED,0.36727607133169915,questions_in
2025-10-28T23:01:19.135370,PUBLISH,12fb88c46b7c4a3bb791a60b4662fe3a,68f2d95bd190740cfd6a2c05,ENQUEUED,0.7983677127879328,questions_in
2025-10-28T23:01:19.653232,PUBLISH,c3974326e82847ce96e47589ef22f1d3,68f2d95bd190740cfd6a1ba5,ENQUEUED,0.515567510590934,questions_in
2025-10-28T23:01:20.464234,PUBLISH,ff4d57acaeee42a4811e4183b618e99d,68f2d95bd190740cfd6a2caa,ENQUEUED,0.8083155707506652,questions_in
2025-10-28T23:01:20.760873,PUBLISH,19da373e2d1745bba0888faf557c9e80,68f2d95bd190740cfd6a22cd,ENQUEUED,0.29468838165009037,questions_in
2025-10-28T23:01:20.849275,PUBLISH,7621120b62fe4dc8a28a545ff5d75eb6,68f2d95bd190740cfd6a3ba6,ENQUEUED,0.0856269299505356,questions_in
2025-10-28T23:01:21.351411,PUBLISH,bf704b19ca1e46749a9621065a419104,68f2d95bd190740cfd6a3131,ENQUEUED,0.4960258554604379,questions_in
2025-10-28T23:01:21.488963,PUBLISH,a712c6c53a434985ac05ac3f6197d532,68f2d95bd190740cfd6a3afa,ENQUEUED,0.13443486360315005,questions_in
2025-10-28T23:01:21.690249,PUBLISH,1141b1ffb11b4f538b82a95557e22218,68f2d95bd190740cfd6a3ea9,ENQUEUED,0.19365391815692945,questions_in
2025-10-28T23:01:23.262577,PUBLISH,1b76186af673494abf469e88ff34c3e9,68f2d95bd190740cfd6a36ea,ENQUEUED,1.5694842409743888,questions_in
2025-10-28T23:01:23.881029,PUBLISH,dcac4b27c637488995ccfc7f8a82ded6,68f2d95bd190740cfd6a2127,ENQUEUED,0.6157684030813422,questions_in
2025-10-28T23:01:24.288503,PUBLISH,7daecfe4f85d4a37b9db7f8077735476,68f2d95bd190740cfd6a36c1,ENQUEUED,0.4034344135303467,questions_in
2025-10-28T23:01:25.631218,PUBLISH,739d8c6807484f33991be79b96704c77,68f2d95bd190740cfd6a2d4d,ENQUEUED,1.34066430423732,questions_in
2025-10-28T23:01:26.602480,PUBLISH,005464241b154495a09959182ee94c36,68f2d95bd190740cfd6a34d2,ENQUEUED,0.9689419326896851,questions_in
2025-10-28T23:01:27.041092,PUBLISH,69c56561a3684e3a94e544fec56ffcce,68f2d95bd190740cfd6a2d0a,ENQUEUED,0.43649662717837706,questions_in
2025-10-28T23:01:27.206540,PUBLISH,43db5fb56af64f0b9a7299405e0fd54b,68f2d95bd190740cfd6a2882,ENQUEUED,0.16283746230261129,questions_in
2025-10-28T23:01:27.403555,PUBLISH,85376464656e44eb9d680bf22cae331b,68f2d95bd190740cfd6a3013,ENQUEUED,0.19414074067482953,questions_in
2025-10-28T23:01:27.723372,PUBLISH,fb0abb3f1d584efd857ef3142b3fb461,68f2d95bd190740cfd6a3c93,ENQUEUED,0.3169616144336121,questions_in
2025-10-28T23:01:28.539818,PUBLISH,3a7df74495834018a9c99194afb65cb5,68f2d95bd190740cfd6a3c3c,ENQUEUED,0.8135928280109465,questions_in
2025-10-28T23:01:28.876312,PUBLISH,bd28755ccfcc4b819bceb310cd719264,68f2d95bd190740cfd6a3dc0,ENQUEUED,0.33142673894821223,questions_in
2025-10-28T23:01:29.706738,PUBLISH,6cadf03a96ad4a6d9f8018592eedf120,68f2d95bd190740cfd6a35b4,ENQUEUED,0.8266208116336758,questions_in
2025-10-28T23:01:30.247060,PUBLISH,5841c871413a4d539a0ae3193033d458,68f2d95bd190740cfd6a2278,ENQUEUED,0.5380485004690047,questions_in
2025-10-28T23:01:30.631402,PUBLISH,f86c43ed6ff24fe4b0c273005877dde0,68f2d95bd190740cfd6a3b73,ENQUEUED,0.3818337220217522,questions_in
2025-10-28T23:01:30.938964,PUBLISH,148daa26514d43088edd2ec4fe33a1f6,68f2d95bd190740cfd6a40aa,ENQUEUED,0.304551708800302,questions_in
2025-10-28T23:01:32.048607,PUBLISH,65c770f49b4e4695b61c1d119bf21fe4,68f2d95bd190740cfd6a2cf6,ENQUEUED,1.1066309107848917,questions_in
2025-10-28T23:01:32.158753,PUBLISH,9666557457674d5b945ed910463aefec,68f2d95bd190740cfd6a40dd,ENQUEUED,0.10730282597302693,questions_in
2025-10-28T23:01:32.169441,PUBLISH,6894ef54f08b42e08394284c1bd092ed,68f2d95bd190740cfd6a2cf3,ENQUEUED,0.007400993123959817,questions_in
2025-10-28T23:01:32.791460,PUBLISH,10002823075c416b8d468341bfb7ad05,68f2d95bd190740cfd6a1ec6,ENQUEUED,0.6166059100121576,questions_in
2025-10-28T23:01:32.824553,PUBLISH,cacd27c2832d4d19ab1be7d905bb8bd9,68f2d95bd190740cfd6a3d79,ENQUEUED,0.029557067541614305,questions_in
2025-10-28T23:01:33.808117,PUBLISH,0b8da8c7ab174a9b8cb77c96cedf772e,68f2d95bd190740cfd6a3148,ENQUEUED,0.9804018282322455,questions_in
2025-10-28T23:01:34.645871,PUBLISH,c982e1cc37ac4a6897d268e4ad38edfe,68f2d95bd190740cfd6a1b78,ENQUEUED,0.8352598802665986,questions_in
2025-10-28T23:01:35.764501,PUBLISH,4b5938744bc447be9ef645c8fda18208,68f2d95bd190740cfd6a3a0e,ENQUEUED,1.1153023914839002,questions_in
2025-10-28T23:01:36.148289,PUBLISH,5745e51314ea4461b7995f408e3d956d,68f2d95bd190740cfd6a27d8,ENQUEUED,0.3798424154541382,questions_in
2025-10-28T23:01:36.181156,PUBLISH,5a9a62b78f2b43d6a02a718cc1cc0894,68f2d95bd190740cfd6a2b0b,ENQUEUED,0.031021437271500668,questions_in
2025-10-28T23:01:37.071515,PUBLISH,fc84f0f211764a26a884047904934cfb,68f2d95bd190740cfd6a2912,ENQUEUED,0.887720173601279,questions_in
2025-10-28T23:01:37.207295,PUBLISH,19dd4cda166549e795bf515c836cade4,68f2d95bd190740cfd6a2912,ENQUEUED,0.13376866366425547,questions_in
2025-10-28T23:01:37.843004,PUBLISH,35b76894d63b430e94fb58385bcc9250,68f2d95bd190740cfd6a2aa6,ENQUEUED,0.6334619977603859,questions_in
2025-10-28T23:01:39.088903,PUBLISH,2886324310a442b19af23f75293d47b1,68f2d95bd190740cfd6a221a,ENQUEUED,1.2423944617726594,questions_in
2025-10-28T23:01:39.404262,PUBLISH,c31b2f74b68c46ef92c0ae51a98d0e09,68f2d95bd190740cfd6a2eae,ENQUEUED,0.3103631927359496,questions_in
2025-10-28T23:01:41.405281,PUBLISH,02675303a57d4654b5960cf7079312b3,68f2d95bd190740cfd6a1ce4,ENQUEUED,1.9970624135536454,questions_in
2025-10-28T23:01:41.468115,PUBLISH,15d94d87ca5f456c9f4c8defb228341c,68f2d95bd190740cfd6a3330,ENQUEUED,0.059703811643711996,questions_in
2025-10-28T23:01:42.307975,PUBLISH,0aa071ff12514ffd81fd9f6a08e68a7d,68f2d95bd190740cfd6a1d3c,ENQUEUED,0.8369497119398218,questions_in
2025-10-28T23:01:42.861106,PUBLISH,f4170d9dfad544688f6ed2c5bd3a1ae7,68f2d95bd190740cfd6a3653,ENQUEUED,0.5508254299926295,questions_in
2025-10-28T23:01:43.048512,PUBLISH,29d08586737749e3b45006e612d75933,68f2d95bd190740cfd6a2594,ENQUEUED,0.1843269047624494,questions_in
2025-10-28T23:01:43.228000,PUBLISH,e686464939324ed19f29c26fc22f587c,68f2d95bd190740cfd6a3e6a,ENQUEUED,0.17676928269650674,questions_in
2025-10-28T23:01:43.693854,PUBLISH,bd9ee7a8ad194483992c27da1fabe6f7,68f2d95bd190740cfd6a22c8,ENQUEUED,0.462264937092785,questions_in
2025-10-28T23:01:43.906065,PUBLISH,8423c39581de415888e5a7e2534b24a5,68f2d95bd190740cfd6a1bde,ENQUEUED,0.21022292656426578,questions_in
2025-10-28T23:01:44.952070,PUBLISH,57171fbdc928470b98d518e920f545d2,68f2d95bd190740cfd6a3946,ENQUEUED,1.0366285683935423,questions_in
2025-10-28T23:01:45.265191,PUBLISH,326ff1656c544a3aa755f28db8363b99,68f2d95bd190740cfd6a24a8,ENQUEUED,0.310192805885053,questions_in
2025-10-28T23:01:45.735669,PUBLISH,5624f23ec2a0447b9479f6ef2022960c,68f2d95bd190740cfd6a3355,ENQUEUED,0.4658034953501006,questions_in
2025-10-28T23:01:46.195198,PUBLISH,bce56debedd54601ba17dfb3b9786d2f,68f2d95bd190740cfd6a3f4c,ENQUEUED,0.45775227566535454,questions_in
2025-10-28T23:01:46.735903,PUBLISH,7dd690ef3c4745bba80a1dcb21ae6662,68f2d95bd190740cfd6a2eb5,ENQUEUED,0.5368325053595232,questions_in
2025-10-28T23:01:47.785593,PUBLISH,3e75ed36355b4298bf1f67c515e06b6d,68f2d95bd190740cfd6a24e8,ENQUEUED,1.0456455728570848,questions_in
2025-10-28T23:01:49.782165,PUBLISH,46cd3bac271644439180aa467fbd9049,68f2d95bd190740cfd6a215b,ENQUEUED,1.9909282656983807,questions_in
2025-10-28T23:01:49.940142,PUBLISH,8499062d9bcb4e20aa4913672cd687d0,68f2d95bd190740cfd6a1ca7,ENQUEUED,0.15605311283945172,questions_in
2025-10-28T23:01:52.523485,PUBLISH,77e60b7b436a45a793903c5433249a9a,68f2d95bd190740cfd6a2d60,ENQUEUED,2.579474216900727,questions_in
2025-10-28T23:01:53.115251,PUBLISH,43a74b98cf3e44998d6e7f4e50e4f620,68f2d95bd190740cfd6a345a,ENQUEUED,0.5881808069717639,questions_in
2025-10-28T23:01:53.300755,PUBLISH,b1b15ef4713745b092338f2e47c3f182,68f2d95bd190740cfd6a2379,ENQUEUED,0.18091635462826658,questions_in
2025-10-28T23:01:55.219780,PUBLISH,df5f2c9ff02547d4914bce156ee168b0,68f2d95bd190740cfd6a3f53,ENQUEUED,1.915791278696305,questions_in
2025-10-28T23:01:56.168224,PUBLISH,5693fa02315841b9baec19028823a725,68f2d95bd190740cfd6a2024,ENQUEUED,0.9452264698359568,questions_in
2025-10-28T23:01:56.369844,PUBLISH,7f104a4f34f848fe827cb6ffcf6f3178,68f2d95bd190740cfd6a206e,ENQUEUED,0.1990462826693248,questions_in
2025-10-28T23:01:56.651873,PUBLISH,4fbf964bb8074c8d8cb21befd93b16d9,68f2d95bd190740cfd6a2259,ENQUEUED,0.279607850969286,questions_in
2025-10-28T23:01:57.235260,PUBLISH,a259abfbec39452f92f8ab2aaf124bc8,68f2d95bd190740cfd6a2d68,ENQUEUED,0.5809423244533105,questions_in
2025-10-28T23:01:57.635010,PUBLISH,8ed7012132a642b8a5e0d9356b1377ad,68f2d95bd190740cfd6a20bf,ENQUEUED,0.392635223991373,questions_in
2025-10-28T23:01:58.423583,PUBLISH,1fa2c1358bde4f43b8ab707148a85e20,68f2d95bd190740cfd6a369e,ENQUEUED,0.7863561599727052,questions_in
2025-10-28T23:01:58.520870,PUBLISH,94f2048dce1f48cf9e94f2f41ec98625,68f2d95bd190740cfd6a2545,ENQUEUED,0.09549174909896703,questions_in
2025-10-28T23:01:59.367603,PUBLISH,97a28c0c38b44145add25dd7747bb7f7,68f2d95bd190740cfd6a24dd,ENQUEUED,0.8426982105339537,questions_in
2025-10-28T23:01:59.398599,PUBLISH,3b80c22ca75149a4822cd41f56a084c1,68f2d95bd190740cfd6a370f,ENQUEUED,0.027436780794850152,questions_in
2025-10-28T23:01:59.932779,PUBLISH,d57ef35a2f4c47b1b20fe4f0b9330d53,68f2d95bd190740cfd6a23d1,ENQUEUED,0.531380804331763,questions_in
2025-10-28T23:02:00.157473,PUBLISH,128ad07bb40b4c8a9f936c3ae355bd85,68f2d95bd190740cfd6a29a6,ENQUEUED,0.22182539783441133,questions_in
2025-10-28T23:02:00.718484,PUBLISH,28cbf450be4d46bea736b4a0a3b970eb,68f2d95bd190740cfd6a4077,ENQUEUED,0.5588928213485901,questions_in
2025-10-28T23:02:02.154216,PUBLISH,842727b964d24186b949f70cdeac2cc9,68f2d95bd190740cfd6a1b9c,ENQUEUED,1.426666288071255,questions_in
2025-10-28T23:02:02.453797,PUBLISH,b80999dafdda4bb28a30df09c701bfcd,68f2d95bd190740cfd6a217d,ENQUEUED,0.2973909404889702,questions_in
2025-10-28T23:02:02.653164,PUBLISH,26ac72174aa945e0851939f971be13de,68f2d95bd190740cfd6a1b76,ENQUEUED,0.19210471905308515,questions_in
2025-10-28T23:02:02.811315,PUBLISH,08707a72940b43edba761bfbd3f289a2,68f2d95bd190740cfd6a2541,ENQUEUED,0.15569340421090128,questions_in
2025-10-28T23:02:03.912843,PUBLISH,84810c739a1d4f73af68a35876a7b51b,68f2d95bd190740cfd6a2787,ENQUEUED,1.0923123012763198,questions_in
2025-10-28T23:02:04.467972,PUBLISH,f052e29b9c9146618d8d4f0bb93471f4,68f2d95bd190740cfd6a2de1,ENQUEUED,0.5524830449901668,questions_in
2025-10-28T23:02:04.638331,PUBLISH,20468f3c4f51406a8f61ef4a6771cb62,68f2d95bd190740cfd6a3b20,ENQUEUED,0.1687657623353602,questions_in
2025-10-28T23:02:04.934739,PUBLISH,3f62c51750c14c7089ac78fc8bb5008e,68f2d95bd190740cfd6a30a7,ENQUEUED,0.29366860216444446,questions_in
2025-10-28T23:02:04.949416,PUBLISH,b465402fc2124b0bb942973cbe840af1,68f2d95bd190740cfd6a1ce9,ENQUEUED,0.011172944166206693,questions_in
2025-10-28T23:02:05.748995,PUBLISH,d360486874a44db09f4ec9c3c0bf01b2,68f2d95bd190740cfd6a3583,ENQUEUED,0.7953836099514103,questions_in
2025-10-28T23:02:06.413503,PUBLISH,e63658025d3f4400b93559200c3a8ead,68f2d95bd190740cfd6a3ad7,ENQUEUED,0.6582382499269389,questions_in
2025-10-28T23:02:06.417048,PUBLISH,7fd7d8f2ab464460a7e55d00775b87db,68f2d95bd190740cfd6a319d,ENQUEUED,0.0004167825836183775,questions_in
2025-10-28T23:02:06.517340,PUBLISH,873cb458e7284d9c9fa274e59d0f3018,68f2d95bd190740cfd6a369b,ENQUEUED,0.09490977377162169,questions_in
2025-10-28T23:02:07.716385,PUBLISH,2b678dd5b10b4f50bb52b9da1cd5cda8,68f2d95bd190740cfd6a2d69,ENQUEUED,1.1969725217755938,questions_in
2025-10-28T23:02:07.781266,PUBLISH,093c056fefd845f6b0ff2584d7f0fbac,68f2d95bd190740cfd6a3e2a,ENQUEUED,0.06118005604265756,questions_in
2025-10-28T23:02:12.616896,PUBLISH,3119630d3e6446168d4d80bfd0703cf7,68f2d95bd190740cfd6a3616,ENQUEUED,4.828225375986113,questions_in
2025-10-28T23:02:13.772282,PUBLISH,bae1fef1f3e24ce89a479c92d4da60b7,68f2d95bd190740cfd6a2e29,ENQUEUED,1.1524563673720258,questions_in
2025-10-28T23:02:14.148436,PUBLISH,9dce7dcaa50f4981b2397bd60e01b33c,68f2d95bd190740cfd6a22c6,ENQUEUED,0.37211348470348576,questions_in
2025-10-28T23:02:14.332812,PUBLISH,fd60fc084cce41948d293b5f7b80329a,68f2d95bd190740cfd6a27ba,ENQUEUED,0.18246007591950367,questions_in
2025-10-28T23:02:14.556197,PUBLISH,225d8fdc9fc840e7aa5072112db918f8,68f2d95bd190740cfd6a1d14,ENQUEUED,0.21818548342287783,questions_in
2025-10-28T23:02:15.668275,PUBLISH,de36471581964050abc8b181c9e30b1b,68f2d95bd190740cfd6a2109,ENQUEUED,1.1101867687772924,questions_in
2025-10-28T23:02:15.765635,PUBLISH,b8c4f773f686427e931d8cf5715e6b70,68f2d95bd190740cfd6a2d6c,ENQUEUED,0.09206100886226025,questions_in
2025-10-28T23:02:15.808150,PUBLISH,013be7006584494b8b5719d36e5c9981,68f2d95bd190740cfd6a1af5,ENQUEUED,0.03928759739896175,questions_in
2025-10-28T23:02:15.913240,PUBLISH,eae8efe5bb8a43b88047d18a6b3629f2,68f2d95bd190740cfd6a2071,ENQUEUED,0.09682519342353758,questions_in
2025-10-28T23:02:16.380895,PUBLISH,f9afb7e4f94c4e4e81964b86bc3d4881,68f2d95bd190740cfd6a2df1,ENQUEUED,0.464645297860339,questions_in
2025-10-28T23:02:16.908104,PUBLISH,ec9d092b12cf4a208b2ba34f29b3a33c,68f2d95bd190740cfd6a3e43,ENQUEUED,0.5248842312034453,questions_in
2025-10-28T23:02:17.455329,PUBLISH,817f110b64df4ee7988c7ef8b3c99560,68f2d95bd190740cfd6a3f24,ENQUEUED,0.5451526654352018,questions_in
2025-10-28T23:02:18.912962,PUBLISH,e48d77cb87214f389c147dab3fea28e4,68f2d95bd190740cfd6a2d8f,ENQUEUED,1.4547134204605632,questions_in
2025-10-28T23:02:21.172217,PUBLISH,a5e85b146c6840a3880a75e6cd936952,68f2d95bd190740cfd6a2f2f,ENQUEUED,2.2558889406159666,questions_in
2025-10-28T23:02:21.215805,PUBLISH,30fd89221d3c4e4c89c7a5c4741f94e9,68f2d95bd190740cfd6a1f93,ENQUEUED,0.041885637214684523,questions_in
2025-10-28T23:02:22.212345,PUBLISH,9a2fa00f49824d08967771d210405004,68f2d95bd190740cfd6a3b69,ENQUEUED,0.9921446587645143,questions_in
2025-10-28T23:02:23.621318,PUBLISH,cf073d2ed97b4f8bba0f874d28d6ee10,68f2d95bd190740cfd6a3294,ENQUEUED,1.4068047588861792,questions_in
2025-10-28T23:02:23.748011,PUBLISH,272e5aedd2e147c78afeae86bc98ca5b,68f2d95bd190740cfd6a2f52,ENQUEUED,0.1231114022880637,questions_in
2025-10-28T23:02:25.591709,PUBLISH,615d614236f64eb8b94ac33f6feb7686,68f2d95bd190740cfd6a3432,ENQUEUED,1.8387640933227882,questions_in
2025-10-28T23:02:26.096406,PUBLISH,6b0da1669c5342d3abf8ba518b8e2432,68f2d95bd190740cfd6a34f3,ENQUEUED,0.5013700249163542,questions_in
2025-10-28T23:02:26.111508,PUBLISH,49bb0070d79f4cf281a3353aa6da2d11,68f2d95bd190740cfd6a381e,ENQUEUED,0.010795695846411707,questions_in
2025-10-28T23:02:26.337507,PUBLISH,37a9d63e4a3a423bb177a09d0513e8eb,68f2d95bd190740cfd6a3cc6,ENQUEUED,0.22422102827292364,questions_in
2025-10-28T23:02:27.031383,PUBLISH,718b27854ddf4ba99393e02b40b2683e,68f2d95bd190740cfd6a3b8e,ENQUEUED,0.691934162791162,questions_in
2025-10-28T23:02:27.101465,PUBLISH,c08a05fc687740a9a414db2d68f67897,68f2d95bd190740cfd6a2763,ENQUEUED,0.05907307719359922,questions_in
2025-10-28T23:02:29.859775,PUBLISH,79281e0cb32646cbb0f2e6a4e10a1e03,68f2d95bd190740cfd6a3887,ENQUEUED,2.7531931257232993,questions_in
2025-10-28T23:02:30.170818,PUBLISH,ea6f4c4271364d3fb371681268d3ab49,68f2d95bd190740cfd6a4011,ENQUEUED,0.3072062075732303,questions_in
2025-10-28T23:02:30.432863,PUBLISH,6cf8de13c1fb4156bd62a7d9acae77c5,68f2d95bd190740cfd6a3029,ENQUEUED,0.2601492574419068,questions_in
2025-10-28T23:02:30.634193,PUBLISH,0d7faa0bc7a94299ba5fb0c134ce66be,68f2d95bd190740cfd6a3e5b,ENQUEUED,0.1994075644025669,questions_in
2025-10-28T23:02:30.898074,PUBLISH,e4ad6f925cea43d8bdad0b39bda0e10f,68f2d95bd190740cfd6a32ae,ENQUEUED,0.2611828327100896,questions_in
2025-10-28T23:02:31.781955,PUBLISH,fa05a9345fff4a07b8599a45cef55bdb,68f2d95bd190740cfd6a2f0c,ENQUEUED,0.8776534876149809,questions_in
2025-10-28T23:02:32.616487,PUBLISH,3b15eccac9c34357ba9433b26d25acd0,68f2d95bd190740cfd6a2faf,ENQUEUED,0.8319007261667776,questions_in
2025-10-28T23:02:33.621777,PUBLISH,464e269b85764aeaaf18a515f76f009c,68f2d95bd190740cfd6a2499,ENQUEUED,1.0025675124196822,questions_in
2025-10-28T23:02:33.666106,PUBLISH,ac735fa5e4ba452c84c9fe15c29a32e1,68f2d95bd190740cfd6a2e2f,ENQUEUED,0.04239311595194694,questions_in
2025-10-28T23:02:33.891517,PUBLISH,d721b6857b174e9aa95fcca24fe20085,68f2d95bd190740cfd6a385a,ENQUEUED,0.22188497356357206,questions_in
2025-10-28T23:02:34.258677,PUBLISH,475c81c63bbf43c3a62c6a66d80da3b2,68f2d95bd190740cfd6a2bad,ENQUEUED,0.3607209351891578,questions_in
2025-10-28T23:02:35.110192,PUBLISH,91ec2195144047b58a23fd2c64263dee,68f2d95bd190740cfd6a395a,ENQUEUED,0.8445424682889636,questions_in
2025-10-28T23:02:37.116518,PUBLISH,f9f3ad33702242f69663c4025ffc566c,68f2d95bd190740cfd6a2a33,ENQUEUED,1.9983466194923851,questions_in
2025-10-28T23:02:38.994543,PUBLISH,969ff9dded15484eaea2c858776b2b13,68f2d95bd190740cfd6a27e2,ENQUEUED,1.8742875059524202,questions_in
2025-10-28T23:02:39.252267,PUBLISH,c33ceb762fa74bdd9bc8bf38ee9f4884,68f2d95bd190740cfd6a2b69,ENQUEUED,0.2546538177189322,questions_in
2025-10-28T23:02:39.454234,PUBLISH,7278f72c7d04471eb6b386f18739b6c5,68f2d95bd190740cfd6a37e5,ENQUEUED,0.19902389687842995,questions_in
2025-10-28T23:02:39.621376,PUBLISH,5834a0ec79354911aa0e529607a41528,68f2d95bd190740cfd6a3873,ENQUEUED,0.16101938475044217,questions_in
2025-10-28T23:02:39.996819,PUBLISH,9043326f228b40e78e76870d83bbc544,68f2d95bd190740cfd6a32a5,ENQUEUED,0.37325565422825835,questions_in
2025-10-28T23:02:40.208249,PUBLISH,68ab6386343f4b99b3e6c16c4401b3fc,68f2d95bd190740cfd6a3c28,ENQUEUED,0.20806112623201123,questions_in
2025-10-28T23:02:40.375968,PUBLISH,329631058f804af29b00274a65fbbd6c,68f2d95bd190740cfd6a2328,ENQUEUED,0.1635299842706209,questions_in
2025-10-28T23:02:40.473962,PUBLISH,6950f402723d4b89aa6095f3880350ad,68f2d95bd190740cfd6a2a57,ENQUEUED,0.09400255449521777,questions_in
2025-10-28T23:02:41.539731,PUBLISH,4e2362c975884010895c2e025e0469d0,68f2d95bd190740cfd6a2807,ENQUEUED,1.0617127686813366,questions_in
2025-10-28T23:02:41.733788,PUBLISH,6a97632d9d3e4f99bf269ad4eea4c505,68f2d95bd190740cfd6a3698,ENQUEUED,0.1916696341992774,questions_in
2025-10-28T23:02:43.242343,PUBLISH,d6e7aba769c1432ab71a875ce3fe8e70,68f2d95bd190740cfd6a3006,ENQUEUED,1.5044112523419093,questions_in
2025-10-28T23:02:43.278515,PUBLISH,770ab9d7fcb945759803959640f0db27,68f2d95bd190740cfd6a2dfd,ENQUEUED,0.03450892026421253,questions_in
2025-10-28T23:02:44.652320,PUBLISH,81b1ce1145cb42efa715b742f765cc30,68f2d95bd190740cfd6a2f6c,ENQUEUED,1.3702893176690152,questions_in
2025-10-28T23:02:44.689655,PUBLISH,13bee592b6d7443ca5d1d7f176ad8056,68f2d95bd190740cfd6a3edb,ENQUEUED,0.03356770629302146,questions_in
2025-10-28T23:02:44.856954,PUBLISH,3cf031b346de472daae8f99da81891ae,68f2d95bd190740cfd6a3e39,ENQUEUED,0.1636157784479831,questions_in
2025-10-28T23:02:45.178363,PUBLISH,92eb6573ef144e498826f2930a68f5bd,68f2d95bd190740cfd6a2bba,ENQUEUED,0.3170257034338512,questions_in
2025-10-28T23:02:45.342997,PUBLISH,783d2e12da134bd5841d42f581d55b1d,68f2d95bd190740cfd6a1c40,ENQUEUED,0.15972953384788047,questions_in
2025-10-28T23:02:45.991839,PUBLISH,d47b6d74cb334881aa7fda62826adb5e,68f2d95bd190740cfd6a3b15,ENQUEUED,0.6452004177292806,questions_in
2025-10-28T23:02:47.102622,PUBLISH,bd87f0306ecb4e378266573344ce679a,68f2d95bd190740cfd6a3710,ENQUEUED,1.1077323603234455,questions_in
2025-10-28T23:02:48.189995,PUBLISH,51ec621d11e54b03bab9e31c00d1e862,68f2d95bd190740cfd6a2b33,ENQUEUED,1.083621888268014,questions_in
2025-10-28T23:02:48.530269,PUBLISH,0837e66b91e841caa1cf8e85d84ec10b,68f2d95bd190740cfd6a1fc8,ENQUEUED,0.3383344425952914,questions_in
2025-10-28T23:02:49.396407,PUBLISH,d9e48c5006cd4dfbac6c82382df1748b,68f2d95bd190740cfd6a1d99,ENQUEUED,0.8635176193908559,questions_in
2025-10-28T23:02:49.943513,PUBLISH,baf5670df4994c489bae387f5f7abab6,68f2d95bd190740cfd6a3235,ENQUEUED,0.5441469710892405,questions_in
2025-10-28T23:02:50.165207,PUBLISH,0dd0785fad4d4cbcad20b4c31aa6201d,68f2d95bd190740cfd6a2084,ENQUEUED,0.21928558428113,questions_in
2025-10-28T23:02:51.438906,PUBLISH,381351f0f78547338693eccd1953194a,68f2d95bd190740cfd6a23c7,ENQUEUED,1.2708115607275825,questions_in
2025-10-28T23:02:52.108282,PUBLISH,5450ea2005754d69908bc59a21629f64,68f2d95bd190740cfd6a2d8b,ENQUEUED,0.6616200468138546,questions_in
2025-10-28T23:02:52.425463,PUBLISH,93cebd196e0b4b71855edd18547c908a,68f2d95bd190740cfd6a2772,ENQUEUED,0.3095171080209596,questions_in
2025-10-28T23:02:54.087328,PUBLISH,805421a7703d465ab6c6ce2677a82066,68f2d95bd190740cfd6a2e39,ENQUEUED,1.6564583971786926,questions_in
2025-10-28T23:02:55.069471,PUBLISH,c937be17574f4f76a4134503740909d0,68f2d95bd190740cfd6a3974,ENQUEUED,0.9752913264769753,questions_in
2025-10-28T23:02:55.469982,PUBLISH,5fd0d580add54d8bbe6a7ccfc3214c43,68f2d95bd190740cfd6a3135,ENQUEUED,0.39549351213232203,questions_in
2025-10-28T23:02:56.226591,PUBLISH,f63cec4b9e8a4bfb818be7c7c602ba56,68f2d95bd190740cfd6a3f8f,ENQUEUED,0.7502504578498191,questions_in
2025-10-28T23:02:56.716139,PUBLISH,a421b8307e884938b4462f1f9df84864,68f2d95bd190740cfd6a2af7,ENQUEUED,0.4867811280606278,questions_in
2025-10-28T23:02:58.350436,PUBLISH,332f0a4420e641ce844b95fa17e280b1,68f2d95bd190740cfd6a22ed,ENQUEUED,1.6315168918793856,questions_in
2025-10-28T23:02:59.464427,PUBLISH,9d002b53e6a94d49b8876c5e82a20c4c,68f2d95bd190740cfd6a2a07,ENQUEUED,1.1106059136359496,questions_in
2025-10-28T23:02:59.979315,PUBLISH,fb35038facab44f3a765319f44e657bf,68f2d95bd190740cfd6a25da,ENQUEUED,0.5067926354155968,questions_in
2025-10-28T23:03:00.379542,PUBLISH,6d7d8c3a31b84f3da39eea2a8c3bc7f1,68f2d95bd190740cfd6a3a77,ENQUEUED,0.3978212387136013,questions_in
2025-10-28T23:03:00.478209,PUBLISH,6c9d9bd6d15f4cfbbdab0e0c6b73f56d,68f2d95bd190740cfd6a358c,ENQUEUED,0.0968214364659003,questions_in
2025-10-28T23:03:00.892197,PUBLISH,b96fade258804916889e29176f9ce93d,68f2d95bd190740cfd6a40e6,ENQUEUED,0.41235973518982894,questions_in
2025-10-28T23:03:01.127545,PUBLISH,9e2f0945dcf2439592a204ba0bee296b,68f2d95bd190740cfd6a2f7f,ENQUEUED,0.23217547759895582,questions_in
2025-10-28T23:03:02.021099,PUBLISH,e82fe6e9c1304e1584fbffcd9c789567,68f2d95bd190740cfd6a2507,ENQUEUED,0.8891002423009865,questions_in
2025-10-28T23:03:02.460363,PUBLISH,cbb0d114ffde4882bb2e2c5eea5a051b,68f2d95bd190740cfd6a3c73,ENQUEUED,0.43088758025003204,questions_in
2025-10-28T23:03:05.178683,PUBLISH,654fdfd17f414a5db944987e9a20436c,68f2d95bd190740cfd6a3f72,ENQUEUED,2.7105041402930485,questions_in
2025-10-28T23:03:05.437675,PUBLISH,9c9b9791fe0447d395435ba845e62acc,68f2d95bd190740cfd6a2f06,ENQUEUED,0.2523818076302665,questions_in
2025-10-28T23:03:06.025177,PUBLISH,310946575965495887654d80497f4f8d,68f2d95bd190740cfd6a3973,ENQUEUED,0.5850400366978313,questions_in
2025-10-28T23:03:06.738097,PUBLISH,40ffd5264e20489a9c69df5b1cb9b478,68f2d95bd190740cfd6a41b4,ENQUEUED,0.7087370431288179,questions_in
2025-10-28T23:03:07.479291,PUBLISH,57d8b78568b74dd4a98184cc1722d5a4,68f2d95bd190740cfd6a1ffd,ENQUEUED,0.7395600415098138,questions_in
2025-10-28T23:03:08.476462,PUBLISH,7e03f59de76a4b4ca537b0882f6ddc6e,68f2d95bd190740cfd6a335f,ENQUEUED,0.9940519023879232,questions_in
2025-10-28T23:03:08.678835,PUBLISH,bbf7c23c871c494a8a585de284c9861d,68f2d95bd190740cfd6a38cc,ENQUEUED,0.19654996216849996,questions_in
2025-10-28T23:03:09.293143,PUBLISH,413d958b99c64a008437ab12f6ff0090,68f2d95bd190740cfd6a3088,ENQUEUED,0.6097870573766698,questions_in
2025-10-28T23:03:10.156467,PUBLISH,5ca90cc7d52449d5a316d550511a331f,68f2d95bd190740cfd6a3dc4,ENQUEUED,0.8605147809756102,questions_in
2025-10-28T23:03:10.363443,PUBLISH,9956cea0be7b4cb0a56d05cec1ef2dcf,68f2d95bd190740cfd6a3a69,ENQUEUED,0.203953564100296,questions_in
2025-10-28T23:03:11.177857,PUBLISH,fe585bd8f3374deab359dcad4ae60df6,68f2d95bd190740cfd6a1c98,ENQUEUED,0.8064119453493355,questions_in
2025-10-28T23:03:11.191321,PUBLISH,a7728b36a89e4f7ba0a8da32ddd6155b,68f2d95bd190740cfd6a3a52,ENQUEUED,0.006729186952394551,questions_in
2025-10-28T23:03:11.587870,PUBLISH,27125d4abee1454dbf4076398b20544f,68f2d95bd190740cfd6a3d75,ENQUEUED,0.3893258999388734,questions_in
2025-10-28T23:03:12.839250,PUBLISH,35940ea3f4754658b7976447f1de8a0b,68f2d95bd190740cfd6a1ebc,ENQUEUED,1.2476372660279413,questions_in
2025-10-28T23:03:12.840882,PUBLISH,51059a4048a84195bba3d8dc001dc9a4,68f2d95bd190740cfd6a1c92,ENQUEUED,0.00013541872207890578,questions_in
2025-10-28T23:03:14.434310,PUBLISH,db0f9fc1b89c475ea6c40b2f4725b4fc,68f2d95bd190740cfd6a33b6,ENQUEUED,1.5854340952380739,questions_in
2025-10-28T23:03:15.190788,PUBLISH,76f2c08f0689430f8b1215f38244581e,68f2d95bd190740cfd6a27a2,ENQUEUED,0.748865996333043,questions_in
2025-10-28T23:03:15.615227,PUBLISH,72ba79aa9f1b4523b7a7c0683edbf35b,68f2d95bd190740cfd6a2ef0,ENQUEUED,0.41551771371241636,questions_in
2025-10-28T23:03:16.588982,PUBLISH,9d03ecfba0ac4b5a92c4dfa1e2c00458,68f2d95bd190740cfd6a3ee1,ENQUEUED,0.964674756702265,questions_in
2025-10-28T23:03:16.746640,PUBLISH,f4f6e2c8e22844978de701e19be97f51,68f2d95bd190740cfd6a32e9,ENQUEUED,0.15547350458738837,questions_in
2025-10-28T23:03:16.817924,PUBLISH,e398308b1461436790025a29d3948418,68f2d95bd190740cfd6a2ad2,ENQUEUED,0.06705570474936431,questions_in
2025-10-28T23:03:16.995399,PUBLISH,946fa24f301a4c0fa91c481f635260f2,68f2d95bd190740cfd6a3b36,ENQUEUED,0.1747759157214983,questions_in
2025-10-28T23:03:17.256844,PUBLISH,92a61bc56f534d538d32698625d31dbf,68f2d95bd190740cfd6a336c,ENQUEUED,0.2592757701122888,questions_in
2025-10-28T23:03:17.617327,PUBLISH,48fb8a7eb1204466b78e4b65bf8f2417,68f2d95bd190740cfd6a395b,ENQUEUED,0.3572199336963995,questions_in
2025-10-28T23:03:18.279555,PUBLISH,9fc120c5ec9c4e7f95002645fa60cdfe,68f2d95bd190740cfd6a2fca,ENQUEUED,0.6601437370668329,questions_in
2025-10-28T23:03:18.533577,PUBLISH,9624fb1b6c64420fa8748dd0e7b10521,68f2d95bd190740cfd6a3ae8,ENQUEUED,0.25041557497124567,questions_in
2025-10-28T23:03:18.568914,PUBLISH,0df6dc02cdfc4c93b89c29f8664bbfc2,68f2d95bd190740cfd6a389e,ENQUEUED,0.030805054347654962,questions_in
2025-10-28T23:03:18.820241,PUBLISH,13888d38b0ad4f2cac16176474783e21,68f2d95bd190740cfd6a2834,ENQUEUED,0.2495017438964415,questions_in
2025-10-28T23:03:22.553445,PUBLISH,1d3fc45dbd5f45b48ff6fb66f418bd5f,68f2d95bd190740cfd6a3820,ENQUEUED,3.7279805223253066,questions_in
2025-10-28T23:03:22.583469,PUBLISH,2175263e38a2410a833aa99a67883976,68f2d95bd190740cfd6a3938,ENQUEUED,0.02587704254693425,questions_in
2025-10-28T23:03:23.792717,PUBLISH,b98610b8ae104fa0a043b2cc92ab1e83,68f2d95bd190740cfd6a3835,ENQUEUED,1.2058471355259959,questions_in
2025-10-28T23:03:24.669254,PUBLISH,af7cab71753841788595c8f268ab5f45,68f2d95bd190740cfd6a1d28,ENQUEUED,0.8733707953918323,questions_in
2025-10-28T23:03:27.594443,PUBLISH,b22a899dd0a249ffb1d79717c787712c,68f2d95bd190740cfd6a3248,ENQUEUED,2.9194656626628497,questions_in
2025-10-28T23:03:28.141561,PUBLISH,4d247e567ab04b6b81629e5918cb05df,68f2d95bd190740cfd6a3137,ENQUEUED,0.5447207607632641,questions_in
2025-10-28T23:03:28.414802,PUBLISH,abe968daad0540ffb847a4e01d490f1f,68f2d95bd190740cfd6a1c3c,ENQUEUED,0.2679152684623281,questions_in
2025-10-28T23:03:28.557379,PUBLISH,6e49bfe316544aefa22557e87f3f64ef,68f2d95bd190740cfd6a3a9e,ENQUEUED,0.1398282008426384,questions_in
2025-10-28T23:03:30.517500,PUBLISH,541bafc4020f4b1983e19fb3b371fac4,68f2d95bd190740cfd6a2958,ENQUEUED,1.9571581255676656,questions_in
2025-10-28T23:03:30.553034,PUBLISH,afd4adbf95b74ff493d022f4c150ebb7,68f2d95bd190740cfd6a34fa,ENQUEUED,0.03334345708289288,questions_in
2025-10-28T23:03:30.623690,PUBLISH,094d19774584444db2f79cd7367116ed,68f2d95bd190740cfd6a1d48,ENQUEUED,0.06421739847828788,questions_in
2025-10-28T23:03:31.657112,PUBLISH,5323813dc57a43a994b6ac638720c7df,68f2d95bd190740cfd6a1e97,ENQUEUED,1.0313860315193741,questions_in
2025-10-28T23:03:33.425865,PUBLISH,130ad698043b48399c2d7652d601b8b5,68f2d95bd190740cfd6a2d47,ENQUEUED,1.764446960642947,questions_in
2025-10-28T23:03:33.557557,PUBLISH,47ee9c23ceed4db887e1a8ef63bfdf34,68f2d95bd190740cfd6a242d,ENQUEUED,0.12563697712690006,questions_in
2025-10-28T23:03:33.639773,PUBLISH,67f2e551fd1047f992a04f64edc84154,68f2d95bd190740cfd6a1b72,ENQUEUED,0.07840973040891823,questions_in
2025-10-28T23:03:33.716065,PUBLISH,9d63a5a838dd43c59351da7de8f0d814,68f2d95bd190740cfd6a34ef,ENQUEUED,0.07252349766158321,questions_in
2025-10-28T23:03:33.889612,PUBLISH,10e2d7e7693e4c9ab56adf595280fc4b,68f2d95bd190740cfd6a2552,ENQUEUED,0.17155011010360255,questions_in
2025-10-28T23:03:34.529894,PUBLISH,6e942df4b73648339bdf0e8bcfb610bf,68f2d95bd190740cfd6a3c11,ENQUEUED,0.6329641802781348,questions_in
2025-10-28T23:03:34.810704,PUBLISH,afe677d5adbf4446920abcbf09cd9fe1,68f2d95bd190740cfd6a2701,ENQUEUED,0.27756591897557475,questions_in
2025-10-28T23:03:34.948330,PUBLISH,26562d786fd84711aa12a04b416af597,68f2d95bd190740cfd6a2e2f,ENQUEUED,0.13522972079472817,questions_in
2025-10-28T23:03:35.201579,PUBLISH,7519ff71b1f14772928f0f6cac0296f9,68f2d95bd190740cfd6a3ab6,ENQUEUED,0.25137532058095524,questions_in
2025-10-28T23:03:36.180146,PUBLISH,828e6d60af89477fae66f4847c1b959d,68f2d95bd190740cfd6a22f2,ENQUEUED,0.9758433231705127,questions_in
2025-10-28T23:03:36.283045,PUBLISH,df2f1504155442d5aef306af12523c3f,68f2d95bd190740cfd6a1e0d,ENQUEUED,0.10037616897262959,questions_in
2025-10-28T23:03:36.469764,PUBLISH,8f31420f9ba64cdeb9a3703e32db0205,68f2d95bd190740cfd6a361a,ENQUEUED,0.1763199788889902,questions_in
2025-10-28T23:03:36.603410,PUBLISH,f817f07b2ecd40038333bd66db48a8c1,68f2d95bd190740cfd6a24d0,ENQUEUED,0.13162559279335553,questions_in
2025-10-28T23:03:36.864791,PUBLISH,ec487e7e9ceb46d6b4ccb634f2fcda77,68f2d95bd190740cfd6a2796,ENQUEUED,0.2576403209440656,questions_in
2025-10-28T23:03:37.091215,PUBLISH,ccc2775f7aea45c08bd6c57751ac0417,68f2d95bd190740cfd6a40e2,ENQUEUED,0.2240817150449819,questions_in
2025-10-28T23:03:37.632740,PUBLISH,4f88064e754a485fb4cce9056dc58e94,68f2d95bd190740cfd6a1fed,ENQUEUED,0.5352853004500642,questions_in
2025-10-28T23:03:38.588996,PUBLISH,a05ef193f5454a6fab72ef8c04c163f1,68f2d95bd190740cfd6a2dfb,ENQUEUED,0.9537517690211517,questions_in
2025-10-28T23:03:39.240046,PUBLISH,8e23226b7be24fc49a174f662161761a,68f2d95bd190740cfd6a26ff,ENQUEUED,0.6453603499576911,questions_in
2025-10-28T23:03:40.507541,PUBLISH,e019d9dc45854e25bb6535dc302a9b88,68f2d95bd190740cfd6a21b5,ENQUEUED,1.2648249249589534,questions_in
2025-10-28T23:03:41.199294,PUBLISH,584d94b8a266462b9f9afab5343f4f64,68f2d95bd190740cfd6a269b,ENQUEUED,0.6880900512669158,questions_in
2025-10-28T23:03:42.012589,PUBLISH,303d3269f9374b69ae95b80031e5c9fb,68f2d95bd190740cfd6a3988,ENQUEUED,0.8088336792344734,questions_in
2025-10-28T23:03:42.115932,PUBLISH,0d0a2a0c80f645cca8078dabc48ef0b5,68f2d95bd190740cfd6a2b8e,ENQUEUED,0.0954307814861879,questions_in
2025-10-28T23:03:42.671786,PUBLISH,3a0e18bc5df24743b0577c606b64c241,68f2d95bd190740cfd6a2547,ENQUEUED,0.5521133459535151,questions_in
2025-10-28T23:03:43.576026,PUBLISH,353a4fbcff0346e28992da3df0a06e73,68f2d95bd190740cfd6a2450,ENQUEUED,0.9007706801649445,questions_in
2025-10-28T23:03:44.630503,PUBLISH,1d7cd28092ed4b1f896cf2ce8d9c5691,68f2d95bd190740cfd6a3a65,ENQUEUED,1.0469467503977379,questions_in
2025-10-28T23:03:44.718002,PUBLISH,5ce23feae0254f5583ca6bc6207de812,68f2d95bd190740cfd6a3bcb,ENQUEUED,0.08496202696956473,questions_in
2025-10-28T23:03:44.746748,PUBLISH,13c90be65136406caaaef7b24b99e7ce,68f2d95bd190740cfd6a31b1,ENQUEUED,0.025684848524111275,questions_in
2025-10-28T23:03:44.896127,PUBLISH,531f5c6c47bf4effb67b51548c445bb0,68f2d95bd190740cfd6a29f5,ENQUEUED,0.14409415696886754,questions_in
2025-10-28T23:03:45.052284,PUBLISH,83505b7b49e8409ea534142578de1997,68f2d95bd190740cfd6a3d02,ENQUEUED,0.15326168982553334,questions_in
2025-10-28T23:03:45.173954,PUBLISH,d1112c7dcf2d4d2b8deef914e47ea13d,68f2d95bd190740cfd6a31fb,ENQUEUED,0.11680303202706317,questions_in
2025-10-28T23:03:46.769586,PUBLISH,890d36880ef64ff189f6c642a52c97e8,68f2d95bd190740cfd6a2a0e,ENQUEUED,1.590987210106201,questions_in
2025-10-28T23:03:46.802556,PUBLISH,80f4f5c79da8498dbe7f1bbd4c74405f,68f2d95bd190740cfd6a39d5,ENQUEUED,0.030697875405343023,questions_in
2025-10-28T23:03:47.075133,PUBLISH,240ce1e512394096ac7e79e24ebdd4ed,68f2d95bd190740cfd6a235e,ENQUEUED,0.2665770571644886,questions_in
2025-10-28T23:03:47.250793,PUBLISH,0b05f3abd521488c807f7991ffd151ac,68f2d95bd190740cfd6a3df0,ENQUEUED,0.17304737359600308,questions_in
2025-10-28T23:03:47.778075,PUBLISH,083ba80ccd2c405e9d36283ca7c94260,68f2d95bd190740cfd6a1bc1,ENQUEUED,0.5244240498922378,questions_in
2025-10-28T23:03:47.856817,PUBLISH,a457339b69664512879dc20b70194733,68f2d95bd190740cfd6a2470,ENQUEUED,0.07697058163213052,questions_in
2025-10-28T23:03:48.067891,PUBLISH,4b5331a063ab4eab998fcd3e6e56b1e2,68f2d95bd190740cfd6a4163,ENQUEUED,0.2043119081116717,questions_in
2025-10-28T23:03:48.711426,PUBLISH,0b3fb2da99024356a1f4a6a858af1689,68f2d95bd190740cfd6a2ec1,ENQUEUED,0.6364431872339869,questions_in
2025-10-28T23:03:49.324531,PUBLISH,13557834112d428d85284c807c4bcbf1,68f2d95bd190740cfd6a1ec5,ENQUEUED,0.6105213048429515,questions_in
2025-10-28T23:03:52.382059,PUBLISH,fe7fa6e522d848f68fe152c524c232a5,68f2d95bd190740cfd6a3f0b,ENQUEUED,3.053007590721386,questions_in
2025-10-28T23:03:53.251863,PUBLISH,c7da7224270846fd85f853d118e2b4af,68f2d95bd190740cfd6a3113,ENQUEUED,0.8658111205847591,questions_in
2025-10-28T23:03:54.056469,PUBLISH,b3b12845a95641dc914d8d36eb1f4430,68f2d95bd190740cfd6a3031,ENQUEUED,0.8022966922071242,questions_in
2025-10-28T23:03:54.730216,PUBLISH,e24a290147284669bbf6028d9f860b66,68f2d95bd190740cfd6a2d06,ENQUEUED,0.6706304689892107,questions_in
2025-10-28T23:03:55.304511,PUBLISH,032cf8d06add4552993a7939b7e98fd2,68f2d95bd190740cfd6a3479,ENQUEUED,0.5676390696835815,questions_in
2025-10-28T23:03:55.487232,PUBLISH,72d3229781d84cd5b634616225edffa8,68f2d95bd190740cfd6a3dce,ENQUEUED,0.17936065860158137,questions_in
2025-10-28T23:03:57.996793,PUBLISH,5f438d843ddc4385b49aec37e0000c35,68f2d95bd190740cfd6a289a,ENQUEUED,2.505736798888624,questions_in
2025-10-28T23:03:59.601062,PUBLISH,e1ead3965112400a96df61f0a31ec893,68f2d95bd190740cfd6a2e95,ENQUEUED,1.5975070907252447,questions_in
2025-10-28T23:03:59.813975,PUBLISH,355cf09ccf2a423bb7b0fed10a1f28b9,68f2d95bd190740cfd6a3788,ENQUEUED,0.20899539266657666,questions_in
2025-10-28T23:03:59.996855,PUBLISH,2e3ec39155e74f2a987a7fc61de5ae4a,68f2d95bd190740cfd6a1c20,ENQUEUED,0.1812329190772011,questions_in
2025-10-28T23:04:01.713711,PUBLISH,f1b3ef070ffd47e1a71b4b14e756a281,68f2d95bd190740cfd6a38fb,ENQUEUED,1.713529987031689,questions_in
2025-10-28T23:04:02.174269,PUBLISH,690f5725801648d5baf87c2685e513f8,68f2d95bd190740cfd6a3537,ENQUEUED,0.4572667180519679,questions_in
2025-10-28T23:04:02.426295,PUBLISH,b50b5ff4dec7477bbfb24e9da446253a,68f2d95bd190740cfd6a368c,ENQUEUED,0.2482808767548579,questions_in
2025-10-28T23:04:02.852918,PUBLISH,a6bf267cc33747a9bc691b67b3f06dc6,68f2d95bd190740cfd6a3b77,ENQUEUED,0.4203943910596924,questions_in
2025-10-28T23:04:02.900571,PUBLISH,e19ec7ad07c24daf9f44f23135909558,68f2d95bd190740cfd6a31c7,ENQUEUED,0.04491172983483005,questions_in
2025-10-28T23:04:04.699246,PUBLISH,d3a7eb5323fd4fc6885588df97a1bb8b,68f2d95bd190740cfd6a23e5,ENQUEUED,1.7950423680818905,questions_in
2025-10-28T23:04:04.978367,PUBLISH,0442199b23ac48d184709f9ce34ce507,68f2d95bd190740cfd6a308a,ENQUEUED,0.2765984949044163,questions_in
2025-10-28T23:04:06.362776,PUBLISH,a4d3499e6b1a4f13b096504024c968e6,68f2d95bd190740cfd6a2edb,ENQUEUED,1.376283848186426,questions_in
2025-10-28T23:04:06.828285,PUBLISH,151988bb1f2349ba88237a37fb68657c,68f2d95bd190740cfd6a3d3c,ENQUEUED,0.4629706662501912,questions_in
2025-10-28T23:04:09.780862,PUBLISH,b2ff54b10fbf44b18338870c32bf650d,68f2d95bd190740cfd6a2ecb,ENQUEUED,2.9475233512888317,questions_in
2025-10-28T23:04:09.833718,PUBLISH,1fd38a1b40c14d60a4b415b73d0c52bb,68f2d95bd190740cfd6a27a2,ENQUEUED,0.05045392224668233,questions_in
2025-10-28T23:04:12.173880,PUBLISH,8951fb79ba4b43649d8918e5becb0f9d,68f2d95bd190740cfd6a2348,ENQUEUED,2.3361293220675843,questions_in
2025-10-28T23:04:12.935771,PUBLISH,1b24a9df00044d7cb7bb5423a9bee6a0,68f2d95bd190740cfd6a3890,ENQUEUED,0.7594988543442588,questions_in
2025-10-28T23:04:12.946894,PUBLISH,770b4a710e5540e9ae7a84bfb8738425,68f2d95bd190740cfd6a2724,ENQUEUED,0.009335619889710977,questions_in
2025-10-28T23:04:12.958567,PUBLISH,55020ccf9b284da5b746c4febca007ba,68f2d95bd190740cfd6a3c77,ENQUEUED,0.008267350397282368,questions_in
2025-10-28T23:04:13.006516,PUBLISH,324f99d0f25a4185ba5d11346ae97dc5,68f2d95bd190740cfd6a301f,ENQUEUED,0.04447211162909975,questions_in
2025-10-28T23:04:13.393054,PUBLISH,5e356f5a2d21431891d9a3960b738517,68f2d95bd190740cfd6a1f72,ENQUEUED,0.38446188118298025,questions_in
2025-10-28T23:04:13.582429,PUBLISH,eb8be26286a54e5c9bfa2aed7c54d25d,68f2d95bd190740cfd6a4022,ENQUEUED,0.18714292110121045,questions_in
2025-10-28T23:04:14.313309,PUBLISH,2c603ca2645240468a79242693be74f3,68f2d95bd190740cfd6a3500,ENQUEUED,0.72869583536373,questions_in
2025-10-28T23:04:14.734267,PUBLISH,81cd2ee4d680403bbced99e327f2043f,68f2d95bd190740cfd6a3785,ENQUEUED,0.4177477307962781,questions_in
2025-10-28T23:04:14.800038,PUBLISH,98b3ed20489d4bbaa45eac2cfa15327d,68f2d95bd190740cfd6a3f0f,ENQUEUED,0.06347315715789316,questions_in
2025-10-28T23:04:15.678291,PUBLISH,9546436d745047d5adadcdb645e30a00,68f2d95bd190740cfd6a3336,ENQUEUED,0.8760721185185729,questions_in
2025-10-28T23:04:16.108856,PUBLISH,3c88d4b9ae074640b56c764af12b062c,68f2d95bd190740cfd6a3cd1,ENQUEUED,0.427680138901077,questions_in
2025-10-28T23:04:18.022827,PUBLISH,09acb59a0239454fb103035192e766be,68f2d95bd190740cfd6a3947,ENQUEUED,1.9094565598976974,questions_in
2025-10-28T23:04:19.333562,PUBLISH,ae6f51881c7f48389a7d5f115dcdeb90,68f2d95bd190740cfd6a3af5,ENQUEUED,1.3073941062086676,questions_in
2025-10-28T23:04:22.164946,PUBLISH,b1d490085b8f4081a8f273e7fe219257,68f2d95bd190740cfd6a2698,ENQUEUED,2.8254254275336934,questions_in
2025-10-28T23:04:22.755281,PUBLISH,5febb2ebf28f47d2aa445c22b2d34d55,68f2d95bd190740cfd6a216b,ENQUEUED,0.5864057854125636,questions_in
2025-10-28T23:04:23.595185,PUBLISH,16b6db36c4c4471eb5f0a6280ae17b12,68f2d95bd190740cfd6a26be,ENQUEUED,0.8372044959447265,questions_in
2025-10-28T23:04:24.572844,PUBLISH,0185ffd92f79447f8e8de1b80d47147e,68f2d95bd190740cfd6a1e6a,ENQUEUED,0.9752811372669679,questions_in
2025-10-28T23:04:24.934687,PUBLISH,d7f136e3677c498bae8124da7088d71b,68f2d95bd190740cfd6a1f2a,ENQUEUED,0.3584966944062526,questions_in
2025-10-28T23:04:25.206761,PUBLISH,6f4e12eb75834d90b60131012f833de2,68f2d95bd190740cfd6a40c1,ENQUEUED,0.2686581115903304,questions_in
2025-10-28T23:04:25.485760,PUBLISH,1ff4c718bf9e45248affbbe8b3389363,68f2d95bd190740cfd6a3132,ENQUEUED,0.27548824555286927,questions_in
2025-10-28T23:04:26.135846,PUBLISH,e16b09b3d50e4596aa08ed6f49bb281d,68f2d95bd190740cfd6a1f1e,ENQUEUED,0.6463238195226044,questions_in
2025-10-28T23:04:26.391352,PUBLISH,01c7b6fd9c1a45fd9252649149637d40,68f2d95bd190740cfd6a38b8,ENQUEUED,0.25037575130823214,questions_in
2025-10-28T23:04:26.927574,PUBLISH,9d56236f8cad40b1806a6f3422ba3b94,68f2d95bd190740cfd6a34e6,ENQUEUED,0.5338758622378651,questions_in
2025-10-28T23:04:27.015562,PUBLISH,2c5e2b02f92549f2b51c2c96e0766658,68f2d95bd190740cfd6a2f7f,ENQUEUED,0.08635643030929525,questions_in
2025-10-28T23:04:27.298310,PUBLISH,1434cf39123d48f1a66161fc5d3a5831,68f2d95bd190740cfd6a371e,ENQUEUED,0.2798782586761051,questions_in
2025-10-28T23:04:27.862091,PUBLISH,1243585459bf4beb802225fc9311eeca,68f2d95bd190740cfd6a3b0b,ENQUEUED,0.5610121802150421,questions_in
2025-10-28T23:04:28.949940,PUBLISH,fc71f9dafb744522b9fb69d0bd20ce8b,68f2d95bd190740cfd6a3718,ENQUEUED,1.0847904688769574,questions_in
2025-10-28T23:04:29.083569,PUBLISH,2a460601f0724a41955a73b30b2ca8bd,68f2d95bd190740cfd6a3c82,ENQUEUED,0.12969567402512527,questions_in
2025-10-28T23:04:29.364487,PUBLISH,10395c10a7454755b747dadc3f78d541,68f2d95bd190740cfd6a310b,ENQUEUED,0.2780009272605593,questions_in
2025-10-28T23:04:29.737166,PUBLISH,d36ccb4f2f9a4184a3890e3afd8521c4,68f2d95bd190740cfd6a2a59,ENQUEUED,0.36971381373866147,questions_in
2025-10-28T23:04:30.259320,PUBLISH,3a04645fbffa4130bafd2fd9170b358f,68f2d95bd190740cfd6a36c8,ENQUEUED,0.5202423479885805,questions_in
2025-10-28T23:04:31.690561,PUBLISH,e3471226b5c84e76a92b863d2841716d,68f2d95bd190740cfd6a2e14,ENQUEUED,1.4280606422115412,questions_in
2025-10-28T23:04:32.688538,PUBLISH,0845cbb145994ca3b759a4ad41b3557c,68f2d95bd190740cfd6a39d8,ENQUEUED,0.9958810235271388,questions_in
2025-10-28T23:04:32.705135,PUBLISH,828ed0c081bc4e7bbc36868d192a4cdf,68f2d95bd190740cfd6a2a13,ENQUEUED,0.014644211444930938,questions_in
2025-10-28T23:04:34.043482,PUBLISH,8e1cd4cbbfa6475fb647318e837bc845,68f2d95bd190740cfd6a2830,ENQUEUED,1.3356592279877333,questions_in
2025-10-28T23:04:35.620016,PUBLISH,9ee2a30b950a4571913ab056d9cb7597,68f2d95bd190740cfd6a2b32,ENQUEUED,1.5728862057268158,questions_in
2025-10-28T23:04:36.006192,PUBLISH,9cbb868608c247d4b1ebd2eaa79dde48,68f2d95bd190740cfd6a254c,ENQUEUED,0.3828389092830164,questions_in
2025-10-28T23:04:36.444475,PUBLISH,e8b5b999979041dd999cd173fd6c94c7,68f2d95bd190740cfd6a39f7,ENQUEUED,0.4360429198102911,questions_in
2025-10-28T23:04:36.528008,PUBLISH,abada327500e4a86afea6a6244ba4528,68f2d95bd190740cfd6a253d,ENQUEUED,0.07889573755334058,questions_in
2025-10-28T23:04:36.721813,PUBLISH,40bdcbf013b24d6d8fbe69ba879f0101,68f2d95bd190740cfd6a296c,ENQUEUED,0.19191532760704166,questions_in
2025-10-28T23:04:37.106131,PUBLISH,c7017c8bb4c041f6b0bfd88c4a05e76d,68f2d95bd190740cfd6a3b0f,ENQUEUED,0.38263230948281207,questions_in
2025-10-28T23:04:37.680576,PUBLISH,2bbec0613c4542c0b97333e90cf8f165,68f2d95bd190740cfd6a279e,ENQUEUED,0.5708477085997958,questions_in
2025-10-28T23:04:38.076607,PUBLISH,6d9d5e5341f949bab0c8a0099b6f402d,68f2d95bd190740cfd6a1efe,ENQUEUED,0.39328468742124567,questions_in
2025-10-28T23:04:38.675280,PUBLISH,eaf5608bfadb4b509556ad23f8101e3f,68f2d95bd190740cfd6a1f5d,ENQUEUED,0.5966486026671929,questions_in
2025-10-28T23:04:38.700947,PUBLISH,1f70d8438c6a44f3b753c6ee6afea6da,68f2d95bd190740cfd6a20b9,ENQUEUED,0.023700156671999952,questions_in
2025-10-28T23:04:39.052314,PUBLISH,6a147f8417d3466f891c4b3295fd43f9,68f2d95bd190740cfd6a28f1,ENQUEUED,0.3494117706524283,questions_in
2025-10-28T23:04:39.063769,PUBLISH,ff6be1a6c3304dfcaa1db3f81d46cecf,68f2d95bd190740cfd6a2391,ENQUEUED,0.008818486733815849,questions_in
2025-10-28T23:04:39.546135,PUBLISH,acfc1e157c294646ba8b93c3d9705837,68f2d95bd190740cfd6a4017,ENQUEUED,0.48081610328491803,questions_in
2025-10-28T23:04:39.671936,PUBLISH,f1c6a1976d83438e8ebc3204e4628099,68f2d95bd190740cfd6a2402,ENQUEUED,0.1241472037448272,questions_in
2025-10-28T23:04:39.884782,PUBLISH,cfd5bd024b7246f5a878169f3f32d658,68f2d95bd190740cfd6a2407,ENQUEUED,0.2087421276279814,questions_in
2025-10-28T23:04:39.921204,PUBLISH,2820ac152e0546efa749d1e91b5ef7be,68f2d95bd190740cfd6a3421,ENQUEUED,0.032776134244731574,questions_in
2025-10-28T23:04:41.566367,PUBLISH,21fe78d8caaa459188757081bcc80dd7,68f2d95bd190740cfd6a1aec,ENQUEUED,1.641110173395006,questions_in
2025-10-28T23:04:42.382936,PUBLISH,808420ebf3914d6f99c89da184accd8e,68f2d95bd190740cfd6a3f7c,ENQUEUED,0.8124283066080525,questions_in
2025-10-28T23:04:43.538459,PUBLISH,41bc69b45ae34d7985c2f5d8d04699a8,68f2d95bd190740cfd6a1e53,ENQUEUED,1.1522581908150886,questions_in
2025-10-28T23:04:43.653584,PUBLISH,524ed2ead6c345ae81526dcc7601746e,68f2d95bd190740cfd6a393b,ENQUEUED,0.11322758444971581,questions_in
2025-10-28T23:04:43.656942,PUBLISH,66b95bed25284e9e94094ea74337fa71,68f2d95bd190740cfd6a24fb,ENQUEUED,0.0015238731670222895,questions_in
2025-10-28T23:04:43.744974,PUBLISH,d5c3ffba95d248209fdb4cc917998a18,68f2d95bd190740cfd6a370c,ENQUEUED,0.08501014511896716,questions_in
2025-10-28T23:04:44.637531,PUBLISH,04e498dcfbdc40a4b0b58d2163eb0034,68f2d95bd190740cfd6a39cf,ENQUEUED,0.8904790041953182,questions_in
2025-10-28T23:04:45.583588,PUBLISH,5e85f71740da4a5c84cfbddada72ac81,68f2d95bd190740cfd6a3582,ENQUEUED,0.9419298424519296,questions_in
2025-10-28T23:04:46.653238,PUBLISH,a3e94bb73c2243678e00ed77fc61fc12,68f2d95bd190740cfd6a3d77,ENQUEUED,1.0654396462419216,questions_in
2025-10-28T23:04:47.459125,PUBLISH,a5fc43c861a34d76b8ddde7629e08b5f,68f2d95bd190740cfd6a3ec5,ENQUEUED,0.8031760155595765,questions_in
2025-10-28T23:04:47.893421,PUBLISH,43496611825949c6ad5680d9e5a6bb82,68f2d95bd190740cfd6a1bc8,ENQUEUED,0.4303804449728568,questions_in
2025-10-28T23:04:48.139774,PUBLISH,3aa36cc1c3dd45888c93ebc948c9284c,68f2d95bd190740cfd6a3117,ENQUEUED,0.24432667521055895,questions_in
2025-10-28T23:04:48.560239,PUBLISH,f87524aa5373410d9feaf50d0d05b157,68f2d95bd190740cfd6a40c7,ENQUEUED,0.4178208711507505,questions_in
2025-10-28T23:04:48.711996,PUBLISH,6fb1ca888ea74d7a95f91f8d017c3b04,68f2d95bd190740cfd6a39bc,ENQUEUED,0.14997988873722307,questions_in
2025-10-28T23:04:49.097209,PUBLISH,6b20b4eee1834efba89052e10bd5b1df,68f2d95bd190740cfd6a1b4c,ENQUEUED,0.3824003638158721,questions_in
2025-10-28T23:04:49.853283,PUBLISH,55232da4b2fe422db0d1bb26d3d2c2c0,68f2d95bd190740cfd6a21ba,ENQUEUED,0.7539811115969265,questions_in
2025-10-28T23:04:50.742402,PUBLISH,4293c37158884cd3b77aaa79d261d4af,68f2d95bd190740cfd6a34b3,ENQUEUED,0.8864517644199044,questions_in
2025-10-28T23:04:51.009699,PUBLISH,bc56b0a9f3cb4c958ba1f14e80c07bd0,68f2d95bd190740cfd6a1b57,ENQUEUED,0.26542468579891315,questions_in
2025-10-28T23:04:53.531821,PUBLISH,e4375ba797bd47c6af5f794c8b780c05,68f2d95bd190740cfd6a34ea,ENQUEUED,2.5162178205159873,questions_in
2025-10-28T23:04:54.901429,PUBLISH,14fa746b0f124ecaa64f05d0c14bc167,68f2d95bd190740cfd6a3a36,ENQUEUED,1.3670148025218263,questions_in
2025-10-28T23:04:55.521189,PUBLISH,4694b51acff64a5f9ced8f1f7dac47f7,68f2d95bd190740cfd6a2c1d,ENQUEUED,0.6169352597537937,questions_in
2025-10-28T23:04:55.687020,PUBLISH,ca185e276f67482eba51bfce61f47e65,68f2d95bd190740cfd6a3947,ENQUEUED,0.1626182707707468,questions_in
2025-10-28T23:04:57.455218,PUBLISH,aca9b2815f34411fa8531dd5c1b830b6,68f2d95bd190740cfd6a1dbc,ENQUEUED,1.763421326534224,questions_in
2025-10-28T23:04:57.753074,PUBLISH,aa7d679cd2f74bcc9b5a6f2ba50bd827,68f2d95bd190740cfd6a3a19,ENQUEUED,0.29539647549867937,questions_in
2025-10-28T23:04:58.515096,PUBLISH,8771ae503a9d489ead02b684f24d3d19,68f2d95bd190740cfd6a33b5,ENQUEUED,0.757254121695606,questions_in
2025-10-28T23:04:59.411934,PUBLISH,6b2c9144f3c049348479e9808cd60135,68f2d95bd190740cfd6a35ac,ENQUEUED,0.8931748163520606,questions_in
2025-10-28T23:04:59.580548,PUBLISH,4627194d7bae467fa92bcb39aa5e59b3,68f2d95bd190740cfd6a308a,ENQUEUED,0.16471169226141305,questions_in
2025-10-28T23:05:00.047007,PUBLISH,54dd5ca01d4949a6bb217b5770f16eed,68f2d95bd190740cfd6a3084,ENQUEUED,0.4621396505368256,questions_in
2025-10-28T23:05:01.562311,PUBLISH,198b601c01fd4221a0e8efb6e512adfb,68f2d95bd190740cfd6a3868,ENQUEUED,1.5114470649244318,questions_in
2025-10-28T23:05:01.748231,PUBLISH,361d311de1234242a19c9dd3e765dac4,68f2d95bd190740cfd6a2702,ENQUEUED,0.18251580168036677,questions_in
2025-10-28T23:05:04.165776,PUBLISH,f45f5b63534c4fe1beea176c43dc5cce,68f2d95bd190740cfd6a2136,ENQUEUED,2.413421745448829,questions_in
2025-10-28T23:05:06.430108,PUBLISH,a491b8f212df401bb408d9d742cac307,68f2d95bd190740cfd6a28bb,ENQUEUED,2.25864344319787,questions_in
2025-10-28T23:05:07.538363,PUBLISH,efa54cc02a9d41d38bfda9a92c678999,68f2d95bd190740cfd6a3e64,ENQUEUED,1.1047806499456174,questions_in
2025-10-28T23:05:07.686114,PUBLISH,b25b68050773465d88afe8c33a0e5b7a,68f2d95bd190740cfd6a2c59,ENQUEUED,0.14094215915765707,questions_in
2025-10-28T23:05:08.120925,PUBLISH,25e79f52564a4632898ddd519b6482dc,68f2d95bd190740cfd6a31a4,ENQUEUED,0.4321934045397604,questions_in
2025-10-28T23:05:08.189784,PUBLISH,ac66b588dfb24bb89b536e9974ddae64,68f2d95bd190740cfd6a353d,ENQUEUED,0.06586486017472142,questions_in
2025-10-28T23:05:08.246338,PUBLISH,647e92b289e34ef6ba9823c2e9861493,68f2d95bd190740cfd6a3bbc,ENQUEUED,0.05321291874648059,questions_in
2025-10-28T23:05:09.593200,PUBLISH,408dbc20ba474a61b2eac5f33b5a43c3,68f2d95bd190740cfd6a3ee7,ENQUEUED,1.3426432661481027,questions_in
2025-10-28T23:05:10.336531,PUBLISH,def61e5420ad43d28182ecdda570e04e,68f2d95bd190740cfd6a401e,ENQUEUED,0.7404430771758744,questions_in
2025-10-28T23:05:10.899697,PUBLISH,946594b8d3234f85a190c519b2b83d2f,68f2d95bd190740cfd6a31fb,ENQUEUED,0.5606080891757415,questions_in
2025-10-28T23:05:10.904823,PUBLISH,4164beb9dd3d4e4ea25e8c3d1cbf0e68,68f2d95bd190740cfd6a3db3,ENQUEUED,0.00360885546838324,questions_in
2025-10-28T23:05:11.944489,PUBLISH,6cee917d04d2462fa9738fc1cf15d10f,68f2d95bd190740cfd6a1cc7,ENQUEUED,1.0377043869130385,questions_in
2025-10-28T23:05:12.875319,PUBLISH,3861655f603f4f799822231912a7c662,68f2d95bd190740cfd6a2e79,ENQUEUED,0.9275469822318424,questions_in
2025-10-28T23:05:14.126782,PUBLISH,11404e99749844d886eb48536f62481a,68f2d95bd190740cfd6a3b7c,ENQUEUED,1.2476190370142821,questions_in
2025-10-28T23:05:14.170535,PUBLISH,872b57c9b6584eab9e47208abccf98a1,68f2d95bd190740cfd6a1b6b,ENQUEUED,0.040135746565640056,questions_in
2025-10-28T23:05:14.403471,PUBLISH,d1aa09691ce143108fe69030927aee26,68f2d95bd190740cfd6a2f86,ENQUEUED,0.23103413616352667,questions_in
2025-10-28T23:05:14.802828,PUBLISH,bba96b45bd1448babd9e0827ebc2e235,68f2d95bd190740cfd6a34a5,ENQUEUED,0.3967056960738429,questions_in
2025-10-28T23:05:15.050476,PUBLISH,b88c9d6daf9047249602039436ae5cff,68f2d95bd190740cfd6a2d0d,ENQUEUED,0.24579842123712928,questions_in
2025-10-28T23:05:15.664832,PUBLISH,8ed1b8ea716b42dabfb2681a2458a80a,68f2d95bd190740cfd6a1c48,ENQUEUED,0.6117227699634187,questions_in
2025-10-28T23:05:16.211088,PUBLISH,d132ea91d3694278b99aa3130e6aa84c,68f2d95bd190740cfd6a3c0e,ENQUEUED,0.5435280220437358,questions_in
2025-10-28T23:05:16.755987,PUBLISH,b78392afd2454bd6b8b991d31d2fd309,68f2d95bd190740cfd6a2890,ENQUEUED,0.542738145512214,questions_in
2025-10-28T23:05:16.921930,PUBLISH,0baba1d2c60949c4be8fe730f3729db2,68f2d95bd190740cfd6a36a2,ENQUEUED,0.1634482287429239,questions_in
2025-10-28T23:05:17.372107,PUBLISH,50a2498bac4f4abcb4f677cb5fd00579,68f2d95bd190740cfd6a22f2,ENQUEUED,0.4469468480774946,questions_in
2025-10-28T23:05:17.707135,PUBLISH,ec815bdb877446359e683336687d0af9,68f2d95bd190740cfd6a41b1,ENQUEUED,0.33187826776127016,questions_in
2025-10-28T23:05:18.615937,PUBLISH,f898f86c47044e4f98f0c07870028f8b,68f2d95bd190740cfd6a2422,ENQUEUED,0.9008731590374318,questions_in
2025-10-28T23:05:19.165384,PUBLISH,1f0d889a0f75412dba480b0170a063f0,68f2d95bd190740cfd6a3a08,ENQUEUED,0.5472597741343389,questions_in
2025-10-28T23:05:20.502035,PUBLISH,d9cf4e54067049c3b5d682c5d42b1827,68f2d95bd190740cfd6a2935,ENQUEUED,1.333362003158796,questions_in
2025-10-28T23:05:20.737883,PUBLISH,ca887c791a504823b62057a7e23a01ca,68f2d95bd190740cfd6a37e1,ENQUEUED,0.23378965857319503,questions_in
2025-10-28T23:05:21.251774,PUBLISH,4840fd54af81493f8ae178f206df8ef2,68f2d95bd190740cfd6a25be,ENQUEUED,0.5117797517206572,questions_in
2025-10-28T23:05:22.088254,PUBLISH,72b7b3c2dfbb465391320cfaaed909df,68f2d95bd190740cfd6a3e14,ENQUEUED,0.8301941052403583,questions_in
2025-10-28T23:05:22.174916,PUBLISH,c71fd09839554f11949948157c724b89,68f2d95bd190740cfd6a2253,ENQUEUED,0.08303099129739562,questions_in
2025-10-28T23:05:23.270329,PUBLISH,600b373e799b447bad474e3091771bd4,68f2d95bd190740cfd6a242f,ENQUEUED,1.0925922921571922,questions_in
2025-10-28T23:05:23.356494,PUBLISH,c171fdc55c3849dd9f17b7d4575395f3,68f2d95bd190740cfd6a342a,ENQUEUED,0.08335621385353792,questions_in
2025-10-28T23:05:24.432531,PUBLISH,04fb97ba32ef4583a725336ff378e364,68f2d95bd190740cfd6a3572,ENQUEUED,1.0651294513238485,questions_in
2025-10-28T23:05:24.652254,PUBLISH,099ee1b697864bbfb4d0b9c5edd26c6b,68f2d95bd190740cfd6a2244,ENQUEUED,0.21798955594082348,questions_in
2025-10-28T23:05:25.028069,PUBLISH,3757b7b63f894fdb90edb987f8a3df07,68f2d95bd190740cfd6a2dfe,ENQUEUED,0.3734046148707329,questions_in
2025-10-28T23:05:26.849321,PUBLISH,9cdffd960b12410082dac781b3aefd17,68f2d95bd190740cfd6a3281,ENQUEUED,1.817976756642614,questions_in
2025-10-28T23:05:27.330144,PUBLISH,71750213dbbf41dbb92a84c896ae8da5,68f2d95bd190740cfd6a3a3b,ENQUEUED,0.4781541053490784,questions_in
2025-10-28T23:05:29.205017,PUBLISH,524628217d7f49f48ded38e3fbb905f6,68f2d95bd190740cfd6a2951,ENQUEUED,1.8713132073032177,questions_in
2025-10-28T23:05:30.476306,PUBLISH,bebcfd614a8d41c1b781c634e2d10876,68f2d95bd190740cfd6a2203,ENQUEUED,1.2685412725513514,questions_in
2025-10-28T23:05:33.538177,PUBLISH,026519fd8cc84e65b674ac068d26624d,68f2d95bd190740cfd6a3876,ENQUEUED,3.0568551614929658,questions_in
2025-10-28T23:05:34.625229,PUBLISH,f75fe35c2bdb469b92eb000e8d0f540b,68f2d95bd190740cfd6a2949,ENQUEUED,1.0837500685137418,questions_in
2025-10-28T23:05:34.645892,PUBLISH,03399c874bd5418d999bb93c7c389127,68f2d95bd190740cfd6a3686,ENQUEUED,0.018867169564348883,questions_in
2025-10-28T23:05:35.050685,PUBLISH,5561ca25274e4a889eb71654b02fdd94,68f2d95bd190740cfd6a385d,ENQUEUED,0.399716680051289,questions_in
2025-10-28T23:05:35.509001,PUBLISH,8ec4d272a3d44412ad65b5ada3539e0a,68f2d95bd190740cfd6a1ad9,ENQUEUED,0.45498772427528356,questions_in
2025-10-28T23:05:35.900435,PUBLISH,2bfabed19ff44549b332b986776ba53c,68f2d95bd190740cfd6a3c29,ENQUEUED,0.3878565980353313,questions_in
2025-10-28T23:05:36.783978,PUBLISH,0cacc1ed60874ea489286cc26b9a2a8a,68f2d95bd190740cfd6a2d25,ENQUEUED,0.876801521640851,questions_in
2025-10-28T23:05:36.817802,PUBLISH,89d9ffb042e74b9485f241d98cd0792a,68f2d95bd190740cfd6a271a,ENQUEUED,0.02685923137363812,questions_in
2025-10-28T23:05:37.573771,PUBLISH,c247275b15d944bda81da553009c873d,68f2d95bd190740cfd6a2874,ENQUEUED,0.7524255278607598,questions_in
2025-10-28T23:05:37.628041,PUBLISH,273ee00f459d40f1b263344d277b781c,68f2d95bd190740cfd6a25e2,ENQUEUED,0.05240092158610692,questions_in
2025-10-28T23:05:37.814378,PUBLISH,b6d25068bb094bbc93a6c8af6de5c9d6,68f2d95bd190740cfd6a1eda,ENQUEUED,0.18430335358739972,questions_in
2025-10-28T23:05:38.228360,PUBLISH,6a8f101e064a4f7796be0430f6c18be5,68f2d95bd190740cfd6a3b3c,ENQUEUED,0.41220257027720325,questions_in
2025-10-28T23:05:38.562079,PUBLISH,36e8364a960b44679f84cbfe2de8157c,68f2d95bd190740cfd6a3b48,ENQUEUED,0.32539234951761603,questions_in
2025-10-28T23:05:39.909386,PUBLISH,a2aadeae946c4b1cade385fa839288a9,68f2d95bd190740cfd6a35e5,ENQUEUED,1.3442647041504736,questions_in
2025-10-28T23:05:40.525696,PUBLISH,fefe6dfb77f14755924a94340a6907c7,68f2d95bd190740cfd6a3672,ENQUEUED,0.6128905020085883,questions_in
2025-10-28T23:05:40.786467,PUBLISH,2addb76b6a6443f2bfbe6677c6c3fcfa,68f2d95bd190740cfd6a2774,ENQUEUED,0.2574613391390283,questions_in
2025-10-28T23:05:41.671932,PUBLISH,5a7605b5372a40ff93344e5537b9f8c8,68f2d95bd190740cfd6a35bb,ENQUEUED,0.8826223317223181,questions_in
2025-10-28T23:05:42.838279,PUBLISH,77cdad1ee46042e9808fdb01e41fe76e,68f2d95bd190740cfd6a3395,ENQUEUED,1.162817392708091,questions_in
2025-10-28T23:05:43.071331,PUBLISH,c6c85363d32245d5be5fad7cf9f6857b,68f2d95bd190740cfd6a3804,ENQUEUED,0.23067849049452768,questions_in
2025-10-28T23:05:43.711315,PUBLISH,91d65b32f7fa403cb698c97add4ebcad,68f2d95bd190740cfd6a1fd9,ENQUEUED,0.6382159113990917,questions_in
2025-10-28T23:05:45.171397,PUBLISH,d5d29f0878d34e4a84a1fbc9695c48ec,68f2d95bd190740cfd6a1f59,ENQUEUED,1.4558693613244742,questions_in
2025-10-28T23:05:45.189575,PUBLISH,3b68f1db2b3d4683ba1ae73fb515ad82,68f2d95bd190740cfd6a2a59,ENQUEUED,0.015430182270909235,questions_in
2025-10-28T23:05:45.609126,PUBLISH,62d709d30fe04d81b25d4c078779cd40,68f2d95bd190740cfd6a3219,ENQUEUED,0.4179886080152482,questions_in
2025-10-28T23:05:45.941930,PUBLISH,bf5458a6d2ea49079f87f233364daa1f,68f2d95bd190740cfd6a2e55,ENQUEUED,0.3268474553730489,questions_in
2025-10-28T23:05:46.091069,PUBLISH,658d22ecf76d460aa9c2e4688db95bf9,68f2d95bd190740cfd6a41b9,ENQUEUED,0.14267908029307383,questions_in
2025-10-28T23:05:47.362587,PUBLISH,980bda9601c7476cad9da56f62055c2d,68f2d95bd190740cfd6a3d9d,ENQUEUED,1.2648402277260664,questions_in
2025-10-28T23:05:47.375408,PUBLISH,b544b1e16f244207a50945bde0cedac2,68f2d95bd190740cfd6a2f12,ENQUEUED,0.005015930791310212,questions_in
2025-10-28T23:05:48.595211,PUBLISH,9a10f52243274721a7edc97121d28b28,68f2d95bd190740cfd6a1bc0,ENQUEUED,1.216819415726155,questions_in
2025-10-28T23:05:48.962301,PUBLISH,728db9bf2cb342349171930cf091636e,68f2d95bd190740cfd6a368f,ENQUEUED,0.3646324346976301,questions_in
2025-10-28T23:05:49.123284,PUBLISH,93dfe862b2aa42a18f89b9fa77f7d92f,68f2d95bd190740cfd6a3dff,ENQUEUED,0.1585933095513916,questions_in
2025-10-28T23:05:49.276026,PUBLISH,8ff6b79f202f4740badbe05ae69115bf,68f2d95bd190740cfd6a3214,ENQUEUED,0.15095699873570195,questions_in
2025-10-28T23:05:49.316384,PUBLISH,48b34c4e76e64262905abcce4ec801e6,68f2d95bd190740cfd6a3ff3,ENQUEUED,0.03766906097579572,questions_in
2025-10-28T23:05:49.601342,PUBLISH,bf9e3096e86f470b8ba691518d3db869,68f2d95bd190740cfd6a3395,ENQUEUED,0.2816922574103151,questions_in
2025-10-28T23:05:49.639443,PUBLISH,61f1fe6376524a0280284cda5e407da0,68f2d95bd190740cfd6a22ea,ENQUEUED,0.03639121660887821,questions_in
2025-10-28T23:05:50.640380,PUBLISH,4cfc9912a57b41e28dbeedcbdc58a60f,68f2d95bd190740cfd6a2397,ENQUEUED,0.994481710409595,questions_in
2025-10-28T23:05:50.887704,PUBLISH,f307653c8fa947a3a087ff9b7ed25c2b,68f2d95bd190740cfd6a2895,ENQUEUED,0.2445795471193106,questions_in
2025-10-28T23:05:51.140148,PUBLISH,191dadb55709474181d8adbb9cc61a16,68f2d95bd190740cfd6a3392,ENQUEUED,0.25054769590765263,questions_in
2025-10-28T23:05:51.279003,PUBLISH,c69da6abdd754a0894bab5fca8fa654e,68f2d95bd190740cfd6a2a08,ENQUEUED,0.1373469577097151,questions_in
2025-10-28T23:05:51.954234,PUBLISH,130c8135a73a46658808a1d2f5f2c0fb,68f2d95bd190740cfd6a4086,ENQUEUED,0.6660932457244152,questions_in
2025-10-28T23:05:51.981954,PUBLISH,90b952fd97bf4bc992489c1659715035,68f2d95bd190740cfd6a3d62,ENQUEUED,0.024797849993423587,questions_in
2025-10-28T23:05:52.891383,PUBLISH,3f4db85396474d4888e401dc80de8242,68f2d95bd190740cfd6a330e,ENQUEUED,0.9066947422878237,questions_in
2025-10-28T23:05:53.925300,PUBLISH,b75778a897bc4fbfbdd8667e849fb712,68f2d95bd190740cfd6a2848,ENQUEUED,1.027681176483908,questions_in
2025-10-28T23:05:54.235351,PUBLISH,b5e864c4ca3b489b8178107f7af3c757,68f2d95bd190740cfd6a3044,ENQUEUED,0.30285481629738903,questions_in
2025-10-28T23:05:55.917905,PUBLISH,eab32d3618224685bc6ac46a5144a320,68f2d95bd190740cfd6a34a9,ENQUEUED,1.678274043454313,questions_in
2025-10-28T23:05:56.252302,PUBLISH,8be51116cca9488681e968a682f9544c,68f2d95bd190740cfd6a2990,ENQUEUED,0.3295732507807934,questions_in
2025-10-28T23:05:57.037726,PUBLISH,74540730d60541d3b54fd66edc37da43,68f2d95bd190740cfd6a1c72,ENQUEUED,0.7776385494174152,questions_in
2025-10-28T23:05:57.247699,PUBLISH,e31f98015e814998b5ac74359cfe6fec,68f2d95bd190740cfd6a3b29,ENQUEUED,0.2061697399690199,questions_in
2025-10-28T23:05:58.100444,PUBLISH,fdaa82873dda495cbbedf5f65aa19923,68f2d95bd190740cfd6a26cc,ENQUEUED,0.8493771911512135,questions_in
2025-10-28T23:05:59.164635,PUBLISH,fe87268a95bc497f8f39a7bf9b5b50d5,68f2d95bd190740cfd6a32b2,ENQUEUED,1.0618466578903971,questions_in
2025-10-28T23:05:59.635728,PUBLISH,b58b0160009d45dc8d737c40aa663126,68f2d95bd190740cfd6a1d78,ENQUEUED,0.4681209256534726,questions_in
2025-10-28T23:05:59.960772,PUBLISH,118080c980b545c9acffe4e0b727cdcc,68f2d95bd190740cfd6a3b90,ENQUEUED,0.3220154270787837,questions_in
2025-10-28T23:06:02.087702,PUBLISH,5ec9a5d96c2a411194006865ddcd1a85,68f2d95bd190740cfd6a3654,ENQUEUED,2.122949210630128,questions_in
2025-10-28T23:06:02.982211,PUBLISH,b7c28e78f1b745eda5a2fcd26ec841d0,68f2d95bd190740cfd6a2493,ENQUEUED,0.8852819819047242,questions_in
2025-10-28T23:06:04.941890,PUBLISH,d2e9f27d574248979ce546cfa40ef6ce,68f2d95bd190740cfd6a3201,ENQUEUED,1.9560143209676817,questions_in
2025-10-28T23:06:05.129522,PUBLISH,2fda053643a9484d8d11f00a1a5280dc,68f2d95bd190740cfd6a262d,ENQUEUED,0.18050526084921611,questions_in
2025-10-28T23:06:05.739151,PUBLISH,88218b03dc234faf83440c408c832a06,68f2d95bd190740cfd6a27e5,ENQUEUED,0.6072640897212368,questions_in
2025-10-28T23:06:08.423627,PUBLISH,5ce66442e0424234aaa9f56941b15d83,68f2d95bd190740cfd6a24e3,ENQUEUED,2.6801195336346804,questions_in
2025-10-28T23:06:08.836113,PUBLISH,aa18def13d524d9aac0c394374bd6753,68f2d95bd190740cfd6a1d56,ENQUEUED,0.4093965755401243,questions_in
2025-10-28T23:06:08.940733,PUBLISH,f86e0242f6214304bc6eefa365104a71,68f2d95bd190740cfd6a2fbc,ENQUEUED,0.10129869132250706,questions_in
2025-10-28T23:06:09.084415,PUBLISH,5128554e9f3e4fa2ba1161ebfedd16dc,68f2d95bd190740cfd6a3d73,ENQUEUED,0.13910264160940194,questions_in
2025-10-28T23:06:09.498341,PUBLISH,1592df9d61e54f028c9ff56b754cd55b,68f2d95bd190740cfd6a3594,ENQUEUED,0.41035927346673534,questions_in
2025-10-28T23:06:10.098984,PUBLISH,77b990d4fad74307acbbc9461b5f03ed,68f2d95bd190740cfd6a342d,ENQUEUED,0.5977687316784087,questions_in
2025-10-28T23:06:10.273996,PUBLISH,45f201c7098947918fa1cd6c303b4f3e,68f2d95bd190740cfd6a40a4,ENQUEUED,0.16808473263775148,questions_in
2025-10-28T23:06:11.273402,PUBLISH,31d9998d606e43f1a08c315eb9a98336,68f2d95bd190740cfd6a2bf7,ENQUEUED,0.9926235771186919,questions_in
2025-10-28T23:06:11.910403,PUBLISH,6c7d7a89c8494f8d8fe6c753e8d2c323,68f2d95bd190740cfd6a3f1b,ENQUEUED,0.6275238219951119,questions_in
2025-10-28T23:06:12.169849,PUBLISH,8543f82da0bc4a1f93def681b41d7252,68f2d95bd190740cfd6a3fef,ENQUEUED,0.253485023832559,questions_in
2025-10-28T23:06:12.413810,PUBLISH,feb6ec8b764b4237b55529e757c51c91,68f2d95bd190740cfd6a4139,ENQUEUED,0.24046730556338838,questions_in
2025-10-28T23:06:12.430420,PUBLISH,93e6391889fb4951882acaa8c4291266,68f2d95bd190740cfd6a2941,ENQUEUED,0.013765262488628742,questions_in
2025-10-28T23:06:13.106342,PUBLISH,fb1fd5a400754e49a089bed87b36c99d,68f2d95bd190740cfd6a209e,ENQUEUED,0.6739786935298621,questions_in
2025-10-28T23:06:13.452321,PUBLISH,82ecc0ba18944a129b9745eaa808ffe0,68f2d95bd190740cfd6a293e,ENQUEUED,0.3433269167200225,questions_in
2025-10-28T23:06:13.603946,PUBLISH,ba414f1e9b054ddc8c76ea711c2f8efd,68f2d95bd190740cfd6a2c86,ENQUEUED,0.14954331951846447,questions_in
2025-10-28T23:06:15.837067,PUBLISH,c496ecb9d93145e8b59ea34a9ab615bf,68f2d95bd190740cfd6a29c3,ENQUEUED,2.2297983697725043,questions_in
2025-10-28T23:06:17.859574,PUBLISH,731262876bb34280bf0d8d7a11bd1298,68f2d95bd190740cfd6a2f9a,ENQUEUED,2.0193383461121166,questions_in
2025-10-28T23:06:17.889013,PUBLISH,c08780359d2344828bf5e04283dc4a7f,68f2d95bd190740cfd6a2d5c,ENQUEUED,0.026940140177505085,questions_in
2025-10-28T23:06:18.430321,PUBLISH,0856d02d99d8402b85b1ad1cc52282cb,68f2d95bd190740cfd6a1b10,ENQUEUED,0.5369688234732446,questions_in
2025-10-28T23:06:19.488347,PUBLISH,6992884a2a344699a67357b8cabdeb27,68f2d95bd190740cfd6a2860,ENQUEUED,1.0537546773193094,questions_in
2025-10-28T23:06:19.893213,PUBLISH,6be8a4327c0d42638ec7ae53e8899477,68f2d95bd190740cfd6a24c6,ENQUEUED,0.4027906410184536,questions_in
2025-10-28T23:06:21.352226,PUBLISH,1def50e990e84238ac4a2c72d687a49d,68f2d95bd190740cfd6a2f47,ENQUEUED,1.4561948610930615,questions_in
2025-10-28T23:06:21.463121,PUBLISH,91de5151c7e14efb8718d41fe148d5a6,68f2d95bd190740cfd6a2560,ENQUEUED,0.10533468921408269,questions_in
2025-10-28T23:06:21.487819,PUBLISH,8706490f1dbb46daa2ac00e276da958c,68f2d95bd190740cfd6a2d56,ENQUEUED,0.021165155167325093,questions_in
2025-10-28T23:06:22.999387,PUBLISH,1f81bb9d8edf4a1b9a4dbe44b56c51b2,68f2d95bd190740cfd6a3a17,ENQUEUED,1.5061462990062937,questions_in
2025-10-28T23:06:23.506872,PUBLISH,bf7df9a78c7c4b8883cd358bad021581,68f2d95bd190740cfd6a3834,ENQUEUED,0.5043359701908393,questions_in
2025-10-28T23:06:23.605542,PUBLISH,0cbe653f4f11453aa38441ae2a516714,68f2d95bd190740cfd6a1bcd,ENQUEUED,0.09682871365998814,questions_in
2025-10-28T23:06:25.164253,PUBLISH,fae777020bc441288db9307777d72581,68f2d95bd190740cfd6a346b,ENQUEUED,1.5539576259666814,questions_in
2025-10-28T23:06:25.806600,PUBLISH,53a04b2bba90451ea8dae40922815bd0,68f2d95bd190740cfd6a3e74,ENQUEUED,0.6381612154383602,questions_in
2025-10-28T23:06:26.236500,PUBLISH,575ce6af9a1b4d04b2d83036745b76ab,68f2d95bd190740cfd6a36e4,ENQUEUED,0.4210251981407518,questions_in
2025-10-28T23:06:30.433326,PUBLISH,626dd063addc455d9562a43afcb6991f,68f2d95bd190740cfd6a30ac,ENQUEUED,4.191094027795633,questions_in
2025-10-28T23:06:31.332398,PUBLISH,e30948f228ff423eb9d087fe44afad60,68f2d95bd190740cfd6a2c67,ENQUEUED,0.8969077793551472,questions_in
2025-10-28T23:06:32.741079,PUBLISH,9a776b1a9f3a424fb28e7290e8ce69f7,68f2d95bd190740cfd6a2e60,ENQUEUED,1.4064885722802478,questions_in
2025-10-28T23:06:33.332533,PUBLISH,230b67653d7848818f518cf87d53ec99,68f2d95bd190740cfd6a34e4,ENQUEUED,0.5888323158579047,questions_in
2025-10-28T23:06:34.614683,PUBLISH,8db050c104d446a4bcab02f1d5485ed8,68f2d95bd190740cfd6a2080,ENQUEUED,1.2749819712919854,questions_in
2025-10-28T23:06:36.002533,PUBLISH,127c14417b1b42828b2a70ac5bd2f90b,68f2d95bd190740cfd6a1d6f,ENQUEUED,1.383742074399306,questions_in
2025-10-28T23:06:36.146184,PUBLISH,6eebb1aca102439c8b02ea75da538fa6,68f2d95bd190740cfd6a2e41,ENQUEUED,0.13698417063147536,questions_in
2025-10-28T23:06:36.173907,PUBLISH,b0a31102e59143ae877c7dd52e907514,68f2d95bd190740cfd6a2d52,ENQUEUED,0.02545746701787964,questions_in
2025-10-28T23:06:37.694232,PUBLISH,dc7e973f0f764defad8fd37b71330e11,68f2d95bd190740cfd6a3980,ENQUEUED,1.516836121794704,questions_in
2025-10-28T23:06:37.752201,PUBLISH,ea2676319f044825bcdab90b655fdde8,68f2d95bd190740cfd6a3d0c,ENQUEUED,0.055919414810536215,questions_in
2025-10-28T23:06:38.865220,PUBLISH,9ee40616f9bd4a7da5938825350cddcc,68f2d95bd190740cfd6a3283,ENQUEUED,1.110397388944884,questions_in
2025-10-28T23:06:39.170966,PUBLISH,ef0c24a5e535416c8480e8c2ea4825f6,68f2d95bd190740cfd6a2e9b,ENQUEUED,0.30236835510082893,questions_in
2025-10-28T23:06:40.531589,PUBLISH,ea2b035f83284fa690eaa47e8a5b4a10,68f2d95bd190740cfd6a35ca,ENQUEUED,1.3545017382361362,questions_in
2025-10-28T23:06:41.477246,PUBLISH,cacb20d92a2c497da7f9c51fa1c52248,68f2d95bd190740cfd6a37db,ENQUEUED,0.9422933172848077,questions_in
2025-10-28T23:06:42.001048,PUBLISH,4df71a3001a74dfeb1f9dd21e401e6c1,68f2d95bd190740cfd6a1d3f,ENQUEUED,0.5204412027825333,questions_in
2025-10-28T23:06:45.016266,PUBLISH,8d18c0e94ecf4d9981aefded6c47b556,68f2d95bd190740cfd6a33a8,ENQUEUED,3.002636267564267,questions_in
2025-10-28T23:06:45.720611,PUBLISH,41d0922c05ab4738b2bc4703749de190,68f2d95bd190740cfd6a2b9e,ENQUEUED,0.7004525912387817,questions_in
2025-10-28T23:06:46.103606,PUBLISH,5018daf6f19c47f699f98a2479ac7ab2,68f2d95bd190740cfd6a35f6,ENQUEUED,0.37500653381593835,questions_in
2025-10-28T23:06:47.555010,PUBLISH,b447d65e0699412b9e69fdd6d3611059,68f2d95bd190740cfd6a2ea3,ENQUEUED,1.4463785139798127,questions_in
2025-10-28T23:06:47.744109,PUBLISH,d19bcbfd155a483497ac2b327f4f7e2b,68f2d95bd190740cfd6a383f,ENQUEUED,0.1864370923260901,questions_in
2025-10-28T23:06:47.936609,PUBLISH,7cd3d1c480f44106936170092b2293b1,68f2d95bd190740cfd6a2fac,ENQUEUED,0.18958067553983304,questions_in
2025-10-28T23:06:48.769992,PUBLISH,f90cb88a61214cf3993615de75077d89,68f2d95bd190740cfd6a2491,ENQUEUED,0.8289006344834502,questions_in
2025-10-28T23:06:49.052946,PUBLISH,864bb809d03c4ddcbb274aed9b660fc1,68f2d95bd190740cfd6a207d,ENQUEUED,0.28077632511716316,questions_in
2025-10-28T23:06:49.892780,PUBLISH,e4876de0ded54ae98be69c61b6bd8ce7,68f2d95bd190740cfd6a2264,ENQUEUED,0.8359978168679226,questions_in
2025-10-28T23:06:49.916453,PUBLISH,82f86265cbb44220bbbd285e07bc726a,68f2d95bd190740cfd6a2079,ENQUEUED,0.022002179607778966,questions_in
2025-10-28T23:06:50.037570,PUBLISH,c4e5264e65c047aa8901881bd13f360c,68f2d95bd190740cfd6a35eb,ENQUEUED,0.11867122925275232,questions_in
2025-10-28T23:06:50.292485,PUBLISH,95afcb051a464da0a09b7ec393105072,68f2d95bd190740cfd6a1f4c,ENQUEUED,0.25293958848536696,questions_in
2025-10-28T23:06:51.008309,PUBLISH,de9870de7bfd4dc6a5c0fecab6850697,68f2d95bd190740cfd6a2bfb,ENQUEUED,0.7116969771992859,questions_in
2025-10-28T23:06:52.059675,PUBLISH,8c7b56f64a384d699f31cbf0db125b9b,68f2d95bd190740cfd6a2246,ENQUEUED,1.0490803436896703,questions_in
2025-10-28T23:06:52.924752,PUBLISH,3b5d7cfd4669410893abe66b1b6a53fb,68f2d95bd190740cfd6a2002,ENQUEUED,0.8620507360643409,questions_in
2025-10-28T23:06:53.470513,PUBLISH,874ee760aa3a4a5e9a34ab7dcb038a47,68f2d95bd190740cfd6a29c2,ENQUEUED,0.5438011004281705,questions_in
2025-10-28T23:06:53.940196,PUBLISH,7784eba5e5ae44f6b9575c5a392c026d,68f2d95bd190740cfd6a3ee5,ENQUEUED,0.4655824350786903,questions_in
2025-10-28T23:06:54.557077,PUBLISH,e9a4bdc8d6914b5c92e3084b01c996d3,68f2d95bd190740cfd6a2831,ENQUEUED,0.6126012117387998,questions_in
2025-10-28T23:06:54.798929,PUBLISH,412ca04c54bb4ca395590b0a420b156d,68f2d95bd190740cfd6a3722,ENQUEUED,0.2386257030252358,questions_in
2025-10-28T23:06:55.029257,PUBLISH,0310cf1fd77a489db12ae87c3a7a2e59,68f2d95bd190740cfd6a3195,ENQUEUED,0.22820871151392716,questions_in
2025-10-28T23:06:56.485758,PUBLISH,418aaaa114794c2fa7335ac7a2e96846,68f2d95bd190740cfd6a29c2,ENQUEUED,1.447183484196285,questions_in
2025-10-28T23:06:56.535158,PUBLISH,80265dc7b17f4131ac5914a5db77eacc,68f2d95bd190740cfd6a26d1,ENQUEUED,0.044644572581796466,questions_in
2025-10-28T23:06:56.551538,PUBLISH,813dd981a4504c7b93f600df768eb1c3,68f2d95bd190740cfd6a2a92,ENQUEUED,0.006158042514460797,questions_in
2025-10-28T23:06:56.702639,PUBLISH,5630b9bf1371464798204fb5c18fd0f5,68f2d95bd190740cfd6a410d,ENQUEUED,0.14767136882522522,questions_in
2025-10-28T23:06:56.825531,PUBLISH,daab1b87d0f5466fa0d3755576e52ecb,68f2d95bd190740cfd6a350d,ENQUEUED,0.11877221459886868,questions_in
2025-10-28T23:06:57.213015,PUBLISH,62189083fed54f3b8b9ecf38f8077e55,68f2d95bd190740cfd6a1b1f,ENQUEUED,0.38386137238617696,questions_in
2025-10-28T23:06:57.576991,PUBLISH,3a2cdbec3c7a4a3698746ee81840ac96,68f2d95bd190740cfd6a3306,ENQUEUED,0.357720745733132,questions_in
2025-10-28T23:06:58.464810,PUBLISH,231d0fee7afb4af191cad5372da6e9b5,68f2d95bd190740cfd6a2bdc,ENQUEUED,0.8845572107785786,questions_in
2025-10-28T23:06:59.444780,PUBLISH,8b7ba44aee374c8d82554c48c51057fa,68f2d95bd190740cfd6a2d3a,ENQUEUED,0.9771662671728162,questions_in
2025-10-28T23:06:59.522189,PUBLISH,75ad479ae7044fe5895c8a100eeabb0c,68f2d95bd190740cfd6a2a5b,ENQUEUED,0.07390252137243385,questions_in
2025-10-28T23:06:59.674131,PUBLISH,c3b1cb25232a4f2bacfc62e286c77f5c,68f2d95bd190740cfd6a3b0a,ENQUEUED,0.15028799860678832,questions_in
2025-10-28T23:07:01.357278,PUBLISH,b52f4c79693049f592fdcf55d4142d13,68f2d95bd190740cfd6a231d,ENQUEUED,1.6803600312626115,questions_in
2025-10-28T23:07:02.289522,PUBLISH,8baf3a073a71455bb0f6f60368c91219,68f2d95bd190740cfd6a2f23,ENQUEUED,0.9273247997774732,questions_in
2025-10-28T23:07:02.662327,PUBLISH,cecaa37397c5498e9e390211baafc4c4,68f2d95bd190740cfd6a1f25,ENQUEUED,0.36576027733253413,questions_in
2025-10-28T23:07:02.904728,PUBLISH,970a3b73d0734b5ab233a30c6c1e9905,68f2d95bd190740cfd6a361b,ENQUEUED,0.23787310978007484,questions_in
2025-10-28T23:07:03.835276,PUBLISH,0e4a3f39cf3f4ebebb2ecedb0995387f,68f2d95bd190740cfd6a359a,ENQUEUED,0.9272792550190938,questions_in
2025-10-28T23:07:04.103089,PUBLISH,9aa25cfb53c944dd9cc1609f89ae28b8,68f2d95bd190740cfd6a1dd1,ENQUEUED,0.265153619612654,questions_in
2025-10-28T23:07:04.783017,PUBLISH,35ab330cba864fbe8fdb73127426257a,68f2d95bd190740cfd6a3435,ENQUEUED,0.672199305007329,questions_in
2025-10-28T23:07:07.505202,PUBLISH,3db0a33cc3d044de99c13230d7c8284f,68f2d95bd190740cfd6a39dc,ENQUEUED,2.715490620587381,questions_in
2025-10-28T23:07:07.660777,PUBLISH,94db5a9c0d604c87b696fbc9c0a99e32,68f2d95bd190740cfd6a3ff4,ENQUEUED,0.1494921564340206,questions_in
2025-10-28T23:07:09.345014,PUBLISH,0da2b350f19e4772bcda79ddc1a548e2,68f2d95bd190740cfd6a3b98,ENQUEUED,1.6815462649242277,questions_in
2025-10-28T23:07:10.340385,PUBLISH,8b534d3f9a1542dd8c054753ca571632,68f2d95bd190740cfd6a1fe1,ENQUEUED,0.9927276558740158,questions_in
2025-10-28T23:07:11.548446,PUBLISH,0dcb9ffcf5954a3597c068fa7971203c,68f2d95bd190740cfd6a309f,ENQUEUED,1.205848029237291,questions_in
2025-10-28T23:07:11.814910,PUBLISH,36116a1bdc8f478bbf14c9357adb2974,68f2d95bd190740cfd6a349d,ENQUEUED,0.2640946581816029,questions_in
2025-10-28T23:07:12.227221,PUBLISH,df84975410e044edb5fb702adb1cd917,68f2d95bd190740cfd6a282c,ENQUEUED,0.410262866010129,questions_in
2025-10-28T23:07:12.742204,PUBLISH,083c148708a24dc9b310bef34756c4db,68f2d95bd190740cfd6a28f6,ENQUEUED,0.5133136455263403,questions_in
2025-10-28T23:07:13.797988,PUBLISH,c92d5d04f05f4851a8ec10c29ce7c502,68f2d95bd190740cfd6a29ab,ENQUEUED,1.0529807297540459,questions_in
2025-10-28T23:07:14.653768,PUBLISH,d206b85c42fd438a8e772184d767d8e2,68f2d95bd190740cfd6a2ac0,ENQUEUED,0.85225602294673,questions_in
2025-10-28T23:07:15.635202,PUBLISH,8054102a1957484ea5e92dea194c1bc8,68f2d95bd190740cfd6a2972,ENQUEUED,0.9751146536051571,questions_in
2025-10-28T23:07:15.965634,PUBLISH,32b7c74e45e1486b815a88da8e28ed79,68f2d95bd190740cfd6a1e60,ENQUEUED,0.32799032913061493,questions_in
2025-10-28T23:07:15.982671,PUBLISH,00541dce01ce45e79b617be36d3d65c1,68f2d95bd190740cfd6a2dea,ENQUEUED,0.014522401849278782,questions_in
2025-10-28T23:07:16.137887,PUBLISH,215afd4f163746d3a40df9bfac61f704,68f2d95bd190740cfd6a2d0b,ENQUEUED,0.15195348154869912,questions_in
2025-10-28T23:07:16.626754,PUBLISH,6a73a1346fe7457d84d1aecc5f48f117,68f2d95bd190740cfd6a3af7,ENQUEUED,0.4804641185798438,questions_in
2025-10-28T23:07:17.047039,PUBLISH,21ec45f461364013884801fbce2ce0d8,68f2d95bd190740cfd6a344c,ENQUEUED,0.4150556895988726,questions_in
2025-10-28T23:07:17.157328,PUBLISH,69dd0d26fd3e41dfb69962d6339a8e37,68f2d95bd190740cfd6a25b4,ENQUEUED,0.10281359142328154,questions_in
2025-10-28T23:07:18.023283,PUBLISH,c07344a31af2486b96ec6d167a2e217b,68f2d95bd190740cfd6a32fc,ENQUEUED,0.8625447481308345,questions_in
2025-10-28T23:07:18.042650,PUBLISH,a2cc4a5bff9f4a1c859f342d2902a72a,68f2d95bd190740cfd6a1d12,ENQUEUED,0.017574810951806782,questions_in
2025-10-28T23:07:18.377978,PUBLISH,eea85398956a4aa8aa7f778939a0622c,68f2d95bd190740cfd6a22d5,ENQUEUED,0.33335122127081535,questions_in
2025-10-28T23:07:18.537537,PUBLISH,ba8880a584324d648c05613fd62e5e1f,68f2d95bd190740cfd6a39c1,ENQUEUED,0.15704894070442568,questions_in
2025-10-28T23:07:19.124245,PUBLISH,efb00c0e3e6644809e5ca04368fc935d,68f2d95bd190740cfd6a2166,ENQUEUED,0.5847251056889139,questions_in
2025-10-28T23:07:19.399035,PUBLISH,add90624d7a84065a11c3dcad74ff809,68f2d95bd190740cfd6a3dbc,ENQUEUED,0.27153073626238144,questions_in
2025-10-28T23:07:19.515430,PUBLISH,bd40b89429304268a00e17ba5f1bcd89,68f2d95bd190740cfd6a300d,ENQUEUED,0.11432308151430863,questions_in
2025-10-28T23:07:19.885927,PUBLISH,087396537b4b4c6fba25c617aca82297,68f2d95bd190740cfd6a2e0e,ENQUEUED,0.35944603553228244,questions_in
2025-10-28T23:07:21.525531,PUBLISH,8dd097f881ee446eb69f8b4cee1eefd1,68f2d95bd190740cfd6a24fa,ENQUEUED,1.6366943306754589,questions_in
2025-10-28T23:07:22.112260,PUBLISH,d66b9874940c4e00aee7a68774d29ba9,68f2d95bd190740cfd6a21da,ENQUEUED,0.5846635495394251,questions_in
2025-10-28T23:07:22.630359,PUBLISH,65726532b9c4449c948a75a5e3489608,68f2d95bd190740cfd6a2aa3,ENQUEUED,0.5154852878651918,questions_in
2025-10-28T23:07:23.562177,PUBLISH,9528e0bdb1894aa3b90e48fe59c6fae8,68f2d95bd190740cfd6a2a4f,ENQUEUED,0.9283263105178378,questions_in
2025-10-28T23:07:24.770423,PUBLISH,f44ea8c4062d468ab3af1cc95cea241e,68f2d95bd190740cfd6a1ede,ENQUEUED,1.2056646193674039,questions_in
2025-10-28T23:07:24.988244,PUBLISH,1dbcb6f4beab45eebd6b82e103de0067,68f2d95bd190740cfd6a40da,ENQUEUED,0.21591150282203397,questions_in
2025-10-28T23:07:25.708339,PUBLISH,a31678e5bb1e485795e22abc89fefc19,68f2d95bd190740cfd6a313d,ENQUEUED,0.7114322342038327,questions_in
2025-10-28T23:07:25.968381,PUBLISH,029fad39d53c4b4a96b764833a053cc0,68f2d95bd190740cfd6a264a,ENQUEUED,0.2554127727238291,questions_in
2025-10-28T23:07:26.398963,PUBLISH,aef955fec2884304a0ec464e15ac3887,68f2d95bd190740cfd6a35b5,ENQUEUED,0.4268458594337297,questions_in
2025-10-28T23:07:26.429961,PUBLISH,91d39632d48645dbb56a0efc86949e0e,68f2d95bd190740cfd6a3f02,ENQUEUED,0.028001694149600975,questions_in
2025-10-28T23:07:26.612442,PUBLISH,44a77f16b604458586ae1ffeb206c9df,68f2d95bd190740cfd6a2afd,ENQUEUED,0.1804705327595577,questions_in
2025-10-28T23:07:26.750023,PUBLISH,f6068d458b524bd8a9bd09f4ee2e67f2,68f2d95bd190740cfd6a2085,ENQUEUED,0.1338747526296061,questions_in
2025-10-28T23:07:27.078792,PUBLISH,7ddb5d0b1d8249efbba5869896cf4a05,68f2d95bd190740cfd6a1bb5,ENQUEUED,0.3255638021847718,questions_in
2025-10-28T23:07:28.302427,PUBLISH,80a39ad8c250420d91ca148abe864982,68f2d95bd190740cfd6a3f16,ENQUEUED,1.2200156768740185,questions_in
2025-10-28T23:07:30.507899,PUBLISH,02cc61d4ec654724937049b6eb385fb4,68f2d95bd190740cfd6a2214,ENQUEUED,2.201032448465226,questions_in
2025-10-28T23:07:30.587850,PUBLISH,9dee8d020fe747b48496f0ee3bc1d8f0,68f2d95bd190740cfd6a2826,ENQUEUED,0.07691987048793403,questions_in
2025-10-28T23:07:30.785928,PUBLISH,58aed70e220745b09b5c95c0b09efae4,68f2d95bd190740cfd6a4117,ENQUEUED,0.19444638919846705,questions_in
2025-10-28T23:07:31.310540,PUBLISH,b16885dcbf4f4ccb84321f5d24374570,68f2d95bd190740cfd6a2769,ENQUEUED,0.5223698891654905,questions_in
2025-10-28T23:07:33.039636,PUBLISH,f014d98f150b4617a85c2622b541ba1d,68f2d95bd190740cfd6a202b,ENQUEUED,1.7255629898512488,questions_in
2025-10-28T23:07:33.229011,PUBLISH,a2ef33cb9a964895b04e2edee0b67d1f,68f2d95bd190740cfd6a3d44,ENQUEUED,0.18693378697649277,questions_in
2025-10-28T23:07:33.242625,PUBLISH,6fbfc4dfaaac4cd192a88eeb8067bf87,68f2d95bd190740cfd6a3748,ENQUEUED,0.012138878312872713,questions_in
2025-10-28T23:07:34.781391,PUBLISH,9629d4130f8349dcb8114fc0f4ec7147,68f2d95bd190740cfd6a3bef,ENQUEUED,1.5320105541045896,questions_in
2025-10-28T23:07:36.351839,PUBLISH,82df2b258b24419fa3ba6f7103f49b7a,68f2d95bd190740cfd6a1c34,ENQUEUED,1.5644658141760648,questions_in
2025-10-28T23:07:36.984318,PUBLISH,51a70c9af66f4680999c17efa11cb76b,68f2d95bd190740cfd6a4107,ENQUEUED,0.626115546580038,questions_in
2025-10-28T23:07:37.221219,PUBLISH,eff978ad284a4f6a816fcf6099951151,68f2d95bd190740cfd6a2291,ENQUEUED,0.22849303690335518,questions_in
2025-10-28T23:07:37.314581,PUBLISH,6ea69fb663d14a269994994d2fdfb977,68f2d95bd190740cfd6a314e,ENQUEUED,0.08986840736369789,questions_in
2025-10-28T23:07:38.610011,PUBLISH,ef5017a231084d37b1969ca29a669d75,68f2d95bd190740cfd6a2624,ENQUEUED,1.2925584001548558,questions_in
2025-10-28T23:07:39.284163,PUBLISH,99b964ccba974b8c9d6b27b7df67c3b2,68f2d95bd190740cfd6a26c9,ENQUEUED,0.6696236429580468,questions_in
2025-10-28T23:07:40.349760,PUBLISH,fc43367744774866a9c111a45390f704,68f2d95bd190740cfd6a210e,ENQUEUED,1.0574068178945295,questions_in
2025-10-28T23:07:40.778660,PUBLISH,2134bd34afea43b08b2e8268c5f3ccd3,68f2d95bd190740cfd6a2599,ENQUEUED,0.4256565208257086,questions_in
2025-10-28T23:07:41.431418,PUBLISH,b5abed6945b54f699bedd730ab13cef0,68f2d95bd190740cfd6a27f7,ENQUEUED,0.6485506296362933,questions_in
2025-10-28T23:07:42.140676,PUBLISH,6f4621f9cfae48dc8d28a50385c22a81,68f2d95bd190740cfd6a3a86,ENQUEUED,0.7065000895549925,questions_in
2025-10-28T23:07:42.208834,PUBLISH,f94387c322614764bc213755b6f3f03e,68f2d95bd190740cfd6a2f37,ENQUEUED,0.06532908687077559,questions_in
2025-10-28T23:07:42.996792,PUBLISH,36ce3f9773e2455d9e5e414cba4a4bfd,68f2d95bd190740cfd6a2ec4,ENQUEUED,0.7802852240689382,questions_in
2025-10-28T23:07:43.322444,PUBLISH,af2a153d9a214a7b9f588f2dd6521704,68f2d95bd190740cfd6a3728,ENQUEUED,0.32327465600964855,questions_in
2025-10-28T23:07:43.324924,PUBLISH,3321e74328f84555be3dff506ec5a2e8,68f2d95bd190740cfd6a2867,ENQUEUED,0.0007412535224309538,questions_in
2025-10-28T23:07:43.810219,PUBLISH,dfe414e616f842238d6bfe33f0a1702f,68f2d95bd190740cfd6a2a9c,ENQUEUED,0.48344923253096744,questions_in
2025-10-28T23:07:44.416346,PUBLISH,dba3ab0ad2cc4b5584ac6a42bc763db6,68f2d95bd190740cfd6a399f,ENQUEUED,0.6021779396636017,questions_in
2025-10-28T23:07:44.959035,PUBLISH,87539f976dd34f4d9c919a65444513dc,68f2d95bd190740cfd6a220d,ENQUEUED,0.539579225457434,questions_in
2025-10-28T23:07:45.543606,PUBLISH,d784e67648e142898163cb18b6976d2c,68f2d95bd190740cfd6a392e,ENQUEUED,0.5820040552552422,questions_in
2025-10-28T23:07:46.035149,PUBLISH,555829c4f3b740849d33ed0060d3a169,68f2d95bd190740cfd6a2734,ENQUEUED,0.48937917245212254,questions_in
2025-10-28T23:07:46.078678,PUBLISH,4d8ac45101e34ac392544697f7e8ca8f,68f2d95bd190740cfd6a219b,ENQUEUED,0.03669292459095847,questions_in
2025-10-28T23:07:46.625086,PUBLISH,b0e39e1f8dea4dd181d607a1948b5285,68f2d95bd190740cfd6a3456,ENQUEUED,0.5427177227007886,questions_in
2025-10-28T23:07:48.316908,PUBLISH,f4611271ba4a45fdaab892be3253216d,68f2d95bd190740cfd6a3ed5,ENQUEUED,1.6819264003627687,questions_in
2025-10-28T23:07:49.084102,PUBLISH,e39f7ec36bcc4ebda14c513a48a918e4,68f2d95bd190740cfd6a1fc2,ENQUEUED,0.7605884766812459,questions_in
2025-10-28T23:07:51.860070,PUBLISH,84639d34be7f4047b9a4b4e2c97459a9,68f2d95bd190740cfd6a3e93,ENQUEUED,2.76099147688927,questions_in
2025-10-28T23:07:51.996908,PUBLISH,e1c44b1a990e4e8a9ad68250df8099bc,68f2d95bd190740cfd6a1d84,ENQUEUED,0.13493886516430406,questions_in
2025-10-28T23:07:52.558371,PUBLISH,d69e4b16b9b745daa6dbea3a53a08e47,68f2d95bd190740cfd6a2423,ENQUEUED,0.5586492450480377,questions_in
2025-10-28T23:07:53.248306,PUBLISH,5f1fc69f4781479aa701af50cbc05704,68f2d95bd190740cfd6a2e34,ENQUEUED,0.6877477746114465,questions_in
2025-10-28T23:07:53.251204,PUBLISH,9134f12e791c4eddbf783d9530874690,68f2d95bd190740cfd6a3651,ENQUEUED,0.000985211206650114,questions_in
2025-10-28T23:07:53.454858,PUBLISH,2aa9e429fc9a410aba43540565cf3c33,68f2d95bd190740cfd6a1de5,ENQUEUED,0.19751311753319056,questions_in
2025-10-28T23:07:54.541434,PUBLISH,7f02669f96fa4199964162212eadf99f,68f2d95bd190740cfd6a307f,ENQUEUED,1.0842293708492703,questions_in
2025-10-28T23:07:56.413240,PUBLISH,f5d3b2353f5a4ce2830e21a9597d5c9a,68f2d95bd190740cfd6a352c,ENQUEUED,1.8666865069557168,questions_in
2025-10-28T23:07:56.848179,PUBLISH,6d92743a437c4539abd7be57ca61fc86,68f2d95bd190740cfd6a2d83,ENQUEUED,0.4327550565505079,questions_in
2025-10-28T23:07:57.126302,PUBLISH,b74978ad1c93465aab0c648524366452,68f2d95bd190740cfd6a1ece,ENQUEUED,0.274699289725167,questions_in
2025-10-28T23:07:57.180983,PUBLISH,c05352e195fa4e8abb4ae978088e2d1c,68f2d95bd190740cfd6a27ad,ENQUEUED,0.0513992676139328,questions_in
2025-10-28T23:07:57.651950,PUBLISH,c594ef3d9756405c8e54a43c34a4600f,68f2d95bd190740cfd6a25a3,ENQUEUED,0.46761657148032576,questions_in
2025-10-28T23:07:57.895184,PUBLISH,da7c4ce0bd5e43bfa58304dc3d892170,68f2d95bd190740cfd6a278c,ENQUEUED,0.23872895421911858,questions_in
2025-10-28T23:07:58.600076,PUBLISH,a8525543b1504f67a9748dc4f7067b67,68f2d95bd190740cfd6a3b70,ENQUEUED,0.7021351160300152,questions_in
2025-10-28T23:07:58.914453,PUBLISH,4e0cfb8c77e647098cd1e2895159d9a5,68f2d95bd190740cfd6a209a,ENQUEUED,0.31067923002613806,questions_in
2025-10-28T23:08:01.261459,PUBLISH,b06b8979617e46b5adb95e8ffdf53f53,68f2d95bd190740cfd6a2d3c,ENQUEUED,2.3412118708950085,questions_in
2025-10-28T23:08:02.044489,PUBLISH,c0d10163eb144cbfa6854ca6a08fe997,68f2d95bd190740cfd6a2412,ENQUEUED,0.78012584321774,questions_in
2025-10-28T23:08:02.055572,PUBLISH,c9637755366e4f658d72bc1af0bb030a,68f2d95bd190740cfd6a2e95,ENQUEUED,0.009420468706872827,questions_in
2025-10-28T23:08:02.551842,PUBLISH,a7960a522084427c947170c8a7ab483d,68f2d95bd190740cfd6a2802,ENQUEUED,0.4871241720514956,questions_in
2025-10-28T23:08:03.379582,PUBLISH,d452947fd1654aa9bb15896c85f156b5,68f2d95bd190740cfd6a2f70,ENQUEUED,0.8251372237038884,questions_in
2025-10-28T23:08:03.972339,PUBLISH,4844579b2eee479b8f7e67258068b8e1,68f2d95bd190740cfd6a2077,ENQUEUED,0.5901319254905154,questions_in
2025-10-28T23:08:04.258056,PUBLISH,5b614e3a72a342e589a456dff987ad15,68f2d95bd190740cfd6a1d59,ENQUEUED,0.28262873467858174,questions_in
2025-10-28T23:08:04.356382,PUBLISH,0b503dddfcab42cda25650ef1a82a234,68f2d95bd190740cfd6a3228,ENQUEUED,0.09637541630147141,questions_in
2025-10-28T23:08:04.954538,PUBLISH,d007216a3c8f4fbc91a903fef68ee44e,68f2d95bd190740cfd6a2b44,ENQUEUED,0.5961167553889664,questions_in
2025-10-28T23:08:04.997547,PUBLISH,ce9d019381d04087b9c25e2dae57c0fc,68f2d95bd190740cfd6a3008,ENQUEUED,0.04105732334569123,questions_in
2025-10-28T23:08:05.011791,PUBLISH,0ee54be06f6c4901b9f5f85168fa0d89,68f2d95bd190740cfd6a41c1,ENQUEUED,0.011049763513277121,questions_in
2025-10-28T23:08:05.470976,PUBLISH,78f306618e544930ba49244dfe605915,68f2d95bd190740cfd6a1c0c,ENQUEUED,0.45656797777335717,questions_in
2025-10-28T23:08:05.809913,PUBLISH,390ff99aac7c41609a703444f2e2e961,68f2d95bd190740cfd6a2d1b,ENQUEUED,0.3341379397123399,questions_in
2025-10-28T23:08:06.233898,PUBLISH,e654fbfd465143d09454b1b08cbaeb4f,68f2d95bd190740cfd6a326e,ENQUEUED,0.41808660676111487,questions_in
2025-10-28T23:08:06.841924,PUBLISH,6eb60089c67c47b1b44add22fcb1a5ff,68f2d95bd190740cfd6a3d6a,ENQUEUED,0.6040588775343965,questions_in
2025-10-28T23:08:07.755841,PUBLISH,3b9a7c5dbbdf42cabb617bcb9a282c8a,68f2d95bd190740cfd6a3fb4,ENQUEUED,0.9115245652952941,questions_in
2025-10-28T23:08:10.203184,PUBLISH,2179155e81a248168178301d060f6e54,68f2d95bd190740cfd6a3219,ENQUEUED,2.443414998138574,questions_in
2025-10-28T23:08:11.260200,PUBLISH,f06e1d341cd54ef385776130598ae4f0,68f2d95bd190740cfd6a2544,ENQUEUED,1.0550521349536899,questions_in
2025-10-28T23:08:12.203921,PUBLISH,a13488d459a34b2082227aaf09e458d7,68f2d95bd190740cfd6a1f7f,ENQUEUED,0.9413226631066719,questions_in
2025-10-28T23:08:13.501180,PUBLISH,bd3f38d1c54a434d8b6b21dfc23c330d,68f2d95bd190740cfd6a2610,ENQUEUED,1.295125116386761,questions_in
2025-10-28T23:08:13.724806,PUBLISH,102f5417c6b84ea99b6db2f614b898c9,68f2d95bd190740cfd6a2e6a,ENQUEUED,0.21804362324476723,questions_in
2025-10-28T23:08:14.117041,PUBLISH,a23c14b94f9b4a7199e55184e36c6405,68f2d95bd190740cfd6a20d7,ENQUEUED,0.3893616177090262,questions_in
2025-10-28T23:08:14.714741,PUBLISH,fa37700ab518430fb797580621153d59,68f2d95bd190740cfd6a27e9,ENQUEUED,0.5953682382355306,questions_in
2025-10-28T23:08:15.508065,PUBLISH,67c8bee28eb3493283b96acba6857e8c,68f2d95bd190740cfd6a3872,ENQUEUED,0.7899437810976337,questions_in
2025-10-28T23:08:17.954010,PUBLISH,449fab98fac447afaf28c08517cc66f9,68f2d95bd190740cfd6a3022,ENQUEUED,2.44034605850892,questions_in
2025-10-28T23:08:18.955786,PUBLISH,653b58a8749f4dce96aa1c5b2714577a,68f2d95bd190740cfd6a1e26,ENQUEUED,0.998465051594107,questions_in
2025-10-28T23:08:19.075643,PUBLISH,d9976212050c4326b342fdc7b1dde30d,68f2d95bd190740cfd6a1c34,ENQUEUED,0.11711791171861326,questions_in
2025-10-28T23:08:19.091542,PUBLISH,3eefb666b0374a47ac3b559ac88211b5,68f2d95bd190740cfd6a2131,ENQUEUED,0.013192571522588785,questions_in
2025-10-28T23:08:19.402344,PUBLISH,6f7a2d955fdf4af383abeff665621a05,68f2d95bd190740cfd6a3b91,ENQUEUED,0.3052100079557592,questions_in
2025-10-28T23:08:19.453677,PUBLISH,4cc451d9d7ff4d6fa68bec4f27684de8,68f2d95bd190740cfd6a35bf,ENQUEUED,0.04095564250202403,questions_in
2025-10-28T23:08:19.991127,PUBLISH,24e8ee56e9974f5ba22313fb7794cdf0,68f2d95bd190740cfd6a415f,ENQUEUED,0.5332062512469486,questions_in
2025-10-28T23:08:21.684409,PUBLISH,8780490e799c4ac88c58e1dbcf4e4c6c,68f2d95bd190740cfd6a3cb2,ENQUEUED,1.6893137382580392,questions_in
2025-10-28T23:08:22.249142,PUBLISH,b18a4c0b80674078ad7a1bfe79abcfdb,68f2d95bd190740cfd6a4037,ENQUEUED,0.5624769635317118,questions_in
2025-10-28T23:08:24.001579,PUBLISH,301d6d88af2649d2a35353a6a10894db,68f2d95bd190740cfd6a2daa,ENQUEUED,1.7490092476897081,questions_in
2025-10-28T23:08:25.501112,PUBLISH,6b45010c580a40378f7d1aa12ff5984c,68f2d95bd190740cfd6a28ab,ENQUEUED,1.495609259252511,questions_in
2025-10-28T23:08:25.855789,PUBLISH,078268d958c74bfc83ca326d184ea1b5,68f2d95bd190740cfd6a24fc,ENQUEUED,0.3493333011849713,questions_in
2025-10-28T23:08:25.924464,PUBLISH,a66225a1be1d4b6c8b030d204c6d5392,68f2d95bd190740cfd6a268b,ENQUEUED,0.06388399518827144,questions_in
2025-10-28T23:08:25.977869,PUBLISH,c3eb5f8eea554766980f33a4b99e4811,68f2d95bd190740cfd6a2ad4,ENQUEUED,0.05166336395506966,questions_in
2025-10-28T23:08:26.513690,PUBLISH,48576d59827e4473ab93a4de150c7a07,68f2d95bd190740cfd6a3fda,ENQUEUED,0.5334952716811302,questions_in
2025-10-28T23:08:26.810579,PUBLISH,b6ad8f85a3d3449bbd37a98f0f2680d9,68f2d95bd190740cfd6a27b2,ENQUEUED,0.2869453922227288,questions_in
2025-10-28T23:08:28.259540,PUBLISH,3abf451f2be64e3aaa5971d098a7aa69,68f2d95bd190740cfd6a21b9,ENQUEUED,1.4457974432300749,questions_in
2025-10-28T23:08:28.411223,PUBLISH,d05154ceacac4d8aa62af16eff25fc82,68f2d95bd190740cfd6a2be2,ENQUEUED,0.1463275571566147,questions_in
2025-10-28T23:08:28.890640,PUBLISH,5aaef3f8b0fd49c1b9ca8bfd724b1391,68f2d95bd190740cfd6a360d,ENQUEUED,0.4757647223294146,questions_in
2025-10-28T23:08:29.212546,PUBLISH,1d3204ed4ce943bd9b1e3d1489f877c2,68f2d95bd190740cfd6a2f1f,ENQUEUED,0.3190562543634781,questions_in
2025-10-28T23:08:29.421281,PUBLISH,beb95d60c00b40c5a251259a37973723,68f2d95bd190740cfd6a3de0,ENQUEUED,0.2047936992304076,questions_in
2025-10-28T23:08:30.463846,PUBLISH,be1d5d0b77034ceb891b6f07ad1aa196,68f2d95bd190740cfd6a30ee,ENQUEUED,1.036291170032451,questions_in
2025-10-28T23:08:30.729355,PUBLISH,b5a1a85c64f84e37bc7a3d60b1651248,68f2d95bd190740cfd6a30ea,ENQUEUED,0.26135226449943555,questions_in
2025-10-28T23:08:30.850601,PUBLISH,a61c09183245444591e168ff1d95b433,68f2d95bd190740cfd6a4046,ENQUEUED,0.11889533149155625,questions_in
2025-10-28T23:08:31.111970,PUBLISH,9b1341f887184ea181139c78fbd7f5a8,68f2d95bd190740cfd6a2c33,ENQUEUED,0.2547505574290222,questions_in
2025-10-28T23:08:31.515331,PUBLISH,fa33c61e237044029bafbb562c1c5133,68f2d95bd190740cfd6a28f7,ENQUEUED,0.3967405418114882,questions_in
2025-10-28T23:08:32.077070,PUBLISH,c90b3e67e0d340b2890bdf82742abab4,68f2d95bd190740cfd6a34fd,ENQUEUED,0.5598282253985803,questions_in
2025-10-28T23:08:33.481335,PUBLISH,b33a6b653d974cf4b97401bfdb8ce6d8,68f2d95bd190740cfd6a28ae,ENQUEUED,1.3977115730297351,questions_in
2025-10-28T23:08:34.954595,PUBLISH,cf2aaf455816439e95534607849ec3bf,68f2d95bd190740cfd6a206a,ENQUEUED,1.4706557990142992,questions_in
2025-10-28T23:08:35.170866,PUBLISH,956b03ffb79445adb8d1d4112b5200bf,68f2d95bd190740cfd6a1bfe,ENQUEUED,0.2131494146851525,questions_in
2025-10-28T23:08:36.219457,PUBLISH,1718a50015eb4987afde9ce24d1feac3,68f2d95bd190740cfd6a358e,ENQUEUED,1.0440392225706752,questions_in
2025-10-28T23:08:37.028880,PUBLISH,a7c616b0e4ff4a1ebce7579055bed2cd,68f2d95bd190740cfd6a2b70,ENQUEUED,0.8062694653785084,questions_in
2025-10-28T23:08:39.546167,PUBLISH,aec795c209d1413caf9128d45083c018,68f2d95bd190740cfd6a3e03,ENQUEUED,2.5064178353684183,questions_in
2025-10-28T23:08:39.643325,PUBLISH,5d05d1d8952147999b0e78abe0ce765b,68f2d95bd190740cfd6a2ed8,ENQUEUED,0.08558449266441794,questions_in
2025-10-28T23:08:39.820802,PUBLISH,d3b4bce142794ebb82f6dd4cfbe5bf86,68f2d95bd190740cfd6a3129,ENQUEUED,0.16915470364686538,questions_in
2025-10-28T23:08:40.352570,PUBLISH,5d82e180a92d400da9c948e89430a98a,68f2d95bd190740cfd6a264f,ENQUEUED,0.5251757653094681,questions_in
2025-10-28T23:08:40.956333,PUBLISH,3069d2b3568040a5a7fafa0e16bc3dce,68f2d95bd190740cfd6a3800,ENQUEUED,0.6010713047850292,questions_in
2025-10-28T23:08:41.420608,PUBLISH,93f072456863486493a8a8f2a8c304fd,68f2d95bd190740cfd6a299c,ENQUEUED,0.46186784827356675,questions_in
2025-10-28T23:08:41.589825,PUBLISH,f4e80f154075491083c28763bff624b6,68f2d95bd190740cfd6a3ab4,ENQUEUED,0.16744873723570664,questions_in
2025-10-28T23:08:42.740236,PUBLISH,53724ad1a3274583ab4be92dec7bc1d6,68f2d95bd190740cfd6a4007,ENQUEUED,1.1485102788835195,questions_in
2025-10-28T23:08:44.019310,PUBLISH,d05e0bc29ec74821a2f650de850b3e8a,68f2d95bd190740cfd6a305c,ENQUEUED,1.2763616679635204,questions_in
2025-10-28T23:08:44.371569,PUBLISH,87e9e844dd564710afb4738724d0a6b7,68f2d95bd190740cfd6a418b,ENQUEUED,0.34767491645518983,questions_in
2025-10-28T23:08:45.269286,PUBLISH,be55abff96284885b5409aea50e2fc87,68f2d95bd190740cfd6a35ac,ENQUEUED,0.8944886016335362,questions_in
2025-10-28T23:08:46.389029,PUBLISH,f3997b429d57475783aa12f57488ef3c,68f2d95bd190740cfd6a406a,ENQUEUED,1.1167869961817438,questions_in
2025-10-28T23:08:46.842744,PUBLISH,e10d82238ef144dc83d9d4bc0d4460be,68f2d95bd190740cfd6a35d9,ENQUEUED,0.4515250304526582,questions_in
2025-10-28T23:08:46.910507,PUBLISH,5b017d6a2c6d4d85b6097a8418eb2b22,68f2d95bd190740cfd6a4057,ENQUEUED,0.0647336586159158,questions_in
2025-10-28T23:08:47.279932,PUBLISH,5b36827d0f744b979696cc3bdac6ebe5,68f2d95bd190740cfd6a37c4,ENQUEUED,0.36605727417934436,questions_in
2025-10-28T23:08:47.921478,PUBLISH,ce267f347ee145e99959d54516b4ae88,68f2d95bd190740cfd6a2633,ENQUEUED,0.6397099737758466,questions_in
2025-10-28T23:08:48.038161,PUBLISH,93d051e1054548c4ba1996b5a464a439,68f2d95bd190740cfd6a3e61,ENQUEUED,0.11460955064729171,questions_in
2025-10-28T23:08:48.548242,PUBLISH,d1c52aa6d6944a3e99a66eddfa35064f,68f2d95bd190740cfd6a2fdc,ENQUEUED,0.5070068669778985,questions_in
2025-10-28T23:08:49.605414,PUBLISH,f08d8fb58b924f2d895c7c2821c914fa,68f2d95bd190740cfd6a2d5e,ENQUEUED,1.0516861369840438,questions_in
2025-10-28T23:08:50.766894,PUBLISH,877b9ef5f9c44517b7d56134988baaaf,68f2d95bd190740cfd6a28e1,ENQUEUED,1.1573306141162671,questions_in
2025-10-28T23:08:51.059305,PUBLISH,ff6183877d6c47ed840c318b1000ddcf,68f2d95bd190740cfd6a3007,ENQUEUED,0.29036875874689366,questions_in
2025-10-28T23:08:51.095367,PUBLISH,4808babb082347a58934aa8818a2f91c,68f2d95bd190740cfd6a3dac,ENQUEUED,0.031089350147012834,questions_in
2025-10-28T23:08:51.820267,PUBLISH,dd61eb9ef2224ca28a92ee81bcabc871,68f2d95bd190740cfd6a289f,ENQUEUED,0.7224142714120932,questions_in
2025-10-28T23:08:53.099231,PUBLISH,b7810499ac754b5883538511a1c5fb52,68f2d95bd190740cfd6a3065,ENQUEUED,1.2741574801933704,questions_in
2025-10-28T23:08:53.792357,PUBLISH,dd4756da021a43688757d99d949dbf6f,68f2d95bd190740cfd6a1c8e,ENQUEUED,0.690925936615828,questions_in
2025-10-28T23:08:53.957341,PUBLISH,120535d874e848a3aa9bd8dae866061e,68f2d95bd190740cfd6a35b9,ENQUEUED,0.1581617743937729,questions_in
2025-10-28T23:08:56.334849,PUBLISH,225f7cd7d7024dcebe9da995d6fab3d9,68f2d95bd190740cfd6a2e22,ENQUEUED,2.37244624495973,questions_in
2025-10-28T23:08:56.582288,PUBLISH,ceff095087844c4788c85b216ca45c8f,68f2d95bd190740cfd6a220e,ENQUEUED,0.24384978974912067,questions_in
2025-10-28T23:08:57.154279,PUBLISH,d30329634efa4cb98559fd109718a0d5,68f2d95bd190740cfd6a3fcd,ENQUEUED,0.5645188809768087,questions_in
2025-10-28T23:08:57.687843,PUBLISH,0d01e6319b354eaca257d77c9a30a83f,68f2d95bd190740cfd6a3ff2,ENQUEUED,0.5311528785476941,questions_in
2025-10-28T23:08:58.662514,PUBLISH,a287f4200c22444695da0aaa3f6dcdea,68f2d95bd190740cfd6a3d82,ENQUEUED,0.9690892914646966,questions_in
2025-10-28T23:08:59.753111,PUBLISH,f95a8d6992a44aa0b410ce0dc118306b,68f2d95bd190740cfd6a1f3b,ENQUEUED,1.085705835961105,questions_in
2025-10-28T23:09:01.289745,PUBLISH,3911af1411c54c48bfb594b228ee817b,68f2d95bd190740cfd6a2f18,ENQUEUED,1.533925764008871,questions_in
2025-10-28T23:09:01.436884,PUBLISH,7d00180e9ee844c4a5eba573ccf74da8,68f2d95bd190740cfd6a2eac,ENQUEUED,0.1453113889338519,questions_in
2025-10-28T23:09:01.495128,PUBLISH,6cad578a5a2a494ebe5e672e40d0ebe2,68f2d95bd190740cfd6a399e,ENQUEUED,0.05645812655218583,questions_in
2025-10-28T23:09:01.770302,PUBLISH,47eb0005ae604fa7bbe54facc00ec343,68f2d95bd190740cfd6a3cd7,ENQUEUED,0.27326566242494815,questions_in
2025-10-28T23:09:01.986158,PUBLISH,fd22fa4337844f5395fe53c8e0e3fa8b,68f2d95bd190740cfd6a3cc7,ENQUEUED,0.21405947376880316,questions_in
2025-10-28T23:09:02.863786,PUBLISH,35d100cc3cad4487b4d70e86ca907bc8,68f2d95bd190740cfd6a4147,ENQUEUED,0.8729599023673417,questions_in
2025-10-28T23:09:03.217854,PUBLISH,437a987543f842208ebbe8466f8ba3c4,68f2d95bd190740cfd6a33d6,ENQUEUED,0.34739113276405353,questions_in
2025-10-28T23:09:03.448439,PUBLISH,bbc8cb647ffe4f14a27d4891151467ae,68f2d95bd190740cfd6a32ee,ENQUEUED,0.22756841679988857,questions_in
2025-10-28T23:09:04.202583,PUBLISH,61146b61e33745e09ec629a704350c53,68f2d95bd190740cfd6a1feb,ENQUEUED,0.7473939656921661,questions_in
2025-10-28T23:09:06.184707,PUBLISH,40a6842907ea4088934dc0b8283007cd,68f2d95bd190740cfd6a34b4,ENQUEUED,1.9784586026373034,questions_in
2025-10-28T23:09:06.283306,PUBLISH,c195eaeab5d349a482c4093690ef54e2,68f2d95bd190740cfd6a37ad,ENQUEUED,0.09677191383227947,questions_in
2025-10-28T23:09:07.170441,PUBLISH,5b8873637af647a4b112103a367b9c97,68f2d95bd190740cfd6a2e29,ENQUEUED,0.8833770260628505,questions_in
2025-10-28T23:09:08.203419,PUBLISH,24ded47d4c9443619be9f164f978006b,68f2d95bd190740cfd6a2962,ENQUEUED,1.0307713944384786,questions_in
2025-10-28T23:09:08.464978,PUBLISH,4c90e33dd2934929ac758577697555fd,68f2d95bd190740cfd6a3d5d,ENQUEUED,0.2565772180660183,questions_in
2025-10-28T23:09:09.907556,PUBLISH,d91057ba14a344659744feaffab175be,68f2d95bd190740cfd6a29fc,ENQUEUED,1.4381572063641166,questions_in
2025-10-28T23:09:11.782299,PUBLISH,85380a3625f0463b923de166f329b2da,68f2d95bd190740cfd6a398d,ENQUEUED,1.8696313112430918,questions_in
2025-10-28T23:09:12.226108,PUBLISH,a32f2e49d1cd4eaf9219f43dbe05bb31,68f2d95bd190740cfd6a2c96,ENQUEUED,0.4365615310073829,questions_in
2025-10-28T23:09:12.701120,PUBLISH,e4165b1cdc124271a7030ab8d8084e3b,68f2d95bd190740cfd6a40ff,ENQUEUED,0.4727712591061152,questions_in
2025-10-28T23:09:12.814023,PUBLISH,c1377d3962f2455292c9b916875d9b9d,68f2d95bd190740cfd6a23d0,ENQUEUED,0.1085763500869948,questions_in
2025-10-28T23:09:13.340122,PUBLISH,dcaed3111f024d5fb2071bad1a6fefc6,68f2d95bd190740cfd6a3824,ENQUEUED,0.5243506100161482,questions_in
2025-10-28T23:09:14.205310,PUBLISH,7ebaee762cac45fb8ea88fe5a9762cf6,68f2d95bd190740cfd6a38a8,ENQUEUED,0.8627833778179697,questions_in
2025-10-28T23:09:14.264443,PUBLISH,2b716f476e644a8ea49e3c25cee121cf,68f2d95bd190740cfd6a40b4,ENQUEUED,0.05620542076728028,questions_in
2025-10-28T23:09:14.315122,PUBLISH,e9b2fb4db8d84dc5bd0305479beef00d,68f2d95bd190740cfd6a286c,ENQUEUED,0.048775918914869126,questions_in
2025-10-28T23:09:15.380048,PUBLISH,6389ec9e39734b5585c013671fdce1c4,68f2d95bd190740cfd6a1d35,ENQUEUED,1.0615025901050443,questions_in
2025-10-28T23:09:16.984993,PUBLISH,0332a969b3c1469cbf6f00ef9718841b,68f2d95bd190740cfd6a393d,ENQUEUED,1.6013415151330606,questions_in
2025-10-28T23:09:17.485223,PUBLISH,616919bb49294ed0aecbb9903fd677db,68f2d95bd190740cfd6a2da8,ENQUEUED,0.4985397452838433,questions_in
2025-10-28T23:09:20.250294,PUBLISH,7f10c03bdac8417082456be883827030,68f2d95bd190740cfd6a3e09,ENQUEUED,2.759711487246756,questions_in
2025-10-28T23:09:20.563487,PUBLISH,68bda94602264ec2824dc32ef8a582ae,68f2d95bd190740cfd6a2640,ENQUEUED,0.3113678042222356,questions_in
2025-10-28T23:09:22.923012,PUBLISH,26657d66dc90485587009b1c8fe5610a,68f2d95bd190740cfd6a3848,ENQUEUED,2.3559135603243604,questions_in
2025-10-28T23:09:23.560110,PUBLISH,fa6bf88baf754c24b6372043ca9f0266,68f2d95bd190740cfd6a2d23,ENQUEUED,0.6341994919754048,questions_in
2025-10-28T23:09:24.148076,PUBLISH,a2b273e618de46b89efe78ea700aae12,68f2d95bd190740cfd6a26e1,ENQUEUED,0.5857410172963292,questions_in
2025-10-28T23:09:24.791373,PUBLISH,2df862c4dd03485a89c684385bf70bc1,68f2d95bd190740cfd6a3c47,ENQUEUED,0.6401286991351394,questions_in
2025-10-28T23:09:24.939074,PUBLISH,ae29a9966cfd4acc8b0655a9423ea32c,68f2d95bd190740cfd6a2f14,ENQUEUED,0.14593407695582594,questions_in
2025-10-28T23:09:25.685046,PUBLISH,9b0b2dfbc37947e4b28c3617839f46f3,68f2d95bd190740cfd6a2883,ENQUEUED,0.739503279194956,questions_in
2025-10-28T23:09:27.782962,PUBLISH,8e0398069f264e4eb43f85fc3f4d7da2,68f2d95bd190740cfd6a2698,ENQUEUED,2.0934392989861665,questions_in
2025-10-28T23:09:27.891375,PUBLISH,bc03e84561a74c03847762547de23165,68f2d95bd190740cfd6a31c1,ENQUEUED,0.10526744504351732,questions_in
2025-10-28T23:09:28.320410,PUBLISH,ef50b2c71c0a456e987cf101d12efb39,68f2d95bd190740cfd6a2cdf,ENQUEUED,0.42332903084534407,questions_in
2025-10-28T23:09:29.094967,PUBLISH,fbf30fdbbfa547ada0c0de33139a34f4,68f2d95bd190740cfd6a3dda,ENQUEUED,0.7706610064340582,questions_in
2025-10-28T23:09:29.767493,PUBLISH,bb76f7524fc54c37980f3953d0945c05,68f2d95bd190740cfd6a1c3f,ENQUEUED,0.6698662478750541,questions_in
2025-10-28T23:09:29.813746,PUBLISH,eac751be1c5f45feaa5e61ff8dc55547,68f2d95bd190740cfd6a402b,ENQUEUED,0.04412044701484171,questions_in
2025-10-28T23:09:29.900551,PUBLISH,d98c49e601224be3a23b158cfdc086db,68f2d95bd190740cfd6a379f,ENQUEUED,0.08470410033194098,questions_in
2025-10-28T23:09:30.068241,PUBLISH,3057d9c70c754b3cb3fa924f2b7933fa,68f2d95bd190740cfd6a3b91,ENQUEUED,0.16527506869157785,questions_in
2025-10-28T23:09:30.262911,PUBLISH,f0f698ef186848778c7f230759e95d99,68f2d95bd190740cfd6a23eb,ENQUEUED,0.19291049128419477,questions_in
2025-10-28T23:09:31.798283,PUBLISH,d85d799a04ae45f3b908814af656bb51,68f2d95bd190740cfd6a2589,ENQUEUED,1.5321914184737004,questions_in
2025-10-28T23:09:32.014252,PUBLISH,a80d106248f447bcaca210296659b29d,68f2d95bd190740cfd6a1e2d,ENQUEUED,0.2121318031180727,questions_in
2025-10-28T23:09:32.124957,PUBLISH,1cfd835116384710867fc522a4bca966,68f2d95bd190740cfd6a36d6,ENQUEUED,0.10672754066129832,questions_in
2025-10-28T23:09:33.763492,PUBLISH,358176b1e1ea451dbce37c413e2a2cfb,68f2d95bd190740cfd6a4037,ENQUEUED,1.6357016693307003,questions_in
2025-10-28T23:09:34.709609,PUBLISH,d5f151424ab64749bf5a5593d7954204,68f2d95bd190740cfd6a3ed6,ENQUEUED,0.9426872238189463,questions_in
2025-10-28T23:09:35.186135,PUBLISH,171e7a22153f47ecad31023b1cddd96f,68f2d95bd190740cfd6a4012,ENQUEUED,0.47431775563313483,questions_in
2025-10-28T23:09:36.769091,PUBLISH,29c946f5870543fd830994554114bbc7,68f2d95bd190740cfd6a2dde,ENQUEUED,1.5789870210870258,questions_in
2025-10-28T23:09:38.256476,PUBLISH,b914472cc79e4781a282051d780d0f5a,68f2d95bd190740cfd6a2d78,ENQUEUED,1.4810804600296306,questions_in
2025-10-28T23:09:39.740251,PUBLISH,76c0275f46e346458af786fa4144ac7d,68f2d95bd190740cfd6a2167,ENQUEUED,1.4776534266571606,questions_in
2025-10-28T23:09:40.709996,PUBLISH,6c67c3ef1ce14586ab43939164b1dcdd,68f2d95bd190740cfd6a2c70,ENQUEUED,0.9671660075602664,questions_in
2025-10-28T23:09:41.572724,PUBLISH,58b06a1a4f214a578b74e38a3ca687e4,68f2d95bd190740cfd6a3922,ENQUEUED,0.8587122200616774,questions_in
2025-10-28T23:09:43.351123,PUBLISH,542fd0e114884ef594ab02440d9ec519,68f2d95bd190740cfd6a328e,ENQUEUED,1.7753939668589727,questions_in
2025-10-28T23:09:44.210233,PUBLISH,428999127fe74c0487ba07fb6703e9cc,68f2d95bd190740cfd6a357e,ENQUEUED,0.8571832505813464,questions_in
2025-10-28T23:09:44.940500,PUBLISH,7d206853ee0146fba8261471fc75b292,68f2d95bd190740cfd6a2a93,ENQUEUED,0.7281158092684198,questions_in
2025-10-28T23:09:45.035035,PUBLISH,3c1e3da49b4d4d2fb1c059871c506229,68f2d95bd190740cfd6a2243,ENQUEUED,0.09196320988635241,questions_in
2025-10-28T23:09:45.039415,PUBLISH,20325b00d94b4e97a5e60b08c964d2bb,68f2d95bd190740cfd6a3441,ENQUEUED,0.0018047722945471803,questions_in
2025-10-28T23:09:45.208399,PUBLISH,eb6a9a42a5164b4c81eb60cd6e6f117f,68f2d95bd190740cfd6a3b1d,ENQUEUED,0.16697639886687465,questions_in
2025-10-28T23:09:45.623334,PUBLISH,2821eab5188b4659909b36603408f21c,68f2d95bd190740cfd6a3ed6,ENQUEUED,0.4109664190159437,questions_in
2025-10-28T23:09:45.803881,PUBLISH,becc368b87264c238525844b11fcf907,68f2d95bd190740cfd6a3858,ENQUEUED,0.17721403877773892,questions_in
2025-10-28T23:09:45.814631,PUBLISH,e440b77f22984a2298d7642bd4d25ec8,68f2d95bd190740cfd6a3ffe,ENQUEUED,0.008877579700835641,questions_in
2025-10-28T23:09:47.091736,PUBLISH,99b929f9b0b74024bd88afced114a4fc,68f2d95bd190740cfd6a3775,ENQUEUED,1.2731822280132634,questions_in
2025-10-28T23:09:47.298945,PUBLISH,ecf927fa032e47bcaa58e3a8bf7efb04,68f2d95bd190740cfd6a214b,ENQUEUED,0.2051546673678338,questions_in
2025-10-28T23:09:48.218540,PUBLISH,35908a7559f749319e6ced0cbcd15fd0,68f2d95bd190740cfd6a2b1f,ENQUEUED,0.9173616117952302,questions_in
2025-10-28T23:09:48.575869,PUBLISH,ff57597759554e7ab556ebf4a0f327dc,68f2d95bd190740cfd6a3a91,ENQUEUED,0.35506893502091263,questions_in
2025-10-28T23:09:49.394431,PUBLISH,5a1c0071468742c8ba6dd9b67cd75343,68f2d95bd190740cfd6a1ebf,ENQUEUED,0.8160116885852738,questions_in
2025-10-28T23:09:49.457428,PUBLISH,7355df018fe545c3a30e96e2f64ba510,68f2d95bd190740cfd6a3bee,ENQUEUED,0.059914369066321145,questions_in
2025-10-28T23:09:51.417791,PUBLISH,086904a5151946c98408cf89466cbda4,68f2d95bd190740cfd6a2da1,ENQUEUED,1.9553768339466961,questions_in
2025-10-28T23:09:51.746779,PUBLISH,3c432858637b4962863e5b13634a8460,68f2d95bd190740cfd6a3c74,ENQUEUED,0.3271322983612913,questions_in
2025-10-28T23:09:51.764065,PUBLISH,f419037baa894aa2abb02936ec792e10,68f2d95bd190740cfd6a3bbd,ENQUEUED,0.014965474429505222,questions_in
2025-10-28T23:09:52.345519,PUBLISH,3303680e340a49929daa2b8985b6bbe7,68f2d95bd190740cfd6a4117,ENQUEUED,0.5792665089529925,questions_in
2025-10-28T23:09:52.853614,PUBLISH,4d13e514375a46799e5cd5860f137692,68f2d95bd190740cfd6a1f62,ENQUEUED,0.5042347459039002,questions_in
2025-10-28T23:09:53.690343,PUBLISH,c1907b421f394d219064f2a3251ea0b0,68f2d95bd190740cfd6a2b89,ENQUEUED,0.8305778729708835,questions_in
2025-10-28T23:09:53.781931,PUBLISH,e325afed189a42cea5ef88da46c41b47,68f2d95bd190740cfd6a2371,ENQUEUED,0.09008526151157271,questions_in
2025-10-28T23:09:55.211401,PUBLISH,e5b8c0a8e1704022bf8f2766c08db382,68f2d95bd190740cfd6a3d39,ENQUEUED,1.4264123163111135,questions_in
2025-10-28T23:09:55.913165,PUBLISH,66517b28e8f6427dbba0eb37b06d4dfc,68f2d95bd190740cfd6a1cf3,ENQUEUED,0.699389997793087,questions_in
2025-10-28T23:09:56.284748,PUBLISH,c4cc3a588f294b0c8f2bbaee7d94cc9c,68f2d95bd190740cfd6a1cea,ENQUEUED,0.3691742907813638,questions_in
2025-10-28T23:09:57.013363,PUBLISH,44ca9710677e4b6f8651ac7fb83c319b,68f2d95bd190740cfd6a22f9,ENQUEUED,0.7262587156721941,questions_in
2025-10-28T23:09:57.304548,PUBLISH,b93bceff484c42b7865a5ad7adc2bac1,68f2d95bd190740cfd6a32cb,ENQUEUED,0.28777986381925913,questions_in
2025-10-28T23:09:58.543404,PUBLISH,a775cc27a06d45a992091a77edea6b3b,68f2d95bd190740cfd6a405d,ENQUEUED,1.236187083675551,questions_in
2025-10-28T23:09:59.535778,PUBLISH,d9d684ecc3f4490aa5bb00abfbaa48fa,68f2d95bd190740cfd6a28dd,ENQUEUED,0.9869612682776688,questions_in
2025-10-28T23:09:59.808303,PUBLISH,5cdde000925d4fa087f52c6c2709b382,68f2d95bd190740cfd6a27b6,ENQUEUED,0.26809309414494925,questions_in
2025-10-28T23:10:01.738421,PUBLISH,81783f67899941b48db6e0ea51604be3,68f2d95bd190740cfd6a2efd,ENQUEUED,1.9268743296506285,questions_in
2025-10-28T23:10:02.207144,PUBLISH,ad93fa998fad48bbbfa8d0477474daeb,68f2d95bd190740cfd6a3c2c,ENQUEUED,0.46636498198878623,questions_in
2025-10-28T23:10:03.224140,PUBLISH,e6ff50e683364853becf757b8b9e1cf8,68f2d95bd190740cfd6a25c7,ENQUEUED,1.0146193231772307,questions_in
2025-10-28T23:10:03.689387,PUBLISH,9153ad13767a44eb971f412afe0a5a04,68f2d95bd190740cfd6a1f4d,ENQUEUED,0.463410282359096,questions_in
2025-10-28T23:10:03.977097,PUBLISH,a9de67b2b93b4e328518250d472caf74,68f2d95bd190740cfd6a1be4,ENQUEUED,0.28584360516082324,questions_in
2025-10-28T23:10:04.777147,PUBLISH,10ae1a82ae54483d94f2cbe62393e522,68f2d95bd190740cfd6a34cf,ENQUEUED,0.7984854897464201,questions_in
2025-10-28T23:10:05.387036,PUBLISH,b4b5bc77bf0b49598a1b7857ae65308e,68f2d95bd190740cfd6a20e8,ENQUEUED,0.6066126839922726,questions_in
2025-10-28T23:10:05.979634,PUBLISH,cc838b31574e45f0bd8c391fc36bca91,68f2d95bd190740cfd6a3d03,ENQUEUED,0.5897059013589746,questions_in
2025-10-28T23:10:08.718065,PUBLISH,cb2218c950e64a76a8bc87ee08b7261e,68f2d95bd190740cfd6a4092,ENQUEUED,2.732555571422734,questions_in
2025-10-28T23:10:10.511543,PUBLISH,f75afba723ae4253b5f5690e0782835f,68f2d95bd190740cfd6a2d46,ENQUEUED,1.7896080194572164,questions_in
2025-10-28T23:10:11.706838,PUBLISH,f18b346bc5594510b392d279d5d275e9,68f2d95bd190740cfd6a3ba9,ENQUEUED,1.192389066657697,questions_in
2025-10-28T23:10:13.184144,PUBLISH,e9a0239fb04045ff8392baad99da4d9e,68f2d95bd190740cfd6a2d2b,ENQUEUED,1.4734167476639557,questions_in
2025-10-28T23:10:14.634443,PUBLISH,7b93d0ac0d734fb4b1ad6532210c87ea,68f2d95bd190740cfd6a2c9b,ENQUEUED,1.446275024583857,questions_in
2025-10-28T23:10:15.493392,PUBLISH,2ae7c0a09a21410ba4272e7017b314ce,68f2d95bd190740cfd6a3512,ENQUEUED,0.8552457241791153,questions_in
2025-10-28T23:10:16.139132,PUBLISH,326282490cc64cfb938b7f5baa2a6df9,68f2d95bd190740cfd6a2c85,ENQUEUED,0.6434319704515785,questions_in
2025-10-28T23:10:16.416402,PUBLISH,4c3979a51e144922a377b32421b8fea5,68f2d95bd190740cfd6a35b6,ENQUEUED,0.27443680491248656,questions_in
2025-10-28T23:10:16.518777,PUBLISH,0551b12ea20b483b809ef1ccedda3340,68f2d95bd190740cfd6a2b68,ENQUEUED,0.0986902351505935,questions_in
2025-10-28T23:10:18.135115,PUBLISH,761f4ab02dab411cad6096c4ecdadacd,68f2d95bd190740cfd6a34d6,ENQUEUED,1.611785262486339,questions_in
2025-10-28T23:10:18.923313,PUBLISH,2b42d7d03c4e4a5aa0318e0b2dcb09c3,68f2d95bd190740cfd6a3cd9,ENQUEUED,0.7859661294474439,questions_in
2025-10-28T23:10:19.209068,PUBLISH,30bc63b92fe14f909f1ab41053301bca,68f2d95bd190740cfd6a3d36,ENQUEUED,0.28380158671195876,questions_in
2025-10-28T23:10:19.533036,PUBLISH,319d5dabc0144853af1df05288646dee,68f2d95bd190740cfd6a352f,ENQUEUED,0.31904614632452505,questions_in
2025-10-28T23:10:19.651986,PUBLISH,a6ba66e2f56e48709d525379b6992a18,68f2d95bd190740cfd6a2f45,ENQUEUED,0.11674062784989231,questions_in
2025-10-28T23:10:20.442098,PUBLISH,220b2dc682254e93a646af2b6a216463,68f2d95bd190740cfd6a36ea,ENQUEUED,0.7834710096323994,questions_in
2025-10-28T23:10:20.550590,PUBLISH,3b6a07b06edc4938b1e33f8c6b8fc62c,68f2d95bd190740cfd6a2464,ENQUEUED,0.10633115047617771,questions_in
2025-10-28T23:10:20.649330,PUBLISH,acfde697aeb94987bece65dd02450c69,68f2d95bd190740cfd6a32eb,ENQUEUED,0.0961032181653597,questions_in
2025-10-28T23:10:20.901584,PUBLISH,f6bca330deb8409595e97ca5f5f31970,68f2d95bd190740cfd6a21d1,ENQUEUED,0.24968944017772707,questions_in
2025-10-28T23:10:21.828711,PUBLISH,1c75c1f498d04d1f8ede2799dc7f13df,68f2d95bd190740cfd6a3f8d,ENQUEUED,0.9219299523472361,questions_in
2025-10-28T23:10:22.311438,PUBLISH,59cf076e96914948ae115f9dc4a8fc6e,68f2d95bd190740cfd6a2538,ENQUEUED,0.4795833113518555,questions_in
2025-10-28T23:10:22.350011,PUBLISH,7de94aa649044e7ea55e3f47224b1ebf,68f2d95bd190740cfd6a2298,ENQUEUED,0.03359871247939191,questions_in
2025-10-28T23:10:22.853293,PUBLISH,cabb0dac52df43e29cc7e39cc323ec7c,68f2d95bd190740cfd6a1edb,ENQUEUED,0.5014827634108647,questions_in
2025-10-28T23:10:23.535445,PUBLISH,5baefd2c281a4bd59246f6e645883414,68f2d95bd190740cfd6a3489,ENQUEUED,0.6802598291146277,questions_in
2025-10-28T23:10:25.599360,PUBLISH,90ef498f33fe456bac58a3862a0e5ab6,68f2d95bd190740cfd6a206f,ENQUEUED,2.0600414662063122,questions_in
2025-10-28T23:10:25.978937,PUBLISH,9ddcc958f75a43af9505be90e471b804,68f2d95bd190740cfd6a3f5f,ENQUEUED,0.371827963439814,questions_in
2025-10-28T23:10:26.635442,PUBLISH,9e743150ad594ac998a6df5e1d88f7e2,68f2d95bd190740cfd6a1fd2,ENQUEUED,0.6533988061433119,questions_in
2025-10-28T23:10:27.038432,PUBLISH,19cc4e14040a40999fad37a7e7ab41c5,68f2d95bd190740cfd6a2ca4,ENQUEUED,0.40060896186409395,questions_in
2025-10-28T23:10:27.842220,PUBLISH,98eca9edb2904bffa295397ac782c651,68f2d95bd190740cfd6a3d73,ENQUEUED,0.8014406498251533,questions_in
2025-10-28T23:10:27.999699,PUBLISH,1bbe3cd46e7c475aa35d9417c7807c28,68f2d95bd190740cfd6a3603,ENQUEUED,0.1549957070665888,questions_in
2025-10-28T23:10:28.737422,PUBLISH,cc0afec21a294b1cb0c0cdf5cf21e2a9,68f2d95bd190740cfd6a3282,ENQUEUED,0.7342256609686104,questions_in
2025-10-28T23:10:29.732180,PUBLISH,1f82bee5fd1146e0af427387dbc94416,68f2d95bd190740cfd6a2e27,ENQUEUED,0.9902218447164427,questions_in
2025-10-28T23:10:30.793572,PUBLISH,3c40dc4fbe6545cabea9c8852cc26a02,68f2d95bd190740cfd6a1b31,ENQUEUED,1.0585308539041942,questions_in
2025-10-28T23:10:31.818557,PUBLISH,dc3a0fe76b2a4f04972cec775e7ca133,68f2d95bd190740cfd6a2c89,ENQUEUED,1.0227251330392508,questions_in
2025-10-28T23:10:31.843025,PUBLISH,199d0a0f415e422a924b6c93f0584c87,68f2d95bd190740cfd6a31d3,ENQUEUED,0.022895745553186447,questions_in
2025-10-28T23:10:32.542913,PUBLISH,e42c46798d57496ca58fb39178d4a694,68f2d95bd190740cfd6a2909,ENQUEUED,0.6978250011548036,questions_in
2025-10-28T23:10:34.543755,PUBLISH,792f9de482df46b68014cd02f420c5b5,68f2d95bd190740cfd6a231a,ENQUEUED,1.997461958837543,questions_in
2025-10-28T23:10:36.521463,PUBLISH,ceb9898dbc874d7d93c89e072b5c2108,68f2d95bd190740cfd6a26d5,ENQUEUED,1.9681265487803883,questions_in
2025-10-28T23:10:37.244516,PUBLISH,e314038f20c64993b165eebad472aef0,68f2d95bd190740cfd6a4169,ENQUEUED,0.7195880004781996,questions_in
2025-10-28T23:10:37.424939,PUBLISH,8f6d9a45df9e4bb59c3ddc1b82ad80ac,68f2d95bd190740cfd6a2277,ENQUEUED,0.17383501496670947,questions_in
2025-10-28T23:10:37.546921,PUBLISH,1a7d0a93e1d5467d951c3db13ff031da,68f2d95bd190740cfd6a3327,ENQUEUED,0.11827578529177518,questions_in
2025-10-28T23:10:37.563469,PUBLISH,546166af45744895ae949ea2f6a84b2d,68f2d95bd190740cfd6a1b9f,ENQUEUED,0.010462498746286403,questions_in
2025-10-28T23:10:37.723106,PUBLISH,d523527ee06c4591a328d7a95629e663,68f2d95bd190740cfd6a1e4b,ENQUEUED,0.15399288813851317,questions_in
2025-10-28T23:10:38.707437,PUBLISH,b355806db5a74f72a4cae1f75a675eec,68f2d95bd190740cfd6a2ea4,ENQUEUED,0.9782219028262683,questions_in
2025-10-28T23:10:40.981455,PUBLISH,ab8c0fe9361a47679430f8e6af4cd9ac,68f2d95bd190740cfd6a25e0,ENQUEUED,2.2700987072183625,questions_in
2025-10-28T23:10:41.400506,PUBLISH,6943c0541408478897531ce69a10621e,68f2d95bd190740cfd6a32fd,ENQUEUED,0.4167672330773233,questions_in
2025-10-28T23:10:43.321461,PUBLISH,d7b6e881ca95404eb0339e9a9a7ce94d,68f2d95bd190740cfd6a29fb,ENQUEUED,1.9151137655325912,questions_in
2025-10-28T23:10:43.331902,PUBLISH,ed358dae9c9b427d932a514213dc5549,68f2d95bd190740cfd6a3211,ENQUEUED,0.0037355637744752677,questions_in
2025-10-28T23:10:43.698758,PUBLISH,88bb03ffe647414ba3359fc8679a6bfa,68f2d95bd190740cfd6a2320,ENQUEUED,0.3648808792215641,questions_in
2025-10-28T23:10:44.745026,PUBLISH,29f5da19e4f04da4adc499bf4abda6f6,68f2d95bd190740cfd6a1ca9,ENQUEUED,1.040260585977661,questions_in
2025-10-28T23:10:45.078875,PUBLISH,a661355f75f44552a91659868cb76f7b,68f2d95bd190740cfd6a3a90,ENQUEUED,0.33110304096000615,questions_in
2025-10-28T23:10:45.212862,PUBLISH,66d34ca1bf1b4801964d5a664ba7eb18,68f2d95bd190740cfd6a31b2,ENQUEUED,0.13220495508258442,questions_in
2025-10-28T23:10:47.366359,PUBLISH,8d9379bb9813487d94b5dd24f6d834ac,68f2d95bd190740cfd6a38e9,ENQUEUED,2.150076779476976,questions_in
2025-10-28T23:10:47.638289,PUBLISH,fff89511c6274f13b0c8404442521e14,68f2d95bd190740cfd6a1fc6,ENQUEUED,0.26892860873150237,questions_in
2025-10-28T23:10:48.314505,PUBLISH,defe2216d0f349d4b1ef4d17ef661d22,68f2d95bd190740cfd6a2780,ENQUEUED,0.6736429468110297,questions_in
2025-10-28T23:10:49.398437,PUBLISH,d7d0efa11a564c1ba8ab065b7fda5403,68f2d95bd190740cfd6a242f,ENQUEUED,1.0804204251168341,questions_in
2025-10-28T23:10:49.450676,PUBLISH,fb7a796d35e640fe9846a79c1ae50994,68f2d95bd190740cfd6a1faa,ENQUEUED,0.05017815464776907,questions_in
2025-10-28T23:10:49.914504,PUBLISH,9f61c70f22884a70a9a94d25a5743a8a,68f2d95bd190740cfd6a3c3b,ENQUEUED,0.45660632452581673,questions_in
2025-10-28T23:10:50.414261,PUBLISH,6a1e6f61e52541a68caeecbf6c85b1aa,68f2d95bd190740cfd6a27bd,ENQUEUED,0.4946370967755542,questions_in
2025-10-28T23:10:50.927567,PUBLISH,59b150f60bf44132b16f4d34798c1911,68f2d95bd190740cfd6a1e2d,ENQUEUED,0.5087796014502117,questions_in
2025-10-28T23:10:52.398666,PUBLISH,205ed12aca9148748cb35b1148bd5744,68f2d95bd190740cfd6a359e,ENQUEUED,1.4671576945509488,questions_in
2025-10-28T23:10:53.595739,PUBLISH,ae1e043766ef4ad1a3d3150d45f3c3f6,68f2d95bd190740cfd6a276b,ENQUEUED,1.189817004356265,questions_in
2025-10-28T23:10:54.648564,PUBLISH,9c2586bc9c6546dda1deca2142c8bdfc,68f2d95bd190740cfd6a26c1,ENQUEUED,1.0504018522207683,questions_in
2025-10-28T23:10:55.105415,PUBLISH,6a6860e4a39742abbfdb44f4ea077b82,68f2d95bd190740cfd6a2d84,ENQUEUED,0.4543924944133711,questions_in
2025-10-28T23:10:55.541995,PUBLISH,c3f8de42108841368634af083416c4b9,68f2d95bd190740cfd6a26f7,ENQUEUED,0.4336124045281953,questions_in
2025-10-28T23:10:55.810382,PUBLISH,ebe621f4d25a45dfb952796adcde760c,68f2d95bd190740cfd6a3793,ENQUEUED,0.26601095609486175,questions_in
2025-10-28T23:10:56.334478,PUBLISH,de7adf47d50b4f6aaa5197e5f2d9924f,68f2d95bd190740cfd6a3d57,ENQUEUED,0.514077004590972,questions_in
2025-10-28T23:10:56.430188,PUBLISH,7582c04fc23e4a55ab0d020f18bc99ba,68f2d95bd190740cfd6a25b8,ENQUEUED,0.09392983991915978,questions_in
2025-10-28T23:10:57.209999,PUBLISH,7574abd4e2684389ae5d7b3ed1856422,68f2d95bd190740cfd6a2146,ENQUEUED,0.776740051693603,questions_in
2025-10-28T23:10:58.103356,PUBLISH,0aeefc70412e430f87b1ddeeb35d7782,68f2d95bd190740cfd6a2120,ENQUEUED,0.8909963098813392,questions_in
2025-10-28T23:10:58.611389,PUBLISH,35cca3f96fbb45f3917aa46dfa74b040,68f2d95bd190740cfd6a3901,ENQUEUED,0.4994810560863991,questions_in
2025-10-28T23:10:58.645756,PUBLISH,d4846af1e6664e2fba3cccabaf47c30f,68f2d95bd190740cfd6a38f3,ENQUEUED,0.030403540165416614,questions_in
2025-10-28T23:10:59.896437,PUBLISH,f29debe0f6174aad8d0f4669a3541d9f,68f2d95bd190740cfd6a3570,ENQUEUED,1.248273229560693,questions_in
2025-10-28T23:11:00.077387,PUBLISH,d340557dbe8345bcb6ff86fca370bb2b,68f2d95bd190740cfd6a2861,ENQUEUED,0.17787459224512084,questions_in
2025-10-28T23:11:01.416418,PUBLISH,b72cae472b88490ca243defebbaa0b6f,68f2d95bd190740cfd6a3f92,ENQUEUED,1.331580522830922,questions_in
2025-10-28T23:11:03.028552,PUBLISH,5e162a860b004ab284a0dea19aa4aec4,68f2d95bd190740cfd6a22fa,ENQUEUED,1.6086017654582374,questions_in
2025-10-28T23:11:05.490273,PUBLISH,71c9341ecb37464095221793a7a0f0fc,68f2d95bd190740cfd6a2c66,ENQUEUED,2.452955775417748,questions_in
2025-10-28T23:11:05.898113,PUBLISH,a9b850c9690e49fcab44d8996bc354bb,68f2d95bd190740cfd6a22f4,ENQUEUED,0.40574729213294186,questions_in
2025-10-28T23:11:06.104713,PUBLISH,1d5faa6f3db54b33a84c0881d4fcfc70,68f2d95bd190740cfd6a2679,ENQUEUED,0.2023093560823995,questions_in
2025-10-28T23:11:06.611514,PUBLISH,f5028b4eedcd40c88e3a9e82f1edb970,68f2d95bd190740cfd6a1da0,ENQUEUED,0.5041321997075808,questions_in
2025-10-28T23:11:06.656536,PUBLISH,6fd82db3c7c140f4b63a6c23de41ad46,68f2d95bd190740cfd6a3604,ENQUEUED,0.04267628237675846,questions_in
2025-10-28T23:11:06.821170,PUBLISH,c08f3c276f0a427e953ae18b0894a9a2,68f2d95bd190740cfd6a2665,ENQUEUED,0.16161517993993144,questions_in
2025-10-28T23:11:06.838331,PUBLISH,d3aa043a392b40f09e7e26fdb8107a59,68f2d95bd190740cfd6a3e1d,ENQUEUED,0.014531102102132097,questions_in
2025-10-28T23:11:07.106426,PUBLISH,7661ca1ec1084043bc8dadd8232467c2,68f2d95bd190740cfd6a3be7,ENQUEUED,0.2653905456223539,questions_in
2025-10-28T23:11:07.209000,PUBLISH,13602d43e6254be69846d3ff9ee4f896,68f2d95bd190740cfd6a313d,ENQUEUED,0.10096966214588264,questions_in
2025-10-28T23:11:07.302531,PUBLISH,3ae8b109ce724b92a8ccc7041fb2084f,68f2d95bd190740cfd6a2d23,ENQUEUED,0.0918470279350422,questions_in
2025-10-28T23:11:07.741417,PUBLISH,da1f1904514144489e4ca21c7b165bc9,68f2d95bd190740cfd6a2ae8,ENQUEUED,0.4312314227558098,questions_in
2025-10-28T23:11:08.319706,PUBLISH,01ed38c0768b416dbf9cd6f13741f1d5,68f2d95bd190740cfd6a3e79,ENQUEUED,0.5763998194144461,questions_in
2025-10-28T23:11:09.979460,PUBLISH,c1eca1dc4b0a4a35af3a320de8c02988,68f2d95bd190740cfd6a33b0,ENQUEUED,1.655869663823217,questions_in
2025-10-28T23:11:10.987873,PUBLISH,95b44eb550364441b97791da9c5ffa57,68f2d95bd190740cfd6a2f36,ENQUEUED,1.0042790210278154,questions_in
2025-10-28T23:11:11.787583,PUBLISH,7b6b34e04e6741d0b2f8e08bb4d62848,68f2d95bd190740cfd6a26ad,ENQUEUED,0.7965274286440867,questions_in
2025-10-28T23:11:12.029346,PUBLISH,a9686e7bcf3240038da53e59f0d89ef8,68f2d95bd190740cfd6a38a4,ENQUEUED,0.24001453427860256,questions_in
2025-10-28T23:11:12.343430,PUBLISH,ca10958358504114b81648f93ac2c509,68f2d95bd190740cfd6a20cd,ENQUEUED,0.3053881879215236,questions_in
2025-10-28T23:11:12.798187,PUBLISH,f2fd859ebb1145799a6274d6ecaf08f7,68f2d95bd190740cfd6a41ce,ENQUEUED,0.45222745444851414,questions_in
2025-10-28T23:11:13.549017,PUBLISH,8e9e9dcbbd194c22ba3d12aa806116fb,68f2d95bd190740cfd6a1ebd,ENQUEUED,0.7487569574648097,questions_in
2025-10-28T23:11:13.774299,PUBLISH,a36879a6848646a2bc4729d814af5b98,68f2d95bd190740cfd6a21b2,ENQUEUED,0.22287622788424763,questions_in
2025-10-28T23:11:14.165052,PUBLISH,a09780b894bd4090b427ebd5479757c3,68f2d95bd190740cfd6a1c6e,ENQUEUED,0.38671696742952205,questions_in
2025-10-28T23:11:15.887829,PUBLISH,e019c3d4f6d94b30b39c1d3ca6a317c9,68f2d95bd190740cfd6a21c2,ENQUEUED,1.7197004792226895,questions_in
2025-10-28T23:11:17.137822,PUBLISH,0722ede578f2416e8c8f026aa421d2e7,68f2d95bd190740cfd6a29fc,ENQUEUED,1.2450234673930411,questions_in
2025-10-28T23:11:17.437552,PUBLISH,98e141caada84ea0a6a242ea72514965,68f2d95bd190740cfd6a2fbb,ENQUEUED,0.29587756315318753,questions_in
2025-10-28T23:11:17.647841,PUBLISH,9b97d08a91d44444a8e3d66859715c37,68f2d95bd190740cfd6a1d47,ENQUEUED,0.2085115351123835,questions_in
2025-10-28T23:11:18.050435,PUBLISH,93287a6001fb454a8c164a0eaf87419a,68f2d95bd190740cfd6a1ec5,ENQUEUED,0.3969459816122661,questions_in
2025-10-28T23:11:18.466753,PUBLISH,5ae8d9406a2447f0914e9d75bc2e9d7a,68f2d95bd190740cfd6a234b,ENQUEUED,0.4133384484538774,questions_in
2025-10-28T23:11:19.060373,PUBLISH,5e63736778b444758c5dc0a2943f0101,68f2d95bd190740cfd6a3dba,ENQUEUED,0.5810141838395518,questions_in
2025-10-28T23:11:19.712887,PUBLISH,e207a61310884b688a17bc1118d294be,68f2d95bd190740cfd6a2b7b,ENQUEUED,0.6503405971250236,questions_in
2025-10-28T23:11:20.469488,PUBLISH,351b9792899d4ebb87df4cc51c00bcea,68f2d95bd190740cfd6a2ee4,ENQUEUED,0.7524848856091223,questions_in
2025-10-28T23:11:20.757499,PUBLISH,d262dc8df03045f7a1c7db823cf2fa4c,68f2d95bd190740cfd6a2324,ENQUEUED,0.28609749335648144,questions_in
2025-10-28T23:11:20.883750,PUBLISH,0931abfd96ae42f794eceda723099e8e,68f2d95bd190740cfd6a2907,ENQUEUED,0.12441426935178211,questions_in
2025-10-28T23:11:21.404449,PUBLISH,54bf659e2b284f7a934a4895e141dbcd,68f2d95bd190740cfd6a3a20,ENQUEUED,0.5175998601847022,questions_in
2025-10-28T23:11:21.670409,PUBLISH,acb705daa1e24f95bd4a9e3c1f16cbba,68f2d95bd190740cfd6a3eb1,ENQUEUED,0.2623532039753938,questions_in
2025-10-28T23:11:21.674334,PUBLISH,2fd46123ea2e406e8b3d9015d66ea073,68f2d95bd190740cfd6a2821,ENQUEUED,0.0013720347403197869,questions_in
2025-10-28T23:11:21.712627,PUBLISH,931574c6efa84ec8af619c7b169e9e08,68f2d95bd190740cfd6a3b65,ENQUEUED,0.035633597831388246,questions_in
2025-10-28T23:11:22.098470,PUBLISH,55aeae4a11f04ce1bc84c0d8abdc37eb,68f2d95bd190740cfd6a3b7f,ENQUEUED,0.38135460135112037,questions_in
2025-10-28T23:11:23.300884,PUBLISH,f00ca80c0fd443dc9af5ae8600b03f34,68f2d95bd190740cfd6a3c17,ENQUEUED,1.1999217947086334,questions_in
2025-10-28T23:11:25.232039,PUBLISH,130a907c42b04e12a7522604b8d2d759,68f2d95bd190740cfd6a240b,ENQUEUED,1.9268139111210212,questions_in
2025-10-28T23:11:25.398273,PUBLISH,0b74aef2da094872b674bbedf0b64e7d,68f2d95bd190740cfd6a2fb6,ENQUEUED,0.16451235323073002,questions_in
2025-10-28T23:11:27.346305,PUBLISH,2c82700803c841dc8dead9fec2c4dd75,68f2d95bd190740cfd6a2bf5,ENQUEUED,1.9418910236431441,questions_in
2025-10-28T23:11:27.446315,PUBLISH,38cb7a00557746a0b5977eb60f7d4e13,68f2d95bd190740cfd6a2963,ENQUEUED,0.09779335887583868,questions_in
2025-10-28T23:11:28.733280,PUBLISH,fee16d6ded3047e58d9da1a30738ac14,68f2d95bd190740cfd6a3558,ENQUEUED,1.28232932042195,questions_in
2025-10-28T23:11:29.536920,PUBLISH,9151c6a497914af0b8b3ea92f43d8427,68f2d95bd190740cfd6a2b6a,ENQUEUED,0.8008436911165586,questions_in
2025-10-28T23:11:30.621973,PUBLISH,d8435a6e254a4d829cd11d524fd703bf,68f2d95bd190740cfd6a2acc,ENQUEUED,1.0815093037212347,questions_in
2025-10-28T23:11:32.960008,PUBLISH,7e03bcb9a57845ceb10ae53df0f4be18,68f2d95bd190740cfd6a1fcd,ENQUEUED,2.3338838204208145,questions_in
2025-10-28T23:11:33.635927,PUBLISH,28d4146f8cd9469f806c92e62a77433e,68f2d95bd190740cfd6a27f9,ENQUEUED,0.6722684152847092,questions_in
2025-10-28T23:11:35.761878,PUBLISH,64c79ffa41ed4a84beee74c338952e28,68f2d95bd190740cfd6a4139,ENQUEUED,2.1190332113845103,questions_in
2025-10-28T23:11:36.236716,PUBLISH,e9bd84dc5b5b46b7bb72cc8afd36d1cb,68f2d95bd190740cfd6a3dc9,ENQUEUED,0.47198893915329937,questions_in
2025-10-28T23:11:36.843970,PUBLISH,b03afdb6191d47f0b0d096d5505b53c3,68f2d95bd190740cfd6a2621,ENQUEUED,0.6043024484830091,questions_in
2025-10-28T23:11:37.912039,PUBLISH,54ee8b11e87f4b4daa165e9b3577c872,68f2d95bd190740cfd6a2a38,ENQUEUED,1.0616653609592355,questions_in
2025-10-28T23:11:38.617002,PUBLISH,2c8079f66c774700806bd580cbeef269,68f2d95bd190740cfd6a20e8,ENQUEUED,0.7001958857077714,questions_in
2025-10-28T23:11:39.627600,PUBLISH,d3ef8ffe03684505967e935bdd3882c2,68f2d95bd190740cfd6a1ec0,ENQUEUED,1.004671487338067,questions_in
2025-10-28T23:11:39.704451,PUBLISH,b6342a61a40f4f699782f247f3d6f391,68f2d95bd190740cfd6a22c9,ENQUEUED,0.07505634882282304,questions_in
2025-10-28T23:11:39.823370,PUBLISH,c6108ef350f04f9e98198b3ea580c8bc,68f2d95bd190740cfd6a36c4,ENQUEUED,0.11725000484503563,questions_in
2025-10-28T23:11:40.226382,PUBLISH,d26cfb523ca649729326b1823b6132d6,68f2d95bd190740cfd6a29c3,ENQUEUED,0.4005245772752786,questions_in
2025-10-28T23:11:40.359742,PUBLISH,cba88769d3fd4ec18479da3fafcbb0d3,68f2d95bd190740cfd6a2729,ENQUEUED,0.13033494349271432,questions_in
2025-10-28T23:11:41.536103,PUBLISH,a63e6827fdce4658ba6626e2ab6f1c01,68f2d95bd190740cfd6a2d3a,ENQUEUED,1.1708613221063466,questions_in
2025-10-28T23:11:43.375546,PUBLISH,7d95ff7d8b0e44ac864be9be8bf78d95,68f2d95bd190740cfd6a2cc8,ENQUEUED,1.8304915188913968,questions_in
2025-10-28T23:11:43.479668,PUBLISH,75dc2504ad444b4eb12067171004bef7,68f2d95bd190740cfd6a30ef,ENQUEUED,0.09790976671334661,questions_in
2025-10-28T23:11:44.050034,PUBLISH,1635c870f6d84ab3a291bf23c34b334f,68f2d95bd190740cfd6a20cc,ENQUEUED,0.5665706967968737,questions_in
2025-10-28T23:11:44.154840,PUBLISH,ba547cc244fe46ba804940400e27cc23,68f2d95bd190740cfd6a4144,ENQUEUED,0.10155574786532152,questions_in
2025-10-28T23:11:44.404684,PUBLISH,dec105a842714cf08e45f274447490a3,68f2d95bd190740cfd6a329e,ENQUEUED,0.2479828224660291,questions_in
2025-10-28T23:11:45.031203,PUBLISH,f67b12d2e0b24638945ade8876cb7290,68f2d95bd190740cfd6a28a0,ENQUEUED,0.6224082183171821,questions_in
2025-10-28T23:11:46.083550,PUBLISH,f081777a145947c8b884b8ed0a303c66,68f2d95bd190740cfd6a22c4,ENQUEUED,1.049738197197475,questions_in
2025-10-28T23:11:46.377255,PUBLISH,2ebce881c35e47ae9b6b10bf5085b22e,68f2d95bd190740cfd6a25de,ENQUEUED,0.2899326115435946,questions_in
2025-10-28T23:11:46.971433,PUBLISH,549c7d11298c4c8fb1835b37c3b70dbc,68f2d95bd190740cfd6a2733,ENQUEUED,0.5922120123778425,questions_in
2025-10-28T23:11:47.161783,PUBLISH,9cfb7538e95841f5a98064511bde31a8,68f2d95bd190740cfd6a3784,ENQUEUED,0.18860284419255235,questions_in
2025-10-28T23:11:48.193823,PUBLISH,218f9ecd1a4e448eb73da510510cfcb6,68f2d95bd190740cfd6a2a3e,ENQUEUED,1.0287906275594199,questions_in
2025-10-28T23:11:48.488945,PUBLISH,725f74f601c24c149348e678e0b6e32f,68f2d95bd190740cfd6a23fe,ENQUEUED,0.2845506923949563,questions_in
2025-10-28T23:11:49.997763,PUBLISH,3817a0bf5fe34a6aa53bfdfa9fc2e3a3,68f2d95bd190740cfd6a248b,ENQUEUED,1.501220670305715,questions_in
2025-10-28T23:11:50.079474,PUBLISH,2ac8ce4d1edf428c87b0538e68d0a9d1,68f2d95bd190740cfd6a24b9,ENQUEUED,0.07810744414932179,questions_in
2025-10-28T23:11:51.099033,PUBLISH,cd667f50934047df8847bc3fe3d9b773,68f2d95bd190740cfd6a3876,ENQUEUED,1.0162734746923296,questions_in
2025-10-28T23:11:51.241604,PUBLISH,c85d4fb76d3a4a47abd1e9eefa8e0ea8,68f2d95bd190740cfd6a2d0c,ENQUEUED,0.14101582677200572,questions_in
2025-10-28T23:11:51.452693,PUBLISH,002ce66eb4ab49beafac9bc24a225138,68f2d95bd190740cfd6a2528,ENQUEUED,0.20255863080910144,questions_in
2025-10-28T23:11:52.137110,PUBLISH,4ea8d69fa035479d93faab1de50bd283,68f2d95bd190740cfd6a28f9,ENQUEUED,0.6787157117640032,questions_in
2025-10-28T23:11:52.231887,PUBLISH,28e77b56350a470faa194bebad43635e,68f2d95bd190740cfd6a2aec,ENQUEUED,0.08580822294968915,questions_in
2025-10-28T23:11:52.397068,PUBLISH,e103379f49874c069a26428f69370f94,68f2d95bd190740cfd6a3b69,ENQUEUED,0.16131455607508136,questions_in
2025-10-28T23:11:52.507258,PUBLISH,08c0d1e5cf5b42a2a6faf2eb3dfa688c,68f2d95bd190740cfd6a363c,ENQUEUED,0.10789100521824319,questions_in
2025-10-28T23:11:54.019913,PUBLISH,5cfcb8a8b639482dbd9f1512672ff30f,68f2d95bd190740cfd6a2b64,ENQUEUED,1.5093045433987495,questions_in
2025-10-28T23:11:54.715596,PUBLISH,17bcc74839164249a3f87c50ea3920fd,68f2d95bd190740cfd6a3cd2,ENQUEUED,0.6934207731869343,questions_in
2025-10-28T23:11:55.157526,PUBLISH,e6c0a841cbcc450d9cd49b1cd5073778,68f2d95bd190740cfd6a4069,ENQUEUED,0.435358997657978,questions_in
2025-10-28T23:11:57.203925,PUBLISH,ad94e2a2ceec4a819c40271070edfe31,68f2d95bd190740cfd6a3e58,ENQUEUED,2.042551149396801,questions_in
2025-10-28T23:11:57.397124,PUBLISH,5291e91d2a454fd6898924796227d95a,68f2d95bd190740cfd6a25c7,ENQUEUED,0.1898625478833517,questions_in
2025-10-28T23:11:57.687510,PUBLISH,201b47cc96804b7fb55c11ba0891534e,68f2d95bd190740cfd6a3d6a,ENQUEUED,0.2886104664735039,questions_in
2025-10-28T23:11:59.982782,PUBLISH,611d496e1d31448486f3a3e8ce684ac0,68f2d95bd190740cfd6a3a69,ENQUEUED,2.2872288415792204,questions_in
2025-10-28T23:12:00.134244,PUBLISH,b03635f31f0b4ccb8991c118a315be28,68f2d95bd190740cfd6a1cf1,ENQUEUED,0.1492002882230915,questions_in
2025-10-28T23:12:00.531168,PUBLISH,4b29ddbb92464bbbb32d66451be92469,68f2d95bd190740cfd6a370f,ENQUEUED,0.387462250002202,questions_in
2025-10-28T23:12:01.667203,PUBLISH,9dc8431f638a47afbea765f7d32f1c54,68f2d95bd190740cfd6a28b4,ENQUEUED,1.1337546265133638,questions_in
2025-10-28T23:12:02.238071,PUBLISH,78bb804a2f494159bad3274abaffc530,68f2d95bd190740cfd6a34d5,ENQUEUED,0.5628019364608589,questions_in
2025-10-28T23:12:02.272378,PUBLISH,ff4bb8f7ef46481aa018e00bd82515a8,68f2d95bd190740cfd6a2b74,ENQUEUED,0.026615753129252795,questions_in
2025-10-28T23:12:02.607485,PUBLISH,cdf77578f28242ab897730b88691e2f3,68f2d95bd190740cfd6a4088,ENQUEUED,0.3314826818627037,questions_in
2025-10-28T23:12:02.987318,PUBLISH,32c0780278104610bff97301607803b5,68f2d95bd190740cfd6a2c7d,ENQUEUED,0.3774243735696148,questions_in
2025-10-28T23:12:05.313866,PUBLISH,b735b55cf27745af9d4f25f9aad89a49,68f2d95bd190740cfd6a3d44,ENQUEUED,2.32242458572533,questions_in
2025-10-28T23:12:05.978729,PUBLISH,7e52698b86884adbbc2cf0b34412ef6d,68f2d95bd190740cfd6a1e47,ENQUEUED,0.661906811016048,questions_in
2025-10-28T23:12:06.091261,PUBLISH,6ca7d5ab6be64f84abeb64af4758e356,68f2d95bd190740cfd6a2462,ENQUEUED,0.1086187711668219,questions_in
2025-10-28T23:12:06.156541,PUBLISH,d687e76cb1624697943bfa83bb69314c,68f2d95bd190740cfd6a1d5e,ENQUEUED,0.06354552325465225,questions_in
2025-10-28T23:12:06.386471,PUBLISH,500f4503d3ae4f0eabc2bb088383fbe5,68f2d95bd190740cfd6a21e6,ENQUEUED,0.22790296287854472,questions_in
2025-10-28T23:12:06.679053,PUBLISH,7753baf5b2db45d08fbcd3e7da8f48a4,68f2d95bd190740cfd6a3da9,ENQUEUED,0.2901734800999797,questions_in
2025-10-28T23:12:07.644239,PUBLISH,f9173ff7edf3405188528ba906d6f5f3,68f2d95bd190740cfd6a3d86,ENQUEUED,0.9615227942899643,questions_in
2025-10-28T23:12:07.657103,PUBLISH,0777489cc8a5476bb64bed06fdef1e16,68f2d95bd190740cfd6a2cd8,ENQUEUED,0.010723801603964,questions_in
2025-10-28T23:12:08.523387,PUBLISH,b159471d1da7472ab6f6e6aeb61060df,68f2d95bd190740cfd6a40ed,ENQUEUED,0.8640315207502561,questions_in
2025-10-28T23:12:09.567997,PUBLISH,cc4404abfef34b87bac356ef9cefc9a5,68f2d95bd190740cfd6a2b51,ENQUEUED,1.040201218761149,questions_in
2025-10-28T23:12:10.239066,PUBLISH,0c1841249e2e4cd28a534e310f6f2155,68f2d95bd190740cfd6a39fe,ENQUEUED,0.6688690711809281,questions_in
2025-10-28T23:12:10.369894,PUBLISH,0216580cd3ac432aa31333c02f487677,68f2d95bd190740cfd6a1b9e,ENQUEUED,0.1286089722889507,questions_in
2025-10-28T23:12:10.577160,PUBLISH,139ef0a714574876b143c2dff629d98c,68f2d95bd190740cfd6a2af2,ENQUEUED,0.20327903872073783,questions_in
2025-10-28T23:12:10.762762,PUBLISH,d7fe123c49b548c0a4dd425e6d51e37b,68f2d95bd190740cfd6a3808,ENQUEUED,0.1828274212387514,questions_in
2025-10-28T23:12:10.878557,PUBLISH,80da9956d941482b982982cecb6c74e3,68f2d95bd190740cfd6a1db9,ENQUEUED,0.1095684940212132,questions_in
2025-10-28T23:12:10.896854,PUBLISH,9d6685a7b59149c0b157a3797a32b481,68f2d95bd190740cfd6a3f2c,ENQUEUED,0.014882349133461476,questions_in
2025-10-28T23:12:11.213821,PUBLISH,049ddfc07dd642268db2bd2c094f1872,68f2d95bd190740cfd6a2d75,ENQUEUED,0.31227612898228224,questions_in
2025-10-28T23:12:12.578199,PUBLISH,8f20baa30a8b4cbc83ddacf7a305db21,68f2d95bd190740cfd6a239f,ENQUEUED,1.3552158925575748,questions_in
2025-10-28T23:12:13.297341,PUBLISH,cf7ad76025334e9c89a4157d9ff485ed,68f2d95bd190740cfd6a34cd,ENQUEUED,0.717010717942177,questions_in
2025-10-28T23:12:15.005680,PUBLISH,bb7e78ef6eb14ff5aa65e1cceab9f680,68f2d95bd190740cfd6a27d2,ENQUEUED,1.7048178730746917,questions_in
2025-10-28T23:12:15.553852,PUBLISH,e4fa17555b4c428db8c21751a7f9b9e5,68f2d95bd190740cfd6a2c3c,ENQUEUED,0.5421946329690766,questions_in
2025-10-28T23:12:16.600665,PUBLISH,49378c66714b4ff0912804e079594972,68f2d95bd190740cfd6a2827,ENQUEUED,1.0437264088261193,questions_in
2025-10-28T23:12:17.164257,PUBLISH,5692ed49d2b84819a655a886a56000c0,68f2d95bd190740cfd6a2254,ENQUEUED,0.5616511031239612,questions_in
2025-10-28T23:12:17.820036,PUBLISH,5719bab35aae492995b50a4d19868d07,68f2d95bd190740cfd6a3cfd,ENQUEUED,0.6539555959037295,questions_in
2025-10-28T23:12:18.930383,PUBLISH,e950259811234c57bf7e43b06da13458,68f2d95bd190740cfd6a32f7,ENQUEUED,1.1075896544978483,questions_in
2025-10-28T23:12:20.088784,PUBLISH,f1ad9f67f3db4002ab12e30daabab71a,68f2d95bd190740cfd6a1f84,ENQUEUED,1.1547417803176796,questions_in
2025-10-28T23:12:20.680262,PUBLISH,dbe49bc3e77f4d1e97199a1f30f41d3e,68f2d95bd190740cfd6a3219,ENQUEUED,0.5869658230862057,questions_in
2025-10-28T23:12:21.004026,PUBLISH,4fd7ebf027864e5d9892c8a1b004e348,68f2d95bd190740cfd6a403a,ENQUEUED,0.320895500253975,questions_in
2025-10-28T23:12:21.906196,PUBLISH,b1d1f48c97c0459eb90069ae08036f22,68f2d95bd190740cfd6a242a,ENQUEUED,0.898551974242482,questions_in
2025-10-28T23:12:23.709778,PUBLISH,4b2941ea02e84e06b78735593ee3afae,68f2d95bd190740cfd6a3a88,ENQUEUED,1.7976589168882595,questions_in
2025-10-28T23:12:24.316216,PUBLISH,dd5294dc0c434b84afc1e30e54cf4e02,68f2d95bd190740cfd6a3236,ENQUEUED,0.6047745158095305,questions_in
2025-10-28T23:12:25.296704,PUBLISH,9657ae9ee1df4580a8e58abbe940097c,68f2d95bd190740cfd6a1b04,ENQUEUED,0.9774058534103888,questions_in
2025-10-28T23:12:25.535201,PUBLISH,50dfeb6f0d6741cdb231a5e4ce3c84ef,68f2d95bd190740cfd6a1dda,ENQUEUED,0.23674590040823582,questions_in
2025-10-28T23:12:25.997644,PUBLISH,81aa6e8a8c0c4db597be7fdfb469bf5e,68f2d95bd190740cfd6a3318,ENQUEUED,0.4601330650974542,questions_in
2025-10-28T23:12:26.858956,PUBLISH,6d3cd2b194a4451b87591d64b6543102,68f2d95bd190740cfd6a1d84,ENQUEUED,0.8589643028299224,questions_in
2025-10-28T23:12:26.895155,PUBLISH,f8e32e153428429e827bf1d5823b0690,68f2d95bd190740cfd6a20c4,ENQUEUED,0.034441622940124,questions_in
2025-10-28T23:12:27.702852,PUBLISH,b7150c9faa964260931eff049111320e,68f2d95bd190740cfd6a3067,ENQUEUED,0.8054599551686453,questions_in
2025-10-28T23:12:28.196162,PUBLISH,39b89e54be71462db551be5473aefdc6,68f2d95bd190740cfd6a3f2a,ENQUEUED,0.49172866279447597,questions_in
2025-10-28T23:12:28.374117,PUBLISH,b32b444fba0c422fa37114645bcc9800,68f2d95bd190740cfd6a3121,ENQUEUED,0.17087060557194048,questions_in
2025-10-28T23:12:29.443821,PUBLISH,16145c0564744577940806aed7e96f3a,68f2d95bd190740cfd6a2a13,ENQUEUED,1.061876715374882,questions_in
2025-10-28T23:12:30.203536,PUBLISH,ace7322b670a4af0b6974bf78e1cf233,68f2d95bd190740cfd6a387b,ENQUEUED,0.7567905332070528,questions_in
2025-10-28T23:12:31.777326,PUBLISH,995f6a2679494830a581a75f4db60140,68f2d95bd190740cfd6a3368,ENQUEUED,1.570533860124626,questions_in
2025-10-28T23:12:32.416503,PUBLISH,8ce9d6b6bd9644138f69c6c106442cc1,68f2d95bd190740cfd6a388a,ENQUEUED,0.6372459462148966,questions_in
2025-10-28T23:12:33.993247,PUBLISH,4263cf46385f41f584bb6e14e1bfeffb,68f2d95bd190740cfd6a259c,ENQUEUED,1.574431641679844,questions_in
2025-10-28T23:12:34.798215,PUBLISH,3987145dd4884646bc472f3c896237e3,68f2d95bd190740cfd6a3653,ENQUEUED,0.8020889225241201,questions_in
2025-10-28T23:12:36.185533,PUBLISH,2652282fb0bd487b9d81292468809374,68f2d95bd190740cfd6a234f,ENQUEUED,1.3842917828424068,questions_in
2025-10-28T23:12:36.744210,PUBLISH,698b47ae4fcd44ffa244e87a34dd8d75,68f2d95bd190740cfd6a3cff,ENQUEUED,0.5563768011962461,questions_in
2025-10-28T23:12:36.750504,PUBLISH,ad7061038a294430ba20e6341d51c3c7,68f2d95bd190740cfd6a2bbb,ENQUEUED,0.004197846889172093,questions_in
2025-10-28T23:12:37.311132,PUBLISH,7a2e6686d0db4462a1f55353e6732574,68f2d95bd190740cfd6a3ff5,ENQUEUED,0.5531521718050886,questions_in
2025-10-28T23:12:39.133505,PUBLISH,ee1eaba89127486b96b50cde9eb038a9,68f2d95bd190740cfd6a205b,ENQUEUED,1.8155292418827618,questions_in
2025-10-28T23:12:39.739382,PUBLISH,0ebd9415a75949c5aafb3e332c5073b1,68f2d95bd190740cfd6a3ff1,ENQUEUED,0.600521582208977,questions_in
2025-10-28T23:12:39.770780,PUBLISH,7718c0e615194bf38e25b73b81252521,68f2d95bd190740cfd6a21b2,ENQUEUED,0.027698148869513526,questions_in
2025-10-28T23:12:40.082432,PUBLISH,15ee2c1ce0824d879617ac83531847d4,68f2d95bd190740cfd6a382f,ENQUEUED,0.3090852355635127,questions_in
2025-10-28T23:12:41.360430,PUBLISH,5c5f922434714ba495e2f18cdbb42318,68f2d95bd190740cfd6a3d68,ENQUEUED,1.2748905584153867,questions_in
2025-10-28T23:12:42.545908,PUBLISH,14df2c909c38426ca838a72448d3ca05,68f2d95bd190740cfd6a3c7c,ENQUEUED,1.1827337696546014,questions_in
2025-10-28T23:12:42.649122,PUBLISH,6026bac17d454ac89e5d75fa4f45ee33,68f2d95bd190740cfd6a32f6,ENQUEUED,0.09733739992444118,questions_in
2025-10-28T23:12:43.130971,PUBLISH,67e7bd210f154d82a9b500988ed30f57,68f2d95bd190740cfd6a3db0,ENQUEUED,0.47916029494757884,questions_in
2025-10-28T23:12:43.525683,PUBLISH,9ca755f925da4697886d818a4b87d9c5,68f2d95bd190740cfd6a376b,ENQUEUED,0.3926764290030067,questions_in
2025-10-28T23:12:43.814795,PUBLISH,7bea8cd53ad04f94a368a75d38a50c38,68f2d95bd190740cfd6a24a0,ENQUEUED,0.2795525806976146,questions_in
2025-10-28T23:12:44.166592,PUBLISH,47d87e84499241199b1a47d722b9864e,68f2d95bd190740cfd6a3f13,ENQUEUED,0.34859738352059416,questions_in
2025-10-28T23:12:44.459253,PUBLISH,776d122572474a5eb241bd1dc1230eed,68f2d95bd190740cfd6a3d88,ENQUEUED,0.2906410804711806,questions_in
2025-10-28T23:12:48.699134,PUBLISH,ae8f9c3bc46947f8abbf8a089c8db4ac,68f2d95bd190740cfd6a4009,ENQUEUED,4.233278011799757,questions_in
2025-10-28T23:12:49.420976,PUBLISH,ac50654c2cd14c40a6089c2e8a0b1bb9,68f2d95bd190740cfd6a408b,ENQUEUED,0.7175590610747192,questions_in
2025-10-28T23:12:50.483519,PUBLISH,ac43cb9b600d45e9a1f08f8f56c2161f,68f2d95bd190740cfd6a2ac3,ENQUEUED,1.0576723707834514,questions_in
2025-10-28T23:12:50.969198,PUBLISH,336a38b6223f4eaab46d52b8b81f8772,68f2d95bd190740cfd6a1afb,ENQUEUED,0.48121829507231034,questions_in
2025-10-28T23:12:51.065212,PUBLISH,5f85ed9e812c48289d7b25e8b332f9e0,68f2d95bd190740cfd6a323f,ENQUEUED,0.09431154608797794,questions_in
2025-10-28T23:12:51.442401,PUBLISH,d12bb0eb46274fb38fb9c783745b7cbb,68f2d95bd190740cfd6a2e5a,ENQUEUED,0.3751910739356834,questions_in
2025-10-28T23:12:51.868264,PUBLISH,91da8866e2fd4b7b8eb88c54dd5706c0,68f2d95bd190740cfd6a1e7b,ENQUEUED,0.42100226303999183,questions_in
2025-10-28T23:12:51.980476,PUBLISH,e5865c193b044ce2bed03357c3a80972,68f2d95bd190740cfd6a3186,ENQUEUED,0.10958062574934234,questions_in
2025-10-28T23:12:52.280822,PUBLISH,97bf6e4b25d1469a8e417c3241e1b28b,68f2d95bd190740cfd6a26de,ENQUEUED,0.2984770784074503,questions_in
2025-10-28T23:12:52.496948,PUBLISH,a64bc1cde9174f6aa1813cf1ce72cb58,68f2d95bd190740cfd6a37cc,ENQUEUED,0.21314527637321526,questions_in
2025-10-28T23:12:52.865783,PUBLISH,57705b74baa6443d8721c89d20dfaa2c,68f2d95bd190740cfd6a3a4c,ENQUEUED,0.36529842620087494,questions_in
2025-10-28T23:12:52.987895,PUBLISH,a6d892909ee24d81b4affff1678f7ea9,68f2d95bd190740cfd6a25de,ENQUEUED,0.12005629779987075,questions_in
2025-10-28T23:12:53.255909,PUBLISH,d53b5e779c1a4287822e72db1abd8e66,68f2d95bd190740cfd6a31b5,ENQUEUED,0.2598424943302853,questions_in
2025-10-28T23:12:53.395922,PUBLISH,ada33bf3cee940cabc29c19ead0c8693,68f2d95bd190740cfd6a1b83,ENQUEUED,0.13699327970344033,questions_in
2025-10-28T23:12:53.556293,PUBLISH,907d7a9a35df49759669583ad0123117,68f2d95bd190740cfd6a2baf,ENQUEUED,0.15822749931771155,questions_in
2025-10-28T23:12:53.822921,PUBLISH,76b5729f71fa4205a66e97c7d4e026c5,68f2d95bd190740cfd6a1e3e,ENQUEUED,0.26325509575979533,questions_in
2025-10-28T23:12:54.935887,PUBLISH,475e9fa0576046019d1cb753c3d7b510,68f2d95bd190740cfd6a2ec2,ENQUEUED,1.1071994986620044,questions_in
2025-10-28T23:12:56.041041,PUBLISH,b8c4646f15fa4021a64249b64136eaeb,68f2d95bd190740cfd6a2f07,ENQUEUED,1.1029484113314039,questions_in
2025-10-28T23:12:57.877961,PUBLISH,1758d0354dad490494d5e54cd0aedfa2,68f2d95bd190740cfd6a2c1f,ENQUEUED,1.8329149089547878,questions_in
2025-10-28T23:12:59.018484,PUBLISH,06e7d05945404fe88951048dbb8e70ea,68f2d95bd190740cfd6a25fc,ENQUEUED,1.1383249451204578,questions_in
2025-10-28T23:13:00.263873,PUBLISH,2496cc72855d4fc5b5f06bca617be1f2,68f2d95bd190740cfd6a2561,ENQUEUED,1.2422655169422272,questions_in
2025-10-28T23:13:00.311256,PUBLISH,d54e45369ae64e07a19a99abd7ac0fa5,68f2d95bd190740cfd6a389a,ENQUEUED,0.04531714025943207,questions_in
2025-10-28T23:13:00.359988,PUBLISH,025a5edb27f845caa7c54f45f7d863c3,68f2d95bd190740cfd6a2c7f,ENQUEUED,0.04639048747257692,questions_in
2025-10-28T23:13:01.044931,PUBLISH,c4259546274c4195b4d26caa2f4b9091,68f2d95bd190740cfd6a252c,ENQUEUED,0.6816521858082218,questions_in
2025-10-28T23:13:01.216585,PUBLISH,5f0065693052464e8cf221cc4d325165,68f2d95bd190740cfd6a2554,ENQUEUED,0.16822480178711038,questions_in
2025-10-28T23:13:02.253992,PUBLISH,6ca3c73c5d6c4d549342a5b3ef7640c2,68f2d95bd190740cfd6a3c9d,ENQUEUED,1.0344797958919199,questions_in
2025-10-28T23:13:02.862298,PUBLISH,263d73edaa1f4330b3c2933239a04803,68f2d95bd190740cfd6a1e29,ENQUEUED,0.6052932791859417,questions_in
2025-10-28T23:13:03.168906,PUBLISH,18e02308d815450cab63a62670e64e39,68f2d95bd190740cfd6a1f4d,ENQUEUED,0.2999439864266058,questions_in
2025-10-28T23:13:03.751891,PUBLISH,56a122190bde4e7ba12085a24e9b6126,68f2d95bd190740cfd6a3dcc,ENQUEUED,0.5792939254848123,questions_in
2025-10-28T23:13:04.604115,PUBLISH,055410d0892340e8984da0d59e027f41,68f2d95bd190740cfd6a2ec8,ENQUEUED,0.8479408904543736,questions_in
2025-10-28T23:13:05.329157,PUBLISH,731de6d550ca496f9195a3e085e267d1,68f2d95bd190740cfd6a2a9c,ENQUEUED,0.7229049962476993,questions_in
2025-10-28T23:13:06.246054,PUBLISH,cbfb4fd758c94cd3b541676d413acdc6,68f2d95bd190740cfd6a2ae9,ENQUEUED,0.9102941147978604,questions_in
2025-10-28T23:13:06.459240,PUBLISH,4916982ee1054776b136996d988cafae,68f2d95bd190740cfd6a3b21,ENQUEUED,0.2034976349170646,questions_in
2025-10-28T23:13:07.174577,PUBLISH,3880dbb6352e41da8ca1a873ff2c33d1,68f2d95bd190740cfd6a304f,ENQUEUED,0.7132199878832323,questions_in
2025-10-28T23:13:07.961481,PUBLISH,94de9955d65a46bea7a2ef773c8b02ab,68f2d95bd190740cfd6a3349,ENQUEUED,0.7846932431837943,questions_in
2025-10-28T23:13:08.600038,PUBLISH,e9af63b9598e4628b1d79665efe8ea01,68f2d95bd190740cfd6a3a32,ENQUEUED,0.6371057353736497,questions_in
2025-10-28T23:13:09.515339,PUBLISH,e8c70e4aaff54d4584db6d2e26b8ceb6,68f2d95bd190740cfd6a3c8f,ENQUEUED,0.910842011057135,questions_in
2025-10-28T23:13:09.889703,PUBLISH,a119d72fa9644df4b0fb16b505c80972,68f2d95bd190740cfd6a38bb,ENQUEUED,0.37248434091858806,questions_in
2025-10-28T23:13:10.860908,PUBLISH,fd57b44ae6054ff6a2d21f5e72fecdf1,68f2d95bd190740cfd6a3b0b,ENQUEUED,0.9605115456248557,questions_in
2025-10-28T23:13:11.285711,PUBLISH,4b8d50833a344e298e675cb7b4d43379,68f2d95bd190740cfd6a3d00,ENQUEUED,0.41641150449456205,questions_in
2025-10-28T23:13:11.865667,PUBLISH,b52ba8f755274d42bf6a2e0cf34effaf,68f2d95bd190740cfd6a1db1,ENQUEUED,0.5762313546989629,questions_in
2025-10-28T23:13:12.487536,PUBLISH,113ed800375546cf86022dda349d2a1e,68f2d95bd190740cfd6a209e,ENQUEUED,0.6149365586189233,questions_in
2025-10-28T23:13:13.144591,PUBLISH,489417de471d449782c2fec80ea76527,68f2d95bd190740cfd6a1e8a,ENQUEUED,0.6538108250520022,questions_in
2025-10-28T23:13:13.611095,PUBLISH,789ce08d5e9b49c5986153090aa72f40,68f2d95bd190740cfd6a26f6,ENQUEUED,0.45851274768535116,questions_in
2025-10-28T23:13:14.415460,PUBLISH,40574c47987c4eb0a23edd6febc2a385,68f2d95bd190740cfd6a3dd5,ENQUEUED,0.8005018046592123,questions_in
2025-10-28T23:13:14.800513,PUBLISH,ef64b53dd3e046eb829c0320c5d58bdf,68f2d95bd190740cfd6a39a0,ENQUEUED,0.3832144282371894,questions_in
2025-10-28T23:13:14.803558,PUBLISH,c47309c4db9641e19e33ceceed7cfabd,68f2d95bd190740cfd6a34d2,ENQUEUED,0.0014227173973780849,questions_in
2025-10-28T23:13:15.166723,PUBLISH,74cae57d5f8d49b99cde09b4af9be4ba,68f2d95bd190740cfd6a35a2,ENQUEUED,0.3601629320919347,questions_in
2025-10-28T23:13:16.304463,PUBLISH,ac6a63fc23394565b6f10105d92b44a4,68f2d95bd190740cfd6a2a11,ENQUEUED,1.1353181914476413,questions_in
2025-10-28T23:13:18.198157,PUBLISH,8878a98b202645b5ae641efdfd9600f3,68f2d95bd190740cfd6a309c,ENQUEUED,1.8859245010373444,questions_in
2025-10-28T23:13:18.534229,PUBLISH,559d5891a219496781045abef137ec57,68f2d95bd190740cfd6a390e,ENQUEUED,0.32994484042685834,questions_in
2025-10-28T23:13:18.641837,PUBLISH,c7517e25d4b44de089aab64fd665a3d1,68f2d95bd190740cfd6a33d6,ENQUEUED,0.10550755356490482,questions_in
2025-10-28T23:13:19.418744,PUBLISH,f0fb6c959e1f403190e6ecb1a59a7239,68f2d95bd190740cfd6a3302,ENQUEUED,0.7742658384108628,questions_in
2025-10-28T23:13:19.604793,PUBLISH,c9d79be9afc44823a760d3c3a15eb6ca,68f2d95bd190740cfd6a27cb,ENQUEUED,0.17833337350924872,questions_in
2025-10-28T23:13:20.190555,PUBLISH,99a39ea247d04ba5a6bf8526ea448b5c,68f2d95bd190740cfd6a289e,ENQUEUED,0.5822132103993866,questions_in
2025-10-28T23:13:20.399021,PUBLISH,9b7f28f633bf484b950701823c43e1f9,68f2d95bd190740cfd6a218b,ENQUEUED,0.20598182361536002,questions_in
2025-10-28T23:13:21.398569,PUBLISH,9f96e5010498436aafa01fc2e73537aa,68f2d95bd190740cfd6a1f3a,ENQUEUED,0.9968006706212355,questions_in
2025-10-28T23:13:22.642868,PUBLISH,62bc07ec4c1547928384b6e6d876d448,68f2d95bd190740cfd6a26cf,ENQUEUED,1.2406545622886023,questions_in
2025-10-28T23:13:23.043300,PUBLISH,0bdf56eadfcf4101b4ba3fee191a09ba,68f2d95bd190740cfd6a1caf,ENQUEUED,0.39712831650874364,questions_in
2025-10-28T23:13:24.365425,PUBLISH,8aad13e272454a15a5547671d7a761a5,68f2d95bd190740cfd6a2e09,ENQUEUED,1.3198779811042078,questions_in
2025-10-28T23:13:24.673586,PUBLISH,3edd1e470d9a4a4d8ef83d1ef25b2601,68f2d95bd190740cfd6a1bdb,ENQUEUED,0.30278802239388813,questions_in
2025-10-28T23:13:24.974252,PUBLISH,c2d44bd457924031b17ee9337e6a75c7,68f2d95bd190740cfd6a1ba2,ENQUEUED,0.2950672895729428,questions_in
2025-10-28T23:13:25.516965,PUBLISH,3f1d6b42f5804c20bf48a3bb054197d6,68f2d95bd190740cfd6a1fcf,ENQUEUED,0.5404435513324042,questions_in
2025-10-28T23:13:27.021775,PUBLISH,e8a4522e06ff4e6cbe027b175140e224,68f2d95bd190740cfd6a31b5,ENQUEUED,1.5009105790273365,questions_in
2025-10-28T23:13:27.923414,PUBLISH,a6bbafe9ea2f4b9ebd85bbb8c8a1c140,68f2d95bd190740cfd6a2f99,ENQUEUED,0.8994690899737624,questions_in
2025-10-28T23:13:28.578245,PUBLISH,f43b7e16bbbf4c84936c8b8636aaab4d,68f2d95bd190740cfd6a1c2c,ENQUEUED,0.6511682985590347,questions_in
2025-10-28T23:13:29.013685,PUBLISH,d1a2b5b8e8be4587ad49b07d6a3dd6a2,68f2d95bd190740cfd6a3d02,ENQUEUED,0.4322682665813613,questions_in
2025-10-28T23:13:29.215135,PUBLISH,cc0d05b967d04a91ad40ed0902b64bab,68f2d95bd190740cfd6a3a8c,ENQUEUED,0.1994587705661884,questions_in
2025-10-28T23:13:29.369713,PUBLISH,faefa6b3aa6140a8bea3a519784bf379,68f2d95bd190740cfd6a20cb,ENQUEUED,0.14478953409112205,questions_in
2025-10-28T23:13:30.401021,PUBLISH,925c56c9c4c444979733a89281b70206,68f2d95bd190740cfd6a2138,ENQUEUED,1.0261772864352119,questions_in
2025-10-28T23:13:30.847725,PUBLISH,23bd343ca1ae482681b805f972cd4574,68f2d95bd190740cfd6a388c,ENQUEUED,0.43981021920272423,questions_in
2025-10-28T23:13:31.014059,PUBLISH,93b4c540816f4d50ad45995bd2f8aa0f,68f2d95bd190740cfd6a2f53,ENQUEUED,0.16102456358455672,questions_in
2025-10-28T23:13:32.396035,PUBLISH,772d706267e44f0c8de694202fa66e7b,68f2d95bd190740cfd6a351e,ENQUEUED,1.3721674095044982,questions_in
2025-10-28T23:13:32.682551,PUBLISH,25b8b6e68181412cacaa747c0f6c850f,68f2d95bd190740cfd6a4143,ENQUEUED,0.28086425148102856,questions_in
2025-10-28T23:13:32.802574,PUBLISH,eee30bd558c94aa091d344572d9340c7,68f2d95bd190740cfd6a4174,ENQUEUED,0.11773404950122142,questions_in
2025-10-28T23:13:33.647666,PUBLISH,9380eb6a703e4d7c808a001eeb30eaa0,68f2d95bd190740cfd6a2144,ENQUEUED,0.838866006925637,questions_in
2025-10-28T23:13:34.324955,PUBLISH,e7ea47dc46834409bf4e8d2fe0604ee7,68f2d95bd190740cfd6a2aa7,ENQUEUED,0.6731387788698658,questions_in
2025-10-28T23:13:34.479438,PUBLISH,7597c6b78af541d5a2ba376e3d7e6cfb,68f2d95bd190740cfd6a2d51,ENQUEUED,0.15210933719009795,questions_in
2025-10-28T23:13:35.960363,PUBLISH,b7f7adf5e6ab4e22bf30bd408f86cb88,68f2d95bd190740cfd6a3c20,ENQUEUED,1.4766538302969427,questions_in
2025-10-28T23:13:37.537559,PUBLISH,12861a9cf90f4e9eb82268f6a2e0617f,68f2d95bd190740cfd6a24ad,ENQUEUED,1.5703213879793896,questions_in
2025-10-28T23:13:38.284353,PUBLISH,b19dc10c15f3436880ca7beaea73c8ce,68f2d95bd190740cfd6a31b6,ENQUEUED,0.7425452808062961,questions_in
2025-10-28T23:13:38.452808,PUBLISH,94d2c8f3b3ae4438ba397a4117025a6e,68f2d95bd190740cfd6a4143,ENQUEUED,0.16465343199855012,questions_in
2025-10-28T23:13:38.641596,PUBLISH,e86b2332b2de4209a3f07e95556b4cc3,68f2d95bd190740cfd6a2ea2,ENQUEUED,0.18347293317544391,questions_in
2025-10-28T23:13:39.103764,PUBLISH,4aba20f890a741f3bfc4a410c675fb63,68f2d95bd190740cfd6a28a5,ENQUEUED,0.45934902575200104,questions_in
2025-10-28T23:13:39.987855,PUBLISH,bf54c4598fb5425e9139703efca43bf9,68f2d95bd190740cfd6a20c2,ENQUEUED,0.8818126420054223,questions_in
2025-10-28T23:13:40.449386,PUBLISH,30d772d7813e4d5093bb9da9cf5e0a05,68f2d95bd190740cfd6a2df2,ENQUEUED,0.4568039023997359,questions_in
2025-10-28T23:13:41.322424,PUBLISH,1d5e0ff71c2d47e68014436003cf53f1,68f2d95bd190740cfd6a260c,ENQUEUED,0.8702073480014887,questions_in
2025-10-28T23:13:41.579394,PUBLISH,9771a5384b374dffbeb43131e89da1a6,68f2d95bd190740cfd6a38c4,ENQUEUED,0.25312363641109775,questions_in
2025-10-28T23:13:42.215447,PUBLISH,5ccf6fda14194257947d6757e1ed3a2f,68f2d95bd190740cfd6a2bf4,ENQUEUED,0.6330262770875422,questions_in
2025-10-28T23:13:42.617202,PUBLISH,db2d4cbc39674123a1a9e8297aec0ad8,68f2d95bd190740cfd6a29ae,ENQUEUED,0.3979762855377417,questions_in
2025-10-28T23:13:43.787104,PUBLISH,58a0f06dde4e4a419a3750eaeb67be2c,68f2d95bd190740cfd6a37d9,ENQUEUED,1.1657842192238974,questions_in
2025-10-28T23:13:44.786309,PUBLISH,f713874ccce341a1a476b671f68ca9ae,68f2d95bd190740cfd6a3a35,ENQUEUED,0.9960216401496619,questions_in
2025-10-28T23:13:45.019727,PUBLISH,5bebecc1c3a242c8ac732d2bac0a29de,68f2d95bd190740cfd6a2f1c,ENQUEUED,0.23131844557874046,questions_in
2025-10-28T23:13:46.029959,PUBLISH,a7cd0c157b65467ebb5c9a425457795e,68f2d95bd190740cfd6a2552,ENQUEUED,1.005375924007123,questions_in
2025-10-28T23:13:46.132361,PUBLISH,f6980b09b52c4a0f91aef8c80604942c,68f2d95bd190740cfd6a3de1,ENQUEUED,0.0998044153955998,questions_in
2025-10-28T23:13:46.747806,PUBLISH,71211153f5874bcd97d38155a21b11d9,68f2d95bd190740cfd6a35ee,ENQUEUED,0.6106227688830722,questions_in
2025-10-28T23:13:48.095990,PUBLISH,0b678617809142d3801e1825ac319766,68f2d95bd190740cfd6a2848,ENQUEUED,1.34513430024658,questions_in
2025-10-28T23:13:48.950437,PUBLISH,aea9fa294e2a420aa22884d35f8136cb,68f2d95bd190740cfd6a350e,ENQUEUED,0.8504243514681052,questions_in
2025-10-28T23:13:53.258367,PUBLISH,5c912e1a6a194ae1afac9f2f140d8dba,68f2d95bd190740cfd6a278f,ENQUEUED,4.297520487619052,questions_in
2025-10-28T23:13:53.329975,PUBLISH,11d5db755e054fdba7aaca984cc427f0,68f2d95bd190740cfd6a3cf1,ENQUEUED,0.06616033762205709,questions_in
2025-10-28T23:13:53.384296,PUBLISH,789026be0e154a11a5eb8b3bca7f4030,68f2d95bd190740cfd6a29ab,ENQUEUED,0.052183229165947274,questions_in
2025-10-28T23:13:53.493792,PUBLISH,6e15460d3461491da394adb2b991fcf4,68f2d95bd190740cfd6a3437,ENQUEUED,0.1038542274704321,questions_in
2025-10-28T23:13:54.604855,PUBLISH,48e71625b2be4b36b54ec9db8de57d60,68f2d95bd190740cfd6a21da,ENQUEUED,1.1051788914469005,questions_in
2025-10-28T23:13:55.971803,PUBLISH,deefed9451a04d8881ba08c7b81f609a,68f2d95bd190740cfd6a2e15,ENQUEUED,1.357121020519723,questions_in
2025-10-28T23:13:56.908172,PUBLISH,64fe7190de0a4be9a156459da2c16b85,68f2d95bd190740cfd6a4031,ENQUEUED,0.9317756650558223,questions_in
2025-10-28T23:13:57.118935,PUBLISH,2b88ec32dec545b888c1ad0343cd1c20,68f2d95bd190740cfd6a363a,ENQUEUED,0.20473825319507225,questions_in
2025-10-28T23:13:57.237477,PUBLISH,559ce114c2284f4db71b25d579c069bd,68f2d95bd190740cfd6a3cfe,ENQUEUED,0.11300452314031885,questions_in
2025-10-28T23:14:00.590626,PUBLISH,9da673f7b4e44406818441b897096d77,68f2d95bd190740cfd6a4081,ENQUEUED,3.3478259159692736,questions_in
2025-10-28T23:14:01.052126,PUBLISH,2b64c74f43674c5194ff8d78a24370d7,68f2d95bd190740cfd6a3f62,ENQUEUED,0.4596958771585748,questions_in
2025-10-28T23:14:02.490797,PUBLISH,cc8c20aefdb74662aff9bb78c7754ef6,68f2d95bd190740cfd6a2a02,ENQUEUED,1.4356016813677321,questions_in
2025-10-28T23:14:02.761755,PUBLISH,1cc27ab1b45948cfa3f3e10b5d99f0dc,68f2d95bd190740cfd6a2f9a,ENQUEUED,0.2676592796768066,questions_in
2025-10-28T23:14:03.250844,PUBLISH,1adbd7ef8f5943b3965adb09adbad336,68f2d95bd190740cfd6a3f43,ENQUEUED,0.4849009249648523,questions_in
2025-10-28T23:14:03.864763,PUBLISH,bf4ef26f35c441f09e426be995cf326c,68f2d95bd190740cfd6a2ed9,ENQUEUED,0.6078429015134387,questions_in
2025-10-28T23:14:03.946943,PUBLISH,6a120cdd32d0440c93654d01aff9ee7c,68f2d95bd190740cfd6a38ee,ENQUEUED,0.07434366483108804,questions_in
2025-10-28T23:14:04.007073,PUBLISH,7f12decd53ac4e8cbf6ae41f0cb2c587,68f2d95bd190740cfd6a3972,ENQUEUED,0.05613754259915656,questions_in
2025-10-28T23:14:04.837902,PUBLISH,3ee321b85ef244108051aeed18676cb9,68f2d95bd190740cfd6a1fab,ENQUEUED,0.8268986687279315,questions_in
2025-10-28T23:14:05.110790,PUBLISH,1d174945c7674f99953682c19bb8be7e,68f2d95bd190740cfd6a1f66,ENQUEUED,0.26702244993023616,questions_in
2025-10-28T23:14:05.997697,PUBLISH,7377cfdd97e04fc9961738676cdbebec,68f2d95bd190740cfd6a3f55,ENQUEUED,0.8836055603696246,questions_in
2025-10-28T23:14:06.171542,PUBLISH,8f81132c19f647fdb56a000eb4ffaddc,68f2d95bd190740cfd6a21ed,ENQUEUED,0.16919306971831818,questions_in
2025-10-28T23:14:06.309060,PUBLISH,3683ef0e849d420ea9f6565d55f36c40,68f2d95bd190740cfd6a1da7,ENQUEUED,0.13435243922368426,questions_in
2025-10-28T23:14:06.830338,PUBLISH,bed5c9dd37de49449cca50f0e7109826,68f2d95bd190740cfd6a2530,ENQUEUED,0.5191504828795938,questions_in
2025-10-28T23:14:09.192714,PUBLISH,fe7e29b7bbca40b2be31d95b9b5f8e1b,68f2d95bd190740cfd6a3077,ENQUEUED,2.3576903007185277,questions_in
2025-10-28T23:14:09.544134,PUBLISH,022c9cb806454dbf8587ed5e0b91fa6b,68f2d95bd190740cfd6a2d32,ENQUEUED,0.34381210801543666,questions_in
2025-10-28T23:14:11.062385,PUBLISH,d24acbbb70a24c679954f162118825ca,68f2d95bd190740cfd6a3654,ENQUEUED,1.5151347272888636,questions_in
2025-10-28T23:14:11.134945,PUBLISH,2cbe877a7b254f0282ce0f0d84c6286d,68f2d95bd190740cfd6a3f16,ENQUEUED,0.06952291964379896,questions_in
2025-10-28T23:14:11.959809,PUBLISH,d18ec0713bdb45909df5523bbbb7fce2,68f2d95bd190740cfd6a2106,ENQUEUED,0.8194197525930385,questions_in
2025-10-28T23:14:12.066148,PUBLISH,13484f87e4f64bc884a01b2b0ed6ea6e,68f2d95bd190740cfd6a288f,ENQUEUED,0.10059746458944106,questions_in
2025-10-28T23:14:12.093610,PUBLISH,8f86faaa10f3428fa2aa1f0e3699f59e,68f2d95bd190740cfd6a23a5,ENQUEUED,0.025224732389236785,questions_in
2025-10-28T23:14:12.108908,PUBLISH,7f12ae310600468487f90e478c0f6828,68f2d95bd190740cfd6a2620,ENQUEUED,0.013311151473325128,questions_in
2025-10-28T23:14:13.983026,PUBLISH,80844a6c724d475fa6aef0b9e333997e,68f2d95bd190740cfd6a2f7c,ENQUEUED,1.8715374417359298,questions_in
2025-10-28T23:14:16.226918,PUBLISH,4834b305b85042d0b44aeff72703b3e6,68f2d95bd190740cfd6a2204,ENQUEUED,2.2356820529662778,questions_in
2025-10-28T23:14:16.430476,PUBLISH,3b5a58c73bd7493784d9fecd823e608d,68f2d95bd190740cfd6a1d2e,ENQUEUED,0.19740504249612634,questions_in
2025-10-28T23:14:16.900165,PUBLISH,08dc029185154274beacd3638ee17d96,68f2d95bd190740cfd6a4031,ENQUEUED,0.4674814481181649,questions_in
2025-10-28T23:14:17.041963,PUBLISH,5b6228dba5fe4246b8ccfed297e5fc0f,68f2d95bd190740cfd6a2a5a,ENQUEUED,0.14033159808980242,questions_in
2025-10-28T23:14:18.449034,PUBLISH,a034f6c640dd47f18bca98ef91135e0c,68f2d95bd190740cfd6a41d9,ENQUEUED,1.3999630893228818,questions_in
2025-10-28T23:14:18.675601,PUBLISH,9f8b7af09519428892ba2a7efe4ac19b,68f2d95bd190740cfd6a3671,ENQUEUED,0.2207188124017663,questions_in
2025-10-28T23:14:19.352417,PUBLISH,42f0750fe0f942feb4a84f9744e02ea9,68f2d95bd190740cfd6a3bab,ENQUEUED,0.6746855283577223,questions_in
2025-10-28T23:14:20.317961,PUBLISH,f96e3e8e932b4451a8100b0eeed80b6e,68f2d95bd190740cfd6a3561,ENQUEUED,0.9638126982830846,questions_in
2025-10-28T23:14:20.363162,PUBLISH,885c5945e7594c6bba7b3c1904ce809b,68f2d95bd190740cfd6a3793,ENQUEUED,0.04376465586109816,questions_in
2025-10-28T23:14:21.230040,PUBLISH,ef75c2588aff41eea53974f2a2d4a186,68f2d95bd190740cfd6a3dcd,ENQUEUED,0.8602627552431698,questions_in
2025-10-28T23:14:21.243810,PUBLISH,f9ec24565b394a6c95a734d130e08acb,68f2d95bd190740cfd6a24f7,ENQUEUED,0.012207556716556841,questions_in
2025-10-28T23:14:21.728337,PUBLISH,de11a35021654c6ab2d8263241c84c4f,68f2d95bd190740cfd6a1cdc,ENQUEUED,0.478561232142611,questions_in
2025-10-28T23:14:21.750016,PUBLISH,9cdeb47accf14ce190eb4b4c6473ce77,68f2d95bd190740cfd6a2659,ENQUEUED,0.016085408747208124,questions_in
2025-10-28T23:14:23.228283,PUBLISH,3b030c7b62064af89148e0425c37597b,68f2d95bd190740cfd6a24c3,ENQUEUED,1.471196501911517,questions_in
2025-10-28T23:14:23.660733,PUBLISH,e161ba8ed38644818f87396b3ec725bd,68f2d95bd190740cfd6a34e4,ENQUEUED,0.4295912756843503,questions_in
2025-10-28T23:14:25.341055,PUBLISH,61b889f4ab7847b7aa07dba6b27d220b,68f2d95bd190740cfd6a325d,ENQUEUED,1.6740049654565015,questions_in
2025-10-28T23:14:26.386309,PUBLISH,9396fb48a981440ba24114cd1c24d16a,68f2d95bd190740cfd6a2da0,ENQUEUED,1.0423754274976784,questions_in
2025-10-28T23:14:27.590239,PUBLISH,15e8a49666f04e9484d38ae527191438,68f2d95bd190740cfd6a2da9,ENQUEUED,1.1973548029755232,questions_in
2025-10-28T23:14:28.820413,PUBLISH,2d18b6fc0aef4b258258f4120b82d7eb,68f2d95bd190740cfd6a1fc2,ENQUEUED,1.223908272674885,questions_in
2025-10-28T23:14:29.054694,PUBLISH,20265f7515e048c2b294190ab9524ccd,68f2d95bd190740cfd6a2c64,ENQUEUED,0.22878892146832938,questions_in
2025-10-28T23:14:29.605820,PUBLISH,2235952ac78c402f8da2eb7568390ca4,68f2d95bd190740cfd6a1ba0,ENQUEUED,0.5457505673398524,questions_in
2025-10-28T23:14:30.334854,PUBLISH,7c17a3ed9386456e997bc6b4a38c1eb4,68f2d95bd190740cfd6a348b,ENQUEUED,0.722854576140239,questions_in
2025-10-28T23:14:30.430840,PUBLISH,06964a939e1a40bbb334f2d160403056,68f2d95bd190740cfd6a1f6e,ENQUEUED,0.09055867631086824,questions_in
2025-10-28T23:14:30.719544,PUBLISH,f6e290cf5bd2453cbc94f6d0a32bf4ff,68f2d95bd190740cfd6a2fdb,ENQUEUED,0.2827939933314274,questions_in
2025-10-28T23:14:33.134121,PUBLISH,aae40c3de1614c2c9e855cc3a357ec42,68f2d95bd190740cfd6a200b,ENQUEUED,2.410941930154009,questions_in
2025-10-28T23:14:33.484065,PUBLISH,5efa25005f774c0a87c738582615cdd8,68f2d95bd190740cfd6a2b22,ENQUEUED,0.34325930354121353,questions_in
2025-10-28T23:14:33.570416,PUBLISH,636de51419ca4c1281ad757052b15557,68f2d95bd190740cfd6a3382,ENQUEUED,0.08088520342659117,questions_in
2025-10-28T23:14:33.680003,PUBLISH,284fc461056b48bcb1b3cc46c7545d5a,68f2d95bd190740cfd6a3cab,ENQUEUED,0.10439558626008456,questions_in
2025-10-28T23:14:33.772161,PUBLISH,9e2e5cb823ff430880213ed27c056eea,68f2d95bd190740cfd6a3dd0,ENQUEUED,0.08702785278132408,questions_in
2025-10-28T23:14:35.557888,PUBLISH,624d459330ab472884c84b9f4d30c130,68f2d95bd190740cfd6a1f45,ENQUEUED,1.778241190460985,questions_in
2025-10-28T23:14:35.570189,PUBLISH,e048dd8fbfd041c5b92138c9d7375608,68f2d95bd190740cfd6a34a7,ENQUEUED,0.006719460008287391,questions_in
2025-10-28T23:14:35.697188,PUBLISH,a0cf079ebcdc4e14b84d100585871486,68f2d95bd190740cfd6a1b0c,ENQUEUED,0.1212613395449783,questions_in
2025-10-28T23:14:35.705381,PUBLISH,16d3a20e62bc4f3aa7be5c9b610782f0,68f2d95bd190740cfd6a29c0,ENQUEUED,0.002687239746792917,questions_in
2025-10-28T23:14:37.332032,PUBLISH,9887d4ea4177476f93248884c4e97fdd,68f2d95bd190740cfd6a2530,ENQUEUED,1.619679702292008,questions_in
2025-10-28T23:14:40.351059,PUBLISH,3d7df6f8d2dd481784038bf24bfb9378,68f2d95bd190740cfd6a3528,ENQUEUED,3.0107272622321504,questions_in
2025-10-28T23:14:41.106786,PUBLISH,70e1d952512841419c5f73daea43585e,68f2d95bd190740cfd6a36d1,ENQUEUED,0.7528780022085969,questions_in
2025-10-28T23:14:41.273807,PUBLISH,c51ff586200c4b928a2fbaaadb6f9827,68f2d95bd190740cfd6a2f79,ENQUEUED,0.16219910131209037,questions_in
2025-10-28T23:14:42.780449,PUBLISH,c14de27979bc4875a951a1119aa906a9,68f2d95bd190740cfd6a233d,ENQUEUED,1.498737041275376,questions_in
2025-10-28T23:14:45.058914,PUBLISH,3ccd184f5e5f4e44b04ba293f0104e74,68f2d95bd190740cfd6a3201,ENQUEUED,2.271737927527926,questions_in
2025-10-28T23:14:46.492167,PUBLISH,aa0e82d42d8f4de9ade4da64e8a8264f,68f2d95bd190740cfd6a3769,ENQUEUED,1.4293179046939646,questions_in
2025-10-28T23:14:46.641730,PUBLISH,5c87630604d046acb70d20b2c1bd2684,68f2d95bd190740cfd6a3e08,ENQUEUED,0.14427914693864255,questions_in
2025-10-28T23:14:46.890496,PUBLISH,91d83d7b7d1545ef99d214b35f22192d,68f2d95bd190740cfd6a3465,ENQUEUED,0.2430808861690462,questions_in
2025-10-28T23:14:48.358555,PUBLISH,02ecf82df2e94d1099216ca2462682f6,68f2d95bd190740cfd6a413c,ENQUEUED,1.4636722659384274,questions_in
2025-10-28T23:14:49.974329,PUBLISH,9aee00879981454a854b3fa85b13d20c,68f2d95bd190740cfd6a4141,ENQUEUED,1.6102583401097827,questions_in
2025-10-28T23:14:51.303034,PUBLISH,c3ee50eb151d4507bfbd65c55c17c415,68f2d95bd190740cfd6a3cbd,ENQUEUED,1.3264798871661803,questions_in
2025-10-28T23:14:51.548816,PUBLISH,b75e3208a5d248d58fbd152b4acc993c,68f2d95bd190740cfd6a2f96,ENQUEUED,0.24380972672610832,questions_in
2025-10-28T23:14:52.366158,PUBLISH,03f954a4834c4995ac365a34a09536d8,68f2d95bd190740cfd6a2548,ENQUEUED,0.8107977848035012,questions_in
2025-10-28T23:14:52.933066,PUBLISH,458957b1f2914d5fb446daf467ac1053,68f2d95bd190740cfd6a3511,ENQUEUED,0.5646507385342269,questions_in
2025-10-28T23:14:54.971251,PUBLISH,a06cc099e55a471fbe2b3de5b182a880,68f2d95bd190740cfd6a1bf1,ENQUEUED,2.034677729457901,questions_in
2025-10-28T23:14:55.514818,PUBLISH,d8b7f0e6179346b6a273522914e18bec,68f2d95bd190740cfd6a3f26,ENQUEUED,0.5416741192770724,questions_in
2025-10-28T23:14:56.217231,PUBLISH,9e8387a8149947c98260316e53f59ccc,68f2d95bd190740cfd6a2414,ENQUEUED,0.6977329488316403,questions_in
2025-10-28T23:14:58.633217,PUBLISH,4d2eb988bebd47cfa8cc53f54079550c,68f2d95bd190740cfd6a3abe,ENQUEUED,2.4089093486967457,questions_in
2025-10-28T23:14:59.220989,PUBLISH,7f54ab90a0d44cbbbc0a6d3fd5cd0733,68f2d95bd190740cfd6a2756,ENQUEUED,0.5848937790643018,questions_in
2025-10-28T23:14:59.577389,PUBLISH,39065aa56b3145df9a99dfbf6880883e,68f2d95bd190740cfd6a252a,ENQUEUED,0.35158571003976286,questions_in
2025-10-28T23:15:03.697788,PUBLISH,b3acc3150d9c41daa793ea82fdcfa6a8,68f2d95bd190740cfd6a22af,ENQUEUED,4.113346282847881,questions_in
2025-10-28T23:15:04.528842,PUBLISH,11fc7caa8ba847e9a15d501d25b52363,68f2d95bd190740cfd6a366b,ENQUEUED,0.8246702366570896,questions_in
2025-10-28T23:15:05.132146,PUBLISH,ff8cdbeceaf24180b61eef93c303d117,68f2d95bd190740cfd6a34ee,ENQUEUED,0.5998607415158371,questions_in
2025-10-28T23:15:05.154515,PUBLISH,af50c986bc8542f9ad72243be1ffc5ab,68f2d95bd190740cfd6a3c93,ENQUEUED,0.02087457379975041,questions_in
2025-10-28T23:15:05.812213,PUBLISH,b6aa04300fb84259977970232eb25734,68f2d95bd190740cfd6a3fdb,ENQUEUED,0.6559140280450018,questions_in
2025-10-28T23:15:06.664639,PUBLISH,399c75987a5744cb802d59e602452601,68f2d95bd190740cfd6a3c66,ENQUEUED,0.8496380228649913,questions_in
2025-10-28T23:15:07.208391,PUBLISH,609ad2879e9e4c2fa08c677380624434,68f2d95bd190740cfd6a2a2f,ENQUEUED,0.5390682361297446,questions_in
2025-10-28T23:15:07.994199,PUBLISH,7692e11a9a174a219377bdf60877d82c,68f2d95bd190740cfd6a1f27,ENQUEUED,0.7825488254503022,questions_in
2025-10-28T23:15:08.034127,PUBLISH,3bc9c3ccb7284a1480d4a7288fbd5b40,68f2d95bd190740cfd6a3bb4,ENQUEUED,0.037646273936641904,questions_in
2025-10-28T23:15:09.178239,PUBLISH,f6900117973840f6ae2550629bd385d0,68f2d95bd190740cfd6a28d9,ENQUEUED,1.1345717698077065,questions_in
2025-10-28T23:15:09.394171,PUBLISH,269d4032dc1f4abaa1e64044428faad9,68f2d95bd190740cfd6a329b,ENQUEUED,0.21314471290648648,questions_in
2025-10-28T23:15:09.747896,PUBLISH,5ab526ef4d3e4a4fa9ecf8e3c924ef82,68f2d95bd190740cfd6a3fb9,ENQUEUED,0.35134827944786484,questions_in
2025-10-28T23:15:10.958567,PUBLISH,f85cdbcff68846368521c2042bf8d88a,68f2d95bd190740cfd6a372f,ENQUEUED,1.2045073414334815,questions_in
2025-10-28T23:15:11.029458,PUBLISH,9871fd0dc7164959bcbafe16de4757e2,68f2d95bd190740cfd6a279d,ENQUEUED,0.06760348214584644,questions_in
2025-10-28T23:15:13.085703,PUBLISH,84bb3185ce8b4634ab87877730d9b956,68f2d95bd190740cfd6a1cfc,ENQUEUED,2.0512507899502013,questions_in
2025-10-28T23:15:13.445810,PUBLISH,14903d5cdd6043f198a8f0e6977a9ba8,68f2d95bd190740cfd6a2183,ENQUEUED,0.3581868459824964,questions_in
2025-10-28T23:15:13.475121,PUBLISH,230bd56bc01e473ca9b4c3fcc343a2b6,68f2d95bd190740cfd6a1bc7,ENQUEUED,0.026182439775201776,questions_in
2025-10-28T23:15:15.285149,PUBLISH,452720c7075d454396877228fed6c2de,68f2d95bd190740cfd6a3ba1,ENQUEUED,1.8058683244194784,questions_in
2025-10-28T23:15:16.073259,PUBLISH,beea0c0e63364f18a2e3513574c3a64d,68f2d95bd190740cfd6a3f9d,ENQUEUED,0.7836187277969603,questions_in
2025-10-28T23:15:16.743839,PUBLISH,043ea02b35dd496c8a3c0ce851dcfc20,68f2d95bd190740cfd6a2c8e,ENQUEUED,0.6632247037390031,questions_in
2025-10-28T23:15:17.213250,PUBLISH,fe86d09cd7db4771b59bad9874eba2c4,68f2d95bd190740cfd6a1eb8,ENQUEUED,0.46712943868809403,questions_in
2025-10-28T23:15:17.229933,PUBLISH,d40b3e41e3a24f0d838c9fb19ff73f52,68f2d95bd190740cfd6a21c6,ENQUEUED,0.014196162189234402,questions_in
2025-10-28T23:15:17.519508,PUBLISH,da988da970834347ae7b023e38d42aa6,68f2d95bd190740cfd6a2e64,ENQUEUED,0.287540547838579,questions_in
2025-10-28T23:15:17.911423,PUBLISH,9dc4a8f7af194230add655d812237180,68f2d95bd190740cfd6a2897,ENQUEUED,0.3896696031485967,questions_in
2025-10-28T23:15:18.273121,PUBLISH,6fb3f4b934594a128a21327300cfac82,68f2d95bd190740cfd6a355a,ENQUEUED,0.35736538261058715,questions_in
2025-10-28T23:15:18.623594,PUBLISH,21e29cbca22649dba615320a240e390c,68f2d95bd190740cfd6a34fe,ENQUEUED,0.3455924918828622,questions_in
2025-10-28T23:15:18.647073,PUBLISH,76328d1dcd3642d58cf2ac0c3be85b34,68f2d95bd190740cfd6a292c,ENQUEUED,0.021373695907210524,questions_in
2025-10-28T23:15:19.851516,PUBLISH,763926a1066641cd857305bd190bf59f,68f2d95bd190740cfd6a3312,ENQUEUED,1.1998822235144682,questions_in
2025-10-28T23:15:20.724166,PUBLISH,af8030dc39524e82b9a8b8a6bfadb98e,68f2d95bd190740cfd6a2ae3,ENQUEUED,0.8679735002634673,questions_in
2025-10-28T23:15:21.260995,PUBLISH,4cc7339ae5a146b098c0392b506cded1,68f2d95bd190740cfd6a41a4,ENQUEUED,0.5340368613579366,questions_in
2025-10-28T23:15:21.524961,PUBLISH,4416b2cfff9548738c18736bf84d875d,68f2d95bd190740cfd6a36dc,ENQUEUED,0.2598653307227151,questions_in
2025-10-28T23:15:22.931795,PUBLISH,46c8fd0382c548b6b7632ea3aaaf6b66,68f2d95bd190740cfd6a20ce,ENQUEUED,1.4031904898872016,questions_in
2025-10-28T23:15:23.512816,PUBLISH,aa176799bd26408b99577bbc473f46cd,68f2d95bd190740cfd6a3646,ENQUEUED,0.5788986738744246,questions_in
2025-10-28T23:15:23.746052,PUBLISH,51803ead56754a9fab4aafbdf00f7237,68f2d95bd190740cfd6a3218,ENQUEUED,0.2309089081298071,questions_in
2025-10-28T23:15:24.273947,PUBLISH,336a6123d5db4ae09c77d055b450caf2,68f2d95bd190740cfd6a328c,ENQUEUED,0.5232028250899446,questions_in
2025-10-28T23:15:27.540482,PUBLISH,c55242375a2d4a769bbebbfe43992339,68f2d95bd190740cfd6a1bbc,ENQUEUED,3.2620768700261724,questions_in
2025-10-28T23:15:28.148002,PUBLISH,900d094dd6c24dc6b61107001a46fb9d,68f2d95bd190740cfd6a23a4,ENQUEUED,0.6048585850586207,questions_in
2025-10-28T23:15:29.413374,PUBLISH,acd0504f7123484786f5fa803ddaff03,68f2d95bd190740cfd6a3c06,ENQUEUED,1.2626082875787283,questions_in
2025-10-28T23:15:29.624891,PUBLISH,36ad2261eba943ffa1066026761f21dc,68f2d95bd190740cfd6a209c,ENQUEUED,0.20885589213979816,questions_in
2025-10-28T23:15:29.680269,PUBLISH,87854449ad9b4c0c80cef8059c9715b2,68f2d95bd190740cfd6a3b66,ENQUEUED,0.051541252852317095,questions_in
2025-10-28T23:15:29.905188,PUBLISH,eb1432591847476b80d106eab833ffde,68f2d95bd190740cfd6a30fc,ENQUEUED,0.2222859948386067,questions_in
2025-10-28T23:15:32.005561,PUBLISH,b9e3ede25d804f48842826bd84dc9411,68f2d95bd190740cfd6a2f5b,ENQUEUED,2.095462432494303,questions_in
2025-10-28T23:15:34.679331,PUBLISH,3e1da98f199148e696dbbc961e21352f,68f2d95bd190740cfd6a33d9,ENQUEUED,2.6685447615570617,questions_in
2025-10-28T23:15:35.544687,PUBLISH,23c34cfd63844d38b311fc23ee441b63,68f2d95bd190740cfd6a2971,ENQUEUED,0.8611870318664349,questions_in
2025-10-28T23:15:36.462835,PUBLISH,1f908583c02b493890a449d54d520c02,68f2d95bd190740cfd6a1f43,ENQUEUED,0.9158014814848467,questions_in
2025-10-28T23:15:36.596666,PUBLISH,e1380b0eaabe4b189273e37a0f0a43f6,68f2d95bd190740cfd6a1be0,ENQUEUED,0.13145556293038813,questions_in
2025-10-28T23:15:38.212967,PUBLISH,4df359dd452144d8a52048854799dc73,68f2d95bd190740cfd6a3533,ENQUEUED,1.6129817089712442,questions_in
2025-10-28T23:15:38.884210,PUBLISH,723e111ca11345a28d33e2304267693c,68f2d95bd190740cfd6a3c0f,ENQUEUED,0.6664042570312445,questions_in
2025-10-28T23:15:39.619714,PUBLISH,7abd862321534c2a98ce994679bf8d26,68f2d95bd190740cfd6a3495,ENQUEUED,0.7315097208470581,questions_in
2025-10-28T23:15:39.857769,PUBLISH,714daa56fe61492f8fb18419bac77548,68f2d95bd190740cfd6a27e2,ENQUEUED,0.23577600723716652,questions_in
2025-10-28T23:15:39.993612,PUBLISH,4580248c11044b63b2a4d553e48ee824,68f2d95bd190740cfd6a1e71,ENQUEUED,0.1338270958472418,questions_in
2025-10-28T23:15:41.360392,PUBLISH,cdfd0982c06c458da0c0944f28277765,68f2d95bd190740cfd6a3e97,ENQUEUED,1.3626372894996637,questions_in
2025-10-28T23:15:42.227145,PUBLISH,d6a11052d8834da29911577eabd37ea7,68f2d95bd190740cfd6a4155,ENQUEUED,0.86483284536253,questions_in
2025-10-28T23:15:42.893698,PUBLISH,c909b4a3be9645d5b057e539b0e6a1d3,68f2d95bd190740cfd6a3820,ENQUEUED,0.6626029868004589,questions_in
2025-10-28T23:15:43.106207,PUBLISH,834de2c68482421387a1b99156dcd02e,68f2d95bd190740cfd6a1c1c,ENQUEUED,0.20861379215271414,questions_in
2025-10-28T23:15:43.368159,PUBLISH,452886e040a342439c2b5208e4b9f1a1,68f2d95bd190740cfd6a1d94,ENQUEUED,0.2565793915162649,questions_in
2025-10-28T23:15:43.863228,PUBLISH,28c0e3c96f99486a9973b7547cb439a2,68f2d95bd190740cfd6a373f,ENQUEUED,0.4930542830872615,questions_in
2025-10-28T23:15:45.410386,PUBLISH,6b553998d74f47c09ead93311d10e2dd,68f2d95bd190740cfd6a2d15,ENQUEUED,1.5445857009007957,questions_in
2025-10-28T23:15:46.054795,PUBLISH,eefc2ef604194592a47cec2a2b62e54f,68f2d95bd190740cfd6a39ea,ENQUEUED,0.6412608208971241,questions_in
2025-10-28T23:15:46.192983,PUBLISH,679ec7be7ea64db79a9dc3a8b7bc7f9e,68f2d95bd190740cfd6a24c7,ENQUEUED,0.13413312909284794,questions_in
2025-10-28T23:15:46.802642,PUBLISH,b5e0b2be17604dfd9721ee717d609698,68f2d95bd190740cfd6a280c,ENQUEUED,0.6061159728003748,questions_in
2025-10-28T23:15:47.053158,PUBLISH,ca44fceee7234398ba43cc937665f74e,68f2d95bd190740cfd6a358d,ENQUEUED,0.2488096527431836,questions_in
2025-10-28T23:15:47.614078,PUBLISH,6e9d640630b843caa7b1c360f858b83e,68f2d95bd190740cfd6a414d,ENQUEUED,0.5543089233137471,questions_in
2025-10-28T23:15:48.504127,PUBLISH,77d3f8a646fe49b69e3f265b5a3026b2,68f2d95bd190740cfd6a1be3,ENQUEUED,0.8865614504861447,questions_in
2025-10-28T23:15:51.062850,PUBLISH,2a88aeec66494e6084a0826feb3c4bdc,68f2d95bd190740cfd6a33ac,ENQUEUED,2.554241329909987,questions_in
2025-10-28T23:15:51.405332,PUBLISH,642f424c77f047b9813a7320b6173299,68f2d95bd190740cfd6a26d7,ENQUEUED,0.33985129538198106,questions_in
2025-10-28T23:15:52.878017,PUBLISH,69db3a826693481da4724c368759ee98,68f2d95bd190740cfd6a1c7c,ENQUEUED,1.4659766721445167,questions_in
2025-10-28T23:15:52.955063,PUBLISH,60832719010c4c1b8bed63d1345a74a5,68f2d95bd190740cfd6a32c7,ENQUEUED,0.07439900751690147,questions_in
2025-10-28T23:15:53.307113,PUBLISH,a9edb2ad13414913a89b89a91add8820,68f2d95bd190740cfd6a2f25,ENQUEUED,0.34927013310535654,questions_in
2025-10-28T23:15:53.696750,PUBLISH,0f1d1e07b20246a89cea487fc9d97383,68f2d95bd190740cfd6a3bd4,ENQUEUED,0.38648677508088225,questions_in
2025-10-28T23:15:54.222437,PUBLISH,69a6c267279643a0bd1fcebe016beb41,68f2d95bd190740cfd6a3b48,ENQUEUED,0.5232261339777364,questions_in
2025-10-28T23:15:54.240382,PUBLISH,65dff2afb3bd4d0bbbdeb65278d357a3,68f2d95bd190740cfd6a20df,ENQUEUED,0.015845191041352794,questions_in
2025-10-28T23:15:54.326906,PUBLISH,4c0f5563020c4636af9d2a2a94affd42,68f2d95bd190740cfd6a2ba3,ENQUEUED,0.08471190123415095,questions_in
2025-10-28T23:15:54.908309,PUBLISH,4fc1586be74249588c38275a3a7415e9,68f2d95bd190740cfd6a3a7f,ENQUEUED,0.5781294272868778,questions_in
2025-10-28T23:15:55.893500,PUBLISH,282050dfd685415f922d8adedd84e123,68f2d95bd190740cfd6a3260,ENQUEUED,0.9824723848063375,questions_in
2025-10-28T23:15:56.052463,PUBLISH,48e669de20084473a26335260ab153cb,68f2d95bd190740cfd6a3152,ENQUEUED,0.15279384033378077,questions_in
2025-10-28T23:15:56.295305,PUBLISH,9a8d88ded4614f4b8b70079721d5ec2b,68f2d95bd190740cfd6a3ef8,ENQUEUED,0.2397865793839616,questions_in
2025-10-28T23:15:56.305518,PUBLISH,9643d8a4cbc341f999cb5d59957ff55d,68f2d95bd190740cfd6a35a0,ENQUEUED,0.0069348323745063375,questions_in
2025-10-28T23:15:56.639344,PUBLISH,7bafbe96ef3645508a3f7a52fe36e3e2,68f2d95bd190740cfd6a1f44,ENQUEUED,0.3229643912612579,questions_in
2025-10-28T23:15:57.681223,PUBLISH,85648bf33d2345c1a93ac3ef5e905828,68f2d95bd190740cfd6a4005,ENQUEUED,1.03803572299908,questions_in
2025-10-28T23:15:59.166277,PUBLISH,54f948b074c0440c8d588afded21a16f,68f2d95bd190740cfd6a313f,ENQUEUED,1.4781419778508023,questions_in
2025-10-28T23:15:59.941784,PUBLISH,a63903e428574f2bbef4fb235bebab11,68f2d95bd190740cfd6a2606,ENQUEUED,0.7728387260082167,questions_in
2025-10-28T23:16:00.618657,PUBLISH,3d667014bb6a474bb279af5c6def6c6e,68f2d95bd190740cfd6a2544,ENQUEUED,0.6733158712848315,questions_in
2025-10-28T23:16:01.507516,PUBLISH,b3a0e356b5e74ebea9b915d7481bdeeb,68f2d95bd190740cfd6a266b,ENQUEUED,0.8846355940718773,questions_in
2025-10-28T23:16:01.606364,PUBLISH,c8590787011147d2aea3b27ccfc1b133,68f2d95bd190740cfd6a3e77,ENQUEUED,0.0967840297624384,questions_in
2025-10-28T23:16:02.033943,PUBLISH,dc931da0797443ca851a05240535e6ea,68f2d95bd190740cfd6a34d6,ENQUEUED,0.42380610215964887,questions_in
2025-10-28T23:16:02.167322,PUBLISH,99ccebf63d6d4065a99a2618bdd08709,68f2d95bd190740cfd6a1cc3,ENQUEUED,0.13049690830494262,questions_in
2025-10-28T23:16:04.801401,PUBLISH,0044aa1c9df74756b2232a075a308d0b,68f2d95bd190740cfd6a282c,ENQUEUED,2.625466439792778,questions_in
2025-10-28T23:16:05.189995,PUBLISH,edb0fc877279491db05b4ab869d23d0c,68f2d95bd190740cfd6a2800,ENQUEUED,0.3860950900401627,questions_in
2025-10-28T23:16:06.550890,PUBLISH,3e0edc52349146e688eaf7a53fd5c6da,68f2d95bd190740cfd6a2079,ENQUEUED,1.352435547899706,questions_in
2025-10-28T23:16:08.951637,PUBLISH,cbc47dab2d944863b8e98135dc32a50e,68f2d95bd190740cfd6a3617,ENQUEUED,2.397033736788402,questions_in
2025-10-28T23:16:09.465967,PUBLISH,614e18bc9523456781e378ce46b4e39a,68f2d95bd190740cfd6a3f62,ENQUEUED,0.51227930532716,questions_in
2025-10-28T23:16:09.513710,PUBLISH,62901d9eec444a969aa7ad904d76d980,68f2d95bd190740cfd6a2508,ENQUEUED,0.044524140551948484,questions_in
2025-10-28T23:16:10.081437,PUBLISH,c3df844a4d734dd3a0b33691d9b40d7b,68f2d95bd190740cfd6a3333,ENQUEUED,0.5653202695354588,questions_in
2025-10-28T23:16:11.021093,PUBLISH,5d9931da8339403fac3ea9c6f0d44794,68f2d95bd190740cfd6a1f5a,ENQUEUED,0.937130839719393,questions_in
2025-10-28T23:16:11.056722,PUBLISH,eb2ecc96025b4b598d05172a26037469,68f2d95bd190740cfd6a3ad3,ENQUEUED,0.033534410467426196,questions_in
2025-10-28T23:16:11.681573,PUBLISH,4f097a8f7118463c83ef2ae978f7c7c8,68f2d95bd190740cfd6a1e9d,ENQUEUED,0.621975177792345,questions_in
2025-10-28T23:16:12.055228,PUBLISH,1c6d5b065efe47cb94609bc96f486795,68f2d95bd190740cfd6a38dc,ENQUEUED,0.37190723068934806,questions_in
2025-10-28T23:16:12.281002,PUBLISH,ed8f10e58e9c4b6198735ceb7834004c,68f2d95bd190740cfd6a2872,ENQUEUED,0.2231757154909992,questions_in
2025-10-28T23:16:12.299061,PUBLISH,3ccfc6420b044b87a48dc142eaf6ee62,68f2d95bd190740cfd6a2e12,ENQUEUED,0.01582057199893997,questions_in
2025-10-28T23:16:12.731956,PUBLISH,1acfd0c9accc44d088db1ab57580a292,68f2d95bd190740cfd6a32d2,ENQUEUED,0.43099436760582766,questions_in
2025-10-28T23:16:12.783286,PUBLISH,d3fa09b9e69a456e85d9f23ca3c72350,68f2d95bd190740cfd6a2cae,ENQUEUED,0.04951269465269122,questions_in
2025-10-28T23:16:13.156651,PUBLISH,35274d8f5ebe4447800d4dcdc47e391d,68f2d95bd190740cfd6a2713,ENQUEUED,0.36747051596164265,questions_in
2025-10-28T23:16:13.319278,PUBLISH,58bf0415f9ac47e0bc4b5e305f728d1c,68f2d95bd190740cfd6a3743,ENQUEUED,0.15932134045598217,questions_in
2025-10-28T23:16:15.063928,PUBLISH,5acfe72f23f44c62af4670307d59de42,68f2d95bd190740cfd6a3eb6,ENQUEUED,1.7405976377219836,questions_in
2025-10-28T23:16:16.485812,PUBLISH,03e85ee003424535b4f7840155e2923c,68f2d95bd190740cfd6a3ed8,ENQUEUED,1.4187745628778883,questions_in
2025-10-28T23:16:16.739440,PUBLISH,b1152d7dbe354fc782618224d7c0ab0e,68f2d95bd190740cfd6a29dd,ENQUEUED,0.250552894566498,questions_in
2025-10-28T23:16:16.829790,PUBLISH,573f4cf0c21042b79b63df914d0f3474,68f2d95bd190740cfd6a2ee7,ENQUEUED,0.08644166281774596,questions_in
2025-10-28T23:16:16.961159,PUBLISH,52088c79baeb4b0da7fd077c455a5913,68f2d95bd190740cfd6a24a8,ENQUEUED,0.1279000078576555,questions_in
2025-10-28T23:16:18.158679,PUBLISH,0e64408f3ccc43f2b9ae7c97ed19d85b,68f2d95bd190740cfd6a36f8,ENQUEUED,1.193398392017057,questions_in
2025-10-28T23:16:18.355416,PUBLISH,06273b182f7f492f9b3cafb9daa7f19b,68f2d95bd190740cfd6a4176,ENQUEUED,0.19498878590265015,questions_in
2025-10-28T23:16:19.194712,PUBLISH,34acb4a00a164583a2cc4d7ef8074a2c,68f2d95bd190740cfd6a2239,ENQUEUED,0.83611600097505,questions_in
2025-10-28T23:16:19.800320,PUBLISH,c6b6895435d14fa9aeb364dee04beb97,68f2d95bd190740cfd6a2b65,ENQUEUED,0.6024059881702014,questions_in
2025-10-28T23:16:19.905193,PUBLISH,bde48ed856d34fe7b5f7758f9e133eea,68f2d95bd190740cfd6a2914,ENQUEUED,0.10292575298207479,questions_in
2025-10-28T23:16:20.457042,PUBLISH,0734c14e574249d3a84e3cb46b2b1418,68f2d95bd190740cfd6a39c5,ENQUEUED,0.5488788044846608,questions_in
2025-10-28T23:16:20.952010,PUBLISH,938e81df68b24e60a9d081a42ee5479d,68f2d95bd190740cfd6a1d90,ENQUEUED,0.4911222351054318,questions_in
2025-10-28T23:16:21.403130,PUBLISH,ceb7e91280114c138f5d1b3d8dc803f9,68f2d95bd190740cfd6a1cf7,ENQUEUED,0.4485953569275068,questions_in
2025-10-28T23:16:21.495709,PUBLISH,dc7b19aa46f44ce8aad89a1462073dd0,68f2d95bd190740cfd6a3d5d,ENQUEUED,0.0886739705812515,questions_in
2025-10-28T23:16:21.602219,PUBLISH,24560dd6002b481f9eb7f11f297f1570,68f2d95bd190740cfd6a2937,ENQUEUED,0.10367689260821568,questions_in
2025-10-28T23:16:21.638596,PUBLISH,a24c001a1b29481ebfd72af5d47610b0,68f2d95bd190740cfd6a3a15,ENQUEUED,0.034660716727676254,questions_in
2025-10-28T23:16:22.265462,PUBLISH,a13a136de9c44832b418764f13cf2390,68f2d95bd190740cfd6a2003,ENQUEUED,0.6221575000313591,questions_in
2025-10-28T23:16:22.400069,PUBLISH,3581a3f0cfca49d2872994c5c645ca3e,68f2d95bd190740cfd6a3804,ENQUEUED,0.13182286309742533,questions_in
2025-10-28T23:16:23.169730,PUBLISH,61984a9c328b439b99ac84eebe7f1968,68f2d95bd190740cfd6a2ef0,ENQUEUED,0.7672810283792423,questions_in
2025-10-28T23:16:23.206445,PUBLISH,eeb8750754a44671bbc7edd0ca6c10f4,68f2d95bd190740cfd6a1ef0,ENQUEUED,0.03314688717884174,questions_in
2025-10-28T23:16:25.363832,PUBLISH,5c93c97ebc814863bdca436a9b2a0589,68f2d95bd190740cfd6a3d11,ENQUEUED,2.1494172816218473,questions_in
2025-10-28T23:16:25.517069,PUBLISH,fb84bb8b66d749ecbfd5e70d8f491c3a,68f2d95bd190740cfd6a1b3f,ENQUEUED,0.15084568293730896,questions_in
2025-10-28T23:16:26.526464,PUBLISH,53582b6563f1482e9eedd17a7c4ee79b,68f2d95bd190740cfd6a37fb,ENQUEUED,1.0054205147668005,questions_in
2025-10-28T23:16:27.194296,PUBLISH,d1c057be97604a4b860baebc617e35a5,68f2d95bd190740cfd6a3ce7,ENQUEUED,0.6621336572510085,questions_in
2025-10-28T23:16:27.647203,PUBLISH,49c134b4ffe146cb80f5869853defb5a,68f2d95bd190740cfd6a36b4,ENQUEUED,0.449312493000773,questions_in
2025-10-28T23:16:29.832306,PUBLISH,6a35037af9a340edaf036275e697346f,68f2d95bd190740cfd6a3722,ENQUEUED,2.1815064382304956,questions_in
2025-10-28T23:16:30.515943,PUBLISH,e8019744dc6c44f0a867814924466722,68f2d95bd190740cfd6a4040,ENQUEUED,0.6746357233199021,questions_in
2025-10-28T23:16:30.686415,PUBLISH,fec1a64b3537447fb69639160d7ef771,68f2d95bd190740cfd6a2978,ENQUEUED,0.1685114156005517,questions_in
2025-10-28T23:16:31.312520,PUBLISH,90fc2916499247d2915e2c1dfc4271cb,68f2d95bd190740cfd6a3eca,ENQUEUED,0.623151226163582,questions_in
2025-10-28T23:16:31.426414,PUBLISH,737f24cdd4674ff39e02bf5ca10e3e50,68f2d95bd190740cfd6a37c0,ENQUEUED,0.11073797011254043,questions_in
2025-10-28T23:16:31.776850,PUBLISH,f2d2350ca6494765b05b2a7759c8667d,68f2d95bd190740cfd6a3bee,ENQUEUED,0.3467596750379374,questions_in
2025-10-28T23:16:31.795291,PUBLISH,f7d6c5f03fe9453395d8da7a1993743e,68f2d95bd190740cfd6a33d2,ENQUEUED,0.014143730026959789,questions_in
2025-10-28T23:16:32.024254,PUBLISH,ee4d103a6d1540d5b2e896e7e2d1adb2,68f2d95bd190740cfd6a1c57,ENQUEUED,0.22490965592872555,questions_in
2025-10-28T23:16:32.402253,PUBLISH,e2cee5f1910c4c7f81447c790b7232fc,68f2d95bd190740cfd6a3815,ENQUEUED,0.3720492201468802,questions_in
2025-10-28T23:16:33.341046,PUBLISH,2a4ed9a4a448422c87d71284d62687bf,68f2d95bd190740cfd6a1e60,ENQUEUED,0.9327692186948013,questions_in
2025-10-28T23:16:34.183589,PUBLISH,37ca31d66afc4281bad3e55626b90dfd,68f2d95bd190740cfd6a414d,ENQUEUED,0.8404863744770142,questions_in
2025-10-28T23:16:35.633986,PUBLISH,37056bd713ce4aee964d09bf0069c683,68f2d95bd190740cfd6a3e96,ENQUEUED,1.4459560872122348,questions_in
2025-10-28T23:16:36.042016,PUBLISH,e113cd6110984b5b858f85502ed56752,68f2d95bd190740cfd6a3f68,ENQUEUED,0.4052212610863933,questions_in
2025-10-28T23:16:36.660975,PUBLISH,f1ef8426e3b941de9f70de6dfbeb5588,68f2d95bd190740cfd6a3d33,ENQUEUED,0.6151008049987782,questions_in
2025-10-28T23:16:36.722039,PUBLISH,47a7801c87d6446e95f867a981dce3fc,68f2d95bd190740cfd6a31a2,ENQUEUED,0.05774003105931508,questions_in
2025-10-28T23:16:36.961568,PUBLISH,8b742ecbd0854b6c85b1bc5f9609f2a2,68f2d95bd190740cfd6a33ad,ENQUEUED,0.23128956503473042,questions_in
2025-10-28T23:16:39.143432,PUBLISH,3ae8b00f466349fe9ce8a549c9dc4bc9,68f2d95bd190740cfd6a39cd,ENQUEUED,2.177764386294728,questions_in
2025-10-28T23:16:39.513034,PUBLISH,0846f5a8aa1f46698dc3bb3571ddfec1,68f2d95bd190740cfd6a1fb5,ENQUEUED,0.3604389049803361,questions_in
2025-10-28T23:16:39.820749,PUBLISH,18b70e38a9f644ab898d8b6df7d60ac1,68f2d95bd190740cfd6a3b9b,ENQUEUED,0.3017060860328005,questions_in
2025-10-28T23:16:42.462920,PUBLISH,d7cf8f55fe864453b7f7a67c8cb79007,68f2d95bd190740cfd6a2466,ENQUEUED,2.637543757067386,questions_in
2025-10-28T23:16:42.692055,PUBLISH,aac8811d6d3a48bbaa9ee3ba27f5dba7,68f2d95bd190740cfd6a3eef,ENQUEUED,0.2239796356117826,questions_in
2025-10-28T23:16:43.147581,PUBLISH,e29cf2e0979b4df99ba7fe8b51751574,68f2d95bd190740cfd6a2922,ENQUEUED,0.44974663286023947,questions_in
2025-10-28T23:16:43.198454,PUBLISH,5a9406b2436d4f8086a1d81247bbb24c,68f2d95bd190740cfd6a1db1,ENQUEUED,0.04885517778134705,questions_in
2025-10-28T23:16:43.669100,PUBLISH,0081f5b9189f40ac93b99b022bf25ba1,68f2d95bd190740cfd6a1db2,ENQUEUED,0.46359218173644806,questions_in
2025-10-28T23:16:43.682732,PUBLISH,ac8989b599194f26a41a764cfe293394,68f2d95bd190740cfd6a2ee9,ENQUEUED,0.007375288402771923,questions_in
2025-10-28T23:16:44.226322,PUBLISH,1f6501e73cd14e8a890cdd1f9d30dc73,68f2d95bd190740cfd6a3148,ENQUEUED,0.5374066440879156,questions_in
2025-10-28T23:16:49.453199,PUBLISH,aca7001452984e20a6dcf79e90479374,68f2d95bd190740cfd6a37fa,ENQUEUED,5.216558960060713,questions_in
2025-10-28T23:16:49.898074,PUBLISH,13119cc917a346d6961ea267b175c7a0,68f2d95bd190740cfd6a3e8c,ENQUEUED,0.4371021937259145,questions_in
2025-10-28T23:16:50.174357,PUBLISH,cad14b82c29f42baacca70c47fe86450,68f2d95bd190740cfd6a3a48,ENQUEUED,0.2701777466492431,questions_in
2025-10-28T23:16:50.931810,PUBLISH,ae6d1ca8841246f98e1f3ce30f3cd903,68f2d95bd190740cfd6a4088,ENQUEUED,0.7510025628964718,questions_in
2025-10-28T23:16:51.163936,PUBLISH,3cfe8b0de10e49199bd9e82b19dd634b,68f2d95bd190740cfd6a284d,ENQUEUED,0.22546016560757495,questions_in
2025-10-28T23:16:52.435915,PUBLISH,9b0305e09e1a4dc2a453ef0192305cba,68f2d95bd190740cfd6a2df1,ENQUEUED,1.2684816958221747,questions_in
2025-10-28T23:16:52.451484,PUBLISH,0625b38264b14a2ca783055159730acd,68f2d95bd190740cfd6a3fd7,ENQUEUED,0.01325436468180999,questions_in
2025-10-28T23:16:52.518395,PUBLISH,9dafe031108246bc9e7288047eb49708,68f2d95bd190740cfd6a2d04,ENQUEUED,0.06361981131324458,questions_in
2025-10-28T23:16:52.738146,PUBLISH,a8d1e860b34b4f2b91059ae67658af9a,68f2d95bd190740cfd6a3c29,ENQUEUED,0.21422921009705673,questions_in
2025-10-28T23:16:52.907693,PUBLISH,8f7a6aeaae514fa0ae0490c20d456f48,68f2d95bd190740cfd6a3421,ENQUEUED,0.16805258272197543,questions_in
2025-10-28T23:16:53.096331,PUBLISH,492bdf5c4d5b431fb5659ef26d5519e4,68f2d95bd190740cfd6a3c68,ENQUEUED,0.1830758330586663,questions_in
2025-10-28T23:16:54.588800,PUBLISH,bac65ce60dc644beacb07e327ce62d4e,68f2d95bd190740cfd6a400e,ENQUEUED,1.49065537099618,questions_in
2025-10-28T23:16:54.990277,PUBLISH,f624de8ee4fa486c83bff00950be0842,68f2d95bd190740cfd6a2c18,ENQUEUED,0.3950230325139537,questions_in
2025-10-28T23:16:55.569130,PUBLISH,47b462f67a3243f0a3b0002aac253216,68f2d95bd190740cfd6a2a34,ENQUEUED,0.573135879239764,questions_in
2025-10-28T23:16:55.678941,PUBLISH,bcd9a3b67f0844dca9e959c3b4749ee8,68f2d95bd190740cfd6a2219,ENQUEUED,0.10349877554234797,questions_in
2025-10-28T23:16:55.991701,PUBLISH,17eaa8034c2049e89df9a511073ae1b0,68f2d95bd190740cfd6a34a1,ENQUEUED,0.30715617829628467,questions_in
2025-10-28T23:16:56.079499,PUBLISH,d7793bca64014bac8c303edb6a671f7a,68f2d95bd190740cfd6a1dd7,ENQUEUED,0.08232199079037243,questions_in
2025-10-28T23:16:56.985656,PUBLISH,348357594424431f88fbf75108808bba,68f2d95bd190740cfd6a2a95,ENQUEUED,0.8999231226509781,questions_in
2025-10-28T23:16:57.402560,PUBLISH,e2bfc9cf1df64255ac0028a48e8d5827,68f2d95bd190740cfd6a382c,ENQUEUED,0.4110777700664552,questions_in
2025-10-28T23:16:58.363411,PUBLISH,6632623a364249918160e6888931362b,68f2d95bd190740cfd6a29d5,ENQUEUED,0.9545048451307796,questions_in
2025-10-28T23:16:59.606029,PUBLISH,b02616f7d14b48a8b9f241266813a874,68f2d95bd190740cfd6a28e8,ENQUEUED,1.2360314261290823,questions_in
2025-10-28T23:16:59.701722,PUBLISH,3d9c3a93debe4ca484e5aaafe8f1de80,68f2d95bd190740cfd6a3108,ENQUEUED,0.09016882179390563,questions_in
2025-10-28T23:17:00.434109,PUBLISH,538e34a392c14071b4e63f105aea22d0,68f2d95bd190740cfd6a22c5,ENQUEUED,0.7262097930166185,questions_in
2025-10-28T23:17:00.452420,PUBLISH,2d626da6ebea4ddea88834a9f1c3ffb6,68f2d95bd190740cfd6a3829,ENQUEUED,0.016091922468916258,questions_in
2025-10-28T23:17:00.532384,PUBLISH,89bc4c1825cc4f25b675abef31af0398,68f2d95bd190740cfd6a3f63,ENQUEUED,0.07465007066845326,questions_in
2025-10-28T23:17:00.891562,PUBLISH,c295df8b585b4134a9905fb3c53c6b96,68f2d95bd190740cfd6a2160,ENQUEUED,0.3536749599087297,questions_in
2025-10-28T23:17:03.445036,PUBLISH,78a4b2396333473ba576faf7aa00d64c,68f2d95bd190740cfd6a3d94,ENQUEUED,2.5457380352611994,questions_in
2025-10-28T23:17:04.325441,PUBLISH,bc570be69ed041f594b85e914d9ab4bf,68f2d95bd190740cfd6a2997,ENQUEUED,0.8742335583166582,questions_in
2025-10-28T23:17:04.625703,PUBLISH,d07954908ffd4a229f7faa298fcb63b1,68f2d95bd190740cfd6a333f,ENQUEUED,0.2945511864952006,questions_in
2025-10-28T23:17:04.635889,PUBLISH,0ed358e6d5a64783b318b2882b1be564,68f2d95bd190740cfd6a4160,ENQUEUED,0.0017806145242768223,questions_in
2025-10-28T23:17:05.206002,PUBLISH,3e66760159684b40a33df785a2524a93,68f2d95bd190740cfd6a2ae6,ENQUEUED,0.5681424705551719,questions_in
2025-10-28T23:17:05.287673,PUBLISH,a0fbefc7277d4bd5a332362849e6ca12,68f2d95bd190740cfd6a30b1,ENQUEUED,0.08035978856697122,questions_in
2025-10-28T23:17:05.466734,PUBLISH,dc330c2819344273955815d38c60d4dc,68f2d95bd190740cfd6a1bf6,ENQUEUED,0.17754667528175516,questions_in
2025-10-28T23:17:06.020943,PUBLISH,fb745b88f42b4f08932190b86c52207a,68f2d95bd190740cfd6a33dc,ENQUEUED,0.5479246792766662,questions_in
2025-10-28T23:17:06.248876,PUBLISH,3378152ee7714e3fa5da961bfea6ea5d,68f2d95bd190740cfd6a3902,ENQUEUED,0.22269603640672106,questions_in
2025-10-28T23:17:06.275663,PUBLISH,477cbd74728f4ec1a5073fa73f1fe70b,68f2d95bd190740cfd6a2e5f,ENQUEUED,0.021577780242595757,questions_in
2025-10-28T23:17:06.590043,PUBLISH,d63318be411c4f2f8ad4066c8bccbee3,68f2d95bd190740cfd6a3102,ENQUEUED,0.30814981147220194,questions_in
2025-10-28T23:17:07.733554,PUBLISH,9c67215a4b0f466fb9daa55142468dec,68f2d95bd190740cfd6a2966,ENQUEUED,1.1373016804909355,questions_in
2025-10-28T23:17:07.856958,PUBLISH,4d47073276254714bed074e1da010f3b,68f2d95bd190740cfd6a34fb,ENQUEUED,0.11786666367667674,questions_in
2025-10-28T23:17:08.454840,PUBLISH,b0f5fba603ee422a81bbcaf14383e11e,68f2d95bd190740cfd6a2c10,ENQUEUED,0.5917521684260697,questions_in
2025-10-28T23:17:08.927081,PUBLISH,a1f270a158284c5bab0f0a5230dc806a,68f2d95bd190740cfd6a3453,ENQUEUED,0.46656051181632296,questions_in
2025-10-28T23:17:10.108035,PUBLISH,67f5243938ed49e9846e660090b35be5,68f2d95bd190740cfd6a3e8d,ENQUEUED,1.1752671253946636,questions_in
2025-10-28T23:17:10.282974,PUBLISH,f6af1117814d47aabd348a2ce6dc0eb9,68f2d95bd190740cfd6a1b77,ENQUEUED,0.1695817567226328,questions_in
2025-10-28T23:17:10.546067,PUBLISH,3b66e9cf596a4656999850f7affb6f6e,68f2d95bd190740cfd6a3b52,ENQUEUED,0.2573575920710981,questions_in
2025-10-28T23:17:10.670702,PUBLISH,d9c8dd833d974c769e8ee841e4efe13b,68f2d95bd190740cfd6a21a4,ENQUEUED,0.11810545181246405,questions_in
2025-10-28T23:17:10.986516,PUBLISH,ee801078017948919e20c56b75a24a05,68f2d95bd190740cfd6a3ccd,ENQUEUED,0.30894759044533204,questions_in
2025-10-28T23:17:11.276134,PUBLISH,6b409768dfc04e94bdf497c5b87362c0,68f2d95bd190740cfd6a1c46,ENQUEUED,0.283944847907305,questions_in
2025-10-28T23:17:11.435918,PUBLISH,dd5eb2ce6f534d699f74604cc3373a3c,68f2d95bd190740cfd6a2a9e,ENQUEUED,0.1544792948466375,questions_in
2025-10-28T23:17:11.538667,PUBLISH,a3ffca38908a4bb5817a18d3a1e44630,68f2d95bd190740cfd6a36cb,ENQUEUED,0.09731141610838005,questions_in
2025-10-28T23:17:12.001899,PUBLISH,248789f1ef6e461d906ecc742cc447d8,68f2d95bd190740cfd6a367d,ENQUEUED,0.4564226305367121,questions_in
2025-10-28T23:17:12.027416,PUBLISH,e098b2b1bbe7424683bb1f5aa6b434f4,68f2d95bd190740cfd6a2585,ENQUEUED,0.0238531341759131,questions_in
2025-10-28T23:17:12.387921,PUBLISH,6d63978ebd994ac1ade868cec096039c,68f2d95bd190740cfd6a3bba,ENQUEUED,0.35231694055449525,questions_in
2025-10-28T23:17:13.204820,PUBLISH,466fa7ca28884612b94599a95e738c63,68f2d95bd190740cfd6a329c,ENQUEUED,0.8150759450372843,questions_in
2025-10-28T23:17:13.319915,PUBLISH,ab5b24222e5144f3a7112b41c8c1e02c,68f2d95bd190740cfd6a40c7,ENQUEUED,0.10903041847826485,questions_in
2025-10-28T23:17:13.438475,PUBLISH,1971ca91b2ef427db253f9cb3085a05f,68f2d95bd190740cfd6a2c10,ENQUEUED,0.11317774515183164,questions_in
2025-10-28T23:17:14.219863,PUBLISH,c133f416cdfd452b862088238e5e22c2,68f2d95bd190740cfd6a1dc1,ENQUEUED,0.7750196051063739,questions_in
2025-10-28T23:17:14.539494,PUBLISH,71c207f04bac4cffa23cc10da3a48a68,68f2d95bd190740cfd6a1f4f,ENQUEUED,0.3129326805000163,questions_in
2025-10-28T23:17:16.250582,PUBLISH,a751c39772614cb7abb7131193ef1003,68f2d95bd190740cfd6a1b20,ENQUEUED,1.7080087758255564,questions_in
2025-10-28T23:17:16.789079,PUBLISH,7f9d0e543e4948d997215d874da2c8e4,68f2d95bd190740cfd6a3885,ENQUEUED,0.5314831819447517,questions_in
2025-10-28T23:17:17.196384,PUBLISH,4bbb9db1a4f741108bce1f4dd73a2c1a,68f2d95bd190740cfd6a28cd,ENQUEUED,0.40117392054124396,questions_in
2025-10-28T23:17:17.510540,PUBLISH,45f1d7842ca24a49ba4b0245bc385a42,68f2d95bd190740cfd6a3b00,ENQUEUED,0.3040885006430813,questions_in
2025-10-28T23:17:17.528293,PUBLISH,aecd99be58b444f386d774ee54a8dc8a,68f2d95bd190740cfd6a1fb9,ENQUEUED,0.010561286352905564,questions_in
2025-10-28T23:17:19.938663,PUBLISH,66ca87dbb00d4136b43374441d8a9b52,68f2d95bd190740cfd6a247f,ENQUEUED,2.403791495805297,questions_in
2025-10-28T23:17:20.405197,PUBLISH,2475fa69fdf04548923808fa2f45d09b,68f2d95bd190740cfd6a412d,ENQUEUED,0.46093011051867244,questions_in
2025-10-28T23:17:21.435832,PUBLISH,503e5551ca3c4c57a8fae25680f4c97c,68f2d95bd190740cfd6a30ad,ENQUEUED,1.0284730551075765,questions_in
2025-10-28T23:17:21.657187,PUBLISH,fc0b5a60d44b49ebb1854a968e75f8ff,68f2d95bd190740cfd6a3959,ENQUEUED,0.21590049178531312,questions_in
2025-10-28T23:17:21.777823,PUBLISH,04c9fbc7b2d949fbaf0593ba88e75744,68f2d95bd190740cfd6a3d2f,ENQUEUED,0.11396632328846547,questions_in
2025-10-28T23:17:22.168887,PUBLISH,bfa677191f0d4a0a9b8d69cf53d5ea74,68f2d95bd190740cfd6a2f68,ENQUEUED,0.3845240364184044,questions_in
2025-10-28T23:17:22.452521,PUBLISH,b5a3a5baaadb4fa58d48c7e225b1cf4b,68f2d95bd190740cfd6a3d9d,ENQUEUED,0.27811949699709765,questions_in
2025-10-28T23:17:22.656063,PUBLISH,9cfb26abba9248f6aa191ab291dd3b57,68f2d95bd190740cfd6a328e,ENQUEUED,0.20183311671949353,questions_in
2025-10-28T23:17:23.642197,PUBLISH,87ab3422bc314602b54233fe3b731197,68f2d95bd190740cfd6a1ec4,ENQUEUED,0.9787180975463943,questions_in
2025-10-28T23:17:24.598521,PUBLISH,f3037db25a1c45499c0405a62f7a31fc,68f2d95bd190740cfd6a3f80,ENQUEUED,0.949828171109628,questions_in
2025-10-28T23:17:26.099933,PUBLISH,9c8a605e615141deabd810d0920f53a6,68f2d95bd190740cfd6a1c11,ENQUEUED,1.4971007905399543,questions_in
2025-10-28T23:17:26.674292,PUBLISH,f43e1246cc0c4b23a8c8efaee9f6e481,68f2d95bd190740cfd6a2515,ENQUEUED,0.5683085720807831,questions_in
2025-10-28T23:17:28.133327,PUBLISH,36c3b7e701f74cf5bf66bcdcc56c2051,68f2d95bd190740cfd6a1d93,ENQUEUED,1.4511823351056359,questions_in
2025-10-28T23:17:28.504784,PUBLISH,bd7ecee4ff1c46d79f88cd8d8a57f383,68f2d95bd190740cfd6a3b65,ENQUEUED,0.363791555907635,questions_in
2025-10-28T23:17:28.655562,PUBLISH,fb7cd966e5084a93846f39bc2d0950e8,68f2d95bd190740cfd6a41bd,ENQUEUED,0.14538348428341893,questions_in
2025-10-28T23:17:29.679430,PUBLISH,87fe60fe415d47fcaa10f3d370c803e6,68f2d95bd190740cfd6a1e86,ENQUEUED,1.0170585081999113,questions_in
2025-10-28T23:17:29.871491,PUBLISH,b110deb9929048b3a89028fdc663df0f,68f2d95bd190740cfd6a2c8c,ENQUEUED,0.1864982342520223,questions_in
2025-10-28T23:17:30.800337,PUBLISH,7bbab197903d40bdbb1956b6f2812fcb,68f2d95bd190740cfd6a370a,ENQUEUED,0.9230738565819153,questions_in
2025-10-28T23:17:31.761301,PUBLISH,3e1a50dfc0a04e5a96cb3acc4ddabe3b,68f2d95bd190740cfd6a2ef5,ENQUEUED,0.9543132753789442,questions_in
2025-10-28T23:17:31.849790,PUBLISH,5c5f0512c70742f3a49431b5b98377ee,68f2d95bd190740cfd6a2632,ENQUEUED,0.0825407623367382,questions_in
2025-10-28T23:17:32.033517,PUBLISH,5e3e5d1b5c014f78a6bdff6e41f0dfff,68f2d95bd190740cfd6a3dd2,ENQUEUED,0.17797712409289454,questions_in
2025-10-28T23:17:32.039186,PUBLISH,347c3a7e41cf48159c6423d473e6951f,68f2d95bd190740cfd6a3139,ENQUEUED,0.00015324559121716497,questions_in
2025-10-28T23:17:32.935048,PUBLISH,30302467c32846e19f295a2e8f571996,68f2d95bd190740cfd6a3158,ENQUEUED,0.8900173837760582,questions_in
2025-10-28T23:17:33.316354,PUBLISH,8b5720cca3644ec5aa833c4438bfb4b0,68f2d95bd190740cfd6a3bff,ENQUEUED,0.3751587491109391,questions_in
2025-10-28T23:17:33.979112,PUBLISH,b938b8b839744bac9c8a7c422c6245e5,68f2d95bd190740cfd6a2f0b,ENQUEUED,0.6566845136003947,questions_in
2025-10-28T23:17:34.423957,PUBLISH,b688f4585d8b4691bfc464b3a3e51888,68f2d95bd190740cfd6a2de5,ENQUEUED,0.4409676382203931,questions_in
2025-10-28T23:17:35.149165,PUBLISH,d1589910ceff4f7ebdcf57ad6d3e53b8,68f2d95bd190740cfd6a35c5,ENQUEUED,0.7190091348093895,questions_in
2025-10-28T23:17:36.044923,PUBLISH,b389629442f148c38dcce9c747d49f5b,68f2d95bd190740cfd6a3417,ENQUEUED,0.8889905328424815,questions_in
2025-10-28T23:17:37.630917,PUBLISH,bc58ec765b834eb38ce8b5a6dbb91503,68f2d95bd190740cfd6a2f85,ENQUEUED,1.580048561007844,questions_in
2025-10-28T23:17:40.590017,PUBLISH,c20f44c42c104037afab6a3245fda9a8,68f2d95bd190740cfd6a357f,ENQUEUED,2.9514003926690187,questions_in
2025-10-28T23:17:42.522749,PUBLISH,22cae645698243ea96f936734c503bf1,68f2d95bd190740cfd6a2ad3,ENQUEUED,1.9262125811712616,questions_in
2025-10-28T23:17:43.163729,PUBLISH,5382e704dae44073ad60e6149d527a8c,68f2d95bd190740cfd6a28e1,ENQUEUED,0.6352529908092553,questions_in
2025-10-28T23:17:43.736394,PUBLISH,166d7736e09e45c0bf5f3f4a5bdc51d3,68f2d95bd190740cfd6a3448,ENQUEUED,0.5666320296180302,questions_in
2025-10-28T23:17:43.834284,PUBLISH,80f421d343904730abef38dace8b0a26,68f2d95bd190740cfd6a3454,ENQUEUED,0.09212406970764321,questions_in
2025-10-28T23:17:44.142087,PUBLISH,7be0cd90808a4e9f97e0d7cd8e69827b,68f2d95bd190740cfd6a39e6,ENQUEUED,0.30487648363400444,questions_in
2025-10-28T23:17:44.332412,PUBLISH,f7698ebb602f43b2ab7ef195ca140c1c,68f2d95bd190740cfd6a3691,ENQUEUED,0.18491238389335599,questions_in
2025-10-28T23:17:44.938075,PUBLISH,57734c36d3c64189a6e43611b3129bc4,68f2d95bd190740cfd6a319e,ENQUEUED,0.5995493025543186,questions_in
2025-10-28T23:17:45.182693,PUBLISH,de78268ccdb84d71a7b01fe7533df664,68f2d95bd190740cfd6a3d15,ENQUEUED,0.23898801519453974,questions_in
2025-10-28T23:17:45.867425,PUBLISH,62ca9e25d60b4fce9a8f12b3fe66d117,68f2d95bd190740cfd6a22bd,ENQUEUED,0.6784073829126802,questions_in
2025-10-28T23:17:46.356472,PUBLISH,490dd9276eca408fa05c1f69d2ccfa84,68f2d95bd190740cfd6a339a,ENQUEUED,0.48231419619967175,questions_in
2025-10-28T23:17:47.239042,PUBLISH,fdec3bccacd54bba8e59ffb8f54560d2,68f2d95bd190740cfd6a2b4d,ENQUEUED,0.8802982753118554,questions_in
2025-10-28T23:17:47.866551,PUBLISH,71b8098170d041c4bb6406e2421c3765,68f2d95bd190740cfd6a1e8b,ENQUEUED,0.6240419945352579,questions_in
2025-10-28T23:17:48.598100,PUBLISH,8a92bb219df84b3a919d5d94c8a4cd7f,68f2d95bd190740cfd6a1ca1,ENQUEUED,0.7283109228453867,questions_in
2025-10-28T23:17:49.101734,PUBLISH,1cbe23ec258448b88359e792c560e1fa,68f2d95bd190740cfd6a358a,ENQUEUED,0.4967402266921855,questions_in
2025-10-28T23:17:49.863517,PUBLISH,720e60d7e30a4634a928c4d7c64a9ed4,68f2d95bd190740cfd6a3ea3,ENQUEUED,0.7551951524486592,questions_in
2025-10-28T23:17:50.181380,PUBLISH,ec872f04fc1c4465b403b6480118bbc7,68f2d95bd190740cfd6a1c96,ENQUEUED,0.3119603286875777,questions_in
2025-10-28T23:17:50.563506,PUBLISH,f3c13af5e5cd4cc38370df7d4a6e9d73,68f2d95bd190740cfd6a2e1b,ENQUEUED,0.3763208275834414,questions_in
2025-10-28T23:17:51.197156,PUBLISH,97a297ff33514819ac4eb9f3e5216521,68f2d95bd190740cfd6a3aaf,ENQUEUED,0.6279330619065381,questions_in
2025-10-28T23:17:51.814833,PUBLISH,c92ae36aea7f4add8768e58828d3cdd1,68f2d95bd190740cfd6a1e5a,ENQUEUED,0.6118673331138614,questions_in
2025-10-28T23:17:51.863373,PUBLISH,752a57b5b0744a31a070608440ce10a9,68f2d95bd190740cfd6a3a3d,ENQUEUED,0.04587795783057455,questions_in
2025-10-28T23:17:51.973877,PUBLISH,b87bb0c1f3534dd0a50670278a21432c,68f2d95bd190740cfd6a2d55,ENQUEUED,0.10517608873236804,questions_in
2025-10-28T23:17:53.466885,PUBLISH,9f61e18088044b5bb5d8832f89e85b54,68f2d95bd190740cfd6a33d9,ENQUEUED,1.4907625087643093,questions_in
2025-10-28T23:17:53.668907,PUBLISH,4f42386572344ac0a190e27c2c2cdb36,68f2d95bd190740cfd6a3d41,ENQUEUED,0.19639744238931478,questions_in
2025-10-28T23:17:53.975094,PUBLISH,c0f3d404cd014247ae8456056b623577,68f2d95bd190740cfd6a1e0c,ENQUEUED,0.3029290167788262,questions_in
2025-10-28T23:17:54.086871,PUBLISH,7f76fbda019444e8b6c58dadfad71293,68f2d95bd190740cfd6a220e,ENQUEUED,0.10565436295030915,questions_in
2025-10-28T23:17:54.184561,PUBLISH,404bbb618deb40f3bbc1882327e0a4c5,68f2d95bd190740cfd6a4106,ENQUEUED,0.09165191896939871,questions_in
2025-10-28T23:17:54.302804,PUBLISH,b373aed57c694319a7fd581db79a6562,68f2d95bd190740cfd6a1d38,ENQUEUED,0.11262580573080018,questions_in
2025-10-28T23:17:55.014218,PUBLISH,16e5210e05bc4fdcb6708b1e55ebff05,68f2d95bd190740cfd6a1afb,ENQUEUED,0.7093476254906456,questions_in
2025-10-28T23:17:55.818901,PUBLISH,c8950c17a5404116b704ae867e7cb7ef,68f2d95bd190740cfd6a3513,ENQUEUED,0.798940690680516,questions_in
2025-10-28T23:17:56.017830,PUBLISH,bdd547e6a9cd4fcaac60f3ed34b7f1a8,68f2d95bd190740cfd6a1bd7,ENQUEUED,0.19332065029158688,questions_in
2025-10-28T23:17:56.237551,PUBLISH,e4609d4e53624b59ba6e7b8100e8b770,68f2d95bd190740cfd6a21cf,ENQUEUED,0.2133024115993046,questions_in
2025-10-28T23:17:57.338792,PUBLISH,86e85d2002e745abbbd3613f8908390d,68f2d95bd190740cfd6a4003,ENQUEUED,1.093920632270933,questions_in
2025-10-28T23:17:57.812118,PUBLISH,e24a4a49260241348842d9a8e5304416,68f2d95bd190740cfd6a37f7,ENQUEUED,0.4678906024482848,questions_in
2025-10-28T23:17:59.791838,PUBLISH,5e2db83c1a30417482aadc3f358badee,68f2d95bd190740cfd6a2a6c,ENQUEUED,1.9734757277735184,questions_in
2025-10-28T23:18:00.574343,PUBLISH,b01a97234ebb4792af0ddd71020575fd,68f2d95bd190740cfd6a30e3,ENQUEUED,0.777118833068117,questions_in
2025-10-28T23:18:01.368962,PUBLISH,ea2c5aa061384c0da2e62d780c009740,68f2d95bd190740cfd6a3496,ENQUEUED,0.7888202068249998,questions_in
2025-10-28T23:18:01.749844,PUBLISH,928605768e5f475abe9dd94b9b7f72f6,68f2d95bd190740cfd6a1d6f,ENQUEUED,0.37549067083287957,questions_in
2025-10-28T23:18:02.367725,PUBLISH,2187aebef4f14929ac75ceef6f3d0fd2,68f2d95bd190740cfd6a29a9,ENQUEUED,0.6123560253370631,questions_in
2025-10-28T23:18:02.471695,PUBLISH,fe60ab027fa04fbe8dedb09766c915fa,68f2d95bd190740cfd6a3989,ENQUEUED,0.09893714647973641,questions_in
2025-10-28T23:18:03.028163,PUBLISH,595fdff7f73a4c6389276619a0953424,68f2d95bd190740cfd6a243c,ENQUEUED,0.5538103844371779,questions_in
2025-10-28T23:18:03.517759,PUBLISH,3142d5e4d65a4550aca52a82bad6c54b,68f2d95bd190740cfd6a3121,ENQUEUED,0.4876717769381009,questions_in
2025-10-28T23:18:03.683748,PUBLISH,7a669c68fbf44baaa5ad61a0edbb7114,68f2d95bd190740cfd6a40e5,ENQUEUED,0.15873682515783685,questions_in
2025-10-28T23:18:04.078701,PUBLISH,fd49014f0b514c68a456d4d60fd40f14,68f2d95bd190740cfd6a3300,ENQUEUED,0.38864029091051283,questions_in
2025-10-28T23:18:04.271593,PUBLISH,29716ff6f7aa4c6a88a4aa220d8c6c51,68f2d95bd190740cfd6a3408,ENQUEUED,0.19063166309962506,questions_in
2025-10-28T23:18:04.301851,PUBLISH,ca87d19140a64ebeb35e2abf02774554,68f2d95bd190740cfd6a1dd5,ENQUEUED,0.027497357533528496,questions_in
2025-10-28T23:18:05.686254,PUBLISH,5a4f8f15d6be432082ba606b75cb62be,68f2d95bd190740cfd6a36b6,ENQUEUED,1.3781411723270864,questions_in
2025-10-28T23:18:08.139356,PUBLISH,54f67b93b7974e6e88090ab26a6ac165,68f2d95bd190740cfd6a24a4,ENQUEUED,2.445187121421275,questions_in
2025-10-28T23:18:08.693728,PUBLISH,d12679f6c00149849236e7cc8796ff69,68f2d95bd190740cfd6a1d70,ENQUEUED,0.5491650445556407,questions_in
2025-10-28T23:18:09.146962,PUBLISH,f199a27ae99a4b57b73ff76c2fe06930,68f2d95bd190740cfd6a3300,ENQUEUED,0.4471159594917991,questions_in
2025-10-28T23:18:09.208860,PUBLISH,bebc3639b36f41a9a838aaf38d4d1884,68f2d95bd190740cfd6a1c7c,ENQUEUED,0.05707129749635939,questions_in
2025-10-28T23:18:09.612371,PUBLISH,aad4ebf6766a4c5ea1e13428afea8477,68f2d95bd190740cfd6a3e1b,ENQUEUED,0.40171877787429705,questions_in
2025-10-28T23:18:09.682994,PUBLISH,519fbe443fd843578b089dd3b081d74a,68f2d95bd190740cfd6a244b,ENQUEUED,0.06881419959432065,questions_in
2025-10-28T23:18:10.105006,PUBLISH,3bf8c9de880240619a83c1348c5aac3d,68f2d95bd190740cfd6a2f80,ENQUEUED,0.4164418033682819,questions_in
2025-10-28T23:18:10.138067,PUBLISH,c18938a1df8c4121b861c86c21f86eb3,68f2d95bd190740cfd6a3b89,ENQUEUED,0.030606670947370004,questions_in
2025-10-28T23:18:10.271818,PUBLISH,7f9f6c573c39474eb1b7b6909f7a603a,68f2d95bd190740cfd6a3b09,ENQUEUED,0.1248042151290119,questions_in
2025-10-28T23:18:10.289103,PUBLISH,704c8f632d064158aaa23eab05e07ab3,68f2d95bd190740cfd6a1e9b,ENQUEUED,0.011656950407925604,questions_in
2025-10-28T23:18:10.431957,PUBLISH,374969e8a395455d84ddb632687e1a33,68f2d95bd190740cfd6a21fa,ENQUEUED,0.1371424700845868,questions_in
2025-10-28T23:18:11.936136,PUBLISH,60ac68a257fa466d983e40c5a69272b1,68f2d95bd190740cfd6a2147,ENQUEUED,1.4970176064466323,questions_in
2025-10-28T23:18:12.256045,PUBLISH,037502e797c34e0f957391db586bab88,68f2d95bd190740cfd6a30d1,ENQUEUED,0.3130341462386746,questions_in
2025-10-28T23:18:12.373236,PUBLISH,e47133bad44c43b9b82782bd319b81bf,68f2d95bd190740cfd6a3f25,ENQUEUED,0.11028749330427602,questions_in
2025-10-28T23:18:13.532712,PUBLISH,ce6ebe97ed7349ce816f946b08df5152,68f2d95bd190740cfd6a2579,ENQUEUED,1.1557582145161793,questions_in
2025-10-28T23:18:13.782141,PUBLISH,7e4bc8d0b3fb41e095afec8b035d8765,68f2d95bd190740cfd6a1c37,ENQUEUED,0.24389907142534062,questions_in
2025-10-28T23:18:14.182230,PUBLISH,2bdf2c079dac4ac590d85fa53b2fe6d6,68f2d95bd190740cfd6a1cf4,ENQUEUED,0.39407544850097853,questions_in
2025-10-28T23:18:14.934761,PUBLISH,7bccfcabc0ea4400a7001ccebeac23bc,68f2d95bd190740cfd6a333b,ENQUEUED,0.7469423783097621,questions_in
2025-10-28T23:18:15.778836,PUBLISH,907a7e9a986f4483b0ce43c8affb8b1e,68f2d95bd190740cfd6a1f4e,ENQUEUED,0.8376369918055806,questions_in
2025-10-28T23:18:16.073667,PUBLISH,9f0dddcf22db4c758f35d467cb03e9f9,68f2d95bd190740cfd6a3f66,ENQUEUED,0.2878063118694795,questions_in
2025-10-28T23:18:16.259583,PUBLISH,38bcc4c917574036b16d6269c86ae676,68f2d95bd190740cfd6a2d5d,ENQUEUED,0.18085535626027394,questions_in
2025-10-28T23:18:16.447418,PUBLISH,73d186ae8db54a7db10d29a61d0939ef,68f2d95bd190740cfd6a2170,ENQUEUED,0.18123699835510498,questions_in
2025-10-28T23:18:17.770428,PUBLISH,40c15dd6753949028cb93f9914ac1c33,68f2d95bd190740cfd6a2663,ENQUEUED,1.3158279477358674,questions_in
2025-10-28T23:18:19.581555,PUBLISH,fd964b45f0be49c3b362de449ee700cf,68f2d95bd190740cfd6a344d,ENQUEUED,1.8037239846791728,questions_in
2025-10-28T23:18:19.675954,PUBLISH,1630196b71f34f55b7378004d4f9976f,68f2d95bd190740cfd6a328f,ENQUEUED,0.08930699945090598,questions_in
2025-10-28T23:18:20.794831,PUBLISH,f5c0a06bf6744c489ba43127f66fbd88,68f2d95bd190740cfd6a2614,ENQUEUED,1.1125517871106732,questions_in
2025-10-28T23:18:21.296386,PUBLISH,a7c2c6efe0624c0986ac0af704491492,68f2d95bd190740cfd6a2971,ENQUEUED,0.49479174213680005,questions_in
2025-10-28T23:18:21.349988,PUBLISH,678a70e626944ad2a287ebd843e0a929,68f2d95bd190740cfd6a2ef5,ENQUEUED,0.05019099029860863,questions_in
2025-10-28T23:18:21.420909,PUBLISH,c3cd0ec3504c4e879b11fb8dcbcb6f7b,68f2d95bd190740cfd6a397a,ENQUEUED,0.06579019041085933,questions_in
2025-10-28T23:18:22.078073,PUBLISH,e3fb4c4c2c6642c2aac84c40dfcf18db,68f2d95bd190740cfd6a20a8,ENQUEUED,0.6515557041049796,questions_in
2025-10-28T23:18:22.137605,PUBLISH,5424affbd3974364b5b991240bf17f18,68f2d95bd190740cfd6a2303,ENQUEUED,0.053670471349668965,questions_in
2025-10-28T23:18:22.414375,PUBLISH,8bf1619ac8634b759a77b090a7fda03d,68f2d95bd190740cfd6a237c,ENQUEUED,0.2750206326070984,questions_in
2025-10-28T23:18:22.606890,PUBLISH,98dce2fca9db47529dedd9fa3f09b091,68f2d95bd190740cfd6a3608,ENQUEUED,0.19085770770392016,questions_in
2025-10-28T23:18:25.471898,PUBLISH,c959fc9a168446d5acb75819e55e882e,68f2d95bd190740cfd6a3ae7,ENQUEUED,2.8571844975991794,questions_in
2025-10-28T23:18:25.896743,PUBLISH,d1d5c8cdfe9344968b3ec38d6edf1b62,68f2d95bd190740cfd6a3758,ENQUEUED,0.4190270948954611,questions_in
2025-10-28T23:18:26.216654,PUBLISH,98a131260fc1470992f20ce8ec3ec1ed,68f2d95bd190740cfd6a2146,ENQUEUED,0.31211132813623305,questions_in
2025-10-28T23:18:29.536797,PUBLISH,f0c491ac8571497ca9318a8a8eeca006,68f2d95bd190740cfd6a3c9e,ENQUEUED,3.3155336304968954,questions_in
2025-10-28T23:18:30.294791,PUBLISH,4622ced1d5ca493cbac05cf03943e60c,68f2d95bd190740cfd6a3bc5,ENQUEUED,0.7553629609652835,questions_in
2025-10-28T23:18:30.944148,PUBLISH,d66009c24a674521b6494705bc3dba73,68f2d95bd190740cfd6a2327,ENQUEUED,0.646358857466737,questions_in
2025-10-28T23:18:31.620145,PUBLISH,f738181223f748c4a7b4d4630ab86452,68f2d95bd190740cfd6a3081,ENQUEUED,0.66748248090708,questions_in
2025-10-28T23:18:32.517297,PUBLISH,5f3dd49484ca4700bf30888a1e8f698c,68f2d95bd190740cfd6a2629,ENQUEUED,0.8922662670844357,questions_in
2025-10-28T23:18:33.595604,PUBLISH,e0031eb4c53f4aaca207726a84c56409,68f2d95bd190740cfd6a39a5,ENQUEUED,1.0714548570582434,questions_in
2025-10-28T23:18:33.715791,PUBLISH,ed1b19dc73144a04a6aa2ae56da664ae,68f2d95bd190740cfd6a298c,ENQUEUED,0.1129119983368927,questions_in
2025-10-28T23:18:34.686514,PUBLISH,0e421ee701a74332abe13d3d8b0a5d26,68f2d95bd190740cfd6a26b3,ENQUEUED,0.9668770110425097,questions_in
2025-10-28T23:18:35.285053,PUBLISH,39b1bcaf294d4dce9b4dd92ca73ca05e,68f2d95bd190740cfd6a4111,ENQUEUED,0.5959666125427261,questions_in
2025-10-28T23:18:35.497329,PUBLISH,829614513a1345d2b238951591b6cf6a,68f2d95bd190740cfd6a2823,ENQUEUED,0.20914712378486688,questions_in
2025-10-28T23:18:35.882771,PUBLISH,29f51115ad4544ecb30a0941bb07644e,68f2d95bd190740cfd6a2547,ENQUEUED,0.38086670172504095,questions_in
2025-10-28T23:18:35.907784,PUBLISH,6b304f9e383241f3ae425480c3556ec7,68f2d95bd190740cfd6a352a,ENQUEUED,0.021506957615824066,questions_in
2025-10-28T23:18:36.549537,PUBLISH,0c1eae21c515479c8116ba537c8e8421,68f2d95bd190740cfd6a1af9,ENQUEUED,0.6369192135815559,questions_in
2025-10-28T23:18:37.588830,PUBLISH,7c6ae7b9ad074f6ba19ab5b2dafbd4d7,68f2d95bd190740cfd6a3379,ENQUEUED,1.036627480997295,questions_in
2025-10-28T23:18:39.416098,PUBLISH,0b27c296a7c84a8a9639eb748e6043d0,68f2d95bd190740cfd6a2c8e,ENQUEUED,1.8211345453000423,questions_in
2025-10-28T23:18:40.320012,PUBLISH,c2b032563b194575a551d0152edf46c9,68f2d95bd190740cfd6a31d1,ENQUEUED,0.9009402814254339,questions_in
2025-10-28T23:18:40.534576,PUBLISH,e493741d847e4e9d8157a19f40ade564,68f2d95bd190740cfd6a3c54,ENQUEUED,0.20790423774633923,questions_in
2025-10-28T23:18:40.689806,PUBLISH,dd41c5d16fc5406e9b156d212a8f1a10,68f2d95bd190740cfd6a3237,ENQUEUED,0.14971322288867236,questions_in
2025-10-28T23:18:42.314944,PUBLISH,f0453a4a58774c99b397922754901150,68f2d95bd190740cfd6a2f0c,ENQUEUED,1.6193381503582203,questions_in
2025-10-28T23:18:42.438896,PUBLISH,d140a7471d8748a1ad8f6a6d55e8bc4f,68f2d95bd190740cfd6a2b41,ENQUEUED,0.12130411932548456,questions_in
2025-10-28T23:18:44.185435,PUBLISH,76e62a365bf5470fa718e8b56ac16851,68f2d95bd190740cfd6a20fd,ENQUEUED,1.7422495090150747,questions_in
2025-10-28T23:18:44.901439,PUBLISH,c5861518a23c4998af5ee5898c0b3c35,68f2d95bd190740cfd6a2019,ENQUEUED,0.7077305162225906,questions_in
2025-10-28T23:18:45.451851,PUBLISH,25fd3f1584f543f3be63847df5d9140e,68f2d95bd190740cfd6a3ded,ENQUEUED,0.5439038971947234,questions_in
2025-10-28T23:18:45.781455,PUBLISH,1ee97718ab744e198682baa51a97d14c,68f2d95bd190740cfd6a2ab1,ENQUEUED,0.32547465496706374,questions_in
2025-10-28T23:18:46.576178,PUBLISH,8b5e921fe5cb4a6592e82e60f1f3cf66,68f2d95bd190740cfd6a2dbc,ENQUEUED,0.7921653298107203,questions_in
2025-10-28T23:18:46.912395,PUBLISH,0c0c608b2db74552b8d384879f2c94c2,68f2d95bd190740cfd6a3cb9,ENQUEUED,0.3321906091629512,questions_in
2025-10-28T23:18:48.209472,PUBLISH,ad280690ee3e44feb67c1a70ca073da6,68f2d95bd190740cfd6a309c,ENQUEUED,1.2947545315540634,questions_in
2025-10-28T23:18:48.235873,PUBLISH,c557c63cdbe2450791c5bcbb067521c5,68f2d95bd190740cfd6a3389,ENQUEUED,0.024628882084345206,questions_in
2025-10-28T23:18:48.408658,PUBLISH,ff8803000dee464fb08847057d7698e7,68f2d95bd190740cfd6a3ee6,ENQUEUED,0.1708498791961853,questions_in
2025-10-28T23:18:48.412470,PUBLISH,d840d6c45f964a15b768068cc7e2f917,68f2d95bd190740cfd6a1b56,ENQUEUED,0.000299094455594982,questions_in
2025-10-28T23:18:48.592357,PUBLISH,76cd91293b78497690b5c03bde6b498b,68f2d95bd190740cfd6a41b3,ENQUEUED,0.1780748835802168,questions_in
2025-10-28T23:18:49.815914,PUBLISH,23ce6ccbefb74e1b8f2a6a0da8ce7355,68f2d95bd190740cfd6a3049,ENQUEUED,1.2195986407529429,questions_in
2025-10-28T23:18:49.990990,PUBLISH,d2a9c8271c744751af8f2a9bdd358996,68f2d95bd190740cfd6a3c27,ENQUEUED,0.1723467144639714,questions_in
2025-10-28T23:18:50.913170,PUBLISH,cbec29545f7743eb8226b5a8476f393d,68f2d95bd190740cfd6a3ef2,ENQUEUED,0.9169643779243377,questions_in
2025-10-28T23:18:51.908767,PUBLISH,0f77783ffb0a457eb6314289dcf58b16,68f2d95bd190740cfd6a331d,ENQUEUED,0.9898332966842438,questions_in
2025-10-28T23:18:51.990226,PUBLISH,4dce49deb5d541738cca79976083f7ac,68f2d95bd190740cfd6a372b,ENQUEUED,0.07924851610300868,questions_in
2025-10-28T23:18:52.897939,PUBLISH,7803b224ecfa476aa1b54033859d53f2,68f2d95bd190740cfd6a2ea1,ENQUEUED,0.9037765501453697,questions_in
2025-10-28T23:18:53.319451,PUBLISH,50d98cb512f34d1a816cfa7bcf279af7,68f2d95bd190740cfd6a3650,ENQUEUED,0.4185836418278234,questions_in
2025-10-28T23:18:54.331445,PUBLISH,5ac91f3449984100ad88931b732dcf32,68f2d95bd190740cfd6a3f93,ENQUEUED,1.0087050201331031,questions_in
2025-10-28T23:18:55.182463,PUBLISH,c0c9d72445c64ef283b07511848517a9,68f2d95bd190740cfd6a37da,ENQUEUED,0.8478372973723034,questions_in
2025-10-28T23:18:56.298180,PUBLISH,95ea094d5c874394865649c29e382c9c,68f2d95bd190740cfd6a1f38,ENQUEUED,1.1132400616887936,questions_in
2025-10-28T23:18:56.636353,PUBLISH,e7f75dfc7d364403b6d2e5cd15f428f6,68f2d95bd190740cfd6a2e42,ENQUEUED,0.3357414227348708,questions_in
2025-10-28T23:19:01.701191,PUBLISH,a76e8adab4b441f08bda1acfcabf0ea0,68f2d95bd190740cfd6a30a6,ENQUEUED,5.058204937565425,questions_in
2025-10-28T23:19:01.876563,PUBLISH,d0c0c64334e94e2a9f1f853828d01014,68f2d95bd190740cfd6a3cfe,ENQUEUED,0.17077980362510006,questions_in
2025-10-28T23:19:04.530553,PUBLISH,5b5020b350c34921a298ea0cc475b310,68f2d95bd190740cfd6a3526,ENQUEUED,2.6497176227952894,questions_in
2025-10-28T23:19:05.139080,PUBLISH,3b80a250e5b44264a4e40fe0aa13ad23,68f2d95bd190740cfd6a2b40,ENQUEUED,0.6062246018809035,questions_in
2025-10-28T23:19:06.213008,PUBLISH,2de3ba8fa4d949419c7aebdb4476d5c0,68f2d95bd190740cfd6a32e3,ENQUEUED,1.0694937003842946,questions_in
2025-10-28T23:19:06.229021,PUBLISH,6c9c60ed99394d0aba7f96ef7baa74da,68f2d95bd190740cfd6a360b,ENQUEUED,0.012196915926593561,questions_in
2025-10-28T23:19:07.369329,PUBLISH,eee400ce636c4c38ada2d7e3e215ec45,68f2d95bd190740cfd6a244a,ENQUEUED,1.1377846288415108,questions_in
2025-10-28T23:19:07.445156,PUBLISH,1b5e31fcbea34deb8bd1c973b8829d20,68f2d95bd190740cfd6a20ec,ENQUEUED,0.07381325939701186,questions_in
2025-10-28T23:19:09.147304,PUBLISH,0b1f40aa677a49d596bcbf3298e13a83,68f2d95bd190740cfd6a2e5f,ENQUEUED,1.695022842404163,questions_in
2025-10-28T23:19:09.523051,PUBLISH,311cb636dc524b8a9139bce871561bfb,68f2d95bd190740cfd6a308e,ENQUEUED,0.37250658928626984,questions_in
2025-10-28T23:19:10.620451,PUBLISH,fe2a1f2c178c4ce1a2cdc744ca45ef30,68f2d95bd190740cfd6a368c,ENQUEUED,1.0953757878012311,questions_in
2025-10-28T23:19:11.119047,PUBLISH,f47d8cc664a048629d3453726a9b3d84,68f2d95bd190740cfd6a2308,ENQUEUED,0.4962709975604749,questions_in
2025-10-28T23:19:11.327809,PUBLISH,0ee0fdc3551a46179920f4b8cbadb6eb,68f2d95bd190740cfd6a2a6e,ENQUEUED,0.20636854247551106,questions_in
2025-10-28T23:19:11.851084,PUBLISH,991a8f3055b64de0bc15a4359a25aef5,68f2d95bd190740cfd6a32c8,ENQUEUED,0.5206003738465502,questions_in
2025-10-28T23:19:12.482073,PUBLISH,b3e1859942f84c8287b5a159193a7f5f,68f2d95bd190740cfd6a26ff,ENQUEUED,0.6279989021764432,questions_in
2025-10-28T23:19:13.556609,PUBLISH,2587cf413ec342d6b46bac6905df8220,68f2d95bd190740cfd6a340f,ENQUEUED,1.0703931896898309,questions_in
2025-10-28T23:19:13.667638,PUBLISH,5b34b4d93723471c80a05d8d9d0b0574,68f2d95bd190740cfd6a2be4,ENQUEUED,0.10805755887341202,questions_in
2025-10-28T23:19:13.853000,PUBLISH,1f86f90c6d944ebd81db57f5c7bbd6c5,68f2d95bd190740cfd6a2961,ENQUEUED,0.18218431389385223,questions_in
2025-10-28T23:19:13.880038,PUBLISH,a9c1dc010e21466b98fef78912d4dbb0,68f2d95bd190740cfd6a1bf1,ENQUEUED,0.024233336000707897,questions_in
2025-10-28T23:19:14.810230,PUBLISH,883c2705b08544f489775a3f689210e2,68f2d95bd190740cfd6a2132,ENQUEUED,0.9260350016888781,questions_in
2025-10-28T23:19:16.153381,PUBLISH,6e25629265194d239f39f99270cef0d0,68f2d95bd190740cfd6a37a3,ENQUEUED,1.3400564163780027,questions_in
2025-10-28T23:19:16.268539,PUBLISH,6b56193ecd7e499e8ab9fa017901c6c5,68f2d95bd190740cfd6a2064,ENQUEUED,0.11315328431591165,questions_in
2025-10-28T23:19:16.349759,PUBLISH,f14538be0bc84106904d67b5a5da5f1b,68f2d95bd190740cfd6a35fa,ENQUEUED,0.07900224375825499,questions_in
2025-10-28T23:19:17.093415,PUBLISH,184dcdb282314cdb8d88f82d6a98fc5f,68f2d95bd190740cfd6a2759,ENQUEUED,0.7371612536167625,questions_in
2025-10-28T23:19:19.273719,PUBLISH,b5d0c15d3b8246d9b2c19309344e8975,68f2d95bd190740cfd6a2c1e,ENQUEUED,2.173605277659751,questions_in
2025-10-28T23:19:19.807089,PUBLISH,7fb742298472484d80816d582714820e,68f2d95bd190740cfd6a3549,ENQUEUED,0.5292424667460559,questions_in
2025-10-28T23:19:19.847554,PUBLISH,b218a9aaaa6f485299338b23a7fa4d17,68f2d95bd190740cfd6a25eb,ENQUEUED,0.03493991434550505,questions_in
2025-10-28T23:19:20.126689,PUBLISH,ddae1885f08e4570b7c7881cb42b8e78,68f2d95bd190740cfd6a34b5,ENQUEUED,0.2694800900720364,questions_in
2025-10-28T23:19:21.523237,PUBLISH,5dc4e3a585d24e93a00401b9d0c8fb50,68f2d95bd190740cfd6a23d1,ENQUEUED,1.3920883638922925,questions_in
2025-10-28T23:19:22.369322,PUBLISH,38b1263c011846cca1e0b679a7e042a4,68f2d95bd190740cfd6a33d6,ENQUEUED,0.8429852498984866,questions_in
2025-10-28T23:19:23.426024,PUBLISH,e0f04045aaf84bfaa7108e8068c5590c,68f2d95bd190740cfd6a374d,ENQUEUED,1.0529628879869344,questions_in
2025-10-28T23:19:25.202142,PUBLISH,71fec841588945328335b5174809e9be,68f2d95bd190740cfd6a3197,ENQUEUED,1.7736177333180516,questions_in
2025-10-28T23:19:25.726427,PUBLISH,c568f3d1d9f248be8f21b4b4c228aebd,68f2d95bd190740cfd6a1baf,ENQUEUED,0.5220590862651395,questions_in
2025-10-28T23:19:25.955679,PUBLISH,e24478ae74a346fb94d53e7a8af3c624,68f2d95bd190740cfd6a226f,ENQUEUED,0.2221336333743498,questions_in
2025-10-28T23:19:26.094442,PUBLISH,ac8311cea0714ca3b47e1e45596a6caf,68f2d95bd190740cfd6a1b89,ENQUEUED,0.133493297742745,questions_in
2025-10-28T23:19:26.282403,PUBLISH,cbebeda889e44bb9bfbc834c7793b49e,68f2d95bd190740cfd6a4145,ENQUEUED,0.1792022730059701,questions_in
2025-10-28T23:19:26.363796,PUBLISH,17d5e1f19ed04b23b15678754804a310,68f2d95bd190740cfd6a37f8,ENQUEUED,0.075697632860331,questions_in
2025-10-28T23:19:26.430113,PUBLISH,09124b346af840efb6f36f4e3ce08758,68f2d95bd190740cfd6a1ed1,ENQUEUED,0.055603797562855904,questions_in
2025-10-28T23:19:26.781113,PUBLISH,6d08051c5f754cd59e205d6d287d0e9b,68f2d95bd190740cfd6a1f7f,ENQUEUED,0.3449386644822347,questions_in
2025-10-28T23:19:26.974339,PUBLISH,f5075766baca41fda7d4df113f696dbb,68f2d95bd190740cfd6a3005,ENQUEUED,0.18990747305830388,questions_in
2025-10-28T23:19:27.723227,PUBLISH,769007f5cf614cde997c865163471a80,68f2d95bd190740cfd6a383d,ENQUEUED,0.7449397805008305,questions_in
2025-10-28T23:19:27.989676,PUBLISH,596a7d6378a04916b03a97258d159f57,68f2d95bd190740cfd6a3f3c,ENQUEUED,0.26256856860102357,questions_in
2025-10-28T23:19:28.917701,PUBLISH,bdc1fa72dae54ef3bb68e70656501050,68f2d95bd190740cfd6a3826,ENQUEUED,0.9250670544803913,questions_in
2025-10-28T23:19:29.025532,PUBLISH,bb1414b4425c461c872211ef884660eb,68f2d95bd190740cfd6a27f5,ENQUEUED,0.10518125699753533,questions_in
2025-10-28T23:19:29.427218,PUBLISH,2a0c4a90e6aa405a9740bc6a771010c8,68f2d95bd190740cfd6a34d2,ENQUEUED,0.3991992753807126,questions_in
2025-10-28T23:19:29.464932,PUBLISH,186b52bbac17479087ad8cccf548540a,68f2d95bd190740cfd6a1d5a,ENQUEUED,0.0355731329596722,questions_in
2025-10-28T23:19:29.483749,PUBLISH,37dfeb4903044fd0b49d4ffa725fdbcc,68f2d95bd190740cfd6a1fd9,ENQUEUED,0.016059018493838336,questions_in
2025-10-28T23:19:29.777132,PUBLISH,7e88daa5bbba48c5ad0e29828047146b,68f2d95bd190740cfd6a2e71,ENQUEUED,0.29094812256881153,questions_in
2025-10-28T23:19:30.497523,PUBLISH,9006fe6b17474a02afd1ebf89cdabdae,68f2d95bd190740cfd6a20e5,ENQUEUED,0.7161388014397124,questions_in
2025-10-28T23:19:30.941527,PUBLISH,cf93623241414cfeab9a37658fed3f2d,68f2d95bd190740cfd6a3bc8,ENQUEUED,0.4391110176779527,questions_in
2025-10-28T23:19:32.214413,PUBLISH,d9120e2406e84e859d1dc34a44d831ee,68f2d95bd190740cfd6a3921,ENQUEUED,1.2689081976201524,questions_in
2025-10-28T23:19:32.263882,PUBLISH,da39941def804a15aa18cb0aad418902,68f2d95bd190740cfd6a3e7b,ENQUEUED,0.046341029094384006,questions_in
2025-10-28T23:19:32.382377,PUBLISH,deb260d1e8a64ad58731e55e51794f98,68f2d95bd190740cfd6a2d8f,ENQUEUED,0.11569295812321174,questions_in
2025-10-28T23:19:32.521905,PUBLISH,294874df521d41d0bedb4ad93fef017b,68f2d95bd190740cfd6a2122,ENQUEUED,0.13607418852199776,questions_in
2025-10-28T23:19:32.826052,PUBLISH,a51d24acbcab44818c8bf5c75ae595e4,68f2d95bd190740cfd6a38c3,ENQUEUED,0.3020157766721587,questions_in
2025-10-28T23:19:33.022432,PUBLISH,2e36de1c44b04d8caf651d31609a21a0,68f2d95bd190740cfd6a2347,ENQUEUED,0.1929832094352106,questions_in
2025-10-28T23:19:33.522292,PUBLISH,ae3dc31d7d1a4d04ba838abad3abc0cc,68f2d95bd190740cfd6a20d8,ENQUEUED,0.4923694995639309,questions_in
2025-10-28T23:19:33.684027,PUBLISH,5d60758d238a459c86e87d3d108ac794,68f2d95bd190740cfd6a392d,ENQUEUED,0.15863714524200653,questions_in
2025-10-28T23:19:33.839538,PUBLISH,7a7ed2fb3f8d4bbe9d64fd6ea04dde8d,68f2d95bd190740cfd6a2773,ENQUEUED,0.14833663602012304,questions_in
2025-10-28T23:19:34.427601,PUBLISH,1e4ebbdb227b4821b6239fc61329146f,68f2d95bd190740cfd6a3370,ENQUEUED,0.5860165509843945,questions_in
2025-10-28T23:19:35.294934,PUBLISH,0c33f77a7af84b179fdd842aadea5e45,68f2d95bd190740cfd6a1fbf,ENQUEUED,0.8648035446544714,questions_in
2025-10-28T23:19:35.714850,PUBLISH,eb2f1c3a5e8b45cdab55dcb6832e3d39,68f2d95bd190740cfd6a362a,ENQUEUED,0.41476876990672834,questions_in
2025-10-28T23:19:35.839759,PUBLISH,a42f01b85c9a462192cdc3570913ea3e,68f2d95bd190740cfd6a1be5,ENQUEUED,0.11616043427608864,questions_in
2025-10-28T23:19:36.840719,PUBLISH,d321cc75f6db4496b1aa16a6a83cca11,68f2d95bd190740cfd6a3b53,ENQUEUED,0.9919271931551101,questions_in
2025-10-28T23:19:37.646849,PUBLISH,871a180007394490b52aa00cc6d9b821,68f2d95bd190740cfd6a1b8e,ENQUEUED,0.8032091105644796,questions_in
2025-10-28T23:19:37.904336,PUBLISH,cd20d39c4ed94ffdafceef4e3c54a3eb,68f2d95bd190740cfd6a2f61,ENQUEUED,0.2525504042227144,questions_in
2025-10-28T23:19:38.355402,PUBLISH,f26cbf8f09154a8faf2a187240d1e7b8,68f2d95bd190740cfd6a2881,ENQUEUED,0.4483626579370275,questions_in
2025-10-28T23:19:38.741277,PUBLISH,27c6419ec924489295429299d32ff56f,68f2d95bd190740cfd6a2494,ENQUEUED,0.38018951657133065,questions_in
2025-10-28T23:19:39.291520,PUBLISH,06411c1721da4dbe911cf40b0b3dccb5,68f2d95bd190740cfd6a21a4,ENQUEUED,0.5447591616082877,questions_in
2025-10-28T23:19:39.946312,PUBLISH,142707c072824fa7868e9cdcfbc9b997,68f2d95bd190740cfd6a251c,ENQUEUED,0.6526634940913484,questions_in
2025-10-28T23:19:40.443533,PUBLISH,fadbc2ed7467442a97d871c2d77fd96e,68f2d95bd190740cfd6a318a,ENQUEUED,0.4886157056568891,questions_in
2025-10-28T23:19:40.549842,PUBLISH,2aaf48647ed146c68efa608b76a07ae3,68f2d95bd190740cfd6a1d8d,ENQUEUED,0.10119737112729753,questions_in
2025-10-28T23:19:40.805543,PUBLISH,e4c31392589743cabd9f4b2475f94517,68f2d95bd190740cfd6a30dc,ENQUEUED,0.250801585392148,questions_in
2025-10-28T23:19:41.443140,PUBLISH,52ffb5bd0bd14169ae660d332c1b3d5d,68f2d95bd190740cfd6a2fd7,ENQUEUED,0.6346288874108915,questions_in
2025-10-28T23:19:42.396267,PUBLISH,86231170ede9482f8f41f0aba7b328b2,68f2d95bd190740cfd6a2b1d,ENQUEUED,0.9500367301905798,questions_in
2025-10-28T23:19:42.493632,PUBLISH,612a4cdaec7e49c4931215c2017cbfb8,68f2d95bd190740cfd6a1e2b,ENQUEUED,0.09202693367973776,questions_in
2025-10-28T23:19:42.591916,PUBLISH,8a76916d24d44a038037b5955377ee7c,68f2d95bd190740cfd6a3d5e,ENQUEUED,0.08637046049919272,questions_in
2025-10-28T23:19:43.974542,PUBLISH,b27a8b858c244a919b71ea3ac552a5d9,68f2d95bd190740cfd6a28b6,ENQUEUED,1.3786740176551373,questions_in
2025-10-28T23:19:44.445664,PUBLISH,336d6acd62974738ba805ed53109878e,68f2d95bd190740cfd6a3d15,ENQUEUED,0.4688291706099395,questions_in
2025-10-28T23:19:45.368193,PUBLISH,929497d9b4334cdfb2d69ffaf2c4beef,68f2d95bd190740cfd6a388e,ENQUEUED,0.9174702707892765,questions_in
2025-10-28T23:19:46.830840,PUBLISH,3c65458424b442b2b7d282d62239e720,68f2d95bd190740cfd6a2186,ENQUEUED,1.4590425863846634,questions_in
2025-10-28T23:19:46.987088,PUBLISH,5db4bb2ac5f34a8ba7d40e653c173f49,68f2d95bd190740cfd6a2a5a,ENQUEUED,0.14880312777338242,questions_in
2025-10-28T23:19:47.192824,PUBLISH,7cc9aecf186e40d69ac7969fa4c7be46,68f2d95bd190740cfd6a1cda,ENQUEUED,0.19210930670276535,questions_in
2025-10-28T23:19:47.312789,PUBLISH,064517b0caee460eab3d8b52a37d5f38,68f2d95bd190740cfd6a2700,ENQUEUED,0.11742851658887536,questions_in
2025-10-28T23:19:48.517320,PUBLISH,bce972e4536b42db8617ca6df090cc02,68f2d95bd190740cfd6a2dae,ENQUEUED,1.1996933021980556,questions_in
2025-10-28T23:19:48.732808,PUBLISH,2c49754a331c46d69274fd6ad7aeb5fd,68f2d95bd190740cfd6a2d75,ENQUEUED,0.21208360168073317,questions_in
2025-10-28T23:19:49.002840,PUBLISH,d398ef8a743242a4a1da618e61092fa4,68f2d95bd190740cfd6a1bfe,ENQUEUED,0.2658812011450375,questions_in
2025-10-28T23:19:49.438056,PUBLISH,3d244ae3907842dc898b34b62003a1bf,68f2d95bd190740cfd6a3126,ENQUEUED,0.4326200111378496,questions_in
2025-10-28T23:19:50.037937,PUBLISH,f15d683c442c424789e91b60e96c19ca,68f2d95bd190740cfd6a225b,ENQUEUED,0.596349138205848,questions_in
2025-10-28T23:19:50.739311,PUBLISH,6e8e6e740e67433a96657e4336417be5,68f2d95bd190740cfd6a2c74,ENQUEUED,0.6903813189094069,questions_in
2025-10-28T23:19:51.720179,PUBLISH,e2f177ca323b4879babfed42b59ee12c,68f2d95bd190740cfd6a3641,ENQUEUED,0.9765808039510672,questions_in
2025-10-28T23:19:53.694776,PUBLISH,08c16507afa048ae9aa64493953414e4,68f2d95bd190740cfd6a3881,ENQUEUED,1.9710217553300942,questions_in
2025-10-28T23:19:54.235491,PUBLISH,7430c960d7b64440bf443e5a144cccf7,68f2d95bd190740cfd6a2b40,ENQUEUED,0.5355675715465263,questions_in
2025-10-28T23:19:54.799903,PUBLISH,934ffc6227af433884d8d49c0dcd87f1,68f2d95bd190740cfd6a3c58,ENQUEUED,0.5608743203382699,questions_in
2025-10-28T23:19:54.925872,PUBLISH,e8e1083ce54946af94d64d31830c1b1e,68f2d95bd190740cfd6a31a6,ENQUEUED,0.12427605497881557,questions_in
2025-10-28T23:19:56.431375,PUBLISH,d05b36b7ede54cc6863c474ee9f13dc9,68f2d95bd190740cfd6a3603,ENQUEUED,1.5010337788655448,questions_in
2025-10-28T23:19:57.016458,PUBLISH,0e1069bdd357411899c344d3960b8c19,68f2d95bd190740cfd6a2278,ENQUEUED,0.5803075028304968,questions_in
2025-10-28T23:19:57.595437,PUBLISH,84711c6500604b9cb587f09adbc1d6c7,68f2d95bd190740cfd6a229a,ENQUEUED,0.5768970494627945,questions_in
2025-10-28T23:19:59.056503,PUBLISH,dc5cba1feb5f4da89f6d7ee5519527b7,68f2d95bd190740cfd6a1cca,ENQUEUED,1.4580771506430905,questions_in
2025-10-28T23:19:59.103086,PUBLISH,d3f33ecd9b574786ad7ccae9aee64a21,68f2d95bd190740cfd6a2ce3,ENQUEUED,0.04483401000185772,questions_in
2025-10-28T23:19:59.169258,PUBLISH,42599e662e4e49c2b6f7588c947c431f,68f2d95bd190740cfd6a3703,ENQUEUED,0.06431683500647632,questions_in
2025-10-28T23:19:59.394801,PUBLISH,cf0c428e62c04bb4aa65fa39c1712e4f,68f2d95bd190740cfd6a35c1,ENQUEUED,0.2234899608539348,questions_in
2025-10-28T23:19:59.593839,PUBLISH,2b7d5ac816a44c38b4e6f919fa0caedd,68f2d95bd190740cfd6a2723,ENQUEUED,0.1971007348844872,questions_in
2025-10-28T23:19:59.745129,PUBLISH,2a1e46a798a147faacb3329d626b48a1,68f2d95bd190740cfd6a4011,ENQUEUED,0.1497165972215451,questions_in
2025-10-28T23:20:00.233365,PUBLISH,09aeacb97f344e83b706976bcc66e445,68f2d95bd190740cfd6a233f,ENQUEUED,0.483593645243292,questions_in
2025-10-28T23:20:00.724681,PUBLISH,a5c5f596b4be40bf935d43e4c71d2548,68f2d95bd190740cfd6a36cc,ENQUEUED,0.48874685794186595,questions_in
2025-10-28T23:20:00.935858,PUBLISH,f2b94a613bfb4e729eb38fafd2711a46,68f2d95bd190740cfd6a343d,ENQUEUED,0.20829292745314484,questions_in
2025-10-28T23:20:02.166968,PUBLISH,62edbb2967c04bd2963b2c44ffdf3fb5,68f2d95bd190740cfd6a278c,ENQUEUED,1.228346348086718,questions_in
2025-10-28T23:20:02.337559,PUBLISH,ee74f2c0e18243d7b78cd15d9b34360b,68f2d95bd190740cfd6a3365,ENQUEUED,0.1662023331686789,questions_in
2025-10-28T23:20:04.533917,PUBLISH,3873550454a34b3c830c37a9bc5c2928,68f2d95bd190740cfd6a1acc,ENQUEUED,2.1926372938446677,questions_in
2025-10-28T23:20:04.750514,PUBLISH,d135c201827d4685a43363351886d001,68f2d95bd190740cfd6a3737,ENQUEUED,0.21385503896098315,questions_in
2025-10-28T23:20:04.946900,PUBLISH,0988e65f18554e7d8160ca66fd43bf9e,68f2d95bd190740cfd6a2f42,ENQUEUED,0.19221609212427318,questions_in
2025-10-28T23:20:05.240470,PUBLISH,f63f2aee66564e1da9c5dc40dddf3d7d,68f2d95bd190740cfd6a2648,ENQUEUED,0.29070899715395787,questions_in
2025-10-28T23:20:05.602958,PUBLISH,ab8284a6d0454bb28d50cfc67d7fb002,68f2d95bd190740cfd6a29ec,ENQUEUED,0.3606046543637367,questions_in
2025-10-28T23:20:05.936448,PUBLISH,0e6fcd16c5754beb90e7673ceb7a5f86,68f2d95bd190740cfd6a3ffb,ENQUEUED,0.33085391808714454,questions_in
2025-10-28T23:20:06.054863,PUBLISH,255a8195a547404897c1ef35f47ae535,68f2d95bd190740cfd6a2f34,ENQUEUED,0.1162053067821468,questions_in
2025-10-28T23:20:08.365207,PUBLISH,ddb8424a48314749a480fdfcace81ad7,68f2d95bd190740cfd6a32a3,ENQUEUED,2.30538279453704,questions_in
2025-10-28T23:20:08.616554,PUBLISH,bd1d36efe9d04c1a8f554866977cca44,68f2d95bd190740cfd6a3fa1,ENQUEUED,0.24495908601265903,questions_in
2025-10-28T23:20:08.896997,PUBLISH,bc142f5d8fb24c658181e8355f2ecd01,68f2d95bd190740cfd6a1b44,ENQUEUED,0.2771566023167433,questions_in
2025-10-28T23:20:10.281973,PUBLISH,f62f38dd13ad4e74b26d1b535964c17a,68f2d95bd190740cfd6a3015,ENQUEUED,1.3815139514929244,questions_in
2025-10-28T23:20:11.292706,PUBLISH,5524b2b203b24967bd2d59aa157f83fb,68f2d95bd190740cfd6a21fa,ENQUEUED,1.007847059798539,questions_in
2025-10-28T23:20:12.146432,PUBLISH,3501182d0eea4e8fb31773ca17a5ba51,68f2d95bd190740cfd6a2ff4,ENQUEUED,0.8489451719566296,questions_in
2025-10-28T23:20:12.539140,PUBLISH,1df94e06ba0a4152bcceceb9993c9959,68f2d95bd190740cfd6a2277,ENQUEUED,0.3901635131854692,questions_in
2025-10-28T23:20:12.867943,PUBLISH,a31b8ab776d4419fbf89944c8003f32e,68f2d95bd190740cfd6a36c6,ENQUEUED,0.32654023689290645,questions_in
2025-10-28T23:20:13.066405,PUBLISH,5250299dd505439fa047db2a570b929d,68f2d95bd190740cfd6a26db,ENQUEUED,0.1934870747702689,questions_in
2025-10-28T23:20:13.884607,PUBLISH,f2272499921944d28a681a468273bdd9,68f2d95bd190740cfd6a2e5a,ENQUEUED,0.8099242547548572,questions_in
2025-10-28T23:20:14.265220,PUBLISH,89d1484d39ae4d82b76c6bf088fc1dc9,68f2d95bd190740cfd6a27b2,ENQUEUED,0.37745783812517053,questions_in
2025-10-28T23:20:14.588102,PUBLISH,6b8bd6ed0d70471bbeedf8f5a6348067,68f2d95bd190740cfd6a1dad,ENQUEUED,0.319416547331394,questions_in
2025-10-28T23:20:14.985120,PUBLISH,8c06a8e50275445a8edd1650a52c647c,68f2d95bd190740cfd6a2324,ENQUEUED,0.39402266397249436,questions_in
2025-10-28T23:20:16.997736,PUBLISH,3e90bc71fdef4e03b9720d4bd02986ee,68f2d95bd190740cfd6a30eb,ENQUEUED,2.0079185771498826,questions_in
2025-10-28T23:20:18.650246,PUBLISH,ad71815314774a8b98298b2b5a444adf,68f2d95bd190740cfd6a41b9,ENQUEUED,1.6500447768336601,questions_in
2025-10-28T23:20:18.777423,PUBLISH,609d4127d9a84e5ba443f8062108600e,68f2d95bd190740cfd6a21a3,ENQUEUED,0.12350891490033862,questions_in
2025-10-28T23:20:19.282941,PUBLISH,e625543b6f8040d5a15d93741b0a597c,68f2d95bd190740cfd6a1cd0,ENQUEUED,0.504108205813872,questions_in
2025-10-28T23:20:19.381058,PUBLISH,545885f236d9418086d1f348242ef3eb,68f2d95bd190740cfd6a3e7d,ENQUEUED,0.096191369599185,questions_in
2025-10-28T23:20:20.581518,PUBLISH,956fb570a89c4b62af1d2c0a52da1c28,68f2d95bd190740cfd6a4020,ENQUEUED,1.1965486419420301,questions_in
2025-10-28T23:20:20.980393,PUBLISH,75bf88e7c73b46a9b826d5b01e6640b1,68f2d95bd190740cfd6a3886,ENQUEUED,0.3968763054542684,questions_in
2025-10-28T23:20:20.994121,PUBLISH,5d1cb65d566341aabb800771bdcb7a56,68f2d95bd190740cfd6a1e6c,ENQUEUED,0.009905571473029678,questions_in
2025-10-28T23:20:20.998596,PUBLISH,d9a5866e6c8a4c598b912c250f833859,68f2d95bd190740cfd6a33f0,ENQUEUED,0.0013253372861951535,questions_in
2025-10-28T23:20:21.503003,PUBLISH,3cf0ac16708944c588951059de1ed010,68f2d95bd190740cfd6a33b0,ENQUEUED,0.5020425807517753,questions_in
2025-10-28T23:20:21.644566,PUBLISH,a8541fb891564195ab508281580ab214,68f2d95bd190740cfd6a3da8,ENQUEUED,0.1383174862086177,questions_in
2025-10-28T23:20:21.983222,PUBLISH,652588abe65946a28fa362285a32d147,68f2d95bd190740cfd6a2ecd,ENQUEUED,0.33357806782537974,questions_in
2025-10-28T23:20:24.432903,PUBLISH,d71f22da21fe4395b976c4b584ab8341,68f2d95bd190740cfd6a39bd,ENQUEUED,2.445789496322218,questions_in
2025-10-28T23:20:24.566366,PUBLISH,d09d2670696f4ec49e1150243261acf1,68f2d95bd190740cfd6a37c7,ENQUEUED,0.1275926615702764,questions_in
2025-10-28T23:20:24.939914,PUBLISH,bdf2875afd5042fd8653c3309ccba57c,68f2d95bd190740cfd6a3060,ENQUEUED,0.36664250540829463,questions_in
2025-10-28T23:20:26.112094,PUBLISH,eb364d99ff3c4ce1aa94df73a1b75284,68f2d95bd190740cfd6a2f1e,ENQUEUED,1.16647981281866,questions_in
2025-10-28T23:20:27.964411,PUBLISH,985d905b25ba424983ea51aae890c222,68f2d95bd190740cfd6a2ae1,ENQUEUED,1.848769680047421,questions_in
2025-10-28T23:20:28.657199,PUBLISH,3d1f9a63e838482eb3c0356d030b00fe,68f2d95bd190740cfd6a2850,ENQUEUED,0.6890268548682422,questions_in
2025-10-28T23:20:30.152478,PUBLISH,0c711289be21425d904c216a8edb4fef,68f2d95bd190740cfd6a1ea2,ENQUEUED,1.4923816061137132,questions_in
2025-10-28T23:20:30.529723,PUBLISH,12db767d09984bafb6f12c452acedf06,68f2d95bd190740cfd6a3c9c,ENQUEUED,0.3714560082051608,questions_in
2025-10-28T23:20:31.197756,PUBLISH,cd6a13e3e87e499388bc7622f10cf2e7,68f2d95bd190740cfd6a31a1,ENQUEUED,0.6627090357985611,questions_in
2025-10-28T23:20:31.285079,PUBLISH,c07c08e4884b4f1587fbbae64f4fe69a,68f2d95bd190740cfd6a2b79,ENQUEUED,0.08515606734236263,questions_in
2025-10-28T23:20:32.176353,PUBLISH,91ea60ba325f46cebcd978de50331cb4,68f2d95bd190740cfd6a241e,ENQUEUED,0.8881542259061964,questions_in
2025-10-28T23:20:32.957196,PUBLISH,90bd64c76efd4f7996810bbdf55e5724,68f2d95bd190740cfd6a399d,ENQUEUED,0.7769118088483031,questions_in
2025-10-28T23:20:33.668508,PUBLISH,78c354ea999349378969ef8e524add0b,68f2d95bd190740cfd6a28f4,ENQUEUED,0.7075986000831541,questions_in
2025-10-28T23:20:35.496295,PUBLISH,f36d31af76094042b1900f698bf03bc7,68f2d95bd190740cfd6a2761,ENQUEUED,1.8232773412040604,questions_in
2025-10-28T23:20:36.329447,PUBLISH,81bea967025b4c8ca0fdec5b7449c2e6,68f2d95bd190740cfd6a4099,ENQUEUED,0.8306954838526184,questions_in
2025-10-28T23:20:37.352178,PUBLISH,480888c8215e40609a7a229f0fa9db08,68f2d95bd190740cfd6a25d2,ENQUEUED,1.0192093783132112,questions_in
2025-10-28T23:20:38.041404,PUBLISH,1ce16fb50209479ba08d43421a2f4d9b,68f2d95bd190740cfd6a4044,ENQUEUED,0.6849032259029352,questions_in
2025-10-28T23:20:39.974545,PUBLISH,a9405cf0818f478195aade0dba46c6e9,68f2d95bd190740cfd6a3136,ENQUEUED,1.92228868865888,questions_in
2025-10-28T23:20:40.663125,PUBLISH,1140d9d4fc9c4944905d562e8b165741,68f2d95bd190740cfd6a204f,ENQUEUED,0.6861549657813452,questions_in
2025-10-28T23:20:40.702241,PUBLISH,aa773b96a8b54837a23fd42dd3e53e34,68f2d95bd190740cfd6a2f1a,ENQUEUED,0.03736340605550955,questions_in
2025-10-28T23:20:41.885806,PUBLISH,c5f27c7d35574dcaaa5ea034f74ab84d,68f2d95bd190740cfd6a40c7,ENQUEUED,1.1776613056882221,questions_in
2025-10-28T23:20:42.661203,PUBLISH,bfd960b08a2a45cda420bc07628b22ee,68f2d95bd190740cfd6a3b38,ENQUEUED,0.7722504921475409,questions_in
2025-10-28T23:20:42.691500,PUBLISH,14bd09a0171a4b0a8df85e8fe78accd9,68f2d95bd190740cfd6a3abb,ENQUEUED,0.02717468810485972,questions_in
2025-10-28T23:20:42.801830,PUBLISH,193d88710b744895b9b19ced05d3ce12,68f2d95bd190740cfd6a315a,ENQUEUED,0.1086323894209499,questions_in
2025-10-28T23:20:43.599404,PUBLISH,c43b0188ca3344ab89cfa35c534a8dba,68f2d95bd190740cfd6a2c18,ENQUEUED,0.7938317192964216,questions_in
2025-10-28T23:20:44.842038,PUBLISH,4366a750c8e648c4b85f4e88101d44c7,68f2d95bd190740cfd6a1de3,ENQUEUED,1.2408547935642116,questions_in
2025-10-28T23:20:44.984898,PUBLISH,1f69461edd9d448ea2c14bcf2cee22d7,68f2d95bd190740cfd6a25e1,ENQUEUED,0.14105296591927297,questions_in
2025-10-28T23:20:45.009413,PUBLISH,6cc4f419b79f4ead99b172e1ee07abc8,68f2d95bd190740cfd6a2ba1,ENQUEUED,0.02042897220576535,questions_in
2025-10-28T23:20:45.401990,PUBLISH,94b1341f41834ce48a6dce54ddc0202d,68f2d95bd190740cfd6a3e02,ENQUEUED,0.3884422736857289,questions_in
2025-10-28T23:20:46.160529,PUBLISH,becc3fe3cb3346129bb25f27e32dc9dd,68f2d95bd190740cfd6a2160,ENQUEUED,0.7551492792472958,questions_in
2025-10-28T23:20:46.225360,PUBLISH,67febeb1151944b1898b2270fe24ad70,68f2d95bd190740cfd6a340b,ENQUEUED,0.06026486041130202,questions_in
2025-10-28T23:20:46.383307,PUBLISH,7133f8402a8a4866bf26e81d1c6a97d3,68f2d95bd190740cfd6a2839,ENQUEUED,0.1552628386559697,questions_in
2025-10-28T23:20:47.152546,PUBLISH,e8a7946e0a6a45458368d9323a056f67,68f2d95bd190740cfd6a36f3,ENQUEUED,0.7657402053767371,questions_in
2025-10-28T23:20:47.346969,PUBLISH,071f742104fa4a4a9f7c1ffe43a8429b,68f2d95bd190740cfd6a3acc,ENQUEUED,0.19131240337699962,questions_in
2025-10-28T23:20:49.621214,PUBLISH,de09d350493248488c322005ceabcfb9,68f2d95bd190740cfd6a40d3,ENQUEUED,2.2687758823346615,questions_in
2025-10-28T23:20:50.213394,PUBLISH,5b4a9db0da484d17939dc4d7b636bce8,68f2d95bd190740cfd6a1fef,ENQUEUED,0.5899778790402802,questions_in
2025-10-28T23:20:50.340122,PUBLISH,4ad98d73033e44ce88269b59b23606b0,68f2d95bd190740cfd6a2584,ENQUEUED,0.12037525846668012,questions_in
2025-10-28T23:20:50.738356,PUBLISH,9f8600bcb9974e10b8b8812f4e25b5cf,68f2d95bd190740cfd6a3287,ENQUEUED,0.3962813780071068,questions_in
2025-10-28T23:20:51.602736,PUBLISH,fe6cb5616445470d80c05b689dea24c1,68f2d95bd190740cfd6a2a92,ENQUEUED,0.857201805158918,questions_in
2025-10-28T23:20:51.900116,PUBLISH,de3de408bbd94b2dafd29603c528be8d,68f2d95bd190740cfd6a1b1d,ENQUEUED,0.2911392896400634,questions_in
2025-10-28T23:20:52.158052,PUBLISH,ae61a234c14b42f982d41cb01d947098,68f2d95bd190740cfd6a3bef,ENQUEUED,0.2518397986831156,questions_in
2025-10-28T23:20:52.968848,PUBLISH,df33a846502e4439a97a97670881b7ea,68f2d95bd190740cfd6a2e91,ENQUEUED,0.8085962790003111,questions_in
2025-10-28T23:20:53.382032,PUBLISH,9f66139ed20f44d19e4f5ac14f697f5e,68f2d95bd190740cfd6a26cc,ENQUEUED,0.41143485090779564,questions_in
2025-10-28T23:20:53.547165,PUBLISH,f8e47106d46f4ea188f2ff13d1abeb90,68f2d95bd190740cfd6a4188,ENQUEUED,0.16238291844125394,questions_in
2025-10-28T23:20:54.174819,PUBLISH,87cf79cd6e66431d920df39a31243d8d,68f2d95bd190740cfd6a2f9f,ENQUEUED,0.6244558422577752,questions_in
2025-10-28T23:20:54.925279,PUBLISH,e87f981cca234b9abf388f082aec7d06,68f2d95bd190740cfd6a2a69,ENQUEUED,0.7467994066936582,questions_in
2025-10-28T23:20:55.558146,PUBLISH,9fd1d25067e4479a91b1790b0bfcdd68,68f2d95bd190740cfd6a1e0e,ENQUEUED,0.6293816242925535,questions_in
2025-10-28T23:20:56.307189,PUBLISH,0d782f2d9b164371ae685759bab2abe9,68f2d95bd190740cfd6a1bb7,ENQUEUED,0.7457022883270343,questions_in
2025-10-28T23:20:56.657567,PUBLISH,40399da53e524dc5b27b2d17faf26e0f,68f2d95bd190740cfd6a29cc,ENQUEUED,0.3479074355026763,questions_in
2025-10-28T23:20:57.292404,PUBLISH,8ec80e29e7f74e84aa8fb0beac89035f,68f2d95bd190740cfd6a3324,ENQUEUED,0.6329293305489964,questions_in
2025-10-28T23:20:58.032484,PUBLISH,4d116c1e07004afea50ba3c94f7bf151,68f2d95bd190740cfd6a3104,ENQUEUED,0.7376587925837598,questions_in
2025-10-28T23:20:58.308006,PUBLISH,681dadbc09424028b157a5cdc09960d0,68f2d95bd190740cfd6a3905,ENQUEUED,0.272594595490117,questions_in
2025-10-28T23:20:58.611767,PUBLISH,3b8b5cf9b3864e3ba9cda76cdfc41dbb,68f2d95bd190740cfd6a3fbd,ENQUEUED,0.3000215280525287,questions_in
2025-10-28T23:20:58.824480,PUBLISH,ea78e0b50b3c472285d0d2859c038110,68f2d95bd190740cfd6a38da,ENQUEUED,0.21031001851982437,questions_in
2025-10-28T23:20:59.504953,PUBLISH,fde0a34f614640d4a298786a69e11bb8,68f2d95bd190740cfd6a417d,ENQUEUED,0.6774332998009549,questions_in
2025-10-28T23:21:00.778178,PUBLISH,a304cdffb6d04ed18881c8aa9a8285e1,68f2d95bd190740cfd6a2ec8,ENQUEUED,1.2698799965541498,questions_in
2025-10-28T23:21:01.090963,PUBLISH,c319942f762c46d28e43c5ac69d50265,68f2d95bd190740cfd6a1eb4,ENQUEUED,0.3105142011677795,questions_in
2025-10-28T23:21:02.336525,PUBLISH,5387e1de266f48ccbce4fa93c7824b21,68f2d95bd190740cfd6a1ed1,ENQUEUED,1.2421923918483733,questions_in
2025-10-28T23:21:03.409842,PUBLISH,c95e7e380e3545bdb79a468eced671b3,68f2d95bd190740cfd6a1b09,ENQUEUED,1.0708011889538618,questions_in
2025-10-28T23:21:03.880380,PUBLISH,0c67e86caad84a498bd91c6945fe1807,68f2d95bd190740cfd6a3f57,ENQUEUED,0.465067330474141,questions_in
2025-10-28T23:21:04.336437,PUBLISH,ab52af570eeb427bb81a988554c42aab,68f2d95bd190740cfd6a28af,ENQUEUED,0.44932143393539165,questions_in
2025-10-28T23:21:04.450184,PUBLISH,95012a98e61944b3a75da1b141a49ecd,68f2d95bd190740cfd6a348b,ENQUEUED,0.10840349070858908,questions_in
2025-10-28T23:21:06.344853,PUBLISH,605139dee7fb4cfd9618bc9a36fdd9ed,68f2d95bd190740cfd6a41b4,ENQUEUED,1.8872860844171466,questions_in
2025-10-28T23:21:07.202216,PUBLISH,48c5d24b59dc44ee883aa9580f88c534,68f2d95bd190740cfd6a3d12,ENQUEUED,0.8517287963093395,questions_in
2025-10-28T23:21:07.409265,PUBLISH,9960aa4953c748cc98d6e40e887100d7,68f2d95bd190740cfd6a4051,ENQUEUED,0.20117589707350617,questions_in
2025-10-28T23:21:08.545797,PUBLISH,db5ff86df23541f8bd24ec54019f398a,68f2d95bd190740cfd6a3d73,ENQUEUED,1.1294699077042245,questions_in
2025-10-28T23:21:08.942975,PUBLISH,4e796d4c056a43a497678ee488468949,68f2d95bd190740cfd6a32da,ENQUEUED,0.3930251720056341,questions_in
2025-10-28T23:21:09.048780,PUBLISH,5de949cd3c83428bbf43f7385299f370,68f2d95bd190740cfd6a3a9e,ENQUEUED,0.09932578108064714,questions_in
2025-10-28T23:21:09.704409,PUBLISH,b5b42cccaee1496aaec5183461ff14e1,68f2d95bd190740cfd6a3426,ENQUEUED,0.6491666932014172,questions_in
2025-10-28T23:21:10.208994,PUBLISH,4e6a471bfd474c98a300671da8bcd248,68f2d95bd190740cfd6a384e,ENQUEUED,0.49859157640443486,questions_in
2025-10-28T23:21:11.840082,PUBLISH,e847f83ba4f64242b10b6538ed304a96,68f2d95bd190740cfd6a369c,ENQUEUED,1.6232109094658622,questions_in
2025-10-28T23:21:12.887692,PUBLISH,560d312f2bbe4c4096ccf73a7f4fd5ec,68f2d95bd190740cfd6a34c1,ENQUEUED,1.0415109351327965,questions_in
2025-10-28T23:21:13.089715,PUBLISH,4c186ed3f28e4d2a82df429d422a4153,68f2d95bd190740cfd6a2123,ENQUEUED,0.19484941966009992,questions_in
2025-10-28T23:21:13.152505,PUBLISH,290e7e27a80f48f0a22277084b6c5670,68f2d95bd190740cfd6a3633,ENQUEUED,0.059377082654337526,questions_in
2025-10-28T23:21:14.671696,PUBLISH,4c7955fad2264421abcdeb34e983f771,68f2d95bd190740cfd6a328a,ENQUEUED,1.511956369490509,questions_in
2025-10-28T23:21:15.438637,PUBLISH,5e9e6a469c5b41038cdc0b96e183e1af,68f2d95bd190740cfd6a231f,ENQUEUED,0.7603007206726281,questions_in
2025-10-28T23:21:15.552101,PUBLISH,49facfc1bc6048938243201f8e62b39c,68f2d95bd190740cfd6a2867,ENQUEUED,0.10793808049592117,questions_in
2025-10-28T23:21:15.970932,PUBLISH,a490ff32578a48279e5e9a6012b2d73a,68f2d95bd190740cfd6a3643,ENQUEUED,0.41190302388386235,questions_in
2025-10-28T23:21:18.104480,PUBLISH,bb194b0fb99d4fa39d3613f916a4469b,68f2d95bd190740cfd6a1bb2,ENQUEUED,2.125787118776516,questions_in
2025-10-28T23:21:18.449654,PUBLISH,42ac799ef45d4011b88d120661360463,68f2d95bd190740cfd6a2e99,ENQUEUED,0.339261449676816,questions_in
2025-10-28T23:21:19.173259,PUBLISH,d016f7357f3644ef8ab41f9b0b9e9ae5,68f2d95bd190740cfd6a40e8,ENQUEUED,0.7215396018622199,questions_in
2025-10-28T23:21:20.075271,PUBLISH,ab4749e9c7ff4fd59b598a7c25a8a0ea,68f2d95bd190740cfd6a28e4,ENQUEUED,0.8955992591080033,questions_in
2025-10-28T23:21:20.353294,PUBLISH,03583ba465874b6f9489d45321535a20,68f2d95bd190740cfd6a2e2c,ENQUEUED,0.271995085695014,questions_in
2025-10-28T23:21:21.940068,PUBLISH,340c0aa155f14b81ba77273c39db2078,68f2d95bd190740cfd6a2697,ENQUEUED,1.5793218683621977,questions_in
2025-10-28T23:21:23.150453,PUBLISH,6f70ecc0dda440dab964de276a702422,68f2d95bd190740cfd6a278e,ENQUEUED,1.20414624154392,questions_in
2025-10-28T23:21:23.951603,PUBLISH,1aa76e2dfe794efea20d9bb97d5bf1f1,68f2d95bd190740cfd6a290f,ENQUEUED,0.794263061557019,questions_in
2025-10-28T23:21:24.506264,PUBLISH,a90dc0381c45498786749814d13ca2b1,68f2d95bd190740cfd6a22b7,ENQUEUED,0.5489609262766381,questions_in
2025-10-28T23:21:26.675746,PUBLISH,114f94a7dc8a45c28aff894a53d77c4b,68f2d95bd190740cfd6a2ecf,ENQUEUED,2.1630459140355076,questions_in
2025-10-28T23:21:26.737855,PUBLISH,14f09dcb2b264a0cb65c97b9721ea3b9,68f2d95bd190740cfd6a3611,ENQUEUED,0.05744858959018024,questions_in
2025-10-28T23:21:28.853092,PUBLISH,08a872ac303b46a4bcffe8a01cff92cf,68f2d95bd190740cfd6a3bb9,ENQUEUED,2.1079042429290813,questions_in
2025-10-28T23:21:29.421822,PUBLISH,38039e14e8f84cef9bade20405798f58,68f2d95bd190740cfd6a2f8a,ENQUEUED,0.5619413559026609,questions_in
2025-10-28T23:21:29.619582,PUBLISH,a83fe1549d3341c09d5217b3f2426ad6,68f2d95bd190740cfd6a31ae,ENQUEUED,0.19202243182699685,questions_in
2025-10-28T23:21:30.134348,PUBLISH,03272a6e7652430db2461bad110ba80f,68f2d95bd190740cfd6a2f39,ENQUEUED,0.5123385932178698,questions_in
2025-10-28T23:21:32.230795,PUBLISH,89ff9b27bc074cee954696b70d028369,68f2d95bd190740cfd6a3c86,ENQUEUED,2.0892746094554666,questions_in
2025-10-28T23:21:32.299101,PUBLISH,5f2ac056fc9b43fb8e8b4588db79458c,68f2d95bd190740cfd6a3cc9,ENQUEUED,0.060573476589452106,questions_in
2025-10-28T23:21:32.482074,PUBLISH,a62f71fdec99415cb9ca1e9cfd028ef4,68f2d95bd190740cfd6a3012,ENQUEUED,0.17656768073509563,questions_in
2025-10-28T23:21:35.434954,PUBLISH,bac4b98d1e904b359481f537222f74d5,68f2d95bd190740cfd6a1b1c,ENQUEUED,2.945471562117173,questions_in
2025-10-28T23:21:36.184215,PUBLISH,96480ad06bb3432bb6f1fd988f01437e,68f2d95bd190740cfd6a30f0,ENQUEUED,0.7428650623545984,questions_in
2025-10-28T23:21:36.231409,PUBLISH,399d921bdc2d466798beec9a72d57239,68f2d95bd190740cfd6a29dc,ENQUEUED,0.04184478643161304,questions_in
2025-10-28T23:21:36.641188,PUBLISH,718b696b103640dbbdd9a6236c0d82a3,68f2d95bd190740cfd6a3832,ENQUEUED,0.4030552220039623,questions_in
2025-10-28T23:21:36.855576,PUBLISH,a213d6b912e34f7c816d7ed22175840b,68f2d95bd190740cfd6a1cf3,ENQUEUED,0.20902120967508678,questions_in
2025-10-28T23:21:39.989054,PUBLISH,c403e6c0e6594a54bcd09275e2affa09,68f2d95bd190740cfd6a2dea,ENQUEUED,3.1243447451717974,questions_in
2025-10-28T23:21:40.038851,PUBLISH,f7d8ddeb50cf4d90bf50257dc959aee7,68f2d95bd190740cfd6a2fe1,ENQUEUED,0.044430519050990325,questions_in
2025-10-28T23:21:41.240895,PUBLISH,0d8838f042b24c7989cc7c340e8aa040,68f2d95bd190740cfd6a1fb1,ENQUEUED,1.1953232219240497,questions_in
2025-10-28T23:21:41.849541,PUBLISH,e7681b107a5d45329b8ab4b9d4c98e71,68f2d95bd190740cfd6a2315,ENQUEUED,0.6026214987183957,questions_in
2025-10-28T23:21:41.908661,PUBLISH,2c096429e468425fa6ba086307b0e6a0,68f2d95bd190740cfd6a3c99,ENQUEUED,0.055684851980738574,questions_in
2025-10-28T23:21:42.305511,PUBLISH,03b15f27b2084aefacf2f84ff25fd77a,68f2d95bd190740cfd6a31bd,ENQUEUED,0.3913131701071632,questions_in
2025-10-28T23:21:42.774329,PUBLISH,15d5a66ca65b40f9adf4d54fb6255afe,68f2d95bd190740cfd6a40de,ENQUEUED,0.4622193314598402,questions_in
2025-10-28T23:21:43.127282,PUBLISH,83a0afe21b0247e992d14e9ea0c7cb64,68f2d95bd190740cfd6a3ee2,ENQUEUED,0.34623082629610663,questions_in
2025-10-28T23:21:44.924652,PUBLISH,120b6b7deb0a4ec5801b128e12e1a500,68f2d95bd190740cfd6a3de1,ENQUEUED,1.7898073708973448,questions_in
2025-10-28T23:21:45.485611,PUBLISH,5b80af45962b4e1db13f39cf6e239487,68f2d95bd190740cfd6a2ef3,ENQUEUED,0.5552911032346921,questions_in
2025-10-28T23:21:45.539549,PUBLISH,b21d49c68d504b7b8941e8d7394e5321,68f2d95bd190740cfd6a1c56,ENQUEUED,0.048607929834348425,questions_in
2025-10-28T23:21:46.686485,PUBLISH,17d37f960f9843b9b7023f389ee06b58,68f2d95bd190740cfd6a2437,ENQUEUED,1.1413103561859155,questions_in
2025-10-28T23:21:47.141710,PUBLISH,b0e132a5e50744e5bd30801c25a24dea,68f2d95bd190740cfd6a2bdc,ENQUEUED,0.44963979256078246,questions_in
2025-10-28T23:21:47.578428,PUBLISH,cd72c6a44a734c68b3ce89a496d54177,68f2d95bd190740cfd6a3ef0,ENQUEUED,0.43426155263781396,questions_in
2025-10-28T23:21:48.068009,PUBLISH,88912d2271444b7da31875210a117b49,68f2d95bd190740cfd6a3371,ENQUEUED,0.4840971814184554,questions_in
2025-10-28T23:21:48.319603,PUBLISH,e9695774185e4895b6cfbd0a58d9a516,68f2d95bd190740cfd6a26e3,ENQUEUED,0.24647034937936252,questions_in
2025-10-28T23:21:49.784711,PUBLISH,53a5464c3b194dc5a78b2a3d432a2f7b,68f2d95bd190740cfd6a250c,ENQUEUED,1.4586624767591152,questions_in
2025-10-28T23:21:50.057916,PUBLISH,0353ae55bdda43429513a29765c9ee59,68f2d95bd190740cfd6a24c9,ENQUEUED,0.271476095158455,questions_in
2025-10-28T23:21:50.878884,PUBLISH,ba622038e48d4e1f89cbc8f4c3f0c950,68f2d95bd190740cfd6a205e,ENQUEUED,0.8157698202590958,questions_in
2025-10-28T23:21:51.694833,PUBLISH,0c5e5289e3954d128b0dc51d28458f28,68f2d95bd190740cfd6a2345,ENQUEUED,0.814116860947374,questions_in
2025-10-28T23:21:51.739038,PUBLISH,819a559785b4423ebed80720ca546202,68f2d95bd190740cfd6a21f1,ENQUEUED,0.043023292770091065,questions_in
2025-10-28T23:21:52.387188,PUBLISH,322ddc588be94794ad47cd989dfc7dd6,68f2d95bd190740cfd6a2703,ENQUEUED,0.6430451540322183,questions_in
2025-10-28T23:21:52.709540,PUBLISH,cef0ef41a2bc4587b3cb6fc2d4ab2537,68f2d95bd190740cfd6a3006,ENQUEUED,0.3174595156561206,questions_in
2025-10-28T23:21:54.250686,PUBLISH,d9d27e7a71c34011b149a946b04fad15,68f2d95bd190740cfd6a205d,ENQUEUED,1.535275352790175,questions_in
2025-10-28T23:21:55.271240,PUBLISH,d321f9de798147d9b689726615884a75,68f2d95bd190740cfd6a2bb7,ENQUEUED,1.0142866093480338,questions_in
2025-10-28T23:21:55.615260,PUBLISH,b0137b8c5f064bbd96359bcf6eaec01d,68f2d95bd190740cfd6a2b31,ENQUEUED,0.34214947680446933,questions_in
2025-10-28T23:21:55.983554,PUBLISH,9ee755f49ea8443ca32deeffc512cce8,68f2d95bd190740cfd6a1d07,ENQUEUED,0.366753154979641,questions_in
2025-10-28T23:21:56.832321,PUBLISH,643959465c1d4fadad421173dc89b0eb,68f2d95bd190740cfd6a27bf,ENQUEUED,0.8471674018436394,questions_in
2025-10-28T23:21:57.672989,PUBLISH,e2caa75173504e869943dbd34417afc2,68f2d95bd190740cfd6a2f99,ENQUEUED,0.8333048714216412,questions_in
2025-10-28T23:21:58.112516,PUBLISH,0a5ad2de5ecf4898b5a6466e49d105d0,68f2d95bd190740cfd6a2f59,ENQUEUED,0.4343713474863146,questions_in
2025-10-28T23:21:58.218284,PUBLISH,8a9744c0ea8946678eef399f3a2bcaf2,68f2d95bd190740cfd6a2bc6,ENQUEUED,0.10051247396595392,questions_in
2025-10-28T23:21:58.520956,PUBLISH,5dd60babd8a341b99b7578f5bb6095f2,68f2d95bd190740cfd6a3670,ENQUEUED,0.2996006551762916,questions_in
2025-10-28T23:21:58.948894,PUBLISH,fde3ec4257fc4a43adbd78c20412f6a4,68f2d95bd190740cfd6a3bc6,ENQUEUED,0.4248198393887725,questions_in
2025-10-28T23:21:59.527262,PUBLISH,fa3df1e35dbb41ba8b53cf6d9a4f20bc,68f2d95bd190740cfd6a2366,ENQUEUED,0.5757794224095009,questions_in
2025-10-28T23:21:59.808688,PUBLISH,4a0d9b4cbe514e68ba490a64e01ebd57,68f2d95bd190740cfd6a2151,ENQUEUED,0.27858566275325986,questions_in
2025-10-28T23:22:00.531324,PUBLISH,8376102c81044f979eb05d7de1a498fc,68f2d95bd190740cfd6a2397,ENQUEUED,0.7111272627788366,questions_in
2025-10-28T23:22:01.346602,PUBLISH,36f4312056a345468cb3d3304fbb05ac,68f2d95bd190740cfd6a2a49,ENQUEUED,0.8071258792265157,questions_in
2025-10-28T23:22:02.217596,PUBLISH,d64934dcc24a4ca89c99e87d0c85be96,68f2d95bd190740cfd6a1e81,ENQUEUED,0.8681410718297512,questions_in
2025-10-28T23:22:02.444933,PUBLISH,d8f6cab05a5c4717b883b88dc857f246,68f2d95bd190740cfd6a34c5,ENQUEUED,0.22451190188182557,questions_in
2025-10-28T23:22:02.510505,PUBLISH,5355bf84a1ad4fe082e89cb231e1eff9,68f2d95bd190740cfd6a40ba,ENQUEUED,0.06221446538532532,questions_in
2025-10-28T23:22:03.029727,PUBLISH,ba420a6fb38840a5ada24ace568b7504,68f2d95bd190740cfd6a249f,ENQUEUED,0.5166774314788364,questions_in
2025-10-28T23:22:03.083564,PUBLISH,214a2e5d994847f29b52bf049c034274,68f2d95bd190740cfd6a23e0,ENQUEUED,0.05062151618155092,questions_in
2025-10-28T23:22:04.186700,PUBLISH,f26a78d8ee324e6caa132e23119f3913,68f2d95bd190740cfd6a2908,ENQUEUED,1.100512306656311,questions_in
2025-10-28T23:22:05.998701,PUBLISH,4ec84835ca3e45a5b15dc479d3b0e1b0,68f2d95bd190740cfd6a25be,ENQUEUED,1.8086985344121815,questions_in
2025-10-28T23:22:06.782687,PUBLISH,1ea7f121a57346ddb5874267876f64cf,68f2d95bd190740cfd6a3228,ENQUEUED,0.7771689788663855,questions_in
2025-10-28T23:22:07.094031,PUBLISH,da3cc14fbaa84f6c8329e00350d1fa65,68f2d95bd190740cfd6a31d8,ENQUEUED,0.306892381423163,questions_in
2025-10-28T23:22:07.143970,PUBLISH,e12e2d57d37e4cd98f413e8fd2fa6ca6,68f2d95bd190740cfd6a3986,ENQUEUED,0.04816905985867473,questions_in
2025-10-28T23:22:08.166275,PUBLISH,11a59c2206fd47c7a75aa8f8c4046092,68f2d95bd190740cfd6a2828,ENQUEUED,1.0165557718835148,questions_in
2025-10-28T23:22:08.831420,PUBLISH,011ec580f864440b9ae3b01f860897f9,68f2d95bd190740cfd6a39ee,ENQUEUED,0.6601719617700864,questions_in
2025-10-28T23:22:10.122965,PUBLISH,6d85c00d3e0c446a9f7ec914f495f904,68f2d95bd190740cfd6a3e2c,ENQUEUED,1.2846894071740507,questions_in
2025-10-28T23:22:10.211327,PUBLISH,eab34e547bfa4b7dad75c46dc162bb00,68f2d95bd190740cfd6a3cd2,ENQUEUED,0.08339871317301506,questions_in
2025-10-28T23:22:11.177671,PUBLISH,137777c77ee947f4838be002557726f3,68f2d95bd190740cfd6a3138,ENQUEUED,0.9601290298156413,questions_in
2025-10-28T23:22:11.855699,PUBLISH,045775ec356d42149874ed5a47cd9205,68f2d95bd190740cfd6a29eb,ENQUEUED,0.6721029944069769,questions_in
2025-10-28T23:22:12.053649,PUBLISH,f4c307b7be004b1a9aad03e494c375cc,68f2d95bd190740cfd6a4185,ENQUEUED,0.19227303843615315,questions_in
2025-10-28T23:22:13.392316,PUBLISH,482bc207430a493ba3e082282d5baf84,68f2d95bd190740cfd6a2882,ENQUEUED,1.33075687527605,questions_in
2025-10-28T23:22:13.426497,PUBLISH,73007ee9b5e041c8954c0f815225f591,68f2d95bd190740cfd6a2d29,ENQUEUED,0.03252890760465151,questions_in
2025-10-28T23:22:13.448211,PUBLISH,4867f43b7ba14b3b94a8e2d5a050c01d,68f2d95bd190740cfd6a3483,ENQUEUED,0.019817414321144297,questions_in
2025-10-28T23:22:13.451534,PUBLISH,aaf1dabdbde24d40866b322fa7c04514,68f2d95bd190740cfd6a3e5b,ENQUEUED,0.0016259394301042717,questions_in
2025-10-28T23:22:14.839296,PUBLISH,3ea77555dc2c4b29968dcb6be6b25395,68f2d95bd190740cfd6a1f23,ENQUEUED,1.3850879353603205,questions_in
2025-10-28T23:22:16.013613,PUBLISH,5e8bac19ba334f25a903e9259dcaba94,68f2d95bd190740cfd6a2529,ENQUEUED,1.1670055441985883,questions_in
2025-10-28T23:22:17.241474,PUBLISH,b55a716d2e9348c5a3a4f5613bbefc28,68f2d95bd190740cfd6a3bc0,ENQUEUED,1.2193020057188149,questions_in
2025-10-28T23:22:17.433143,PUBLISH,5fc0ea7ab7a144fa9030d3de52f9ba05,68f2d95bd190740cfd6a2c85,ENQUEUED,0.18614576404127095,questions_in
2025-10-28T23:22:17.524608,PUBLISH,30b43fc220b340f9afca1ca24bbc698f,68f2d95bd190740cfd6a2809,ENQUEUED,0.08578456825689916,questions_in
2025-10-28T23:22:17.566079,PUBLISH,644103edcb2343e480294701e18ad3b7,68f2d95bd190740cfd6a21e6,ENQUEUED,0.03883060426197908,questions_in
2025-10-28T23:22:17.780602,PUBLISH,fe73cd88706b414b8dbd482f283d3ea0,68f2d95bd190740cfd6a3d9e,ENQUEUED,0.20910938426348044,questions_in
2025-10-28T23:22:18.105565,PUBLISH,dff7c7b60c184e3584981628bacd9445,68f2d95bd190740cfd6a2a12,ENQUEUED,0.3234430831953317,questions_in
2025-10-28T23:22:18.189228,PUBLISH,771b7887d83e4e53af4f0902a4eaaf84,68f2d95bd190740cfd6a3cdf,ENQUEUED,0.07882369994895246,questions_in
2025-10-28T23:22:18.420850,PUBLISH,6f289bec094340aeac179f1c2a04d533,68f2d95bd190740cfd6a1c45,ENQUEUED,0.22568168156993532,questions_in
2025-10-28T23:22:18.499678,PUBLISH,6fbcbeaf0ac8418a9a70acca197285f8,68f2d95bd190740cfd6a266f,ENQUEUED,0.07339126461369365,questions_in
2025-10-28T23:22:18.868666,PUBLISH,28bb2c9b62bd40ad9932fa91213330bc,68f2d95bd190740cfd6a23fd,ENQUEUED,0.36388181751459064,questions_in
2025-10-28T23:22:19.458644,PUBLISH,34159e9296eb42e6914b9be70e91ca53,68f2d95bd190740cfd6a3762,ENQUEUED,0.5825011609663732,questions_in
2025-10-28T23:22:20.546997,PUBLISH,6a2ae18a67df4ae6aff7f272078c6db7,68f2d95bd190740cfd6a38fc,ENQUEUED,1.0812532313354142,questions_in
2025-10-28T23:22:21.148352,PUBLISH,9d31a4f33fdd49e084921b0203eff99a,68f2d95bd190740cfd6a3474,ENQUEUED,0.5983729787881861,questions_in
2025-10-28T23:22:21.317479,PUBLISH,759d7f9ac78f4eacacc792e66fcac806,68f2d95bd190740cfd6a1ea5,ENQUEUED,0.16339832794374484,questions_in
2025-10-28T23:22:21.337301,PUBLISH,ab19d7195d8f4e9b8f3d3146ee18853a,68f2d95bd190740cfd6a3b4b,ENQUEUED,0.017072548104964096,questions_in
2025-10-28T23:22:22.506140,PUBLISH,6b4c47c2dc94447ea8f314dc4fbc14d4,68f2d95bd190740cfd6a35b5,ENQUEUED,1.167091975344787,questions_in
2025-10-28T23:22:23.504316,PUBLISH,b715442fd9ba46c69d83cfc412ae7e48,68f2d95bd190740cfd6a3ebd,ENQUEUED,0.9962520957232122,questions_in
2025-10-28T23:22:23.529539,PUBLISH,2a023fab51f545aa930c281eb7c5104f,68f2d95bd190740cfd6a2f84,ENQUEUED,0.023556753420098952,questions_in
2025-10-28T23:22:24.702588,PUBLISH,bf181a59452a4b189539d56172aeead4,68f2d95bd190740cfd6a3c3c,ENQUEUED,1.165997133916546,questions_in
2025-10-28T23:22:25.731691,PUBLISH,07c0d08ac4fe494eb3448c82c168d496,68f2d95bd190740cfd6a255c,ENQUEUED,1.0238273229880042,questions_in
2025-10-28T23:22:25.935722,PUBLISH,dbc0e5e8ea974b5f985925564d2ddcd6,68f2d95bd190740cfd6a1c5b,ENQUEUED,0.19874115194022915,questions_in
2025-10-28T23:22:26.336535,PUBLISH,89cc336b1cb5468f9bf449d6f6dbe58a,68f2d95bd190740cfd6a38e4,ENQUEUED,0.39379564615204354,questions_in
2025-10-28T23:22:26.875828,PUBLISH,0066963593bd4cad94c612abf59e12bb,68f2d95bd190740cfd6a2c54,ENQUEUED,0.533943470347528,questions_in
2025-10-28T23:22:28.638486,PUBLISH,03b213aaacf041d0836d63368610a2e8,68f2d95bd190740cfd6a2f83,ENQUEUED,1.756968942210442,questions_in
2025-10-28T23:22:30.153214,PUBLISH,8ef498fa1fde4e1b8a70df3807ed7059,68f2d95bd190740cfd6a3070,ENQUEUED,1.5089311401310725,questions_in
2025-10-28T23:22:30.186493,PUBLISH,faabd6a220d7427b8c6d806a0e42d4a1,68f2d95bd190740cfd6a32e7,ENQUEUED,0.028545602829407202,questions_in
2025-10-28T23:22:30.311812,PUBLISH,8a99e79af2804a9487dd1664bbcc5e72,68f2d95bd190740cfd6a281b,ENQUEUED,0.11980145358877138,questions_in
2025-10-28T23:22:30.785478,PUBLISH,cfcfd210c7ed4d5c8c71be62ced72a00,68f2d95bd190740cfd6a3c4b,ENQUEUED,0.4679513800427693,questions_in
2025-10-28T23:22:31.822452,PUBLISH,30f02af87c5c4a268827e8e3217224a5,68f2d95bd190740cfd6a2af3,ENQUEUED,1.031897002057894,questions_in
2025-10-28T23:22:32.038327,PUBLISH,49acb57f55f941d2ba7ae4c3d5dafe24,68f2d95bd190740cfd6a2424,ENQUEUED,0.2097466519750779,questions_in
2025-10-28T23:22:32.615647,PUBLISH,779324c900954aaa8c1829b8b60ec3b8,68f2d95bd190740cfd6a40e2,ENQUEUED,0.5723873541501378,questions_in
2025-10-28T23:22:33.520194,PUBLISH,543def92e3614a34a790c96237af1cce,68f2d95bd190740cfd6a2330,ENQUEUED,0.9022356589459561,questions_in
2025-10-28T23:22:33.970111,PUBLISH,44031827437a4b6581936595feebffb1,68f2d95bd190740cfd6a210a,ENQUEUED,0.4439608164690185,questions_in
2025-10-28T23:22:34.185950,PUBLISH,e10dcffc88aa4788af5d9b6cdb4101bd,68f2d95bd190740cfd6a28fb,ENQUEUED,0.20984019571325196,questions_in
2025-10-28T23:22:34.534186,PUBLISH,de37639ac8454d9c8b8c2514958f28cc,68f2d95bd190740cfd6a2c5e,ENQUEUED,0.3423505539362704,questions_in
2025-10-28T23:22:35.549248,PUBLISH,80d97c7255a54a79bf759f4a314e561d,68f2d95bd190740cfd6a37ed,ENQUEUED,1.0076729327241227,questions_in
2025-10-28T23:22:36.166420,PUBLISH,bb266191901f483f90bf1478c6bbacac,68f2d95bd190740cfd6a1bbb,ENQUEUED,0.6100008203191368,questions_in
2025-10-28T23:22:36.201856,PUBLISH,2fc12210e35143ac9b1886e53927adaf,68f2d95bd190740cfd6a3da3,ENQUEUED,0.03336018697005862,questions_in
2025-10-28T23:22:36.217237,PUBLISH,8cf3427fabe9476fb3dc30a4efa300f6,68f2d95bd190740cfd6a2084,ENQUEUED,0.01355123652770279,questions_in
2025-10-28T23:22:36.337347,PUBLISH,371d6b4586db41a9b85bcbc5de6494b9,68f2d95bd190740cfd6a206e,ENQUEUED,0.11355347212626826,questions_in
2025-10-28T23:22:37.514194,PUBLISH,877190a3bad64f0ba597f3a490f2adb3,68f2d95bd190740cfd6a3b65,ENQUEUED,1.1747419640167887,questions_in
2025-10-28T23:22:38.288774,PUBLISH,788d58c66efc4587948ff706a9d3e852,68f2d95bd190740cfd6a3b2e,ENQUEUED,0.7732656989327736,questions_in
2025-10-28T23:22:39.143201,PUBLISH,b8a37cc1e1b447798725ce771bfc66f6,68f2d95bd190740cfd6a3977,ENQUEUED,0.8482228768244114,questions_in
2025-10-28T23:22:39.385218,PUBLISH,769c2eb94b2f4a3c9f645b69ddbec912,68f2d95bd190740cfd6a32f8,ENQUEUED,0.2356995494067825,questions_in
2025-10-28T23:22:39.675917,PUBLISH,b825f5567b5349b8b4dd1cdbee6eda2b,68f2d95bd190740cfd6a38db,ENQUEUED,0.28477939749218,questions_in
2025-10-28T23:22:40.309853,PUBLISH,c329602ebe5c4eb493450c1dad449c64,68f2d95bd190740cfd6a2a20,ENQUEUED,0.6278282732225008,questions_in
2025-10-28T23:22:42.504036,PUBLISH,1904a561aafe4fbdb5ae4b1ca752c79e,68f2d95bd190740cfd6a204c,ENQUEUED,2.1867031439644973,questions_in
2025-10-28T23:22:44.034957,PUBLISH,9637a3a0f5724df4b4f54d20b7d4329d,68f2d95bd190740cfd6a3f55,ENQUEUED,1.5286660971412382,questions_in
2025-10-28T23:22:46.953501,PUBLISH,6c47fbac2ed84d50a811e2fbf4b03b12,68f2d95bd190740cfd6a1e68,ENQUEUED,2.910410017434117,questions_in
2025-10-28T23:22:47.411930,PUBLISH,2fec1062ec474fdbbbb851c023001532,68f2d95bd190740cfd6a1f3a,ENQUEUED,0.45691648414714264,questions_in
2025-10-28T23:22:47.425157,PUBLISH,488e5d876ed54388a37bbbca83b5bf1a,68f2d95bd190740cfd6a227d,ENQUEUED,0.011935422322974695,questions_in
2025-10-28T23:22:47.665036,PUBLISH,7037f1177e544459b70dcfd786f55c36,68f2d95bd190740cfd6a210e,ENQUEUED,0.23457631680174576,questions_in
2025-10-28T23:22:47.884885,PUBLISH,d28cbaa871b94d95a76e9a0844a1934b,68f2d95bd190740cfd6a3e54,ENQUEUED,0.2145386507120789,questions_in
2025-10-28T23:22:48.183923,PUBLISH,09b4427d0971463ea0826eee4a826b9b,68f2d95bd190740cfd6a38a0,ENQUEUED,0.2934154671115342,questions_in
2025-10-28T23:22:48.781728,PUBLISH,3a29316baf8b463881029d4ab27038b0,68f2d95bd190740cfd6a3634,ENQUEUED,0.5924654015390501,questions_in
2025-10-28T23:22:49.751313,PUBLISH,8a5b7ea1cfb74b2e87fcacc84e47842f,68f2d95bd190740cfd6a2978,ENQUEUED,0.9632227777642376,questions_in
2025-10-28T23:22:49.914206,PUBLISH,00cb54432bac4fc8b5071a406ced2d1a,68f2d95bd190740cfd6a3cf5,ENQUEUED,0.15707142874885074,questions_in
2025-10-28T23:22:51.129519,PUBLISH,87222f6716d64dbeb6c17a394c75e1c0,68f2d95bd190740cfd6a40f0,ENQUEUED,1.2093553270572601,questions_in
2025-10-28T23:22:51.244346,PUBLISH,78c7d10ffdf046fdab9f4966d83ab394,68f2d95bd190740cfd6a2e2f,ENQUEUED,0.1093563676487309,questions_in
2025-10-28T23:22:51.666106,PUBLISH,504dff1e4bf3452dbb61ea4e6aeb8c37,68f2d95bd190740cfd6a1ff3,ENQUEUED,0.416109798875357,questions_in
2025-10-28T23:22:52.061152,PUBLISH,ae885974ce1a4c6f8ce9a6fa86eb9da3,68f2d95bd190740cfd6a20c1,ENQUEUED,0.3894809624023194,questions_in
2025-10-28T23:22:52.660826,PUBLISH,57d084899d74473fb4b1cb2efd83e87e,68f2d95bd190740cfd6a414d,ENQUEUED,0.5936158108750026,questions_in
2025-10-28T23:22:53.277194,PUBLISH,9a3ba98bc2fe46838d2a73d41fcb0cb8,68f2d95bd190740cfd6a1ddd,ENQUEUED,0.6106069232742769,questions_in
2025-10-28T23:22:53.449016,PUBLISH,588566f77112428ab6b1600788c8a663,68f2d95bd190740cfd6a2c2e,ENQUEUED,0.16638213572706992,questions_in
2025-10-28T23:22:53.971569,PUBLISH,7e0356861f4c42aba7397ed180de9311,68f2d95bd190740cfd6a3f5e,ENQUEUED,0.5159501351962571,questions_in
2025-10-28T23:22:54.848703,PUBLISH,bfcf6d5f5ecd422c983099ec5627c595,68f2d95bd190740cfd6a2939,ENQUEUED,0.8707506238450814,questions_in
2025-10-28T23:22:55.208710,PUBLISH,f426113f3e214522911ff7d5128d7edc,68f2d95bd190740cfd6a2724,ENQUEUED,0.3537843837345474,questions_in
2025-10-28T23:22:55.347348,PUBLISH,5a1d3e906270411db8db1926521a3c84,68f2d95bd190740cfd6a3e08,ENQUEUED,0.1322495118422148,questions_in
2025-10-28T23:22:56.021870,PUBLISH,534e6062a5b24a5ba7295d696014af32,68f2d95bd190740cfd6a224d,ENQUEUED,0.6683141846374591,questions_in
2025-10-28T23:22:56.289576,PUBLISH,8bc66a4e4dd54edaab621d1ae101e227,68f2d95bd190740cfd6a23ca,ENQUEUED,0.2613301500641569,questions_in
2025-10-28T23:22:56.616772,PUBLISH,baddb0350ed547e4a21288042a3df348,68f2d95bd190740cfd6a40df,ENQUEUED,0.32505351276688244,questions_in
2025-10-28T23:22:57.412751,PUBLISH,65e94b0b18a74807b307fba0078916d0,68f2d95bd190740cfd6a3fd7,ENQUEUED,0.7911108662128618,questions_in
2025-10-28T23:22:58.785300,PUBLISH,69276b16416b4104967905f8ea18d635,68f2d95bd190740cfd6a349c,ENQUEUED,1.369459733732526,questions_in
2025-10-28T23:22:58.984734,PUBLISH,e5a8884e4ec44519bb01bdf52cf8db21,68f2d95bd190740cfd6a1d31,ENQUEUED,0.19763979702359835,questions_in
2025-10-28T23:22:59.964217,PUBLISH,910b87ed5994425589d80579c7aac553,68f2d95bd190740cfd6a1d96,ENQUEUED,0.9758997520058657,questions_in
2025-10-28T23:23:00.813632,PUBLISH,f071bf8e234245bb922ec3eff08fd6b1,68f2d95bd190740cfd6a3705,ENQUEUED,0.8455172715705337,questions_in
2025-10-28T23:23:01.786481,PUBLISH,b9f143ba08fe441e81433ee4b0b5bc07,68f2d95bd190740cfd6a3b12,ENQUEUED,0.970105385417409,questions_in
2025-10-28T23:23:01.871152,PUBLISH,f8a1f419c65b4354a7984995a2abc7fe,68f2d95bd190740cfd6a2883,ENQUEUED,0.08191638553157946,questions_in
2025-10-28T23:23:02.715688,PUBLISH,09a21618bdeb4f918b43077da2d65c60,68f2d95bd190740cfd6a2082,ENQUEUED,0.8415387371726674,questions_in
2025-10-28T23:23:03.287346,PUBLISH,201bbb39e1c6410987259da4a425ae29,68f2d95bd190740cfd6a3bff,ENQUEUED,0.5689792314796759,questions_in
2025-10-28T23:23:03.748063,PUBLISH,1a6295b5ab444161b50dc6eef8117a88,68f2d95bd190740cfd6a251b,ENQUEUED,0.4573616875849216,questions_in
2025-10-28T23:23:04.996506,PUBLISH,a68063c346b14c82b44b1cdb57ea200f,68f2d95bd190740cfd6a2db7,ENQUEUED,1.2413468225121966,questions_in
2025-10-28T23:23:05.269577,PUBLISH,6281ba90f58d416682f822671fd59dcb,68f2d95bd190740cfd6a2e7e,ENQUEUED,0.27021361258755805,questions_in
2025-10-28T23:23:06.297415,PUBLISH,c7b2211688a4464e9862a5a603987915,68f2d95bd190740cfd6a2474,ENQUEUED,1.0250410676220751,questions_in
2025-10-28T23:23:07.021088,PUBLISH,4b3087110419417587a346713f69d838,68f2d95bd190740cfd6a36ec,ENQUEUED,0.7204408261682773,questions_in
2025-10-28T23:23:07.473817,PUBLISH,3f33cbb55fee4a3fbed21dde03578b7e,68f2d95bd190740cfd6a36c3,ENQUEUED,0.44664023817032694,questions_in
2025-10-28T23:23:08.331326,PUBLISH,bf026c27df704d67b22f4f3283a55aa9,68f2d95bd190740cfd6a24d6,ENQUEUED,0.8531850074257276,questions_in
2025-10-28T23:23:09.765333,PUBLISH,5061e868c1f24bb8ab78b78bed526894,68f2d95bd190740cfd6a316b,ENQUEUED,1.4311401983747833,questions_in
2025-10-28T23:23:10.463368,PUBLISH,b825c12cc25a471fb7cb71d3f96eb943,68f2d95bd190740cfd6a1f3d,ENQUEUED,0.6948118586527016,questions_in
2025-10-28T23:23:10.733208,PUBLISH,394504491051470f9c4b53e2845cb2cc,68f2d95bd190740cfd6a331c,ENQUEUED,0.26675835494434136,questions_in
2025-10-28T23:23:13.645300,PUBLISH,2c07fb4386e949c898c0cb1d4f38ef65,68f2d95bd190740cfd6a3606,ENQUEUED,2.9066044465299625,questions_in
2025-10-28T23:23:15.079878,PUBLISH,bd018c7169b74bf09854cb77d116810c,68f2d95bd190740cfd6a3c78,ENQUEUED,1.4272197810478504,questions_in
2025-10-28T23:23:15.345879,PUBLISH,2699abca295a4346a9d84a651982d85a,68f2d95bd190740cfd6a24da,ENQUEUED,0.2598278206771904,questions_in
2025-10-28T23:23:16.075341,PUBLISH,07c560e6a6504873ac40320455d70771,68f2d95bd190740cfd6a4090,ENQUEUED,0.7253194210382458,questions_in
2025-10-28T23:23:16.343442,PUBLISH,f5196c65efd04530a68145e08dbf6509,68f2d95bd190740cfd6a2c41,ENQUEUED,0.26419679387759915,questions_in
2025-10-28T23:23:17.255004,PUBLISH,0c57641561024144b13f6b2d83df033a,68f2d95bd190740cfd6a2163,ENQUEUED,0.908754224026774,questions_in
2025-10-28T23:23:18.362288,PUBLISH,fd4faf101e5e4fed9d80d30e9ca35898,68f2d95bd190740cfd6a2779,ENQUEUED,1.1051576539314196,questions_in
2025-10-28T23:23:18.598876,PUBLISH,442c1c1d25ef45f3b8adb64adccb61c5,68f2d95bd190740cfd6a370d,ENQUEUED,0.23451962604476462,questions_in
2025-10-28T23:23:19.525101,PUBLISH,46a6a01edec349bf9135e96d4fbe6061,68f2d95bd190740cfd6a3a0f,ENQUEUED,0.9214885378557551,questions_in
2025-10-28T23:23:20.425862,PUBLISH,5681bd267d0d434caa6a23b77f4e707b,68f2d95bd190740cfd6a2b58,ENQUEUED,0.8947401926307332,questions_in
2025-10-28T23:23:20.669402,PUBLISH,313006f5ef6c4355bef0ad70f508102a,68f2d95bd190740cfd6a1f61,ENQUEUED,0.24040889758713216,questions_in
2025-10-28T23:23:21.045913,PUBLISH,b4bb725add49483da79076716bf3e4b3,68f2d95bd190740cfd6a2ff8,ENQUEUED,0.37278339382003955,questions_in
2025-10-28T23:23:21.974342,PUBLISH,378ca823a23b400491129a6901005ef9,68f2d95bd190740cfd6a36b8,ENQUEUED,0.9234955842712806,questions_in
2025-10-28T23:23:22.766845,PUBLISH,96dd6d74004a40db98131ebf208dd9d2,68f2d95bd190740cfd6a2c22,ENQUEUED,0.7897947964953164,questions_in
2025-10-28T23:23:23.126399,PUBLISH,7869fc9fc27e48bb8453a46d6e869df6,68f2d95bd190740cfd6a407e,ENQUEUED,0.35691064830092323,questions_in
2025-10-28T23:23:25.499301,PUBLISH,be657c8697a844c790a595f6f1799d49,68f2d95bd190740cfd6a1bdc,ENQUEUED,2.3681436581864754,questions_in
2025-10-28T23:23:26.852282,PUBLISH,1f0b269891354d7ea66db7b428ee7f0a,68f2d95bd190740cfd6a3272,ENQUEUED,1.3502106171528698,questions_in
2025-10-28T23:23:28.079352,PUBLISH,5767ba3b5d604aacab557f9ebd52190a,68f2d95bd190740cfd6a3d5f,ENQUEUED,1.2141145726036253,questions_in
2025-10-28T23:23:28.664648,PUBLISH,99b5630bcd474b79bff9b70c130bb380,68f2d95bd190740cfd6a2229,ENQUEUED,0.5824757821862211,questions_in
2025-10-28T23:23:30.224263,PUBLISH,ef1d948e66f6468f9cff15c9c4af95b2,68f2d95bd190740cfd6a2d7b,ENQUEUED,1.555494378853245,questions_in
2025-10-28T23:23:30.350582,PUBLISH,71a0553a835f48969627fde0f4ed3472,68f2d95bd190740cfd6a3314,ENQUEUED,0.12282249921620342,questions_in
2025-10-28T23:23:30.472351,PUBLISH,990ef79ad47641ee803566b6508fbf78,68f2d95bd190740cfd6a3ba4,ENQUEUED,0.11795664472003448,questions_in
2025-10-28T23:23:30.828291,PUBLISH,bcc5ce92bfd74f97bfb28a97cde39f57,68f2d95bd190740cfd6a2a45,ENQUEUED,0.35258562383288344,questions_in
2025-10-28T23:23:31.608398,PUBLISH,87d31cde3b9c466386a771d4119ac24a,68f2d95bd190740cfd6a2274,ENQUEUED,0.7751321108386734,questions_in
2025-10-28T23:23:31.775830,PUBLISH,1cc0e2cb22f84aeb9e72196e7cbc760e,68f2d95bd190740cfd6a31d6,ENQUEUED,0.16342629659762573,questions_in
2025-10-28T23:23:31.963446,PUBLISH,204b4a95173c4640aaf3562a53b2c4b0,68f2d95bd190740cfd6a39c1,ENQUEUED,0.18539851164691104,questions_in
2025-10-28T23:23:32.506706,PUBLISH,6379960e1085408fb1d368ebbc4e1e7d,68f2d95bd190740cfd6a3dbd,ENQUEUED,0.5401263115697909,questions_in
2025-10-28T23:23:33.636940,PUBLISH,e2ee775cb3ff4e45bb409be3ba75208b,68f2d95bd190740cfd6a2620,ENQUEUED,1.1264900078229538,questions_in
2025-10-28T23:23:33.808176,PUBLISH,3e32887eae2c469cbe9b9cad2fc0a89f,68f2d95bd190740cfd6a3849,ENQUEUED,0.1695224091229234,questions_in
2025-10-28T23:23:34.382061,PUBLISH,45ff9e624a84458ca0920fe2770011cf,68f2d95bd190740cfd6a29b9,ENQUEUED,0.5715948204336914,questions_in
2025-10-28T23:23:34.762272,PUBLISH,d0f37c1faaef407cb448a8c1f1ab6420,68f2d95bd190740cfd6a38ba,ENQUEUED,0.3745189406212301,questions_in
2025-10-28T23:23:34.924434,PUBLISH,cf87e2acfeaa4615a54ffec2b0b0adb1,68f2d95bd190740cfd6a1e39,ENQUEUED,0.15991696618473913,questions_in
2025-10-28T23:23:35.438628,PUBLISH,eca8853646d34fb5966337e9769dad64,68f2d95bd190740cfd6a2188,ENQUEUED,0.512194528933677,questions_in
2025-10-28T23:23:35.494541,PUBLISH,69eb8b234b6142e3bab0d45eec0a854a,68f2d95bd190740cfd6a2b10,ENQUEUED,0.05431336630763261,questions_in
2025-10-28T23:23:35.910997,PUBLISH,f996eb6bede847c4ab52b81e64ff65c5,68f2d95bd190740cfd6a3854,ENQUEUED,0.4114272985619254,questions_in
2025-10-28T23:23:36.539891,PUBLISH,b1c7855fc0404e05a2e1223935adc178,68f2d95bd190740cfd6a33bc,ENQUEUED,0.6242141454942508,questions_in
2025-10-28T23:23:37.304091,PUBLISH,0de4ea8f227146cba193c78bdd8d6bb5,68f2d95bd190740cfd6a3ac7,ENQUEUED,0.7605871913856116,questions_in
2025-10-28T23:23:37.846821,PUBLISH,46815a7fc66943d8a4ccfb582d08f648,68f2d95bd190740cfd6a354f,ENQUEUED,0.5403800509545603,questions_in
2025-10-28T23:23:38.590319,PUBLISH,ad446dd225dd443181e3fa99ad08a100,68f2d95bd190740cfd6a1e44,ENQUEUED,0.7407508740717832,questions_in
2025-10-28T23:23:40.054744,PUBLISH,2848f64e6723421eb94190cf0a206d7f,68f2d95bd190740cfd6a4128,ENQUEUED,1.4614513136255993,questions_in
2025-10-28T23:23:40.631930,PUBLISH,f6757d5c48bb4d4d9c89e63fd78310f4,68f2d95bd190740cfd6a36f6,ENQUEUED,0.5741795845496679,questions_in
2025-10-28T23:23:40.675636,PUBLISH,9119822d7ae64538a10238b02ffecd10,68f2d95bd190740cfd6a3a85,ENQUEUED,0.04142483024270021,questions_in
2025-10-28T23:23:41.362481,PUBLISH,8df6bb2901c74747a1e5bc37765d287a,68f2d95bd190740cfd6a2402,ENQUEUED,0.6841108396281038,questions_in
2025-10-28T23:23:42.315004,PUBLISH,c137272584ac4f37bc8a31a3ca6e8a1e,68f2d95bd190740cfd6a2cca,ENQUEUED,0.950345898403753,questions_in
2025-10-28T23:23:42.671489,PUBLISH,9afbf0316e8640d39806f914e44bbf3f,68f2d95bd190740cfd6a3f41,ENQUEUED,0.3542283649127569,questions_in
2025-10-28T23:23:42.839133,PUBLISH,ee12469475e747608a0e32cf646fee9b,68f2d95bd190740cfd6a3e2f,ENQUEUED,0.1594784865043073,questions_in
2025-10-28T23:23:44.279996,PUBLISH,ba4b50437ff642cb88abb2b1ad6e8003,68f2d95bd190740cfd6a2c53,ENQUEUED,1.4387559614137304,questions_in
2025-10-28T23:23:44.788687,PUBLISH,66e0ec2e9a6d4118bad56c0cd2b620f2,68f2d95bd190740cfd6a338b,ENQUEUED,0.5054809930990918,questions_in
2025-10-28T23:23:46.608542,PUBLISH,21e443cae90847a195ce070a48954783,68f2d95bd190740cfd6a1e38,ENQUEUED,1.8165940139904018,questions_in
2025-10-28T23:23:46.934775,PUBLISH,8528bbe6668540a3b322981d611e8ad9,68f2d95bd190740cfd6a2bb0,ENQUEUED,0.32291054478198306,questions_in
2025-10-28T23:23:47.335942,PUBLISH,4c22c91169604a46a56acc0021de38c7,68f2d95bd190740cfd6a3de4,ENQUEUED,0.3977432079057439,questions_in
2025-10-28T23:23:49.760880,PUBLISH,dec2ba4aa93547bc8352c2c8b6d86ff2,68f2d95bd190740cfd6a3c5f,ENQUEUED,2.4208016038990148,questions_in
2025-10-28T23:23:49.812897,PUBLISH,714888a34f7d4b928737f2bd6e271050,68f2d95bd190740cfd6a4114,ENQUEUED,0.05051739122216067,questions_in
2025-10-28T23:23:50.150017,PUBLISH,bb622c0191c54653a9f2f9264b3e02c4,68f2d95bd190740cfd6a1fd8,ENQUEUED,0.3338870752934466,questions_in
2025-10-28T23:23:53.132102,PUBLISH,e220b6f3edc047a39232ff38c373928d,68f2d95bd190740cfd6a235e,ENQUEUED,2.9768143301275796,questions_in
2025-10-28T23:23:54.087755,PUBLISH,50c0e94c4a864fd0b234e8bd28a680ad,68f2d95bd190740cfd6a263a,ENQUEUED,0.9525030148517241,questions_in
2025-10-28T23:23:54.151785,PUBLISH,7a4fac1fffda41d3a586f33b37523ec3,68f2d95bd190740cfd6a24fe,ENQUEUED,0.06149847084849545,questions_in
2025-10-28T23:23:55.216729,PUBLISH,49afc7009ea8416bbd6abde66df8a6d5,68f2d95bd190740cfd6a352a,ENQUEUED,1.0612170560612046,questions_in
2025-10-28T23:23:55.219243,PUBLISH,e54bc355859f43f480def2494e5f6423,68f2d95bd190740cfd6a3776,ENQUEUED,0.000549059042556912,questions_in
2025-10-28T23:23:56.854224,PUBLISH,16c7640250d645adb0a1ddbfba9c802e,68f2d95bd190740cfd6a3b5c,ENQUEUED,1.6314687369799994,questions_in
2025-10-28T23:23:57.218018,PUBLISH,ec110842aa7f4f6c94af236b53e0ef1c,68f2d95bd190740cfd6a3cbc,ENQUEUED,0.35894245601498187,questions_in
2025-10-28T23:23:57.292432,PUBLISH,3244ab0121c74fa3892b18049df6af75,68f2d95bd190740cfd6a2a36,ENQUEUED,0.07258641394131986,questions_in
2025-10-28T23:23:57.692264,PUBLISH,a2daa3650c284445a07bf488ad403040,68f2d95bd190740cfd6a3f5c,ENQUEUED,0.3974786622637025,questions_in
2025-10-28T23:23:57.701498,PUBLISH,6ef287f3c97543c5b52d1a079801d8f6,68f2d95bd190740cfd6a2d49,ENQUEUED,0.0064982296541457344,questions_in
2025-10-28T23:23:58.071810,PUBLISH,4146373562ed4cecba29c1ba861b2f7b,68f2d95bd190740cfd6a37ff,ENQUEUED,0.36819754211993017,questions_in
2025-10-28T23:24:00.283550,PUBLISH,27de72551e9b4f93a83754921a2219a4,68f2d95bd190740cfd6a1cb4,ENQUEUED,2.207146620750659,questions_in
2025-10-28T23:24:00.498651,PUBLISH,553427ae33d54cd98ebdc36e80111f3a,68f2d95bd190740cfd6a2a23,ENQUEUED,0.21190537039853882,questions_in
2025-10-28T23:24:00.529821,PUBLISH,29654e3d908b4d15ad147829e3f9fc1d,68f2d95bd190740cfd6a3485,ENQUEUED,0.029444956226471756,questions_in
2025-10-28T23:24:02.001826,PUBLISH,ca1a142ab93243a688317a983d178d55,68f2d95bd190740cfd6a3246,ENQUEUED,1.4667488235017958,questions_in
2025-10-28T23:24:02.738218,PUBLISH,4abce0618137476eab125c0efa24298b,68f2d95bd190740cfd6a1cde,ENQUEUED,0.7342986851409656,questions_in
2025-10-28T23:24:04.150646,PUBLISH,56552d5e6c6e4021856bac94e539510f,68f2d95bd190740cfd6a415a,ENQUEUED,1.4092241768337521,questions_in
2025-10-28T23:24:04.352785,PUBLISH,5db13a70c387443db58ce7afeab7f5ae,68f2d95bd190740cfd6a22eb,ENQUEUED,0.19591812721779067,questions_in
2025-10-28T23:24:04.644073,PUBLISH,13842ca9742b4a58806bcd080f2b57cd,68f2d95bd190740cfd6a1ad2,ENQUEUED,0.28956404735639485,questions_in
2025-10-28T23:24:05.772565,PUBLISH,67b57d77140f41758ae83c1b5c3cbfa1,68f2d95bd190740cfd6a2b11,ENQUEUED,1.1260938690215807,questions_in
2025-10-28T23:24:05.919925,PUBLISH,493c403e149443f6b657def062da0796,68f2d95bd190740cfd6a29c9,ENQUEUED,0.14442239759847386,questions_in
2025-10-28T23:24:06.285088,PUBLISH,164f9fc0e49b4c1d9ae8d847ad1f920a,68f2d95bd190740cfd6a2643,ENQUEUED,0.36264162471052647,questions_in
2025-10-28T23:24:06.906618,PUBLISH,95bb3a623c224f6e97add161ea9cd13c,68f2d95bd190740cfd6a2147,ENQUEUED,0.6193994198698395,questions_in
2025-10-28T23:24:07.176164,PUBLISH,28ae1fed6ec84d2fb96324a7b31d1e07,68f2d95bd190740cfd6a1b47,ENQUEUED,0.2677987266398871,questions_in
2025-10-28T23:24:08.875322,PUBLISH,0fb6798f2879437eb27f2b62bc1661d1,68f2d95bd190740cfd6a2eb4,ENQUEUED,1.695948695066862,questions_in
2025-10-28T23:24:08.901237,PUBLISH,81bcc635111a441680b0ab6c8b5eca24,68f2d95bd190740cfd6a2993,ENQUEUED,0.0237383631973845,questions_in
2025-10-28T23:24:09.034371,PUBLISH,fe692a51e1ce421c941d45a28671e93b,68f2d95bd190740cfd6a3db4,ENQUEUED,0.12988000728017465,questions_in
2025-10-28T23:24:09.468252,PUBLISH,bbfcebcb16ca40d9bd6546c850e84713,68f2d95bd190740cfd6a2106,ENQUEUED,0.431973986356353,questions_in
2025-10-28T23:24:09.814039,PUBLISH,0b6b49dbc4b84c36928af088d0ff2fcb,68f2d95bd190740cfd6a2699,ENQUEUED,0.34225867573176433,questions_in
2025-10-28T23:24:10.234627,PUBLISH,d83d29d69f654a29a57f31af830b53bf,68f2d95bd190740cfd6a2502,ENQUEUED,0.41758133873080777,questions_in
2025-10-28T23:24:11.567589,PUBLISH,375339a29af4487fabcb7a9da5a6ee05,68f2d95bd190740cfd6a2a57,ENQUEUED,1.330557123563251,questions_in
2025-10-28T23:24:12.207981,PUBLISH,a243052785fc4936bc879d29ad81df6a,68f2d95bd190740cfd6a3db3,ENQUEUED,0.6382363532906792,questions_in
2025-10-28T23:24:12.492135,PUBLISH,64214e85fbee4a5da62862ce04936f01,68f2d95bd190740cfd6a2cb2,ENQUEUED,0.28232979501873906,questions_in
2025-10-28T23:24:12.577077,PUBLISH,2295d922d92249f0ac6f07eabf22adc1,68f2d95bd190740cfd6a1af4,ENQUEUED,0.08302959188558724,questions_in
2025-10-28T23:24:13.231157,PUBLISH,d92436e7ce7348459ac2a04dee22e1de,68f2d95bd190740cfd6a28d2,ENQUEUED,0.650030308531499,questions_in
2025-10-28T23:24:14.698596,PUBLISH,dff7d780e6c74db0859dd832b5b9a478,68f2d95bd190740cfd6a2200,ENQUEUED,1.4640102946218783,questions_in
2025-10-28T23:24:14.841929,PUBLISH,af620485394848f28ce2eb4ea8874f44,68f2d95bd190740cfd6a41ce,ENQUEUED,0.14160183898425735,questions_in
2025-10-28T23:24:15.657504,PUBLISH,66be7aa78d894f3caa9efaa196214230,68f2d95bd190740cfd6a3890,ENQUEUED,0.8131320662306702,questions_in
2025-10-28T23:24:16.029375,PUBLISH,ec5bfef9cc274d16b4a3398b800357a8,68f2d95bd190740cfd6a3d15,ENQUEUED,0.36814634915576444,questions_in
2025-10-28T23:24:17.273035,PUBLISH,9f12028b3d06413d9ba87c2559313dab,68f2d95bd190740cfd6a2be6,ENQUEUED,1.2413356789443173,questions_in
2025-10-28T23:24:17.441628,PUBLISH,55300e0632b54f42900fda264f2c3b0a,68f2d95bd190740cfd6a1e64,ENQUEUED,0.16655706768041367,questions_in
2025-10-28T23:24:17.718511,PUBLISH,d81b261004314068810641fa06a69e9b,68f2d95bd190740cfd6a3287,ENQUEUED,0.27465052340521806,questions_in
2025-10-28T23:24:17.739412,PUBLISH,8324b9cc8e5442e9ae23a6db89501223,68f2d95bd190740cfd6a33a2,ENQUEUED,0.01862753767929509,questions_in
2025-10-28T23:24:21.123531,PUBLISH,8ca8de7082d54eb39bbd6cf25b865337,68f2d95bd190740cfd6a22cf,ENQUEUED,3.378935713506383,questions_in
2025-10-28T23:24:21.505528,PUBLISH,c4053a2352f146529a9a2ac053314fbf,68f2d95bd190740cfd6a3623,ENQUEUED,0.3798096779101025,questions_in
2025-10-28T23:24:21.673068,PUBLISH,6f2453b7b92d4abc85dcf96618c8bca5,68f2d95bd190740cfd6a1e1b,ENQUEUED,0.16591696785695112,questions_in
2025-10-28T23:24:21.780254,PUBLISH,8a9489dcc7fb49368af31eb880547673,68f2d95bd190740cfd6a3095,ENQUEUED,0.10457856674844308,questions_in
2025-10-28T23:24:23.341335,PUBLISH,582e4c4dd70b431f95b57e9000da5303,68f2d95bd190740cfd6a379f,ENQUEUED,1.558628081097411,questions_in
2025-10-28T23:24:23.706592,PUBLISH,bc12265115604a7cb001a8bca2c8d0a7,68f2d95bd190740cfd6a297d,ENQUEUED,0.3634377112411138,questions_in
2025-10-28T23:24:24.699709,PUBLISH,d7d5e6c0056d43879f54fa7163ecff5e,68f2d95bd190740cfd6a3734,ENQUEUED,0.9907063694379148,questions_in
2025-10-28T23:24:24.733337,PUBLISH,1da90c164ffb4c71b1657ea970ff88fe,68f2d95bd190740cfd6a351c,ENQUEUED,0.03183150548849809,questions_in
2025-10-28T23:24:25.047044,PUBLISH,d045510ecfd84f26b0274379d83c6e3b,68f2d95bd190740cfd6a34d0,ENQUEUED,0.31160968577552256,questions_in
2025-10-28T23:24:25.959583,PUBLISH,47a3eb58784b4282bd4bc0ccb7dca6bc,68f2d95bd190740cfd6a38c2,ENQUEUED,0.9088524102293869,questions_in
2025-10-28T23:24:27.279858,PUBLISH,2e9ebeca2d304942ab3c38b5bb286186,68f2d95bd190740cfd6a4175,ENQUEUED,1.3143570205299981,questions_in
2025-10-28T23:24:29.069539,PUBLISH,764661aaf3774e0dba50f599de4b2e1c,68f2d95bd190740cfd6a4030,ENQUEUED,1.7862032780980366,questions_in
2025-10-28T23:24:30.883437,PUBLISH,1d04761f9ca04521b7e4e3c701731d46,68f2d95bd190740cfd6a276a,ENQUEUED,1.809499952282381,questions_in
2025-10-28T23:24:31.000018,PUBLISH,005fa1c05d1645bf93cbfbe7e541b291,68f2d95bd190740cfd6a3ad1,ENQUEUED,0.11478919255514523,questions_in
2025-10-28T23:24:32.527965,PUBLISH,8a14c88bbd694c939f4ba2b5458bee4c,68f2d95bd190740cfd6a301c,ENQUEUED,1.5238513640849984,questions_in
2025-10-28T23:24:33.647016,PUBLISH,d0957de5c04b4b46ba5a9b4e6c1f214a,68f2d95bd190740cfd6a2a5e,ENQUEUED,1.1172460856073276,questions_in
2025-10-28T23:24:33.702942,PUBLISH,7dc5080043254a1b970c5d62cc6436fe,68f2d95bd190740cfd6a2678,ENQUEUED,0.05345680232076496,questions_in
2025-10-28T23:24:33.846390,PUBLISH,4d4e838b7f3a4795b325817b84e9a3ac,68f2d95bd190740cfd6a3bea,ENQUEUED,0.13754924120322268,questions_in
2025-10-28T23:24:33.870910,PUBLISH,69cfdabe30644054b292885d676409cf,68f2d95bd190740cfd6a2ca5,ENQUEUED,0.022477594612982234,questions_in
2025-10-28T23:24:35.980944,PUBLISH,3deaa515b2ac4505b27ee8f0e07016f4,68f2d95bd190740cfd6a37a2,ENQUEUED,2.106337878964351,questions_in
2025-10-28T23:24:36.462931,PUBLISH,b5b4a6b1b6e34202b65c8e3c50564049,68f2d95bd190740cfd6a4182,ENQUEUED,0.4800167535607443,questions_in
2025-10-28T23:24:36.853952,PUBLISH,f91308b8a9a049d3a73466aa4b43ccd4,68f2d95bd190740cfd6a3c54,ENQUEUED,0.38900507652228405,questions_in
2025-10-28T23:24:37.556101,PUBLISH,c4f3b8f5c60c414286aabd7d417a166d,68f2d95bd190740cfd6a274a,ENQUEUED,0.6951224600681875,questions_in
2025-10-28T23:24:38.627545,PUBLISH,4a068e90989f48d6be7457bf2ea58b59,68f2d95bd190740cfd6a3bfc,ENQUEUED,1.0657612358688937,questions_in
2025-10-28T23:24:38.941317,PUBLISH,2cd5cd70c04c4259b7196d9bdf241b57,68f2d95bd190740cfd6a3802,ENQUEUED,0.30990541993025267,questions_in
2025-10-28T23:24:39.285862,PUBLISH,827d5509b6064d51835c3ed31f8a4e89,68f2d95bd190740cfd6a411e,ENQUEUED,0.34230993268032295,questions_in
2025-10-28T23:24:39.317766,PUBLISH,6e1ca20191a84e8ea00023937df18136,68f2d95bd190740cfd6a3d6a,ENQUEUED,0.03002895108155397,questions_in
2025-10-28T23:24:39.768482,PUBLISH,b73cd22b8f70453b88ef48b4165c8c3e,68f2d95bd190740cfd6a3387,ENQUEUED,0.44845906112441486,questions_in
2025-10-28T23:24:42.400736,PUBLISH,399edf9789d8470089e510fbda69c137,68f2d95bd190740cfd6a25eb,ENQUEUED,2.628017488545363,questions_in
2025-10-28T23:24:42.422189,PUBLISH,839e0177dbe2465084c7d29b7d301033,68f2d95bd190740cfd6a3340,ENQUEUED,0.018852734629382594,questions_in
2025-10-28T23:24:42.581464,PUBLISH,6e2b698406724b858b8543263aa21ee8,68f2d95bd190740cfd6a227e,ENQUEUED,0.15707665580687322,questions_in
2025-10-28T23:24:43.097538,PUBLISH,67d403552d894af3b2173fefd26f65f1,68f2d95bd190740cfd6a3780,ENQUEUED,0.5138996932390089,questions_in
2025-10-28T23:24:43.413286,PUBLISH,725ab33680d6469aa19670b395193162,68f2d95bd190740cfd6a2f7e,ENQUEUED,0.3137132407821542,questions_in
2025-10-28T23:24:43.563273,PUBLISH,ac1456294b2a4d57973d3223860b9d55,68f2d95bd190740cfd6a2267,ENQUEUED,0.14775605586772175,questions_in
2025-10-28T23:24:44.360993,PUBLISH,e6f74292d8f04464a7edbc8be812b8cf,68f2d95bd190740cfd6a1d27,ENQUEUED,0.7954553451129452,questions_in
2025-10-28T23:24:44.366773,PUBLISH,d54d9fa9c7394d078fe97278b334c37d,68f2d95bd190740cfd6a2ae3,ENQUEUED,0.004321124161007077,questions_in
2025-10-28T23:24:44.611346,PUBLISH,7dfb8ff58bda4bf2b2674f047a121e47,68f2d95bd190740cfd6a297a,ENQUEUED,0.24213660446357174,questions_in
2025-10-28T23:24:45.008949,PUBLISH,484dd1bfbc7f4693924bb5d248af94e4,68f2d95bd190740cfd6a23dc,ENQUEUED,0.39453918584713016,questions_in
2025-10-28T23:24:45.183391,PUBLISH,8953da88eb64478290118ccec956452c,68f2d95bd190740cfd6a2a6b,ENQUEUED,0.17009567088841082,questions_in
2025-10-28T23:24:46.948363,PUBLISH,16e77e05fc724c1faeb4ae212fc4c2e1,68f2d95bd190740cfd6a4160,ENQUEUED,1.7578494028321385,questions_in
2025-10-28T23:24:47.859779,PUBLISH,a7ebcc24d94b4a448a8821386f157cf1,68f2d95bd190740cfd6a3bc5,ENQUEUED,0.9072428852665498,questions_in
2025-10-28T23:24:47.962446,PUBLISH,2446a16583a343fdac4eb8c1cec928c4,68f2d95bd190740cfd6a2872,ENQUEUED,0.09643076167661213,questions_in
2025-10-28T23:24:48.075983,PUBLISH,13a4d1b4a810462ea81f485af61a81a8,68f2d95bd190740cfd6a283e,ENQUEUED,0.11080348593345508,questions_in
2025-10-28T23:24:49.825001,PUBLISH,01be401a79c946d0aeb160a4eb620d00,68f2d95bd190740cfd6a37eb,ENQUEUED,1.7450349795141609,questions_in
2025-10-28T23:24:50.158782,PUBLISH,d81ec9c090ae4307b1a8d36f6ab0238c,68f2d95bd190740cfd6a3c0d,ENQUEUED,0.3271168326267143,questions_in
2025-10-28T23:24:50.179901,PUBLISH,75f1446a210742b0acacbc9ff39dbdba,68f2d95bd190740cfd6a201d,ENQUEUED,0.018364182465246282,questions_in
2025-10-28T23:24:51.040946,PUBLISH,5c7a06d5fa424873b246960b805b2857,68f2d95bd190740cfd6a220c,ENQUEUED,0.8527830163273702,questions_in
2025-10-28T23:24:52.249391,PUBLISH,6157ad54868a46c2ae5b2f0c5fc8fc07,68f2d95bd190740cfd6a3c98,ENQUEUED,1.2054372723101923,questions_in
2025-10-28T23:24:53.058366,PUBLISH,b6d4651ad4314f1886e6faec5fc68d4f,68f2d95bd190740cfd6a2284,ENQUEUED,0.806734401913422,questions_in
2025-10-28T23:24:56.467181,PUBLISH,5f7cd06e3a7e47b3bb46783ef2d41e6d,68f2d95bd190740cfd6a1fda,ENQUEUED,3.4041641909072187,questions_in
2025-10-28T23:24:56.778511,PUBLISH,3a25023bef934a8399b7ab4357d9aef0,68f2d95bd190740cfd6a3d86,ENQUEUED,0.3091346402768257,questions_in
2025-10-28T23:24:57.310476,PUBLISH,d9abd35924334f339c60065b01bf3d02,68f2d95bd190740cfd6a253d,ENQUEUED,0.5293495081074836,questions_in
2025-10-28T23:24:58.046468,PUBLISH,a1258f241a9e455387bfb934edf6dfa0,68f2d95bd190740cfd6a2d37,ENQUEUED,0.7329306874926987,questions_in
2025-10-28T23:24:58.281932,PUBLISH,163fc8ad04264f89a5f6416a2ca280bf,68f2d95bd190740cfd6a40f5,ENQUEUED,0.2332151042689968,questions_in
2025-10-28T23:24:58.680601,PUBLISH,73441a7878b341deb521ce449ff6a090,68f2d95bd190740cfd6a287c,ENQUEUED,0.39658190151930905,questions_in
2025-10-28T23:24:59.707716,PUBLISH,f30ea167dc964c30a10e6a2fd2f1e816,68f2d95bd190740cfd6a2f16,ENQUEUED,1.0231961992708876,questions_in
2025-10-28T23:25:00.729418,PUBLISH,fb39acaf1557477da1da2dd25ab2be5f,68f2d95bd190740cfd6a2cfc,ENQUEUED,1.0197906740477445,questions_in
2025-10-28T23:25:04.879258,PUBLISH,3c6385b2fee543238c4c4cbd0fdbfdbb,68f2d95bd190740cfd6a3b51,ENQUEUED,4.144680301260747,questions_in
2025-10-28T23:25:06.021377,PUBLISH,4a413753c25e461399a75a075f3128c8,68f2d95bd190740cfd6a4168,ENQUEUED,1.140152964483207,questions_in
2025-10-28T23:25:06.856250,PUBLISH,a5bb1b85518444aeafa9c1cce15ac9bd,68f2d95bd190740cfd6a2fe3,ENQUEUED,0.8326157368887043,questions_in
2025-10-28T23:25:07.378184,PUBLISH,a821f4d422ca406eae02e882345d0cc6,68f2d95bd190740cfd6a3d78,ENQUEUED,0.5201914690800399,questions_in
2025-10-28T23:25:08.579674,PUBLISH,90df30f98aed4f8c81100dafec33d9d5,68f2d95bd190740cfd6a2bf2,ENQUEUED,1.1976784452807387,questions_in
2025-10-28T23:25:09.011761,PUBLISH,b9ce357bdb7d4e849057f2b6c922067d,68f2d95bd190740cfd6a2210,ENQUEUED,0.42955908445501584,questions_in
2025-10-28T23:25:09.272316,PUBLISH,8e1f174e5b384a448843f9582aedc612,68f2d95bd190740cfd6a3d7c,ENQUEUED,0.25697641331428384,questions_in
2025-10-28T23:25:09.909306,PUBLISH,b13517c88a8a461caa31c06251c2ac87,68f2d95bd190740cfd6a1cbd,ENQUEUED,0.6348762316273343,questions_in
2025-10-28T23:25:10.215651,PUBLISH,0ef8103539fe4d0babc84d0d9107c70c,68f2d95bd190740cfd6a2815,ENQUEUED,0.30435787232270234,questions_in
2025-10-28T23:25:10.854320,PUBLISH,acdbb0c992314627b2d5723d1f396f4e,68f2d95bd190740cfd6a2681,ENQUEUED,0.6361177380221568,questions_in
2025-10-28T23:25:11.498638,PUBLISH,24affdfb59b242089004306de6fc5e00,68f2d95bd190740cfd6a2561,ENQUEUED,0.6419987508383901,questions_in
2025-10-28T23:25:14.092399,PUBLISH,0fba14a214b6415f843fa6de70e27d14,68f2d95bd190740cfd6a27bf,ENQUEUED,2.59020016994452,questions_in
2025-10-28T23:25:14.352391,PUBLISH,7f7b07a7e0cd4cd68d3e8b8ab94f0182,68f2d95bd190740cfd6a35ab,ENQUEUED,0.2576083460149852,questions_in
2025-10-28T23:25:15.352831,PUBLISH,b5efcef2c9654f2eba38290177a8aa4e,68f2d95bd190740cfd6a2025,ENQUEUED,0.9980558461253084,questions_in
2025-10-28T23:25:16.539421,PUBLISH,04b09f29f23a41ee9df7f85d50df3093,68f2d95bd190740cfd6a3a98,ENQUEUED,1.1840734801593829,questions_in
2025-10-28T23:25:16.858084,PUBLISH,79c8a3cae9364aa2bad06319eb3f8562,68f2d95bd190740cfd6a2828,ENQUEUED,0.3121559370956896,questions_in
2025-10-28T23:25:17.823635,PUBLISH,4d37923fe17249399e5259381c14f481,68f2d95bd190740cfd6a2db2,ENQUEUED,0.9629427599315793,questions_in
2025-10-28T23:25:18.246138,PUBLISH,9831361a732344e7af0cf4a0bdd532a0,68f2d95bd190740cfd6a3fd2,ENQUEUED,0.42047801362013487,questions_in
2025-10-28T23:25:18.582486,PUBLISH,89e95100f2ab4991adf8a549ddb3f5f0,68f2d95bd190740cfd6a33bb,ENQUEUED,0.33311647073700473,questions_in
2025-10-28T23:25:18.602313,PUBLISH,1b05d0f4530348dd858003c1327e379f,68f2d95bd190740cfd6a1e47,ENQUEUED,0.018085285615267472,questions_in
2025-10-28T23:25:18.735506,PUBLISH,f167d5ebf67942aca3bccb298689b488,68f2d95bd190740cfd6a2f9e,ENQUEUED,0.12862460198814352,questions_in
2025-10-28T23:25:19.244444,PUBLISH,f3943dacb3a44012b9c84e94498ce3d7,68f2d95bd190740cfd6a267f,ENQUEUED,0.5067505436671287,questions_in
2025-10-28T23:25:19.658775,PUBLISH,1adb1a6273204fdf8e45eb97e8911e44,68f2d95bd190740cfd6a201d,ENQUEUED,0.4113039781797601,questions_in
2025-10-28T23:25:19.884206,PUBLISH,5632832ebf544980a7ac49a75d8ac90e,68f2d95bd190740cfd6a3427,ENQUEUED,0.22283532122707442,questions_in
2025-10-28T23:25:20.841559,PUBLISH,562e1111e8da4efabaee43bd7040e085,68f2d95bd190740cfd6a3ffc,ENQUEUED,0.9551772473277459,questions_in
2025-10-28T23:25:21.056536,PUBLISH,479575f0f09b4850adf28a02b0ffc603,68f2d95bd190740cfd6a21f9,ENQUEUED,0.21285701428160786,questions_in
2025-10-28T23:25:23.371830,PUBLISH,bc125c3305ef42b09f9c4884ca2fb62a,68f2d95bd190740cfd6a3c79,ENQUEUED,2.310252496109722,questions_in
2025-10-28T23:25:24.267138,PUBLISH,34a9506f74454fdf9e11b817892c281d,68f2d95bd190740cfd6a3598,ENQUEUED,0.8897760416085746,questions_in
2025-10-28T23:25:24.686050,PUBLISH,c18e4ccae60f40ed8cac68138ebe3c10,68f2d95bd190740cfd6a3528,ENQUEUED,0.4130529944718267,questions_in
2025-10-28T23:25:25.344306,PUBLISH,1c18b7e0c044400e8d5e87774c7f7b89,68f2d95bd190740cfd6a3298,ENQUEUED,0.6566093903424584,questions_in
2025-10-28T23:25:25.978264,PUBLISH,fe9d2dacdddd424cb86c9f975f24ef67,68f2d95bd190740cfd6a1bac,ENQUEUED,0.631905860612256,questions_in
2025-10-28T23:25:26.721476,PUBLISH,5dda23b3d2db4ff78f463c08b29b4e94,68f2d95bd190740cfd6a39d1,ENQUEUED,0.7409545106251737,questions_in
2025-10-28T23:25:28.587384,PUBLISH,22a15e5dc093482f8c4287785903e681,68f2d95bd190740cfd6a1c9a,ENQUEUED,1.856764186277769,questions_in
2025-10-28T23:25:29.269333,PUBLISH,373ad24a48b54ca48043a2da23158134,68f2d95bd190740cfd6a340f,ENQUEUED,0.6801954155084097,questions_in
2025-10-28T23:25:29.450109,PUBLISH,8f8fea1984dd49b6888191682d5f430a,68f2d95bd190740cfd6a261d,ENQUEUED,0.178571102394213,questions_in
2025-10-28T23:25:30.091202,PUBLISH,0406917c84a5491e8ae2fd7f4592e371,68f2d95bd190740cfd6a28c7,ENQUEUED,0.6395099943612336,questions_in
2025-10-28T23:25:30.516113,PUBLISH,d38a4c595339423f96b424ac63cd129b,68f2d95bd190740cfd6a25a7,ENQUEUED,0.4224776724272503,questions_in
2025-10-28T23:25:30.757929,PUBLISH,6ce3161712a54b7296a77c117b5656a8,68f2d95bd190740cfd6a3b04,ENQUEUED,0.2399802435922405,questions_in
2025-10-28T23:25:31.090088,PUBLISH,b0a4646eb8094a7385d8d3a1a77f3503,68f2d95bd190740cfd6a2657,ENQUEUED,0.3282003573284093,questions_in
2025-10-28T23:25:31.573808,PUBLISH,79d30dd959064f9483d3ded2b24df7d3,68f2d95bd190740cfd6a2098,ENQUEUED,0.47887342032839614,questions_in
2025-10-28T23:25:31.765522,PUBLISH,d0ee8802fc7749d7b91acf92ee6cd6db,68f2d95bd190740cfd6a3746,ENQUEUED,0.18870001506044687,questions_in
2025-10-28T23:25:32.699198,PUBLISH,88ba78ef99e0467a85e061b9fa4d1689,68f2d95bd190740cfd6a32b3,ENQUEUED,0.9290494155235952,questions_in
2025-10-28T23:25:32.887193,PUBLISH,38cc20fbc8ef43c888deec1b51701344,68f2d95bd190740cfd6a2f7f,ENQUEUED,0.18594484201359737,questions_in
2025-10-28T23:25:33.514779,PUBLISH,16f0302117044d439057b200b2849d3e,68f2d95bd190740cfd6a3c4d,ENQUEUED,0.6239448535077742,questions_in
2025-10-28T23:25:34.268987,PUBLISH,5f91d067a1b14f5098f89e0b0f14c12f,68f2d95bd190740cfd6a3c0a,ENQUEUED,0.7518425515374073,questions_in
2025-10-28T23:25:35.371755,PUBLISH,f678458b1f9348c2b0982486a203b562,68f2d95bd190740cfd6a3cc1,ENQUEUED,1.0974827906678468,questions_in
2025-10-28T23:25:36.304700,PUBLISH,6de8522dec9b4714bcab406d9186e23c,68f2d95bd190740cfd6a2eba,ENQUEUED,0.9298146207280845,questions_in
2025-10-28T23:25:36.916978,PUBLISH,4cc932e386cd404890ef841b926db7e3,68f2d95bd190740cfd6a31bd,ENQUEUED,0.6104699874337811,questions_in
2025-10-28T23:25:37.197993,PUBLISH,ba58274264a84e3c8b7281fa55d2f130,68f2d95bd190740cfd6a40eb,ENQUEUED,0.2779851264065485,questions_in
2025-10-28T23:25:37.501160,PUBLISH,fc089497cf284c9984f3f2053f219d96,68f2d95bd190740cfd6a1d24,ENQUEUED,0.30074496408747736,questions_in
2025-10-28T23:25:39.056957,PUBLISH,c906d7b53e844827bfc4e503c3fc1df5,68f2d95bd190740cfd6a3825,ENQUEUED,1.5520355473331682,questions_in
2025-10-28T23:25:39.580891,PUBLISH,69e6dbc589264ea3bbb882014835bdde,68f2d95bd190740cfd6a29f2,ENQUEUED,0.5212555221447587,questions_in
2025-10-28T23:25:41.467318,PUBLISH,4a9a6024811a467cb41e58bbe6094c6d,68f2d95bd190740cfd6a2cb7,ENQUEUED,1.883374287127361,questions_in
2025-10-28T23:25:41.648345,PUBLISH,c522d2ef83d748a989d3c37df68c89e1,68f2d95bd190740cfd6a20f0,ENQUEUED,0.17908006750158267,questions_in
2025-10-28T23:25:42.205057,PUBLISH,26aa85ad5f4d47ddb8702ee4f33a4be9,68f2d95bd190740cfd6a3311,ENQUEUED,0.5548942936808956,questions_in
2025-10-28T23:25:42.484403,PUBLISH,3469d980adf54750930c4cf08a37262b,68f2d95bd190740cfd6a24a5,ENQUEUED,0.2768902185845713,questions_in
2025-10-28T23:25:44.120146,PUBLISH,6ca556cc3b14425fa425c0ce13feb499,68f2d95bd190740cfd6a2af2,ENQUEUED,1.633311173949979,questions_in
2025-10-28T23:25:44.966170,PUBLISH,9f05c71d8b7149f884787adc1a4d6729,68f2d95bd190740cfd6a3815,ENQUEUED,0.8441019837516371,questions_in
2025-10-28T23:25:45.689278,PUBLISH,218a0f769cd444e8b70770cd490be7e2,68f2d95bd190740cfd6a2718,ENQUEUED,0.7212396655190981,questions_in
2025-10-28T23:25:46.235988,PUBLISH,8c512770c89e44ee895a68f3dfa792fa,68f2d95bd190740cfd6a264b,ENQUEUED,0.5444884643562086,questions_in
2025-10-28T23:25:46.744140,PUBLISH,72ac0ef2b3014a12bfbef4042103d050,68f2d95bd190740cfd6a3ab9,ENQUEUED,0.5028663647549918,questions_in
2025-10-28T23:25:47.030183,PUBLISH,635a6d687e6a46b2bde9540806c035e4,68f2d95bd190740cfd6a208e,ENQUEUED,0.28187909246610926,questions_in
2025-10-28T23:25:49.234639,PUBLISH,344c797179ed4297a59570ed94a05a8f,68f2d95bd190740cfd6a2587,ENQUEUED,2.200213780781642,questions_in
2025-10-28T23:25:49.731275,PUBLISH,e30bc8404a8949a9838a563e2a6cca03,68f2d95bd190740cfd6a38ce,ENQUEUED,0.49485128324045907,questions_in
2025-10-28T23:25:50.832305,PUBLISH,e804b284d7c44ff3b9465d0e858c390a,68f2d95bd190740cfd6a36a9,ENQUEUED,1.0986695686102934,questions_in
2025-10-28T23:25:50.900005,PUBLISH,a894203f57d54441b548502d13f268fe,68f2d95bd190740cfd6a3f7e,ENQUEUED,0.06574064057043391,questions_in
2025-10-28T23:25:51.484931,PUBLISH,00f6e6f84e1742f4ab8fb66a807034ef,68f2d95bd190740cfd6a24e7,ENQUEUED,0.5793327696283505,questions_in
2025-10-28T23:25:51.801805,PUBLISH,ae0d807e89fd4b6287e8ff408dcc789b,68f2d95bd190740cfd6a2f5a,ENQUEUED,0.3137427877842477,questions_in
2025-10-28T23:25:51.820773,PUBLISH,937c5958797746d4a26a7c946d107bc7,68f2d95bd190740cfd6a27c1,ENQUEUED,0.016987194395071018,questions_in
2025-10-28T23:25:53.428719,PUBLISH,438b45e90b654df693228c4376efcdcf,68f2d95bd190740cfd6a35fb,ENQUEUED,1.605024631276866,questions_in
2025-10-28T23:25:55.621807,PUBLISH,29f6130f16dc4c239e9c7941b10f72f2,68f2d95bd190740cfd6a203c,ENQUEUED,2.1895716160162912,questions_in
2025-10-28T23:25:56.712107,PUBLISH,d47d568b109b415fa5e3d3cfe1fc8d8f,68f2d95bd190740cfd6a3aa6,ENQUEUED,1.0880783271721122,questions_in
2025-10-28T23:26:00.769091,PUBLISH,64b3d9900f3a4ea4a8ab8a3e779d1cb4,68f2d95bd190740cfd6a34db,ENQUEUED,4.0517621547249885,questions_in
2025-10-28T23:26:00.905934,PUBLISH,92c64f5192074567aed5f24901065998,68f2d95bd190740cfd6a1c81,ENQUEUED,0.13419657748246883,questions_in
2025-10-28T23:26:02.814278,PUBLISH,17d1351b366848138b0562a450c64af5,68f2d95bd190740cfd6a2d64,ENQUEUED,1.9047818725610959,questions_in
2025-10-28T23:26:03.153928,PUBLISH,848cbb45567e48728a63041b2e76acf0,68f2d95bd190740cfd6a2cf0,ENQUEUED,0.33757181778125545,questions_in
2025-10-28T23:26:05.048558,PUBLISH,c6dc0fa7385e45808778bd0f01d62c77,68f2d95bd190740cfd6a37d1,ENQUEUED,1.8908571635278013,questions_in
2025-10-28T23:26:06.262565,PUBLISH,0eaed64f634848a592f901cbe9d3ba7b,68f2d95bd190740cfd6a3e68,ENQUEUED,1.2033185884020292,questions_in
2025-10-28T23:26:07.418480,PUBLISH,37f8bbb6e86747828390de91fbc5a072,68f2d95bd190740cfd6a2edb,ENQUEUED,1.1536145219727654,questions_in
2025-10-28T23:26:07.827842,PUBLISH,51ec14ee135945bf83153b28498de6d9,68f2d95bd190740cfd6a3eaf,ENQUEUED,0.40144669544478034,questions_in
2025-10-28T23:26:09.432872,PUBLISH,4fd3fa336306495081d39927e76cbfef,68f2d95bd190740cfd6a1e37,ENQUEUED,1.601802880802313,questions_in
2025-10-28T23:26:09.540840,PUBLISH,b44125523a2247aaab572257f136bde2,68f2d95bd190740cfd6a3231,ENQUEUED,0.10521312572975244,questions_in
2025-10-28T23:26:10.395387,PUBLISH,e06d6c0e7bf34a3baefacf21a42545c8,68f2d95bd190740cfd6a2dc1,ENQUEUED,0.8496369877212233,questions_in
2025-10-28T23:26:11.285438,PUBLISH,4e80897779e8459d910009d8834938f2,68f2d95bd190740cfd6a32af,ENQUEUED,0.887238014181137,questions_in
2025-10-28T23:26:11.651741,PUBLISH,7e8c997217f3400f8a21ac1b5a1d269c,68f2d95bd190740cfd6a40aa,ENQUEUED,0.3643689680058771,questions_in
2025-10-28T23:26:11.758157,PUBLISH,7dc02686166d40ce82682ba03e0e553d,68f2d95bd190740cfd6a38a4,ENQUEUED,0.10401666392505082,questions_in
2025-10-28T23:26:12.633120,PUBLISH,6e4b750ac327483ea65749d2e7ac4cf4,68f2d95bd190740cfd6a31e1,ENQUEUED,0.8733451718372267,questions_in
2025-10-28T23:26:14.614346,PUBLISH,9aa76962be82455ebcacad2656ffbe05,68f2d95bd190740cfd6a3469,ENQUEUED,1.9782655665064175,questions_in
2025-10-28T23:26:17.059210,PUBLISH,b336e06331244884aa5c255649e9ff51,68f2d95bd190740cfd6a391a,ENQUEUED,2.440353947488345,questions_in
2025-10-28T23:26:17.090176,PUBLISH,341b007aea8847a7baa75d1a513e7c60,68f2d95bd190740cfd6a21f9,ENQUEUED,0.029055231970897332,questions_in
2025-10-28T23:26:17.487808,PUBLISH,8ec9ad13d5984d6f94effd4dd1ff3585,68f2d95bd190740cfd6a23c2,ENQUEUED,0.39401408781565417,questions_in
2025-10-28T23:26:18.608253,PUBLISH,f3cd9f1a7f774e148bdd01ef6b882dc7,68f2d95bd190740cfd6a3873,ENQUEUED,1.1168619209916606,questions_in
2025-10-28T23:26:19.827898,PUBLISH,31abc11d24fe4bafbd8ab367e9e14ad2,68f2d95bd190740cfd6a3334,ENQUEUED,1.216393076695306,questions_in
2025-10-28T23:26:20.411153,PUBLISH,ec2bb65fa8de42b3b1e6c922453b48dc,68f2d95bd190740cfd6a3524,ENQUEUED,0.5772073561180673,questions_in
2025-10-28T23:26:20.807971,PUBLISH,83ff87f10c554e899b30457d56b36593,68f2d95bd190740cfd6a31ad,ENQUEUED,0.39456143619597756,questions_in
2025-10-28T23:26:21.595472,PUBLISH,7db620f3028d4d66820a8ccdfd554156,68f2d95bd190740cfd6a410b,ENQUEUED,0.7849496918566755,questions_in
2025-10-28T23:26:23.440647,PUBLISH,a896d6e075334290a4bc8cd65b1e5161,68f2d95bd190740cfd6a266e,ENQUEUED,1.8408592043431309,questions_in
2025-10-28T23:26:23.811417,PUBLISH,0c0e62520aba40a69f05e45b0d2736d9,68f2d95bd190740cfd6a36bc,ENQUEUED,0.3683796988098234,questions_in
2025-10-28T23:26:24.660403,PUBLISH,42888fa953684c4cbd3d1b0fb18c67b8,68f2d95bd190740cfd6a2e02,ENQUEUED,0.8467853026286877,questions_in
2025-10-28T23:26:24.880498,PUBLISH,4074d2c7adbf45cd8a1e20c6faa7c30d,68f2d95bd190740cfd6a2bed,ENQUEUED,0.21822986153642643,questions_in
2025-10-28T23:26:24.978920,PUBLISH,01a888707c924f94b6afc2c992ab68f9,68f2d95bd190740cfd6a2302,ENQUEUED,0.09661977071670406,questions_in
2025-10-28T23:26:25.173150,PUBLISH,6242d6af3b9d415e9dc46b2ac2a7738e,68f2d95bd190740cfd6a2a0e,ENQUEUED,0.1879941614257071,questions_in
2025-10-28T23:26:26.339468,PUBLISH,f3aacbf19d9142de99be585618761b2e,68f2d95bd190740cfd6a2efa,ENQUEUED,1.1639849747677513,questions_in
2025-10-28T23:26:27.409688,PUBLISH,77692a1307fd4e82a4c3c46fadda9327,68f2d95bd190740cfd6a3f74,ENQUEUED,1.0638576302242795,questions_in
2025-10-28T23:26:27.517393,PUBLISH,34893a215f7c47ed96fca1e0f46acae4,68f2d95bd190740cfd6a3dbe,ENQUEUED,0.1032085245964286,questions_in
2025-10-28T23:26:28.024006,PUBLISH,e53b4941f51a46a19080e552e5fe91da,68f2d95bd190740cfd6a2162,ENQUEUED,0.5011573396020339,questions_in
2025-10-28T23:26:28.422700,PUBLISH,b098503eb6a1401fad1861aab217c607,68f2d95bd190740cfd6a2b3a,ENQUEUED,0.39567302073212257,questions_in
2025-10-28T23:26:29.820594,PUBLISH,bcf603c0818841498fa600564c40e749,68f2d95bd190740cfd6a31a9,ENQUEUED,1.3946204490910958,questions_in
2025-10-28T23:26:30.332111,PUBLISH,fdf87446431747bea54b7ea1dcce6fe7,68f2d95bd190740cfd6a1f96,ENQUEUED,0.5093825401204123,questions_in
2025-10-28T23:26:30.572150,PUBLISH,4a09754409764f6c968be930cfccb1fb,68f2d95bd190740cfd6a38fa,ENQUEUED,0.23811299205747613,questions_in
2025-10-28T23:26:31.037218,PUBLISH,e7bb36add9364516b8daa289287f36f3,68f2d95bd190740cfd6a2a11,ENQUEUED,0.4625381384298109,questions_in
2025-10-28T23:26:31.217309,PUBLISH,437489ba8e474934a7302db186307393,68f2d95bd190740cfd6a25d1,ENQUEUED,0.17710370332395795,questions_in
2025-10-28T23:26:31.798111,PUBLISH,64e2c38dabf747c2ae015f3f7f1eaaa2,68f2d95bd190740cfd6a29d8,ENQUEUED,0.5782425940916133,questions_in
2025-10-28T23:26:33.436771,PUBLISH,89a1e7bb21d44487958864209e0cd254,68f2d95bd190740cfd6a3902,ENQUEUED,1.6349694591384392,questions_in
2025-10-28T23:26:33.452141,PUBLISH,e71a29e5176c4ef7a9e8cee0382896cc,68f2d95bd190740cfd6a22c0,ENQUEUED,0.011852919581288146,questions_in
2025-10-28T23:26:33.611754,PUBLISH,2ecf5c3253974817924cc417d6b62677,68f2d95bd190740cfd6a24bd,ENQUEUED,0.15639685320233285,questions_in
2025-10-28T23:26:34.247385,PUBLISH,608170f313ac4edf90e60e5b31512e88,68f2d95bd190740cfd6a2d6c,ENQUEUED,0.6333962698362846,questions_in
2025-10-28T23:26:34.440606,PUBLISH,b5f63d93746d4f49b82c087ea05a01a4,68f2d95bd190740cfd6a29eb,ENQUEUED,0.1915193292920773,questions_in
2025-10-28T23:26:35.220382,PUBLISH,e9b18bdbcaf24edabfb05fa15c0e2511,68f2d95bd190740cfd6a2b90,ENQUEUED,0.7776523964206006,questions_in
2025-10-28T23:26:35.336968,PUBLISH,b35401d56d864d77b725ddf7a9d052cd,68f2d95bd190740cfd6a1df3,ENQUEUED,0.11182923547855976,questions_in
2025-10-28T23:26:35.598824,PUBLISH,dc642ea916784f71aade52f215053d49,68f2d95bd190740cfd6a3cde,ENQUEUED,0.25941024551893793,questions_in
2025-10-28T23:26:36.234436,PUBLISH,af0ed2ef27d3430695aeacd2e7c2ba64,68f2d95bd190740cfd6a3f90,ENQUEUED,0.6318167631463163,questions_in
2025-10-28T23:26:36.687975,PUBLISH,c05e9d2ca2004f20b9be339d4c6c48dd,68f2d95bd190740cfd6a1b2b,ENQUEUED,0.45048584418466375,questions_in
2025-10-28T23:26:38.723154,PUBLISH,c3b241494b2c41a898af2f884f0fb244,68f2d95bd190740cfd6a35a1,ENQUEUED,2.032431224676414,questions_in
2025-10-28T23:26:39.073213,PUBLISH,6d54b30718d94d0cbc467a5b28ea8e73,68f2d95bd190740cfd6a2e20,ENQUEUED,0.34825303041730477,questions_in
2025-10-28T23:26:39.246355,PUBLISH,ed0727c849dd413b9f29298dd58a7f58,68f2d95bd190740cfd6a37f9,ENQUEUED,0.1709820452289832,questions_in
2025-10-28T23:26:40.223790,PUBLISH,a238b6b6a5404d21bdec39549e40fa68,68f2d95bd190740cfd6a29e5,ENQUEUED,0.97454776466902,questions_in
2025-10-28T23:26:40.376727,PUBLISH,7c6f8f44c4784881b2466c8aa236aca9,68f2d95bd190740cfd6a3726,ENQUEUED,0.15108379569525096,questions_in
2025-10-28T23:26:41.270181,PUBLISH,118575b0b53740e38d59f0acd733e573,68f2d95bd190740cfd6a2c98,ENQUEUED,0.8911408482318185,questions_in
2025-10-28T23:26:42.300534,PUBLISH,aaea310db936464cb2d8a5a0069f459c,68f2d95bd190740cfd6a2665,ENQUEUED,1.0265285642811772,questions_in
2025-10-28T23:26:42.827020,PUBLISH,bd74078cda9748c7a1c0eb1f11148b29,68f2d95bd190740cfd6a1f00,ENQUEUED,0.5235117504011886,questions_in
2025-10-28T23:26:43.148807,PUBLISH,5cc122fe22b24a008a074e451ffdea71,68f2d95bd190740cfd6a21de,ENQUEUED,0.31841319896720505,questions_in
2025-10-28T23:26:43.269002,PUBLISH,ebf4401d137c402480dc9b1e9b3d8570,68f2d95bd190740cfd6a1e9c,ENQUEUED,0.1183241220820151,questions_in
2025-10-28T23:26:43.776916,PUBLISH,2621d5b804124c368d0a4a8992fc6cc6,68f2d95bd190740cfd6a1cb3,ENQUEUED,0.504217489565847,questions_in
2025-10-28T23:26:44.239989,PUBLISH,fbc552b77a414f909dc827796322fdea,68f2d95bd190740cfd6a2081,ENQUEUED,0.46087274928871835,questions_in
2025-10-28T23:26:45.360311,PUBLISH,4db62b1a1a2e4d16ba50eea6d8aabbe2,68f2d95bd190740cfd6a2804,ENQUEUED,1.1179704147778702,questions_in
2025-10-28T23:26:46.561444,PUBLISH,edd015fe80e54311b298c7f80d8fdb08,68f2d95bd190740cfd6a40a9,ENQUEUED,1.198608022000555,questions_in
2025-10-28T23:26:47.999646,PUBLISH,7fde1c84b5934a098f5159752afa3125,68f2d95bd190740cfd6a233c,ENQUEUED,1.4308377796179956,questions_in
2025-10-28T23:26:48.357567,PUBLISH,403f7453dfc94a35bc693280a5b0dd20,68f2d95bd190740cfd6a29c6,ENQUEUED,0.3556947304960514,questions_in
2025-10-28T23:26:48.869140,PUBLISH,f90ef05621e34cafb3b9e29b53f0d6f8,68f2d95bd190740cfd6a2630,ENQUEUED,0.5093485996951114,questions_in
2025-10-28T23:26:49.800341,PUBLISH,31dfd463c22940e986af16577d5b820f,68f2d95bd190740cfd6a4036,ENQUEUED,0.9293613011616904,questions_in
2025-10-28T23:26:50.043621,PUBLISH,f0e660ce98df4d069148ba3545d9c59c,68f2d95bd190740cfd6a20c6,ENQUEUED,0.24130322366740486,questions_in
2025-10-28T23:26:50.272201,PUBLISH,5c84733893db4ce8b3d87644636053fb,68f2d95bd190740cfd6a2add,ENQUEUED,0.22574962227284165,questions_in
2025-10-28T23:26:50.552461,PUBLISH,301eba6453ef4b0c84ec4525c610efe3,68f2d95bd190740cfd6a3555,ENQUEUED,0.2757776946789299,questions_in
2025-10-28T23:26:50.905070,PUBLISH,589089b2ab1546fc88655afbbe1161f6,68f2d95bd190740cfd6a1e4a,ENQUEUED,0.34917652864706855,questions_in
2025-10-28T23:26:50.923058,PUBLISH,cd20d151370346c080c1013982023b13,68f2d95bd190740cfd6a3728,ENQUEUED,0.015393556488481853,questions_in
2025-10-28T23:26:52.223868,PUBLISH,3c054182002a4c429bc6d9d4f3474d4f,68f2d95bd190740cfd6a3dfd,ENQUEUED,1.2974424577601495,questions_in
2025-10-28T23:26:53.059902,PUBLISH,1066c712e69544a7a9ef7fe443c31d57,68f2d95bd190740cfd6a2f09,ENQUEUED,0.8332334201087234,questions_in
2025-10-28T23:26:53.063489,PUBLISH,7d0caba7a5d547048125a82b52f23c3d,68f2d95bd190740cfd6a1f80,ENQUEUED,0.0006355561293778672,questions_in
2025-10-28T23:26:53.533263,PUBLISH,ccdff69d0d904535971ec1635e6af4b7,68f2d95bd190740cfd6a28e7,ENQUEUED,0.4641308975987369,questions_in
2025-10-28T23:26:53.697571,PUBLISH,85241eecbf3646bf8dce86449108f1db,68f2d95bd190740cfd6a3a56,ENQUEUED,0.16115819438482967,questions_in
2025-10-28T23:26:54.770313,PUBLISH,dbd58aeb83b64f72abf38e9ca97d0b27,68f2d95bd190740cfd6a3a86,ENQUEUED,1.0698422670179042,questions_in
2025-10-28T23:26:55.665846,PUBLISH,8f6062b67676440a9cbb8d515f20f6e9,68f2d95bd190740cfd6a26a6,ENQUEUED,0.892722477830784,questions_in
2025-10-28T23:26:57.964384,PUBLISH,add6e599acbd434a8fb341219351f8e1,68f2d95bd190740cfd6a39c8,ENQUEUED,2.293967870974395,questions_in
2025-10-28T23:26:58.296468,PUBLISH,deb618b33186478a851887c7fa955672,68f2d95bd190740cfd6a1d9b,ENQUEUED,0.32860428798280383,questions_in
2025-10-28T23:26:58.918589,PUBLISH,40499b62b87b4f7e96866186d0e8f23f,68f2d95bd190740cfd6a242d,ENQUEUED,0.6198359769132729,questions_in
2025-10-28T23:26:59.037060,PUBLISH,fad2e2a9c02e42769e15246f6c6eda64,68f2d95bd190740cfd6a2742,ENQUEUED,0.11644481228360087,questions_in
2025-10-28T23:26:59.045718,PUBLISH,462edc5c430c4199926012215585db80,68f2d95bd190740cfd6a2df1,ENQUEUED,0.005193698903293535,questions_in
2025-10-28T23:26:59.402410,PUBLISH,76959e546aa643fd83ece1fddf8d7f80,68f2d95bd190740cfd6a2e7d,ENQUEUED,0.35397227540789683,questions_in
2025-10-28T23:26:59.466174,PUBLISH,e8d8668245b249808e3dcf5909f05ffa,68f2d95bd190740cfd6a1f30,ENQUEUED,0.0578468166717648,questions_in
2025-10-28T23:26:59.862240,PUBLISH,f3c7217b64d745109dcd3b6c14f152e8,68f2d95bd190740cfd6a37b3,ENQUEUED,0.392549734122567,questions_in
2025-10-28T23:27:02.076604,PUBLISH,7aa47f48b4d2439fb7e83038c5c8a635,68f2d95bd190740cfd6a2f17,ENQUEUED,2.210926433373545,questions_in
2025-10-28T23:27:02.512329,PUBLISH,338c26640b584ae499121ff36312f1c0,68f2d95bd190740cfd6a27ee,ENQUEUED,0.4322067057768981,questions_in
2025-10-28T23:27:02.629666,PUBLISH,af62461fcffc4004b1283a71a588920a,68f2d95bd190740cfd6a1ca1,ENQUEUED,0.1130630513893824,questions_in
2025-10-28T23:27:03.163541,PUBLISH,07630aa711ef4e6596fbf13a20e4728a,68f2d95bd190740cfd6a3127,ENQUEUED,0.5306663005429924,questions_in
2025-10-28T23:27:03.864211,PUBLISH,7020d12e98314d9e84ef6367ad3f2f25,68f2d95bd190740cfd6a1b92,ENQUEUED,0.6979701730389641,questions_in
2025-10-28T23:27:04.263808,PUBLISH,545ec29d871e4b038806c4fb5cf9855f,68f2d95bd190740cfd6a2b3f,ENQUEUED,0.39684267488849595,questions_in
2025-10-28T23:27:05.039245,PUBLISH,9f7d5fcc9d61435b918a3e4b908f8152,68f2d95bd190740cfd6a3796,ENQUEUED,0.7702581191673527,questions_in
2025-10-28T23:27:05.104103,PUBLISH,f81a381955ea46a9860b6ee575cc2703,68f2d95bd190740cfd6a3f34,ENQUEUED,0.061586511622132,questions_in
2025-10-28T23:27:05.438867,PUBLISH,837620a92c3d4a3a84b1a32a43cfda94,68f2d95bd190740cfd6a328e,ENQUEUED,0.3325693346986374,questions_in
2025-10-28T23:27:06.536822,PUBLISH,6737c0f0b76241f78c112dcfcf638c4b,68f2d95bd190740cfd6a1d3f,ENQUEUED,1.0955122208535573,questions_in
2025-10-28T23:27:07.707960,PUBLISH,6dc5d8e00aa549c4b83e83346d97406e,68f2d95bd190740cfd6a2937,ENQUEUED,1.1676517175495904,questions_in
2025-10-28T23:27:08.746247,PUBLISH,7741a876164c473496b3dd71679c6e3a,68f2d95bd190740cfd6a37a6,ENQUEUED,1.0330768849773135,questions_in
2025-10-28T23:27:09.006611,PUBLISH,6289235455e0424d9678a5e11cc5e743,68f2d95bd190740cfd6a2868,ENQUEUED,0.25871723937608515,questions_in
2025-10-28T23:27:09.701787,PUBLISH,42c3ce7f4d9746f8b9a1cd03ba8281ed,68f2d95bd190740cfd6a404f,ENQUEUED,0.6925480856080496,questions_in
2025-10-28T23:27:11.132216,PUBLISH,36f983d04a8541d9b568907925ea915b,68f2d95bd190740cfd6a33cf,ENQUEUED,1.4281311290562744,questions_in
2025-10-28T23:27:12.033021,PUBLISH,f785f879604643a0af1850221d85cf91,68f2d95bd190740cfd6a2d39,ENQUEUED,0.8978384173036753,questions_in
2025-10-28T23:27:12.821254,PUBLISH,0698fd933a4248efb1e99def946b1527,68f2d95bd190740cfd6a4127,ENQUEUED,0.7847726886920835,questions_in
2025-10-28T23:27:12.946350,PUBLISH,a73d9d453caa4b4199bd3a07c37ded23,68f2d95bd190740cfd6a1cfb,ENQUEUED,0.12320477456062934,questions_in
2025-10-28T23:27:13.440284,PUBLISH,4457290b375f4f15b6e86dd093e86427,68f2d95bd190740cfd6a2269,ENQUEUED,0.49178815794966374,questions_in
2025-10-28T23:27:13.781825,PUBLISH,33cc7de3e5034997913f955c5f99995a,68f2d95bd190740cfd6a2042,ENQUEUED,0.33953071002210905,questions_in
2025-10-28T23:27:13.788721,PUBLISH,40511074f0f44425bf0dcc15e4366e50,68f2d95bd190740cfd6a2d3b,ENQUEUED,0.005013202687841321,questions_in
2025-10-28T23:27:14.201200,PUBLISH,40f89a05342e449a889f2acd1e21e7b9,68f2d95bd190740cfd6a3f09,ENQUEUED,0.4100401906145985,questions_in
2025-10-28T23:27:14.546742,PUBLISH,216a3620492a42c7bcfbc19ba837a858,68f2d95bd190740cfd6a40c4,ENQUEUED,0.3419322527320792,questions_in
2025-10-28T23:27:14.712806,PUBLISH,12343124de834c59a4a17cb66d29229e,68f2d95bd190740cfd6a2911,ENQUEUED,0.16245361646673234,questions_in
2025-10-28T23:27:17.196049,PUBLISH,15a00bcb48b54a63bd1e2370375a8956,68f2d95bd190740cfd6a2012,ENQUEUED,2.4794842384162306,questions_in
2025-10-28T23:27:17.610536,PUBLISH,5943697dc04b40878258d8178cb346cb,68f2d95bd190740cfd6a23d7,ENQUEUED,0.4119531664648149,questions_in
2025-10-28T23:27:20.065397,PUBLISH,887933aee3424eb8942571ea94f0fcdd,68f2d95bd190740cfd6a3056,ENQUEUED,2.450818742482531,questions_in
2025-10-28T23:27:20.397478,PUBLISH,ccc54361c0b3436983414e843127b20f,68f2d95bd190740cfd6a21f8,ENQUEUED,0.33010887930174243,questions_in
2025-10-28T23:27:22.152949,PUBLISH,27265bc6845747fa8e28e3dde7dc951a,68f2d95bd190740cfd6a38ca,ENQUEUED,1.750020983567634,questions_in
2025-10-28T23:27:22.231965,PUBLISH,5d018d5c21f54ddabc06fbf6ee5442ea,68f2d95bd190740cfd6a3d49,ENQUEUED,0.0767880299814599,questions_in
2025-10-28T23:27:22.998049,PUBLISH,4ec3d6c80a2b4d359bd22ec6c40c50fd,68f2d95bd190740cfd6a2dee,ENQUEUED,0.7576614296416363,questions_in
2025-10-28T23:27:23.127533,PUBLISH,af2b8afd6d1d4a82bb51110056182fe8,68f2d95bd190740cfd6a1f25,ENQUEUED,0.12747894509549018,questions_in
2025-10-28T23:27:24.143271,PUBLISH,3e823fcc6100456a929abfbc6a9fd7fc,68f2d95bd190740cfd6a39b3,ENQUEUED,1.0138623168107703,questions_in
2025-10-28T23:27:24.777171,PUBLISH,1b59d0a077744993b28f49572ae22843,68f2d95bd190740cfd6a4140,ENQUEUED,0.6321280761315928,questions_in
2025-10-28T23:27:24.943110,PUBLISH,a6d9c90d01f8477aa8a0f94c67fadbc6,68f2d95bd190740cfd6a2c3d,ENQUEUED,0.16378576423179653,questions_in
2025-10-28T23:27:26.616717,PUBLISH,10b23af62d8746b3a1b3f1784be20d6b,68f2d95bd190740cfd6a2fcd,ENQUEUED,1.6703971132980733,questions_in
2025-10-28T23:27:27.102286,PUBLISH,e05e455fef0a4363bd11743322298608,68f2d95bd190740cfd6a3a4c,ENQUEUED,0.48345978355413194,questions_in
2025-10-28T23:27:29.274901,PUBLISH,0c0c3440d0be45878e5c1de7abf3f759,68f2d95bd190740cfd6a2f46,ENQUEUED,2.1682481233803874,questions_in
2025-10-28T23:27:29.414349,PUBLISH,55ef9a038093472dbee36479ad423c52,68f2d95bd190740cfd6a1bb3,ENQUEUED,0.13741421788383834,questions_in
2025-10-28T23:27:30.042562,PUBLISH,1ea21569487e4335bdaa0d61b21a44cf,68f2d95bd190740cfd6a329e,ENQUEUED,0.6253769087130505,questions_in
2025-10-28T23:27:32.279528,PUBLISH,279e53891f0741a4bb31f0e26907b727,68f2d95bd190740cfd6a3cd6,ENQUEUED,2.233767263808885,questions_in
2025-10-28T23:27:32.778276,PUBLISH,5573868421d64b8a972c37fbccae2566,68f2d95bd190740cfd6a1eb5,ENQUEUED,0.4967930073278395,questions_in
2025-10-28T23:27:32.858756,PUBLISH,c27c17d7d16d476d876c5684e264ca1a,68f2d95bd190740cfd6a38c7,ENQUEUED,0.07847470705505878,questions_in
2025-10-28T23:27:32.875649,PUBLISH,00941e6f2cf24cb093095798bb61572e,68f2d95bd190740cfd6a32e6,ENQUEUED,0.015258600117657938,questions_in
2025-10-28T23:27:33.019410,PUBLISH,0e61ae88b53f40f38edcbf4c20686c55,68f2d95bd190740cfd6a1fac,ENQUEUED,0.14212561704378932,questions_in
2025-10-28T23:27:33.641379,PUBLISH,4333a0a819534803830e96c69e56fc22,68f2d95bd190740cfd6a31e6,ENQUEUED,0.6193857170983591,questions_in
2025-10-28T23:27:33.873941,PUBLISH,bb843c93d146401c92a093d329d477c4,68f2d95bd190740cfd6a3a36,ENQUEUED,0.23036890356200954,questions_in
2025-10-28T23:27:33.940343,PUBLISH,ffa29a7196e04c8f9d9f5c2e2bd9e875,68f2d95bd190740cfd6a3482,ENQUEUED,0.06342516449356898,questions_in
2025-10-28T23:27:34.110720,PUBLISH,73f6e0a592dd4db1b4c1bbf3411351a2,68f2d95bd190740cfd6a3b1d,ENQUEUED,0.16716789040785943,questions_in
2025-10-28T23:27:34.493278,PUBLISH,0d3bbfde5d894f4b876e0e5b4ef02f4a,68f2d95bd190740cfd6a3349,ENQUEUED,0.37989734623421995,questions_in
2025-10-28T23:27:34.835836,PUBLISH,4ff626036be14da79654241546ea390b,68f2d95bd190740cfd6a21ef,ENQUEUED,0.34040351579810085,questions_in
2025-10-28T23:27:34.845172,PUBLISH,83e940b753da4ae88f04e7ac34e750a1,68f2d95bd190740cfd6a339c,ENQUEUED,0.0077297413605671396,questions_in
2025-10-28T23:27:34.949864,PUBLISH,f6a9b46977894909bdd417909c01a60e,68f2d95bd190740cfd6a25b0,ENQUEUED,0.10271213248798476,questions_in
2025-10-28T23:27:35.060910,PUBLISH,8a496c3ba79d4dbfaf482336ec52f114,68f2d95bd190740cfd6a3ff5,ENQUEUED,0.1080767185632206,questions_in
2025-10-28T23:27:36.109237,PUBLISH,784bbb467d6a44ee8124938abc2509a5,68f2d95bd190740cfd6a2078,ENQUEUED,1.0446578060487048,questions_in
2025-10-28T23:27:36.178505,PUBLISH,c0b0f2cb894346acab26bb8f03538a5f,68f2d95bd190740cfd6a32a5,ENQUEUED,0.06775189383328493,questions_in
2025-10-28T23:27:36.756470,PUBLISH,1cf49903982d4c3891dcb04d6ef5b49d,68f2d95bd190740cfd6a40d7,ENQUEUED,0.5747645478274259,questions_in
2025-10-28T23:27:37.223301,PUBLISH,dc798c522319456bbfe0c09edb721c98,68f2d95bd190740cfd6a2397,ENQUEUED,0.4629296627365424,questions_in
2025-10-28T23:27:37.692954,PUBLISH,238cf183003a426caf25d489ac5a7b16,68f2d95bd190740cfd6a411f,ENQUEUED,0.4673456893667936,questions_in
2025-10-28T23:27:37.810418,PUBLISH,2d1f14b9128d456da99524d21ce247f3,68f2d95bd190740cfd6a1e73,ENQUEUED,0.11561362354157644,questions_in
2025-10-28T23:27:38.058223,PUBLISH,0fd1530cb1d24fd0b54cbc007d7d2239,68f2d95bd190740cfd6a1bb5,ENQUEUED,0.24576210260551654,questions_in
2025-10-28T23:27:38.159332,PUBLISH,8078ff4f59324a958cf38195caafa139,68f2d95bd190740cfd6a2471,ENQUEUED,0.09570975916889085,questions_in
2025-10-28T23:27:39.989872,PUBLISH,4c633f79726b445d85ef25e1a02da82d,68f2d95bd190740cfd6a2b6c,ENQUEUED,1.8247523481630512,questions_in
2025-10-28T23:27:40.035320,PUBLISH,adc0c3473d754ee684846ea21ebfdd5c,68f2d95bd190740cfd6a2f24,ENQUEUED,0.04323092096253065,questions_in
2025-10-28T23:27:40.946107,PUBLISH,825ca25ced4d4f868a85286dde34fb4e,68f2d95bd190740cfd6a22ae,ENQUEUED,0.9036657660252639,questions_in
2025-10-28T23:27:41.329627,PUBLISH,6c46cfc9e632427a9e405ee6fe4ebbac,68f2d95bd190740cfd6a3335,ENQUEUED,0.38104977887642694,questions_in
2025-10-28T23:27:41.411403,PUBLISH,f6ca5ccb89f34f82b4dc004917389bae,68f2d95bd190740cfd6a1bd1,ENQUEUED,0.07961427114796087,questions_in
2025-10-28T23:27:41.846244,PUBLISH,ddd0dba0f91f43e4962107bfeef74caf,68f2d95bd190740cfd6a37bf,ENQUEUED,0.4325396747457763,questions_in
2025-10-28T23:27:42.156333,PUBLISH,7480bc3c26e24adc84a7e9c7e05e21bb,68f2d95bd190740cfd6a2eb7,ENQUEUED,0.3077799334582687,questions_in
2025-10-28T23:27:42.954789,PUBLISH,252e2f425a7946d8a23f1aa31e4be332,68f2d95bd190740cfd6a3d15,ENQUEUED,0.794302923056514,questions_in
2025-10-28T23:27:42.972891,PUBLISH,e80f9acbd1564ebdaae9498ec603126f,68f2d95bd190740cfd6a3b64,ENQUEUED,0.016440724318080746,questions_in
2025-10-28T23:27:43.783238,PUBLISH,f39d32be7b5d4cf5b58ce2bfbe891c6b,68f2d95bd190740cfd6a332b,ENQUEUED,0.8080372991885053,questions_in
2025-10-28T23:27:43.912804,PUBLISH,bceaa99a09fd460b90cbb59d8e43dd17,68f2d95bd190740cfd6a35e4,ENQUEUED,0.12716256229049627,questions_in
2025-10-28T23:27:45.513150,PUBLISH,da2e20a543014c07b36d288f8a417c31,68f2d95bd190740cfd6a1f26,ENQUEUED,1.5977428325526104,questions_in
2025-10-28T23:27:45.521907,PUBLISH,d979a34bc4334354a60cbfefeee659c5,68f2d95bd190740cfd6a3f1a,ENQUEUED,0.005422571715735204,questions_in
2025-10-28T23:27:46.526444,PUBLISH,57e09fdbe90f4751a00c25dae456bf80,68f2d95bd190740cfd6a1e60,ENQUEUED,1.0022037591818054,questions_in
2025-10-28T23:27:46.610453,PUBLISH,4ddd5888fbde4c7ab0f40ecad1eeccf3,68f2d95bd190740cfd6a3745,ENQUEUED,0.08217022684469033,questions_in
2025-10-28T23:27:47.013848,PUBLISH,bd58a993a5034173ae5347819e23a01f,68f2d95bd190740cfd6a30b5,ENQUEUED,0.40043439020001265,questions_in
2025-10-28T23:27:47.679004,PUBLISH,1e11a1a779d248beba6f5e9da07a6c3d,68f2d95bd190740cfd6a363f,ENQUEUED,0.6610585482822036,questions_in
2025-10-28T23:27:48.263707,PUBLISH,02a2776e56814b04bc5f7ae6dee24885,68f2d95bd190740cfd6a1d1f,ENQUEUED,0.5823356224090204,questions_in
2025-10-28T23:27:49.062547,PUBLISH,9e298df2d3bc44d4842067da4b1c62d9,68f2d95bd190740cfd6a361f,ENQUEUED,0.796551267878591,questions_in
2025-10-28T23:27:49.291119,PUBLISH,9ee0bc5429c84ec8955a488606f96083,68f2d95bd190740cfd6a258d,ENQUEUED,0.22622111700643177,questions_in
2025-10-28T23:27:50.812764,PUBLISH,cc6c92087b314195859f0e36350e5faf,68f2d95bd190740cfd6a281a,ENQUEUED,1.5183437230905585,questions_in
2025-10-28T23:27:51.382259,PUBLISH,7ff4510ca5b24dcdbb4ee972a79a6cd9,68f2d95bd190740cfd6a1c50,ENQUEUED,0.5675784216721377,questions_in
2025-10-28T23:27:51.488456,PUBLISH,7767e9da7c4643ff9624d21d5843647a,68f2d95bd190740cfd6a3f47,ENQUEUED,0.10451416325402706,questions_in
2025-10-28T23:27:52.123512,PUBLISH,4bd874eb8c4e42e7a054c678b2075fc9,68f2d95bd190740cfd6a2db9,ENQUEUED,0.6331804536877317,questions_in
2025-10-28T23:27:53.368630,PUBLISH,1a1325a9dc544124ac5e020e02a312a1,68f2d95bd190740cfd6a2f7d,ENQUEUED,1.241532016714696,questions_in
2025-10-28T23:27:54.514261,PUBLISH,9ef69b1240254a358ceb1d6f195213ea,68f2d95bd190740cfd6a3c18,ENQUEUED,1.1435226735903752,questions_in
2025-10-28T23:27:55.148061,PUBLISH,1a7e1d592d394082977c19be7b717601,68f2d95bd190740cfd6a24bd,ENQUEUED,0.6321645864330626,questions_in
2025-10-28T23:27:55.269221,PUBLISH,3060684ab1274eabafd06962648000ea,68f2d95bd190740cfd6a3282,ENQUEUED,0.1174835115510627,questions_in
2025-10-28T23:27:55.689010,PUBLISH,43c0e7265dc147769d998bd2ad31963e,68f2d95bd190740cfd6a3d25,ENQUEUED,0.41821943590417,questions_in
2025-10-28T23:27:56.129856,PUBLISH,7ff024a64a6e41039053865188b616db,68f2d95bd190740cfd6a2424,ENQUEUED,0.43875095693841387,questions_in
2025-10-28T23:27:56.808502,PUBLISH,4c00edde81924650b07d5776fc3a2d2c,68f2d95bd190740cfd6a1f8f,ENQUEUED,0.676044816632139,questions_in
2025-10-28T23:27:58.911444,PUBLISH,11f503167e644daaaa3b27a31163ad5f,68f2d95bd190740cfd6a1c8f,ENQUEUED,2.099309268334157,questions_in
2025-10-28T23:27:58.961431,PUBLISH,8141eecabb0a411cb76c5b545a70bd2e,68f2d95bd190740cfd6a377f,ENQUEUED,0.04847708421262507,questions_in
2025-10-28T23:28:00.270140,PUBLISH,e01977f071404c7ea208d946f7b474dd,68f2d95bd190740cfd6a3183,ENQUEUED,1.2987295202163625,questions_in
2025-10-28T23:28:00.782333,PUBLISH,2b584f47a88f48a0ad8a16661d71f2f8,68f2d95bd190740cfd6a31fb,ENQUEUED,0.5090826127315803,questions_in
2025-10-28T23:28:00.847763,PUBLISH,666777dbc74747168364842146c31dcf,68f2d95bd190740cfd6a1e01,ENQUEUED,0.06305259688686982,questions_in
2025-10-28T23:28:00.956856,PUBLISH,6128d475d91c47b28329d42d5e47b03d,68f2d95bd190740cfd6a2582,ENQUEUED,0.10718507231137363,questions_in
2025-10-28T23:28:01.945416,PUBLISH,74c99efcce394cd79b359a841efa3be2,68f2d95bd190740cfd6a3a89,ENQUEUED,0.9866796888777278,questions_in
2025-10-28T23:28:02.213130,PUBLISH,d2dae36aff154354b925123be0009a10,68f2d95bd190740cfd6a2cba,ENQUEUED,0.26574697211582377,questions_in
2025-10-28T23:28:02.343508,PUBLISH,22dc8eb3412f4b1880522b8f4e783ab5,68f2d95bd190740cfd6a2251,ENQUEUED,0.12854438733427076,questions_in
2025-10-28T23:28:02.584500,PUBLISH,513d5058262540bb9b95a033508c85fc,68f2d95bd190740cfd6a268f,ENQUEUED,0.23749037537515028,questions_in
2025-10-28T23:28:02.772140,PUBLISH,cef434359eda41a8b64930f021916103,68f2d95bd190740cfd6a2a9f,ENQUEUED,0.1856352805170078,questions_in
2025-10-28T23:28:05.888366,PUBLISH,94dfa1eb0c6e48c1b026f3857dfe64d5,68f2d95bd190740cfd6a3f02,ENQUEUED,3.1107299947909444,questions_in
2025-10-28T23:28:05.960959,PUBLISH,532df70abf974b4bacaa78b20a0928be,68f2d95bd190740cfd6a1e5b,ENQUEUED,0.07086319176867391,questions_in
2025-10-28T23:28:06.653514,PUBLISH,6e1f202996d64d9991b95093401d952f,68f2d95bd190740cfd6a2aa3,ENQUEUED,0.6898842798934818,questions_in
2025-10-28T23:28:07.478083,PUBLISH,30299b571d774db29c444b65e2aa3f2a,68f2d95bd190740cfd6a40aa,ENQUEUED,0.8221900921236095,questions_in
2025-10-28T23:28:08.285334,PUBLISH,31a9b0fd10c8417bb8853cf0562d5834,68f2d95bd190740cfd6a296c,ENQUEUED,0.8047672448577902,questions_in
2025-10-28T23:28:08.495304,PUBLISH,244e57f15ed34303af813abca4b87bd3,68f2d95bd190740cfd6a3662,ENQUEUED,0.20823586957619342,questions_in
2025-10-28T23:28:09.187419,PUBLISH,893092544a8248bfa7f726a65344209d,68f2d95bd190740cfd6a342e,ENQUEUED,0.6830031860515141,questions_in
2025-10-28T23:28:09.668095,PUBLISH,28aa700b898d4ec8aba64e9958478dce,68f2d95bd190740cfd6a375c,ENQUEUED,0.4747886727620351,questions_in
2025-10-28T23:28:10.638233,PUBLISH,196f68bf372a437faa1c7a6cc540ec6e,68f2d95bd190740cfd6a3e91,ENQUEUED,0.9683057308447434,questions_in
2025-10-28T23:28:10.694193,PUBLISH,175699d69fe94a38a29bd4ab1fbf80f2,68f2d95bd190740cfd6a1e58,ENQUEUED,0.0542753487779133,questions_in
2025-10-28T23:28:11.066964,PUBLISH,a158592576c246138aeca05c5ae42d4b,68f2d95bd190740cfd6a1e91,ENQUEUED,0.3695051992512875,questions_in
2025-10-28T23:28:12.008188,PUBLISH,28e774b18f3d4298beea952d7c458bf4,68f2d95bd190740cfd6a2ac8,ENQUEUED,0.9379209957567918,questions_in
2025-10-28T23:28:13.066087,PUBLISH,872b94d2a9be4a57bd07dc1b9073a896,68f2d95bd190740cfd6a1ee0,ENQUEUED,1.0553190867181144,questions_in
2025-10-28T23:28:14.782651,PUBLISH,0375e3a9d6d7482eb52d195923d09ad7,68f2d95bd190740cfd6a3a04,ENQUEUED,1.7132835095874064,questions_in
2025-10-28T23:28:15.427262,PUBLISH,85fd2aaeaa2f4661954f932e3dbd331f,68f2d95bd190740cfd6a2b5d,ENQUEUED,0.6429650499724552,questions_in
2025-10-28T23:28:15.772274,PUBLISH,e453521f4773400d8fdfc6c530040c58,68f2d95bd190740cfd6a253a,ENQUEUED,0.3426724320554324,questions_in
2025-10-28T23:28:16.583062,PUBLISH,04dc23e7facd485a91c5d5e5738f9517,68f2d95bd190740cfd6a38d2,ENQUEUED,0.8090441628552999,questions_in
2025-10-28T23:28:17.310960,PUBLISH,c483c8b77a6b4e5d953db9eb06af08a5,68f2d95bd190740cfd6a3457,ENQUEUED,0.725651495234454,questions_in
2025-10-28T23:28:17.447264,PUBLISH,5e5f27db0d544165b800868ecf3274e2,68f2d95bd190740cfd6a1b09,ENQUEUED,0.13260955470371633,questions_in
2025-10-28T23:28:17.977485,PUBLISH,c6020048c60d47f99a92cfc5fa152ba9,68f2d95bd190740cfd6a1fa0,ENQUEUED,0.5281613352630693,questions_in
2025-10-28T23:28:19.793046,PUBLISH,c919f2e3f7cb4a1fa7a70faebd911a51,68f2d95bd190740cfd6a3a65,ENQUEUED,1.812677889898884,questions_in
2025-10-28T23:28:21.779010,PUBLISH,cd4aa98d02664e099f3bb9256f87ec8e,68f2d95bd190740cfd6a3686,ENQUEUED,1.9792111487888517,questions_in
2025-10-28T23:28:22.970860,PUBLISH,6281b2b82d0a48f297946659b39bd981,68f2d95bd190740cfd6a3789,ENQUEUED,1.1884496415156736,questions_in
2025-10-28T23:28:23.605267,PUBLISH,f27ffce4c1b0476481a27156daa83c8c,68f2d95bd190740cfd6a2e0f,ENQUEUED,0.632669112233934,questions_in
2025-10-28T23:28:23.778682,PUBLISH,9797107930d5486f9c6ae9c401ff267d,68f2d95bd190740cfd6a4175,ENQUEUED,0.16970997970098609,questions_in
2025-10-28T23:28:24.391201,PUBLISH,08ace9cc4a5848cca4a15084a15b092a,68f2d95bd190740cfd6a3994,ENQUEUED,0.6105222210711175,questions_in
2025-10-28T23:28:24.441665,PUBLISH,714f610dbb6d4547976f508b19a4e9b6,68f2d95bd190740cfd6a3733,ENQUEUED,0.0486888869730695,questions_in
2025-10-28T23:28:25.994654,PUBLISH,efe4b98fea504978b1e0eaf2e8ae59e8,68f2d95bd190740cfd6a1d68,ENQUEUED,1.5491442159509392,questions_in
2025-10-28T23:28:26.729446,PUBLISH,06975a34dd65436d99ad60d8635691c6,68f2d95bd190740cfd6a2714,ENQUEUED,0.7262856924886817,questions_in
2025-10-28T23:28:27.081579,PUBLISH,2ef0176554bc4323956590dd7198b0da,68f2d95bd190740cfd6a2864,ENQUEUED,0.3488878081728785,questions_in
2025-10-28T23:28:27.285746,PUBLISH,a8914cd8d14144c79f907df605b56203,68f2d95bd190740cfd6a2074,ENQUEUED,0.20189972230239547,questions_in
2025-10-28T23:28:28.019376,PUBLISH,800a41e16a904d93a94d1cd700da04b9,68f2d95bd190740cfd6a2f64,ENQUEUED,0.7309003745561232,questions_in
2025-10-28T23:28:28.171656,PUBLISH,dbe2fd211d3c41bfa0a0d620ddbd16a3,68f2d95bd190740cfd6a1c7d,ENQUEUED,0.15042796976668352,questions_in
2025-10-28T23:28:28.489841,PUBLISH,0bd419919f374ffcb72f0b76ced7943a,68f2d95bd190740cfd6a1c31,ENQUEUED,0.31662258758061707,questions_in
2025-10-28T23:28:29.314788,PUBLISH,a29ba2f1f6914f0db6c93abda4c98f8b,68f2d95bd190740cfd6a1bb1,ENQUEUED,0.8221931612772782,questions_in
2025-10-28T23:28:30.021416,PUBLISH,2f67452e6eb24776beab19cea8691b81,68f2d95bd190740cfd6a1b69,ENQUEUED,0.7048575647154486,questions_in
2025-10-28T23:28:32.088701,PUBLISH,8a8e1748a32241c099221f93b5031420,68f2d95bd190740cfd6a2601,ENQUEUED,2.0633864950337677,questions_in
2025-10-28T23:28:32.163476,PUBLISH,1d479ca52b4c48fdafbee8bd02440d9a,68f2d95bd190740cfd6a323e,ENQUEUED,0.06942963059627609,questions_in
2025-10-28T23:28:32.399130,PUBLISH,f9ba9bbca11f49c6a04e387907d06639,68f2d95bd190740cfd6a3654,ENQUEUED,0.2334263861313287,questions_in
2025-10-28T23:28:32.607856,PUBLISH,d6c76398d21849698b833130969b7e44,68f2d95bd190740cfd6a318c,ENQUEUED,0.20590887972223862,questions_in
2025-10-28T23:28:33.291339,PUBLISH,2d1db51d6c0d4ee88781dc50fbdcc511,68f2d95bd190740cfd6a25c4,ENQUEUED,0.6797881986273638,questions_in
2025-10-28T23:28:33.379890,PUBLISH,505f10d340f644239230ae28f3968f20,68f2d95bd190740cfd6a25a9,ENQUEUED,0.08701784980266537,questions_in
2025-10-28T23:28:35.002117,PUBLISH,23f86c90159e4100a025a431dc3c67b7,68f2d95bd190740cfd6a2f09,ENQUEUED,1.6169922293626273,questions_in
2025-10-28T23:28:35.182827,PUBLISH,e0a2d7cabd304f5687f577463e2c421a,68f2d95bd190740cfd6a2aa5,ENQUEUED,0.1783586930216273,questions_in
2025-10-28T23:28:35.495529,PUBLISH,35f0c50231794cf8ab4e2aa1733ee4af,68f2d95bd190740cfd6a2b9d,ENQUEUED,0.310762496076132,questions_in
2025-10-28T23:28:35.696424,PUBLISH,1c8394fc69344b00ac4d05d16a21199b,68f2d95bd190740cfd6a3856,ENQUEUED,0.19920427014053407,questions_in
2025-10-28T23:28:36.085874,PUBLISH,3c1a76f6ef7f4a219bd83e971911b1fc,68f2d95bd190740cfd6a41c9,ENQUEUED,0.38745906611006364,questions_in
2025-10-28T23:28:37.346548,PUBLISH,29e4607e5d4b4569a036ff0a1c8b1f3d,68f2d95bd190740cfd6a277f,ENQUEUED,1.2538933973551225,questions_in
2025-10-28T23:28:37.702698,PUBLISH,89101e3293424a5aa112d9969a0cb470,68f2d95bd190740cfd6a3a69,ENQUEUED,0.354222694225029,questions_in
2025-10-28T23:28:37.911301,PUBLISH,da1db3783ffb41598d7ca96f6bc030b1,68f2d95bd190740cfd6a34ba,ENQUEUED,0.20396132978649376,questions_in
2025-10-28T23:28:39.189654,PUBLISH,3604a26be2e74e30bc7f7264f0ca32a6,68f2d95bd190740cfd6a2dd9,ENQUEUED,1.2747251295212914,questions_in
2025-10-28T23:28:42.799526,PUBLISH,ed3ed9e5dd18461ea856516504f27366,68f2d95bd190740cfd6a1c5a,ENQUEUED,3.6041961953001707,questions_in
2025-10-28T23:28:43.087702,PUBLISH,ae9578c30a2143c6a39657f8bef9eb55,68f2d95bd190740cfd6a2d81,ENQUEUED,0.2818365671293866,questions_in
2025-10-28T23:28:43.251125,PUBLISH,4b30b9a482ce4d4daa9f76f3aa2bc4d0,68f2d95bd190740cfd6a23a5,ENQUEUED,0.16046839469645974,questions_in
2025-10-28T23:28:43.871366,PUBLISH,e6c0d80881c94a3a8a2fc7810276a87d,68f2d95bd190740cfd6a4117,ENQUEUED,0.6183515019570199,questions_in
2025-10-28T23:28:43.964176,PUBLISH,a39cb104a2d049e38488b27b70dc7785,68f2d95bd190740cfd6a3ced,ENQUEUED,0.09115840968421153,questions_in
2025-10-28T23:28:44.263066,PUBLISH,a3c36e510e944eed9317ce726d627a3d,68f2d95bd190740cfd6a2041,ENQUEUED,0.2928801010685173,questions_in
2025-10-28T23:28:46.590150,PUBLISH,7a971d8c1de34306ba8e955eb6be3c04,68f2d95bd190740cfd6a3561,ENQUEUED,2.3184124578318372,questions_in
2025-10-28T23:28:46.796051,PUBLISH,e312231653914de8ab3e0707630c6dd0,68f2d95bd190740cfd6a2af7,ENQUEUED,0.20397586553267244,questions_in
2025-10-28T23:28:47.950668,PUBLISH,a82ea631a5c44d48aede45a8e7a751f3,68f2d95bd190740cfd6a3aaf,ENQUEUED,1.1520885993422858,questions_in
2025-10-28T23:28:49.040888,PUBLISH,88ad1be6bc0648fda36be8fd9f3f960a,68f2d95bd190740cfd6a3039,ENQUEUED,1.086708339123357,questions_in
2025-10-28T23:28:49.498361,PUBLISH,96cc24c18fe941a49996a0a37a01c8b8,68f2d95bd190740cfd6a39a4,ENQUEUED,0.45387127259164256,questions_in
2025-10-28T23:28:50.129243,PUBLISH,762fa325d3d84e7eb97b640a7323d307,68f2d95bd190740cfd6a27e2,ENQUEUED,0.6284839997101043,questions_in
2025-10-28T23:28:50.566913,PUBLISH,4c7cf3a4e1104af4931d6356b0076778,68f2d95bd190740cfd6a3134,ENQUEUED,0.4351589064988067,questions_in
2025-10-28T23:28:50.628841,PUBLISH,84415a8468cb4ed99fce5faa3ad78dae,68f2d95bd190740cfd6a2c46,ENQUEUED,0.06032086296206332,questions_in
2025-10-28T23:28:51.010059,PUBLISH,958904e0e9864d219162d24b266c1fae,68f2d95bd190740cfd6a34f7,ENQUEUED,0.3793285188179687,questions_in
2025-10-28T23:28:51.353424,PUBLISH,721a1786b2d2490d8dc89728a2ad4f42,68f2d95bd190740cfd6a3709,ENQUEUED,0.34157330540537584,questions_in
2025-10-28T23:28:52.544055,PUBLISH,22e74510facd44c2b749d4308c986684,68f2d95bd190740cfd6a3083,ENQUEUED,1.186786259934447,questions_in
2025-10-28T23:28:52.612850,PUBLISH,b7f5e12839234f68960f17337592282d,68f2d95bd190740cfd6a1d8e,ENQUEUED,0.06698874386241395,questions_in
2025-10-28T23:28:52.744553,PUBLISH,13d1d9adb3c04c239020b0dea93f8141,68f2d95bd190740cfd6a3a33,ENQUEUED,0.12995008062161806,questions_in
2025-10-28T23:28:52.912653,PUBLISH,28548f104d634b8081d5f8c1b84e7ce3,68f2d95bd190740cfd6a404d,ENQUEUED,0.16605364496622943,questions_in
2025-10-28T23:28:53.784269,PUBLISH,81af0b1b58404cd38ddafa77aeaa4ad5,68f2d95bd190740cfd6a40aa,ENQUEUED,0.8698036129799508,questions_in
2025-10-28T23:28:54.030664,PUBLISH,0b711fcc2d684a24859cbed0f79192e2,68f2d95bd190740cfd6a3eb5,ENQUEUED,0.24405544934425513,questions_in
2025-10-28T23:28:54.938169,PUBLISH,09f5d1d403ac4ee88bce95700defdc6f,68f2d95bd190740cfd6a3981,ENQUEUED,0.9046695693301965,questions_in
2025-10-28T23:28:55.152136,PUBLISH,a1373f5674d746fb856c2903289569bf,68f2d95bd190740cfd6a2a03,ENQUEUED,0.21187822486277133,questions_in
2025-10-28T23:28:55.693320,PUBLISH,d8e44a98bce3468883e81127e36f7d24,68f2d95bd190740cfd6a3d6c,ENQUEUED,0.5387959358726189,questions_in
2025-10-28T23:28:55.758296,PUBLISH,d9aa0acb95e64874afd3aae7f36bdb8b,68f2d95bd190740cfd6a297a,ENQUEUED,0.06316537530421816,questions_in
2025-10-28T23:28:57.289735,PUBLISH,e823fc0161a24a1a8d0485929eb4b8a6,68f2d95bd190740cfd6a29a5,ENQUEUED,1.5276952213394457,questions_in
2025-10-28T23:28:58.017774,PUBLISH,12e455c4792942a2abfe5aa588013ee6,68f2d95bd190740cfd6a33e9,ENQUEUED,0.7234224511363885,questions_in
2025-10-28T23:28:58.825511,PUBLISH,955a7b27ab7b4e45a1f8764052a4f624,68f2d95bd190740cfd6a298f,ENQUEUED,0.8053516658647842,questions_in
2025-10-28T23:29:01.305101,PUBLISH,6944bbf0c6344266bd4e0da481847ff7,68f2d95bd190740cfd6a2e85,ENQUEUED,2.4741103540451514,questions_in
2025-10-28T23:29:03.132492,PUBLISH,3755ea9390ac4466bd106b42cf535c4a,68f2d95bd190740cfd6a2adc,ENQUEUED,1.8210186244042372,questions_in
2025-10-28T23:29:03.267190,PUBLISH,1b8914df2a9340719f0bad9554d9dcd3,68f2d95bd190740cfd6a2ee1,ENQUEUED,0.13271965869576954,questions_in
2025-10-28T23:29:03.514669,PUBLISH,d38719e0e8cb425fa106f00ddb3a2bdd,68f2d95bd190740cfd6a2adb,ENQUEUED,0.2386182477613441,questions_in
2025-10-28T23:29:03.991658,PUBLISH,810bb3c6fa7f4c7cad6fad51cd89c676,68f2d95bd190740cfd6a37c3,ENQUEUED,0.47133481316639375,questions_in
2025-10-28T23:29:04.483787,PUBLISH,c077cd28e0884826b00be8da6f258ef9,68f2d95bd190740cfd6a33af,ENQUEUED,0.48964963010559587,questions_in
2025-10-28T23:29:04.519486,PUBLISH,888388660fcc42a98178894d5270e16c,68f2d95bd190740cfd6a351c,ENQUEUED,0.032533052594662805,questions_in
2025-10-28T23:29:04.904286,PUBLISH,eac9927ff59b4c9787e77b0d1c4fdc57,68f2d95bd190740cfd6a1f0b,ENQUEUED,0.3799127116010034,questions_in
2025-10-28T23:29:06.471682,PUBLISH,424bb39053f04697abc517ea2aecce16,68f2d95bd190740cfd6a2114,ENQUEUED,1.563208700096174,questions_in
2025-10-28T23:29:07.240224,PUBLISH,11e10cd9d6f249b69ee75a3eaa01e126,68f2d95bd190740cfd6a3074,ENQUEUED,0.7639107074660255,questions_in
2025-10-28T23:29:08.708251,PUBLISH,e0e343b7fd9d45be82ae7f156781ef76,68f2d95bd190740cfd6a1cd7,ENQUEUED,1.465549836437004,questions_in
2025-10-28T23:29:11.489834,PUBLISH,1116b23b6c3d40c5be9e96b001623b68,68f2d95bd190740cfd6a2f37,ENQUEUED,2.7774524060617414,questions_in
2025-10-28T23:29:11.506816,PUBLISH,92df2b54671b42a88b5d5fbad6d2d566,68f2d95bd190740cfd6a2c96,ENQUEUED,0.014493493708261161,questions_in
2025-10-28T23:29:12.171040,PUBLISH,32bdfbf7355e496594c67dcc4a3978f4,68f2d95bd190740cfd6a3300,ENQUEUED,0.6599754007504721,questions_in
2025-10-28T23:29:12.658028,PUBLISH,0fc31f2598384f92972a816f6005a05f,68f2d95bd190740cfd6a3cbe,ENQUEUED,0.4850403234465001,questions_in
2025-10-28T23:29:15.460028,PUBLISH,f45450647f324ed59f7280173e02da63,68f2d95bd190740cfd6a212e,ENQUEUED,2.797728310507592,questions_in
2025-10-28T23:29:15.648699,PUBLISH,d89f7d91767b4ef2ac9aaa6fc94f1aa9,68f2d95bd190740cfd6a2fd6,ENQUEUED,0.18672989890403416,questions_in
2025-10-28T23:29:15.737884,PUBLISH,5311ba8076ae4a109ffc7df49d698aa4,68f2d95bd190740cfd6a3c35,ENQUEUED,0.08276427344848263,questions_in
2025-10-28T23:29:15.861851,PUBLISH,eaf2a004b0a84629918aa605fb2fe83d,68f2d95bd190740cfd6a24a8,ENQUEUED,0.12082627185528381,questions_in
2025-10-28T23:29:17.589242,PUBLISH,8c73f751407f4e7487dbe6dd77735d06,68f2d95bd190740cfd6a3bab,ENQUEUED,1.7242116530586262,questions_in
2025-10-28T23:29:17.620120,PUBLISH,f5cd3b1759e24d4aa598c9863481de5c,68f2d95bd190740cfd6a30ea,ENQUEUED,0.027133095607045524,questions_in
2025-10-28T23:29:21.243402,PUBLISH,b1290a565f7d414b836904c871fddaa0,68f2d95bd190740cfd6a3c31,ENQUEUED,3.6181665585646314,questions_in
2025-10-28T23:29:23.441074,PUBLISH,dad64afb25c747cb9215234c0ef5c593,68f2d95bd190740cfd6a1ade,ENQUEUED,2.1935346001938827,questions_in
2025-10-28T23:29:24.002514,PUBLISH,70c3872e04ec42fbaca7cffbdb53c76a,68f2d95bd190740cfd6a398f,ENQUEUED,0.5587671338522215,questions_in
2025-10-28T23:29:24.042922,PUBLISH,8a526e810d7649289af3213b05454fce,68f2d95bd190740cfd6a3ff7,ENQUEUED,0.037403835946383364,questions_in
2025-10-28T23:29:24.522948,PUBLISH,ba30ed4effc64611acbc8ac8f85ca29d,68f2d95bd190740cfd6a31b9,ENQUEUED,0.47781005196792653,questions_in
2025-10-28T23:29:25.051880,PUBLISH,0dd85e7d460b4b8d9d0f1c8ec79428cc,68f2d95bd190740cfd6a1d70,ENQUEUED,0.5238988221761263,questions_in
2025-10-28T23:29:25.788549,PUBLISH,3a2eb5b9d2634806acb480241a6e5cb4,68f2d95bd190740cfd6a3791,ENQUEUED,0.7343597563690506,questions_in
2025-10-28T23:29:26.924238,PUBLISH,67af09df93b940ff9d2657fa1131ff21,68f2d95bd190740cfd6a3ff2,ENQUEUED,1.1328273586533943,questions_in
2025-10-28T23:29:27.975506,PUBLISH,9c857075ba4b411d8443db37aeb6c9c9,68f2d95bd190740cfd6a3915,ENQUEUED,1.0487174241658963,questions_in
2025-10-28T23:29:28.517064,PUBLISH,1aeb90f0d9ac434e9bf0daa02c891857,68f2d95bd190740cfd6a26c2,ENQUEUED,0.5387578013249451,questions_in
2025-10-28T23:29:29.986183,PUBLISH,88956ed00b2243ca85fba2d61de988fe,68f2d95bd190740cfd6a2d0a,ENQUEUED,1.4668511878349193,questions_in
2025-10-28T23:29:31.926348,PUBLISH,577e0a8acb014164909a4cbca41c95e6,68f2d95bd190740cfd6a1f04,ENQUEUED,1.9368121674079977,questions_in
2025-10-28T23:29:32.030031,PUBLISH,11a0cdb7e55344079fef587562115e3e,68f2d95bd190740cfd6a2770,ENQUEUED,0.1011572134073558,questions_in
2025-10-28T23:29:32.037044,PUBLISH,5bec42011dc145c69e22ce628c71750b,68f2d95bd190740cfd6a1ba9,ENQUEUED,0.005250379040284564,questions_in
2025-10-28T23:29:32.468380,PUBLISH,89fdf3ca0bf345faa781e7f62217f2d7,68f2d95bd190740cfd6a3107,ENQUEUED,0.4294395147708175,questions_in
2025-10-28T23:29:33.240371,PUBLISH,d9e9c79c5b674edab85e6ac0b083bd5e,68f2d95bd190740cfd6a1d2f,ENQUEUED,0.7692755846863731,questions_in
2025-10-28T23:29:33.899322,PUBLISH,e2274a748fba4ca6bc1cf73cd6b1cb53,68f2d95bd190740cfd6a2ec2,ENQUEUED,0.6550573968873582,questions_in
2025-10-28T23:29:34.101362,PUBLISH,23bd87a5eaa8468ebad3e068c2721771,68f2d95bd190740cfd6a3e0a,ENQUEUED,0.19506479244543107,questions_in
2025-10-28T23:29:34.534352,PUBLISH,2a889a4a11df4c90ba72af36dfc325bb,68f2d95bd190740cfd6a3cdd,ENQUEUED,0.4284348792032329,questions_in
2025-10-28T23:29:35.352255,PUBLISH,6c0f32b3012c42dc9971a6ceb3126dcb,68f2d95bd190740cfd6a41cf,ENQUEUED,0.8162469848422272,questions_in
2025-10-28T23:29:35.554169,PUBLISH,3d0c52c34ec240bf829475305ece8041,68f2d95bd190740cfd6a3ff3,ENQUEUED,0.1982841443852175,questions_in
2025-10-28T23:29:37.407146,PUBLISH,a932a53e2c2a476c9a3898266c300d79,68f2d95bd190740cfd6a2ba6,ENQUEUED,1.85008541996708,questions_in
2025-10-28T23:29:38.881947,PUBLISH,74f7b15471d8438e844efc1885066c2a,68f2d95bd190740cfd6a29ee,ENQUEUED,1.4707621283642076,questions_in
2025-10-28T23:29:39.149553,PUBLISH,5c6477fd61a04b369ced8ff1afe4107b,68f2d95bd190740cfd6a28ab,ENQUEUED,0.26506923486672823,questions_in
2025-10-28T23:29:39.399898,PUBLISH,cc711702f6074ea3b382506da67b289a,68f2d95bd190740cfd6a275a,ENQUEUED,0.24842574189118263,questions_in
2025-10-28T23:29:39.798414,PUBLISH,28ee65c96da94ebfa28f6fbfabcf57bf,68f2d95bd190740cfd6a1f8e,ENQUEUED,0.3948488926975005,questions_in
2025-10-28T23:29:40.869445,PUBLISH,26581f134f2b4cf6a220e3797a3dc8a2,68f2d95bd190740cfd6a262f,ENQUEUED,1.0683232116908574,questions_in
2025-10-28T23:29:41.081235,PUBLISH,4864e920b9be498f9d8d8664ae499cc3,68f2d95bd190740cfd6a2561,ENQUEUED,0.20786976644985658,questions_in
2025-10-28T23:29:42.645479,PUBLISH,cb3d13695d1149eb83d3542dc044c9d0,68f2d95bd190740cfd6a1db7,ENQUEUED,1.5607811392193804,questions_in
2025-10-28T23:29:42.822605,PUBLISH,42f9c298464d44279acd764f1b6a2aec,68f2d95bd190740cfd6a3d3f,ENQUEUED,0.17509475452957438,questions_in
2025-10-28T23:29:43.945166,PUBLISH,a6f8dccf4f124b27a8a44a13c6effb69,68f2d95bd190740cfd6a3026,ENQUEUED,1.118712274550391,questions_in
2025-10-28T23:29:45.782826,PUBLISH,e785a9c73ed249f7b6c4e027f74e3a9b,68f2d95bd190740cfd6a2b81,ENQUEUED,1.833801704539364,questions_in
2025-10-28T23:29:45.996051,PUBLISH,39cbab8a44214540bf7b239d578e0b24,68f2d95bd190740cfd6a1dab,ENQUEUED,0.20956028310585742,questions_in
2025-10-28T23:29:46.349061,PUBLISH,0c446e5eb4644dc38905b926b7c6721a,68f2d95bd190740cfd6a2dd1,ENQUEUED,0.35139466531219865,questions_in
2025-10-28T23:29:46.616723,PUBLISH,b81bd3084d974474842ad93c2f5b0c51,68f2d95bd190740cfd6a222a,ENQUEUED,0.26574883659753823,questions_in
2025-10-28T23:29:48.031266,PUBLISH,9e055f685aea4f8c81006ed8316e4acd,68f2d95bd190740cfd6a2032,ENQUEUED,1.4113015626257919,questions_in
2025-10-28T23:29:48.372715,PUBLISH,71ace6ac40834fa787b70466604875b4,68f2d95bd190740cfd6a1b16,ENQUEUED,0.3370106671433408,questions_in
2025-10-28T23:29:48.946811,PUBLISH,400e34deeb5a4e608ebb0ebb1eb6a35a,68f2d95bd190740cfd6a2b74,ENQUEUED,0.5699795573571873,questions_in
2025-10-28T23:29:49.779564,PUBLISH,48a94a762ff54351bf5cf084746fd3ec,68f2d95bd190740cfd6a2b81,ENQUEUED,0.8291053577345883,questions_in
2025-10-28T23:29:50.017575,PUBLISH,65bade72d30d424fb5ff9c58de7b4cd6,68f2d95bd190740cfd6a218a,ENQUEUED,0.23604724514173278,questions_in
2025-10-28T23:29:50.557456,PUBLISH,b4e431a2e0384d8aa36f7a746b894553,68f2d95bd190740cfd6a3919,ENQUEUED,0.5373570055370079,questions_in
2025-10-28T23:29:50.769600,PUBLISH,7c2f5acfe403462c8aedf9c87bf05f2c,68f2d95bd190740cfd6a323b,ENQUEUED,0.21014931470852818,questions_in
2025-10-28T23:29:51.269529,PUBLISH,e2cf544cd8a8444aa3c92f93e6d2b7f1,68f2d95bd190740cfd6a1e44,ENQUEUED,0.49746750410413143,questions_in
2025-10-28T23:29:51.367510,PUBLISH,1bf69c8af5a14a42bd0ac92f284fa626,68f2d95bd190740cfd6a3c91,ENQUEUED,0.09607961581455392,questions_in
2025-10-28T23:29:51.612874,PUBLISH,93038f5f8afe4f13945d81f4870490ee,68f2d95bd190740cfd6a246f,ENQUEUED,0.24185389674014168,questions_in
2025-10-28T23:29:54.823676,PUBLISH,44a059c97a4c42cfb3568a93482e8708,68f2d95bd190740cfd6a1b0e,ENQUEUED,3.204865519154101,questions_in
2025-10-28T23:29:55.604265,PUBLISH,3f8a0df791774d35a4ad1d3e8c46c5b0,68f2d95bd190740cfd6a2e1e,ENQUEUED,0.7739301203837452,questions_in
2025-10-28T23:29:55.815928,PUBLISH,1f0e2ee9a2cd4d479be47c5f7b3ae1e9,68f2d95bd190740cfd6a21aa,ENQUEUED,0.20945355109248623,questions_in
2025-10-28T23:29:55.917335,PUBLISH,c0cb35824f4445d5873435d91ec13e65,68f2d95bd190740cfd6a22cd,ENQUEUED,0.09935381926762071,questions_in
2025-10-28T23:29:56.418839,PUBLISH,f33a9ae8b0eb4774bfd639bfb5d0c2cc,68f2d95bd190740cfd6a25aa,ENQUEUED,0.49931972423199017,questions_in
2025-10-28T23:29:57.088423,PUBLISH,bbdba27f4eb5434da090c1f0e6a9317f,68f2d95bd190740cfd6a2f2b,ENQUEUED,0.6677546350425166,questions_in
2025-10-28T23:29:57.936463,PUBLISH,b2f5fe3e906c4954b2f7ea265947279d,68f2d95bd190740cfd6a38e6,ENQUEUED,0.8453949843297752,questions_in
2025-10-28T23:29:57.945731,PUBLISH,3e4062bab0534976be3aef7214020fa2,68f2d95bd190740cfd6a36f0,ENQUEUED,0.007259187937168024,questions_in
2025-10-28T23:29:58.618380,PUBLISH,329d3046265a4ae7b016895fbcdb0f86,68f2d95bd190740cfd6a2bdf,ENQUEUED,0.6684930934346166,questions_in
2025-10-28T23:29:59.683134,PUBLISH,3764a1c5151c4fb5a589c0063d2f6c87,68f2d95bd190740cfd6a38a1,ENQUEUED,1.0623095040066513,questions_in
2025-10-28T23:30:00.778624,PUBLISH,433b984aaec0494da48b4688e841ddb5,68f2d95bd190740cfd6a3ecb,ENQUEUED,1.093142388739681,questions_in
2025-10-28T23:30:01.716137,PUBLISH,7be7d5afccef4167bc9d88af86ae762b,68f2d95bd190740cfd6a308d,ENQUEUED,0.9348515030274499,questions_in
2025-10-28T23:30:02.508756,PUBLISH,eca6b3077b694853a3bd2d2a593f2999,68f2d95bd190740cfd6a27b8,ENQUEUED,0.7892124000569397,questions_in
2025-10-28T23:30:03.877014,PUBLISH,fbf9dcbca2894b53b45a025435b7107e,68f2d95bd190740cfd6a2ddf,ENQUEUED,1.3640063147097259,questions_in
2025-10-28T23:30:04.262491,PUBLISH,47bb20997abb40b6929f4edb78256f57,68f2d95bd190740cfd6a3feb,ENQUEUED,0.3836319916254118,questions_in
2025-10-28T23:30:04.294759,PUBLISH,e1f838ee9fd44555807228b81e264dc3,68f2d95bd190740cfd6a35e2,ENQUEUED,0.02918134418187572,questions_in
2025-10-28T23:30:04.300931,PUBLISH,e7cfa693bf314eeaa0b5e8f818e798cc,68f2d95bd190740cfd6a3e9b,ENQUEUED,0.0037986729939521444,questions_in
2025-10-28T23:30:04.471505,PUBLISH,cd592b67ea3f4eac8c09b4a8df0e46e7,68f2d95bd190740cfd6a1cd8,ENQUEUED,0.16868170603445884,questions_in
2025-10-28T23:30:05.603460,PUBLISH,4d596492f29b4569b563e4fc76d5766f,68f2d95bd190740cfd6a2c8a,ENQUEUED,1.1293461840214964,questions_in
2025-10-28T23:30:05.613897,PUBLISH,24dd5f81c45e47f0af84d172d424bbaa,68f2d95bd190740cfd6a3d97,ENQUEUED,0.008932935380061575,questions_in
2025-10-28T23:30:06.901314,PUBLISH,09b8480b51494897a6f28fa8e63d85ee,68f2d95bd190740cfd6a31dd,ENQUEUED,1.2845823359423683,questions_in
2025-10-28T23:30:07.154613,PUBLISH,6883312cdb684c07bddde10f46dc45d4,68f2d95bd190740cfd6a3f53,ENQUEUED,0.2516104533037145,questions_in
2025-10-28T23:30:07.726693,PUBLISH,f4bed05637a04c4f95d2ca3a7d754c59,68f2d95bd190740cfd6a3fb6,ENQUEUED,0.5681412513245759,questions_in
2025-10-28T23:30:07.916884,PUBLISH,af6cf3724fec4f4d96154bd6d56b79ef,68f2d95bd190740cfd6a2912,ENQUEUED,0.18779656070255238,questions_in
2025-10-28T23:30:08.444245,PUBLISH,6f0aafe6451a4698a8fd61704584d9f8,68f2d95bd190740cfd6a220a,ENQUEUED,0.5236307764889062,questions_in
2025-10-28T23:30:08.454058,PUBLISH,992bb248128e491fa474dd0a61b37cc5,68f2d95bd190740cfd6a34c9,ENQUEUED,0.008418954604566048,questions_in
2025-10-28T23:30:08.665211,PUBLISH,366eccb3c86d4d66956d4dbf26e6a67d,68f2d95bd190740cfd6a2baa,ENQUEUED,0.20889809804933782,questions_in
2025-10-28T23:30:09.811261,PUBLISH,596b154d746c4f229477de42844a791a,68f2d95bd190740cfd6a1def,ENQUEUED,1.143899686668398,questions_in
2025-10-28T23:30:09.817928,PUBLISH,844ba558273d4365b6eaee05503cb771,68f2d95bd190740cfd6a2c79,ENQUEUED,0.004538278620969326,questions_in
2025-10-28T23:30:11.187035,PUBLISH,8105420bf7154b72ac4cc2525b65faa0,68f2d95bd190740cfd6a210e,ENQUEUED,1.3664149310452112,questions_in
2025-10-28T23:30:11.245492,PUBLISH,d3512367e72c4081a2acb4093d6ddb22,68f2d95bd190740cfd6a2733,ENQUEUED,0.056791353594606374,questions_in
2025-10-28T23:30:13.168383,PUBLISH,ac8f6c2b79344905b1e6971634ce2cbb,68f2d95bd190740cfd6a267d,ENQUEUED,1.9187825355844261,questions_in
2025-10-28T23:30:13.279634,PUBLISH,f767e65fed1843aa8cdb6366b9eb44af,68f2d95bd190740cfd6a2ee9,ENQUEUED,0.10882562088126285,questions_in
2025-10-28T23:30:13.542989,PUBLISH,69f7bdebe6fd42ee912e958321e0c164,68f2d95bd190740cfd6a1ca5,ENQUEUED,0.26082123902516346,questions_in
2025-10-28T23:30:14.797568,PUBLISH,382606e34696486fa69e1c67e301d2ae,68f2d95bd190740cfd6a1b2d,ENQUEUED,1.2522059280847835,questions_in
2025-10-28T23:30:15.126748,PUBLISH,7ab6943d15de43d1bbab003f3f842fc0,68f2d95bd190740cfd6a1b00,ENQUEUED,0.3270492441425537,questions_in
2025-10-28T23:30:15.498469,PUBLISH,99713e0d23084b869eb51bdd0956840b,68f2d95bd190740cfd6a34ea,ENQUEUED,0.36982595590525497,questions_in
2025-10-28T23:30:18.658708,PUBLISH,7e7ff0809a9642a0b6b612b6ed1f1366,68f2d95bd190740cfd6a4086,ENQUEUED,3.1526557301221687,questions_in
2025-10-28T23:30:19.073094,PUBLISH,e991bc235c8b459ebc46078fe9cb2aaa,68f2d95bd190740cfd6a1eec,ENQUEUED,0.4108568740532616,questions_in
2025-10-28T23:30:19.144198,PUBLISH,f7f05684bae24e75aadbfe891fa11e74,68f2d95bd190740cfd6a287d,ENQUEUED,0.06840333463197433,questions_in
2025-10-28T23:30:19.520393,PUBLISH,e5358f0f1e0f4fbe94f0a1fdba43a4e7,68f2d95bd190740cfd6a3a88,ENQUEUED,0.37320987747564743,questions_in
2025-10-28T23:30:19.916229,PUBLISH,d514b93b3b364a90bb5fc227496bf2f6,68f2d95bd190740cfd6a3626,ENQUEUED,0.3925814152471479,questions_in
2025-10-28T23:30:20.552000,PUBLISH,7da1874884944415b3b1d2a6581873aa,68f2d95bd190740cfd6a1b1c,ENQUEUED,0.6340422408029974,questions_in
2025-10-28T23:30:20.983422,PUBLISH,39e4aff3a5eb4cf9ae975604a16daeb8,68f2d95bd190740cfd6a1c8e,ENQUEUED,0.42663530715914244,questions_in
2025-10-28T23:30:21.062839,PUBLISH,96c451c134664f6d80fcab5fbc3fb92d,68f2d95bd190740cfd6a29f3,ENQUEUED,0.07111641435329295,questions_in
2025-10-28T23:30:22.607426,PUBLISH,d3745cbee0c549dc898741d13b09dc16,68f2d95bd190740cfd6a3439,ENQUEUED,1.5417207620494604,questions_in
2025-10-28T23:30:22.887207,PUBLISH,fbe5afa95cca4c36be1281c84f472ce2,68f2d95bd190740cfd6a1c2d,ENQUEUED,0.2767572686863761,questions_in
2025-10-28T23:30:22.996454,PUBLISH,5019cfc99e164b74a7116cc72fa8ca8c,68f2d95bd190740cfd6a2d92,ENQUEUED,0.10562996661948604,questions_in
2025-10-28T23:30:26.196507,PUBLISH,2a680785e65849b49dee5e251321a9b3,68f2d95bd190740cfd6a2e11,ENQUEUED,3.1958266876525827,questions_in
2025-10-28T23:30:27.323254,PUBLISH,1b4f107b3bae4c2cb08e3f9c0bf84a14,68f2d95bd190740cfd6a34b0,ENQUEUED,1.1243075633885897,questions_in
2025-10-28T23:30:28.366502,PUBLISH,1bebb4777cf842d39099c8cb54df5789,68f2d95bd190740cfd6a3104,ENQUEUED,1.040655495007233,questions_in
2025-10-28T23:30:29.506651,PUBLISH,8d7837bc95aa428496e73457c7c5009e,68f2d95bd190740cfd6a27f9,ENQUEUED,1.1348522553226383,questions_in
2025-10-28T23:30:29.763251,PUBLISH,7cb7c0eb364544daa36a334a073e399b,68f2d95bd190740cfd6a3240,ENQUEUED,0.25467796720559016,questions_in
2025-10-28T23:30:30.558063,PUBLISH,18cf5408638c437f9625193ba2c28e8d,68f2d95bd190740cfd6a3367,ENQUEUED,0.7924995310836446,questions_in
2025-10-28T23:30:33.386263,PUBLISH,49a43bb1ec404f17b9b615ac7fb0b171,68f2d95bd190740cfd6a1d3d,ENQUEUED,2.822479594992491,questions_in
2025-10-28T23:30:36.266044,PUBLISH,54074e042c6b4748bd0ea96ded04cca0,68f2d95bd190740cfd6a2c1d,ENQUEUED,2.87022906637857,questions_in
2025-10-28T23:30:36.888072,PUBLISH,14c2ff8594da4bfc94c4e1177232a814,68f2d95bd190740cfd6a2673,ENQUEUED,0.6196177422432542,questions_in
2025-10-28T23:30:37.075892,PUBLISH,d0a58401bf0f4d00ac1d291907474046,68f2d95bd190740cfd6a2031,ENQUEUED,0.18581747693315256,questions_in
2025-10-28T23:30:38.091495,PUBLISH,caf9d9c1e0b8407d9037519d70a5bdf3,68f2d95bd190740cfd6a3269,ENQUEUED,1.0115818997815984,questions_in
2025-10-28T23:30:38.554163,PUBLISH,922b2eedb1d74617aeea45c8e255a69b,68f2d95bd190740cfd6a1c38,ENQUEUED,0.45932295445209986,questions_in
2025-10-28T23:30:38.698572,PUBLISH,d5edf9b6ffe3419dae3301fe8cc2678f,68f2d95bd190740cfd6a3fc6,ENQUEUED,0.14286368519251577,questions_in
2025-10-28T23:30:38.849001,PUBLISH,ea1087557cbb421ab1b04c6818e6f5e9,68f2d95bd190740cfd6a290b,ENQUEUED,0.14891339555575217,questions_in
2025-10-28T23:30:39.100137,PUBLISH,b9d79d2a05b54be49ee2201a710ea1c8,68f2d95bd190740cfd6a375d,ENQUEUED,0.24825883483446964,questions_in
2025-10-28T23:30:39.856246,PUBLISH,5a5bd82533d444b2aa066d01040e168f,68f2d95bd190740cfd6a2245,ENQUEUED,0.7536680881309213,questions_in
2025-10-28T23:30:40.339179,PUBLISH,15e51b08faf1428cbdf8ee9d5faec043,68f2d95bd190740cfd6a32bd,ENQUEUED,0.4811653399252789,questions_in
2025-10-28T23:30:42.483214,PUBLISH,56aff62dcfbb40b7977c7c08aeff6d6c,68f2d95bd190740cfd6a344a,ENQUEUED,2.1367331429781475,questions_in
2025-10-28T23:30:42.527553,PUBLISH,aa497f66459245859b15b85c7b6f9661,68f2d95bd190740cfd6a3040,ENQUEUED,0.041506800884484454,questions_in
2025-10-28T23:30:43.263109,PUBLISH,2c355ba7a708402d87b872b5566d4da1,68f2d95bd190740cfd6a2014,ENQUEUED,0.7317292827723983,questions_in
2025-10-28T23:30:44.514626,PUBLISH,966bd488e07c44a794a091569e33ebb4,68f2d95bd190740cfd6a1efb,ENQUEUED,1.2482965450769363,questions_in
2025-10-28T23:30:45.273216,PUBLISH,999ece0efbb54d3193122efcea499136,68f2d95bd190740cfd6a1ed1,ENQUEUED,0.7564481094286353,questions_in
2025-10-28T23:30:48.223890,PUBLISH,dda3079deeac48319dcc78842b42d434,68f2d95bd190740cfd6a3196,ENQUEUED,2.9452500737656533,questions_in
2025-10-28T23:30:49.607640,PUBLISH,f081e2c937be4973a288b819c0627847,68f2d95bd190740cfd6a26a3,ENQUEUED,1.381138121122704,questions_in
2025-10-28T23:30:50.935261,PUBLISH,b7c22786e53c487ebfba238eb947da44,68f2d95bd190740cfd6a403e,ENQUEUED,1.3247598586777733,questions_in
2025-10-28T23:30:51.476124,PUBLISH,b708e4ea378e4074b673bbae126dc5d3,68f2d95bd190740cfd6a2354,ENQUEUED,0.5373624058659676,questions_in
2025-10-28T23:30:52.007295,PUBLISH,614e7fa93cb541a98fd68879b7923f75,68f2d95bd190740cfd6a2af1,ENQUEUED,0.5290275397433171,questions_in
2025-10-28T23:30:52.217283,PUBLISH,2c3e287100ac4f4f926c7394542a749e,68f2d95bd190740cfd6a2e38,ENQUEUED,0.20651310371786583,questions_in
2025-10-28T23:30:53.185754,PUBLISH,32087abe39994b6eae0fefa3821742f7,68f2d95bd190740cfd6a3b41,ENQUEUED,0.9658902299920394,questions_in
2025-10-28T23:30:53.762771,PUBLISH,c75ea9bfa504464c8cba916453b1fe01,68f2d95bd190740cfd6a22a6,ENQUEUED,0.5721312767540845,questions_in
2025-10-28T23:30:54.618379,PUBLISH,d7522b1183424d4d85f81983a6691021,68f2d95bd190740cfd6a229d,ENQUEUED,0.853247705339368,questions_in
2025-10-28T23:30:55.191159,PUBLISH,ff58525231ef4cf09f707fce69c8b97f,68f2d95bd190740cfd6a32bd,ENQUEUED,0.5673350852025112,questions_in
2025-10-28T23:30:55.253380,PUBLISH,7f58d6396fb640bdb4d690c5e118c587,68f2d95bd190740cfd6a1edd,ENQUEUED,0.06021619090592378,questions_in
2025-10-28T23:30:56.468237,PUBLISH,4833379884ee4ee697d9c86fbc068576,68f2d95bd190740cfd6a41a3,ENQUEUED,1.212361157580362,questions_in
2025-10-28T23:30:58.205265,PUBLISH,720bddf94b4b4343a3caaa682807c7c5,68f2d95bd190740cfd6a3718,ENQUEUED,1.7331957951803076,questions_in
2025-10-28T23:30:58.261644,PUBLISH,ec1be31ab9be45b48408a879c2c8b2f8,68f2d95bd190740cfd6a2373,ENQUEUED,0.05453752540196896,questions_in
2025-10-28T23:30:58.316541,PUBLISH,dd361c1a61c4403db6104565b1fa369f,68f2d95bd190740cfd6a3a9e,ENQUEUED,0.051368820338166116,questions_in
2025-10-28T23:30:59.359871,PUBLISH,43300ca2380e4bf781821d3ff714d7b3,68f2d95bd190740cfd6a26d4,ENQUEUED,1.0393159281204687,questions_in
2025-10-28T23:30:59.507790,PUBLISH,4bc945f0027f42d9978bfe81093fc472,68f2d95bd190740cfd6a3e78,ENQUEUED,0.14575959509867767,questions_in
2025-10-28T23:30:59.643511,PUBLISH,cc39a0f4699e44b99ed87c63f1b82d88,68f2d95bd190740cfd6a2db7,ENQUEUED,0.13301072278882536,questions_in
2025-10-28T23:31:00.263069,PUBLISH,462a6ad1eeb24baea8540ed77d265ff8,68f2d95bd190740cfd6a362c,ENQUEUED,0.616208367520816,questions_in
2025-10-28T23:31:00.632287,PUBLISH,575e0b9d1ad94319bb242948a501e0f9,68f2d95bd190740cfd6a409e,ENQUEUED,0.36611499264067016,questions_in
2025-10-28T23:31:01.032304,PUBLISH,03ea8eb69b1e4e6c84f8b46774647701,68f2d95bd190740cfd6a2464,ENQUEUED,0.3959082993234777,questions_in
2025-10-28T23:31:01.715309,PUBLISH,0697ee2e67ce4c01b0638642cddc4c08,68f2d95bd190740cfd6a3437,ENQUEUED,0.6798840356090818,questions_in
2025-10-28T23:31:02.498144,PUBLISH,62aa28f4b40d491a971e42b07ffd4233,68f2d95bd190740cfd6a41c2,ENQUEUED,0.7787744328441425,questions_in
2025-10-28T23:31:02.589857,PUBLISH,5e1643c7b0bf4474a39ea2e956363097,68f2d95bd190740cfd6a3581,ENQUEUED,0.09009955792339276,questions_in
2025-10-28T23:31:03.518186,PUBLISH,78e3e375ad2644a4864d6f65b79a1b18,68f2d95bd190740cfd6a2236,ENQUEUED,0.9238429864035732,questions_in
2025-10-28T23:31:03.585790,PUBLISH,7460dfb9b7d14c1ab492b4293e811ad6,68f2d95bd190740cfd6a3a92,ENQUEUED,0.059221628419097866,questions_in
2025-10-28T23:31:03.774020,PUBLISH,9b0b6fb624f04d348597af081cc6e387,68f2d95bd190740cfd6a345e,ENQUEUED,0.18454505717781067,questions_in
2025-10-28T23:31:04.314794,PUBLISH,a1ab9e2138d74d8099c792be131c45fe,68f2d95bd190740cfd6a2ce1,ENQUEUED,0.5376403199161994,questions_in
2025-10-28T23:31:04.549214,PUBLISH,40c29749c3b94b1691ac0df0479a8531,68f2d95bd190740cfd6a3d0d,ENQUEUED,0.23185489315331761,questions_in
2025-10-28T23:31:05.374601,PUBLISH,73445a8371db42a1bf74b41c32e471b2,68f2d95bd190740cfd6a2b14,ENQUEUED,0.822385730532689,questions_in
2025-10-28T23:31:06.232398,PUBLISH,d6a9caf9e1d544bab2d84be933c3c5f1,68f2d95bd190740cfd6a2752,ENQUEUED,0.8553749155570157,questions_in
2025-10-28T23:31:06.964629,PUBLISH,16051ac413c14771a5b8c36de3cb7038,68f2d95bd190740cfd6a3b2a,ENQUEUED,0.7290648739607715,questions_in
2025-10-28T23:31:07.480468,PUBLISH,45ddffa75ba74205b769e8e6ae7564f6,68f2d95bd190740cfd6a39cd,ENQUEUED,0.5121168523066216,questions_in
2025-10-28T23:31:09.242690,PUBLISH,378d20b342cb44c18710e5c37dcfda14,68f2d95bd190740cfd6a26d2,ENQUEUED,1.7586613574807233,questions_in
2025-10-28T23:31:10.947103,PUBLISH,67ca14ad328d4d27b60093cbfd5ac929,68f2d95bd190740cfd6a3d96,ENQUEUED,1.69918565644603,questions_in
2025-10-28T23:31:11.033830,PUBLISH,ef6754087dd44fe183b2af16f1d5440f,68f2d95bd190740cfd6a3174,ENQUEUED,0.0848641683751978,questions_in
2025-10-28T23:31:11.318413,PUBLISH,5470b6e0bd284fed803d8017a5df8d4b,68f2d95bd190740cfd6a1e02,ENQUEUED,0.2827347102183995,questions_in
2025-10-28T23:31:11.351954,PUBLISH,ff7bf72cd255492a91d1e7ecf4ea915d,68f2d95bd190740cfd6a2968,ENQUEUED,0.03165981411696369,questions_in
2025-10-28T23:31:11.864434,PUBLISH,8b097906b1924b43a33d41c4b0112062,68f2d95bd190740cfd6a393c,ENQUEUED,0.5079381419252359,questions_in
2025-10-28T23:31:12.790282,PUBLISH,8d3a008f60a347afac591a08dacfb784,68f2d95bd190740cfd6a33d4,ENQUEUED,0.9229062338659743,questions_in
2025-10-28T23:31:13.030721,PUBLISH,50841d4e05f3476889a46979c70918f4,68f2d95bd190740cfd6a35a0,ENQUEUED,0.23853234347909244,questions_in
2025-10-28T23:31:14.256358,PUBLISH,bac753325ba44ab784944787f3c18fcb,68f2d95bd190740cfd6a217b,ENQUEUED,1.22272321817588,questions_in
2025-10-28T23:31:14.604228,PUBLISH,b534601e76294ab4a77206c6ea2bb67d,68f2d95bd190740cfd6a34ce,ENQUEUED,0.3455396724298994,questions_in
2025-10-28T23:31:14.851075,PUBLISH,f39d54c7142241368b80ba0808580108,68f2d95bd190740cfd6a38dc,ENQUEUED,0.2446806525000261,questions_in
2025-10-28T23:31:17.003414,PUBLISH,3951413b508a46689d86d984fa39f4dd,68f2d95bd190740cfd6a295b,ENQUEUED,2.148772186095299,questions_in
2025-10-28T23:31:17.953213,PUBLISH,3245dc77da874dc69a6eead28cd6044c,68f2d95bd190740cfd6a3629,ENQUEUED,0.9472686725789566,questions_in
2025-10-28T23:31:19.295541,PUBLISH,bcf245b4e7db4450bbf84761c8f2f2d7,68f2d95bd190740cfd6a1d87,ENQUEUED,1.3400298404310051,questions_in
2025-10-28T23:31:20.072203,PUBLISH,ca06d0e1e62e4d189ee45e43f837eaf8,68f2d95bd190740cfd6a3fa0,ENQUEUED,0.7715674545990291,questions_in
2025-10-28T23:31:20.181449,PUBLISH,c15b535009be44d39e0264d438521c6f,68f2d95bd190740cfd6a34bc,ENQUEUED,0.10754386528295813,questions_in
2025-10-28T23:31:20.311923,PUBLISH,12853ad58fda40cfbca4871780ad7dc9,68f2d95bd190740cfd6a315e,ENQUEUED,0.12840186884781515,questions_in
2025-10-28T23:31:21.161280,PUBLISH,9a202cbeda3142468e89f89113e67612,68f2d95bd190740cfd6a3439,ENQUEUED,0.8465597937657569,questions_in
2025-10-28T23:31:22.028970,PUBLISH,ed3d2d761faf4a6896ee1fc7a71b205f,68f2d95bd190740cfd6a2e8b,ENQUEUED,0.864678806056185,questions_in
2025-10-28T23:31:22.033690,PUBLISH,6f4ce0b96f274d46acdce949c036bb8e,68f2d95bd190740cfd6a3e17,ENQUEUED,0.0027223385555611365,questions_in
2025-10-28T23:31:22.198578,PUBLISH,7d517eb1829b4255b91dbbe9a1184fe0,68f2d95bd190740cfd6a389a,ENQUEUED,0.16290180255543707,questions_in
2025-10-28T23:31:22.883854,PUBLISH,d36024d943334cb68afb4abcebd2c508,68f2d95bd190740cfd6a22af,ENQUEUED,0.6825471218235565,questions_in
2025-10-28T23:31:23.089727,PUBLISH,52cf7e00d042467ba114d151bdef2925,68f2d95bd190740cfd6a26f6,ENQUEUED,0.20387979267253006,questions_in
2025-10-28T23:31:23.304182,PUBLISH,f7f7d6707ac54c6dbd6cac5585b4b27b,68f2d95bd190740cfd6a3df3,ENQUEUED,0.21256960288448892,questions_in
2025-10-28T23:31:23.879609,PUBLISH,31bfa822a43945b7bd9d09f74ebcfd2d,68f2d95bd190740cfd6a21e1,ENQUEUED,0.5720641222965894,questions_in
2025-10-28T23:31:25.101788,PUBLISH,87e849179b0b43148a4ee7f682f726e4,68f2d95bd190740cfd6a351d,ENQUEUED,1.218869526302652,questions_in
2025-10-28T23:31:25.758301,PUBLISH,96236f6bd42a48e8a06134204dd71a46,68f2d95bd190740cfd6a1c62,ENQUEUED,0.6530596498916761,questions_in
2025-10-28T23:31:26.488550,PUBLISH,4da8ffd529b240abaf70b8fe4219b9cc,68f2d95bd190740cfd6a3ab7,ENQUEUED,0.7280559748036602,questions_in
2025-10-28T23:31:28.012463,PUBLISH,b7d74be8fb5241a388095aa76f9ff973,68f2d95bd190740cfd6a3034,ENQUEUED,1.520777992591415,questions_in
2025-10-28T23:31:28.447905,PUBLISH,6be55abeac8348409822a90d6668493c,68f2d95bd190740cfd6a26f0,ENQUEUED,0.425124801428892,questions_in
2025-10-28T23:31:29.088182,PUBLISH,29be9affe4084a53988c63b4b1b1fe9d,68f2d95bd190740cfd6a35bd,ENQUEUED,0.6331776423052176,questions_in
2025-10-28T23:31:29.247482,PUBLISH,b91386ac20cf4abe997c0f4b1b1b6cdc,68f2d95bd190740cfd6a2b55,ENQUEUED,0.1573163314972594,questions_in
2025-10-28T23:31:29.509672,PUBLISH,6fda92a60232466f88fe444845a5d6d0,68f2d95bd190740cfd6a24fb,ENQUEUED,0.25904118078613025,questions_in
2025-10-28T23:31:29.678767,PUBLISH,44d363d18ff242cdaa7b3db031a2c3da,68f2d95bd190740cfd6a2b71,ENQUEUED,0.16560983062838397,questions_in
2025-10-28T23:31:29.932042,PUBLISH,6817989ea0ae40d7a734e3a19b614ef5,68f2d95bd190740cfd6a387b,ENQUEUED,0.2510066668244555,questions_in
2025-10-28T23:31:29.984720,PUBLISH,05870a929ab74ec889e1ad0c9ad31463,68f2d95bd190740cfd6a2a7d,ENQUEUED,0.05081363221236551,questions_in
2025-10-28T23:31:31.480332,PUBLISH,e13fadd0d1e84372a1e95aea2cf94977,68f2d95bd190740cfd6a34f7,ENQUEUED,1.4923995750621806,questions_in
2025-10-28T23:31:31.832651,PUBLISH,1d0e6f9ab2904839b5fde9cf6dfd1cfc,68f2d95bd190740cfd6a2bca,ENQUEUED,0.34857032238052504,questions_in
2025-10-28T23:31:31.897522,PUBLISH,cb3b0046d590444b918e95744a6fba80,68f2d95bd190740cfd6a303d,ENQUEUED,0.06308182455739307,questions_in
2025-10-28T23:31:31.901497,PUBLISH,6e93752ac0e24441a2567352ae655943,68f2d95bd190740cfd6a1dd9,ENQUEUED,0.002314620733417224,questions_in
2025-10-28T23:31:32.334795,PUBLISH,ee14956122994d79a746ec28647db460,68f2d95bd190740cfd6a27a7,ENQUEUED,0.4290214380701116,questions_in
2025-10-28T23:31:32.445290,PUBLISH,cb08b5d72bfe42afb8b455cb1be8e668,68f2d95bd190740cfd6a31a2,ENQUEUED,0.10840123081415613,questions_in
2025-10-28T23:31:32.960007,PUBLISH,a53d8ed91ace4802a1fda8602b468a3b,68f2d95bd190740cfd6a25f8,ENQUEUED,0.5122952323114461,questions_in
2025-10-28T23:31:33.452979,PUBLISH,9642bf7fbdd84a29ba286c44e1c9c0f9,68f2d95bd190740cfd6a32a6,ENQUEUED,0.49087929533611824,questions_in
2025-10-28T23:31:33.734133,PUBLISH,37b40a8550894dd8b5bbf737a2d90780,68f2d95bd190740cfd6a3f32,ENQUEUED,0.2792676446328938,questions_in
2025-10-28T23:31:33.977255,PUBLISH,b3bc5eff8c3442fd803cff12de719451,68f2d95bd190740cfd6a1e0b,ENQUEUED,0.23796022805827058,questions_in
2025-10-28T23:31:34.210990,PUBLISH,0c4eb72065bc42d79c7414cf2b008d28,68f2d95bd190740cfd6a2066,ENQUEUED,0.2318317163853698,questions_in
2025-10-28T23:31:35.232457,PUBLISH,00fcb38b4c3c40b496b9651aa98d712d,68f2d95bd190740cfd6a31fd,ENQUEUED,1.019179479576802,questions_in
2025-10-28T23:31:35.260786,PUBLISH,0edc8a957d7e4ce59532f741e56cb00c,68f2d95bd190740cfd6a2f2d,ENQUEUED,0.02466432951047168,questions_in
2025-10-28T23:31:35.816222,PUBLISH,10ef91a2ec164db0b49a06b5fccc45a8,68f2d95bd190740cfd6a3684,ENQUEUED,0.5534602448698721,questions_in
2025-10-28T23:31:36.980882,PUBLISH,f4fcf77766ea44a3a36f424742a8e64c,68f2d95bd190740cfd6a1c2e,ENQUEUED,1.1550320339319569,questions_in
2025-10-28T23:31:38.060780,PUBLISH,a372ea71db484e35934e299af96e8886,68f2d95bd190740cfd6a3237,ENQUEUED,1.0768262091230751,questions_in
2025-10-28T23:31:38.739425,PUBLISH,5d8fd0362e6d43e88c210bfdd13446b9,68f2d95bd190740cfd6a3a0e,ENQUEUED,0.6743847626532542,questions_in
2025-10-28T23:31:39.870307,PUBLISH,e29d94ef3a474d5498667d75c42bfac8,68f2d95bd190740cfd6a1cbb,ENQUEUED,1.128516511069026,questions_in
2025-10-28T23:31:40.039446,PUBLISH,09c47d7686004755bdf62bf2fdf458aa,68f2d95bd190740cfd6a3ad2,ENQUEUED,0.1655731322666508,questions_in
2025-10-28T23:31:40.293820,PUBLISH,20161b4b0cdd4c27a0eccd4145a46aff,68f2d95bd190740cfd6a228b,ENQUEUED,0.25198141323070905,questions_in
2025-10-28T23:31:40.602132,PUBLISH,944e9c33e3fa40dd9d0af61cf26b853a,68f2d95bd190740cfd6a357a,ENQUEUED,0.3054222518791769,questions_in
2025-10-28T23:31:42.865932,PUBLISH,10689226ddd74ba1a453573310cfd49e,68f2d95bd190740cfd6a34d8,ENQUEUED,2.259902983111913,questions_in
2025-10-28T23:31:42.926509,PUBLISH,23dc8ea4c0654920a795830e05923119,68f2d95bd190740cfd6a1bf5,ENQUEUED,0.05863328595995421,questions_in
2025-10-28T23:31:43.000929,PUBLISH,7a76263e197943f5a09f853753e4a3db,68f2d95bd190740cfd6a2c54,ENQUEUED,0.07226968568064707,questions_in
2025-10-28T23:31:43.031585,PUBLISH,de6228e430f84e9a9b35ea9b3e06ff52,68f2d95bd190740cfd6a34f1,ENQUEUED,0.028907473515018878,questions_in
2025-10-28T23:31:43.745169,PUBLISH,af3c985daca741c9b041e85ac0d9b357,68f2d95bd190740cfd6a1e7a,ENQUEUED,0.7111252414607413,questions_in
2025-10-28T23:31:44.206725,PUBLISH,8a06a0998df54d3b94b4a59b4e3d2a9d,68f2d95bd190740cfd6a3db5,ENQUEUED,0.4586179439089541,questions_in
2025-10-28T23:31:45.221684,PUBLISH,45d8fd640b61434d8cd4ee89e394f85a,68f2d95bd190740cfd6a2c6e,ENQUEUED,1.0111279743254433,questions_in
2025-10-28T23:31:45.960122,PUBLISH,5d15cba9ead842e190dd88464cff1286,68f2d95bd190740cfd6a2809,ENQUEUED,0.7360843931489615,questions_in
2025-10-28T23:31:46.252354,PUBLISH,10d2f9486c8d418d920fd589c8d07a1e,68f2d95bd190740cfd6a34a8,ENQUEUED,0.28870072454436496,questions_in
2025-10-28T23:31:46.823832,PUBLISH,9ee9ebbbb33342c68032c82fa8db700b,68f2d95bd190740cfd6a20f5,ENQUEUED,0.5688236071719652,questions_in
2025-10-28T23:31:47.129509,PUBLISH,bd43604b259945018e8c9efb3e54a409,68f2d95bd190740cfd6a2d7e,ENQUEUED,0.3022223055597953,questions_in
2025-10-28T23:31:47.218114,PUBLISH,a4c82ac8f91a43b1a99fc857792c3ec2,68f2d95bd190740cfd6a2a06,ENQUEUED,0.08690896422030779,questions_in
2025-10-28T23:31:47.614156,PUBLISH,3b76820475ba4567a8931ddec8b7f100,68f2d95bd190740cfd6a2e69,ENQUEUED,0.39401499334391327,questions_in
2025-10-28T23:31:49.375448,PUBLISH,ae222e44514a4bec9c2c396601c98bb2,68f2d95bd190740cfd6a260b,ENQUEUED,1.7573496108230724,questions_in
2025-10-28T23:31:50.780741,PUBLISH,94915296356c47929b5aa5dd7831286b,68f2d95bd190740cfd6a3a7f,ENQUEUED,1.4016820559161545,questions_in
2025-10-28T23:31:50.856486,PUBLISH,ad385e6f6908415991a8655b98c039e1,68f2d95bd190740cfd6a1cca,ENQUEUED,0.07359906293638843,questions_in
2025-10-28T23:31:52.088469,PUBLISH,9fa116846cc44e96828286dcd4b56bb7,68f2d95bd190740cfd6a2a65,ENQUEUED,1.2294797830405144,questions_in
2025-10-28T23:31:52.426267,PUBLISH,a53a7883e1bf4d948f7ef7768dbbbbe2,68f2d95bd190740cfd6a1e51,ENQUEUED,0.33591335715767245,questions_in
2025-10-28T23:31:52.494942,PUBLISH,e3b1f7dbd80149d9835a039bfa7eac3e,68f2d95bd190740cfd6a3ca9,ENQUEUED,0.06670609921378669,questions_in
2025-10-28T23:31:54.274310,PUBLISH,51eeca524ea64ca78f6652c6dace0cdb,68f2d95bd190740cfd6a2270,ENQUEUED,1.773272065291901,questions_in
2025-10-28T23:31:54.346550,PUBLISH,117ce99f5ce54f1eb4f3bbf538c2e5e3,68f2d95bd190740cfd6a3b3f,ENQUEUED,0.07016982434543027,questions_in
2025-10-28T23:31:56.891733,PUBLISH,adf66ef4830148c7abe2c11146507e19,68f2d95bd190740cfd6a38ec,ENQUEUED,2.5408084432597104,questions_in
2025-10-28T23:31:57.020152,PUBLISH,f6be58dcd724472bbaef08d28c81f28e,68f2d95bd190740cfd6a3971,ENQUEUED,0.124028182126242,questions_in
2025-10-28T23:31:57.351313,PUBLISH,9c871f45c9364702997d135d6781dceb,68f2d95bd190740cfd6a2a61,ENQUEUED,0.32765860133173524,questions_in
2025-10-28T23:31:58.762372,PUBLISH,04e5455c9cd44fffb8272cbf55997fcf,68f2d95bd190740cfd6a37c1,ENQUEUED,1.4086429845504418,questions_in
2025-10-28T23:32:00.560546,PUBLISH,0ef072f1f29e456f94e0269d6159b02a,68f2d95bd190740cfd6a1bf4,ENQUEUED,1.794838572653956,questions_in
2025-10-28T23:32:00.636767,PUBLISH,f25755a179a945d08c8089690769a5fc,68f2d95bd190740cfd6a38e4,ENQUEUED,0.07307642527389847,questions_in
2025-10-28T23:32:01.044944,PUBLISH,4ef60da283ee4b87a6c5414b307ce02a,68f2d95bd190740cfd6a332e,ENQUEUED,0.40629028454018995,questions_in
2025-10-28T23:32:02.269276,PUBLISH,79c3a8baebe94839b7ff3b2a90ec862f,68f2d95bd190740cfd6a3065,ENQUEUED,1.2203031943880356,questions_in
2025-10-28T23:32:02.756749,PUBLISH,f9371a30fdc54e94ae3c4180efeb60bf,68f2d95bd190740cfd6a26fc,ENQUEUED,0.48530406504304185,questions_in
2025-10-28T23:32:04.688292,PUBLISH,0a674f5d9d004583a516450c94b440ba,68f2d95bd190740cfd6a3be9,ENQUEUED,1.9222542787999142,questions_in
2025-10-28T23:32:04.835550,PUBLISH,1e8cd0f8e21342e5b5243b6bf7d15424,68f2d95bd190740cfd6a26d3,ENQUEUED,0.14321027660361554,questions_in
2025-10-28T23:32:05.503521,PUBLISH,014b039ff54e40e790e3efebfa29e4f5,68f2d95bd190740cfd6a23bb,ENQUEUED,0.6658839796908812,questions_in
2025-10-28T23:32:05.537113,PUBLISH,92220801f7244f38a925b1c8fcf6aa1f,68f2d95bd190740cfd6a2e10,ENQUEUED,0.031480366110015305,questions_in
2025-10-28T23:32:05.819216,PUBLISH,ca47bbac75974f1e85b3529b47e43ecc,68f2d95bd190740cfd6a1fa9,ENQUEUED,0.2794815008790198,questions_in
2025-10-28T23:32:06.251806,PUBLISH,68ec7145a08e4c5f9d92aac9b4a91a7a,68f2d95bd190740cfd6a4188,ENQUEUED,0.4293476941022414,questions_in
2025-10-28T23:32:07.012087,PUBLISH,93a1291c3b444125a714cfd476b131af,68f2d95bd190740cfd6a3724,ENQUEUED,0.7582371447302009,questions_in
2025-10-28T23:32:07.527390,PUBLISH,b2347423f73c46708a51bb179a40dc30,68f2d95bd190740cfd6a3c6c,ENQUEUED,0.5130659849001574,questions_in
2025-10-28T23:32:08.058879,PUBLISH,fe92d67c20c5456b8df418c807e3511c,68f2d95bd190740cfd6a37f7,ENQUEUED,0.5284676103021724,questions_in
2025-10-28T23:32:08.475587,PUBLISH,149b678c4a404222a1a2589622f9c021,68f2d95bd190740cfd6a261a,ENQUEUED,0.4146676115999417,questions_in
2025-10-28T23:32:12.642720,PUBLISH,ed6a6d51670040f5a24c2d5291f13135,68f2d95bd190740cfd6a2241,ENQUEUED,4.159966972881276,questions_in
2025-10-28T23:32:14.751542,PUBLISH,2f9c59649dd0414cbfaca7fe80e613ea,68f2d95bd190740cfd6a3632,ENQUEUED,2.105183472421525,questions_in
2025-10-28T23:32:14.817641,PUBLISH,b53c992df0ae40b298a375250a47b95b,68f2d95bd190740cfd6a3bd6,ENQUEUED,0.06254871102251604,questions_in
2025-10-28T23:32:14.878038,PUBLISH,e56654133731401e847db8bf27333bd1,68f2d95bd190740cfd6a4178,ENQUEUED,0.0583768054040637,questions_in
2025-10-28T23:32:15.272442,PUBLISH,5690acc44cd34620a1e914aa6de2dc4d,68f2d95bd190740cfd6a40a6,ENQUEUED,0.39095618795902715,questions_in
2025-10-28T23:32:15.379202,PUBLISH,6ee46ffad87941d0a9f0c10ed95bea91,68f2d95bd190740cfd6a1cc2,ENQUEUED,0.105100389761059,questions_in
2025-10-28T23:32:15.390898,PUBLISH,2bd349457f7545a698052bee8e2c9694,68f2d95bd190740cfd6a2168,ENQUEUED,0.00909012015597988,questions_in
2025-10-28T23:32:16.004101,PUBLISH,3e830797f6d142a7b26f75b0970d1dbd,68f2d95bd190740cfd6a3ce5,ENQUEUED,0.6109197176166571,questions_in
2025-10-28T23:32:16.461929,PUBLISH,28b8d2acb36a4fb686a13f64d0050fce,68f2d95bd190740cfd6a1e04,ENQUEUED,0.45583896356553094,questions_in
2025-10-28T23:32:17.394134,PUBLISH,cf7a77026af5401eaa4f0d336f74b30e,68f2d95bd190740cfd6a22ca,ENQUEUED,0.9303641106240175,questions_in
2025-10-28T23:32:19.072318,PUBLISH,8e673b48619e42e5948c7e981d04bb54,68f2d95bd190740cfd6a2ce7,ENQUEUED,1.6748464746290133,questions_in
2025-10-28T23:32:19.101261,PUBLISH,d1cb62d568f841c7896eeb4c24d62ec8,68f2d95bd190740cfd6a1ef2,ENQUEUED,0.026417023546556395,questions_in
2025-10-28T23:32:21.956364,PUBLISH,e90038ddfbe0452287d0032a56957b1e,68f2d95bd190740cfd6a3e85,ENQUEUED,2.850741957174208,questions_in
2025-10-28T23:32:23.936248,PUBLISH,d2f8cf7a51974e25abee5b7db47e6dbe,68f2d95bd190740cfd6a3fbc,ENQUEUED,1.9770903752178706,questions_in
2025-10-28T23:32:25.596536,PUBLISH,1f450e5ee005433fae9fca56d2f6e6b7,68f2d95bd190740cfd6a3dee,ENQUEUED,1.6556027801576054,questions_in
2025-10-28T23:32:25.749532,PUBLISH,f9b32486b175428a9e543a720a12d789,68f2d95bd190740cfd6a37cf,ENQUEUED,0.15120330414517572,questions_in
2025-10-28T23:32:26.421177,PUBLISH,9963840c77334a078dae78460a9029d0,68f2d95bd190740cfd6a3a01,ENQUEUED,0.6682934765675038,questions_in
2025-10-28T23:32:26.902182,PUBLISH,62def7f406784d4099d50c7886760535,68f2d95bd190740cfd6a239f,ENQUEUED,0.479252485921267,questions_in
2025-10-28T23:32:27.143982,PUBLISH,fa6424c7de604e03bc45e0ca3f7d9d67,68f2d95bd190740cfd6a4138,ENQUEUED,0.23974894660075696,questions_in
2025-10-28T23:32:28.462477,PUBLISH,f7c18fc4a0cc4ef781ed44bdffe21d07,68f2d95bd190740cfd6a31ba,ENQUEUED,1.314212602498764,questions_in
2025-10-28T23:32:29.928603,PUBLISH,9f71b877343e4df1963dda216310a6ee,68f2d95bd190740cfd6a3779,ENQUEUED,1.4619761467222716,questions_in
2025-10-28T23:32:30.525307,PUBLISH,285b32db19db4b11a2fd194083597bca,68f2d95bd190740cfd6a3347,ENQUEUED,0.5938323200584257,questions_in
2025-10-28T23:32:30.528728,PUBLISH,2a9046e0b38b49a4b54a3d2f2048e669,68f2d95bd190740cfd6a3fa3,ENQUEUED,0.00013209689028720862,questions_in
2025-10-28T23:32:30.548409,PUBLISH,93e090afc8514c04b1ea82c99e79d66b,68f2d95bd190740cfd6a295d,ENQUEUED,0.017704564611482062,questions_in
2025-10-28T23:32:33.004824,PUBLISH,73587fcdd75c4da08254607b83b1654c,68f2d95bd190740cfd6a3453,ENQUEUED,2.4508714612285845,questions_in
2025-10-28T23:32:33.689354,PUBLISH,125511773d4c44a79c352bd1d7c44ab1,68f2d95bd190740cfd6a3240,ENQUEUED,0.6820566750173825,questions_in
2025-10-28T23:32:34.523477,PUBLISH,3122a0c958244dbe9057f04bb458c46a,68f2d95bd190740cfd6a1ba7,ENQUEUED,0.8313480148571183,questions_in
2025-10-28T23:32:37.096035,PUBLISH,ed0ba0b3be454e0ca0fa8bc72f878971,68f2d95bd190740cfd6a3ec8,ENQUEUED,2.5669785853099554,questions_in
2025-10-28T23:32:37.333723,PUBLISH,62876bb2bb1b4964a5a7dc3cce23c975,68f2d95bd190740cfd6a2a1b,ENQUEUED,0.2354473520641505,questions_in
2025-10-28T23:32:37.681584,PUBLISH,08ac8fe2a1644f8c80ff745f9e28c4c8,68f2d95bd190740cfd6a2b13,ENQUEUED,0.3446114816822428,questions_in
2025-10-28T23:32:38.254842,PUBLISH,530c350294ce44db9abc87c00604e92a,68f2d95bd190740cfd6a3825,ENQUEUED,0.569941837831016,questions_in
2025-10-28T23:32:38.595879,PUBLISH,45a5435d1acf443da5f668ca29f4dd63,68f2d95bd190740cfd6a2e1f,ENQUEUED,0.3368042115460308,questions_in
2025-10-28T23:32:39.297101,PUBLISH,7862718fde2c4b34a705ca6f5d97a6ac,68f2d95bd190740cfd6a3cf0,ENQUEUED,0.6948604584229301,questions_in
2025-10-28T23:32:40.299195,PUBLISH,e6f8e076a062450f96d2e630ecdd82fb,68f2d95bd190740cfd6a2390,ENQUEUED,0.9998173404759139,questions_in
2025-10-28T23:32:41.121835,PUBLISH,e8bc237684ef4848bfa4b91d6ec1fa57,68f2d95bd190740cfd6a1ef0,ENQUEUED,0.8198995043546793,questions_in
2025-10-28T23:32:42.513485,PUBLISH,f038fc77576649caa6e0187a1e0339c1,68f2d95bd190740cfd6a3f87,ENQUEUED,1.3888196820349419,questions_in
2025-10-28T23:32:42.630978,PUBLISH,6ee11dfaeb554b29a00296ca3cc57280,68f2d95bd190740cfd6a3854,ENQUEUED,0.11522206005155766,questions_in
2025-10-28T23:32:43.378154,PUBLISH,9e1ad74ec8224b4abc4bdb5bca38b830,68f2d95bd190740cfd6a3101,ENQUEUED,0.7412997998948058,questions_in
2025-10-28T23:32:43.503843,PUBLISH,5da194c292054ed0a410ece329d0be56,68f2d95bd190740cfd6a1ff4,ENQUEUED,0.12326178088356769,questions_in
2025-10-28T23:32:44.180937,PUBLISH,b5300d7bf96443538a0d70812c59a26f,68f2d95bd190740cfd6a2ebe,ENQUEUED,0.6733408631367522,questions_in
2025-10-28T23:32:44.348071,PUBLISH,5043d0ea65ce4e829ad283096416efc8,68f2d95bd190740cfd6a1c22,ENQUEUED,0.16548220941607863,questions_in
2025-10-28T23:32:44.517513,PUBLISH,043a6a10b0e14cc7a1a322b84ca18fd1,68f2d95bd190740cfd6a1fdd,ENQUEUED,0.16723719580133792,questions_in
2025-10-28T23:32:44.818394,PUBLISH,d52c413a5f574070af1f00322ae3b13e,68f2d95bd190740cfd6a224b,ENQUEUED,0.29758394337455835,questions_in
2025-10-28T23:32:45.056858,PUBLISH,8166dd7f4b604f018dcb610bd0286039,68f2d95bd190740cfd6a2948,ENQUEUED,0.2365851916804321,questions_in
2025-10-28T23:32:45.116641,PUBLISH,0ffb2801c9b143618a0fc495bdece283,68f2d95bd190740cfd6a3dcf,ENQUEUED,0.057710730744540646,questions_in
2025-10-28T23:32:45.655297,PUBLISH,076241bfa1fd4daf85f3066754961cf4,68f2d95bd190740cfd6a22f0,ENQUEUED,0.5369506231237057,questions_in
2025-10-28T23:32:45.898328,PUBLISH,36f30c0dc7fa42088605fa4ec46f55a4,68f2d95bd190740cfd6a3ae6,ENQUEUED,0.2393200100250579,questions_in
2025-10-28T23:32:46.148844,PUBLISH,a694b44556bb4c1391139ba9dc2ba92c,68f2d95bd190740cfd6a2f69,ENQUEUED,0.24857830081734425,questions_in
2025-10-28T23:32:46.401993,PUBLISH,1df2335810bf4d48a20ced94c5dd36e3,68f2d95bd190740cfd6a3234,ENQUEUED,0.2512236998031659,questions_in
2025-10-28T23:32:46.670705,PUBLISH,d9e1f3c567b145569b569482ca79a13d,68f2d95bd190740cfd6a313a,ENQUEUED,0.2667395342730889,questions_in
2025-10-28T23:32:46.759264,PUBLISH,4d8a07c63eb3472496b85ae1d4d82198,68f2d95bd190740cfd6a3391,ENQUEUED,0.08549419885684961,questions_in
2025-10-28T23:32:47.701948,PUBLISH,37072099810842c098ba873c2f1dcec4,68f2d95bd190740cfd6a2ee8,ENQUEUED,0.9395831675531049,questions_in
2025-10-28T23:32:49.196450,PUBLISH,758f566b92d64a90ba2460337c0374e2,68f2d95bd190740cfd6a23c8,ENQUEUED,1.4915275299424435,questions_in
2025-10-28T23:32:50.833419,PUBLISH,801dc357c4cf447b929f2a829c828951,68f2d95bd190740cfd6a1ecb,ENQUEUED,1.6325075445640926,questions_in
2025-10-28T23:32:50.962354,PUBLISH,3b513ccc55b24971ab617bd337c2e93f,68f2d95bd190740cfd6a2f25,ENQUEUED,0.12732293582095322,questions_in
2025-10-28T23:32:51.735097,PUBLISH,412f7eebbd08493fbcac4836a32c7646,68f2d95bd190740cfd6a36c7,ENQUEUED,0.7703389178055859,questions_in
2025-10-28T23:32:52.094529,PUBLISH,f79cb6c81dea46fd9236028e4719ca22,68f2d95bd190740cfd6a2590,ENQUEUED,0.35272630852601955,questions_in
2025-10-28T23:32:52.317141,PUBLISH,d7f8fd44330142be942540b55ae9049a,68f2d95bd190740cfd6a2e0f,ENQUEUED,0.22059098348177805,questions_in
2025-10-28T23:32:53.315537,PUBLISH,ad876f6e2f434c5ba7ae2347241e1017,68f2d95bd190740cfd6a37fc,ENQUEUED,0.9960512738537971,questions_in
2025-10-28T23:32:53.320320,PUBLISH,0d16d0e2609f49928a2f9cdb1b74a23d,68f2d95bd190740cfd6a2fae,ENQUEUED,0.0026773786512308225,questions_in
2025-10-28T23:32:53.967337,PUBLISH,250733aaf595489da1f2881aedf489af,68f2d95bd190740cfd6a2565,ENQUEUED,0.6446813650458462,questions_in
2025-10-28T23:32:54.614650,PUBLISH,25a1d1cae3f04904b4a24f042ad5ab14,68f2d95bd190740cfd6a378d,ENQUEUED,0.6452017979459189,questions_in
2025-10-28T23:32:55.218536,PUBLISH,c22399dc277d4c8fa1b71a5c0e3ba60d,68f2d95bd190740cfd6a3eda,ENQUEUED,0.6016190680609131,questions_in
2025-10-28T23:32:56.142614,PUBLISH,55ed3acccb6347e1ad47db5181b9e566,68f2d95bd190740cfd6a1f6a,ENQUEUED,0.9218167198931666,questions_in
2025-10-28T23:32:56.337166,PUBLISH,f5ba1d5e049242058071899a5a09ad85,68f2d95bd190740cfd6a21e9,ENQUEUED,0.19258211183771154,questions_in
2025-10-28T23:32:56.397147,PUBLISH,fe02ad0226874af5a4da9171c50aca37,68f2d95bd190740cfd6a3019,ENQUEUED,0.05789280099534322,questions_in
2025-10-28T23:32:58.902238,PUBLISH,fb98820889a14047bc3abe0ca620721c,68f2d95bd190740cfd6a21ea,ENQUEUED,2.5014276432362057,questions_in
2025-10-28T23:32:58.980134,PUBLISH,cd9d3484e7f84bb9b837d277f0670207,68f2d95bd190740cfd6a237c,ENQUEUED,0.07571120454194194,questions_in
2025-10-28T23:32:59.902239,PUBLISH,52f5b585a57e4d97814740eb59f75842,68f2d95bd190740cfd6a2155,ENQUEUED,0.9200081286120901,questions_in
2025-10-28T23:33:00.514509,PUBLISH,61f79a86bb7b41d58526d86fa53210e8,68f2d95bd190740cfd6a1d29,ENQUEUED,0.6103151241700259,questions_in
2025-10-28T23:33:00.695896,PUBLISH,fe9655c897d747f3b92f350b7a8828f1,68f2d95bd190740cfd6a355b,ENQUEUED,0.1793107047072208,questions_in
2025-10-28T23:33:01.412710,PUBLISH,2e32d2e4d8c6496ca5d436d053ee30c1,68f2d95bd190740cfd6a26c9,ENQUEUED,0.7129616140683023,questions_in
2025-10-28T23:33:02.134793,PUBLISH,57fce7da5107419c84e531c8830909fd,68f2d95bd190740cfd6a3a09,ENQUEUED,0.7190824109855027,questions_in
2025-10-28T23:33:02.274142,PUBLISH,aaf7e95b25b44a269c09d3db8fafb976,68f2d95bd190740cfd6a27fa,ENQUEUED,0.1355650932910744,questions_in
2025-10-28T23:33:02.679656,PUBLISH,21e926522d624b1ab9e640a86a701fc6,68f2d95bd190740cfd6a2d3c,ENQUEUED,0.40250611564192473,questions_in
2025-10-28T23:33:03.498330,PUBLISH,5cdeccaa7d0242988895a0cda790db26,68f2d95bd190740cfd6a25fd,ENQUEUED,0.816600729282443,questions_in
2025-10-28T23:33:03.627735,PUBLISH,3d27499442be43bd80066a8a970cf244,68f2d95bd190740cfd6a3db6,ENQUEUED,0.126897974175558,questions_in
2025-10-28T23:33:05.718494,PUBLISH,405b266b6f0d4bbfaf271780f70d8cf7,68f2d95bd190740cfd6a3558,ENQUEUED,2.087075337313876,questions_in
2025-10-28T23:33:06.726785,PUBLISH,53daa51081f4423395bc6ec8b678fef5,68f2d95bd190740cfd6a284c,ENQUEUED,1.0029211939196363,questions_in
2025-10-28T23:33:07.211320,PUBLISH,ba21276361804f948c6abdcc9bffb816,68f2d95bd190740cfd6a382f,ENQUEUED,0.481253222651707,questions_in
2025-10-28T23:33:07.996814,PUBLISH,e579efa0d41a4d6db680696688be16eb,68f2d95bd190740cfd6a1fe9,ENQUEUED,0.7830805382501097,questions_in
2025-10-28T23:33:09.540643,PUBLISH,2450b5b91d014bffb7591b49096fcace,68f2d95bd190740cfd6a1ce2,ENQUEUED,1.5372547307405864,questions_in
2025-10-28T23:33:11.053760,PUBLISH,d64390bbd51d4384b89f773724dec6bf,68f2d95bd190740cfd6a37dd,ENQUEUED,1.5088748708004063,questions_in
2025-10-28T23:33:11.701424,PUBLISH,179226d18c1346e58ccb3a60fcd9ec27,68f2d95bd190740cfd6a1d3b,ENQUEUED,0.6446948221344938,questions_in
2025-10-28T23:33:12.657451,PUBLISH,d6a89b90b33a4af0b7dd3fa0198a2a60,68f2d95bd190740cfd6a3817,ENQUEUED,0.951308932184825,questions_in
2025-10-28T23:33:12.713476,PUBLISH,5423878ece984fba80c515bdb9bfee64,68f2d95bd190740cfd6a2a0f,ENQUEUED,0.054259536194570905,questions_in
2025-10-28T23:33:12.841560,PUBLISH,11e58225baaa4394834cf7cb5dc1028c,68f2d95bd190740cfd6a31bd,ENQUEUED,0.12629614878720394,questions_in
2025-10-28T23:33:13.093546,PUBLISH,cf29d67d1964432c86fb10fccb82dd41,68f2d95bd190740cfd6a1e5b,ENQUEUED,0.24994231695339578,questions_in
2025-10-28T23:33:13.556671,PUBLISH,3be1e0aac0374e1a97d9e18bc34ff577,68f2d95bd190740cfd6a3210,ENQUEUED,0.4569879703212331,questions_in
2025-10-28T23:33:13.882435,PUBLISH,87238760485b4611888867406a11cacf,68f2d95bd190740cfd6a1cef,ENQUEUED,0.3236811986503012,questions_in
2025-10-28T23:33:14.992236,PUBLISH,032e0dcccb4c4597bc9909bd0ad07318,68f2d95bd190740cfd6a2740,ENQUEUED,1.107423425484207,questions_in
2025-10-28T23:33:15.253676,PUBLISH,279d33b008c048feb08137f232a374b8,68f2d95bd190740cfd6a2119,ENQUEUED,0.2578534408754753,questions_in
2025-10-28T23:33:15.797383,PUBLISH,c689fe7a3bff494684c5d34cecec8da4,68f2d95bd190740cfd6a3492,ENQUEUED,0.5414873257829944,questions_in
2025-10-28T23:33:16.838591,PUBLISH,a33bfb7923bb45c687271924cf79f481,68f2d95bd190740cfd6a2551,ENQUEUED,1.0383785333346875,questions_in
2025-10-28T23:33:17.627154,PUBLISH,14203e55d27742b28fee5561797b7fc9,68f2d95bd190740cfd6a3864,ENQUEUED,0.7794409608076207,questions_in
2025-10-28T23:33:18.154953,PUBLISH,15ecf5b9d2374809a2ec8579675e6ca3,68f2d95bd190740cfd6a20f6,ENQUEUED,0.5240683157958139,questions_in
2025-10-28T23:33:19.388297,PUBLISH,2201145377004161ab50d556fc4bafbb,68f2d95bd190740cfd6a202c,ENQUEUED,1.2288164070203547,questions_in
2025-10-28T23:33:21.474104,PUBLISH,11de07cfb1624a46a09de4c261666b25,68f2d95bd190740cfd6a237b,ENQUEUED,2.0827264126192495,questions_in
2025-10-28T23:33:23.508887,PUBLISH,20716a2f12424824bd94d27afe70ef14,68f2d95bd190740cfd6a32f2,ENQUEUED,2.030554816638849,questions_in
2025-10-28T23:33:23.664795,PUBLISH,4e782a916edf465bbe331e5f23d0dc94,68f2d95bd190740cfd6a33ae,ENQUEUED,0.15312070462063979,questions_in
2025-10-28T23:33:24.277550,PUBLISH,558c3a14241547f78735e7f8cd168a4a,68f2d95bd190740cfd6a1cf9,ENQUEUED,0.6082930597720547,questions_in
2025-10-28T23:33:24.953441,PUBLISH,26fd5ce846254ed8bbd9d26d87a0eb4d,68f2d95bd190740cfd6a2309,ENQUEUED,0.672948654166818,questions_in
2025-10-28T23:33:26.702563,PUBLISH,b4310b0cdbba4b6ba6bf7a2ef00bf669,68f2d95bd190740cfd6a2089,ENQUEUED,1.7447714990677081,questions_in
2025-10-28T23:33:27.087073,PUBLISH,b7056870acd5490cba9f14ad3be46aec,68f2d95bd190740cfd6a318c,ENQUEUED,0.38086979400947546,questions_in
2025-10-28T23:33:27.405647,PUBLISH,23272b2d8f354e2091689c085f046bee,68f2d95bd190740cfd6a233d,ENQUEUED,0.31629770296249343,questions_in
2025-10-28T23:33:27.960730,PUBLISH,2a62eac6c6c94b8bb044a20bd6ba65b6,68f2d95bd190740cfd6a2a93,ENQUEUED,0.5529905118320552,questions_in
2025-10-28T23:33:28.054431,PUBLISH,bfd35a851969425ba7f535abc34af850,68f2d95bd190740cfd6a3d46,ENQUEUED,0.09142335205316676,questions_in
2025-10-28T23:33:28.690398,PUBLISH,98a1894ecb304809bed52e0f30f3a343,68f2d95bd190740cfd6a3355,ENQUEUED,0.6343273717763865,questions_in
2025-10-28T23:33:29.356155,PUBLISH,cab65fc53fc84b72b7f84a4e7a88f15e,68f2d95bd190740cfd6a1ad1,ENQUEUED,0.6639002750759846,questions_in
2025-10-28T23:33:30.500922,PUBLISH,dc802e7f9fa245dcaf8d4bbc5c4586f1,68f2d95bd190740cfd6a1e48,ENQUEUED,1.1411762391932663,questions_in
2025-10-28T23:33:30.846769,PUBLISH,f9843473fef84cc99ff53668f926f4bf,68f2d95bd190740cfd6a264e,ENQUEUED,0.3439280526983113,questions_in
2025-10-28T23:33:31.618454,PUBLISH,ec78c75689074408a1cdd3f638f1932b,68f2d95bd190740cfd6a2f96,ENQUEUED,0.7678124474712771,questions_in
2025-10-28T23:33:32.503539,PUBLISH,e80be22470c3430e8855addd4ebaa96e,68f2d95bd190740cfd6a24fd,ENQUEUED,0.8823727345621365,questions_in
2025-10-28T23:33:32.670475,PUBLISH,d875c646010b49fe933070b2b6a804c9,68f2d95bd190740cfd6a3c8f,ENQUEUED,0.16483736470178162,questions_in
2025-10-28T23:33:33.032160,PUBLISH,4de366d7f7044c559ef5f0e77d9cd7cb,68f2d95bd190740cfd6a31bf,ENQUEUED,0.35850316521968656,questions_in
2025-10-28T23:33:33.689304,PUBLISH,c79a3dc3a72b44d1abe1c2313a694253,68f2d95bd190740cfd6a38b1,ENQUEUED,0.6545424878233759,questions_in
2025-10-28T23:33:33.938163,PUBLISH,883e28777e6142e4a31bafdf1767c86e,68f2d95bd190740cfd6a1c82,ENQUEUED,0.2468902102384888,questions_in
2025-10-28T23:33:34.051643,PUBLISH,c36a25d529df41598a1aecb2026d2ed7,68f2d95bd190740cfd6a2b3b,ENQUEUED,0.11113030267343248,questions_in
2025-10-28T23:33:34.703406,PUBLISH,52941e51f00c47abbcfaa2faebb446a1,68f2d95bd190740cfd6a3121,ENQUEUED,0.6471604764974431,questions_in
2025-10-28T23:33:35.812346,PUBLISH,e41ea7e43d0e4836a2f208e7d52bbcd0,68f2d95bd190740cfd6a3df3,ENQUEUED,1.1068682372410623,questions_in
2025-10-28T23:33:37.166502,PUBLISH,79d81a7949754a11a48c00e3050f0654,68f2d95bd190740cfd6a2fae,ENQUEUED,1.3497715938682813,questions_in
2025-10-28T23:33:37.228868,PUBLISH,6f2d50022c3c42208212d3a55c7982c9,68f2d95bd190740cfd6a2d8f,ENQUEUED,0.06076826346145816,questions_in
2025-10-28T23:33:38.164901,PUBLISH,03dc5c8bdc35428c963f49ae85653ba9,68f2d95bd190740cfd6a22c3,ENQUEUED,0.931957272289962,questions_in
2025-10-28T23:33:38.371897,PUBLISH,9030bc3629744825b975b67378b3cbf5,68f2d95bd190740cfd6a335e,ENQUEUED,0.20513676246223136,questions_in
2025-10-28T23:33:38.470489,PUBLISH,828903cb35364f9db257f735db507a46,68f2d95bd190740cfd6a40aa,ENQUEUED,0.09683687090079919,questions_in
2025-10-28T23:33:39.106275,PUBLISH,6b427e7050c148c5a0c10a6ba868e26f,68f2d95bd190740cfd6a2ab1,ENQUEUED,0.6334138551275691,questions_in
2025-10-28T23:33:41.099242,PUBLISH,23792776d67a400a8667db7a4647c51d,68f2d95bd190740cfd6a243e,ENQUEUED,1.9874537710554234,questions_in
2025-10-28T23:33:41.166642,PUBLISH,ffb494d800ef40bcb108022e5bc64eb2,68f2d95bd190740cfd6a2f1a,ENQUEUED,0.06472347304673917,questions_in
2025-10-28T23:33:42.489747,PUBLISH,4e68d4a17c6e4eb090e7f072be18b414,68f2d95bd190740cfd6a2074,ENQUEUED,1.3205112966539847,questions_in
2025-10-28T23:33:44.102227,PUBLISH,6190afd0fc28473a886f88b6ca3c8452,68f2d95bd190740cfd6a340f,ENQUEUED,1.6101242547030523,questions_in
2025-10-28T23:33:44.488972,PUBLISH,79c264df2ad9454b922b042d34599ecd,68f2d95bd190740cfd6a2109,ENQUEUED,0.38438054945563477,questions_in
2025-10-28T23:33:44.517469,PUBLISH,a96e983056f1425885ae548f02829aaa,68f2d95bd190740cfd6a2f5f,ENQUEUED,0.026774664225660934,questions_in
2025-10-28T23:33:45.877935,PUBLISH,185394db738046fda58f4e02ad71d437,68f2d95bd190740cfd6a3524,ENQUEUED,1.3534627813681868,questions_in
2025-10-28T23:33:46.787098,PUBLISH,f0594e475c8b45b3856c10d47fe938d0,68f2d95bd190740cfd6a2ed9,ENQUEUED,0.9070447552964415,questions_in
2025-10-28T23:33:46.919089,PUBLISH,931e5913233e43c786c40f7df02f8b3e,68f2d95bd190740cfd6a208b,ENQUEUED,0.13024105679222062,questions_in
2025-10-28T23:33:47.747239,PUBLISH,1a6e7ef02607443ea5a233f2edc61332,68f2d95bd190740cfd6a321d,ENQUEUED,0.8233707940194703,questions_in
2025-10-28T23:33:47.795871,PUBLISH,ee68370761e14479878ba8810155cb8e,68f2d95bd190740cfd6a231c,ENQUEUED,0.04574184992691401,questions_in
2025-10-28T23:33:48.331834,PUBLISH,60f54415542348a1a2807949030c10a3,68f2d95bd190740cfd6a3aa3,ENQUEUED,0.5329037133044308,questions_in
2025-10-28T23:33:48.843793,PUBLISH,56eb6f9ba82d4429aba633ff16241758,68f2d95bd190740cfd6a1b59,ENQUEUED,0.5097942313109359,questions_in
2025-10-28T23:33:50.343425,PUBLISH,aab7dbe7c9044ad4984e8ac79fe48594,68f2d95bd190740cfd6a2e11,ENQUEUED,1.49709386982615,questions_in
2025-10-28T23:33:51.047855,PUBLISH,926c20ffc8494636ab0f0049fd5c5f8e,68f2d95bd190740cfd6a294b,ENQUEUED,0.7009375298864354,questions_in
2025-10-28T23:33:53.104171,PUBLISH,0599722822c744bb9c93d1519865dc60,68f2d95bd190740cfd6a33b4,ENQUEUED,2.052640574931738,questions_in
2025-10-28T23:33:53.298145,PUBLISH,37c32d12cd6446b4b846cb2d1abe7e5a,68f2d95bd190740cfd6a24ee,ENQUEUED,0.19171643544055839,questions_in
2025-10-28T23:33:53.701343,PUBLISH,6ae5bd974ff94ec19df257713bca64a8,68f2d95bd190740cfd6a3696,ENQUEUED,0.40137910624561823,questions_in
2025-10-28T23:33:54.361705,PUBLISH,8b7a97418f1645508441b083073d0eea,68f2d95bd190740cfd6a2ecb,ENQUEUED,0.6531716883252232,questions_in
2025-10-28T23:33:55.239611,PUBLISH,c3ae727ae0e74350937bc2643b95332f,68f2d95bd190740cfd6a3bc4,ENQUEUED,0.8754504443806542,questions_in
2025-10-28T23:33:56.684501,PUBLISH,567e5f5d29d64c4b9609b168df6af38a,68f2d95bd190740cfd6a2075,ENQUEUED,1.4416695264395285,questions_in
2025-10-28T23:34:00.521323,PUBLISH,9257d7db150f4ced9c2a1afdf7dbd337,68f2d95bd190740cfd6a40c1,ENQUEUED,3.8317664312891466,questions_in
2025-10-28T23:34:00.997946,PUBLISH,f5f0cc4cbbcc4c51ad3e26114a90ac05,68f2d95bd190740cfd6a337a,ENQUEUED,0.472220603858402,questions_in
2025-10-28T23:34:03.007127,PUBLISH,8c0598c7a82b4ea7853b44983315db0f,68f2d95bd190740cfd6a394a,ENQUEUED,2.004971478584079,questions_in
2025-10-28T23:34:03.661980,PUBLISH,1b9734676f4f47b392aec5fc423c79da,68f2d95bd190740cfd6a3064,ENQUEUED,0.6505120641513161,questions_in
2025-10-28T23:34:07.055757,PUBLISH,478d4d7e2dc2437082f1c60a233aecea,68f2d95bd190740cfd6a2d10,ENQUEUED,3.3891346806719334,questions_in
2025-10-28T23:34:07.185591,PUBLISH,634feb738e9d428c9a03b2b933ae1c86,68f2d95bd190740cfd6a2265,ENQUEUED,0.12804079932694576,questions_in
2025-10-28T23:34:07.605504,PUBLISH,a19b3f09930248bc8afee695949a11cd,68f2d95bd190740cfd6a30cf,ENQUEUED,0.4165427510818471,questions_in
2025-10-28T23:34:07.977823,PUBLISH,35c2606115d245fe9d49a2846a2915d1,68f2d95bd190740cfd6a3d11,ENQUEUED,0.3698125247140354,questions_in
2025-10-28T23:34:08.117009,PUBLISH,9dac9a7d08d74f1f9fdee27ffcb966c4,68f2d95bd190740cfd6a2980,ENQUEUED,0.1371830896348679,questions_in
2025-10-28T23:34:08.384315,PUBLISH,a4c41c5bcf7742f7a867533f1b0a34ca,68f2d95bd190740cfd6a371d,ENQUEUED,0.2650072544369806,questions_in
2025-10-28T23:34:08.996050,PUBLISH,b83525f25bef4c559381dfe5d5b6f6a1,68f2d95bd190740cfd6a375a,ENQUEUED,0.6091037762233488,questions_in
2025-10-28T23:34:11.237355,PUBLISH,d8c46a8a64724cde86bfc84866f371b0,68f2d95bd190740cfd6a40ab,ENQUEUED,2.2378517648436023,questions_in
2025-10-28T23:34:11.729282,PUBLISH,8dd69dcbbf4e436b8d9731d4ac08e9ca,68f2d95bd190740cfd6a3422,ENQUEUED,0.48494754167556015,questions_in
2025-10-28T23:34:12.160153,PUBLISH,63651f97b9e644abad3082c7969ff01c,68f2d95bd190740cfd6a4128,ENQUEUED,0.42582974117366823,questions_in
2025-10-28T23:34:12.510290,PUBLISH,74788e7c73294bc79118be4eeca54294,68f2d95bd190740cfd6a321a,ENQUEUED,0.3470461444959283,questions_in
2025-10-28T23:34:13.283702,PUBLISH,ee80a4ff31744fe1b020dada60498b43,68f2d95bd190740cfd6a2e53,ENQUEUED,0.7706778327750369,questions_in
2025-10-28T23:34:13.301743,PUBLISH,2639342eb09549f4b3e1d1df951722fb,68f2d95bd190740cfd6a3f11,ENQUEUED,0.0162699842872359,questions_in
2025-10-28T23:34:13.863782,PUBLISH,62e2d9acd7134b6daa9b8b5a64520e39,68f2d95bd190740cfd6a237c,ENQUEUED,0.5598117514169556,questions_in
2025-10-28T23:34:14.418340,PUBLISH,38b54baf1e824c399ed39423e04cb7c8,68f2d95bd190740cfd6a3ada,ENQUEUED,0.5520617224381257,questions_in
2025-10-28T23:34:15.279137,PUBLISH,bbaf3930912b4a41a9b73ebb48087827,68f2d95bd190740cfd6a3cad,ENQUEUED,0.8547695466601423,questions_in
2025-10-28T23:34:15.926291,PUBLISH,0d949a25d1484f5686e0bd923d41f600,68f2d95bd190740cfd6a315b,ENQUEUED,0.6442062680205513,questions_in
2025-10-28T23:34:17.525991,PUBLISH,24ba908c9c2e430b97e73d2342519bfd,68f2d95bd190740cfd6a3da8,ENQUEUED,1.5949517897682746,questions_in
2025-10-28T23:34:18.546908,PUBLISH,d735e1c9396b487eb3b15f1a203b62b1,68f2d95bd190740cfd6a21d5,ENQUEUED,1.0182659262196787,questions_in
2025-10-28T23:34:18.636094,PUBLISH,b8a82c3dafb34200bc0a207d6d9b35d0,68f2d95bd190740cfd6a3913,ENQUEUED,0.08750841078958956,questions_in
2025-10-28T23:34:18.953884,PUBLISH,62c8b9cd77964eceaf5fd1b2c89756d4,68f2d95bd190740cfd6a3e7f,ENQUEUED,0.31575617176831194,questions_in
2025-10-28T23:34:20.159770,PUBLISH,0edd60a6438c4d6e9b93b5a4668e10cf,68f2d95bd190740cfd6a3b54,ENQUEUED,1.2016411040299941,questions_in
2025-10-28T23:34:20.333059,PUBLISH,5f29fe608a0c430590e8c09548114e40,68f2d95bd190740cfd6a3792,ENQUEUED,0.17116602456002447,questions_in
2025-10-28T23:34:21.349107,PUBLISH,b03a5828111c4257886b191bee4bc6c8,68f2d95bd190740cfd6a4054,ENQUEUED,1.0111356976303358,questions_in
2025-10-28T23:34:22.032443,PUBLISH,af7bcaf586f74f57881e895567675d0b,68f2d95bd190740cfd6a2053,ENQUEUED,0.681470517483699,questions_in
2025-10-28T23:34:24.891545,PUBLISH,1915b2d57fef4227a0a4e08bbe224f34,68f2d95bd190740cfd6a331a,ENQUEUED,2.8531369895247654,questions_in
2025-10-28T23:34:25.141514,PUBLISH,35c234695a33469daba57ed92958a71a,68f2d95bd190740cfd6a26db,ENQUEUED,0.24594674728385846,questions_in
2025-10-28T23:34:25.327073,PUBLISH,68b12de349534a5d9baa73aebc96ba68,68f2d95bd190740cfd6a26b4,ENQUEUED,0.18346064294648837,questions_in
2025-10-28T23:34:25.864848,PUBLISH,f65f21349a4e4e9288a57c2276a670a7,68f2d95bd190740cfd6a3e71,ENQUEUED,0.528922379432616,questions_in
2025-10-28T23:34:26.178049,PUBLISH,88ac6bce93704fa9a198b7d20123ac7d,68f2d95bd190740cfd6a1f6f,ENQUEUED,0.310516088037957,questions_in
2025-10-28T23:34:27.459192,PUBLISH,9b9577f8f2a941b5899c3c5bc612944a,68f2d95bd190740cfd6a26fe,ENQUEUED,1.2751849715598478,questions_in
2025-10-28T23:34:28.360724,PUBLISH,34e6261f546a48ec83509288d6dc3dcc,68f2d95bd190740cfd6a3156,ENQUEUED,0.8991144609217453,questions_in
2025-10-28T23:34:29.847420,PUBLISH,a126c3f88b7843c383f0984ba24e83da,68f2d95bd190740cfd6a3723,ENQUEUED,1.4835122131648912,questions_in
2025-10-28T23:34:30.647490,PUBLISH,f20e6071ab6c4e1f9e0e5c72651644b8,68f2d95bd190740cfd6a3c2e,ENQUEUED,0.7972337345848954,questions_in
2025-10-28T23:34:30.809345,PUBLISH,2b722cde409143b7a19c1c6287733505,68f2d95bd190740cfd6a1cdf,ENQUEUED,0.16008743371720666,questions_in
2025-10-28T23:34:34.594198,PUBLISH,7953ac09f451418da1ad3b2025b9c9a9,68f2d95bd190740cfd6a1dd9,ENQUEUED,3.779722256376371,questions_in
2025-10-28T23:34:34.686319,PUBLISH,47a8b9b720244807ade3d2d04332ac16,68f2d95bd190740cfd6a3ce1,ENQUEUED,0.08940371907721521,questions_in
2025-10-28T23:34:34.762219,PUBLISH,b29d0a1a9dd4497c9f25ba6b8febd187,68f2d95bd190740cfd6a3c18,ENQUEUED,0.06934858269426843,questions_in
2025-10-28T23:34:35.089521,PUBLISH,e2d9dd7d101847d1b22625992fe1ce2f,68f2d95bd190740cfd6a3954,ENQUEUED,0.32521181225197604,questions_in
2025-10-28T23:34:36.764262,PUBLISH,d9f330a4d493471da11b1266ffec097a,68f2d95bd190740cfd6a2be5,ENQUEUED,1.6715219844309699,questions_in
2025-10-28T23:34:38.077628,PUBLISH,2cb2702016d34fa18eaefcee942ca886,68f2d95bd190740cfd6a34a9,ENQUEUED,1.3100939262528342,questions_in
2025-10-28T23:34:38.786845,PUBLISH,d696cfdf75804c6684793aa82653db33,68f2d95bd190740cfd6a2c93,ENQUEUED,0.7057176240881381,questions_in
2025-10-28T23:34:39.871794,PUBLISH,4b47ae5149ec413ba7c8a9b911974adc,68f2d95bd190740cfd6a3d70,ENQUEUED,1.0822260915267148,questions_in
2025-10-28T23:34:40.089247,PUBLISH,6ebced704abf44b7a7c2705b50deb130,68f2d95bd190740cfd6a22a0,ENQUEUED,0.21280487299926595,questions_in
2025-10-28T23:34:40.839090,PUBLISH,2ca910662cec4b52b05ebd1ddad16717,68f2d95bd190740cfd6a1e0f,ENQUEUED,0.7410021866775977,questions_in
2025-10-28T23:34:41.302757,PUBLISH,64e5f8a7b31d47a1af40b0fb2c5a0b7c,68f2d95bd190740cfd6a3d0a,ENQUEUED,0.460004944454427,questions_in
2025-10-28T23:34:41.812795,PUBLISH,ec1cefbe8c2d48cb82b88027844c98e1,68f2d95bd190740cfd6a220b,ENQUEUED,0.5080565456359148,questions_in
2025-10-28T23:34:42.658603,PUBLISH,273d7f853cc94750bdd6670417b052ff,68f2d95bd190740cfd6a2467,ENQUEUED,0.8376215479427565,questions_in
2025-10-28T23:34:43.323280,PUBLISH,fe8aa2e9b5fc4bd08f987c3911b4816c,68f2d95bd190740cfd6a3421,ENQUEUED,0.6621504732992288,questions_in
2025-10-28T23:34:43.370850,PUBLISH,f9e57c2c09d04ab8a8496772bf2d3807,68f2d95bd190740cfd6a29fe,ENQUEUED,0.04496052788518595,questions_in
2025-10-28T23:34:43.525456,PUBLISH,7b13493ea4a7499882a8b9feb44000d7,68f2d95bd190740cfd6a30b1,ENQUEUED,0.15270902640976075,questions_in
2025-10-28T23:34:43.760852,PUBLISH,8215290e246c442ca7596671dc8dffc4,68f2d95bd190740cfd6a21b5,ENQUEUED,0.23320143838794674,questions_in
2025-10-28T23:34:43.771684,PUBLISH,0fbd8e227efc4238abb70b2b747ca1cd,68f2d95bd190740cfd6a1f0a,ENQUEUED,0.008595627809671531,questions_in
2025-10-28T23:34:43.820302,PUBLISH,d8611cdd4e3743db94830885c6a1f0ab,68f2d95bd190740cfd6a3f37,ENQUEUED,0.04405561396687288,questions_in
2025-10-28T23:34:44.516577,PUBLISH,af9ec4fdc8ce48d7ba65c90f496ce2e9,68f2d95bd190740cfd6a3c5f,ENQUEUED,0.6934010248630212,questions_in
2025-10-28T23:34:45.148802,PUBLISH,494c7e8ec6ac4c4e9efbba10984a7715,68f2d95bd190740cfd6a2a6b,ENQUEUED,0.6297335189677457,questions_in
2025-10-28T23:34:45.327553,PUBLISH,a79adf1594ae4609b11860d38e6c6126,68f2d95bd190740cfd6a1d1a,ENQUEUED,0.17639377783492927,questions_in
2025-10-28T23:34:46.054566,PUBLISH,e7a0809f0342459e9252f67535aeb2f1,68f2d95bd190740cfd6a2376,ENQUEUED,0.7204802620047691,questions_in
2025-10-28T23:34:46.230300,PUBLISH,8bdf0b03f918461ca432461a30402b00,68f2d95bd190740cfd6a3f2a,ENQUEUED,0.17028041397712654,questions_in
2025-10-28T23:34:46.298929,PUBLISH,d433390389d74ba282256b5b78a57c55,68f2d95bd190740cfd6a1d7d,ENQUEUED,0.0638093056053068,questions_in
2025-10-28T23:34:46.631293,PUBLISH,98009d082aa944879b9ae1685149eed9,68f2d95bd190740cfd6a2a0d,ENQUEUED,0.32511831597502716,questions_in
2025-10-28T23:34:48.004151,PUBLISH,e64c47ec2f2e4b488c1056fcb6c447ed,68f2d95bd190740cfd6a1e9e,ENQUEUED,1.370496635637344,questions_in
2025-10-28T23:34:48.061788,PUBLISH,28d77ec511d341de82766425ce716d25,68f2d95bd190740cfd6a364a,ENQUEUED,0.05482434946043809,questions_in
2025-10-28T23:34:48.354033,PUBLISH,9d2124008212461d80dd89fb850d2633,68f2d95bd190740cfd6a22d7,ENQUEUED,0.29032608602102244,questions_in
2025-10-28T23:34:48.386257,PUBLISH,52009a52ed574dd795b3f9d36ffe3f96,68f2d95bd190740cfd6a2b2f,ENQUEUED,0.030159857114421734,questions_in
2025-10-28T23:34:49.635094,PUBLISH,5d72d8aba8c04b4bb69cec07781c1999,68f2d95bd190740cfd6a1ef8,ENQUEUED,1.2450105995458451,questions_in
2025-10-28T23:34:49.828506,PUBLISH,fa5707f50ed044b0adcdc1c0cbc7db32,68f2d95bd190740cfd6a3f62,ENQUEUED,0.19171666553213662,questions_in
2025-10-28T23:34:50.962834,PUBLISH,ae9167fa08a2404693b06b9e4074cfc8,68f2d95bd190740cfd6a2d27,ENQUEUED,1.1322502907416152,questions_in
2025-10-28T23:34:52.030327,PUBLISH,138ad95a944f4cf0b6111845354db0e7,68f2d95bd190740cfd6a392f,ENQUEUED,1.0641284850956807,questions_in
2025-10-28T23:34:52.449821,PUBLISH,83b5292b186d44b5bab9b810b9d6d1be,68f2d95bd190740cfd6a2ab9,ENQUEUED,0.41595915767680225,questions_in
2025-10-28T23:34:53.608958,PUBLISH,2af3a0a593e747438536f496a4f377bc,68f2d95bd190740cfd6a2c0b,ENQUEUED,1.1543104084791664,questions_in
2025-10-28T23:34:53.760030,PUBLISH,6b9278e4c2af4a6fa040e7983cb633c7,68f2d95bd190740cfd6a2417,ENQUEUED,0.1482008127460253,questions_in
2025-10-28T23:34:55.438489,PUBLISH,987c7294f443495ab5f7e32100e89067,68f2d95bd190740cfd6a1f42,ENQUEUED,1.6757473686689155,questions_in
2025-10-28T23:34:55.569589,PUBLISH,64a329a832bd47679174caba351f5d5e,68f2d95bd190740cfd6a2958,ENQUEUED,0.12649389282221066,questions_in
2025-10-28T23:34:56.124712,PUBLISH,be46be099697438babc91bdc343f7f70,68f2d95bd190740cfd6a1cf2,ENQUEUED,0.5523780548362583,questions_in
2025-10-28T23:34:56.138206,PUBLISH,4026f5798bf148f1826dd65757e4522c,68f2d95bd190740cfd6a1c3b,ENQUEUED,0.011885019668204821,questions_in
2025-10-28T23:34:57.178428,PUBLISH,f10c4dc281c74e0aa4776af9e4bc56d9,68f2d95bd190740cfd6a28f3,ENQUEUED,1.037876852586276,questions_in
2025-10-28T23:34:57.386059,PUBLISH,3da34460cb744015b9a6897c552dd650,68f2d95bd190740cfd6a38e3,ENQUEUED,0.20466033344951665,questions_in
2025-10-28T23:34:57.557739,PUBLISH,d77d2a846f6046f39cd6927a5685e0e5,68f2d95bd190740cfd6a3185,ENQUEUED,0.16970762763551284,questions_in
2025-10-28T23:34:58.537183,PUBLISH,92e2361ef9c5499ead29ad5c45a6b3a1,68f2d95bd190740cfd6a2058,ENQUEUED,0.9773441119248018,questions_in
2025-10-28T23:34:58.624241,PUBLISH,1d52352e26914e298194aed3e31606d5,68f2d95bd190740cfd6a1ddd,ENQUEUED,0.0843696016011518,questions_in
2025-10-28T23:34:58.695341,PUBLISH,eb2ef73e6b324676ae5f551e76009571,68f2d95bd190740cfd6a331b,ENQUEUED,0.06912573193095756,questions_in
2025-10-28T23:34:59.357087,PUBLISH,b20000b6a96c42c99308d916c802c8ae,68f2d95bd190740cfd6a3874,ENQUEUED,0.6591344925090332,questions_in
2025-10-28T23:35:00.148828,PUBLISH,21c6bce16a1a4184972d8793d110b1c5,68f2d95bd190740cfd6a229b,ENQUEUED,0.7879784984582744,questions_in
2025-10-28T23:35:00.408444,PUBLISH,f92970bfc6e9425294f3b05679c36f55,68f2d95bd190740cfd6a3d69,ENQUEUED,0.2569122449782118,questions_in
2025-10-28T23:35:00.625332,PUBLISH,2a13d4aaf84d49d2ad552c4614e12526,68f2d95bd190740cfd6a268e,ENQUEUED,0.21524646200734598,questions_in
2025-10-28T23:35:01.015722,PUBLISH,9e0ad5b1157b435cb904df17f010e50f,68f2d95bd190740cfd6a1fd1,ENQUEUED,0.386776632969492,questions_in
2025-10-28T23:35:02.267190,PUBLISH,dfac927285ea4b2e81c3c3774f768fbb,68f2d95bd190740cfd6a1ba9,ENQUEUED,1.2459816563847637,questions_in
2025-10-28T23:35:02.376343,PUBLISH,f4a03b74492845178017f01a519436d0,68f2d95bd190740cfd6a3c1b,ENQUEUED,0.10763190528179811,questions_in
2025-10-28T23:35:02.559361,PUBLISH,f30cc6e27f9d4cd89d93142e369583a7,68f2d95bd190740cfd6a4040,ENQUEUED,0.18038294213223335,questions_in
2025-10-28T23:35:03.810132,PUBLISH,ace33aaba97c4d2da46b463a268b6a83,68f2d95bd190740cfd6a40d9,ENQUEUED,1.2486944240489715,questions_in
2025-10-28T23:35:03.906552,PUBLISH,809c36bd9faf4bb888f513f51e079a37,68f2d95bd190740cfd6a2153,ENQUEUED,0.0940788468759725,questions_in
2025-10-28T23:35:05.174990,PUBLISH,25577c22b8b94f619ad941854c1b1faa,68f2d95bd190740cfd6a37d8,ENQUEUED,1.266750224391832,questions_in
2025-10-28T23:35:06.484199,PUBLISH,ad9c356e9a8a43819b9c7adaec03ae72,68f2d95bd190740cfd6a2f19,ENQUEUED,1.3063774602292713,questions_in
2025-10-28T23:35:06.630320,PUBLISH,84ed589a886c40d7b7351dd262a709f6,68f2d95bd190740cfd6a3be9,ENQUEUED,0.14204163071996936,questions_in
2025-10-28T23:35:07.162048,PUBLISH,89a47d22ff4b477a952c9e2a7372e2ad,68f2d95bd190740cfd6a2ad6,ENQUEUED,0.5286391409073498,questions_in
2025-10-28T23:35:09.115544,PUBLISH,c961a4edbdf04f0ba5d29d7b5324e041,68f2d95bd190740cfd6a34f8,ENQUEUED,1.949559213689746,questions_in
2025-10-28T23:35:09.415602,PUBLISH,4bbada7f678e451a9a59ff3b3398d99d,68f2d95bd190740cfd6a3dee,ENQUEUED,0.29715986553945684,questions_in
2025-10-28T23:35:09.509892,PUBLISH,0282d48aaf5842ada3f946a72bd1ed28,68f2d95bd190740cfd6a26db,ENQUEUED,0.09207753401928044,questions_in
2025-10-28T23:35:10.510175,PUBLISH,22a361e35a724b0dbdcf3452bec6ec70,68f2d95bd190740cfd6a2c8b,ENQUEUED,0.9984176107276924,questions_in
2025-10-28T23:35:10.893074,PUBLISH,c3b24e2eb2c94e408f63e47d9885c544,68f2d95bd190740cfd6a38e7,ENQUEUED,0.37977321727289143,questions_in
2025-10-28T23:35:11.717904,PUBLISH,2c7f67955900472f89229206f3e2f62d,68f2d95bd190740cfd6a3bcc,ENQUEUED,0.8215343628801154,questions_in
2025-10-28T23:35:12.535171,PUBLISH,42a7d6fdb6894ef88356d64f3b78c78d,68f2d95bd190740cfd6a2314,ENQUEUED,0.8135887526568278,questions_in
2025-10-28T23:35:12.868499,PUBLISH,3651c8b758e0482fa8f1658f1006d4d8,68f2d95bd190740cfd6a2418,ENQUEUED,0.33144672182836094,questions_in
2025-10-28T23:35:13.290631,PUBLISH,f8911ca950d149d684cc8b571428f955,68f2d95bd190740cfd6a25f5,ENQUEUED,0.4192325214021592,questions_in
2025-10-28T23:35:15.768781,PUBLISH,af232292dcdb42e8bc2c65bcc3d1dd29,68f2d95bd190740cfd6a2e9a,ENQUEUED,2.474177326472088,questions_in
2025-10-28T23:35:16.114408,PUBLISH,6438fc04d2e2461681a06ecea42a73df,68f2d95bd190740cfd6a2bac,ENQUEUED,0.34311605291264163,questions_in
2025-10-28T23:35:17.415423,PUBLISH,218f43b78af14268aaa1c66a90482b42,68f2d95bd190740cfd6a3b4f,ENQUEUED,1.294002540383791,questions_in
2025-10-28T23:35:18.417369,PUBLISH,c5682a4e3c3a483a8aa65d0bc6dc2781,68f2d95bd190740cfd6a253e,ENQUEUED,0.9996397495971922,questions_in
2025-10-28T23:35:18.546978,PUBLISH,7f733a2d55cb41778fa448803fc71ece,68f2d95bd190740cfd6a35f5,ENQUEUED,0.12576230572714794,questions_in
2025-10-28T23:35:18.567700,PUBLISH,85060cc3a7794dd9863c94acccbf6eb1,68f2d95bd190740cfd6a2908,ENQUEUED,0.018887291712920074,questions_in
2025-10-28T23:35:18.778890,PUBLISH,0d7b76d5119944b88f89a912c65b4a92,68f2d95bd190740cfd6a2a2d,ENQUEUED,0.2076462440237908,questions_in
2025-10-28T23:35:18.950306,PUBLISH,104d77b2f518453db26577326fcd464a,68f2d95bd190740cfd6a291f,ENQUEUED,0.16914794760835564,questions_in
2025-10-28T23:35:19.132144,PUBLISH,76d11e93ab0a4c51be596d83607f80da,68f2d95bd190740cfd6a22f6,ENQUEUED,0.17999704509551917,questions_in
2025-10-28T23:35:19.988578,PUBLISH,267588be4f584c99a76b1fc00da1c6f1,68f2d95bd190740cfd6a2ee8,ENQUEUED,0.8535106500389987,questions_in
2025-10-28T23:35:20.525053,PUBLISH,93f43f0a4f35420782f4c7308a03439a,68f2d95bd190740cfd6a228a,ENQUEUED,0.5342539877857235,questions_in
2025-10-28T23:35:20.669604,PUBLISH,7e50e6be836347e7b222708355afe42b,68f2d95bd190740cfd6a2b76,ENQUEUED,0.14172533540377372,questions_in
2025-10-28T23:35:21.889738,PUBLISH,6fd9d016e29648c38e6dfe97a536031e,68f2d95bd190740cfd6a27f1,ENQUEUED,1.2162027646897764,questions_in
2025-10-28T23:35:23.011606,PUBLISH,c9f38e42bbda4ec6918967b2780d1751,68f2d95bd190740cfd6a33eb,ENQUEUED,1.1162934586005717,questions_in
2025-10-28T23:35:23.963089,PUBLISH,a6ff551891004a5c88b3caa743faf6d5,68f2d95bd190740cfd6a3c5b,ENQUEUED,0.9488628179140944,questions_in
2025-10-28T23:35:23.998446,PUBLISH,7721ed4ff77d4201bc59aa1709d05cbb,68f2d95bd190740cfd6a3fc0,ENQUEUED,0.03273984514349426,questions_in
2025-10-28T23:35:24.683680,PUBLISH,ca561b3522a843bea912042e19601d5d,68f2d95bd190740cfd6a1ec9,ENQUEUED,0.6829919733257199,questions_in
2025-10-28T23:35:24.723405,PUBLISH,ae4e4ba95cd94107be69904ebdcc91c8,68f2d95bd190740cfd6a2806,ENQUEUED,0.03814738495232257,questions_in
2025-10-28T23:35:24.884910,PUBLISH,66f4408bb96f4ade83bfd3142dab05ee,68f2d95bd190740cfd6a305b,ENQUEUED,0.15928968292474685,questions_in
2025-10-28T23:35:26.599015,PUBLISH,82026af50b6f43df8be181b8cd9cebd4,68f2d95bd190740cfd6a1c76,ENQUEUED,1.7116507609369556,questions_in
2025-10-28T23:35:27.494873,PUBLISH,b33eb7b388e743a48a8014426da333b0,68f2d95bd190740cfd6a2b78,ENQUEUED,0.891849107289056,questions_in
2025-10-28T23:35:28.017275,PUBLISH,ffc9311b81534343bf1a91c545cfb6cc,68f2d95bd190740cfd6a329e,ENQUEUED,0.5197652940704206,questions_in
2025-10-28T23:35:29.966820,PUBLISH,7ade915af2c94d04bfada51a07ec29fd,68f2d95bd190740cfd6a3e45,ENQUEUED,1.9457868220312606,questions_in
2025-10-28T23:35:31.122135,PUBLISH,16afee3a90ce4e1398254b894ddf5e9d,68f2d95bd190740cfd6a2d90,ENQUEUED,1.151916776489569,questions_in
2025-10-28T23:35:31.611853,PUBLISH,441277699e8d481397d197e711489925,68f2d95bd190740cfd6a3a9c,ENQUEUED,0.48781638884510164,questions_in
2025-10-28T23:35:37.409808,PUBLISH,0e5b76cced09477283569923ad8f978a,68f2d95bd190740cfd6a415c,ENQUEUED,5.788426591421966,questions_in
2025-10-28T23:35:37.631388,PUBLISH,e8c1080d97254e55984ccd3cb3eb3e7d,68f2d95bd190740cfd6a1ec2,ENQUEUED,0.21960614728205563,questions_in
2025-10-28T23:35:38.620595,PUBLISH,b804e6f58b4845979b6530f65ed60575,68f2d95bd190740cfd6a39e8,ENQUEUED,0.987080981512379,questions_in
2025-10-28T23:35:39.192901,PUBLISH,1e9680f1f72c4e07949b809b6014e7f6,68f2d95bd190740cfd6a2391,ENQUEUED,0.567961568337602,questions_in
2025-10-28T23:35:39.424714,PUBLISH,74890007b42845d3b12f6e563c01fb8c,68f2d95bd190740cfd6a2093,ENQUEUED,0.22825579291732487,questions_in
2025-10-28T23:35:39.427516,PUBLISH,9cf924ffb68c43fdb53a1f219a68d41b,68f2d95bd190740cfd6a321d,ENQUEUED,0.0008420794968481949,questions_in
2025-10-28T23:35:40.461965,PUBLISH,7591c4057d48434f93426ba82abf6f8e,68f2d95bd190740cfd6a20ea,ENQUEUED,1.0320046793096935,questions_in
2025-10-28T23:35:40.586780,PUBLISH,cc10df8d20624cb6bab4035786065700,68f2d95bd190740cfd6a2730,ENQUEUED,0.12306984710749497,questions_in
2025-10-28T23:35:41.210106,PUBLISH,e640837bfe434866b3f14e5344b61789,68f2d95bd190740cfd6a3e3d,ENQUEUED,0.6211337373850588,questions_in
2025-10-28T23:35:41.267380,PUBLISH,caa94833e9d4402b9aa2fef46c3e1758,68f2d95bd190740cfd6a31f4,ENQUEUED,0.05519883975795021,questions_in
2025-10-28T23:35:41.387978,PUBLISH,b3e4d75b68614af5b8f4d53974f1b083,68f2d95bd190740cfd6a2520,ENQUEUED,0.11859277799010749,questions_in
2025-10-28T23:35:41.850902,PUBLISH,2b1cee6d0d914560b6b9289837938879,68f2d95bd190740cfd6a1e0b,ENQUEUED,0.4571000718559631,questions_in
2025-10-28T23:35:42.059476,PUBLISH,c6dc468830d3414a942bf3b2b5aa642c,68f2d95bd190740cfd6a26ff,ENQUEUED,0.2066885894813857,questions_in
2025-10-28T23:35:43.214529,PUBLISH,99de485f30bc4a25b4b8ae928fda3c02,68f2d95bd190740cfd6a1b45,ENQUEUED,1.1521945689003765,questions_in
2025-10-28T23:35:43.846708,PUBLISH,918149672db743419fddd37fcd260a06,68f2d95bd190740cfd6a1f94,ENQUEUED,0.6226031615922126,questions_in
2025-10-28T23:35:44.509475,PUBLISH,d39c1b144d8d4084a2c2eb96c81f4e0b,68f2d95bd190740cfd6a2750,ENQUEUED,0.6603743730262597,questions_in
2025-10-28T23:35:44.768134,PUBLISH,b032d8af7c65428aa640880a6548a540,68f2d95bd190740cfd6a2296,ENQUEUED,0.2562052746748884,questions_in
2025-10-28T23:35:44.976191,PUBLISH,22c06f6467a945d2b89aa5aa7990e037,68f2d95bd190740cfd6a1fa0,ENQUEUED,0.20642472193646635,questions_in
2025-10-28T23:35:45.101352,PUBLISH,47a971353c724c5c9573e94f897544c3,68f2d95bd190740cfd6a2ce8,ENQUEUED,0.12311569703521576,questions_in
2025-10-28T23:35:45.241705,PUBLISH,1f28f259b7c1415e949afdbeabfc3417,68f2d95bd190740cfd6a3074,ENQUEUED,0.13528039506398068,questions_in
2025-10-28T23:35:45.557556,PUBLISH,8eddc97d91384ce18c57bff0bd1094ee,68f2d95bd190740cfd6a2675,ENQUEUED,0.3128534146926148,questions_in
2025-10-28T23:35:46.294294,PUBLISH,33dae185b125486ebe5de42108b686ef,68f2d95bd190740cfd6a2be4,ENQUEUED,0.7337090762633021,questions_in
2025-10-28T23:35:46.351403,PUBLISH,c641345ad8d441d5843635e96d1d0da9,68f2d95bd190740cfd6a28c6,ENQUEUED,0.05525555030626637,questions_in
2025-10-28T23:35:46.698411,PUBLISH,7343f7bc1dba4c1bb6b2bd895517be3d,68f2d95bd190740cfd6a3f4e,ENQUEUED,0.34445393145452347,questions_in
2025-10-28T23:35:46.894266,PUBLISH,87e59c5c87a84e77a55a962213539c93,68f2d95bd190740cfd6a2c87,ENQUEUED,0.1917006188491398,questions_in
2025-10-28T23:35:47.109020,PUBLISH,15c6408ef3fb4f1d84995ba4807aa68a,68f2d95bd190740cfd6a3484,ENQUEUED,0.2084552802933823,questions_in
2025-10-28T23:35:47.143010,PUBLISH,3804a9f5035845598b216db2f94dc3c7,68f2d95bd190740cfd6a3c97,ENQUEUED,0.031614563575369535,questions_in
2025-10-28T23:35:48.091923,PUBLISH,a38f39199406434ea8aa07448f5ec8e1,68f2d95bd190740cfd6a3522,ENQUEUED,0.9434001644217269,questions_in
2025-10-28T23:35:48.374796,PUBLISH,04d0eab811ff413dade23cacbf7e3058,68f2d95bd190740cfd6a365c,ENQUEUED,0.2787936900620352,questions_in
2025-10-28T23:35:49.535196,PUBLISH,add1f4c84f6843c585576a08f7bfd930,68f2d95bd190740cfd6a20e3,ENQUEUED,1.1584154589997915,questions_in
2025-10-28T23:35:49.959777,PUBLISH,4edb77f0705641a8b18288aa3c6d8147,68f2d95bd190740cfd6a27e3,ENQUEUED,0.42034302743814306,questions_in
2025-10-28T23:35:50.159229,PUBLISH,a1869abe484b4716a16c4729e04db911,68f2d95bd190740cfd6a3dd5,ENQUEUED,0.19572982942900788,questions_in
2025-10-28T23:35:50.571267,PUBLISH,5ed1412d732e4f9b9f5379c0c8e3d84b,68f2d95bd190740cfd6a2c1b,ENQUEUED,0.4081141729914839,questions_in
2025-10-28T23:35:50.830922,PUBLISH,ceefd629c4ef41f2a167829558223941,68f2d95bd190740cfd6a20de,ENQUEUED,0.255702267539573,questions_in
2025-10-28T23:35:50.850200,PUBLISH,1565c855c69e4417b5b9f2a6407a9a36,68f2d95bd190740cfd6a3066,ENQUEUED,0.017514137170582634,questions_in
2025-10-28T23:35:51.297867,PUBLISH,fefc2354529541df8f1639dd34005376,68f2d95bd190740cfd6a24ec,ENQUEUED,0.4439458079863005,questions_in
2025-10-28T23:35:51.441128,PUBLISH,9175c3c7775247cba29c52da0fa5f2e5,68f2d95bd190740cfd6a2ae8,ENQUEUED,0.14101026211777437,questions_in
2025-10-28T23:35:51.624239,PUBLISH,4cc64014431a406db0ae738fe74794ab,68f2d95bd190740cfd6a2750,ENQUEUED,0.18094166155828204,questions_in
2025-10-28T23:35:51.673179,PUBLISH,2059474459f24c9c96768c03ec7ea7c3,68f2d95bd190740cfd6a39cc,ENQUEUED,0.04608679496348642,questions_in
2025-10-28T23:35:54.473166,PUBLISH,ff29119802b843d1b96dc97bb4b6941a,68f2d95bd190740cfd6a260b,ENQUEUED,2.794953666860438,questions_in
2025-10-28T23:35:55.162453,PUBLISH,e7ddfa9d28c340ada04dbd468522bb04,68f2d95bd190740cfd6a247d,ENQUEUED,0.6866924520538866,questions_in
2025-10-28T23:35:55.297724,PUBLISH,f43a1398619f4734917bfef9dfaa207b,68f2d95bd190740cfd6a408f,ENQUEUED,0.13340562589697552,questions_in
2025-10-28T23:35:55.448510,PUBLISH,b958cfc6613440178ecceefece3859ec,68f2d95bd190740cfd6a284c,ENQUEUED,0.14869309511139664,questions_in
2025-10-28T23:35:55.782268,PUBLISH,d81c9dc3dbc444c3824121f14633dbf2,68f2d95bd190740cfd6a3bab,ENQUEUED,0.3290360451322776,questions_in
2025-10-28T23:35:56.230353,PUBLISH,b602b207bed74c50938779612039361d,68f2d95bd190740cfd6a1db0,ENQUEUED,0.4439354321569351,questions_in
2025-10-28T23:35:56.373507,PUBLISH,dbe6454a63fd494bac58dcb8e4006bd0,68f2d95bd190740cfd6a1f2b,ENQUEUED,0.13773212763698492,questions_in
2025-10-28T23:35:56.481169,PUBLISH,0d72a199788e4df0906929b391d917ab,68f2d95bd190740cfd6a1c3c,ENQUEUED,0.1051964289583915,questions_in
2025-10-28T23:35:56.626859,PUBLISH,4d1a32a641a741f6ac07ef60af95e5b0,68f2d95bd190740cfd6a29c9,ENQUEUED,0.14302800942068833,questions_in
2025-10-28T23:35:57.057682,PUBLISH,bcd7e191b73b4949bfdb3a4867c71a4f,68f2d95bd190740cfd6a3e53,ENQUEUED,0.42411814894011135,questions_in
2025-10-28T23:35:57.543987,PUBLISH,8bc6072d589b48179d661ce7efc69d52,68f2d95bd190740cfd6a27a5,ENQUEUED,0.483938637540927,questions_in
2025-10-28T23:35:57.768187,PUBLISH,bed2079218b34f5ba0ea35a54bc08eeb,68f2d95bd190740cfd6a21e3,ENQUEUED,0.22183677408910185,questions_in
2025-10-28T23:35:59.562505,PUBLISH,b3173b40ed444fbcb8325e05fee6c8cc,68f2d95bd190740cfd6a1b6e,ENQUEUED,1.7907827853035378,questions_in
2025-10-28T23:36:00.028922,PUBLISH,176f8ae516cb48d0923e1c1025d1338e,68f2d95bd190740cfd6a2351,ENQUEUED,0.46359824685550927,questions_in
2025-10-28T23:36:00.588666,PUBLISH,ec000796afe648b89dcb1861a3d139da,68f2d95bd190740cfd6a404c,ENQUEUED,0.5573392778997183,questions_in
2025-10-28T23:36:00.926087,PUBLISH,5b6505dc2d0c448f82445ff033e737ff,68f2d95bd190740cfd6a341d,ENQUEUED,0.3335323065311538,questions_in
2025-10-28T23:36:00.945331,PUBLISH,12483a22da7a449cb17b3936791abcef,68f2d95bd190740cfd6a2304,ENQUEUED,0.0171291546303324,questions_in
2025-10-28T23:36:01.736685,PUBLISH,918dc5f4aa7e4eaca64d450c00485a82,68f2d95bd190740cfd6a30ac,ENQUEUED,0.7873409604654179,questions_in
2025-10-28T23:36:01.862353,PUBLISH,0db64c2028034bba99380721bd72536e,68f2d95bd190740cfd6a204d,ENQUEUED,0.12397515324150932,questions_in
2025-10-28T23:36:02.415037,PUBLISH,1f18cb821d1d44d0901f191ad3b0a859,68f2d95bd190740cfd6a2814,ENQUEUED,0.5505256519937056,questions_in
2025-10-28T23:36:02.678827,PUBLISH,25aaca1763f749028042d665c3e7cfed,68f2d95bd190740cfd6a3922,ENQUEUED,0.2618712565712129,questions_in
2025-10-28T23:36:02.737346,PUBLISH,704e2590ec1c49619466ef9c7d385d68,68f2d95bd190740cfd6a1ec0,ENQUEUED,0.05567891553165721,questions_in
2025-10-28T23:36:02.792359,PUBLISH,8ce9a4acd2ea4c70a61e91a40d2faecf,68f2d95bd190740cfd6a1bcb,ENQUEUED,0.05101171704759941,questions_in
