timestamp,operation,message_id,question_id,status,latency,topic
2025-10-28T23:53:57.235571,PUBLISH,84b28dc33e804eb8955e41d611afbbb0,68f2d95bd190740cfd6a2f5e,ENQUEUED,0.36832009844603864,questions_in
2025-10-28T23:53:57.435551,PUBLISH,25d1f4f9a58540f588cbbc709aa498c7,68f2d95bd190740cfd6a20e9,ENQUEUED,0.19192535208447895,questions_in
2025-10-28T23:53:57.597062,PUBLISH,9984e0a0fe4d4019a9ea641497e9c9d7,68f2d95bd190740cfd6a417c,ENQUEUED,0.15796655448504673,questions_in
2025-10-28T23:53:57.912032,PUBLISH,d5e484239b7c471f8d6885bfd5254edf,68f2d95bd190740cfd6a21f0,ENQUEUED,0.31114419840561125,questions_in
2025-10-28T23:53:58.328708,PUBLISH,a62a3c0450a6425e858660481d9f2e92,68f2d95bd190740cfd6a2d2f,ENQUEUED,0.3920996846529623,questions_in
2025-10-28T23:53:58.659423,PUBLISH,7722dd37fad341dbb99b675f80282512,68f2d95bd190740cfd6a35ee,ENQUEUED,0.29639470989418015,questions_in
2025-10-28T23:53:59.066060,PUBLISH,f810b1c95b6446ffa6b9aaf29710eb77,68f2d95bd190740cfd6a287d,ENQUEUED,0.4001660983348281,questions_in
2025-10-28T23:53:59.428405,PUBLISH,3668526b68734785a2be1653312c19b4,68f2d95bd190740cfd6a1e7d,ENQUEUED,0.35364455741886347,questions_in
2025-10-28T23:53:59.831589,PUBLISH,9376fa35389e4de1b54e3bee337c9d27,68f2d95bd190740cfd6a30fe,ENQUEUED,0.3999214866282679,questions_in
2025-10-28T23:53:59.996976,PUBLISH,390b4e6d0dc7426faa4f9b56cf141fa1,68f2d95bd190740cfd6a2a37,ENQUEUED,0.16091717156157437,questions_in
2025-10-28T23:54:00.318552,PUBLISH,d1b4c77114684c89ad1a0712de8e542e,68f2d95bd190740cfd6a26ff,ENQUEUED,0.3099200272689462,questions_in
2025-10-28T23:54:00.763712,PUBLISH,62611905872b4952a00aad398257ced6,68f2d95bd190740cfd6a1e6f,ENQUEUED,0.4387491573265274,questions_in
2025-10-28T23:54:01.141958,PUBLISH,648fbc4345374e82afe9b9c48f8304b4,68f2d95bd190740cfd6a27e7,ENQUEUED,0.3739305138494927,questions_in
2025-10-28T23:54:01.564481,PUBLISH,5ff832ec1a89499fbf7d5ab11ad505f8,68f2d95bd190740cfd6a2f9b,ENQUEUED,0.4182606590813236,questions_in
2025-10-28T23:54:01.982210,PUBLISH,16a440848fb347aab467282f85811134,68f2d95bd190740cfd6a1d6c,ENQUEUED,0.4087022492717781,questions_in
2025-10-28T23:54:02.226988,PUBLISH,60c2c204741d4da3ac3c0f3e832dd257,68f2d95bd190740cfd6a1c31,ENQUEUED,0.2301651485203681,questions_in
2025-10-28T23:54:02.678584,PUBLISH,52c657d54dad4be691bd36ecb84d87ab,68f2d95bd190740cfd6a254a,ENQUEUED,0.4457945504700088,questions_in
2025-10-28T23:54:02.845563,PUBLISH,b533ffd3dc5d49b39aab5b3ecf7715d8,68f2d95bd190740cfd6a31dc,ENQUEUED,0.16293565697366058,questions_in
2025-10-28T23:54:03.310896,PUBLISH,5585494ae6c94a48939dbde7b4113f3a,68f2d95bd190740cfd6a250f,ENQUEUED,0.45556481410601957,questions_in
2025-10-28T23:54:03.468121,PUBLISH,0f703e53266f441b8b93c6fb0bc89f01,68f2d95bd190740cfd6a3a48,ENQUEUED,0.14304778599458154,questions_in
2025-10-28T23:54:03.641247,PUBLISH,1ecedecade03482ba76e2cf2eca0b2d3,68f2d95bd190740cfd6a37d0,ENQUEUED,0.15633849463705818,questions_in
2025-10-28T23:54:03.975658,PUBLISH,4ee65ae79bd148b7877a007d0b09c4bb,68f2d95bd190740cfd6a3ba4,ENQUEUED,0.3255419968876959,questions_in
2025-10-28T23:54:04.460833,PUBLISH,4154753e36a045949d1d9038784c6228,68f2d95bd190740cfd6a3804,ENQUEUED,0.48131990253494694,questions_in
2025-10-28T23:54:04.757123,PUBLISH,0cf878930d4d46f2a906444d8070952a,68f2d95bd190740cfd6a3f0a,ENQUEUED,0.2936266887228415,questions_in
2025-10-28T23:54:05.257709,PUBLISH,c6e30ea73dc64d6fa73df674672016cb,68f2d95bd190740cfd6a1bb9,ENQUEUED,0.4946172817666111,questions_in
2025-10-28T23:54:05.402756,PUBLISH,61c23dbf89714956b058846cc5035cbb,68f2d95bd190740cfd6a2d10,ENQUEUED,0.13716991886028726,questions_in
2025-10-28T23:54:05.905066,PUBLISH,e392a88a343a43e8be8f835bbb756428,68f2d95bd190740cfd6a3f18,ENQUEUED,0.4984299289694717,questions_in
2025-10-28T23:54:06.095909,PUBLISH,506c783e976d4ef7a0cf03e0348ad7a8,68f2d95bd190740cfd6a376b,ENQUEUED,0.18716000628584176,questions_in
2025-10-28T23:54:06.219442,PUBLISH,1b1403ce9b4c40aea83c19103e73ea3a,68f2d95bd190740cfd6a27e8,ENQUEUED,0.11988685605052991,questions_in
2025-10-28T23:54:06.575457,PUBLISH,bb3ae4a1d2d74ca4b72308e24cdfab0f,68f2d95bd190740cfd6a2f45,ENQUEUED,0.34682279461646665,questions_in
2025-10-28T23:54:06.902934,PUBLISH,2d66c4fac17b45aaa9c672bc1735b751,68f2d95bd190740cfd6a3791,ENQUEUED,0.3145178175554367,questions_in
2025-10-28T23:54:07.312582,PUBLISH,7d762c807eb1466ebfc1dbd32ba5de8b,68f2d95bd190740cfd6a35e7,ENQUEUED,0.406227804872238,questions_in
2025-10-28T23:54:07.654078,PUBLISH,2eec59f821b04080b2758ebb4ca3e9bd,68f2d95bd190740cfd6a3a69,ENQUEUED,0.3343844362460703,questions_in
2025-10-28T23:54:08.091199,PUBLISH,2a1c2037737d4d869fc489cd9f04436f,68f2d95bd190740cfd6a3253,ENQUEUED,0.42759678762718056,questions_in
2025-10-28T23:54:08.357217,PUBLISH,f25cc44d6aeb424f936ba046dbccef2a,68f2d95bd190740cfd6a363c,ENQUEUED,0.256012677696559,questions_in
2025-10-28T23:54:08.606591,PUBLISH,345020fcb140415ea6327126f6354173,68f2d95bd190740cfd6a2b83,ENQUEUED,0.24542306227405095,questions_in
2025-10-28T23:54:08.835920,PUBLISH,a4af1c4eb920439997f59ee85c9cb222,68f2d95bd190740cfd6a1eb9,ENQUEUED,0.2203515601095445,questions_in
2025-10-28T23:54:09.337955,PUBLISH,5d2a08bf431c413192bb70c2e8545293,68f2d95bd190740cfd6a1bb8,ENQUEUED,0.49130088684804407,questions_in
2025-10-28T23:54:09.475848,PUBLISH,d3ea6d64106f4d9d8f379a95f670b879,68f2d95bd190740cfd6a2f88,ENQUEUED,0.13476019627488253,questions_in
2025-10-28T23:54:09.869118,PUBLISH,821fe68bcd10418f809ef69c696a2678,68f2d95bd190740cfd6a30c8,ENQUEUED,0.3887167097703418,questions_in
2025-10-28T23:54:10.314031,PUBLISH,995d7bfb523943dbac4a4fd517d1b124,68f2d95bd190740cfd6a27bd,ENQUEUED,0.4418070827535887,questions_in
2025-10-28T23:54:10.655481,PUBLISH,9626cba1247d45e2a3f87ffb2e0b218d,68f2d95bd190740cfd6a3edb,ENQUEUED,0.33778702237456804,questions_in
2025-10-28T23:54:10.799916,PUBLISH,f1e81562505d4abfbb34f7d888fc20a5,68f2d95bd190740cfd6a419d,ENQUEUED,0.1387341647600828,questions_in
2025-10-28T23:54:11.079955,PUBLISH,3c387bbe7c3143858aeb5562d9dd03f0,68f2d95bd190740cfd6a27de,ENQUEUED,0.277612348602169,questions_in
2025-10-28T23:54:11.278052,PUBLISH,6a947120464c432181ec5e0f76585796,68f2d95bd190740cfd6a2fe4,ENQUEUED,0.19195570029324857,questions_in
2025-10-28T23:54:11.623592,PUBLISH,26cf12ce688d4bd3a0900d5686b14f8d,68f2d95bd190740cfd6a33ad,ENQUEUED,0.3394984850680361,questions_in
2025-10-28T23:54:12.030979,PUBLISH,9e3accca18264150b25a0a89dbc0f12b,68f2d95bd190740cfd6a3501,ENQUEUED,0.39837856352221623,questions_in
2025-10-28T23:54:12.530896,PUBLISH,efa5c326ac1d40d0ae00a71fcd286d2f,68f2d95bd190740cfd6a3056,ENQUEUED,0.4959670804656442,questions_in
2025-10-28T23:54:12.742914,PUBLISH,b80a382ae7b44d62bfb8f25068cb8e89,68f2d95bd190740cfd6a22d7,ENQUEUED,0.20957806746638702,questions_in
2025-10-28T23:54:12.915465,PUBLISH,c36f1fff7edd4510a5c840082f18db2a,68f2d95bd190740cfd6a1b6d,ENQUEUED,0.16510584051391092,questions_in
2025-10-28T23:54:13.171984,PUBLISH,fb658eca2c47448ca288713ebc4819a7,68f2d95bd190740cfd6a3c43,ENQUEUED,0.25374648051841187,questions_in
2025-10-28T23:54:13.367403,PUBLISH,6eaac62c2ad646aa8fa63cbf61884d24,68f2d95bd190740cfd6a3b81,ENQUEUED,0.18429008835804442,questions_in
2025-10-28T23:54:13.864435,PUBLISH,9cc8e90201ff4b089ada235635f10ec1,68f2d95bd190740cfd6a1f0f,ENQUEUED,0.4882513066683357,questions_in
2025-10-28T23:54:14.319346,PUBLISH,50f37203b51046a0b1a0b0bd9d0a4c7b,68f2d95bd190740cfd6a243e,ENQUEUED,0.4477614912001775,questions_in
2025-10-28T23:54:14.695696,PUBLISH,379c668100e24940933a8632aba621e2,68f2d95bd190740cfd6a2b23,ENQUEUED,0.365308794289389,questions_in
2025-10-28T23:54:15.105705,PUBLISH,d0e3eac8adae4e32af45b154230b9b73,68f2d95bd190740cfd6a28b5,ENQUEUED,0.40694970258398,questions_in
2025-10-28T23:54:15.392926,PUBLISH,cc6c0bbfc861448cbc2481a08c8c8eef,68f2d95bd190740cfd6a3048,ENQUEUED,0.2844233789580747,questions_in
2025-10-28T23:54:15.520106,PUBLISH,b05c899fd553490f9ed15d7560920abd,68f2d95bd190740cfd6a3bd6,ENQUEUED,0.12432475509344242,questions_in
2025-10-28T23:54:15.930898,PUBLISH,c805b8e8be1a4e5c9a47c9f05d6bd2a0,68f2d95bd190740cfd6a2aad,ENQUEUED,0.40361775635816766,questions_in
2025-10-28T23:54:16.184386,PUBLISH,95be7f0101684eaeaac3960d6d8448ab,68f2d95bd190740cfd6a2017,ENQUEUED,0.24540415654728498,questions_in
2025-10-28T23:54:16.349079,PUBLISH,b2bf89bc99c54b7c9b48c1057a22430c,68f2d95bd190740cfd6a2ba8,ENQUEUED,0.15749196467431875,questions_in
2025-10-28T23:54:16.471610,PUBLISH,d1488b3c680246b887b034f663aba1ee,68f2d95bd190740cfd6a28c3,ENQUEUED,0.11798009475582752,questions_in
2025-10-28T23:54:16.940208,PUBLISH,8fa9129db8dc4fabbadf73d0d91ebb6c,68f2d95bd190740cfd6a3c7b,ENQUEUED,0.4580093424273848,questions_in
2025-10-28T23:54:17.084345,PUBLISH,1b81d2724c6c4c3b98628919d14946bc,68f2d95bd190740cfd6a2642,ENQUEUED,0.13653409921344797,questions_in
2025-10-28T23:54:17.244545,PUBLISH,58f4f0cf375b4be4833abd41c9359d47,68f2d95bd190740cfd6a3439,ENQUEUED,0.15628970580433932,questions_in
2025-10-28T23:54:17.494499,PUBLISH,cb974442e754445b9c75597f63f5a309,68f2d95bd190740cfd6a22af,ENQUEUED,0.24435722338489582,questions_in
2025-10-28T23:54:17.787748,PUBLISH,7fbf413d88bc47e684463d1396c2e979,68f2d95bd190740cfd6a207d,ENQUEUED,0.28574159658778053,questions_in
2025-10-28T23:54:17.937219,PUBLISH,bd19f26e16ed4bf1afd6331e052e0ea1,68f2d95bd190740cfd6a2df7,ENQUEUED,0.1433405636527453,questions_in
2025-10-28T23:54:18.364166,PUBLISH,211434045dc449198c55911384c10783,68f2d95bd190740cfd6a2276,ENQUEUED,0.42409556296888007,questions_in
2025-10-28T23:54:18.718470,PUBLISH,744e30b6e43e43ae8294521350bce9f8,68f2d95bd190740cfd6a3ec8,ENQUEUED,0.34807465928012793,questions_in
2025-10-28T23:54:19.214260,PUBLISH,0e70a1284a8c47299ab0d1dcd2845895,68f2d95bd190740cfd6a3343,ENQUEUED,0.4930833111524616,questions_in
2025-10-28T23:54:19.474408,PUBLISH,65d195e2dca04369804c99f01fb7dd2d,68f2d95bd190740cfd6a2e60,ENQUEUED,0.2570993296728286,questions_in
2025-10-28T23:54:19.715391,PUBLISH,f748cc169908490bbadb1276a4836374,68f2d95bd190740cfd6a35d6,ENQUEUED,0.23561507507156915,questions_in
2025-10-28T23:54:20.101234,PUBLISH,250e1d4d015544488ed2b6daa2bbf74d,68f2d95bd190740cfd6a2cd1,ENQUEUED,0.3806613709196879,questions_in
2025-10-28T23:54:20.521040,PUBLISH,2ec95df5126f4af393d272fc2885f368,68f2d95bd190740cfd6a2b10,ENQUEUED,0.4161077576550165,questions_in
2025-10-28T23:54:20.809053,PUBLISH,394b5c2e9e834dd488999979d65475ca,68f2d95bd190740cfd6a3ff6,ENQUEUED,0.28499185035423114,questions_in
2025-10-28T23:54:21.221653,PUBLISH,78d18e0ace184f649397281dfdfccc9b,68f2d95bd190740cfd6a4109,ENQUEUED,0.4072161810917355,questions_in
2025-10-28T23:54:21.482055,PUBLISH,103ed17c0e68415493fb1fb90935e35c,68f2d95bd190740cfd6a23dc,ENQUEUED,0.25326656143637316,questions_in
2025-10-28T23:54:21.866392,PUBLISH,bf055c079d04413f82807a2c40e0fc30,68f2d95bd190740cfd6a358e,ENQUEUED,0.3797954609837725,questions_in
2025-10-28T23:54:22.001258,PUBLISH,2070b915b041412fb8481749b42184f7,68f2d95bd190740cfd6a397a,ENQUEUED,0.12664780091803093,questions_in
2025-10-28T23:54:22.342552,PUBLISH,5967a3b52f7143f2bc059cea683969c7,68f2d95bd190740cfd6a2a2f,ENQUEUED,0.33876046873686094,questions_in
2025-10-28T23:54:22.669594,PUBLISH,898f503504c04e3ea59e0753761e818f,68f2d95bd190740cfd6a396c,ENQUEUED,0.315524643049244,questions_in
2025-10-28T23:54:23.024206,PUBLISH,52783c8fc84c4f6cb00740f893f5219c,68f2d95bd190740cfd6a1c4b,ENQUEUED,0.3518117149915535,questions_in
2025-10-28T23:54:23.357514,PUBLISH,84ee868ed6c54083b6da132c8a7a2134,68f2d95bd190740cfd6a40f1,ENQUEUED,0.3305232332837638,questions_in
2025-10-28T23:54:23.534492,PUBLISH,16598b90938d4abb9726b399d73ebeee,68f2d95bd190740cfd6a2cb1,ENQUEUED,0.16787457567632882,questions_in
2025-10-28T23:54:23.833445,PUBLISH,a3dbb444e369409fbf6f5c3512c9a188,68f2d95bd190740cfd6a3897,ENQUEUED,0.2935549642797858,questions_in
2025-10-28T23:54:24.139068,PUBLISH,f653728af76d426a9b0cad8e98ea23d7,68f2d95bd190740cfd6a28ae,ENQUEUED,0.3018148900074831,questions_in
2025-10-28T23:54:24.396689,PUBLISH,30196574baee4f179bd47df6099b3178,68f2d95bd190740cfd6a2712,ENQUEUED,0.25361275231084324,questions_in
2025-10-28T23:54:24.566267,PUBLISH,ab6d237054ce47bcb8116aff4523ce07,68f2d95bd190740cfd6a1c4e,ENQUEUED,0.15973598369512063,questions_in
2025-10-28T23:54:24.726717,PUBLISH,4299bced76224fe3b4f98b06d8fa9aab,68f2d95bd190740cfd6a2ff3,ENQUEUED,0.15419698654038083,questions_in
2025-10-28T23:54:25.124707,PUBLISH,e5625eec8c134cbfb984c7a9119df22c,68f2d95bd190740cfd6a2910,ENQUEUED,0.39418194952063856,questions_in
2025-10-28T23:54:25.377700,PUBLISH,a5813a64808148678403e7f052053cb9,68f2d95bd190740cfd6a3f97,ENQUEUED,0.2467485287980673,questions_in
2025-10-28T23:54:25.728661,PUBLISH,a4272b9a7961418c9b65327133439ccd,68f2d95bd190740cfd6a2417,ENQUEUED,0.3412519400036613,questions_in
2025-10-28T23:54:26.170213,PUBLISH,580ca67515664130b4db134d30d1e9e3,68f2d95bd190740cfd6a2cf8,ENQUEUED,0.4320868302850761,questions_in
2025-10-28T23:54:26.308464,PUBLISH,852906d5ccc34b0fae5664b170d80372,68f2d95bd190740cfd6a3213,ENQUEUED,0.13620659560553272,questions_in
2025-10-28T23:54:26.670896,PUBLISH,042cacd7c7624c06bb652ade68e9777d,68f2d95bd190740cfd6a321a,ENQUEUED,0.3601416662179352,questions_in
2025-10-28T23:54:26.901493,PUBLISH,61d9bfccbcf24ad5a3be63a84638aecf,68f2d95bd190740cfd6a3eb8,ENQUEUED,0.22328250496527013,questions_in
2025-10-28T23:54:27.291625,PUBLISH,1cf0b28084fe4386b6b12a74950dd7fc,68f2d95bd190740cfd6a3a4c,ENQUEUED,0.38737153889652387,questions_in
2025-10-28T23:54:27.582840,PUBLISH,c3ee3261360b4653959f27e522d09b47,68f2d95bd190740cfd6a32a9,ENQUEUED,0.2862213381121471,questions_in
2025-10-28T23:54:28.045999,PUBLISH,168c9a1e25984227a36f1e86cb25a634,68f2d95bd190740cfd6a3e87,ENQUEUED,0.45584621627795496,questions_in
2025-10-28T23:54:28.526959,PUBLISH,209c4ad94d2e46659bd1c09426a34e73,68f2d95bd190740cfd6a290e,ENQUEUED,0.47692098566810415,questions_in
2025-10-28T23:54:28.685124,PUBLISH,2af288cf2ce54c76b2edd77f44405c4f,68f2d95bd190740cfd6a3705,ENQUEUED,0.15227228016023295,questions_in
2025-10-28T23:54:29.169002,PUBLISH,2a57b10a7c3a46ae9f2c313c8096833a,68f2d95bd190740cfd6a35a0,ENQUEUED,0.479658433096239,questions_in
2025-10-28T23:54:29.310282,PUBLISH,5285a62e1a07424d886957412bb38efb,68f2d95bd190740cfd6a1b05,ENQUEUED,0.13847372692363497,questions_in
2025-10-28T23:54:29.597036,PUBLISH,e5bbb2587a1f459f8802e4b4b3314ed3,68f2d95bd190740cfd6a2a53,ENQUEUED,0.28340072996519494,questions_in
2025-10-28T23:54:29.932549,PUBLISH,e79450ab42eb449db5841eb7c8514d09,68f2d95bd190740cfd6a3aa8,ENQUEUED,0.32983021559827097,questions_in
2025-10-28T23:54:30.167111,PUBLISH,aa82609197fe41e4baaef81e3f28d455,68f2d95bd190740cfd6a41b4,ENQUEUED,0.23053179674808344,questions_in
2025-10-28T23:54:30.594216,PUBLISH,0ec00fecdf494a9d8042fb5860798993,68f2d95bd190740cfd6a39f9,ENQUEUED,0.42131460305817325,questions_in
2025-10-28T23:54:30.757178,PUBLISH,2529dbfd11684de99d757eacf39b1116,68f2d95bd190740cfd6a1eb0,ENQUEUED,0.15785500213373843,questions_in
2025-10-28T23:54:31.020905,PUBLISH,db410b09c39449208173892566db6a4e,68f2d95bd190740cfd6a400f,ENQUEUED,0.25418047620753975,questions_in
2025-10-28T23:54:31.289088,PUBLISH,b41d80bcc6e74e91b3d3dc01ec5ac103,68f2d95bd190740cfd6a206b,ENQUEUED,0.2654667781940271,questions_in
2025-10-28T23:54:31.757843,PUBLISH,b1e1bedff91c4377b2c6d236de401d1c,68f2d95bd190740cfd6a3a07,ENQUEUED,0.46057096078272086,questions_in
2025-10-28T23:54:31.919775,PUBLISH,8b661f944b1a441a8a4038f760fb95ca,68f2d95bd190740cfd6a27af,ENQUEUED,0.15593712326464912,questions_in
2025-10-28T23:54:32.101825,PUBLISH,5873178e1c554d379d7556e724ad8876,68f2d95bd190740cfd6a2277,ENQUEUED,0.1762291868090726,questions_in
2025-10-28T23:54:32.583945,PUBLISH,d639af5575004f39bc2e185cf6749c60,68f2d95bd190740cfd6a4076,ENQUEUED,0.4707847391932495,questions_in
2025-10-28T23:54:32.943444,PUBLISH,75a9bfcbb31c4b798a0b585a41bad95e,68f2d95bd190740cfd6a3a0f,ENQUEUED,0.3516478222607641,questions_in
2025-10-28T23:54:33.150541,PUBLISH,39c834a96f77485bbe0027d39dd6d698,68f2d95bd190740cfd6a30e0,ENQUEUED,0.20175354607445614,questions_in
2025-10-28T23:54:33.605708,PUBLISH,fedc2c4ef0474f21a4a32f6c2d48b5d9,68f2d95bd190740cfd6a38c7,ENQUEUED,0.45264222277664434,questions_in
2025-10-28T23:54:33.817001,PUBLISH,5bc5555c84054cdcadd8bb1ecc0e2874,68f2d95bd190740cfd6a21ff,ENQUEUED,0.20131184891588602,questions_in
2025-10-28T23:54:34.323567,PUBLISH,614bfc663c984d49b7b404e1c085dc20,68f2d95bd190740cfd6a2524,ENQUEUED,0.498262617946298,questions_in
2025-10-28T23:54:34.803101,PUBLISH,538a1e9dbfd34c0e969f2758608265fd,68f2d95bd190740cfd6a3196,ENQUEUED,0.47258243755989193,questions_in
2025-10-28T23:54:34.916594,PUBLISH,e88abda2432043a89073bc84680243ce,68f2d95bd190740cfd6a3ce5,ENQUEUED,0.10581177173789401,questions_in
2025-10-28T23:54:35.305495,PUBLISH,816ee29e7839414db2f3228f8cd9b34c,68f2d95bd190740cfd6a1e98,ENQUEUED,0.37537622997704434,questions_in
2025-10-28T23:54:35.693162,PUBLISH,344f91ac7bbe41c59aab9698545f0f7a,68f2d95bd190740cfd6a25f8,ENQUEUED,0.38306404139519024,questions_in
2025-10-28T23:54:35.950264,PUBLISH,f416db6c7a16436a934ab964f8b679ab,68f2d95bd190740cfd6a397b,ENQUEUED,0.2512667986397631,questions_in
2025-10-28T23:54:36.217188,PUBLISH,b4558caa597d436e95eb58ffb8d7468b,68f2d95bd190740cfd6a3d7d,ENQUEUED,0.26205232282934904,questions_in
2025-10-28T23:54:36.690581,PUBLISH,efba0c95383e4ce5928366f1212cd019,68f2d95bd190740cfd6a3a90,ENQUEUED,0.4650011231060137,questions_in
2025-10-28T23:54:36.808232,PUBLISH,0d05f283a26d4ebb8b89e8719ac99540,68f2d95bd190740cfd6a23b3,ENQUEUED,0.1148489071958247,questions_in
2025-10-28T23:54:36.959541,PUBLISH,dccc4688277d49b9bb5d749e7bcd72f7,68f2d95bd190740cfd6a3927,ENQUEUED,0.1485915161217795,questions_in
2025-10-28T23:54:37.073109,PUBLISH,9062b9a8d4fd4c7889922f27ae44e19a,68f2d95bd190740cfd6a1b50,ENQUEUED,0.1070235139522028,questions_in
2025-10-28T23:54:37.412570,PUBLISH,3545c12d79a341a9ae60a3a20ec5cd67,68f2d95bd190740cfd6a3017,ENQUEUED,0.33072701683915523,questions_in
2025-10-28T23:54:37.870551,PUBLISH,d5e6fead57674547aa02b5a5372b598c,68f2d95bd190740cfd6a33f5,ENQUEUED,0.4507096861554206,questions_in
2025-10-28T23:54:38.216082,PUBLISH,31b1659a9f2f4eb682087b1406b0aca8,68f2d95bd190740cfd6a1b3e,ENQUEUED,0.3378103127405344,questions_in
2025-10-28T23:54:38.347251,PUBLISH,f0ab7fe690df45c0a13d8654b80aa40a,68f2d95bd190740cfd6a2062,ENQUEUED,0.12081344892228417,questions_in
2025-10-28T23:54:38.652722,PUBLISH,a4db9f5f78b4462ca958a0d4e0abdbaf,68f2d95bd190740cfd6a301b,ENQUEUED,0.30266307761694705,questions_in
2025-10-28T23:54:39.073300,PUBLISH,29bace4851fb4e49b03910cccde8ed12,68f2d95bd190740cfd6a2fa1,ENQUEUED,0.412551727067499,questions_in
2025-10-28T23:54:39.531086,PUBLISH,3867a289a0224be7bb9a8e4b571eff9f,68f2d95bd190740cfd6a2019,ENQUEUED,0.4535183463444711,questions_in
2025-10-28T23:54:39.849541,PUBLISH,4d5706bd4fe44ba6bf17e722c0174c8b,68f2d95bd190740cfd6a404d,ENQUEUED,0.315602021150871,questions_in
2025-10-28T23:54:40.007202,PUBLISH,6ff695e4c717466593b02053fd64b1ba,68f2d95bd190740cfd6a40ec,ENQUEUED,0.1513039360814502,questions_in
2025-10-28T23:54:40.385888,PUBLISH,f6e8163f8a7b4808b4d92950ea0175d8,68f2d95bd190740cfd6a2967,ENQUEUED,0.3722919511783084,questions_in
2025-10-28T23:54:40.509115,PUBLISH,4b895628cd004262beebbe349760c0f2,68f2d95bd190740cfd6a27df,ENQUEUED,0.11655677008174514,questions_in
2025-10-28T23:54:40.964460,PUBLISH,bdcdc76359214e0dbc0ce8705f84c680,68f2d95bd190740cfd6a25a3,ENQUEUED,0.45008825053328727,questions_in
2025-10-28T23:54:41.431230,PUBLISH,4f0b8f861d1a4c1a91c443d00b847a33,68f2d95bd190740cfd6a386c,ENQUEUED,0.4605811246250099,questions_in
2025-10-28T23:54:41.541349,PUBLISH,b10244f6db954c1caa760d2247a0df1a,68f2d95bd190740cfd6a3334,ENQUEUED,0.10788531828423942,questions_in
2025-10-28T23:54:41.713613,PUBLISH,e4ee7465fc6143c5922dad1e784749b0,68f2d95bd190740cfd6a3230,ENQUEUED,0.16994496442150978,questions_in
2025-10-28T23:54:41.906460,PUBLISH,8445be087b6c4253916749ec5822810d,68f2d95bd190740cfd6a24d2,ENQUEUED,0.19072244865172305,questions_in
2025-10-28T23:54:42.221146,PUBLISH,ef1ea14f1eb34ab3a3e8e03625a78eeb,68f2d95bd190740cfd6a1f48,ENQUEUED,0.3065004583334981,questions_in
2025-10-28T23:54:42.655015,PUBLISH,dc094a1fb3de4d4f869a42b8afcc39e7,68f2d95bd190740cfd6a3733,ENQUEUED,0.42499133695929114,questions_in
2025-10-28T23:54:42.915433,PUBLISH,9833166936334a45868579c79bd17706,68f2d95bd190740cfd6a2f3b,ENQUEUED,0.25415490316747913,questions_in
2025-10-28T23:54:43.165330,PUBLISH,f52713ec207c4e2a8dc64dc959d090e4,68f2d95bd190740cfd6a2c1b,ENQUEUED,0.24428092756246259,questions_in
2025-10-28T23:54:43.300943,PUBLISH,cf57cb2dce95401eac9f53300c76e084,68f2d95bd190740cfd6a365d,ENQUEUED,0.12683097029433996,questions_in
2025-10-28T23:54:43.433063,PUBLISH,b241b2e844124a8eba2fd4fbd2aa42a2,68f2d95bd190740cfd6a2ec3,ENQUEUED,0.12315637725302082,questions_in
2025-10-28T23:54:43.845091,PUBLISH,a38cbf2a197f4b5daa08e9b7d8018294,68f2d95bd190740cfd6a2d99,ENQUEUED,0.4056093131266406,questions_in
2025-10-28T23:54:44.021180,PUBLISH,d6b9d13c8cef4b5c952ceba14a2cf331,68f2d95bd190740cfd6a1ea7,ENQUEUED,0.16744711149423752,questions_in
2025-10-28T23:54:44.392146,PUBLISH,cceccc685bcf4826a295fe625c2e525b,68f2d95bd190740cfd6a3563,ENQUEUED,0.36342508802136375,questions_in
2025-10-28T23:54:44.812387,PUBLISH,dde3cc4de549417f8db5014476a65508,68f2d95bd190740cfd6a1ae0,ENQUEUED,0.4129817497582511,questions_in
2025-10-28T23:54:45.162049,PUBLISH,0bd23cfc4f104ceea3b701e3d8d78647,68f2d95bd190740cfd6a38f3,ENQUEUED,0.34224279189887474,questions_in
2025-10-28T23:54:45.279279,PUBLISH,0bd8755665e248f49a6dd48766ad9c20,68f2d95bd190740cfd6a1af2,ENQUEUED,0.11031615368307857,questions_in
2025-10-28T23:54:45.401019,PUBLISH,b2ef8509cd954b198624926f869f924d,68f2d95bd190740cfd6a2ec1,ENQUEUED,0.11474015078596321,questions_in
2025-10-28T23:54:45.707458,PUBLISH,92b7ff2213e94d05be808172c17d297e,68f2d95bd190740cfd6a2810,ENQUEUED,0.3039008745552698,questions_in
2025-10-28T23:54:45.836479,PUBLISH,c3e386d59ac14e4eb32bd7181c9656da,68f2d95bd190740cfd6a2ef5,ENQUEUED,0.12630848985133616,questions_in
2025-10-28T23:54:46.207967,PUBLISH,28d1a4613c1d45f7a5a81d3e80f1944f,68f2d95bd190740cfd6a2dbc,ENQUEUED,0.3660636774218403,questions_in
2025-10-28T23:54:46.679005,PUBLISH,d2d7a5226ad94ae6ba3f195e57a9c232,68f2d95bd190740cfd6a1bc1,ENQUEUED,0.46614585318670354,questions_in
2025-10-28T23:54:47.130281,PUBLISH,2e85642e2b5940b99336554ccc5e29a2,68f2d95bd190740cfd6a381c,ENQUEUED,0.43826531195357654,questions_in
2025-10-28T23:54:47.590090,PUBLISH,6260147672da4de9bfdb66ef32f3e6fb,68f2d95bd190740cfd6a3ba7,ENQUEUED,0.45579157578454665,questions_in
2025-10-28T23:54:47.801328,PUBLISH,3bbc6e0c311244a982b6e3ae396cf08c,68f2d95bd190740cfd6a2493,ENQUEUED,0.20782863132603413,questions_in
2025-10-28T23:54:48.296344,PUBLISH,881a3de2a4d44eafaf5dd80126f20651,68f2d95bd190740cfd6a3ef1,ENQUEUED,0.4931218175460078,questions_in
2025-10-28T23:54:48.556444,PUBLISH,8ec2f17e699b43dea7d581ecb669cb9b,68f2d95bd190740cfd6a3ac2,ENQUEUED,0.2523952796480838,questions_in
2025-10-28T23:54:48.860503,PUBLISH,577af60af63b417c99734478def941ac,68f2d95bd190740cfd6a2ea1,ENQUEUED,0.2974534078667638,questions_in
2025-10-28T23:54:49.234452,PUBLISH,cf8d683230e042899d902e6d1ca659a5,68f2d95bd190740cfd6a209c,ENQUEUED,0.36357713911070155,questions_in
2025-10-28T23:54:49.547685,PUBLISH,d569d50a457d407d95c584006cedd0a9,68f2d95bd190740cfd6a1c8f,ENQUEUED,0.3066615825815955,questions_in
2025-10-28T23:54:49.848824,PUBLISH,c4d81697f527494998696f0c0f00fae5,68f2d95bd190740cfd6a23c2,ENQUEUED,0.2940617312766954,questions_in
2025-10-28T23:54:50.070907,PUBLISH,60632838e2a84ea68b60d653e15e0265,68f2d95bd190740cfd6a36e4,ENQUEUED,0.21571281578421153,questions_in
2025-10-28T23:54:50.500898,PUBLISH,cfa22773a9d1430baea87754d91c83b1,68f2d95bd190740cfd6a2083,ENQUEUED,0.42733002764302075,questions_in
2025-10-28T23:54:50.679301,PUBLISH,58793553bb9c4a5a81109e2edad71848,68f2d95bd190740cfd6a33cb,ENQUEUED,0.1736418388385243,questions_in
2025-10-28T23:54:50.831921,PUBLISH,9b3a378c3e6541cea470de3ac2688a44,68f2d95bd190740cfd6a2e38,ENQUEUED,0.15016345131869158,questions_in
2025-10-28T23:54:50.980478,PUBLISH,45e9c287ca764794a5da65c5b9f3e83e,68f2d95bd190740cfd6a1c17,ENQUEUED,0.14604947255021808,questions_in
2025-10-28T23:54:51.379030,PUBLISH,f43a04c212324e49b068ea84989f94dc,68f2d95bd190740cfd6a2473,ENQUEUED,0.3955453707065728,questions_in
2025-10-28T23:54:51.591147,PUBLISH,13f8f4206abb4d3aa40cb54a8de422d1,68f2d95bd190740cfd6a203c,ENQUEUED,0.20481254281347497,questions_in
2025-10-28T23:54:51.979906,PUBLISH,63cc5cd234764763bd6b601e4064ad82,68f2d95bd190740cfd6a35ec,ENQUEUED,0.38587957755907787,questions_in
2025-10-28T23:54:52.408715,PUBLISH,06e948d4b5d84c0a9fb909f928cb7d13,68f2d95bd190740cfd6a3484,ENQUEUED,0.42108772604653455,questions_in
2025-10-28T23:54:52.623082,PUBLISH,8e00182bc27e4bb79c60abf4176236f0,68f2d95bd190740cfd6a2e2b,ENQUEUED,0.20629862683322206,questions_in
2025-10-28T23:54:52.731377,PUBLISH,f143ec35a8ca4cec9cd2f4b91ec85805,68f2d95bd190740cfd6a3624,ENQUEUED,0.10588374375626071,questions_in
2025-10-28T23:54:53.230445,PUBLISH,e5ad2e01a1f54c4aaac6a87e4fb4269c,68f2d95bd190740cfd6a245b,ENQUEUED,0.4920393296249841,questions_in
2025-10-28T23:54:53.444873,PUBLISH,f452f03ab6c8432396a8dba726095e65,68f2d95bd190740cfd6a3877,ENQUEUED,0.2073775110937024,questions_in
2025-10-28T23:54:53.889227,PUBLISH,4376c1ff01ab4b109bafa103ae67e3df,68f2d95bd190740cfd6a2b00,ENQUEUED,0.4393482513501684,questions_in
2025-10-28T23:54:54.043936,PUBLISH,ea882a0834b54e7581e58ae486646b74,68f2d95bd190740cfd6a1d0b,ENQUEUED,0.15220999883428774,questions_in
2025-10-28T23:54:54.234399,PUBLISH,3d7e9660a0404c2ca993186405f64101,68f2d95bd190740cfd6a2705,ENQUEUED,0.18794972753779257,questions_in
2025-10-28T23:54:54.349202,PUBLISH,70194ba4c2cf4c2db1488e246fbc4bff,68f2d95bd190740cfd6a2071,ENQUEUED,0.10567325032226638,questions_in
2025-10-28T23:54:54.490069,PUBLISH,5072f52d8b2547679080624fde350b1c,68f2d95bd190740cfd6a38f8,ENQUEUED,0.1384295972790609,questions_in
2025-10-28T23:54:54.913171,PUBLISH,87b3410191484e279b5d5003bdeb36e5,68f2d95bd190740cfd6a22e3,ENQUEUED,0.419284337581337,questions_in
2025-10-28T23:54:55.269206,PUBLISH,e4783b8a15d644d4b57dd9ba76e6086c,68f2d95bd190740cfd6a358f,ENQUEUED,0.352972324626155,questions_in
2025-10-28T23:54:55.606688,PUBLISH,fbfe9a579ff34d4dac1c366a03afa92c,68f2d95bd190740cfd6a1c8a,ENQUEUED,0.3335587448333296,questions_in
2025-10-28T23:54:56.104751,PUBLISH,8079ee8863974a71bc22f073230d5409,68f2d95bd190740cfd6a312d,ENQUEUED,0.48960449818504936,questions_in
2025-10-28T23:54:56.504461,PUBLISH,863714b165844400aaeca77498c0252b,68f2d95bd190740cfd6a1f8b,ENQUEUED,0.3964812087812143,questions_in
2025-10-28T23:54:56.756438,PUBLISH,dcc135cbaf9745cf95882cd30075940c,68f2d95bd190740cfd6a2a9a,ENQUEUED,0.24519126434372526,questions_in
2025-10-28T23:54:57.190820,PUBLISH,bbc1174679aa4db587ea09b30fc685b6,68f2d95bd190740cfd6a2998,ENQUEUED,0.4310411112027487,questions_in
2025-10-28T23:54:57.498805,PUBLISH,99aadf15c0e54f7c9674461d06133c0b,68f2d95bd190740cfd6a2110,ENQUEUED,0.3052183439755721,questions_in
2025-10-28T23:54:57.645707,PUBLISH,ccde6d2c390c496c83b03d754147699d,68f2d95bd190740cfd6a36da,ENQUEUED,0.14421650710995404,questions_in
2025-10-28T23:54:57.950769,PUBLISH,a6e2351e91264baa9a456ad5d524c1f2,68f2d95bd190740cfd6a2b51,ENQUEUED,0.30159328180363537,questions_in
2025-10-28T23:54:58.213379,PUBLISH,db36f5a2a70c4a708388447adfe45a62,68f2d95bd190740cfd6a1b30,ENQUEUED,0.253971150945985,questions_in
2025-10-28T23:54:58.449655,PUBLISH,ebbc922e8acb472cae7a12d2bd8ce59f,68f2d95bd190740cfd6a1e2e,ENQUEUED,0.227764515553722,questions_in
2025-10-28T23:54:58.736404,PUBLISH,ea9f389d3c454944b2061c7ec128e2a3,68f2d95bd190740cfd6a2320,ENQUEUED,0.27886412197421584,questions_in
2025-10-28T23:54:59.222791,PUBLISH,4150814d77424964bf6e03086c66eac0,68f2d95bd190740cfd6a3610,ENQUEUED,0.4819989250925526,questions_in
2025-10-28T23:54:59.714116,PUBLISH,f58303b17801480ead01e50f372357f0,68f2d95bd190740cfd6a27ea,ENQUEUED,0.4885792396908669,questions_in
2025-10-28T23:55:00.001851,PUBLISH,5b1771383d984a87996951d73ac4e25e,68f2d95bd190740cfd6a34df,ENQUEUED,0.2790356280404783,questions_in
2025-10-28T23:55:00.112193,PUBLISH,a51e0e514fdb496ea0e641eff77255c3,68f2d95bd190740cfd6a2433,ENQUEUED,0.10772406519211186,questions_in
2025-10-28T23:55:00.433769,PUBLISH,9ff8b420a214480f82e593b39934d32f,68f2d95bd190740cfd6a1c3c,ENQUEUED,0.3132771142745528,questions_in
2025-10-28T23:55:00.626233,PUBLISH,a9c8af3ed782452ab153777f309caf3d,68f2d95bd190740cfd6a3213,ENQUEUED,0.18948981369239354,questions_in
2025-10-28T23:55:00.977080,PUBLISH,57dcf92b0b0548ebbcd6c55c0c2d0549,68f2d95bd190740cfd6a23d5,ENQUEUED,0.34178698597516727,questions_in
2025-10-28T23:55:01.245811,PUBLISH,1b78f730fba4422e83624aa408513402,68f2d95bd190740cfd6a1ecc,ENQUEUED,0.2662021902971281,questions_in
2025-10-28T23:55:01.544639,PUBLISH,9c399097e03f44148797e14887ea526d,68f2d95bd190740cfd6a2e26,ENQUEUED,0.2874565377891559,questions_in
2025-10-28T23:55:02.036548,PUBLISH,d24adbc11ec04c1bbb246ae3bf7b950b,68f2d95bd190740cfd6a2147,ENQUEUED,0.48889612892809386,questions_in
2025-10-28T23:55:02.535298,PUBLISH,d70d7310e9ff4b0d9ba47c2cd6eed765,68f2d95bd190740cfd6a1dd6,ENQUEUED,0.49397068162963886,questions_in
2025-10-28T23:55:02.718654,PUBLISH,67f2fd31f3f845f1bf67e20c1f19db65,68f2d95bd190740cfd6a3fee,ENQUEUED,0.1770985117112991,questions_in
2025-10-28T23:55:02.951154,PUBLISH,dd77849f778248dbb493e3f67f876e92,68f2d95bd190740cfd6a2f90,ENQUEUED,0.2278141451375451,questions_in
2025-10-28T23:55:03.345707,PUBLISH,3348f7a2cb26471e92e61409cf7dc6f4,68f2d95bd190740cfd6a3f47,ENQUEUED,0.38664199351675343,questions_in
2025-10-28T23:55:03.461856,PUBLISH,57fd565e75e547289e144776f0ebd388,68f2d95bd190740cfd6a38d2,ENQUEUED,0.10802651631210108,questions_in
2025-10-28T23:55:03.629328,PUBLISH,0489cb79db23417489c70417902a8940,68f2d95bd190740cfd6a3bbb,ENQUEUED,0.15985717511110026,questions_in
2025-10-28T23:55:03.862966,PUBLISH,0c7f1562068a4e248a3dd2691900a2ef,68f2d95bd190740cfd6a1f1b,ENQUEUED,0.2283651244797132,questions_in
2025-10-28T23:55:04.201674,PUBLISH,cee2bf41d0084b9483df5f0bfdc363e3,68f2d95bd190740cfd6a1eb6,ENQUEUED,0.3313022388386925,questions_in
2025-10-28T23:55:04.546347,PUBLISH,189386202cf14b17a9558e51a0cb4351,68f2d95bd190740cfd6a1e76,ENQUEUED,0.3415732984847496,questions_in
2025-10-28T23:55:04.916008,PUBLISH,e918db3fe0be4b7ab9b6b04ca4fdf82a,68f2d95bd190740cfd6a2d99,ENQUEUED,0.3628767529101664,questions_in
2025-10-28T23:55:05.113118,PUBLISH,f7fe0a490fbb4690936c7d2d2bab3ab5,68f2d95bd190740cfd6a3712,ENQUEUED,0.1886157192442496,questions_in
2025-10-28T23:55:05.308674,PUBLISH,02ac32ae18f8478798d32c3fe42302e2,68f2d95bd190740cfd6a36bc,ENQUEUED,0.18868953464543875,questions_in
2025-10-28T23:55:05.597828,PUBLISH,edfa53fba297471d854e38aa872416c0,68f2d95bd190740cfd6a1ebe,ENQUEUED,0.2862717125581134,questions_in
2025-10-28T23:55:05.877363,PUBLISH,1dff4e50865c4b24b11efc6ab271bc10,68f2d95bd190740cfd6a2f14,ENQUEUED,0.2759952315697585,questions_in
2025-10-28T23:55:06.014260,PUBLISH,d1ea8aef511d40beba090a5ac5229563,68f2d95bd190740cfd6a2f4b,ENQUEUED,0.13067969691695255,questions_in
2025-10-28T23:55:06.180802,PUBLISH,30fa9fd295f34551bc33cba8e1d37c6f,68f2d95bd190740cfd6a40a0,ENQUEUED,0.16122365429029106,questions_in
2025-10-28T23:55:06.510414,PUBLISH,f9595221654747c9984eab48075ff3fd,68f2d95bd190740cfd6a2c41,ENQUEUED,0.3256740660817551,questions_in
2025-10-28T23:55:06.801415,PUBLISH,edc0dc4f532e4ba4b6d0fe1ee2211b42,68f2d95bd190740cfd6a3838,ENQUEUED,0.2794127288381779,questions_in
2025-10-28T23:55:07.116362,PUBLISH,4e8b34e719064c1dac598842591518fa,68f2d95bd190740cfd6a3f8f,ENQUEUED,0.30990952857828186,questions_in
2025-10-28T23:55:07.604472,PUBLISH,914aefb4114748a48e7895c8d1c13778,68f2d95bd190740cfd6a3672,ENQUEUED,0.48012993945658344,questions_in
2025-10-28T23:55:08.080062,PUBLISH,067c37c347504748b0aed46bcc9d2b48,68f2d95bd190740cfd6a3fb8,ENQUEUED,0.4678380730612589,questions_in
2025-10-28T23:55:08.330215,PUBLISH,36bf3d0a41014bb199dea3ff88bb2841,68f2d95bd190740cfd6a3791,ENQUEUED,0.2463947449943319,questions_in
2025-10-28T23:55:08.622652,PUBLISH,238241113c684172a7cea7e5ac257539,68f2d95bd190740cfd6a3f0c,ENQUEUED,0.28549716604926567,questions_in
2025-10-28T23:55:08.948631,PUBLISH,bb4abcf643e64f39aa69137eb4ce7d4a,68f2d95bd190740cfd6a2a40,ENQUEUED,0.3237073857390432,questions_in
2025-10-28T23:55:09.157875,PUBLISH,5ca9c066e33c4f698df193b771a99025,68f2d95bd190740cfd6a25ed,ENQUEUED,0.20683774744095496,questions_in
2025-10-28T23:55:09.300185,PUBLISH,eff5627902ea4958b725ba9aca386aea,68f2d95bd190740cfd6a389f,ENQUEUED,0.13500773093376758,questions_in
2025-10-28T23:55:09.643288,PUBLISH,15a3e7ee5ae74962a8c0e1444afbaebe,68f2d95bd190740cfd6a2c17,ENQUEUED,0.33815182858530035,questions_in
2025-10-28T23:55:09.830853,PUBLISH,a3e61009a88e4978982c0bb3d3447cae,68f2d95bd190740cfd6a2713,ENQUEUED,0.18468340361492006,questions_in
2025-10-28T23:55:10.120463,PUBLISH,ba5ce2120124404482d8f916f2e0b36b,68f2d95bd190740cfd6a2dd9,ENQUEUED,0.2869245022395577,questions_in
2025-10-28T23:55:10.493170,PUBLISH,f4b3c01110014b6d9e9b17b6155b4c39,68f2d95bd190740cfd6a3a4e,ENQUEUED,0.3697178741648496,questions_in
2025-10-28T23:55:10.920262,PUBLISH,103101f604f047678468ed289ad5a5c7,68f2d95bd190740cfd6a21f9,ENQUEUED,0.4230330101321993,questions_in
2025-10-28T23:55:11.264296,PUBLISH,583c4c2e25ba439887b4559d384f793d,68f2d95bd190740cfd6a2345,ENQUEUED,0.33963388723957333,questions_in
2025-10-28T23:55:11.381887,PUBLISH,68acd5378d8441efa0dc4a1d43f64c58,68f2d95bd190740cfd6a35b9,ENQUEUED,0.11381916979891304,questions_in
2025-10-28T23:55:11.862210,PUBLISH,1551ff1a9a0546afb23831a88070ff0b,68f2d95bd190740cfd6a3e11,ENQUEUED,0.4766274264318441,questions_in
2025-10-28T23:55:12.364457,PUBLISH,e2381501cef445f9b91ab7d19aacb949,68f2d95bd190740cfd6a3daf,ENQUEUED,0.4990807260017016,questions_in
2025-10-28T23:55:12.764006,PUBLISH,9cdb60a8b445451fa973f886bfbb79ed,68f2d95bd190740cfd6a1cc9,ENQUEUED,0.3965877860070778,questions_in
2025-10-28T23:55:12.946349,PUBLISH,3c8f34911bb14da9860796601001eadd,68f2d95bd190740cfd6a3b5c,ENQUEUED,0.17947224496216085,questions_in
2025-10-28T23:55:13.278870,PUBLISH,9d9a4283c73a4c569f7475c6163af9a4,68f2d95bd190740cfd6a2fab,ENQUEUED,0.32892720670472286,questions_in
2025-10-28T23:55:13.723247,PUBLISH,c490179618c1473e8d1cdede3f64a8b6,68f2d95bd190740cfd6a23bb,ENQUEUED,0.44130342188040317,questions_in
2025-10-28T23:55:14.208961,PUBLISH,8a3461304a2f423293f088de9b191071,68f2d95bd190740cfd6a36ff,ENQUEUED,0.4780978124847791,questions_in
2025-10-28T23:55:14.489920,PUBLISH,7796f57932444b7fbba8db533bcee0e7,68f2d95bd190740cfd6a2aa9,ENQUEUED,0.27489397962175255,questions_in
2025-10-28T23:55:14.778142,PUBLISH,06fe9dfc02c848b9ac00348249779ab7,68f2d95bd190740cfd6a236a,ENQUEUED,0.2805237278569726,questions_in
2025-10-28T23:55:14.918488,PUBLISH,8e223c67c16445c6bb3e476c84fc2c4f,68f2d95bd190740cfd6a20db,ENQUEUED,0.13624833373992729,questions_in
2025-10-28T23:55:15.281679,PUBLISH,9e65a62be99642f880d7a95aaff3ec04,68f2d95bd190740cfd6a1db9,ENQUEUED,0.3564308259557374,questions_in
2025-10-28T23:55:15.417230,PUBLISH,8062a5acaf014e7898e1f3b7e4042120,68f2d95bd190740cfd6a23fd,ENQUEUED,0.1334831444418757,questions_in
2025-10-28T23:55:15.552852,PUBLISH,31160165a42440d7bf4e9de5789bb3f5,68f2d95bd190740cfd6a1d5a,ENQUEUED,0.13276048216003297,questions_in
2025-10-28T23:55:15.704547,PUBLISH,5c30c037df8d423784a4d56869709d80,68f2d95bd190740cfd6a1b9e,ENQUEUED,0.14586618331892842,questions_in
2025-10-28T23:55:15.908144,PUBLISH,d67ae76702e044e784f73c971241da13,68f2d95bd190740cfd6a331c,ENQUEUED,0.20139092596595273,questions_in
2025-10-28T23:55:16.035392,PUBLISH,3262033d255c4167bcdebc6c95404089,68f2d95bd190740cfd6a2862,ENQUEUED,0.12078577660351578,questions_in
2025-10-28T23:55:16.274472,PUBLISH,18ee3ab1036740f6867fe26ba5f45a12,68f2d95bd190740cfd6a41a3,ENQUEUED,0.23637480471009492,questions_in
2025-10-28T23:55:16.616388,PUBLISH,ede633c8349c485db6355bc4852f76db,68f2d95bd190740cfd6a23e9,ENQUEUED,0.3359910817663011,questions_in
2025-10-28T23:55:16.955314,PUBLISH,d4ecc671d2644724aeeffff7ca88c219,68f2d95bd190740cfd6a3ad9,ENQUEUED,0.3359098355899328,questions_in
2025-10-28T23:55:17.166672,PUBLISH,544b64e28eb44f3bbaaa0f3c1055872c,68f2d95bd190740cfd6a267f,ENQUEUED,0.20411851499404043,questions_in
2025-10-28T23:55:17.430800,PUBLISH,2cbe0595d4954f9aa0b11006661b699e,68f2d95bd190740cfd6a356c,ENQUEUED,0.2581980340483092,questions_in
2025-10-28T23:55:17.808060,PUBLISH,71ca282811dd4216adae8267cf13a330,68f2d95bd190740cfd6a3c63,ENQUEUED,0.37322084959179314,questions_in
2025-10-28T23:55:18.031293,PUBLISH,dec0d4de4f794391ba46500bf4147d9c,68f2d95bd190740cfd6a2564,ENQUEUED,0.21585956186935007,questions_in
2025-10-28T23:55:18.435507,PUBLISH,aac3b2a522e54b4baeb6445a9cec0e17,68f2d95bd190740cfd6a3d69,ENQUEUED,0.3981080618954971,questions_in
2025-10-28T23:55:18.592311,PUBLISH,2bf7c72adcd74d4abe5c5b623a33d40d,68f2d95bd190740cfd6a234e,ENQUEUED,0.14753605124226477,questions_in
2025-10-28T23:55:18.799424,PUBLISH,c8bf4eb960a84ef8a79691399d67c02a,68f2d95bd190740cfd6a37db,ENQUEUED,0.20022763458498027,questions_in
2025-10-28T23:55:19.248260,PUBLISH,8c5a9b7e84f64a0ab2973d8bff05fea4,68f2d95bd190740cfd6a1d73,ENQUEUED,0.4467096400190451,questions_in
2025-10-28T23:55:19.701507,PUBLISH,38fc52ee06984978b2cc3ad183f5abe8,68f2d95bd190740cfd6a3f2f,ENQUEUED,0.44850630057228924,questions_in
2025-10-28T23:55:20.035086,PUBLISH,3152256618de49789e1849fe7947ee89,68f2d95bd190740cfd6a39ba,ENQUEUED,0.3279530055861555,questions_in
2025-10-28T23:55:20.348903,PUBLISH,b58b13216b374d3cb00e132da50b21d8,68f2d95bd190740cfd6a349c,ENQUEUED,0.3066937472121497,questions_in
2025-10-28T23:55:20.755069,PUBLISH,6690adf189d8454ebcd4030029e35500,68f2d95bd190740cfd6a3b8c,ENQUEUED,0.39967130638528714,questions_in
2025-10-28T23:55:21.217879,PUBLISH,ba3b4702ac2b41168f9dd21e354665b9,68f2d95bd190740cfd6a2df4,ENQUEUED,0.45633917862574613,questions_in
2025-10-28T23:55:21.387678,PUBLISH,36c2ddb28d2f4f02922f775a83a28d1a,68f2d95bd190740cfd6a2ce4,ENQUEUED,0.1636952556582884,questions_in
2025-10-28T23:55:21.615636,PUBLISH,46be9ddfbd394d4b9a999fe5bceb1682,68f2d95bd190740cfd6a3736,ENQUEUED,0.22583723666845723,questions_in
2025-10-28T23:55:21.854563,PUBLISH,9f98a4a7afd141bb8cd4a66f2bc983b1,68f2d95bd190740cfd6a249a,ENQUEUED,0.23283976411461782,questions_in
2025-10-28T23:55:22.122809,PUBLISH,451a63e7a0ce4e788653f8ed481749a3,68f2d95bd190740cfd6a2864,ENQUEUED,0.2605364234066672,questions_in
2025-10-28T23:55:22.549703,PUBLISH,a82cfad4508d473298d291c7df9cf8ec,68f2d95bd190740cfd6a308a,ENQUEUED,0.4249016749872818,questions_in
2025-10-28T23:55:22.750049,PUBLISH,7d6061f1d94b4005b77f4467e8d0273d,68f2d95bd190740cfd6a1ff3,ENQUEUED,0.1943736114138937,questions_in
2025-10-28T23:55:23.190711,PUBLISH,aaf7fdf4632b4a5dafee2174efc478da,68f2d95bd190740cfd6a3732,ENQUEUED,0.43702024483648794,questions_in
2025-10-28T23:55:23.319127,PUBLISH,d385afa0f6374fe8887b541a076bd9f4,68f2d95bd190740cfd6a3d44,ENQUEUED,0.12156384157754752,questions_in
2025-10-28T23:55:23.799049,PUBLISH,0e032261169e41859fd3cf5331c58760,68f2d95bd190740cfd6a2865,ENQUEUED,0.4732912329037138,questions_in
2025-10-28T23:55:23.942545,PUBLISH,dafa512449cb4fa0943e2cbc7581ac88,68f2d95bd190740cfd6a3acd,ENQUEUED,0.14154258814660026,questions_in
2025-10-28T23:55:24.250337,PUBLISH,07b41147a09745df9f797a9b20863459,68f2d95bd190740cfd6a1ef7,ENQUEUED,0.30187262946246096,questions_in
2025-10-28T23:55:24.589610,PUBLISH,b1a637cef1ad47278d1e55ee93668412,68f2d95bd190740cfd6a2f89,ENQUEUED,0.3334783806418288,questions_in
2025-10-28T23:55:24.930121,PUBLISH,3dde3a57b08341b890c958989b14a72f,68f2d95bd190740cfd6a3809,ENQUEUED,0.33822590115201423,questions_in
2025-10-28T23:55:25.058795,PUBLISH,fb73fc98fe4d41238d8d76c622f13424,68f2d95bd190740cfd6a1ca6,ENQUEUED,0.1227020457058583,questions_in
2025-10-28T23:55:25.198027,PUBLISH,4feb4f54fa1b43dd90fc482f7901be86,68f2d95bd190740cfd6a2fca,ENQUEUED,0.13202706438019252,questions_in
2025-10-28T23:55:25.386257,PUBLISH,ef18a295ca5643b6adfceb54c58a3a24,68f2d95bd190740cfd6a2a08,ENQUEUED,0.18153933638354608,questions_in
2025-10-28T23:55:25.714192,PUBLISH,eaa4bced04fc4539a56b07a0afe7ce9f,68f2d95bd190740cfd6a2e1c,ENQUEUED,0.3223404485411987,questions_in
2025-10-28T23:55:26.028189,PUBLISH,aa6d249fe564471b82c3eaf8d5938f6a,68f2d95bd190740cfd6a3fcd,ENQUEUED,0.3083856899309375,questions_in
2025-10-28T23:55:26.474068,PUBLISH,de7234fb502346a3818162a1f948a223,68f2d95bd190740cfd6a2979,ENQUEUED,0.4402130857745824,questions_in
2025-10-28T23:55:26.712147,PUBLISH,8dc800cf0a15499db48852f7bc9fe2ad,68f2d95bd190740cfd6a2f43,ENQUEUED,0.2314037944165495,questions_in
2025-10-28T23:55:26.932255,PUBLISH,6ada5c3959c642deb63b7e306967a0a3,68f2d95bd190740cfd6a1c69,ENQUEUED,0.21435006016113972,questions_in
2025-10-28T23:55:27.078989,PUBLISH,352cf620134e45b6a818f02b4846314e,68f2d95bd190740cfd6a1ce3,ENQUEUED,0.14116221818776872,questions_in
2025-10-28T23:55:27.445513,PUBLISH,14e43d61c35f48808de426067dd2f878,68f2d95bd190740cfd6a4024,ENQUEUED,0.3595178055439794,questions_in
2025-10-28T23:55:27.887381,PUBLISH,3079c3e72eb2479ab07f109c4ae27926,68f2d95bd190740cfd6a2f83,ENQUEUED,0.43497057326262245,questions_in
2025-10-28T23:55:28.051507,PUBLISH,719ad17c97b745a1a09dea9ca5ef005f,68f2d95bd190740cfd6a2619,ENQUEUED,0.15823510618010583,questions_in
2025-10-28T23:55:28.250172,PUBLISH,da0046d3f6ef45a5b326a4dfdf820638,68f2d95bd190740cfd6a3559,ENQUEUED,0.19195144014893134,questions_in
2025-10-28T23:55:28.528349,PUBLISH,59ae3d04022c4a549cca3133524aabe0,68f2d95bd190740cfd6a3701,ENQUEUED,0.2760893039048252,questions_in
2025-10-28T23:55:28.794206,PUBLISH,feb52fed6b2847a68d2f3e9bfbeca153,68f2d95bd190740cfd6a3506,ENQUEUED,0.2641864771822463,questions_in
2025-10-28T23:55:29.242913,PUBLISH,bb36c23cc47b45338f456031ef53af2d,68f2d95bd190740cfd6a2524,ENQUEUED,0.44250355890616977,questions_in
2025-10-28T23:55:29.438417,PUBLISH,279eec00dc0848909c3602e6ba0bab68,68f2d95bd190740cfd6a41b0,ENQUEUED,0.19316673677583518,questions_in
2025-10-28T23:55:29.744672,PUBLISH,2216b0ca118b4ad9b93e32e843df78ec,68f2d95bd190740cfd6a1eea,ENQUEUED,0.30190312368863026,questions_in
2025-10-28T23:55:30.082138,PUBLISH,8f74c541cd2d46a2811a00b915ef9002,68f2d95bd190740cfd6a4142,ENQUEUED,0.33119833225484796,questions_in
2025-10-28T23:55:30.540047,PUBLISH,1b2c2cd3f0bb49dc9bec18b920de6ca5,68f2d95bd190740cfd6a285f,ENQUEUED,0.4520680772488811,questions_in
2025-10-28T23:55:30.664360,PUBLISH,a1e4f46067164290a09e2f0195012397,68f2d95bd190740cfd6a36d4,ENQUEUED,0.11812838205054806,questions_in
2025-10-28T23:55:31.112168,PUBLISH,5ffd6ffc1d8b4d56848df46a5a0cfd18,68f2d95bd190740cfd6a3177,ENQUEUED,0.4414110710391729,questions_in
2025-10-28T23:55:31.391610,PUBLISH,8d584eef717b46478ba2f48778e15203,68f2d95bd190740cfd6a1d37,ENQUEUED,0.2726707490581388,questions_in
2025-10-28T23:55:31.560324,PUBLISH,680f117c28e744ed8f5eb6b94efeb359,68f2d95bd190740cfd6a4135,ENQUEUED,0.16207843966745297,questions_in
2025-10-28T23:55:31.993775,PUBLISH,eeb58a34e58245e7b358c67e87a98552,68f2d95bd190740cfd6a3fd1,ENQUEUED,0.43132570537203074,questions_in
2025-10-28T23:55:32.131717,PUBLISH,95a851f2b4334fa98e43cc46bcd47cb7,68f2d95bd190740cfd6a2507,ENQUEUED,0.13212518423979974,questions_in
2025-10-28T23:55:32.492745,PUBLISH,bddc20217c864571b94dc52ee4534ed6,68f2d95bd190740cfd6a1b1f,ENQUEUED,0.3548410823693885,questions_in
2025-10-28T23:55:32.923736,PUBLISH,05de90fba19c4bf4b8f8ce067359d603,68f2d95bd190740cfd6a408c,ENQUEUED,0.4233407088916622,questions_in
2025-10-28T23:55:33.108390,PUBLISH,70221ac46d9f4d0fae8c815d880183bb,68f2d95bd190740cfd6a1cb5,ENQUEUED,0.17868323216460402,questions_in
2025-10-28T23:55:33.359749,PUBLISH,0a8dc478de1643d994cb2d2a25e488d3,68f2d95bd190740cfd6a1f50,ENQUEUED,0.24439359287385165,questions_in
2025-10-28T23:55:33.838462,PUBLISH,f5b2908d472e44a9ad07a979f2dba242,68f2d95bd190740cfd6a36f8,ENQUEUED,0.4717236591433184,questions_in
2025-10-28T23:55:34.175256,PUBLISH,2e9696e698b340dea444b6a0021ab6b2,68f2d95bd190740cfd6a1f3e,ENQUEUED,0.33059090776164696,questions_in
2025-10-28T23:55:34.374857,PUBLISH,b741c259ad214b5eb3c58d8a38c40008,68f2d95bd190740cfd6a1cf9,ENQUEUED,0.1927785457046896,questions_in
2025-10-28T23:55:34.653539,PUBLISH,2d6ba508ec5f45089198a54a61f18509,68f2d95bd190740cfd6a2858,ENQUEUED,0.27272694606072934,questions_in
2025-10-28T23:55:34.775322,PUBLISH,c8de7bc207f647b088a028b39bc8f4ce,68f2d95bd190740cfd6a2bcf,ENQUEUED,0.11451402859319426,questions_in
2025-10-28T23:55:34.900103,PUBLISH,c99d26239b344024875702af2e32c897,68f2d95bd190740cfd6a32d2,ENQUEUED,0.11865058959396305,questions_in
2025-10-28T23:55:35.100846,PUBLISH,244441a595be42cdac7ef359d0bda4db,68f2d95bd190740cfd6a2299,ENQUEUED,0.19898940752557934,questions_in
2025-10-28T23:55:35.218538,PUBLISH,1ab6bd26341849cdba6238c900bc499f,68f2d95bd190740cfd6a3bb8,ENQUEUED,0.11195280055477648,questions_in
2025-10-28T23:55:35.649714,PUBLISH,1574ad0d6b114c1a9fc6e596c7fcbdf3,68f2d95bd190740cfd6a3684,ENQUEUED,0.42521657449199834,questions_in
2025-10-28T23:55:36.124975,PUBLISH,8eadcc067b8a484d94b60c18ec09f106,68f2d95bd190740cfd6a1e8d,ENQUEUED,0.4689810844829131,questions_in
2025-10-28T23:55:36.598307,PUBLISH,18b26f6ccb91438393f4b1ad72a15b88,68f2d95bd190740cfd6a248c,ENQUEUED,0.4666377816649143,questions_in
2025-10-28T23:55:37.067967,PUBLISH,90679d1b033a4222926b8dee2ad1e82f,68f2d95bd190740cfd6a35ce,ENQUEUED,0.46191016361115367,questions_in
2025-10-28T23:55:37.193680,PUBLISH,db03ca2e53be495a99d88f94be88ca62,68f2d95bd190740cfd6a336f,ENQUEUED,0.1196435837594137,questions_in
2025-10-28T23:55:37.474153,PUBLISH,79153a86ffa84c5eab1cbe7c9cbb6bc3,68f2d95bd190740cfd6a225c,ENQUEUED,0.27399534276474263,questions_in
2025-10-28T23:55:37.915904,PUBLISH,679ff19b8a5240b7af33ddff52cdb202,68f2d95bd190740cfd6a329d,ENQUEUED,0.4394924139146805,questions_in
2025-10-28T23:55:38.239082,PUBLISH,899520a92e9f4a5c93bd6a504bb3ba10,68f2d95bd190740cfd6a27e9,ENQUEUED,0.32144724764214955,questions_in
2025-10-28T23:55:38.534569,PUBLISH,0f38a21f025742549234bacd7b5d15f6,68f2d95bd190740cfd6a21f1,ENQUEUED,0.2890307091481801,questions_in
2025-10-28T23:55:38.841303,PUBLISH,c72d6f39fc6e4ff2bede8d0784fbcfaf,68f2d95bd190740cfd6a2704,ENQUEUED,0.3004340721212939,questions_in
2025-10-28T23:55:39.294676,PUBLISH,7aa80b76486e4681b0977fb22990adb0,68f2d95bd190740cfd6a326b,ENQUEUED,0.4496672796634361,questions_in
2025-10-28T23:55:39.567871,PUBLISH,58859e2e0dba4db5b48dd097aff540bf,68f2d95bd190740cfd6a2b60,ENQUEUED,0.2673634523552849,questions_in
2025-10-28T23:55:39.719197,PUBLISH,385f1abc895b4420b838faa3056e6784,68f2d95bd190740cfd6a3afd,ENQUEUED,0.148414643964315,questions_in
2025-10-28T23:55:40.137238,PUBLISH,442cf4fbb04f4e8da266536417be556b,68f2d95bd190740cfd6a3c4a,ENQUEUED,0.41001357937051464,questions_in
2025-10-28T23:55:40.581750,PUBLISH,81a973f1ae294cee876a9ea29c598c95,68f2d95bd190740cfd6a22e4,ENQUEUED,0.43827587714428073,questions_in
2025-10-28T23:55:41.051943,PUBLISH,d9188d73a2d44321b1dfc4bc5bbe3e54,68f2d95bd190740cfd6a27d8,ENQUEUED,0.4655518467750165,questions_in
2025-10-28T23:55:41.271976,PUBLISH,b859253ceee442b887622f4a9636f088,68f2d95bd190740cfd6a21fb,ENQUEUED,0.2126323519665143,questions_in
2025-10-28T23:55:41.709128,PUBLISH,91ac49ae4f144a6f904c65f8ed043c75,68f2d95bd190740cfd6a2d82,ENQUEUED,0.43158893840461665,questions_in
2025-10-28T23:55:42.106074,PUBLISH,b5e8ce4e563e45b1a114fde67d105593,68f2d95bd190740cfd6a1fe5,ENQUEUED,0.3944806720913153,questions_in
2025-10-28T23:55:42.562415,PUBLISH,eeb12357130843e58f45af1bbcb61988,68f2d95bd190740cfd6a2ec2,ENQUEUED,0.4502446879247317,questions_in
2025-10-28T23:55:42.841970,PUBLISH,ee04e1a4981c4cdeaa327ce05e2a2316,68f2d95bd190740cfd6a307c,ENQUEUED,0.27261484129327773,questions_in
2025-10-28T23:55:43.206337,PUBLISH,44201d6e3c6a465e9e190a448f6050b9,68f2d95bd190740cfd6a25bc,ENQUEUED,0.36207295945005613,questions_in
2025-10-28T23:55:43.417282,PUBLISH,3ea6d7b95b0d486b87c496f7b0718c3a,68f2d95bd190740cfd6a2bfd,ENQUEUED,0.20887060940888885,questions_in
2025-10-28T23:55:43.823671,PUBLISH,0bb3088329fd4841aa3f7c9cc328686b,68f2d95bd190740cfd6a22ce,ENQUEUED,0.40041696197200816,questions_in
2025-10-28T23:55:44.062126,PUBLISH,3d1151b51eec4992b4aaac6c286e3c31,68f2d95bd190740cfd6a27ff,ENQUEUED,0.23671324655814524,questions_in
2025-10-28T23:55:44.456554,PUBLISH,82ef966fabb64b509faf16e15a8a12c1,68f2d95bd190740cfd6a2b62,ENQUEUED,0.3879201321353377,questions_in
2025-10-28T23:55:44.840839,PUBLISH,3a9c8a9f4cfc4db99d05af2ab8ce3c73,68f2d95bd190740cfd6a2e3c,ENQUEUED,0.3770070364711421,questions_in
2025-10-28T23:55:45.248516,PUBLISH,0cd5f386d9ca43d1acf87abcf79fa9c9,68f2d95bd190740cfd6a3703,ENQUEUED,0.40117622911844475,questions_in
2025-10-28T23:55:45.392699,PUBLISH,e3920a40108d484d905b0a63de0b5e7d,68f2d95bd190740cfd6a2657,ENQUEUED,0.1379531751408202,questions_in
2025-10-28T23:55:45.823024,PUBLISH,1f142cafba26477a91ed96bb4f7dd675,68f2d95bd190740cfd6a3ceb,ENQUEUED,0.42295645708661544,questions_in
2025-10-28T23:55:46.142444,PUBLISH,5911b895942547f3980163d701955d45,68f2d95bd190740cfd6a38f0,ENQUEUED,0.3120222702276696,questions_in
2025-10-28T23:55:46.515763,PUBLISH,6c50e22ffffd402da3a43e40c995e9d0,68f2d95bd190740cfd6a296e,ENQUEUED,0.3672915438329801,questions_in
2025-10-28T23:55:46.840435,PUBLISH,b8ba9af49f614fe18dd493e08910f0ad,68f2d95bd190740cfd6a27d3,ENQUEUED,0.31802535546522304,questions_in
2025-10-28T23:55:46.990074,PUBLISH,aa75cd63763f437994338572490e344e,68f2d95bd190740cfd6a32f9,ENQUEUED,0.14304230411264937,questions_in
2025-10-28T23:55:47.489335,PUBLISH,f6023aab9b654bd4ba806870041f030f,68f2d95bd190740cfd6a339f,ENQUEUED,0.49689925102792365,questions_in
2025-10-28T23:55:47.627788,PUBLISH,6d16bc93b71341e78a62fe2f2f98e71e,68f2d95bd190740cfd6a3ea4,ENQUEUED,0.13636130371038974,questions_in
2025-10-28T23:55:47.881260,PUBLISH,e3f20fc889d04759a2635fe85bcf79b9,68f2d95bd190740cfd6a1ca5,ENQUEUED,0.24692999083126838,questions_in
2025-10-28T23:55:48.126210,PUBLISH,6e7a421ea1e64e6fabaf1378be114403,68f2d95bd190740cfd6a2517,ENQUEUED,0.23890424259877305,questions_in
2025-10-28T23:55:48.546981,PUBLISH,08e6bc2cbfd640e38fa0bfb911a50312,68f2d95bd190740cfd6a2581,ENQUEUED,0.41439690478092384,questions_in
2025-10-28T23:55:48.987284,PUBLISH,c621341723654691ae3e40371cad8633,68f2d95bd190740cfd6a2651,ENQUEUED,0.43325520077296553,questions_in
2025-10-28T23:55:49.328885,PUBLISH,ac394bd1c2944ccfbf57632bad602075,68f2d95bd190740cfd6a3fa6,ENQUEUED,0.3338222337000385,questions_in
2025-10-28T23:55:49.517795,PUBLISH,4758cb2d1f5344efba28465cd0fbc046,68f2d95bd190740cfd6a3b75,ENQUEUED,0.18225931585247848,questions_in
2025-10-28T23:55:49.779031,PUBLISH,98d10a907a4848fe906202351cb9cb5d,68f2d95bd190740cfd6a41ab,ENQUEUED,0.25567861545836545,questions_in
2025-10-28T23:55:50.165990,PUBLISH,159437df593749c4ac9f23ae9a10045c,68f2d95bd190740cfd6a304c,ENQUEUED,0.38104978660425626,questions_in
2025-10-28T23:55:50.472676,PUBLISH,ca5cb481584e4ad69ec021a7b8178cbc,68f2d95bd190740cfd6a2e18,ENQUEUED,0.3046797560252209,questions_in
2025-10-28T23:55:50.786871,PUBLISH,8eb561f33df5470dad05f987b59c8116,68f2d95bd190740cfd6a1e89,ENQUEUED,0.30736712875434136,questions_in
2025-10-28T23:55:50.985611,PUBLISH,a238f11c3efe4c4aa5f26e7070e283df,68f2d95bd190740cfd6a29a8,ENQUEUED,0.19294730464541465,questions_in
2025-10-28T23:55:51.282249,PUBLISH,cc395278fc3f4b9db2df22cedb314812,68f2d95bd190740cfd6a2362,ENQUEUED,0.2910397841379482,questions_in
2025-10-28T23:55:51.611378,PUBLISH,e121cfbd72ca43e0b5e03646e37a765e,68f2d95bd190740cfd6a36db,ENQUEUED,0.32315965775648614,questions_in
2025-10-28T23:55:51.817177,PUBLISH,2d78e3efe79f49b1b1db61e93f80687a,68f2d95bd190740cfd6a1dac,ENQUEUED,0.19654150479057533,questions_in
2025-10-28T23:55:51.925049,PUBLISH,f6014b2d668a453992e75d30b3023644,68f2d95bd190740cfd6a2d0a,ENQUEUED,0.10183830252022347,questions_in
2025-10-28T23:55:52.419005,PUBLISH,26f594f3ce134485b739d9f07b7dbcf0,68f2d95bd190740cfd6a2133,ENQUEUED,0.4870985113030756,questions_in
2025-10-28T23:55:52.554753,PUBLISH,12cccd5de22d426ca69cd3d35c7e353f,68f2d95bd190740cfd6a2eba,ENQUEUED,0.12959032940015788,questions_in
2025-10-28T23:55:52.819057,PUBLISH,bc462b2b70f94f68a1e770d396a7c033,68f2d95bd190740cfd6a20dd,ENQUEUED,0.2570309271323483,questions_in
2025-10-28T23:55:53.081309,PUBLISH,172bed6f9297400d9465205a653383ef,68f2d95bd190740cfd6a2287,ENQUEUED,0.2556424670915055,questions_in
2025-10-28T23:55:53.290295,PUBLISH,b44b1847e7b4481f9544e8c75d07e500,68f2d95bd190740cfd6a22fb,ENQUEUED,0.2022569019704731,questions_in
2025-10-28T23:55:53.744392,PUBLISH,16c6eea56cc24744bc3904a190fbb4b5,68f2d95bd190740cfd6a2c79,ENQUEUED,0.4513203877744535,questions_in
2025-10-28T23:55:54.101461,PUBLISH,7c9345dad48e4555a593569ad2c7990d,68f2d95bd190740cfd6a35dd,ENQUEUED,0.35077966419198614,questions_in
2025-10-28T23:55:54.409609,PUBLISH,489a1774428f4ce49adc7f44b26ec0ec,68f2d95bd190740cfd6a2abb,ENQUEUED,0.3059902583967201,questions_in
2025-10-28T23:55:54.834800,PUBLISH,11898ad2fa6845a98b228dc0f0475ef3,68f2d95bd190740cfd6a2b1d,ENQUEUED,0.4186827392074428,questions_in
2025-10-28T23:55:55.208969,PUBLISH,aca8d6f0ee974177afb63a6eee0648a9,68f2d95bd190740cfd6a26df,ENQUEUED,0.36784329075011735,questions_in
2025-10-28T23:55:55.664859,PUBLISH,53d09bd449ea4b25a68eb6c3b13f0820,68f2d95bd190740cfd6a385f,ENQUEUED,0.4488020442713937,questions_in
2025-10-28T23:55:56.143134,PUBLISH,1938a3e9b58f40e1801822414acd0dfb,68f2d95bd190740cfd6a4040,ENQUEUED,0.4714164934902231,questions_in
2025-10-28T23:55:56.465487,PUBLISH,29a9f916b1de4c5b884118a017d765bc,68f2d95bd190740cfd6a28d4,ENQUEUED,0.31570933907135545,questions_in
2025-10-28T23:55:56.879317,PUBLISH,1e3da60035f24879a7abac777ff31f60,68f2d95bd190740cfd6a26e9,ENQUEUED,0.4117794896981517,questions_in
2025-10-28T23:55:57.277039,PUBLISH,e667662d813842ce8d3d7e2ee894b790,68f2d95bd190740cfd6a2ae6,ENQUEUED,0.39061884694288607,questions_in
2025-10-28T23:55:57.511828,PUBLISH,aa026c76c0524c3db89f1eaa1a0e2a7f,68f2d95bd190740cfd6a2584,ENQUEUED,0.22829639174215188,questions_in
2025-10-28T23:55:57.743290,PUBLISH,1b13acb38d46468f84b0438b15f0acb5,68f2d95bd190740cfd6a20bc,ENQUEUED,0.225279886474575,questions_in
2025-10-28T23:55:58.060711,PUBLISH,3f1b64a071a84dceb62323b2a9bc631e,68f2d95bd190740cfd6a1f57,ENQUEUED,0.31082520767975463,questions_in
2025-10-28T23:55:58.547503,PUBLISH,cbae5c7f21f74ee98c7029bef31b57a4,68f2d95bd190740cfd6a2f80,ENQUEUED,0.4806428312029618,questions_in
2025-10-28T23:55:59.015531,PUBLISH,7ee40d2ef46849c2855ca4d208341522,68f2d95bd190740cfd6a3790,ENQUEUED,0.4614919391408806,questions_in
2025-10-28T23:55:59.396155,PUBLISH,a7b9345618ee41248134b733f5ea1f66,68f2d95bd190740cfd6a1ff3,ENQUEUED,0.3741878524964176,questions_in
2025-10-28T23:55:59.545495,PUBLISH,ea1c95d988ed4152b3dcfed896155f8a,68f2d95bd190740cfd6a3de9,ENQUEUED,0.1430805621532065,questions_in
2025-10-28T23:55:59.753681,PUBLISH,2542c2ca192c4ff490ce14bd2813b8b0,68f2d95bd190740cfd6a2011,ENQUEUED,0.20146323761181473,questions_in
2025-10-28T23:56:00.249869,PUBLISH,48ee39a54b47457ebbb4694faf62f6c0,68f2d95bd190740cfd6a3308,ENQUEUED,0.4907152765733077,questions_in
2025-10-28T23:56:00.375360,PUBLISH,3a3294021337452ba901fe5831f33090,68f2d95bd190740cfd6a2a8f,ENQUEUED,0.11828553604149424,questions_in
2025-10-28T23:56:00.689990,PUBLISH,a2f85cd775fc4fd2a4870931efba349c,68f2d95bd190740cfd6a4059,ENQUEUED,0.308153111682148,questions_in
2025-10-28T23:56:01.016797,PUBLISH,7499fe79ae454084b6fc707cf42a8158,68f2d95bd190740cfd6a3a12,ENQUEUED,0.31914270665555544,questions_in
2025-10-28T23:56:01.170088,PUBLISH,7942078ed07e490098d8ee89538205eb,68f2d95bd190740cfd6a1b48,ENQUEUED,0.1501358382401181,questions_in
2025-10-28T23:56:01.369331,PUBLISH,2183e3418b704d79b145c3370113fda4,68f2d95bd190740cfd6a4014,ENQUEUED,0.1964009831183544,questions_in
2025-10-28T23:56:01.798370,PUBLISH,97eff719e968470c8b91cccdd34bb0a3,68f2d95bd190740cfd6a4017,ENQUEUED,0.42189854408638927,questions_in
2025-10-28T23:56:02.231900,PUBLISH,9b80b746720240ac92ec0a3b7148860d,68f2d95bd190740cfd6a247b,ENQUEUED,0.4271634607494824,questions_in
2025-10-28T23:56:02.496922,PUBLISH,4448c332b8a84d0b9dcbf58100a9c956,68f2d95bd190740cfd6a1bac,ENQUEUED,0.2578795909488134,questions_in
2025-10-28T23:56:02.643878,PUBLISH,78174488e184488aafe791e69a759768,68f2d95bd190740cfd6a3e34,ENQUEUED,0.14008264809747925,questions_in
2025-10-28T23:56:02.960050,PUBLISH,780ec0b64d714a3591155ca0c18ea742,68f2d95bd190740cfd6a3c21,ENQUEUED,0.31418132361208345,questions_in
2025-10-28T23:56:03.166565,PUBLISH,8af307c2ffbb4f17bc02b20984dd1163,68f2d95bd190740cfd6a1c0b,ENQUEUED,0.1978808170299673,questions_in
2025-10-28T23:56:03.414504,PUBLISH,1e4dc3afc94848f9976d89a806036b8a,68f2d95bd190740cfd6a2c67,ENQUEUED,0.24120296585824433,questions_in
2025-10-28T23:56:03.586819,PUBLISH,9669b496e1bf461a9114174d5537276d,68f2d95bd190740cfd6a236e,ENQUEUED,0.166130314569643,questions_in
2025-10-28T23:56:03.865303,PUBLISH,cc1bdb88b6f044ffb160dfbf96712c8c,68f2d95bd190740cfd6a3eb3,ENQUEUED,0.2749817393266563,questions_in
2025-10-28T23:56:03.969927,PUBLISH,7491a8018a244169b5e6d524b0cf8f1e,68f2d95bd190740cfd6a3957,ENQUEUED,0.10246395442999932,questions_in
2025-10-28T23:56:04.425554,PUBLISH,1233a90ed1f5450fbf36ec4db288b178,68f2d95bd190740cfd6a29e0,ENQUEUED,0.4510351347564622,questions_in
2025-10-28T23:56:04.813579,PUBLISH,f92773cec9c242338a1985faa9f28898,68f2d95bd190740cfd6a2326,ENQUEUED,0.38060176859497863,questions_in
2025-10-28T23:56:04.991877,PUBLISH,b3f0eecc10ef4bdd908230cb340351d1,68f2d95bd190740cfd6a28af,ENQUEUED,0.17096165044937212,questions_in
2025-10-28T23:56:05.319927,PUBLISH,e0a2cd0d77744577a0a69aa7395c6713,68f2d95bd190740cfd6a21dc,ENQUEUED,0.32221569010386963,questions_in
2025-10-28T23:56:05.649082,PUBLISH,43fbfbd417214a7892df5224caf49c76,68f2d95bd190740cfd6a329b,ENQUEUED,0.3233087573184066,questions_in
2025-10-28T23:56:05.861866,PUBLISH,c63ebdfa80794ae38c40b515a916d2cc,68f2d95bd190740cfd6a2c10,ENQUEUED,0.2070576955740564,questions_in
2025-10-28T23:56:06.262021,PUBLISH,660fd5a904b94f1faf725925fc747c83,68f2d95bd190740cfd6a262e,ENQUEUED,0.396770797004369,questions_in
2025-10-28T23:56:06.728697,PUBLISH,9f420f6182214ce8be6f0834b171a5a0,68f2d95bd190740cfd6a1eef,ENQUEUED,0.4596599369932618,questions_in
2025-10-28T23:56:07.165065,PUBLISH,31a1a339874842daafa083c2cbdde267,68f2d95bd190740cfd6a3531,ENQUEUED,0.43139063128684896,questions_in
2025-10-28T23:56:07.364638,PUBLISH,dd69fe2f835c478e9f2a45a1ec079bc5,68f2d95bd190740cfd6a367d,ENQUEUED,0.1922202810932932,questions_in
2025-10-28T23:56:07.546887,PUBLISH,a41d052125364748853907f762c97399,68f2d95bd190740cfd6a39e0,ENQUEUED,0.1725586900828543,questions_in
2025-10-28T23:56:07.679279,PUBLISH,3e91029fd77746ef8aa7406af48ca1f9,68f2d95bd190740cfd6a35dd,ENQUEUED,0.12557020862022406,questions_in
2025-10-28T23:56:07.962206,PUBLISH,aef30c4d31554c49a3ab4f4aa39621b5,68f2d95bd190740cfd6a40d6,ENQUEUED,0.2763622576641423,questions_in
2025-10-28T23:56:08.253817,PUBLISH,1330a5c4cbe64fb081a3172911666b0c,68f2d95bd190740cfd6a2e7b,ENQUEUED,0.2837049970821979,questions_in
2025-10-28T23:56:08.699012,PUBLISH,cf81206b03f94521872be9d6b9d633df,68f2d95bd190740cfd6a3bd6,ENQUEUED,0.44067983177263215,questions_in
2025-10-28T23:56:09.154710,PUBLISH,46ebf1294752455184471ee661c4c1e6,68f2d95bd190740cfd6a41c7,ENQUEUED,0.4516045731423418,questions_in
2025-10-28T23:56:09.481126,PUBLISH,ea073d71245e474ba3377a7262587096,68f2d95bd190740cfd6a3ab1,ENQUEUED,0.3228493697414004,questions_in
2025-10-28T23:56:09.811761,PUBLISH,a9a955f163974694a75773ecafaa61a1,68f2d95bd190740cfd6a1ad9,ENQUEUED,0.3229469476563112,questions_in
2025-10-28T23:56:10.126825,PUBLISH,1ef2664a294745c7a6956b48e07bb8b4,68f2d95bd190740cfd6a2176,ENQUEUED,0.31187944303021753,questions_in
2025-10-28T23:56:10.427855,PUBLISH,76927260fad9442dbe0464ca46b212cb,68f2d95bd190740cfd6a33a0,ENQUEUED,0.29517601393970094,questions_in
2025-10-28T23:56:10.734519,PUBLISH,a6e917eec8df4ddc95db19c2dfb4d9eb,68f2d95bd190740cfd6a2dbd,ENQUEUED,0.2991115627365968,questions_in
2025-10-28T23:56:10.852308,PUBLISH,e295c7577d884e259726dced6376b516,68f2d95bd190740cfd6a2851,ENQUEUED,0.1122334911076146,questions_in
2025-10-28T23:56:11.158540,PUBLISH,7d161ce597ab45ef869918d63cc2b73b,68f2d95bd190740cfd6a1f93,ENQUEUED,0.3042279871214573,questions_in
2025-10-28T23:56:11.398144,PUBLISH,4e1c51eb861844c89407cb5b9159365b,68f2d95bd190740cfd6a3163,ENQUEUED,0.234364966600573,questions_in
2025-10-28T23:56:11.515763,PUBLISH,8cb992d9756e45ca83ae3a362f377dcd,68f2d95bd190740cfd6a1f9b,ENQUEUED,0.1123539754389415,questions_in
2025-10-28T23:56:11.906701,PUBLISH,e274d9bb62c0437aad57b9192580e6cf,68f2d95bd190740cfd6a36c5,ENQUEUED,0.3878360183216597,questions_in
2025-10-28T23:56:12.035984,PUBLISH,8a2ce905f7dd431b86b93ba81c8cc113,68f2d95bd190740cfd6a1e83,ENQUEUED,0.12259984741796265,questions_in
2025-10-28T23:56:12.259732,PUBLISH,0227e01d21d044dab2732fec949098a3,68f2d95bd190740cfd6a37b5,ENQUEUED,0.21651161586078826,questions_in
2025-10-28T23:56:12.540284,PUBLISH,0101c687aed249bc8327f6cb5c967eb1,68f2d95bd190740cfd6a3ebc,ENQUEUED,0.27642105425541597,questions_in
2025-10-28T23:56:13.007031,PUBLISH,582bf86adeef4f829616ff3ff94f5f9e,68f2d95bd190740cfd6a31f9,ENQUEUED,0.4632609969098259,questions_in
2025-10-28T23:56:13.162352,PUBLISH,eed28591e1fc439cb19c20db6c111856,68f2d95bd190740cfd6a1e79,ENQUEUED,0.14878328840011848,questions_in
2025-10-28T23:56:13.520472,PUBLISH,efd7efc21c7c47fe802de63c621aa614,68f2d95bd190740cfd6a3eee,ENQUEUED,0.35166674640874984,questions_in
2025-10-28T23:56:13.735652,PUBLISH,37a6adc383854af1a0e39b87766347bb,68f2d95bd190740cfd6a2e81,ENQUEUED,0.2080546880828679,questions_in
2025-10-28T23:56:14.101251,PUBLISH,d3f1ccc5927e438598e7aae1e380bee6,68f2d95bd190740cfd6a1f75,ENQUEUED,0.36176687159989673,questions_in
2025-10-28T23:56:14.514149,PUBLISH,ea8c100a1129400f89aba233c799571c,68f2d95bd190740cfd6a2a07,ENQUEUED,0.40794221779547546,questions_in
2025-10-28T23:56:14.639219,PUBLISH,f1aa561ae26148aa8c1ebc5cb69bd154,68f2d95bd190740cfd6a3a39,ENQUEUED,0.11960134977406467,questions_in
2025-10-28T23:56:14.950193,PUBLISH,99a3105e48b24b67b3630172281c2050,68f2d95bd190740cfd6a35b2,ENQUEUED,0.30767043121744386,questions_in
2025-10-28T23:56:15.141005,PUBLISH,7a8c439f2178434a8312b1ea3ed4211b,68f2d95bd190740cfd6a3569,ENQUEUED,0.18711397182908895,questions_in
2025-10-28T23:56:15.288598,PUBLISH,bbaf456599e14d6eb83fa962fc2fe5c6,68f2d95bd190740cfd6a1e01,ENQUEUED,0.14015544482247183,questions_in
2025-10-28T23:56:15.519233,PUBLISH,1749c4d72f7e4e259e53b7f9d8f543c0,68f2d95bd190740cfd6a337b,ENQUEUED,0.22434785337467822,questions_in
2025-10-28T23:56:15.671310,PUBLISH,4b64e9fef88e4b0a81dbea8c9f364b36,68f2d95bd190740cfd6a1ad0,ENQUEUED,0.1505388157910891,questions_in
2025-10-28T23:56:16.172363,PUBLISH,3a97d95391db4dada126a703989e0f9b,68f2d95bd190740cfd6a237d,ENQUEUED,0.4972647602532996,questions_in
2025-10-28T23:56:16.461464,PUBLISH,10986eb4aead49238c9f5228b140a18e,68f2d95bd190740cfd6a3f02,ENQUEUED,0.28254682624782773,questions_in
2025-10-28T23:56:16.701613,PUBLISH,ced6453306a44829b0bc8a8df7fb1696,68f2d95bd190740cfd6a2c92,ENQUEUED,0.23443052279056348,questions_in
2025-10-28T23:56:17.208967,PUBLISH,dbf804ba1e5a456ea98dd70efa6119be,68f2d95bd190740cfd6a2dc1,ENQUEUED,0.49924693907203965,questions_in
2025-10-28T23:56:17.482995,PUBLISH,8d4631d25e2341309d53f5f5d730ca62,68f2d95bd190740cfd6a3d29,ENQUEUED,0.2677119453902939,questions_in
2025-10-28T23:56:17.652371,PUBLISH,8b4b754fb62446978c74c6cb82b5273e,68f2d95bd190740cfd6a236a,ENQUEUED,0.16577964824600425,questions_in
2025-10-28T23:56:18.118503,PUBLISH,5d9e78adabde496691da83f5409b739d,68f2d95bd190740cfd6a3d86,ENQUEUED,0.46186709806852766,questions_in
2025-10-28T23:56:18.233583,PUBLISH,833c66cd0a94491c92aaefdb18966205,68f2d95bd190740cfd6a26e2,ENQUEUED,0.11100767049967614,questions_in
2025-10-28T23:56:18.721582,PUBLISH,179ddf60551443d689db15b60e49c0ba,68f2d95bd190740cfd6a38b5,ENQUEUED,0.48574836584135117,questions_in
2025-10-28T23:56:19.024122,PUBLISH,dfa8df00e18d47489252b8e4c24ec156,68f2d95bd190740cfd6a1f63,ENQUEUED,0.2952717057878967,questions_in
2025-10-28T23:56:19.145481,PUBLISH,477f77ff167a43cc83bbf0be1e21a3db,68f2d95bd190740cfd6a2a6e,ENQUEUED,0.11539603770559936,questions_in
2025-10-28T23:56:19.285056,PUBLISH,9694b878df7e4c38a91c8adf7f4a733f,68f2d95bd190740cfd6a3de9,ENQUEUED,0.13400497419288673,questions_in
2025-10-28T23:56:19.756359,PUBLISH,4bb209c45cd7460694539c8b2459e731,68f2d95bd190740cfd6a325f,ENQUEUED,0.4672587119771262,questions_in
2025-10-28T23:56:20.051501,PUBLISH,00c3307b48d14ca799adab8c5a14ddf6,68f2d95bd190740cfd6a3e9a,ENQUEUED,0.2875616506840247,questions_in
2025-10-28T23:56:20.308783,PUBLISH,c60fbd89612c40ee850eaad8474fb759,68f2d95bd190740cfd6a4013,ENQUEUED,0.25310376965495746,questions_in
2025-10-28T23:56:20.764887,PUBLISH,4ff2b62d9bfe43d4850cce74bd0f938c,68f2d95bd190740cfd6a351d,ENQUEUED,0.45163914714025666,questions_in
2025-10-28T23:56:20.984172,PUBLISH,ccb0a31b63d44e3a8a57d648122e650b,68f2d95bd190740cfd6a1d31,ENQUEUED,0.21577802656745393,questions_in
2025-10-28T23:56:21.251542,PUBLISH,f5c6a28ae8c34a3eafd36a5bdf5198c4,68f2d95bd190740cfd6a2d2e,ENQUEUED,0.2583381021240024,questions_in
2025-10-28T23:56:21.723564,PUBLISH,97f220f1580941f5a32f4932a5db6a6b,68f2d95bd190740cfd6a1f30,ENQUEUED,0.4685819907370502,questions_in
2025-10-28T23:56:21.962700,PUBLISH,cdac888cc63f4ee391a7085c70942c86,68f2d95bd190740cfd6a1aec,ENQUEUED,0.2304983214304501,questions_in
2025-10-28T23:56:22.295259,PUBLISH,3f0813a11865465883ae4d59186990aa,68f2d95bd190740cfd6a1f05,ENQUEUED,0.32714653581579345,questions_in
2025-10-28T23:56:22.670399,PUBLISH,defba1e4babc4decb5312d80d43774fb,68f2d95bd190740cfd6a2753,ENQUEUED,0.3730482977089542,questions_in
2025-10-28T23:56:23.079695,PUBLISH,2ece0700425e48e6bec3465d46ca9da5,68f2d95bd190740cfd6a1d61,ENQUEUED,0.4025867418879744,questions_in
2025-10-28T23:56:23.270874,PUBLISH,5c2f81c0b4c2491ab37101e5575e5617,68f2d95bd190740cfd6a3165,ENQUEUED,0.1845211791215129,questions_in
2025-10-28T23:56:23.430929,PUBLISH,2e8f7a7b98a9476ebeeea41f191cad29,68f2d95bd190740cfd6a27d6,ENQUEUED,0.15320785006220072,questions_in
2025-10-28T23:56:23.885662,PUBLISH,8707c24acfd74243a50bb160435ebfaa,68f2d95bd190740cfd6a34da,ENQUEUED,0.45047734580484133,questions_in
2025-10-28T23:56:24.359182,PUBLISH,9796d20b873943128b8f872374d4fb81,68f2d95bd190740cfd6a258e,ENQUEUED,0.46924526557035573,questions_in
2025-10-28T23:56:24.562587,PUBLISH,4756f67cace14fb3a04faa8c64c9b214,68f2d95bd190740cfd6a20f5,ENQUEUED,0.19589733436855306,questions_in
2025-10-28T23:56:24.820187,PUBLISH,e36e4769986842ca8d0a70f4fa8bad93,68f2d95bd190740cfd6a25f9,ENQUEUED,0.25595437020435563,questions_in
2025-10-28T23:56:25.151569,PUBLISH,417717e180ea45cb933151fd71d706b8,68f2d95bd190740cfd6a2de0,ENQUEUED,0.327388249990326,questions_in
2025-10-28T23:56:25.259078,PUBLISH,2cbd21bffddf438498a1863d78c97874,68f2d95bd190740cfd6a2b4d,ENQUEUED,0.10103282209237859,questions_in
2025-10-28T23:56:25.498053,PUBLISH,0512a053aae64e83ae76bda495de0e0e,68f2d95bd190740cfd6a3dbd,ENQUEUED,0.23439113139933643,questions_in
2025-10-28T23:56:25.718845,PUBLISH,f395a925df5e418f9770a2468c5a4f13,68f2d95bd190740cfd6a23ac,ENQUEUED,0.2184780445418782,questions_in
2025-10-28T23:56:25.905084,PUBLISH,ff34bd0dd61d4831866caf2a3cb13fb2,68f2d95bd190740cfd6a35b3,ENQUEUED,0.1835052089668514,questions_in
2025-10-28T23:56:26.395038,PUBLISH,933aa7afbcad46f29fd77cf7043f80f3,68f2d95bd190740cfd6a2df8,ENQUEUED,0.48488797680674256,questions_in
2025-10-28T23:56:26.632281,PUBLISH,0335e917f3c2489d96b86aff4ede96f1,68f2d95bd190740cfd6a1de7,ENQUEUED,0.23149674537456813,questions_in
2025-10-28T23:56:26.900146,PUBLISH,30f0e97be3734a16b0ed21271f92e4de,68f2d95bd190740cfd6a3998,ENQUEUED,0.26190621843563255,questions_in
2025-10-28T23:56:27.387961,PUBLISH,70c0ecae5cb34ddf872eb5e28527c6fc,68f2d95bd190740cfd6a3e96,ENQUEUED,0.48166456766623844,questions_in
2025-10-28T23:56:27.617361,PUBLISH,5076bf01877b447c8ddfaa3b5e5bcbc5,68f2d95bd190740cfd6a4193,ENQUEUED,0.22307036312828432,questions_in
2025-10-28T23:56:27.754653,PUBLISH,7955c63acc854239867516555bffe754,68f2d95bd190740cfd6a2a63,ENQUEUED,0.13523718278757713,questions_in
2025-10-28T23:56:28.015801,PUBLISH,4664e4638d1a4682984f134eaab300fd,68f2d95bd190740cfd6a2da8,ENQUEUED,0.2591701634595446,questions_in
2025-10-28T23:56:28.498273,PUBLISH,28364111d8d943f2b5f98cd4255f7a0d,68f2d95bd190740cfd6a1d1e,ENQUEUED,0.47676850278264005,questions_in
2025-10-28T23:56:28.771050,PUBLISH,b9d2d8ba70af45d8b52a109eff04ed37,68f2d95bd190740cfd6a38da,ENQUEUED,0.266729944228867,questions_in
2025-10-28T23:56:29.116213,PUBLISH,1cae25ab2aa8484887388edbf06d85bc,68f2d95bd190740cfd6a36d4,ENQUEUED,0.34087401778770965,questions_in
2025-10-28T23:56:29.366097,PUBLISH,353b6fdb3158432883c5c84ab90990b4,68f2d95bd190740cfd6a1c1e,ENQUEUED,0.2457969775001556,questions_in
2025-10-28T23:56:29.491382,PUBLISH,222eed78220140c380d1ad59a5193e50,68f2d95bd190740cfd6a2847,ENQUEUED,0.12063159565815913,questions_in
2025-10-28T23:56:29.972114,PUBLISH,06ab30c17d5b422b8915bf6bb864233e,68f2d95bd190740cfd6a323c,ENQUEUED,0.4738186077944123,questions_in
2025-10-28T23:56:30.246172,PUBLISH,bcdc26c2b3a2426782bcaa8fee9235d1,68f2d95bd190740cfd6a3a9c,ENQUEUED,0.2676989139877217,questions_in
2025-10-28T23:56:30.423415,PUBLISH,6d1cf1a351db4cde97768e70dfbd24b9,68f2d95bd190740cfd6a1d48,ENQUEUED,0.17212519622063455,questions_in
2025-10-28T23:56:30.560868,PUBLISH,1e6765951d584faf85fa9c3bc3bc45f1,68f2d95bd190740cfd6a22c5,ENQUEUED,0.13089738979174076,questions_in
2025-10-28T23:56:30.728515,PUBLISH,a1ead5cf655c484a917fc44b737968ed,68f2d95bd190740cfd6a34c5,ENQUEUED,0.16033823252738075,questions_in
2025-10-28T23:56:30.863916,PUBLISH,f6e8c94ae9ba496c8e735d13c58f9db2,68f2d95bd190740cfd6a21ce,ENQUEUED,0.1295358496779931,questions_in
2025-10-28T23:56:31.058700,PUBLISH,c98958acba8d40eca1b47440a84d6008,68f2d95bd190740cfd6a1de3,ENQUEUED,0.1900603740622361,questions_in
2025-10-28T23:56:31.223651,PUBLISH,ccb60aa69d264a9c814d8f4f0c6598d3,68f2d95bd190740cfd6a358b,ENQUEUED,0.16096960701856058,questions_in
2025-10-28T23:56:31.521075,PUBLISH,64fcae4b235a4a588ba4bdb798706ac1,68f2d95bd190740cfd6a29e5,ENQUEUED,0.29071044487632025,questions_in
2025-10-28T23:56:31.989901,PUBLISH,7c60490efd374c73ace89c8ee5f4039b,68f2d95bd190740cfd6a2fa1,ENQUEUED,0.46157268553780983,questions_in
2025-10-28T23:56:32.217575,PUBLISH,3501d78431a9459da07993c533c5423c,68f2d95bd190740cfd6a3eb7,ENQUEUED,0.221675929084689,questions_in
2025-10-28T23:56:32.712525,PUBLISH,cc17290b303040629eda9a248fec5ef8,68f2d95bd190740cfd6a3b2e,ENQUEUED,0.49164662431934236,questions_in
2025-10-28T23:56:33.084518,PUBLISH,2acce6f2a0364bb886ba0308c157d9cb,68f2d95bd190740cfd6a2db1,ENQUEUED,0.3636615921498536,questions_in
2025-10-28T23:56:33.464098,PUBLISH,27b2e36f2f0d4bf69a74eb7bbbce5b93,68f2d95bd190740cfd6a35b1,ENQUEUED,0.3768429611741241,questions_in
2025-10-28T23:56:33.688404,PUBLISH,eec572faae9c45998f2b8f4f4013eee3,68f2d95bd190740cfd6a3ef7,ENQUEUED,0.21721231075659012,questions_in
2025-10-28T23:56:34.116176,PUBLISH,cd97fa30b0e641afb8cfd023de044a79,68f2d95bd190740cfd6a3c29,ENQUEUED,0.4213531251025683,questions_in
2025-10-28T23:56:34.373600,PUBLISH,ae8b65a41ba24b91b152a9beaa7bc68c,68f2d95bd190740cfd6a3be8,ENQUEUED,0.24838346571465594,questions_in
2025-10-28T23:56:34.579427,PUBLISH,3aba5504bd2648d6bedfcbd35e7bd6d8,68f2d95bd190740cfd6a3e3d,ENQUEUED,0.20203660626432296,questions_in
2025-10-28T23:56:34.875577,PUBLISH,dcf1b8bc879f402b89d12d10a44ef678,68f2d95bd190740cfd6a365c,ENQUEUED,0.2888756834153784,questions_in
2025-10-28T23:56:35.113693,PUBLISH,6926b6933ac94bf0af151f45d6bd8eb6,68f2d95bd190740cfd6a3bf9,ENQUEUED,0.23116809514854114,questions_in
2025-10-28T23:56:35.298829,PUBLISH,0f783a645ed84ca9955dc436aa1b85f7,68f2d95bd190740cfd6a2b77,ENQUEUED,0.17718218271833353,questions_in
2025-10-28T23:56:35.658408,PUBLISH,0e2ca1fe6ed744a08003adafbcdac760,68f2d95bd190740cfd6a25a4,ENQUEUED,0.3537297554383485,questions_in
2025-10-28T23:56:36.014815,PUBLISH,956aff78dd814989aa24cd3a17406696,68f2d95bd190740cfd6a30aa,ENQUEUED,0.3514277056443079,questions_in
2025-10-28T23:56:36.277397,PUBLISH,908efb99a61f44cca81e49013876a9cf,68f2d95bd190740cfd6a3d81,ENQUEUED,0.25445988549655457,questions_in
2025-10-28T23:56:36.631315,PUBLISH,d84edb65bec9421f9c854e4eed4edb5d,68f2d95bd190740cfd6a26f8,ENQUEUED,0.3477900881334516,questions_in
2025-10-28T23:56:36.992984,PUBLISH,ec25c9575f7a4a2882077be4992116bb,68f2d95bd190740cfd6a3817,ENQUEUED,0.35755024526526225,questions_in
2025-10-28T23:56:37.497863,PUBLISH,d18cdb2e7f44430189b407e6181f3d16,68f2d95bd190740cfd6a329f,ENQUEUED,0.4964740862636601,questions_in
2025-10-28T23:56:37.618727,PUBLISH,7ac77b2d7ab1499ba1cd4a9d3c31e493,68f2d95bd190740cfd6a3757,ENQUEUED,0.11347160543383868,questions_in
2025-10-28T23:56:37.946652,PUBLISH,77d101f98a324201a55a6f37cd8f768e,68f2d95bd190740cfd6a3274,ENQUEUED,0.3216432843440199,questions_in
2025-10-28T23:56:38.116958,PUBLISH,e63febf6506241a681a9f72e081ef1ac,68f2d95bd190740cfd6a39d0,ENQUEUED,0.1639946262165759,questions_in
2025-10-28T23:56:38.401344,PUBLISH,a05bcd67892b4d4d98fb8fbceab22fd4,68f2d95bd190740cfd6a278e,ENQUEUED,0.2787693074573109,questions_in
2025-10-28T23:56:38.864413,PUBLISH,17baa9dee6394459a5c2710b9886d47c,68f2d95bd190740cfd6a3304,ENQUEUED,0.4612985680803545,questions_in
2025-10-28T23:56:39.080469,PUBLISH,988c045f0c1d42ebb583dcd74552f764,68f2d95bd190740cfd6a210b,ENQUEUED,0.21373657948044059,questions_in
2025-10-28T23:56:39.558043,PUBLISH,bb8110e67cb44876b34a961715fd274c,68f2d95bd190740cfd6a35bd,ENQUEUED,0.4677249517997497,questions_in
2025-10-28T23:56:39.858561,PUBLISH,853672fcb3bf473c920738647fb80a00,68f2d95bd190740cfd6a3098,ENQUEUED,0.29517651937103084,questions_in
2025-10-28T23:56:40.291492,PUBLISH,2540c743d033437faab7360e88bf27dd,68f2d95bd190740cfd6a40ec,ENQUEUED,0.42931795582625976,questions_in
2025-10-28T23:56:40.718588,PUBLISH,daa06ae95595417f88857905bfc479c4,68f2d95bd190740cfd6a3f23,ENQUEUED,0.424745473365297,questions_in
2025-10-28T23:56:40.846296,PUBLISH,0950dd38cb5c4ca6b68229398bfcc066,68f2d95bd190740cfd6a30ed,ENQUEUED,0.1216654645560912,questions_in
2025-10-28T23:56:41.231871,PUBLISH,e1b91182728b4c0eaf745d26c1f59206,68f2d95bd190740cfd6a1c08,ENQUEUED,0.3797542490853275,questions_in
2025-10-28T23:56:41.495353,PUBLISH,779d33e0ad3d45ac9a4642fb7723572d,68f2d95bd190740cfd6a4168,ENQUEUED,0.25615613549212934,questions_in
2025-10-28T23:56:41.776058,PUBLISH,db43c87aa2fc49b9a6317b8c07a7dc07,68f2d95bd190740cfd6a2b7b,ENQUEUED,0.27214443591242765,questions_in
2025-10-28T23:56:41.911214,PUBLISH,f1b24a019121455dbcc33ce658077dc8,68f2d95bd190740cfd6a3b5a,ENQUEUED,0.12954136937955973,questions_in
2025-10-28T23:56:42.049480,PUBLISH,170f81f83b454698940bf29644dedc3b,68f2d95bd190740cfd6a1b63,ENQUEUED,0.13492170654167404,questions_in
2025-10-28T23:56:42.401851,PUBLISH,0d236415e25f446f817cb0035a5ac804,68f2d95bd190740cfd6a24cb,ENQUEUED,0.3458310585161469,questions_in
2025-10-28T23:56:42.659370,PUBLISH,fa175363ef2446249ae2b6accfefe552,68f2d95bd190740cfd6a2ff5,ENQUEUED,0.2546579022580532,questions_in
2025-10-28T23:56:42.956753,PUBLISH,b4f7abf51bc847dfbb97785e6bfc212b,68f2d95bd190740cfd6a2d2f,ENQUEUED,0.2910053546665208,questions_in
2025-10-28T23:56:43.328224,PUBLISH,a83ea037ac1d4868bcd9bb02124aeb7e,68f2d95bd190740cfd6a3699,ENQUEUED,0.3682343368892357,questions_in
2025-10-28T23:56:43.650185,PUBLISH,377633d9bb8241869a2ebe8bb53383d4,68f2d95bd190740cfd6a1d55,ENQUEUED,0.3158068245611484,questions_in
2025-10-28T23:56:43.836701,PUBLISH,7fa884d8b04040198800e277105aa5d1,68f2d95bd190740cfd6a4155,ENQUEUED,0.17887440268603338,questions_in
2025-10-28T23:56:44.072445,PUBLISH,cb594dbe13dd40caa13aac23958c2a3c,68f2d95bd190740cfd6a35d8,ENQUEUED,0.23196688599484575,questions_in
2025-10-28T23:56:44.471657,PUBLISH,a418547c0167459c9894e11744702cc5,68f2d95bd190740cfd6a355e,ENQUEUED,0.39207364618354523,questions_in
2025-10-28T23:56:44.858271,PUBLISH,b4614775c62f4e30bdb0b41fb21966ee,68f2d95bd190740cfd6a37d2,ENQUEUED,0.3784385468463446,questions_in
2025-10-28T23:56:45.034198,PUBLISH,be79ab955b77454e9d1fb55be5c2a323,68f2d95bd190740cfd6a3e44,ENQUEUED,0.16978307532465264,questions_in
2025-10-28T23:56:45.164978,PUBLISH,19528675190a47098f1a778bac77fcfe,68f2d95bd190740cfd6a3f87,ENQUEUED,0.12891948786507756,questions_in
2025-10-28T23:56:45.357499,PUBLISH,c6bb5db92b5e4bcab3b9b04f65bd8bc8,68f2d95bd190740cfd6a41be,ENQUEUED,0.18544241005111362,questions_in
2025-10-28T23:56:45.852204,PUBLISH,20b1784dc4f7484fa552b009b24fba30,68f2d95bd190740cfd6a2ce3,ENQUEUED,0.4928888942250753,questions_in
2025-10-28T23:56:46.057937,PUBLISH,ae0bc5c6b73c4aefbacb8dcc7df9187f,68f2d95bd190740cfd6a3e31,ENQUEUED,0.20205978484347195,questions_in
2025-10-28T23:56:46.291073,PUBLISH,1722fe788b2e4dbda92dd02352a2ac34,68f2d95bd190740cfd6a26ce,ENQUEUED,0.2259764727447552,questions_in
2025-10-28T23:56:46.511277,PUBLISH,cb902efdcb254b12ae5d70581654d89f,68f2d95bd190740cfd6a1e56,ENQUEUED,0.21817378117842312,questions_in
2025-10-28T23:56:46.825837,PUBLISH,5492f3aea79b4427a1a0308683cf5855,68f2d95bd190740cfd6a28d1,ENQUEUED,0.3098311119973719,questions_in
2025-10-28T23:56:47.147788,PUBLISH,fc5ce5ddf7354a5b8a682eea2e90a947,68f2d95bd190740cfd6a2906,ENQUEUED,0.314556577052728,questions_in
2025-10-28T23:56:47.596874,PUBLISH,d31fbe715309427ab5422c4652a7b659,68f2d95bd190740cfd6a24bb,ENQUEUED,0.44206073766076215,questions_in
2025-10-28T23:56:47.894387,PUBLISH,ed0a64bacba64f4988382ba899734f63,68f2d95bd190740cfd6a419c,ENQUEUED,0.29523711867708446,questions_in
2025-10-28T23:56:48.021915,PUBLISH,ae49cde4b82a42bb83f01b167eefdfa9,68f2d95bd190740cfd6a3a10,ENQUEUED,0.12430459032666663,questions_in
2025-10-28T23:56:48.429141,PUBLISH,6862316d90a14011aa210f9437d97407,68f2d95bd190740cfd6a2027,ENQUEUED,0.4041596255464238,questions_in
2025-10-28T23:56:48.724553,PUBLISH,40177974806f42dc8b35c7993c380eda,68f2d95bd190740cfd6a1e35,ENQUEUED,0.29068616181683127,questions_in
2025-10-28T23:56:48.888428,PUBLISH,1d057a93596f4840bd79825ee34ca9be,68f2d95bd190740cfd6a2fac,ENQUEUED,0.16122410441179477,questions_in
2025-10-28T23:56:49.181408,PUBLISH,0e3b6936c58e4e44825bfd0d8e1c5fce,68f2d95bd190740cfd6a2a6f,ENQUEUED,0.290697142675439,questions_in
2025-10-28T23:56:49.413120,PUBLISH,d58441a2fd9a4205990497845989034e,68f2d95bd190740cfd6a3f17,ENQUEUED,0.22912059860275963,questions_in
2025-10-28T23:56:49.684315,PUBLISH,ca1a6f0a14c849128ca48052625364dc,68f2d95bd190740cfd6a26e7,ENQUEUED,0.2684806618097264,questions_in
2025-10-28T23:56:49.877284,PUBLISH,0d52ecb9aa674acb9b38c8958caa6c24,68f2d95bd190740cfd6a39aa,ENQUEUED,0.19079780463301615,questions_in
2025-10-28T23:56:50.259869,PUBLISH,044f9900830849f7a80aa234c203217d,68f2d95bd190740cfd6a388b,ENQUEUED,0.37878276550665857,questions_in
2025-10-28T23:56:50.578440,PUBLISH,48f910724d7a466a8684da2e7f420dea,68f2d95bd190740cfd6a2bb4,ENQUEUED,0.3164885557445339,questions_in
2025-10-28T23:56:50.822756,PUBLISH,cbde9f9d93d841c6a25dd42a275fd46d,68f2d95bd190740cfd6a27a3,ENQUEUED,0.24052749670011353,questions_in
2025-10-28T23:56:51.079059,PUBLISH,867958ede8bf4257a1e68c878acc47a8,68f2d95bd190740cfd6a29a0,ENQUEUED,0.25390527628644755,questions_in
2025-10-28T23:56:51.553955,PUBLISH,9f20c0f83f7f43fe86dcd82717a129ed,68f2d95bd190740cfd6a2a05,ENQUEUED,0.4711591045774156,questions_in
2025-10-28T23:56:51.792422,PUBLISH,e917429064894f4d8f4d9326c2b485a5,68f2d95bd190740cfd6a3130,ENQUEUED,0.2366166329981686,questions_in
2025-10-28T23:56:52.232217,PUBLISH,8db7ef6b01d144e798c3e52959a3fcaa,68f2d95bd190740cfd6a22ca,ENQUEUED,0.43761763194585923,questions_in
2025-10-28T23:56:52.612081,PUBLISH,2e22ecaa073b4056968515383f171383,68f2d95bd190740cfd6a2132,ENQUEUED,0.37343911369102833,questions_in
2025-10-28T23:56:53.066201,PUBLISH,070a1a3c12fc478cb7fea780d3a64b2c,68f2d95bd190740cfd6a2fe2,ENQUEUED,0.4517807300562927,questions_in
2025-10-28T23:56:53.186805,PUBLISH,d9337f342fa241769dcaa7f212554811,68f2d95bd190740cfd6a2c05,ENQUEUED,0.11818555667282227,questions_in
2025-10-28T23:56:53.513182,PUBLISH,fc929f04299444f3a8da9ed9f6805617,68f2d95bd190740cfd6a35e3,ENQUEUED,0.3243091228965729,questions_in
2025-10-28T23:56:53.915928,PUBLISH,bfbc5947e00b4e5cab1596f2928964b5,68f2d95bd190740cfd6a26f6,ENQUEUED,0.39669334038826976,questions_in
2025-10-28T23:56:54.361856,PUBLISH,26000d3f66ac4e2c8ff88439d6e9002f,68f2d95bd190740cfd6a2a2d,ENQUEUED,0.44352775086695917,questions_in
2025-10-28T23:56:54.654685,PUBLISH,5b859646ac28424abdfbb2724a022c90,68f2d95bd190740cfd6a2510,ENQUEUED,0.2890510096583666,questions_in
2025-10-28T23:56:54.811891,PUBLISH,7c21b923863447628876cdd7e98b3033,68f2d95bd190740cfd6a20b5,ENQUEUED,0.15540664671576893,questions_in
2025-10-28T23:56:55.091683,PUBLISH,273367c903994a2fbc290039123de129,68f2d95bd190740cfd6a28fe,ENQUEUED,0.2750827093440952,questions_in
2025-10-28T23:56:55.342101,PUBLISH,123ec28299a743f5950eeeb95623a7ae,68f2d95bd190740cfd6a1f8e,ENQUEUED,0.24436607668558713,questions_in
2025-10-28T23:56:55.464992,PUBLISH,f38fcfeda50c4891bf5ee94416655265,68f2d95bd190740cfd6a33e5,ENQUEUED,0.11994832245190788,questions_in
2025-10-28T23:56:55.588730,PUBLISH,edc49a8c13104ae1bdfb70e985b92432,68f2d95bd190740cfd6a3bf1,ENQUEUED,0.11828592759156722,questions_in
2025-10-28T23:56:56.003432,PUBLISH,4f80669097db4d32a9a3ba28f5114934,68f2d95bd190740cfd6a2f41,ENQUEUED,0.40830598815123087,questions_in
2025-10-28T23:56:56.306239,PUBLISH,1882c8fba3de410e875855f23e308c69,68f2d95bd190740cfd6a31c7,ENQUEUED,0.2971929461342649,questions_in
2025-10-28T23:56:56.458797,PUBLISH,4b28d45bbeb14e07ba87419b1370bde4,68f2d95bd190740cfd6a40f2,ENQUEUED,0.14930308657137403,questions_in
2025-10-28T23:56:56.849375,PUBLISH,a4bd5b3387904e4dbab029ad60beac78,68f2d95bd190740cfd6a2022,ENQUEUED,0.388137645771351,questions_in
2025-10-28T23:56:57.352609,PUBLISH,89f4442f9e944e1e80953661d226a7cf,68f2d95bd190740cfd6a21bd,ENQUEUED,0.4998735824532369,questions_in
2025-10-28T23:56:57.559257,PUBLISH,feaf024625544b3881af2a979608ea15,68f2d95bd190740cfd6a375e,ENQUEUED,0.202262613668862,questions_in
2025-10-28T23:56:58.058405,PUBLISH,34c03a2d9b9543f4954e2603c7569887,68f2d95bd190740cfd6a4028,ENQUEUED,0.49626610182726427,questions_in
2025-10-28T23:56:58.474004,PUBLISH,9d6df2605745426692b1567ba0bb3d44,68f2d95bd190740cfd6a3b00,ENQUEUED,0.40999631027271866,questions_in
2025-10-28T23:56:58.675520,PUBLISH,616f6ca025a647438c0acc9f4ede4135,68f2d95bd190740cfd6a2c31,ENQUEUED,0.19835060545638755,questions_in
2025-10-28T23:56:58.960850,PUBLISH,f75debdfb7074969865c80ee895f035b,68f2d95bd190740cfd6a232f,ENQUEUED,0.2829544460221719,questions_in
2025-10-28T23:56:59.447580,PUBLISH,a1189680016444a2b7e02d9d180289c1,68f2d95bd190740cfd6a3bce,ENQUEUED,0.4847360489531026,questions_in
2025-10-28T23:56:59.623614,PUBLISH,531d73eaa3c54316a6dc172bd32350ee,68f2d95bd190740cfd6a210b,ENQUEUED,0.1722984115117026,questions_in
2025-10-28T23:56:59.917407,PUBLISH,9daf9f1b24ee4371afeeac9e3bb3ca74,68f2d95bd190740cfd6a379d,ENQUEUED,0.29028600592584,questions_in
2025-10-28T23:57:00.022527,PUBLISH,cc12763eed494fe48b686cf0a1b8c81f,68f2d95bd190740cfd6a2685,ENQUEUED,0.10275774968638372,questions_in
2025-10-28T23:57:00.511508,PUBLISH,3ee19ad79b1b4502a7caf794dbd1376b,68f2d95bd190740cfd6a24a8,ENQUEUED,0.4869196863194033,questions_in
2025-10-28T23:57:00.969931,PUBLISH,d79469329df24af391dd9dd4f69a5a72,68f2d95bd190740cfd6a1eaf,ENQUEUED,0.4556029842457372,questions_in
2025-10-28T23:57:01.101005,PUBLISH,7e11ef43ce9342c0b767b84d1cec9ade,68f2d95bd190740cfd6a338b,ENQUEUED,0.12915825222307992,questions_in
2025-10-28T23:57:01.438663,PUBLISH,f1370eaf562242428de3d2824b19cb61,68f2d95bd190740cfd6a407d,ENQUEUED,0.3311762704499055,questions_in
2025-10-28T23:57:01.718953,PUBLISH,bfee41cec79948d08c1ac921d1b8d9cb,68f2d95bd190740cfd6a3970,ENQUEUED,0.27562510688888586,questions_in
2025-10-28T23:57:02.141722,PUBLISH,5f6cae3bb5804861b2103dad9b1e696c,68f2d95bd190740cfd6a3ae3,ENQUEUED,0.41729889439045154,questions_in
2025-10-28T23:57:02.320102,PUBLISH,40dc38b515ed4ab5a233250523940ce0,68f2d95bd190740cfd6a3a5c,ENQUEUED,0.17352069228425787,questions_in
2025-10-28T23:57:02.639736,PUBLISH,8044275d5241419bb850ce5cf44b3586,68f2d95bd190740cfd6a1c17,ENQUEUED,0.316945553186058,questions_in
2025-10-28T23:57:02.813607,PUBLISH,b3106c4699d7412e92e021e745e2cd51,68f2d95bd190740cfd6a2a2d,ENQUEUED,0.1719054755220666,questions_in
2025-10-28T23:57:02.933602,PUBLISH,e8c7efa2ce204e6ca8412e2739063c35,68f2d95bd190740cfd6a1f04,ENQUEUED,0.11810015883476477,questions_in
2025-10-28T23:57:03.363969,PUBLISH,f77f636f70b24362a8418df9b347907d,68f2d95bd190740cfd6a1b16,ENQUEUED,0.42808932803353206,questions_in
2025-10-28T23:57:03.537830,PUBLISH,b74fcc93ca7f4f84bd60ecbd090a297e,68f2d95bd190740cfd6a3bd8,ENQUEUED,0.17203970321774864,questions_in
2025-10-28T23:57:03.745592,PUBLISH,6d73b18073f64e598186bef2f0036fca,68f2d95bd190740cfd6a251c,ENQUEUED,0.20211852035860442,questions_in
2025-10-28T23:57:04.147295,PUBLISH,2e90d943cce445ed92b073495f4dfbd4,68f2d95bd190740cfd6a384b,ENQUEUED,0.3993202956479388,questions_in
2025-10-28T23:57:04.365861,PUBLISH,272a6bce7e744505b558fe944841376f,68f2d95bd190740cfd6a4091,ENQUEUED,0.21272876815667907,questions_in
2025-10-28T23:57:04.475495,PUBLISH,eeb7709827de483ea04f9ccefb1fa432,68f2d95bd190740cfd6a4171,ENQUEUED,0.10576102402051712,questions_in
2025-10-28T23:57:04.766662,PUBLISH,e2eb5d1b1be4494d9b7b6a14a884b6e1,68f2d95bd190740cfd6a38f8,ENQUEUED,0.2865063499802648,questions_in
2025-10-28T23:57:04.886342,PUBLISH,13721f89c11741b286fd08ccca0977d4,68f2d95bd190740cfd6a26c0,ENQUEUED,0.11613415073953126,questions_in
2025-10-28T23:57:05.341029,PUBLISH,4c0e49fb02a34792aea842e31996152f,68f2d95bd190740cfd6a2786,ENQUEUED,0.45225157693323925,questions_in
2025-10-28T23:57:05.747436,PUBLISH,3a227797a3c5402fa234a6cdf7c44877,68f2d95bd190740cfd6a292d,ENQUEUED,0.4022073213941313,questions_in
2025-10-28T23:57:06.100401,PUBLISH,b1ba10179691430386c2062a1db7f8c9,68f2d95bd190740cfd6a2417,ENQUEUED,0.3476033139909115,questions_in
2025-10-28T23:57:06.253913,PUBLISH,8174c27c34ab447ba8c3583f8b04ce9b,68f2d95bd190740cfd6a3dc6,ENQUEUED,0.14793241051222267,questions_in
2025-10-28T23:57:06.571386,PUBLISH,1fc0a3c766e84fd98dc56e9c014f9561,68f2d95bd190740cfd6a2079,ENQUEUED,0.31364279072932966,questions_in
2025-10-28T23:57:06.802169,PUBLISH,b37076e31f6d4558a1e25550f20bcc76,68f2d95bd190740cfd6a277e,ENQUEUED,0.2267594153962655,questions_in
2025-10-28T23:57:07.144513,PUBLISH,652866ce2ea147dfb0facbaafd071c31,68f2d95bd190740cfd6a2ce4,ENQUEUED,0.3403105070266783,questions_in
2025-10-28T23:57:07.631486,PUBLISH,373242a435df49ff8ddf9b89f32fff3e,68f2d95bd190740cfd6a34fa,ENQUEUED,0.4830082773966081,questions_in
2025-10-28T23:57:07.889332,PUBLISH,f7340b3a4cfa4d8ba5680c557d6ff361,68f2d95bd190740cfd6a3a50,ENQUEUED,0.25536864131693987,questions_in
2025-10-28T23:57:08.147025,PUBLISH,7cd3a531ba6e46ee871b6f8a6904c1e4,68f2d95bd190740cfd6a26f0,ENQUEUED,0.2556198557243232,questions_in
2025-10-28T23:57:08.573667,PUBLISH,871ecea00257443fb89d5c1be064b9b8,68f2d95bd190740cfd6a3e6a,ENQUEUED,0.42396144687049486,questions_in
2025-10-28T23:57:08.748639,PUBLISH,b36406aa57d347118efd1e6f0d5239da,68f2d95bd190740cfd6a3085,ENQUEUED,0.17161758965452834,questions_in
2025-10-28T23:57:09.240336,PUBLISH,40b9402f7f644057a0924f1c04187b75,68f2d95bd190740cfd6a2d7e,ENQUEUED,0.48990489654989733,questions_in
2025-10-28T23:57:09.685519,PUBLISH,eee796f5be80413f809e1f873c428582,68f2d95bd190740cfd6a3127,ENQUEUED,0.44283073426395325,questions_in
2025-10-28T23:57:09.916403,PUBLISH,b643c68924fe4d0e852c86b629cdfc71,68f2d95bd190740cfd6a2bff,ENQUEUED,0.2267816545432448,questions_in
2025-10-28T23:57:10.324846,PUBLISH,77231bd9be1049b4bcec07344fd7c044,68f2d95bd190740cfd6a255e,ENQUEUED,0.40598788006718156,questions_in
2025-10-28T23:57:10.668855,PUBLISH,71ce117f75a042db9b69f012f7bb7466,68f2d95bd190740cfd6a3740,ENQUEUED,0.34051332692094155,questions_in
2025-10-28T23:57:11.130567,PUBLISH,d13b3e3df5054bc99e6cc5075bb228a2,68f2d95bd190740cfd6a2fed,ENQUEUED,0.4585587740575604,questions_in
2025-10-28T23:57:11.247712,PUBLISH,07c65211151d4f88bd7b4230aa5ddfda,68f2d95bd190740cfd6a21d8,ENQUEUED,0.11543757495439869,questions_in
2025-10-28T23:57:11.444389,PUBLISH,3c15a04b23cf43c0b988b73e33273311,68f2d95bd190740cfd6a38dd,ENQUEUED,0.19493057608489217,questions_in
2025-10-28T23:57:11.842419,PUBLISH,83bbc70964c34ef6be4f37082b528798,68f2d95bd190740cfd6a2692,ENQUEUED,0.39582724025474636,questions_in
2025-10-28T23:57:12.217190,PUBLISH,21d274be522b4a8c816a4fdc5d62d3d1,68f2d95bd190740cfd6a3f97,ENQUEUED,0.36948278219257713,questions_in
2025-10-28T23:57:12.362205,PUBLISH,a90ee632c24844738a8b0101fa25410e,68f2d95bd190740cfd6a37cb,ENQUEUED,0.14248226325529895,questions_in
2025-10-28T23:57:12.818964,PUBLISH,548c6868940d4329aea10e060a61c1a6,68f2d95bd190740cfd6a2bfc,ENQUEUED,0.453581915622866,questions_in
2025-10-28T23:57:13.065892,PUBLISH,cb98fb7c5d294fe5bd0b3a351514b2bb,68f2d95bd190740cfd6a1e89,ENQUEUED,0.24046271876186565,questions_in
2025-10-28T23:57:13.316375,PUBLISH,83aadc38788c4a5998b54ce488b5c8b6,68f2d95bd190740cfd6a38aa,ENQUEUED,0.2476072975623755,questions_in
2025-10-28T23:57:13.778368,PUBLISH,9a6778bb813449dc8c6d633897889fc0,68f2d95bd190740cfd6a2119,ENQUEUED,0.45542208629796777,questions_in
2025-10-28T23:57:14.224009,PUBLISH,54a7358b3f1a44409a1ddb3d6a81afc0,68f2d95bd190740cfd6a4197,ENQUEUED,0.4426850392953179,questions_in
2025-10-28T23:57:14.467902,PUBLISH,874d4fbecb82419387fff47992b1149e,68f2d95bd190740cfd6a21db,ENQUEUED,0.24180801019842957,questions_in
2025-10-28T23:57:14.612375,PUBLISH,a299081f7d714629a52c7a8203b11bcf,68f2d95bd190740cfd6a266e,ENQUEUED,0.1407479022886629,questions_in
2025-10-28T23:57:14.921814,PUBLISH,aa3a4ffe2ae74956bf77e825e6b65e50,68f2d95bd190740cfd6a21ce,ENQUEUED,0.3074675504810618,questions_in
2025-10-28T23:57:15.098073,PUBLISH,63c0db30d2ae4a81bfa2dec3d6702f52,68f2d95bd190740cfd6a33e4,ENQUEUED,0.17321919178454004,questions_in
2025-10-28T23:57:15.391345,PUBLISH,1f2639a66bf048d48316911d97ab0ab5,68f2d95bd190740cfd6a2394,ENQUEUED,0.29137658723144744,questions_in
2025-10-28T23:57:15.673183,PUBLISH,8f9e687c333a4057a7c6b12d11f602f7,68f2d95bd190740cfd6a1c9d,ENQUEUED,0.2791850669197792,questions_in
2025-10-28T23:57:15.998885,PUBLISH,d8b02b5afdbb4277bc951ae8eb170e34,68f2d95bd190740cfd6a3920,ENQUEUED,0.3182429639157532,questions_in
2025-10-28T23:57:16.167575,PUBLISH,95849df42ad340a996e8f082a523af25,68f2d95bd190740cfd6a371c,ENQUEUED,0.1663438650194914,questions_in
2025-10-28T23:57:16.462700,PUBLISH,636489eb23b04de786f85e89ddadc21e,68f2d95bd190740cfd6a343e,ENQUEUED,0.29141651181788025,questions_in
2025-10-28T23:57:16.948106,PUBLISH,8eb31395300742edb5d5b374740571c2,68f2d95bd190740cfd6a3a84,ENQUEUED,0.4821841264809761,questions_in
2025-10-28T23:57:17.160799,PUBLISH,bcdbc216533f44a5bd894213205d39ae,68f2d95bd190740cfd6a2671,ENQUEUED,0.2064339579588567,questions_in
2025-10-28T23:57:17.598237,PUBLISH,f7ac6c401b25460c946de93f2b625c70,68f2d95bd190740cfd6a38a8,ENQUEUED,0.43444994530663494,questions_in
2025-10-28T23:57:17.737069,PUBLISH,b1afa77799e84cafa22dfd7148599f48,68f2d95bd190740cfd6a307d,ENQUEUED,0.1265124320743266,questions_in
2025-10-28T23:57:17.850367,PUBLISH,ae4cb561722f46dbbe7738a0d07fa4b9,68f2d95bd190740cfd6a1cbc,ENQUEUED,0.1107932908206668,questions_in
2025-10-28T23:57:18.167575,PUBLISH,dbd21b3fe8144f1d942a1ff896972730,68f2d95bd190740cfd6a2620,ENQUEUED,0.31519183686819185,questions_in
2025-10-28T23:57:18.650344,PUBLISH,c30f38b791a6493486ce37b813cec2c3,68f2d95bd190740cfd6a36ef,ENQUEUED,0.48004184766653424,questions_in
2025-10-28T23:57:18.780097,PUBLISH,1dbd7c27ca2e4effa4c47a00a0e9c676,68f2d95bd190740cfd6a3302,ENQUEUED,0.12653212908871023,questions_in
2025-10-28T23:57:19.228800,PUBLISH,5638aa1d4b2d48dd87bc9d9d12b8f6c4,68f2d95bd190740cfd6a27ef,ENQUEUED,0.4462130240637837,questions_in
2025-10-28T23:57:19.503420,PUBLISH,d7d310943a454213a04918d03fe26481,68f2d95bd190740cfd6a1c80,ENQUEUED,0.2715363976352608,questions_in
2025-10-28T23:57:19.741042,PUBLISH,c3611e35034c417e8ea4d4b2f250899d,68f2d95bd190740cfd6a1ea2,ENQUEUED,0.23544689603054947,questions_in
2025-10-28T23:57:20.062216,PUBLISH,4226d86b7e2f437388a59071b9b36511,68f2d95bd190740cfd6a327b,ENQUEUED,0.3187357257966331,questions_in
2025-10-28T23:57:20.201716,PUBLISH,51edb60104e54b9f8fddd67c26de1b64,68f2d95bd190740cfd6a2e14,ENQUEUED,0.13515255227372253,questions_in
2025-10-28T23:57:20.532433,PUBLISH,b00d28ca525941518f9e9abe0e36a96d,68f2d95bd190740cfd6a307d,ENQUEUED,0.3288404517814043,questions_in
2025-10-28T23:57:21.023054,PUBLISH,4d9c0c0663b546dbb7256aba53554739,68f2d95bd190740cfd6a3091,ENQUEUED,0.4884131854843323,questions_in
2025-10-28T23:57:21.183550,PUBLISH,6d6b3d803ad24dbea4dfe892c06c76b7,68f2d95bd190740cfd6a1f9f,ENQUEUED,0.15859012131617953,questions_in
2025-10-28T23:57:21.507721,PUBLISH,ab964b99530848f3bcf8f288aa813009,68f2d95bd190740cfd6a2534,ENQUEUED,0.3219685886853623,questions_in
2025-10-28T23:57:21.767013,PUBLISH,589d5f32a7bf48f5b8b39e7cb6bce2f4,68f2d95bd190740cfd6a2623,ENQUEUED,0.24898197576423678,questions_in
2025-10-28T23:57:22.081522,PUBLISH,6f903f93d0c14d5b86373b85a2d11d5c,68f2d95bd190740cfd6a219a,ENQUEUED,0.3112223857435886,questions_in
2025-10-28T23:57:22.259674,PUBLISH,b2cd52e3fad849e094c54f320e42454e,68f2d95bd190740cfd6a3eea,ENQUEUED,0.1760779643335559,questions_in
2025-10-28T23:57:22.688499,PUBLISH,ce8fa0f64d214b4c8c6a7cbef73026ec,68f2d95bd190740cfd6a2adf,ENQUEUED,0.4237033437077088,questions_in
2025-10-28T23:57:23.047767,PUBLISH,678e86feac1b44e4ae0e70485157cfc6,68f2d95bd190740cfd6a3407,ENQUEUED,0.35598094148075254,questions_in
2025-10-28T23:57:23.281662,PUBLISH,3cc00de173e248c9af887b6c0cd9f008,68f2d95bd190740cfd6a2178,ENQUEUED,0.2309518703830376,questions_in
2025-10-28T23:57:23.402111,PUBLISH,224b8a963219499aa58d10487b336988,68f2d95bd190740cfd6a2bfa,ENQUEUED,0.11768606430483369,questions_in
2025-10-28T23:57:23.822804,PUBLISH,7d25030425704f4da0dbb7b9e96f0f7f,68f2d95bd190740cfd6a3405,ENQUEUED,0.418417653453377,questions_in
2025-10-28T23:57:24.312820,PUBLISH,af73332981f1437f928f08b1363f66c3,68f2d95bd190740cfd6a3c5b,ENQUEUED,0.4863605773227483,questions_in
2025-10-28T23:57:24.482804,PUBLISH,64298a7ef7a347ecbd29be0a3b29dd8d,68f2d95bd190740cfd6a3f56,ENQUEUED,0.16746520798735115,questions_in
2025-10-28T23:57:24.654264,PUBLISH,299c7e22edbe4b19908f19de1c296d94,68f2d95bd190740cfd6a2dbf,ENQUEUED,0.1661349838519,questions_in
2025-10-28T23:57:25.017918,PUBLISH,0773c6cf22d140928bfbaca7422298e9,68f2d95bd190740cfd6a3dac,ENQUEUED,0.36055629931866917,questions_in
2025-10-28T23:57:25.148648,PUBLISH,5264a3b864994958b7ad2c1c5c8f9bd0,68f2d95bd190740cfd6a343b,ENQUEUED,0.12809639815276147,questions_in
2025-10-28T23:57:25.562877,PUBLISH,abd79c7c0a9c4e63a986c059d5d4fec0,68f2d95bd190740cfd6a2308,ENQUEUED,0.4105535476519472,questions_in
2025-10-28T23:57:25.989883,PUBLISH,86176702db1d49d7bfd0e9482ed4dc4f,68f2d95bd190740cfd6a3d86,ENQUEUED,0.42441829259614816,questions_in
2025-10-28T23:57:26.343458,PUBLISH,2e2fe2a727604144857fbb93fe7a934c,68f2d95bd190740cfd6a31ca,ENQUEUED,0.35129401354085166,questions_in
2025-10-28T23:57:26.710030,PUBLISH,87cbce34af3f4a15bb713f71f95e834b,68f2d95bd190740cfd6a3f80,ENQUEUED,0.36447995038276804,questions_in
2025-10-28T23:57:27.133104,PUBLISH,8c0a565452a84e31b8e94d87e9bc9760,68f2d95bd190740cfd6a2a75,ENQUEUED,0.4204560963246602,questions_in
2025-10-28T23:57:27.285937,PUBLISH,87bdbaa6160f4ea59a77a01d6c1aef16,68f2d95bd190740cfd6a31ce,ENQUEUED,0.14613477153703394,questions_in
2025-10-28T23:57:27.567914,PUBLISH,4bf393ed97d4450a8998b3527432fe80,68f2d95bd190740cfd6a2254,ENQUEUED,0.27379240149278017,questions_in
2025-10-28T23:57:27.681350,PUBLISH,1a263f8a6aa84d778ab47a1c6049d619,68f2d95bd190740cfd6a40b4,ENQUEUED,0.1025043648094679,questions_in
2025-10-28T23:57:27.959718,PUBLISH,107c3bcf3a224af18a4c9e61f4523dff,68f2d95bd190740cfd6a2ba8,ENQUEUED,0.2738065045826726,questions_in
2025-10-28T23:57:28.162820,PUBLISH,3ab8dcb842b74151b0a776996d19be4f,68f2d95bd190740cfd6a1e5c,ENQUEUED,0.19882835420384737,questions_in
2025-10-28T23:57:28.449523,PUBLISH,c7af9e32520b47ffa062b76bc9ffbeba,68f2d95bd190740cfd6a30f8,ENQUEUED,0.2832504390194762,questions_in
2025-10-28T23:57:28.752177,PUBLISH,fb03d82f873746c98591968d66d75502,68f2d95bd190740cfd6a360d,ENQUEUED,0.2989465738579552,questions_in
2025-10-28T23:57:29.184419,PUBLISH,3ac08058ec81451c8ae1f386bcc427f3,68f2d95bd190740cfd6a2c3c,ENQUEUED,0.42901092365680604,questions_in
2025-10-28T23:57:29.637260,PUBLISH,c48c597ffc8f4ae4860838e26aab56ac,68f2d95bd190740cfd6a4165,ENQUEUED,0.45021423970185104,questions_in
2025-10-28T23:57:29.927745,PUBLISH,bf48e3d3b0d84160af895ff930cdfe6b,68f2d95bd190740cfd6a3b67,ENQUEUED,0.2860978407587029,questions_in
2025-10-28T23:57:30.433904,PUBLISH,10440108bf4f4d91b01fc12b4d0051d5,68f2d95bd190740cfd6a27a9,ENQUEUED,0.49740637909093943,questions_in
2025-10-28T23:57:30.801442,PUBLISH,2e778381822241c0b3a207878f97cf0a,68f2d95bd190740cfd6a3f6c,ENQUEUED,0.36267465973697155,questions_in
2025-10-28T23:57:30.983259,PUBLISH,0d5df2ecd0a34226af64d741fca0f2df,68f2d95bd190740cfd6a411a,ENQUEUED,0.17891584298157395,questions_in
2025-10-28T23:57:31.342045,PUBLISH,2a735918064447e2abaef17593ea6c95,68f2d95bd190740cfd6a36b8,ENQUEUED,0.3559562350647485,questions_in
2025-10-28T23:57:31.789309,PUBLISH,788c5f043f95463fa77d603ebe39376c,68f2d95bd190740cfd6a33a1,ENQUEUED,0.4435695147935409,questions_in
2025-10-28T23:57:32.082274,PUBLISH,5da3d8dd2c0e405297a7189f34fd4bc2,68f2d95bd190740cfd6a295d,ENQUEUED,0.27346857057402785,questions_in
2025-10-28T23:57:32.331130,PUBLISH,494bd53e97b54df8b5dacfae399473bb,68f2d95bd190740cfd6a29b1,ENQUEUED,0.2399337358851196,questions_in
2025-10-28T23:57:32.724948,PUBLISH,73b69cb1922649bf80bc4220d88788fb,68f2d95bd190740cfd6a3940,ENQUEUED,0.3891461520469739,questions_in
2025-10-28T23:57:32.941333,PUBLISH,2a2d4cfcff1a4a7a85cda206110412bc,68f2d95bd190740cfd6a3ef4,ENQUEUED,0.21317078224463815,questions_in
2025-10-28T23:57:33.055954,PUBLISH,7cb74e3d93cb44688e4fe7a1bcf7ad58,68f2d95bd190740cfd6a2376,ENQUEUED,0.11146146468700069,questions_in
2025-10-28T23:57:33.523458,PUBLISH,5239898449c74c479be76203cf8ac5ec,68f2d95bd190740cfd6a1b8a,ENQUEUED,0.46531215427045536,questions_in
2025-10-28T23:57:33.663711,PUBLISH,e8aaf72c184849e3a9017c7e19b9288b,68f2d95bd190740cfd6a3c19,ENQUEUED,0.13762257655154908,questions_in
2025-10-28T23:57:34.148550,PUBLISH,04882d5eb5054f0fb5d35ada2b386886,68f2d95bd190740cfd6a2796,ENQUEUED,0.4809310899668112,questions_in
2025-10-28T23:57:34.647254,PUBLISH,b41766579a064c309f96be3a7fd72c92,68f2d95bd190740cfd6a1da3,ENQUEUED,0.4903342324928567,questions_in
2025-10-28T23:57:34.835990,PUBLISH,091dcf1952ee4012b456e21a49c5e069,68f2d95bd190740cfd6a34b0,ENQUEUED,0.18657995485929768,questions_in
2025-10-28T23:57:35.118059,PUBLISH,3d067d46216041a88e9a1c219b50b589,68f2d95bd190740cfd6a25c9,ENQUEUED,0.27859356096865123,questions_in
2025-10-28T23:57:35.616267,PUBLISH,aca912a221b047e7b02082ab73ad6df4,68f2d95bd190740cfd6a4168,ENQUEUED,0.48980691654657393,questions_in
2025-10-28T23:57:35.979827,PUBLISH,7d215ce4743b41988e0444ca9bcb2137,68f2d95bd190740cfd6a2c66,ENQUEUED,0.35838752444324473,questions_in
2025-10-28T23:57:36.462672,PUBLISH,c841ba554b194dd3afa7978f38f016f6,68f2d95bd190740cfd6a2561,ENQUEUED,0.47635501023024174,questions_in
2025-10-28T23:57:36.665184,PUBLISH,32898cdf86e043ed83ae0410072f3a26,68f2d95bd190740cfd6a3259,ENQUEUED,0.19960757599616163,questions_in
2025-10-28T23:57:37.011887,PUBLISH,e1fe795d8f8f40248058e2eb20da1741,68f2d95bd190740cfd6a3756,ENQUEUED,0.3440137184703858,questions_in
2025-10-28T23:57:37.250998,PUBLISH,a879eab4b0a242a99fa01c6e616aac3d,68f2d95bd190740cfd6a3360,ENQUEUED,0.22759992468770843,questions_in
2025-10-28T23:57:37.585180,PUBLISH,33e29cbd2aa54e99ab82ce9a12c66ad9,68f2d95bd190740cfd6a1b4f,ENQUEUED,0.3304403035924035,questions_in
2025-10-28T23:57:37.694535,PUBLISH,c1bd56519f3d47eaa4d8d7e2565ddd55,68f2d95bd190740cfd6a1d7a,ENQUEUED,0.10249546652335245,questions_in
2025-10-28T23:57:37.898518,PUBLISH,a488803718ed4c578e86a20dd4ec282e,68f2d95bd190740cfd6a252f,ENQUEUED,0.200393861389916,questions_in
2025-10-28T23:57:38.351324,PUBLISH,5b057274ef2140dca8d8ce535d0e5703,68f2d95bd190740cfd6a3dfb,ENQUEUED,0.44974066313549244,questions_in
2025-10-28T23:57:38.605763,PUBLISH,becef8ba4f034b4e9d2335bc0aca03a6,68f2d95bd190740cfd6a2eec,ENQUEUED,0.2504893540070954,questions_in
2025-10-28T23:57:39.085980,PUBLISH,c542cd58c9e94a28a193605341607551,68f2d95bd190740cfd6a3a10,ENQUEUED,0.47713119085654865,questions_in
2025-10-28T23:57:39.509963,PUBLISH,e9041ec522534f51906b9d451fc6057a,68f2d95bd190740cfd6a38c9,ENQUEUED,0.4179742260882632,questions_in
2025-10-28T23:57:39.853006,PUBLISH,d0200e1c180f4fba9ac02c797f5f15b5,68f2d95bd190740cfd6a25bb,ENQUEUED,0.339612749245867,questions_in
2025-10-28T23:57:40.059359,PUBLISH,c01fa6728e384d018de35536a7d37cfa,68f2d95bd190740cfd6a2607,ENQUEUED,0.2018258659308937,questions_in
2025-10-28T23:57:40.476632,PUBLISH,026fa99296a745028fc024838951d6fc,68f2d95bd190740cfd6a40c8,ENQUEUED,0.412466513048693,questions_in
2025-10-28T23:57:40.850948,PUBLISH,3744a853f38f46939f5108abb84be23b,68f2d95bd190740cfd6a25bc,ENQUEUED,0.36685336134778224,questions_in
2025-10-28T23:57:41.088043,PUBLISH,553035161e944e09b31cd0a3720a460a,68f2d95bd190740cfd6a22e8,ENQUEUED,0.23370321041738015,questions_in
2025-10-28T23:57:41.230520,PUBLISH,19b2a6a70a9245709395b0cde00b3ae1,68f2d95bd190740cfd6a2468,ENQUEUED,0.1389144687953392,questions_in
2025-10-28T23:57:41.550599,PUBLISH,93bb7232b37c47bb94ea7ce5640a115b,68f2d95bd190740cfd6a2315,ENQUEUED,0.3111254214435528,questions_in
2025-10-28T23:57:41.704294,PUBLISH,66cb06d93c7a471cb3b5f1147b78962d,68f2d95bd190740cfd6a2d1f,ENQUEUED,0.15151414427959128,questions_in
2025-10-28T23:57:42.136103,PUBLISH,e1e312e0772c428fa09063f2ce755514,68f2d95bd190740cfd6a33f5,ENQUEUED,0.4297375110878052,questions_in
2025-10-28T23:57:42.556945,PUBLISH,5730e9acce3e46909cc060afa119d344,68f2d95bd190740cfd6a2955,ENQUEUED,0.41303829879061216,questions_in
2025-10-28T23:57:42.948884,PUBLISH,816735cfe09f43fe8327de63a4a7e19f,68f2d95bd190740cfd6a24b9,ENQUEUED,0.38290920696100283,questions_in
2025-10-28T23:57:43.349010,PUBLISH,93858826412d4b5ba8c8cd6b437cf5f9,68f2d95bd190740cfd6a21d0,ENQUEUED,0.3954020836745945,questions_in
2025-10-28T23:57:43.543247,PUBLISH,9392d065e24a4196984cf3549c6a687f,68f2d95bd190740cfd6a2f98,ENQUEUED,0.19006675529995642,questions_in
2025-10-28T23:57:43.947943,PUBLISH,5dcfb395ca834effab5c9c931c8cf14c,68f2d95bd190740cfd6a2128,ENQUEUED,0.40192991893357266,questions_in
2025-10-28T23:57:44.411293,PUBLISH,adf9dd98d11f4f6f87e03ed8ef5fdcad,68f2d95bd190740cfd6a2df7,ENQUEUED,0.46076882949899345,questions_in
2025-10-28T23:57:44.639856,PUBLISH,d6281ea1e9f1431c90a94c3a576a93a4,68f2d95bd190740cfd6a3309,ENQUEUED,0.22657985372834832,questions_in
2025-10-28T23:57:44.978302,PUBLISH,df39c4d7011f41dfba1dfa4ab9a5c610,68f2d95bd190740cfd6a261b,ENQUEUED,0.33117859178695724,questions_in
2025-10-28T23:57:45.199753,PUBLISH,2de644831b2b41aa966567376293516c,68f2d95bd190740cfd6a4013,ENQUEUED,0.21872047776423226,questions_in
2025-10-28T23:57:45.649262,PUBLISH,0fda8eba40764e2796b3697dff18a47e,68f2d95bd190740cfd6a2dc0,ENQUEUED,0.4469983717778886,questions_in
2025-10-28T23:57:45.810120,PUBLISH,ab4039d7e0734f39890e10c26450ce88,68f2d95bd190740cfd6a1e64,ENQUEUED,0.15677205671311523,questions_in
2025-10-28T23:57:46.018890,PUBLISH,63c61be8405845e180b6055300997701,68f2d95bd190740cfd6a3bbf,ENQUEUED,0.2012955098234596,questions_in
2025-10-28T23:57:46.371237,PUBLISH,3b001c71b6e049dfae70618b026f7d04,68f2d95bd190740cfd6a2e50,ENQUEUED,0.34947436768553475,questions_in
2025-10-28T23:57:46.636827,PUBLISH,9f3837ec3acf494880bcfede031ea52d,68f2d95bd190740cfd6a38f8,ENQUEUED,0.2628749059303104,questions_in
2025-10-28T23:57:46.945797,PUBLISH,c99a2d088f564cb78dacf6dd7e68990c,68f2d95bd190740cfd6a39c8,ENQUEUED,0.3041962488271444,questions_in
2025-10-28T23:57:47.295928,PUBLISH,7892076c4c85467ab6c24adfcfd8a47c,68f2d95bd190740cfd6a3f23,ENQUEUED,0.3448820822351285,questions_in
2025-10-28T23:57:47.461559,PUBLISH,753803107ff0488fb4a26a9d607d0daa,68f2d95bd190740cfd6a2f48,ENQUEUED,0.16152849318973803,questions_in
2025-10-28T23:57:47.810589,PUBLISH,df3c1dda664945f39634f5e43e62c067,68f2d95bd190740cfd6a395e,ENQUEUED,0.3468497561020948,questions_in
2025-10-28T23:57:48.082868,PUBLISH,47bc88921b4b4c25b0a4b2f552b70883,68f2d95bd190740cfd6a202e,ENQUEUED,0.2685611412673269,questions_in
2025-10-28T23:57:48.392249,PUBLISH,5fa76779255b4012935456f14f6e09f2,68f2d95bd190740cfd6a252f,ENQUEUED,0.306046722724011,questions_in
2025-10-28T23:57:48.521586,PUBLISH,3a161d185ac945cc9165d61caf6b8ac7,68f2d95bd190740cfd6a2ced,ENQUEUED,0.1245227372410366,questions_in
2025-10-28T23:57:48.966311,PUBLISH,39e54629511b40a199cc2445507784c8,68f2d95bd190740cfd6a3707,ENQUEUED,0.4401327519467837,questions_in
2025-10-28T23:57:49.279783,PUBLISH,eaf05ac0f8e24c4d896a3d66b7442540,68f2d95bd190740cfd6a29ef,ENQUEUED,0.30702220986843,questions_in
2025-10-28T23:57:49.759175,PUBLISH,4a2bce62e88e482a99cc6796eecc74af,68f2d95bd190740cfd6a366e,ENQUEUED,0.47606575335489054,questions_in
2025-10-28T23:57:50.236145,PUBLISH,885c5d10ad3c42b29d41396760b21654,68f2d95bd190740cfd6a28ae,ENQUEUED,0.4638304739502487,questions_in
2025-10-28T23:57:50.394236,PUBLISH,dab30c99c0994a9db74fdf74b302a6c3,68f2d95bd190740cfd6a2697,ENQUEUED,0.15194582695655676,questions_in
2025-10-28T23:57:50.527305,PUBLISH,96da8b7974ff4e44848305c413adcebb,68f2d95bd190740cfd6a3180,ENQUEUED,0.12560658097776156,questions_in
2025-10-28T23:57:50.675025,PUBLISH,195b8273b424460297ca174167072526,68f2d95bd190740cfd6a2d74,ENQUEUED,0.14002887834382516,questions_in
2025-10-28T23:57:50.962075,PUBLISH,7f9940c4c42b4a47b0a30e19a5103c9a,68f2d95bd190740cfd6a3675,ENQUEUED,0.2842549702753743,questions_in
2025-10-28T23:57:51.159843,PUBLISH,47320427563a4fb3986d4313f97a2c51,68f2d95bd190740cfd6a3321,ENQUEUED,0.19211881252703933,questions_in
2025-10-28T23:57:51.440867,PUBLISH,9a02471fbfaf434180438e686bbaaa14,68f2d95bd190740cfd6a3367,ENQUEUED,0.27698417290809274,questions_in
2025-10-28T23:57:51.929089,PUBLISH,f6ae4aa3558f42bd9a30869a7a29be4f,68f2d95bd190740cfd6a2800,ENQUEUED,0.48446681478100406,questions_in
2025-10-28T23:57:52.211338,PUBLISH,064a95b4bc144cc093a6b4f3a6f46667,68f2d95bd190740cfd6a3f49,ENQUEUED,0.27991471710892896,questions_in
2025-10-28T23:57:52.461414,PUBLISH,ed6b04db5ee14258a9b50353b92ee632,68f2d95bd190740cfd6a3d97,ENQUEUED,0.24623494952580988,questions_in
2025-10-28T23:57:52.763145,PUBLISH,00da958d9a2548809a04af9ec6967ea8,68f2d95bd190740cfd6a2c93,ENQUEUED,0.29829883356549214,questions_in
2025-10-28T23:57:52.925606,PUBLISH,cfc0a85688a241c9ad52fe319aab60d1,68f2d95bd190740cfd6a2bfe,ENQUEUED,0.1577203454850009,questions_in
2025-10-28T23:57:53.191865,PUBLISH,023900f5733942ccba47dd59da884ddb,68f2d95bd190740cfd6a2b76,ENQUEUED,0.26048089173291894,questions_in
2025-10-28T23:57:53.491871,PUBLISH,6bb73009caf2460c8dc2ac9d60874dc1,68f2d95bd190740cfd6a1b45,ENQUEUED,0.2967878990398166,questions_in
2025-10-28T23:57:53.642734,PUBLISH,0ccb0bb2517c4500abb62cd4ce4f0a20,68f2d95bd190740cfd6a4001,ENQUEUED,0.14580569363678617,questions_in
2025-10-28T23:57:53.947422,PUBLISH,0b8f6e43c06c4656a417a59697751598,68f2d95bd190740cfd6a289f,ENQUEUED,0.30179301939624575,questions_in
2025-10-28T23:57:54.181243,PUBLISH,0ad11f6df24e4cbb9136bd9c91524af7,68f2d95bd190740cfd6a2e8a,ENQUEUED,0.2317220893511972,questions_in
2025-10-28T23:57:54.580958,PUBLISH,34f4187afb1b4a9888976fda998a0a32,68f2d95bd190740cfd6a3f2f,ENQUEUED,0.3949090685040866,questions_in
2025-10-28T23:57:54.978229,PUBLISH,5bc50dbb365748bab86a72f164d64a3f,68f2d95bd190740cfd6a40b7,ENQUEUED,0.39146845451631485,questions_in
2025-10-28T23:57:55.199574,PUBLISH,feebfa4adb63459c8459f5c93e49de96,68f2d95bd190740cfd6a3ebb,ENQUEUED,0.21411050337741613,questions_in
2025-10-28T23:57:55.467878,PUBLISH,cfa9af73ff0f422785356a086492abc0,68f2d95bd190740cfd6a2d85,ENQUEUED,0.2655890831356986,questions_in
2025-10-28T23:57:55.654713,PUBLISH,214e151fb6534dc6b07333adba494674,68f2d95bd190740cfd6a2f42,ENQUEUED,0.17517242676701167,questions_in
2025-10-28T23:57:56.144447,PUBLISH,b9205ec5bcd74ec0ad2c537b08b1890f,68f2d95bd190740cfd6a24f0,ENQUEUED,0.487245462835005,questions_in
2025-10-28T23:57:56.522819,PUBLISH,da21445665c345dab60a27ff68a7e46e,68f2d95bd190740cfd6a2831,ENQUEUED,0.37129604841146824,questions_in
2025-10-28T23:57:56.700120,PUBLISH,287db492acdc4a2a93998bbd147c59a6,68f2d95bd190740cfd6a1d3d,ENQUEUED,0.17503056918802692,questions_in
2025-10-28T23:57:57.083563,PUBLISH,99f8f478dba749c18aa2482526a5871c,68f2d95bd190740cfd6a1e98,ENQUEUED,0.37880682395769916,questions_in
2025-10-28T23:57:57.493676,PUBLISH,a73aa9d0a47b40d1bce84d3909f03266,68f2d95bd190740cfd6a3e40,ENQUEUED,0.40766511859531085,questions_in
2025-10-28T23:57:57.665966,PUBLISH,e16f6934366b4b9e88060c5de7c3342f,68f2d95bd190740cfd6a2efc,ENQUEUED,0.1694967691445687,questions_in
2025-10-28T23:57:57.910294,PUBLISH,d78c2c370be941e39c82a37fcc3a913d,68f2d95bd190740cfd6a2294,ENQUEUED,0.24245830082080003,questions_in
2025-10-28T23:57:58.245237,PUBLISH,70bb660e648e447bbc24562f0f858687,68f2d95bd190740cfd6a3991,ENQUEUED,0.33254269046066365,questions_in
2025-10-28T23:57:58.511823,PUBLISH,96912e15a67f413c9b15cdeac8ec1471,68f2d95bd190740cfd6a3850,ENQUEUED,0.26427468263589526,questions_in
2025-10-28T23:57:58.689171,PUBLISH,bd88172638ba4d519667c3517f782906,68f2d95bd190740cfd6a3c1a,ENQUEUED,0.17400779458448212,questions_in
2025-10-28T23:57:58.898839,PUBLISH,cd609f655bf84e3e9afb76e814cc13a5,68f2d95bd190740cfd6a2500,ENQUEUED,0.2066887815143261,questions_in
2025-10-28T23:57:59.304142,PUBLISH,edaba0d7d8d440a8ae9be373958e625d,68f2d95bd190740cfd6a348c,ENQUEUED,0.39892161491852574,questions_in
2025-10-28T23:57:59.445208,PUBLISH,e126499922c64ca1a30d45dbd99d2663,68f2d95bd190740cfd6a1b7b,ENQUEUED,0.13820200674235528,questions_in
2025-10-28T23:57:59.929338,PUBLISH,69aadf48075a4b348489040c2b50ed6f,68f2d95bd190740cfd6a1f9d,ENQUEUED,0.4816674311065997,questions_in
2025-10-28T23:58:00.261263,PUBLISH,63893514441c44a68ddf3258b6de8a56,68f2d95bd190740cfd6a32d1,ENQUEUED,0.32950963545293777,questions_in
2025-10-28T23:58:00.567088,PUBLISH,6d4e73cd34f846e089813f31ab3bf3ac,68f2d95bd190740cfd6a3d79,ENQUEUED,0.3040554696227363,questions_in
2025-10-28T23:58:00.841170,PUBLISH,3708149292ca4ed7a0089d924f86e765,68f2d95bd190740cfd6a3f89,ENQUEUED,0.26979388787351943,questions_in
2025-10-28T23:58:01.059045,PUBLISH,04f4cce13fad4bdebb1bd50985b6e667,68f2d95bd190740cfd6a2627,ENQUEUED,0.21288897105181645,questions_in
2025-10-28T23:58:01.385736,PUBLISH,a19b1c6ca49b4553930f903adb2e49c6,68f2d95bd190740cfd6a3c82,ENQUEUED,0.32340871660892523,questions_in
2025-10-28T23:58:01.674496,PUBLISH,47a2187a868a45bcbf547faef44ef10f,68f2d95bd190740cfd6a2c52,ENQUEUED,0.2862018100799546,questions_in
2025-10-28T23:58:01.906364,PUBLISH,c3f8d5a286f34d0ba1fa56d37999d04f,68f2d95bd190740cfd6a2133,ENQUEUED,0.22789865626784533,questions_in
2025-10-28T23:58:02.249632,PUBLISH,e7b99ff24f814a359743e66ae51a0462,68f2d95bd190740cfd6a364e,ENQUEUED,0.3405325774416286,questions_in
2025-10-28T23:58:02.691471,PUBLISH,ccfaea63363247c894d40235b667636d,68f2d95bd190740cfd6a3eb0,ENQUEUED,0.43662148175873383,questions_in
2025-10-28T23:58:03.078712,PUBLISH,c608e8c9c69d40f7b00c64044e0b1c2d,68f2d95bd190740cfd6a3e47,ENQUEUED,0.3850538694988377,questions_in
2025-10-28T23:58:03.372495,PUBLISH,735a47d3e3174fb79bfb80139c4a4af5,68f2d95bd190740cfd6a3948,ENQUEUED,0.28946917095844904,questions_in
2025-10-28T23:58:03.843581,PUBLISH,cf45e1bcb03e49c7824563fea0b3cf95,68f2d95bd190740cfd6a1dd8,ENQUEUED,0.4684110274572659,questions_in
2025-10-28T23:58:04.208061,PUBLISH,51cbbb783fbf4df48da0c4013c5de6a6,68f2d95bd190740cfd6a3e0e,ENQUEUED,0.36234697951931627,questions_in
2025-10-28T23:58:04.699139,PUBLISH,a5af67ece4d14574872f32929aaecfba,68f2d95bd190740cfd6a3e3f,ENQUEUED,0.48836955576977503,questions_in
2025-10-28T23:58:05.179367,PUBLISH,d63638e733184d509846437b2c73aa56,68f2d95bd190740cfd6a3cd5,ENQUEUED,0.4782701937088174,questions_in
2025-10-28T23:58:05.388969,PUBLISH,0f5a1d5c50c04b3b8a39c616fb8eb374,68f2d95bd190740cfd6a344e,ENQUEUED,0.20177902715320292,questions_in
2025-10-28T23:58:05.666327,PUBLISH,e5a9020df467407caff6508d8bdc9afa,68f2d95bd190740cfd6a2688,ENQUEUED,0.2673145360917394,questions_in
2025-10-28T23:58:05.791456,PUBLISH,95c5e6ba917f465b9b5f36af7bcd4cdf,68f2d95bd190740cfd6a41b4,ENQUEUED,0.12321501443849897,questions_in
2025-10-28T23:58:06.198097,PUBLISH,3140199307d7433ba3f82ff3b5353f66,68f2d95bd190740cfd6a3886,ENQUEUED,0.4042862683427847,questions_in
2025-10-28T23:58:06.311424,PUBLISH,81c148cbb7fe4cdb982f32e7f90c9563,68f2d95bd190740cfd6a3ae5,ENQUEUED,0.11115548099041744,questions_in
2025-10-28T23:58:06.517102,PUBLISH,0aa8a5fbb45c4cbdab090084050eaee5,68f2d95bd190740cfd6a355f,ENQUEUED,0.19923611753690904,questions_in
2025-10-28T23:58:06.796644,PUBLISH,73b886e84770489bad7741cd70375159,68f2d95bd190740cfd6a2e16,ENQUEUED,0.27723415626698367,questions_in
2025-10-28T23:58:07.287445,PUBLISH,f0493e1cf1c44bf1a9ddc9a666854823,68f2d95bd190740cfd6a3ea1,ENQUEUED,0.4856976698769583,questions_in
2025-10-28T23:58:07.425907,PUBLISH,c63abc1be6c144dcb451ea20f6d2e65c,68f2d95bd190740cfd6a1ff4,ENQUEUED,0.13636097686020268,questions_in
2025-10-28T23:58:07.843042,PUBLISH,e9a7e734cf0b48029242e6918cef24cb,68f2d95bd190740cfd6a3421,ENQUEUED,0.40894373649886595,questions_in
2025-10-28T23:58:08.300652,PUBLISH,6a9cad6791394aad89ba614928020eea,68f2d95bd190740cfd6a208c,ENQUEUED,0.45545224329678835,questions_in
2025-10-28T23:58:08.723564,PUBLISH,ee79d9281b54423399a80219806a6d74,68f2d95bd190740cfd6a1d94,ENQUEUED,0.42055923053773026,questions_in
2025-10-28T23:58:08.873007,PUBLISH,9e00945904ed46fc8866f061384a8e1d,68f2d95bd190740cfd6a382c,ENQUEUED,0.14504885353126143,questions_in
2025-10-28T23:58:09.239535,PUBLISH,5d3b2182e6db4be4b6e378a0c319ced7,68f2d95bd190740cfd6a2442,ENQUEUED,0.36103803635115406,questions_in
2025-10-28T23:58:09.596709,PUBLISH,89e4f61227d2486991a464f4a77b72a3,68f2d95bd190740cfd6a2bfa,ENQUEUED,0.3540339296159537,questions_in
2025-10-28T23:58:10.098358,PUBLISH,2776f9ec593c4422940df0375e0763ef,68f2d95bd190740cfd6a1c74,ENQUEUED,0.4982574185404125,questions_in
2025-10-28T23:58:10.244077,PUBLISH,1872cbdf54624e03857e69e44bfc22b8,68f2d95bd190740cfd6a30d8,ENQUEUED,0.14339182440077433,questions_in
2025-10-28T23:58:10.671944,PUBLISH,2f2c3d7b71e94ef7be3daa543f4bf1c7,68f2d95bd190740cfd6a28e4,ENQUEUED,0.4244257356824219,questions_in
2025-10-28T23:58:10.958508,PUBLISH,0b3aaf96d70f41ac83985be1c21247ed,68f2d95bd190740cfd6a3810,ENQUEUED,0.283895232060573,questions_in
2025-10-28T23:58:11.280630,PUBLISH,a72ed68610f44e73b8d2ca54c7010dae,68f2d95bd190740cfd6a3b52,ENQUEUED,0.31988219627811365,questions_in
2025-10-28T23:58:11.492010,PUBLISH,ceafdcae70aa48dcbef2c7190911a060,68f2d95bd190740cfd6a1e5d,ENQUEUED,0.20929730080052278,questions_in
2025-10-28T23:58:11.690860,PUBLISH,55bfad962bc54b838092db71efee7711,68f2d95bd190740cfd6a3a44,ENQUEUED,0.19480894866796514,questions_in
2025-10-28T23:58:12.041594,PUBLISH,57f41344f189443ca901fad5508f9f2b,68f2d95bd190740cfd6a2ce8,ENQUEUED,0.3485696739393792,questions_in
2025-10-28T23:58:12.324767,PUBLISH,54a838ebf2d84e9091831d720cf5400f,68f2d95bd190740cfd6a2449,ENQUEUED,0.2796312195694513,questions_in
2025-10-28T23:58:12.488475,PUBLISH,3537cd3d112c4fbfb54ba53fd43dfd36,68f2d95bd190740cfd6a2ca6,ENQUEUED,0.16083967496293883,questions_in
2025-10-28T23:58:12.673127,PUBLISH,3f971aadd9d841c7b3ff13f5fecaae37,68f2d95bd190740cfd6a32d9,ENQUEUED,0.18088266417244153,questions_in
2025-10-28T23:58:12.846250,PUBLISH,31094298e26e439da96cbf17309d6a05,68f2d95bd190740cfd6a3b5c,ENQUEUED,0.17004716821297344,questions_in
2025-10-28T23:58:13.211311,PUBLISH,ae3525ceba7940979cd77ca41cf5bc5e,68f2d95bd190740cfd6a26b4,ENQUEUED,0.36329961276026923,questions_in
2025-10-28T23:58:13.580975,PUBLISH,9d18bf35a46044f18a2aa06cd0aac85e,68f2d95bd190740cfd6a3072,ENQUEUED,0.36366319680974357,questions_in
2025-10-28T23:58:13.772559,PUBLISH,4c34604dabc141d1b03182b353a24f70,68f2d95bd190740cfd6a2f81,ENQUEUED,0.18606312535421654,questions_in
2025-10-28T23:58:14.164768,PUBLISH,4c319c266ba24a46b5688337d34c9b07,68f2d95bd190740cfd6a274f,ENQUEUED,0.38951789841454365,questions_in
2025-10-28T23:58:14.279950,PUBLISH,9b66b4d8a0724fe0b17419404e5625d8,68f2d95bd190740cfd6a3913,ENQUEUED,0.10940173561903938,questions_in
2025-10-28T23:58:14.772333,PUBLISH,8ec3e82453554d78a677b3b26321607c,68f2d95bd190740cfd6a2e32,ENQUEUED,0.49004117528632374,questions_in
2025-10-28T23:58:15.200694,PUBLISH,e113027e362244f98347744484b895f1,68f2d95bd190740cfd6a2dca,ENQUEUED,0.42587498324311834,questions_in
2025-10-28T23:58:15.587956,PUBLISH,56ba7b8b8b3e4e35a3347e9c0e3f319a,68f2d95bd190740cfd6a3544,ENQUEUED,0.3851086173808078,questions_in
2025-10-28T23:58:16.080521,PUBLISH,a69171d1750f47c3bdd561814ac2de6b,68f2d95bd190740cfd6a406d,ENQUEUED,0.4893040615684766,questions_in
2025-10-28T23:58:16.315395,PUBLISH,78e731f07cef4e68bb5c529cea94ec45,68f2d95bd190740cfd6a3220,ENQUEUED,0.23170077673642792,questions_in
2025-10-28T23:58:16.811642,PUBLISH,ea4657e083614bafa1ec0f43e27bc717,68f2d95bd190740cfd6a3b4f,ENQUEUED,0.48893679445383975,questions_in
2025-10-28T23:58:17.047342,PUBLISH,02b9b372fcfd4d3585bc49f5a3127748,68f2d95bd190740cfd6a3234,ENQUEUED,0.23313037369309828,questions_in
2025-10-28T23:58:17.314938,PUBLISH,29c6042fa4e8474aa1a2effe99424459,68f2d95bd190740cfd6a286d,ENQUEUED,0.2651427033504856,questions_in
2025-10-28T23:58:17.579366,PUBLISH,6aeafad58f674084b6c78c98fb2b9783,68f2d95bd190740cfd6a1ade,ENQUEUED,0.2593516494253876,questions_in
2025-10-28T23:58:17.854262,PUBLISH,a80c63c9624848d49bdaa520c2824715,68f2d95bd190740cfd6a3f7e,ENQUEUED,0.27083907147137626,questions_in
2025-10-28T23:58:18.309416,PUBLISH,c98dc3504cad45fe89ac198876359974,68f2d95bd190740cfd6a37a2,ENQUEUED,0.44769921632148446,questions_in
2025-10-28T23:58:18.480117,PUBLISH,42fef64a88f341759e99c26ac87b738e,68f2d95bd190740cfd6a1e4b,ENQUEUED,0.16858264316273278,questions_in
2025-10-28T23:58:18.893355,PUBLISH,e977ef02777f47fcab7af58f885af4d4,68f2d95bd190740cfd6a2257,ENQUEUED,0.41079914156659947,questions_in
2025-10-28T23:58:19.310820,PUBLISH,120a8f74179844c490ea4224a9284105,68f2d95bd190740cfd6a4017,ENQUEUED,0.4145284062826795,questions_in
2025-10-28T23:58:19.525861,PUBLISH,815cc4c117ea4541ba73c1dad667ad07,68f2d95bd190740cfd6a2c2b,ENQUEUED,0.21230112763624331,questions_in
2025-10-28T23:58:19.727548,PUBLISH,2e9fbed0e4374200a75911a1462a3790,68f2d95bd190740cfd6a2ba2,ENQUEUED,0.19964165617272067,questions_in
2025-10-28T23:58:20.145488,PUBLISH,8fac0b05a0304178ae1aaf4bd432378e,68f2d95bd190740cfd6a2686,ENQUEUED,0.4155377547056579,questions_in
2025-10-28T23:58:20.578724,PUBLISH,35936eabce214288b6ed4793222219e1,68f2d95bd190740cfd6a3562,ENQUEUED,0.43019424449468,questions_in
2025-10-28T23:58:20.892251,PUBLISH,87f80b6ec2be43bc9ebe7d9f7f24de0d,68f2d95bd190740cfd6a1be3,ENQUEUED,0.31141712781817177,questions_in
2025-10-28T23:58:21.081341,PUBLISH,68ed986136fa4fd3a16b3283832b82b6,68f2d95bd190740cfd6a2cbd,ENQUEUED,0.18520247241770332,questions_in
2025-10-28T23:58:21.424950,PUBLISH,a3909159432d4fa286e6093aa48fe79b,68f2d95bd190740cfd6a1e65,ENQUEUED,0.3396669605098924,questions_in
2025-10-28T23:58:21.781707,PUBLISH,5ee6cc1c70cb4ab8bdd0765199540bd3,68f2d95bd190740cfd6a3c2f,ENQUEUED,0.35332234821819897,questions_in
2025-10-28T23:58:22.243519,PUBLISH,e4593051f29646b8b31758393092385c,68f2d95bd190740cfd6a3805,ENQUEUED,0.4592474199948223,questions_in
2025-10-28T23:58:22.426446,PUBLISH,c0e2baca43fc4c8bb7b7cfd923ad2b16,68f2d95bd190740cfd6a2692,ENQUEUED,0.1810750938497484,questions_in
2025-10-28T23:58:22.754587,PUBLISH,740aef99b1264a8f9114b2047d83ce70,68f2d95bd190740cfd6a406f,ENQUEUED,0.3257899205568622,questions_in
2025-10-28T23:58:23.198801,PUBLISH,9ae0883d6b1840f3b485f81fcafd99a7,68f2d95bd190740cfd6a205a,ENQUEUED,0.44037662609005335,questions_in
2025-10-28T23:58:23.363291,PUBLISH,8c35fd8e99fb4de6bc2ea2119969d946,68f2d95bd190740cfd6a2fb6,ENQUEUED,0.1571267329893069,questions_in
2025-10-28T23:58:23.537593,PUBLISH,ff53887a5138430f84b63f6887024c04,68f2d95bd190740cfd6a1cb9,ENQUEUED,0.17009705007551068,questions_in
2025-10-28T23:58:23.889079,PUBLISH,6ae487b149114c32a0f0b78284b07f19,68f2d95bd190740cfd6a2513,ENQUEUED,0.3490914031097063,questions_in
2025-10-28T23:58:24.348476,PUBLISH,1ef5323d8c6a4033a6b20cc11d08c40a,68f2d95bd190740cfd6a3ae7,ENQUEUED,0.45677339965356845,questions_in
2025-10-28T23:58:24.838967,PUBLISH,bb882773fc3f4488958b08115e889925,68f2d95bd190740cfd6a2477,ENQUEUED,0.48444939507495344,questions_in
2025-10-28T23:58:25.321098,PUBLISH,1c484108e1794b4c9927dc4c9b71a4b9,68f2d95bd190740cfd6a1cb6,ENQUEUED,0.47991551411210165,questions_in
2025-10-28T23:58:25.587951,PUBLISH,2c23fe9b0b114333b616179656ce2d5c,68f2d95bd190740cfd6a3415,ENQUEUED,0.2631024629227979,questions_in
2025-10-28T23:58:25.990810,PUBLISH,e08e0a95f8cc47aca8650b482a29138a,68f2d95bd190740cfd6a268a,ENQUEUED,0.40081448097406736,questions_in
2025-10-28T23:58:26.290653,PUBLISH,3568a7d4b4fb47e6b0e2aa3e4cd1122b,68f2d95bd190740cfd6a3d81,ENQUEUED,0.29760869679841195,questions_in
2025-10-28T23:58:26.741768,PUBLISH,2b2d1bbee34941efbee5274e59d86ccd,68f2d95bd190740cfd6a25a0,ENQUEUED,0.448889946750605,questions_in
2025-10-28T23:58:27.019562,PUBLISH,665bd3b131a344528ef6f7149b212f43,68f2d95bd190740cfd6a1e0b,ENQUEUED,0.27531102217440273,questions_in
2025-10-28T23:58:27.305102,PUBLISH,085ce3a2d3e64248ae34a8accd65597a,68f2d95bd190740cfd6a35e1,ENQUEUED,0.27972661192488346,questions_in
2025-10-28T23:58:27.675551,PUBLISH,43b5cb8dc9c24f46b62f54b4b36b5495,68f2d95bd190740cfd6a40c1,ENQUEUED,0.3680766233813598,questions_in
2025-10-28T23:58:27.935888,PUBLISH,1abb692a2cda44f79ceb180718b75411,68f2d95bd190740cfd6a36f4,ENQUEUED,0.2570768863499663,questions_in
2025-10-28T23:58:28.425498,PUBLISH,a16b5979e70642bdaf74f6e509a67da1,68f2d95bd190740cfd6a24df,ENQUEUED,0.48738507391977526,questions_in
2025-10-28T23:58:28.635507,PUBLISH,847bbc822a984cca9f81b02c11051691,68f2d95bd190740cfd6a20d0,ENQUEUED,0.2081146042282455,questions_in
2025-10-28T23:58:28.891518,PUBLISH,44b8ae8b2cdc4492927a1c2b070d2c32,68f2d95bd190740cfd6a41c4,ENQUEUED,0.25109630645595704,questions_in
2025-10-28T23:58:29.122376,PUBLISH,445d023c7e7548c7954bdc4103435a6b,68f2d95bd190740cfd6a3997,ENQUEUED,0.22850593508273898,questions_in
2025-10-28T23:58:29.468611,PUBLISH,64bae034f3124e33b2373bc58822769e,68f2d95bd190740cfd6a40b6,ENQUEUED,0.3420668745804266,questions_in
2025-10-28T23:58:29.879795,PUBLISH,2a96ac9991544cd38f394ad0190d7350,68f2d95bd190740cfd6a3b5e,ENQUEUED,0.4079517716368485,questions_in
2025-10-28T23:58:30.153704,PUBLISH,1b098734eac445ada1e2678eddee4265,68f2d95bd190740cfd6a24ab,ENQUEUED,0.27088196478281235,questions_in
2025-10-28T23:58:30.536134,PUBLISH,4789903ac66949e6bfa351f716be5532,68f2d95bd190740cfd6a2422,ENQUEUED,0.37454042975127677,questions_in
2025-10-28T23:58:31.027064,PUBLISH,5bb974b4ed6b4ca0a04f2bb0dc869b63,68f2d95bd190740cfd6a2725,ENQUEUED,0.4877013700918361,questions_in
2025-10-28T23:58:31.220697,PUBLISH,6415ed46f8674b19a126a348eaa5b6c6,68f2d95bd190740cfd6a3cd5,ENQUEUED,0.1913392051016202,questions_in
2025-10-28T23:58:31.687634,PUBLISH,f263ab8798354f438e30682e390db782,68f2d95bd190740cfd6a3825,ENQUEUED,0.46312327217173765,questions_in
2025-10-28T23:58:31.845296,PUBLISH,701db4f871894e34886225ab17e00bf1,68f2d95bd190740cfd6a2954,ENQUEUED,0.15551002912896542,questions_in
2025-10-28T23:58:32.019881,PUBLISH,edbf45557cdf4979be7bcf14ea01507f,68f2d95bd190740cfd6a1c0d,ENQUEUED,0.16916248633736275,questions_in
2025-10-28T23:58:32.305483,PUBLISH,aea639f718fa4e50b4f92b46a8b5e810,68f2d95bd190740cfd6a2569,ENQUEUED,0.28366516897624394,questions_in
2025-10-28T23:58:32.639792,PUBLISH,a5648466284c44b8b993669713d05599,68f2d95bd190740cfd6a40ef,ENQUEUED,0.3318119776401447,questions_in
2025-10-28T23:58:33.005750,PUBLISH,58214c9d2836465c8b895b57b0e0c10d,68f2d95bd190740cfd6a400b,ENQUEUED,0.36312415281121335,questions_in
2025-10-28T23:58:33.209885,PUBLISH,944b4d53c1f94139be4114b012bd1239,68f2d95bd190740cfd6a2e8c,ENQUEUED,0.20116092934789492,questions_in
2025-10-28T23:58:33.582849,PUBLISH,ad6bc5de75c5415da8aa309399a5ea23,68f2d95bd190740cfd6a22fd,ENQUEUED,0.368275389465193,questions_in
2025-10-28T23:58:34.085436,PUBLISH,2271cd6f4b834b2198f0df61563185e0,68f2d95bd190740cfd6a2cae,ENQUEUED,0.4986099499672306,questions_in
2025-10-28T23:58:34.556451,PUBLISH,06ec9a239d5f451c8775accd117c7a7c,68f2d95bd190740cfd6a3346,ENQUEUED,0.468294051850087,questions_in
2025-10-28T23:58:34.767908,PUBLISH,22f17feac44f42a4b5df99289d33b28c,68f2d95bd190740cfd6a391d,ENQUEUED,0.20566972968158337,questions_in
2025-10-28T23:58:35.173246,PUBLISH,df55f43187584e57b860d73b2b02adae,68f2d95bd190740cfd6a265b,ENQUEUED,0.40291442085812623,questions_in
2025-10-28T23:58:35.469619,PUBLISH,362d0d55e3f34cc99d61475d17528795,68f2d95bd190740cfd6a3430,ENQUEUED,0.29374369074488127,questions_in
2025-10-28T23:58:35.818512,PUBLISH,44bb60f69a364c878da14e089e414c23,68f2d95bd190740cfd6a1c34,ENQUEUED,0.34659041976652005,questions_in
2025-10-28T23:58:36.250980,PUBLISH,5912c0e371c14420b17bd650681843a8,68f2d95bd190740cfd6a3027,ENQUEUED,0.4297185967613224,questions_in
2025-10-28T23:58:36.379530,PUBLISH,11377cd7fbc24179b21174a5e6406d55,68f2d95bd190740cfd6a38ad,ENQUEUED,0.12622548098895603,questions_in
2025-10-28T23:58:36.700932,PUBLISH,fd7a6a1232a74b38844859b22e34bf32,68f2d95bd190740cfd6a3676,ENQUEUED,0.3185415158718261,questions_in
2025-10-28T23:58:36.809531,PUBLISH,a5296cdaec5a473cb5b41f40fc0c52cb,68f2d95bd190740cfd6a3db7,ENQUEUED,0.10697174218940281,questions_in
2025-10-28T23:58:37.050709,PUBLISH,13bda4cefbbc4b4294a28af0f5b580e4,68f2d95bd190740cfd6a1df4,ENQUEUED,0.23659011495130602,questions_in
2025-10-28T23:58:37.156612,PUBLISH,3cc0904c77104cfa974d0cb427eab7e0,68f2d95bd190740cfd6a27f2,ENQUEUED,0.10365122111670147,questions_in
2025-10-28T23:58:37.472430,PUBLISH,5e856902cb7c44e7bf66d19cfbc996d2,68f2d95bd190740cfd6a2d75,ENQUEUED,0.3134439584971358,questions_in
2025-10-28T23:58:37.601909,PUBLISH,188b7aed247a4381a4d5a22b6a818448,68f2d95bd190740cfd6a4155,ENQUEUED,0.1275370677389021,questions_in
2025-10-28T23:58:37.796351,PUBLISH,c8c5f09fe28547d3b2b64703c221fdb5,68f2d95bd190740cfd6a3bcd,ENQUEUED,0.19165913430353465,questions_in
2025-10-28T23:58:38.210273,PUBLISH,ba1f6404f4724bd6a180cade00945cc7,68f2d95bd190740cfd6a1d33,ENQUEUED,0.41129456520939445,questions_in
2025-10-28T23:58:38.507327,PUBLISH,9fd5e69fb91e429c8c74aa7001976f71,68f2d95bd190740cfd6a218c,ENQUEUED,0.2939789228246424,questions_in
2025-10-28T23:58:38.951102,PUBLISH,0d157c25c6a544b0bcb904589a4be984,68f2d95bd190740cfd6a381f,ENQUEUED,0.44144652237891424,questions_in
2025-10-28T23:58:39.068475,PUBLISH,2e9356d4108e45878219b796bc4a82e8,68f2d95bd190740cfd6a3aae,ENQUEUED,0.11520173798541587,questions_in
2025-10-28T23:58:39.342453,PUBLISH,e846b172868541cd9d91de7ffbe18fb8,68f2d95bd190740cfd6a3d5e,ENQUEUED,0.2717561686781206,questions_in
2025-10-28T23:58:39.720520,PUBLISH,bcc2e5a69d8844478c7e64295070afa0,68f2d95bd190740cfd6a315f,ENQUEUED,0.37511113960102704,questions_in
2025-10-28T23:58:40.054139,PUBLISH,1f3316c912284715b2a0d18fa8015ed4,68f2d95bd190740cfd6a2538,ENQUEUED,0.33118180845192247,questions_in
2025-10-28T23:58:40.538530,PUBLISH,0d9a100b2f8b4876b98b236e7c510e1e,68f2d95bd190740cfd6a2b5d,ENQUEUED,0.4821787605540099,questions_in
2025-10-28T23:58:40.643560,PUBLISH,246d68fb836243b083f1eee956423cbf,68f2d95bd190740cfd6a3f76,ENQUEUED,0.10238232001063015,questions_in
2025-10-28T23:58:41.019786,PUBLISH,b0302c7eae334382a2edeb9d13bcd84f,68f2d95bd190740cfd6a2a46,ENQUEUED,0.3703337972681141,questions_in
2025-10-28T23:58:41.388961,PUBLISH,124cd04d237948bc9cf44fa48f1bbcf5,68f2d95bd190740cfd6a3f55,ENQUEUED,0.3664446710997683,questions_in
2025-10-28T23:58:41.684115,PUBLISH,808dc3c4078e4869adb81c989248ed7a,68f2d95bd190740cfd6a2e87,ENQUEUED,0.28991793100661567,questions_in
2025-10-28T23:58:42.134105,PUBLISH,982bf1f903014ce8b2063f8ae91db6ab,68f2d95bd190740cfd6a2b6b,ENQUEUED,0.4440641756436192,questions_in
2025-10-28T23:58:42.451515,PUBLISH,3e511bb312d148eb807983ee67a3d121,68f2d95bd190740cfd6a268c,ENQUEUED,0.31081690161894415,questions_in
2025-10-28T23:58:42.882132,PUBLISH,580ebc3e21b04411b3d455c7184f9e01,68f2d95bd190740cfd6a32a4,ENQUEUED,0.4239288241894208,questions_in
2025-10-28T23:58:43.020202,PUBLISH,843812defe72420b938dabb699721bca,68f2d95bd190740cfd6a2d04,ENQUEUED,0.1310257683091861,questions_in
2025-10-28T23:58:43.509749,PUBLISH,3ff090f98fbd4601a98dcae423a8707b,68f2d95bd190740cfd6a3182,ENQUEUED,0.48597641229484567,questions_in
2025-10-28T23:58:43.640804,PUBLISH,cdd68855165c42cc9aa760f934e84c44,68f2d95bd190740cfd6a1da1,ENQUEUED,0.12815129711352458,questions_in
2025-10-28T23:58:43.974893,PUBLISH,f331dab46e8b4e9fa15588d0198bff8b,68f2d95bd190740cfd6a25a7,ENQUEUED,0.3320891404676849,questions_in
2025-10-28T23:58:44.371293,PUBLISH,d6331240929a4104b17fba0b4e634c21,68f2d95bd190740cfd6a35bc,ENQUEUED,0.39044006295929523,questions_in
2025-10-28T23:58:44.536061,PUBLISH,0b566fd07ba1425992e2af6b69d71a43,68f2d95bd190740cfd6a27c7,ENQUEUED,0.1623621306132678,questions_in
2025-10-28T23:58:44.886436,PUBLISH,aadb769c30bd4de19e5e92fc5dc665fa,68f2d95bd190740cfd6a32e7,ENQUEUED,0.3484738403148747,questions_in
2025-10-28T23:58:45.311102,PUBLISH,783999f0bd2c4bd3b7c5cd1d823f7b63,68f2d95bd190740cfd6a3e8c,ENQUEUED,0.4217064249530129,questions_in
2025-10-28T23:58:45.809459,PUBLISH,12b0960ff8ff4a0b8b5954ed27be5130,68f2d95bd190740cfd6a3cf0,ENQUEUED,0.4952841496603715,questions_in
2025-10-28T23:58:46.305587,PUBLISH,cacbe628e01242c8a065748ddd138057,68f2d95bd190740cfd6a34dd,ENQUEUED,0.4939670925967198,questions_in
2025-10-28T23:58:46.725470,PUBLISH,e4e0371ee863417d9f39cb055f6d831f,68f2d95bd190740cfd6a1b0a,ENQUEUED,0.4176215466811357,questions_in
2025-10-28T23:58:47.019495,PUBLISH,13722946fe32433f8e003b9b8ea6b284,68f2d95bd190740cfd6a2241,ENQUEUED,0.2918102192112342,questions_in
2025-10-28T23:58:47.306552,PUBLISH,c28759c4d5134a9080eae1a73c06ff3f,68f2d95bd190740cfd6a308a,ENQUEUED,0.2845586209140883,questions_in
2025-10-28T23:58:47.417456,PUBLISH,4015251497764586b629b77acf9e4e88,68f2d95bd190740cfd6a1b32,ENQUEUED,0.10878428836204695,questions_in
2025-10-28T23:58:47.591626,PUBLISH,67183d76e1164a3583e3ba7b1aa3231a,68f2d95bd190740cfd6a3e7d,ENQUEUED,0.1702216948974658,questions_in
2025-10-28T23:58:47.951317,PUBLISH,4a77fda0baa24bebb20b34f4c4725707,68f2d95bd190740cfd6a1b0e,ENQUEUED,0.357619092787098,questions_in
2025-10-28T23:58:48.077139,PUBLISH,2fef56de287843d5bb7e6dbffc1172d1,68f2d95bd190740cfd6a1fe2,ENQUEUED,0.122860819476062,questions_in
2025-10-28T23:58:48.322587,PUBLISH,013795eb8d414213b110718db50f8765,68f2d95bd190740cfd6a1e38,ENQUEUED,0.24343121610345803,questions_in
2025-10-28T23:58:48.724593,PUBLISH,099cd81d58cb41fa9b969b032b138deb,68f2d95bd190740cfd6a394d,ENQUEUED,0.39828723341501004,questions_in
2025-10-28T23:58:49.030967,PUBLISH,bb352f8826644b8d812b99f08946b481,68f2d95bd190740cfd6a2f25,ENQUEUED,0.30305514709022785,questions_in
2025-10-28T23:58:49.399048,PUBLISH,f8ab5c8322bf4973884043910a1721a5,68f2d95bd190740cfd6a3326,ENQUEUED,0.36543717332831827,questions_in
2025-10-28T23:58:49.581850,PUBLISH,da5ffe42ac0f4efeaacad163d5368164,68f2d95bd190740cfd6a24d0,ENQUEUED,0.17948029968274432,questions_in
2025-10-28T23:58:49.864631,PUBLISH,704e7c6488f74e04846fa90a400ea3fd,68f2d95bd190740cfd6a20b9,ENQUEUED,0.2789211057183694,questions_in
2025-10-28T23:58:50.235223,PUBLISH,a23f0294153c462d91d8f0fb7e189209,68f2d95bd190740cfd6a2ba0,ENQUEUED,0.36863656310510184,questions_in
2025-10-28T23:58:50.363071,PUBLISH,68cfd40f1ea54f16a6739912b6250bd8,68f2d95bd190740cfd6a1acf,ENQUEUED,0.12390641598013108,questions_in
2025-10-28T23:58:50.588677,PUBLISH,cea3cb0e14a84a2395df3c6808236549,68f2d95bd190740cfd6a2663,ENQUEUED,0.22233245839403082,questions_in
2025-10-28T23:58:50.832755,PUBLISH,66c866013acf40e7b029a155177fd306,68f2d95bd190740cfd6a2145,ENQUEUED,0.24191757991191418,questions_in
2025-10-28T23:58:51.333598,PUBLISH,577eb5fd311f47e0853a8ecaa20f3eae,68f2d95bd190740cfd6a1bfa,ENQUEUED,0.4982363275733318,questions_in
2025-10-28T23:58:51.670045,PUBLISH,a407ece0ec094a72a10362b01ec3d0eb,68f2d95bd190740cfd6a254c,ENQUEUED,0.3322241747364193,questions_in
2025-10-28T23:58:51.866995,PUBLISH,0ee19b0a28d348d7881b57fba4809a71,68f2d95bd190740cfd6a3b2a,ENQUEUED,0.19410060693125897,questions_in
2025-10-28T23:58:52.282123,PUBLISH,3d3b848db0d44d3289b6abff2d4630e2,68f2d95bd190740cfd6a2fe0,ENQUEUED,0.4115769705727015,questions_in
2025-10-28T23:58:52.706716,PUBLISH,9db92665cf464b01830f3f33e9ca500d,68f2d95bd190740cfd6a38ea,ENQUEUED,0.4220788853354538,questions_in
2025-10-28T23:58:52.904602,PUBLISH,1d1a0d4434044dc7ade97d799e54b689,68f2d95bd190740cfd6a4095,ENQUEUED,0.19509455764857542,questions_in
2025-10-28T23:58:53.164220,PUBLISH,057db4a2816945eabf885b9c738375d9,68f2d95bd190740cfd6a20ca,ENQUEUED,0.2550863894193488,questions_in
2025-10-28T23:58:53.587429,PUBLISH,c2cf90ed0db14d0b826a5981d6a63539,68f2d95bd190740cfd6a2446,ENQUEUED,0.4201304292431377,questions_in
2025-10-28T23:58:53.819814,PUBLISH,d2d4c735c1c349c8a0cbaa3f734f759c,68f2d95bd190740cfd6a1e4e,ENQUEUED,0.23031916866600627,questions_in
2025-10-28T23:58:54.166013,PUBLISH,365e6da561b54f6a884ba0c3f5ac89f6,68f2d95bd190740cfd6a3fdc,ENQUEUED,0.3437274169919592,questions_in
2025-10-28T23:58:54.626116,PUBLISH,d32d252ad726487eaf50891413158ece,68f2d95bd190740cfd6a3de7,ENQUEUED,0.45766242989254924,questions_in
2025-10-28T23:58:54.764811,PUBLISH,ee3413fc4c6449d4a25af61f7f321ea0,68f2d95bd190740cfd6a3458,ENQUEUED,0.13524834631440413,questions_in
2025-10-28T23:58:55.226532,PUBLISH,05d1c6563e504cffaab9ca469a706796,68f2d95bd190740cfd6a270b,ENQUEUED,0.45851075114403583,questions_in
2025-10-28T23:58:55.484308,PUBLISH,76372c41018e4cbeb4236f645684a214,68f2d95bd190740cfd6a2f48,ENQUEUED,0.2560605990462348,questions_in
2025-10-28T23:58:55.968950,PUBLISH,4336cde8167a44ed8688e49dd8ebffdf,68f2d95bd190740cfd6a4172,ENQUEUED,0.48142987219883726,questions_in
2025-10-28T23:58:56.434248,PUBLISH,cbaaacd7d2214a99ba7adadbbf64cdd4,68f2d95bd190740cfd6a2994,ENQUEUED,0.4634777965406619,questions_in
2025-10-28T23:58:56.770460,PUBLISH,393cb4f9999d49be92ca518039489a03,68f2d95bd190740cfd6a2d40,ENQUEUED,0.33346385411947344,questions_in
2025-10-28T23:58:57.087000,PUBLISH,dadfb992806f422393a1353629ae140c,68f2d95bd190740cfd6a2fc9,ENQUEUED,0.3143990556584242,questions_in
2025-10-28T23:58:57.252540,PUBLISH,711fe5f013fd4a418827190ba80608be,68f2d95bd190740cfd6a416a,ENQUEUED,0.1633835849245221,questions_in
2025-10-28T23:58:57.740199,PUBLISH,7d711d884e924092900c1044bfc3d365,68f2d95bd190740cfd6a3e4d,ENQUEUED,0.481782352897712,questions_in
2025-10-28T23:58:57.895094,PUBLISH,cdf413771f314b00a81194c81f4aff3e,68f2d95bd190740cfd6a1e4e,ENQUEUED,0.1502708930337207,questions_in
2025-10-28T23:58:58.186795,PUBLISH,849f743a699f4bafa100bbbc43f09a6d,68f2d95bd190740cfd6a3288,ENQUEUED,0.28940691487600356,questions_in
2025-10-28T23:58:58.633352,PUBLISH,e4f3b690d13e4ec8969b3741eab9844c,68f2d95bd190740cfd6a25d7,ENQUEUED,0.44305628605751235,questions_in
2025-10-28T23:58:58.941710,PUBLISH,7cc9ca32280749ecaf83950932ad6bd6,68f2d95bd190740cfd6a3c17,ENQUEUED,0.3063622561110051,questions_in
2025-10-28T23:58:59.387219,PUBLISH,b7c11655c4fe433d92851a31a9642ce9,68f2d95bd190740cfd6a3260,ENQUEUED,0.4420525938152403,questions_in
2025-10-28T23:58:59.736876,PUBLISH,1969e5dd7a624af58a9e16b7a1208f05,68f2d95bd190740cfd6a3c7d,ENQUEUED,0.34756609478776435,questions_in
2025-10-28T23:59:00.131770,PUBLISH,b8ff0bf956784d6a80efc7b7bfdbf6c3,68f2d95bd190740cfd6a393e,ENQUEUED,0.3927731375541179,questions_in
2025-10-28T23:59:00.368190,PUBLISH,a0f3b3349a0a488a8a76cb3c341d7c14,68f2d95bd190740cfd6a2b47,ENQUEUED,0.23380721457905806,questions_in
2025-10-28T23:59:00.632673,PUBLISH,2c77f624001642cabaf616aaa7d2b07e,68f2d95bd190740cfd6a3462,ENQUEUED,0.26237543657442003,questions_in
2025-10-28T23:59:00.946072,PUBLISH,02c5f8b69fd048c78db5c81b5a61b9b6,68f2d95bd190740cfd6a33da,ENQUEUED,0.3097743160833873,questions_in
2025-10-28T23:59:01.090595,PUBLISH,78c960bbd4924e82be3bfddc48e1ffcf,68f2d95bd190740cfd6a3827,ENQUEUED,0.14215680444232284,questions_in
2025-10-28T23:59:01.486337,PUBLISH,c046d67495c34d4b9f1aac36f8369ced,68f2d95bd190740cfd6a39eb,ENQUEUED,0.3937685997260524,questions_in
2025-10-28T23:59:01.934818,PUBLISH,3c971b2b961e46d0b6024df3aee1c86e,68f2d95bd190740cfd6a369b,ENQUEUED,0.44571359317782366,questions_in
2025-10-28T23:59:02.320952,PUBLISH,4217d15d95ac4397b3bcaac95b8aab6d,68f2d95bd190740cfd6a1f2f,ENQUEUED,0.381815933630555,questions_in
2025-10-28T23:59:02.522521,PUBLISH,1b2746aac4b54a2c8cf4edc6277f64f2,68f2d95bd190740cfd6a2dc6,ENQUEUED,0.19890870609854253,questions_in
2025-10-28T23:59:02.686147,PUBLISH,560ef75305dc4c27a0b173487d3386a4,68f2d95bd190740cfd6a27b6,ENQUEUED,0.1605079638850481,questions_in
2025-10-28T23:59:02.966613,PUBLISH,e35e22b9034e4be896ac1a90ff85a03d,68f2d95bd190740cfd6a3613,ENQUEUED,0.27364869236560263,questions_in
2025-10-28T23:59:03.269221,PUBLISH,6ec38d0d3f184e0ea07e2b5b9b0f5068,68f2d95bd190740cfd6a2b0c,ENQUEUED,0.299927936369131,questions_in
2025-10-28T23:59:03.426113,PUBLISH,8c2dfa329baf4a03a86d181d4e779428,68f2d95bd190740cfd6a2e1c,ENQUEUED,0.15227027472324522,questions_in
2025-10-28T23:59:03.582465,PUBLISH,202f94048b924cf4a7c3d29e32a41372,68f2d95bd190740cfd6a276e,ENQUEUED,0.15402029749148716,questions_in
2025-10-28T23:59:03.881161,PUBLISH,914e1f76900d4eb2853bbcbdc28ac8b4,68f2d95bd190740cfd6a3d4b,ENQUEUED,0.29628558609000366,questions_in
2025-10-28T23:59:04.246563,PUBLISH,5634c1f8f5474f4bb86c6e1cc61d38df,68f2d95bd190740cfd6a3115,ENQUEUED,0.36216295378533425,questions_in
2025-10-28T23:59:04.572959,PUBLISH,fac24c51ebf94ef6b78df7d5e487fb3c,68f2d95bd190740cfd6a1bea,ENQUEUED,0.32428364830623235,questions_in
2025-10-28T23:59:04.827756,PUBLISH,20402944dd7740deae35d23ac0e88a68,68f2d95bd190740cfd6a2dc0,ENQUEUED,0.2511392108324093,questions_in
2025-10-28T23:59:05.206128,PUBLISH,e96e84182b63400bb1b7eb09a0ab90e4,68f2d95bd190740cfd6a3091,ENQUEUED,0.3753600819183508,questions_in
2025-10-28T23:59:05.421858,PUBLISH,8a2c79973d9e4519b446d57e982b2308,68f2d95bd190740cfd6a1b4f,ENQUEUED,0.2132809566191637,questions_in
2025-10-28T23:59:05.695435,PUBLISH,9deddd6bd6804810830e4f217ab89185,68f2d95bd190740cfd6a3d25,ENQUEUED,0.2714090425036809,questions_in
2025-10-28T23:59:05.989118,PUBLISH,2bcaf70b93694506a4ec92915d143044,68f2d95bd190740cfd6a2727,ENQUEUED,0.29150553853192895,questions_in
2025-10-28T23:59:06.265485,PUBLISH,a1a0961af75c4e059797610e72ea2bf9,68f2d95bd190740cfd6a2f3c,ENQUEUED,0.269542553430275,questions_in
2025-10-28T23:59:06.744218,PUBLISH,bcdb55ce602049ef85bffb2aa897ac3c,68f2d95bd190740cfd6a416b,ENQUEUED,0.4741048761474723,questions_in
2025-10-28T23:59:07.206096,PUBLISH,6a3a5f5c70b244a5ae88e30a60aff9bf,68f2d95bd190740cfd6a3713,ENQUEUED,0.4570237935271674,questions_in
2025-10-28T23:59:07.553609,PUBLISH,895ccfb297e347c7b053796162062fb4,68f2d95bd190740cfd6a2f69,ENQUEUED,0.34538523090415274,questions_in
2025-10-28T23:59:07.754380,PUBLISH,433f7508ad9e48da8b30a1d08cf82b89,68f2d95bd190740cfd6a2a3d,ENQUEUED,0.19638124076770708,questions_in
2025-10-28T23:59:07.935442,PUBLISH,d6013e6a8bff4855a4f23c5e2b37b6fe,68f2d95bd190740cfd6a3baa,ENQUEUED,0.17918736041886496,questions_in
2025-10-28T23:59:08.277024,PUBLISH,8acc93aad0cf4b56ba13ce79669da77f,68f2d95bd190740cfd6a28de,ENQUEUED,0.33581834337948235,questions_in
2025-10-28T23:59:08.547694,PUBLISH,ffba9515e7874ae89f39b691a91bd863,68f2d95bd190740cfd6a3af5,ENQUEUED,0.2680013102569523,questions_in
2025-10-28T23:59:08.746517,PUBLISH,3b79d23d86264ffb804d08ca362d48db,68f2d95bd190740cfd6a31e9,ENQUEUED,0.19618008389946862,questions_in
2025-10-28T23:59:08.979801,PUBLISH,7cc9b8dc1c724918b0b7618c05d8b17c,68f2d95bd190740cfd6a3edd,ENQUEUED,0.22852923952394044,questions_in
2025-10-28T23:59:09.474358,PUBLISH,89588266605f4f4bb8920b03cd922dfb,68f2d95bd190740cfd6a2eb6,ENQUEUED,0.49156331388564134,questions_in
2025-10-28T23:59:09.851409,PUBLISH,bcc694df02c9408a972a3981f9f98d3e,68f2d95bd190740cfd6a3502,ENQUEUED,0.3737591833751104,questions_in
2025-10-28T23:59:10.273073,PUBLISH,3da4c58945264f46b666caa23ec2979d,68f2d95bd190740cfd6a266b,ENQUEUED,0.41942919249953425,questions_in
2025-10-28T23:59:10.474495,PUBLISH,ff4a4e89ecb244be876197f74fa63371,68f2d95bd190740cfd6a2347,ENQUEUED,0.1983199210397836,questions_in
2025-10-28T23:59:10.783246,PUBLISH,498ee8774b614639ab4a7b51a2878461,68f2d95bd190740cfd6a2e75,ENQUEUED,0.3070206347743286,questions_in
2025-10-28T23:59:11.218177,PUBLISH,8a99862ffa944d89a003a9a89f619c59,68f2d95bd190740cfd6a2c12,ENQUEUED,0.43080272964250543,questions_in
2025-10-28T23:59:11.425542,PUBLISH,e621ecfdb8c540c492d0dee749543330,68f2d95bd190740cfd6a34cf,ENQUEUED,0.20353997771564028,questions_in
2025-10-28T23:59:11.683742,PUBLISH,c3a2c9f4f8d3499abe4e95907875a2ff,68f2d95bd190740cfd6a2b2a,ENQUEUED,0.2531207941412441,questions_in
2025-10-28T23:59:12.094854,PUBLISH,7912f16b25fb4e91bb9dbf210a8c1dec,68f2d95bd190740cfd6a20ee,ENQUEUED,0.4051996613755524,questions_in
2025-10-28T23:59:12.288552,PUBLISH,1d7d9c9d93db44ae942645839adf3ded,68f2d95bd190740cfd6a222f,ENQUEUED,0.19041689776580664,questions_in
2025-10-28T23:59:12.644237,PUBLISH,6f25e16234c14903b01c7113dcf6ed96,68f2d95bd190740cfd6a32ed,ENQUEUED,0.35267407764661085,questions_in
2025-10-28T23:59:12.847183,PUBLISH,d964ac86bebf474b8120734768e7f9af,68f2d95bd190740cfd6a370d,ENQUEUED,0.2004335386237552,questions_in
2025-10-28T23:59:13.084727,PUBLISH,f3626976992b4a93a1d262ac4f9b5b56,68f2d95bd190740cfd6a301c,ENQUEUED,0.23548458606443276,questions_in
2025-10-28T23:59:13.468473,PUBLISH,21ea278996ef4a28bc7dd5b1edc313e5,68f2d95bd190740cfd6a37c9,ENQUEUED,0.3817486248216533,questions_in
2025-10-28T23:59:13.694834,PUBLISH,1af5191a0de34932b608f6cd52f5a6a2,68f2d95bd190740cfd6a27a3,ENQUEUED,0.224519482770719,questions_in
2025-10-28T23:59:13.865754,PUBLISH,9022ee2221c94c5ea6fdba92e39c0f00,68f2d95bd190740cfd6a2c08,ENQUEUED,0.16886448472181614,questions_in
2025-10-28T23:59:14.359786,PUBLISH,d440f76933244cfbb13425786a8f2c65,68f2d95bd190740cfd6a26cb,ENQUEUED,0.4893001409569049,questions_in
2025-10-28T23:59:14.612114,PUBLISH,63d5e3c27a7d425bab32fff17e721751,68f2d95bd190740cfd6a3335,ENQUEUED,0.24941019726722474,questions_in
2025-10-28T23:59:14.933132,PUBLISH,368bce540aae4e9ca5dbf6b8bbfab5de,68f2d95bd190740cfd6a2e3f,ENQUEUED,0.3159216960640765,questions_in
2025-10-28T23:59:15.077656,PUBLISH,ef64af1e17984826978cbeb45ebf91d2,68f2d95bd190740cfd6a405c,ENQUEUED,0.139580359349246,questions_in
2025-10-28T23:59:15.504991,PUBLISH,cb055ceed4bd451d9f89ca70b50d14af,68f2d95bd190740cfd6a3ab3,ENQUEUED,0.42493140244679606,questions_in
2025-10-28T23:59:15.673215,PUBLISH,5cdaa092f20c4a53a82a31a6e6c78993,68f2d95bd190740cfd6a3ebe,ENQUEUED,0.16546010341489253,questions_in
2025-10-28T23:59:15.815262,PUBLISH,d0cca4d13db44c92a61df6bdfee5c15d,68f2d95bd190740cfd6a2bb1,ENQUEUED,0.1398286839069503,questions_in
2025-10-28T23:59:16.216370,PUBLISH,a9e3a09df17a4146b814ce78fd75724a,68f2d95bd190740cfd6a3b7b,ENQUEUED,0.39886292187486927,questions_in
2025-10-28T23:59:16.381662,PUBLISH,d8c763986cec4cef84d3e51c2ec8f809,68f2d95bd190740cfd6a3c3f,ENQUEUED,0.1600980428201294,questions_in
2025-10-28T23:59:16.521481,PUBLISH,0821eead7b04485eb2c85d8533574552,68f2d95bd190740cfd6a2c0b,ENQUEUED,0.13551278903343678,questions_in
2025-10-28T23:59:16.817151,PUBLISH,5f836a1236d54f14b8e1d9355a61d235,68f2d95bd190740cfd6a3571,ENQUEUED,0.2935011220260052,questions_in
2025-10-28T23:59:17.180075,PUBLISH,944b943ac3d84ee2845af2b22824b87b,68f2d95bd190740cfd6a22ad,ENQUEUED,0.35692278776552533,questions_in
2025-10-28T23:59:17.541425,PUBLISH,98a76ac675af43a3a4f97ef582bd3d88,68f2d95bd190740cfd6a2c89,ENQUEUED,0.3561548115463119,questions_in
2025-10-28T23:59:17.815146,PUBLISH,b60193c6df3344af83870b5b23b04c12,68f2d95bd190740cfd6a39fc,ENQUEUED,0.26997973592598246,questions_in
2025-10-28T23:59:17.982899,PUBLISH,b91835941c0344d9ae3fdbd38e90c419,68f2d95bd190740cfd6a1f2f,ENQUEUED,0.16514260045181128,questions_in
2025-10-28T23:59:18.395438,PUBLISH,8d563b406f704c20afc849363fc4cd95,68f2d95bd190740cfd6a399e,ENQUEUED,0.4066678760834336,questions_in
2025-10-28T23:59:18.603062,PUBLISH,b7f73c0ab66041bcb737da9c94cb028f,68f2d95bd190740cfd6a4070,ENQUEUED,0.20544318847982457,questions_in
2025-10-28T23:59:19.049800,PUBLISH,55257893bcba4812bce7c891bcebf627,68f2d95bd190740cfd6a2003,ENQUEUED,0.4415747547170422,questions_in
2025-10-28T23:59:19.327668,PUBLISH,a6665864712d4deca923cfb088ffb4d4,68f2d95bd190740cfd6a2996,ENQUEUED,0.27230584832412386,questions_in
2025-10-28T23:59:19.481827,PUBLISH,ff2a397a5f5b48598f5edfb574f7b278,68f2d95bd190740cfd6a3187,ENQUEUED,0.14935075296463807,questions_in
2025-10-28T23:59:19.827581,PUBLISH,1fb14e6ed5bc4483b92da91ac18ec675,68f2d95bd190740cfd6a26b4,ENQUEUED,0.3408553849720899,questions_in
2025-10-28T23:59:19.933437,PUBLISH,e53418f7c1e74ec4a64c93910d5681a6,68f2d95bd190740cfd6a1bf6,ENQUEUED,0.10371349392566583,questions_in
2025-10-28T23:59:20.402797,PUBLISH,2621b1280b974a1c8a57e3d0dd378204,68f2d95bd190740cfd6a3ace,ENQUEUED,0.46323139093503096,questions_in
2025-10-28T23:59:20.642656,PUBLISH,f990c4a11417476ab38e6ff181d51a1d,68f2d95bd190740cfd6a1f80,ENQUEUED,0.23716588091620544,questions_in
2025-10-28T23:59:21.009796,PUBLISH,f1c6f166e8aa4219a4a1c7750eca5815,68f2d95bd190740cfd6a40c4,ENQUEUED,0.36105087096221467,questions_in
2025-10-28T23:59:21.465325,PUBLISH,7c87d9e14c5f412abb6667fd3a98bb6c,68f2d95bd190740cfd6a24b0,ENQUEUED,0.4525581023280295,questions_in
2025-10-28T23:59:21.617038,PUBLISH,b959cf37c890472da402f7ca1037ab49,68f2d95bd190740cfd6a3115,ENQUEUED,0.1494390013536646,questions_in
2025-10-28T23:59:21.925000,PUBLISH,ce652d46aa324b688c3ce987beef523e,68f2d95bd190740cfd6a3db4,ENQUEUED,0.30345873401332435,questions_in
2025-10-28T23:59:22.129152,PUBLISH,c460b7fddd68497ba331b67a15250d0e,68f2d95bd190740cfd6a2071,ENQUEUED,0.19898309997051258,questions_in
2025-10-28T23:59:22.474928,PUBLISH,330335c853124d48907badce461e9c20,68f2d95bd190740cfd6a37fc,ENQUEUED,0.34160975873019056,questions_in
2025-10-28T23:59:22.595805,PUBLISH,1943ac7625a146a986e106085c5ad885,68f2d95bd190740cfd6a30a1,ENQUEUED,0.11879609547187645,questions_in
2025-10-28T23:59:22.978107,PUBLISH,df64c31fbbce4c54b57fe60b77047361,68f2d95bd190740cfd6a3bc2,ENQUEUED,0.37942402585510604,questions_in
2025-10-28T23:59:23.423937,PUBLISH,055427c7b81f489e80dd72933114d9ff,68f2d95bd190740cfd6a254c,ENQUEUED,0.43599990784040965,questions_in
2025-10-28T23:59:23.692309,PUBLISH,9b13396f0fdc4329a143aa6f50fcc134,68f2d95bd190740cfd6a2c5b,ENQUEUED,0.2647620644518788,questions_in
2025-10-28T23:59:24.092511,PUBLISH,09663c1f1ddc441d8b58e6ec219653a4,68f2d95bd190740cfd6a262d,ENQUEUED,0.39593310690156513,questions_in
2025-10-28T23:59:24.196422,PUBLISH,7d9b6211c0124ff08fff6a3f1511df10,68f2d95bd190740cfd6a2d17,ENQUEUED,0.10190418797516845,questions_in
2025-10-28T23:59:24.358914,PUBLISH,38c9359245a3445fa9961fd89e199e0c,68f2d95bd190740cfd6a41c9,ENQUEUED,0.159489267853939,questions_in
2025-10-28T23:59:24.571768,PUBLISH,b2feed6d56154cd8bc9ec48f96eba120,68f2d95bd190740cfd6a3117,ENQUEUED,0.20895646639182086,questions_in
2025-10-28T23:59:24.830575,PUBLISH,a3adc4b27a214eaf9e3fdd17d7bf6d59,68f2d95bd190740cfd6a21e3,ENQUEUED,0.2561753889067472,questions_in
2025-10-28T23:59:25.162791,PUBLISH,ed4ffae194094c3895a77a4f01f72cfd,68f2d95bd190740cfd6a4178,ENQUEUED,0.3297343330282659,questions_in
2025-10-28T23:59:25.408555,PUBLISH,9d406004d96c431e9889338611117f17,68f2d95bd190740cfd6a3734,ENQUEUED,0.24193900813697156,questions_in
2025-10-28T23:59:25.821706,PUBLISH,f82876ff90b84f0484620fb1fd43dfe0,68f2d95bd190740cfd6a23e8,ENQUEUED,0.40905131359523705,questions_in
2025-10-28T23:59:26.107229,PUBLISH,15cc42e1315a443bb53d98e8f4f3baa5,68f2d95bd190740cfd6a3e44,ENQUEUED,0.2806284091925788,questions_in
2025-10-28T23:59:26.509395,PUBLISH,9559937e414146bdb11febaa87057055,68f2d95bd190740cfd6a2038,ENQUEUED,0.39852330715881024,questions_in
2025-10-28T23:59:26.952179,PUBLISH,c76219d861b849389fe2b2433efd5bda,68f2d95bd190740cfd6a1d12,ENQUEUED,0.4407979915782346,questions_in
2025-10-28T23:59:27.129607,PUBLISH,7f1f78a1e97f4117972f485668350f1d,68f2d95bd190740cfd6a1ae4,ENQUEUED,0.17550724946454604,questions_in
2025-10-28T23:59:27.278929,PUBLISH,4698bf62f5414137babfc646b649f434,68f2d95bd190740cfd6a1ccd,ENQUEUED,0.14338385844387333,questions_in
2025-10-28T23:59:27.566394,PUBLISH,0a1176bf7f6d4ec4a5ac244155bb0eb4,68f2d95bd190740cfd6a3482,ENQUEUED,0.2851492158996748,questions_in
2025-10-28T23:59:27.901018,PUBLISH,a60b32215da542479bb67bb7029a66be,68f2d95bd190740cfd6a3cd8,ENQUEUED,0.33255502894972444,questions_in
2025-10-28T23:59:28.360269,PUBLISH,a1c4415ada5c46ed8efb50517738f44d,68f2d95bd190740cfd6a2601,ENQUEUED,0.45331450965767084,questions_in
2025-10-28T23:59:28.515298,PUBLISH,4ccc872562f04aaf8c20b5230507f944,68f2d95bd190740cfd6a2306,ENQUEUED,0.15279637948477728,questions_in
2025-10-28T23:59:28.992370,PUBLISH,a6b59c6780d747c18b05698d230b12fb,68f2d95bd190740cfd6a2103,ENQUEUED,0.474589020619016,questions_in
2025-10-28T23:59:29.374808,PUBLISH,14b238bc2d2c4426ac1ba36eed5f8da1,68f2d95bd190740cfd6a30cf,ENQUEUED,0.37932076325950137,questions_in
2025-10-28T23:59:29.489589,PUBLISH,0647f8d3eb114630a15f61bf33bc6e8d,68f2d95bd190740cfd6a23d6,ENQUEUED,0.11163256877183728,questions_in
2025-10-28T23:59:29.876811,PUBLISH,c17a3ad98f474e8d986b18576dc51b3c,68f2d95bd190740cfd6a2172,ENQUEUED,0.38433624712297065,questions_in
2025-10-28T23:59:30.313712,PUBLISH,c2520ee1161847d4b0bc3f87f59ba1ac,68f2d95bd190740cfd6a3900,ENQUEUED,0.4347536974718471,questions_in
2025-10-28T23:59:30.578474,PUBLISH,f0fedca3298f429fae966f85b054f42f,68f2d95bd190740cfd6a287f,ENQUEUED,0.2590518148584454,questions_in
2025-10-28T23:59:30.727108,PUBLISH,f1d8deb4e8e7485a969a11bbc7f4f136,68f2d95bd190740cfd6a1ca1,ENQUEUED,0.14650993506734117,questions_in
2025-10-28T23:59:30.846216,PUBLISH,24d1fe1e86ec4300ba8ffd5e32710dc9,68f2d95bd190740cfd6a3052,ENQUEUED,0.11710880370010064,questions_in
2025-10-28T23:59:31.178660,PUBLISH,4a92a8134c4f46f0b4c5bfc46baf7787,68f2d95bd190740cfd6a37e3,ENQUEUED,0.3297821881490246,questions_in
2025-10-28T23:59:31.640500,PUBLISH,1cc26c0927114fa7b222fd181aaee8aa,68f2d95bd190740cfd6a3ae3,ENQUEUED,0.4591636247020471,questions_in
2025-10-28T23:59:32.007033,PUBLISH,4c8f3f203ca04d6a8bfb63ddc34e1683,68f2d95bd190740cfd6a3580,ENQUEUED,0.36416822853363817,questions_in
2025-10-28T23:59:32.132118,PUBLISH,c705e7e8133d479c97ec7e46a4e81370,68f2d95bd190740cfd6a2850,ENQUEUED,0.1221879295018658,questions_in
2025-10-28T23:59:32.579473,PUBLISH,b5b0e43cb468473d91dcce6f54bbd697,68f2d95bd190740cfd6a39dc,ENQUEUED,0.4449396265329112,questions_in
2025-10-28T23:59:32.915508,PUBLISH,b6ecf368beba44af8323ba163d286720,68f2d95bd190740cfd6a3c10,ENQUEUED,0.33370902832989136,questions_in
2025-10-28T23:59:33.099725,PUBLISH,66fc46fd1f2a4152aa6c518c00ff1554,68f2d95bd190740cfd6a1d71,ENQUEUED,0.18136885778505227,questions_in
2025-10-28T23:59:33.367565,PUBLISH,86503cf4974b4fc3b1077116e35f6e71,68f2d95bd190740cfd6a3359,ENQUEUED,0.2658145330531114,questions_in
2025-10-28T23:59:33.748519,PUBLISH,040f0fd6df63462d9c34d74690a99f8a,68f2d95bd190740cfd6a212b,ENQUEUED,0.3786904994367385,questions_in
2025-10-28T23:59:34.175715,PUBLISH,e4246d32883d4cf19fea927360da86f3,68f2d95bd190740cfd6a2d85,ENQUEUED,0.419797062396726,questions_in
2025-10-28T23:59:34.299220,PUBLISH,43e627a6a297496a89f4ab7197b5af18,68f2d95bd190740cfd6a1db6,ENQUEUED,0.1218766416493427,questions_in
2025-10-28T23:59:34.416439,PUBLISH,eb086a283ff84b4584a21fdb31d0d493,68f2d95bd190740cfd6a278c,ENQUEUED,0.11494650880404499,questions_in
2025-10-28T23:59:34.846930,PUBLISH,c6f311b5125040849880066a1629ede4,68f2d95bd190740cfd6a3a10,ENQUEUED,0.4278443931227871,questions_in
2025-10-28T23:59:35.080674,PUBLISH,405bdfd7521c423a8b12f9883dcd611d,68f2d95bd190740cfd6a401d,ENQUEUED,0.23162329944156115,questions_in
2025-10-28T23:59:35.360984,PUBLISH,f54c1e51feff4d1faa972e7b861a9b97,68f2d95bd190740cfd6a41b2,ENQUEUED,0.2780857138654818,questions_in
2025-10-28T23:59:35.692605,PUBLISH,b3c923c25c61418c939688a49107628b,68f2d95bd190740cfd6a3174,ENQUEUED,0.32955947189285284,questions_in
2025-10-28T23:59:35.839578,PUBLISH,dc9fcc13bb39417bab567bf448df9292,68f2d95bd190740cfd6a20a4,ENQUEUED,0.14356022058451698,questions_in
2025-10-28T23:59:36.223037,PUBLISH,073f8348c227473aadc0028f420106df,68f2d95bd190740cfd6a3ab9,ENQUEUED,0.38089095075749047,questions_in
2025-10-28T23:59:36.500947,PUBLISH,e40b5a3352e346ca9175e41e0d84b82f,68f2d95bd190740cfd6a3712,ENQUEUED,0.27516117372032767,questions_in
2025-10-28T23:59:36.660402,PUBLISH,ae6344c3a7c849aab28a6653f1388cde,68f2d95bd190740cfd6a21c3,ENQUEUED,0.1573250282149894,questions_in
2025-10-28T23:59:36.998749,PUBLISH,e8242804f8bd458dacf1537f0e2c0a85,68f2d95bd190740cfd6a3dc2,ENQUEUED,0.33496650756557556,questions_in
2025-10-28T23:59:37.227476,PUBLISH,ea8300fa55b6456aa96bcb59320764e9,68f2d95bd190740cfd6a1bbb,ENQUEUED,0.22676833435739333,questions_in
2025-10-28T23:59:37.630274,PUBLISH,fc7233c499714554bfd91be830876d7b,68f2d95bd190740cfd6a351d,ENQUEUED,0.3976071416301161,questions_in
2025-10-28T23:59:37.893172,PUBLISH,36aa9ea9a64c456cab34f4e34462dff7,68f2d95bd190740cfd6a382a,ENQUEUED,0.26066362341235216,questions_in
2025-10-28T23:59:38.320731,PUBLISH,5eec1d3cf0bc4af89d9a1fca84ad83be,68f2d95bd190740cfd6a3242,ENQUEUED,0.42174536363545656,questions_in
2025-10-28T23:59:38.753808,PUBLISH,f0b171de9b0542b08f39f8a200f7fa5f,68f2d95bd190740cfd6a3a95,ENQUEUED,0.4286176451022513,questions_in
2025-10-28T23:59:39.100567,PUBLISH,17e61d91e9ea4f3c8f6f1006f8cc145f,68f2d95bd190740cfd6a3b52,ENQUEUED,0.34441831197158423,questions_in
2025-10-28T23:59:39.495072,PUBLISH,d9901b77b9a64e77832c7d4283997ff1,68f2d95bd190740cfd6a2ed9,ENQUEUED,0.39212916741577186,questions_in
2025-10-28T23:59:39.974888,PUBLISH,d7b5a46bcbff4d719289617e3ff47b5f,68f2d95bd190740cfd6a3a68,ENQUEUED,0.47754098531221156,questions_in
2025-10-28T23:59:40.208208,PUBLISH,e3f76a05275b481885d380faa18c1809,68f2d95bd190740cfd6a272c,ENQUEUED,0.23038280146670537,questions_in
2025-10-28T23:59:40.333060,PUBLISH,8b886b70acfe49918763ff0140b181ff,68f2d95bd190740cfd6a20ba,ENQUEUED,0.12278761251958788,questions_in
2025-10-28T23:59:40.787904,PUBLISH,0a42c8bf4e9a48bc99a9bcd02f81d395,68f2d95bd190740cfd6a3aca,ENQUEUED,0.45166988177974976,questions_in
2025-10-28T23:59:41.187586,PUBLISH,9184ee8faad74e88988802e595e64639,68f2d95bd190740cfd6a2e20,ENQUEUED,0.3962218896139684,questions_in
2025-10-28T23:59:41.397812,PUBLISH,542e6776057d47f4b43a4d614bbcceaf,68f2d95bd190740cfd6a3421,ENQUEUED,0.2082752286675511,questions_in
2025-10-28T23:59:41.722593,PUBLISH,5cdab23d020344d8bd737425328174e4,68f2d95bd190740cfd6a2b7f,ENQUEUED,0.3222878069512911,questions_in
2025-10-28T23:59:42.223942,PUBLISH,1865798ee6804b4e90127a490767357e,68f2d95bd190740cfd6a37ca,ENQUEUED,0.4991429731789875,questions_in
2025-10-28T23:59:42.712195,PUBLISH,f04067536c46442fa390fe8b334c517b,68f2d95bd190740cfd6a2a32,ENQUEUED,0.48571393360895276,questions_in
2025-10-28T23:59:43.143423,PUBLISH,ef3d3d622d9f455d8a682627757cd689,68f2d95bd190740cfd6a2219,ENQUEUED,0.42918984293864604,questions_in
2025-10-28T23:59:43.456329,PUBLISH,8f2c144fd27e4850b80b9e07eb6789f1,68f2d95bd190740cfd6a2b40,ENQUEUED,0.3108169195030229,questions_in
2025-10-28T23:59:43.621720,PUBLISH,02494f02c8a54fe0aae4c80812ae390a,68f2d95bd190740cfd6a37d0,ENQUEUED,0.160272985819871,questions_in
2025-10-28T23:59:43.922796,PUBLISH,67aab13088544103a1fd524215b5bde8,68f2d95bd190740cfd6a354c,ENQUEUED,0.2989491044548283,questions_in
2025-10-28T23:59:44.386888,PUBLISH,a5881757c0414146998735c8e7d3c088,68f2d95bd190740cfd6a2c5b,ENQUEUED,0.4608646599506757,questions_in
2025-10-28T23:59:44.510116,PUBLISH,ec97782fdb404fdc910f7163e746da88,68f2d95bd190740cfd6a2800,ENQUEUED,0.12098378893575648,questions_in
2025-10-28T23:59:44.847513,PUBLISH,0c5e6f3587db4da5a02f3166b7ef54d1,68f2d95bd190740cfd6a37c0,ENQUEUED,0.3350143884398747,questions_in
2025-10-28T23:59:45.293127,PUBLISH,fa16df8d5b814ee48b50f4b93e42b2fd,68f2d95bd190740cfd6a29b2,ENQUEUED,0.44320385651212735,questions_in
2025-10-28T23:59:45.570790,PUBLISH,5d7ae24261804f3db4742d968fb8f448,68f2d95bd190740cfd6a39fc,ENQUEUED,0.2737403674863228,questions_in
2025-10-28T23:59:45.888954,PUBLISH,ad541c60ecdf4b56a25575bc2d24cad1,68f2d95bd190740cfd6a3a81,ENQUEUED,0.311236917422463,questions_in
2025-10-28T23:59:46.060798,PUBLISH,bdda2498cac44fbab36a0d4b3f6efe65,68f2d95bd190740cfd6a3b2c,ENQUEUED,0.16979583386896016,questions_in
2025-10-28T23:59:46.258204,PUBLISH,f646aa75e0ea477c96f75e146a478b04,68f2d95bd190740cfd6a1ae2,ENQUEUED,0.19159713431266845,questions_in
2025-10-28T23:59:46.614297,PUBLISH,41b0c71416594661ba978cc85007331f,68f2d95bd190740cfd6a4186,ENQUEUED,0.3525386200692827,questions_in
2025-10-28T23:59:46.837588,PUBLISH,53928c8920ce4f149b9ebf1b9579032f,68f2d95bd190740cfd6a2c6a,ENQUEUED,0.2201356342638615,questions_in
2025-10-28T23:59:47.232900,PUBLISH,45a39126337f4b918c5eb4adb281471f,68f2d95bd190740cfd6a3f36,ENQUEUED,0.39298979728736094,questions_in
2025-10-28T23:59:47.348977,PUBLISH,5424a8f6021b44f781fb7a6c4b87ffbe,68f2d95bd190740cfd6a2a38,ENQUEUED,0.11330356435557128,questions_in
2025-10-28T23:59:47.714726,PUBLISH,33422b216a8b4f31ba5ea20b37904a63,68f2d95bd190740cfd6a29f0,ENQUEUED,0.3632732332701084,questions_in
2025-10-28T23:59:48.057959,PUBLISH,0274c55e35954f69b136df7e26fa36ea,68f2d95bd190740cfd6a30f3,ENQUEUED,0.341005998459754,questions_in
2025-10-28T23:59:48.228122,PUBLISH,9eaf057152b34471a5cc98325f62d9d9,68f2d95bd190740cfd6a3574,ENQUEUED,0.16807674397956096,questions_in
2025-10-28T23:59:48.430209,PUBLISH,58e7be1bb8f94e85a5e542fa1e58432e,68f2d95bd190740cfd6a2e93,ENQUEUED,0.20005803690865034,questions_in
2025-10-28T23:59:48.857868,PUBLISH,3f8ec7ddfba9406bbd6b5d7389759d83,68f2d95bd190740cfd6a2686,ENQUEUED,0.4256830347717315,questions_in
2025-10-28T23:59:49.192122,PUBLISH,b415658f4b2948e181237292c0f7c7ee,68f2d95bd190740cfd6a2604,ENQUEUED,0.332365844216574,questions_in
2025-10-28T23:59:49.588831,PUBLISH,b950fa15ca38488a8144742024622fca,68f2d95bd190740cfd6a3110,ENQUEUED,0.38951247130435473,questions_in
2025-10-28T23:59:49.936062,PUBLISH,107c17a55c6b42ca99120529e4c9f86e,68f2d95bd190740cfd6a3d92,ENQUEUED,0.34405523352747513,questions_in
2025-10-28T23:59:50.254401,PUBLISH,9c28fc31f6a248d2aa8b0822dde4898d,68f2d95bd190740cfd6a2443,ENQUEUED,0.3130672925288934,questions_in
2025-10-28T23:59:50.602271,PUBLISH,829fefe340c54dc08057c8c17796a075,68f2d95bd190740cfd6a3ae2,ENQUEUED,0.3426122038685733,questions_in
2025-10-28T23:59:50.785010,PUBLISH,3a1e51112ce9454c9b23a970fb9f643b,68f2d95bd190740cfd6a2b70,ENQUEUED,0.1777555999040391,questions_in
2025-10-28T23:59:51.121497,PUBLISH,5b36cbf5617746a2b094fe25c52c566e,68f2d95bd190740cfd6a2a98,ENQUEUED,0.33002795887471004,questions_in
2025-10-28T23:59:51.465261,PUBLISH,1058e64b47d1467bb7bce4210293b7e3,68f2d95bd190740cfd6a3701,ENQUEUED,0.34171890937782734,questions_in
2025-10-28T23:59:51.863151,PUBLISH,d822278b3abe4ca7bfb1b81fcce9ab65,68f2d95bd190740cfd6a3ae2,ENQUEUED,0.3917338160841265,questions_in
2025-10-28T23:59:52.258353,PUBLISH,66cb7992e58f4ba187788cd8590007ae,68f2d95bd190740cfd6a281b,ENQUEUED,0.3893472784993498,questions_in
2025-10-28T23:59:52.654731,PUBLISH,b4cba797e1124ea295488c34222f40b4,68f2d95bd190740cfd6a2210,ENQUEUED,0.3908995702844197,questions_in
2025-10-28T23:59:52.845167,PUBLISH,b7aff1c17be54241998538186ac38ae1,68f2d95bd190740cfd6a3eca,ENQUEUED,0.18539489381230792,questions_in
2025-10-28T23:59:53.259607,PUBLISH,d30577290ce94147a903c984e6871003,68f2d95bd190740cfd6a375c,ENQUEUED,0.409178835416768,questions_in
2025-10-28T23:59:53.486759,PUBLISH,a9d22bfe38624cc3b558fd623e5e9532,68f2d95bd190740cfd6a41d0,ENQUEUED,0.2214515946626289,questions_in
2025-10-28T23:59:53.865186,PUBLISH,ed5846b3abcf49a0a2cc071baa04cc9a,68f2d95bd190740cfd6a1c5e,ENQUEUED,0.37642168627274075,questions_in
2025-10-28T23:59:54.007048,PUBLISH,5506eb1866e04e76abc79ee9f4b8189a,68f2d95bd190740cfd6a1e7f,ENQUEUED,0.13525523979291032,questions_in
2025-10-28T23:59:54.322454,PUBLISH,c252cb322ad14d108b2994c5ffa1fd76,68f2d95bd190740cfd6a3180,ENQUEUED,0.31204654778711927,questions_in
2025-10-28T23:59:54.773895,PUBLISH,3ee46a8db4ee41e28ae1c579a3504012,68f2d95bd190740cfd6a36ef,ENQUEUED,0.44618044131827006,questions_in
2025-10-28T23:59:55.018736,PUBLISH,fe98baa1a51a4cddb70568b0b158f8f9,68f2d95bd190740cfd6a40d1,ENQUEUED,0.2431603797577716,questions_in
2025-10-28T23:59:55.391560,PUBLISH,119781e952c24bcdb8c33133e4024dd2,68f2d95bd190740cfd6a3bcb,ENQUEUED,0.36593213459862006,questions_in
2025-10-28T23:59:55.649044,PUBLISH,f0a771a4cd3840b3952b37e32c1f524d,68f2d95bd190740cfd6a29b2,ENQUEUED,0.25231095923607394,questions_in
2025-10-28T23:59:55.875596,PUBLISH,f7a0b28eaca5487996df02c2261e452b,68f2d95bd190740cfd6a2086,ENQUEUED,0.2206998168635509,questions_in
2025-10-28T23:59:55.991410,PUBLISH,c3b4b5091c39405ebc0380928b44bf9b,68f2d95bd190740cfd6a39aa,ENQUEUED,0.10983450488626666,questions_in
2025-10-28T23:59:56.422362,PUBLISH,3de316ab05334f68835a2c4c49250e43,68f2d95bd190740cfd6a1e3a,ENQUEUED,0.4242462343652075,questions_in
2025-10-28T23:59:56.793522,PUBLISH,09a841ecbf5643709022853a35cb2351,68f2d95bd190740cfd6a2291,ENQUEUED,0.3654817118071215,questions_in
2025-10-28T23:59:56.986509,PUBLISH,1849d4065b7b4451b8076cf651e58a9f,68f2d95bd190740cfd6a3ecc,ENQUEUED,0.18650915977857863,questions_in
2025-10-28T23:59:57.360265,PUBLISH,4bbec4c8e33346428aec14b399b4b13d,68f2d95bd190740cfd6a33b3,ENQUEUED,0.3677282215760945,questions_in
2025-10-28T23:59:57.576376,PUBLISH,bedb85abf387424ea9f4e9fccf77141e,68f2d95bd190740cfd6a3f4b,ENQUEUED,0.21021006482908527,questions_in
2025-10-28T23:59:57.717777,PUBLISH,08eafbc31a9643a29d8bc41a105de0d1,68f2d95bd190740cfd6a28f1,ENQUEUED,0.13579897581064124,questions_in
2025-10-28T23:59:57.915211,PUBLISH,8ae136c96b27492c99c580fac3974986,68f2d95bd190740cfd6a26b5,ENQUEUED,0.19058970744408038,questions_in
2025-10-28T23:59:58.333928,PUBLISH,e41a7c6d441347eaba60bbedb8729179,68f2d95bd190740cfd6a26ad,ENQUEUED,0.41635420344110063,questions_in
2025-10-28T23:59:58.683173,PUBLISH,0c1f2be0d3254d40978b34a2f8076cc3,68f2d95bd190740cfd6a2f70,ENQUEUED,0.3435757045859288,questions_in
2025-10-28T23:59:58.853189,PUBLISH,5120c3f40b624438a4dcf8f310c23cbf,68f2d95bd190740cfd6a28ca,ENQUEUED,0.16416311955988272,questions_in
2025-10-28T23:59:59.197288,PUBLISH,d9b42eccb8d84d41b53e7a3d1af392bc,68f2d95bd190740cfd6a3caf,ENQUEUED,0.338305299699584,questions_in
2025-10-28T23:59:59.676525,PUBLISH,502d696fda8f42bba61925809684d96a,68f2d95bd190740cfd6a28a7,ENQUEUED,0.4738805285345511,questions_in
2025-10-29T00:00:00.117339,PUBLISH,d006ad1ca51a4561b85f77fac171e956,68f2d95bd190740cfd6a4065,ENQUEUED,0.4349465023394593,questions_in
2025-10-29T00:00:00.278320,PUBLISH,4f124e75c59e4550b8847df66706ebfd,68f2d95bd190740cfd6a1b3b,ENQUEUED,0.15560259751020597,questions_in
2025-10-29T00:00:00.684131,PUBLISH,ba59ea84f0824df9a4be17e0fc75664b,68f2d95bd190740cfd6a24df,ENQUEUED,0.40046442033970797,questions_in
2025-10-29T00:00:01.034251,PUBLISH,e8906ab07029490f828a5ee497283763,68f2d95bd190740cfd6a3bf5,ENQUEUED,0.3444045146199941,questions_in
2025-10-29T00:00:01.531481,PUBLISH,b2872e2262184de3b8f2ba31bc0852e1,68f2d95bd190740cfd6a2d3e,ENQUEUED,0.49108857294910513,questions_in
2025-10-29T00:00:01.793272,PUBLISH,4c43fb5d58ce44738e03f29e10edb4f1,68f2d95bd190740cfd6a406b,ENQUEUED,0.25604605926354923,questions_in
2025-10-29T00:00:01.968647,PUBLISH,47ef17fca37a4ef88d1e7db560973d8e,68f2d95bd190740cfd6a2d5f,ENQUEUED,0.1695813587072484,questions_in
2025-10-29T00:00:02.150688,PUBLISH,d966e674e4844d6d99f7f2fac869402c,68f2d95bd190740cfd6a3668,ENQUEUED,0.17653290163930074,questions_in
2025-10-29T00:00:02.477321,PUBLISH,3cd6751867f1435b941b11117eb423f3,68f2d95bd190740cfd6a318a,ENQUEUED,0.3206454139658499,questions_in
2025-10-29T00:00:02.677379,PUBLISH,78afc6d3827b49099024a692b212fc62,68f2d95bd190740cfd6a30a7,ENQUEUED,0.193177205363317,questions_in
2025-10-29T00:00:02.832297,PUBLISH,b3946382c10b412da5baa2e267150972,68f2d95bd190740cfd6a3794,ENQUEUED,0.14919844042773192,questions_in
2025-10-29T00:00:03.227668,PUBLISH,88a66c58d2fb4580ae21880c6c18735b,68f2d95bd190740cfd6a2054,ENQUEUED,0.39014663474197797,questions_in
2025-10-29T00:00:03.727233,PUBLISH,72faa1d3f4e745b091b4d1340bebdbfb,68f2d95bd190740cfd6a1de4,ENQUEUED,0.4978299965669549,questions_in
2025-10-29T00:00:03.999300,PUBLISH,791c966aadb343b1827f075fca058c2f,68f2d95bd190740cfd6a3b69,ENQUEUED,0.2657854053868378,questions_in
2025-10-29T00:00:04.357504,PUBLISH,d54a08aaee714e6a880ed78be0915c17,68f2d95bd190740cfd6a2878,ENQUEUED,0.3560752489421569,questions_in
2025-10-29T00:00:04.711063,PUBLISH,d9aec440480047b2a252c08eb6f7256d,68f2d95bd190740cfd6a2538,ENQUEUED,0.34826143951333993,questions_in
2025-10-29T00:00:05.062550,PUBLISH,fd6dc921fa594d3aa44e023c6c8cc67e,68f2d95bd190740cfd6a3219,ENQUEUED,0.3492281337100456,questions_in
2025-10-29T00:00:05.316694,PUBLISH,41fbd040be904dfba3728a36eff57a95,68f2d95bd190740cfd6a2348,ENQUEUED,0.24901366302097427,questions_in
2025-10-29T00:00:05.616422,PUBLISH,751ecbebb99e4fff85015522fc0d0c0a,68f2d95bd190740cfd6a1ce1,ENQUEUED,0.29402834601334,questions_in
2025-10-29T00:00:05.920719,PUBLISH,9cd525d87b154deb96cdf9f1e8571de4,68f2d95bd190740cfd6a2a56,ENQUEUED,0.29777910046682154,questions_in
2025-10-29T00:00:06.252037,PUBLISH,49bac552701a4b64a9f36bcf292075c5,68f2d95bd190740cfd6a2c08,ENQUEUED,0.32525224718297485,questions_in
2025-10-29T00:00:06.733523,PUBLISH,bfe885ed65e9470993deac5b3de83dcb,68f2d95bd190740cfd6a1cdf,ENQUEUED,0.4758246710895614,questions_in
2025-10-29T00:00:07.016682,PUBLISH,321cd57b9be949b38767dcaf4b6bfc1d,68f2d95bd190740cfd6a20ea,ENQUEUED,0.2770007322678406,questions_in
2025-10-29T00:00:07.237326,PUBLISH,7f2976aaf6c649a2b25102b0d7d9d4a7,68f2d95bd190740cfd6a41a5,ENQUEUED,0.21511868012785645,questions_in
2025-10-29T00:00:07.477660,PUBLISH,8d10202e99c443f988266af27be15ec6,68f2d95bd190740cfd6a349c,ENQUEUED,0.2386284873761446,questions_in
2025-10-29T00:00:07.954241,PUBLISH,88aac36b158a4bd89ccb2f056ba839cb,68f2d95bd190740cfd6a3f00,ENQUEUED,0.46817737265924353,questions_in
2025-10-29T00:00:08.158670,PUBLISH,474221f4186a41429597858996b7269c,68f2d95bd190740cfd6a226f,ENQUEUED,0.19790564401369057,questions_in
2025-10-29T00:00:08.521381,PUBLISH,2991e346f14e4e06a6af8e400b0269b8,68f2d95bd190740cfd6a1c4b,ENQUEUED,0.3568000898797544,questions_in
2025-10-29T00:00:08.917039,PUBLISH,10b46900054e4fd8a088f33e92014c95,68f2d95bd190740cfd6a370f,ENQUEUED,0.38925736528658494,questions_in
2025-10-29T00:00:09.213657,PUBLISH,1afa13e2a7b6435f94d735e4dbd6e23b,68f2d95bd190740cfd6a1b39,ENQUEUED,0.2909487308603008,questions_in
2025-10-29T00:00:09.486670,PUBLISH,045a213d6c5641fb8ea7cdbe8331b089,68f2d95bd190740cfd6a2913,ENQUEUED,0.26682473956142055,questions_in
2025-10-29T00:00:09.641504,PUBLISH,105f993342ed4139b518a5d668ab3b90,68f2d95bd190740cfd6a3fe1,ENQUEUED,0.14975926177205376,questions_in
2025-10-29T00:00:10.021070,PUBLISH,8d64cd93893648faada1817e31bd4d2e,68f2d95bd190740cfd6a3c09,ENQUEUED,0.37213969202086605,questions_in
2025-10-29T00:00:10.330205,PUBLISH,638c69e9f56c4a9a878497285243050b,68f2d95bd190740cfd6a2894,ENQUEUED,0.3031785556802358,questions_in
2025-10-29T00:00:10.575158,PUBLISH,df1794f421474619a33488bb1d035314,68f2d95bd190740cfd6a33bc,ENQUEUED,0.24281317350782994,questions_in
2025-10-29T00:00:10.975806,PUBLISH,594769f715844921a1e8c532eeda3fab,68f2d95bd190740cfd6a3658,ENQUEUED,0.39351366004417354,questions_in
2025-10-29T00:00:11.086777,PUBLISH,d31282c0f642481ea5f9c3d979d53c3f,68f2d95bd190740cfd6a2e89,ENQUEUED,0.10683595460282609,questions_in
2025-10-29T00:00:11.556934,PUBLISH,b8f0d6b2effa4078b5f62ce1012a2588,68f2d95bd190740cfd6a3384,ENQUEUED,0.4636017511011392,questions_in
2025-10-29T00:00:11.829369,PUBLISH,9d1aca889b4a475c9ddb9ca5c2570166,68f2d95bd190740cfd6a3852,ENQUEUED,0.2660857305065254,questions_in
2025-10-29T00:00:12.193777,PUBLISH,150bd6b46c9b4d27a3a8baafbc57ec4c,68f2d95bd190740cfd6a2295,ENQUEUED,0.359047007842786,questions_in
2025-10-29T00:00:12.501355,PUBLISH,531aad176b264c00aa0920833a3156f3,68f2d95bd190740cfd6a3a80,ENQUEUED,0.30166368803541693,questions_in
2025-10-29T00:00:12.642222,PUBLISH,86853cb754f548a9906b092e010a1444,68f2d95bd190740cfd6a205a,ENQUEUED,0.13396116024098484,questions_in
2025-10-29T00:00:12.788678,PUBLISH,efaf008c0109459591ce6621b463b0eb,68f2d95bd190740cfd6a252b,ENQUEUED,0.14153579562591176,questions_in
2025-10-29T00:00:13.066090,PUBLISH,e4f2d5ade87345d197c8409d8b884031,68f2d95bd190740cfd6a378f,ENQUEUED,0.27129838214135626,questions_in
2025-10-29T00:00:13.236215,PUBLISH,b5073410b79942c0b83f43e89f96942a,68f2d95bd190740cfd6a2578,ENQUEUED,0.16393093283433663,questions_in
2025-10-29T00:00:13.732764,PUBLISH,a39b590f5f0e441da123d3a32189d97c,68f2d95bd190740cfd6a23f3,ENQUEUED,0.4941336208792463,questions_in
2025-10-29T00:00:13.864689,PUBLISH,712d6b0c3c21455aaab023d10bc42bb9,68f2d95bd190740cfd6a1dcb,ENQUEUED,0.12493462340210955,questions_in
2025-10-29T00:00:14.352288,PUBLISH,682a2a43468a46ecb75695bd6ba71579,68f2d95bd190740cfd6a35aa,ENQUEUED,0.48145284638594654,questions_in
2025-10-29T00:00:14.826759,PUBLISH,481888dd520e4fedb017989fa10857a4,68f2d95bd190740cfd6a3edb,ENQUEUED,0.4685436684996549,questions_in
2025-10-29T00:00:15.135757,PUBLISH,c6e9096f0a3e4e37b7a460ce58e94a26,68f2d95bd190740cfd6a3d22,ENQUEUED,0.29825586259505,questions_in
2025-10-29T00:00:15.499757,PUBLISH,898df8c53c3d44c2bb004bf6f9a3c3ff,68f2d95bd190740cfd6a3fdf,ENQUEUED,0.3608674384565028,questions_in
2025-10-29T00:00:15.711494,PUBLISH,193286937b414b828d43afe174c0e294,68f2d95bd190740cfd6a324c,ENQUEUED,0.20883210686814546,questions_in
2025-10-29T00:00:15.903022,PUBLISH,92f760907b2d4e2aa8af1e36e59e0b83,68f2d95bd190740cfd6a3250,ENQUEUED,0.18527037517535,questions_in
2025-10-29T00:00:16.290757,PUBLISH,019f51865f464897851ac7afef5de69a,68f2d95bd190740cfd6a2fd5,ENQUEUED,0.38493084704691005,questions_in
2025-10-29T00:00:16.430769,PUBLISH,0d46d7e3a50d49dfb8292b30d2c2aecc,68f2d95bd190740cfd6a3d2d,ENQUEUED,0.1363343407382628,questions_in
2025-10-29T00:00:16.639862,PUBLISH,9c30d92dc61e408baf58c9e6b1711881,68f2d95bd190740cfd6a2f19,ENQUEUED,0.2065602658461887,questions_in
2025-10-29T00:00:16.929074,PUBLISH,b121df5c563343df8445480a1c35bded,68f2d95bd190740cfd6a2a09,ENQUEUED,0.28495401077842675,questions_in
2025-10-29T00:00:17.129523,PUBLISH,c851bf0fd06041d2804d86b83d652621,68f2d95bd190740cfd6a2c59,ENQUEUED,0.19510680957292062,questions_in
2025-10-29T00:00:17.602028,PUBLISH,255a4a2bdda74ba78a0088f83e5a9210,68f2d95bd190740cfd6a3dbc,ENQUEUED,0.46987337163409537,questions_in
2025-10-29T00:00:17.766929,PUBLISH,cca8a9c09f30418cb0ce36b68fd9dd67,68f2d95bd190740cfd6a3eab,ENQUEUED,0.16270757284360093,questions_in
2025-10-29T00:00:18.241082,PUBLISH,9b3c3b9628194594be8ae83b7e1e6443,68f2d95bd190740cfd6a2b07,ENQUEUED,0.4717169953880419,questions_in
2025-10-29T00:00:18.468671,PUBLISH,158608907f724fa2aaeb936a824433c3,68f2d95bd190740cfd6a3644,ENQUEUED,0.2254540159871565,questions_in
2025-10-29T00:00:18.673429,PUBLISH,1011061cdd1748ee894b32ba94f22f9e,68f2d95bd190740cfd6a1e6b,ENQUEUED,0.19911596011208288,questions_in
2025-10-29T00:00:18.810646,PUBLISH,339318840cb446f5ae0f7dc2949391ec,68f2d95bd190740cfd6a2338,ENQUEUED,0.13280006828022586,questions_in
2025-10-29T00:00:18.928517,PUBLISH,f893a0a31ecc417ebf03ffc40449a1a0,68f2d95bd190740cfd6a3a56,ENQUEUED,0.11439679378665542,questions_in
2025-10-29T00:00:19.144581,PUBLISH,11a16ba1f7b54e448eebd8cf818f4835,68f2d95bd190740cfd6a3c57,ENQUEUED,0.20973822313294965,questions_in
2025-10-29T00:00:19.557412,PUBLISH,e974d3dbdd3d4e108602e1776f4d57c7,68f2d95bd190740cfd6a2b7e,ENQUEUED,0.4109278293084473,questions_in
2025-10-29T00:00:19.747990,PUBLISH,268ca53e7e024969bf7babe99482f033,68f2d95bd190740cfd6a204c,ENQUEUED,0.18672863606830356,questions_in
2025-10-29T00:00:20.216731,PUBLISH,22b19ca723ae452e9ce3a9b9acfcb861,68f2d95bd190740cfd6a1df4,ENQUEUED,0.46663640115124116,questions_in
2025-10-29T00:00:20.511257,PUBLISH,6b75a8ee173048c7a4f3b063d0aa3127,68f2d95bd190740cfd6a29d3,ENQUEUED,0.2910441795261699,questions_in
2025-10-29T00:00:20.705397,PUBLISH,5f59c4eb0a2a40479406e325ab39888b,68f2d95bd190740cfd6a2fd9,ENQUEUED,0.19233146674667473,questions_in
2025-10-29T00:00:20.954852,PUBLISH,be44d9d7bcf447598c1077c6c5cd0878,68f2d95bd190740cfd6a2ace,ENQUEUED,0.2463363704278142,questions_in
2025-10-29T00:00:21.393234,PUBLISH,7ee2382bd4e34869beea593290c24f16,68f2d95bd190740cfd6a241f,ENQUEUED,0.4352857788652932,questions_in
2025-10-29T00:00:21.830231,PUBLISH,0c6380feff8047468840a8f31b059a0e,68f2d95bd190740cfd6a40af,ENQUEUED,0.4339354043555631,questions_in
2025-10-29T00:00:22.151500,PUBLISH,95c4aa91e79a404d83b2145e17aedba4,68f2d95bd190740cfd6a3b87,ENQUEUED,0.3127135265324206,questions_in
2025-10-29T00:00:22.335173,PUBLISH,b775c2f50b5044ecb1ff165ea104769b,68f2d95bd190740cfd6a20bd,ENQUEUED,0.18156837132456638,questions_in
2025-10-29T00:00:22.585753,PUBLISH,2f842ff21a204abcbbbac73f6edaab34,68f2d95bd190740cfd6a2524,ENQUEUED,0.24823185292716993,questions_in
2025-10-29T00:00:22.925806,PUBLISH,8bf8a5822b634b2fb235f7b06fe501bf,68f2d95bd190740cfd6a3ba0,ENQUEUED,0.3376994078534893,questions_in
2025-10-29T00:00:23.147018,PUBLISH,f214ada261854752abd2330ca4b0a53d,68f2d95bd190740cfd6a3d59,ENQUEUED,0.21920162151499284,questions_in
2025-10-29T00:00:23.301345,PUBLISH,4434096f540048a9a45b00a9f80e58f4,68f2d95bd190740cfd6a20ee,ENQUEUED,0.1525286915250007,questions_in
2025-10-29T00:00:23.586664,PUBLISH,e8bac5eb42b34770b7758389b2e1c327,68f2d95bd190740cfd6a2d67,ENQUEUED,0.27925425244444263,questions_in
2025-10-29T00:00:23.941305,PUBLISH,e5765153665a4c8f9c4f2caeaa4752d8,68f2d95bd190740cfd6a2067,ENQUEUED,0.34868941600508196,questions_in
2025-10-29T00:00:24.235427,PUBLISH,c4283196a3d2488784eca4f9ee0993c7,68f2d95bd190740cfd6a41cb,ENQUEUED,0.2920674890464702,questions_in
2025-10-29T00:00:24.437692,PUBLISH,316377569f83450c9783f21f5e7c99f5,68f2d95bd190740cfd6a22a9,ENQUEUED,0.19892275562826345,questions_in
2025-10-29T00:00:24.677912,PUBLISH,55b8ed2625114adc90dbcc37f1eff6b1,68f2d95bd190740cfd6a329b,ENQUEUED,0.236169536726617,questions_in
2025-10-29T00:00:24.961055,PUBLISH,7f86b1d723f24525a9cb0f2d416fbc96,68f2d95bd190740cfd6a3f43,ENQUEUED,0.27925014325065833,questions_in
2025-10-29T00:00:25.337051,PUBLISH,6c06c284590b458b9defb8d9a5f90bb1,68f2d95bd190740cfd6a395e,ENQUEUED,0.36977743923285056,questions_in
2025-10-29T00:00:25.666541,PUBLISH,a4b6fd16c6244527a72c51c3afef49b6,68f2d95bd190740cfd6a1fb4,ENQUEUED,0.3219315769256107,questions_in
2025-10-29T00:00:26.039517,PUBLISH,9d9d4b232e7f4404b253930ef61b86f7,68f2d95bd190740cfd6a2a1b,ENQUEUED,0.37081668924738875,questions_in
2025-10-29T00:00:26.521581,PUBLISH,6d0129557eae4f0b8dd385c84cd1c94e,68f2d95bd190740cfd6a3061,ENQUEUED,0.479690421489386,questions_in
2025-10-29T00:00:26.909163,PUBLISH,2323427b7a39466e8b705671ffee331b,68f2d95bd190740cfd6a21ad,ENQUEUED,0.38429519391114775,questions_in
2025-10-29T00:00:27.383611,PUBLISH,00ea15f2faaf433682567df01bb657ae,68f2d95bd190740cfd6a2d29,ENQUEUED,0.4675788245323187,questions_in
2025-10-29T00:00:27.798217,PUBLISH,8110a31d81614c918ae155e7587d5c09,68f2d95bd190740cfd6a2390,ENQUEUED,0.41072124242868824,questions_in
2025-10-29T00:00:28.132328,PUBLISH,937fc5c4b4f8444fb780391d9041f035,68f2d95bd190740cfd6a3157,ENQUEUED,0.3319725631903103,questions_in
2025-10-29T00:00:28.577008,PUBLISH,0ceee17e90ba48f98ab5df42b1017b45,68f2d95bd190740cfd6a23ae,ENQUEUED,0.44027882229395376,questions_in
2025-10-29T00:00:28.900320,PUBLISH,aac6f0d9362f46e9b18987e6435941d8,68f2d95bd190740cfd6a215a,ENQUEUED,0.32087615033469974,questions_in
2025-10-29T00:00:29.288889,PUBLISH,4c67224fd9684e46b0886e695de4e863,68f2d95bd190740cfd6a25c5,ENQUEUED,0.3823640894042699,questions_in
2025-10-29T00:00:29.663267,PUBLISH,b6d33bcd96e14b938a0c1b05782c7598,68f2d95bd190740cfd6a2ddc,ENQUEUED,0.37182108965462046,questions_in
2025-10-29T00:00:29.972927,PUBLISH,71c4b17554224238888005b8a7542ca9,68f2d95bd190740cfd6a3bfa,ENQUEUED,0.3074514836953789,questions_in
2025-10-29T00:00:30.251160,PUBLISH,518a9822863a4c0ebc9c5311499dc321,68f2d95bd190740cfd6a2359,ENQUEUED,0.2755841364786451,questions_in
2025-10-29T00:00:30.411254,PUBLISH,58617ab796aa494dbae1611966c42336,68f2d95bd190740cfd6a2b0b,ENQUEUED,0.15658538862789528,questions_in
2025-10-29T00:00:30.582232,PUBLISH,0848c0570fef4da398bdf98dd82b43c8,68f2d95bd190740cfd6a1c31,ENQUEUED,0.16876875354186271,questions_in
2025-10-29T00:00:30.967600,PUBLISH,fbcf752caf8449e7850582379256f0b1,68f2d95bd190740cfd6a3b25,ENQUEUED,0.3765664184564298,questions_in
2025-10-29T00:00:31.325201,PUBLISH,50f3190c2e594c61a141499c18142ce9,68f2d95bd190740cfd6a3c04,ENQUEUED,0.35299241850761487,questions_in
2025-10-29T00:00:31.826183,PUBLISH,abcf3765b19e49469ca41ab955e0d7bb,68f2d95bd190740cfd6a3e67,ENQUEUED,0.49709948758136235,questions_in
2025-10-29T00:00:32.146288,PUBLISH,bdbfd255c35d4c6ea6c134174a5625ad,68f2d95bd190740cfd6a1d06,ENQUEUED,0.3133398610985245,questions_in
2025-10-29T00:00:32.620075,PUBLISH,4303f57867704b3392f9657e10a5266a,68f2d95bd190740cfd6a2156,ENQUEUED,0.47114005591254204,questions_in
2025-10-29T00:00:32.905326,PUBLISH,4bceb935eafa473fb7ea65e2c4970b67,68f2d95bd190740cfd6a3ee2,ENQUEUED,0.28307798370186854,questions_in
2025-10-29T00:00:33.181323,PUBLISH,08df1f5c7530470bbea3ba13a0c02515,68f2d95bd190740cfd6a232f,ENQUEUED,0.26738393691903345,questions_in
2025-10-29T00:00:33.305302,PUBLISH,a172e32faf374b43906bc7df403e1900,68f2d95bd190740cfd6a3727,ENQUEUED,0.1169411180649945,questions_in
2025-10-29T00:00:33.778079,PUBLISH,331f1ac4f2dd439a9e64e786329bf059,68f2d95bd190740cfd6a410b,ENQUEUED,0.46566420237795636,questions_in
2025-10-29T00:00:34.079080,PUBLISH,8ea88797f9f74b6fbdda9758dfe15dc8,68f2d95bd190740cfd6a2e44,ENQUEUED,0.29854048631574914,questions_in
2025-10-29T00:00:34.335190,PUBLISH,0fac7f31c51d432bae74b045f0d7b591,68f2d95bd190740cfd6a3fd4,ENQUEUED,0.25376846981723933,questions_in
2025-10-29T00:00:34.548876,PUBLISH,da520de9ec174b9aab765c16b079f0bb,68f2d95bd190740cfd6a2767,ENQUEUED,0.21069445371038228,questions_in
2025-10-29T00:00:35.033294,PUBLISH,9d81f056e8be4801936e218572ec4a9e,68f2d95bd190740cfd6a32fe,ENQUEUED,0.4808307355042053,questions_in
2025-10-29T00:00:35.264076,PUBLISH,828c4d4eed4e4ca0b63ab65049088763,68f2d95bd190740cfd6a1bba,ENQUEUED,0.22842636773751535,questions_in
2025-10-29T00:00:35.714531,PUBLISH,9fc74461ee394077b566cac2180163b0,68f2d95bd190740cfd6a3bd3,ENQUEUED,0.4428337457371194,questions_in
2025-10-29T00:00:36.110169,PUBLISH,c8c851e669a1401a9b1f9cdb6fdabf89,68f2d95bd190740cfd6a2d12,ENQUEUED,0.39203271146447893,questions_in
2025-10-29T00:00:36.469230,PUBLISH,e21aa34e4a8d464d8bfc6950bfdf606f,68f2d95bd190740cfd6a1d57,ENQUEUED,0.350022304079012,questions_in
2025-10-29T00:00:36.692811,PUBLISH,738ecd5f1e324cf680419a66b3ce6e00,68f2d95bd190740cfd6a3023,ENQUEUED,0.22037666845172962,questions_in
2025-10-29T00:00:36.847827,PUBLISH,67f9e836ba5f4e50ae8ea8f09790206d,68f2d95bd190740cfd6a343c,ENQUEUED,0.15308296292940612,questions_in
2025-10-29T00:00:37.025859,PUBLISH,46ba5202781f475584134a49cf0fef0a,68f2d95bd190740cfd6a2fe2,ENQUEUED,0.17403737989286508,questions_in
2025-10-29T00:00:37.154664,PUBLISH,83a9d26aef724b4188aadfc80b48603d,68f2d95bd190740cfd6a279d,ENQUEUED,0.123574454953922,questions_in
2025-10-29T00:00:37.508948,PUBLISH,116ea5de4c244ebf80902438c5a5fde1,68f2d95bd190740cfd6a1ccd,ENQUEUED,0.34834987952376323,questions_in
2025-10-29T00:00:37.936691,PUBLISH,e73e9522eb0b4fd89b04111176879bd6,68f2d95bd190740cfd6a3cf2,ENQUEUED,0.42519641240670447,questions_in
2025-10-29T00:00:38.044300,PUBLISH,f4a29e9ecf054baa8c508471bcfced87,68f2d95bd190740cfd6a23ce,ENQUEUED,0.10466453346358495,questions_in
2025-10-29T00:00:38.405411,PUBLISH,3a4b1dd395b4411795870f6721ce3292,68f2d95bd190740cfd6a411b,ENQUEUED,0.3591861330060988,questions_in
2025-10-29T00:00:38.848429,PUBLISH,41c40acad948485fb77b42977691f3c5,68f2d95bd190740cfd6a2029,ENQUEUED,0.44061226088375605,questions_in
2025-10-29T00:00:39.336323,PUBLISH,f9f0d50a8069495d961c7705f6b2695e,68f2d95bd190740cfd6a2c01,ENQUEUED,0.48492373135462197,questions_in
2025-10-29T00:00:39.523064,PUBLISH,aee96ede48b54f05b3aa82f3cd95bd34,68f2d95bd190740cfd6a3f24,ENQUEUED,0.18366327098269314,questions_in
2025-10-29T00:00:39.986869,PUBLISH,83f12ee0d4cc49f69f63e85a7a285c88,68f2d95bd190740cfd6a3881,ENQUEUED,0.46159435578535557,questions_in
2025-10-29T00:00:40.311897,PUBLISH,01f346d75710464ca5514dd52b0e8fd8,68f2d95bd190740cfd6a1c58,ENQUEUED,0.32156349883474583,questions_in
2025-10-29T00:00:40.549726,PUBLISH,b128d9901bd24079a8972232350d1c45,68f2d95bd190740cfd6a3b82,ENQUEUED,0.2357284853053491,questions_in
2025-10-29T00:00:41.041930,PUBLISH,37ef761182f843019c261994d730c73b,68f2d95bd190740cfd6a34f8,ENQUEUED,0.48861919908947005,questions_in
2025-10-29T00:00:41.246065,PUBLISH,f93f72b908a64d5890f4f2af2145dddc,68f2d95bd190740cfd6a3496,ENQUEUED,0.20177243290347474,questions_in
2025-10-29T00:00:41.708043,PUBLISH,b2740ac0a94f4ab2aac1ec12fcdb1a69,68f2d95bd190740cfd6a3d98,ENQUEUED,0.4586435791404829,questions_in
2025-10-29T00:00:42.155851,PUBLISH,731b2f6ae9984d469ad8f87bba248104,68f2d95bd190740cfd6a2064,ENQUEUED,0.4414960342206208,questions_in
2025-10-29T00:00:42.615123,PUBLISH,4c0a6c1983f142b9a8bd93ea17ae415a,68f2d95bd190740cfd6a3a09,ENQUEUED,0.45719107536170356,questions_in
2025-10-29T00:00:43.070828,PUBLISH,8b040f48b6cc4008a5f8271d56555ba0,68f2d95bd190740cfd6a1f14,ENQUEUED,0.4533536224059951,questions_in
2025-10-29T00:00:43.369485,PUBLISH,483ce2b4aa134e12a7a9508b105d952b,68f2d95bd190740cfd6a2ee5,ENQUEUED,0.2962780196036688,questions_in
2025-10-29T00:00:43.869268,PUBLISH,51b4d123825a42e0b3fc48b0d4287934,68f2d95bd190740cfd6a308a,ENQUEUED,0.4975312093162362,questions_in
2025-10-29T00:00:44.241892,PUBLISH,9e7f3d55d9ce4db581a3d3f00b745f94,68f2d95bd190740cfd6a354c,ENQUEUED,0.3684543034218991,questions_in
2025-10-29T00:00:44.461921,PUBLISH,714bd3d1cd0d43729c21a14cff1487da,68f2d95bd190740cfd6a21c2,ENQUEUED,0.2127214075560866,questions_in
2025-10-29T00:00:44.861913,PUBLISH,904907a187a64ec0bb270eb87107abe6,68f2d95bd190740cfd6a2d05,ENQUEUED,0.3972539919442256,questions_in
2025-10-29T00:00:45.081130,PUBLISH,27a80d944b8b46ca84324a2bfe65e5fd,68f2d95bd190740cfd6a25bc,ENQUEUED,0.21685929402189785,questions_in
2025-10-29T00:00:45.376092,PUBLISH,5952e417c51e46dbbec2739175189d7c,68f2d95bd190740cfd6a2da0,ENQUEUED,0.2919140742134989,questions_in
2025-10-29T00:00:45.591391,PUBLISH,502651f02b2f44379c6213cda5ba56e7,68f2d95bd190740cfd6a1f4b,ENQUEUED,0.2117345326830029,questions_in
2025-10-29T00:00:45.961178,PUBLISH,3042df3faee34ae892991d9aafa2087d,68f2d95bd190740cfd6a2e66,ENQUEUED,0.36204012374372685,questions_in
2025-10-29T00:00:46.152079,PUBLISH,6a3aee3c4d0646eaaf996c4daffe2ca2,68f2d95bd190740cfd6a1b1b,ENQUEUED,0.1887016104618073,questions_in
2025-10-29T00:00:46.481611,PUBLISH,dd35b311a6b646db851b0e954a8f46a6,68f2d95bd190740cfd6a1b7a,ENQUEUED,0.3274062100642191,questions_in
2025-10-29T00:00:46.652958,PUBLISH,6a47ecbc49f5421cb23df74692dcac02,68f2d95bd190740cfd6a36d2,ENQUEUED,0.16517188493496793,questions_in
2025-10-29T00:00:46.816866,PUBLISH,7eaeae72146545349deba76999bf316e,68f2d95bd190740cfd6a3bc3,ENQUEUED,0.1609668508958101,questions_in
2025-10-29T00:00:47.027241,PUBLISH,b22e1f9bf1e842de9774eabbaaf7c2c5,68f2d95bd190740cfd6a3116,ENQUEUED,0.2083189688010455,questions_in
2025-10-29T00:00:47.151918,PUBLISH,46577bb86623412ab1f2b8a39d0748bd,68f2d95bd190740cfd6a1f83,ENQUEUED,0.12271512542691682,questions_in
2025-10-29T00:00:47.355486,PUBLISH,08b8f97c14a54ef4b8c9e15c2ea68d72,68f2d95bd190740cfd6a3c36,ENQUEUED,0.19701430175059814,questions_in
2025-10-29T00:00:47.819167,PUBLISH,35a9e576c1d34a34a61acebeed5e5b63,68f2d95bd190740cfd6a1bd5,ENQUEUED,0.4605388404029539,questions_in
2025-10-29T00:00:47.959478,PUBLISH,c489442f1f7e4c809013338804bca224,68f2d95bd190740cfd6a303d,ENQUEUED,0.1386359092305917,questions_in
2025-10-29T00:00:48.350697,PUBLISH,1d2ba681fe144e6f92850e8c9324d393,68f2d95bd190740cfd6a38f8,ENQUEUED,0.3883398358216421,questions_in
2025-10-29T00:00:48.809959,PUBLISH,3f61093b7ff84cbe8d9b96bc3f54b80a,68f2d95bd190740cfd6a3a9b,ENQUEUED,0.457100348244903,questions_in
2025-10-29T00:00:49.200024,PUBLISH,413a406b9c7540ccac1eed7d6bcc2de7,68f2d95bd190740cfd6a308f,ENQUEUED,0.3871821019049323,questions_in
2025-10-29T00:00:49.694165,PUBLISH,78602207cad949639b1a5bb0de491391,68f2d95bd190740cfd6a30be,ENQUEUED,0.48615785840009373,questions_in
2025-10-29T00:00:50.093485,PUBLISH,13118bff3a4a4b3cb00dffa8325be8d0,68f2d95bd190740cfd6a38b9,ENQUEUED,0.39737603586142545,questions_in
2025-10-29T00:00:50.511819,PUBLISH,3f811e1c789a4c8fbb520bfb0f67ce4b,68f2d95bd190740cfd6a3d63,ENQUEUED,0.4141252414420137,questions_in
2025-10-29T00:00:50.944588,PUBLISH,9a5c0cfca265421bac8824902f38bd66,68f2d95bd190740cfd6a21a4,ENQUEUED,0.4255047088259487,questions_in
2025-10-29T00:00:51.055662,PUBLISH,3fa7f541694048569e6f2cb11ab6e0ca,68f2d95bd190740cfd6a2683,ENQUEUED,0.10806714575003876,questions_in
2025-10-29T00:00:51.300682,PUBLISH,0eb38c99abeb49789461f419bf18f839,68f2d95bd190740cfd6a304a,ENQUEUED,0.2432978322993274,questions_in
2025-10-29T00:00:51.749811,PUBLISH,4fcf9dbb56c84e16b740ce6e287ab429,68f2d95bd190740cfd6a29c1,ENQUEUED,0.44714644323818475,questions_in
2025-10-29T00:00:52.227801,PUBLISH,719dd42108364232b663b09454651684,68f2d95bd190740cfd6a1eba,ENQUEUED,0.4711819682677346,questions_in
2025-10-29T00:00:52.713286,PUBLISH,ccdc39a1b3b447da961e49676862d089,68f2d95bd190740cfd6a26a3,ENQUEUED,0.4828763229739844,questions_in
2025-10-29T00:00:52.964521,PUBLISH,c5a6cfc405054d919a40e5ac34145ac5,68f2d95bd190740cfd6a31c0,ENQUEUED,0.24868010415251807,questions_in
2025-10-29T00:00:53.111456,PUBLISH,7fd3bafed38f416aafad3b114f0d3255,68f2d95bd190740cfd6a27e0,ENQUEUED,0.14116914998005867,questions_in
2025-10-29T00:00:53.476466,PUBLISH,45b5501f2e914a94a8e089a2bbadd17c,68f2d95bd190740cfd6a3ae6,ENQUEUED,0.3622394817869,questions_in
2025-10-29T00:00:53.770820,PUBLISH,d988d4d514f54d2fa9201b1d0e254cae,68f2d95bd190740cfd6a37bb,ENQUEUED,0.28821072899201755,questions_in
2025-10-29T00:00:54.117423,PUBLISH,31ac66271b5d48e283d6908a1e48a7e2,68f2d95bd190740cfd6a2d68,ENQUEUED,0.34454098568851566,questions_in
2025-10-29T00:00:54.251638,PUBLISH,05cc5705cce4420db3df6eb83b4814d7,68f2d95bd190740cfd6a3b06,ENQUEUED,0.13210048531683605,questions_in
2025-10-29T00:00:54.708715,PUBLISH,e15d97de5ee24d24b063afa4b4c1ace3,68f2d95bd190740cfd6a3fac,ENQUEUED,0.4495718239664085,questions_in
2025-10-29T00:00:54.971684,PUBLISH,1cfbc0f7629a4ea3a76dd1aa075c34ba,68f2d95bd190740cfd6a3c55,ENQUEUED,0.2592884522181409,questions_in
2025-10-29T00:00:55.169745,PUBLISH,a72f1de9496c4e6cb12a80368e5a1fb9,68f2d95bd190740cfd6a2a93,ENQUEUED,0.1949143933684676,questions_in
2025-10-29T00:00:55.468981,PUBLISH,85d99233eb6c4b0ca58eccf635e7113b,68f2d95bd190740cfd6a371f,ENQUEUED,0.29312025981557555,questions_in
2025-10-29T00:00:55.644603,PUBLISH,11286bff90a546c3a974c23ba28cab5d,68f2d95bd190740cfd6a349e,ENQUEUED,0.16730344478371,questions_in
2025-10-29T00:00:55.992242,PUBLISH,423e262c485744cb8dba69d63dd013a6,68f2d95bd190740cfd6a2a80,ENQUEUED,0.3400565484029757,questions_in
2025-10-29T00:00:56.096475,PUBLISH,e81d3a4ca68244dd867f9630c105d79f,68f2d95bd190740cfd6a41a2,ENQUEUED,0.10189178872352414,questions_in
2025-10-29T00:00:56.220447,PUBLISH,df5ac48a9be6409faf94ffb8d7d7aab4,68f2d95bd190740cfd6a36c4,ENQUEUED,0.1171707001237111,questions_in
2025-10-29T00:00:56.330589,PUBLISH,288ece3232aa482ea80eef759030350a,68f2d95bd190740cfd6a225f,ENQUEUED,0.1079767953178199,questions_in
2025-10-29T00:00:56.722850,PUBLISH,e5bbfa9fb2e8440491676348dd49d7e0,68f2d95bd190740cfd6a1b3e,ENQUEUED,0.3871622121002184,questions_in
2025-10-29T00:00:56.828585,PUBLISH,d4d210a8dea845feb1b28776af22099f,68f2d95bd190740cfd6a4058,ENQUEUED,0.10345428768414472,questions_in
2025-10-29T00:00:57.117393,PUBLISH,d973976388ad43068f7ce611b3461934,68f2d95bd190740cfd6a2501,ENQUEUED,0.28237468730864124,questions_in
2025-10-29T00:00:57.517901,PUBLISH,fa6282930cbe4d29a0deb58bd06a0a49,68f2d95bd190740cfd6a2dbe,ENQUEUED,0.39844364556615686,questions_in
2025-10-29T00:00:58.007478,PUBLISH,846744879e00444b9692488b3fa2d3d4,68f2d95bd190740cfd6a2e25,ENQUEUED,0.48663403420531026,questions_in
2025-10-29T00:00:58.367128,PUBLISH,e7a0a416ec5046a9a906e3b72577308a,68f2d95bd190740cfd6a31cc,ENQUEUED,0.35531099400260346,questions_in
2025-10-29T00:00:58.476023,PUBLISH,0321c3b179f84393881d922e10652877,68f2d95bd190740cfd6a1c9c,ENQUEUED,0.10621093379525832,questions_in
2025-10-29T00:00:58.673146,PUBLISH,c4ecfef495e34349afe43a7bbfdb1a20,68f2d95bd190740cfd6a1ed3,ENQUEUED,0.19324739536028274,questions_in
2025-10-29T00:00:59.117187,PUBLISH,db1b6cbde7384cf58371596294258f47,68f2d95bd190740cfd6a3a02,ENQUEUED,0.4418184788006523,questions_in
2025-10-29T00:00:59.257462,PUBLISH,34f97e124b8c401c89058e7427a1d9c3,68f2d95bd190740cfd6a2ece,ENQUEUED,0.13826990633081238,questions_in
2025-10-29T00:00:59.365769,PUBLISH,e1454a6b12ab49799421e741a248a229,68f2d95bd190740cfd6a407f,ENQUEUED,0.10639778828055291,questions_in
2025-10-29T00:00:59.475234,PUBLISH,0f4ab2f6e45748978cf7d0ad0e1dcc84,68f2d95bd190740cfd6a2755,ENQUEUED,0.10151464110862247,questions_in
2025-10-29T00:00:59.845765,PUBLISH,0835cc2ded1849d8987c81746621c835,68f2d95bd190740cfd6a3037,ENQUEUED,0.3680164777980258,questions_in
2025-10-29T00:01:00.221167,PUBLISH,74a31086c4c74d1fa9e49c93b1d60078,68f2d95bd190740cfd6a4023,ENQUEUED,0.3718737393538666,questions_in
2025-10-29T00:01:00.689579,PUBLISH,ad950b5b9d554e7bbf8d0010ca50b9ff,68f2d95bd190740cfd6a3d14,ENQUEUED,0.4643862475582513,questions_in
2025-10-29T00:01:00.884736,PUBLISH,d78ad181c5c049fab54d4d1bc626e0e0,68f2d95bd190740cfd6a364b,ENQUEUED,0.19133052640816783,questions_in
2025-10-29T00:01:01.054927,PUBLISH,1e30ac4d7ea84f5e81591d33cf25ce0b,68f2d95bd190740cfd6a2a9c,ENQUEUED,0.16671048299015478,questions_in
2025-10-29T00:01:01.293016,PUBLISH,57d97545282e4a1099214e2d83b0d077,68f2d95bd190740cfd6a2be1,ENQUEUED,0.23415915089407635,questions_in
2025-10-29T00:01:01.626872,PUBLISH,7b0854b0c3244bf1b9a45bc79faf303b,68f2d95bd190740cfd6a2993,ENQUEUED,0.3316498816139407,questions_in
2025-10-29T00:01:02.071494,PUBLISH,c37812a6e8884bf495e7702c840ab4b0,68f2d95bd190740cfd6a39ea,ENQUEUED,0.44106462525840306,questions_in
2025-10-29T00:01:02.428850,PUBLISH,99ac2f6b03734a41aa32ca37d071f006,68f2d95bd190740cfd6a27c7,ENQUEUED,0.35529209359786396,questions_in
2025-10-29T00:01:02.797743,PUBLISH,e416a2ab26014db79108e2854b1bd89c,68f2d95bd190740cfd6a3415,ENQUEUED,0.3666898630787577,questions_in
2025-10-29T00:01:03.204066,PUBLISH,c1cf4875802246deb1c22b13e684080c,68f2d95bd190740cfd6a213d,ENQUEUED,0.40225427489594356,questions_in
2025-10-29T00:01:03.619353,PUBLISH,10744ecda384474da02f9badbef37366,68f2d95bd190740cfd6a39c8,ENQUEUED,0.41194019622688727,questions_in
2025-10-29T00:01:04.012914,PUBLISH,3669a7f1bf6c4678bd6de9ffba387869,68f2d95bd190740cfd6a1cec,ENQUEUED,0.3891498933048113,questions_in
2025-10-29T00:01:04.442589,PUBLISH,b6876af233a44ce69ab5834bb8df2957,68f2d95bd190740cfd6a2c4b,ENQUEUED,0.42665803327079843,questions_in
2025-10-29T00:01:04.889270,PUBLISH,26fad090b4194f6890518ad63405158d,68f2d95bd190740cfd6a3186,ENQUEUED,0.4439847116600686,questions_in
2025-10-29T00:01:05.317228,PUBLISH,c338cc019dc143e9a23b6b1c18a21373,68f2d95bd190740cfd6a3b59,ENQUEUED,0.4216813171543037,questions_in
2025-10-29T00:01:05.676476,PUBLISH,a210b88c12394840bb14d1c59c029d39,68f2d95bd190740cfd6a22f8,ENQUEUED,0.3571297817897068,questions_in
2025-10-29T00:01:06.079710,PUBLISH,5f8299fa78cf4fd29c8916ab3f514827,68f2d95bd190740cfd6a3f0e,ENQUEUED,0.4001956265981734,questions_in
2025-10-29T00:01:06.194269,PUBLISH,3fc8221b677f4e828145571794c57f53,68f2d95bd190740cfd6a2e49,ENQUEUED,0.11269009909917514,questions_in
2025-10-29T00:01:06.347834,PUBLISH,94d5be936103483e92803c7ed552a2ee,68f2d95bd190740cfd6a3093,ENQUEUED,0.15127905247619813,questions_in
2025-10-29T00:01:06.714456,PUBLISH,d55e72babff54b0a92975fcbd56cd7b6,68f2d95bd190740cfd6a2c3b,ENQUEUED,0.36217302469907553,questions_in
2025-10-29T00:01:06.887139,PUBLISH,8464138a5a7b43bfb365370a6b7dfb9f,68f2d95bd190740cfd6a1c67,ENQUEUED,0.16833642782820313,questions_in
2025-10-29T00:01:07.215843,PUBLISH,d4c81d336183403a8880117fdff39138,68f2d95bd190740cfd6a28b0,ENQUEUED,0.32598624233602447,questions_in
2025-10-29T00:01:07.580390,PUBLISH,5a2a332c9b894375b1e02bf0d3f6bcef,68f2d95bd190740cfd6a2244,ENQUEUED,0.3592596888844811,questions_in
2025-10-29T00:01:07.814399,PUBLISH,1e66dcb5426241f1938fbde68c650393,68f2d95bd190740cfd6a280e,ENQUEUED,0.23073775521604736,questions_in
2025-10-29T00:01:08.142436,PUBLISH,93a40642d2064afbae7db47b2c5863e3,68f2d95bd190740cfd6a24da,ENQUEUED,0.3248573933286909,questions_in
2025-10-29T00:01:08.386886,PUBLISH,2aa6c3fef4964bcd8604d091de42b652,68f2d95bd190740cfd6a3f91,ENQUEUED,0.240556211031429,questions_in
2025-10-29T00:01:08.659557,PUBLISH,aad8d18998e849efa701e65b9254581c,68f2d95bd190740cfd6a2397,ENQUEUED,0.2642070927237472,questions_in
2025-10-29T00:01:08.786201,PUBLISH,40496bebd14c406ca304e1faaacb2d5e,68f2d95bd190740cfd6a228b,ENQUEUED,0.12157360884653819,questions_in
2025-10-29T00:01:09.038071,PUBLISH,5055475e863248beaa72555cd8df7dad,68f2d95bd190740cfd6a2106,ENQUEUED,0.24968730613985618,questions_in
2025-10-29T00:01:09.540444,PUBLISH,7b8e4a5fe748485f9108190b89ab61ae,68f2d95bd190740cfd6a3313,ENQUEUED,0.4999801119259222,questions_in
2025-10-29T00:01:09.793262,PUBLISH,d6378cd5646c4d8aae08ca37b9e66d53,68f2d95bd190740cfd6a278e,ENQUEUED,0.2503554007386716,questions_in
2025-10-29T00:01:10.043305,PUBLISH,7fa1ca22623f4d7ea75f24549b405b88,68f2d95bd190740cfd6a2045,ENQUEUED,0.24700639794679058,questions_in
2025-10-29T00:01:10.497235,PUBLISH,b8831be1208a4d8b90a19051e502d42f,68f2d95bd190740cfd6a3b4d,ENQUEUED,0.45146404190169287,questions_in
2025-10-29T00:01:10.848295,PUBLISH,0e2d9bc184134d58a35b1dcb12911e02,68f2d95bd190740cfd6a2b91,ENQUEUED,0.34846473258884975,questions_in
2025-10-29T00:01:11.300698,PUBLISH,dae771d9f16d431693cd52094e0a03ba,68f2d95bd190740cfd6a374b,ENQUEUED,0.4492772574741871,questions_in
2025-10-29T00:01:11.549374,PUBLISH,c1e53f74cdf04213aa2b80c3ae690b4a,68f2d95bd190740cfd6a41b9,ENQUEUED,0.2461961485130671,questions_in
2025-10-29T00:01:11.703419,PUBLISH,89e68ef0f5f54f93a430b8cd9899585e,68f2d95bd190740cfd6a2564,ENQUEUED,0.14608179412606215,questions_in
2025-10-29T00:01:11.809944,PUBLISH,5fabab4eaa184067b53efaad059b64c2,68f2d95bd190740cfd6a1ed7,ENQUEUED,0.10465963175190224,questions_in
2025-10-29T00:01:11.995969,PUBLISH,86dee668c38640078b9b0300dc0c69dc,68f2d95bd190740cfd6a1c0f,ENQUEUED,0.18407264723394953,questions_in
2025-10-29T00:01:12.115166,PUBLISH,8511292690b2442ea0643c174b6fce83,68f2d95bd190740cfd6a1d56,ENQUEUED,0.1176185881145738,questions_in
2025-10-29T00:01:12.236353,PUBLISH,33bdab40d53e46dbb6a5a5cf40fd0f3a,68f2d95bd190740cfd6a294e,ENQUEUED,0.11435950520946254,questions_in
2025-10-29T00:01:12.456895,PUBLISH,6df2f6ffa18b436eb162eae3da429394,68f2d95bd190740cfd6a1e9d,ENQUEUED,0.21232533041475815,questions_in
2025-10-29T00:01:12.724975,PUBLISH,b7d379267ee246d885cb15e2e6e7fe56,68f2d95bd190740cfd6a223b,ENQUEUED,0.2659324932425199,questions_in
2025-10-29T00:01:13.188025,PUBLISH,ad6c9ec2f1b14d40a9d66a9280b6ba30,68f2d95bd190740cfd6a1bb8,ENQUEUED,0.46026745746882247,questions_in
2025-10-29T00:01:13.506322,PUBLISH,61d7a694104d412da547a20d2644b214,68f2d95bd190740cfd6a2d0a,ENQUEUED,0.31597086877273195,questions_in
2025-10-29T00:01:13.726296,PUBLISH,cdb7ede0f8f74df8b1f60752c01832af,68f2d95bd190740cfd6a2dab,ENQUEUED,0.2166156786285115,questions_in
2025-10-29T00:01:14.073459,PUBLISH,6ee9048c37424a599f46f13f6e6e16d9,68f2d95bd190740cfd6a2d8f,ENQUEUED,0.3453315373012405,questions_in
2025-10-29T00:01:14.553768,PUBLISH,e885fcaa92b04baab275eebb56b65f36,68f2d95bd190740cfd6a276f,ENQUEUED,0.4774651829006966,questions_in
2025-10-29T00:01:14.852330,PUBLISH,3c71f12cf4e740f0b7c034841de3f4f4,68f2d95bd190740cfd6a1c28,ENQUEUED,0.29162430052380606,questions_in
2025-10-29T00:01:15.111763,PUBLISH,738e2b17fc124e26b1ba83b5acdb7259,68f2d95bd190740cfd6a2927,ENQUEUED,0.2575687675012869,questions_in
2025-10-29T00:01:15.498771,PUBLISH,5a12530695d2460ca21b76d20471eded,68f2d95bd190740cfd6a26e3,ENQUEUED,0.3842759838615133,questions_in
2025-10-29T00:01:15.654504,PUBLISH,2e37877faa0a4672b28eaed18119caca,68f2d95bd190740cfd6a2ef3,ENQUEUED,0.15238817778224753,questions_in
2025-10-29T00:01:15.938475,PUBLISH,5882f2adf61c4784b725fe422ae01cd4,68f2d95bd190740cfd6a1e8f,ENQUEUED,0.2813217898225444,questions_in
2025-10-29T00:01:16.303357,PUBLISH,19f071e1fcd14153bc6f322e812472b7,68f2d95bd190740cfd6a35da,ENQUEUED,0.3602599294418677,questions_in
2025-10-29T00:01:16.495324,PUBLISH,91a3c50b532a467c9875101616493c9d,68f2d95bd190740cfd6a37a5,ENQUEUED,0.18988036495128233,questions_in
2025-10-29T00:01:16.828669,PUBLISH,d1338853a6eb4fc0a1503d2a930f9c1f,68f2d95bd190740cfd6a2196,ENQUEUED,0.3274245362277861,questions_in
2025-10-29T00:01:17.276527,PUBLISH,10f3e86aa3e54a7fb089b2f7c7f4f852,68f2d95bd190740cfd6a2191,ENQUEUED,0.4457444690132223,questions_in
2025-10-29T00:01:17.533976,PUBLISH,ee61f41c76a546ae8f3c46a088f48b5a,68f2d95bd190740cfd6a20e1,ENQUEUED,0.25316585647049505,questions_in
2025-10-29T00:01:17.985964,PUBLISH,3c114e113bf345fab574a75e226bb9bc,68f2d95bd190740cfd6a242f,ENQUEUED,0.44870538850319475,questions_in
2025-10-29T00:01:18.459855,PUBLISH,41a7e1a9eefa484fad8c78906e219def,68f2d95bd190740cfd6a2fa9,ENQUEUED,0.4716640900229552,questions_in
2025-10-29T00:01:18.818215,PUBLISH,5f74ce4b713b451c9209d11402379dfb,68f2d95bd190740cfd6a34e0,ENQUEUED,0.35396358585345034,questions_in
2025-10-29T00:01:19.255700,PUBLISH,a2667f113497418cb312bc3f4ffd3e57,68f2d95bd190740cfd6a1c1a,ENQUEUED,0.4344713515050104,questions_in
2025-10-29T00:01:19.572687,PUBLISH,c3a7930bd35142d4aca2cf53889ca460,68f2d95bd190740cfd6a2671,ENQUEUED,0.3149756008666709,questions_in
2025-10-29T00:01:20.006364,PUBLISH,99bf184129f540a99e7b39667ef15e11,68f2d95bd190740cfd6a2c81,ENQUEUED,0.43145936965444465,questions_in
2025-10-29T00:01:20.120920,PUBLISH,3b909752574440199ff3a2ac15267f1f,68f2d95bd190740cfd6a3769,ENQUEUED,0.10957498855282269,questions_in
2025-10-29T00:01:20.426887,PUBLISH,9f373c11e17140c7a4e71200339330d4,68f2d95bd190740cfd6a2913,ENQUEUED,0.3030152303734772,questions_in
2025-10-29T00:01:20.873724,PUBLISH,4c9838c8fd7b4c83a9ffa384e4dd77c2,68f2d95bd190740cfd6a3eab,ENQUEUED,0.4447268968215906,questions_in
2025-10-29T00:01:21.119856,PUBLISH,8d12850b91004181b7ff13d1ca07d337,68f2d95bd190740cfd6a3aec,ENQUEUED,0.24417948186941862,questions_in
2025-10-29T00:01:21.363319,PUBLISH,9de43ad542594425bf31935931f9317d,68f2d95bd190740cfd6a211a,ENQUEUED,0.24133190795796422,questions_in
2025-10-29T00:01:21.867946,PUBLISH,6349d13f2ce6495fb135cc6ba19b1fda,68f2d95bd190740cfd6a28ec,ENQUEUED,0.49689870249887325,questions_in
2025-10-29T00:01:22.235133,PUBLISH,23ebca1e02d0426689dad1f4a988c382,68f2d95bd190740cfd6a3ee4,ENQUEUED,0.36315697157946536,questions_in
2025-10-29T00:01:22.462398,PUBLISH,f258c2b43cb94d9994522bb5167f2f6b,68f2d95bd190740cfd6a1ebb,ENQUEUED,0.22542071509273442,questions_in
2025-10-29T00:01:22.608366,PUBLISH,a0ea8c17b2e94339896b19965b64eaa8,68f2d95bd190740cfd6a2177,ENQUEUED,0.1443240084467251,questions_in
2025-10-29T00:01:22.826473,PUBLISH,14f6cf5639714dad9c3b45c7adc544a7,68f2d95bd190740cfd6a235c,ENQUEUED,0.2156457432521327,questions_in
2025-10-29T00:01:23.326484,PUBLISH,678b4838f5d44225b69194aed273ed24,68f2d95bd190740cfd6a24bc,ENQUEUED,0.4966184493523178,questions_in
2025-10-29T00:01:23.666473,PUBLISH,5779812ba71c41d4a29c516618abab2c,68f2d95bd190740cfd6a31ad,ENQUEUED,0.3366080568214964,questions_in
2025-10-29T00:01:24.070338,PUBLISH,52f8319d75d24ca38ce38ac56baa9298,68f2d95bd190740cfd6a2d29,ENQUEUED,0.4015588702522822,questions_in
2025-10-29T00:01:24.493517,PUBLISH,4141bc6d2f82440ba35b76fe4a0baa94,68f2d95bd190740cfd6a2c88,ENQUEUED,0.42049613517130724,questions_in
2025-10-29T00:01:24.719206,PUBLISH,c01a7940136344718aaeee00cc077e70,68f2d95bd190740cfd6a3945,ENQUEUED,0.22385096772042568,questions_in
2025-10-29T00:01:25.085116,PUBLISH,b1b4cadf6e6346b1aa42ce8c0a6a2cc3,68f2d95bd190740cfd6a2072,ENQUEUED,0.36401893973054233,questions_in
2025-10-29T00:01:25.423608,PUBLISH,4b0926dd3d734b668ea7cf633013aff7,68f2d95bd190740cfd6a2d45,ENQUEUED,0.3365385006611895,questions_in
2025-10-29T00:01:25.787118,PUBLISH,058dc9c0a2f24c008bf6a9b8d4216731,68f2d95bd190740cfd6a2efb,ENQUEUED,0.3610182731138255,questions_in
2025-10-29T00:01:25.981007,PUBLISH,2843854a880a40f0a1429b93b9d746e0,68f2d95bd190740cfd6a2ccb,ENQUEUED,0.19024122941701319,questions_in
2025-10-29T00:01:26.294281,PUBLISH,526cc20020774b7c8eff6346239e3c35,68f2d95bd190740cfd6a2e26,ENQUEUED,0.3111830768813835,questions_in
2025-10-29T00:01:26.680112,PUBLISH,77bd7597832e48a895f1772bf1638acb,68f2d95bd190740cfd6a21b9,ENQUEUED,0.382444658635389,questions_in
2025-10-29T00:01:27.010863,PUBLISH,a45cb7ae53de4a62a49d2f8ad4b45f9b,68f2d95bd190740cfd6a2c18,ENQUEUED,0.32860181947503825,questions_in
2025-10-29T00:01:27.489134,PUBLISH,3fcd52e8b5b74d949a395d0879350e55,68f2d95bd190740cfd6a3165,ENQUEUED,0.47589017874965445,questions_in
2025-10-29T00:01:27.959697,PUBLISH,cf8fea7f94e84719a6e23caf9eeb6d45,68f2d95bd190740cfd6a2976,ENQUEUED,0.4661517421159953,questions_in
2025-10-29T00:01:28.426802,PUBLISH,5c412bc6a2e04c6fad5fe69265803114,68f2d95bd190740cfd6a22e4,ENQUEUED,0.46333037941176414,questions_in
2025-10-29T00:01:28.906841,PUBLISH,65d1a27c129a4c0cad0475868c70e148,68f2d95bd190740cfd6a3fdd,ENQUEUED,0.47764135771363514,questions_in
2025-10-29T00:01:29.259884,PUBLISH,b83c363fdc204f05be9ed91397dd2e9d,68f2d95bd190740cfd6a25a0,ENQUEUED,0.3482894102488504,questions_in
2025-10-29T00:01:29.564628,PUBLISH,6dc7b9c2564e4c80ba99787f22da7bbd,68f2d95bd190740cfd6a33c4,ENQUEUED,0.30094629927565586,questions_in
2025-10-29T00:01:29.981679,PUBLISH,6c755904b93c4c469fa4b6e67d7ebc6d,68f2d95bd190740cfd6a2107,ENQUEUED,0.41225127196845013,questions_in
2025-10-29T00:01:30.360531,PUBLISH,468dcbbfe784434d98451a7445ae0f3a,68f2d95bd190740cfd6a23ff,ENQUEUED,0.37485242957438636,questions_in
2025-10-29T00:01:30.477055,PUBLISH,13ccae87478140508257d82bcf4f8cd0,68f2d95bd190740cfd6a37ec,ENQUEUED,0.11443019497341039,questions_in
2025-10-29T00:01:30.967906,PUBLISH,fff70acd82dd4af9ac7c629d4b000b80,68f2d95bd190740cfd6a234e,ENQUEUED,0.47900316316868385,questions_in
2025-10-29T00:01:31.374516,PUBLISH,f9237bb80a0e4adf89713972d33c401e,68f2d95bd190740cfd6a3d67,ENQUEUED,0.40095091760809354,questions_in
2025-10-29T00:01:31.669100,PUBLISH,0a16612d95bd4302bac5a4a7cfad6626,68f2d95bd190740cfd6a1d1c,ENQUEUED,0.29173616611371633,questions_in
2025-10-29T00:01:31.774809,PUBLISH,a5561c53f23f4ff980502739b6449633,68f2d95bd190740cfd6a2360,ENQUEUED,0.10320648548218557,questions_in
2025-10-29T00:01:31.970767,PUBLISH,5e6d2c92a44043dfad147bd3e839d39e,68f2d95bd190740cfd6a37ed,ENQUEUED,0.1896770922174869,questions_in
2025-10-29T00:01:32.464677,PUBLISH,3fda1f4c11da4c01a3f666979adb298c,68f2d95bd190740cfd6a3d93,ENQUEUED,0.4832517323973867,questions_in
2025-10-29T00:01:32.895932,PUBLISH,77c128692e504773ae2a17bf2f93346b,68f2d95bd190740cfd6a4052,ENQUEUED,0.4278013671475239,questions_in
2025-10-29T00:01:33.150715,PUBLISH,638b6d86d950427b906094d26568e84f,68f2d95bd190740cfd6a3422,ENQUEUED,0.25093081734945377,questions_in
2025-10-29T00:01:33.633052,PUBLISH,9327fa0835e241f99bb76d9f6a91ac59,68f2d95bd190740cfd6a2e17,ENQUEUED,0.47992296186706607,questions_in
2025-10-29T00:01:34.004061,PUBLISH,5c6400b380054af1930a5de632ed9dde,68f2d95bd190740cfd6a1fcc,ENQUEUED,0.367990824692882,questions_in
2025-10-29T00:01:34.118891,PUBLISH,d3fead739c7b4462ac32f40d639c0f46,68f2d95bd190740cfd6a40cf,ENQUEUED,0.11265527099973781,questions_in
2025-10-29T00:01:34.449507,PUBLISH,58d9733b9ef640f1910dfb9325c22f8c,68f2d95bd190740cfd6a2fc0,ENQUEUED,0.32649075118281795,questions_in
2025-10-29T00:01:34.881830,PUBLISH,4dcb98f347a64e1db045a9d431703f7c,68f2d95bd190740cfd6a1adf,ENQUEUED,0.42783026260028456,questions_in
2025-10-29T00:01:35.250495,PUBLISH,c625263c4a494f7ba49335540e1617c8,68f2d95bd190740cfd6a2d1c,ENQUEUED,0.36624889932208615,questions_in
2025-10-29T00:01:35.387501,PUBLISH,14b29549663c4a3fb4043d10323755c6,68f2d95bd190740cfd6a2832,ENQUEUED,0.13489580930193454,questions_in
2025-10-29T00:01:35.666314,PUBLISH,a5329af916b543c296d0c90a75ab591c,68f2d95bd190740cfd6a2b9e,ENQUEUED,0.27589429346695993,questions_in
2025-10-29T00:01:35.935261,PUBLISH,4b59f3cd90644495a7ca0bd866ab477b,68f2d95bd190740cfd6a2adb,ENQUEUED,0.2641257603977638,questions_in
2025-10-29T00:01:36.352414,PUBLISH,a14a439ea7094cda99cf49e48afe752f,68f2d95bd190740cfd6a2d61,ENQUEUED,0.4087028102563933,questions_in
2025-10-29T00:01:36.603809,PUBLISH,6773153b651b474f8a7495e780291420,68f2d95bd190740cfd6a3931,ENQUEUED,0.24900928822420096,questions_in
2025-10-29T00:01:36.985738,PUBLISH,52dfd4593b41444395e9f24adef46300,68f2d95bd190740cfd6a31e8,ENQUEUED,0.37938179371513536,questions_in
2025-10-29T00:01:37.190459,PUBLISH,bb1bb446820d4096a50150c6d91c146a,68f2d95bd190740cfd6a3e89,ENQUEUED,0.2017874405255825,questions_in
2025-10-29T00:01:37.511839,PUBLISH,0c2d3579c4824513a73c30a2e0c6e429,68f2d95bd190740cfd6a31c4,ENQUEUED,0.3178375703890932,questions_in
2025-10-29T00:01:37.713802,PUBLISH,88a77acff7ee4a3a9ae75b69fb6b32e3,68f2d95bd190740cfd6a2333,ENQUEUED,0.19688339015507245,questions_in
2025-10-29T00:01:38.204223,PUBLISH,a8cbd38491ab4c139ec44d09de55d173,68f2d95bd190740cfd6a2f5f,ENQUEUED,0.4828694926980601,questions_in
2025-10-29T00:01:38.457051,PUBLISH,d0547ba8b4d74e83b0e0fce03da24167,68f2d95bd190740cfd6a2f07,ENQUEUED,0.24991331912792206,questions_in
2025-10-29T00:01:38.916196,PUBLISH,4c5835b0baed4f73a64968acad2005ef,68f2d95bd190740cfd6a1e42,ENQUEUED,0.4565338244552033,questions_in
2025-10-29T00:01:39.182098,PUBLISH,da0665067cfb4ee48393a08975dce9cd,68f2d95bd190740cfd6a3f67,ENQUEUED,0.2618784458968676,questions_in
2025-10-29T00:01:39.595934,PUBLISH,a3eefa31eb08437cb6615c9942bc8996,68f2d95bd190740cfd6a2224,ENQUEUED,0.40970701365995954,questions_in
2025-10-29T00:01:39.930432,PUBLISH,31b449a71218470f9591a38e65a620ed,68f2d95bd190740cfd6a2ada,ENQUEUED,0.3303812280190873,questions_in
2025-10-29T00:01:40.199520,PUBLISH,b30cb1d61b51494cb075a9a16696b472,68f2d95bd190740cfd6a1f4e,ENQUEUED,0.2668214512297496,questions_in
2025-10-29T00:01:40.548848,PUBLISH,d701ada97bbc43c19de54ef89d342dfe,68f2d95bd190740cfd6a336b,ENQUEUED,0.3455113787726004,questions_in
2025-10-29T00:01:41.033711,PUBLISH,3e94da2aeee843f0b5e7f6419e8b8189,68f2d95bd190740cfd6a2a7f,ENQUEUED,0.481986917267615,questions_in
2025-10-29T00:01:41.424497,PUBLISH,0639d33b74be4dd19f65166caa33773d,68f2d95bd190740cfd6a4007,ENQUEUED,0.3887069647666117,questions_in
2025-10-29T00:01:41.865316,PUBLISH,a623597a095344c4b2373d1c0c643e8b,68f2d95bd190740cfd6a2082,ENQUEUED,0.4340543855597274,questions_in
2025-10-29T00:01:42.351193,PUBLISH,0d13068ddd8c42849b50dfb1d89e940d,68f2d95bd190740cfd6a352c,ENQUEUED,0.48143921261374667,questions_in
2025-10-29T00:01:42.834442,PUBLISH,b1268b5518df40c482490bea148f3ad2,68f2d95bd190740cfd6a284d,ENQUEUED,0.47599403821884856,questions_in
2025-10-29T00:01:43.065508,PUBLISH,93602abac39d4615a42e5978ed60f2d4,68f2d95bd190740cfd6a2934,ENQUEUED,0.2285196494329036,questions_in
2025-10-29T00:01:43.556364,PUBLISH,d31d3ac430994a0398a3ec57b2871b26,68f2d95bd190740cfd6a3ac8,ENQUEUED,0.48653799309748824,questions_in
2025-10-29T00:01:43.726542,PUBLISH,d1456aaf267d47489e4faaf04bbf64a8,68f2d95bd190740cfd6a1e32,ENQUEUED,0.16761918166279588,questions_in
2025-10-29T00:01:44.133318,PUBLISH,dd1764d48fd444eaa4048bd928fcb8c6,68f2d95bd190740cfd6a2a37,ENQUEUED,0.40401891232677556,questions_in
2025-10-29T00:01:44.465699,PUBLISH,e2259d6937b54ad895754611de50c214,68f2d95bd190740cfd6a2cec,ENQUEUED,0.32600845175852355,questions_in
2025-10-29T00:01:44.811843,PUBLISH,7efc20259b804794860132b3ea0efee6,68f2d95bd190740cfd6a1e50,ENQUEUED,0.3423895889140276,questions_in
2025-10-29T00:01:45.264227,PUBLISH,6136d5a60ee145d19519a2fb122cd4d3,68f2d95bd190740cfd6a3391,ENQUEUED,0.45023237400502236,questions_in
2025-10-29T00:01:45.443756,PUBLISH,052eeff925df4b43ad40457fcdc557be,68f2d95bd190740cfd6a26be,ENQUEUED,0.17641505650886935,questions_in
2025-10-29T00:01:45.730425,PUBLISH,ce461dcb3a33497fb6a32957bada0e27,68f2d95bd190740cfd6a3a6c,ENQUEUED,0.2829694766651204,questions_in
2025-10-29T00:01:46.112164,PUBLISH,afb12fc7227c4963809501de5224dce2,68f2d95bd190740cfd6a3d5f,ENQUEUED,0.37734502277815907,questions_in
2025-10-29T00:01:46.437998,PUBLISH,769d9adabb634ceb9dbd1ec0eeae866f,68f2d95bd190740cfd6a3b7f,ENQUEUED,0.323140125118474,questions_in
2025-10-29T00:01:46.850570,PUBLISH,07a006c497d5404791e1b392e5dd6006,68f2d95bd190740cfd6a1e9b,ENQUEUED,0.4096287734212041,questions_in
2025-10-29T00:01:46.997387,PUBLISH,a920878f637b4c98822e999d29cd6cc2,68f2d95bd190740cfd6a2818,ENQUEUED,0.14374691048618687,questions_in
2025-10-29T00:01:47.494074,PUBLISH,97e78e9b68164222a80e8ab21c3e0315,68f2d95bd190740cfd6a1ecd,ENQUEUED,0.49328596209196374,questions_in
2025-10-29T00:01:47.819099,PUBLISH,65fcbb90cecf4fab86d34f744f63446c,68f2d95bd190740cfd6a1ef1,ENQUEUED,0.3187109335419121,questions_in
2025-10-29T00:01:48.107370,PUBLISH,d62ffc21d16643e48a7851e827898ecd,68f2d95bd190740cfd6a2818,ENQUEUED,0.286259667846847,questions_in
2025-10-29T00:01:48.345853,PUBLISH,5993905c93404c66930458e93cdf53be,68f2d95bd190740cfd6a3396,ENQUEUED,0.22974716837401885,questions_in
2025-10-29T00:01:48.676138,PUBLISH,36684100bf8a401fad9fd4d4d8587d65,68f2d95bd190740cfd6a1d6c,ENQUEUED,0.32501727550479165,questions_in
2025-10-29T00:01:48.981356,PUBLISH,66b99861f72544b4a17330b7b9fcb097,68f2d95bd190740cfd6a35dd,ENQUEUED,0.29865390197642605,questions_in
2025-10-29T00:01:49.231243,PUBLISH,f12751565a81404ab3941a154abb3e98,68f2d95bd190740cfd6a33c8,ENQUEUED,0.24571450714427728,questions_in
2025-10-29T00:01:49.627549,PUBLISH,7b9fd2c5a82742aeabb8eb6edf8973c0,68f2d95bd190740cfd6a3543,ENQUEUED,0.39180141219897135,questions_in
2025-10-29T00:01:50.076298,PUBLISH,d0d95fb7c3334019814c7c6de826dfd1,68f2d95bd190740cfd6a25f9,ENQUEUED,0.44296816009751183,questions_in
2025-10-29T00:01:50.551568,PUBLISH,3e171dfb20894b0ea885ae0ceee6f961,68f2d95bd190740cfd6a3597,ENQUEUED,0.46798990550890296,questions_in
2025-10-29T00:01:51.022987,PUBLISH,86827c2ee0cc48caba30448d6fc38bcc,68f2d95bd190740cfd6a347a,ENQUEUED,0.4668622715008407,questions_in
2025-10-29T00:01:51.342059,PUBLISH,364239c7497e4da6a7eb7830d8c50b05,68f2d95bd190740cfd6a2f5b,ENQUEUED,0.31393865118632547,questions_in
2025-10-29T00:01:51.471156,PUBLISH,bc50d2408af74a369b55ff5228f41d95,68f2d95bd190740cfd6a2da0,ENQUEUED,0.12688789900969885,questions_in
2025-10-29T00:01:51.842397,PUBLISH,11001bee12f94e9d95ad44452ff18f07,68f2d95bd190740cfd6a2a04,ENQUEUED,0.3658108648985945,questions_in
2025-10-29T00:01:52.106538,PUBLISH,e32d86633d884615beefe23d05c74251,68f2d95bd190740cfd6a3627,ENQUEUED,0.2618294102468058,questions_in
2025-10-29T00:01:52.410079,PUBLISH,471962f42e5d42d584f583f0e4b9d591,68f2d95bd190740cfd6a1b91,ENQUEUED,0.29966039463955674,questions_in
2025-10-29T00:01:52.539792,PUBLISH,b3f586f939594ec892dd0bed6608e27e,68f2d95bd190740cfd6a33c7,ENQUEUED,0.12710698001633586,questions_in
2025-10-29T00:01:52.661743,PUBLISH,ad8adc2fab834a29863cd251cd899eec,68f2d95bd190740cfd6a1f44,ENQUEUED,0.11394757476614359,questions_in
2025-10-29T00:01:52.784926,PUBLISH,49b01052655847e5b531487bf1c85236,68f2d95bd190740cfd6a2503,ENQUEUED,0.11780155016176136,questions_in
2025-10-29T00:01:53.027934,PUBLISH,e3e75e8f488e47a998372cee5d23b80b,68f2d95bd190740cfd6a3445,ENQUEUED,0.23899574092642975,questions_in
2025-10-29T00:01:53.293046,PUBLISH,a9adef7b80d345d1896d5d7ddb5083ec,68f2d95bd190740cfd6a2410,ENQUEUED,0.26148078621663484,questions_in
2025-10-29T00:01:53.533422,PUBLISH,6c85bde8e60c4811be0e4b0423d02eb0,68f2d95bd190740cfd6a4104,ENQUEUED,0.234548695378725,questions_in
2025-10-29T00:01:53.804241,PUBLISH,2436cf70f1fd47878242f7f4f112a6be,68f2d95bd190740cfd6a3274,ENQUEUED,0.2678808592281264,questions_in
2025-10-29T00:01:54.012728,PUBLISH,9384a6d919cc4161abc000cd84cff7a1,68f2d95bd190740cfd6a1b22,ENQUEUED,0.20435443725500366,questions_in
2025-10-29T00:01:54.492488,PUBLISH,b8093c1425b44b9eaa9384e8e9da39d3,68f2d95bd190740cfd6a1c86,ENQUEUED,0.4725557040745657,questions_in
2025-10-29T00:01:54.665308,PUBLISH,eb5a97aefc544094b9040c8763753f1f,68f2d95bd190740cfd6a2dc0,ENQUEUED,0.16615535466810777,questions_in
2025-10-29T00:01:55.030204,PUBLISH,303d2b245983411295c2e030575a9922,68f2d95bd190740cfd6a2445,ENQUEUED,0.36238166913243774,questions_in
2025-10-29T00:01:55.389458,PUBLISH,bc971d4f9af6406ca7361faa4c72ec01,68f2d95bd190740cfd6a22de,ENQUEUED,0.3573908057612475,questions_in
2025-10-29T00:01:55.780565,PUBLISH,b21720e1f60647158255d0d4e6168c3f,68f2d95bd190740cfd6a3518,ENQUEUED,0.3885278243336122,questions_in
2025-10-29T00:01:56.066233,PUBLISH,78df5ba8f6d04c5ab9799c4e0495af0b,68f2d95bd190740cfd6a2c6e,ENQUEUED,0.2836218435632621,questions_in
2025-10-29T00:01:56.505195,PUBLISH,7514dd98265a498f83714f7a1fccd40f,68f2d95bd190740cfd6a2088,ENQUEUED,0.4350245543958027,questions_in
2025-10-29T00:01:56.734858,PUBLISH,51300b3132c548e98212d2e2e4947d12,68f2d95bd190740cfd6a3cf4,ENQUEUED,0.22366566850215666,questions_in
2025-10-29T00:01:56.847164,PUBLISH,d6502f98a65c473ca27f7522a0e09e2e,68f2d95bd190740cfd6a224e,ENQUEUED,0.10893879475837204,questions_in
2025-10-29T00:01:57.052181,PUBLISH,f90f81071be74112a22a628b083b251d,68f2d95bd190740cfd6a3167,ENQUEUED,0.20278502428214004,questions_in
2025-10-29T00:01:57.415039,PUBLISH,bfcd39b2dc0a4b97be31077a224f203d,68f2d95bd190740cfd6a2871,ENQUEUED,0.35871032356704635,questions_in
2025-10-29T00:01:57.784236,PUBLISH,3b50e93fb39240ebae375dfebceb388e,68f2d95bd190740cfd6a1af5,ENQUEUED,0.3675507224428598,questions_in
2025-10-29T00:01:58.194078,PUBLISH,d9ae254ef47b4bdb8f82773b8fe189a7,68f2d95bd190740cfd6a4049,ENQUEUED,0.4054158079635478,questions_in
2025-10-29T00:01:58.449560,PUBLISH,080b798f2ad148729d06e73148f3f0e7,68f2d95bd190740cfd6a3887,ENQUEUED,0.25385674880830944,questions_in
2025-10-29T00:01:58.804154,PUBLISH,760007ada9964f22ac80615936cfafae,68f2d95bd190740cfd6a1e98,ENQUEUED,0.3520891825499892,questions_in
2025-10-29T00:01:59.252812,PUBLISH,638d1efc6e4a4959872fcf14b5de2ec6,68f2d95bd190740cfd6a31fc,ENQUEUED,0.4419695048295149,questions_in
2025-10-29T00:01:59.564727,PUBLISH,a2c4aad661e1429282eaf021f8bc5849,68f2d95bd190740cfd6a2fad,ENQUEUED,0.30953622708461626,questions_in
2025-10-29T00:01:59.733591,PUBLISH,057a5b016b104284841f4e3011e80617,68f2d95bd190740cfd6a39ac,ENQUEUED,0.16670487311198745,questions_in
2025-10-29T00:02:00.015184,PUBLISH,df35a13195c84c319be5516a768e642d,68f2d95bd190740cfd6a1f0d,ENQUEUED,0.27900284631722116,questions_in
2025-10-29T00:02:00.345908,PUBLISH,0f94ea2f27d3442197aceee642233f82,68f2d95bd190740cfd6a20a3,ENQUEUED,0.3281097679195112,questions_in
2025-10-29T00:02:00.648037,PUBLISH,80706041e22e403b8b9c725f7038ac73,68f2d95bd190740cfd6a253f,ENQUEUED,0.2969932950655575,questions_in
2025-10-29T00:02:00.805628,PUBLISH,a84f53807c724032842590cb94ef1e7c,68f2d95bd190740cfd6a38cf,ENQUEUED,0.1553909434732718,questions_in
2025-10-29T00:02:01.082245,PUBLISH,4ffe91f84b2a438aac2be68c68c2f132,68f2d95bd190740cfd6a2f2c,ENQUEUED,0.2747922803771251,questions_in
2025-10-29T00:02:01.311040,PUBLISH,45656c758b6f48628e045d104ef90bef,68f2d95bd190740cfd6a295d,ENQUEUED,0.22622990587625305,questions_in
2025-10-29T00:02:01.550359,PUBLISH,95a9362e47d94ef390d9bd5e4b00e6ff,68f2d95bd190740cfd6a364d,ENQUEUED,0.23745905236563775,questions_in
2025-10-29T00:02:01.806146,PUBLISH,8128f05a34834a7cbd27c7f8fbe06de7,68f2d95bd190740cfd6a290f,ENQUEUED,0.25172786122660196,questions_in
2025-10-29T00:02:01.935240,PUBLISH,f76b8dac587d4eacb04ed3d6d0a75e72,68f2d95bd190740cfd6a1c8b,ENQUEUED,0.1269493450601861,questions_in
2025-10-29T00:02:02.318376,PUBLISH,cb0f1c0cd15f42f093121085267334bf,68f2d95bd190740cfd6a3e9e,ENQUEUED,0.377043585080294,questions_in
2025-10-29T00:02:02.693771,PUBLISH,8627499d2ee44df2b4971ebb3a083f61,68f2d95bd190740cfd6a32a8,ENQUEUED,0.37027582863447706,questions_in
2025-10-29T00:02:03.089082,PUBLISH,babc6341ed5343619c8691fb2d11a368,68f2d95bd190740cfd6a254e,ENQUEUED,0.38872865973270654,questions_in
2025-10-29T00:02:03.291245,PUBLISH,4b484160cb624cff8f76322dcc0388cd,68f2d95bd190740cfd6a2137,ENQUEUED,0.1960793351553902,questions_in
2025-10-29T00:02:03.777019,PUBLISH,b9a96a18cb3c459bb1a8eb67fd4870b4,68f2d95bd190740cfd6a3db8,ENQUEUED,0.48141213600272215,questions_in
2025-10-29T00:02:04.233004,PUBLISH,91e8c008b8fd47f8921c3821daf49384,68f2d95bd190740cfd6a36c8,ENQUEUED,0.45184521902570474,questions_in
2025-10-29T00:02:04.402790,PUBLISH,d0393d4b752f4f1ebdede0f7bad2e6ee,68f2d95bd190740cfd6a3953,ENQUEUED,0.16124667503430362,questions_in
2025-10-29T00:02:04.559101,PUBLISH,8095bb12cbc04bb69cad28c11c9a99f3,68f2d95bd190740cfd6a40cf,ENQUEUED,0.14701553319590832,questions_in
2025-10-29T00:02:04.665949,PUBLISH,dc799fee0cd345ed9398da246ec2523c,68f2d95bd190740cfd6a3363,ENQUEUED,0.10318997804635366,questions_in
2025-10-29T00:02:04.809592,PUBLISH,5e83e7a32972461e9a84164a2e5e3884,68f2d95bd190740cfd6a2c48,ENQUEUED,0.14061817608525137,questions_in
2025-10-29T00:02:05.090142,PUBLISH,f4714c778dcc458793f76d092af318ca,68f2d95bd190740cfd6a252b,ENQUEUED,0.2768946330839399,questions_in
2025-10-29T00:02:05.430123,PUBLISH,3ec626a0695543908d36811a5da58c44,68f2d95bd190740cfd6a3ebf,ENQUEUED,0.33261230198148645,questions_in
2025-10-29T00:02:05.643361,PUBLISH,9f7eca9cde49498099841314f306f7d7,68f2d95bd190740cfd6a3574,ENQUEUED,0.2095798832779067,questions_in
2025-10-29T00:02:05.856221,PUBLISH,ddc329e6c1d44b8494fd3bf2d114fc30,68f2d95bd190740cfd6a3312,ENQUEUED,0.20684947616994853,questions_in
2025-10-29T00:02:06.061794,PUBLISH,b190807a00a44619bfa01218a64bf85a,68f2d95bd190740cfd6a33d2,ENQUEUED,0.19867951187865668,questions_in
2025-10-29T00:02:06.411100,PUBLISH,2f36bd9e5b6440aba73c422287fca8af,68f2d95bd190740cfd6a3aa7,ENQUEUED,0.3465050745311609,questions_in
2025-10-29T00:02:06.567579,PUBLISH,b7982fc10afd49f88262e9dbe8e57197,68f2d95bd190740cfd6a36c7,ENQUEUED,0.15399376651798638,questions_in
2025-10-29T00:02:06.780250,PUBLISH,66c8f221655b4a0dbc7d709bc77b9df2,68f2d95bd190740cfd6a1d3f,ENQUEUED,0.21036564961388216,questions_in
2025-10-29T00:02:06.995098,PUBLISH,7c597c556289410eaa94d01701b24be5,68f2d95bd190740cfd6a3758,ENQUEUED,0.2128348420220598,questions_in
2025-10-29T00:02:07.231905,PUBLISH,487f1d49b7fd456094a9abca4b929ef7,68f2d95bd190740cfd6a2e73,ENQUEUED,0.2300929387418037,questions_in
2025-10-29T00:02:07.511426,PUBLISH,74e38a1f020c49de88c4e01a98a7d17a,68f2d95bd190740cfd6a385e,ENQUEUED,0.2776806872771791,questions_in
2025-10-29T00:02:07.907628,PUBLISH,f8f59eb88aef4df59edffd1e0c4bc250,68f2d95bd190740cfd6a4127,ENQUEUED,0.39298253404332995,questions_in
2025-10-29T00:02:08.176607,PUBLISH,09379da5a53f4ae4936c25bb5a8d6f86,68f2d95bd190740cfd6a236b,ENQUEUED,0.2662655300529225,questions_in
2025-10-29T00:02:08.301226,PUBLISH,97ad73e1548c4c48a16adb5d1ab3fc37,68f2d95bd190740cfd6a3114,ENQUEUED,0.12277521501254873,questions_in
2025-10-29T00:02:08.467732,PUBLISH,b267b72c7a3a4c28b23ef03c3ba19b66,68f2d95bd190740cfd6a2575,ENQUEUED,0.16107772986084315,questions_in
2025-10-29T00:02:08.927646,PUBLISH,67da08f8063d48438b9a4d1d2db5f381,68f2d95bd190740cfd6a419d,ENQUEUED,0.4547144879519788,questions_in
2025-10-29T00:02:09.242303,PUBLISH,22b635c7616c4966a27cd84f2a476cac,68f2d95bd190740cfd6a2248,ENQUEUED,0.30724113457865376,questions_in
2025-10-29T00:02:09.746668,PUBLISH,91d61741e0284242ac02ff33aa795f86,68f2d95bd190740cfd6a2b28,ENQUEUED,0.49773966388071367,questions_in
2025-10-29T00:02:10.225942,PUBLISH,029e9e0b66bc4364a1c00f8ce44b3d90,68f2d95bd190740cfd6a2863,ENQUEUED,0.47534769252099607,questions_in
2025-10-29T00:02:10.599258,PUBLISH,85a19bb1477c40f7b775bb05b9a96335,68f2d95bd190740cfd6a3288,ENQUEUED,0.36935890703341956,questions_in
2025-10-29T00:02:10.998335,PUBLISH,f8eba520a9d34030b8c712d85f9974cd,68f2d95bd190740cfd6a3f81,ENQUEUED,0.3959613111491128,questions_in
2025-10-29T00:02:11.344351,PUBLISH,d8ff86322b834d2c8673a4cbac737b34,68f2d95bd190740cfd6a3721,ENQUEUED,0.3386623074684401,questions_in
2025-10-29T00:02:11.762354,PUBLISH,b8b4abfb4b824282a8d470050af27d4b,68f2d95bd190740cfd6a3e70,ENQUEUED,0.41585454159517476,questions_in
2025-10-29T00:02:11.935748,PUBLISH,c41ae616a3934f8588cab741df4619a6,68f2d95bd190740cfd6a33c6,ENQUEUED,0.17163487209875466,questions_in
2025-10-29T00:02:12.385263,PUBLISH,631344841ab147f2b6c82f9112489e93,68f2d95bd190740cfd6a3811,ENQUEUED,0.447780260750964,questions_in
2025-10-29T00:02:12.509822,PUBLISH,269303199fa64dc8926af48e907652b1,68f2d95bd190740cfd6a27d8,ENQUEUED,0.12259078999534445,questions_in
2025-10-29T00:02:12.931386,PUBLISH,a62314daeb27418db20f588dbdef665e,68f2d95bd190740cfd6a28dc,ENQUEUED,0.41790540934226017,questions_in
2025-10-29T00:02:13.127901,PUBLISH,ed9bdcb4e07f41e0b11ac85886a446ce,68f2d95bd190740cfd6a2cf9,ENQUEUED,0.19328854473797508,questions_in
2025-10-29T00:02:13.241817,PUBLISH,ec26ce14bf3b4b5d9855929abda03ac0,68f2d95bd190740cfd6a1b13,ENQUEUED,0.11100995736382627,questions_in
2025-10-29T00:02:13.712635,PUBLISH,ed22682ae0724426bfdb5d10045fa6ba,68f2d95bd190740cfd6a208f,ENQUEUED,0.46700479811979245,questions_in
2025-10-29T00:02:13.895282,PUBLISH,d8689979c5694364a3cd4eb1de991e23,68f2d95bd190740cfd6a1ee9,ENQUEUED,0.18041186739106282,questions_in
2025-10-29T00:02:14.366204,PUBLISH,4323f5e35a5b4a17b4ce1a04391fd12c,68f2d95bd190740cfd6a3f83,ENQUEUED,0.4604877674740212,questions_in
2025-10-29T00:02:14.731369,PUBLISH,723a06876b724868aafda1e687dc64a2,68f2d95bd190740cfd6a23ba,ENQUEUED,0.36299286532908126,questions_in
2025-10-29T00:02:15.105726,PUBLISH,3afb730d00494926a621ae38256c5dd6,68f2d95bd190740cfd6a2074,ENQUEUED,0.36971234425000543,questions_in
2025-10-29T00:02:15.577174,PUBLISH,56bafc68b6724e0a9c8f30e3e739556d,68f2d95bd190740cfd6a3cb0,ENQUEUED,0.46745757370509833,questions_in
2025-10-29T00:02:15.862532,PUBLISH,e5f70a87c6564af1be77b0711a5ff705,68f2d95bd190740cfd6a1e3d,ENQUEUED,0.2834558078577823,questions_in
2025-10-29T00:02:16.036026,PUBLISH,167c83862586494a940d4adb7094a7c9,68f2d95bd190740cfd6a412a,ENQUEUED,0.17053210550200737,questions_in
2025-10-29T00:02:16.461475,PUBLISH,ae67e5657a6d4701a0da682b80a50d0e,68f2d95bd190740cfd6a29fa,ENQUEUED,0.4235063736616933,questions_in
2025-10-29T00:02:16.713185,PUBLISH,14281462c19d4b4f9ef69aff52bfd6da,68f2d95bd190740cfd6a3fb0,ENQUEUED,0.24980452875657733,questions_in
2025-10-29T00:02:16.933368,PUBLISH,b5ce0884d7c04811a4cb11400e490b2c,68f2d95bd190740cfd6a3c28,ENQUEUED,0.21788816484770612,questions_in
2025-10-29T00:02:17.291109,PUBLISH,556d4a56f2ea42209a1e69a5f8745a82,68f2d95bd190740cfd6a2f76,ENQUEUED,0.35319379218176783,questions_in
2025-10-29T00:02:17.625622,PUBLISH,8c20ec8de68b440cb8e1b9d394d835ab,68f2d95bd190740cfd6a30e7,ENQUEUED,0.332382265859009,questions_in
2025-10-29T00:02:17.798927,PUBLISH,59b6d3f1748246d98f07e960e327d06f,68f2d95bd190740cfd6a1dc3,ENQUEUED,0.16776329068228302,questions_in
2025-10-29T00:02:17.934852,PUBLISH,eb1089a0a508425aab872ce1d6e97afd,68f2d95bd190740cfd6a2d45,ENQUEUED,0.13330435508653105,questions_in
2025-10-29T00:02:18.222690,PUBLISH,1cabc5654b2b4af9a1554ec14060054e,68f2d95bd190740cfd6a38c2,ENQUEUED,0.28063344958128544,questions_in
2025-10-29T00:02:18.695855,PUBLISH,6e5bc23d87ae411c96535426860c72d5,68f2d95bd190740cfd6a2fc3,ENQUEUED,0.47077963230627595,questions_in
2025-10-29T00:02:18.940977,PUBLISH,c3fbf000e5494d75bb861f706a217a0e,68f2d95bd190740cfd6a23a9,ENQUEUED,0.24219966798599757,questions_in
2025-10-29T00:02:19.436831,PUBLISH,a2deb46b04ed438395c081f3438b0fae,68f2d95bd190740cfd6a36a1,ENQUEUED,0.49214453360046384,questions_in
2025-10-29T00:02:19.829558,PUBLISH,2d1ad317dd78424cabbe2b7a654ddb30,68f2d95bd190740cfd6a32e9,ENQUEUED,0.38997166613359324,questions_in
2025-10-29T00:02:20.090787,PUBLISH,d53b2a5687f64937bcc6b033dd108073,68f2d95bd190740cfd6a20d1,ENQUEUED,0.2578903618010364,questions_in
2025-10-29T00:02:20.427477,PUBLISH,b3fc273f244746f7b7d0f560ccc943c3,68f2d95bd190740cfd6a2092,ENQUEUED,0.3341995424543689,questions_in
2025-10-29T00:02:20.628228,PUBLISH,9cc76decd7e64e2eb6c9bdfcdaacb9a8,68f2d95bd190740cfd6a2c09,ENQUEUED,0.19844476820582455,questions_in
2025-10-29T00:02:21.119075,PUBLISH,2eff1fffe7ee4c06a5c7722a8c7acf41,68f2d95bd190740cfd6a252a,ENQUEUED,0.48377889455157386,questions_in
2025-10-29T00:02:21.617404,PUBLISH,3dc8489a85644303bf96d83a0fc6f1ee,68f2d95bd190740cfd6a329c,ENQUEUED,0.4963510609907843,questions_in
2025-10-29T00:02:22.111655,PUBLISH,a7183a66e1534b8b85d4895717f88952,68f2d95bd190740cfd6a300c,ENQUEUED,0.4898219164580794,questions_in
2025-10-29T00:02:22.374862,PUBLISH,57294ae2c6e74575b99ec14e9f424784,68f2d95bd190740cfd6a34a7,ENQUEUED,0.2609245422695271,questions_in
2025-10-29T00:02:22.658362,PUBLISH,e3d4ef9940f14eb98827cb335a55a93c,68f2d95bd190740cfd6a37f9,ENQUEUED,0.2802818119042896,questions_in
2025-10-29T00:02:22.884747,PUBLISH,3401d8418b2d455c80c083d7fa38c610,68f2d95bd190740cfd6a319c,ENQUEUED,0.22423586687350375,questions_in
2025-10-29T00:02:23.009212,PUBLISH,1bd6f33645a949cea1dc82c5156312a9,68f2d95bd190740cfd6a2123,ENQUEUED,0.11636817017103361,questions_in
2025-10-29T00:02:23.362561,PUBLISH,821f969407e74579adf4feda5e2f7960,68f2d95bd190740cfd6a30be,ENQUEUED,0.35078107155288485,questions_in
2025-10-29T00:02:23.640887,PUBLISH,def285b6e8f444238051838a925f1b32,68f2d95bd190740cfd6a2dba,ENQUEUED,0.2707705735178299,questions_in
2025-10-29T00:02:24.091725,PUBLISH,6ca58ca6dabc410d84976114adfedf3b,68f2d95bd190740cfd6a3951,ENQUEUED,0.4471266044617622,questions_in
2025-10-29T00:02:24.358005,PUBLISH,31d022c18acc49939bedc780da51cf36,68f2d95bd190740cfd6a2d87,ENQUEUED,0.26397148477510946,questions_in
2025-10-29T00:02:24.632536,PUBLISH,4015bbb0a62541e89ce2a32fcc451b1f,68f2d95bd190740cfd6a1e90,ENQUEUED,0.2725987035438895,questions_in
2025-10-29T00:02:25.075281,PUBLISH,55e10d0e657b4ffc98321ed22a760025,68f2d95bd190740cfd6a2eef,ENQUEUED,0.4400514783367252,questions_in
2025-10-29T00:02:25.557421,PUBLISH,5709d86f17554cae8d7e255a365ebb47,68f2d95bd190740cfd6a1fca,ENQUEUED,0.47977408727532833,questions_in
2025-10-29T00:02:25.728835,PUBLISH,225e56894b6c43339f9fe1ec50739868,68f2d95bd190740cfd6a26a8,ENQUEUED,0.16915383279274315,questions_in
2025-10-29T00:02:26.007663,PUBLISH,8fed7fbbfb374a928c8928740c0ceead,68f2d95bd190740cfd6a3616,ENQUEUED,0.2692650435242091,questions_in
2025-10-29T00:02:26.392069,PUBLISH,4bf4a792361d4468a8c4a03c0779f843,68f2d95bd190740cfd6a1e66,ENQUEUED,0.3823326138559092,questions_in
2025-10-29T00:02:26.618197,PUBLISH,280ff03b576440648f0b72d57abafe75,68f2d95bd190740cfd6a32a5,ENQUEUED,0.22186887699727553,questions_in
2025-10-29T00:02:27.061443,PUBLISH,b4956216b29541ae94df605552e857f0,68f2d95bd190740cfd6a2325,ENQUEUED,0.4413175044914709,questions_in
2025-10-29T00:02:27.252657,PUBLISH,784a1fecfc464687bb145eb61071769f,68f2d95bd190740cfd6a2ad3,ENQUEUED,0.18826816060687307,questions_in
2025-10-29T00:02:27.411869,PUBLISH,8f834bf243824c03946f599f996e13dc,68f2d95bd190740cfd6a3110,ENQUEUED,0.15621171108373436,questions_in
2025-10-29T00:02:27.709705,PUBLISH,e84066caf5e444da8b5d00fd1e248392,68f2d95bd190740cfd6a2522,ENQUEUED,0.2956099522732809,questions_in
2025-10-29T00:02:27.921646,PUBLISH,29596e83477d4029827513327dbcc33b,68f2d95bd190740cfd6a34a0,ENQUEUED,0.20721828422453203,questions_in
2025-10-29T00:02:28.140300,PUBLISH,797bf6cf30d1486fbe1f934c693ca147,68f2d95bd190740cfd6a3c20,ENQUEUED,0.20794670736603696,questions_in
2025-10-29T00:02:28.249514,PUBLISH,85e03da3630940a0834330ce243d64a6,68f2d95bd190740cfd6a23ca,ENQUEUED,0.10655906910540658,questions_in
2025-10-29T00:02:28.715364,PUBLISH,49b1fdcc6b6d480ea3a55bfd11f7882a,68f2d95bd190740cfd6a37dd,ENQUEUED,0.46339002924363915,questions_in
2025-10-29T00:02:28.967864,PUBLISH,e720454bfa5e4a89825390ec5287e53f,68f2d95bd190740cfd6a2bab,ENQUEUED,0.24972205231015826,questions_in
2025-10-29T00:02:29.329895,PUBLISH,a952a05474ad455e93038d95a8fc995f,68f2d95bd190740cfd6a2ab1,ENQUEUED,0.35887263460723595,questions_in
2025-10-29T00:02:29.675870,PUBLISH,62f445f51b51434e981b09967e265a61,68f2d95bd190740cfd6a24d0,ENQUEUED,0.3433305377645598,questions_in
2025-10-29T00:02:30.094016,PUBLISH,b6815e46d991448aa2b87b4a72ecd6da,68f2d95bd190740cfd6a3078,ENQUEUED,0.4090658411984842,questions_in
2025-10-29T00:02:30.379946,PUBLISH,f2e3c0233efa417a8b5d40dcabcf1d81,68f2d95bd190740cfd6a416b,ENQUEUED,0.2830504934078293,questions_in
2025-10-29T00:02:30.795054,PUBLISH,60c94da74741494986da86328aa1ed32,68f2d95bd190740cfd6a22ab,ENQUEUED,0.40947197685549974,questions_in
2025-10-29T00:02:30.940745,PUBLISH,30b26f094a4149cfa27d0b9ba28c73a0,68f2d95bd190740cfd6a3ade,ENQUEUED,0.14218220832114079,questions_in
2025-10-29T00:02:31.066193,PUBLISH,b87a7f83b6e84185bad3302ed7006a18,68f2d95bd190740cfd6a1c8d,ENQUEUED,0.12275197915262144,questions_in
2025-10-29T00:02:31.537998,PUBLISH,3aa4948cb08f4060b8307370a43225b8,68f2d95bd190740cfd6a285c,ENQUEUED,0.4683627056320988,questions_in
2025-10-29T00:02:31.984012,PUBLISH,732c2284a6744ed3a25b4ce64feb51a8,68f2d95bd190740cfd6a288e,ENQUEUED,0.4429792919801733,questions_in
2025-10-29T00:02:32.479759,PUBLISH,88b54f6da5094427af1d88daf946e0c8,68f2d95bd190740cfd6a3513,ENQUEUED,0.4936463334915441,questions_in
2025-10-29T00:02:32.616052,PUBLISH,3878f4c9c40e4524b1c60e4a82333b04,68f2d95bd190740cfd6a393a,ENQUEUED,0.13449033891271045,questions_in
2025-10-29T00:02:33.108226,PUBLISH,080fb141cde74a06a199dee98a0309e3,68f2d95bd190740cfd6a2674,ENQUEUED,0.48521985511392085,questions_in
2025-10-29T00:02:33.561678,PUBLISH,07ac81eedf344f95a85ef39e3279089a,68f2d95bd190740cfd6a20b9,ENQUEUED,0.4511392020104652,questions_in
2025-10-29T00:02:33.699455,PUBLISH,a0f50df29c83413db49156d051e9cde1,68f2d95bd190740cfd6a2352,ENQUEUED,0.1320849210920963,questions_in
2025-10-29T00:02:34.038318,PUBLISH,d4663dfd0c8a415cb28d2584f0183c92,68f2d95bd190740cfd6a418d,ENQUEUED,0.3360935906453306,questions_in
2025-10-29T00:02:34.278396,PUBLISH,7d87d8a2a5ea4371931026b95124edba,68f2d95bd190740cfd6a32f3,ENQUEUED,0.23686388465130964,questions_in
2025-10-29T00:02:34.697252,PUBLISH,f9f3f189d75249d687a2d8d78243adc7,68f2d95bd190740cfd6a3395,ENQUEUED,0.41545628202646834,questions_in
2025-10-29T00:02:35.137958,PUBLISH,f650f89f013643b489ebc0e6abfac7ef,68f2d95bd190740cfd6a31c1,ENQUEUED,0.43782841168042275,questions_in
2025-10-29T00:02:35.254324,PUBLISH,e7992c3aaf8d4b8f8438a68d8d65cd58,68f2d95bd190740cfd6a3875,ENQUEUED,0.1134870896437315,questions_in
2025-10-29T00:02:35.638297,PUBLISH,62c8d5c4b2484d768681b20856adca4f,68f2d95bd190740cfd6a3011,ENQUEUED,0.3812063696147475,questions_in
2025-10-29T00:02:36.019876,PUBLISH,e07203d74ebe4b449feaf59a696bf29a,68f2d95bd190740cfd6a29fb,ENQUEUED,0.3769756416076875,questions_in
2025-10-29T00:02:36.431433,PUBLISH,5c30fa0180df42febf74fa2fc8d1c5d3,68f2d95bd190740cfd6a37ff,ENQUEUED,0.40575960853273474,questions_in
2025-10-29T00:02:36.704943,PUBLISH,d038c28def2c48f38ca812551604f708,68f2d95bd190740cfd6a3c65,ENQUEUED,0.26939170139163304,questions_in
2025-10-29T00:02:36.807358,PUBLISH,02e497fc414f4af986fe6aa1141fb9fb,68f2d95bd190740cfd6a41a3,ENQUEUED,0.10073208854547953,questions_in
2025-10-29T00:02:37.022114,PUBLISH,51b0779aae50439886efd29e7ae83f51,68f2d95bd190740cfd6a1bc7,ENQUEUED,0.21265498641770916,questions_in
2025-10-29T00:02:37.140064,PUBLISH,47c9942d3e6848e5868b886c22bfbca7,68f2d95bd190740cfd6a2dad,ENQUEUED,0.11598415888964003,questions_in
2025-10-29T00:02:37.276314,PUBLISH,19fbb8d08edf4671aa8b0632b8ddf6af,68f2d95bd190740cfd6a3684,ENQUEUED,0.1344583119152493,questions_in
2025-10-29T00:02:37.746706,PUBLISH,ee3aa0fe82534ac49f79d106759e1a6a,68f2d95bd190740cfd6a2d8e,ENQUEUED,0.4682738845546609,questions_in
2025-10-29T00:02:38.044150,PUBLISH,aeb4281b1d754a58ac44b454b8bf0e0f,68f2d95bd190740cfd6a2c01,ENQUEUED,0.29552090769351014,questions_in
2025-10-29T00:02:38.420770,PUBLISH,8afda3aa555e4ae5937b73e765d61577,68f2d95bd190740cfd6a248e,ENQUEUED,0.36834379506303716,questions_in
2025-10-29T00:02:38.540170,PUBLISH,38249a1eb4ef48119b46902c523a9a70,68f2d95bd190740cfd6a32d6,ENQUEUED,0.11700584598075597,questions_in
2025-10-29T00:02:39.012218,PUBLISH,f97dd651bf2f4775aa661ddd9de1c81d,68f2d95bd190740cfd6a3c1c,ENQUEUED,0.4695911804964199,questions_in
2025-10-29T00:02:39.151348,PUBLISH,02c3a5f11b4b4c219dd58e296fe12676,68f2d95bd190740cfd6a3a24,ENQUEUED,0.13522695612808402,questions_in
2025-10-29T00:02:39.367752,PUBLISH,9a877615ad2e4a07b52f8b666e4fdb5a,68f2d95bd190740cfd6a2a9f,ENQUEUED,0.21331877891686385,questions_in
2025-10-29T00:02:39.565925,PUBLISH,c57d45adce374fc89eb735f491483a1b,68f2d95bd190740cfd6a229c,ENQUEUED,0.19516395327354885,questions_in
2025-10-29T00:02:39.894007,PUBLISH,9ae05ba0150b4fdaa882dc05db4ef929,68f2d95bd190740cfd6a317f,ENQUEUED,0.3249410507917374,questions_in
2025-10-29T00:02:40.226240,PUBLISH,bac09c37b64c45dba46471366ae76f71,68f2d95bd190740cfd6a2c6a,ENQUEUED,0.3305222725443031,questions_in
2025-10-29T00:02:40.658409,PUBLISH,bcf4f949e3e44a41866f5011c172c5d7,68f2d95bd190740cfd6a25c8,ENQUEUED,0.42963937652177975,questions_in
2025-10-29T00:02:41.014138,PUBLISH,d3769167262f419bb11c59d54a4ec84d,68f2d95bd190740cfd6a260e,ENQUEUED,0.35351419059697275,questions_in
2025-10-29T00:02:41.368162,PUBLISH,9da6d5b3caca426c875803f2db4589ae,68f2d95bd190740cfd6a364b,ENQUEUED,0.3488901977315436,questions_in
2025-10-29T00:02:41.556965,PUBLISH,39e772ec02214e34bf23c2e169cd2301,68f2d95bd190740cfd6a3145,ENQUEUED,0.18654296698753667,questions_in
2025-10-29T00:02:41.972203,PUBLISH,351c085fab9f4e7bb807818ea886b161,68f2d95bd190740cfd6a32c9,ENQUEUED,0.41269904177958516,questions_in
2025-10-29T00:02:42.265438,PUBLISH,5f154e3ad717422b8fed6c71cdd2bec7,68f2d95bd190740cfd6a2191,ENQUEUED,0.2894799149139798,questions_in
2025-10-29T00:02:42.501989,PUBLISH,210f86791e2343fab600f923703b4500,68f2d95bd190740cfd6a268a,ENQUEUED,0.23411366182974525,questions_in
2025-10-29T00:02:42.968331,PUBLISH,78e538bbaf0e4e2681fb94bc9081f3f3,68f2d95bd190740cfd6a288c,ENQUEUED,0.46250903033701296,questions_in
2025-10-29T00:02:43.204200,PUBLISH,7e98582975364b1995de8737c0b07a9c,68f2d95bd190740cfd6a22a4,ENQUEUED,0.23399749458679345,questions_in
2025-10-29T00:02:43.593996,PUBLISH,792cf885698b4fc98d9e3a33499345be,68f2d95bd190740cfd6a41c1,ENQUEUED,0.3866909346497186,questions_in
2025-10-29T00:02:44.070883,PUBLISH,7a79edc721eb4f2c80c5cb28dd0889af,68f2d95bd190740cfd6a3020,ENQUEUED,0.47475665892467667,questions_in
2025-10-29T00:02:44.384501,PUBLISH,cd23af39b011439c89287f7b0a6cb5de,68f2d95bd190740cfd6a3f28,ENQUEUED,0.3093977477007611,questions_in
2025-10-29T00:02:44.646466,PUBLISH,d98a5ef4395942fa90f9bc2cbbc2bc5f,68f2d95bd190740cfd6a2f66,ENQUEUED,0.2597977827150375,questions_in
2025-10-29T00:02:45.075830,PUBLISH,926b04edb94f418ea4b6829510994baa,68f2d95bd190740cfd6a41a0,ENQUEUED,0.42719106427024955,questions_in
2025-10-29T00:02:45.400166,PUBLISH,58012624a39b4cd1bb236f18a132679a,68f2d95bd190740cfd6a39cc,ENQUEUED,0.3203466897336644,questions_in
2025-10-29T00:02:45.511310,PUBLISH,1e5be4e38d6b4d6195e8f1cb77fcffa5,68f2d95bd190740cfd6a2b11,ENQUEUED,0.10515966010657177,questions_in
2025-10-29T00:02:45.866031,PUBLISH,efc7d860a2004cdd9c458f3e0e27fdb8,68f2d95bd190740cfd6a1c89,ENQUEUED,0.350926523256349,questions_in
2025-10-29T00:02:46.069206,PUBLISH,4133fecb64534cd3a10edf1c8b095b40,68f2d95bd190740cfd6a27f5,ENQUEUED,0.20099880617086502,questions_in
2025-10-29T00:02:46.505147,PUBLISH,e2b2931437cb4992a1584ee5eec34708,68f2d95bd190740cfd6a2699,ENQUEUED,0.4332501541398234,questions_in
2025-10-29T00:02:46.870723,PUBLISH,d7d255725aa64a629da932408fadde12,68f2d95bd190740cfd6a2d70,ENQUEUED,0.36302625641769115,questions_in
2025-10-29T00:02:47.326015,PUBLISH,d362f9a0c04741ba8de004e91d36e025,68f2d95bd190740cfd6a2ef1,ENQUEUED,0.45294704431555066,questions_in
2025-10-29T00:02:47.722451,PUBLISH,05a1700d254848cc9abbe1c287376eab,68f2d95bd190740cfd6a27af,ENQUEUED,0.39385090156997415,questions_in
2025-10-29T00:02:48.171054,PUBLISH,515aba19ec194c22bd2b1dff63f104ea,68f2d95bd190740cfd6a339e,ENQUEUED,0.44534024109548953,questions_in
2025-10-29T00:02:48.527422,PUBLISH,791078ef64e54630a7571e8559532a87,68f2d95bd190740cfd6a3741,ENQUEUED,0.3534195131301586,questions_in
2025-10-29T00:02:48.755729,PUBLISH,545f264f80c84fd7986056095209e251,68f2d95bd190740cfd6a34bd,ENQUEUED,0.22604190954665923,questions_in
2025-10-29T00:02:49.193004,PUBLISH,12d9540c5e8b46bc8aa6c543cd2afae5,68f2d95bd190740cfd6a2c97,ENQUEUED,0.43464659426957053,questions_in
2025-10-29T00:02:49.530856,PUBLISH,f8898c388d3e4224b2386fdcb6ccdb4b,68f2d95bd190740cfd6a1ad7,ENQUEUED,0.333942212620261,questions_in
2025-10-29T00:02:49.953951,PUBLISH,75373308dce24128a704edae41f5a163,68f2d95bd190740cfd6a1f8e,ENQUEUED,0.41972612033035983,questions_in
2025-10-29T00:02:50.116489,PUBLISH,2ce8170a36004a1b846881b654ec6ada,68f2d95bd190740cfd6a2bbc,ENQUEUED,0.15751297165290984,questions_in
2025-10-29T00:02:50.571150,PUBLISH,4baa6989ee304fafbfac6144642bea9e,68f2d95bd190740cfd6a1fa9,ENQUEUED,0.4482392428779862,questions_in
2025-10-29T00:02:50.849136,PUBLISH,56da85ad4d234ec29a8ea3a0b575f41c,68f2d95bd190740cfd6a1ee8,ENQUEUED,0.27349945329875947,questions_in
2025-10-29T00:02:51.305212,PUBLISH,3b904d2e96af4c24b1003ac13b6f86ee,68f2d95bd190740cfd6a2428,ENQUEUED,0.44716269283528554,questions_in
2025-10-29T00:02:51.577975,PUBLISH,1df621a0ca9b43c9bb919f3a4313558e,68f2d95bd190740cfd6a2947,ENQUEUED,0.2701122776742628,questions_in
2025-10-29T00:02:51.808546,PUBLISH,f939c22f1aeb4709a331801a187dae14,68f2d95bd190740cfd6a290f,ENQUEUED,0.22833261392816506,questions_in
2025-10-29T00:02:52.026038,PUBLISH,32276da230a84bb598383a0170a965a9,68f2d95bd190740cfd6a4190,ENQUEUED,0.21530292528405895,questions_in
2025-10-29T00:02:52.435833,PUBLISH,fcf4414d498f442f8adad0e0f7afff99,68f2d95bd190740cfd6a2d79,ENQUEUED,0.4075434709983473,questions_in
2025-10-29T00:02:52.788583,PUBLISH,3b0edf7350d64161be11aaaa2e8d118b,68f2d95bd190740cfd6a2de2,ENQUEUED,0.3434259800820492,questions_in
2025-10-29T00:02:53.206744,PUBLISH,d75eed5a81bd48958069347cbc51626c,68f2d95bd190740cfd6a21d0,ENQUEUED,0.4157615653467678,questions_in
2025-10-29T00:02:53.330169,PUBLISH,3b2505bed55c4c04898a420301bcfa25,68f2d95bd190740cfd6a3e3a,ENQUEUED,0.1211127743292261,questions_in
2025-10-29T00:02:53.471939,PUBLISH,785c09b1f2694021b64f51724aecb00a,68f2d95bd190740cfd6a23c1,ENQUEUED,0.13964973267984676,questions_in
2025-10-29T00:02:53.628770,PUBLISH,482d7036c8584f4c94d2e7fae3fd5907,68f2d95bd190740cfd6a2f25,ENQUEUED,0.1512978117095068,questions_in
2025-10-29T00:02:53.955083,PUBLISH,22f544351be24892a11884ac18d073d4,68f2d95bd190740cfd6a3f82,ENQUEUED,0.32139996321621966,questions_in
2025-10-29T00:02:54.073640,PUBLISH,037362301e3b4e36836e57114cb169af,68f2d95bd190740cfd6a1ef6,ENQUEUED,0.11220100835492089,questions_in
2025-10-29T00:02:54.335836,PUBLISH,a292aa7f100f4783bf27bf17c812f80a,68f2d95bd190740cfd6a24fa,ENQUEUED,0.25487349427796024,questions_in
2025-10-29T00:02:54.539250,PUBLISH,55b4eed085994352b8bcc08b68d4e9b1,68f2d95bd190740cfd6a20ad,ENQUEUED,0.20043213053513853,questions_in
2025-10-29T00:02:54.875064,PUBLISH,9f72470fec074d1dba762a60e00bff15,68f2d95bd190740cfd6a3fb4,ENQUEUED,0.33293530018767525,questions_in
2025-10-29T00:02:55.199805,PUBLISH,7ec5cbd68ca246f9876c4e7a3353980c,68f2d95bd190740cfd6a26b6,ENQUEUED,0.3165739998284161,questions_in
2025-10-29T00:02:55.404084,PUBLISH,ba4ee18da9f842ceae9fafbe5022fc5c,68f2d95bd190740cfd6a33ee,ENQUEUED,0.20211402074912757,questions_in
2025-10-29T00:02:55.822490,PUBLISH,263b2adf04f143dab47b590c5769f013,68f2d95bd190740cfd6a367d,ENQUEUED,0.4164390415388045,questions_in
2025-10-29T00:02:56.204205,PUBLISH,d2e599cf432f4e0787562004e4db0cbf,68f2d95bd190740cfd6a3e38,ENQUEUED,0.37970526369850455,questions_in
2025-10-29T00:02:56.620253,PUBLISH,9e3f2ce4ced847f08c0e5d834d3d0d68,68f2d95bd190740cfd6a3dd8,ENQUEUED,0.4135966294076433,questions_in
2025-10-29T00:02:56.760868,PUBLISH,d6d2be8ac0164f11946c0fc7014c961e,68f2d95bd190740cfd6a3796,ENQUEUED,0.1386273095753348,questions_in
2025-10-29T00:02:57.066256,PUBLISH,9ccfca9781334080b50e8fa12d9e9e8c,68f2d95bd190740cfd6a25d1,ENQUEUED,0.303461256342892,questions_in
2025-10-29T00:02:57.384873,PUBLISH,142e36cb977e429b93034b00605e3c0b,68f2d95bd190740cfd6a2bd1,ENQUEUED,0.31640851239050966,questions_in
2025-10-29T00:02:57.509541,PUBLISH,01ea11787c95414eb4504e9b836edf6f,68f2d95bd190740cfd6a1e5e,ENQUEUED,0.12250993718077555,questions_in
2025-10-29T00:02:57.722442,PUBLISH,3fe7dab8225c487b88ffb60534b37e6d,68f2d95bd190740cfd6a1d8b,ENQUEUED,0.20667061173613047,questions_in
2025-10-29T00:02:57.915450,PUBLISH,731e7a12933140268e64721e050aa08e,68f2d95bd190740cfd6a2fe7,ENQUEUED,0.1902280859854161,questions_in
2025-10-29T00:02:58.166110,PUBLISH,3c1187e39fe544ec8f074f5b995910af,68f2d95bd190740cfd6a3a60,ENQUEUED,0.24786788742926077,questions_in
2025-10-29T00:02:58.451892,PUBLISH,872d6d860d074a398b911ed07bbda159,68f2d95bd190740cfd6a3aa4,ENQUEUED,0.2836119383476302,questions_in
2025-10-29T00:02:58.657718,PUBLISH,80b6978658da402f8a25c111a3b81db5,68f2d95bd190740cfd6a343e,ENQUEUED,0.20004626665994377,questions_in
2025-10-29T00:02:58.982297,PUBLISH,fa1f018b1639419292162925845dcec4,68f2d95bd190740cfd6a268a,ENQUEUED,0.3197924927018457,questions_in
2025-10-29T00:02:59.170399,PUBLISH,c8d84aba99ee480c82debca10ad26500,68f2d95bd190740cfd6a24d0,ENQUEUED,0.18631829482471948,questions_in
2025-10-29T00:02:59.651150,PUBLISH,ef4f31ee58b441459315bd4b42c67a27,68f2d95bd190740cfd6a37f3,ENQUEUED,0.47849501447629295,questions_in
2025-10-29T00:03:00.038514,PUBLISH,8a93fab95a8546e8ab6dee13eed3768d,68f2d95bd190740cfd6a1ce0,ENQUEUED,0.38558463462074777,questions_in
2025-10-29T00:03:00.467019,PUBLISH,c26a064b77e64d01bc5ca4ee82b5537e,68f2d95bd190740cfd6a3e69,ENQUEUED,0.4260507673443722,questions_in
2025-10-29T00:03:00.739415,PUBLISH,f46c4aeb2a2040e39fc6b2ebea7cfda0,68f2d95bd190740cfd6a3c06,ENQUEUED,0.2703552030536854,questions_in
2025-10-29T00:03:00.949462,PUBLISH,a159bf24be4f4496beb4457965a01537,68f2d95bd190740cfd6a28d0,ENQUEUED,0.20148480267394453,questions_in
2025-10-29T00:03:01.176090,PUBLISH,22049392500646d59d5859cfd54613a4,68f2d95bd190740cfd6a2860,ENQUEUED,0.21985008422379046,questions_in
2025-10-29T00:03:01.394116,PUBLISH,96efca78fccd42708a4d5d37ba153e0a,68f2d95bd190740cfd6a2fed,ENQUEUED,0.20852386244906854,questions_in
2025-10-29T00:03:01.818526,PUBLISH,1551cb1e9b5c42ff9875d4488617e06d,68f2d95bd190740cfd6a28a4,ENQUEUED,0.42229466064404453,questions_in
2025-10-29T00:03:01.998717,PUBLISH,c31da12e180c4f4ea2bd4859d4d881e3,68f2d95bd190740cfd6a3a59,ENQUEUED,0.1763899429251902,questions_in
2025-10-29T00:03:02.113050,PUBLISH,59ed5a8b1a8e4321af390e4daf1ff65e,68f2d95bd190740cfd6a397f,ENQUEUED,0.11073244658325239,questions_in
2025-10-29T00:03:02.399466,PUBLISH,ad2f02d2adf34a1d8e29fb41707d3052,68f2d95bd190740cfd6a1f33,ENQUEUED,0.2819022841724042,questions_in
2025-10-29T00:03:02.796791,PUBLISH,d96f4a077c96437281ce350c9370b9a5,68f2d95bd190740cfd6a3f9f,ENQUEUED,0.39295870519728304,questions_in
2025-10-29T00:03:03.044399,PUBLISH,c1b2630e1ffa4d3f89665adf272b8a0f,68f2d95bd190740cfd6a297c,ENQUEUED,0.2446331812044863,questions_in
2025-10-29T00:03:03.441258,PUBLISH,0924dc74cdb54b188ad05a9b93ad2572,68f2d95bd190740cfd6a2a3d,ENQUEUED,0.39496585927679184,questions_in
2025-10-29T00:03:03.922553,PUBLISH,ada099ef4a304c4fb9b835377239cd13,68f2d95bd190740cfd6a336b,ENQUEUED,0.47866253440413487,questions_in
2025-10-29T00:03:04.348826,PUBLISH,56d416349fa04fbb8d536186e3e05365,68f2d95bd190740cfd6a292b,ENQUEUED,0.4239759820642326,questions_in
2025-10-29T00:03:04.834366,PUBLISH,1a0645f24dbd4a6a9109b87737622b17,68f2d95bd190740cfd6a2cf5,ENQUEUED,0.4828557190031951,questions_in
2025-10-29T00:03:04.965444,PUBLISH,f8085117f1404d468c5229bf68292050,68f2d95bd190740cfd6a256e,ENQUEUED,0.1283776791947279,questions_in
2025-10-29T00:03:05.270343,PUBLISH,85721da324a74a31880bed15542a879b,68f2d95bd190740cfd6a1fed,ENQUEUED,0.2996522352468687,questions_in
2025-10-29T00:03:05.574255,PUBLISH,f01821ffbe994834af2b861bfe264737,68f2d95bd190740cfd6a22db,ENQUEUED,0.2974882438574105,questions_in
2025-10-29T00:03:05.874516,PUBLISH,1e057849ca2849e285f5fe79c48d20ce,68f2d95bd190740cfd6a2721,ENQUEUED,0.29801497033325064,questions_in
2025-10-29T00:03:06.136882,PUBLISH,11efe8e179fd4bb091f1494136d72a05,68f2d95bd190740cfd6a39b7,ENQUEUED,0.2564533171761513,questions_in
2025-10-29T00:03:06.491039,PUBLISH,1d985cabeff646bebf2b76808cf207af,68f2d95bd190740cfd6a3a2d,ENQUEUED,0.35217277223837473,questions_in
2025-10-29T00:03:06.886402,PUBLISH,e2f44ae470894533a7c09514fec1eb24,68f2d95bd190740cfd6a369a,ENQUEUED,0.3934892442253578,questions_in
2025-10-29T00:03:06.998520,PUBLISH,8c03df6d2ab74b47ba85065b7ccc904d,68f2d95bd190740cfd6a2dff,ENQUEUED,0.1096881369094704,questions_in
2025-10-29T00:03:07.139728,PUBLISH,0f05bb820a074f948d01591910274fb3,68f2d95bd190740cfd6a3390,ENQUEUED,0.13947816758655188,questions_in
2025-10-29T00:03:07.302282,PUBLISH,d8495dd8d9894f11b1510048c954622f,68f2d95bd190740cfd6a3820,ENQUEUED,0.16012877296384348,questions_in
2025-10-29T00:03:07.495717,PUBLISH,62d666a0ff674621b0523ed7477f03b2,68f2d95bd190740cfd6a3495,ENQUEUED,0.19061582517541523,questions_in
2025-10-29T00:03:07.813379,PUBLISH,4f6b86e6d5294fcbaa73b439415b3694,68f2d95bd190740cfd6a3000,ENQUEUED,0.31250240159020876,questions_in
2025-10-29T00:03:08.263646,PUBLISH,3a81c321f08446febb3cb89513d60cc7,68f2d95bd190740cfd6a34ef,ENQUEUED,0.4463861467167376,questions_in
2025-10-29T00:03:08.648634,PUBLISH,2fc2317dc7424dd985971482c9210b76,68f2d95bd190740cfd6a3458,ENQUEUED,0.38150568598765344,questions_in
2025-10-29T00:03:08.885657,PUBLISH,c9691e4f2802437eaba5b9b6bd49ddd3,68f2d95bd190740cfd6a2dc8,ENQUEUED,0.2295046880715319,questions_in
2025-10-29T00:03:09.311570,PUBLISH,f6fd9754e9044c10ac36e0d3257e5158,68f2d95bd190740cfd6a3f2d,ENQUEUED,0.4222142874105378,questions_in
2025-10-29T00:03:09.750354,PUBLISH,e3bc0016351d4a79b31358b23b799153,68f2d95bd190740cfd6a3c30,ENQUEUED,0.4355560108973099,questions_in
2025-10-29T00:03:10.019250,PUBLISH,06ae6d7ba3d3400289e6ecccbddb7445,68f2d95bd190740cfd6a2376,ENQUEUED,0.26600775436189295,questions_in
2025-10-29T00:03:10.431414,PUBLISH,c70f199fb8f044a09234ecfb969b9235,68f2d95bd190740cfd6a20ce,ENQUEUED,0.40881128028669667,questions_in
2025-10-29T00:03:10.928569,PUBLISH,4ab930a9ff304efdb20ed151f93ff8c6,68f2d95bd190740cfd6a2a51,ENQUEUED,0.49294837083981147,questions_in
2025-10-29T00:03:11.237258,PUBLISH,7ef32bfd3b2548ca9ca7ff4653c86235,68f2d95bd190740cfd6a1b4e,ENQUEUED,0.3067259542169517,questions_in
2025-10-29T00:03:11.669984,PUBLISH,2306ceec479444bf99242cdf23ee259b,68f2d95bd190740cfd6a273e,ENQUEUED,0.4300521188734766,questions_in
2025-10-29T00:03:11.888398,PUBLISH,d08e32393f0d4382b5abda0ea0bd56a9,68f2d95bd190740cfd6a37e4,ENQUEUED,0.21588437885468173,questions_in
2025-10-29T00:03:12.154252,PUBLISH,9d86d78fc80d4c28906fe1da43817b0d,68f2d95bd190740cfd6a2cf9,ENQUEUED,0.2634023130462243,questions_in
2025-10-29T00:03:12.327801,PUBLISH,cd469234e05e47108b9cd536832d183b,68f2d95bd190740cfd6a2d4c,ENQUEUED,0.16967222391010134,questions_in
2025-10-29T00:03:12.695727,PUBLISH,6157195660554f439d6b35870c6e06c6,68f2d95bd190740cfd6a337e,ENQUEUED,0.365119161075658,questions_in
2025-10-29T00:03:12.878487,PUBLISH,57250c1cf1e64ec1acbc721c363e66e0,68f2d95bd190740cfd6a2da5,ENQUEUED,0.17849745956816854,questions_in
2025-10-29T00:03:13.301246,PUBLISH,fd6406d4b9c04cc3bc6344e348e1d85f,68f2d95bd190740cfd6a2184,ENQUEUED,0.42075942711405956,questions_in
2025-10-29T00:03:13.613942,PUBLISH,368355cb298043ca8ac97a1d25a59859,68f2d95bd190740cfd6a30e3,ENQUEUED,0.31058541175186316,questions_in
2025-10-29T00:03:13.901835,PUBLISH,74226819b0e848bc89e9b65725c7aad4,68f2d95bd190740cfd6a3927,ENQUEUED,0.28555126250348556,questions_in
2025-10-29T00:03:14.085797,PUBLISH,fc58ca99e42f4750a423d74d4f69a86f,68f2d95bd190740cfd6a3026,ENQUEUED,0.18165506657775668,questions_in
2025-10-29T00:03:14.490309,PUBLISH,1a8ef829180d437eab4c40eb8680344d,68f2d95bd190740cfd6a3412,ENQUEUED,0.40253407437876076,questions_in
2025-10-29T00:03:14.850527,PUBLISH,357412e136a94762bb3568ca1954bdb6,68f2d95bd190740cfd6a1f62,ENQUEUED,0.35719637208049937,questions_in
2025-10-29T00:03:15.001912,PUBLISH,c470a722123740d1bb3de226f68aa831,68f2d95bd190740cfd6a2ae2,ENQUEUED,0.14922474459883867,questions_in
2025-10-29T00:03:15.182920,PUBLISH,444be97df892409690406a957e0522d0,68f2d95bd190740cfd6a2ed2,ENQUEUED,0.17394866894839112,questions_in
2025-10-29T00:03:15.445585,PUBLISH,b9a62b902ca04aa38c51709483c590e2,68f2d95bd190740cfd6a2eb4,ENQUEUED,0.2568728998078287,questions_in
2025-10-29T00:03:15.913664,PUBLISH,0416f2d1644849fc9fdba0ff854ecd04,68f2d95bd190740cfd6a2da4,ENQUEUED,0.4652623092517937,questions_in
2025-10-29T00:03:16.403701,PUBLISH,d0a7bcb5401f4fee9893aeb5ada8bad4,68f2d95bd190740cfd6a34dc,ENQUEUED,0.48789728498506546,questions_in
2025-10-29T00:03:16.694141,PUBLISH,a1781a98b5ca4ae8b5da8b84c7ec360d,68f2d95bd190740cfd6a3064,ENQUEUED,0.28605306449534684,questions_in
2025-10-29T00:03:17.031798,PUBLISH,b248905ba614407580fc286a605aa256,68f2d95bd190740cfd6a247b,ENQUEUED,0.32772755546632504,questions_in
2025-10-29T00:03:17.380445,PUBLISH,dc38d3ebf50747dd96fed79a7f33c759,68f2d95bd190740cfd6a3010,ENQUEUED,0.3464834699738466,questions_in
2025-10-29T00:03:17.567457,PUBLISH,745adbc21cef4021a1674ab46f781861,68f2d95bd190740cfd6a3c60,ENQUEUED,0.18512673091523793,questions_in
2025-10-29T00:03:17.761971,PUBLISH,90743e09330d4915a5bbd7bf463c6523,68f2d95bd190740cfd6a36a4,ENQUEUED,0.1912374078508297,questions_in
2025-10-29T00:03:17.894482,PUBLISH,6dedfb0929d8492b9ba8d784f8772e64,68f2d95bd190740cfd6a2dbb,ENQUEUED,0.12802426121170588,questions_in
2025-10-29T00:03:18.214696,PUBLISH,221c2f4bd19d41efbc15c46763815538,68f2d95bd190740cfd6a3bcb,ENQUEUED,0.3176295156056056,questions_in
2025-10-29T00:03:18.465478,PUBLISH,f8465f673651427e8e6459dae4f7a987,68f2d95bd190740cfd6a2b8d,ENQUEUED,0.24484768827278988,questions_in
2025-10-29T00:03:18.744962,PUBLISH,8b3a4cd5bee14e799d8c50e8147092f7,68f2d95bd190740cfd6a1dcb,ENQUEUED,0.2722152498013999,questions_in
2025-10-29T00:03:18.946224,PUBLISH,bc0eccbc06e9446f9d488bf67f22e9ad,68f2d95bd190740cfd6a1b1c,ENQUEUED,0.19808631460779513,questions_in
2025-10-29T00:03:19.360123,PUBLISH,b6f7f63fe0d341a3b641f3f48b38fb22,68f2d95bd190740cfd6a1be1,ENQUEUED,0.4102346346390334,questions_in
2025-10-29T00:03:19.768912,PUBLISH,510d8633534f401191d59ef13c8050a3,68f2d95bd190740cfd6a2587,ENQUEUED,0.40672899676358865,questions_in
2025-10-29T00:03:20.111961,PUBLISH,3aad1d104e9a4eb8a881a147962e3116,68f2d95bd190740cfd6a4033,ENQUEUED,0.3400464141380094,questions_in
2025-10-29T00:03:20.342073,PUBLISH,90170b74c6db45e0a53f066a6642ef34,68f2d95bd190740cfd6a3f62,ENQUEUED,0.22636534137305625,questions_in
2025-10-29T00:03:20.451245,PUBLISH,2df3e63267c842249b33f7c2e556c6c1,68f2d95bd190740cfd6a263f,ENQUEUED,0.10209309718898943,questions_in
2025-10-29T00:03:20.616748,PUBLISH,b0e115e2f280459da72292e0edcaee9b,68f2d95bd190740cfd6a1c09,ENQUEUED,0.15974615776649226,questions_in
2025-10-29T00:03:21.114466,PUBLISH,439b8d1d52304ea68ae5f80d1872375a,68f2d95bd190740cfd6a31c1,ENQUEUED,0.4953544757202717,questions_in
2025-10-29T00:03:21.247760,PUBLISH,a395726ecba94fe9ac948d895fd456b6,68f2d95bd190740cfd6a1ceb,ENQUEUED,0.1313718127825788,questions_in
2025-10-29T00:03:21.728808,PUBLISH,098b6679bce14c79b13876e4df4ad72a,68f2d95bd190740cfd6a27bd,ENQUEUED,0.47879221531518434,questions_in
2025-10-29T00:03:21.896404,PUBLISH,cba541d21f6b4c08b77f819fe0894913,68f2d95bd190740cfd6a29bd,ENQUEUED,0.15956982508271567,questions_in
2025-10-29T00:03:22.293445,PUBLISH,30f5511c9fd7443eb74ef50dd3ae68f7,68f2d95bd190740cfd6a2840,ENQUEUED,0.39357722310559706,questions_in
2025-10-29T00:03:22.781093,PUBLISH,d65a9eda62454440a61a4e8a91e7933b,68f2d95bd190740cfd6a3919,ENQUEUED,0.4853146068548374,questions_in
2025-10-29T00:03:23.165454,PUBLISH,a7fa8fc1ea8940e19f91e92007f90b8f,68f2d95bd190740cfd6a4085,ENQUEUED,0.3821283820256369,questions_in
2025-10-29T00:03:23.436774,PUBLISH,8866dd67e19a4ee2b877ed28443da516,68f2d95bd190740cfd6a1e7c,ENQUEUED,0.2694550407403544,questions_in
2025-10-29T00:03:23.580431,PUBLISH,3a3f929e9c144228978aea39d4157b77,68f2d95bd190740cfd6a3cf8,ENQUEUED,0.14157344346277664,questions_in
2025-10-29T00:03:24.026108,PUBLISH,117832d3b9e5422bbfd090994f2c31d5,68f2d95bd190740cfd6a2745,ENQUEUED,0.4417118749350416,questions_in
2025-10-29T00:03:24.313132,PUBLISH,409846fd93d840a48aab9af6fd89beb8,68f2d95bd190740cfd6a358d,ENQUEUED,0.2847130711866587,questions_in
2025-10-29T00:03:24.583422,PUBLISH,34143e1e21fc4b72a31647972b1adaa2,68f2d95bd190740cfd6a325a,ENQUEUED,0.2681772892959552,questions_in
2025-10-29T00:03:24.849506,PUBLISH,51c33eb861da4f52b5d2f5818c284694,68f2d95bd190740cfd6a352e,ENQUEUED,0.2636856904903595,questions_in
2025-10-29T00:03:25.304371,PUBLISH,b4b5dde95dc540498349c677cf395235,68f2d95bd190740cfd6a2b7c,ENQUEUED,0.45205146595727574,questions_in
2025-10-29T00:03:25.531239,PUBLISH,75751a4c5ccd45ef981293a2916f5171,68f2d95bd190740cfd6a1bf2,ENQUEUED,0.22513110468100375,questions_in
2025-10-29T00:03:25.827375,PUBLISH,c499399e388d4ada8c1f9da1648ed468,68f2d95bd190740cfd6a1bb2,ENQUEUED,0.29304205647461956,questions_in
2025-10-29T00:03:26.202319,PUBLISH,7b71826b911f4950b3cbbd098b4fae62,68f2d95bd190740cfd6a2634,ENQUEUED,0.37322751004284604,questions_in
2025-10-29T00:03:26.467306,PUBLISH,e40cb3577e0b4bc7964c99a6c93a7825,68f2d95bd190740cfd6a1bcd,ENQUEUED,0.2607768406333755,questions_in
2025-10-29T00:03:26.743809,PUBLISH,d5910d0507344d04a1e76b44bf61dd29,68f2d95bd190740cfd6a2bb5,ENQUEUED,0.27319618957049074,questions_in
2025-10-29T00:03:26.863037,PUBLISH,849b00a328ce4c82859ff13cf68cbe25,68f2d95bd190740cfd6a3df0,ENQUEUED,0.11726807856441696,questions_in
2025-10-29T00:03:27.293977,PUBLISH,22c937c9f66a4115948d0c8d78e2886d,68f2d95bd190740cfd6a3f52,ENQUEUED,0.42850496265657223,questions_in
2025-10-29T00:03:27.643469,PUBLISH,1f602d81f33042acb31fa6931ddc3010,68f2d95bd190740cfd6a2193,ENQUEUED,0.346025283138379,questions_in
2025-10-29T00:03:27.858906,PUBLISH,9b1555c399ed4664b5a1ac86cd639d8d,68f2d95bd190740cfd6a3b8e,ENQUEUED,0.21099552285156067,questions_in
2025-10-29T00:03:27.975983,PUBLISH,044f01a0c7554a03aeab550973f965db,68f2d95bd190740cfd6a3c76,ENQUEUED,0.11323978423936461,questions_in
2025-10-29T00:03:28.157463,PUBLISH,b9a76c43a68b4ffe9a3c34e15b58f913,68f2d95bd190740cfd6a419a,ENQUEUED,0.17742367679876084,questions_in
2025-10-29T00:03:28.446712,PUBLISH,f1b3b7e4eff64e68b8bce6afb5da6409,68f2d95bd190740cfd6a3386,ENQUEUED,0.2803066986354188,questions_in
2025-10-29T00:03:28.558382,PUBLISH,c352a3365c624e1f85d6dbaf880e39ea,68f2d95bd190740cfd6a1fdc,ENQUEUED,0.10689254312831596,questions_in
2025-10-29T00:03:28.914884,PUBLISH,9a05ac6651a54db6b6f5154afa9ff4f4,68f2d95bd190740cfd6a2899,ENQUEUED,0.3537939107816698,questions_in
2025-10-29T00:03:29.082269,PUBLISH,963be0037dd44db9822bccbfc7b29bc5,68f2d95bd190740cfd6a3981,ENQUEUED,0.16550307852042567,questions_in
2025-10-29T00:03:29.386134,PUBLISH,8a2e79116e64457eaa9a924eb0a2b22b,68f2d95bd190740cfd6a3bf5,ENQUEUED,0.3014736968174945,questions_in
2025-10-29T00:03:29.495559,PUBLISH,daa2b72e68264d1a945088be690254c1,68f2d95bd190740cfd6a3f00,ENQUEUED,0.10333945622079224,questions_in
2025-10-29T00:03:29.705870,PUBLISH,169329ad62ee47f5afccccee6fbf6303,68f2d95bd190740cfd6a2701,ENQUEUED,0.205623202828401,questions_in
2025-10-29T00:03:30.053527,PUBLISH,7f5d9711e4024e7fb422fca46b91523e,68f2d95bd190740cfd6a3356,ENQUEUED,0.34120622120807076,questions_in
2025-10-29T00:03:30.520226,PUBLISH,81f054ebf0a94eef9f8ab3efd9b21a39,68f2d95bd190740cfd6a2cda,ENQUEUED,0.46381756467259827,questions_in
2025-10-29T00:03:30.910505,PUBLISH,b55fe82a8f6f411c92cf294a8199d865,68f2d95bd190740cfd6a3fbc,ENQUEUED,0.3880464377101922,questions_in
2025-10-29T00:03:31.312736,PUBLISH,b21e9fa21be94d918ba119da9798b272,68f2d95bd190740cfd6a40bd,ENQUEUED,0.39046260873196836,questions_in
2025-10-29T00:03:31.479638,PUBLISH,ee78d5d9fa8f4ffebb3da518894629a2,68f2d95bd190740cfd6a41d3,ENQUEUED,0.1637851674984544,questions_in
2025-10-29T00:03:31.582549,PUBLISH,9d4a9b663b99426293f9b423646093fd,68f2d95bd190740cfd6a21cf,ENQUEUED,0.10097008847829901,questions_in
2025-10-29T00:03:31.926054,PUBLISH,e317f32765814e2fa27962e02db3ce82,68f2d95bd190740cfd6a20fd,ENQUEUED,0.3360861516271305,questions_in
2025-10-29T00:03:32.333542,PUBLISH,9d9f71cf24204b0fa2677d6dbdb88a1a,68f2d95bd190740cfd6a3262,ENQUEUED,0.40547575599954155,questions_in
2025-10-29T00:03:32.777212,PUBLISH,a3c126ee1e4548b590416ef9eb7de91f,68f2d95bd190740cfd6a3333,ENQUEUED,0.4407410448733664,questions_in
2025-10-29T00:03:33.086899,PUBLISH,3b4fb7e4213b49b3afb2c468f888a730,68f2d95bd190740cfd6a3c18,ENQUEUED,0.3077319408234903,questions_in
2025-10-29T00:03:33.551098,PUBLISH,5a412e8456324c00a051a6f14e41c4d4,68f2d95bd190740cfd6a1dee,ENQUEUED,0.4613000541051836,questions_in
2025-10-29T00:03:33.843488,PUBLISH,e118943284394245b9db0dfc4fbce757,68f2d95bd190740cfd6a3a56,ENQUEUED,0.2875679156442167,questions_in
2025-10-29T00:03:34.210535,PUBLISH,71d20e6aef654e2182bc594f83893266,68f2d95bd190740cfd6a30f4,ENQUEUED,0.36435943586017217,questions_in
2025-10-29T00:03:34.591975,PUBLISH,2664c80e05644f1284c459cdac36fa9e,68f2d95bd190740cfd6a2ad1,ENQUEUED,0.3790175651129857,questions_in
2025-10-29T00:03:34.945371,PUBLISH,44812e1d2b1c498290ed3c34422d5830,68f2d95bd190740cfd6a1ce4,ENQUEUED,0.3504662538336315,questions_in
2025-10-29T00:03:35.392154,PUBLISH,b7ac96f58a5846f6aa33ece46dcd0189,68f2d95bd190740cfd6a2d04,ENQUEUED,0.44158896451717355,questions_in
2025-10-29T00:03:35.879319,PUBLISH,521492fd18d4452b9054efb404b6da59,68f2d95bd190740cfd6a1c5c,ENQUEUED,0.485310880630497,questions_in
2025-10-29T00:03:36.307783,PUBLISH,96412ea4c03c4215b5c2f971dcac2514,68f2d95bd190740cfd6a418c,ENQUEUED,0.4252754671332465,questions_in
2025-10-29T00:03:36.786201,PUBLISH,63a1cac561d543b19e3b3100a2de8843,68f2d95bd190740cfd6a352c,ENQUEUED,0.4752370550028784,questions_in
2025-10-29T00:03:37.190982,PUBLISH,989896414ef248a2a25e32082abcd240,68f2d95bd190740cfd6a1b04,ENQUEUED,0.4011498958044373,questions_in
2025-10-29T00:03:37.409519,PUBLISH,433eb7be36ae4c2fae0f0117ddc69c6d,68f2d95bd190740cfd6a3f60,ENQUEUED,0.2163066693771445,questions_in
2025-10-29T00:03:37.824944,PUBLISH,58764d72ca744526921f2f06c9eb286e,68f2d95bd190740cfd6a2cf7,ENQUEUED,0.4124977200980331,questions_in
2025-10-29T00:03:38.078277,PUBLISH,c36fba9195ff42898273f3886fd50e4e,68f2d95bd190740cfd6a24e8,ENQUEUED,0.25122698573164237,questions_in
2025-10-29T00:03:38.424506,PUBLISH,84b3caa6ffe64ba5b54306bc00aa5092,68f2d95bd190740cfd6a3c62,ENQUEUED,0.3431649571805465,questions_in
2025-10-29T00:03:38.575576,PUBLISH,6d4b4dd0f73e438e88d9c084d35a6fc3,68f2d95bd190740cfd6a3147,ENQUEUED,0.14847655275349148,questions_in
2025-10-29T00:03:38.919979,PUBLISH,7bd081ce760b46619a03ef8a1e5ddae7,68f2d95bd190740cfd6a3a1e,ENQUEUED,0.34199413487254415,questions_in
2025-10-29T00:03:39.407163,PUBLISH,37a5607bbdd046ce97cc52df247c35c5,68f2d95bd190740cfd6a292a,ENQUEUED,0.48307887991166065,questions_in
2025-10-29T00:03:39.526781,PUBLISH,a31c056caaf74c2482e1f6a7a53dc7f3,68f2d95bd190740cfd6a2595,ENQUEUED,0.11675393625157887,questions_in
2025-10-29T00:03:39.799652,PUBLISH,7d4034a0d063424ea06354b6816f2281,68f2d95bd190740cfd6a376e,ENQUEUED,0.270360385510994,questions_in
2025-10-29T00:03:40.201462,PUBLISH,085438f463d3462aba6e2e064021d4d5,68f2d95bd190740cfd6a3e58,ENQUEUED,0.39836048192896445,questions_in
2025-10-29T00:03:40.523722,PUBLISH,b4be731e622a462aa6bf82dd6fd6e0a6,68f2d95bd190740cfd6a1f70,ENQUEUED,0.31711893965437776,questions_in
2025-10-29T00:03:40.908436,PUBLISH,fd539d9066f643048fec445a05c75f41,68f2d95bd190740cfd6a3c56,ENQUEUED,0.3823367015389306,questions_in
2025-10-29T00:03:41.372120,PUBLISH,5cc7cf42859b4869ba68e6c61b04b46f,68f2d95bd190740cfd6a2a90,ENQUEUED,0.458318931525605,questions_in
2025-10-29T00:03:41.774724,PUBLISH,7889af3017dc45759ee344aab7003d0f,68f2d95bd190740cfd6a3bd7,ENQUEUED,0.398562333676577,questions_in
2025-10-29T00:03:42.193444,PUBLISH,c087f56427bf40c48a0ce94dd14e6c23,68f2d95bd190740cfd6a3758,ENQUEUED,0.41305593870647594,questions_in
2025-10-29T00:03:42.431600,PUBLISH,7181c275f4034961ac50b79bd2bf7cfa,68f2d95bd190740cfd6a2e73,ENQUEUED,0.23536402690056102,questions_in
2025-10-29T00:03:42.557203,PUBLISH,91639b33e01648c5bd3482c70f1f9dbc,68f2d95bd190740cfd6a2993,ENQUEUED,0.11911262366368996,questions_in
2025-10-29T00:03:42.961505,PUBLISH,cb7ad38aa4f04c298628c40062a4dae8,68f2d95bd190740cfd6a2a52,ENQUEUED,0.40230069746473895,questions_in
2025-10-29T00:03:43.392566,PUBLISH,7b6edcf9818c45b48b54db32d91483cd,68f2d95bd190740cfd6a3130,ENQUEUED,0.427980443599286,questions_in
2025-10-29T00:03:43.712287,PUBLISH,3867054b4e5d4997bd689ed92d5bf94e,68f2d95bd190740cfd6a208a,ENQUEUED,0.31805284289507885,questions_in
2025-10-29T00:03:43.861795,PUBLISH,2b6690ecfdea46d2a7fb6e2eed3aed5f,68f2d95bd190740cfd6a2d5a,ENQUEUED,0.1462461767184029,questions_in
2025-10-29T00:03:44.005230,PUBLISH,8099a59f33ff4ac9a85dacdb5e0273e4,68f2d95bd190740cfd6a23b3,ENQUEUED,0.14032925869455087,questions_in
2025-10-29T00:03:44.396537,PUBLISH,74652508d1314cf2b37d132668d15ab8,68f2d95bd190740cfd6a2fb5,ENQUEUED,0.3891550375894154,questions_in
2025-10-29T00:03:44.605666,PUBLISH,a52b354be895401189b0a8d993b23e2f,68f2d95bd190740cfd6a35a1,ENQUEUED,0.20599983547239611,questions_in
2025-10-29T00:03:45.028256,PUBLISH,0723f295df0147af85456b67cbaab81a,68f2d95bd190740cfd6a2814,ENQUEUED,0.4163163127470836,questions_in
2025-10-29T00:03:45.295300,PUBLISH,cd46eb08a42e49d888eff766ea8ee06d,68f2d95bd190740cfd6a3a77,ENQUEUED,0.2646172184342553,questions_in
2025-10-29T00:03:45.593120,PUBLISH,09966b45bce94b88ae0d702caf889686,68f2d95bd190740cfd6a1c9b,ENQUEUED,0.2955947164927598,questions_in
2025-10-29T00:03:45.859516,PUBLISH,b2104dae6a56468e9dec732dd21a6292,68f2d95bd190740cfd6a2d6a,ENQUEUED,0.2639575849898731,questions_in
2025-10-29T00:03:45.993126,PUBLISH,2ddf146d91d14053987c5096c6b22228,68f2d95bd190740cfd6a2020,ENQUEUED,0.12679941795596733,questions_in
2025-10-29T00:03:46.234376,PUBLISH,436fb3a1a45f41629caa48a603763011,68f2d95bd190740cfd6a30db,ENQUEUED,0.2387473045159453,questions_in
2025-10-29T00:03:46.504779,PUBLISH,5ac2a7d92c384b6088cec946bbeb96d3,68f2d95bd190740cfd6a28ca,ENQUEUED,0.26829363076798607,questions_in
2025-10-29T00:03:46.840241,PUBLISH,1dc228154bfa4a20ac6006e4a513e777,68f2d95bd190740cfd6a2826,ENQUEUED,0.33257821601055504,questions_in
2025-10-29T00:03:47.136051,PUBLISH,a47c6e487fd14c01b5e5991ec30a658f,68f2d95bd190740cfd6a2568,ENQUEUED,0.292644239684679,questions_in
2025-10-29T00:03:47.255156,PUBLISH,96962f7c018b4c86ad648d994e1b6644,68f2d95bd190740cfd6a364e,ENQUEUED,0.11442170086363222,questions_in
2025-10-29T00:03:47.656636,PUBLISH,5ae88f779e5f46ce921f4d03ed395aa7,68f2d95bd190740cfd6a2132,ENQUEUED,0.39871449175377716,questions_in
2025-10-29T00:03:47.892376,PUBLISH,d00cde460c7c4c17b218f4839c039c8c,68f2d95bd190740cfd6a40e5,ENQUEUED,0.22768986753678946,questions_in
2025-10-29T00:03:48.128528,PUBLISH,48fa9a6ecfbf42fc8fa4337dd16a0ece,68f2d95bd190740cfd6a1e12,ENQUEUED,0.233827521638189,questions_in
2025-10-29T00:03:48.245457,PUBLISH,574f957a895b45a2862b826668b9a0e9,68f2d95bd190740cfd6a3225,ENQUEUED,0.11398150292639758,questions_in
2025-10-29T00:03:48.370886,PUBLISH,74bb97d1ca274d378c91f7f16057751e,68f2d95bd190740cfd6a2898,ENQUEUED,0.12097954877115216,questions_in
2025-10-29T00:03:48.640546,PUBLISH,ab09ac256202411c92455d5be972afe3,68f2d95bd190740cfd6a1da7,ENQUEUED,0.266754135893022,questions_in
2025-10-29T00:03:48.899543,PUBLISH,0d55721282e84caa877f89261b08134c,68f2d95bd190740cfd6a3ae3,ENQUEUED,0.2571460119998593,questions_in
2025-10-29T00:03:49.266511,PUBLISH,39e735ae046745b4bcbdf24415955ff8,68f2d95bd190740cfd6a20d9,ENQUEUED,0.3649827313942683,questions_in
2025-10-29T00:03:49.449988,PUBLISH,89b1c658eb204d038fd2cc2d20a49555,68f2d95bd190740cfd6a24ad,ENQUEUED,0.1802270529851065,questions_in
2025-10-29T00:03:49.912779,PUBLISH,09e3a76268ce4e0a9a998e68ac54c592,68f2d95bd190740cfd6a3891,ENQUEUED,0.4598532140652889,questions_in
2025-10-29T00:03:50.216926,PUBLISH,43e99b7cd36c444cb7e885a3fc44ab52,68f2d95bd190740cfd6a1ffc,ENQUEUED,0.30164294159779925,questions_in
2025-10-29T00:03:50.524446,PUBLISH,d651025718cf44b4b804c8d7951ed5c5,68f2d95bd190740cfd6a335e,ENQUEUED,0.3041521396127909,questions_in
2025-10-29T00:03:50.813506,PUBLISH,0ee76f66b8254a4797447a46be1877cf,68f2d95bd190740cfd6a1c31,ENQUEUED,0.2865419879251788,questions_in
2025-10-29T00:03:50.964799,PUBLISH,c016c9c7f50246d78e1788d0343ab8ba,68f2d95bd190740cfd6a3ead,ENQUEUED,0.14621498699869762,questions_in
2025-10-29T00:03:51.284383,PUBLISH,08652fb163a84ac8afecb66c49378d51,68f2d95bd190740cfd6a1d53,ENQUEUED,0.31530443628172333,questions_in
2025-10-29T00:03:51.527802,PUBLISH,425444928f424484bc88ac4c1fec2cdf,68f2d95bd190740cfd6a23bc,ENQUEUED,0.2413731327839221,questions_in
2025-10-29T00:03:51.629868,PUBLISH,91b827601aaf4b5e8197afa9eef610eb,68f2d95bd190740cfd6a1e14,ENQUEUED,0.10034699938415913,questions_in
2025-10-29T00:03:52.092285,PUBLISH,cd7586a2c6624649897da60aebf35459,68f2d95bd190740cfd6a240f,ENQUEUED,0.4591567604000105,questions_in
2025-10-29T00:03:52.356574,PUBLISH,69645b057ce04502bbad8b6f058fa6d0,68f2d95bd190740cfd6a21cc,ENQUEUED,0.2599844876508908,questions_in
2025-10-29T00:03:52.590920,PUBLISH,d030a30d4b2144e391243fbd5f906124,68f2d95bd190740cfd6a2fe5,ENQUEUED,0.2318616203157775,questions_in
2025-10-29T00:03:52.874114,PUBLISH,dfa4198336514b43b6ddf68aeddc5a2c,68f2d95bd190740cfd6a3218,ENQUEUED,0.28054752872856814,questions_in
2025-10-29T00:03:53.214188,PUBLISH,ee79d103df234d85959145dd199e893c,68f2d95bd190740cfd6a21d1,ENQUEUED,0.33691109764654686,questions_in
2025-10-29T00:03:53.561328,PUBLISH,b67593627dfb4f39aebb58c2a73394de,68f2d95bd190740cfd6a1c4f,ENQUEUED,0.3452520450945076,questions_in
2025-10-29T00:03:53.896039,PUBLISH,84da86f9016e4b48a4a04638111f459e,68f2d95bd190740cfd6a278f,ENQUEUED,0.3293677347643066,questions_in
2025-10-29T00:03:54.180291,PUBLISH,9e60835ef7654ad6a2bb1251e0ffa633,68f2d95bd190740cfd6a1c44,ENQUEUED,0.2823729905663872,questions_in
2025-10-29T00:03:54.423886,PUBLISH,26a2ff00b35a4c60b4aeb01f816200c4,68f2d95bd190740cfd6a2c0d,ENQUEUED,0.2411677150163094,questions_in
2025-10-29T00:03:54.704376,PUBLISH,4e9d1a8ea26e4fe5b5b330db5f49f949,68f2d95bd190740cfd6a29ac,ENQUEUED,0.27696721691166415,questions_in
2025-10-29T00:03:55.127996,PUBLISH,6f71d328bb0b4d888fc86c95df43824f,68f2d95bd190740cfd6a218b,ENQUEUED,0.42089321640178035,questions_in
2025-10-29T00:03:55.505107,PUBLISH,2e7fa5e76d5449d1891bd0e371d04800,68f2d95bd190740cfd6a1c65,ENQUEUED,0.3702957696894055,questions_in
2025-10-29T00:03:55.994381,PUBLISH,9a464ca063524f68ba3afa11a06759cf,68f2d95bd190740cfd6a32cf,ENQUEUED,0.48552161851113684,questions_in
2025-10-29T00:03:56.310031,PUBLISH,15c6e37819434a448f46b3285bcdabbc,68f2d95bd190740cfd6a287f,ENQUEUED,0.31351732905511726,questions_in
2025-10-29T00:03:56.611962,PUBLISH,5deb467691bf49f6ac93614142184806,68f2d95bd190740cfd6a1bca,ENQUEUED,0.2994077603423734,questions_in
2025-10-29T00:03:57.106602,PUBLISH,b075c297e2614c918ba586d24fc6b067,68f2d95bd190740cfd6a1bc8,ENQUEUED,0.48910241832440116,questions_in
2025-10-29T00:03:57.212303,PUBLISH,f39bac6935cb49848475092d62259ef1,68f2d95bd190740cfd6a1d73,ENQUEUED,0.10365765712813646,questions_in
2025-10-29T00:03:57.316932,PUBLISH,4d358fcad56448319d7e33855419ad31,68f2d95bd190740cfd6a3e15,ENQUEUED,0.1016201023111278,questions_in
2025-10-29T00:03:57.553461,PUBLISH,b0e9468fb5844ae9940c6ebaa9c4a6d6,68f2d95bd190740cfd6a2824,ENQUEUED,0.23343179944025022,questions_in
2025-10-29T00:03:57.985997,PUBLISH,b8d49299cb234ad3bb3d0fea83159286,68f2d95bd190740cfd6a3ad5,ENQUEUED,0.42880285135853347,questions_in
2025-10-29T00:03:58.303748,PUBLISH,db28a30dd6e04a3f83d81d2108c1b2bf,68f2d95bd190740cfd6a415d,ENQUEUED,0.31411999720234285,questions_in
2025-10-29T00:03:58.674516,PUBLISH,be36653584d946b48b89344794f69c99,68f2d95bd190740cfd6a1b06,ENQUEUED,0.36757667011535256,questions_in
2025-10-29T00:03:58.900555,PUBLISH,a1087360bef84eab85af48ba15eac0d3,68f2d95bd190740cfd6a40ca,ENQUEUED,0.22250504008323024,questions_in
2025-10-29T00:03:59.026954,PUBLISH,0276fd18dc794b588f4cdf49a4e32fc5,68f2d95bd190740cfd6a3a8c,ENQUEUED,0.12186812407330799,questions_in
2025-10-29T00:03:59.510660,PUBLISH,88b15370c3a443ed92f7188622dff0ea,68f2d95bd190740cfd6a3ddf,ENQUEUED,0.48158057468438886,questions_in
2025-10-29T00:04:00.006293,PUBLISH,fc1ff73eb9744e61ad5bf256498cbbfc,68f2d95bd190740cfd6a1e20,ENQUEUED,0.4915434562017783,questions_in
2025-10-29T00:04:00.248813,PUBLISH,a957c85e16fc40afb9ed0a4054f34300,68f2d95bd190740cfd6a21d0,ENQUEUED,0.23966422218147648,questions_in
2025-10-29T00:04:00.675765,PUBLISH,4cd72d1363b0417dbbfafe627dea7773,68f2d95bd190740cfd6a2333,ENQUEUED,0.42307963318190156,questions_in
2025-10-29T00:04:01.120050,PUBLISH,ce98b8f63a904399b11e95c7fcde955a,68f2d95bd190740cfd6a3758,ENQUEUED,0.4412236098565857,questions_in
2025-10-29T00:04:01.589989,PUBLISH,3d6b2d7a6dbe4260a3ca9e02a0715c1e,68f2d95bd190740cfd6a2c2d,ENQUEUED,0.4670274342469596,questions_in
2025-10-29T00:04:02.041404,PUBLISH,c5434a9d62dd48239f113e2ab6bb36ba,68f2d95bd190740cfd6a2c35,ENQUEUED,0.4484866939848081,questions_in
2025-10-29T00:04:02.169235,PUBLISH,1603a7c125164c1babaf4fd0a1c91469,68f2d95bd190740cfd6a3905,ENQUEUED,0.12362425148106082,questions_in
2025-10-29T00:04:02.545992,PUBLISH,34c8a0f91ecc4781b3a9aeab600499f8,68f2d95bd190740cfd6a204a,ENQUEUED,0.3748626684525781,questions_in
2025-10-29T00:04:02.826131,PUBLISH,2e1a438cf2194a74bff650aedadc58cf,68f2d95bd190740cfd6a2b6e,ENQUEUED,0.27797794541248333,questions_in
2025-10-29T00:04:03.132516,PUBLISH,ace6b70ab7b643afb5f39adb2106d32d,68f2d95bd190740cfd6a2675,ENQUEUED,0.3035864658913924,questions_in
2025-10-29T00:04:03.311716,PUBLISH,8f0ba9df2b8640a5a4103b28f608fccf,68f2d95bd190740cfd6a3a64,ENQUEUED,0.17358569443110905,questions_in
2025-10-29T00:04:03.650033,PUBLISH,3915b0376f4c4fb2bc8030ba9ed85620,68f2d95bd190740cfd6a2cd2,ENQUEUED,0.33427046735129495,questions_in
2025-10-29T00:04:03.904663,PUBLISH,bfc56f57dd52407d919deffaa634ffbc,68f2d95bd190740cfd6a311f,ENQUEUED,0.25198134417036944,questions_in
2025-10-29T00:04:04.319067,PUBLISH,c5c6f054c4434f928f1e1904502c5ad0,68f2d95bd190740cfd6a36a4,ENQUEUED,0.4113294565822816,questions_in
2025-10-29T00:04:04.758157,PUBLISH,11a41d7b4cf84acf808011400e8be9bc,68f2d95bd190740cfd6a1e42,ENQUEUED,0.4369806924162146,questions_in
2025-10-29T00:04:05.216709,PUBLISH,0d03b5110cbb4e7694668aa0b22965cc,68f2d95bd190740cfd6a1d1c,ENQUEUED,0.45480731731945223,questions_in
2025-10-29T00:04:05.407071,PUBLISH,ead9ea9144f54d2d9536b107d9627117,68f2d95bd190740cfd6a1d2b,ENQUEUED,0.18789402969188262,questions_in
2025-10-29T00:04:05.553796,PUBLISH,67c76f2270eb4fe494d870d32bcce689,68f2d95bd190740cfd6a3265,ENQUEUED,0.14492089705465247,questions_in
2025-10-29T00:04:05.929048,PUBLISH,9336d8c955524a4e9d04393b2c6e7b2c,68f2d95bd190740cfd6a30a3,ENQUEUED,0.37318938291846526,questions_in
2025-10-29T00:04:06.130463,PUBLISH,b0d132e707c949dcafae368bf2cb6cda,68f2d95bd190740cfd6a3880,ENQUEUED,0.19922243264451628,questions_in
2025-10-29T00:04:06.437564,PUBLISH,851c8192ae294c95a26207122882e568,68f2d95bd190740cfd6a1e0c,ENQUEUED,0.3022403057798283,questions_in
2025-10-29T00:04:06.719226,PUBLISH,eccca96569ff4a94839236f9f5df3fb1,68f2d95bd190740cfd6a1b12,ENQUEUED,0.27908580241146597,questions_in
2025-10-29T00:04:07.201640,PUBLISH,ed478e518d53460790add8c1e0c13a6e,68f2d95bd190740cfd6a222e,ENQUEUED,0.4788995848106007,questions_in
2025-10-29T00:04:07.638912,PUBLISH,2cb8cc494e9e40fda881aab242fddc6a,68f2d95bd190740cfd6a315e,ENQUEUED,0.43498992726387253,questions_in
2025-10-29T00:04:07.973836,PUBLISH,41c4b0e78e234ff683c7f63673199407,68f2d95bd190740cfd6a2948,ENQUEUED,0.3243684285559587,questions_in
2025-10-29T00:04:08.140839,PUBLISH,6701e54491de4da2a4971a62a7c4e1b4,68f2d95bd190740cfd6a1f1e,ENQUEUED,0.16518870445165573,questions_in
2025-10-29T00:04:08.619723,PUBLISH,b624cc00004e41b59b96ce962486508f,68f2d95bd190740cfd6a2f7c,ENQUEUED,0.4733704310665625,questions_in
2025-10-29T00:04:09.009682,PUBLISH,d34083deb5c543e491ab0242eff766c9,68f2d95bd190740cfd6a3336,ENQUEUED,0.3849464549729271,questions_in
2025-10-29T00:04:09.411737,PUBLISH,9ab8fdd0bdd74e9b8b169c287211f810,68f2d95bd190740cfd6a1d58,ENQUEUED,0.399775542850767,questions_in
2025-10-29T00:04:09.755043,PUBLISH,a56ccfc451b644e79755fd2fb49b09f6,68f2d95bd190740cfd6a1d21,ENQUEUED,0.34089243265206726,questions_in
2025-10-29T00:04:10.237718,PUBLISH,d82e99d1389c45ae93aa5eb7539020de,68f2d95bd190740cfd6a3fb8,ENQUEUED,0.48032329300356336,questions_in
2025-10-29T00:04:10.520771,PUBLISH,731c5531d24c42469d97952fa3c698b0,68f2d95bd190740cfd6a3458,ENQUEUED,0.28062518358211064,questions_in
2025-10-29T00:04:10.901447,PUBLISH,f1090e8e14ae44c087e59e489747f592,68f2d95bd190740cfd6a3d58,ENQUEUED,0.3776674179439212,questions_in
2025-10-29T00:04:11.196890,PUBLISH,d7968e4c27cd4fabaf440c7426796a1c,68f2d95bd190740cfd6a3790,ENQUEUED,0.2927892976648311,questions_in
2025-10-29T00:04:11.536281,PUBLISH,a948fc46d4724a4eb4d574f6a9dda0de,68f2d95bd190740cfd6a2861,ENQUEUED,0.33681662545980773,questions_in
2025-10-29T00:04:11.735273,PUBLISH,586653c3128d4083860145ef525578eb,68f2d95bd190740cfd6a238d,ENQUEUED,0.19497452703449394,questions_in
2025-10-29T00:04:12.221681,PUBLISH,a055b5f7f7544a008ab9f439d01879ed,68f2d95bd190740cfd6a1c03,ENQUEUED,0.4821644746343864,questions_in
2025-10-29T00:04:12.580957,PUBLISH,471485871d234437b162a03ec65a44f0,68f2d95bd190740cfd6a287f,ENQUEUED,0.35537197977464274,questions_in
2025-10-29T00:04:12.726394,PUBLISH,20a1f2066ef24b9f848dbe21001a42fc,68f2d95bd190740cfd6a27cb,ENQUEUED,0.1415894049323698,questions_in
2025-10-29T00:04:13.220932,PUBLISH,91efd824012648a49b464a6ab0de4446,68f2d95bd190740cfd6a38ac,ENQUEUED,0.4916629848233668,questions_in
2025-10-29T00:04:13.676455,PUBLISH,3e38a29e43534a63844aab57bc809135,68f2d95bd190740cfd6a2480,ENQUEUED,0.45353720880444737,questions_in
2025-10-29T00:04:13.801560,PUBLISH,1ad959a4b2254023aab787243946197c,68f2d95bd190740cfd6a21f1,ENQUEUED,0.12098809962304635,questions_in
2025-10-29T00:04:14.047159,PUBLISH,4ec0c55fae3b4dfba673256fc0e3a5bb,68f2d95bd190740cfd6a21ed,ENQUEUED,0.23824068703726364,questions_in
2025-10-29T00:04:14.336605,PUBLISH,9f3ea49dbf9d43569c2cff9f09869293,68f2d95bd190740cfd6a26f3,ENQUEUED,0.285820830395778,questions_in
2025-10-29T00:04:14.819139,PUBLISH,f4d03a4565634f8a808b19a48e90e34f,68f2d95bd190740cfd6a277f,ENQUEUED,0.4799257851788912,questions_in
2025-10-29T00:04:15.050379,PUBLISH,76ada53aff224745bb63afe864873615,68f2d95bd190740cfd6a2307,ENQUEUED,0.22528800323014508,questions_in
2025-10-29T00:04:15.160936,PUBLISH,0e0f59ced2e14e3e85bd55c9c7c90a39,68f2d95bd190740cfd6a29b5,ENQUEUED,0.10827914623849969,questions_in
2025-10-29T00:04:15.559315,PUBLISH,94a3b21749d74eb9b3f547dea8a8c703,68f2d95bd190740cfd6a1fd2,ENQUEUED,0.3957615604484276,questions_in
2025-10-29T00:04:15.885901,PUBLISH,83458f2111d141cdbe23f2e1a98fae90,68f2d95bd190740cfd6a2404,ENQUEUED,0.3239147292344523,questions_in
2025-10-29T00:04:16.067414,PUBLISH,fd18fd1cb19c4e99a91c97819a63749e,68f2d95bd190740cfd6a3812,ENQUEUED,0.17676452440340595,questions_in
2025-10-29T00:04:16.425446,PUBLISH,cde2d2c77e5141fcb67b5e050450c45a,68f2d95bd190740cfd6a1bd8,ENQUEUED,0.3510336675971847,questions_in
2025-10-29T00:04:16.696417,PUBLISH,c305d90dfcb145f1abb21c18ac1c0302,68f2d95bd190740cfd6a2489,ENQUEUED,0.2631893768227681,questions_in
2025-10-29T00:04:17.071062,PUBLISH,221111f781024b1582fb48f1704abc27,68f2d95bd190740cfd6a1bce,ENQUEUED,0.3705769609472144,questions_in
2025-10-29T00:04:17.450552,PUBLISH,84888d7bc74d44729baa7583a66b4b9d,68f2d95bd190740cfd6a2d9e,ENQUEUED,0.3744281469900942,questions_in
2025-10-29T00:04:17.713932,PUBLISH,845d303552d34cc1980300f02fee376b,68f2d95bd190740cfd6a1bd4,ENQUEUED,0.26071613209192457,questions_in
2025-10-29T00:04:17.840548,PUBLISH,cf92d9bccef441e691bb8f7d2ab9802b,68f2d95bd190740cfd6a1ae3,ENQUEUED,0.12456614298530409,questions_in
2025-10-29T00:04:18.300429,PUBLISH,88ee7b5b42ae4341b26038663d850795,68f2d95bd190740cfd6a2ba2,ENQUEUED,0.4573987757584145,questions_in
2025-10-29T00:04:18.750751,PUBLISH,b86183d44e8441e0955c4c1d8b2b6421,68f2d95bd190740cfd6a225e,ENQUEUED,0.4484958100373315,questions_in
2025-10-29T00:04:19.207167,PUBLISH,258f5f31716e41f6955891fcf448e212,68f2d95bd190740cfd6a2d0d,ENQUEUED,0.45480923777417726,questions_in
2025-10-29T00:04:19.627414,PUBLISH,cd8264e995b141ee8023d9d4f4681835,68f2d95bd190740cfd6a3fb0,ENQUEUED,0.4107145508862472,questions_in
2025-10-29T00:04:19.731750,PUBLISH,92442bbe717642cc96a7b19df4e5db4c,68f2d95bd190740cfd6a2e1d,ENQUEUED,0.10214972460750965,questions_in
2025-10-29T00:04:20.016820,PUBLISH,22f2e0d26f9940c78cbc192747faf1f9,68f2d95bd190740cfd6a3cdf,ENQUEUED,0.27895837923822175,questions_in
2025-10-29T00:04:20.495344,PUBLISH,2b675165a03e49929a43c06283c6c348,68f2d95bd190740cfd6a2594,ENQUEUED,0.4729701175728176,questions_in
2025-10-29T00:04:20.783177,PUBLISH,057dd78f40514b1ba9b8d8fffc144a06,68f2d95bd190740cfd6a23c8,ENQUEUED,0.2817156439743836,questions_in
2025-10-29T00:04:20.904279,PUBLISH,2d277e917e124f02a72ed9fea6d432f4,68f2d95bd190740cfd6a3942,ENQUEUED,0.11796705139896889,questions_in
2025-10-29T00:04:21.171636,PUBLISH,81226be1032b4b97a5d87714ba3285ac,68f2d95bd190740cfd6a202b,ENQUEUED,0.26254083323371824,questions_in
2025-10-29T00:04:21.473442,PUBLISH,a85a881bd8574e108e122c35c89e3dd8,68f2d95bd190740cfd6a3094,ENQUEUED,0.298916950394196,questions_in
2025-10-29T00:04:21.787440,PUBLISH,a6f2300c88824573adf265a6ff277580,68f2d95bd190740cfd6a1f25,ENQUEUED,0.30966084275180106,questions_in
2025-10-29T00:04:22.237982,PUBLISH,5a95d3abd42e4e518d31b5c3fd4ccbeb,68f2d95bd190740cfd6a21cb,ENQUEUED,0.4481453199807396,questions_in
2025-10-29T00:04:22.566419,PUBLISH,2dffafd6241a47ac8c2c5c973fbb2e41,68f2d95bd190740cfd6a1daf,ENQUEUED,0.32403389808787747,questions_in
2025-10-29T00:04:22.736243,PUBLISH,ec62e09b1e3243258336bd6d67edb5c1,68f2d95bd190740cfd6a33d7,ENQUEUED,0.16551259579043281,questions_in
2025-10-29T00:04:22.992855,PUBLISH,defc9e9b1021474d928875ea30ff87ca,68f2d95bd190740cfd6a2386,ENQUEUED,0.25361453419684066,questions_in
2025-10-29T00:04:23.437797,PUBLISH,9902fbd2c8aa4d50b16fe61895ddba85,68f2d95bd190740cfd6a2c83,ENQUEUED,0.4426542076536323,questions_in
2025-10-29T00:04:23.658392,PUBLISH,196f1c3585cd4fa59b6c3eab1dd2ceeb,68f2d95bd190740cfd6a2177,ENQUEUED,0.2185972508599479,questions_in
2025-10-29T00:04:24.098058,PUBLISH,9ceb7821c42945d7b058d3c8ce9ab981,68f2d95bd190740cfd6a2295,ENQUEUED,0.4349674544356076,questions_in
2025-10-29T00:04:24.237334,PUBLISH,f8c459c1220f42cf80d965819bb19529,68f2d95bd190740cfd6a2234,ENQUEUED,0.13747368314180958,questions_in
2025-10-29T00:04:24.437880,PUBLISH,26f0d6c8bf744c358efd8bd863108fa8,68f2d95bd190740cfd6a21c8,ENQUEUED,0.19398379448741698,questions_in
2025-10-29T00:04:24.802162,PUBLISH,0cbd1d1b23db4371b4fa9035820fb1fe,68f2d95bd190740cfd6a1dde,ENQUEUED,0.3619147696357602,questions_in
2025-10-29T00:04:24.918594,PUBLISH,0671612d1d4944f997f0f2b41e3a46d4,68f2d95bd190740cfd6a2167,ENQUEUED,0.11365951327806156,questions_in
2025-10-29T00:04:25.097531,PUBLISH,e88a3dffbcec49cfbca5ff694739d246,68f2d95bd190740cfd6a24f7,ENQUEUED,0.17562854429368643,questions_in
2025-10-29T00:04:25.250871,PUBLISH,2266275f254449e2a33c9c2f88cf16b9,68f2d95bd190740cfd6a2304,ENQUEUED,0.15136687237003185,questions_in
2025-10-29T00:04:25.652517,PUBLISH,31bd66223cb843148fe48278f79e8a9b,68f2d95bd190740cfd6a34ca,ENQUEUED,0.39964128113866926,questions_in
2025-10-29T00:04:26.085667,PUBLISH,0b245cb4b8674158aa74ee647444134a,68f2d95bd190740cfd6a3862,ENQUEUED,0.43095757505366616,questions_in
2025-10-29T00:04:26.499510,PUBLISH,7c402e4907354b088b993011a4bd329e,68f2d95bd190740cfd6a311a,ENQUEUED,0.40819820542786345,questions_in
2025-10-29T00:04:26.827076,PUBLISH,d855eb3487644d3abe95855d00eef3d1,68f2d95bd190740cfd6a2398,ENQUEUED,0.320179936428217,questions_in
2025-10-29T00:04:27.030466,PUBLISH,b098b78f523547258c0fe99d9107ea0b,68f2d95bd190740cfd6a35c3,ENQUEUED,0.20016086082041806,questions_in
2025-10-29T00:04:27.236346,PUBLISH,14dbadf3b61e40ccb545ea501e59755b,68f2d95bd190740cfd6a20ba,ENQUEUED,0.20367503476475843,questions_in
2025-10-29T00:04:27.509215,PUBLISH,abad11de9cc44476a591de7846ceeba1,68f2d95bd190740cfd6a2bb1,ENQUEUED,0.2685560831216567,questions_in
2025-10-29T00:04:27.975103,PUBLISH,ef08339eebc44501b35e8f6042e67de4,68f2d95bd190740cfd6a1da4,ENQUEUED,0.46392139238673014,questions_in
2025-10-29T00:04:28.105395,PUBLISH,094f54486e5740e4a4f4a036a6f3dc4a,68f2d95bd190740cfd6a37b7,ENQUEUED,0.12824167805439257,questions_in
2025-10-29T00:04:28.314424,PUBLISH,1cd8928c63484c478500a6f586715d4a,68f2d95bd190740cfd6a22b1,ENQUEUED,0.2062591822965264,questions_in
2025-10-29T00:04:28.708485,PUBLISH,88f8c44d92614a83be94a6c0ccba90bf,68f2d95bd190740cfd6a3fb4,ENQUEUED,0.3914042331719647,questions_in
2025-10-29T00:04:28.886423,PUBLISH,826c88896aea4b3c805b86709e4cc06f,68f2d95bd190740cfd6a2e48,ENQUEUED,0.17583742619561324,questions_in
2025-10-29T00:04:29.043950,PUBLISH,686aa9e03f934108a1571b8195699a8f,68f2d95bd190740cfd6a2de9,ENQUEUED,0.15338248810551425,questions_in
2025-10-29T00:04:29.496244,PUBLISH,d682c1958bde4e1fb1df00b4ebf6963f,68f2d95bd190740cfd6a1d15,ENQUEUED,0.44840678458288363,questions_in
2025-10-29T00:04:29.827198,PUBLISH,e983cd7d83c3491eb9194e9dfe4b578f,68f2d95bd190740cfd6a1eff,ENQUEUED,0.32778331555910123,questions_in
2025-10-29T00:04:30.180898,PUBLISH,f93a3754d65144fea8602aad59076722,68f2d95bd190740cfd6a2a58,ENQUEUED,0.34799823823200904,questions_in
2025-10-29T00:04:30.455979,PUBLISH,a890daa2c5b545fdb7270b9254390a3f,68f2d95bd190740cfd6a2e4c,ENQUEUED,0.2727017024555676,questions_in
2025-10-29T00:04:30.613170,PUBLISH,a400240a96924bad8091a3e0e59dc64e,68f2d95bd190740cfd6a2e2b,ENQUEUED,0.15499361009797466,questions_in
2025-10-29T00:04:31.104442,PUBLISH,f2245a6a68fc4c40abcd34ef0fa40b87,68f2d95bd190740cfd6a35df,ENQUEUED,0.4877314485347347,questions_in
2025-10-29T00:04:31.207369,PUBLISH,aab2b075ed2e4e8184f5778afaef7c07,68f2d95bd190740cfd6a3137,ENQUEUED,0.10123969637957081,questions_in
2025-10-29T00:04:31.681337,PUBLISH,be87075c0fbf40fc956124021c19991a,68f2d95bd190740cfd6a3943,ENQUEUED,0.4713650325266656,questions_in
2025-10-29T00:04:32.164579,PUBLISH,8c888c0d5df345baabc6ea2873bc9d23,68f2d95bd190740cfd6a2fbd,ENQUEUED,0.4803055831629719,questions_in
2025-10-29T00:04:32.515325,PUBLISH,ea3aeb8e8b81411485fafdca3917cda6,68f2d95bd190740cfd6a28bf,ENQUEUED,0.3486211988319494,questions_in
2025-10-29T00:04:32.994626,PUBLISH,231057f86017409ab0db9b99dd33ba9b,68f2d95bd190740cfd6a2718,ENQUEUED,0.4752758960833088,questions_in
2025-10-29T00:04:33.314947,PUBLISH,d39ad0e2434a45c0b6875261883eba04,68f2d95bd190740cfd6a1ff2,ENQUEUED,0.3124477355922311,questions_in
2025-10-29T00:04:33.615627,PUBLISH,6ffe93e6b1554705bf8ce200b05e4a93,68f2d95bd190740cfd6a3dbf,ENQUEUED,0.2970975070861178,questions_in
2025-10-29T00:04:33.817276,PUBLISH,f03ffc61276f4011a8f5423d20144b0b,68f2d95bd190740cfd6a39e8,ENQUEUED,0.1995096793422244,questions_in
2025-10-29T00:04:34.099008,PUBLISH,490b0327fbb041fea8478bf09ca9b827,68f2d95bd190740cfd6a30ac,ENQUEUED,0.2796822783289622,questions_in
2025-10-29T00:04:34.230440,PUBLISH,243cb0643a4c48b28fb90526c9f57d88,68f2d95bd190740cfd6a2bd6,ENQUEUED,0.129446405812433,questions_in
2025-10-29T00:04:34.623340,PUBLISH,be12e686f44545c3aa50fc4fc2f1d4c1,68f2d95bd190740cfd6a3bc4,ENQUEUED,0.3910163063698562,questions_in
2025-10-29T00:04:34.922761,PUBLISH,9ca0a1d82fde4acc82d79981e8363b8a,68f2d95bd190740cfd6a2808,ENQUEUED,0.29738276444930944,questions_in
2025-10-29T00:04:35.235482,PUBLISH,c3d7ecf3f739494f8d8a132fff4356eb,68f2d95bd190740cfd6a3b09,ENQUEUED,0.3031844427005235,questions_in
2025-10-29T00:04:35.538104,PUBLISH,e7b994f64062439383aa3f41a92181f3,68f2d95bd190740cfd6a237b,ENQUEUED,0.3000690237436021,questions_in
2025-10-29T00:04:35.885977,PUBLISH,195d2ea88dbf4006b0fb9197a8d7d22c,68f2d95bd190740cfd6a305c,ENQUEUED,0.34233029029277784,questions_in
2025-10-29T00:04:36.299881,PUBLISH,23be7ace13014653ba4e876e1f1f5e6b,68f2d95bd190740cfd6a3ac0,ENQUEUED,0.4120905018652423,questions_in
2025-10-29T00:04:36.465607,PUBLISH,fc56aa8c460b438c8c3f56f964e5b242,68f2d95bd190740cfd6a4168,ENQUEUED,0.16382611823313478,questions_in
2025-10-29T00:04:36.582826,PUBLISH,1ab5fbf7fff7436ca1ac1876ad89df2d,68f2d95bd190740cfd6a3295,ENQUEUED,0.11524091825448819,questions_in
2025-10-29T00:04:37.018300,PUBLISH,7bc1f33b6dbe4cd288283136a00f309d,68f2d95bd190740cfd6a1f36,ENQUEUED,0.43217096538884525,questions_in
2025-10-29T00:04:37.152374,PUBLISH,276f70a65d994ea0960ed06edb89afbc,68f2d95bd190740cfd6a3fb0,ENQUEUED,0.13224931086605274,questions_in
2025-10-29T00:04:37.455159,PUBLISH,59393fe30ec7471eb8d540c0958d6124,68f2d95bd190740cfd6a2c03,ENQUEUED,0.3011628154538948,questions_in
2025-10-29T00:04:37.671742,PUBLISH,92c2a21a2f444733aa41b3a840b38dee,68f2d95bd190740cfd6a1fb2,ENQUEUED,0.2136075655357962,questions_in
2025-10-29T00:04:37.824222,PUBLISH,e1302ad5c4c445d2bcbbbeb5b1368ae6,68f2d95bd190740cfd6a3c20,ENQUEUED,0.15051012093176963,questions_in
2025-10-29T00:04:37.988660,PUBLISH,dd9cf398c7a548e697df8d5371117d2d,68f2d95bd190740cfd6a2e5a,ENQUEUED,0.1626784813174948,questions_in
2025-10-29T00:04:38.278289,PUBLISH,a53103273e92447580a83b93c9edcd5f,68f2d95bd190740cfd6a29dd,ENQUEUED,0.2867726414007551,questions_in
2025-10-29T00:04:38.765769,PUBLISH,217a7a77bd5f486e9a8e0103ad470434,68f2d95bd190740cfd6a38a9,ENQUEUED,0.481256476869523,questions_in
2025-10-29T00:04:39.195524,PUBLISH,f863e55f3d1444a9b57a1622588cdef9,68f2d95bd190740cfd6a23e8,ENQUEUED,0.4260121514980296,questions_in
2025-10-29T00:04:39.609354,PUBLISH,422bb556a86e4c45b12d7ac3190e0bb6,68f2d95bd190740cfd6a2192,ENQUEUED,0.41040818701321635,questions_in
2025-10-29T00:04:39.861302,PUBLISH,06686bb8b99f48f6996ed4a9c2ffcdf6,68f2d95bd190740cfd6a33b3,ENQUEUED,0.24831724570522715,questions_in
2025-10-29T00:04:40.130819,PUBLISH,4603f087d2514b6999ee7e2e20a2bbeb,68f2d95bd190740cfd6a2699,ENQUEUED,0.2629454505883737,questions_in
2025-10-29T00:04:40.399083,PUBLISH,1f882d36310742a99ab45934e467f2c1,68f2d95bd190740cfd6a1f65,ENQUEUED,0.26426488150728045,questions_in
2025-10-29T00:04:40.582665,PUBLISH,381371481ef0436ca9c4e9340cbebf79,68f2d95bd190740cfd6a40de,ENQUEUED,0.17637747278541377,questions_in
2025-10-29T00:04:40.900788,PUBLISH,ba9d51e5b8e94cbf814fe3ee02b319d7,68f2d95bd190740cfd6a281c,ENQUEUED,0.3162616583471898,questions_in
2025-10-29T00:04:41.357999,PUBLISH,30122797c1f845ce8c98cfb13ac1422d,68f2d95bd190740cfd6a3b59,ENQUEUED,0.4540648709717967,questions_in
2025-10-29T00:04:41.662720,PUBLISH,b857ed9db5e5478780031c6da0cfb17d,68f2d95bd190740cfd6a39bc,ENQUEUED,0.30180891104705676,questions_in
2025-10-29T00:04:42.148991,PUBLISH,e3ed35f0a69f4cdcb0139b2de5c3f489,68f2d95bd190740cfd6a1ffd,ENQUEUED,0.4833600626808253,questions_in
2025-10-29T00:04:42.493546,PUBLISH,f616b676551f4b768453eaae7dfc1f89,68f2d95bd190740cfd6a3460,ENQUEUED,0.3402775166686183,questions_in
2025-10-29T00:04:42.629954,PUBLISH,bcba90f217554186bac217fd898ceace,68f2d95bd190740cfd6a415d,ENQUEUED,0.1342193075576742,questions_in
2025-10-29T00:04:43.056109,PUBLISH,517ec09f63c04ebf93747da37643095f,68f2d95bd190740cfd6a3060,ENQUEUED,0.42404226886589436,questions_in
2025-10-29T00:04:43.162629,PUBLISH,9038ff9ba9824863a750567bde49e954,68f2d95bd190740cfd6a222b,ENQUEUED,0.10394634762404072,questions_in
2025-10-29T00:04:43.474582,PUBLISH,d69259faae1045f39e733b8ef74f179f,68f2d95bd190740cfd6a31d8,ENQUEUED,0.3084983541420346,questions_in
2025-10-29T00:04:43.721215,PUBLISH,7da2e29c105a4018beb91bf0f15a05a5,68f2d95bd190740cfd6a2dd5,ENQUEUED,0.2443909889185598,questions_in
2025-10-29T00:04:44.078604,PUBLISH,4700a4bee5c74c26816d271d72ec3dc7,68f2d95bd190740cfd6a2868,ENQUEUED,0.354931168581921,questions_in
2025-10-29T00:04:44.518647,PUBLISH,b6da56ba180642eba73fd014286fc04e,68f2d95bd190740cfd6a32a7,ENQUEUED,0.43169461780790497,questions_in
2025-10-29T00:04:44.893155,PUBLISH,a9ba1b1c2b10481e8c65f9a6f0a275f7,68f2d95bd190740cfd6a1c59,ENQUEUED,0.37061180377142267,questions_in
2025-10-29T00:04:45.115704,PUBLISH,811798b2b79f45878f7c05c7b59ab3e9,68f2d95bd190740cfd6a1bd2,ENQUEUED,0.2205448943774577,questions_in
2025-10-29T00:04:45.461375,PUBLISH,6e5350f5c1584337a69f29ce5971de97,68f2d95bd190740cfd6a1d45,ENQUEUED,0.3434826430415727,questions_in
2025-10-29T00:04:45.871285,PUBLISH,57db68b7274a447babf59426d03435a4,68f2d95bd190740cfd6a2995,ENQUEUED,0.40779573957455717,questions_in
2025-10-29T00:04:46.144925,PUBLISH,3c09d2aef54f419f997b2c9410e6e0b6,68f2d95bd190740cfd6a35dc,ENQUEUED,0.27076194202086984,questions_in
2025-10-29T00:04:46.249394,PUBLISH,a85bd660d09b44dcb3370b1125cd37c3,68f2d95bd190740cfd6a1e53,ENQUEUED,0.10186026300105647,questions_in
2025-10-29T00:04:46.496803,PUBLISH,fc101f59a8854a01824b51f41f4d9944,68f2d95bd190740cfd6a390e,ENQUEUED,0.24478769266871156,questions_in
2025-10-29T00:04:46.636798,PUBLISH,f17dd20adf32496c9e2b63964f232f70,68f2d95bd190740cfd6a1bc9,ENQUEUED,0.13837852649387786,questions_in
2025-10-29T00:04:47.108947,PUBLISH,a54dd020c27b492bbca3d1fadab2855a,68f2d95bd190740cfd6a3a49,ENQUEUED,0.4686460902143138,questions_in
2025-10-29T00:04:47.362923,PUBLISH,3556ce2dfa6348c7bf94527f35508ccb,68f2d95bd190740cfd6a3171,ENQUEUED,0.2521017369264126,questions_in
2025-10-29T00:04:47.803534,PUBLISH,3abfcf1f437645cdb7957db7a8015cf9,68f2d95bd190740cfd6a33a9,ENQUEUED,0.4380649950994905,questions_in
2025-10-29T00:04:48.098755,PUBLISH,bcb9db7977bd4d7886103860300a5239,68f2d95bd190740cfd6a23e8,ENQUEUED,0.2909986924484166,questions_in
2025-10-29T00:04:48.331239,PUBLISH,39c881872b694ab2a6eb672a7427ed48,68f2d95bd190740cfd6a2142,ENQUEUED,0.23031035870334413,questions_in
2025-10-29T00:04:48.804362,PUBLISH,e0556f7b507e48dd91cd5a5da1b36cfc,68f2d95bd190740cfd6a3e3a,ENQUEUED,0.4707225952723687,questions_in
2025-10-29T00:04:49.168396,PUBLISH,47a7e16abc4441ae892e273004e233f0,68f2d95bd190740cfd6a342b,ENQUEUED,0.36168956578354783,questions_in
2025-10-29T00:04:49.625511,PUBLISH,c6d69981deda41b29ff83fe2dc3df0be,68f2d95bd190740cfd6a2bbe,ENQUEUED,0.4527442057546599,questions_in
2025-10-29T00:04:49.800348,PUBLISH,cb985f11943b45139d40e5a28a4892bd,68f2d95bd190740cfd6a3bc3,ENQUEUED,0.17244642370317345,questions_in
2025-10-29T00:04:49.961194,PUBLISH,9eb079bfbb8549deb3239c4b88f2cd10,68f2d95bd190740cfd6a1cd2,ENQUEUED,0.15625704126923656,questions_in
2025-10-29T00:04:50.408062,PUBLISH,2f26b37dee3f410f8911c2681019b6f2,68f2d95bd190740cfd6a3e4e,ENQUEUED,0.4433250493545672,questions_in
2025-10-29T00:04:50.583893,PUBLISH,b754092b7e2f4cb9bcff6d87af54e2fc,68f2d95bd190740cfd6a236d,ENQUEUED,0.1731131962336387,questions_in
2025-10-29T00:04:50.787145,PUBLISH,9f7ab4e753dc4a2ba9c3a092761f2633,68f2d95bd190740cfd6a214b,ENQUEUED,0.20125957676853604,questions_in
2025-10-29T00:04:51.210529,PUBLISH,8c062d16d37a495bb41e4214558ce7e2,68f2d95bd190740cfd6a295e,ENQUEUED,0.4206057690505377,questions_in
2025-10-29T00:04:51.373450,PUBLISH,9ea6feb6496d4008ba61ac792cbd0a96,68f2d95bd190740cfd6a2196,ENQUEUED,0.1588628066749721,questions_in
2025-10-29T00:04:51.829478,PUBLISH,2f060dfb216c4a179f10a4a8a2428821,68f2d95bd190740cfd6a3eaa,ENQUEUED,0.4538223119019643,questions_in
2025-10-29T00:04:52.212264,PUBLISH,ab4de72fe2ee4c7ea618db7a7b71bf2c,68f2d95bd190740cfd6a24ec,ENQUEUED,0.3800578335700985,questions_in
2025-10-29T00:04:52.375156,PUBLISH,f6c7ab10d6e842baa62ae279f9eed670,68f2d95bd190740cfd6a1cb7,ENQUEUED,0.1593713720667331,questions_in
2025-10-29T00:04:52.582967,PUBLISH,f5f9b0d64a814706a873ca524bb02623,68f2d95bd190740cfd6a2d55,ENQUEUED,0.20580657408356579,questions_in
2025-10-29T00:04:52.862153,PUBLISH,675204c1d69042fa8b39aabf5f4d229d,68f2d95bd190740cfd6a2cbe,ENQUEUED,0.276613438718969,questions_in
2025-10-29T00:04:53.213470,PUBLISH,ad1422d11f894cf18e8b011e72663ec5,68f2d95bd190740cfd6a2f12,ENQUEUED,0.34931769862471806,questions_in
2025-10-29T00:04:53.625681,PUBLISH,b5da75abc875445385ab7a9ec752e51a,68f2d95bd190740cfd6a254e,ENQUEUED,0.4043495225143813,questions_in
2025-10-29T00:04:53.902785,PUBLISH,fa5e62d0df764760a321543639fa0b0d,68f2d95bd190740cfd6a341c,ENQUEUED,0.2709324706460677,questions_in
2025-10-29T00:04:54.040236,PUBLISH,b91f139f035a4098a072d18e28bd4b0f,68f2d95bd190740cfd6a3402,ENQUEUED,0.13384604730587601,questions_in
2025-10-29T00:04:54.507301,PUBLISH,55ded82b4f274a7caca86c2f5e95b9b8,68f2d95bd190740cfd6a2009,ENQUEUED,0.46244486627804304,questions_in
2025-10-29T00:04:54.800411,PUBLISH,3c3424e26abe40fa9d3f3dc8ca61ceae,68f2d95bd190740cfd6a2485,ENQUEUED,0.29116370714730855,questions_in
2025-10-29T00:04:55.225649,PUBLISH,4a347546ffbb43e7829a04730eec086b,68f2d95bd190740cfd6a29bd,ENQUEUED,0.42239349635307955,questions_in
2025-10-29T00:04:55.585757,PUBLISH,5f256d4fdd7d482e930ae1923cbadb21,68f2d95bd190740cfd6a3640,ENQUEUED,0.3578047322736778,questions_in
2025-10-29T00:04:55.878111,PUBLISH,e708391316954856b8bd29d2d074ac54,68f2d95bd190740cfd6a38b3,ENQUEUED,0.2859681365444685,questions_in
2025-10-29T00:04:56.241219,PUBLISH,bf66e52ce2bb434dbe4f9709aba8f25d,68f2d95bd190740cfd6a3187,ENQUEUED,0.3593803131836223,questions_in
2025-10-29T00:04:56.601103,PUBLISH,ca3a1137758f43919dafd20e09b6c2de,68f2d95bd190740cfd6a331c,ENQUEUED,0.358209424588236,questions_in
2025-10-29T00:04:56.876772,PUBLISH,d1eaa888186c4d8e8c02d8c97d96b997,68f2d95bd190740cfd6a3df4,ENQUEUED,0.2713434964987532,questions_in
2025-10-29T00:04:57.008236,PUBLISH,b39c3f9300fd4ef0a574bcd3bc420764,68f2d95bd190740cfd6a3c02,ENQUEUED,0.12450243114906462,questions_in
2025-10-29T00:04:57.204219,PUBLISH,2adde6108794490d8d4567899ab9aac1,68f2d95bd190740cfd6a3390,ENQUEUED,0.1906650385865042,questions_in
2025-10-29T00:04:57.685351,PUBLISH,1426c58f1fce4fa28b4e565636ce947b,68f2d95bd190740cfd6a31c1,ENQUEUED,0.4753465363787832,questions_in
2025-10-29T00:04:58.084314,PUBLISH,32d10afc9870423f81e4ebcd85170a97,68f2d95bd190740cfd6a3bfe,ENQUEUED,0.39672271006725357,questions_in
2025-10-29T00:04:58.287288,PUBLISH,2d323bce507a48c29dcefe6b0a1f5a13,68f2d95bd190740cfd6a404e,ENQUEUED,0.1982175071618027,questions_in
2025-10-29T00:04:58.444500,PUBLISH,5be3ecce3b5b49f2933b7f3db34893df,68f2d95bd190740cfd6a31df,ENQUEUED,0.15515847727497742,questions_in
2025-10-29T00:04:58.932313,PUBLISH,f68d0354553642d8b6af80ad85be770d,68f2d95bd190740cfd6a2ceb,ENQUEUED,0.48589990086350465,questions_in
2025-10-29T00:04:59.430772,PUBLISH,e521a6558bb7407993aea6bd51bdf6a2,68f2d95bd190740cfd6a2796,ENQUEUED,0.496420670440358,questions_in
2025-10-29T00:04:59.778868,PUBLISH,4e6039814d464fe7ad471334242fbcd5,68f2d95bd190740cfd6a29ac,ENQUEUED,0.340250143451462,questions_in
2025-10-29T00:05:00.035001,PUBLISH,c8a5111d26f9420e8809b7ec0e18dfca,68f2d95bd190740cfd6a38d8,ENQUEUED,0.25323668015341205,questions_in
2025-10-29T00:05:00.250045,PUBLISH,a1a5c797be5d4d9ea36b84aa828c2b02,68f2d95bd190740cfd6a246c,ENQUEUED,0.21171192528129118,questions_in
2025-10-29T00:05:00.440903,PUBLISH,fceae3f2fc3f48bd83538b8a0a24e300,68f2d95bd190740cfd6a372f,ENQUEUED,0.1872571102250068,questions_in
2025-10-29T00:05:00.818564,PUBLISH,d7516c666b15427a85e82d181ee1ffc9,68f2d95bd190740cfd6a2490,ENQUEUED,0.3751014426846042,questions_in
2025-10-29T00:05:01.212575,PUBLISH,e8a1152fe5de4b72813393c8cbf3b81e,68f2d95bd190740cfd6a3990,ENQUEUED,0.38626741602549786,questions_in
2025-10-29T00:05:01.360006,PUBLISH,01b932b20b0b4156b3597fa7b6aa2580,68f2d95bd190740cfd6a3211,ENQUEUED,0.14165813130728022,questions_in
2025-10-29T00:05:01.739925,PUBLISH,0c3891926f454480b086305a782961db,68f2d95bd190740cfd6a2b08,ENQUEUED,0.3752021171293163,questions_in
2025-10-29T00:05:02.190256,PUBLISH,76d1ef5800df4d7fb76336aa5a56c6b1,68f2d95bd190740cfd6a3c7b,ENQUEUED,0.4462948122822227,questions_in
2025-10-29T00:05:02.589568,PUBLISH,49b83579bc9046c8a17871aa7e94ca04,68f2d95bd190740cfd6a3021,ENQUEUED,0.39208243122073183,questions_in
2025-10-29T00:05:03.082818,PUBLISH,e1bd802e15004030be1f8148628955aa,68f2d95bd190740cfd6a351b,ENQUEUED,0.490562727636633,questions_in
2025-10-29T00:05:03.317913,PUBLISH,5e2177d9cc02472e90825bd7b9c98470,68f2d95bd190740cfd6a24d5,ENQUEUED,0.22985514712351462,questions_in
2025-10-29T00:05:03.643398,PUBLISH,d1af7fa641aa41afb81928e4552eb19c,68f2d95bd190740cfd6a2ad6,ENQUEUED,0.3208308392388418,questions_in
2025-10-29T00:05:03.977389,PUBLISH,8241be4a21674fd1ad5c21cb9c6643f0,68f2d95bd190740cfd6a277e,ENQUEUED,0.33148877239316704,questions_in
2025-10-29T00:05:04.365517,PUBLISH,034751ed255a4e7c9fa3c8c3a107b3df,68f2d95bd190740cfd6a27fa,ENQUEUED,0.37844921157460043,questions_in
2025-10-29T00:05:04.743170,PUBLISH,fa3d6f1cafc04239ba2922657ff47f80,68f2d95bd190740cfd6a2a31,ENQUEUED,0.37553987827425195,questions_in
2025-10-29T00:05:05.186979,PUBLISH,ed84df79ca974938b8bb2b683d326f28,68f2d95bd190740cfd6a311a,ENQUEUED,0.43979128691617686,questions_in
2025-10-29T00:05:05.422312,PUBLISH,bc94294355c749b1bcdf13e14a150c1f,68f2d95bd190740cfd6a31c7,ENQUEUED,0.23072584274843547,questions_in
2025-10-29T00:05:05.664310,PUBLISH,178025b975dc425eb1bc2940a66a7702,68f2d95bd190740cfd6a273b,ENQUEUED,0.23565658542621654,questions_in
2025-10-29T00:05:05.971376,PUBLISH,fea35fead9f14fb8a70e1da9aa9cabf6,68f2d95bd190740cfd6a3fcd,ENQUEUED,0.3036763667679798,questions_in
2025-10-29T00:05:06.206581,PUBLISH,7a30e74579e240d394d197008fd55726,68f2d95bd190740cfd6a23fd,ENQUEUED,0.2318170517358496,questions_in
2025-10-29T00:05:06.322402,PUBLISH,aa089f2c689048db8b1c918328187ea9,68f2d95bd190740cfd6a1c33,ENQUEUED,0.11060947576951584,questions_in
2025-10-29T00:05:06.656225,PUBLISH,5eac7cbd24f241c997f01d103baf87eb,68f2d95bd190740cfd6a4173,ENQUEUED,0.3307633472370316,questions_in
2025-10-29T00:05:06.845726,PUBLISH,42b08465b5914c41941c125cd5fd83e7,68f2d95bd190740cfd6a3990,ENQUEUED,0.18276113132633515,questions_in
2025-10-29T00:05:07.177884,PUBLISH,a5b9e2a7b96e44fab140d3a43cec80fc,68f2d95bd190740cfd6a3ce2,ENQUEUED,0.32996304390582665,questions_in
2025-10-29T00:05:07.321904,PUBLISH,7593c24cb2cf425fba1865e8b08c59e4,68f2d95bd190740cfd6a3b94,ENQUEUED,0.14118629636330526,questions_in
2025-10-29T00:05:07.681887,PUBLISH,8d8bd2274e5a4595a4c8544fd4f4337d,68f2d95bd190740cfd6a295c,ENQUEUED,0.35139382932827923,questions_in
2025-10-29T00:05:08.077869,PUBLISH,5983bf7f35bd4878b1a70d9e98063b8d,68f2d95bd190740cfd6a38dd,ENQUEUED,0.38903616571391475,questions_in
2025-10-29T00:05:08.554574,PUBLISH,37d583e278de41adb168c61890b454fd,68f2d95bd190740cfd6a1bdd,ENQUEUED,0.4723055932011968,questions_in
2025-10-29T00:05:08.876189,PUBLISH,19c052ed30f34f14a71513c9d0a28229,68f2d95bd190740cfd6a4177,ENQUEUED,0.3153125217136262,questions_in
2025-10-29T00:05:09.168067,PUBLISH,93d18e03676641038e7d29ba89a0a238,68f2d95bd190740cfd6a3ea0,ENQUEUED,0.2890202167202183,questions_in
2025-10-29T00:05:09.563715,PUBLISH,369d04123e374f979d5c3fd0fd814cb5,68f2d95bd190740cfd6a3e01,ENQUEUED,0.3933912861106824,questions_in
2025-10-29T00:05:09.921235,PUBLISH,581bcd41a2024d10b6910ad3e4c23646,68f2d95bd190740cfd6a254e,ENQUEUED,0.3529597873817135,questions_in
2025-10-29T00:05:10.226082,PUBLISH,3239e9339e60401c9d170e0f087330b5,68f2d95bd190740cfd6a1ff0,ENQUEUED,0.30218969865261697,questions_in
2025-10-29T00:05:10.677160,PUBLISH,f452d21de33748f499d0644bfca7bb75,68f2d95bd190740cfd6a3d01,ENQUEUED,0.44706297138229545,questions_in
2025-10-29T00:05:11.177523,PUBLISH,bbd1756fb4b943bf95b697a634bfac1b,68f2d95bd190740cfd6a20b6,ENQUEUED,0.4980995558471768,questions_in
2025-10-29T00:05:11.613483,PUBLISH,f8e1ccd5ef554964bb619493b043224c,68f2d95bd190740cfd6a4176,ENQUEUED,0.43381190847432916,questions_in
2025-10-29T00:05:11.826157,PUBLISH,12a589daab024149aa846d68510c0440,68f2d95bd190740cfd6a2676,ENQUEUED,0.20636672028950992,questions_in
2025-10-29T00:05:12.172541,PUBLISH,a25e800705004c3db75ff4ccc3d88ea2,68f2d95bd190740cfd6a1ddf,ENQUEUED,0.34291503872890244,questions_in
2025-10-29T00:05:12.278367,PUBLISH,c10cb11f69b64643bf3955e4dfd8c2fb,68f2d95bd190740cfd6a25c7,ENQUEUED,0.10352138746491751,questions_in
2025-10-29T00:05:12.510473,PUBLISH,f03885787b2c46feb022bb642172cdc1,68f2d95bd190740cfd6a278c,ENQUEUED,0.22615479863036425,questions_in
2025-10-29T00:05:12.888468,PUBLISH,f795c37e062a49a9a7af2fc22000f0c6,68f2d95bd190740cfd6a3eeb,ENQUEUED,0.3725224400912972,questions_in
2025-10-29T00:05:13.012793,PUBLISH,adf850bf9efe440f846758d92d74f81f,68f2d95bd190740cfd6a3871,ENQUEUED,0.12172349428511886,questions_in
2025-10-29T00:05:13.157373,PUBLISH,3dd19eedad274024a455e398230e2d41,68f2d95bd190740cfd6a2399,ENQUEUED,0.14248927686877352,questions_in
2025-10-29T00:05:13.288528,PUBLISH,43c666f9137a4d8aa7c1740aa8d163de,68f2d95bd190740cfd6a351b,ENQUEUED,0.12623994908140804,questions_in
2025-10-29T00:05:13.762095,PUBLISH,36ed4a7c58794fbca3121968b0a7f93b,68f2d95bd190740cfd6a41d5,ENQUEUED,0.47131046124839526,questions_in
2025-10-29T00:05:14.124121,PUBLISH,d6acae1724234e6ca5c038049c565dcc,68f2d95bd190740cfd6a3399,ENQUEUED,0.3598296930945619,questions_in
2025-10-29T00:05:14.340216,PUBLISH,0e213e8c34934d819c3c465eb4d55b2f,68f2d95bd190740cfd6a4004,ENQUEUED,0.20958525329801667,questions_in
2025-10-29T00:05:14.589702,PUBLISH,3502390cc6464175a03bc3d6d7498b42,68f2d95bd190740cfd6a2210,ENQUEUED,0.24771197949701906,questions_in
2025-10-29T00:05:14.995484,PUBLISH,474491eb3ab24059b3859ef33130f0c6,68f2d95bd190740cfd6a3bab,ENQUEUED,0.4027522753732431,questions_in
2025-10-29T00:05:15.332083,PUBLISH,15930871048b45f5b967d6209240931f,68f2d95bd190740cfd6a3336,ENQUEUED,0.3342440180624038,questions_in
2025-10-29T00:05:15.699826,PUBLISH,3491891796424d3e8777782546dba0d5,68f2d95bd190740cfd6a3b71,ENQUEUED,0.36599497914995205,questions_in
2025-10-29T00:05:16.159510,PUBLISH,1833357b96a34e2d919f721ad9f5a04f,68f2d95bd190740cfd6a31d4,ENQUEUED,0.4546574308296054,questions_in
2025-10-29T00:05:16.589090,PUBLISH,bbd3438060af4c918b761a29ce770016,68f2d95bd190740cfd6a1e12,ENQUEUED,0.4254928751051522,questions_in
2025-10-29T00:05:16.917070,PUBLISH,f1debf28f9c04e1791a5f3e41aa79a16,68f2d95bd190740cfd6a4064,ENQUEUED,0.3253635683463543,questions_in
2025-10-29T00:05:17.062684,PUBLISH,8be53bffc899471ea19fde2c8e72b673,68f2d95bd190740cfd6a411c,ENQUEUED,0.13839541497860997,questions_in
2025-10-29T00:05:17.310356,PUBLISH,cf5adef0be55417a84de7f728ead08bc,68f2d95bd190740cfd6a1eea,ENQUEUED,0.2450908544138972,questions_in
2025-10-29T00:05:17.454857,PUBLISH,487d2aad2c2445b8b7f85993bc9145ab,68f2d95bd190740cfd6a394a,ENQUEUED,0.14133164873940826,questions_in
2025-10-29T00:05:17.808425,PUBLISH,d43c18e6456b441797df2d78363396b5,68f2d95bd190740cfd6a31c7,ENQUEUED,0.34878912509457255,questions_in
2025-10-29T00:05:17.971391,PUBLISH,6a240723e8954a32a67d73a929d6cf01,68f2d95bd190740cfd6a2f12,ENQUEUED,0.1587806183217448,questions_in
2025-10-29T00:05:18.147869,PUBLISH,6efef5453ea94bdb8af2b1f65140d48d,68f2d95bd190740cfd6a24e6,ENQUEUED,0.1731468216563351,questions_in
2025-10-29T00:05:18.570352,PUBLISH,45e81bc6317a4a3ba3fda60b552b9ff8,68f2d95bd190740cfd6a1d5d,ENQUEUED,0.41782605180910093,questions_in
2025-10-29T00:05:18.990390,PUBLISH,6bd454f08e85435f9386f3acbefc3378,68f2d95bd190740cfd6a2cce,ENQUEUED,0.4121904270799768,questions_in
2025-10-29T00:05:19.132785,PUBLISH,79b1b9ff902c4887a6b11e80e6e09603,68f2d95bd190740cfd6a28e4,ENQUEUED,0.13671614952549646,questions_in
2025-10-29T00:05:19.563933,PUBLISH,ad7a369aafd54430b2692dd26ef8d866,68f2d95bd190740cfd6a3ee0,ENQUEUED,0.42932985177914806,questions_in
2025-10-29T00:05:19.765800,PUBLISH,c6699b0fbb104cb4b3fe47f573c40789,68f2d95bd190740cfd6a2d84,ENQUEUED,0.19613554071656908,questions_in
2025-10-29T00:05:20.110750,PUBLISH,da5b4e04e5d1454dbd0e982c9aed7ef0,68f2d95bd190740cfd6a4029,ENQUEUED,0.3421775866066211,questions_in
2025-10-29T00:05:20.406949,PUBLISH,4d2c66a2714d48259bd90cebf757877b,68f2d95bd190740cfd6a32e4,ENQUEUED,0.2893715053993625,questions_in
2025-10-29T00:05:20.558707,PUBLISH,a891440382e749cb85af2755603674bd,68f2d95bd190740cfd6a2bec,ENQUEUED,0.14339423286542835,questions_in
2025-10-29T00:05:20.777983,PUBLISH,8dd5bfe45fde4f56977a2569d7480870,68f2d95bd190740cfd6a2d2a,ENQUEUED,0.2134103706788597,questions_in
2025-10-29T00:05:21.247228,PUBLISH,8a9f24ed09264c11ae4fdb804344b02b,68f2d95bd190740cfd6a35cf,ENQUEUED,0.46678126034614964,questions_in
2025-10-29T00:05:21.542132,PUBLISH,4e022ecf12a3481394531c1d928ab6f3,68f2d95bd190740cfd6a239d,ENQUEUED,0.29200476515127277,questions_in
2025-10-29T00:05:21.808417,PUBLISH,53b2bd7e97e14d6b9db75682afbba2ca,68f2d95bd190740cfd6a225a,ENQUEUED,0.2604086077047812,questions_in
2025-10-29T00:05:22.060226,PUBLISH,5b9b2449617b404badc3410634ef6cb1,68f2d95bd190740cfd6a371e,ENQUEUED,0.24902196397892307,questions_in
2025-10-29T00:05:22.227831,PUBLISH,cf4f16d3ee0f4cc699784f39fff8137b,68f2d95bd190740cfd6a3eb9,ENQUEUED,0.1657919726537488,questions_in
2025-10-29T00:05:22.592336,PUBLISH,7fe22df70d474f8c9e7f4a09fad71989,68f2d95bd190740cfd6a2a42,ENQUEUED,0.3611580695419906,questions_in
2025-10-29T00:05:22.848321,PUBLISH,e9d66a5f116e4b91af35f84629bcf211,68f2d95bd190740cfd6a3f1d,ENQUEUED,0.2520304265243919,questions_in
2025-10-29T00:05:23.179963,PUBLISH,5718c2cc7d7b4a589d62849c159dd71c,68f2d95bd190740cfd6a3a24,ENQUEUED,0.3281497320469552,questions_in
2025-10-29T00:05:23.642282,PUBLISH,7f05b57c22f14b688c277d127b909e59,68f2d95bd190740cfd6a2634,ENQUEUED,0.45871593536771393,questions_in
2025-10-29T00:05:23.890909,PUBLISH,212678aa74b5494da33d6834494e13d5,68f2d95bd190740cfd6a3d6d,ENQUEUED,0.24681960742156114,questions_in
2025-10-29T00:05:24.359351,PUBLISH,869362f2069742eea15e1998dce29a1e,68f2d95bd190740cfd6a2f6f,ENQUEUED,0.4593246759623296,questions_in
2025-10-29T00:05:24.524964,PUBLISH,ed07807e63a24c08a3a2358c02013f62,68f2d95bd190740cfd6a1b67,ENQUEUED,0.16364002724053128,questions_in
2025-10-29T00:05:24.895440,PUBLISH,693b1bae079a4e6ab8e61da112dbb772,68f2d95bd190740cfd6a3344,ENQUEUED,0.367570515863078,questions_in
2025-10-29T00:05:25.090252,PUBLISH,d429cb39af3347f59fc8972eceb2252c,68f2d95bd190740cfd6a264a,ENQUEUED,0.19315363348018577,questions_in
2025-10-29T00:05:25.430458,PUBLISH,6999b9420ca84ddcbd24fbf57ea863da,68f2d95bd190740cfd6a322c,ENQUEUED,0.3378343945852732,questions_in
2025-10-29T00:05:25.925989,PUBLISH,a5fe8feff4434baeb814183f5a8e6565,68f2d95bd190740cfd6a30a4,ENQUEUED,0.49400113559494374,questions_in
2025-10-29T00:05:26.068128,PUBLISH,8d7483a75fd545ebb90545b410c5ae93,68f2d95bd190740cfd6a2631,ENQUEUED,0.13730303595056137,questions_in
2025-10-29T00:05:26.558225,PUBLISH,3475837cfc0e43ee9db9c03458edacef,68f2d95bd190740cfd6a23a8,ENQUEUED,0.48384587081031094,questions_in
2025-10-29T00:05:26.690510,PUBLISH,2a4407d961bd4784981d8f49fe3cd2d9,68f2d95bd190740cfd6a36ad,ENQUEUED,0.13036620110090602,questions_in
2025-10-29T00:05:26.924299,PUBLISH,3d435429e0024d158fc5fa7c02935bef,68f2d95bd190740cfd6a3f67,ENQUEUED,0.23161336646561248,questions_in
2025-10-29T00:05:27.425106,PUBLISH,9fc8babf34fb4cb6b195c96d9550c17a,68f2d95bd190740cfd6a41a9,ENQUEUED,0.4987000266828908,questions_in
2025-10-29T00:05:27.820777,PUBLISH,26419ab8085d4bcf9976acd5b28350e3,68f2d95bd190740cfd6a28dd,ENQUEUED,0.3922526522826225,questions_in
2025-10-29T00:05:28.161700,PUBLISH,55f331df60a54fd8becbdde9c988ec5e,68f2d95bd190740cfd6a2da5,ENQUEUED,0.33859184031183687,questions_in
2025-10-29T00:05:28.371044,PUBLISH,b998b99322174b94ba6b9d8343fe6da1,68f2d95bd190740cfd6a3163,ENQUEUED,0.2024651506407972,questions_in
2025-10-29T00:05:28.707677,PUBLISH,9923d4731b634ec7971b104ee313c1c6,68f2d95bd190740cfd6a35c0,ENQUEUED,0.3346966711527608,questions_in
2025-10-29T00:05:29.070991,PUBLISH,865916613da248f48034dc69bc1f1c7e,68f2d95bd190740cfd6a3093,ENQUEUED,0.3614145068322441,questions_in
2025-10-29T00:05:29.287451,PUBLISH,867344fdfb3c4eefa222ec123a16b637,68f2d95bd190740cfd6a2964,ENQUEUED,0.20947932102011044,questions_in
2025-10-29T00:05:29.733925,PUBLISH,f7e2ffe5390e407eb9a17466ec0a0f98,68f2d95bd190740cfd6a2454,ENQUEUED,0.44423361215112933,questions_in
2025-10-29T00:05:30.118040,PUBLISH,a0e7e9cac5c7408d90aad924399c41fa,68f2d95bd190740cfd6a3bf8,ENQUEUED,0.38061888858379944,questions_in
2025-10-29T00:05:30.343024,PUBLISH,d83d8f6b48a3411286d8c52b5ff6efef,68f2d95bd190740cfd6a2128,ENQUEUED,0.22207099566796173,questions_in
2025-10-29T00:05:30.446395,PUBLISH,405aa618e2a24972947c9ec0e1287ca9,68f2d95bd190740cfd6a1cb0,ENQUEUED,0.10189218466827454,questions_in
2025-10-29T00:05:30.811455,PUBLISH,c6e11cf197d64f2a871e8b58ba75af6b,68f2d95bd190740cfd6a1d5b,ENQUEUED,0.36265719564727783,questions_in
2025-10-29T00:05:31.245367,PUBLISH,f0bb9a90de9d4a148e402c73c2e3a2b3,68f2d95bd190740cfd6a2e07,ENQUEUED,0.4237822430708317,questions_in
2025-10-29T00:05:31.548037,PUBLISH,0aca9c8a982d4d19b67ec810eebf6cc1,68f2d95bd190740cfd6a2099,ENQUEUED,0.2996212525058912,questions_in
2025-10-29T00:05:31.666297,PUBLISH,ef72331817a84833afe0a8bff5508416,68f2d95bd190740cfd6a31e9,ENQUEUED,0.11188581949641688,questions_in
2025-10-29T00:05:31.926185,PUBLISH,58e58d810e5f4f4788bba427df4c325f,68f2d95bd190740cfd6a1e9f,ENQUEUED,0.25707005095859536,questions_in
2025-10-29T00:05:32.141966,PUBLISH,15a8416d45ef4a78aeec7806e02eb6ff,68f2d95bd190740cfd6a26f2,ENQUEUED,0.21262968148058606,questions_in
2025-10-29T00:05:32.254951,PUBLISH,5a8939291bfd4307ad2d637356ccbdb3,68f2d95bd190740cfd6a2160,ENQUEUED,0.11092753821321476,questions_in
2025-10-29T00:05:32.403587,PUBLISH,52f366a63be8421491782017415ddcc3,68f2d95bd190740cfd6a3dd9,ENQUEUED,0.1466960775916517,questions_in
2025-10-29T00:05:32.708351,PUBLISH,73f2d68e9d9c4e8689e5cb51d7a8e58d,68f2d95bd190740cfd6a3303,ENQUEUED,0.29904238128204136,questions_in
2025-10-29T00:05:32.967814,PUBLISH,d9e64c99d9a5433ea6866caa47e43bac,68f2d95bd190740cfd6a3cca,ENQUEUED,0.25276634939955855,questions_in
2025-10-29T00:05:33.326292,PUBLISH,c19ff405c6f84dd0bf71119530284055,68f2d95bd190740cfd6a246c,ENQUEUED,0.3556905335377786,questions_in
2025-10-29T00:05:33.786882,PUBLISH,d35dd0cf8a73485e82249c245b28a947,68f2d95bd190740cfd6a3955,ENQUEUED,0.45864447330202596,questions_in
2025-10-29T00:05:34.134077,PUBLISH,984d5bbc61e64e20bdba18b497b865cb,68f2d95bd190740cfd6a2516,ENQUEUED,0.34147723324848056,questions_in
2025-10-29T00:05:34.515939,PUBLISH,cf37c563d9cf4107a89b7bb63a18374e,68f2d95bd190740cfd6a2e66,ENQUEUED,0.37824583703394976,questions_in
2025-10-29T00:05:34.839924,PUBLISH,c7168b872085430b991b72e47ef7a6cb,68f2d95bd190740cfd6a1d71,ENQUEUED,0.32122269660176417,questions_in
2025-10-29T00:05:35.328894,PUBLISH,b71a8ce800884fc68525a8a857a0a1cf,68f2d95bd190740cfd6a35b1,ENQUEUED,0.4863994742093479,questions_in
2025-10-29T00:05:35.595546,PUBLISH,f39fd002cc5c40708aa7d47a14d74b1d,68f2d95bd190740cfd6a3d79,ENQUEUED,0.2645036045910808,questions_in
2025-10-29T00:05:35.778199,PUBLISH,c2ab675161ed49f2a88b2fa39d8f9f39,68f2d95bd190740cfd6a1b61,ENQUEUED,0.17459805720299365,questions_in
2025-10-29T00:05:35.971679,PUBLISH,f1cb8527064545a098d233c1e4e1925d,68f2d95bd190740cfd6a3cc2,ENQUEUED,0.19151283050270473,questions_in
2025-10-29T00:05:36.443295,PUBLISH,d12be93bfcbb4d3a8ad0f97e56001fbd,68f2d95bd190740cfd6a2261,ENQUEUED,0.46993084408261154,questions_in
2025-10-29T00:05:36.584737,PUBLISH,0417ec0a12fd4eb99db400b20e600f85,68f2d95bd190740cfd6a24cd,ENQUEUED,0.13651119605647577,questions_in
2025-10-29T00:05:36.905740,PUBLISH,a75d65d7fed84038866c7ebae815158f,68f2d95bd190740cfd6a2804,ENQUEUED,0.3186782115923953,questions_in
2025-10-29T00:05:37.291593,PUBLISH,c22d6ccc71af45a28d58432a4ca0cdad,68f2d95bd190740cfd6a2a63,ENQUEUED,0.37934388071958913,questions_in
2025-10-29T00:05:37.471895,PUBLISH,71dc2fd8135f4ff2bc09796cc086122e,68f2d95bd190740cfd6a3999,ENQUEUED,0.17247781555256517,questions_in
2025-10-29T00:05:37.703336,PUBLISH,60b1beee11fe45d5ad41bf369ccff620,68f2d95bd190740cfd6a3846,ENQUEUED,0.22961155143589515,questions_in
2025-10-29T00:05:37.902588,PUBLISH,be473285a96347089258bd78afa798bc,68f2d95bd190740cfd6a226d,ENQUEUED,0.1968806996575784,questions_in
2025-10-29T00:05:38.159522,PUBLISH,4daa77a7adc14353b2d85aad77d8d9f0,68f2d95bd190740cfd6a4128,ENQUEUED,0.2550425590834027,questions_in
2025-10-29T00:05:38.512032,PUBLISH,91ef204ee548484bb5015d12a412bdd4,68f2d95bd190740cfd6a3ab6,ENQUEUED,0.3507686785076878,questions_in
2025-10-29T00:05:38.840638,PUBLISH,0566ce1d7dce4c97b1fd1dadee6d87d5,68f2d95bd190740cfd6a3420,ENQUEUED,0.3265801848289934,questions_in
2025-10-29T00:05:38.946836,PUBLISH,48f718c8bac6419582000e4b0f758d18,68f2d95bd190740cfd6a3662,ENQUEUED,0.10006358651860321,questions_in
2025-10-29T00:05:39.139902,PUBLISH,22cb4f55fd734a1a960dcd59e810b2f7,68f2d95bd190740cfd6a334b,ENQUEUED,0.18619759706935685,questions_in
2025-10-29T00:05:39.498842,PUBLISH,31b8c63d9035449f9dd059187b48c9b8,68f2d95bd190740cfd6a2148,ENQUEUED,0.35468170784776776,questions_in
2025-10-29T00:05:39.939316,PUBLISH,0a69060506524c3d8a8cb477cda6a42e,68f2d95bd190740cfd6a284d,ENQUEUED,0.4375989414244883,questions_in
2025-10-29T00:05:40.360278,PUBLISH,cba083cdd7884522bae268aa83c7eb2b,68f2d95bd190740cfd6a23bf,ENQUEUED,0.41918891182064166,questions_in
2025-10-29T00:05:40.672033,PUBLISH,cd20353318cc441ca0f1aaf295ce2cdb,68f2d95bd190740cfd6a38ee,ENQUEUED,0.30862985799668247,questions_in
2025-10-29T00:05:40.864868,PUBLISH,74fd3f59da5c4ab79132ac676394d0f7,68f2d95bd190740cfd6a3626,ENQUEUED,0.1891346120184053,questions_in
2025-10-29T00:05:41.153539,PUBLISH,f7d5ae7244ed436d84df64ffae4a7868,68f2d95bd190740cfd6a3dd3,ENQUEUED,0.28548892277592586,questions_in
2025-10-29T00:05:41.583909,PUBLISH,21051c9d6f27435c8a2594cfb24868f2,68f2d95bd190740cfd6a2e91,ENQUEUED,0.42721352083769026,questions_in
2025-10-29T00:05:42.007692,PUBLISH,6a16f429ca704dcb9a94388c32e6d773,68f2d95bd190740cfd6a3994,ENQUEUED,0.42149827116285277,questions_in
2025-10-29T00:05:42.201688,PUBLISH,e460e00e6ae548b0b63621a88c3caa76,68f2d95bd190740cfd6a24fe,ENQUEUED,0.18915508440243312,questions_in
2025-10-29T00:05:42.686134,PUBLISH,155ed479625c43ae93c0cb101ca5fc5e,68f2d95bd190740cfd6a3cfc,ENQUEUED,0.48193433175975375,questions_in
2025-10-29T00:05:42.941790,PUBLISH,c2fd9fee6cf34785bf8855a198b1c3bd,68f2d95bd190740cfd6a3253,ENQUEUED,0.25335569957324866,questions_in
2025-10-29T00:05:43.124168,PUBLISH,86b4b0b87ddd4a318573f226c0ed4edb,68f2d95bd190740cfd6a3761,ENQUEUED,0.18022577451213448,questions_in
2025-10-29T00:05:43.377455,PUBLISH,b06e3e85904140eebdbad7431f571a5a,68f2d95bd190740cfd6a1b65,ENQUEUED,0.25016066238483126,questions_in
2025-10-29T00:05:43.676589,PUBLISH,ddd3996f561d496dafdcea94e5100adc,68f2d95bd190740cfd6a2b82,ENQUEUED,0.29623466843053203,questions_in
2025-10-29T00:05:44.166704,PUBLISH,9c04e8a83f38413d9c689263ae75e75b,68f2d95bd190740cfd6a33ee,ENQUEUED,0.48714370610776925,questions_in
2025-10-29T00:05:44.420758,PUBLISH,165edf0497884a80a18ecb71fec5ff5b,68f2d95bd190740cfd6a1e6e,ENQUEUED,0.24704042706266494,questions_in
2025-10-29T00:05:44.839573,PUBLISH,868a1c38689545108bb9755fe881c800,68f2d95bd190740cfd6a266a,ENQUEUED,0.4162762525361169,questions_in
2025-10-29T00:05:45.332779,PUBLISH,bfb534251fef4a4281931a88392e186e,68f2d95bd190740cfd6a364a,ENQUEUED,0.48984486856601805,questions_in
2025-10-29T00:05:45.816820,PUBLISH,1cf417bbffe64d2884a30a01d78f8018,68f2d95bd190740cfd6a3b78,ENQUEUED,0.4796013076331499,questions_in
2025-10-29T00:05:46.284984,PUBLISH,7646ded0a35d4fb2bfb6b83b5f0fa6e6,68f2d95bd190740cfd6a3660,ENQUEUED,0.4603369499675206,questions_in
2025-10-29T00:05:46.418663,PUBLISH,d0b73781ab5e42c2b13869f8901e3787,68f2d95bd190740cfd6a2d35,ENQUEUED,0.12639201392665741,questions_in
2025-10-29T00:05:46.602768,PUBLISH,d26743c080344c7cbddb9e93b315790a,68f2d95bd190740cfd6a207c,ENQUEUED,0.18235199019328552,questions_in
2025-10-29T00:05:46.973804,PUBLISH,6d7c727048284e87ac91d92911b1556a,68f2d95bd190740cfd6a1d3a,ENQUEUED,0.3689853010035703,questions_in
2025-10-29T00:05:47.367233,PUBLISH,0be60f07608a4e17bc5c9952e8ff0054,68f2d95bd190740cfd6a25f4,ENQUEUED,0.39139667741208617,questions_in
2025-10-29T00:05:47.740964,PUBLISH,5058ba6d3168497b83c7dbf7b593342e,68f2d95bd190740cfd6a38d7,ENQUEUED,0.37202792399163365,questions_in
2025-10-29T00:05:47.850826,PUBLISH,ccba851439d140c7997c616aef07a96b,68f2d95bd190740cfd6a1ff8,ENQUEUED,0.10201539643189778,questions_in
2025-10-29T00:05:48.203251,PUBLISH,27668e3be1bd43b5a336c188fd46b8a3,68f2d95bd190740cfd6a28b1,ENQUEUED,0.3499701289838206,questions_in
2025-10-29T00:05:48.647105,PUBLISH,a734864a1d4e4235a0d6231417dc0e8e,68f2d95bd190740cfd6a1da5,ENQUEUED,0.44024131754506934,questions_in
2025-10-29T00:05:49.117263,PUBLISH,3b3dd23ec615402293c6ce9eed4fbcf3,68f2d95bd190740cfd6a3e7c,ENQUEUED,0.4678432579603179,questions_in
2025-10-29T00:05:49.390867,PUBLISH,6b909fc26fce46f2b2d4147895bbca07,68f2d95bd190740cfd6a3b94,ENQUEUED,0.2674391787499027,questions_in
2025-10-29T00:05:49.607270,PUBLISH,2f1b4798eb224aa1b1b98f7aa4721176,68f2d95bd190740cfd6a2b1e,ENQUEUED,0.21399678183698045,questions_in
2025-10-29T00:05:49.792143,PUBLISH,e0e95d487cae4893a1bd46ff8118e9d2,68f2d95bd190740cfd6a348d,ENQUEUED,0.18275903008852576,questions_in
2025-10-29T00:05:50.228169,PUBLISH,0e35b9f44dbb4fdc81be3cecd4911efd,68f2d95bd190740cfd6a23e7,ENQUEUED,0.43051631191463835,questions_in
2025-10-29T00:05:50.352042,PUBLISH,a9860656f4344d33b7a457b8538039a6,68f2d95bd190740cfd6a1c6a,ENQUEUED,0.1211662246059547,questions_in
2025-10-29T00:05:50.697870,PUBLISH,87dc6f2aaa004003a9c7a3714d3d3709,68f2d95bd190740cfd6a2f3e,ENQUEUED,0.3423268952107038,questions_in
2025-10-29T00:05:50.963131,PUBLISH,ff3179de4a8646628a45a6ad9214e417,68f2d95bd190740cfd6a34d6,ENQUEUED,0.2610415929415656,questions_in
2025-10-29T00:05:51.107327,PUBLISH,8579027350b04def9a7484e3fa75e820,68f2d95bd190740cfd6a1b7b,ENQUEUED,0.14261786352304387,questions_in
2025-10-29T00:05:51.230417,PUBLISH,135cdcd056de400ab6be6b4d93a486b3,68f2d95bd190740cfd6a21f7,ENQUEUED,0.11830678302639015,questions_in
2025-10-29T00:05:51.333224,PUBLISH,9ec27e58c21e46f4956d1ad0a4a37462,68f2d95bd190740cfd6a33e4,ENQUEUED,0.10058462611246122,questions_in
2025-10-29T00:05:51.519242,PUBLISH,9fcd5b31746f47959e1e5dbc2ab328bb,68f2d95bd190740cfd6a3548,ENQUEUED,0.18422875194819982,questions_in
2025-10-29T00:05:51.638727,PUBLISH,1c43dd53c4354a9dbed55e218b9c32da,68f2d95bd190740cfd6a1cef,ENQUEUED,0.116768385372459,questions_in
2025-10-29T00:05:51.934053,PUBLISH,373716af74f644cfb3833b52e9034219,68f2d95bd190740cfd6a3b6c,ENQUEUED,0.2930892542662485,questions_in
2025-10-29T00:05:52.375426,PUBLISH,e1092f8a5d90493dbecbfe4c89a6b7c9,68f2d95bd190740cfd6a2dbb,ENQUEUED,0.43807463883508146,questions_in
2025-10-29T00:05:52.849841,PUBLISH,f0f3bfd503a64a089ef749c71457bf9e,68f2d95bd190740cfd6a2d46,ENQUEUED,0.4674575839790449,questions_in
2025-10-29T00:05:53.079986,PUBLISH,8215d9f497e345bd83b0df028ef05947,68f2d95bd190740cfd6a3915,ENQUEUED,0.22671411888894763,questions_in
2025-10-29T00:05:53.421142,PUBLISH,18d999b4239d47cfb8b16ee524d97e3e,68f2d95bd190740cfd6a1c81,ENQUEUED,0.3365359950576584,questions_in
2025-10-29T00:05:53.919989,PUBLISH,9904c9d9556e46c5b240629701d3736d,68f2d95bd190740cfd6a314e,ENQUEUED,0.4924048186206682,questions_in
2025-10-29T00:05:54.365069,PUBLISH,da0b721663db406a8001badab48fe483,68f2d95bd190740cfd6a3aed,ENQUEUED,0.43841728035932637,questions_in
2025-10-29T00:05:54.565602,PUBLISH,db021d6a44b9443ab3a739520518cca6,68f2d95bd190740cfd6a2d3b,ENQUEUED,0.19795943286902482,questions_in
2025-10-29T00:05:54.749583,PUBLISH,22b1036f57ac41c3a7f5facc5b879e40,68f2d95bd190740cfd6a40df,ENQUEUED,0.1818563818228731,questions_in
2025-10-29T00:05:55.041463,PUBLISH,4ed7ddb8e14a4f2aad0b0eee301d6252,68f2d95bd190740cfd6a3d73,ENQUEUED,0.290216261918423,questions_in
2025-10-29T00:05:55.432100,PUBLISH,53a4b47e509946ee9ee8f819d1117aa7,68f2d95bd190740cfd6a2e2c,ENQUEUED,0.3879972734772765,questions_in
2025-10-29T00:05:55.770654,PUBLISH,4ef2615fe4db43dbbb144d2cce084b58,68f2d95bd190740cfd6a318c,ENQUEUED,0.33542045970190437,questions_in
2025-10-29T00:05:56.222023,PUBLISH,617b223d127b4032b11dc216afb1de35,68f2d95bd190740cfd6a2229,ENQUEUED,0.44986402216310684,questions_in
2025-10-29T00:05:56.414566,PUBLISH,dd7c6a3b620c45e6ba1ec9d1c4fc71f5,68f2d95bd190740cfd6a2409,ENQUEUED,0.19063174330872854,questions_in
2025-10-29T00:05:56.751669,PUBLISH,ef89ccca537b46eb9328211a99dbe0f5,68f2d95bd190740cfd6a37a4,ENQUEUED,0.3325066776172334,questions_in
2025-10-29T00:05:56.988515,PUBLISH,259db18cc600489b93a7bedeaa03a658,68f2d95bd190740cfd6a316d,ENQUEUED,0.2349713304979209,questions_in
2025-10-29T00:05:57.229082,PUBLISH,eecea7026bb24c87b5f0a88cb213cfef,68f2d95bd190740cfd6a3d10,ENQUEUED,0.2326593130498128,questions_in
2025-10-29T00:05:57.599765,PUBLISH,462234fee7e64d1c8d918ec78773f3a4,68f2d95bd190740cfd6a2997,ENQUEUED,0.36756002259351817,questions_in
2025-10-29T00:05:57.951365,PUBLISH,1889e2766fb9405ebc638564b96cefd6,68f2d95bd190740cfd6a24f3,ENQUEUED,0.34969793124960036,questions_in
2025-10-29T00:05:58.198431,PUBLISH,291e3421fffa42609ae23df9bbd37c91,68f2d95bd190740cfd6a28e3,ENQUEUED,0.2444363525811334,questions_in
2025-10-29T00:05:58.319479,PUBLISH,88676884607741f59ac170f1ceb6fe52,68f2d95bd190740cfd6a3c51,ENQUEUED,0.117507747516441,questions_in
2025-10-29T00:05:58.791305,PUBLISH,9ac0665ac620440ca434607a4270e3a8,68f2d95bd190740cfd6a3ed8,ENQUEUED,0.46956450834695107,questions_in
2025-10-29T00:05:59.029403,PUBLISH,57a938197152472f9e985f719e25d9ce,68f2d95bd190740cfd6a223a,ENQUEUED,0.23474804504138175,questions_in
2025-10-29T00:05:59.445921,PUBLISH,800ca80c90ef40de8c3da563f17e12b4,68f2d95bd190740cfd6a3323,ENQUEUED,0.4124374612792726,questions_in
2025-10-29T00:05:59.603429,PUBLISH,caa3e60cd5e245b684570848c60b4ba4,68f2d95bd190740cfd6a296a,ENQUEUED,0.15521131110689473,questions_in
2025-10-29T00:05:59.935510,PUBLISH,cab62abc62f6472ebca627d7362de955,68f2d95bd190740cfd6a29b2,ENQUEUED,0.3300217748859536,questions_in
2025-10-29T00:06:00.309675,PUBLISH,c61ef99062c64fcca8fa2853005df5f5,68f2d95bd190740cfd6a3a0b,ENQUEUED,0.368045438659132,questions_in
2025-10-29T00:06:00.605061,PUBLISH,4c50422d48f6412c8db77173ec9bd239,68f2d95bd190740cfd6a4144,ENQUEUED,0.28730085161832497,questions_in
2025-10-29T00:06:00.901667,PUBLISH,2b3d9a984f81439ab81d07beb06ee2dc,68f2d95bd190740cfd6a2b20,ENQUEUED,0.29424660403921643,questions_in
2025-10-29T00:06:01.119060,PUBLISH,59adc7263639482196fb0fb29f109ad5,68f2d95bd190740cfd6a3d0c,ENQUEUED,0.21507847252236612,questions_in
2025-10-29T00:06:01.337082,PUBLISH,1033560e53534c04801eb492181367b8,68f2d95bd190740cfd6a1b33,ENQUEUED,0.20857228335448258,questions_in
2025-10-29T00:06:01.584399,PUBLISH,9f4149ad48e04a5782d5d5c8771017e0,68f2d95bd190740cfd6a2dc0,ENQUEUED,0.24531875025870314,questions_in
2025-10-29T00:06:01.973114,PUBLISH,626f002a69f14f81a02c443a803097c4,68f2d95bd190740cfd6a24d1,ENQUEUED,0.38563996717927507,questions_in
2025-10-29T00:06:02.353104,PUBLISH,eaf5062a754d49ad8772784e41e162d5,68f2d95bd190740cfd6a2c86,ENQUEUED,0.3741147898223627,questions_in
2025-10-29T00:06:02.503729,PUBLISH,c803876af5354343988afba5ba787816,68f2d95bd190740cfd6a3734,ENQUEUED,0.14836823458270448,questions_in
2025-10-29T00:06:02.668501,PUBLISH,0bea5ba2d0414f68a12ea834676a684b,68f2d95bd190740cfd6a349b,ENQUEUED,0.15878792328164423,questions_in
2025-10-29T00:06:03.080946,PUBLISH,47bc9244e8be49ebb26932c4790ceabb,68f2d95bd190740cfd6a3cf7,ENQUEUED,0.4103653964548727,questions_in
2025-10-29T00:06:03.300031,PUBLISH,05935ddc2afa4141b9091c9aa0ea2b2c,68f2d95bd190740cfd6a23b4,ENQUEUED,0.21339637817567114,questions_in
2025-10-29T00:06:03.583932,PUBLISH,fc290763c15244568ebaca95b693dda8,68f2d95bd190740cfd6a26d8,ENQUEUED,0.28071109873457867,questions_in
2025-10-29T00:06:03.831150,PUBLISH,1ba42650791941099d91923c1dd3bf2e,68f2d95bd190740cfd6a3d88,ENQUEUED,0.24432968742513927,questions_in
2025-10-29T00:06:04.102676,PUBLISH,48a1118161224dfa9a638cd50e35dd9e,68f2d95bd190740cfd6a21e2,ENQUEUED,0.26114658726390294,questions_in
2025-10-29T00:06:04.554737,PUBLISH,eadb7a02bb8948c3b18a7d836f565db5,68f2d95bd190740cfd6a1afe,ENQUEUED,0.44923562092821745,questions_in
2025-10-29T00:06:04.879509,PUBLISH,5967491f216a416bae2f02d8c27b1fe9,68f2d95bd190740cfd6a4078,ENQUEUED,0.3155276400734137,questions_in
2025-10-29T00:06:05.033602,PUBLISH,5883e10eca3e40c694641b49c5057836,68f2d95bd190740cfd6a22a4,ENQUEUED,0.15214405884766913,questions_in
2025-10-29T00:06:05.383589,PUBLISH,4090d94dfa9c4137a32e5be25e0e6d78,68f2d95bd190740cfd6a30e7,ENQUEUED,0.3435068029496927,questions_in
2025-10-29T00:06:05.833412,PUBLISH,c2639062acce40019d5f22f79dd28c32,68f2d95bd190740cfd6a26f7,ENQUEUED,0.4479101399257408,questions_in
2025-10-29T00:06:06.249500,PUBLISH,9187f15a847d46d4a7ead57db132dc28,68f2d95bd190740cfd6a2134,ENQUEUED,0.4140197281516308,questions_in
2025-10-29T00:06:06.449362,PUBLISH,597fbc45dee4491992ddbb32f9408566,68f2d95bd190740cfd6a2185,ENQUEUED,0.19771747220737318,questions_in
2025-10-29T00:06:06.811694,PUBLISH,9be2110b28e841b9bbcacae44e827d10,68f2d95bd190740cfd6a1e8d,ENQUEUED,0.3551456604100024,questions_in
2025-10-29T00:06:07.016977,PUBLISH,c6b0ea4fab43414e982a36e5a9e4d4ef,68f2d95bd190740cfd6a228d,ENQUEUED,0.19720177259813132,questions_in
2025-10-29T00:06:07.158723,PUBLISH,07d6689a8fa6487eba05c0e284e4741e,68f2d95bd190740cfd6a389f,ENQUEUED,0.1381954805148433,questions_in
2025-10-29T00:06:07.583030,PUBLISH,646f61259cbd48d295c23b34e813d347,68f2d95bd190740cfd6a2f67,ENQUEUED,0.4221425619504282,questions_in
2025-10-29T00:06:07.780570,PUBLISH,6b7b2381eb3a4a74959e0272e4715280,68f2d95bd190740cfd6a4099,ENQUEUED,0.19566541264076492,questions_in
2025-10-29T00:06:07.966205,PUBLISH,9bc5eadc785f481193644a53188bf0fa,68f2d95bd190740cfd6a3a72,ENQUEUED,0.18352826363939415,questions_in
2025-10-29T00:06:08.414683,PUBLISH,9a87291403624ad1a6b4c91afac58a09,68f2d95bd190740cfd6a1cde,ENQUEUED,0.44108901116682186,questions_in
2025-10-29T00:06:08.731404,PUBLISH,9baf1ce07b304f5398e1b36a4936091c,68f2d95bd190740cfd6a1d86,ENQUEUED,0.31463859139337874,questions_in
2025-10-29T00:06:09.209586,PUBLISH,9b43ef4309ba46df8a419e347afdf43f,68f2d95bd190740cfd6a311e,ENQUEUED,0.4758520596660739,questions_in
2025-10-29T00:06:09.686536,PUBLISH,d67f83dc3ade4111ad81f4abd5ba84c0,68f2d95bd190740cfd6a1cc8,ENQUEUED,0.47416465878026737,questions_in
2025-10-29T00:06:09.910970,PUBLISH,615e06d7e0b2435aa7f2ded06168a584,68f2d95bd190740cfd6a1c7b,ENQUEUED,0.21953349662942903,questions_in
2025-10-29T00:06:10.038861,PUBLISH,708d887af76e4066882c7168fc1c0030,68f2d95bd190740cfd6a1c7e,ENQUEUED,0.12425860766475112,questions_in
2025-10-29T00:06:10.337908,PUBLISH,2c2e52a167074835a72df2da67fcfc3d,68f2d95bd190740cfd6a1f57,ENQUEUED,0.2967589582530783,questions_in
2025-10-29T00:06:10.676942,PUBLISH,d10d2a6d5a25406f98dfe7ce0ddd2468,68f2d95bd190740cfd6a2ce6,ENQUEUED,0.3337836704375001,questions_in
2025-10-29T00:06:10.792941,PUBLISH,f126ac4a7caa48cfabb041bf844e37c3,68f2d95bd190740cfd6a38cd,ENQUEUED,0.11237523543444171,questions_in
2025-10-29T00:06:11.277707,PUBLISH,76975f5c28904321b9bfa82dd04fb027,68f2d95bd190740cfd6a29c6,ENQUEUED,0.4753142234600666,questions_in
2025-10-29T00:06:11.533644,PUBLISH,c5ea5f2dce4b44c98d5ebe4a6fa7d971,68f2d95bd190740cfd6a2d7f,ENQUEUED,0.24896505756373993,questions_in
2025-10-29T00:06:11.750964,PUBLISH,f90e512bb90649c882df617feffb98cd,68f2d95bd190740cfd6a238f,ENQUEUED,0.2149540315881936,questions_in
2025-10-29T00:06:11.927366,PUBLISH,7bb54fc0fe6040768ffc4767fe7b7ee9,68f2d95bd190740cfd6a37e4,ENQUEUED,0.17253128733906375,questions_in
2025-10-29T00:06:12.319276,PUBLISH,21670cca67e14966877fd4f838ef556c,68f2d95bd190740cfd6a4023,ENQUEUED,0.3896028441648183,questions_in
2025-10-29T00:06:12.668816,PUBLISH,dcb92a6f2ff044f4aa92432b44307bdb,68f2d95bd190740cfd6a2725,ENQUEUED,0.3469764782593293,questions_in
2025-10-29T00:06:13.089783,PUBLISH,4519f4ff8dff43618f07f1e81d95c0a5,68f2d95bd190740cfd6a3de2,ENQUEUED,0.41788749170140393,questions_in
2025-10-29T00:06:13.292316,PUBLISH,984e623db17c417e9badc24f02ccc284,68f2d95bd190740cfd6a2e94,ENQUEUED,0.19543694570396433,questions_in
2025-10-29T00:06:13.661973,PUBLISH,75726fee704f44ee8458c6d86baec3ac,68f2d95bd190740cfd6a310d,ENQUEUED,0.3665215742882303,questions_in
2025-10-29T00:06:14.049987,PUBLISH,32774cf92cb440688865a0ad1da95006,68f2d95bd190740cfd6a1cf9,ENQUEUED,0.3854405795853999,questions_in
2025-10-29T00:06:14.318181,PUBLISH,ee639766dead43c6b3398a8908fba08b,68f2d95bd190740cfd6a1cc5,ENQUEUED,0.26618699792436196,questions_in
2025-10-29T00:06:14.602239,PUBLISH,5dcf1afc6c254e8ab388b04e1dbe47bb,68f2d95bd190740cfd6a1b3b,ENQUEUED,0.2819528753151317,questions_in
2025-10-29T00:06:14.856483,PUBLISH,9d5d2fe68f77435290d7e0688a650e4a,68f2d95bd190740cfd6a2c96,ENQUEUED,0.25074451210603615,questions_in
2025-10-29T00:06:15.068774,PUBLISH,eb2389131a1c4384b1c203ce0f2a2daa,68f2d95bd190740cfd6a3571,ENQUEUED,0.21027346211468162,questions_in
2025-10-29T00:06:15.266535,PUBLISH,ce43ea52ac5d44e997950d02be4de837,68f2d95bd190740cfd6a3cca,ENQUEUED,0.1951895633039008,questions_in
2025-10-29T00:06:15.631374,PUBLISH,c3bd593da38044d1b9fabe52a5f2914d,68f2d95bd190740cfd6a2e2b,ENQUEUED,0.36241955108568713,questions_in
2025-10-29T00:06:16.080490,PUBLISH,381a5d5ab9b84592922adaafcdc8ef07,68f2d95bd190740cfd6a38bd,ENQUEUED,0.4459862729672962,questions_in
2025-10-29T00:06:16.221733,PUBLISH,efc4df7a848847d89671598712adc1d1,68f2d95bd190740cfd6a2b34,ENQUEUED,0.137820492638215,questions_in
2025-10-29T00:06:16.395308,PUBLISH,bd0c8d5c69a84f4c9a0ae53bc7ab75d7,68f2d95bd190740cfd6a2c13,ENQUEUED,0.1709095718460673,questions_in
2025-10-29T00:06:16.714087,PUBLISH,412eb360a2af428aad9801aa7980e9c5,68f2d95bd190740cfd6a1b43,ENQUEUED,0.3168067997981535,questions_in
2025-10-29T00:06:17.077524,PUBLISH,57efd7450e854366ba691fdb8e3887ce,68f2d95bd190740cfd6a1bc5,ENQUEUED,0.3606929384014239,questions_in
2025-10-29T00:06:17.437153,PUBLISH,cda5a7ff5fbe470c946612f739a7149b,68f2d95bd190740cfd6a1fdb,ENQUEUED,0.3577000480888548,questions_in
2025-10-29T00:06:17.625391,PUBLISH,fac6a2e69e4e4e0e994b6b002c1fed19,68f2d95bd190740cfd6a1ccd,ENQUEUED,0.183906320637644,questions_in
2025-10-29T00:06:17.889917,PUBLISH,dea9deb836ae4e0bbaf7c614a156f9e7,68f2d95bd190740cfd6a2e67,ENQUEUED,0.25769266447008016,questions_in
2025-10-29T00:06:18.270235,PUBLISH,01fb7995e36c4229b841fd26b32b2e61,68f2d95bd190740cfd6a252e,ENQUEUED,0.3779435144865061,questions_in
2025-10-29T00:06:18.498830,PUBLISH,ab8f580800fa461a993c4092c0bd11ed,68f2d95bd190740cfd6a4020,ENQUEUED,0.2255860591461208,questions_in
2025-10-29T00:06:18.643061,PUBLISH,da89ad3be2f54b5eb1f5188f63310b53,68f2d95bd190740cfd6a1fbd,ENQUEUED,0.14194435600001826,questions_in
2025-10-29T00:06:19.060298,PUBLISH,cc07dfaa137243fead7fd5443de7fd8d,68f2d95bd190740cfd6a2677,ENQUEUED,0.4149199782818527,questions_in
2025-10-29T00:06:19.450247,PUBLISH,d55a3f5e211a4271874834ac4657abcc,68f2d95bd190740cfd6a2c01,ENQUEUED,0.388392076412466,questions_in
2025-10-29T00:06:19.952221,PUBLISH,7e566f51782145859ed8e19ef5ee0ac9,68f2d95bd190740cfd6a2a9c,ENQUEUED,0.49993556819212104,questions_in
2025-10-29T00:06:20.224709,PUBLISH,5aefcd03736246619836d906be2a243c,68f2d95bd190740cfd6a3f17,ENQUEUED,0.2673053748197519,questions_in
2025-10-29T00:06:20.587075,PUBLISH,44a34d25afe749d0b579c33c4f588b9c,68f2d95bd190740cfd6a39c1,ENQUEUED,0.35989242350421746,questions_in
2025-10-29T00:06:20.753639,PUBLISH,282ffd5786f546439426aeced26846fb,68f2d95bd190740cfd6a2e95,ENQUEUED,0.16203244858930838,questions_in
2025-10-29T00:06:20.897383,PUBLISH,cddc3699504f4f7599a28c3e9c52777e,68f2d95bd190740cfd6a319d,ENQUEUED,0.12965284437890162,questions_in
2025-10-29T00:06:21.122809,PUBLISH,0b7dc6f87bca4b248d78ac332b0554dd,68f2d95bd190740cfd6a392c,ENQUEUED,0.22154280500321072,questions_in
2025-10-29T00:06:21.492860,PUBLISH,aae63ee734854157a69598a269850f9f,68f2d95bd190740cfd6a2a6b,ENQUEUED,0.36769249879572985,questions_in
2025-10-29T00:06:21.841047,PUBLISH,c56bc76e504c409c93cb8315cadf3c93,68f2d95bd190740cfd6a2ba7,ENQUEUED,0.34444968352657346,questions_in
2025-10-29T00:06:22.263041,PUBLISH,010e9a882cc74e288594a08ea05f58b1,68f2d95bd190740cfd6a29a5,ENQUEUED,0.4198536392312995,questions_in
2025-10-29T00:06:22.568548,PUBLISH,568b754e04524f0499dfbb470e3f2a94,68f2d95bd190740cfd6a2473,ENQUEUED,0.29885164388764296,questions_in
2025-10-29T00:06:22.767296,PUBLISH,a85914be4bc846c8ad9d8e87c8c0c5b1,68f2d95bd190740cfd6a2ef7,ENQUEUED,0.19360785865353575,questions_in
2025-10-29T00:06:22.997145,PUBLISH,35f199a0cc6b4d61845cab7d0314d85c,68f2d95bd190740cfd6a3549,ENQUEUED,0.227105808868573,questions_in
2025-10-29T00:06:23.446827,PUBLISH,e240a225c2834fd68c9002b0b2a1dde7,68f2d95bd190740cfd6a2a5a,ENQUEUED,0.4463241520877098,questions_in
2025-10-29T00:06:23.876487,PUBLISH,375a4821e076421986a9f43caf1f9000,68f2d95bd190740cfd6a407b,ENQUEUED,0.4271705051585142,questions_in
2025-10-29T00:06:23.981511,PUBLISH,523a35d6f146482abdd5c3bdfdcea944,68f2d95bd190740cfd6a2ea0,ENQUEUED,0.10187714292178418,questions_in
2025-10-29T00:06:24.285755,PUBLISH,fcdea980291044fd985aafb3f4a9a7df,68f2d95bd190740cfd6a3b8a,ENQUEUED,0.3017474573834922,questions_in
2025-10-29T00:06:24.508325,PUBLISH,64033d3c53534c28a7fb469582571830,68f2d95bd190740cfd6a2e26,ENQUEUED,0.2198544684997319,questions_in
2025-10-29T00:06:24.913233,PUBLISH,82069ba2edda41bbbde51cc377dd96e8,68f2d95bd190740cfd6a265c,ENQUEUED,0.40090935237289493,questions_in
2025-10-29T00:06:25.407242,PUBLISH,fad9b04e27e54aefa034337216f1923f,68f2d95bd190740cfd6a1bbf,ENQUEUED,0.48588091924778753,questions_in
2025-10-29T00:06:25.769841,PUBLISH,5b8a400786cf4454b6d19aba90475405,68f2d95bd190740cfd6a3fef,ENQUEUED,0.3558765435939394,questions_in
2025-10-29T00:06:26.208047,PUBLISH,a1b72235d2034ef280319bde9a4c255b,68f2d95bd190740cfd6a2d62,ENQUEUED,0.43511025342823206,questions_in
2025-10-29T00:06:26.451889,PUBLISH,50abeeb04d1e4c45a980fe172c07d4fb,68f2d95bd190740cfd6a416e,ENQUEUED,0.24133357141924583,questions_in
2025-10-29T00:06:26.910822,PUBLISH,5df909f5c9f240ce903124c4ef512735,68f2d95bd190740cfd6a1bba,ENQUEUED,0.4565846840032356,questions_in
2025-10-29T00:06:27.168188,PUBLISH,5f4c7f192dd84201910091663d63b4a2,68f2d95bd190740cfd6a33d4,ENQUEUED,0.2553500710370338,questions_in
2025-10-29T00:06:27.628751,PUBLISH,0d3b4e61a07f46a5a4c2e155f8b308e2,68f2d95bd190740cfd6a1ed3,ENQUEUED,0.4586150298992544,questions_in
2025-10-29T00:06:27.975485,PUBLISH,e93cafbc74f5412097032d8ea8cd390c,68f2d95bd190740cfd6a2467,ENQUEUED,0.3448795353920412,questions_in
2025-10-29T00:06:28.224310,PUBLISH,7fb4246812264029a87bc403b0828afd,68f2d95bd190740cfd6a3936,ENQUEUED,0.24487372157272969,questions_in
2025-10-29T00:06:28.392756,PUBLISH,cbf10345d2174e408c4a213742cc4baa,68f2d95bd190740cfd6a2149,ENQUEUED,0.16307206326636048,questions_in
2025-10-29T00:06:28.578473,PUBLISH,f01be28daf9e4272955966064237b49c,68f2d95bd190740cfd6a358b,ENQUEUED,0.18327307468436863,questions_in
2025-10-29T00:06:28.892821,PUBLISH,3dfd78bf86cf48fb83ab09f5488e5825,68f2d95bd190740cfd6a37f5,ENQUEUED,0.3118268746120787,questions_in
2025-10-29T00:06:29.198278,PUBLISH,63bb742ad4a24928a0adc2395cb72ccb,68f2d95bd190740cfd6a2481,ENQUEUED,0.29838825440899086,questions_in
2025-10-29T00:06:29.392887,PUBLISH,d290678f6b4c45c5a0807db85372e867,68f2d95bd190740cfd6a40fd,ENQUEUED,0.19262973444363088,questions_in
2025-10-29T00:06:29.624434,PUBLISH,a411eee57f6f420cad14086379e01bbf,68f2d95bd190740cfd6a1cd8,ENQUEUED,0.22265346454786555,questions_in
2025-10-29T00:06:30.128519,PUBLISH,045c839ef7d7457bb6d8cc24bacfc34b,68f2d95bd190740cfd6a2e90,ENQUEUED,0.4957209296951489,questions_in
2025-10-29T00:06:30.398405,PUBLISH,5f5bab1f31ae401797467977a5b4b903,68f2d95bd190740cfd6a4189,ENQUEUED,0.26665272537229634,questions_in
2025-10-29T00:06:30.706309,PUBLISH,ba0d0aa272994516bf12c4bb2f1c9eba,68f2d95bd190740cfd6a244f,ENQUEUED,0.30381883573741475,questions_in
2025-10-29T00:06:30.944525,PUBLISH,46c848f0a79c42caae8265ed91feffa4,68f2d95bd190740cfd6a3828,ENQUEUED,0.2317306657364836,questions_in
2025-10-29T00:06:31.245787,PUBLISH,0cba66f6f8fd41b08b65b1215c7b928d,68f2d95bd190740cfd6a3760,ENQUEUED,0.29468802847159237,questions_in
2025-10-29T00:06:31.399830,PUBLISH,3207031897114bf693e5183274209577,68f2d95bd190740cfd6a38ef,ENQUEUED,0.15189004581407045,questions_in
2025-10-29T00:06:31.666237,PUBLISH,dcbcf9e98aad493a959b0ec5ec03ad9f,68f2d95bd190740cfd6a2332,ENQUEUED,0.2643018610160791,questions_in
2025-10-29T00:06:32.124716,PUBLISH,c5102d0964814e8ca5664d6e82dfb375,68f2d95bd190740cfd6a2bb5,ENQUEUED,0.45103791426340034,questions_in
2025-10-29T00:06:32.349111,PUBLISH,31f7dc255dac498fab351c534441baa4,68f2d95bd190740cfd6a2d1a,ENQUEUED,0.22204456647120796,questions_in
2025-10-29T00:06:32.817365,PUBLISH,ee6f6899c3ad47c581078faa447fa30b,68f2d95bd190740cfd6a3951,ENQUEUED,0.46619376825848646,questions_in
2025-10-29T00:06:33.011599,PUBLISH,83194b83a8554062a848045d07914520,68f2d95bd190740cfd6a2fcc,ENQUEUED,0.19218247172294017,questions_in
2025-10-29T00:06:33.308887,PUBLISH,69b27a15c42646b89f65dab767242bfd,68f2d95bd190740cfd6a2404,ENQUEUED,0.29287156882741583,questions_in
2025-10-29T00:06:33.423622,PUBLISH,1f04fd98e3064d94b2be00ad7b7fb637,68f2d95bd190740cfd6a363a,ENQUEUED,0.11165301295935462,questions_in
2025-10-29T00:06:33.851129,PUBLISH,4278d4d0557d45b9be9de4aa34632ebb,68f2d95bd190740cfd6a35c4,ENQUEUED,0.4219295232358491,questions_in
2025-10-29T00:06:34.317291,PUBLISH,1a9417a337cf40a2a1be175ea286fdce,68f2d95bd190740cfd6a246c,ENQUEUED,0.4642054746957208,questions_in
2025-10-29T00:06:34.643113,PUBLISH,c0b720226b3b4df4aeee725381e3fc77,68f2d95bd190740cfd6a3c23,ENQUEUED,0.3205635772191954,questions_in
2025-10-29T00:06:35.056231,PUBLISH,b22b86c059bc4b03b8c99a40b38c9cff,68f2d95bd190740cfd6a25da,ENQUEUED,0.4080275604871848,questions_in
2025-10-29T00:06:35.485188,PUBLISH,35e38169d8c947629b4bc347f7fa0095,68f2d95bd190740cfd6a3f97,ENQUEUED,0.42596108180241166,questions_in
2025-10-29T00:06:35.630479,PUBLISH,9e408b7ab6d54a79b91431dd2a32bc20,68f2d95bd190740cfd6a325e,ENQUEUED,0.14327643689373085,questions_in
2025-10-29T00:06:36.032574,PUBLISH,dea436b907c54838963fac319b1e583c,68f2d95bd190740cfd6a31c3,ENQUEUED,0.4000661575726535,questions_in
2025-10-29T00:06:36.211393,PUBLISH,58d34b84273946399310f2141dcd0bea,68f2d95bd190740cfd6a25b6,ENQUEUED,0.1724007998680812,questions_in
2025-10-29T00:06:36.358729,PUBLISH,7d43181178794902b3dae30b812ca16b,68f2d95bd190740cfd6a217e,ENQUEUED,0.1448494938888322,questions_in
2025-10-29T00:06:36.633503,PUBLISH,8f46011d31324b92b0196807c60ba9e3,68f2d95bd190740cfd6a27e6,ENQUEUED,0.27269295228820567,questions_in
2025-10-29T00:06:36.845955,PUBLISH,94b5c97c314545fca3a21f55ac6d7c3e,68f2d95bd190740cfd6a2caf,ENQUEUED,0.21017426314468135,questions_in
2025-10-29T00:06:37.064863,PUBLISH,4c286d840c444070998feefeb9cc5efb,68f2d95bd190740cfd6a22b4,ENQUEUED,0.21679962398469713,questions_in
2025-10-29T00:06:37.389324,PUBLISH,deb51ae39d44455190e5cf5185be65b3,68f2d95bd190740cfd6a3acc,ENQUEUED,0.3156434898330294,questions_in
2025-10-29T00:06:37.824294,PUBLISH,dd620c15d6224fb5a46b5ad0cac6c832,68f2d95bd190740cfd6a3382,ENQUEUED,0.43235275197518674,questions_in
2025-10-29T00:06:37.974727,PUBLISH,8d953dcb90a645ad875ccce198b428a6,68f2d95bd190740cfd6a25c3,ENQUEUED,0.1484849049711964,questions_in
2025-10-29T00:06:38.254254,PUBLISH,8bc389c9aa314d52b16d3e6a1498759a,68f2d95bd190740cfd6a3769,ENQUEUED,0.2758878752281065,questions_in
2025-10-29T00:06:38.455637,PUBLISH,5f9fa49967d94894a15b05dbb892de8f,68f2d95bd190740cfd6a37da,ENQUEUED,0.197924698194468,questions_in
2025-10-29T00:06:38.710458,PUBLISH,4eb82abb322947a5854a4482a7daa868,68f2d95bd190740cfd6a4091,ENQUEUED,0.24967842718290784,questions_in
2025-10-29T00:06:38.976039,PUBLISH,fe62d6d38a284599b78f0226fe39fa1e,68f2d95bd190740cfd6a23de,ENQUEUED,0.25869565516334103,questions_in
2025-10-29T00:06:39.282114,PUBLISH,afdbb4abdee54c8bb8a640ada32261b0,68f2d95bd190740cfd6a3540,ENQUEUED,0.30426135861926207,questions_in
2025-10-29T00:06:39.538100,PUBLISH,59b4cbaa402b45dba9509f8709097436,68f2d95bd190740cfd6a25e4,ENQUEUED,0.25147489290279285,questions_in
2025-10-29T00:06:39.688230,PUBLISH,85120b9f5421472c93e754d50faa5b5a,68f2d95bd190740cfd6a3945,ENQUEUED,0.14775281318673153,questions_in
2025-10-29T00:06:40.009832,PUBLISH,ec1ae6485cd74c40b8842e3a37040943,68f2d95bd190740cfd6a2719,ENQUEUED,0.3142191937532436,questions_in
2025-10-29T00:06:40.320498,PUBLISH,5dd30bc37d814acfb88b08b24b266419,68f2d95bd190740cfd6a3f3b,ENQUEUED,0.3062806405830699,questions_in
2025-10-29T00:06:40.555950,PUBLISH,a340fb9d96134add82cc3e87691a177e,68f2d95bd190740cfd6a3160,ENQUEUED,0.23270288201720787,questions_in
2025-10-29T00:06:40.934846,PUBLISH,1edaabf17bf94cef8d64aa65959f5d4f,68f2d95bd190740cfd6a372f,ENQUEUED,0.37536478095456627,questions_in
2025-10-29T00:06:41.198751,PUBLISH,5ecc5ac5d1634d019e339b78745381aa,68f2d95bd190740cfd6a2514,ENQUEUED,0.25875120531729356,questions_in
2025-10-29T00:06:41.554393,PUBLISH,1b3d97b18f104557b4962e7bffc54a79,68f2d95bd190740cfd6a3bd0,ENQUEUED,0.35240238566583226,questions_in
2025-10-29T00:06:41.862632,PUBLISH,02d3f497449c4763b53722bf0da8d8d7,68f2d95bd190740cfd6a2065,ENQUEUED,0.30502860151694977,questions_in
2025-10-29T00:06:41.992971,PUBLISH,741f22bf81754d02833a0d4782555738,68f2d95bd190740cfd6a3c37,ENQUEUED,0.123659141060429,questions_in
2025-10-29T00:06:42.461326,PUBLISH,fa53039e36d948099813bc8ed4d14247,68f2d95bd190740cfd6a2130,ENQUEUED,0.45714310118333545,questions_in
2025-10-29T00:06:42.806773,PUBLISH,ebb87ac6ac17403094abafd18cfb3449,68f2d95bd190740cfd6a2968,ENQUEUED,0.33954997569277146,questions_in
2025-10-29T00:06:43.093407,PUBLISH,7ed07b0dc11a403fbe6ffb5a4d7a99da,68f2d95bd190740cfd6a33db,ENQUEUED,0.2834547795704433,questions_in
2025-10-29T00:06:43.592045,PUBLISH,4fdedab9aee44513925d0d4a25146352,68f2d95bd190740cfd6a21f0,ENQUEUED,0.49572712759675597,questions_in
2025-10-29T00:06:43.955637,PUBLISH,f14f38ba96494df3ac70441c5c4c6527,68f2d95bd190740cfd6a2868,ENQUEUED,0.36072433535736026,questions_in
2025-10-29T00:06:44.426689,PUBLISH,5d16293a5291487dad9efb0ec8e82e8b,68f2d95bd190740cfd6a2f6b,ENQUEUED,0.46901451203317956,questions_in
2025-10-29T00:06:44.885065,PUBLISH,9924bb1fba494acb90c811cbf7f2328f,68f2d95bd190740cfd6a1dca,ENQUEUED,0.4505562767826783,questions_in
2025-10-29T00:06:45.064794,PUBLISH,4fa701bbe4c94dbe930cd233af3d07c2,68f2d95bd190740cfd6a2537,ENQUEUED,0.17684053910530242,questions_in
2025-10-29T00:06:45.291475,PUBLISH,9565611694d44c91becbe8f43683bafa,68f2d95bd190740cfd6a2fcd,ENQUEUED,0.21914425701849136,questions_in
2025-10-29T00:06:45.790837,PUBLISH,45a0275fc2ab4327a80fd6ddc62988e1,68f2d95bd190740cfd6a3c83,ENQUEUED,0.49704812185232217,questions_in
2025-10-29T00:06:46.163980,PUBLISH,121e3cdb7e4649e289de0cb586e2fa1e,68f2d95bd190740cfd6a32d9,ENQUEUED,0.36777461092197883,questions_in
2025-10-29T00:06:46.476846,PUBLISH,46cec919494146d0b35ebe8af07f5400,68f2d95bd190740cfd6a2d7a,ENQUEUED,0.31101001769739073,questions_in
2025-10-29T00:06:46.681596,PUBLISH,73d2489c1c524dda887bf4f5ef395839,68f2d95bd190740cfd6a21e8,ENQUEUED,0.19800912378078872,questions_in
2025-10-29T00:06:47.053607,PUBLISH,3a5f84b3abdb4f8ca6327b03508a10e9,68f2d95bd190740cfd6a3f29,ENQUEUED,0.369402508594995,questions_in
2025-10-29T00:06:47.435106,PUBLISH,08951452a1e749279b43e7efd3d8c3d1,68f2d95bd190740cfd6a3a16,ENQUEUED,0.3780328605150587,questions_in
2025-10-29T00:06:47.764942,PUBLISH,7dce561f6f244791b736df7c8a7cc8e6,68f2d95bd190740cfd6a3bb5,ENQUEUED,0.32743453298863,questions_in
2025-10-29T00:06:48.267143,PUBLISH,0eeb3da9fd9b48b0a88f1badcfa9ca4c,68f2d95bd190740cfd6a3836,ENQUEUED,0.4969788241230261,questions_in
2025-10-29T00:06:48.621940,PUBLISH,3b3ef6f3216b49a5930651a4ffe9e8e1,68f2d95bd190740cfd6a2a17,ENQUEUED,0.34653307031845043,questions_in
2025-10-29T00:06:48.736903,PUBLISH,3a326381cfb6462cb28b9f2190b3dc63,68f2d95bd190740cfd6a2d3b,ENQUEUED,0.10774154701543265,questions_in
2025-10-29T00:06:49.101308,PUBLISH,5e634cb108b44b30b2279386a54f1a3c,68f2d95bd190740cfd6a2082,ENQUEUED,0.3616757591171732,questions_in
2025-10-29T00:06:49.576037,PUBLISH,b25aef953e644a1c8b13d4158b93c139,68f2d95bd190740cfd6a2037,ENQUEUED,0.47193993536551704,questions_in
2025-10-29T00:06:49.810989,PUBLISH,311d8097f50843c48959aedbf42955fd,68f2d95bd190740cfd6a39ef,ENQUEUED,0.2311873394733097,questions_in
2025-10-29T00:06:49.995145,PUBLISH,2239cb7ed9d24cc28034c48b6caea50e,68f2d95bd190740cfd6a20cc,ENQUEUED,0.18214441218079994,questions_in
2025-10-29T00:06:50.158890,PUBLISH,c43ae6f3127c45cc8a121415cf5298fa,68f2d95bd190740cfd6a3bac,ENQUEUED,0.16191748398022707,questions_in
2025-10-29T00:06:50.337241,PUBLISH,b273436aa63c4866b948cfdb4742e71e,68f2d95bd190740cfd6a36ad,ENQUEUED,0.17642477041358814,questions_in
2025-10-29T00:06:50.760520,PUBLISH,fd1eceda95664b09b861e2c0cc29bd07,68f2d95bd190740cfd6a3ead,ENQUEUED,0.42070464296746446,questions_in
2025-10-29T00:06:51.129135,PUBLISH,1fcc395e4f39431697e49effd1afa242,68f2d95bd190740cfd6a3d6b,ENQUEUED,0.3660788952015521,questions_in
2025-10-29T00:06:51.318464,PUBLISH,74ce3cb4e0e64c4f9a5f771c4fbc60b9,68f2d95bd190740cfd6a3638,ENQUEUED,0.18600346259573303,questions_in
2025-10-29T00:06:51.768779,PUBLISH,1b55d9e0e86341ee81d33b636d7d2e63,68f2d95bd190740cfd6a40ae,ENQUEUED,0.4421846124298332,questions_in
2025-10-29T00:06:52.000659,PUBLISH,cbc7f84787364b93be44e5d3ebffc22f,68f2d95bd190740cfd6a28bf,ENQUEUED,0.227668356660097,questions_in
2025-10-29T00:06:52.300517,PUBLISH,60fbb7f2f81849e18ab9c5ea70a42c5a,68f2d95bd190740cfd6a40cb,ENQUEUED,0.2952843240808299,questions_in
2025-10-29T00:06:52.502885,PUBLISH,0370beb2396c464e8156f199bb2584a8,68f2d95bd190740cfd6a2ad6,ENQUEUED,0.19599219813371574,questions_in
2025-10-29T00:06:52.678958,PUBLISH,f89cd748183249fca2406bab0eeef410,68f2d95bd190740cfd6a414d,ENQUEUED,0.1743561298749826,questions_in
2025-10-29T00:06:53.017807,PUBLISH,ce34b946f5c342cc847bd9e204361273,68f2d95bd190740cfd6a4145,ENQUEUED,0.3353839457782123,questions_in
2025-10-29T00:06:53.209219,PUBLISH,fbf87f83f2434bc5bed09a35c6c3572a,68f2d95bd190740cfd6a1f66,ENQUEUED,0.1892480368900996,questions_in
2025-10-29T00:06:53.705324,PUBLISH,c641c83789cb4ccfaec05d1ee46ec5c8,68f2d95bd190740cfd6a1b57,ENQUEUED,0.49436112175435243,questions_in
2025-10-29T00:06:53.841909,PUBLISH,3c8f6c658c8d4e17be301209ecc3c254,68f2d95bd190740cfd6a2fb8,ENQUEUED,0.13480123158474375,questions_in
2025-10-29T00:06:54.275363,PUBLISH,d9e62fdd07ff44b5b01d11673e66091a,68f2d95bd190740cfd6a3647,ENQUEUED,0.43086473333526765,questions_in
2025-10-29T00:06:54.557740,PUBLISH,206df569395d4f5fb01a5f020d940d35,68f2d95bd190740cfd6a3b40,ENQUEUED,0.27958669138378067,questions_in
2025-10-29T00:06:54.689629,PUBLISH,fd706404844e42a5aca3968543cd954d,68f2d95bd190740cfd6a35ec,ENQUEUED,0.12968618696652118,questions_in
2025-10-29T00:06:54.978092,PUBLISH,02134bfa5d0944e78a45a7b97dedbf29,68f2d95bd190740cfd6a3c3e,ENQUEUED,0.28607500186731377,questions_in
2025-10-29T00:06:55.323559,PUBLISH,91c69f79f84247f7967ae6bca9e52457,68f2d95bd190740cfd6a3de4,ENQUEUED,0.3432915554003393,questions_in
2025-10-29T00:06:55.603807,PUBLISH,42a6a3bd3c8f4ceebeace1a9aaf13082,68f2d95bd190740cfd6a3529,ENQUEUED,0.2762417732890736,questions_in
2025-10-29T00:06:56.092342,PUBLISH,e6cc5815c1eb4c9fa5fdc6a056dd3db6,68f2d95bd190740cfd6a23b4,ENQUEUED,0.4867332234194277,questions_in
2025-10-29T00:06:56.367915,PUBLISH,8afd368cddc64d9c94c073b4c79074fe,68f2d95bd190740cfd6a2ec2,ENQUEUED,0.27263755329527073,questions_in
2025-10-29T00:06:56.583323,PUBLISH,0aec090435644ee59ac65407748af373,68f2d95bd190740cfd6a287d,ENQUEUED,0.21147403787333877,questions_in
2025-10-29T00:06:56.885883,PUBLISH,60b2aa8bdf58476ca8cd81173d1dcb7f,68f2d95bd190740cfd6a1bd1,ENQUEUED,0.30011093860607074,questions_in
2025-10-29T00:06:57.122232,PUBLISH,a099c99d54c746359df856bc715bdfa2,68f2d95bd190740cfd6a39c2,ENQUEUED,0.23420117952519814,questions_in
2025-10-29T00:06:57.236731,PUBLISH,91a25d2d587a4588a4dddcee4c972b67,68f2d95bd190740cfd6a2446,ENQUEUED,0.10854142067826254,questions_in
2025-10-29T00:06:57.701747,PUBLISH,923e81deaa264ba3a30668b5a0412855,68f2d95bd190740cfd6a1e25,ENQUEUED,0.46237179367861436,questions_in
2025-10-29T00:06:58.004974,PUBLISH,74a3286e276c4527b10a913c435ccb06,68f2d95bd190740cfd6a240c,ENQUEUED,0.3008741891836084,questions_in
2025-10-29T00:06:58.478749,PUBLISH,22afb2a253e543a3a6c38987d389a44a,68f2d95bd190740cfd6a22da,ENQUEUED,0.4712833150342082,questions_in
2025-10-29T00:06:58.591776,PUBLISH,51f5d12a11ab4a8ca3a92093d3d9f1cb,68f2d95bd190740cfd6a2b5f,ENQUEUED,0.10499100511878448,questions_in
2025-10-29T00:06:58.830473,PUBLISH,9fff41f591b644daa1dae446adba1f61,68f2d95bd190740cfd6a3484,ENQUEUED,0.23458116412050567,questions_in
2025-10-29T00:06:59.041166,PUBLISH,c7685f3208e4450aaf30988286e07033,68f2d95bd190740cfd6a2535,ENQUEUED,0.20681907036443176,questions_in
2025-10-29T00:06:59.489953,PUBLISH,9d1f1c8c1bbd49159d5d3ade51b61924,68f2d95bd190740cfd6a23aa,ENQUEUED,0.4464095933683013,questions_in
2025-10-29T00:06:59.675833,PUBLISH,9cbbd511ba704afb97d99ae53dc0e570,68f2d95bd190740cfd6a2f34,ENQUEUED,0.180019369133141,questions_in
2025-10-29T00:06:59.953818,PUBLISH,c3adeffb447344ae9d65973fb48533b2,68f2d95bd190740cfd6a3848,ENQUEUED,0.27183479146935063,questions_in
2025-10-29T00:07:00.363463,PUBLISH,b10b555f7a264ae0aba4700352c1ff09,68f2d95bd190740cfd6a3729,ENQUEUED,0.4061589450763139,questions_in
2025-10-29T00:07:00.753138,PUBLISH,737d6eab681c48e0818093ad54d04b2d,68f2d95bd190740cfd6a3135,ENQUEUED,0.384698296839882,questions_in
2025-10-29T00:07:00.873604,PUBLISH,89ffbadab15a4ec7b78054b96960124d,68f2d95bd190740cfd6a2206,ENQUEUED,0.11816657186087132,questions_in
2025-10-29T00:07:01.352628,PUBLISH,3e7f18cac4ea4cb9a0a514d389761a11,68f2d95bd190740cfd6a3779,ENQUEUED,0.4748480437263959,questions_in
2025-10-29T00:07:01.825087,PUBLISH,e6375e7649f041f3b71fd38758313a90,68f2d95bd190740cfd6a3f77,ENQUEUED,0.47037674932781626,questions_in
2025-10-29T00:07:02.005513,PUBLISH,78ffdf02384b4640bd35f4e130e0cdaf,68f2d95bd190740cfd6a1c40,ENQUEUED,0.17860003026466664,questions_in
2025-10-29T00:07:02.261822,PUBLISH,c9c1fa4112d04a9e8abd711d63d2d1cf,68f2d95bd190740cfd6a3556,ENQUEUED,0.25358760371014366,questions_in
2025-10-29T00:07:02.538413,PUBLISH,220538da1f1946709713079c17ae39ac,68f2d95bd190740cfd6a3492,ENQUEUED,0.2746056998187967,questions_in
2025-10-29T00:07:02.958263,PUBLISH,ecaeb18ea9f244f9b0a96af993c671c6,68f2d95bd190740cfd6a2c5b,ENQUEUED,0.41645179212884376,questions_in
2025-10-29T00:07:03.094702,PUBLISH,39333ca6c0c64be7833ef8f7e3cf6d98,68f2d95bd190740cfd6a22f1,ENQUEUED,0.13452448948382167,questions_in
2025-10-29T00:07:03.466918,PUBLISH,ca53b00273634388bb9ed348a87b0948,68f2d95bd190740cfd6a1f55,ENQUEUED,0.3694072504165965,questions_in
2025-10-29T00:07:03.577979,PUBLISH,58f0cf85b66147fe840322098e8d235d,68f2d95bd190740cfd6a2f3d,ENQUEUED,0.1091830660370222,questions_in
2025-10-29T00:07:03.967393,PUBLISH,ef36f52b8df94f9fa2c573de0ca370e9,68f2d95bd190740cfd6a2479,ENQUEUED,0.3849842506088914,questions_in
2025-10-29T00:07:04.398894,PUBLISH,1abe50a9119348b0a63e648a3dcbb2ed,68f2d95bd190740cfd6a366a,ENQUEUED,0.42473442025546104,questions_in
2025-10-29T00:07:04.850792,PUBLISH,f8b446a6c290459e961a9a575d3458e4,68f2d95bd190740cfd6a2feb,ENQUEUED,0.44768855332934243,questions_in
2025-10-29T00:07:05.141391,PUBLISH,fd5eef047bb747088cd97fa0762eac07,68f2d95bd190740cfd6a3f7f,ENQUEUED,0.2872857364358403,questions_in
2025-10-29T00:07:05.524053,PUBLISH,76c473bd55964d479b0a603699784be0,68f2d95bd190740cfd6a3e4e,ENQUEUED,0.38085668782287774,questions_in
2025-10-29T00:07:05.949787,PUBLISH,78b4baf3448342298dc27a5bc2245694,68f2d95bd190740cfd6a3a77,ENQUEUED,0.4217154786503413,questions_in
2025-10-29T00:07:06.121968,PUBLISH,efdddaacf9b741a49fa55bc92e7c95c8,68f2d95bd190740cfd6a3a84,ENQUEUED,0.1694834818376421,questions_in
2025-10-29T00:07:06.622181,PUBLISH,8d8860dadc3c4e54b0d6ea1364945dbf,68f2d95bd190740cfd6a36ee,ENQUEUED,0.49789457694340944,questions_in
2025-10-29T00:07:06.739300,PUBLISH,460ad8abdbcc486dbb32b7838670a215,68f2d95bd190740cfd6a37da,ENQUEUED,0.11363878721167704,questions_in
2025-10-29T00:07:07.164612,PUBLISH,8125db0ffa584d0bb7ac8e673ef72a0e,68f2d95bd190740cfd6a403a,ENQUEUED,0.42186028439325796,questions_in
2025-10-29T00:07:07.606180,PUBLISH,4fea7137fcfe4248a3ab251d599b2b0c,68f2d95bd190740cfd6a2871,ENQUEUED,0.432202439553793,questions_in
2025-10-29T00:07:07.977583,PUBLISH,c37d02af52fc467690ebe8caa6299d3a,68f2d95bd190740cfd6a2871,ENQUEUED,0.36931781725319723,questions_in
2025-10-29T00:07:08.151474,PUBLISH,ffe996c52f8f4d1487918beace1d4c83,68f2d95bd190740cfd6a354c,ENQUEUED,0.16917406925357695,questions_in
2025-10-29T00:07:08.438841,PUBLISH,4e5ae889fe7a4c88b2b39ea27af0b8a9,68f2d95bd190740cfd6a3af0,ENQUEUED,0.2845943122243332,questions_in
2025-10-29T00:07:08.763974,PUBLISH,6e16e4a9e4e94225b99c94775d636aa9,68f2d95bd190740cfd6a35d2,ENQUEUED,0.3222453396607412,questions_in
2025-10-29T00:07:08.933015,PUBLISH,318995a7cd5a42eebf38f73503decdc0,68f2d95bd190740cfd6a1e96,ENQUEUED,0.1667414382327237,questions_in
2025-10-29T00:07:09.126662,PUBLISH,6ca2db2c79034d21835710402461bc25,68f2d95bd190740cfd6a40cb,ENQUEUED,0.1919881998155932,questions_in
2025-10-29T00:07:09.559984,PUBLISH,f73eeef5fdb5431897d575d3e3b577ee,68f2d95bd190740cfd6a3f6d,ENQUEUED,0.42915865473617476,questions_in
2025-10-29T00:07:10.003577,PUBLISH,3e6c6855f6ae49b882ba3edaa4aa8062,68f2d95bd190740cfd6a33e4,ENQUEUED,0.4414703149695619,questions_in
2025-10-29T00:07:10.375339,PUBLISH,5396f3741d7542e28f32a75cce8970f2,68f2d95bd190740cfd6a2f92,ENQUEUED,0.3676569895360876,questions_in
2025-10-29T00:07:10.785067,PUBLISH,ff9c3ccbc53e4960874067c6208330f1,68f2d95bd190740cfd6a3dfe,ENQUEUED,0.4066229139490656,questions_in
2025-10-29T00:07:11.199165,PUBLISH,5875f35bf46a48c48c46206ce60eea67,68f2d95bd190740cfd6a299c,ENQUEUED,0.4113544788063689,questions_in
2025-10-29T00:07:11.573080,PUBLISH,d91a8ada12344f20b9eed6e1caa13b68,68f2d95bd190740cfd6a31b8,ENQUEUED,0.3694389291246939,questions_in
2025-10-29T00:07:11.999034,PUBLISH,f1b3f4be5c894458bc7fbbd89a21abc1,68f2d95bd190740cfd6a26b7,ENQUEUED,0.4232239322749005,questions_in
2025-10-29T00:07:12.334630,PUBLISH,f4dc83ece2db411bb5c92f837200fbae,68f2d95bd190740cfd6a375b,ENQUEUED,0.3337344280375628,questions_in
2025-10-29T00:07:12.625953,PUBLISH,3f8da4c883784e4b92a0e89928dd4b7e,68f2d95bd190740cfd6a2cee,ENQUEUED,0.2890494127803471,questions_in
2025-10-29T00:07:12.965812,PUBLISH,a0f3451f097e49679104ec19e9be3acd,68f2d95bd190740cfd6a2cd6,ENQUEUED,0.3356865731024044,questions_in
2025-10-29T00:07:13.268293,PUBLISH,9e945082f25941778faed351dd185d17,68f2d95bd190740cfd6a33da,ENQUEUED,0.29972656362435207,questions_in
2025-10-29T00:07:13.723312,PUBLISH,0c206951eeb849beb6609e8b5620ff34,68f2d95bd190740cfd6a3ee9,ENQUEUED,0.44969862722111476,questions_in
2025-10-29T00:07:14.103377,PUBLISH,fd187dbee8fb425cbd56a9357dae5bd9,68f2d95bd190740cfd6a1db8,ENQUEUED,0.3713339808276529,questions_in
2025-10-29T00:07:14.399874,PUBLISH,c2d2b482c4514bf399d521a7866dc09f,68f2d95bd190740cfd6a26d6,ENQUEUED,0.2931619076183495,questions_in
2025-10-29T00:07:14.618457,PUBLISH,f3d79dad4cdd47439afff22943de6fbc,68f2d95bd190740cfd6a38b5,ENQUEUED,0.2157722061515732,questions_in
2025-10-29T00:07:15.000195,PUBLISH,2894570740a54f6b82fd0e23b996f012,68f2d95bd190740cfd6a3087,ENQUEUED,0.3782597717022482,questions_in
2025-10-29T00:07:15.284251,PUBLISH,925eeca50e8a40e6910c9bccc1834dfb,68f2d95bd190740cfd6a2154,ENQUEUED,0.2823439698243,questions_in
2025-10-29T00:07:15.695200,PUBLISH,79f131143c3a49809173e5887137cc89,68f2d95bd190740cfd6a23ee,ENQUEUED,0.40731865756923613,questions_in
2025-10-29T00:07:15.953227,PUBLISH,8eca3ed8023a4c1b9f04305224956991,68f2d95bd190740cfd6a1da2,ENQUEUED,0.2561208903701305,questions_in
2025-10-29T00:07:16.057581,PUBLISH,4e29a3538a74451f948ed1584c5dea4e,68f2d95bd190740cfd6a1ff1,ENQUEUED,0.10277690972486964,questions_in
2025-10-29T00:07:16.336803,PUBLISH,585f44df924242c0a4f42c16493fea99,68f2d95bd190740cfd6a3d85,ENQUEUED,0.2766300801801794,questions_in
2025-10-29T00:07:16.553242,PUBLISH,6037733201fd49f8b2caac3c02ef7d0d,68f2d95bd190740cfd6a2a42,ENQUEUED,0.21361611546714934,questions_in
2025-10-29T00:07:16.735106,PUBLISH,1513907ffae740a8a3f4c7f70b16659e,68f2d95bd190740cfd6a2d75,ENQUEUED,0.17934631405573156,questions_in
2025-10-29T00:07:17.086041,PUBLISH,94393d074775499cb2edce87d287109a,68f2d95bd190740cfd6a3d23,ENQUEUED,0.348628011832268,questions_in
2025-10-29T00:07:17.292729,PUBLISH,8efd113c097b4cd6ac1eb9e295b328df,68f2d95bd190740cfd6a30c8,ENQUEUED,0.19919208396212668,questions_in
2025-10-29T00:07:17.439947,PUBLISH,ecfe3211e1ce4e2f94ac0f42b879ff38,68f2d95bd190740cfd6a309b,ENQUEUED,0.1450737636724577,questions_in
2025-10-29T00:07:17.917720,PUBLISH,22f50eac916a469e8e3c8d4da7ae604f,68f2d95bd190740cfd6a2b50,ENQUEUED,0.47497240753496783,questions_in
2025-10-29T00:07:18.172425,PUBLISH,de35933212dc46499193edafba6c18a3,68f2d95bd190740cfd6a3219,ENQUEUED,0.25286547321606834,questions_in
2025-10-29T00:07:18.479772,PUBLISH,9c94b6264752470f947eee5ac8953902,68f2d95bd190740cfd6a384d,ENQUEUED,0.30328947757616376,questions_in
2025-10-29T00:07:18.649184,PUBLISH,c843322840ba495b8127608127451837,68f2d95bd190740cfd6a3611,ENQUEUED,0.161473086306275,questions_in
2025-10-29T00:07:19.017956,PUBLISH,ca6606e9ddfa492192a4025d4e38e013,68f2d95bd190740cfd6a40f0,ENQUEUED,0.35966852677805183,questions_in
2025-10-29T00:07:19.350731,PUBLISH,f8ba1c492f41489db860707b56eb09da,68f2d95bd190740cfd6a1bb5,ENQUEUED,0.3305969536416849,questions_in
2025-10-29T00:07:19.770610,PUBLISH,e52f66905f1b437f9e667dc1b44487a2,68f2d95bd190740cfd6a30ed,ENQUEUED,0.41768254921016257,questions_in
2025-10-29T00:07:19.878179,PUBLISH,511c9dffb5ff4af09075d08bf5c51038,68f2d95bd190740cfd6a27ae,ENQUEUED,0.10376091978045682,questions_in
2025-10-29T00:07:20.363227,PUBLISH,142db67a8d8741ebafd03a94a929269c,68f2d95bd190740cfd6a2bd6,ENQUEUED,0.4816791749222834,questions_in
2025-10-29T00:07:20.498361,PUBLISH,eda375257ab848b3b951d0fd09f3f5f4,68f2d95bd190740cfd6a32ab,ENQUEUED,0.13298398725993207,questions_in
2025-10-29T00:07:20.837612,PUBLISH,6288bd57cfc744ebb9235745e0b83a7b,68f2d95bd190740cfd6a38af,ENQUEUED,0.33279547798687736,questions_in
2025-10-29T00:07:21.215353,PUBLISH,9c2f89ce8f824adb9402f3138315c1ed,68f2d95bd190740cfd6a22c6,ENQUEUED,0.36966043705054197,questions_in
2025-10-29T00:07:21.605158,PUBLISH,a45f1f4c9d774ddd9a87d2e5ead85017,68f2d95bd190740cfd6a28af,ENQUEUED,0.38452261214270267,questions_in
2025-10-29T00:07:21.888245,PUBLISH,55dbf0018db1405badd30d4fde5edfdd,68f2d95bd190740cfd6a3bb7,ENQUEUED,0.2775595071579754,questions_in
2025-10-29T00:07:22.158245,PUBLISH,0c0e35d89f084286ac7fe1fa0669c1ad,68f2d95bd190740cfd6a37d9,ENQUEUED,0.2658930528728054,questions_in
2025-10-29T00:07:22.329850,PUBLISH,ddeb38694d414ee393f061cd29d8dc59,68f2d95bd190740cfd6a262d,ENQUEUED,0.16867133959077096,questions_in
2025-10-29T00:07:22.727679,PUBLISH,727a9cda0bbe47cea32deb59ed0603e3,68f2d95bd190740cfd6a2e25,ENQUEUED,0.3890282712807831,questions_in
2025-10-29T00:07:22.879514,PUBLISH,c975d8a1fe714c2ea193b6ac8b148e90,68f2d95bd190740cfd6a3bef,ENQUEUED,0.14307587395731358,questions_in
2025-10-29T00:07:23.283183,PUBLISH,64da061d783b454b96f6c0f0e7634322,68f2d95bd190740cfd6a2505,ENQUEUED,0.40122287491667497,questions_in
2025-10-29T00:07:23.747909,PUBLISH,e64026cd2fca482796592c803af2b614,68f2d95bd190740cfd6a2277,ENQUEUED,0.4624176889107111,questions_in
2025-10-29T00:07:24.118255,PUBLISH,05985b0a172c49168a00f28739328b6b,68f2d95bd190740cfd6a2ed8,ENQUEUED,0.3658241272331403,questions_in
2025-10-29T00:07:24.536067,PUBLISH,32a62da90cbc4293b3df080e72efa761,68f2d95bd190740cfd6a218d,ENQUEUED,0.4150775922505753,questions_in
2025-10-29T00:07:24.639877,PUBLISH,fc3aea8baf0b4e6aae18a8b08c1951f4,68f2d95bd190740cfd6a2f4e,ENQUEUED,0.10208392486654456,questions_in
2025-10-29T00:07:24.845165,PUBLISH,641d33bab1be4ce7b72b886415dba8e9,68f2d95bd190740cfd6a3a2a,ENQUEUED,0.20181893769598364,questions_in
2025-10-29T00:07:25.175663,PUBLISH,0f4390a703a749f08d5ee91146c282fd,68f2d95bd190740cfd6a2776,ENQUEUED,0.32717188508241934,questions_in
2025-10-29T00:07:25.286293,PUBLISH,3ad4a72910d8460289a95fd2c127d919,68f2d95bd190740cfd6a23b5,ENQUEUED,0.10658012070375573,questions_in
2025-10-29T00:07:25.684651,PUBLISH,e248e1cd424142a9afbb553ed500619d,68f2d95bd190740cfd6a2c4e,ENQUEUED,0.3933558642980254,questions_in
2025-10-29T00:07:26.046118,PUBLISH,f0ab850e0fe7403abd1be94a28314ecc,68f2d95bd190740cfd6a32d1,ENQUEUED,0.3588386167505122,questions_in
2025-10-29T00:07:26.380679,PUBLISH,84090461212148f0881f005ae7cd4f9a,68f2d95bd190740cfd6a223c,ENQUEUED,0.3325644865079288,questions_in
2025-10-29T00:07:26.681581,PUBLISH,e3afaffa44d644c4b6449383ba726e05,68f2d95bd190740cfd6a25f8,ENQUEUED,0.29867127356996104,questions_in
2025-10-29T00:07:27.124728,PUBLISH,bc2a5e260d1148be8e07762fc4f96976,68f2d95bd190740cfd6a3b1a,ENQUEUED,0.44012816152184586,questions_in
2025-10-29T00:07:27.336101,PUBLISH,c9eb8c4720944f3c8b724ae105fe6b62,68f2d95bd190740cfd6a3f83,ENQUEUED,0.20906392565806942,questions_in
2025-10-29T00:07:27.646275,PUBLISH,f774108be3014a0c800e4e72eace140e,68f2d95bd190740cfd6a2692,ENQUEUED,0.3045969466221195,questions_in
2025-10-29T00:07:28.064568,PUBLISH,e01f875c938446bfaabbb8f65819dce8,68f2d95bd190740cfd6a38c2,ENQUEUED,0.4115501586703426,questions_in
2025-10-29T00:07:28.492996,PUBLISH,2cfaa2ad779b481a81d4042b44ad5cb4,68f2d95bd190740cfd6a3454,ENQUEUED,0.4241367216394576,questions_in
2025-10-29T00:07:28.725229,PUBLISH,91b55369a805419c84f66e54928bd87b,68f2d95bd190740cfd6a3009,ENQUEUED,0.22586626329855292,questions_in
2025-10-29T00:07:29.085479,PUBLISH,79925296c9124bb8bfbe16f9ee963cb8,68f2d95bd190740cfd6a3823,ENQUEUED,0.35775950105753995,questions_in
2025-10-29T00:07:29.562105,PUBLISH,1fc53dc5395e4d3a8a1e0647c12a3b49,68f2d95bd190740cfd6a1d6c,ENQUEUED,0.4739268528288937,questions_in
2025-10-29T00:07:29.966835,PUBLISH,73a49f1ab1674d6baff587fe19fde6e1,68f2d95bd190740cfd6a2639,ENQUEUED,0.39803199847830406,questions_in
2025-10-29T00:07:30.303913,PUBLISH,fbb8d2f51c7242f1b987e5347d79f738,68f2d95bd190740cfd6a2b6d,ENQUEUED,0.3351019658064347,questions_in
2025-10-29T00:07:30.701742,PUBLISH,75f74128ed4b45e9bd6fb84dcc9af1b0,68f2d95bd190740cfd6a3903,ENQUEUED,0.3883832330182513,questions_in
2025-10-29T00:07:30.894143,PUBLISH,b5233a7933f94472ad0359f2f1c00c34,68f2d95bd190740cfd6a339e,ENQUEUED,0.18846949750439448,questions_in
2025-10-29T00:07:31.146886,PUBLISH,31e2589f26964c849fa5b1ed3a044279,68f2d95bd190740cfd6a25a5,ENQUEUED,0.24957224675487752,questions_in
2025-10-29T00:07:31.627854,PUBLISH,76a7207bc41c4939a19cd49c440b1508,68f2d95bd190740cfd6a2cbc,ENQUEUED,0.47675559056098626,questions_in
2025-10-29T00:07:32.054464,PUBLISH,5556ca83fa3e43f2af2eafe66dfdb4e6,68f2d95bd190740cfd6a3dcf,ENQUEUED,0.42457607707651235,questions_in
2025-10-29T00:07:32.367816,PUBLISH,9de30fd840b94d2d8dc7198a350f8276,68f2d95bd190740cfd6a1cd3,ENQUEUED,0.3108079315068182,questions_in
2025-10-29T00:07:32.552891,PUBLISH,5076bd20f5ce4e24a76cd09fc3d376e7,68f2d95bd190740cfd6a220c,ENQUEUED,0.1825202654167006,questions_in
2025-10-29T00:07:32.909279,PUBLISH,43d460b35e5a48b28508dc8a250834f0,68f2d95bd190740cfd6a1e98,ENQUEUED,0.3517110204839071,questions_in
2025-10-29T00:07:33.270248,PUBLISH,7d115b294309419e90e1d2309db0b488,68f2d95bd190740cfd6a38aa,ENQUEUED,0.35727969140587745,questions_in
2025-10-29T00:07:33.499371,PUBLISH,572f6708f6544c24b93296b394e774e9,68f2d95bd190740cfd6a2224,ENQUEUED,0.22730690354390226,questions_in
2025-10-29T00:07:33.691686,PUBLISH,bd376406403449ddb322fc21034e58fc,68f2d95bd190740cfd6a2d58,ENQUEUED,0.188606593302579,questions_in
2025-10-29T00:07:33.994165,PUBLISH,e0f2760ab9ee4999945d948785b091d0,68f2d95bd190740cfd6a2dee,ENQUEUED,0.29819566067126646,questions_in
2025-10-29T00:07:34.286392,PUBLISH,2b4fb6f1682c4909b9ccc6d1299776be,68f2d95bd190740cfd6a256f,ENQUEUED,0.29009025334631744,questions_in
2025-10-29T00:07:34.562475,PUBLISH,1abf7e91881446ab8b82c105fdd3e985,68f2d95bd190740cfd6a3184,ENQUEUED,0.2665628651989654,questions_in
2025-10-29T00:07:34.998797,PUBLISH,37d89a6cff9d4be5987b8451a58a8d95,68f2d95bd190740cfd6a339d,ENQUEUED,0.43363572666568817,questions_in
2025-10-29T00:07:35.264050,PUBLISH,2280432647154a13b1c7564039df3f63,68f2d95bd190740cfd6a2ffa,ENQUEUED,0.2628514002134178,questions_in
2025-10-29T00:07:35.653732,PUBLISH,2b7f5de02ad04595b9be9a1aada30e1e,68f2d95bd190740cfd6a3a19,ENQUEUED,0.38742549105602875,questions_in
2025-10-29T00:07:35.903192,PUBLISH,16c49ca34fb242c680e2ee2cbcc37375,68f2d95bd190740cfd6a269d,ENQUEUED,0.2476077576811942,questions_in
2025-10-29T00:07:36.183364,PUBLISH,55ee7baf6f9b495db1858fb17e991e7b,68f2d95bd190740cfd6a3111,ENQUEUED,0.2771027010777035,questions_in
2025-10-29T00:07:36.513948,PUBLISH,063f65beb5e243d594808ad89f0184ae,68f2d95bd190740cfd6a219a,ENQUEUED,0.32913482944230543,questions_in
2025-10-29T00:07:36.645599,PUBLISH,03bfee5107b64777901b4d407ec0be22,68f2d95bd190740cfd6a2433,ENQUEUED,0.12977880476277812,questions_in
2025-10-29T00:07:36.896856,PUBLISH,f369b7f36a524955a07b47e9eea8b397,68f2d95bd190740cfd6a1f81,ENQUEUED,0.24761615328835138,questions_in
2025-10-29T00:07:37.143225,PUBLISH,c28ac4e1ca9a4574925379229127cb42,68f2d95bd190740cfd6a3a68,ENQUEUED,0.243654693791707,questions_in
2025-10-29T00:07:37.628864,PUBLISH,6ae215d7bac9437d80db0defceae1ebf,68f2d95bd190740cfd6a2d22,ENQUEUED,0.4780761961509996,questions_in
2025-10-29T00:07:38.098040,PUBLISH,de7fc239ec034d1482569c431076279e,68f2d95bd190740cfd6a35bd,ENQUEUED,0.4660315278431634,questions_in
2025-10-29T00:07:38.292974,PUBLISH,d01fee888a9d40dab8081ddd9c8d63cf,68f2d95bd190740cfd6a3576,ENQUEUED,0.19147062864311803,questions_in
2025-10-29T00:07:38.469308,PUBLISH,de4d198158904c669c4af407317572eb,68f2d95bd190740cfd6a2c31,ENQUEUED,0.1746145035259899,questions_in
2025-10-29T00:07:38.878248,PUBLISH,ff0cd852c2f34f83aca1565337264298,68f2d95bd190740cfd6a382b,ENQUEUED,0.3952031144906505,questions_in
2025-10-29T00:07:39.289703,PUBLISH,d17e9539eed943bd83a54f292e99ac6f,68f2d95bd190740cfd6a385c,ENQUEUED,0.408231991935353,questions_in
2025-10-29T00:07:39.458408,PUBLISH,13bc79af0ae44219ba86196f4866ab7b,68f2d95bd190740cfd6a2913,ENQUEUED,0.16471262273212442,questions_in
2025-10-29T00:07:39.683319,PUBLISH,ecfcce8d60e44650a379e7059a9264bf,68f2d95bd190740cfd6a2217,ENQUEUED,0.22306891298695977,questions_in
2025-10-29T00:07:39.837824,PUBLISH,f83d912a9301420d9b2e7349c0dd0d2d,68f2d95bd190740cfd6a241c,ENQUEUED,0.15246115270093422,questions_in
2025-10-29T00:07:40.144225,PUBLISH,e938ae50000e47dfa295f6ac7adc2c42,68f2d95bd190740cfd6a2ec1,ENQUEUED,0.30383752992192836,questions_in
2025-10-29T00:07:40.399806,PUBLISH,eb544c9ca29f477590a78c5922c9128f,68f2d95bd190740cfd6a2a52,ENQUEUED,0.2536028582692425,questions_in
2025-10-29T00:07:40.573571,PUBLISH,8167d687deca4c06a4136a4441814dc4,68f2d95bd190740cfd6a2eb5,ENQUEUED,0.16715564838819566,questions_in
2025-10-29T00:07:40.718240,PUBLISH,339bc75c42494709b7b718479936ff69,68f2d95bd190740cfd6a1b6e,ENQUEUED,0.1425300179238391,questions_in
2025-10-29T00:07:40.881158,PUBLISH,9dca9ce47dbc4b6199591c8aec9ee4d5,68f2d95bd190740cfd6a34db,ENQUEUED,0.1612372702610656,questions_in
2025-10-29T00:07:41.119450,PUBLISH,23c11ab7a4ff4493b596a3666fe0d819,68f2d95bd190740cfd6a1c91,ENQUEUED,0.23602009040858862,questions_in
2025-10-29T00:07:41.319334,PUBLISH,d498859b27024ad6bac6a5ac3950b470,68f2d95bd190740cfd6a20bc,ENQUEUED,0.19784812522529072,questions_in
2025-10-29T00:07:41.489403,PUBLISH,dd5c95daae7b4f6b9bf46342cf5d278d,68f2d95bd190740cfd6a3b04,ENQUEUED,0.16692162759826634,questions_in
2025-10-29T00:07:41.663601,PUBLISH,f7dd042bbc84482aa86362cd8243ba25,68f2d95bd190740cfd6a2876,ENQUEUED,0.1723895782502115,questions_in
2025-10-29T00:07:42.158104,PUBLISH,7e9bd275f9984194926a95d6e560fd88,68f2d95bd190740cfd6a29a1,ENQUEUED,0.491001864526905,questions_in
2025-10-29T00:07:42.265289,PUBLISH,22153b4e6d274e4793b6661c2fe9866f,68f2d95bd190740cfd6a406e,ENQUEUED,0.10532002886879842,questions_in
2025-10-29T00:07:42.625879,PUBLISH,aae939d4ff184897b3232b38ef205d5c,68f2d95bd190740cfd6a3875,ENQUEUED,0.35752665351118484,questions_in
2025-10-29T00:07:43.010897,PUBLISH,01e0593951b74bcdaba21b9f4423d48c,68f2d95bd190740cfd6a2916,ENQUEUED,0.37758268828070607,questions_in
2025-10-29T00:07:43.279679,PUBLISH,f72783c66eb84e5091e2b99f236d3893,68f2d95bd190740cfd6a265a,ENQUEUED,0.2668527910562695,questions_in
2025-10-29T00:07:43.758834,PUBLISH,22ca586b8bf246308cb35f24944bc5d9,68f2d95bd190740cfd6a2c34,ENQUEUED,0.4710374846281513,questions_in
2025-10-29T00:07:43.882291,PUBLISH,974bab692c674bf6aa7bf0278cb4223d,68f2d95bd190740cfd6a1d39,ENQUEUED,0.12039055869302358,questions_in
2025-10-29T00:07:44.344558,PUBLISH,efe2adf9c4174035976e6b80ff9678c4,68f2d95bd190740cfd6a2df2,ENQUEUED,0.45496140928338935,questions_in
2025-10-29T00:07:44.663092,PUBLISH,4df8611bd0d0402eb15edffd391761ce,68f2d95bd190740cfd6a2e65,ENQUEUED,0.3162289907441518,questions_in
2025-10-29T00:07:44.824131,PUBLISH,97e078ec7be34ee3a52293b987489282,68f2d95bd190740cfd6a1f73,ENQUEUED,0.15723283924996606,questions_in
2025-10-29T00:07:45.015699,PUBLISH,1e63797c5af84b9eb4e1a9d6f0081ee1,68f2d95bd190740cfd6a3a30,ENQUEUED,0.18946488435787523,questions_in
2025-10-29T00:07:45.202928,PUBLISH,98bfe10c4402414c978bf0b0df83a763,68f2d95bd190740cfd6a1f21,ENQUEUED,0.18572533204800493,questions_in
2025-10-29T00:07:45.509469,PUBLISH,b8de6505103540eca4ee8d07b5c704cc,68f2d95bd190740cfd6a290a,ENQUEUED,0.3040590833822774,questions_in
2025-10-29T00:07:45.826732,PUBLISH,464ce9fc6b0e471494ccc08ddbd34740,68f2d95bd190740cfd6a27c9,ENQUEUED,0.314021994678107,questions_in
2025-10-29T00:07:46.115847,PUBLISH,12f48fe6d3494d61aedf19d1d0cd87b5,68f2d95bd190740cfd6a1c27,ENQUEUED,0.28621232572445976,questions_in
2025-10-29T00:07:46.316444,PUBLISH,911257b3abb24c77a144cca74fbe2f4f,68f2d95bd190740cfd6a304b,ENQUEUED,0.19868566425606482,questions_in
2025-10-29T00:07:46.586341,PUBLISH,1f058014c1a74deeb1d8821843517c01,68f2d95bd190740cfd6a281d,ENQUEUED,0.2677882224129492,questions_in
2025-10-29T00:07:47.048688,PUBLISH,59ba9f497437434bb7d8e6f0df53006f,68f2d95bd190740cfd6a2f4e,ENQUEUED,0.45921576329332947,questions_in
2025-10-29T00:07:47.549004,PUBLISH,7533ef284ca64844b9d23352d3726e45,68f2d95bd190740cfd6a3f2c,ENQUEUED,0.49795957940979907,questions_in
2025-10-29T00:07:47.982467,PUBLISH,ac9b51e6b7ec44c89b14773a1cf7ee91,68f2d95bd190740cfd6a3b56,ENQUEUED,0.4312071544304118,questions_in
2025-10-29T00:07:48.401083,PUBLISH,e8b00a14ddb5423b827752ffac62e841,68f2d95bd190740cfd6a1baa,ENQUEUED,0.4170932706164714,questions_in
2025-10-29T00:07:48.874199,PUBLISH,4667e2b1ff0e449c81b39a3728121d1b,68f2d95bd190740cfd6a2f37,ENQUEUED,0.47024006492012604,questions_in
2025-10-29T00:07:49.111208,PUBLISH,c2b0fbac88c54f03a06b0d4c1cb1f5e4,68f2d95bd190740cfd6a3af1,ENQUEUED,0.23420425493452696,questions_in
2025-10-29T00:07:49.439976,PUBLISH,abb3ea5b406d435d90c0903fe15b9b50,68f2d95bd190740cfd6a36d0,ENQUEUED,0.3257064162748641,questions_in
2025-10-29T00:07:49.845778,PUBLISH,85b938af4112432fa6f0128ba69fd872,68f2d95bd190740cfd6a25c5,ENQUEUED,0.4033162309156275,questions_in
2025-10-29T00:07:50.349452,PUBLISH,32af861cb8594188986c39087953ebfe,68f2d95bd190740cfd6a33d3,ENQUEUED,0.49906833017160057,questions_in
2025-10-29T00:07:50.778447,PUBLISH,c2ac552793c54d20ab7c1132c01a54f2,68f2d95bd190740cfd6a3553,ENQUEUED,0.42551300566363537,questions_in
2025-10-29T00:07:51.213906,PUBLISH,8a7477694f5b4317a3862a903baae884,68f2d95bd190740cfd6a2f08,ENQUEUED,0.4294818706600646,questions_in
2025-10-29T00:07:51.359953,PUBLISH,bda3458b9893400a824b7a570efb9d08,68f2d95bd190740cfd6a37a9,ENQUEUED,0.14421265982185114,questions_in
2025-10-29T00:07:51.778247,PUBLISH,511f3505174e4368abc56f65f8c0b557,68f2d95bd190740cfd6a1d6d,ENQUEUED,0.41605090081375484,questions_in
2025-10-29T00:07:52.065919,PUBLISH,b439f2ba0e6d4c91b5939a2c95d896df,68f2d95bd190740cfd6a3257,ENQUEUED,0.2857373366377137,questions_in
2025-10-29T00:07:52.345511,PUBLISH,270c4302eb204898b1e24bfb6345c356,68f2d95bd190740cfd6a2646,ENQUEUED,0.2770206566446478,questions_in
2025-10-29T00:07:52.650385,PUBLISH,0075d533370243b8a51849793e951ecd,68f2d95bd190740cfd6a2d97,ENQUEUED,0.30226231687058136,questions_in
2025-10-29T00:07:52.936789,PUBLISH,8423f8b2252347c7a7cd6857a9afc0b4,68f2d95bd190740cfd6a3b2a,ENQUEUED,0.2831034963580705,questions_in
2025-10-29T00:07:53.276680,PUBLISH,cfd517373f894bc6b351209153629013,68f2d95bd190740cfd6a2ff5,ENQUEUED,0.3373246522268615,questions_in
2025-10-29T00:07:53.609294,PUBLISH,dfd9565ba3394c5aa50ac11520e99755,68f2d95bd190740cfd6a2f67,ENQUEUED,0.3304882398350988,questions_in
2025-10-29T00:07:53.807239,PUBLISH,783361ce7ed04611a6acd760d97d2732,68f2d95bd190740cfd6a3322,ENQUEUED,0.19523138204003151,questions_in
2025-10-29T00:07:54.174400,PUBLISH,729bc99238b943a4875be9990efcea03,68f2d95bd190740cfd6a36b9,ENQUEUED,0.35999352633187276,questions_in
2025-10-29T00:07:54.643040,PUBLISH,3abcb747e33742c3b5a8ee8ba97eae37,68f2d95bd190740cfd6a3eff,ENQUEUED,0.46294977168918494,questions_in
2025-10-29T00:07:55.034257,PUBLISH,8f0408b5e47048d38b5d51fcc92587a3,68f2d95bd190740cfd6a2124,ENQUEUED,0.3888002143872725,questions_in
2025-10-29T00:07:55.260455,PUBLISH,0c5e2602e7494d73aebee894791dfadc,68f2d95bd190740cfd6a2452,ENQUEUED,0.22417420247371367,questions_in
2025-10-29T00:07:55.541582,PUBLISH,2a1ad219a5e143d89212a0e23850e7ed,68f2d95bd190740cfd6a2140,ENQUEUED,0.2785292972128809,questions_in
2025-10-29T00:07:55.843294,PUBLISH,63b03fef43664456b6579aa960565f2b,68f2d95bd190740cfd6a3d04,ENQUEUED,0.299588948224858,questions_in
2025-10-29T00:07:55.966794,PUBLISH,3a0269f693de4b7b8220005cc4314694,68f2d95bd190740cfd6a2461,ENQUEUED,0.12107165495515644,questions_in
2025-10-29T00:07:56.443271,PUBLISH,f0fa5630cfbc4f929ee82b205f6bf4bb,68f2d95bd190740cfd6a1b69,ENQUEUED,0.4741685851276426,questions_in
2025-10-29T00:07:56.561338,PUBLISH,d43b35d82c3e4971a4f30b929e8284ee,68f2d95bd190740cfd6a2821,ENQUEUED,0.11575859333384063,questions_in
2025-10-29T00:07:56.988607,PUBLISH,dac7258b7d1c4237a293664b6fe5f300,68f2d95bd190740cfd6a294b,ENQUEUED,0.4208853931741464,questions_in
2025-10-29T00:07:57.433872,PUBLISH,8128e133cf1d49f6a5e2ef9f8085fd1d,68f2d95bd190740cfd6a347b,ENQUEUED,0.4422053088261215,questions_in
2025-10-29T00:07:57.675667,PUBLISH,2dffc2cf956b46cabe529a579a7c773e,68f2d95bd190740cfd6a25cb,ENQUEUED,0.23903653575719674,questions_in
2025-10-29T00:07:57.805868,PUBLISH,57b238cd675d471682d2c0658ba40a5b,68f2d95bd190740cfd6a3653,ENQUEUED,0.12641990241752607,questions_in
2025-10-29T00:07:58.114792,PUBLISH,145b4ecd97b24104be36be8e6c04fd63,68f2d95bd190740cfd6a381f,ENQUEUED,0.30684715570633636,questions_in
2025-10-29T00:07:58.311099,PUBLISH,c4f82326bcd24817bd166ab919d7c97f,68f2d95bd190740cfd6a2a4f,ENQUEUED,0.192091422113766,questions_in
2025-10-29T00:07:58.707354,PUBLISH,6c2779e0445d480ca085a0358524d02c,68f2d95bd190740cfd6a2b5f,ENQUEUED,0.39248016352249426,questions_in
2025-10-29T00:07:58.832579,PUBLISH,b9a5e3b8af604d189e99625e3cf14cf2,68f2d95bd190740cfd6a3ad8,ENQUEUED,0.12315278252059257,questions_in
2025-10-29T00:07:59.316102,PUBLISH,c028d7cbbecd4516b69c036085da769b,68f2d95bd190740cfd6a21a2,ENQUEUED,0.48169123410924874,questions_in
2025-10-29T00:07:59.657206,PUBLISH,5c2736dca4124bc795fd4eb07399fea9,68f2d95bd190740cfd6a24a2,ENQUEUED,0.3377362713420138,questions_in
2025-10-29T00:08:00.010937,PUBLISH,b030bec978e44078a99922a5a4389b10,68f2d95bd190740cfd6a361b,ENQUEUED,0.3518455745403274,questions_in
2025-10-29T00:08:00.353023,PUBLISH,4bd34c13070c4b4c965d0c154c82aa9e,68f2d95bd190740cfd6a382a,ENQUEUED,0.3381862943837604,questions_in
2025-10-29T00:08:00.758543,PUBLISH,c67f23b28b524cdd993b1c69a01d47bb,68f2d95bd190740cfd6a3be1,ENQUEUED,0.40350409264356457,questions_in
2025-10-29T00:08:00.886544,PUBLISH,91c639d4d7c844d99d79f5767e6628a0,68f2d95bd190740cfd6a3919,ENQUEUED,0.12488613764617514,questions_in
2025-10-29T00:08:01.154993,PUBLISH,f2f57eca10cd429a8530f1357e96b35c,68f2d95bd190740cfd6a2363,ENQUEUED,0.2647384968711045,questions_in
2025-10-29T00:08:01.404827,PUBLISH,a695312360de4fcbaa9bb5ad3acbf3f6,68f2d95bd190740cfd6a20ed,ENQUEUED,0.24541560209999913,questions_in
2025-10-29T00:08:01.756999,PUBLISH,e82c0d7649944ffdb1520eb8c48b12fb,68f2d95bd190740cfd6a31b7,ENQUEUED,0.34888371990252637,questions_in
2025-10-29T00:08:02.021822,PUBLISH,90bed7c77d5c43dab2bb64856e2141fc,68f2d95bd190740cfd6a2625,ENQUEUED,0.2622467821297063,questions_in
2025-10-29T00:08:02.165585,PUBLISH,69d7e7909840471f94a9e3c8b16cbb51,68f2d95bd190740cfd6a1d05,ENQUEUED,0.1415828173294711,questions_in
2025-10-29T00:08:02.424201,PUBLISH,8c5c6d8a049b4f4ebdcff41f9c49b557,68f2d95bd190740cfd6a360a,ENQUEUED,0.2564925518307678,questions_in
2025-10-29T00:08:02.820537,PUBLISH,aa7fa09566f246de978ba2fd01ca5929,68f2d95bd190740cfd6a3269,ENQUEUED,0.39262660489272994,questions_in
2025-10-29T00:08:03.072057,PUBLISH,a893a57f3e7342178aea06bbf5a6937a,68f2d95bd190740cfd6a1c35,ENQUEUED,0.24876807858014063,questions_in
2025-10-29T00:08:03.506057,PUBLISH,04637577fbf048be8b666b4ed44fd6ba,68f2d95bd190740cfd6a2912,ENQUEUED,0.43157978239254347,questions_in
2025-10-29T00:08:03.915899,PUBLISH,b3e7cd5f8f984d338515161ac85cc73a,68f2d95bd190740cfd6a3407,ENQUEUED,0.40746631596432115,questions_in
2025-10-29T00:08:04.111801,PUBLISH,a794c71ad9ca457fa470cbd6fede0a5e,68f2d95bd190740cfd6a373a,ENQUEUED,0.19379112568496298,questions_in
2025-10-29T00:08:04.232775,PUBLISH,12a8e8c630694de7ba6aafcd5100e34b,68f2d95bd190740cfd6a2854,ENQUEUED,0.11917975235016397,questions_in
2025-10-29T00:08:04.657066,PUBLISH,ec99457569c641fca3e4ad9479edc7d9,68f2d95bd190740cfd6a285a,ENQUEUED,0.4161106002134397,questions_in
2025-10-29T00:08:04.864110,PUBLISH,6db18f7e50884840bd473ca0f58cf1d2,68f2d95bd190740cfd6a265a,ENQUEUED,0.2047868800664867,questions_in
2025-10-29T00:08:05.171884,PUBLISH,7dea0727ff00460a98200d3a1abbf52e,68f2d95bd190740cfd6a27bd,ENQUEUED,0.30442086261863166,questions_in
2025-10-29T00:08:05.521754,PUBLISH,89b2ab2f48834b488bcedee925344cc5,68f2d95bd190740cfd6a2fc2,ENQUEUED,0.3477759176710834,questions_in
2025-10-29T00:08:05.656490,PUBLISH,50bd128f7ed44badbcb9b36e7a7fa69d,68f2d95bd190740cfd6a41c1,ENQUEUED,0.13130478416332278,questions_in
2025-10-29T00:08:06.138192,PUBLISH,665d71b9581147feb2643282baf6453f,68f2d95bd190740cfd6a2ccf,ENQUEUED,0.47918259953218345,questions_in
2025-10-29T00:08:06.606554,PUBLISH,7ef191b1a572493eb566b0355cf1f0d8,68f2d95bd190740cfd6a3ad6,ENQUEUED,0.46624010999992727,questions_in
2025-10-29T00:08:06.837962,PUBLISH,96df6368c3bc4db3958a5a5b6a945305,68f2d95bd190740cfd6a28d4,ENQUEUED,0.22988573125623477,questions_in
2025-10-29T00:08:07.067940,PUBLISH,60731ab9b861419280d694f96efad9be,68f2d95bd190740cfd6a4004,ENQUEUED,0.22686427090168348,questions_in
2025-10-29T00:08:07.286822,PUBLISH,3afdddfc7cfd4223ab2c188cc31ddd3a,68f2d95bd190740cfd6a1ee8,ENQUEUED,0.21447114632494935,questions_in
2025-10-29T00:08:07.543087,PUBLISH,da5f401615404beabc3195df0ad19389,68f2d95bd190740cfd6a2d7a,ENQUEUED,0.25434553589234654,questions_in
2025-10-29T00:08:07.924026,PUBLISH,ff91b0f88d364f08a7b6e724af28fc1d,68f2d95bd190740cfd6a371a,ENQUEUED,0.37854848314117473,questions_in
2025-10-29T00:08:08.121023,PUBLISH,6827e98c3cfc4607953fa7a6fab6a2ba,68f2d95bd190740cfd6a1b47,ENQUEUED,0.19488713677603597,questions_in
2025-10-29T00:08:08.464082,PUBLISH,41a5d262323e42c49f279bdd9ee942f9,68f2d95bd190740cfd6a369f,ENQUEUED,0.3411713169429057,questions_in
2025-10-29T00:08:08.838956,PUBLISH,53fbe5b55ee14d12ac43c7d3e7d4da1d,68f2d95bd190740cfd6a1dc0,ENQUEUED,0.37293898608180487,questions_in
2025-10-29T00:08:08.957326,PUBLISH,07d883a32d454527b78704a886908eed,68f2d95bd190740cfd6a3980,ENQUEUED,0.1165111153669502,questions_in
2025-10-29T00:08:09.221351,PUBLISH,b59b5b422a2b45cfbf5d600e236e9a5c,68f2d95bd190740cfd6a2859,ENQUEUED,0.2621032235843342,questions_in
2025-10-29T00:08:09.537611,PUBLISH,487d39e34aa24ef8b6c71c9e21786382,68f2d95bd190740cfd6a33f0,ENQUEUED,0.31046373754833767,questions_in
2025-10-29T00:08:09.834384,PUBLISH,95abac0909fa40ab9630f4d297050bd0,68f2d95bd190740cfd6a3fc9,ENQUEUED,0.2935218720127565,questions_in
2025-10-29T00:08:10.004294,PUBLISH,2f8ba0f937814b3290bcc863577d6b5e,68f2d95bd190740cfd6a3dbf,ENQUEUED,0.15925135737099572,questions_in
2025-10-29T00:08:10.157721,PUBLISH,1a49bcdcbd8b44c78617b77fbc2bdb11,68f2d95bd190740cfd6a21a9,ENQUEUED,0.15176212784881235,questions_in
2025-10-29T00:08:10.582157,PUBLISH,96e5a616ec8a4f1a8fbc7720f5e2aaff,68f2d95bd190740cfd6a1e08,ENQUEUED,0.42092281129855547,questions_in
2025-10-29T00:08:10.752742,PUBLISH,3851a383c00143b28131c77684a5fdc8,68f2d95bd190740cfd6a3475,ENQUEUED,0.16663032179550408,questions_in
2025-10-29T00:08:10.978050,PUBLISH,12642b5f9bc44fd8aa9b38674f5f67cc,68f2d95bd190740cfd6a3f67,ENQUEUED,0.22331434772217704,questions_in
2025-10-29T00:08:11.286669,PUBLISH,82ea8ea1ed9046fe9d3f80a8f5178beb,68f2d95bd190740cfd6a3846,ENQUEUED,0.30557385622972943,questions_in
2025-10-29T00:08:11.513038,PUBLISH,e6959feab1734b2c8b88a47629f07325,68f2d95bd190740cfd6a252f,ENQUEUED,0.22403953255837267,questions_in
2025-10-29T00:08:11.991406,PUBLISH,064d5649ee78470c8cd560da962db959,68f2d95bd190740cfd6a3311,ENQUEUED,0.47206666830452115,questions_in
2025-10-29T00:08:12.228660,PUBLISH,d6bd2dcb80694a07a5d2ce0f2eb1ac2f,68f2d95bd190740cfd6a2fa6,ENQUEUED,0.23502272706913804,questions_in
2025-10-29T00:08:12.465051,PUBLISH,8c235e19092c4093b3c9f0d234afc234,68f2d95bd190740cfd6a2ec9,ENQUEUED,0.23358093200068222,questions_in
2025-10-29T00:08:12.674450,PUBLISH,ce376c8d28ad408dbb3c36482155722b,68f2d95bd190740cfd6a3348,ENQUEUED,0.20742768422985758,questions_in
2025-10-29T00:08:13.027313,PUBLISH,5c6f14eb0c3149e9ad8010fa6fc62caf,68f2d95bd190740cfd6a3255,ENQUEUED,0.35107002077599614,questions_in
2025-10-29T00:08:13.401097,PUBLISH,bb5f5cd6a5bb48ebb2772b2474be551a,68f2d95bd190740cfd6a2f58,ENQUEUED,0.36923731489624334,questions_in
2025-10-29T00:08:13.614014,PUBLISH,658c8075ef51497fb499978c2bf7fc62,68f2d95bd190740cfd6a409f,ENQUEUED,0.2104312124515637,questions_in
2025-10-29T00:08:13.729029,PUBLISH,a4c801ee738d46e8a410a08b2013fa4c,68f2d95bd190740cfd6a408e,ENQUEUED,0.11180598560215738,questions_in
2025-10-29T00:08:13.946994,PUBLISH,bcb2167303894f5eacd0fe625f844e0c,68f2d95bd190740cfd6a2323,ENQUEUED,0.21564045309590352,questions_in
2025-10-29T00:08:14.372989,PUBLISH,a9b5274d64e44775bf45dc2501a16bb7,68f2d95bd190740cfd6a36a7,ENQUEUED,0.42384985227738936,questions_in
2025-10-29T00:08:14.567860,PUBLISH,ac67a757094f46d2bd6567f92a20fa0c,68f2d95bd190740cfd6a3e4c,ENQUEUED,0.1911016018605238,questions_in
2025-10-29T00:08:14.725671,PUBLISH,6f88156383694cce98e45823a53e3a7b,68f2d95bd190740cfd6a324d,ENQUEUED,0.15579933439323634,questions_in
2025-10-29T00:08:14.922561,PUBLISH,9e4e52d1dc454c49a439bf4b3316ceab,68f2d95bd190740cfd6a1faf,ENQUEUED,0.19385980179733464,questions_in
2025-10-29T00:08:15.279272,PUBLISH,f04dabf9985a4215b5bcfc5401d476af,68f2d95bd190740cfd6a1ae5,ENQUEUED,0.35485121541752274,questions_in
2025-10-29T00:08:15.742536,PUBLISH,b46570fd15db4b07b8ae045084854db0,68f2d95bd190740cfd6a1fb2,ENQUEUED,0.4546592193932518,questions_in
2025-10-29T00:08:16.106740,PUBLISH,c1173f33f9954829b2de24434d863601,68f2d95bd190740cfd6a3492,ENQUEUED,0.36181464487314974,questions_in
2025-10-29T00:08:16.517715,PUBLISH,f53ceebe69b7417c969b7685a56c9268,68f2d95bd190740cfd6a33e4,ENQUEUED,0.40700855518553536,questions_in
2025-10-29T00:08:16.826235,PUBLISH,bc8348b46b24475fb0e4257117991e95,68f2d95bd190740cfd6a335c,ENQUEUED,0.3068915722654256,questions_in
2025-10-29T00:08:17.218152,PUBLISH,cc88a3c34490493da8bd94d7479afd65,68f2d95bd190740cfd6a3e4e,ENQUEUED,0.3884649003595746,questions_in
2025-10-29T00:08:17.469534,PUBLISH,bd6b0dd1590042cfb74953e48938971e,68f2d95bd190740cfd6a3d48,ENQUEUED,0.24622977307240196,questions_in
2025-10-29T00:08:17.621866,PUBLISH,c6899e2c1dba4a17b211c3156b843d31,68f2d95bd190740cfd6a38af,ENQUEUED,0.14977473135078015,questions_in
2025-10-29T00:08:17.886114,PUBLISH,edec326d93d745189d39d0ff578868ca,68f2d95bd190740cfd6a3ee1,ENQUEUED,0.26200933552689115,questions_in
2025-10-29T00:08:18.205695,PUBLISH,65776ca804ee4d59b099637e1e3223a8,68f2d95bd190740cfd6a38a6,ENQUEUED,0.3176006807070828,questions_in
2025-10-29T00:08:18.438993,PUBLISH,6e15ac23efed47678996f82aecb5892b,68f2d95bd190740cfd6a3128,ENQUEUED,0.23146557383841806,questions_in
2025-10-29T00:08:18.756990,PUBLISH,58040f8286364d50abf937560a6e9c6d,68f2d95bd190740cfd6a1da7,ENQUEUED,0.3159877020903577,questions_in
2025-10-29T00:08:19.258371,PUBLISH,6896f10c40dd45c4a05acf89a8b58665,68f2d95bd190740cfd6a2ebb,ENQUEUED,0.4989242508241952,questions_in
2025-10-29T00:08:19.535602,PUBLISH,210992f7185b4748bf2bcb6361ffe662,68f2d95bd190740cfd6a398e,ENQUEUED,0.27472997092163115,questions_in
2025-10-29T00:08:19.742388,PUBLISH,2220e16ec8e44786994ba8e3fa9dea5d,68f2d95bd190740cfd6a257d,ENQUEUED,0.20482333558315893,questions_in
2025-10-29T00:08:19.881792,PUBLISH,e4a3ae60d5464f1398de19357dbb37d6,68f2d95bd190740cfd6a26a6,ENQUEUED,0.13629758200780953,questions_in
2025-10-29T00:08:20.273531,PUBLISH,0b6b87355eec45e88a9bf13b178147d4,68f2d95bd190740cfd6a32bb,ENQUEUED,0.3896267245570362,questions_in
2025-10-29T00:08:20.603310,PUBLISH,8bb1bdd41bb24db987e3adf62b2914e9,68f2d95bd190740cfd6a3877,ENQUEUED,0.3277915680191852,questions_in
2025-10-29T00:08:21.058372,PUBLISH,eec5b7b2a2a2451e8c38c402dbdd816f,68f2d95bd190740cfd6a3fac,ENQUEUED,0.4531544224792291,questions_in
2025-10-29T00:08:21.187734,PUBLISH,ecc869b557244077ad62be4993faa7d6,68f2d95bd190740cfd6a1d97,ENQUEUED,0.12741970396955368,questions_in
2025-10-29T00:08:21.666156,PUBLISH,ea83cee35c6e428cbd1b44e451fc786d,68f2d95bd190740cfd6a2b8a,ENQUEUED,0.4749334854808389,questions_in
2025-10-29T00:08:21.814728,PUBLISH,6d9c0afba26042fdaa5181a698c8b5a0,68f2d95bd190740cfd6a2e5d,ENQUEUED,0.14525630473780457,questions_in
2025-10-29T00:08:22.309310,PUBLISH,1fc15f35bff548eb8e8a9d9cfe634c6b,68f2d95bd190740cfd6a3f91,ENQUEUED,0.49278202071722543,questions_in
2025-10-29T00:08:22.661156,PUBLISH,f7bd949753d24e2c9dfbca26b2cf51e6,68f2d95bd190740cfd6a2ab8,ENQUEUED,0.34994611923844965,questions_in
2025-10-29T00:08:22.850297,PUBLISH,da4b88ff881b4529af025c39e37c05d4,68f2d95bd190740cfd6a313a,ENQUEUED,0.18490250483403503,questions_in
2025-10-29T00:08:23.311268,PUBLISH,6bd40ba66b554a42aab60a0dae2b9eb6,68f2d95bd190740cfd6a2a47,ENQUEUED,0.45874438327908085,questions_in
2025-10-29T00:08:23.436418,PUBLISH,519fc65381b64b4c8809192f4f62f1d2,68f2d95bd190740cfd6a2146,ENQUEUED,0.12326231892417848,questions_in
2025-10-29T00:08:23.781087,PUBLISH,5f5eda5687c04d4abd0664114299c469,68f2d95bd190740cfd6a3bc5,ENQUEUED,0.34131698125254106,questions_in
2025-10-29T00:08:23.920465,PUBLISH,5df62c52196e4c709bdadaf66f994ca0,68f2d95bd190740cfd6a21ce,ENQUEUED,0.13742569098898053,questions_in
2025-10-29T00:08:24.422406,PUBLISH,986ef909b5db4551b61a27ae711f70d7,68f2d95bd190740cfd6a3b91,ENQUEUED,0.4965735668346415,questions_in
2025-10-29T00:08:24.677009,PUBLISH,2d9f3400febe4d79a137025824db4abe,68f2d95bd190740cfd6a3062,ENQUEUED,0.2518556479178663,questions_in
2025-10-29T00:08:25.036185,PUBLISH,3b5f1ecc2c904e6da6857dfb299c6b49,68f2d95bd190740cfd6a3eb5,ENQUEUED,0.356395690388996,questions_in
2025-10-29T00:08:25.439967,PUBLISH,176f034e4d9c47bbb938ef185f6f8dac,68f2d95bd190740cfd6a1e6b,ENQUEUED,0.4018230006519087,questions_in
2025-10-29T00:08:25.641494,PUBLISH,cfa42060958941de8dbb8bbea4cabc56,68f2d95bd190740cfd6a2ca8,ENQUEUED,0.1993156016239236,questions_in
2025-10-29T00:08:25.950322,PUBLISH,8d7cbaff3da64885978861ffc1692dd1,68f2d95bd190740cfd6a2845,ENQUEUED,0.30447655642128224,questions_in
2025-10-29T00:08:26.396697,PUBLISH,0ad8af497ac7464d9363e5f1ccdf382e,68f2d95bd190740cfd6a3b75,ENQUEUED,0.4427929739909201,questions_in
2025-10-29T00:08:26.738020,PUBLISH,6e14e153c34f4aa1bc0f5883be02a30b,68f2d95bd190740cfd6a3c3a,ENQUEUED,0.3386139643728663,questions_in
2025-10-29T00:08:26.974232,PUBLISH,56287b4940884319a13c86a97aa1e3f8,68f2d95bd190740cfd6a2d79,ENQUEUED,0.2346748790368408,questions_in
2025-10-29T00:08:27.242135,PUBLISH,fafa98f00aab4b75a503bb2207dfb5c3,68f2d95bd190740cfd6a4164,ENQUEUED,0.2659607745061412,questions_in
2025-10-29T00:08:27.584016,PUBLISH,ce7c5e2edd574324895fe5256d9835fa,68f2d95bd190740cfd6a3b7d,ENQUEUED,0.3392655971753048,questions_in
2025-10-29T00:08:27.738221,PUBLISH,c4ab0d56976f4bf591c8a15ffd4fb6a2,68f2d95bd190740cfd6a1ebd,ENQUEUED,0.15234341696317766,questions_in
2025-10-29T00:08:27.920481,PUBLISH,e06ae6403466423c998f59acb0f5b744,68f2d95bd190740cfd6a3646,ENQUEUED,0.18020649632007435,questions_in
2025-10-29T00:08:28.336999,PUBLISH,2374fee6bf60424a8b79d9b51611785d,68f2d95bd190740cfd6a340d,ENQUEUED,0.41449015766451036,questions_in
2025-10-29T00:08:28.809006,PUBLISH,cf82bd1572574ad6928b96f73d6579f3,68f2d95bd190740cfd6a20fb,ENQUEUED,0.47059704902502364,questions_in
2025-10-29T00:08:29.183986,PUBLISH,91fe463b9e0a4f93b8b9d5c2241dfd10,68f2d95bd190740cfd6a2aab,ENQUEUED,0.3695119727078455,questions_in
2025-10-29T00:08:29.403938,PUBLISH,2fafcf8b2dd04d109d17c806adf99bcd,68f2d95bd190740cfd6a3153,ENQUEUED,0.21824747071308945,questions_in
2025-10-29T00:08:29.810120,PUBLISH,dd5030a10e104557972d8c6e59666474,68f2d95bd190740cfd6a1c3b,ENQUEUED,0.4003283402871842,questions_in
2025-10-29T00:08:30.009550,PUBLISH,1e31c12d034b4cb7994d7a08a2d251c4,68f2d95bd190740cfd6a366b,ENQUEUED,0.19626361637176626,questions_in
2025-10-29T00:08:30.324514,PUBLISH,43954959c3fd4f41929e537b44253a0a,68f2d95bd190740cfd6a4137,ENQUEUED,0.3128969451444029,questions_in
2025-10-29T00:08:30.615115,PUBLISH,0f5a5a9eba374ea297eefaa7368e1b0f,68f2d95bd190740cfd6a22ce,ENQUEUED,0.28694324221995604,questions_in
2025-10-29T00:08:30.837238,PUBLISH,831e655242d642db8fb32425cb8c746f,68f2d95bd190740cfd6a3255,ENQUEUED,0.2197336023377121,questions_in
2025-10-29T00:08:31.333715,PUBLISH,46c05c2ffc8e45bbb25ac71e7d0f1924,68f2d95bd190740cfd6a2390,ENQUEUED,0.4889109643269396,questions_in
2025-10-29T00:08:31.555806,PUBLISH,2c630a396d4f423b9d696282d095d2da,68f2d95bd190740cfd6a3767,ENQUEUED,0.22005904367436369,questions_in
2025-10-29T00:08:31.832885,PUBLISH,0ecd19b7bbce4047a3b5908bcaa0c84d,68f2d95bd190740cfd6a3d45,ENQUEUED,0.2738336474519677,questions_in
2025-10-29T00:08:32.036498,PUBLISH,8051ecc21a354839ba67ed9454d96645,68f2d95bd190740cfd6a2d33,ENQUEUED,0.20123033243920238,questions_in
2025-10-29T00:08:32.325272,PUBLISH,8b18cbf3c8824c94b4cc67c0e5266281,68f2d95bd190740cfd6a1b76,ENQUEUED,0.2870912075218012,questions_in
2025-10-29T00:08:32.824975,PUBLISH,8e6c9a3892a84c88a24d8642ae7eb2fd,68f2d95bd190740cfd6a330c,ENQUEUED,0.497638308443221,questions_in
2025-10-29T00:08:33.042356,PUBLISH,c2c452ef326f46e587c2a4d620d4b4fd,68f2d95bd190740cfd6a2458,ENQUEUED,0.21391135003046122,questions_in
2025-10-29T00:08:33.299259,PUBLISH,3f27017fdfc54661816ad57a0b72d45f,68f2d95bd190740cfd6a4137,ENQUEUED,0.2537221083801029,questions_in
2025-10-29T00:08:33.647566,PUBLISH,cd6f1b90b9d2417c919fcf23754452d0,68f2d95bd190740cfd6a37b9,ENQUEUED,0.3445890774773191,questions_in
2025-10-29T00:08:33.983295,PUBLISH,b7b5dc3599934f6c9ba8ecc8590ac205,68f2d95bd190740cfd6a39a2,ENQUEUED,0.3281652695304258,questions_in
2025-10-29T00:08:34.396358,PUBLISH,f41f7f4f9832427db33cbd3bb5790b87,68f2d95bd190740cfd6a396f,ENQUEUED,0.4045141822544591,questions_in
2025-10-29T00:08:34.599013,PUBLISH,60e5b8e05914471991f8626d375827d3,68f2d95bd190740cfd6a2bce,ENQUEUED,0.19621435152592254,questions_in
2025-10-29T00:08:34.892452,PUBLISH,86d58062bfa441efb2b238e27588298c,68f2d95bd190740cfd6a22fa,ENQUEUED,0.29152928041856774,questions_in
2025-10-29T00:08:35.170584,PUBLISH,b456b59b7bb5454dbbfcad42575d5f45,68f2d95bd190740cfd6a3166,ENQUEUED,0.27375643667798527,questions_in
2025-10-29T00:08:35.547176,PUBLISH,ea83a10b9f074592825b8b4e1737d397,68f2d95bd190740cfd6a3ba9,ENQUEUED,0.37243626517571526,questions_in
2025-10-29T00:08:36.030237,PUBLISH,8b37f47162a140c7864dc0efb949354d,68f2d95bd190740cfd6a22b6,ENQUEUED,0.4806550906662882,questions_in
2025-10-29T00:08:36.133072,PUBLISH,d9b8c46f3d9d4e4e9af47980d1533ae0,68f2d95bd190740cfd6a3095,ENQUEUED,0.10021891625602586,questions_in
2025-10-29T00:08:36.239392,PUBLISH,01a7c00aa2334abaa1316ed0d1f17acc,68f2d95bd190740cfd6a35d4,ENQUEUED,0.10434335429680713,questions_in
2025-10-29T00:08:36.383830,PUBLISH,ae33c03b71394d0f8b6703e6e93d2215,68f2d95bd190740cfd6a1dc0,ENQUEUED,0.14231910088935618,questions_in
2025-10-29T00:08:36.599395,PUBLISH,516b52d69e614aa189bfc5f16c3ce1d3,68f2d95bd190740cfd6a3439,ENQUEUED,0.21363761689874938,questions_in
2025-10-29T00:08:36.784503,PUBLISH,b1d747ee21fb4a5f9ba281c7d6a931e0,68f2d95bd190740cfd6a1d19,ENQUEUED,0.18130157111524325,questions_in
2025-10-29T00:08:37.189485,PUBLISH,86b44c342b7f4770ac45d2b8af1d58d6,68f2d95bd190740cfd6a25e8,ENQUEUED,0.40270071503373195,questions_in
2025-10-29T00:08:37.483788,PUBLISH,c95c949e8a6a4d769839a642c8dd992e,68f2d95bd190740cfd6a28c9,ENQUEUED,0.2919609630044636,questions_in
2025-10-29T00:08:37.799450,PUBLISH,0bc43acf37c14d10811b494c0c43c56d,68f2d95bd190740cfd6a222f,ENQUEUED,0.31280041170893225,questions_in
2025-10-29T00:08:38.291030,PUBLISH,4f92d4f94a124189a86ceee73af93045,68f2d95bd190740cfd6a343a,ENQUEUED,0.48952521542677263,questions_in
2025-10-29T00:08:38.706372,PUBLISH,aa9b446c3cc244529056fe71c3d1bea9,68f2d95bd190740cfd6a2e20,ENQUEUED,0.41329134526478095,questions_in
2025-10-29T00:08:39.106522,PUBLISH,547f93dfff954812bcc0c3e6d7d951f3,68f2d95bd190740cfd6a3949,ENQUEUED,0.39825966468337504,questions_in
2025-10-29T00:08:39.500800,PUBLISH,1feb9344113c42b8bdb81a7066696fc9,68f2d95bd190740cfd6a3ffb,ENQUEUED,0.3922159390819596,questions_in
2025-10-29T00:08:40.002494,PUBLISH,288681d7f21b4843a51f52aa2192f923,68f2d95bd190740cfd6a3e7e,ENQUEUED,0.49949742716181955,questions_in
2025-10-29T00:08:40.405080,PUBLISH,2cd009be8b2b4b42b1bb89ded3d9ac86,68f2d95bd190740cfd6a3636,ENQUEUED,0.3997974842531399,questions_in
2025-10-29T00:08:40.896954,PUBLISH,8f30145eee404a13a1dcca5a3079f8d2,68f2d95bd190740cfd6a2cb6,ENQUEUED,0.48780405200472376,questions_in
2025-10-29T00:08:41.301597,PUBLISH,0c1a16d9e6f24dd1a4c95f9937e58f64,68f2d95bd190740cfd6a3f8d,ENQUEUED,0.401247612006675,questions_in
2025-10-29T00:08:41.424162,PUBLISH,8695fcbd9ab7450786ca491f0570dbc3,68f2d95bd190740cfd6a2666,ENQUEUED,0.11858218651247365,questions_in
2025-10-29T00:08:41.533227,PUBLISH,66e96720b20c449b902e61f6ed905296,68f2d95bd190740cfd6a2f94,ENQUEUED,0.10702284566510403,questions_in
2025-10-29T00:08:41.782286,PUBLISH,0781a0976a5a4023bd76936b502be624,68f2d95bd190740cfd6a417d,ENQUEUED,0.2426321090223047,questions_in
2025-10-29T00:08:41.897714,PUBLISH,aabd71c5d6ff462ea068fe2501b4e266,68f2d95bd190740cfd6a2bf8,ENQUEUED,0.11307106003486439,questions_in
2025-10-29T00:08:42.369417,PUBLISH,62220cf8a63f4328a9834caac3d807a6,68f2d95bd190740cfd6a2b75,ENQUEUED,0.4643152970616796,questions_in
2025-10-29T00:08:42.665898,PUBLISH,dd027299120a4c5cb1a55889f0fca34b,68f2d95bd190740cfd6a1ebc,ENQUEUED,0.2918569013486283,questions_in
2025-10-29T00:08:43.160779,PUBLISH,b1de5baffedb48f68b0354292bc9baaa,68f2d95bd190740cfd6a1df3,ENQUEUED,0.491475725138954,questions_in
2025-10-29T00:08:43.302825,PUBLISH,ca206dd9509e4c73aafb7cf49ff9f76b,68f2d95bd190740cfd6a34c8,ENQUEUED,0.1401204638702308,questions_in
2025-10-29T00:08:43.562748,PUBLISH,8606ffae63b54c51af0c8a908d8d7f73,68f2d95bd190740cfd6a1c90,ENQUEUED,0.25766610938072715,questions_in
2025-10-29T00:08:43.699770,PUBLISH,0d00dd7f2b674219993cb68fa274c181,68f2d95bd190740cfd6a303f,ENQUEUED,0.1352144110276915,questions_in
2025-10-29T00:08:44.064048,PUBLISH,168fc22e97dd4b24a0cddd1c55530969,68f2d95bd190740cfd6a2403,ENQUEUED,0.3609683037071565,questions_in
2025-10-29T00:08:44.238470,PUBLISH,3a606afbe1974c239300269d94e5dede,68f2d95bd190740cfd6a21a5,ENQUEUED,0.17266710890102027,questions_in
2025-10-29T00:08:44.634516,PUBLISH,1ea43db63c9f4322a1dc922b7cfda570,68f2d95bd190740cfd6a39b8,ENQUEUED,0.39165334935501506,questions_in
2025-10-29T00:08:45.113929,PUBLISH,85dd7d5925204285a6624a396b3d63dc,68f2d95bd190740cfd6a3aa1,ENQUEUED,0.4769303389373969,questions_in
2025-10-29T00:08:45.608341,PUBLISH,a4527fc0003e4787a3f39e3dd54b1492,68f2d95bd190740cfd6a39e1,ENQUEUED,0.49062819166471916,questions_in
2025-10-29T00:08:46.070077,PUBLISH,30f5e396a8c54fde91b6ac5ec15bc088,68f2d95bd190740cfd6a28c8,ENQUEUED,0.4596141514635662,questions_in
2025-10-29T00:08:46.196846,PUBLISH,98a0ffb70e7a4629aeafb0f126c86a87,68f2d95bd190740cfd6a2923,ENQUEUED,0.12401351522900478,questions_in
2025-10-29T00:08:46.419310,PUBLISH,9673a4f2580745d2b7020a75d4d4dc16,68f2d95bd190740cfd6a36ac,ENQUEUED,0.2136549892057214,questions_in
2025-10-29T00:08:46.738998,PUBLISH,d7413a1e53b242e296c97c094a352546,68f2d95bd190740cfd6a1b15,ENQUEUED,0.31672183315794866,questions_in
2025-10-29T00:08:47.102019,PUBLISH,74cdd4c5740f41dea60bf958854eb6c7,68f2d95bd190740cfd6a271c,ENQUEUED,0.3607289366617903,questions_in
2025-10-29T00:08:47.207571,PUBLISH,9ac1d0c00eb541469efdbbee8e957bc0,68f2d95bd190740cfd6a1cc1,ENQUEUED,0.10363531911965329,questions_in
2025-10-29T00:08:47.561875,PUBLISH,32dda76ff7c24229a7c16121b701437c,68f2d95bd190740cfd6a2837,ENQUEUED,0.3512123012073033,questions_in
2025-10-29T00:08:47.797142,PUBLISH,07b971aef3314d1eb8cb277f2f680d57,68f2d95bd190740cfd6a3b63,ENQUEUED,0.23321852634683882,questions_in
2025-10-29T00:08:48.177657,PUBLISH,57a3dffdc9e048d0a02e3688a110e160,68f2d95bd190740cfd6a3824,ENQUEUED,0.3775328508679846,questions_in
2025-10-29T00:08:48.413702,PUBLISH,c08d409e8ee94299bad0881edf8a4720,68f2d95bd190740cfd6a2984,ENQUEUED,0.22898479498414737,questions_in
2025-10-29T00:08:48.870212,PUBLISH,8eaec8e5b4974d3eb8e046b172739eb3,68f2d95bd190740cfd6a2049,ENQUEUED,0.45425566615305435,questions_in
2025-10-29T00:08:49.294644,PUBLISH,de60b4f953ec449e8c638d8e8f9cd1b7,68f2d95bd190740cfd6a2438,ENQUEUED,0.4198328030446329,questions_in
2025-10-29T00:08:49.537427,PUBLISH,827a9fe79ab94c5bb772220681bc9ee5,68f2d95bd190740cfd6a2b3a,ENQUEUED,0.24062783888371664,questions_in
2025-10-29T00:08:50.027304,PUBLISH,7aa785418e264387be43ab0dc403d4a4,68f2d95bd190740cfd6a248d,ENQUEUED,0.48608813565452913,questions_in
2025-10-29T00:08:50.136228,PUBLISH,ee16d01039bc42a38430072b1ac2b8cb,68f2d95bd190740cfd6a377e,ENQUEUED,0.10606330868149808,questions_in
2025-10-29T00:08:50.409885,PUBLISH,e1386f64b2c34b25b9e151f7c948dd7a,68f2d95bd190740cfd6a36d3,ENQUEUED,0.2679129857318825,questions_in
2025-10-29T00:08:50.872584,PUBLISH,fb744ea74f264b7096cdbdcc0cfa6802,68f2d95bd190740cfd6a20ac,ENQUEUED,0.4606472206517439,questions_in
2025-10-29T00:08:51.111312,PUBLISH,b6565263f2e74029a7734d4abba7d328,68f2d95bd190740cfd6a3e12,ENQUEUED,0.23210649806400263,questions_in
2025-10-29T00:08:51.609296,PUBLISH,5ba2853640db478785c39acc156c1d59,68f2d95bd190740cfd6a1cb5,ENQUEUED,0.49462783243633535,questions_in
2025-10-29T00:08:51.828434,PUBLISH,08d76255f1e24e1eb1881c40f219a3f8,68f2d95bd190740cfd6a367e,ENQUEUED,0.2168525196717458,questions_in
2025-10-29T00:08:51.983439,PUBLISH,44043aa8624d4abd9b8850008967f98c,68f2d95bd190740cfd6a3fb2,ENQUEUED,0.15293189316839448,questions_in
2025-10-29T00:08:52.398846,PUBLISH,f5783e4ab99c4c019b20c87bbd727716,68f2d95bd190740cfd6a416a,ENQUEUED,0.4133818870486823,questions_in
2025-10-29T00:08:52.629499,PUBLISH,1a09800eee304254bbe0e3772f714408,68f2d95bd190740cfd6a21e0,ENQUEUED,0.22739484747951622,questions_in
2025-10-29T00:08:53.018321,PUBLISH,f2bbe0f8026d483f8a0b24aa3b510e0c,68f2d95bd190740cfd6a4060,ENQUEUED,0.38710468324223957,questions_in
2025-10-29T00:08:53.514107,PUBLISH,9cc20487f61e4440b903fadc66a2bbec,68f2d95bd190740cfd6a3b6d,ENQUEUED,0.4881193483042967,questions_in
2025-10-29T00:08:53.796157,PUBLISH,d6d8272cca244b42a69fe31db10f919a,68f2d95bd190740cfd6a359b,ENQUEUED,0.2797136048559819,questions_in
2025-10-29T00:08:54.014795,PUBLISH,2aa347daea2c4364880740f38a837e35,68f2d95bd190740cfd6a3843,ENQUEUED,0.21654520504646393,questions_in
2025-10-29T00:08:54.353521,PUBLISH,caaba3735fcc4c2e892d8d35bd098cd7,68f2d95bd190740cfd6a3f52,ENQUEUED,0.3365626021922757,questions_in
2025-10-29T00:08:54.553277,PUBLISH,f0637ed938224fb4b56e0e39fcc51986,68f2d95bd190740cfd6a2cb0,ENQUEUED,0.19775593276808562,questions_in
2025-10-29T00:08:54.933489,PUBLISH,3536eae698274504855e7308fa739192,68f2d95bd190740cfd6a2e01,ENQUEUED,0.3780841966267391,questions_in
2025-10-29T00:08:55.187391,PUBLISH,c207c265981d4dcbbbe4103acca1ded1,68f2d95bd190740cfd6a375f,ENQUEUED,0.25209073583809816,questions_in
2025-10-29T00:08:55.296574,PUBLISH,168282b444124d9b800c720310077cca,68f2d95bd190740cfd6a2bb2,ENQUEUED,0.10580088721563419,questions_in
2025-10-29T00:08:55.770642,PUBLISH,f753f8e35e1d4d9b860d54b77c451dbd,68f2d95bd190740cfd6a385e,ENQUEUED,0.47202317572821584,questions_in
2025-10-29T00:08:55.875957,PUBLISH,6633decc055146f8b95325a1f6c7c50f,68f2d95bd190740cfd6a3bf2,ENQUEUED,0.10150913843701624,questions_in
2025-10-29T00:08:56.192612,PUBLISH,b7e4c1e776d34031baca48abbef7b755,68f2d95bd190740cfd6a4173,ENQUEUED,0.3135101532201263,questions_in
2025-10-29T00:08:56.380949,PUBLISH,720754a3ab4740bdb8183d61da20f4f3,68f2d95bd190740cfd6a417d,ENQUEUED,0.1788443221576774,questions_in
2025-10-29T00:08:56.527383,PUBLISH,ec8fd08dd36949af8aefc41019ab0e18,68f2d95bd190740cfd6a33a3,ENQUEUED,0.13865924553364548,questions_in
2025-10-29T00:08:56.814361,PUBLISH,21fa9bf9235a4f52ab8d3a8695b824ca,68f2d95bd190740cfd6a35ae,ENQUEUED,0.28488917473720576,questions_in
2025-10-29T00:08:57.083512,PUBLISH,9c8717b577274155aed38c7cf9309a70,68f2d95bd190740cfd6a2a7b,ENQUEUED,0.2672500613655381,questions_in
2025-10-29T00:08:57.382269,PUBLISH,13bd28a8fca9456eb293fe1aee577664,68f2d95bd190740cfd6a1ea6,ENQUEUED,0.29660676475951464,questions_in
2025-10-29T00:08:57.731470,PUBLISH,0d49ac5400bf488c91906d47a52bffa4,68f2d95bd190740cfd6a210e,ENQUEUED,0.34330184644236406,questions_in
2025-10-29T00:08:57.904910,PUBLISH,731a32e277c9404aa27869e0c88aa911,68f2d95bd190740cfd6a3320,ENQUEUED,0.16489592133224684,questions_in
2025-10-29T00:08:58.331166,PUBLISH,b0e2a1e0f85e41fda9067e48b6575961,68f2d95bd190740cfd6a3591,ENQUEUED,0.42456233292972023,questions_in
2025-10-29T00:08:58.794751,PUBLISH,d133f8011f2b4e728dbb73ab9283662c,68f2d95bd190740cfd6a2855,ENQUEUED,0.46055365945523474,questions_in
2025-10-29T00:08:59.172933,PUBLISH,1cff22f6b2a34303a30485736cab02fb,68f2d95bd190740cfd6a3b3d,ENQUEUED,0.37221292305553055,questions_in
2025-10-29T00:08:59.492559,PUBLISH,38341cf7fe304ac59db079dbece9cd58,68f2d95bd190740cfd6a29b2,ENQUEUED,0.31651217675156557,questions_in
2025-10-29T00:08:59.849421,PUBLISH,3dc48a2d475b4392981f22814f6949b6,68f2d95bd190740cfd6a2ba1,ENQUEUED,0.3541929064668089,questions_in
2025-10-29T00:09:00.324058,PUBLISH,fcdf71eecb984f07af7110594444b31b,68f2d95bd190740cfd6a1d03,ENQUEUED,0.4707728954148741,questions_in
2025-10-29T00:09:00.679402,PUBLISH,2f7a552aa8e94c8e9c156e3190ff0d73,68f2d95bd190740cfd6a290f,ENQUEUED,0.3530866635548455,questions_in
2025-10-29T00:09:00.958034,PUBLISH,4bc8237d373544a4a228808addc08117,68f2d95bd190740cfd6a238f,ENQUEUED,0.27575352437665324,questions_in
2025-10-29T00:09:01.312335,PUBLISH,072589cd330341ce90375f7c0f96b41b,68f2d95bd190740cfd6a3216,ENQUEUED,0.3470857734497575,questions_in
2025-10-29T00:09:01.499562,PUBLISH,68d9dd0e94964e589e1b0e1c868c4845,68f2d95bd190740cfd6a211a,ENQUEUED,0.1818084654674876,questions_in
2025-10-29T00:09:01.729481,PUBLISH,58d667b9e43d4da8bd4f417e5ddf73d5,68f2d95bd190740cfd6a3dba,ENQUEUED,0.22642480583409874,questions_in
2025-10-29T00:09:02.116682,PUBLISH,f3db7a0bc19f4c0cb2efd85c9b5ae909,68f2d95bd190740cfd6a3dc3,ENQUEUED,0.3853099673182552,questions_in
2025-10-29T00:09:02.261756,PUBLISH,6e803fbcdda04ad388062dc91aebb658,68f2d95bd190740cfd6a2fd1,ENQUEUED,0.13910931242835656,questions_in
2025-10-29T00:09:02.559890,PUBLISH,fbdd07cf20da4fce8493791b40a85554,68f2d95bd190740cfd6a28a2,ENQUEUED,0.2943091240847965,questions_in
2025-10-29T00:09:02.929954,PUBLISH,73b5259438f94efb9169784274160903,68f2d95bd190740cfd6a2717,ENQUEUED,0.36315639874890826,questions_in
2025-10-29T00:09:03.262319,PUBLISH,52e35a591f4e4664abec1e0fad8d92e7,68f2d95bd190740cfd6a2801,ENQUEUED,0.33009196133000973,questions_in
2025-10-29T00:09:03.703943,PUBLISH,325dd163ed6748958b279cea8fe3c691,68f2d95bd190740cfd6a2081,ENQUEUED,0.4392201755763835,questions_in
2025-10-29T00:09:04.031721,PUBLISH,a381037831d649eb898ab47002f1e135,68f2d95bd190740cfd6a3e3c,ENQUEUED,0.3229272469950675,questions_in
2025-10-29T00:09:04.422604,PUBLISH,2ec2d0e91a6c4e22ae86e7780eb057a1,68f2d95bd190740cfd6a21a1,ENQUEUED,0.3873466029172331,questions_in
2025-10-29T00:09:04.826056,PUBLISH,d99d3b38d0714f7dad6598ea8bc4328c,68f2d95bd190740cfd6a39ad,ENQUEUED,0.4002935510333572,questions_in
2025-10-29T00:09:05.024013,PUBLISH,795d0692061e48d0ac1502c7c7554395,68f2d95bd190740cfd6a3052,ENQUEUED,0.1934320998017759,questions_in
2025-10-29T00:09:05.327566,PUBLISH,b9bd4bdb0730410f90043999c4ca2120,68f2d95bd190740cfd6a3c28,ENQUEUED,0.3010474783483249,questions_in
2025-10-29T00:09:05.643031,PUBLISH,d6466dd96a76466abcbbdd98e6c1c241,68f2d95bd190740cfd6a35cd,ENQUEUED,0.31349649722718664,questions_in
2025-10-29T00:09:06.067964,PUBLISH,35d266388ce6435ea6ff52b7eefe6996,68f2d95bd190740cfd6a2635,ENQUEUED,0.42290687610095634,questions_in
2025-10-29T00:09:06.326061,PUBLISH,e27edc16b916467cb0a2ee05130200dd,68f2d95bd190740cfd6a32cb,ENQUEUED,0.2551860847098255,questions_in
2025-10-29T00:09:06.659759,PUBLISH,fdc3adb029734697a8b0eb1b2e9c0e39,68f2d95bd190740cfd6a2c20,ENQUEUED,0.3308225822383466,questions_in
2025-10-29T00:09:06.851613,PUBLISH,44e5e6faa13b4444842fdbcc6cb3fa36,68f2d95bd190740cfd6a1bb5,ENQUEUED,0.18412296913322457,questions_in
2025-10-29T00:09:07.192376,PUBLISH,f3e9f387906b4571a7cedc313f713d11,68f2d95bd190740cfd6a377b,ENQUEUED,0.33321599095110566,questions_in
2025-10-29T00:09:07.541351,PUBLISH,f36f642f18194ab78a1e28226d0180ad,68f2d95bd190740cfd6a1b1b,ENQUEUED,0.3453421198731608,questions_in
2025-10-29T00:09:07.764908,PUBLISH,7285df85a32648248a3ea30b44a832e7,68f2d95bd190740cfd6a24e1,ENQUEUED,0.22149323883013183,questions_in
2025-10-29T00:09:08.087073,PUBLISH,79a354a4a5414ec6bd41d89e6fecd858,68f2d95bd190740cfd6a1b6a,ENQUEUED,0.31593470106575605,questions_in
2025-10-29T00:09:08.566538,PUBLISH,bbaf7688697c43c09f42f37e36784045,68f2d95bd190740cfd6a1db6,ENQUEUED,0.4772285494812787,questions_in
2025-10-29T00:09:08.710825,PUBLISH,b4d6c4c3a7464c9d9e1162f9f81ada7f,68f2d95bd190740cfd6a1fde,ENQUEUED,0.1411908752698442,questions_in
2025-10-29T00:09:08.906631,PUBLISH,b602277915cb46678f41f2781e61b9b9,68f2d95bd190740cfd6a2345,ENQUEUED,0.19253450172954145,questions_in
2025-10-29T00:09:09.358365,PUBLISH,1c4bf44678c64b97ad77cb1ff7c277fb,68f2d95bd190740cfd6a1b5f,ENQUEUED,0.4478193542210033,questions_in
2025-10-29T00:09:09.642036,PUBLISH,9a34741f363342bfbf88542b11270910,68f2d95bd190740cfd6a1c53,ENQUEUED,0.2809522833040104,questions_in
2025-10-29T00:09:10.065579,PUBLISH,218e433bf7e2465693c5de21cc062a59,68f2d95bd190740cfd6a1c8c,ENQUEUED,0.42105631944824917,questions_in
2025-10-29T00:09:10.557523,PUBLISH,a3d1ba1a9b9642588e356ecb4b8cd097,68f2d95bd190740cfd6a261c,ENQUEUED,0.4869694286396786,questions_in
2025-10-29T00:09:10.787665,PUBLISH,684ce8fa4df6490a8dd0fcd20f9e102f,68f2d95bd190740cfd6a3d97,ENQUEUED,0.2237002756429224,questions_in
2025-10-29T00:09:11.191140,PUBLISH,8ddb902c4bc14745a61442ee2e788c5d,68f2d95bd190740cfd6a2e42,ENQUEUED,0.3996939272086696,questions_in
2025-10-29T00:09:11.630231,PUBLISH,42185c1af1cd4d6e86bbdbdc16234bbd,68f2d95bd190740cfd6a2892,ENQUEUED,0.43700859782354373,questions_in
2025-10-29T00:09:11.875757,PUBLISH,079616ad51324b198ea57f8ba04c541b,68f2d95bd190740cfd6a2537,ENQUEUED,0.24329265816000648,questions_in
2025-10-29T00:09:12.324048,PUBLISH,0c8a3d7fec564e32a05cfbd6a152dc5a,68f2d95bd190740cfd6a377a,ENQUEUED,0.44558536270529725,questions_in
2025-10-29T00:09:12.615098,PUBLISH,afbf98f750b74007bb457e490a2df35c,68f2d95bd190740cfd6a3542,ENQUEUED,0.28856865728206005,questions_in
2025-10-29T00:09:13.093350,PUBLISH,54308f2be5334a0886858380ed4193b6,68f2d95bd190740cfd6a30cf,ENQUEUED,0.476203829818146,questions_in
2025-10-29T00:09:13.291082,PUBLISH,401c1b8c723d46fd97b35c3ce0cb224e,68f2d95bd190740cfd6a23b4,ENQUEUED,0.19472796361780031,questions_in
2025-10-29T00:09:13.790979,PUBLISH,3940a47f1f4146eb99d1cb7dd57c264c,68f2d95bd190740cfd6a2ff4,ENQUEUED,0.4973158833105259,questions_in
2025-10-29T00:09:14.264427,PUBLISH,756ae12b238f4782ace03ce754e67d0e,68f2d95bd190740cfd6a1e3b,ENQUEUED,0.4708493193334149,questions_in
2025-10-29T00:09:14.668948,PUBLISH,c0e8ee2958a14c45b45bb3247e13ac56,68f2d95bd190740cfd6a2131,ENQUEUED,0.3973870451425172,questions_in
2025-10-29T00:09:15.021561,PUBLISH,c2b987cba7ed49ab8e89125f7bd1aff1,68f2d95bd190740cfd6a28ea,ENQUEUED,0.3486763579387962,questions_in
2025-10-29T00:09:15.215210,PUBLISH,0f1f1cdd86e44bbd8a77827d63238ab1,68f2d95bd190740cfd6a25ba,ENQUEUED,0.1905860057740466,questions_in
2025-10-29T00:09:15.475042,PUBLISH,5e4eeeda23314855a1b230b6ace184de,68f2d95bd190740cfd6a2a7a,ENQUEUED,0.2564874722869751,questions_in
2025-10-29T00:09:15.731996,PUBLISH,5e098e40f8f14b5faa5ff4005144a0cc,68f2d95bd190740cfd6a26ef,ENQUEUED,0.25430763069275897,questions_in
2025-10-29T00:09:15.913265,PUBLISH,1ddc0c672e5c4c8ebcc93742a07deac9,68f2d95bd190740cfd6a2795,ENQUEUED,0.17938630567294522,questions_in
2025-10-29T00:09:16.138449,PUBLISH,327ce952627549768712d471bb1bfd92,68f2d95bd190740cfd6a2dbd,ENQUEUED,0.21793977811558243,questions_in
2025-10-29T00:09:16.455670,PUBLISH,8d153b48b54c4fccb64d3e0f24ee3239,68f2d95bd190740cfd6a2dbf,ENQUEUED,0.3127431046723018,questions_in
2025-10-29T00:09:16.805108,PUBLISH,80db67c0a5d44bc3bfa6cd86ab129153,68f2d95bd190740cfd6a2746,ENQUEUED,0.3457819875505289,questions_in
2025-10-29T00:09:17.057683,PUBLISH,9692ac63fa1e41e295ef40d9f3bf79cc,68f2d95bd190740cfd6a3eda,ENQUEUED,0.24633929332789284,questions_in
2025-10-29T00:09:17.299167,PUBLISH,a239445dec9c4a94b4df7f4edb7aeb21,68f2d95bd190740cfd6a1cfb,ENQUEUED,0.2387418820478711,questions_in
2025-10-29T00:09:17.459410,PUBLISH,909d5b1a8a774fd4aa4737092eb30d15,68f2d95bd190740cfd6a3b99,ENQUEUED,0.1580325641323302,questions_in
2025-10-29T00:09:17.569587,PUBLISH,75f52422993b4804a0a97be3cc9daaf4,68f2d95bd190740cfd6a1c06,ENQUEUED,0.10398505775252112,questions_in
2025-10-29T00:09:17.977840,PUBLISH,f640fbf04f83468ca04d7190d3493bfe,68f2d95bd190740cfd6a33be,ENQUEUED,0.4022592917026553,questions_in
2025-10-29T00:09:18.213965,PUBLISH,5725151fafca4888897f323aa320de81,68f2d95bd190740cfd6a1b35,ENQUEUED,0.23456828790632456,questions_in
2025-10-29T00:09:18.682224,PUBLISH,4642c4395ee8403793aa088e7417a326,68f2d95bd190740cfd6a3014,ENQUEUED,0.4661114744108644,questions_in
2025-10-29T00:09:18.976366,PUBLISH,36b3616642114c0c8bb74a83fa546e5a,68f2d95bd190740cfd6a210b,ENQUEUED,0.2919220568187465,questions_in
2025-10-29T00:09:19.224953,PUBLISH,06b2777774064dba9b66828c08fea7f7,68f2d95bd190740cfd6a2539,ENQUEUED,0.2471341953700141,questions_in
2025-10-29T00:09:19.414392,PUBLISH,4a5ae0ba88654f788d31cc67d38fdb72,68f2d95bd190740cfd6a2dbd,ENQUEUED,0.18745224245740666,questions_in
2025-10-29T00:09:19.592096,PUBLISH,778bdc5040be49b6a4cd370abe51b283,68f2d95bd190740cfd6a2a58,ENQUEUED,0.17563781251704988,questions_in
2025-10-29T00:09:20.053216,PUBLISH,e5c1a933eb0148d3a9c0c3bac2a21416,68f2d95bd190740cfd6a2302,ENQUEUED,0.4580079299620453,questions_in
2025-10-29T00:09:20.365118,PUBLISH,6827cc5da824441e81e73e9270df672f,68f2d95bd190740cfd6a3509,ENQUEUED,0.3100299446684164,questions_in
2025-10-29T00:09:20.591205,PUBLISH,b47158babb09482a89d7733bbc513ecc,68f2d95bd190740cfd6a2b72,ENQUEUED,0.22446612187694384,questions_in
2025-10-29T00:09:20.965078,PUBLISH,750a4d7c45724879836f4124ff82b405,68f2d95bd190740cfd6a3192,ENQUEUED,0.3717496561327389,questions_in
2025-10-29T00:09:21.326029,PUBLISH,e95f26b8981c4ebb82f09f9232e1852f,68f2d95bd190740cfd6a32be,ENQUEUED,0.35897332953897054,questions_in
2025-10-29T00:09:21.804543,PUBLISH,626730e011ae46cfa25391c38fa52e2d,68f2d95bd190740cfd6a215a,ENQUEUED,0.46914352788702685,questions_in
2025-10-29T00:09:22.281934,PUBLISH,8a35538f86244988b1ec41988fce7dc3,68f2d95bd190740cfd6a4122,ENQUEUED,0.4752891641670923,questions_in
2025-10-29T00:09:22.772198,PUBLISH,ae5de2d0c707447e8cc877e40fd32e83,68f2d95bd190740cfd6a39e9,ENQUEUED,0.4862122421900752,questions_in
2025-10-29T00:09:23.100646,PUBLISH,bb57cb6c56034d8f8bb65b2e2cd6c32d,68f2d95bd190740cfd6a22c8,ENQUEUED,0.32634874777711054,questions_in
2025-10-29T00:09:23.314415,PUBLISH,1c1dc2b6b21d48b1bcdd042efc6792bf,68f2d95bd190740cfd6a1d27,ENQUEUED,0.21179068867187403,questions_in
2025-10-29T00:09:23.562016,PUBLISH,ac3f739dfc07467686ca0a6829c2cfa4,68f2d95bd190740cfd6a40fb,ENQUEUED,0.24537137883616023,questions_in
2025-10-29T00:09:23.855028,PUBLISH,b0b57a0efa894c6bba448630d377bc01,68f2d95bd190740cfd6a3250,ENQUEUED,0.28993893278860583,questions_in
2025-10-29T00:09:24.273443,PUBLISH,08b92178c0484b9396dec74e8b7b8ad2,68f2d95bd190740cfd6a1b6d,ENQUEUED,0.4143466101769858,questions_in
2025-10-29T00:09:24.740443,PUBLISH,a12d8d1b2b044648b72c4e17fcbae68c,68f2d95bd190740cfd6a1d01,ENQUEUED,0.4628328373322639,questions_in
2025-10-29T00:09:24.889630,PUBLISH,b8afbe85a01940afa400a36bbae8331c,68f2d95bd190740cfd6a1b65,ENQUEUED,0.1464583088371593,questions_in
2025-10-29T00:09:25.371130,PUBLISH,1f5da3effdbf43f8a35bafd718c4b555,68f2d95bd190740cfd6a3805,ENQUEUED,0.47498886629825277,questions_in
2025-10-29T00:09:25.745309,PUBLISH,ace15ead00ae49cdaa7eaf0feb4c6ba5,68f2d95bd190740cfd6a2ce0,ENQUEUED,0.37194960977237423,questions_in
2025-10-29T00:09:25.939256,PUBLISH,86bbf4782d9a4d28a32ac720ff59516f,68f2d95bd190740cfd6a1c53,ENQUEUED,0.19174350743283608,questions_in
2025-10-29T00:09:26.160688,PUBLISH,9d5192839fe2420fa5099388db835ad3,68f2d95bd190740cfd6a2a26,ENQUEUED,0.21960037111481873,questions_in
2025-10-29T00:09:26.288725,PUBLISH,2b3fdb064509474189cb56253eea0f12,68f2d95bd190740cfd6a2c8c,ENQUEUED,0.12488350917265466,questions_in
2025-10-29T00:09:26.506136,PUBLISH,9cc81745fd26431ebbf44f2f2552ad09,68f2d95bd190740cfd6a3257,ENQUEUED,0.21535862368026082,questions_in
2025-10-29T00:09:26.761694,PUBLISH,333151a534414bbf8dda508878b34785,68f2d95bd190740cfd6a327d,ENQUEUED,0.25018528465233325,questions_in
2025-10-29T00:09:27.136765,PUBLISH,cad94abb403a4fe587d5f7ae3554177d,68f2d95bd190740cfd6a310f,ENQUEUED,0.37248396238920367,questions_in
2025-10-29T00:09:27.630984,PUBLISH,869e23a7f1214395b3d7236a82186967,68f2d95bd190740cfd6a327b,ENQUEUED,0.49275195560833096,questions_in
2025-10-29T00:09:27.774392,PUBLISH,b7daecd7feda4c46b12faf1b334077cf,68f2d95bd190740cfd6a212c,ENQUEUED,0.1415188788790236,questions_in
2025-10-29T00:09:28.233408,PUBLISH,504e89158e6649ffa08e659c26bad627,68f2d95bd190740cfd6a231f,ENQUEUED,0.4558475503748064,questions_in
2025-10-29T00:09:28.680137,PUBLISH,b958441880814554bab5c9ba1b6a243d,68f2d95bd190740cfd6a2abb,ENQUEUED,0.44478245407639005,questions_in
2025-10-29T00:09:28.958365,PUBLISH,361915887c134fc0bcc7b1259d0e50a1,68f2d95bd190740cfd6a3824,ENQUEUED,0.2761842499465122,questions_in
2025-10-29T00:09:29.332439,PUBLISH,19e3e4ee2ec14eaa8cf443ceab1792d4,68f2d95bd190740cfd6a38d6,ENQUEUED,0.3689795748309729,questions_in
2025-10-29T00:09:29.701101,PUBLISH,dd3d3aea8b284b948d535e7cbfa597b3,68f2d95bd190740cfd6a3ff4,ENQUEUED,0.36554212074951564,questions_in
2025-10-29T00:09:29.845316,PUBLISH,8a5e1adaa4a849898e30373ae9ca6296,68f2d95bd190740cfd6a33e3,ENQUEUED,0.1425190809734631,questions_in
2025-10-29T00:09:30.090132,PUBLISH,73b49319d57e45f0bbbef9a770efbcd3,68f2d95bd190740cfd6a3ff7,ENQUEUED,0.23999452686860745,questions_in
2025-10-29T00:09:30.404055,PUBLISH,6f240cd8dedd4499a74b4bd5bce6c900,68f2d95bd190740cfd6a26e7,ENQUEUED,0.3106146500052192,questions_in
2025-10-29T00:09:30.556701,PUBLISH,514a1b5f08ee4248a8eda916c251ae3f,68f2d95bd190740cfd6a308b,ENQUEUED,0.15079468001092544,questions_in
2025-10-29T00:09:30.974475,PUBLISH,43b22e4198f14140acc6f836ca203a12,68f2d95bd190740cfd6a215d,ENQUEUED,0.41498647959534185,questions_in
2025-10-29T00:09:31.207232,PUBLISH,2a097afa22734bbebdc4b0941404d799,68f2d95bd190740cfd6a3875,ENQUEUED,0.2310701577307969,questions_in
2025-10-29T00:09:31.388353,PUBLISH,300b2846976a406396662a85c0964c32,68f2d95bd190740cfd6a2220,ENQUEUED,0.17754889614032987,questions_in
2025-10-29T00:09:31.592077,PUBLISH,bb96ce739365431492098f9a2ebb42e4,68f2d95bd190740cfd6a3358,ENQUEUED,0.2001722791901612,questions_in
2025-10-29T00:09:31.981889,PUBLISH,a1299efe87ba47eda1bba27f24a3792c,68f2d95bd190740cfd6a4161,ENQUEUED,0.3867615577821305,questions_in
2025-10-29T00:09:32.302020,PUBLISH,5c4ed00a144948ad9be5f73a8434fff9,68f2d95bd190740cfd6a2f41,ENQUEUED,0.31527342778261735,questions_in
2025-10-29T00:09:32.503360,PUBLISH,f1b28857f2e744f888c0987f935c4845,68f2d95bd190740cfd6a1dab,ENQUEUED,0.19747905455951834,questions_in
2025-10-29T00:09:32.959922,PUBLISH,afb57d69e5434770b634e7ef25a1dcbf,68f2d95bd190740cfd6a2538,ENQUEUED,0.4534444923438897,questions_in
2025-10-29T00:09:33.097058,PUBLISH,ce6c259e859b48d7bd6b2f7af5944bbf,68f2d95bd190740cfd6a3e94,ENQUEUED,0.13429091011904548,questions_in
2025-10-29T00:09:33.405758,PUBLISH,9e2a76db865545b0bb48028c9e5c53f4,68f2d95bd190740cfd6a3d2a,ENQUEUED,0.30220362177728277,questions_in
2025-10-29T00:09:33.555284,PUBLISH,0e35060fdf3c4f048bf380e74bf45a4a,68f2d95bd190740cfd6a23a5,ENQUEUED,0.1476815425643262,questions_in
2025-10-29T00:09:33.813103,PUBLISH,ba5786ed66954dabb95161bdafdfa1ad,68f2d95bd190740cfd6a1e0b,ENQUEUED,0.2557225061842594,questions_in
2025-10-29T00:09:33.967386,PUBLISH,a8673222201e4c75b2a00f06e58163b6,68f2d95bd190740cfd6a2b35,ENQUEUED,0.15018564016841443,questions_in
2025-10-29T00:09:34.225376,PUBLISH,150c055ad09c4f44abf25f1424e45f0f,68f2d95bd190740cfd6a40bd,ENQUEUED,0.2515054925437443,questions_in
2025-10-29T00:09:34.540751,PUBLISH,ebdd3b2802cc4a8ebf10afe6f1130737,68f2d95bd190740cfd6a2d71,ENQUEUED,0.30511305108703135,questions_in
2025-10-29T00:09:34.808943,PUBLISH,3086b1e46ad943e49c6b18974b68c0c0,68f2d95bd190740cfd6a2162,ENQUEUED,0.2659935760892079,questions_in
2025-10-29T00:09:35.105989,PUBLISH,a2d2e9428fef45d888c3b6d12cb41fad,68f2d95bd190740cfd6a2205,ENQUEUED,0.29521271945463146,questions_in
2025-10-29T00:09:35.271849,PUBLISH,0b328ca10eb548a6ab256142a44a0db1,68f2d95bd190740cfd6a2865,ENQUEUED,0.16369545854664674,questions_in
2025-10-29T00:09:35.764515,PUBLISH,87d9b28dac4b46aeae8785901bb07f19,68f2d95bd190740cfd6a3c8b,ENQUEUED,0.49065097286863024,questions_in
2025-10-29T00:09:35.998184,PUBLISH,a029dbd5ae974fbb91b6c9a6b6a73f9b,68f2d95bd190740cfd6a3e2d,ENQUEUED,0.2293778652480261,questions_in
2025-10-29T00:09:36.436307,PUBLISH,ea42998fd04c4a3ab7a513a244506372,68f2d95bd190740cfd6a1f93,ENQUEUED,0.435823302070694,questions_in
2025-10-29T00:09:36.744424,PUBLISH,92b110afa3914c869719bcb01ac19de7,68f2d95bd190740cfd6a3c81,ENQUEUED,0.3060770106701517,questions_in
2025-10-29T00:09:36.908027,PUBLISH,843af6bfa8f248319aa6703233f17d1c,68f2d95bd190740cfd6a213a,ENQUEUED,0.161953158504147,questions_in
2025-10-29T00:09:37.072752,PUBLISH,b218af13d70c495abd84492535019b29,68f2d95bd190740cfd6a3f03,ENQUEUED,0.1578080173279736,questions_in
2025-10-29T00:09:37.238199,PUBLISH,f2e56b7c39414bcd80c6851e0498ba1c,68f2d95bd190740cfd6a3e30,ENQUEUED,0.1609619943280498,questions_in
2025-10-29T00:09:37.537515,PUBLISH,977aba0077a9487e8e983c550e2a36de,68f2d95bd190740cfd6a35da,ENQUEUED,0.2961289220178307,questions_in
2025-10-29T00:09:37.854850,PUBLISH,6ea7d42b45af461fa5bcb35c3d3f973d,68f2d95bd190740cfd6a20ae,ENQUEUED,0.31372609662555423,questions_in
2025-10-29T00:09:38.179314,PUBLISH,e4b78cf0186c4e41b6231d4a13389b15,68f2d95bd190740cfd6a38c3,ENQUEUED,0.3219105164831667,questions_in
2025-10-29T00:09:38.476147,PUBLISH,35a5bee15a804030882cdcff3a8cf17a,68f2d95bd190740cfd6a3745,ENQUEUED,0.2945265739137273,questions_in
2025-10-29T00:09:38.944373,PUBLISH,0d07429aa93442aa8e5733d22984f215,68f2d95bd190740cfd6a2d3c,ENQUEUED,0.46585492584340993,questions_in
2025-10-29T00:09:39.111480,PUBLISH,426bd10f8b7a4ee1815349470de319ae,68f2d95bd190740cfd6a33bf,ENQUEUED,0.16175796557107078,questions_in
2025-10-29T00:09:39.605901,PUBLISH,5232f0f2ab434c398b48e30377e2217f,68f2d95bd190740cfd6a3373,ENQUEUED,0.4914497972567208,questions_in
2025-10-29T00:09:39.991512,PUBLISH,2d509f3f2d1f4eb9b719390a7f0addb6,68f2d95bd190740cfd6a2e0a,ENQUEUED,0.38320786263663886,questions_in
2025-10-29T00:09:40.161561,PUBLISH,629986462d6144278a024b0a61f848cc,68f2d95bd190740cfd6a2435,ENQUEUED,0.16804292593142106,questions_in
2025-10-29T00:09:40.468923,PUBLISH,e10271d3fe8e4e658ab7db2e1c93184e,68f2d95bd190740cfd6a2b66,ENQUEUED,0.3050475549212013,questions_in
2025-10-29T00:09:40.826473,PUBLISH,10b8d5f7798546c396ba09bdd71346ba,68f2d95bd190740cfd6a388f,ENQUEUED,0.3556441306719186,questions_in
2025-10-29T00:09:41.276796,PUBLISH,126244ef492f4da2b5ca6f827b5d0bb5,68f2d95bd190740cfd6a3327,ENQUEUED,0.4469423792051833,questions_in
2025-10-29T00:09:41.689236,PUBLISH,a3e478c022bd4bd6b4156f27dc4d121a,68f2d95bd190740cfd6a3e3b,ENQUEUED,0.4089495799516868,questions_in
2025-10-29T00:09:42.141894,PUBLISH,a02324911b4943489fbc2a1990f03b41,68f2d95bd190740cfd6a3791,ENQUEUED,0.44997404784463924,questions_in
2025-10-29T00:09:42.362587,PUBLISH,bca357c799c6486fae9ad4f5d2ca7bc5,68f2d95bd190740cfd6a3317,ENQUEUED,0.21896493483880317,questions_in
2025-10-29T00:09:42.522917,PUBLISH,73d559ef1e3946edb36e6a0140197bd5,68f2d95bd190740cfd6a322c,ENQUEUED,0.1532369071418901,questions_in
2025-10-29T00:09:43.019257,PUBLISH,a11cc3909cf14590832dd29de714b120,68f2d95bd190740cfd6a2abe,ENQUEUED,0.4909585338686685,questions_in
2025-10-29T00:09:43.466264,PUBLISH,33595f58b8c749a9ba9a4f555d9edb79,68f2d95bd190740cfd6a27d2,ENQUEUED,0.4399201383573347,questions_in
2025-10-29T00:09:43.769100,PUBLISH,386f2f87e73245e3a21dbc0abcedf075,68f2d95bd190740cfd6a3883,ENQUEUED,0.3009644988924147,questions_in
2025-10-29T00:09:44.227700,PUBLISH,cbce4464b74f4d8f973cec07b501dff5,68f2d95bd190740cfd6a2c74,ENQUEUED,0.45653375646253647,questions_in
2025-10-29T00:09:44.377665,PUBLISH,0c1a899436c348b3a7ece0ecf0ff76ca,68f2d95bd190740cfd6a2ed8,ENQUEUED,0.14809390977487613,questions_in
2025-10-29T00:09:44.536993,PUBLISH,1e71fcb2cbca4a1caac2ed28557b101d,68f2d95bd190740cfd6a2d4a,ENQUEUED,0.1527875708928933,questions_in
2025-10-29T00:09:44.852115,PUBLISH,d85b400b10ff45518bf28c44629eae32,68f2d95bd190740cfd6a26f4,ENQUEUED,0.308603255033878,questions_in
2025-10-29T00:09:45.230025,PUBLISH,20b11de5a9ca400ba05c2e3b29373d29,68f2d95bd190740cfd6a3782,ENQUEUED,0.37161507430522733,questions_in
2025-10-29T00:09:45.467742,PUBLISH,80b30bdee9d14591b698a516f9dda6f2,68f2d95bd190740cfd6a1da0,ENQUEUED,0.2337188148890657,questions_in
2025-10-29T00:09:45.573379,PUBLISH,96bccbd41c8c40b2bf948b083d76c345,68f2d95bd190740cfd6a2ea1,ENQUEUED,0.10373207479659237,questions_in
2025-10-29T00:09:45.691237,PUBLISH,a528d5ac45214747825866b778b951e7,68f2d95bd190740cfd6a3bc3,ENQUEUED,0.11619767494605537,questions_in
2025-10-29T00:09:45.814325,PUBLISH,fd7750993c7c4d85bc76a7d7b8ce995e,68f2d95bd190740cfd6a3223,ENQUEUED,0.11994527582471753,questions_in
2025-10-29T00:09:46.120022,PUBLISH,0c15ed11321847b39806fc6adcccce60,68f2d95bd190740cfd6a3589,ENQUEUED,0.30358048058438736,questions_in
2025-10-29T00:09:46.366959,PUBLISH,fe4b0d00aa55403d9b8a9af5353329e3,68f2d95bd190740cfd6a1faa,ENQUEUED,0.24387083555240274,questions_in
2025-10-29T00:09:46.550187,PUBLISH,1a23fdf2d968464684ba82261ca92d10,68f2d95bd190740cfd6a3bdc,ENQUEUED,0.1799457893674984,questions_in
2025-10-29T00:09:46.874048,PUBLISH,5ba1032796fd4d84bf6f6553f589fc76,68f2d95bd190740cfd6a334b,ENQUEUED,0.3176508939066989,questions_in
2025-10-29T00:09:47.039354,PUBLISH,7992a0f6badf4702a958f0b143a1371f,68f2d95bd190740cfd6a29c9,ENQUEUED,0.16348438061633908,questions_in
2025-10-29T00:09:47.211466,PUBLISH,89457272cd7a4daa86e866800b7a3af8,68f2d95bd190740cfd6a329f,ENQUEUED,0.16930707350552282,questions_in
2025-10-29T00:09:47.356149,PUBLISH,be1232c22540451d81064c3e7271e794,68f2d95bd190740cfd6a316d,ENQUEUED,0.14266439440360826,questions_in
2025-10-29T00:09:47.648724,PUBLISH,f51665904d694aed9d867c3a54846741,68f2d95bd190740cfd6a2ef1,ENQUEUED,0.2880380141344564,questions_in
2025-10-29T00:09:47.825070,PUBLISH,474cef74874b4aec9f20497d5608b8b2,68f2d95bd190740cfd6a26ab,ENQUEUED,0.17449578882793731,questions_in
2025-10-29T00:09:47.940918,PUBLISH,22e11021013b46baa1eb562b5ad7e05f,68f2d95bd190740cfd6a289c,ENQUEUED,0.11284461371371252,questions_in
2025-10-29T00:09:48.428483,PUBLISH,2762407d81674f78b8aa992a1c6f11d5,68f2d95bd190740cfd6a30c4,ENQUEUED,0.48099418446872433,questions_in
2025-10-29T00:09:48.717736,PUBLISH,b7c321172edc425d94fe154061d7073a,68f2d95bd190740cfd6a3427,ENQUEUED,0.2869172577121689,questions_in
2025-10-29T00:09:49.028809,PUBLISH,172644a9822543a0810fe22aa859d0ed,68f2d95bd190740cfd6a3f39,ENQUEUED,0.3090808305802457,questions_in
2025-10-29T00:09:49.382360,PUBLISH,917f4f38312e4d0195d18b4001692b96,68f2d95bd190740cfd6a1c21,ENQUEUED,0.35010306582269424,questions_in
2025-10-29T00:09:49.688741,PUBLISH,a91bdc7cde3649418c2f62ce32587f32,68f2d95bd190740cfd6a1cfd,ENQUEUED,0.3022201907308609,questions_in
2025-10-29T00:09:50.100131,PUBLISH,db1483ac5f7f42d186df3c9c09390448,68f2d95bd190740cfd6a2f8c,ENQUEUED,0.40804280777580704,questions_in
2025-10-29T00:09:50.269163,PUBLISH,d8a0494fce544e1888a67f68a619d060,68f2d95bd190740cfd6a2bec,ENQUEUED,0.1674410057473551,questions_in
2025-10-29T00:09:50.742590,PUBLISH,77b85950751f455ea12d68d282aea091,68f2d95bd190740cfd6a30d5,ENQUEUED,0.47128110948775137,questions_in
2025-10-29T00:09:50.973370,PUBLISH,bec3ce0f36474ca3975f0fb94f3f3897,68f2d95bd190740cfd6a2cd5,ENQUEUED,0.22889141793166323,questions_in
2025-10-29T00:09:51.458111,PUBLISH,1cd450c8dd174c7eb153c3c46a50cef5,68f2d95bd190740cfd6a2acd,ENQUEUED,0.4783605380156467,questions_in
2025-10-29T00:09:51.759202,PUBLISH,44248121284840a599f91d515d3750a0,68f2d95bd190740cfd6a31fb,ENQUEUED,0.2990793034796325,questions_in
2025-10-29T00:09:52.164229,PUBLISH,062447ac483e4265931e39dcea3f4d75,68f2d95bd190740cfd6a3b60,ENQUEUED,0.40114124519384486,questions_in
2025-10-29T00:09:52.268111,PUBLISH,f2727e1571634d0d9d979110ffa4dc85,68f2d95bd190740cfd6a34f1,ENQUEUED,0.10200722788660631,questions_in
2025-10-29T00:09:52.623166,PUBLISH,fd1e594e67b74f08a3015a37fe4b2f88,68f2d95bd190740cfd6a1bd9,ENQUEUED,0.3531768677926215,questions_in
2025-10-29T00:09:53.003781,PUBLISH,466b33badb594043a965b90e0ffb4a76,68f2d95bd190740cfd6a33a3,ENQUEUED,0.3779892185866941,questions_in
2025-10-29T00:09:53.153734,PUBLISH,08481c0da03843a2ae53c19d1436c90b,68f2d95bd190740cfd6a2806,ENQUEUED,0.14816288620618476,questions_in
2025-10-29T00:09:53.591932,PUBLISH,8137272f2f4f48d0a2195e8c162ac51a,68f2d95bd190740cfd6a2e16,ENQUEUED,0.43606764736271864,questions_in
2025-10-29T00:09:53.776994,PUBLISH,24f92625c9924e049a9f1344b8de3daa,68f2d95bd190740cfd6a1ff5,ENQUEUED,0.18306166446186223,questions_in
2025-10-29T00:09:54.042128,PUBLISH,c1fbef1da560472a9a3517a2f2091ef8,68f2d95bd190740cfd6a22e4,ENQUEUED,0.2631193137560997,questions_in
2025-10-29T00:09:54.352169,PUBLISH,ac5c80126f1a44d6aef4742afc1dc20e,68f2d95bd190740cfd6a212c,ENQUEUED,0.30795206009717574,questions_in
2025-10-29T00:09:54.581265,PUBLISH,e26c55ca32a8415cb05bf57b0be90801,68f2d95bd190740cfd6a33a3,ENQUEUED,0.22502756145500916,questions_in
2025-10-29T00:09:54.827106,PUBLISH,591afd90bfe044a881841c0fe112c638,68f2d95bd190740cfd6a2c5c,ENQUEUED,0.2398534517931606,questions_in
2025-10-29T00:09:55.173117,PUBLISH,35051e9d34b445fcab79799419b42f6e,68f2d95bd190740cfd6a1ee0,ENQUEUED,0.3441093474305156,questions_in
2025-10-29T00:09:55.643239,PUBLISH,fda3df754cbe4fe1985ed30f26b9cf6e,68f2d95bd190740cfd6a1f19,ENQUEUED,0.4679959430650872,questions_in
2025-10-29T00:09:55.869671,PUBLISH,fbb952cd8dc84547b126cc882a58a99f,68f2d95bd190740cfd6a3a8d,ENQUEUED,0.22178901684434613,questions_in
2025-10-29T00:09:56.363166,PUBLISH,f38ccbcd659a4b45abdcb5e7b52e866b,68f2d95bd190740cfd6a3f08,ENQUEUED,0.4897051023165415,questions_in
2025-10-29T00:09:56.471331,PUBLISH,ca77fa6faec5411c900bc1d18caec95b,68f2d95bd190740cfd6a1dc9,ENQUEUED,0.10203359614823576,questions_in
2025-10-29T00:09:56.719406,PUBLISH,41c81c6400154c37b54c3bf6ee73b7dc,68f2d95bd190740cfd6a3c2e,ENQUEUED,0.24095010901115166,questions_in
2025-10-29T00:09:56.867837,PUBLISH,a7c7c6adfeca4c54967bb0a446b2b39c,68f2d95bd190740cfd6a3af5,ENQUEUED,0.14238896169727264,questions_in
2025-10-29T00:09:57.235272,PUBLISH,9fde4ef97c2144c7a189527abb684e2c,68f2d95bd190740cfd6a1d9f,ENQUEUED,0.36551508959094636,questions_in
2025-10-29T00:09:57.700797,PUBLISH,af0bb848f2cc4a159620e54826a50f64,68f2d95bd190740cfd6a2791,ENQUEUED,0.46014347053893034,questions_in
2025-10-29T00:09:58.114509,PUBLISH,65e85769f8fb4639b12914cba6f4f4a3,68f2d95bd190740cfd6a41d3,ENQUEUED,0.4101711136116838,questions_in
2025-10-29T00:09:58.322574,PUBLISH,9d331ed2be0a47fa92d64a802ecf5813,68f2d95bd190740cfd6a35b4,ENQUEUED,0.20236619193687921,questions_in
2025-10-29T00:09:58.593730,PUBLISH,77e053e94937452e9c5229a2af0e349d,68f2d95bd190740cfd6a336e,ENQUEUED,0.2690060922883162,questions_in
2025-10-29T00:09:58.781720,PUBLISH,2670845d3acc4636b72cc5f3748929e7,68f2d95bd190740cfd6a2110,ENQUEUED,0.18142491319042442,questions_in
2025-10-29T00:09:59.151416,PUBLISH,a273da386d57450f9d0b8fff6195e223,68f2d95bd190740cfd6a228d,ENQUEUED,0.3676937672520849,questions_in
2025-10-29T00:09:59.614119,PUBLISH,624e2152e41a4bc89422067e2d3b908f,68f2d95bd190740cfd6a2fbc,ENQUEUED,0.4598468930625207,questions_in
2025-10-29T00:09:59.824285,PUBLISH,7a41f267c26647018e3697ed320bf77f,68f2d95bd190740cfd6a1e49,ENQUEUED,0.2082151725511146,questions_in
2025-10-29T00:10:00.196637,PUBLISH,897642950cdf4baca46bf2a7875fabcd,68f2d95bd190740cfd6a37c7,ENQUEUED,0.36934758973683557,questions_in
2025-10-29T00:10:00.494939,PUBLISH,28a1da2e0fcd4515ab4f0581c1c95fa3,68f2d95bd190740cfd6a2632,ENQUEUED,0.291920119493437,questions_in
2025-10-29T00:10:00.752915,PUBLISH,a72627d83c384c03b33eca6cb559790b,68f2d95bd190740cfd6a2e23,ENQUEUED,0.24748920066308178,questions_in
2025-10-29T00:10:01.180578,PUBLISH,14a3fcfc1d6d455d98bb993848c53216,68f2d95bd190740cfd6a1db5,ENQUEUED,0.4247591779254509,questions_in
2025-10-29T00:10:01.415186,PUBLISH,592e94c81de141c2821baf8472105e3c,68f2d95bd190740cfd6a38f4,ENQUEUED,0.22753425654723275,questions_in
2025-10-29T00:10:01.650239,PUBLISH,14f93cc2fd1e44939de2dfe08de39535,68f2d95bd190740cfd6a3e7d,ENQUEUED,0.233056207181512,questions_in
2025-10-29T00:10:02.061861,PUBLISH,04d2139139014eacb971d9221bfcce50,68f2d95bd190740cfd6a2337,ENQUEUED,0.40827533923876846,questions_in
2025-10-29T00:10:02.260733,PUBLISH,fdb078475d644862a265274add4baf7e,68f2d95bd190740cfd6a3cfa,ENQUEUED,0.1957467099123047,questions_in
2025-10-29T00:10:02.411257,PUBLISH,04d0d997deae461495baf3709d26055d,68f2d95bd190740cfd6a20c7,ENQUEUED,0.1441498151713544,questions_in
2025-10-29T00:10:02.559848,PUBLISH,515947232f884f549f0996afea94d99b,68f2d95bd190740cfd6a2f70,ENQUEUED,0.14589649012686134,questions_in
2025-10-29T00:10:02.856567,PUBLISH,79f97b9f4b5c4869844cfaa63e78c4f8,68f2d95bd190740cfd6a374d,ENQUEUED,0.2891773135295111,questions_in
2025-10-29T00:10:02.996030,PUBLISH,a97503de6eae450bbc3deb83d1037bbf,68f2d95bd190740cfd6a1c1a,ENQUEUED,0.13664962572633566,questions_in
2025-10-29T00:10:03.188739,PUBLISH,fbdc816bc02a4bcd9a5b70db314beb6f,68f2d95bd190740cfd6a3553,ENQUEUED,0.1906593658837904,questions_in
2025-10-29T00:10:03.591969,PUBLISH,3cf5534346c947d699c3c0beae3a96e9,68f2d95bd190740cfd6a1eb9,ENQUEUED,0.4010383366303846,questions_in
2025-10-29T00:10:03.772268,PUBLISH,848d6afe440a4c2091690f31c75b6703,68f2d95bd190740cfd6a2e77,ENQUEUED,0.17790472773398022,questions_in
2025-10-29T00:10:04.115414,PUBLISH,f5831548efc045d884c380d0cd22b23d,68f2d95bd190740cfd6a2cb7,ENQUEUED,0.3365762290105908,questions_in
2025-10-29T00:10:04.363273,PUBLISH,c32d846cd90d40f79494e37477826c78,68f2d95bd190740cfd6a36de,ENQUEUED,0.24440819801570057,questions_in
2025-10-29T00:10:04.667428,PUBLISH,0b2e919a7a874000a2dd1a97b4355297,68f2d95bd190740cfd6a28ca,ENQUEUED,0.29743328999199403,questions_in
2025-10-29T00:10:05.146191,PUBLISH,6fc5cfd44eca40aba4d49511d7723fb5,68f2d95bd190740cfd6a3d5b,ENQUEUED,0.4751317736971039,questions_in
2025-10-29T00:10:05.550910,PUBLISH,095f0d8245a1422ca67b0cf0de24bcd3,68f2d95bd190740cfd6a2969,ENQUEUED,0.3969928918516735,questions_in
2025-10-29T00:10:05.831812,PUBLISH,24cf4c7999654916999b9e95835c50fc,68f2d95bd190740cfd6a2774,ENQUEUED,0.27831201147801976,questions_in
2025-10-29T00:10:05.949167,PUBLISH,28a56d5c1e0f45e8aec2270cf0047a4c,68f2d95bd190740cfd6a3b77,ENQUEUED,0.11505475406336241,questions_in
2025-10-29T00:10:06.446993,PUBLISH,33f44bfa930642cf86d658f4d915760f,68f2d95bd190740cfd6a2d01,ENQUEUED,0.49497984283190866,questions_in
2025-10-29T00:10:06.796301,PUBLISH,8aef1dd16a474e63b0ffbdb67b175bb5,68f2d95bd190740cfd6a3188,ENQUEUED,0.34631269571698975,questions_in
2025-10-29T00:10:06.957536,PUBLISH,a1b046ba06fe4880844018f28bce95c1,68f2d95bd190740cfd6a2892,ENQUEUED,0.15838398612087545,questions_in
2025-10-29T00:10:07.202337,PUBLISH,c3347b14917c4357af0aefb498122d81,68f2d95bd190740cfd6a1c98,ENQUEUED,0.24308866201516427,questions_in
2025-10-29T00:10:07.467558,PUBLISH,3a4c07be9bdd4c489f86c501c028c273,68f2d95bd190740cfd6a3118,ENQUEUED,0.2627677855367672,questions_in
2025-10-29T00:10:07.833567,PUBLISH,b8bc7ad9e13940198c1f5251e45efc5d,68f2d95bd190740cfd6a3f2b,ENQUEUED,0.3641840686334905,questions_in
2025-10-29T00:10:08.155489,PUBLISH,c0a87358380742f6b95cdbade9750aba,68f2d95bd190740cfd6a2eb7,ENQUEUED,0.3198570743792873,questions_in
2025-10-29T00:10:08.629482,PUBLISH,f69a06ee189a4f4b9306378cb14253be,68f2d95bd190740cfd6a2c40,ENQUEUED,0.47054999837129285,questions_in
2025-10-29T00:10:09.131181,PUBLISH,d7b9d81b3c354a3088db56459a3cd48a,68f2d95bd190740cfd6a2738,ENQUEUED,0.49952768191263797,questions_in
2025-10-29T00:10:09.385179,PUBLISH,6f632ba56404420c9b97f0830f3bf4c6,68f2d95bd190740cfd6a2f16,ENQUEUED,0.24432007928256827,questions_in
2025-10-29T00:10:09.701005,PUBLISH,40e700ea93654d8a8f4d77085540a376,68f2d95bd190740cfd6a2b88,ENQUEUED,0.30465266504829813,questions_in
2025-10-29T00:10:10.052531,PUBLISH,2fec922900a7477f9c97dd72735fafea,68f2d95bd190740cfd6a3c06,ENQUEUED,0.3471972436298717,questions_in
2025-10-29T00:10:10.179230,PUBLISH,c6b7fcfc98c2447b8d564dc5abf39dd0,68f2d95bd190740cfd6a297d,ENQUEUED,0.12338944228959187,questions_in
2025-10-29T00:10:10.330230,PUBLISH,9a931e2686ff4a85b9ae44f4c8764cde,68f2d95bd190740cfd6a377f,ENQUEUED,0.14798396116994914,questions_in
2025-10-29T00:10:10.567374,PUBLISH,8134b8e4f5ba4d2081a82378683be3cf,68f2d95bd190740cfd6a20e2,ENQUEUED,0.23540045694432116,questions_in
2025-10-29T00:10:10.914758,PUBLISH,20ae051576a440f9a81c2e8280b00614,68f2d95bd190740cfd6a2dd6,ENQUEUED,0.34552449559360965,questions_in
2025-10-29T00:10:11.252561,PUBLISH,9104a4456225403c85702a7cfd04485f,68f2d95bd190740cfd6a3763,ENQUEUED,0.33431853752250795,questions_in
2025-10-29T00:10:11.696027,PUBLISH,66438c5c1d9f48178d701a6f2aaf11c2,68f2d95bd190740cfd6a30fe,ENQUEUED,0.44022873120682704,questions_in
2025-10-29T00:10:11.828983,PUBLISH,f11fd143a6384d8d9152a88c2e19bf90,68f2d95bd190740cfd6a1d21,ENQUEUED,0.1295319703577863,questions_in
2025-10-29T00:10:11.990120,PUBLISH,fedd7a69a5974e6295c1c2b6591673b7,68f2d95bd190740cfd6a1b8f,ENQUEUED,0.15892293137096344,questions_in
2025-10-29T00:10:12.099979,PUBLISH,ac54cc5a75454620b324edb78afce376,68f2d95bd190740cfd6a2372,ENQUEUED,0.10558619455942116,questions_in
2025-10-29T00:10:12.250089,PUBLISH,53dd24b5412944e0bd8f476de747ee90,68f2d95bd190740cfd6a2407,ENQUEUED,0.14745566084147244,questions_in
2025-10-29T00:10:12.469689,PUBLISH,5b7becfe503b438e8c8f6e31454da96c,68f2d95bd190740cfd6a33c1,ENQUEUED,0.21754730665519828,questions_in
2025-10-29T00:10:12.677254,PUBLISH,5f36fb42332644d29c918331531fb4d3,68f2d95bd190740cfd6a2c33,ENQUEUED,0.2042295137434468,questions_in
2025-10-29T00:10:12.816832,PUBLISH,0f7e43df72e94de8a019ea879cd8eb25,68f2d95bd190740cfd6a36d3,ENQUEUED,0.13781423523589809,questions_in
2025-10-29T00:10:13.079201,PUBLISH,509022d3afe240478a821b4b10e09121,68f2d95bd190740cfd6a3029,ENQUEUED,0.25999570555390494,questions_in
2025-10-29T00:10:13.309711,PUBLISH,c9b521e7d0304a37813887c481ee4180,68f2d95bd190740cfd6a2945,ENQUEUED,0.22673830684396343,questions_in
2025-10-29T00:10:13.614323,PUBLISH,79d49608a6d24ab9947fb8d2ee4ce3ee,68f2d95bd190740cfd6a2035,ENQUEUED,0.3025529532966813,questions_in
2025-10-29T00:10:13.916258,PUBLISH,7b7d12794b3240dab4b1d87455e32257,68f2d95bd190740cfd6a329d,ENQUEUED,0.3000449513309481,questions_in
2025-10-29T00:10:14.135467,PUBLISH,22b1d2087e864fb3bd5178402fea6c23,68f2d95bd190740cfd6a40d7,ENQUEUED,0.2160811728121003,questions_in
2025-10-29T00:10:14.549896,PUBLISH,ddb4dd1f639f440694c026701bce4c2e,68f2d95bd190740cfd6a40d4,ENQUEUED,0.4093409294587418,questions_in
2025-10-29T00:10:14.777484,PUBLISH,25829ad46a154388b6ffe891f2aa4f67,68f2d95bd190740cfd6a21dc,ENQUEUED,0.22461284158136308,questions_in
2025-10-29T00:10:15.108483,PUBLISH,b6d71ae80b944d34af657ed03d4c9ccb,68f2d95bd190740cfd6a2856,ENQUEUED,0.3282626365413302,questions_in
2025-10-29T00:10:15.232491,PUBLISH,6344091c5684495ea8bdab57c55b265b,68f2d95bd190740cfd6a1c6a,ENQUEUED,0.12202973951197019,questions_in
2025-10-29T00:10:15.583130,PUBLISH,ca65fb3a12ee44ad9b3275b211f76f89,68f2d95bd190740cfd6a3a5c,ENQUEUED,0.3489865559641654,questions_in
2025-10-29T00:10:16.052295,PUBLISH,85d364cbb6da4d39af329fa6e5afe793,68f2d95bd190740cfd6a3c07,ENQUEUED,0.4670536774816344,questions_in
2025-10-29T00:10:16.347853,PUBLISH,3ad8fa3a8c064ae0beed5700410fb562,68f2d95bd190740cfd6a1fde,ENQUEUED,0.2923822832581181,questions_in
2025-10-29T00:10:16.618772,PUBLISH,294b671b695e4b689c03738d6fea59bc,68f2d95bd190740cfd6a2d83,ENQUEUED,0.26840838608247874,questions_in
2025-10-29T00:10:16.829954,PUBLISH,acc64a6e4ee1410a8f4440f62c7fd5a8,68f2d95bd190740cfd6a2d72,ENQUEUED,0.20825470421332254,questions_in
2025-10-29T00:10:17.212971,PUBLISH,27bf6dba08384319ae03386e1c0c1395,68f2d95bd190740cfd6a3123,ENQUEUED,0.38104185755232034,questions_in
2025-10-29T00:10:17.322727,PUBLISH,348a66d55e8a4564a18a9223b16294f2,68f2d95bd190740cfd6a29e6,ENQUEUED,0.10787341314868289,questions_in
2025-10-29T00:10:17.512848,PUBLISH,288b63cfe1e745828930523b2229ff9a,68f2d95bd190740cfd6a1c5c,ENQUEUED,0.1858614685091219,questions_in
2025-10-29T00:10:17.731086,PUBLISH,58ba53357d69434fa3ef8af3851aeea8,68f2d95bd190740cfd6a33c5,ENQUEUED,0.2152188087273057,questions_in
2025-10-29T00:10:17.885604,PUBLISH,7fd707dbfc8e4181a331824dc8d1479f,68f2d95bd190740cfd6a2a6d,ENQUEUED,0.14455420187767937,questions_in
2025-10-29T00:10:18.273880,PUBLISH,9f240922c20941829ad9cd06d95aacee,68f2d95bd190740cfd6a2d03,ENQUEUED,0.3804478727159576,questions_in
2025-10-29T00:10:18.699882,PUBLISH,5ae2c83b6bd84defb82e5f5dc0970e8b,68f2d95bd190740cfd6a2882,ENQUEUED,0.42325320830855995,questions_in
2025-10-29T00:10:19.127868,PUBLISH,82b9eddb1576470aa7ff57f6533e5593,68f2d95bd190740cfd6a3a7c,ENQUEUED,0.42492951692430636,questions_in
2025-10-29T00:10:19.283223,PUBLISH,eaa5335084ee448799ef4482c3be4f74,68f2d95bd190740cfd6a36fc,ENQUEUED,0.15379081245597412,questions_in
2025-10-29T00:10:19.744950,PUBLISH,b59aa493e9a047d9b24bf0ef8247aa2c,68f2d95bd190740cfd6a1df0,ENQUEUED,0.45833789465588404,questions_in
2025-10-29T00:10:20.103463,PUBLISH,8b5e9542fd964f6a9eb693eb6a9b0493,68f2d95bd190740cfd6a2b21,ENQUEUED,0.35620648566324786,questions_in
2025-10-29T00:10:20.234139,PUBLISH,9824cebcff204ac5a52c1a203d5c33f7,68f2d95bd190740cfd6a296e,ENQUEUED,0.12858424070567187,questions_in
2025-10-29T00:10:20.567029,PUBLISH,7796bf42d2394b1aa60ae73ba0c24226,68f2d95bd190740cfd6a2a62,ENQUEUED,0.32840122835527374,questions_in
2025-10-29T00:10:20.744565,PUBLISH,89b4a1e92e424a4d87aaa0ca4f93fa84,68f2d95bd190740cfd6a406b,ENQUEUED,0.17372373916809025,questions_in
2025-10-29T00:10:20.851847,PUBLISH,4bed140eaa034e6fab62e926fdd288d0,68f2d95bd190740cfd6a3c87,ENQUEUED,0.10512953501980755,questions_in
2025-10-29T00:10:21.317174,PUBLISH,5f4dbfd716d1493aa5dc40f3d5ee0149,68f2d95bd190740cfd6a2d42,ENQUEUED,0.4636132127549383,questions_in
2025-10-29T00:10:21.673062,PUBLISH,f98c8018899446578d366c2f8ec1a8ad,68f2d95bd190740cfd6a34f5,ENQUEUED,0.3528875469795536,questions_in
2025-10-29T00:10:22.064471,PUBLISH,4185dfbbb45c40bdacf0ac57a77da76e,68f2d95bd190740cfd6a28ab,ENQUEUED,0.38902855338583586,questions_in
2025-10-29T00:10:22.534957,PUBLISH,29a4153c78f64dd28daf3667daa58787,68f2d95bd190740cfd6a4115,ENQUEUED,0.46742966937935904,questions_in
2025-10-29T00:10:22.811162,PUBLISH,56c7222288f646228d2689d1fa56cfb8,68f2d95bd190740cfd6a21ec,ENQUEUED,0.2737832028575103,questions_in
2025-10-29T00:10:23.060409,PUBLISH,0e56981b50c14bb6b75a52613f8a89a5,68f2d95bd190740cfd6a1fc2,ENQUEUED,0.24705463475847533,questions_in
2025-10-29T00:10:23.414586,PUBLISH,51a80edabca14fba93e4eb7290e9bf4c,68f2d95bd190740cfd6a1c61,ENQUEUED,0.3524672202219492,questions_in
2025-10-29T00:10:23.865746,PUBLISH,0d513983556649c8848fb2ed9e4444d8,68f2d95bd190740cfd6a22d8,ENQUEUED,0.44830067373989857,questions_in
2025-10-29T00:10:24.111013,PUBLISH,c44ff58868ff4a32afac929184daaf27,68f2d95bd190740cfd6a3078,ENQUEUED,0.24246984743624433,questions_in
2025-10-29T00:10:24.219355,PUBLISH,7c83d06f0f7a440b8decea8e15251973,68f2d95bd190740cfd6a1dc5,ENQUEUED,0.10588237826801371,questions_in
2025-10-29T00:10:24.690237,PUBLISH,982cf4b58835451e9ba4ba96bb796e65,68f2d95bd190740cfd6a3e2b,ENQUEUED,0.46509922368919343,questions_in
2025-10-29T00:10:25.095231,PUBLISH,1cc9819ceaa54283943f6d496d55c049,68f2d95bd190740cfd6a28ee,ENQUEUED,0.40136702408696745,questions_in
2025-10-29T00:10:25.307174,PUBLISH,9a77af8512fc45178f0b2823dd1788c6,68f2d95bd190740cfd6a2525,ENQUEUED,0.20829785711678933,questions_in
2025-10-29T00:10:25.503300,PUBLISH,815247f663e74da3b3cccab224feef8f,68f2d95bd190740cfd6a2a78,ENQUEUED,0.19429755217499203,questions_in
2025-10-29T00:10:25.748424,PUBLISH,9c40e9aa90174749a0161e1174bbbc74,68f2d95bd190740cfd6a3515,ENQUEUED,0.24269003135942446,questions_in
2025-10-29T00:10:25.921301,PUBLISH,feaef1c761d6447d934a5f87e17fc9f9,68f2d95bd190740cfd6a29ef,ENQUEUED,0.170373581563044,questions_in
2025-10-29T00:10:26.235592,PUBLISH,c5711004deec41a2b4efde05de6d807d,68f2d95bd190740cfd6a3861,ENQUEUED,0.31066840278033114,questions_in
2025-10-29T00:10:26.725106,PUBLISH,2906027c55794ca3906d634b1734188c,68f2d95bd190740cfd6a1f85,ENQUEUED,0.48709543844599834,questions_in
2025-10-29T00:10:27.141167,PUBLISH,4bf0f0bbff7b4b3dba1a86c938bf78ee,68f2d95bd190740cfd6a2bb6,ENQUEUED,0.41187974145163886,questions_in
2025-10-29T00:10:27.617498,PUBLISH,dae6a9ef65fb462e8f3a014c3ded791e,68f2d95bd190740cfd6a39e6,ENQUEUED,0.473868650381679,questions_in
2025-10-29T00:10:27.730744,PUBLISH,5c79c36668b94bccb18f530ff46e1c0d,68f2d95bd190740cfd6a2fcc,ENQUEUED,0.109897034317263,questions_in
2025-10-29T00:10:27.865116,PUBLISH,70507ebf43f44ac6854689f1b0c1267e,68f2d95bd190740cfd6a37c3,ENQUEUED,0.12670090746723248,questions_in
2025-10-29T00:10:28.050832,PUBLISH,3c037461024c498c8bb66eab52db9d39,68f2d95bd190740cfd6a249f,ENQUEUED,0.18313266670052883,questions_in
2025-10-29T00:10:28.198729,PUBLISH,ea6021d2f7df4027aee3ae3fc8dde9be,68f2d95bd190740cfd6a3689,ENQUEUED,0.14098887598195864,questions_in
2025-10-29T00:10:28.316131,PUBLISH,87babd1a8b8b49b5a6747c43107bfbe6,68f2d95bd190740cfd6a2780,ENQUEUED,0.11514567090891169,questions_in
2025-10-29T00:10:28.507170,PUBLISH,beff86f20b024d5e97f504827c825f31,68f2d95bd190740cfd6a3946,ENQUEUED,0.18749771399779303,questions_in
2025-10-29T00:10:28.733777,PUBLISH,f4800e3284814f6aa7c202072d470d74,68f2d95bd190740cfd6a41a5,ENQUEUED,0.22397112651786238,questions_in
2025-10-29T00:10:29.030407,PUBLISH,8ead5795098c4eafb6707a6c2c49bbc4,68f2d95bd190740cfd6a3c2b,ENQUEUED,0.2947721998942129,questions_in
2025-10-29T00:10:29.390699,PUBLISH,d6971e544cf64161937c5c78726d7778,68f2d95bd190740cfd6a200f,ENQUEUED,0.3573319428559679,questions_in
2025-10-29T00:10:29.551546,PUBLISH,0f0fa7c6dc6d4a8a91fa290d3c213194,68f2d95bd190740cfd6a379e,ENQUEUED,0.1591772781036946,questions_in
2025-10-29T00:10:29.823215,PUBLISH,2452c4522a1e4329ac03e835f5312253,68f2d95bd190740cfd6a26ca,ENQUEUED,0.26828577818696697,questions_in
2025-10-29T00:10:29.976028,PUBLISH,328c9acece3f42a6be4451f7896e3ee5,68f2d95bd190740cfd6a3c4f,ENQUEUED,0.1504503661219542,questions_in
2025-10-29T00:10:30.451755,PUBLISH,c452f861bfb044f2b22b9893097ea714,68f2d95bd190740cfd6a1c53,ENQUEUED,0.4734081242497824,questions_in
2025-10-29T00:10:30.892457,PUBLISH,95bcbf633369427b9f9ca72c6adf5e9c,68f2d95bd190740cfd6a336a,ENQUEUED,0.43784828515383545,questions_in
2025-10-29T00:10:31.357247,PUBLISH,8f847a6f24a64bde97647bc811a5955c,68f2d95bd190740cfd6a2ce8,ENQUEUED,0.4609408464693753,questions_in
2025-10-29T00:10:31.741489,PUBLISH,c53928c53d9746658770f9e7a3394989,68f2d95bd190740cfd6a2c1e,ENQUEUED,0.3810993019797285,questions_in
2025-10-29T00:10:31.977481,PUBLISH,afc93fbb05ab4c9dbec84091f68f45c0,68f2d95bd190740cfd6a2050,ENQUEUED,0.22914347425677706,questions_in
2025-10-29T00:10:32.080881,PUBLISH,fb3eebe8e58a405fab0037c77beb1a65,68f2d95bd190740cfd6a3e86,ENQUEUED,0.10135696749676804,questions_in
2025-10-29T00:10:32.189930,PUBLISH,fe5e953974ad4e78871dafb1663dedd4,68f2d95bd190740cfd6a2f12,ENQUEUED,0.10475350716869679,questions_in
2025-10-29T00:10:32.363637,PUBLISH,379ca5872bda4802b498afe06362801f,68f2d95bd190740cfd6a3600,ENQUEUED,0.17077355692183027,questions_in
2025-10-29T00:10:32.846382,PUBLISH,d8ca55b664874aad922a44c09047c41b,68f2d95bd190740cfd6a1c58,ENQUEUED,0.4810707339486302,questions_in
2025-10-29T00:10:33.066911,PUBLISH,fa1b77712c6c4b32b9fec059419ce8ce,68f2d95bd190740cfd6a2d4c,ENQUEUED,0.21855754521731355,questions_in
2025-10-29T00:10:33.545003,PUBLISH,16a7ec3717614c829c2d8b66c93a4932,68f2d95bd190740cfd6a36ce,ENQUEUED,0.475660709863059,questions_in
2025-10-29T00:10:33.758855,PUBLISH,ea3757a8c18f4e7a88efc9d16ea9b922,68f2d95bd190740cfd6a2b6b,ENQUEUED,0.21051275610736273,questions_in
2025-10-29T00:10:33.985738,PUBLISH,c1852591d4b84c0d9a64b5d373402b85,68f2d95bd190740cfd6a1c5c,ENQUEUED,0.22390663419320456,questions_in
2025-10-29T00:10:34.476280,PUBLISH,5f26f36b41a84c57a0667fbece368f4b,68f2d95bd190740cfd6a3b0a,ENQUEUED,0.4870058827646049,questions_in
2025-10-29T00:10:34.856158,PUBLISH,70116c9d85174e61833a966374ebb219,68f2d95bd190740cfd6a2049,ENQUEUED,0.37641796753505274,questions_in
2025-10-29T00:10:35.208544,PUBLISH,4b2707e5e52846a3b854ded2268756af,68f2d95bd190740cfd6a369c,ENQUEUED,0.3487339315441864,questions_in
2025-10-29T00:10:35.332907,PUBLISH,2d330aa4430b4fc78aacb2ff92c3c3f2,68f2d95bd190740cfd6a3d2c,ENQUEUED,0.11916330263189684,questions_in
2025-10-29T00:10:35.507248,PUBLISH,93d451bb4d294cc6a937f38402609422,68f2d95bd190740cfd6a21d9,ENQUEUED,0.1693161092612825,questions_in
2025-10-29T00:10:35.644525,PUBLISH,f981d5fd685b4ad497210bc3abcd2c54,68f2d95bd190740cfd6a2e26,ENQUEUED,0.1349976685427995,questions_in
2025-10-29T00:10:36.065594,PUBLISH,9955e16baeff45b2b03211fc93c13bb4,68f2d95bd190740cfd6a1bb9,ENQUEUED,0.41932027415689677,questions_in
2025-10-29T00:10:36.326089,PUBLISH,ea83643bdb2642e3bb5a00080cbeb5a5,68f2d95bd190740cfd6a25af,ENQUEUED,0.2581482217882761,questions_in
2025-10-29T00:10:36.548838,PUBLISH,0b587561694e4f3e9d3c62e1593620ac,68f2d95bd190740cfd6a4009,ENQUEUED,0.21837061731745988,questions_in
2025-10-29T00:10:36.818887,PUBLISH,112229c9ae7545c9bf67716ee8b0bc1d,68f2d95bd190740cfd6a1fcd,ENQUEUED,0.2676113373957408,questions_in
2025-10-29T00:10:37.281328,PUBLISH,f4996d709141450f9f205c8d85af6409,68f2d95bd190740cfd6a3145,ENQUEUED,0.4605296683204545,questions_in
2025-10-29T00:10:37.540942,PUBLISH,67c2d6f1ec964b0da95263168e55e161,68f2d95bd190740cfd6a26b3,ENQUEUED,0.25504391975160573,questions_in
2025-10-29T00:10:37.760901,PUBLISH,118c89513aa84661bf95f7e367154ddb,68f2d95bd190740cfd6a2e37,ENQUEUED,0.21790150624876736,questions_in
2025-10-29T00:10:38.083587,PUBLISH,409afc101e3542908abebc82e07619e0,68f2d95bd190740cfd6a1e94,ENQUEUED,0.319693884412381,questions_in
2025-10-29T00:10:38.311440,PUBLISH,72493edb89294d14a21a1ef05e72dbcd,68f2d95bd190740cfd6a1fcc,ENQUEUED,0.22451078011461414,questions_in
2025-10-29T00:10:38.494600,PUBLISH,f0dbbb68ae8c41b2b266a1658edb1074,68f2d95bd190740cfd6a2148,ENQUEUED,0.18126124368290905,questions_in
2025-10-29T00:10:38.625402,PUBLISH,e59b148fde5b46b7802012525051ca8e,68f2d95bd190740cfd6a219e,ENQUEUED,0.1276282830555947,questions_in
2025-10-29T00:10:38.846424,PUBLISH,40c5757dceeb48a4bba32297f869bad3,68f2d95bd190740cfd6a3456,ENQUEUED,0.2145391509651379,questions_in
2025-10-29T00:10:39.158980,PUBLISH,d221104c8d5a431cb1b3cc6e8c671318,68f2d95bd190740cfd6a4056,ENQUEUED,0.31031216971729464,questions_in
2025-10-29T00:10:39.376907,PUBLISH,931991fd88004f4db452adf3aee881af,68f2d95bd190740cfd6a37f0,ENQUEUED,0.21590731914489503,questions_in
2025-10-29T00:10:39.607896,PUBLISH,c20cad136bd6483391491e0b74662f5d,68f2d95bd190740cfd6a2bf7,ENQUEUED,0.22869192707986824,questions_in
2025-10-29T00:10:39.912250,PUBLISH,db9c9d2939ab4de69ffb7e3b4e17c1ca,68f2d95bd190740cfd6a2f1d,ENQUEUED,0.29798106916086986,questions_in
2025-10-29T00:10:40.261347,PUBLISH,e75c8ffef4c64839899242b5a06041c0,68f2d95bd190740cfd6a2f52,ENQUEUED,0.3471915042025461,questions_in
2025-10-29T00:10:40.523714,PUBLISH,3d8c86e34b1f41aa839490c97bedb602,68f2d95bd190740cfd6a1c91,ENQUEUED,0.2579976748252995,questions_in
2025-10-29T00:10:40.644883,PUBLISH,0f1aa72bec504efdaf238a640f7e6f96,68f2d95bd190740cfd6a226e,ENQUEUED,0.11433773305449,questions_in
2025-10-29T00:10:40.960350,PUBLISH,ae273ac3742a4135b551b9e5e1052135,68f2d95bd190740cfd6a3ce8,ENQUEUED,0.31329711098083757,questions_in
2025-10-29T00:10:41.235611,PUBLISH,0c6f825cf17c484e97aac74f9987eece,68f2d95bd190740cfd6a3035,ENQUEUED,0.2715012624451063,questions_in
2025-10-29T00:10:41.657601,PUBLISH,5b2b1afd4dd140239c5cf464aa807637,68f2d95bd190740cfd6a3a85,ENQUEUED,0.41935396343855225,questions_in
2025-10-29T00:10:42.012628,PUBLISH,55e05bf0f28d466bb4331f5899f8cd36,68f2d95bd190740cfd6a2da1,ENQUEUED,0.3528677726177495,questions_in
2025-10-29T00:10:42.183414,PUBLISH,f2d7968935f349e4abb8ec9229999c58,68f2d95bd190740cfd6a2ad8,ENQUEUED,0.1692169569922663,questions_in
2025-10-29T00:10:42.526611,PUBLISH,d77fc1d005f243fcbad5cce97996fb05,68f2d95bd190740cfd6a3011,ENQUEUED,0.341235221445508,questions_in
2025-10-29T00:10:42.977026,PUBLISH,eac33d04466045a79117e1b0cbf87dce,68f2d95bd190740cfd6a1ae1,ENQUEUED,0.4472468925449622,questions_in
2025-10-29T00:10:43.314051,PUBLISH,d0c59b278dc84d1a85ffc25f14317f58,68f2d95bd190740cfd6a3afa,ENQUEUED,0.33026176762120635,questions_in
2025-10-29T00:10:43.710365,PUBLISH,b15bec1824354754b02a37a55206d8da,68f2d95bd190740cfd6a1c0a,ENQUEUED,0.3943558006881678,questions_in
2025-10-29T00:10:43.965735,PUBLISH,e5c223e0fdb5440f8a7da8c63cfe65b9,68f2d95bd190740cfd6a2b26,ENQUEUED,0.2519582466299779,questions_in
2025-10-29T00:10:44.365433,PUBLISH,34b0e057fa1d4623acf796fa6c7bb857,68f2d95bd190740cfd6a3a4f,ENQUEUED,0.3926667516499931,questions_in
2025-10-29T00:10:44.714676,PUBLISH,b55508f790134c89bb1ca5d8c3d44c5d,68f2d95bd190740cfd6a1f51,ENQUEUED,0.3468673467136143,questions_in
2025-10-29T00:10:45.203286,PUBLISH,7654fbc48edd44caa28a007358e00ad2,68f2d95bd190740cfd6a3cfe,ENQUEUED,0.4849535793352491,questions_in
2025-10-29T00:10:45.442244,PUBLISH,e4aa0867c00a4c84ad559fcb80d2c6e2,68f2d95bd190740cfd6a2112,ENQUEUED,0.23745904478354862,questions_in
2025-10-29T00:10:45.804774,PUBLISH,9b8bbda6fd06445d847aa89a33d6f4d5,68f2d95bd190740cfd6a3784,ENQUEUED,0.35753634689522606,questions_in
2025-10-29T00:10:46.040149,PUBLISH,a220a4d0808445899f3e430aee41e261,68f2d95bd190740cfd6a3f22,ENQUEUED,0.23208858145130062,questions_in
2025-10-29T00:10:46.215410,PUBLISH,fe020c9035c2451580dfe643985eb96a,68f2d95bd190740cfd6a3a45,ENQUEUED,0.16823646960313093,questions_in
2025-10-29T00:10:46.678327,PUBLISH,b67e624afbdd41919d3e5327470a614e,68f2d95bd190740cfd6a1f00,ENQUEUED,0.4520918239141454,questions_in
2025-10-29T00:10:46.997451,PUBLISH,bbc3ffe20a8a4284b4a858fbc5ed26ee,68f2d95bd190740cfd6a3710,ENQUEUED,0.31595918458369165,questions_in
2025-10-29T00:10:47.304826,PUBLISH,fcc93177e8754c02905a55ec3fc6a069,68f2d95bd190740cfd6a404a,ENQUEUED,0.30365547001525206,questions_in
2025-10-29T00:10:47.777375,PUBLISH,51030daf8e034299ada9ee80213d6b47,68f2d95bd190740cfd6a1b66,ENQUEUED,0.47012999906864605,questions_in
2025-10-29T00:10:47.884224,PUBLISH,da3d1527ae5a4bfa855f7f700c3a4758,68f2d95bd190740cfd6a1de4,ENQUEUED,0.10162558027679754,questions_in
2025-10-29T00:10:48.371041,PUBLISH,f052ade1a1b343778cc88eb89620bb72,68f2d95bd190740cfd6a2eae,ENQUEUED,0.483186502876781,questions_in
2025-10-29T00:10:48.553310,PUBLISH,9f4da99525b04712a04b93105f608ec1,68f2d95bd190740cfd6a334d,ENQUEUED,0.1785916422151369,questions_in
2025-10-29T00:10:48.843080,PUBLISH,3cccd255ef884931864169308a275848,68f2d95bd190740cfd6a407f,ENQUEUED,0.2867011284369339,questions_in
2025-10-29T00:10:49.305150,PUBLISH,0ad24387cc2b4be3a2c494f86dafd25f,68f2d95bd190740cfd6a1b12,ENQUEUED,0.4590388244338165,questions_in
2025-10-29T00:10:49.670401,PUBLISH,15df6d8ee40b4c3ea922bb16294b35d4,68f2d95bd190740cfd6a3faa,ENQUEUED,0.36289088102482747,questions_in
2025-10-29T00:10:50.010611,PUBLISH,9ef3cfeb338e4d5b90b5fe937bd474cd,68f2d95bd190740cfd6a39e2,ENQUEUED,0.33750442077193155,questions_in
2025-10-29T00:10:50.317488,PUBLISH,bd70f004c77c471e997d14ca45642b62,68f2d95bd190740cfd6a24e3,ENQUEUED,0.3035893669725039,questions_in
2025-10-29T00:10:50.775258,PUBLISH,7d79c00f87f045ffac70bbc39d5f7b8c,68f2d95bd190740cfd6a3c31,ENQUEUED,0.45608610586540677,questions_in
2025-10-29T00:10:50.877834,PUBLISH,5327b14d24ab4eff9c2ca4263537af58,68f2d95bd190740cfd6a2701,ENQUEUED,0.10011826733298244,questions_in
2025-10-29T00:10:51.264907,PUBLISH,4b1b96e94f8a4320870bedd2856f5e9b,68f2d95bd190740cfd6a24a7,ENQUEUED,0.38454977530046774,questions_in
2025-10-29T00:10:51.635107,PUBLISH,823bdaf154a546cb8e55bf1e7624e781,68f2d95bd190740cfd6a3871,ENQUEUED,0.3668446534392159,questions_in
2025-10-29T00:10:52.045478,PUBLISH,4108e6c807c740ccabafeb3601f26b42,68f2d95bd190740cfd6a33d5,ENQUEUED,0.4077237897003737,questions_in
2025-10-29T00:10:52.187487,PUBLISH,385547c46f2442eda7f90f7c4c6d45bc,68f2d95bd190740cfd6a4010,ENQUEUED,0.13850837688521866,questions_in
2025-10-29T00:10:52.590125,PUBLISH,0375cbb9e64a4ad082cf797823477528,68f2d95bd190740cfd6a2eff,ENQUEUED,0.39661312502553503,questions_in
2025-10-29T00:10:52.730550,PUBLISH,f5cc453a37b84c928eb1ba124cff017d,68f2d95bd190740cfd6a20c6,ENQUEUED,0.1386209991820591,questions_in
2025-10-29T00:10:52.908106,PUBLISH,7b4b40e2c0cc48e98fb357adf1f671df,68f2d95bd190740cfd6a387d,ENQUEUED,0.17577804525645235,questions_in
2025-10-29T00:10:53.104376,PUBLISH,33955eee38454312821e245cd8a63d75,68f2d95bd190740cfd6a2a02,ENQUEUED,0.19402400121009722,questions_in
2025-10-29T00:10:53.391115,PUBLISH,d7ff38552dee432f9173131d3246a137,68f2d95bd190740cfd6a38d5,ENQUEUED,0.28239554223448504,questions_in
2025-10-29T00:10:53.746235,PUBLISH,cdd7408dd5ff4cf2878ae717315f5183,68f2d95bd190740cfd6a3008,ENQUEUED,0.3532347733797425,questions_in
2025-10-29T00:10:53.990761,PUBLISH,39656e4003ed4c29832fb97a2b905d6d,68f2d95bd190740cfd6a37f1,ENQUEUED,0.23924695357403658,questions_in
2025-10-29T00:10:54.385638,PUBLISH,1d5bc15bcec04ba5a3081a3dda575f70,68f2d95bd190740cfd6a200a,ENQUEUED,0.390332914219782,questions_in
2025-10-29T00:10:54.858088,PUBLISH,d352950af8e149ceb86e7f05a73dcf4a,68f2d95bd190740cfd6a38f7,ENQUEUED,0.47088123405139604,questions_in
2025-10-29T00:10:55.163445,PUBLISH,cb9339cd21e6441abdc0530087cf77da,68f2d95bd190740cfd6a287b,ENQUEUED,0.30325469280980377,questions_in
2025-10-29T00:10:55.295595,PUBLISH,447b566650b64db687f8daf368c8d0ba,68f2d95bd190740cfd6a1c0e,ENQUEUED,0.12982652727724397,questions_in
2025-10-29T00:10:55.666310,PUBLISH,264964b50621445dbe5fdff56bef5e45,68f2d95bd190740cfd6a1b1d,ENQUEUED,0.36408717543706437,questions_in
2025-10-29T00:10:55.839737,PUBLISH,79439b35239d4da2b2860c2d8a7fe440,68f2d95bd190740cfd6a1c1c,ENQUEUED,0.17148732861345556,questions_in
2025-10-29T00:10:55.958942,PUBLISH,43b90ee92dd0452ba85bf0cadd223283,68f2d95bd190740cfd6a3064,ENQUEUED,0.11625004574017819,questions_in
2025-10-29T00:10:56.069202,PUBLISH,78af5d1a234941f683ee1c863e03b25d,68f2d95bd190740cfd6a3a1e,ENQUEUED,0.10669197046563493,questions_in
2025-10-29T00:10:56.258913,PUBLISH,d4ea75d9b4b947c1a92591535c8cea23,68f2d95bd190740cfd6a30c7,ENQUEUED,0.18801098273887532,questions_in
2025-10-29T00:10:56.752317,PUBLISH,d57336dd8c9e486ab67970256d5757a5,68f2d95bd190740cfd6a26e5,ENQUEUED,0.4897668011979036,questions_in
2025-10-29T00:10:57.014120,PUBLISH,0c268e35b3b740898c0fc16805ed0025,68f2d95bd190740cfd6a3bf5,ENQUEUED,0.2565806878159498,questions_in
2025-10-29T00:10:57.136449,PUBLISH,bba5048afb0d4ca7939bf8943da9ddfa,68f2d95bd190740cfd6a25e9,ENQUEUED,0.11866736055120067,questions_in
2025-10-29T00:10:57.528224,PUBLISH,a28d41d35e2e44ad97c054265c57b287,68f2d95bd190740cfd6a3df1,ENQUEUED,0.3897187701764149,questions_in
2025-10-29T00:10:57.803421,PUBLISH,60c49e7887a747fdbfc1e82d3df47d50,68f2d95bd190740cfd6a2e8b,ENQUEUED,0.271490681104768,questions_in
2025-10-29T00:10:58.046900,PUBLISH,97b815510664433290bc2cefa3cb5403,68f2d95bd190740cfd6a2f1a,ENQUEUED,0.23567588629790248,questions_in
2025-10-29T00:10:58.192165,PUBLISH,914b8f38dba246e18d1e327a3a0ba86b,68f2d95bd190740cfd6a337e,ENQUEUED,0.1432372962194861,questions_in
2025-10-29T00:10:58.418772,PUBLISH,b49fa022f6a24ffab4dd4bff6fcda983,68f2d95bd190740cfd6a4192,ENQUEUED,0.22217672911977773,questions_in
2025-10-29T00:10:58.671577,PUBLISH,1d5161441e9842bd8998f3ac8c4d5592,68f2d95bd190740cfd6a3b5d,ENQUEUED,0.2492812208815833,questions_in
2025-10-29T00:10:58.791437,PUBLISH,06a2cf22877b4abc93f76199612659e2,68f2d95bd190740cfd6a22c0,ENQUEUED,0.1136429415125472,questions_in
2025-10-29T00:10:59.217690,PUBLISH,3fb9f22615594d9e8b88cab2d8af540d,68f2d95bd190740cfd6a357e,ENQUEUED,0.4222154946011428,questions_in
2025-10-29T00:10:59.435711,PUBLISH,e50262a29ad343ba94516181a60b1aac,68f2d95bd190740cfd6a25dd,ENQUEUED,0.2120518806254264,questions_in
2025-10-29T00:10:59.630337,PUBLISH,16d07cb13c9e43e9bb0da3284b5190d9,68f2d95bd190740cfd6a40b6,ENQUEUED,0.19296633827324042,questions_in
2025-10-29T00:10:59.967560,PUBLISH,7f11f9646f0f4552a95e58fff30a7b23,68f2d95bd190740cfd6a25db,ENQUEUED,0.333297719691506,questions_in
2025-10-29T00:11:00.323880,PUBLISH,3e5f4c81715e40fe9ca98aa0d724e1f5,68f2d95bd190740cfd6a24da,ENQUEUED,0.35445942769127636,questions_in
2025-10-29T00:11:00.737819,PUBLISH,73739bbed303460e84b9e2a620a31756,68f2d95bd190740cfd6a1e8e,ENQUEUED,0.4105346423276337,questions_in
2025-10-29T00:11:00.978996,PUBLISH,2367656202dd4239943fb694f7d2ab2b,68f2d95bd190740cfd6a2e5b,ENQUEUED,0.23946090381283508,questions_in
2025-10-29T00:11:01.471379,PUBLISH,122f7a0d3f684e369a5d859e105c1eb5,68f2d95bd190740cfd6a2d97,ENQUEUED,0.48927764927418604,questions_in
2025-10-29T00:11:01.872783,PUBLISH,0a5e4dcad64b4eb1b504c5ed1047538f,68f2d95bd190740cfd6a3c4d,ENQUEUED,0.3975855493404026,questions_in
2025-10-29T00:11:02.276213,PUBLISH,cd827e9f9a7345229f5eefb289dcd326,68f2d95bd190740cfd6a30c8,ENQUEUED,0.40164135959956127,questions_in
2025-10-29T00:11:02.622019,PUBLISH,ddf7891b781c4deabec646f7cfd79ec8,68f2d95bd190740cfd6a36b3,ENQUEUED,0.3411155774421675,questions_in
2025-10-29T00:11:02.949796,PUBLISH,b6899d3a5d85408384183e69a888f9fa,68f2d95bd190740cfd6a3bb0,ENQUEUED,0.32416286091451996,questions_in
2025-10-29T00:11:03.200331,PUBLISH,21dd0669dbc4436d9ea4e6f45fd492db,68f2d95bd190740cfd6a3f87,ENQUEUED,0.24678745033957666,questions_in
2025-10-29T00:11:03.603956,PUBLISH,7c78b9fb764449888923095b3362d26a,68f2d95bd190740cfd6a1b7c,ENQUEUED,0.3986340741104817,questions_in
2025-10-29T00:11:03.823876,PUBLISH,3558b79ed13942cca5c3ecb66446981e,68f2d95bd190740cfd6a1baf,ENQUEUED,0.21809761289055443,questions_in
2025-10-29T00:11:04.104684,PUBLISH,ee95a78aa71e49dc82c6370e94d58c7b,68f2d95bd190740cfd6a2897,ENQUEUED,0.2772755264535397,questions_in
2025-10-29T00:11:04.388762,PUBLISH,a5db04799f9a4c239c7d41f01eebe4e4,68f2d95bd190740cfd6a3e16,ENQUEUED,0.28195159530901537,questions_in
2025-10-29T00:11:04.639004,PUBLISH,0ca1c30b68254958a858185af41d8521,68f2d95bd190740cfd6a3e4b,ENQUEUED,0.24783487590691078,questions_in
2025-10-29T00:11:04.763103,PUBLISH,9560ff4f70a242329715c534c8cfd758,68f2d95bd190740cfd6a2f73,ENQUEUED,0.12123879105877258,questions_in
2025-10-29T00:11:05.160920,PUBLISH,1688145bf64b4500b68019841175f6e1,68f2d95bd190740cfd6a39b0,ENQUEUED,0.3958729416984731,questions_in
2025-10-29T00:11:05.485528,PUBLISH,f5e5d55387354780a7458b9bf00bd85c,68f2d95bd190740cfd6a1fa1,ENQUEUED,0.3202509587418946,questions_in
2025-10-29T00:11:05.909299,PUBLISH,f215eefc453b45dd96312f16d03105d4,68f2d95bd190740cfd6a2241,ENQUEUED,0.4208287848354504,questions_in
2025-10-29T00:11:06.122261,PUBLISH,75ce523f49c546ab83d8a08e2fc21f40,68f2d95bd190740cfd6a20e4,ENQUEUED,0.21131080667961202,questions_in
2025-10-29T00:11:06.433904,PUBLISH,a3ec05ad2eb84cd0b053065bb8f7e082,68f2d95bd190740cfd6a327e,ENQUEUED,0.30740540883127926,questions_in
2025-10-29T00:11:06.644290,PUBLISH,10fcc876297746c58dd3917a69d1ac93,68f2d95bd190740cfd6a2c8e,ENQUEUED,0.20837991139245698,questions_in
2025-10-29T00:11:06.783758,PUBLISH,aaec11fe59a54cce9cc482ec1f6fed8d,68f2d95bd190740cfd6a3aa2,ENQUEUED,0.13516671573232453,questions_in
2025-10-29T00:11:07.200190,PUBLISH,ba2020fdb4aa442f89609dae2fbdf3c5,68f2d95bd190740cfd6a3aac,ENQUEUED,0.41156752358080273,questions_in
2025-10-29T00:11:07.347473,PUBLISH,65eda44a3c4c460a8b98f0ccd8d5fb2d,68f2d95bd190740cfd6a209b,ENQUEUED,0.1437606013505608,questions_in
2025-10-29T00:11:07.804172,PUBLISH,64e0f767feb14384be236ae3f10ca888,68f2d95bd190740cfd6a34e9,ENQUEUED,0.45427157357268866,questions_in
2025-10-29T00:11:07.987498,PUBLISH,7e976eef3e3d44c78e29658e711f6f18,68f2d95bd190740cfd6a398e,ENQUEUED,0.1810158417111917,questions_in
2025-10-29T00:11:08.460259,PUBLISH,fdfc9f72c0d947718eb8417c39448f59,68f2d95bd190740cfd6a3c39,ENQUEUED,0.46707145787294435,questions_in
2025-10-29T00:11:08.838654,PUBLISH,60ca02a6d1494ab791531c585302fefd,68f2d95bd190740cfd6a22b5,ENQUEUED,0.3747271684060154,questions_in
2025-10-29T00:11:09.166693,PUBLISH,7e8678fe646b4a549a0067b6646fe312,68f2d95bd190740cfd6a2bcc,ENQUEUED,0.32340274489676235,questions_in
2025-10-29T00:11:09.437220,PUBLISH,4b31aad2f04243a0b88fce9fcd0dfaf6,68f2d95bd190740cfd6a220c,ENQUEUED,0.2640676366546517,questions_in
2025-10-29T00:11:09.775775,PUBLISH,b7850585eba942c89859af4e50a0248a,68f2d95bd190740cfd6a2567,ENQUEUED,0.335647667218956,questions_in
2025-10-29T00:11:09.884957,PUBLISH,5c7aa347b4cb443da8ba1a2ce8f57d17,68f2d95bd190740cfd6a395c,ENQUEUED,0.10604732374359833,questions_in
2025-10-29T00:11:10.357485,PUBLISH,d588077bb4b54328baef305728474853,68f2d95bd190740cfd6a3178,ENQUEUED,0.47063794602600106,questions_in
2025-10-29T00:11:10.740987,PUBLISH,aa48b7596a0f488aa67f124ce731bb2d,68f2d95bd190740cfd6a351b,ENQUEUED,0.3811900957415648,questions_in
2025-10-29T00:11:11.206211,PUBLISH,39395171d33a4fffa3f21c6fe44fab9a,68f2d95bd190740cfd6a4149,ENQUEUED,0.46294725393237923,questions_in
2025-10-29T00:11:11.384304,PUBLISH,25cfb9cb677249278740aaeae3967b41,68f2d95bd190740cfd6a3538,ENQUEUED,0.17541117081337193,questions_in
2025-10-29T00:11:11.676293,PUBLISH,f361a4b98a4e4e3eadd4d80dc0f1467f,68f2d95bd190740cfd6a3837,ENQUEUED,0.28947315658243095,questions_in
2025-10-29T00:11:12.139060,PUBLISH,3f8b9e6bd49343abb5ad7ca4e0fb1ae5,68f2d95bd190740cfd6a1da7,ENQUEUED,0.4605441144289609,questions_in
2025-10-29T00:11:12.434508,PUBLISH,5a70d327e02b40e994363d3a70af1a9b,68f2d95bd190740cfd6a31ac,ENQUEUED,0.29260848321337773,questions_in
2025-10-29T00:11:12.791511,PUBLISH,ea61f48dc38f42488e5826027c3b609b,68f2d95bd190740cfd6a283b,ENQUEUED,0.35113905371362186,questions_in
2025-10-29T00:11:12.896975,PUBLISH,4a3252b568564b78a77ee071e4624906,68f2d95bd190740cfd6a2463,ENQUEUED,0.10226439018347788,questions_in
2025-10-29T00:11:13.092191,PUBLISH,6330988cdc064439bd3f3894993bf7a1,68f2d95bd190740cfd6a354c,ENQUEUED,0.1935991328300554,questions_in
2025-10-29T00:11:13.526318,PUBLISH,ccf5c9fcb3cf4d64adbaa81a6bc2e4d5,68f2d95bd190740cfd6a2ad1,ENQUEUED,0.43227784669832936,questions_in
2025-10-29T00:11:13.655437,PUBLISH,73db6c6a3338406a90a3d969a1aafacc,68f2d95bd190740cfd6a39c0,ENQUEUED,0.12201012210569809,questions_in
2025-10-29T00:11:13.781941,PUBLISH,2ffd7659e22c4427b2ce8088d500f85d,68f2d95bd190740cfd6a22c7,ENQUEUED,0.12210217757215364,questions_in
2025-10-29T00:11:14.122225,PUBLISH,89d5713c2a114ed39a097feb74310d1a,68f2d95bd190740cfd6a3883,ENQUEUED,0.33799878667884287,questions_in
2025-10-29T00:11:14.353293,PUBLISH,2e144daa0f874a0f9fbe6851f8df2699,68f2d95bd190740cfd6a3067,ENQUEUED,0.2293774084121719,questions_in
2025-10-29T00:11:14.502091,PUBLISH,5786e65a0efc4ebcb481338f351f9e6e,68f2d95bd190740cfd6a34b1,ENQUEUED,0.14624153786858926,questions_in
2025-10-29T00:11:14.893981,PUBLISH,45deba089915401a9e494cc0abd7c54c,68f2d95bd190740cfd6a267d,ENQUEUED,0.3891247495400326,questions_in
2025-10-29T00:11:15.280046,PUBLISH,8fbc3be1c2df4324977b2943c76fbed7,68f2d95bd190740cfd6a1e7b,ENQUEUED,0.3826203600026863,questions_in
2025-10-29T00:11:15.593813,PUBLISH,73af0e8acac4496a99f54c1b894ca863,68f2d95bd190740cfd6a39c3,ENQUEUED,0.31192068417642554,questions_in
2025-10-29T00:11:16.008924,PUBLISH,3969272df6214919b2ac77d2365609fd,68f2d95bd190740cfd6a21fe,ENQUEUED,0.4128321745450487,questions_in
2025-10-29T00:11:16.446409,PUBLISH,d7fcd6f730824689a29e8fc5fdb1c5ee,68f2d95bd190740cfd6a3d0f,ENQUEUED,0.4338898921437998,questions_in
2025-10-29T00:11:16.654894,PUBLISH,9b384faec9174efd8aed31bc0a50ecfa,68f2d95bd190740cfd6a2728,ENQUEUED,0.20657438808263265,questions_in
2025-10-29T00:11:16.839845,PUBLISH,3a492da3d12e48f39d6a0d5a649942e7,68f2d95bd190740cfd6a3555,ENQUEUED,0.18286797818401557,questions_in
2025-10-29T00:11:17.040670,PUBLISH,a53e897c2d9a418297c4b68e890bd411,68f2d95bd190740cfd6a297a,ENQUEUED,0.19291871027242188,questions_in
2025-10-29T00:11:17.496647,PUBLISH,3c4ef108f2ec4ed1938ec0f3bb59dbbb,68f2d95bd190740cfd6a3ec1,ENQUEUED,0.45202316062344927,questions_in
2025-10-29T00:11:17.772823,PUBLISH,f06103c41a2849feb30ba0634ee90c28,68f2d95bd190740cfd6a1d5d,ENQUEUED,0.2744763657574054,questions_in
2025-10-29T00:11:18.218390,PUBLISH,6ef061f7653441459834eb5e7654df89,68f2d95bd190740cfd6a1dec,ENQUEUED,0.4375344847002868,questions_in
2025-10-29T00:11:18.555344,PUBLISH,7bf6baecefdf4bb4bb26b759cc5aeb7e,68f2d95bd190740cfd6a3b10,ENQUEUED,0.3346026434150363,questions_in
2025-10-29T00:11:19.002535,PUBLISH,c772fca01e584c179cace4b6e7cb299d,68f2d95bd190740cfd6a3b10,ENQUEUED,0.44188709962193884,questions_in
2025-10-29T00:11:19.442919,PUBLISH,130e1ddf36b645e68db5da1999deea7e,68f2d95bd190740cfd6a22f8,ENQUEUED,0.43832903617990904,questions_in
2025-10-29T00:11:19.624549,PUBLISH,e91763f2fe134a22a174d11d51d0751d,68f2d95bd190740cfd6a3f58,ENQUEUED,0.1792542047450455,questions_in
2025-10-29T00:11:19.803715,PUBLISH,31fc772006e54f29aa38cd6d759f7b0c,68f2d95bd190740cfd6a2a42,ENQUEUED,0.17583058513069572,questions_in
2025-10-29T00:11:20.091686,PUBLISH,a24a6acb04d34c35be602b0e919f4627,68f2d95bd190740cfd6a1edf,ENQUEUED,0.2856589524659994,questions_in
2025-10-29T00:11:20.284382,PUBLISH,33ae9ee5b1444d5da50bb49ae8905066,68f2d95bd190740cfd6a2cad,ENQUEUED,0.18051929665218014,questions_in
2025-10-29T00:11:20.399270,PUBLISH,2850440966f94db888fb0adb7f3d64aa,68f2d95bd190740cfd6a1f32,ENQUEUED,0.11281075888183234,questions_in
2025-10-29T00:11:20.736415,PUBLISH,d7daf98d0279479889578fbe4fbc4061,68f2d95bd190740cfd6a3e64,ENQUEUED,0.33458663326846616,questions_in
2025-10-29T00:11:20.912687,PUBLISH,5592a0d46277439f8be08d3d884c5797,68f2d95bd190740cfd6a23cc,ENQUEUED,0.17216218609361428,questions_in
2025-10-29T00:11:21.101475,PUBLISH,26cf251922794ad29c02bf4c7cdb2cae,68f2d95bd190740cfd6a2271,ENQUEUED,0.18655271844422072,questions_in
2025-10-29T00:11:21.213485,PUBLISH,53336075777940798b21132e71c3139a,68f2d95bd190740cfd6a2a2b,ENQUEUED,0.10836368518754785,questions_in
2025-10-29T00:11:21.616399,PUBLISH,e25105370b014304996456d543bd7894,68f2d95bd190740cfd6a279f,ENQUEUED,0.40105316907922217,questions_in
2025-10-29T00:11:21.950926,PUBLISH,67e8614f4a8c48ab946843d29e2b3085,68f2d95bd190740cfd6a2ab8,ENQUEUED,0.3317605629748533,questions_in
2025-10-29T00:11:22.164964,PUBLISH,d3714916d1d94122be996b3fbcd6b12a,68f2d95bd190740cfd6a318a,ENQUEUED,0.2110285437711435,questions_in
2025-10-29T00:11:22.398884,PUBLISH,7415e4b3bbf94be08d3224d118cceeb3,68f2d95bd190740cfd6a2fb5,ENQUEUED,0.23032921760036748,questions_in
2025-10-29T00:11:22.769335,PUBLISH,c68fc945eb1741bd98063e7d539c0850,68f2d95bd190740cfd6a3c04,ENQUEUED,0.3682430714797965,questions_in
2025-10-29T00:11:23.157008,PUBLISH,9c07a649ebd84f9ea7b093cd686cbc21,68f2d95bd190740cfd6a1b67,ENQUEUED,0.3797145840419124,questions_in
2025-10-29T00:11:23.477588,PUBLISH,955e709e7c41463abcbe5a3dcc3d508a,68f2d95bd190740cfd6a3d91,ENQUEUED,0.31763832607397235,questions_in
2025-10-29T00:11:23.774558,PUBLISH,cfd911dc52d5416590e154758d3f24e1,68f2d95bd190740cfd6a3bd4,ENQUEUED,0.2909960942988897,questions_in
2025-10-29T00:11:24.123442,PUBLISH,8e286b26c07840b8b782c9f33a1ad896,68f2d95bd190740cfd6a407b,ENQUEUED,0.34714676814826073,questions_in
2025-10-29T00:11:24.409101,PUBLISH,ad7b2a23f7b64aa1944ecedc36b8f921,68f2d95bd190740cfd6a2078,ENQUEUED,0.28385698891544886,questions_in
2025-10-29T00:11:24.770109,PUBLISH,e91449b26e2d46a9ab446097455769fc,68f2d95bd190740cfd6a3ca4,ENQUEUED,0.3576195069757261,questions_in
2025-10-29T00:11:25.113915,PUBLISH,05fbd3ba798c4dd1a29a545b044dfcc4,68f2d95bd190740cfd6a1add,ENQUEUED,0.3399340653006109,questions_in
2025-10-29T00:11:25.556193,PUBLISH,337f8612678540c2ac1f9319f0d9eea4,68f2d95bd190740cfd6a3e36,ENQUEUED,0.43572763082811783,questions_in
2025-10-29T00:11:25.800260,PUBLISH,2c9ea24765674239aa2a4c19ee13ddb6,68f2d95bd190740cfd6a2421,ENQUEUED,0.23551604173986554,questions_in
2025-10-29T00:11:25.954074,PUBLISH,d0a10b2652754977815d9bb4a144ec55,68f2d95bd190740cfd6a2768,ENQUEUED,0.14565392225619542,questions_in
2025-10-29T00:11:26.265561,PUBLISH,ceadb8f1cdf34d1887c7135e3e11ba87,68f2d95bd190740cfd6a20d6,ENQUEUED,0.3086833827268858,questions_in
2025-10-29T00:11:26.434981,PUBLISH,9e13b8112b764c34800a8ed34fb52cba,68f2d95bd190740cfd6a2fc2,ENQUEUED,0.16747946513856285,questions_in
2025-10-29T00:11:26.680951,PUBLISH,91fe7ae3cf3f421da88bb69309aafa3b,68f2d95bd190740cfd6a1ecc,ENQUEUED,0.24357052650312921,questions_in
2025-10-29T00:11:27.134989,PUBLISH,6ab951b3ae014fc89eb34fea694b2517,68f2d95bd190740cfd6a3ebe,ENQUEUED,0.4471819469857429,questions_in
2025-10-29T00:11:27.271633,PUBLISH,a49da4175829475c909bfc61d7dfec01,68f2d95bd190740cfd6a2789,ENQUEUED,0.13416612582719348,questions_in
2025-10-29T00:11:27.567694,PUBLISH,eb3ba32eed554a2aae8bbdd088999ef2,68f2d95bd190740cfd6a3cef,ENQUEUED,0.29308489232808643,questions_in
2025-10-29T00:11:27.897081,PUBLISH,3ca3c6ec46c0498abc91a50ca99df239,68f2d95bd190740cfd6a219c,ENQUEUED,0.3246697488971261,questions_in
2025-10-29T00:11:28.375663,PUBLISH,a964c49ada8943fbbe1208f7695f3e59,68f2d95bd190740cfd6a3a0d,ENQUEUED,0.47490774678152325,questions_in
2025-10-29T00:11:28.510926,PUBLISH,25b387c102be43fe86d46f001cc98c6b,68f2d95bd190740cfd6a3ee4,ENQUEUED,0.1311734944734072,questions_in
2025-10-29T00:11:28.738297,PUBLISH,59cd8f0eca3242fc9b97986edfdb42a0,68f2d95bd190740cfd6a38b8,ENQUEUED,0.22509474169188534,questions_in
2025-10-29T00:11:29.116044,PUBLISH,3e633675c2d64313914d6dfbbc243ddf,68f2d95bd190740cfd6a2579,ENQUEUED,0.37539559843803116,questions_in
2025-10-29T00:11:29.572290,PUBLISH,340fca0b3e1e4495bba08b60e1712472,68f2d95bd190740cfd6a2379,ENQUEUED,0.45403119985121554,questions_in
2025-10-29T00:11:29.904557,PUBLISH,4a2cf52b4d7e4f87924b6c18d3cb1cce,68f2d95bd190740cfd6a2b89,ENQUEUED,0.329883482759678,questions_in
2025-10-29T00:11:30.180022,PUBLISH,291bd9f4e6c144bdb25c5191720e4f29,68f2d95bd190740cfd6a3cfb,ENQUEUED,0.271758437960316,questions_in
2025-10-29T00:11:30.514149,PUBLISH,0c43cf92278d4bd1aa871b215e7e9db3,68f2d95bd190740cfd6a2e49,ENQUEUED,0.33184890841181086,questions_in
2025-10-29T00:11:30.651266,PUBLISH,057d9a24225b43e4b601ce40b082c6c1,68f2d95bd190740cfd6a1b00,ENQUEUED,0.13536204430577992,questions_in
2025-10-29T00:11:31.021750,PUBLISH,c9b64f409e9840cebad54adbb65f3ff2,68f2d95bd190740cfd6a2ebd,ENQUEUED,0.36803229555907846,questions_in
2025-10-29T00:11:31.411450,PUBLISH,2817af19e11640bc9204de052dbcfba0,68f2d95bd190740cfd6a407a,ENQUEUED,0.38328091058506464,questions_in
2025-10-29T00:11:31.904761,PUBLISH,fdcf264fe10047f88e475aac8edb4f6a,68f2d95bd190740cfd6a1de6,ENQUEUED,0.49040946497330495,questions_in
2025-10-29T00:11:32.381702,PUBLISH,3a3479021b4b4a28abc515b6254b5729,68f2d95bd190740cfd6a35a2,ENQUEUED,0.47410580531548063,questions_in
2025-10-29T00:11:32.487997,PUBLISH,4f092e3b8acc4ce998a08a3c7b1174a8,68f2d95bd190740cfd6a3c65,ENQUEUED,0.10450961676523285,questions_in
2025-10-29T00:11:32.862887,PUBLISH,34c9cf77238b4719b07b384558b47047,68f2d95bd190740cfd6a32f9,ENQUEUED,0.3712805984262618,questions_in
2025-10-29T00:11:33.290231,PUBLISH,427613d4af51435fab199c7f5ad17352,68f2d95bd190740cfd6a324a,ENQUEUED,0.4248326273132239,questions_in
2025-10-29T00:11:33.554567,PUBLISH,5b98c0af8848453b93e40fea4cc145b0,68f2d95bd190740cfd6a1d72,ENQUEUED,0.26199489503990714,questions_in
2025-10-29T00:11:33.849194,PUBLISH,ee053694bb104924856613a949c57e32,68f2d95bd190740cfd6a35e3,ENQUEUED,0.2929881434262769,questions_in
2025-10-29T00:11:33.980193,PUBLISH,9d9ed48d417345889a6321c4dcd9d38c,68f2d95bd190740cfd6a1b86,ENQUEUED,0.12878534952607879,questions_in
2025-10-29T00:11:34.165869,PUBLISH,f3ec73c60fae4c1a97d1cd05a3da988c,68f2d95bd190740cfd6a20c9,ENQUEUED,0.18389122992022955,questions_in
2025-10-29T00:11:34.474208,PUBLISH,4acaaebcf85a4f7fb62a86f9edc15575,68f2d95bd190740cfd6a3800,ENQUEUED,0.30659771167287186,questions_in
2025-10-29T00:11:34.756676,PUBLISH,b9ddfc2a98ed4a728d4b0f4664ab98b1,68f2d95bd190740cfd6a2edd,ENQUEUED,0.2806846315153824,questions_in
2025-10-29T00:11:35.221418,PUBLISH,638f19968f384803b7861dac7a54e6e2,68f2d95bd190740cfd6a331f,ENQUEUED,0.46292056077329324,questions_in
2025-10-29T00:11:35.442021,PUBLISH,a931cb0eed2449dfab16fca5b645668c,68f2d95bd190740cfd6a22af,ENQUEUED,0.21589830847491642,questions_in
2025-10-29T00:11:35.570479,PUBLISH,fd39a545bf9443598b1d6d791b224f01,68f2d95bd190740cfd6a26ea,ENQUEUED,0.12602333763540918,questions_in
2025-10-29T00:11:35.678179,PUBLISH,5863925294ac47b49531f52474cdd6ff,68f2d95bd190740cfd6a2384,ENQUEUED,0.10436554735714579,questions_in
2025-10-29T00:11:36.095910,PUBLISH,0d630112d2834d6c97cc729218a407fd,68f2d95bd190740cfd6a31de,ENQUEUED,0.4129330951085256,questions_in
2025-10-29T00:11:36.393545,PUBLISH,c4b7a642a4474d7da06a01f9a9460e89,68f2d95bd190740cfd6a2753,ENQUEUED,0.29392927855696227,questions_in
2025-10-29T00:11:36.726557,PUBLISH,473190a45b9445d4a524c607fff87d6f,68f2d95bd190740cfd6a3e05,ENQUEUED,0.32990107101441285,questions_in
2025-10-29T00:11:36.853385,PUBLISH,158b75c56020424881598653f6955cb7,68f2d95bd190740cfd6a262d,ENQUEUED,0.12467943978788032,questions_in
2025-10-29T00:11:37.105251,PUBLISH,9fcb30dbb1b94247bd4594e58cc6f960,68f2d95bd190740cfd6a1dec,ENQUEUED,0.2495747078170635,questions_in
2025-10-29T00:11:37.267364,PUBLISH,c3f1ef59011749af8979f2d0b0d269d5,68f2d95bd190740cfd6a31c8,ENQUEUED,0.15997059013527487,questions_in
2025-10-29T00:11:37.678436,PUBLISH,57b08f39bba64b4195d224510ed31a33,68f2d95bd190740cfd6a36e6,ENQUEUED,0.40669668918443647,questions_in
2025-10-29T00:11:38.130333,PUBLISH,6b2ab7c94daa49af8be9eaff638be0e6,68f2d95bd190740cfd6a3df1,ENQUEUED,0.44794496927256466,questions_in
2025-10-29T00:11:38.421202,PUBLISH,f77496b8799741aca82873a83191bf28,68f2d95bd190740cfd6a2469,ENQUEUED,0.2891376569208769,questions_in
2025-10-29T00:11:38.867956,PUBLISH,91447331a27b4563bf88b2f79a2c4699,68f2d95bd190740cfd6a2bab,ENQUEUED,0.44471351119373514,questions_in
2025-10-29T00:11:39.045365,PUBLISH,00db419b89fe41ed838f01e072b5dc84,68f2d95bd190740cfd6a3761,ENQUEUED,0.17388793032207828,questions_in
2025-10-29T00:11:39.482318,PUBLISH,79e8c0287e43413a9e78dd865497e3c8,68f2d95bd190740cfd6a40d7,ENQUEUED,0.43509369206872384,questions_in
2025-10-29T00:11:39.879533,PUBLISH,d5d22504eb6b4abebe36505f53de5173,68f2d95bd190740cfd6a33c5,ENQUEUED,0.391167468189775,questions_in
2025-10-29T00:11:40.371745,PUBLISH,eb312d0bf58f45b185ad21821fd542c8,68f2d95bd190740cfd6a386c,ENQUEUED,0.48892360315082417,questions_in
2025-10-29T00:11:40.589899,PUBLISH,732d0543975a4fc0994433c499da4bbe,68f2d95bd190740cfd6a2ae4,ENQUEUED,0.21546685387904413,questions_in
2025-10-29T00:11:40.954071,PUBLISH,0ebbb620d5e8433c80eedfe1ff32dc29,68f2d95bd190740cfd6a2935,ENQUEUED,0.36267098714896195,questions_in
2025-10-29T00:11:41.071314,PUBLISH,d24727554b024eb4937a9bc6a68ec9d5,68f2d95bd190740cfd6a2771,ENQUEUED,0.11565097015230208,questions_in
2025-10-29T00:11:41.530662,PUBLISH,f2664c88d782466384dd7ce7e6dfbf5c,68f2d95bd190740cfd6a342e,ENQUEUED,0.4521071029798408,questions_in
2025-10-29T00:11:41.836029,PUBLISH,6f1c7d347c3e4c58ba9e717fc6b47a8f,68f2d95bd190740cfd6a2ec1,ENQUEUED,0.3030222833712233,questions_in
2025-10-29T00:11:42.000018,PUBLISH,0aa13fabbdb14971a724517b28b37593,68f2d95bd190740cfd6a3626,ENQUEUED,0.1624666989152722,questions_in
2025-10-29T00:11:42.477188,PUBLISH,b227f1615c9645d79c8724756a3050f2,68f2d95bd190740cfd6a1bb7,ENQUEUED,0.4734073356728117,questions_in
2025-10-29T00:11:42.678229,PUBLISH,d9c3a0de281043edb6e6ce3ce51a2e4e,68f2d95bd190740cfd6a1d48,ENQUEUED,0.19822115436499166,questions_in
2025-10-29T00:11:43.111480,PUBLISH,090aac1fe32a4c1b943e1168d7110615,68f2d95bd190740cfd6a345c,ENQUEUED,0.4305057001938234,questions_in
2025-10-29T00:11:43.351798,PUBLISH,035c118d01d1406992b01cc52de9ea2c,68f2d95bd190740cfd6a25ba,ENQUEUED,0.23818423678803563,questions_in
2025-10-29T00:11:43.778610,PUBLISH,d371cf5be5d0452cb1a56aaa78b2e982,68f2d95bd190740cfd6a3d30,ENQUEUED,0.4240171908049527,questions_in
2025-10-29T00:11:44.141814,PUBLISH,a2e0bf545a134897a3db9d1a4341039e,68f2d95bd190740cfd6a26aa,ENQUEUED,0.35911602608041304,questions_in
2025-10-29T00:11:44.575529,PUBLISH,437eb5d171b94fc6a4d7e83b1cd214db,68f2d95bd190740cfd6a2bc6,ENQUEUED,0.4293447663970732,questions_in
2025-10-29T00:11:44.964489,PUBLISH,84de0ad6dc8246d581524e283f55c0e7,68f2d95bd190740cfd6a2e01,ENQUEUED,0.38615448874405844,questions_in
2025-10-29T00:11:45.282654,PUBLISH,0276baa4c9694f18b89e5b6400e8e340,68f2d95bd190740cfd6a308d,ENQUEUED,0.30802379626189086,questions_in
2025-10-29T00:11:45.653819,PUBLISH,5965361de50849be898cf51fa9e08103,68f2d95bd190740cfd6a28ea,ENQUEUED,0.3680468977235867,questions_in
2025-10-29T00:11:45.796044,PUBLISH,41d0b1193d404ff481beddf102858bd8,68f2d95bd190740cfd6a36ca,ENQUEUED,0.13998608071399163,questions_in
2025-10-29T00:11:45.921746,PUBLISH,b3fbd8c8a9974aba8a7993a079ff56d5,68f2d95bd190740cfd6a30a1,ENQUEUED,0.12341942352350582,questions_in
2025-10-29T00:11:46.083402,PUBLISH,845fe1c66f7543aeafbcdeaa0c441b9e,68f2d95bd190740cfd6a3bd8,ENQUEUED,0.15975127255278682,questions_in
2025-10-29T00:11:46.343939,PUBLISH,df4510856a17467a81bbaa3bd497a55d,68f2d95bd190740cfd6a3620,ENQUEUED,0.2573311546091448,questions_in
2025-10-29T00:11:46.613972,PUBLISH,9967700a834e4dde9f6dca65790f999c,68f2d95bd190740cfd6a2b3a,ENQUEUED,0.26800502464090226,questions_in
2025-10-29T00:11:46.913562,PUBLISH,fadad2835f0045319852d7ed1ae8523e,68f2d95bd190740cfd6a1c8d,ENQUEUED,0.29762051125402933,questions_in
2025-10-29T00:11:47.066212,PUBLISH,4b461173dd594926aaf5da3d9674b8c6,68f2d95bd190740cfd6a3d76,ENQUEUED,0.1505918853606016,questions_in
2025-10-29T00:11:47.373214,PUBLISH,c262ab35f9614fb7b86007bb504aca97,68f2d95bd190740cfd6a2895,ENQUEUED,0.30361957067483836,questions_in
2025-10-29T00:11:47.496242,PUBLISH,c6c38b18f54641ab8f21898d7261d6ca,68f2d95bd190740cfd6a3288,ENQUEUED,0.12070437900663694,questions_in
2025-10-29T00:11:47.601888,PUBLISH,7ec191718a744d12bb531ebfab773c69,68f2d95bd190740cfd6a40b3,ENQUEUED,0.10389746007352044,questions_in
2025-10-29T00:11:47.727519,PUBLISH,911bdd97e9df4806803929182fd9c471,68f2d95bd190740cfd6a3ac3,ENQUEUED,0.12303814349597016,questions_in
2025-10-29T00:11:47.880052,PUBLISH,62046944be3349099bf1009fcf4b42bf,68f2d95bd190740cfd6a25fd,ENQUEUED,0.15027531392834903,questions_in
2025-10-29T00:11:48.073151,PUBLISH,472b4de4756c4d5d9138b40389c97c47,68f2d95bd190740cfd6a3673,ENQUEUED,0.18829004242082734,questions_in
2025-10-29T00:11:48.397560,PUBLISH,81b8225e174f48049992444ca8c13ff2,68f2d95bd190740cfd6a1f43,ENQUEUED,0.3222264631596304,questions_in
2025-10-29T00:11:48.860161,PUBLISH,a92210636fd442dcb7ca663560b8512c,68f2d95bd190740cfd6a2536,ENQUEUED,0.45895118974610605,questions_in
2025-10-29T00:11:49.009786,PUBLISH,e0056019238f4eac944fc45e3976f8d6,68f2d95bd190740cfd6a1fe4,ENQUEUED,0.1468914357324064,questions_in
2025-10-29T00:11:49.324062,PUBLISH,b197ff6dff6c462581cb6650ad6a7b16,68f2d95bd190740cfd6a1b09,ENQUEUED,0.3103495553472141,questions_in
2025-10-29T00:11:49.755880,PUBLISH,284ff40cdf4e4a2ea55f171d0179359c,68f2d95bd190740cfd6a3b6d,ENQUEUED,0.4286316255529731,questions_in
2025-10-29T00:11:50.076863,PUBLISH,c8b4648d05884ca295b4abe86dc5dd46,68f2d95bd190740cfd6a3a5e,ENQUEUED,0.3190617832447598,questions_in
2025-10-29T00:11:50.219605,PUBLISH,e752266c192445108bf6e36c08c0d1ee,68f2d95bd190740cfd6a4104,ENQUEUED,0.1412920197237625,questions_in
2025-10-29T00:11:50.624385,PUBLISH,805054ea839a49c68cf6aa09ae98d00c,68f2d95bd190740cfd6a3e1d,ENQUEUED,0.40108186632458687,questions_in
2025-10-29T00:11:51.028730,PUBLISH,67aa8e0463aa4c77bef6e94148895136,68f2d95bd190740cfd6a3a6c,ENQUEUED,0.40230972077499605,questions_in
2025-10-29T00:11:51.435327,PUBLISH,ff8165573b064918a39e3adb73c28c7e,68f2d95bd190740cfd6a40f5,ENQUEUED,0.4039829404754286,questions_in
2025-10-29T00:11:51.917470,PUBLISH,54d4ca53ce014ff9a34ecc221aa3d8be,68f2d95bd190740cfd6a2c4f,ENQUEUED,0.4800620417170486,questions_in
2025-10-29T00:11:52.059340,PUBLISH,8cf125fda3204f38a5e95db091bbdfc9,68f2d95bd190740cfd6a306b,ENQUEUED,0.13862754452560783,questions_in
2025-10-29T00:11:52.557808,PUBLISH,eb8aabcfd4bd4988b28ad7252a275271,68f2d95bd190740cfd6a1b97,ENQUEUED,0.49408274773100824,questions_in
2025-10-29T00:11:52.740534,PUBLISH,668908cd9b4e4e86b85b4663462fc26f,68f2d95bd190740cfd6a34bf,ENQUEUED,0.1788079563095213,questions_in
2025-10-29T00:11:52.995027,PUBLISH,15950de4cf9440d38645148f34b77b59,68f2d95bd190740cfd6a3e0f,ENQUEUED,0.25240230337965924,questions_in
2025-10-29T00:11:53.337160,PUBLISH,1749cec37a6645318c74cd7b66f9634c,68f2d95bd190740cfd6a22f2,ENQUEUED,0.3399100578365457,questions_in
2025-10-29T00:11:53.648690,PUBLISH,6ae4fbf2962f4d64b28cf4797a307fde,68f2d95bd190740cfd6a220f,ENQUEUED,0.30974500450372067,questions_in
2025-10-29T00:11:53.941664,PUBLISH,d2e79850df9247969d5b31d7fa54ec3f,68f2d95bd190740cfd6a3309,ENQUEUED,0.28970664723125517,questions_in
2025-10-29T00:11:54.292477,PUBLISH,9ad7e84fdef64630be65168629cf83ae,68f2d95bd190740cfd6a3d26,ENQUEUED,0.3445167423539178,questions_in
2025-10-29T00:11:54.540136,PUBLISH,d5aa8d850e274f97aadd4f3f2b88a723,68f2d95bd190740cfd6a3e45,ENQUEUED,0.243428936328294,questions_in
2025-10-29T00:11:55.024075,PUBLISH,7bf8018c8366423c82754067ee5875a4,68f2d95bd190740cfd6a3b13,ENQUEUED,0.47983955719820914,questions_in
2025-10-29T00:11:55.477839,PUBLISH,c0bc578126f245178f1c25ca5adefe37,68f2d95bd190740cfd6a2a2d,ENQUEUED,0.44952935137418193,questions_in
2025-10-29T00:11:55.927980,PUBLISH,5ac61a86901344d6b5cdab090ed0ab8e,68f2d95bd190740cfd6a3253,ENQUEUED,0.4424769602811156,questions_in
2025-10-29T00:11:56.236494,PUBLISH,fabda82b008847d999a6a7910ed1bc9b,68f2d95bd190740cfd6a2617,ENQUEUED,0.3062360916875565,questions_in
2025-10-29T00:11:56.450612,PUBLISH,6d5dd696e9c045b587e5285f112c337c,68f2d95bd190740cfd6a2cc4,ENQUEUED,0.2113039264457983,questions_in
2025-10-29T00:11:56.598743,PUBLISH,f800a1dcd5284895b1c8c4fecdbdffe8,68f2d95bd190740cfd6a2264,ENQUEUED,0.14609253467106487,questions_in
2025-10-29T00:11:56.749607,PUBLISH,8117768b9e6f4eb9b25760edb6e3b738,68f2d95bd190740cfd6a1bec,ENQUEUED,0.14627743926840076,questions_in
2025-10-29T00:11:57.038880,PUBLISH,f97aa27f7a734f2d932c4467793ca683,68f2d95bd190740cfd6a2c1f,ENQUEUED,0.2850899328200309,questions_in
2025-10-29T00:11:57.239439,PUBLISH,5fd9d75ffc544c84ae3a8fa7cb755405,68f2d95bd190740cfd6a1fbc,ENQUEUED,0.19735212744447891,questions_in
2025-10-29T00:11:57.349360,PUBLISH,3f496fb6b4a64a2c9636a30a5fd5cfdb,68f2d95bd190740cfd6a28d3,ENQUEUED,0.10602854834918501,questions_in
2025-10-29T00:11:57.811563,PUBLISH,09a54a6fabd245e9ae849c07eb0f9e9a,68f2d95bd190740cfd6a2da6,ENQUEUED,0.45935872676485145,questions_in
2025-10-29T00:11:58.033813,PUBLISH,de272924a617447f81a7b7f0a38c0809,68f2d95bd190740cfd6a2305,ENQUEUED,0.21933709748840863,questions_in
2025-10-29T00:11:58.387408,PUBLISH,3c88fc543d7c41b6bf814072da1e5b2b,68f2d95bd190740cfd6a2d05,ENQUEUED,0.35057758563480734,questions_in
2025-10-29T00:11:58.727868,PUBLISH,03dc58f69e5c411fb29237243d1bc80e,68f2d95bd190740cfd6a2e02,ENQUEUED,0.33838448632234375,questions_in
2025-10-29T00:11:58.941924,PUBLISH,071cc87c7f6f44eb95f054c01d5b38f6,68f2d95bd190740cfd6a2447,ENQUEUED,0.21090053201942524,questions_in
2025-10-29T00:11:59.289763,PUBLISH,efcbfa8576cd4c2c8b7a855fad5d2753,68f2d95bd190740cfd6a2f75,ENQUEUED,0.34433578480663174,questions_in
2025-10-29T00:11:59.425985,PUBLISH,488a4cc6b8a441ee8bee664591354977,68f2d95bd190740cfd6a2a20,ENQUEUED,0.13298707061723114,questions_in
2025-10-29T00:11:59.749832,PUBLISH,2652a36e53a84bbc9752232c9eedd5b7,68f2d95bd190740cfd6a2eae,ENQUEUED,0.321571191257383,questions_in
2025-10-29T00:11:59.923566,PUBLISH,4b997955ca3541378430ce9b3703fbf1,68f2d95bd190740cfd6a3f8d,ENQUEUED,0.17134518252129066,questions_in
2025-10-29T00:12:00.027060,PUBLISH,ab3a3e0782a040c79acd8eca291fcda5,68f2d95bd190740cfd6a1b92,ENQUEUED,0.10103897695646742,questions_in
2025-10-29T00:12:00.488381,PUBLISH,a2ccecce42ec4a3ab1d71c3005fc468b,68f2d95bd190740cfd6a2845,ENQUEUED,0.4583539292717347,questions_in
2025-10-29T00:12:00.590922,PUBLISH,3b04e1ca293f4b4e8f310c311742206d,68f2d95bd190740cfd6a2890,ENQUEUED,0.10006445552399881,questions_in
2025-10-29T00:12:00.742328,PUBLISH,740adc1005664756842fb27310a5a4ab,68f2d95bd190740cfd6a361d,ENQUEUED,0.1495078036538721,questions_in
2025-10-29T00:12:01.160637,PUBLISH,8a3bd71bd005459a9f37d958328ded8e,68f2d95bd190740cfd6a2663,ENQUEUED,0.41558917838163467,questions_in
2025-10-29T00:12:01.657499,PUBLISH,8d4dac507bdc48a882aa73ca28bc0e8f,68f2d95bd190740cfd6a3de4,ENQUEUED,0.49127412666822234,questions_in
2025-10-29T00:12:01.783706,PUBLISH,cd42941710234a3eaa61c76aabbe10f8,68f2d95bd190740cfd6a40e3,ENQUEUED,0.12338751197133863,questions_in
2025-10-29T00:12:02.248919,PUBLISH,a397835230e04ab893dd4a7f96ff90ab,68f2d95bd190740cfd6a2c6d,ENQUEUED,0.46299798514744894,questions_in
2025-10-29T00:12:02.739718,PUBLISH,471450728ff941deba711bc4c6604448,68f2d95bd190740cfd6a1ef7,ENQUEUED,0.487761708058683,questions_in
2025-10-29T00:12:03.101037,PUBLISH,a5d83d6ce4ce41c29ef9c2db83c284ca,68f2d95bd190740cfd6a3ca5,ENQUEUED,0.35921712611828627,questions_in
2025-10-29T00:12:03.512583,PUBLISH,94767a5c0bbb4c689ce22326f2b58ee7,68f2d95bd190740cfd6a3ead,ENQUEUED,0.40956644454435265,questions_in
2025-10-29T00:12:04.006245,PUBLISH,8cb372c318f1422287f827eaf4ae2519,68f2d95bd190740cfd6a29d2,ENQUEUED,0.4896470761648303,questions_in
2025-10-29T00:12:04.390804,PUBLISH,1d24ec7c73094b69ac08ad0f5fff68ac,68f2d95bd190740cfd6a297e,ENQUEUED,0.38244880123286684,questions_in
2025-10-29T00:12:04.522300,PUBLISH,db023e4fb65742f682333b2c9cc9a377,68f2d95bd190740cfd6a2df6,ENQUEUED,0.12735617562096282,questions_in
2025-10-29T00:12:04.711908,PUBLISH,83396dc229774ab6941ed51a75eca6e7,68f2d95bd190740cfd6a26eb,ENQUEUED,0.18742221851345464,questions_in
2025-10-29T00:12:04.866152,PUBLISH,1f5b1c34a4d4464e9c6adca41f42b776,68f2d95bd190740cfd6a3f60,ENQUEUED,0.1523420431174743,questions_in
2025-10-29T00:12:05.346959,PUBLISH,3a6a3b9377464c18aa422d091c5e7cc4,68f2d95bd190740cfd6a3253,ENQUEUED,0.47820586955458544,questions_in
2025-10-29T00:12:05.581885,PUBLISH,2d4b57991e9f4e54b93f0ac5b4441510,68f2d95bd190740cfd6a3560,ENQUEUED,0.23254980976638115,questions_in
2025-10-29T00:12:05.795322,PUBLISH,7edbd44c8cf945b7b880a0b84f5156dc,68f2d95bd190740cfd6a1c1d,ENQUEUED,0.21103212997823872,questions_in
2025-10-29T00:12:06.062160,PUBLISH,566ff1ed8b794e0b8cf97a67fd29407d,68f2d95bd190740cfd6a254f,ENQUEUED,0.2651624519129254,questions_in
2025-10-29T00:12:06.165010,PUBLISH,29962f7a1b93486bb2b1dfaf8d4b9ad1,68f2d95bd190740cfd6a24e7,ENQUEUED,0.10111446805521616,questions_in
2025-10-29T00:12:06.584499,PUBLISH,ba26d878524c419c871e47641a17a77b,68f2d95bd190740cfd6a3df2,ENQUEUED,0.4170541286467496,questions_in
2025-10-29T00:12:06.911463,PUBLISH,b86bf6221fd1479ab10217088e5b2ebb,68f2d95bd190740cfd6a343d,ENQUEUED,0.32472111055169695,questions_in
2025-10-29T00:12:07.277551,PUBLISH,fa5a02417bc64bb4875ad0c589df4c23,68f2d95bd190740cfd6a1fbe,ENQUEUED,0.35841435269932764,questions_in
2025-10-29T00:12:07.757466,PUBLISH,9c8e071e577741dd8df66081fe2aa060,68f2d95bd190740cfd6a28de,ENQUEUED,0.47071230913050466,questions_in
2025-10-29T00:12:08.158107,PUBLISH,32fe73ffa1b04ff9b777f7b7db835d00,68f2d95bd190740cfd6a3bcc,ENQUEUED,0.39816285775641824,questions_in
2025-10-29T00:12:08.390793,PUBLISH,10cb330480ad4d1c9cfaa4f5e18fe338,68f2d95bd190740cfd6a2a54,ENQUEUED,0.22921420780030682,questions_in
2025-10-29T00:12:08.661771,PUBLISH,be0b0e888eb4459fa5778869a38c52db,68f2d95bd190740cfd6a1da4,ENQUEUED,0.26472436134929583,questions_in
2025-10-29T00:12:08.846873,PUBLISH,45900720724d44d4b8fbc4fb3187db3e,68f2d95bd190740cfd6a1fdb,ENQUEUED,0.18301775109397492,questions_in
2025-10-29T00:12:09.142142,PUBLISH,3cb3797f3bd84cedbeea5253158cc248,68f2d95bd190740cfd6a40e4,ENQUEUED,0.29328632946477284,questions_in
2025-10-29T00:12:09.546957,PUBLISH,e62a57344ed64e65b63829e75f1590c7,68f2d95bd190740cfd6a28fc,ENQUEUED,0.40277874144580805,questions_in
2025-10-29T00:12:10.007287,PUBLISH,9e2082d502dd4400af5a8807b625e8db,68f2d95bd190740cfd6a29a0,ENQUEUED,0.4581772023558842,questions_in
2025-10-29T00:12:10.477037,PUBLISH,e7c39647dc1b4cccabdf7d37a631871a,68f2d95bd190740cfd6a2710,ENQUEUED,0.4674985018007508,questions_in
2025-10-29T00:12:10.828346,PUBLISH,e5e6ad907c244dbf967a41483ccef7fc,68f2d95bd190740cfd6a1c08,ENQUEUED,0.34453068319556723,questions_in
2025-10-29T00:12:11.067287,PUBLISH,f91c3ed8fe044674bf8f096364f171e8,68f2d95bd190740cfd6a3e1b,ENQUEUED,0.23682186069822692,questions_in
2025-10-29T00:12:11.414329,PUBLISH,71adbda398da42919efa5fe0e935c111,68f2d95bd190740cfd6a1f9b,ENQUEUED,0.3446815855919556,questions_in
2025-10-29T00:12:11.519447,PUBLISH,10fd43c4748247fcbaf01604e95ebe0a,68f2d95bd190740cfd6a210e,ENQUEUED,0.10182237992411758,questions_in
2025-10-29T00:12:11.671186,PUBLISH,0c9b97618e624431acb5e3b937d93ecd,68f2d95bd190740cfd6a3505,ENQUEUED,0.14868564638473958,questions_in
2025-10-29T00:12:11.855974,PUBLISH,8d6489c68eb543d5808fe4a42a35558d,68f2d95bd190740cfd6a32ed,ENQUEUED,0.1833599609200861,questions_in
2025-10-29T00:12:12.082172,PUBLISH,e9b1f9285f7a4452a4751a6c96f08ee4,68f2d95bd190740cfd6a2c40,ENQUEUED,0.2244374266498318,questions_in
2025-10-29T00:12:12.440023,PUBLISH,1a5afe53d59f433d862fd8215b00dc8a,68f2d95bd190740cfd6a3a2d,ENQUEUED,0.3554529026434682,questions_in
2025-10-29T00:12:12.642423,PUBLISH,146215fc6af949b0ab12b360da81a983,68f2d95bd190740cfd6a265f,ENQUEUED,0.20033970337544926,questions_in
2025-10-29T00:12:12.841007,PUBLISH,52967fbb070c474e86a33e85566e8414,68f2d95bd190740cfd6a27aa,ENQUEUED,0.1963177438195881,questions_in
2025-10-29T00:12:13.137956,PUBLISH,671c0b15c0b4490fb82aaa95ca1561d1,68f2d95bd190740cfd6a2d66,ENQUEUED,0.29423706786398085,questions_in
2025-10-29T00:12:13.589198,PUBLISH,b08e61e1832b420eaefb7891412f9fa6,68f2d95bd190740cfd6a3684,ENQUEUED,0.44938060082868125,questions_in
2025-10-29T00:12:13.769728,PUBLISH,43390d085066463e85881788e791bdbf,68f2d95bd190740cfd6a2bbb,ENQUEUED,0.1767089178335128,questions_in
2025-10-29T00:12:14.122281,PUBLISH,db99ee68ef2a42b4adf8a95f567142fc,68f2d95bd190740cfd6a2a8c,ENQUEUED,0.35001984824706467,questions_in
2025-10-29T00:12:14.269811,PUBLISH,5cc553235fe846349be95f84049c542d,68f2d95bd190740cfd6a413f,ENQUEUED,0.14362369018401355,questions_in
2025-10-29T00:12:14.608564,PUBLISH,37085b24a9e44ecfae1706456dcb80b3,68f2d95bd190740cfd6a3507,ENQUEUED,0.33488945898375055,questions_in
2025-10-29T00:12:14.835984,PUBLISH,02ae41ff958c444a9ea7c5289ad67631,68f2d95bd190740cfd6a3da9,ENQUEUED,0.22278935440964737,questions_in
2025-10-29T00:12:15.240128,PUBLISH,49dc39b25cb846aeb4f98d1064cedd86,68f2d95bd190740cfd6a27bc,ENQUEUED,0.3964372944473279,questions_in
2025-10-29T00:12:15.472310,PUBLISH,d3c0f0dc905a40f88f4c8bcf24390018,68f2d95bd190740cfd6a1d75,ENQUEUED,0.2303723755168494,questions_in
2025-10-29T00:12:15.763562,PUBLISH,baee920d97ee442fbafabd416d39f9e5,68f2d95bd190740cfd6a3b15,ENQUEUED,0.2890654842881324,questions_in
2025-10-29T00:12:16.061778,PUBLISH,917e2e768658409ba40b00880fb72dcd,68f2d95bd190740cfd6a243b,ENQUEUED,0.2958339076104897,questions_in
2025-10-29T00:12:16.381568,PUBLISH,3d4839f33c3542ab9808374b91270299,68f2d95bd190740cfd6a2ab1,ENQUEUED,0.31693625501074196,questions_in
2025-10-29T00:12:16.531658,PUBLISH,4aaf20563b374b6b9b5cdeb6b414a7bc,68f2d95bd190740cfd6a1ecb,ENQUEUED,0.14738792298487954,questions_in
2025-10-29T00:12:16.795517,PUBLISH,8836822fb1b34841a59ee74912cfc0bf,68f2d95bd190740cfd6a2c5e,ENQUEUED,0.26197694885200373,questions_in
2025-10-29T00:12:17.254210,PUBLISH,9395799ad2a4443c96dfb9d0d1257b95,68f2d95bd190740cfd6a3ebb,ENQUEUED,0.4554437620158921,questions_in
2025-10-29T00:12:17.477659,PUBLISH,ab083f5eceaa4f27b7670d9deadfa0e0,68f2d95bd190740cfd6a4069,ENQUEUED,0.2209419251107436,questions_in
2025-10-29T00:12:17.914949,PUBLISH,7a1347804a354261b2e8c2babcd51b01,68f2d95bd190740cfd6a3140,ENQUEUED,0.4350290388258853,questions_in
2025-10-29T00:12:18.310302,PUBLISH,097307d1db904f2e82b23462b34c0b90,68f2d95bd190740cfd6a371a,ENQUEUED,0.39308824152282995,questions_in
2025-10-29T00:12:18.740115,PUBLISH,cd1821ee5d69439e98b2216f3d11403a,68f2d95bd190740cfd6a2580,ENQUEUED,0.4254420051237484,questions_in
2025-10-29T00:12:19.060761,PUBLISH,c0bac22eb8d24d3fae7fc7d3cb1e5980,68f2d95bd190740cfd6a2e02,ENQUEUED,0.3185020997615997,questions_in
2025-10-29T00:12:19.447087,PUBLISH,31d130ecc9184eb6844c602a696507d4,68f2d95bd190740cfd6a3fba,ENQUEUED,0.3841284729649034,questions_in
2025-10-29T00:12:19.593423,PUBLISH,59bba41a6b8b412d96dbc5374b66e2e3,68f2d95bd190740cfd6a3f0a,ENQUEUED,0.14413874778609734,questions_in
2025-10-29T00:12:19.778075,PUBLISH,c63c29f0111e4399959771f4d895b4bf,68f2d95bd190740cfd6a396d,ENQUEUED,0.18261091276080768,questions_in
2025-10-29T00:12:20.053611,PUBLISH,4f20e580679c4a789ede0ec722727517,68f2d95bd190740cfd6a260c,ENQUEUED,0.27234038547914996,questions_in
2025-10-29T00:12:20.555398,PUBLISH,bcb51109b3454bff9f8d0d7b7641b01e,68f2d95bd190740cfd6a2f44,ENQUEUED,0.49992937280127614,questions_in
2025-10-29T00:12:21.008833,PUBLISH,dbf5c7d3df6a4e5e911e26437b0a2543,68f2d95bd190740cfd6a2d5a,ENQUEUED,0.451226846496924,questions_in
2025-10-29T00:12:21.239359,PUBLISH,a2e98501f4744367bd47ade7c287ad29,68f2d95bd190740cfd6a2a4c,ENQUEUED,0.22824935443510486,questions_in
2025-10-29T00:12:21.538172,PUBLISH,82807860d71d4036a8dbe67aa04fb89f,68f2d95bd190740cfd6a2b23,ENQUEUED,0.296617648007952,questions_in
2025-10-29T00:12:21.769037,PUBLISH,7ee40a883d34407ebabf460b1a4aee1e,68f2d95bd190740cfd6a3fef,ENQUEUED,0.22706695777345237,questions_in
2025-10-29T00:12:21.985454,PUBLISH,3716d2e9330d4195a5b2e8e46220603f,68f2d95bd190740cfd6a27e5,ENQUEUED,0.21278127050140827,questions_in
2025-10-29T00:12:22.418725,PUBLISH,35d59b83ad6a4c18a8ba028115f2696e,68f2d95bd190740cfd6a1e1e,ENQUEUED,0.4290134831667365,questions_in
2025-10-29T00:12:22.638212,PUBLISH,53c45f276c524419bb10220a7098ffe5,68f2d95bd190740cfd6a3e14,ENQUEUED,0.2169610576646419,questions_in
2025-10-29T00:12:22.892548,PUBLISH,8ae66923e6f844ff865afc1a6822e72e,68f2d95bd190740cfd6a20e7,ENQUEUED,0.25233834679516165,questions_in
2025-10-29T00:12:23.019376,PUBLISH,4ead310783a1483e9143c4128ce6a8bf,68f2d95bd190740cfd6a2ca0,ENQUEUED,0.120490255000623,questions_in
2025-10-29T00:12:23.462387,PUBLISH,c0405323c6f54ec5b699f82483900d33,68f2d95bd190740cfd6a3e66,ENQUEUED,0.44118404309695447,questions_in
2025-10-29T00:12:23.637867,PUBLISH,12f3671a2bb949cca92733f7499cc143,68f2d95bd190740cfd6a34cb,ENQUEUED,0.17307178389817268,questions_in
2025-10-29T00:12:23.777199,PUBLISH,2b46282fceb64db2896fdf4759f7a0da,68f2d95bd190740cfd6a1bee,ENQUEUED,0.13777338518873675,questions_in
2025-10-29T00:12:24.039213,PUBLISH,76dad6531d9945d4bca0f8bfedef55a5,68f2d95bd190740cfd6a24ee,ENQUEUED,0.2602588948304778,questions_in
2025-10-29T00:12:24.190672,PUBLISH,6c48aab740ca41ea9d048fd7df04fe50,68f2d95bd190740cfd6a3c47,ENQUEUED,0.14903535313250413,questions_in
2025-10-29T00:12:24.651197,PUBLISH,b75fcfa26c0d45f8b5677be876aaa96d,68f2d95bd190740cfd6a388a,ENQUEUED,0.4551539709569332,questions_in
2025-10-29T00:12:25.079572,PUBLISH,b9a88d84c82e43778dc077211aa836a9,68f2d95bd190740cfd6a349b,ENQUEUED,0.42582569185726704,questions_in
2025-10-29T00:12:25.553301,PUBLISH,d0f690ac17fc4e6c9d5e7d9b9d0bb290,68f2d95bd190740cfd6a3d9c,ENQUEUED,0.47006358501169176,questions_in
2025-10-29T00:12:25.837905,PUBLISH,281dd36ff3344b22a928689e3a6f6726,68f2d95bd190740cfd6a2ba9,ENQUEUED,0.28208449516635037,questions_in
2025-10-29T00:12:26.055863,PUBLISH,60233522bf7d4168a26719f41f9ccac3,68f2d95bd190740cfd6a1cb5,ENQUEUED,0.21612763591674092,questions_in
2025-10-29T00:12:26.384575,PUBLISH,c8dc619da6514850855c2c2d88b39a5a,68f2d95bd190740cfd6a32c9,ENQUEUED,0.32511776524208447,questions_in
2025-10-29T00:12:26.574831,PUBLISH,36b51db426434d9fa6930cc36d5b9b45,68f2d95bd190740cfd6a26f1,ENQUEUED,0.18847893718629094,questions_in
2025-10-29T00:12:26.909274,PUBLISH,9e7512476a0f4861a07dfe35a697e200,68f2d95bd190740cfd6a1e3c,ENQUEUED,0.3322624335268962,questions_in
2025-10-29T00:12:27.394522,PUBLISH,bdd4c33eb99a4940bf09d68d69daedb6,68f2d95bd190740cfd6a33f4,ENQUEUED,0.4794503456110596,questions_in
2025-10-29T00:12:27.726497,PUBLISH,ddd55764e9a44165aa026143abc762a7,68f2d95bd190740cfd6a2201,ENQUEUED,0.32959282999034667,questions_in
2025-10-29T00:12:27.965348,PUBLISH,1a95f59da5e6486682e6b6079f45284c,68f2d95bd190740cfd6a36ca,ENQUEUED,0.2341933053551787,questions_in
2025-10-29T00:12:28.167789,PUBLISH,ad0062f27aa44cba98084d857ec8c914,68f2d95bd190740cfd6a3f49,ENQUEUED,0.198765294678139,questions_in
2025-10-29T00:12:28.668210,PUBLISH,2aafb236e6c04bbc842cda78a35c6a93,68f2d95bd190740cfd6a3333,ENQUEUED,0.49726941940806546,questions_in
2025-10-29T00:12:28.856189,PUBLISH,0e32d7fa9b194eb49a33ed0f51dfa1ec,68f2d95bd190740cfd6a29c5,ENQUEUED,0.17897250704231182,questions_in
2025-10-29T00:12:29.222019,PUBLISH,d5b23b466e0348cc9ed5c266a8868101,68f2d95bd190740cfd6a3459,ENQUEUED,0.36196027310354806,questions_in
2025-10-29T00:12:29.463071,PUBLISH,f6ef3be29384493ead14a3dc10e240ad,68f2d95bd190740cfd6a1f8f,ENQUEUED,0.23932842053029205,questions_in
2025-10-29T00:12:29.612715,PUBLISH,c6661384c1e84373bd744b7fca6d54a0,68f2d95bd190740cfd6a3344,ENQUEUED,0.14612475877537842,questions_in
2025-10-29T00:12:29.806259,PUBLISH,1960efd54ad140f4b4860ece48d2d96d,68f2d95bd190740cfd6a3445,ENQUEUED,0.19126393727121904,questions_in
2025-10-29T00:12:29.990595,PUBLISH,e60f9b01fd8c45faaad9246c749ddae5,68f2d95bd190740cfd6a4056,ENQUEUED,0.18230715518411902,questions_in
2025-10-29T00:12:30.260991,PUBLISH,31c6e3f9085a4a83ac5173e94ad7fafe,68f2d95bd190740cfd6a2e99,ENQUEUED,0.2685669594428346,questions_in
2025-10-29T00:12:30.641884,PUBLISH,48803a20275743449f45aaa21dea12a6,68f2d95bd190740cfd6a24de,ENQUEUED,0.37942239579076054,questions_in
2025-10-29T00:12:31.106926,PUBLISH,2a7e873335d747c4a3c897db1fca4207,68f2d95bd190740cfd6a3377,ENQUEUED,0.46309631418880404,questions_in
2025-10-29T00:12:31.235915,PUBLISH,1ac19bd109a3441ab278efa1ca1d25e4,68f2d95bd190740cfd6a4113,ENQUEUED,0.12628881130264277,questions_in
2025-10-29T00:12:31.384392,PUBLISH,85d35f1c415546f79fb5f453ff6f8e4d,68f2d95bd190740cfd6a2901,ENQUEUED,0.141244207978099,questions_in
2025-10-29T00:12:31.543298,PUBLISH,4d0da39b780d4e3eaa74e901b6bc7214,68f2d95bd190740cfd6a253a,ENQUEUED,0.15720080129272143,questions_in
2025-10-29T00:12:31.766878,PUBLISH,fa1865bfeb984d2f98ffc82f67185511,68f2d95bd190740cfd6a2eaf,ENQUEUED,0.22035677545142215,questions_in
2025-10-29T00:12:32.184270,PUBLISH,1c619e9b93844ffea7d738a60becad44,68f2d95bd190740cfd6a1fa9,ENQUEUED,0.4139664496151064,questions_in
2025-10-29T00:12:32.403237,PUBLISH,2becfe7d4f2a4df98fb73c3d336a0aac,68f2d95bd190740cfd6a22eb,ENQUEUED,0.21458451295894668,questions_in
2025-10-29T00:12:32.816769,PUBLISH,70b65720d0df4e2789716a349c0bc398,68f2d95bd190740cfd6a2424,ENQUEUED,0.4103159624490289,questions_in
2025-10-29T00:12:33.254104,PUBLISH,8027999bb5ef46638081a2c638ac9779,68f2d95bd190740cfd6a21ca,ENQUEUED,0.4345347730489155,questions_in
2025-10-29T00:12:33.375366,PUBLISH,a85fd157c7d44a878e79083b749183fd,68f2d95bd190740cfd6a2343,ENQUEUED,0.11950491044311362,questions_in
2025-10-29T00:12:33.669171,PUBLISH,990c63b14eb846ab9803b15d8d11bd7c,68f2d95bd190740cfd6a301e,ENQUEUED,0.2877802192335901,questions_in
2025-10-29T00:12:33.915605,PUBLISH,35c7409fa21e4affafca6564db700c68,68f2d95bd190740cfd6a2af8,ENQUEUED,0.24300189986495285,questions_in
2025-10-29T00:12:34.216220,PUBLISH,135038ccb43b4f8fa6db0b84e4d0a3bb,68f2d95bd190740cfd6a1bc8,ENQUEUED,0.2960901841147009,questions_in
2025-10-29T00:12:34.382722,PUBLISH,6db3017de27041328790fc23a98bac30,68f2d95bd190740cfd6a31ab,ENQUEUED,0.1633210134457398,questions_in
2025-10-29T00:12:34.676144,PUBLISH,0859ea0b05304d9b8108b2ca8f279772,68f2d95bd190740cfd6a25dc,ENQUEUED,0.29124817205453,questions_in
2025-10-29T00:12:35.003372,PUBLISH,cee1a31dec4a4803884314a92303cffc,68f2d95bd190740cfd6a3b55,ENQUEUED,0.32542143830854753,questions_in
2025-10-29T00:12:35.401137,PUBLISH,89ecb27046e443e78a6372a0657052e6,68f2d95bd190740cfd6a20e8,ENQUEUED,0.39481447548851445,questions_in
2025-10-29T00:12:35.567268,PUBLISH,c9d817fc13e74599ac16e8c74a75a899,68f2d95bd190740cfd6a1c68,ENQUEUED,0.1622901128706091,questions_in
2025-10-29T00:12:35.734020,PUBLISH,3fed6356c1a248599ee01b1976b7e0f2,68f2d95bd190740cfd6a3a18,ENQUEUED,0.1626557609580247,questions_in
2025-10-29T00:12:36.171866,PUBLISH,794aa1e2c1584f0ea558ddfef5e43869,68f2d95bd190740cfd6a1d95,ENQUEUED,0.43526049251076027,questions_in
2025-10-29T00:12:36.354828,PUBLISH,b895475b47454f519daa25faa28fe505,68f2d95bd190740cfd6a28ea,ENQUEUED,0.18082580411835403,questions_in
2025-10-29T00:12:36.610654,PUBLISH,1d30b00180034732bc2fd4c2629d444f,68f2d95bd190740cfd6a332a,ENQUEUED,0.25390370606186197,questions_in
2025-10-29T00:12:36.883024,PUBLISH,08178244ae11407a81bd5ca32bec5d9c,68f2d95bd190740cfd6a2571,ENQUEUED,0.26874604935656865,questions_in
2025-10-29T00:12:37.121729,PUBLISH,c91b7d54cc9a468ab397eb394fc2157e,68f2d95bd190740cfd6a29e3,ENQUEUED,0.23571789226559867,questions_in
2025-10-29T00:12:37.444449,PUBLISH,3b239ed23cc54b21a5ea96226672615c,68f2d95bd190740cfd6a242d,ENQUEUED,0.32079935402581405,questions_in
2025-10-29T00:12:37.700442,PUBLISH,6c97c77a43e54ed18875b41828c499f1,68f2d95bd190740cfd6a36c2,ENQUEUED,0.2525051284349107,questions_in
2025-10-29T00:12:38.140467,PUBLISH,5f0f111a07974ec4a60e6c8f53d34d9b,68f2d95bd190740cfd6a3378,ENQUEUED,0.43657978215317417,questions_in
2025-10-29T00:12:38.386983,PUBLISH,b77f99cf0175487ca472a1380c95b919,68f2d95bd190740cfd6a2643,ENQUEUED,0.2443853013101053,questions_in
2025-10-29T00:12:38.638432,PUBLISH,255ffd79bac742658f816fcbd1387079,68f2d95bd190740cfd6a2386,ENQUEUED,0.24955293090023656,questions_in
2025-10-29T00:12:38.777802,PUBLISH,da4ed6a951a0443cb416eda771656586,68f2d95bd190740cfd6a2cc8,ENQUEUED,0.13682818254151818,questions_in
2025-10-29T00:12:38.892247,PUBLISH,5f5f7098e39746d8a9a7765489e78c0a,68f2d95bd190740cfd6a36c7,ENQUEUED,0.11260477328087229,questions_in
2025-10-29T00:12:39.341291,PUBLISH,d07436db2ad14e3c8c86fe36663fe318,68f2d95bd190740cfd6a3385,ENQUEUED,0.44666743474622095,questions_in
2025-10-29T00:12:39.740875,PUBLISH,47bac49e8e9f4a6790a8d1ec608d7c35,68f2d95bd190740cfd6a31fd,ENQUEUED,0.39770658158612326,questions_in
2025-10-29T00:12:39.994162,PUBLISH,3f2b0ce55284417b9a8d1e876268f196,68f2d95bd190740cfd6a23e9,ENQUEUED,0.2509370080395544,questions_in
2025-10-29T00:12:40.451878,PUBLISH,a8fbf34e613f4bcc9a77a3456be1b78b,68f2d95bd190740cfd6a2905,ENQUEUED,0.4555464759830825,questions_in
2025-10-29T00:12:40.953444,PUBLISH,fca3c0b760754c1e89751009ac4fc07c,68f2d95bd190740cfd6a2607,ENQUEUED,0.4996062624570856,questions_in
2025-10-29T00:12:41.403497,PUBLISH,981eac5b0b54449dbc0764357c54be75,68f2d95bd190740cfd6a29dc,ENQUEUED,0.44776115646318637,questions_in
2025-10-29T00:12:41.758318,PUBLISH,8e9eff3c72894040992363fff0509fb1,68f2d95bd190740cfd6a3956,ENQUEUED,0.35277779318484814,questions_in
2025-10-29T00:12:41.876298,PUBLISH,1f1d162cdeb24e89aaa32451c1882508,68f2d95bd190740cfd6a3f33,ENQUEUED,0.11607964705621487,questions_in
2025-10-29T00:12:42.192068,PUBLISH,10b003f7abdb48758cec40bd96c41c82,68f2d95bd190740cfd6a35f7,ENQUEUED,0.3130948803000033,questions_in
2025-10-29T00:12:42.347013,PUBLISH,7890addf5d0c490d87b321fc72c1c1d0,68f2d95bd190740cfd6a3350,ENQUEUED,0.15067328083952614,questions_in
2025-10-29T00:12:42.740860,PUBLISH,3d1ad2ba8fac4ca7b75695233d6e7d83,68f2d95bd190740cfd6a2675,ENQUEUED,0.39183032697686293,questions_in
2025-10-29T00:12:43.165357,PUBLISH,dcefa857eabe4a01ac1b07f7ce43fd58,68f2d95bd190740cfd6a296c,ENQUEUED,0.42028536954539786,questions_in
2025-10-29T00:12:43.483146,PUBLISH,f0d771f2cc45497381635a90bc7e3979,68f2d95bd190740cfd6a2b38,ENQUEUED,0.3111314102501379,questions_in
2025-10-29T00:12:43.631705,PUBLISH,5ea6c0e3b4de44fdb84cb4835d3d0096,68f2d95bd190740cfd6a39c1,ENQUEUED,0.14498615978714133,questions_in
2025-10-29T00:12:44.054471,PUBLISH,90deda1c68a645839f5029d6bd6d0922,68f2d95bd190740cfd6a1de8,ENQUEUED,0.4203645610934268,questions_in
2025-10-29T00:12:44.541818,PUBLISH,0269f8cd39c64de6aa310d1f987683fa,68f2d95bd190740cfd6a31b1,ENQUEUED,0.4853251420552438,questions_in
2025-10-29T00:12:44.900765,PUBLISH,cebbc722f1ef4c39857a393870bb7834,68f2d95bd190740cfd6a258d,ENQUEUED,0.35385100428140837,questions_in
2025-10-29T00:12:45.364730,PUBLISH,46739d9e60c04b47a5bb44df3ee00e85,68f2d95bd190740cfd6a40d6,ENQUEUED,0.45867235241114945,questions_in
2025-10-29T00:12:45.629659,PUBLISH,a9c160e075d643888be33404b27fd0ab,68f2d95bd190740cfd6a3976,ENQUEUED,0.2610681338796513,questions_in
2025-10-29T00:12:45.789256,PUBLISH,611d7036f3774c679131ddaba41044f1,68f2d95bd190740cfd6a40cb,ENQUEUED,0.15793329829563796,questions_in
2025-10-29T00:12:46.202696,PUBLISH,699fb9fd158a4add9fb26423c2b10b40,68f2d95bd190740cfd6a209c,ENQUEUED,0.4109478798766468,questions_in
2025-10-29T00:12:46.366564,PUBLISH,8c8ef98e73274b7e8fe97f48fff70740,68f2d95bd190740cfd6a276d,ENQUEUED,0.16085223019865796,questions_in
2025-10-29T00:12:46.816706,PUBLISH,9aff56227a264ff884d6cfe551f6de98,68f2d95bd190740cfd6a1f28,ENQUEUED,0.44098828957627345,questions_in
2025-10-29T00:12:47.076001,PUBLISH,a50c308381754695b223e4f976b1fda4,68f2d95bd190740cfd6a230d,ENQUEUED,0.2569340809189301,questions_in
2025-10-29T00:12:47.324274,PUBLISH,fad73520e7254df1b98089367e27ef30,68f2d95bd190740cfd6a1c6a,ENQUEUED,0.24458689387052793,questions_in
2025-10-29T00:12:47.534977,PUBLISH,bbdf3f49dfbd44ae91355d6d093c40c7,68f2d95bd190740cfd6a39ed,ENQUEUED,0.2086744597595389,questions_in
2025-10-29T00:12:47.796689,PUBLISH,7b9e4605984140c58633412b2e3e3f6f,68f2d95bd190740cfd6a2e9f,ENQUEUED,0.25815551923030755,questions_in
2025-10-29T00:12:48.050456,PUBLISH,ab787521138c4b43a8467b630e7d807f,68f2d95bd190740cfd6a26dc,ENQUEUED,0.2510107945726628,questions_in
2025-10-29T00:12:48.241259,PUBLISH,fdc6b9d570cf422aadd2da761502ea8e,68f2d95bd190740cfd6a3c62,ENQUEUED,0.18805550861976986,questions_in
2025-10-29T00:12:48.430662,PUBLISH,ff16b5a4aaac46318bfd97be9c4d0102,68f2d95bd190740cfd6a3704,ENQUEUED,0.18412279367601914,questions_in
2025-10-29T00:12:48.565034,PUBLISH,17fa92453a6c4536bb812151f0f48662,68f2d95bd190740cfd6a409e,ENQUEUED,0.13159709392568286,questions_in
2025-10-29T00:12:48.848562,PUBLISH,eb2c65df59b1473aacbde954b16b9449,68f2d95bd190740cfd6a2d95,ENQUEUED,0.27945556417030104,questions_in
2025-10-29T00:12:49.173033,PUBLISH,c72910bbe7784598b2809e0f247485f5,68f2d95bd190740cfd6a245d,ENQUEUED,0.32013319221389286,questions_in
2025-10-29T00:12:49.284097,PUBLISH,720395e2066549f9876371586d21a5ad,68f2d95bd190740cfd6a310b,ENQUEUED,0.10932862955282019,questions_in
2025-10-29T00:12:49.754557,PUBLISH,c39ee4090ee54ef794858f26d76e513e,68f2d95bd190740cfd6a32c5,ENQUEUED,0.46788467580822923,questions_in
2025-10-29T00:12:49.976119,PUBLISH,cacff749a88a497aa3b3af7ae5192c63,68f2d95bd190740cfd6a1f05,ENQUEUED,0.2189784792593001,questions_in
2025-10-29T00:12:50.335372,PUBLISH,a551bdfc649e420ea3af147701e08e4d,68f2d95bd190740cfd6a2188,ENQUEUED,0.3569005500884278,questions_in
2025-10-29T00:12:50.444135,PUBLISH,5d373a1439374cb791805ca337e40b70,68f2d95bd190740cfd6a406f,ENQUEUED,0.10536045764563862,questions_in
2025-10-29T00:12:50.915519,PUBLISH,920f37ea1e734eb385c57b1b4a6b226b,68f2d95bd190740cfd6a3ae8,ENQUEUED,0.4651999888794355,questions_in
2025-10-29T00:12:51.289427,PUBLISH,8b19a02ff3ff4f3cb00c20524e2ef10b,68f2d95bd190740cfd6a2fd4,ENQUEUED,0.371262392171687,questions_in
2025-10-29T00:12:51.528234,PUBLISH,ed33431df61143ef904a6345d15516a4,68f2d95bd190740cfd6a41c0,ENQUEUED,0.2354581447805736,questions_in
2025-10-29T00:12:51.751309,PUBLISH,9607bf7d339c4c3e9a3e5f65f93d6238,68f2d95bd190740cfd6a25ba,ENQUEUED,0.22123326551120404,questions_in
2025-10-29T00:12:52.165442,PUBLISH,8ec116eee44743f2a93b6022e483c403,68f2d95bd190740cfd6a2564,ENQUEUED,0.4120702799476069,questions_in
2025-10-29T00:12:52.295087,PUBLISH,fa3e0767105445ecb4c0d2afa57eee29,68f2d95bd190740cfd6a3369,ENQUEUED,0.12607706787855869,questions_in
2025-10-29T00:12:52.447704,PUBLISH,e739b671e25249a680046539f0c079e9,68f2d95bd190740cfd6a2e82,ENQUEUED,0.1507869959989348,questions_in
2025-10-29T00:12:52.889941,PUBLISH,4cd78b0183bf4c03994d7fdd59a6c19c,68f2d95bd190740cfd6a26a8,ENQUEUED,0.4397290028289379,questions_in
2025-10-29T00:12:53.048567,PUBLISH,3914967cda5c4bec9ae01535cd0c9ff3,68f2d95bd190740cfd6a2256,ENQUEUED,0.15662922963833933,questions_in
2025-10-29T00:12:53.448068,PUBLISH,052f8ffc0f6e42c387d8a242a7ff2f41,68f2d95bd190740cfd6a23aa,ENQUEUED,0.39646120350761127,questions_in
2025-10-29T00:12:53.758424,PUBLISH,6bd50bc64c3c43bc93b62637bcd80afc,68f2d95bd190740cfd6a39d2,ENQUEUED,0.3079667385419148,questions_in
2025-10-29T00:12:54.083030,PUBLISH,f6942cc036c14f20a33e4150b3f80ba6,68f2d95bd190740cfd6a2db9,ENQUEUED,0.3230353471511061,questions_in
2025-10-29T00:12:54.318022,PUBLISH,2b2a6667b1a449adb89998ff325fcae2,68f2d95bd190740cfd6a3382,ENQUEUED,0.23313508264380603,questions_in
2025-10-29T00:12:54.569756,PUBLISH,0ea36d94d24b436d93e30b9a27a17d2c,68f2d95bd190740cfd6a40fe,ENQUEUED,0.24979830829724925,questions_in
2025-10-29T00:12:54.703469,PUBLISH,d43fce02fcb0493e8f15c85c8d228f4d,68f2d95bd190740cfd6a3b69,ENQUEUED,0.13150614179152462,questions_in
2025-10-29T00:12:54.849159,PUBLISH,f3e1017303b0430caf4506a7354c9519,68f2d95bd190740cfd6a296b,ENQUEUED,0.14273460607096597,questions_in
2025-10-29T00:12:55.190903,PUBLISH,9e3d8d6008c749c8a5b547cc0030a092,68f2d95bd190740cfd6a3b39,ENQUEUED,0.33977431383528145,questions_in
2025-10-29T00:12:55.311258,PUBLISH,093995534e034e09afc35602b6e58682,68f2d95bd190740cfd6a40b8,ENQUEUED,0.1160886775376337,questions_in
2025-10-29T00:12:55.730203,PUBLISH,68d3888bb738433c91b00cbae7e5f5e3,68f2d95bd190740cfd6a1c5d,ENQUEUED,0.4141811683626536,questions_in
2025-10-29T00:12:56.171993,PUBLISH,16ce6709a4b1495b81e23e84e7afa8c1,68f2d95bd190740cfd6a1e7d,ENQUEUED,0.4385824260974571,questions_in
2025-10-29T00:12:56.432816,PUBLISH,d506d32f98fe46d49f3fb3ead0dddf4b,68f2d95bd190740cfd6a24ef,ENQUEUED,0.2582665163301626,questions_in
2025-10-29T00:12:56.879055,PUBLISH,d745f51748814fc896b2408508f180de,68f2d95bd190740cfd6a2df8,ENQUEUED,0.44189446853859116,questions_in
2025-10-29T00:12:57.085358,PUBLISH,212f7cb1f12046119cfcce7fb29f4319,68f2d95bd190740cfd6a38ba,ENQUEUED,0.20401060251890898,questions_in
2025-10-29T00:12:57.577923,PUBLISH,07e73c59ba5f4db9b5148d9745f14c6a,68f2d95bd190740cfd6a327b,ENQUEUED,0.48770222175000866,questions_in
2025-10-29T00:12:57.987664,PUBLISH,83b8ca0ab4ff4093a3d4e34a937afb9d,68f2d95bd190740cfd6a39a2,ENQUEUED,0.4041900116847733,questions_in
2025-10-29T00:12:58.294540,PUBLISH,2489b3bb6c4a433c8848d067eebffd56,68f2d95bd190740cfd6a4191,ENQUEUED,0.302889551486268,questions_in
2025-10-29T00:12:58.533634,PUBLISH,8ef0663bdcfe414e93ecf78a5a202fc8,68f2d95bd190740cfd6a203c,ENQUEUED,0.2370127122631035,questions_in
2025-10-29T00:12:58.734421,PUBLISH,259cf776c5db460ea9d4e505b6ca2137,68f2d95bd190740cfd6a38b7,ENQUEUED,0.198139944988188,questions_in
2025-10-29T00:12:58.951312,PUBLISH,28cebb6f4adc478e91cae08cdc6eb762,68f2d95bd190740cfd6a40e1,ENQUEUED,0.21505142607668512,questions_in
2025-10-29T00:12:59.446498,PUBLISH,37ee2727081a4a6f8a39090141e9b48c,68f2d95bd190740cfd6a2a87,ENQUEUED,0.49201236010477134,questions_in
2025-10-29T00:12:59.612798,PUBLISH,f80b710655f44a87b1d2343551fa2ba4,68f2d95bd190740cfd6a2301,ENQUEUED,0.16388648337979017,questions_in
2025-10-29T00:13:00.022969,PUBLISH,f61660e598044065838407164225d93b,68f2d95bd190740cfd6a1cc8,ENQUEUED,0.4068419222408266,questions_in
2025-10-29T00:13:00.444474,PUBLISH,ad49fcc89807452faae066ca582f40c7,68f2d95bd190740cfd6a26bc,ENQUEUED,0.41859071187291297,questions_in
2025-10-29T00:13:00.802328,PUBLISH,8608752bad4e4cba8be552c98262da52,68f2d95bd190740cfd6a2340,ENQUEUED,0.3554707603053534,questions_in
2025-10-29T00:13:01.000043,PUBLISH,476976505fa444dfa8064a8ad63ab1ab,68f2d95bd190740cfd6a40b9,ENQUEUED,0.19540527059632118,questions_in
2025-10-29T00:13:01.229686,PUBLISH,239eb807b20740e69e8bfa7407a18c9d,68f2d95bd190740cfd6a1e9c,ENQUEUED,0.2220306426597566,questions_in
2025-10-29T00:13:01.364433,PUBLISH,869af587d9f748499712dd6ff30966c7,68f2d95bd190740cfd6a3af0,ENQUEUED,0.13296037959637208,questions_in
2025-10-29T00:13:01.483281,PUBLISH,b35b0816ca554a92a6bb25f79bde8e6a,68f2d95bd190740cfd6a3159,ENQUEUED,0.11691052672651936,questions_in
2025-10-29T00:13:01.938460,PUBLISH,b0281c22d73f48ac9c7e46b55e0f9eca,68f2d95bd190740cfd6a3cfd,ENQUEUED,0.4525681730196546,questions_in
2025-10-29T00:13:02.287032,PUBLISH,5a0b77704f244bfdad03db8aca9a9162,68f2d95bd190740cfd6a3cd9,ENQUEUED,0.34655628907989733,questions_in
2025-10-29T00:13:02.509098,PUBLISH,e44e6b297d05436d9d3089fa5b57416b,68f2d95bd190740cfd6a3647,ENQUEUED,0.21859966317256208,questions_in
2025-10-29T00:13:02.789455,PUBLISH,9601a08d94724e6b9f4501f60c339fa0,68f2d95bd190740cfd6a3d1d,ENQUEUED,0.2779374448244674,questions_in
2025-10-29T00:13:03.042817,PUBLISH,d6e13b6184d24c5e9ecc50fdc65c4b54,68f2d95bd190740cfd6a3456,ENQUEUED,0.25009555226842495,questions_in
2025-10-29T00:13:03.431212,PUBLISH,606472a69c3c42c1be36f9b6c22fcdc5,68f2d95bd190740cfd6a20e2,ENQUEUED,0.38090695630385696,questions_in
2025-10-29T00:13:03.767150,PUBLISH,5b40c7506b6d46abb4a8e001f84e23aa,68f2d95bd190740cfd6a35d6,ENQUEUED,0.33386977526873696,questions_in
2025-10-29T00:13:04.082436,PUBLISH,aac4e699fa4845169c4722839fbc5dc0,68f2d95bd190740cfd6a3d42,ENQUEUED,0.3134799119812291,questions_in
2025-10-29T00:13:04.483102,PUBLISH,41a68d7914244095bd1d60fe03ff90e0,68f2d95bd190740cfd6a224f,ENQUEUED,0.39854588308083416,questions_in
2025-10-29T00:13:04.609956,PUBLISH,588cb45e6a3148f6beb4a97a593039e5,68f2d95bd190740cfd6a20b9,ENQUEUED,0.12201336372302314,questions_in
2025-10-29T00:13:04.929900,PUBLISH,e636f28932524c859514ea36ca3853da,68f2d95bd190740cfd6a333a,ENQUEUED,0.3179287797318023,questions_in
2025-10-29T00:13:05.075670,PUBLISH,bc7de406ea5546a48fa81886906486f7,68f2d95bd190740cfd6a2b10,ENQUEUED,0.14238904332197425,questions_in
2025-10-29T00:13:05.219970,PUBLISH,bc5eb1f7a747421ba342728c790745f0,68f2d95bd190740cfd6a323b,ENQUEUED,0.14242224325004474,questions_in
2025-10-29T00:13:05.517707,PUBLISH,3074d0dfb4904473bb714c92d88ff74c,68f2d95bd190740cfd6a2f8a,ENQUEUED,0.2934141801878088,questions_in
2025-10-29T00:13:05.726903,PUBLISH,633e4aea8b78480398125f93a4d492bd,68f2d95bd190740cfd6a32d8,ENQUEUED,0.20472189083683753,questions_in
2025-10-29T00:13:05.894182,PUBLISH,2803e5c9838b47b09bc00c7fd27af44e,68f2d95bd190740cfd6a2a89,ENQUEUED,0.164621643526763,questions_in
2025-10-29T00:13:06.344220,PUBLISH,9e5cc671b429425a983435fd87a15934,68f2d95bd190740cfd6a362e,ENQUEUED,0.4470723912690384,questions_in
2025-10-29T00:13:06.564609,PUBLISH,cfd1084716094e37aa6695eec554c4cd,68f2d95bd190740cfd6a31c0,ENQUEUED,0.2185348395671719,questions_in
2025-10-29T00:13:06.860837,PUBLISH,aa5aa3db408941afb7bce5aaf0f1ac02,68f2d95bd190740cfd6a1c6a,ENQUEUED,0.29193059565796564,questions_in
2025-10-29T00:13:07.197607,PUBLISH,ef9f25fb9d2f43a7b97484deccce0096,68f2d95bd190740cfd6a2ae2,ENQUEUED,0.3261280894846677,questions_in
2025-10-29T00:13:07.387844,PUBLISH,7205b942c8f24c9a9e69b493f35cbcd4,68f2d95bd190740cfd6a1d7f,ENQUEUED,0.18779637204266214,questions_in
2025-10-29T00:13:07.499255,PUBLISH,d96dd1aee84c4fa0a42fff818bc06a2b,68f2d95bd190740cfd6a21e1,ENQUEUED,0.10953187931886306,questions_in
2025-10-29T00:13:07.960461,PUBLISH,5ea0ba9ca40c464e82f166f3670b869a,68f2d95bd190740cfd6a330c,ENQUEUED,0.4555574149688194,questions_in
2025-10-29T00:13:08.186927,PUBLISH,ac765f79e57a4eb6afd44cb7dc144df3,68f2d95bd190740cfd6a36cb,ENQUEUED,0.22445003580292355,questions_in
2025-10-29T00:13:08.314265,PUBLISH,3dc907c7837840eeab861427d1b92853,68f2d95bd190740cfd6a3ac4,ENQUEUED,0.12559854500877685,questions_in
2025-10-29T00:13:08.443129,PUBLISH,7d652d5c86ad45f282d8001ae84d2d84,68f2d95bd190740cfd6a3d74,ENQUEUED,0.12395743006411984,questions_in
2025-10-29T00:13:08.580186,PUBLISH,31a9fefcbdbd4164afabe023687f369b,68f2d95bd190740cfd6a3836,ENQUEUED,0.13534280586777603,questions_in
2025-10-29T00:13:09.044730,PUBLISH,241e9b03427b4d9088f006e352b79885,68f2d95bd190740cfd6a3c2c,ENQUEUED,0.45983531464892424,questions_in
2025-10-29T00:13:09.210770,PUBLISH,3ea1aa02063346d8824a6cb647b1b470,68f2d95bd190740cfd6a25f1,ENQUEUED,0.16321588682746416,questions_in
2025-10-29T00:13:09.505596,PUBLISH,d72eb3750ab84774bd972e2e575a444d,68f2d95bd190740cfd6a3813,ENQUEUED,0.2912274479905993,questions_in
2025-10-29T00:13:09.669528,PUBLISH,10f0ed8e644e4de3a113d9d57004100d,68f2d95bd190740cfd6a3a78,ENQUEUED,0.16169233687965018,questions_in
2025-10-29T00:13:09.929900,PUBLISH,52908058ef37445395fe3aadecaf2ff4,68f2d95bd190740cfd6a4086,ENQUEUED,0.2584368573672512,questions_in
2025-10-29T00:13:10.186883,PUBLISH,3639256751d24e7489fc11643682b559,68f2d95bd190740cfd6a1ddc,ENQUEUED,0.2552153525903197,questions_in
2025-10-29T00:13:10.553805,PUBLISH,fbb3c664d0bc4c189b5c47dec909c055,68f2d95bd190740cfd6a2945,ENQUEUED,0.3639367709328679,questions_in
2025-10-29T00:13:10.765935,PUBLISH,719a967a69ed4bc48b4ad9ee97c108da,68f2d95bd190740cfd6a37ba,ENQUEUED,0.20999939711076748,questions_in
2025-10-29T00:13:11.027817,PUBLISH,6190ae00609445dbb2e8f411e4cc8ecd,68f2d95bd190740cfd6a2269,ENQUEUED,0.25891475747113657,questions_in
2025-10-29T00:13:11.367535,PUBLISH,ef756bda37e149dc842e222bb368aa3c,68f2d95bd190740cfd6a2d76,ENQUEUED,0.3375977952236662,questions_in
2025-10-29T00:13:11.749898,PUBLISH,7e92abac92024458971e18a1e80fcd07,68f2d95bd190740cfd6a25cc,ENQUEUED,0.3782321660264394,questions_in
2025-10-29T00:13:11.918523,PUBLISH,ae1c8247b438428185f78d7c6433d50c,68f2d95bd190740cfd6a270f,ENQUEUED,0.1663471876036261,questions_in
2025-10-29T00:13:12.328343,PUBLISH,3e0037030d3a48798f94b7c9f68e144e,68f2d95bd190740cfd6a2fb2,ENQUEUED,0.4071719843885374,questions_in
2025-10-29T00:13:12.796530,PUBLISH,e8f1cefb1b044e3594af44c2a6df7c8e,68f2d95bd190740cfd6a39a7,ENQUEUED,0.4606548601122893,questions_in
2025-10-29T00:13:13.278124,PUBLISH,509dec174c6541358a25205a109956dc,68f2d95bd190740cfd6a2e59,ENQUEUED,0.47932267242536664,questions_in
2025-10-29T00:13:13.654164,PUBLISH,5442c95b867d479395d20c9f080c2588,68f2d95bd190740cfd6a2b93,ENQUEUED,0.3744252516637687,questions_in
2025-10-29T00:13:13.930210,PUBLISH,b63d4e2d3f534d34991f6cd01efaff7c,68f2d95bd190740cfd6a2aae,ENQUEUED,0.273997787809068,questions_in
2025-10-29T00:13:14.341779,PUBLISH,9ff6d91bd55440b1b19dd52f9adabcf7,68f2d95bd190740cfd6a2f34,ENQUEUED,0.4061284820570844,questions_in
2025-10-29T00:13:14.535876,PUBLISH,1244b72469024cf5b6a662944ce63176,68f2d95bd190740cfd6a21b5,ENQUEUED,0.1848913195300894,questions_in
2025-10-29T00:13:14.730195,PUBLISH,3cd2483d415948fdb7663529740473ac,68f2d95bd190740cfd6a2011,ENQUEUED,0.1886450638204439,questions_in
2025-10-29T00:13:15.122100,PUBLISH,c92a6d31722d4594afa4b5c53cd44b32,68f2d95bd190740cfd6a2372,ENQUEUED,0.3848980035525652,questions_in
2025-10-29T00:13:15.518122,PUBLISH,6ea9c557c11e4b4fb2d55516a159390c,68f2d95bd190740cfd6a24b0,ENQUEUED,0.3934483475517504,questions_in
2025-10-29T00:13:15.911337,PUBLISH,d2f9215692b74ed7a19463b4bc0f136f,68f2d95bd190740cfd6a2717,ENQUEUED,0.3904162665709394,questions_in
2025-10-29T00:13:16.309875,PUBLISH,b5ec2f357b2a409cb478d012cbe80586,68f2d95bd190740cfd6a4146,ENQUEUED,0.3959654530707519,questions_in
2025-10-29T00:13:16.780268,PUBLISH,000e1c8003984bf2a71f1bae654d0f97,68f2d95bd190740cfd6a337a,ENQUEUED,0.46817385223591124,questions_in
2025-10-29T00:13:16.935070,PUBLISH,1353939d07464f0a82fc8f9ed7d6a78a,68f2d95bd190740cfd6a2d3c,ENQUEUED,0.15301942107969577,questions_in
2025-10-29T00:13:17.373986,PUBLISH,3ad30d82929541f5abca0f3ac2f78328,68f2d95bd190740cfd6a2d93,ENQUEUED,0.4319979960245032,questions_in
2025-10-29T00:13:17.557935,PUBLISH,f6c5e10192144f6fb530a00340e20dcd,68f2d95bd190740cfd6a26ae,ENQUEUED,0.1802831031459396,questions_in
2025-10-29T00:13:18.057392,PUBLISH,407d84a8038244039057c6612705e381,68f2d95bd190740cfd6a386e,ENQUEUED,0.4959684975827148,questions_in
2025-10-29T00:13:18.376986,PUBLISH,68ed5110e3944cff819e794a303b2be8,68f2d95bd190740cfd6a2ca7,ENQUEUED,0.3175774988264298,questions_in
2025-10-29T00:13:18.662053,PUBLISH,2682c7b779af4d4da0b6c7f4ddbaa6cc,68f2d95bd190740cfd6a3278,ENQUEUED,0.27679504596932963,questions_in
2025-10-29T00:13:19.061435,PUBLISH,f2bb1938c08b405e9f0a6b9d3a613fe1,68f2d95bd190740cfd6a1bff,ENQUEUED,0.39368150030589233,questions_in
2025-10-29T00:13:19.291273,PUBLISH,c4aac0e7358e4c929cec20270efaf6ff,68f2d95bd190740cfd6a20b3,ENQUEUED,0.2267797622450181,questions_in
2025-10-29T00:13:19.619318,PUBLISH,50f413c8cb2946dc9b2d4f6ba6bc54d4,68f2d95bd190740cfd6a3608,ENQUEUED,0.32360364952076337,questions_in
2025-10-29T00:13:20.110696,PUBLISH,f9b75b24f69f4c219c9fa66638d12c53,68f2d95bd190740cfd6a388f,ENQUEUED,0.4887163633471969,questions_in
2025-10-29T00:13:20.508607,PUBLISH,4dc92f3f0a7846f98bb59eaabeea770c,68f2d95bd190740cfd6a35a7,ENQUEUED,0.39508744325369627,questions_in
2025-10-29T00:13:20.840993,PUBLISH,fe17861409e740f7a86b4ca455e3b810,68f2d95bd190740cfd6a2199,ENQUEUED,0.32946192169647587,questions_in
2025-10-29T00:13:21.007329,PUBLISH,cae1a7b99f2345f6bb4ff91410d86247,68f2d95bd190740cfd6a380b,ENQUEUED,0.16356563421100073,questions_in
2025-10-29T00:13:21.324799,PUBLISH,23a02159be004349b3c3eaee75a69495,68f2d95bd190740cfd6a2451,ENQUEUED,0.3153992037805352,questions_in
2025-10-29T00:13:21.490230,PUBLISH,9741f399968e4170bd8ba73e78b25a4a,68f2d95bd190740cfd6a33ee,ENQUEUED,0.15895260216409612,questions_in
2025-10-29T00:13:21.616826,PUBLISH,f4290eec0d9e4c769c4a6c5f654e1c9e,68f2d95bd190740cfd6a2d63,ENQUEUED,0.12070679597145428,questions_in
2025-10-29T00:13:21.846234,PUBLISH,10214ba491ad4ec7848212c53a00c308,68f2d95bd190740cfd6a2723,ENQUEUED,0.227532383618397,questions_in
2025-10-29T00:13:22.209681,PUBLISH,67a8afe2d8594e3e96a9b478d4fe29b5,68f2d95bd190740cfd6a2722,ENQUEUED,0.35642335500725075,questions_in
2025-10-29T00:13:22.523546,PUBLISH,dd62da770bbd4f27afe69aabb1952472,68f2d95bd190740cfd6a22e8,ENQUEUED,0.310270132493482,questions_in
2025-10-29T00:13:22.966410,PUBLISH,fd4fc36f494a4814ab15d1e6ded55ae2,68f2d95bd190740cfd6a1fba,ENQUEUED,0.44093492173829385,questions_in
2025-10-29T00:13:23.394343,PUBLISH,1c9799ec39d94c88b65d0ecd9c7b8962,68f2d95bd190740cfd6a1f3a,ENQUEUED,0.42533624993610253,questions_in
2025-10-29T00:13:23.577515,PUBLISH,25a058069ab44b09bf00bbc96fb1b6f2,68f2d95bd190740cfd6a20e7,ENQUEUED,0.1753045054787478,questions_in
2025-10-29T00:13:24.020063,PUBLISH,fcb5cea057474ff39bc2d31b4ec3bf64,68f2d95bd190740cfd6a3bd1,ENQUEUED,0.4312688247873795,questions_in
2025-10-29T00:13:24.194917,PUBLISH,84ba9391afe643acb5ff5b6453bed178,68f2d95bd190740cfd6a3536,ENQUEUED,0.17294487543166814,questions_in
2025-10-29T00:13:24.376358,PUBLISH,41878c51c7114790b29f0fe1ff74cf7e,68f2d95bd190740cfd6a2abb,ENQUEUED,0.17955740924061023,questions_in
2025-10-29T00:13:24.839944,PUBLISH,7b389e7ce35541d7aa8bd80a4b6e9c05,68f2d95bd190740cfd6a2fac,ENQUEUED,0.4598557153204893,questions_in
2025-10-29T00:13:25.262862,PUBLISH,097b6219a3aa4b6482e217de17a51246,68f2d95bd190740cfd6a253b,ENQUEUED,0.4204011206682464,questions_in
2025-10-29T00:13:25.440398,PUBLISH,1ab6672400c948afacc69d77b97fd8d1,68f2d95bd190740cfd6a37d5,ENQUEUED,0.1729466223932799,questions_in
2025-10-29T00:13:25.849238,PUBLISH,2de573853ca44d098f8121a132dbe393,68f2d95bd190740cfd6a2eff,ENQUEUED,0.40712627829246706,questions_in
2025-10-29T00:13:26.021493,PUBLISH,8ab86f2180ca43a28956ed43b54d9388,68f2d95bd190740cfd6a340d,ENQUEUED,0.16827061765554674,questions_in
2025-10-29T00:13:26.372314,PUBLISH,ebf6d67d8b1442e39ff71738de8b33bc,68f2d95bd190740cfd6a2fb4,ENQUEUED,0.34664685428234787,questions_in
2025-10-29T00:13:26.527465,PUBLISH,ddc33e7944634d318b05fc717314f827,68f2d95bd190740cfd6a1bf5,ENQUEUED,0.15114569580081474,questions_in
2025-10-29T00:13:26.795601,PUBLISH,5ef2522f1a414874ac9f99d7236b3c99,68f2d95bd190740cfd6a35f5,ENQUEUED,0.2573831597561226,questions_in
2025-10-29T00:13:27.159072,PUBLISH,7b79c9dd1b914096a6964a827390756a,68f2d95bd190740cfd6a37ee,ENQUEUED,0.36060857033975,questions_in
2025-10-29T00:13:27.640045,PUBLISH,8a23faf500a74c7fb9381ca76695a8cb,68f2d95bd190740cfd6a1b2c,ENQUEUED,0.477280147682727,questions_in
2025-10-29T00:13:28.079086,PUBLISH,5b6fde83a4ea44f4906e153296586a0d,68f2d95bd190740cfd6a1b29,ENQUEUED,0.4327560156105609,questions_in
2025-10-29T00:13:28.574145,PUBLISH,1d9115ed850e4058a8ee2b0c02801aa9,68f2d95bd190740cfd6a3676,ENQUEUED,0.4923549921888659,questions_in
2025-10-29T00:13:28.993364,PUBLISH,388bff4ed4f342da824cce1d2ea94f20,68f2d95bd190740cfd6a201c,ENQUEUED,0.4169088374565938,questions_in
2025-10-29T00:13:29.154171,PUBLISH,fe0bc165877d47f98a67abdd470588c4,68f2d95bd190740cfd6a299b,ENQUEUED,0.15704736472767206,questions_in
2025-10-29T00:13:29.601160,PUBLISH,ea90900faf6544edbfe1908c1b24e169,68f2d95bd190740cfd6a3e6e,ENQUEUED,0.4446126257958285,questions_in
2025-10-29T00:13:29.756912,PUBLISH,918afdaf34e447179a7f8da70d29dec2,68f2d95bd190740cfd6a3bc5,ENQUEUED,0.15323356675336394,questions_in
2025-10-29T00:13:30.137211,PUBLISH,a318d524af6c4bd587e82d5a1de601dc,68f2d95bd190740cfd6a3329,ENQUEUED,0.3762355243909229,questions_in
2025-10-29T00:13:30.250489,PUBLISH,bf62ae992b064195a382802c3254df8e,68f2d95bd190740cfd6a2c44,ENQUEUED,0.11154845138646095,questions_in
2025-10-29T00:13:30.734191,PUBLISH,c7b33b0c361e4fd887a4ccb6ec84aa38,68f2d95bd190740cfd6a3311,ENQUEUED,0.48135174152202065,questions_in
2025-10-29T00:13:31.027311,PUBLISH,f73258a3dc9b4698b146262071d3d182,68f2d95bd190740cfd6a254c,ENQUEUED,0.28714356592224366,questions_in
2025-10-29T00:13:31.445693,PUBLISH,9381b1cad78a456b919158d785194d30,68f2d95bd190740cfd6a2a68,ENQUEUED,0.40924728588396186,questions_in
2025-10-29T00:13:31.913036,PUBLISH,35819f5f3d264a58ae601c881bea5300,68f2d95bd190740cfd6a3c1b,ENQUEUED,0.4653527777980655,questions_in
2025-10-29T00:13:32.157318,PUBLISH,36827e66e50b45a6a8821233e5e5a018,68f2d95bd190740cfd6a3708,ENQUEUED,0.24255228374178073,questions_in
2025-10-29T00:13:32.381785,PUBLISH,f28456c9461342debc3384c666fe4f9d,68f2d95bd190740cfd6a342b,ENQUEUED,0.22259366164525246,questions_in
2025-10-29T00:13:32.804819,PUBLISH,42eeec4e181d45bbad74e5f272b5a0cf,68f2d95bd190740cfd6a258e,ENQUEUED,0.4201043488491094,questions_in
2025-10-29T00:13:33.291343,PUBLISH,0ab0ee0104a244a8ab08879b701ba513,68f2d95bd190740cfd6a26f7,ENQUEUED,0.4846519260423482,questions_in
2025-10-29T00:13:33.524302,PUBLISH,66d34d5d1bb347e1a9361460b92732da,68f2d95bd190740cfd6a2e7f,ENQUEUED,0.23090261953826993,questions_in
2025-10-29T00:13:33.936806,PUBLISH,8ee7dd57df4643f9b63a459bfa134425,68f2d95bd190740cfd6a2c36,ENQUEUED,0.4087961096943302,questions_in
2025-10-29T00:13:34.246695,PUBLISH,5ee08602526d4822b8b652186569bd8b,68f2d95bd190740cfd6a2c82,ENQUEUED,0.3034977278802662,questions_in
2025-10-29T00:13:34.372935,PUBLISH,edb904b40d064e309ae065ad674579c2,68f2d95bd190740cfd6a3a71,ENQUEUED,0.12304071175218688,questions_in
2025-10-29T00:13:34.771726,PUBLISH,74accab7522f469282a765fe394cf92b,68f2d95bd190740cfd6a316e,ENQUEUED,0.3962520239770194,questions_in
2025-10-29T00:13:35.197822,PUBLISH,43af7e7824614346b819adf2a431f14c,68f2d95bd190740cfd6a1c92,ENQUEUED,0.4231586053032885,questions_in
2025-10-29T00:13:35.619900,PUBLISH,2019bcca8b2c490bb54327e07b2ec765,68f2d95bd190740cfd6a1e7a,ENQUEUED,0.4191486424088048,questions_in
2025-10-29T00:13:36.081772,PUBLISH,96a726f52bc9400f89501c2dd4637c1e,68f2d95bd190740cfd6a22e4,ENQUEUED,0.45966742178706965,questions_in
2025-10-29T00:13:36.421984,PUBLISH,ff4e2ac7c53f41ea816d224947c4bc25,68f2d95bd190740cfd6a4022,ENQUEUED,0.3371226129513845,questions_in
2025-10-29T00:13:36.907341,PUBLISH,0cc51b674e054381bc129323b8dbb186,68f2d95bd190740cfd6a1dc3,ENQUEUED,0.48330725000398556,questions_in
2025-10-29T00:13:37.231420,PUBLISH,88df12c9586d4d8c8b7359302b1dfd4f,68f2d95bd190740cfd6a4005,ENQUEUED,0.3213379897835008,questions_in
2025-10-29T00:13:37.440642,PUBLISH,dee37845fd974504a4ff33d36d80425c,68f2d95bd190740cfd6a3fd3,ENQUEUED,0.20692904507719248,questions_in
2025-10-29T00:13:37.643313,PUBLISH,1c7f809b83244440a38de421b36a2557,68f2d95bd190740cfd6a23dd,ENQUEUED,0.2003405614345396,questions_in
2025-10-29T00:13:38.096928,PUBLISH,a451ed05a1b44254829806cbf647630b,68f2d95bd190740cfd6a36ac,ENQUEUED,0.4510428389027107,questions_in
2025-10-29T00:13:38.478999,PUBLISH,1d6bf5eb45fa48c2a8c3c91b373dd5e4,68f2d95bd190740cfd6a34f9,ENQUEUED,0.375255611117732,questions_in
2025-10-29T00:13:38.834724,PUBLISH,e97c5b0a088a4d6fa7dcab06c48013dd,68f2d95bd190740cfd6a2c2e,ENQUEUED,0.3518503539469109,questions_in
2025-10-29T00:13:38.961543,PUBLISH,d2ab33005e944453b1c1432872f25282,68f2d95bd190740cfd6a229b,ENQUEUED,0.1240134348276266,questions_in
2025-10-29T00:13:39.292161,PUBLISH,24bdf24d63d64e28967b0173c300cc58,68f2d95bd190740cfd6a2fc3,ENQUEUED,0.32837960903378366,questions_in
2025-10-29T00:13:39.786762,PUBLISH,d66cfff6f8234c7cb4db440f5fba53a5,68f2d95bd190740cfd6a2736,ENQUEUED,0.491203161047977,questions_in
2025-10-29T00:13:39.964438,PUBLISH,31f8230b61f041368783568dbbf2275a,68f2d95bd190740cfd6a4011,ENQUEUED,0.17581146956122456,questions_in
2025-10-29T00:13:40.295469,PUBLISH,9272e2c26167463297b41b02a8d1de27,68f2d95bd190740cfd6a20fa,ENQUEUED,0.3279006476805739,questions_in
2025-10-29T00:13:40.491264,PUBLISH,35528fe5877744be9f936146daa7c731,68f2d95bd190740cfd6a1fca,ENQUEUED,0.1918411968068924,questions_in
2025-10-29T00:13:40.787579,PUBLISH,1bc76020538a40b0ad7e22b18d64da74,68f2d95bd190740cfd6a2d2c,ENQUEUED,0.29357793609974536,questions_in
2025-10-29T00:13:41.214602,PUBLISH,9956d827ae614b838fb099ef4c1c9efe,68f2d95bd190740cfd6a226c,ENQUEUED,0.4250888736849685,questions_in
2025-10-29T00:13:41.564987,PUBLISH,08df6b88e68a43139fa1629844c1b004,68f2d95bd190740cfd6a1bf7,ENQUEUED,0.34884389664044446,questions_in
2025-10-29T00:13:41.709901,PUBLISH,39005f57b9bc46f18e1cab881cc4d9c4,68f2d95bd190740cfd6a39c9,ENQUEUED,0.142242915144231,questions_in
2025-10-29T00:13:42.114633,PUBLISH,ac126c8e78e846a3b1df9cb191be9d49,68f2d95bd190740cfd6a3f80,ENQUEUED,0.40280650516173266,questions_in
2025-10-29T00:13:42.518816,PUBLISH,6a6d669f61e8485aa233cca93ce08535,68f2d95bd190740cfd6a31cb,ENQUEUED,0.4009512515502861,questions_in
2025-10-29T00:13:42.725033,PUBLISH,8a01c1e0a5ba493eace8cc5777235569,68f2d95bd190740cfd6a1d0f,ENQUEUED,0.19993997679064246,questions_in
2025-10-29T00:13:42.944329,PUBLISH,d76b43067c4c412789bdf83175f3b9f2,68f2d95bd190740cfd6a2e13,ENQUEUED,0.21617313409859096,questions_in
2025-10-29T00:13:43.231230,PUBLISH,c0ccd0602eb64d758e41b2c09d79e382,68f2d95bd190740cfd6a297e,ENQUEUED,0.2850470363075217,questions_in
2025-10-29T00:13:43.698541,PUBLISH,53aa0e25a8914d5a83b0386dffab11ea,68f2d95bd190740cfd6a3c78,ENQUEUED,0.4651813774917314,questions_in
2025-10-29T00:13:43.804909,PUBLISH,0c01548b9283448bbb04c3b1fc355cae,68f2d95bd190740cfd6a2133,ENQUEUED,0.10385844083593856,questions_in
2025-10-29T00:13:43.994662,PUBLISH,e7bc13f93d58443e97f169613ce795c3,68f2d95bd190740cfd6a3988,ENQUEUED,0.18728929407854983,questions_in
2025-10-29T00:13:44.204951,PUBLISH,5e84e431524144869cc1b6aa344d7b94,68f2d95bd190740cfd6a3f00,ENQUEUED,0.20829158386259175,questions_in
2025-10-29T00:13:44.636216,PUBLISH,be5932cef61d48eeb8701841264bb470,68f2d95bd190740cfd6a40c1,ENQUEUED,0.4281481303638611,questions_in
2025-10-29T00:13:44.818601,PUBLISH,874194b738f849be9d309ec64a4f447d,68f2d95bd190740cfd6a3002,ENQUEUED,0.17874134056367447,questions_in
2025-10-29T00:13:45.062578,PUBLISH,800bb9da838640599e326115611c82c8,68f2d95bd190740cfd6a3bf3,ENQUEUED,0.24211949529905677,questions_in
2025-10-29T00:13:45.437276,PUBLISH,873b7b2f45a2442992a655a559c45799,68f2d95bd190740cfd6a3a14,ENQUEUED,0.3702833675226722,questions_in
2025-10-29T00:13:45.556048,PUBLISH,f6d598d58f814545bcefed0c82f58271,68f2d95bd190740cfd6a3a4f,ENQUEUED,0.10987651318875576,questions_in
2025-10-29T00:13:45.971781,PUBLISH,f532b3ef40534ef8a11b2ef52ba917d6,68f2d95bd190740cfd6a40f3,ENQUEUED,0.4123722196401338,questions_in
2025-10-29T00:13:46.137365,PUBLISH,9b6286018ddf461790daece697f71783,68f2d95bd190740cfd6a227f,ENQUEUED,0.163204057303241,questions_in
2025-10-29T00:13:46.559701,PUBLISH,54417542122c4835be8ba0ce95cd3a9f,68f2d95bd190740cfd6a21f4,ENQUEUED,0.4203082582866735,questions_in
2025-10-29T00:13:47.022708,PUBLISH,863ca4c2798c4d779d69474b9eddd3cd,68f2d95bd190740cfd6a27d9,ENQUEUED,0.45456423625726594,questions_in
2025-10-29T00:13:47.418490,PUBLISH,d999ee30dfb64de2829bd05f3ba803d9,68f2d95bd190740cfd6a2305,ENQUEUED,0.3913516402670474,questions_in
2025-10-29T00:13:47.786877,PUBLISH,c29ab777bf9245fda1b39711305da6a9,68f2d95bd190740cfd6a322a,ENQUEUED,0.3655865132792582,questions_in
2025-10-29T00:13:48.271715,PUBLISH,09fd835016674b39b9c7d04f075173cc,68f2d95bd190740cfd6a35cd,ENQUEUED,0.48227337015891625,questions_in
2025-10-29T00:13:48.651316,PUBLISH,011fb19a237c48088510815ab482ac76,68f2d95bd190740cfd6a23b6,ENQUEUED,0.37580362206074314,questions_in
2025-10-29T00:13:48.814064,PUBLISH,44ba38dd6d19415c9dd1075ccbd0974c,68f2d95bd190740cfd6a2428,ENQUEUED,0.1609185222205498,questions_in
2025-10-29T00:13:49.100362,PUBLISH,eddfa902663846cc9617f480e05c22fb,68f2d95bd190740cfd6a2bb9,ENQUEUED,0.27707860444039745,questions_in
2025-10-29T00:13:49.391178,PUBLISH,22d47b60a74a45d09d4d9301c78eac8a,68f2d95bd190740cfd6a2f3f,ENQUEUED,0.2890843961469819,questions_in
2025-10-29T00:13:49.757129,PUBLISH,0af79f7476bc42afb5653cd898cc3394,68f2d95bd190740cfd6a1d97,ENQUEUED,0.3634197278672815,questions_in
2025-10-29T00:13:50.046347,PUBLISH,a169944f341a4fa5b97091decfd21af7,68f2d95bd190740cfd6a2270,ENQUEUED,0.2867613641046671,questions_in
2025-10-29T00:13:50.313205,PUBLISH,6d5f0d42767a4149ac138566fa3796b5,68f2d95bd190740cfd6a2db7,ENQUEUED,0.2584982345141489,questions_in
2025-10-29T00:13:50.668288,PUBLISH,f89d09b2412c44d29a4388538f999831,68f2d95bd190740cfd6a4056,ENQUEUED,0.3511393776955839,questions_in
2025-10-29T00:13:51.050050,PUBLISH,64fcd2424bc74f51bd0754b4ff81e08c,68f2d95bd190740cfd6a3fc2,ENQUEUED,0.37843790479919315,questions_in
2025-10-29T00:13:51.271962,PUBLISH,7f7816769f6a4b758100b3bedb154f08,68f2d95bd190740cfd6a234b,ENQUEUED,0.22009335305454641,questions_in
2025-10-29T00:13:51.410655,PUBLISH,1bdf04f5222f46bf8f8ce26f012f4422,68f2d95bd190740cfd6a2ed2,ENQUEUED,0.13625621183997658,questions_in
2025-10-29T00:13:51.539356,PUBLISH,0dde65e2c7e0471bb1ec644e9bffa5f2,68f2d95bd190740cfd6a1c91,ENQUEUED,0.12626000097932233,questions_in
2025-10-29T00:13:51.667529,PUBLISH,e9292fbf6c004489a3c22cc9b7ef60d1,68f2d95bd190740cfd6a265b,ENQUEUED,0.12523943478226507,questions_in
2025-10-29T00:13:52.048867,PUBLISH,6d9dd654ed3a40c58280c8236219e606,68f2d95bd190740cfd6a1ec9,ENQUEUED,0.3782776151964946,questions_in
2025-10-29T00:13:52.540875,PUBLISH,4ec13c5e76844b5ab8b844fdc14f6f43,68f2d95bd190740cfd6a1f6a,ENQUEUED,0.48470381524049033,questions_in
2025-10-29T00:13:52.953614,PUBLISH,bab19f6dc0374d9ba3b9314ff1b32b0c,68f2d95bd190740cfd6a36bb,ENQUEUED,0.4050496318449103,questions_in
2025-10-29T00:13:53.225482,PUBLISH,cac2a254a38c4c318bfc785fe81ac0dc,68f2d95bd190740cfd6a3550,ENQUEUED,0.2699658929531822,questions_in
2025-10-29T00:13:53.518714,PUBLISH,c3ea068debb943fb859609e82b17efc7,68f2d95bd190740cfd6a28be,ENQUEUED,0.2910331846255943,questions_in
2025-10-29T00:13:53.860517,PUBLISH,93e6adde8e2a4ee1adcdb29f74fdbec5,68f2d95bd190740cfd6a221f,ENQUEUED,0.336250570131148,questions_in
2025-10-29T00:13:54.099495,PUBLISH,032ebcc4d6644063a5a2e9e60f5ac51b,68f2d95bd190740cfd6a31c5,ENQUEUED,0.2360398976898105,questions_in
2025-10-29T00:13:54.572101,PUBLISH,5962ae974b0d45778e370279a01da43e,68f2d95bd190740cfd6a3aaa,ENQUEUED,0.46127734757675043,questions_in
2025-10-29T00:13:54.870262,PUBLISH,b38965f9cc6448d696f394b3d5ebebed,68f2d95bd190740cfd6a1b24,ENQUEUED,0.2951797740862701,questions_in
2025-10-29T00:13:55.373779,PUBLISH,6f0634a8bd5c4fda8ac573cbf9b4c73f,68f2d95bd190740cfd6a2ca4,ENQUEUED,0.49578429048579,questions_in
2025-10-29T00:13:55.626889,PUBLISH,a49af26b39134636b75c20d8781cf8ab,68f2d95bd190740cfd6a37b4,ENQUEUED,0.2507688871129681,questions_in
2025-10-29T00:13:55.884443,PUBLISH,4c12f9dec8b941fe8f6a1445826beda8,68f2d95bd190740cfd6a26fb,ENQUEUED,0.2548974721505124,questions_in
2025-10-29T00:13:56.266967,PUBLISH,f9c0bdba2166456db81f6ad99482e182,68f2d95bd190740cfd6a1dd9,ENQUEUED,0.37794020186388533,questions_in
2025-10-29T00:13:56.495517,PUBLISH,cb72612b58f24780a57b9060e2d25a15,68f2d95bd190740cfd6a2daf,ENQUEUED,0.2261472200285588,questions_in
2025-10-29T00:13:56.755391,PUBLISH,b44419f89b3d467d93147f095f5b2c04,68f2d95bd190740cfd6a202f,ENQUEUED,0.25598717751781874,questions_in
2025-10-29T00:13:57.033268,PUBLISH,af9d778477ee43e8ae4123d674525b15,68f2d95bd190740cfd6a2469,ENQUEUED,0.27097418461439393,questions_in
2025-10-29T00:13:57.245427,PUBLISH,a69962c482924406ab3aebc7ff6eba5a,68f2d95bd190740cfd6a278b,ENQUEUED,0.20979400014696392,questions_in
2025-10-29T00:13:57.636405,PUBLISH,71e06654c1b84bfebdfa5819a2dfb16f,68f2d95bd190740cfd6a3fd7,ENQUEUED,0.38718966886281125,questions_in
2025-10-29T00:13:58.104213,PUBLISH,f3a2bcd7c1ba4a1aa9edc52b347dbef5,68f2d95bd190740cfd6a1d3f,ENQUEUED,0.4651949142675188,questions_in
2025-10-29T00:13:58.259861,PUBLISH,22d82db0c4224c6da46f5a17e9883be4,68f2d95bd190740cfd6a2a12,ENQUEUED,0.15383274145360032,questions_in
2025-10-29T00:13:58.477568,PUBLISH,cdc10c6aa4164beba9cb01cd5f68039d,68f2d95bd190740cfd6a41a9,ENQUEUED,0.21536254373372807,questions_in
2025-10-29T00:13:58.784817,PUBLISH,03deaffc0033452faa2c881829dbb41a,68f2d95bd190740cfd6a1bd7,ENQUEUED,0.304339455848437,questions_in
2025-10-29T00:13:58.899237,PUBLISH,337ac0bd31ca4b6b9adf0d89acc8de0a,68f2d95bd190740cfd6a218c,ENQUEUED,0.1103921997647352,questions_in
2025-10-29T00:13:59.342286,PUBLISH,d45dbfc975504ca492a516b2df797be1,68f2d95bd190740cfd6a3be6,ENQUEUED,0.44123632913990773,questions_in
2025-10-29T00:13:59.798116,PUBLISH,44e21ea2806a4304a9fb2e0267da072d,68f2d95bd190740cfd6a22e0,ENQUEUED,0.4531992436673088,questions_in
2025-10-29T00:13:59.933645,PUBLISH,80190feb381041b49ead62ab4aaeac82,68f2d95bd190740cfd6a3ae1,ENQUEUED,0.1328461421524612,questions_in
2025-10-29T00:14:00.309927,PUBLISH,4fa650dccd8546169e67b51eb9182459,68f2d95bd190740cfd6a20e7,ENQUEUED,0.37462934496206335,questions_in
2025-10-29T00:14:00.512570,PUBLISH,fd16839a4eeb44a7a9227373983698c4,68f2d95bd190740cfd6a3adf,ENQUEUED,0.19999519978824948,questions_in
2025-10-29T00:14:00.795990,PUBLISH,154da2998db44c78b13fe3b9626c1258,68f2d95bd190740cfd6a40af,ENQUEUED,0.28051944370155846,questions_in
2025-10-29T00:14:01.058562,PUBLISH,4a60f9568ef0464887a3308f900a001d,68f2d95bd190740cfd6a3070,ENQUEUED,0.25935468681688667,questions_in
2025-10-29T00:14:01.403197,PUBLISH,0cfffe0c3c7e400a94429c4413c7700e,68f2d95bd190740cfd6a2b4a,ENQUEUED,0.3425560780960236,questions_in
2025-10-29T00:14:01.542768,PUBLISH,ec2226ae02e842d89a38305c409e5b67,68f2d95bd190740cfd6a2cd1,ENQUEUED,0.1336646881720084,questions_in
2025-10-29T00:14:02.038404,PUBLISH,e1de389a0e614b919ed8ae7a875be004,68f2d95bd190740cfd6a3409,ENQUEUED,0.493796791634903,questions_in
2025-10-29T00:14:02.361224,PUBLISH,0be0e44fc5b84fdd9296ac18c3fdeb8b,68f2d95bd190740cfd6a356e,ENQUEUED,0.320849068272394,questions_in
2025-10-29T00:14:02.714213,PUBLISH,22e570ccffe34755ba777ebb946df7a4,68f2d95bd190740cfd6a3ff6,ENQUEUED,0.35019777026737553,questions_in
2025-10-29T00:14:02.975085,PUBLISH,667264f5db6142ffa03588cd63045c60,68f2d95bd190740cfd6a25dc,ENQUEUED,0.2587404143530886,questions_in
2025-10-29T00:14:03.331852,PUBLISH,b9a54cf00524438bafec4de2d556336b,68f2d95bd190740cfd6a36f8,ENQUEUED,0.35236355854658485,questions_in
2025-10-29T00:14:03.726631,PUBLISH,269c38749c37498bbefe59082ee65b10,68f2d95bd190740cfd6a34c9,ENQUEUED,0.3927791617272527,questions_in
2025-10-29T00:14:03.892020,PUBLISH,8e123a9b63d54564acd0694d819b604e,68f2d95bd190740cfd6a2e8d,ENQUEUED,0.16310819099294926,questions_in
2025-10-29T00:14:04.231931,PUBLISH,cca1d952a73b4791888df19a064a07aa,68f2d95bd190740cfd6a2cdd,ENQUEUED,0.33666868656229,questions_in
2025-10-29T00:14:04.654171,PUBLISH,449bfe3e8c4342a48ff6bdedd727ebe3,68f2d95bd190740cfd6a33ab,ENQUEUED,0.4153265953003781,questions_in
2025-10-29T00:14:04.803420,PUBLISH,35fc724e82db40cf836478cf89d94b48,68f2d95bd190740cfd6a1fcf,ENQUEUED,0.14739266334870496,questions_in
2025-10-29T00:14:05.198387,PUBLISH,3c9ef94d747144878b16d13926662527,68f2d95bd190740cfd6a26c0,ENQUEUED,0.3915252910762014,questions_in
2025-10-29T00:14:05.482340,PUBLISH,72ebde8bc4aa47fb9f5eda0d2fd4772b,68f2d95bd190740cfd6a35b8,ENQUEUED,0.28043763354828244,questions_in
2025-10-29T00:14:05.783939,PUBLISH,eefc420a702a4811b0de2c54df1aaeab,68f2d95bd190740cfd6a21e8,ENQUEUED,0.2992307707056621,questions_in
2025-10-29T00:14:06.130959,PUBLISH,88b30576164b4c60b3d14c26e682b12b,68f2d95bd190740cfd6a2fa3,ENQUEUED,0.3434883364926985,questions_in
2025-10-29T00:14:06.386941,PUBLISH,206ccd13b4f5441490756b49e57f24e6,68f2d95bd190740cfd6a2f6e,ENQUEUED,0.2503968871396398,questions_in
2025-10-29T00:14:06.818440,PUBLISH,a3a921369097496fb15ba88ef3da300c,68f2d95bd190740cfd6a211e,ENQUEUED,0.429448092187554,questions_in
2025-10-29T00:14:07.156551,PUBLISH,506e3be5660c4905b0b2b49566176060,68f2d95bd190740cfd6a287f,ENQUEUED,0.33521680774920815,questions_in
2025-10-29T00:14:07.488660,PUBLISH,81c1fababca945eb832dbf858b73611a,68f2d95bd190740cfd6a34c0,ENQUEUED,0.3272227105788326,questions_in
2025-10-29T00:14:07.815049,PUBLISH,0feee46014c54d0fa783f8334cd570c3,68f2d95bd190740cfd6a20d8,ENQUEUED,0.32312075413066443,questions_in
2025-10-29T00:14:08.056269,PUBLISH,ac35ad689a284ae0abb1ef6b9d1090d2,68f2d95bd190740cfd6a1c0a,ENQUEUED,0.23899396387754726,questions_in
2025-10-29T00:14:08.489913,PUBLISH,18863cf22c7e468e80d2f8de6b33c30c,68f2d95bd190740cfd6a407d,ENQUEUED,0.4316187765325351,questions_in
2025-10-29T00:14:08.825825,PUBLISH,dd9872b8d9564c34b37c2e22a743f10a,68f2d95bd190740cfd6a40d2,ENQUEUED,0.33398303710472776,questions_in
2025-10-29T00:14:09.058032,PUBLISH,9ea90fe879684929a7d6e18ffb9d3489,68f2d95bd190740cfd6a3680,ENQUEUED,0.2300053097804245,questions_in
2025-10-29T00:14:09.411468,PUBLISH,64b569f7e7cb4f03ba3a3531be83d6e6,68f2d95bd190740cfd6a28e1,ENQUEUED,0.35005610071630167,questions_in
2025-10-29T00:14:09.819600,PUBLISH,f9800af4d9c14672bf87cedc43bc3be7,68f2d95bd190740cfd6a28b1,ENQUEUED,0.40614345386115847,questions_in
2025-10-29T00:14:10.167259,PUBLISH,e828052718424a5c9174cbadc69d5122,68f2d95bd190740cfd6a3a63,ENQUEUED,0.3419792652880259,questions_in
2025-10-29T00:14:10.418148,PUBLISH,6d1fc67879254c1f93593f12482e47a6,68f2d95bd190740cfd6a2d43,ENQUEUED,0.24899941594414968,questions_in
2025-10-29T00:14:10.806495,PUBLISH,6732418c9acb43628466983bd2fbd6c1,68f2d95bd190740cfd6a2405,ENQUEUED,0.3748016796238378,questions_in
2025-10-29T00:14:11.250057,PUBLISH,5b46d935ac584dcead756f03be249eb1,68f2d95bd190740cfd6a267c,ENQUEUED,0.44069695737034287,questions_in
2025-10-29T00:14:11.671919,PUBLISH,a2a7ee7000714061b937ee8daf5faa36,68f2d95bd190740cfd6a3a09,ENQUEUED,0.4197571678030282,questions_in
2025-10-29T00:14:12.141537,PUBLISH,46022aa5fd12427cb3f30a55a184e7f4,68f2d95bd190740cfd6a1daf,ENQUEUED,0.4672961300748141,questions_in
2025-10-29T00:14:12.448313,PUBLISH,d2891fab011d43708e57628dbe4b91b8,68f2d95bd190740cfd6a3874,ENQUEUED,0.3046291618053134,questions_in
2025-10-29T00:14:12.551185,PUBLISH,ae5cbe484c654dd69a78bc5e0d633968,68f2d95bd190740cfd6a311d,ENQUEUED,0.10111766868035735,questions_in
2025-10-29T00:14:12.925739,PUBLISH,6b5dcaabe9ed4bc1a6ba204364736648,68f2d95bd190740cfd6a2419,ENQUEUED,0.37230279721436654,questions_in
2025-10-29T00:14:13.245456,PUBLISH,8006aacc98624c4c85984d763da51f52,68f2d95bd190740cfd6a23c9,ENQUEUED,0.315991956148987,questions_in
2025-10-29T00:14:13.721332,PUBLISH,c17d8093cd35438b9a181f009ff179e8,68f2d95bd190740cfd6a332f,ENQUEUED,0.47167064268131953,questions_in
2025-10-29T00:14:14.039894,PUBLISH,14d05270a779478185bc4aad78ccfb14,68f2d95bd190740cfd6a3685,ENQUEUED,0.3165918570356452,questions_in
2025-10-29T00:14:14.487985,PUBLISH,b4bbe36f35ab4d35b48d8f19f2bdd12a,68f2d95bd190740cfd6a29de,ENQUEUED,0.44518967980755975,questions_in
2025-10-29T00:14:14.670200,PUBLISH,95618de480994cd8914f9df21833984e,68f2d95bd190740cfd6a3beb,ENQUEUED,0.17974542122758283,questions_in
2025-10-29T00:14:14.884909,PUBLISH,441698154ebf41b888fdb65b0d7e706e,68f2d95bd190740cfd6a322a,ENQUEUED,0.21256247151832244,questions_in
2025-10-29T00:14:15.256460,PUBLISH,401b2c5380754f3da1a3b0a285a4d406,68f2d95bd190740cfd6a2a0a,ENQUEUED,0.36971728631555245,questions_in
2025-10-29T00:14:15.361130,PUBLISH,65bb4a719bae45149db2644cdef526a6,68f2d95bd190740cfd6a24d8,ENQUEUED,0.10079124907489692,questions_in
2025-10-29T00:14:15.518362,PUBLISH,e350c9d0fe344cf2991e6832f9b3a3fa,68f2d95bd190740cfd6a1e39,ENQUEUED,0.1554887246874364,questions_in
2025-10-29T00:14:15.782525,PUBLISH,429995b278cc4d329af8e2093c5f295f,68f2d95bd190740cfd6a2eda,ENQUEUED,0.2613433903936347,questions_in
2025-10-29T00:14:16.111524,PUBLISH,f6d0eec4d933477bb60fe9fe425ba045,68f2d95bd190740cfd6a3bcb,ENQUEUED,0.3240197333544389,questions_in
2025-10-29T00:14:16.287389,PUBLISH,49e4f4aa0f6741859aea05502a912b99,68f2d95bd190740cfd6a3c88,ENQUEUED,0.17199855868052166,questions_in
2025-10-29T00:14:16.637912,PUBLISH,5d8e7bec25184ce89f85035473bc123c,68f2d95bd190740cfd6a2b0e,ENQUEUED,0.3484048033707264,questions_in
2025-10-29T00:14:16.861098,PUBLISH,08b26eebc82d4a278d802d87f0179784,68f2d95bd190740cfd6a2d3c,ENQUEUED,0.2192250213611832,questions_in
2025-10-29T00:14:17.352649,PUBLISH,68c79db250674431a7df8bc134e8dfda,68f2d95bd190740cfd6a396a,ENQUEUED,0.4844953086723127,questions_in
2025-10-29T00:14:17.652844,PUBLISH,a6fd69f9d42b471f9f86a151ff6dd34f,68f2d95bd190740cfd6a3d95,ENQUEUED,0.29618125625264297,questions_in
2025-10-29T00:14:18.015221,PUBLISH,7d9d3ea1027c4b689d5604f49fb31c2f,68f2d95bd190740cfd6a37f7,ENQUEUED,0.3601517264232039,questions_in
2025-10-29T00:14:18.352219,PUBLISH,44b1a4f53d7444a1b9ce4e1f28985b87,68f2d95bd190740cfd6a2a49,ENQUEUED,0.3322316911288511,questions_in
2025-10-29T00:14:18.840349,PUBLISH,735cb8783f5248549356ccd4b2141d20,68f2d95bd190740cfd6a26d9,ENQUEUED,0.4861180228038392,questions_in
2025-10-29T00:14:19.098950,PUBLISH,9cd3442e5255441fb7ce7e1528cbbdd0,68f2d95bd190740cfd6a4066,ENQUEUED,0.25666357600235545,questions_in
2025-10-29T00:14:19.233032,PUBLISH,6488b199eea04b669d1331e0961090b6,68f2d95bd190740cfd6a3208,ENQUEUED,0.13247609182356476,questions_in
2025-10-29T00:14:19.531416,PUBLISH,095940bad3084022af62a0b73723a684,68f2d95bd190740cfd6a3e09,ENQUEUED,0.28837412796466844,questions_in
2025-10-29T00:14:19.954549,PUBLISH,4dba97cec829498b91a17b0561d8947f,68f2d95bd190740cfd6a2baa,ENQUEUED,0.4203302382068005,questions_in
2025-10-29T00:14:20.230479,PUBLISH,b84ae0ccd3ec438eae8cdf3876bda182,68f2d95bd190740cfd6a20d9,ENQUEUED,0.2734437345335635,questions_in
2025-10-29T00:14:20.404611,PUBLISH,b5b51b51f76d4782ac2df1a76d3e63b7,68f2d95bd190740cfd6a2193,ENQUEUED,0.17096463168410492,questions_in
2025-10-29T00:14:20.773525,PUBLISH,20b9b6638ad8420d90d4fbf05da6d79b,68f2d95bd190740cfd6a2486,ENQUEUED,0.3641396388779039,questions_in
2025-10-29T00:14:20.929682,PUBLISH,0420f44fe8d243ee9c9702ca82c49498,68f2d95bd190740cfd6a2f5b,ENQUEUED,0.1526479970642959,questions_in
2025-10-29T00:14:21.171721,PUBLISH,e768b3fc6acb4dd1a0d0c2b1e8c19eac,68f2d95bd190740cfd6a1c6a,ENQUEUED,0.23931417563012794,questions_in
2025-10-29T00:14:21.415016,PUBLISH,ac0b1a0b23544945b469d328995bcd6c,68f2d95bd190740cfd6a20a9,ENQUEUED,0.2408749536464878,questions_in
2025-10-29T00:14:21.589082,PUBLISH,43cde250ba404f24a3a2cd81945cd9df,68f2d95bd190740cfd6a21d5,ENQUEUED,0.17197123997533043,questions_in
2025-10-29T00:14:21.818263,PUBLISH,f126dfd9f4f04814a6bb3926cbdc5907,68f2d95bd190740cfd6a2382,ENQUEUED,0.22303489334957477,questions_in
2025-10-29T00:14:22.277406,PUBLISH,f0dfc61477da4dc98d2c326a12569f2e,68f2d95bd190740cfd6a274d,ENQUEUED,0.45617365940028287,questions_in
2025-10-29T00:14:22.539831,PUBLISH,58563a0c4af149dfa01985b30f16dc4b,68f2d95bd190740cfd6a26e5,ENQUEUED,0.2603544061603742,questions_in
2025-10-29T00:14:22.904713,PUBLISH,1de1b216839c4d7491ce79b28ffa658b,68f2d95bd190740cfd6a1c83,ENQUEUED,0.36283619852060833,questions_in
2025-10-29T00:14:23.115094,PUBLISH,e08dcd1e377e4c218019b7898cc03c6b,68f2d95bd190740cfd6a1dc4,ENQUEUED,0.20247728604038648,questions_in
2025-10-29T00:14:23.324660,PUBLISH,9c68f22e17934af29eb01eb52c937e89,68f2d95bd190740cfd6a2716,ENQUEUED,0.20681126286272164,questions_in
2025-10-29T00:14:23.434550,PUBLISH,c6407af0a7fb45b5b016fc6ce65e550f,68f2d95bd190740cfd6a3f1c,ENQUEUED,0.10834277721381298,questions_in
2025-10-29T00:14:23.893150,PUBLISH,3125501eb8444307a9a4da30f44068d6,68f2d95bd190740cfd6a22a7,ENQUEUED,0.4545543659458545,questions_in
2025-10-29T00:14:24.211401,PUBLISH,3a401d2b39d647919f13eec870dfd252,68f2d95bd190740cfd6a2655,ENQUEUED,0.3140359304194431,questions_in
2025-10-29T00:14:24.660522,PUBLISH,ec6e7e3b11cb4495ae1cf8eba603aa33,68f2d95bd190740cfd6a3081,ENQUEUED,0.44483434915689946,questions_in
2025-10-29T00:14:24.851628,PUBLISH,111ddf572599486581d38f0ef419c5c6,68f2d95bd190740cfd6a23d4,ENQUEUED,0.1890724716043649,questions_in
2025-10-29T00:14:25.035535,PUBLISH,6809c17ea56a48a793a912c300de29b6,68f2d95bd190740cfd6a4179,ENQUEUED,0.18189493417598346,questions_in
2025-10-29T00:14:25.380323,PUBLISH,60d1d1e4ca4f4da685c7d8793ce1b05e,68f2d95bd190740cfd6a35e9,ENQUEUED,0.3425886052078151,questions_in
2025-10-29T00:14:25.692968,PUBLISH,72810ee6ee264f53a916696e3ae05324,68f2d95bd190740cfd6a1d71,ENQUEUED,0.30573626662894593,questions_in
2025-10-29T00:14:26.027109,PUBLISH,b9bfa09cb182407b8d8091baed9e4d40,68f2d95bd190740cfd6a2ae1,ENQUEUED,0.3266083529581548,questions_in
2025-10-29T00:14:26.416016,PUBLISH,4ed4df4b493d44acaec55bca891cb2b3,68f2d95bd190740cfd6a249a,ENQUEUED,0.3865760010943705,questions_in
2025-10-29T00:14:26.845219,PUBLISH,d1edf45deee74812b7d23a01313c1e78,68f2d95bd190740cfd6a1e74,ENQUEUED,0.42632330621294257,questions_in
2025-10-29T00:14:26.952599,PUBLISH,a73642100043449f99c7e4d1cb2504fc,68f2d95bd190740cfd6a20d0,ENQUEUED,0.1054909865776843,questions_in
2025-10-29T00:14:27.186039,PUBLISH,739a099dd1ac4b4990ca18ea63621943,68f2d95bd190740cfd6a1be2,ENQUEUED,0.2309106272236516,questions_in
2025-10-29T00:14:27.386600,PUBLISH,a9e2ae02de72462ba83dd8763bab50b4,68f2d95bd190740cfd6a1d88,ENQUEUED,0.19814738550452302,questions_in
2025-10-29T00:14:27.500257,PUBLISH,a00e48424cda45ab8d46be1674a94102,68f2d95bd190740cfd6a3906,ENQUEUED,0.11129648276521312,questions_in
2025-10-29T00:14:27.993494,PUBLISH,00af182b0247480b94c4d332c0cd8569,68f2d95bd190740cfd6a2c07,ENQUEUED,0.4885829871897722,questions_in
2025-10-29T00:14:28.247306,PUBLISH,7ba981d1a8634d63924cbcd1d4e018b4,68f2d95bd190740cfd6a3547,ENQUEUED,0.24969762785127878,questions_in
2025-10-29T00:14:28.735381,PUBLISH,2aa53097c42e4523b988f5284c7fcfdd,68f2d95bd190740cfd6a39f0,ENQUEUED,0.48538936572739566,questions_in
2025-10-29T00:14:29.220494,PUBLISH,9e3dca6bf49348b4944e5e961a704681,68f2d95bd190740cfd6a1f7b,ENQUEUED,0.4830169454414167,questions_in
2025-10-29T00:14:29.546104,PUBLISH,1097daa55a5c47b499224ec605b75865,68f2d95bd190740cfd6a40be,ENQUEUED,0.3226130516475755,questions_in
2025-10-29T00:14:29.929108,PUBLISH,5f1ba97b56de4c3582d60885dec2b5b3,68f2d95bd190740cfd6a2b40,ENQUEUED,0.38092768020687606,questions_in
2025-10-29T00:14:30.423475,PUBLISH,95030ee7cdb84f649c3362feccdad4ed,68f2d95bd190740cfd6a334d,ENQUEUED,0.49127658879878444,questions_in
2025-10-29T00:14:30.699681,PUBLISH,46f09377c40c4ff197ee90c367c0101d,68f2d95bd190740cfd6a2733,ENQUEUED,0.2730830218012812,questions_in
2025-10-29T00:14:31.192821,PUBLISH,561161800ac64f9997a5893c15496cd1,68f2d95bd190740cfd6a37d9,ENQUEUED,0.48867772170380286,questions_in
2025-10-29T00:14:31.309142,PUBLISH,e0f830bd12854e64bf35db278c66f3b1,68f2d95bd190740cfd6a3547,ENQUEUED,0.11245304573259728,questions_in
2025-10-29T00:14:31.515238,PUBLISH,a6000891d0714204942dc3e8f48507b1,68f2d95bd190740cfd6a3561,ENQUEUED,0.20411580634117846,questions_in
2025-10-29T00:14:31.864939,PUBLISH,d069e840bc2649ffbf90ccfee535175f,68f2d95bd190740cfd6a2696,ENQUEUED,0.3476363982664542,questions_in
2025-10-29T00:14:32.075364,PUBLISH,6c20d71ff14e4c8f96dd8818e0169498,68f2d95bd190740cfd6a2d99,ENQUEUED,0.20631804270803303,questions_in
2025-10-29T00:14:32.492769,PUBLISH,ae542b121fca4cf7835324cdee882307,68f2d95bd190740cfd6a381a,ENQUEUED,0.4132525733923387,questions_in
2025-10-29T00:14:32.750506,PUBLISH,b331fe580d5f45308b9dc7bcd6bd0eaa,68f2d95bd190740cfd6a20c9,ENQUEUED,0.25582859693244636,questions_in
2025-10-29T00:14:33.042258,PUBLISH,7e787c8391f74aa4a21b7a2e8dfcb083,68f2d95bd190740cfd6a4077,ENQUEUED,0.28824926154970665,questions_in
2025-10-29T00:14:33.171828,PUBLISH,21d04a0094484de799771bbe35df4991,68f2d95bd190740cfd6a1f53,ENQUEUED,0.1275039864274425,questions_in
2025-10-29T00:14:33.581443,PUBLISH,f8db93e699a7415eaa3b3a61abdbee1c,68f2d95bd190740cfd6a2f12,ENQUEUED,0.40641098388660823,questions_in
2025-10-29T00:14:33.865183,PUBLISH,b3333f502c774f99a49898d72cecc58b,68f2d95bd190740cfd6a2003,ENQUEUED,0.27513854815831223,questions_in
2025-10-29T00:14:34.147937,PUBLISH,6976b42c8db14b43a1dd932ab684bfc8,68f2d95bd190740cfd6a3396,ENQUEUED,0.27742968424093717,questions_in
2025-10-29T00:14:34.548997,PUBLISH,e567bb1fe11a4034badef7f4fbfe90c1,68f2d95bd190740cfd6a1f38,ENQUEUED,0.3989470332102548,questions_in
2025-10-29T00:14:34.748273,PUBLISH,0f3ff7c16c60413aa6b20705c20519ff,68f2d95bd190740cfd6a2488,ENQUEUED,0.19266226311702678,questions_in
2025-10-29T00:14:35.032330,PUBLISH,8bbeea102d2c4be4ac29d032cde438fa,68f2d95bd190740cfd6a3678,ENQUEUED,0.2818903837609648,questions_in
2025-10-29T00:14:35.398229,PUBLISH,bd498fdf7e6443d6a50bf65b4c769fd2,68f2d95bd190740cfd6a3023,ENQUEUED,0.36434389071287643,questions_in
2025-10-29T00:14:35.615436,PUBLISH,fb5b0d01b16240d4ac13b255e3ee7c13,68f2d95bd190740cfd6a2a09,ENQUEUED,0.21423456568794297,questions_in
2025-10-29T00:14:35.930302,PUBLISH,a9b91167b1bb40cb955e999a5846e23c,68f2d95bd190740cfd6a3a4f,ENQUEUED,0.3125963730014991,questions_in
2025-10-29T00:14:36.418158,PUBLISH,6458ec3cf1e54826a2b3f7ca3786fd39,68f2d95bd190740cfd6a27e3,ENQUEUED,0.48589075957933103,questions_in
2025-10-29T00:14:36.665386,PUBLISH,81e6575c8aa84813a82f012b1de74385,68f2d95bd190740cfd6a324e,ENQUEUED,0.24459694147633892,questions_in
2025-10-29T00:14:37.025985,PUBLISH,e2525654b15b402faa16c965b52fbbf0,68f2d95bd190740cfd6a28cd,ENQUEUED,0.35774059291304994,questions_in
2025-10-29T00:14:37.487061,PUBLISH,82642639176b48018fc08aba7fe90642,68f2d95bd190740cfd6a40bc,ENQUEUED,0.45386109631003846,questions_in
2025-10-29T00:14:37.774434,PUBLISH,7a0ecb59b04d4cf2999e833fb51fdc38,68f2d95bd190740cfd6a22e6,ENQUEUED,0.2842230044145527,questions_in
2025-10-29T00:14:37.942995,PUBLISH,384f6004eed14eaa942848756c91a29f,68f2d95bd190740cfd6a4056,ENQUEUED,0.16589912533659407,questions_in
2025-10-29T00:14:38.309793,PUBLISH,40677b1dcaa6449981fda02cbfe4838f,68f2d95bd190740cfd6a21de,ENQUEUED,0.3603210451615263,questions_in
2025-10-29T00:14:38.617856,PUBLISH,137e0e9c0f6849968f775f2c1e39497d,68f2d95bd190740cfd6a3b79,ENQUEUED,0.3061645584072313,questions_in
2025-10-29T00:14:39.012539,PUBLISH,4c92d98209f94032b1b9f43daa8e3795,68f2d95bd190740cfd6a3e4a,ENQUEUED,0.39243211604952943,questions_in
2025-10-29T00:14:39.302441,PUBLISH,be56fd94e48b4b799689b235074a7ffc,68f2d95bd190740cfd6a4021,ENQUEUED,0.28750101068895795,questions_in
2025-10-29T00:14:39.416381,PUBLISH,5e3c55466bb54306b436978117adf8f4,68f2d95bd190740cfd6a213f,ENQUEUED,0.1116546638768583,questions_in
2025-10-29T00:14:39.879027,PUBLISH,94421f207eab408ab2ca1e3d08ab5762,68f2d95bd190740cfd6a1e3a,ENQUEUED,0.45603616001429914,questions_in
2025-10-29T00:14:40.318496,PUBLISH,a8a1d31703e44ab88f603f3a358a2c35,68f2d95bd190740cfd6a1f1a,ENQUEUED,0.4372653574594966,questions_in
2025-10-29T00:14:40.703218,PUBLISH,22701baadbb04cdba2144ca2730728c1,68f2d95bd190740cfd6a3660,ENQUEUED,0.3828562180324929,questions_in
2025-10-29T00:14:40.962410,PUBLISH,adfca394c3524be3acfe9cba46ad8d82,68f2d95bd190740cfd6a36ad,ENQUEUED,0.25736062468110166,questions_in
2025-10-29T00:14:41.179177,PUBLISH,a42b9356002c4bfcbcf89c62e4659eca,68f2d95bd190740cfd6a2af0,ENQUEUED,0.21462687218053955,questions_in
2025-10-29T00:14:41.464398,PUBLISH,de3ec173ff894614bd832a3cfde2eb94,68f2d95bd190740cfd6a38bb,ENQUEUED,0.28164207170301525,questions_in
2025-10-29T00:14:41.846760,PUBLISH,de83a531491549ecbc3ad1efd9dead91,68f2d95bd190740cfd6a219e,ENQUEUED,0.38037058121164835,questions_in
2025-10-29T00:14:42.250642,PUBLISH,b6ce1f04ef96433db066a1de12eb4154,68f2d95bd190740cfd6a29bb,ENQUEUED,0.4015526386074094,questions_in
2025-10-29T00:14:42.481019,PUBLISH,0b003e8735c74cada509138e10c8204f,68f2d95bd190740cfd6a1bdb,ENQUEUED,0.22890918655642523,questions_in
2025-10-29T00:14:42.866519,PUBLISH,d42fbf05893e4bf1bdab6437900608f3,68f2d95bd190740cfd6a2724,ENQUEUED,0.3834508850111551,questions_in
2025-10-29T00:14:43.201744,PUBLISH,7a6fc6e9b30d4c25bb9a7dac30b00ff8,68f2d95bd190740cfd6a3351,ENQUEUED,0.3330279486845121,questions_in
2025-10-29T00:14:43.388970,PUBLISH,ec46682935af48f3941d4363719c331e,68f2d95bd190740cfd6a2926,ENQUEUED,0.18344439965508488,questions_in
2025-10-29T00:14:43.607364,PUBLISH,d90385ee086c4681ac594972568b0214,68f2d95bd190740cfd6a1b0c,ENQUEUED,0.21485574167945823,questions_in
2025-10-29T00:14:43.934281,PUBLISH,2f56b2c2aedb49c5a5e2ef73777ff67b,68f2d95bd190740cfd6a2c85,ENQUEUED,0.32512084940037644,questions_in
2025-10-29T00:14:44.161907,PUBLISH,12f23915c5f247c19d6ae45eca30c942,68f2d95bd190740cfd6a266f,ENQUEUED,0.22446309123774455,questions_in
2025-10-29T00:14:44.531956,PUBLISH,a1c99847118f47c68bdaf66311dbf1e9,68f2d95bd190740cfd6a40a5,ENQUEUED,0.36781895246757257,questions_in
2025-10-29T00:14:44.884787,PUBLISH,8bc26ecd2d904bcca1f339d38bcf55f2,68f2d95bd190740cfd6a2db6,ENQUEUED,0.3465230819142358,questions_in
2025-10-29T00:14:45.000137,PUBLISH,e4a38ce0502244239f02108ac8450c67,68f2d95bd190740cfd6a1f7f,ENQUEUED,0.11277539644186807,questions_in
2025-10-29T00:14:45.323163,PUBLISH,1bcf310acebf474683e64ebe5e03f141,68f2d95bd190740cfd6a1e85,ENQUEUED,0.3203592184557573,questions_in
2025-10-29T00:14:45.514363,PUBLISH,98d9820d8a6b4407b99be6672fb4a033,68f2d95bd190740cfd6a20f6,ENQUEUED,0.1854379036818024,questions_in
2025-10-29T00:14:45.813683,PUBLISH,3082a806133d4ca49c8ab736967da048,68f2d95bd190740cfd6a3af5,ENQUEUED,0.2916472430805793,questions_in
2025-10-29T00:14:46.190293,PUBLISH,ffac7e2a2d884c3bac8edc7570a51d24,68f2d95bd190740cfd6a412d,ENQUEUED,0.3740281830453138,questions_in
2025-10-29T00:14:46.682419,PUBLISH,0d85a06f29c14d16a3e8163d131229fb,68f2d95bd190740cfd6a2101,ENQUEUED,0.48992642079571447,questions_in
2025-10-29T00:14:47.031900,PUBLISH,479f97f3e071424e9a89ed823a8e0bf3,68f2d95bd190740cfd6a32a2,ENQUEUED,0.34417281116003307,questions_in
2025-10-29T00:14:47.332371,PUBLISH,11436321c9734870a443a3843c469b01,68f2d95bd190740cfd6a34ca,ENQUEUED,0.29816209891595347,questions_in
2025-10-29T00:14:47.626358,PUBLISH,9870e6bcce7b420b914f4cdb519b4d87,68f2d95bd190740cfd6a3628,ENQUEUED,0.2896194958259697,questions_in
2025-10-29T00:14:47.871378,PUBLISH,962d22d2a8654b278fe76c07fc8fb5be,68f2d95bd190740cfd6a33d6,ENQUEUED,0.2402721881786104,questions_in
2025-10-29T00:14:47.983057,PUBLISH,8f5b7ad314b64ab6be99d423ff48dfe3,68f2d95bd190740cfd6a3ed2,ENQUEUED,0.10658525754334175,questions_in
2025-10-29T00:14:48.194006,PUBLISH,78c759742c0b4510a851d7483672feda,68f2d95bd190740cfd6a3b3c,ENQUEUED,0.20681464391541804,questions_in
2025-10-29T00:14:48.411592,PUBLISH,b63f1cd6419f4842918687e059ad03c9,68f2d95bd190740cfd6a41ba,ENQUEUED,0.21542100852838866,questions_in
2025-10-29T00:14:48.611151,PUBLISH,838aeb382d334e368fb1074abd90f09a,68f2d95bd190740cfd6a3587,ENQUEUED,0.19691235390607664,questions_in
2025-10-29T00:14:48.894080,PUBLISH,9f19402586d94c40a6b4edf57655b772,68f2d95bd190740cfd6a1e96,ENQUEUED,0.27390536898923123,questions_in
2025-10-29T00:14:49.344410,PUBLISH,0d97542897fd49c599ad660506047b11,68f2d95bd190740cfd6a3145,ENQUEUED,0.44418623821903824,questions_in
2025-10-29T00:14:49.706387,PUBLISH,f688c8c2f4f34bec8df513964ced4bff,68f2d95bd190740cfd6a40e9,ENQUEUED,0.35736803231625525,questions_in
2025-10-29T00:14:50.184634,PUBLISH,c3e7099345154d059b2f68e3b9a98237,68f2d95bd190740cfd6a3fbe,ENQUEUED,0.47588235772464826,questions_in
2025-10-29T00:14:50.423927,PUBLISH,e5fd1b705ded45b598dc77aebb045cbb,68f2d95bd190740cfd6a21b9,ENQUEUED,0.2372813540789178,questions_in
2025-10-29T00:14:50.792572,PUBLISH,7459c1f856944236aa3cd46e9089feff,68f2d95bd190740cfd6a2455,ENQUEUED,0.35843518998594426,questions_in
2025-10-29T00:14:51.112288,PUBLISH,e16bf502447548608afd59381e171a7e,68f2d95bd190740cfd6a2eaf,ENQUEUED,0.31724071319474106,questions_in
2025-10-29T00:14:51.280491,PUBLISH,5bd7dfbdb9404fa083c14c9e9e892c02,68f2d95bd190740cfd6a280e,ENQUEUED,0.16549263293321032,questions_in
2025-10-29T00:14:51.396728,PUBLISH,0985090bafb14e519ec5c5e1aeffab9c,68f2d95bd190740cfd6a1b45,ENQUEUED,0.11008354908391774,questions_in
2025-10-29T00:14:51.672829,PUBLISH,3cdeb119f81a4234a86721be65c82317,68f2d95bd190740cfd6a1b8b,ENQUEUED,0.27206673857511393,questions_in
2025-10-29T00:14:51.798600,PUBLISH,1fb894edb84a444b818f00bf303fe684,68f2d95bd190740cfd6a1f5e,ENQUEUED,0.1223552589356797,questions_in
2025-10-29T00:14:51.973548,PUBLISH,a03a294237a847bb85c8dd993a7e9fd5,68f2d95bd190740cfd6a2205,ENQUEUED,0.17176891591416643,questions_in
2025-10-29T00:14:52.223007,PUBLISH,4718f06a7a2d46c1b977b8adbf400d4c,68f2d95bd190740cfd6a1f9b,ENQUEUED,0.2449510196430262,questions_in
2025-10-29T00:14:52.484154,PUBLISH,c1c82f0a77974b3ca6fc830a8234e568,68f2d95bd190740cfd6a251b,ENQUEUED,0.25628087206465044,questions_in
2025-10-29T00:14:52.814856,PUBLISH,2a41b686f77442a88d78bc7711543ee9,68f2d95bd190740cfd6a273f,ENQUEUED,0.3288545720361851,questions_in
2025-10-29T00:14:52.988059,PUBLISH,3b546369597d464fa455fd8456d4eff0,68f2d95bd190740cfd6a281f,ENQUEUED,0.17018857680453497,questions_in
2025-10-29T00:14:53.344700,PUBLISH,a2ab9f2a43534be3b98cb61905dd1602,68f2d95bd190740cfd6a38c6,ENQUEUED,0.3543952048418223,questions_in
2025-10-29T00:14:53.597078,PUBLISH,91641458225b4a60873f7d71569691b7,68f2d95bd190740cfd6a2ce0,ENQUEUED,0.2503732685606722,questions_in
2025-10-29T00:14:53.813353,PUBLISH,4dd8efda42394319813e427c39f8fb0e,68f2d95bd190740cfd6a2959,ENQUEUED,0.21421787610640697,questions_in
2025-10-29T00:14:54.266234,PUBLISH,27fc968ec2534331bd77fb2630ad6870,68f2d95bd190740cfd6a389d,ENQUEUED,0.44709540654900404,questions_in
2025-10-29T00:14:54.572370,PUBLISH,a43da74f5e0840c68007d486843f4995,68f2d95bd190740cfd6a31b4,ENQUEUED,0.3033753736889616,questions_in
2025-10-29T00:14:54.749760,PUBLISH,7df64b68a3e644fdbaeae650d30b8dbe,68f2d95bd190740cfd6a307c,ENQUEUED,0.17131165634393408,questions_in
2025-10-29T00:14:54.859464,PUBLISH,697e1e41330040e4af1b7792558569d4,68f2d95bd190740cfd6a20c0,ENQUEUED,0.10784754506409895,questions_in
2025-10-29T00:14:55.008526,PUBLISH,7817317c74de4435ba8745b743d26f30,68f2d95bd190740cfd6a41be,ENQUEUED,0.14698106536946504,questions_in
2025-10-29T00:14:55.222853,PUBLISH,7224aa0707524b2bac61cc5c5e117e8f,68f2d95bd190740cfd6a2124,ENQUEUED,0.21144380447166153,questions_in
2025-10-29T00:14:55.491803,PUBLISH,3f8a83bf787b4290b1a473dd4a535301,68f2d95bd190740cfd6a3d9b,ENQUEUED,0.2657938778035348,questions_in
2025-10-29T00:14:55.711003,PUBLISH,7b2820ae2104416d99a70e53c391836f,68f2d95bd190740cfd6a35b2,ENQUEUED,0.21646858604950545,questions_in
2025-10-29T00:14:55.864667,PUBLISH,216b41f3540041768cf2beb606b745b8,68f2d95bd190740cfd6a3c8e,ENQUEUED,0.1517398776197093,questions_in
2025-10-29T00:14:56.106062,PUBLISH,7dc68b4d129b422d8e49bf0a4a12c30b,68f2d95bd190740cfd6a219a,ENQUEUED,0.23825566843225962,questions_in
2025-10-29T00:14:56.571244,PUBLISH,e2c5a9429fc9452fae064529e6d38738,68f2d95bd190740cfd6a236a,ENQUEUED,0.46158523407299723,questions_in
2025-10-29T00:14:56.855268,PUBLISH,764eea96b2ed49a0a6fbaa75ad91f8ad,68f2d95bd190740cfd6a2d96,ENQUEUED,0.2796774916308814,questions_in
2025-10-29T00:14:57.088773,PUBLISH,4a987d4735c144f0a819dbc1efff743b,68f2d95bd190740cfd6a26b9,ENQUEUED,0.23021088707414517,questions_in
2025-10-29T00:14:57.286116,PUBLISH,931e78af44704e9b8de60b4c7e46efb8,68f2d95bd190740cfd6a3b88,ENQUEUED,0.19118105367910734,questions_in
2025-10-29T00:14:57.720398,PUBLISH,99dbe4e6b80f4ab794f75fbee3fa9532,68f2d95bd190740cfd6a38de,ENQUEUED,0.4278287265353269,questions_in
2025-10-29T00:14:57.960275,PUBLISH,d80aaff4345243afaa2eaaea3615e173,68f2d95bd190740cfd6a316d,ENQUEUED,0.23816218398033995,questions_in
2025-10-29T00:14:58.375481,PUBLISH,50878062ed514a54a4d909aca99a2509,68f2d95bd190740cfd6a2861,ENQUEUED,0.4126671372387285,questions_in
2025-10-29T00:14:58.511426,PUBLISH,bd150df5b35247ef9a66014b6d5c2f32,68f2d95bd190740cfd6a2624,ENQUEUED,0.12728706811817825,questions_in
2025-10-29T00:14:58.694876,PUBLISH,e7cc9d824d7246b2b371317d0b1b9bd4,68f2d95bd190740cfd6a347c,ENQUEUED,0.17811349274256802,questions_in
2025-10-29T00:14:58.947235,PUBLISH,3385d059f3a840438fd516ff08d37309,68f2d95bd190740cfd6a411a,ENQUEUED,0.24999978319009897,questions_in
2025-10-29T00:14:59.302429,PUBLISH,ea03c35573b7405aa820294b59057389,68f2d95bd190740cfd6a31ab,ENQUEUED,0.351459276500223,questions_in
2025-10-29T00:14:59.796076,PUBLISH,2ed13bff9f95437cb3635367793e2d4b,68f2d95bd190740cfd6a3393,ENQUEUED,0.4900369573971204,questions_in
2025-10-29T00:14:59.986539,PUBLISH,c4bd5d16046e4ce385784532bb90ef2d,68f2d95bd190740cfd6a1caf,ENQUEUED,0.1873143582539615,questions_in
2025-10-29T00:15:00.244999,PUBLISH,109c7cb98e2e45e4a312fcc40b438029,68f2d95bd190740cfd6a3be9,ENQUEUED,0.2559952174141784,questions_in
2025-10-29T00:15:00.478521,PUBLISH,dcfe78fd36a2499ea52348b240bc9767,68f2d95bd190740cfd6a242c,ENQUEUED,0.23106317087052558,questions_in
2025-10-29T00:15:00.729026,PUBLISH,346e9366d888435a8958754f15603b74,68f2d95bd190740cfd6a26bc,ENQUEUED,0.24484981103817482,questions_in
2025-10-29T00:15:00.959364,PUBLISH,9b60463cd48c4394a00f66a1d94fccd1,68f2d95bd190740cfd6a2d7a,ENQUEUED,0.22808061187146966,questions_in
2025-10-29T00:15:01.178555,PUBLISH,95266c5a64844f4497a35e8f1aa74c17,68f2d95bd190740cfd6a267f,ENQUEUED,0.21718579488137413,questions_in
2025-10-29T00:15:01.375445,PUBLISH,2510d764e3694c118d6a31f709f610c8,68f2d95bd190740cfd6a2181,ENQUEUED,0.19500168738078957,questions_in
2025-10-29T00:15:01.513938,PUBLISH,5265a20e5302495f8cc3729fc26d47a2,68f2d95bd190740cfd6a3430,ENQUEUED,0.13593645413516994,questions_in
2025-10-29T00:15:01.891224,PUBLISH,fe01db8f5c68431c89da396d4fa9e6af,68f2d95bd190740cfd6a3b91,ENQUEUED,0.3753419396939254,questions_in
2025-10-29T00:15:02.123321,PUBLISH,a7706bd8107347fabf282be5637a6631,68f2d95bd190740cfd6a27be,ENQUEUED,0.22455153229763114,questions_in
2025-10-29T00:15:02.405621,PUBLISH,4044b8bc88524b088b1ff5c0ced2ffeb,68f2d95bd190740cfd6a1be7,ENQUEUED,0.2805236025214024,questions_in
2025-10-29T00:15:02.697967,PUBLISH,eb764473a0224be39cddfa27af90c939,68f2d95bd190740cfd6a3258,ENQUEUED,0.2900368855122628,questions_in
2025-10-29T00:15:03.187294,PUBLISH,2c6782fe83514164ae644fdea3aaf109,68f2d95bd190740cfd6a2056,ENQUEUED,0.4853463504650908,questions_in
2025-10-29T00:15:03.424561,PUBLISH,3177189f5cc1458381c2f69b47098004,68f2d95bd190740cfd6a3887,ENQUEUED,0.2323733424450185,questions_in
2025-10-29T00:15:03.763284,PUBLISH,c8e6ee0fd9de4aabafd6bbcef7651c99,68f2d95bd190740cfd6a39ed,ENQUEUED,0.33666665443492516,questions_in
2025-10-29T00:15:04.167125,PUBLISH,cc42b9acb8ab4d8794b5d29d4cd0a296,68f2d95bd190740cfd6a3e20,ENQUEUED,0.40091846165700284,questions_in
2025-10-29T00:15:04.338369,PUBLISH,9053d2720ec64a409500735cf61b842c,68f2d95bd190740cfd6a367b,ENQUEUED,0.16873807254306045,questions_in
2025-10-29T00:15:04.749585,PUBLISH,5c32cb46fc114f8797f3b90e7523ae58,68f2d95bd190740cfd6a2255,ENQUEUED,0.4042232769245011,questions_in
2025-10-29T00:15:04.862518,PUBLISH,7f3f6c4eba6a4891b7ce82b9186ad376,68f2d95bd190740cfd6a377f,ENQUEUED,0.10521414768733739,questions_in
2025-10-29T00:15:05.075092,PUBLISH,d56a2219a58e4c56aa04bd4af033c419,68f2d95bd190740cfd6a321d,ENQUEUED,0.20871974753038486,questions_in
2025-10-29T00:15:05.510232,PUBLISH,1b3de7830d53489485cf96b5c703ea61,68f2d95bd190740cfd6a301a,ENQUEUED,0.43278004362076883,questions_in
2025-10-29T00:15:05.658157,PUBLISH,47e36610820b4e618628122b271ac8ca,68f2d95bd190740cfd6a2822,ENQUEUED,0.1458460765310743,questions_in
2025-10-29T00:15:05.995261,PUBLISH,0263774dfc0347afa89e579c43266634,68f2d95bd190740cfd6a2321,ENQUEUED,0.33508089167413013,questions_in
2025-10-29T00:15:06.230536,PUBLISH,101fe0612fd44290bb7abe79cfd00ff2,68f2d95bd190740cfd6a4006,ENQUEUED,0.23309322059634857,questions_in
2025-10-29T00:15:06.423127,PUBLISH,183aa0b81cd24afab574f238fa6adeb1,68f2d95bd190740cfd6a36a5,ENQUEUED,0.19090892963434045,questions_in
2025-10-29T00:15:06.775502,PUBLISH,48f9e6ae5c3840e8b22a50195da55f43,68f2d95bd190740cfd6a3fab,ENQUEUED,0.3472539065726392,questions_in
2025-10-29T00:15:06.985278,PUBLISH,a1dd0cb2cc3744d894b10ce7259f998c,68f2d95bd190740cfd6a3b04,ENQUEUED,0.20633087318597676,questions_in
2025-10-29T00:15:07.174008,PUBLISH,3191e02b97dc41f7b63e15287a4e66d6,68f2d95bd190740cfd6a2c6c,ENQUEUED,0.1789513031102905,questions_in
2025-10-29T00:15:07.380302,PUBLISH,95ff33402ae449899abba3ffe294e418,68f2d95bd190740cfd6a2419,ENQUEUED,0.20393044231322235,questions_in
2025-10-29T00:15:07.869441,PUBLISH,07bdf84795ab4b24a9800fc872998bba,68f2d95bd190740cfd6a3d48,ENQUEUED,0.48605743326157935,questions_in
2025-10-29T00:15:08.076432,PUBLISH,9e760279bde5477498d6c346d7b99533,68f2d95bd190740cfd6a2512,ENQUEUED,0.2050811794330885,questions_in
2025-10-29T00:15:08.457049,PUBLISH,3fa74f04a28f4608997d2be0d1e3b325,68f2d95bd190740cfd6a3811,ENQUEUED,0.37702403900410564,questions_in
2025-10-29T00:15:08.899116,PUBLISH,c255fdc8419e49eca5ae353160023d03,68f2d95bd190740cfd6a2125,ENQUEUED,0.43851455393414907,questions_in
2025-10-29T00:15:09.275483,PUBLISH,61b6c6d132544fe0a95cb42c40e4cdf5,68f2d95bd190740cfd6a3274,ENQUEUED,0.3663162166260189,questions_in
2025-10-29T00:15:09.541417,PUBLISH,aa0b1582e3834892aa536215e7e86b76,68f2d95bd190740cfd6a20a9,ENQUEUED,0.2638304000606305,questions_in
2025-10-29T00:15:09.923303,PUBLISH,0769d6ca49204b55a69659b2997ec8fe,68f2d95bd190740cfd6a2505,ENQUEUED,0.379691222648192,questions_in
2025-10-29T00:15:10.189783,PUBLISH,c69a7d07a70f4e33b9f62e8af6c6c5bb,68f2d95bd190740cfd6a35e2,ENQUEUED,0.26441032113234675,questions_in
2025-10-29T00:15:10.404094,PUBLISH,de2cded8bd2e4ccda478b4d25dfc1065,68f2d95bd190740cfd6a3abe,ENQUEUED,0.21151359939795436,questions_in
2025-10-29T00:15:10.606473,PUBLISH,f1a600dd0c0643b4b951a9adf7a9dbd2,68f2d95bd190740cfd6a37a2,ENQUEUED,0.20021672608116017,questions_in
2025-10-29T00:15:11.046418,PUBLISH,85e8aece85f440bd92f02970b806d0d8,68f2d95bd190740cfd6a38af,ENQUEUED,0.4381227029449404,questions_in
2025-10-29T00:15:11.329917,PUBLISH,1c279e7b6af64d668e96b223542db023,68f2d95bd190740cfd6a20b8,ENQUEUED,0.2814243511445653,questions_in
2025-10-29T00:15:11.805382,PUBLISH,3fd32aaa89e74e458b464f7de0cd8434,68f2d95bd190740cfd6a418b,ENQUEUED,0.47333442950102556,questions_in
2025-10-29T00:15:12.201764,PUBLISH,b47e4bc93bbf4fa6a163ceb0bcc83f3a,68f2d95bd190740cfd6a27a4,ENQUEUED,0.3938813056231911,questions_in
2025-10-29T00:15:12.363479,PUBLISH,fddf6935f4b94d12bc6660489501218b,68f2d95bd190740cfd6a2eca,ENQUEUED,0.15997587080243203,questions_in
2025-10-29T00:15:12.525858,PUBLISH,b46f39002b4d46e39d0ac2d7d8daec4f,68f2d95bd190740cfd6a38ca,ENQUEUED,0.1604211740765131,questions_in
2025-10-29T00:15:13.018170,PUBLISH,e7409e19ba9848a89ae4f85bd80fecea,68f2d95bd190740cfd6a2a39,ENQUEUED,0.48302208866924035,questions_in
2025-10-29T00:15:13.359567,PUBLISH,1b6055c3b100490b814f1a4c28cde525,68f2d95bd190740cfd6a2798,ENQUEUED,0.33846397320551636,questions_in
2025-10-29T00:15:13.526102,PUBLISH,974cf0a1db8f4c03969112cd15c669b0,68f2d95bd190740cfd6a3f62,ENQUEUED,0.16441731386755143,questions_in
2025-10-29T00:15:13.998475,PUBLISH,27ec888b4df1462baefe8eeb567745bc,68f2d95bd190740cfd6a337c,ENQUEUED,0.46933091591458476,questions_in
2025-10-29T00:15:14.412630,PUBLISH,c9537b4d7bee4664ba2875e017b28781,68f2d95bd190740cfd6a2078,ENQUEUED,0.4124776226554895,questions_in
2025-10-29T00:15:14.783875,PUBLISH,8bd9ad356d354f618311ceac15b98d94,68f2d95bd190740cfd6a1d69,ENQUEUED,0.36809721719134914,questions_in
2025-10-29T00:15:14.940709,PUBLISH,8ab3f1d9097840b6bd36bbe2a15ebdd0,68f2d95bd190740cfd6a3944,ENQUEUED,0.15501152700757304,questions_in
2025-10-29T00:15:15.155641,PUBLISH,f69f73b4999c408a97ff719679c17ad5,68f2d95bd190740cfd6a2cb7,ENQUEUED,0.20851432124308228,questions_in
2025-10-29T00:15:15.502202,PUBLISH,11f1d81ddeab4edcb4fd1f1cfc1a3973,68f2d95bd190740cfd6a369f,ENQUEUED,0.3444773380044579,questions_in
2025-10-29T00:15:15.968002,PUBLISH,0aac91e5d1f749e8a2a850a5d101cd1c,68f2d95bd190740cfd6a24bc,ENQUEUED,0.46260226681472594,questions_in
2025-10-29T00:15:16.391356,PUBLISH,688f9b648ace4610bd0067c730af67cc,68f2d95bd190740cfd6a414a,ENQUEUED,0.4216414593465099,questions_in
2025-10-29T00:15:16.584929,PUBLISH,0a07a00fa17848f9a0ca86fbb143401e,68f2d95bd190740cfd6a22f0,ENQUEUED,0.1910844609210939,questions_in
2025-10-29T00:15:16.922890,PUBLISH,3d0b78c954214a50b6500f75d7782174,68f2d95bd190740cfd6a1b4e,ENQUEUED,0.3357943022979941,questions_in
2025-10-29T00:15:17.137169,PUBLISH,589f3936a249479986d422c18bfe9b49,68f2d95bd190740cfd6a203b,ENQUEUED,0.2122853485203951,questions_in
2025-10-29T00:15:17.593035,PUBLISH,f9cf6fbf799147f29e3bb6013aef34c5,68f2d95bd190740cfd6a3f71,ENQUEUED,0.45418714649628267,questions_in
2025-10-29T00:15:17.945828,PUBLISH,c0d302da47914d8594ceb0426ad60394,68f2d95bd190740cfd6a2d46,ENQUEUED,0.35061869534872425,questions_in
2025-10-29T00:15:18.159596,PUBLISH,b49e2cbbf08240f6a540a955a4ed391d,68f2d95bd190740cfd6a1d58,ENQUEUED,0.21164829257809883,questions_in
2025-10-29T00:15:18.495496,PUBLISH,6b6e5765d40c4a2db51ea6d422055d27,68f2d95bd190740cfd6a2115,ENQUEUED,0.3332312540371139,questions_in
2025-10-29T00:15:18.601665,PUBLISH,4b6e39d5428c4755b9ed725a61683b92,68f2d95bd190740cfd6a26b4,ENQUEUED,0.103942882076761,questions_in
2025-10-29T00:15:18.776482,PUBLISH,cd24fbccdad94001925e5c9e3fd1cd91,68f2d95bd190740cfd6a2401,ENQUEUED,0.17290351527686915,questions_in
2025-10-29T00:15:19.017947,PUBLISH,b29f99e591994f6f86a01bf7221d5f2c,68f2d95bd190740cfd6a37b5,ENQUEUED,0.2339643520679165,questions_in
2025-10-29T00:15:19.323024,PUBLISH,9f9a4eb1bea74c3fa98b6fbe73f637fc,68f2d95bd190740cfd6a2580,ENQUEUED,0.30253561209626767,questions_in
2025-10-29T00:15:19.789271,PUBLISH,b53ca713771c45708d32f0ac7089ee03,68f2d95bd190740cfd6a1c25,ENQUEUED,0.4595879551731351,questions_in
2025-10-29T00:15:20.273345,PUBLISH,ac3282e6562f486ca02a93f026f8f9b1,68f2d95bd190740cfd6a24df,ENQUEUED,0.481872839975397,questions_in
2025-10-29T00:15:20.425730,PUBLISH,71ba40bf1fe743cca82462614d4b6004,68f2d95bd190740cfd6a3716,ENQUEUED,0.14956052068971404,questions_in
2025-10-29T00:15:20.622157,PUBLISH,da8593ddef374698802b50bb22263f00,68f2d95bd190740cfd6a3aaa,ENQUEUED,0.1906505275316906,questions_in
2025-10-29T00:15:20.777289,PUBLISH,6a87d56058b546dcaa24424fa4fdf171,68f2d95bd190740cfd6a2416,ENQUEUED,0.15005824898025583,questions_in
2025-10-29T00:15:20.957196,PUBLISH,f812bf629d2842b89b59090b579cb157,68f2d95bd190740cfd6a2d22,ENQUEUED,0.17755292520827087,questions_in
2025-10-29T00:15:21.139553,PUBLISH,7f0833ab20364e77b865019f47814555,68f2d95bd190740cfd6a224b,ENQUEUED,0.17485321826400152,questions_in
2025-10-29T00:15:21.529510,PUBLISH,f060c9d40aff4e20b6c50e352c18e8ac,68f2d95bd190740cfd6a2143,ENQUEUED,0.3850202806261871,questions_in
2025-10-29T00:15:21.947930,PUBLISH,961f41be759e450d8df63e2f5185cc7f,68f2d95bd190740cfd6a3b4e,ENQUEUED,0.4115813494523539,questions_in
2025-10-29T00:15:22.323699,PUBLISH,02d59fa0bd494564a282748966e81828,68f2d95bd190740cfd6a2bcf,ENQUEUED,0.3712501661526272,questions_in
2025-10-29T00:15:22.592057,PUBLISH,29293a4d30e6415482554b007bd08b5a,68f2d95bd190740cfd6a208d,ENQUEUED,0.25654634886658767,questions_in
2025-10-29T00:15:23.086035,PUBLISH,89f81501b72547f885cd160a8da10007,68f2d95bd190740cfd6a1b38,ENQUEUED,0.4917697825216051,questions_in
2025-10-29T00:15:23.265299,PUBLISH,7f78f55862e84312afa2b02efe775b43,68f2d95bd190740cfd6a345e,ENQUEUED,0.17473155172587757,questions_in
2025-10-29T00:15:23.414761,PUBLISH,5a329431318f405f9d9e952f4705db9b,68f2d95bd190740cfd6a33b2,ENQUEUED,0.1460965405014724,questions_in
2025-10-29T00:15:23.555957,PUBLISH,3eb9640762dc43da8b4bc4af4bb4a5a8,68f2d95bd190740cfd6a2c4b,ENQUEUED,0.13745461269082224,questions_in
2025-10-29T00:15:23.798165,PUBLISH,6c365d4d0aff42beaef238d9868c40c2,68f2d95bd190740cfd6a31ef,ENQUEUED,0.23476027058895138,questions_in
2025-10-29T00:15:24.231332,PUBLISH,5480cfdb1a5e4616ba8d48317cd64152,68f2d95bd190740cfd6a20df,ENQUEUED,0.4290849447251587,questions_in
2025-10-29T00:15:24.515842,PUBLISH,ec0c5a281130405e801e2923f9f74f8d,68f2d95bd190740cfd6a1b16,ENQUEUED,0.2810748019197644,questions_in
2025-10-29T00:15:24.934250,PUBLISH,bfb13ecc54634c72984fbdb53edafe0e,68f2d95bd190740cfd6a4118,ENQUEUED,0.4162415498007218,questions_in
2025-10-29T00:15:25.202344,PUBLISH,0d1fe34c7c684f9cb43dd6157498a961,68f2d95bd190740cfd6a2345,ENQUEUED,0.26630468624552983,questions_in
2025-10-29T00:15:25.404436,PUBLISH,8eb29dd731d14a0596150431513fa87f,68f2d95bd190740cfd6a3cd9,ENQUEUED,0.19682382718561875,questions_in
2025-10-29T00:15:25.688425,PUBLISH,5eaa02a5af544cb58c05d5f517c83cef,68f2d95bd190740cfd6a37eb,ENQUEUED,0.2737332652482434,questions_in
2025-10-29T00:15:26.142648,PUBLISH,f4cb477791e44bd9b49c7a6138f5e68e,68f2d95bd190740cfd6a38ee,ENQUEUED,0.4517580915400826,questions_in
2025-10-29T00:15:26.415824,PUBLISH,f0d894ba71574074bf705be923995b6a,68f2d95bd190740cfd6a31d6,ENQUEUED,0.26939413412110264,questions_in
2025-10-29T00:15:26.722166,PUBLISH,c6dfe3933ae64613a779d482097062ed,68f2d95bd190740cfd6a3f79,ENQUEUED,0.3025307676688776,questions_in
2025-10-29T00:15:27.175610,PUBLISH,2c8a4a18e1914776901244cf7b68e9cf,68f2d95bd190740cfd6a238d,ENQUEUED,0.4504595800998613,questions_in
2025-10-29T00:15:27.415926,PUBLISH,d014364f58ec4b639435524cc3c153b9,68f2d95bd190740cfd6a3441,ENQUEUED,0.23788477854945642,questions_in
2025-10-29T00:15:27.606613,PUBLISH,7ec15720c97842e0a18a2204bf26069e,68f2d95bd190740cfd6a4124,ENQUEUED,0.18878601591020963,questions_in
2025-10-29T00:15:28.049708,PUBLISH,32cb1a60427e4d0289091d27a6807588,68f2d95bd190740cfd6a3325,ENQUEUED,0.43627180115765507,questions_in
2025-10-29T00:15:28.459084,PUBLISH,85ae2b4b441a469fbf8ddb8c40e70350,68f2d95bd190740cfd6a1d4f,ENQUEUED,0.4063779643253975,questions_in
2025-10-29T00:15:28.701276,PUBLISH,41d7d1228ce644ca976d09771d0d71b7,68f2d95bd190740cfd6a2761,ENQUEUED,0.23998018543837027,questions_in
2025-10-29T00:15:29.118717,PUBLISH,932a5af718094f40a899063132c07293,68f2d95bd190740cfd6a2d69,ENQUEUED,0.4153741366417819,questions_in
2025-10-29T00:15:29.538411,PUBLISH,acdeff3a8631474fa70d54618507319a,68f2d95bd190740cfd6a2872,ENQUEUED,0.4132913599505874,questions_in
2025-10-29T00:15:29.812254,PUBLISH,b45a3a11bc6f480ab4b0d15f7a052b90,68f2d95bd190740cfd6a2659,ENQUEUED,0.27038688491663,questions_in
2025-10-29T00:15:30.225635,PUBLISH,b4dd7684761442e7aa393bae22a6dcdf,68f2d95bd190740cfd6a2fc6,ENQUEUED,0.4110520364026755,questions_in
2025-10-29T00:15:30.548613,PUBLISH,a3a9dd8dedf74c49b028f3404830ce1d,68f2d95bd190740cfd6a34a4,ENQUEUED,0.31680306334529884,questions_in
2025-10-29T00:15:31.047862,PUBLISH,2d232f0867f24fbfa3fec89a4b236828,68f2d95bd190740cfd6a333a,ENQUEUED,0.4959384541981223,questions_in
2025-10-29T00:15:31.395556,PUBLISH,e314d461df494073afcd29624769b578,68f2d95bd190740cfd6a29ab,ENQUEUED,0.34406374253369904,questions_in
2025-10-29T00:15:31.554444,PUBLISH,fb83937d0e4e4a8a95d821f3ec4e12a4,68f2d95bd190740cfd6a3bc5,ENQUEUED,0.15285045045029136,questions_in
2025-10-29T00:15:31.734261,PUBLISH,9d0c1faae99c45c8b56f7ff9a88567ca,68f2d95bd190740cfd6a3494,ENQUEUED,0.17818383505008778,questions_in
2025-10-29T00:15:32.106117,PUBLISH,3f6b42c10160438dac64f34b64befade,68f2d95bd190740cfd6a21ce,ENQUEUED,0.36993372675775327,questions_in
2025-10-29T00:15:32.572726,PUBLISH,5aa8357850094706a0c4a1548ff239e5,68f2d95bd190740cfd6a1ee0,ENQUEUED,0.4617387337967853,questions_in
2025-10-29T00:15:32.881015,PUBLISH,2f245c7cc3b340928c5563fdc259c782,68f2d95bd190740cfd6a2f2e,ENQUEUED,0.30127825255363483,questions_in
2025-10-29T00:15:33.152499,PUBLISH,b139b1d7759142c1a1601223778963da,68f2d95bd190740cfd6a2b9e,ENQUEUED,0.2689645464096716,questions_in
2025-10-29T00:15:33.284497,PUBLISH,482ba3114d0f4392b7b749f1e18f121c,68f2d95bd190740cfd6a3888,ENQUEUED,0.1298385106679918,questions_in
2025-10-29T00:15:33.593155,PUBLISH,a5e6d2df995d421bbe347fa6abcbed11,68f2d95bd190740cfd6a35df,ENQUEUED,0.3016641867188259,questions_in
2025-10-29T00:15:34.081925,PUBLISH,feadad5b47cb439985af997e15c59c4f,68f2d95bd190740cfd6a3f0b,ENQUEUED,0.4857506136528422,questions_in
2025-10-29T00:15:34.574570,PUBLISH,630d1de16fbf459d9fb874d9dcb94f82,68f2d95bd190740cfd6a2b2f,ENQUEUED,0.49082741294538823,questions_in
2025-10-29T00:15:35.066973,PUBLISH,2d6a5e584be241b89a5d33d38aed3351,68f2d95bd190740cfd6a3374,ENQUEUED,0.49028079961303683,questions_in
2025-10-29T00:15:35.331464,PUBLISH,3f6377b2c22b4c6f9f93a0b09fd83b0e,68f2d95bd190740cfd6a26b1,ENQUEUED,0.26206560934056555,questions_in
2025-10-29T00:15:35.741968,PUBLISH,fa843c987d414325a62d8a7e38e66a65,68f2d95bd190740cfd6a3c67,ENQUEUED,0.408553003576256,questions_in
2025-10-29T00:15:36.123228,PUBLISH,2cfaa88d1026498d8884d6c36d671049,68f2d95bd190740cfd6a2dd8,ENQUEUED,0.3757474009206079,questions_in
2025-10-29T00:15:36.484194,PUBLISH,7be9cb0b10a743dea9a97ead57e64b5d,68f2d95bd190740cfd6a37bb,ENQUEUED,0.3585202615338198,questions_in
2025-10-29T00:15:36.613689,PUBLISH,cd0d36771c8f42c08480165d208944ea,68f2d95bd190740cfd6a412e,ENQUEUED,0.12692583145284525,questions_in
2025-10-29T00:15:37.103513,PUBLISH,649e75ec3079410cba8ffddce961cca7,68f2d95bd190740cfd6a2367,ENQUEUED,0.48339326664876314,questions_in
2025-10-29T00:15:37.437754,PUBLISH,47d909a118e445a6a6e50a1d485457ab,68f2d95bd190740cfd6a2fb6,ENQUEUED,0.3323024941860973,questions_in
2025-10-29T00:15:37.786603,PUBLISH,710e16f40dee4854b7a438fcba0696a1,68f2d95bd190740cfd6a2579,ENQUEUED,0.34645076445639233,questions_in
2025-10-29T00:15:38.253555,PUBLISH,66865f026b9b495dbec165c8ff8c32d8,68f2d95bd190740cfd6a2923,ENQUEUED,0.4647240166172075,questions_in
2025-10-29T00:15:38.515820,PUBLISH,9aed0a08bfba48b9889ec600d95aec26,68f2d95bd190740cfd6a3e70,ENQUEUED,0.26018008711637597,questions_in
2025-10-29T00:15:38.735038,PUBLISH,0123ed3de26b4cc5951eab44ae185501,68f2d95bd190740cfd6a25e2,ENQUEUED,0.21703926254495387,questions_in
2025-10-29T00:15:39.163186,PUBLISH,4caaa47da26f4f78be7f959ca10f7392,68f2d95bd190740cfd6a1c3d,ENQUEUED,0.42396342749023164,questions_in
2025-10-29T00:15:39.666885,PUBLISH,a004f15f4ec1442c8d8c9d0e9c063157,68f2d95bd190740cfd6a39f4,ENQUEUED,0.49974016499112384,questions_in
2025-10-29T00:15:40.058565,PUBLISH,97e831b2498b4c1ca96c9ec27b86b109,68f2d95bd190740cfd6a1d2b,ENQUEUED,0.38899011981052534,questions_in
2025-10-29T00:15:40.320550,PUBLISH,7219582196df44889c1d1dbee925e0be,68f2d95bd190740cfd6a3540,ENQUEUED,0.2598584496686048,questions_in
2025-10-29T00:15:40.599368,PUBLISH,e5120b0f79a644ee8655b567b57ffefb,68f2d95bd190740cfd6a2816,ENQUEUED,0.27562590922973906,questions_in
2025-10-29T00:15:41.039019,PUBLISH,98860cb6de4340b98a092c171e9d1b81,68f2d95bd190740cfd6a384b,ENQUEUED,0.4375913847661739,questions_in
2025-10-29T00:15:41.514751,PUBLISH,3b93c709848c45caa83c4413783aee5d,68f2d95bd190740cfd6a2441,ENQUEUED,0.4727829304023885,questions_in
2025-10-29T00:15:41.883727,PUBLISH,bd0ed170377d4a24b1afb312ec6c9aa6,68f2d95bd190740cfd6a3d77,ENQUEUED,0.36634354994383145,questions_in
2025-10-29T00:15:42.084476,PUBLISH,c0de4e8251d04c819c79b5eedf109524,68f2d95bd190740cfd6a1c1f,ENQUEUED,0.19903802912041668,questions_in
2025-10-29T00:15:42.278535,PUBLISH,e02d633158da4894b2dded3dc223fadf,68f2d95bd190740cfd6a41bd,ENQUEUED,0.19101130453497148,questions_in
2025-10-29T00:15:42.552394,PUBLISH,29ccc313755d49c69977b9825e2cb8a6,68f2d95bd190740cfd6a3217,ENQUEUED,0.26869900341344144,questions_in
2025-10-29T00:15:42.984001,PUBLISH,421d1c8e833146f99c5897d217ac7e67,68f2d95bd190740cfd6a3f8a,ENQUEUED,0.4204846465076587,questions_in
2025-10-29T00:15:43.392853,PUBLISH,edcea97db6e547f794175c5cc8ccd84a,68f2d95bd190740cfd6a3cdf,ENQUEUED,0.4053645214766115,questions_in
2025-10-29T00:15:43.844828,PUBLISH,015cec0f60f145229573d7b0f75ae9a0,68f2d95bd190740cfd6a2ce2,ENQUEUED,0.4479403151082746,questions_in
2025-10-29T00:15:44.090903,PUBLISH,9c2d6c0d78ee44a09b2b288343753594,68f2d95bd190740cfd6a40b3,ENQUEUED,0.24399673992142346,questions_in
2025-10-29T00:15:44.464607,PUBLISH,2028f714f65044e4b3bddac73a6f1641,68f2d95bd190740cfd6a2567,ENQUEUED,0.37149671649746185,questions_in
2025-10-29T00:15:44.624261,PUBLISH,2f61521507464c839f14c3959f304ac5,68f2d95bd190740cfd6a3e30,ENQUEUED,0.15779207745123683,questions_in
2025-10-29T00:15:45.014258,PUBLISH,7cf2ba9d8bae4b889d05bc1c340db2cc,68f2d95bd190740cfd6a208b,ENQUEUED,0.3818171834568612,questions_in
2025-10-29T00:15:45.130245,PUBLISH,03066e31fbde4160a84a61a43c92aa54,68f2d95bd190740cfd6a1bdf,ENQUEUED,0.11429981098137527,questions_in
2025-10-29T00:15:45.494095,PUBLISH,8c1898b6c71a49cd89aa6ace23ebe105,68f2d95bd190740cfd6a1f76,ENQUEUED,0.35723109328622005,questions_in
2025-10-29T00:15:45.738765,PUBLISH,fafacbb671dd41f89af9f273051ae5be,68f2d95bd190740cfd6a322e,ENQUEUED,0.24196863417202594,questions_in
2025-10-29T00:15:46.050013,PUBLISH,0d62121530914f5e84f95f59ece0f013,68f2d95bd190740cfd6a3319,ENQUEUED,0.3091678451222777,questions_in
2025-10-29T00:15:46.297176,PUBLISH,c3429b407db94640af5585560f82eacf,68f2d95bd190740cfd6a231e,ENQUEUED,0.2450454621118425,questions_in
2025-10-29T00:15:46.480930,PUBLISH,9a8e6a8b81cd4d71aabc4cf988dc022b,68f2d95bd190740cfd6a20c7,ENQUEUED,0.18123757850824013,questions_in
2025-10-29T00:15:46.878373,PUBLISH,081594bbca09443abca1702cce95d42f,68f2d95bd190740cfd6a3b6c,ENQUEUED,0.3940521852884993,questions_in
2025-10-29T00:15:47.326612,PUBLISH,b885b66a5f42417e932a24ef5187678d,68f2d95bd190740cfd6a21c5,ENQUEUED,0.4375585369733753,questions_in
2025-10-29T00:15:47.737587,PUBLISH,8d254973d6a84fa9b66526f6b0446dcf,68f2d95bd190740cfd6a4008,ENQUEUED,0.40874214581969714,questions_in
2025-10-29T00:15:47.934027,PUBLISH,bb38020b27204e6fb9f8cc2ba0b8f380,68f2d95bd190740cfd6a1d9b,ENQUEUED,0.19090652590319987,questions_in
2025-10-29T00:15:48.322750,PUBLISH,70d252fd46574e8a9fdacce49fa4fa7c,68f2d95bd190740cfd6a2422,ENQUEUED,0.3867330088293983,questions_in
2025-10-29T00:15:48.825799,PUBLISH,17c9b508120d49a581eedc60c56e6273,68f2d95bd190740cfd6a3b2e,ENQUEUED,0.49922113576124805,questions_in
2025-10-29T00:15:49.113326,PUBLISH,cd157b6a10c241fa8bcb9aaef06ca0f0,68f2d95bd190740cfd6a3f90,ENQUEUED,0.28537876896029823,questions_in
2025-10-29T00:15:49.561990,PUBLISH,e1a7f7c2e46b420c9e620a6aa38d53df,68f2d95bd190740cfd6a2256,ENQUEUED,0.4456407523324989,questions_in
2025-10-29T00:15:49.744020,PUBLISH,712209a714964f51953392c40fae86d0,68f2d95bd190740cfd6a1da4,ENQUEUED,0.17474436994185616,questions_in
2025-10-29T00:15:49.886079,PUBLISH,93f5c977ee4140298d7b669685dbec9f,68f2d95bd190740cfd6a2e38,ENQUEUED,0.13678650265700246,questions_in
2025-10-29T00:15:50.335761,PUBLISH,50fba3965cf44c8c841fd6f31b0bb728,68f2d95bd190740cfd6a409e,ENQUEUED,0.44689234384430965,questions_in
2025-10-29T00:15:50.575188,PUBLISH,412a4f63cdc74f40a3b33963e545b580,68f2d95bd190740cfd6a3f1d,ENQUEUED,0.23602059750849225,questions_in
2025-10-29T00:15:50.976077,PUBLISH,7e677ea75383419ab832fee524c9c4e1,68f2d95bd190740cfd6a24de,ENQUEUED,0.39749526443520367,questions_in
2025-10-29T00:15:51.350964,PUBLISH,f037ca77cb1f41a38613f286dbc71417,68f2d95bd190740cfd6a3a01,ENQUEUED,0.37227899126992126,questions_in
2025-10-29T00:15:51.830153,PUBLISH,19e0db7243cd4214b78deb249503e46f,68f2d95bd190740cfd6a2c42,ENQUEUED,0.4772117779860543,questions_in
2025-10-29T00:15:52.072372,PUBLISH,a4c1fbdbc3924919bc3d750bc0f103bd,68f2d95bd190740cfd6a2f8f,ENQUEUED,0.23977132005172883,questions_in
2025-10-29T00:15:52.421544,PUBLISH,c13d204c576748f0b10b1574b11228c0,68f2d95bd190740cfd6a3af4,ENQUEUED,0.34715786020597406,questions_in
2025-10-29T00:15:52.820321,PUBLISH,391943857c3847029aa3c20a2fa1f9df,68f2d95bd190740cfd6a3c34,ENQUEUED,0.3965952410300816,questions_in
2025-10-29T00:15:52.967459,PUBLISH,2e58c47637ba4032b23cbc4f4b043ae5,68f2d95bd190740cfd6a2254,ENQUEUED,0.14428761551002262,questions_in
2025-10-29T00:15:53.410446,PUBLISH,99f013eb702e4e2aae4a53cbfd3f185a,68f2d95bd190740cfd6a325e,ENQUEUED,0.4400241329527116,questions_in
2025-10-29T00:15:53.821731,PUBLISH,62bfe3a01e3c44fe88705feca901b1ab,68f2d95bd190740cfd6a397c,ENQUEUED,0.402210705497391,questions_in
2025-10-29T00:15:54.094051,PUBLISH,f6231532a5cc4675ae87444edc170708,68f2d95bd190740cfd6a362d,ENQUEUED,0.2698613269004307,questions_in
2025-10-29T00:15:54.596283,PUBLISH,8a8167b1e5b04531ba690eb8386c201d,68f2d95bd190740cfd6a4156,ENQUEUED,0.49917589741355595,questions_in
2025-10-29T00:15:54.966468,PUBLISH,2af292bb29dc4afda59a4afccf12cc2b,68f2d95bd190740cfd6a3795,ENQUEUED,0.36492911028553554,questions_in
2025-10-29T00:15:55.147078,PUBLISH,53cdaf7c90c04d89a2db2b81cebbc31f,68f2d95bd190740cfd6a1c43,ENQUEUED,0.17908760517418065,questions_in
2025-10-29T00:15:55.485176,PUBLISH,9d28291543a44a42b04756bc38ccf83a,68f2d95bd190740cfd6a1ba2,ENQUEUED,0.33280187426569,questions_in
2025-10-29T00:15:55.856249,PUBLISH,3151dd0cf1904ad5ace883615eb2bc30,68f2d95bd190740cfd6a3646,ENQUEUED,0.36469663894199766,questions_in
2025-10-29T00:15:56.103107,PUBLISH,37bb540ac3234bc4b0470d9770144d87,68f2d95bd190740cfd6a370e,ENQUEUED,0.24361164983476458,questions_in
2025-10-29T00:15:56.410498,PUBLISH,eb2126dd83c6469e9cfe928d78fea2ed,68f2d95bd190740cfd6a359d,ENQUEUED,0.30086811906973765,questions_in
2025-10-29T00:15:56.783125,PUBLISH,14a9598e54644d25ad1549c17075fb28,68f2d95bd190740cfd6a1d4a,ENQUEUED,0.37031489582556376,questions_in
2025-10-29T00:15:57.137044,PUBLISH,bff64cb9cdf5434faa396e48f2972871,68f2d95bd190740cfd6a1e29,ENQUEUED,0.3507975517126529,questions_in
2025-10-29T00:15:57.450312,PUBLISH,d16384d4dd244002ad19cee7ac67f738,68f2d95bd190740cfd6a3280,ENQUEUED,0.310738010976659,questions_in
2025-10-29T00:15:57.891524,PUBLISH,d89209e20ccb4fad9b8ea817f9947b50,68f2d95bd190740cfd6a2e9d,ENQUEUED,0.43698509218115034,questions_in
2025-10-29T00:15:58.083875,PUBLISH,7044e1e4538d4929990edb65b3f9f4c4,68f2d95bd190740cfd6a3e76,ENQUEUED,0.19033439156145635,questions_in
2025-10-29T00:15:58.490556,PUBLISH,663acc356e0c4194b089b03cbffac5da,68f2d95bd190740cfd6a2536,ENQUEUED,0.4023918803221128,questions_in
2025-10-29T00:15:58.629102,PUBLISH,3b533a30458f4d53b7307a25a3f2a3f1,68f2d95bd190740cfd6a1f07,ENQUEUED,0.13643600186510155,questions_in
2025-10-29T00:15:58.961433,PUBLISH,9d03c9529cc24043b51a4193e6ebf959,68f2d95bd190740cfd6a1c7d,ENQUEUED,0.3304294055792768,questions_in
2025-10-29T00:15:59.294134,PUBLISH,7e2c4df7fccf45a2a87bbe92f206611d,68f2d95bd190740cfd6a319c,ENQUEUED,0.325606825870434,questions_in
2025-10-29T00:15:59.398456,PUBLISH,dd0b38eff01a45afb571006e30f3d0f9,68f2d95bd190740cfd6a1cc3,ENQUEUED,0.10135044460133132,questions_in
2025-10-29T00:15:59.895604,PUBLISH,d8940622119f4b5797fabe2df47f314e,68f2d95bd190740cfd6a3260,ENQUEUED,0.4943767202979782,questions_in
2025-10-29T00:16:00.308826,PUBLISH,9ca7d80d34ff4cc0841981fb71170a7f,68f2d95bd190740cfd6a2309,ENQUEUED,0.40949351661967326,questions_in
2025-10-29T00:16:00.786049,PUBLISH,9f02b1ba261247de89b360f63f232937,68f2d95bd190740cfd6a3770,ENQUEUED,0.472999908433385,questions_in
2025-10-29T00:16:00.936392,PUBLISH,c6053b551a104a718ce872e56afddd46,68f2d95bd190740cfd6a39d7,ENQUEUED,0.14799709928875668,questions_in
2025-10-29T00:16:01.294350,PUBLISH,22dff8fbc8f846a5825935c78dd6b5f0,68f2d95bd190740cfd6a20dc,ENQUEUED,0.3555368205767727,questions_in
2025-10-29T00:16:01.498902,PUBLISH,c8fc533dbef0433b9c79b6501f2897cb,68f2d95bd190740cfd6a3ae9,ENQUEUED,0.20252314799655796,questions_in
2025-10-29T00:16:01.910430,PUBLISH,bee6bc0b630b48a787040978cfeb48e0,68f2d95bd190740cfd6a372e,ENQUEUED,0.4086403682342161,questions_in
2025-10-29T00:16:02.314814,PUBLISH,696f7db0ddad4ee78d71ad755325abb9,68f2d95bd190740cfd6a334a,ENQUEUED,0.40187167777105104,questions_in
2025-10-29T00:16:02.659203,PUBLISH,622a85b868a64495919fbcc4abb0c701,68f2d95bd190740cfd6a2fa2,ENQUEUED,0.34172714205698657,questions_in
2025-10-29T00:16:02.781510,PUBLISH,a4d47a46581749b9935f17369565412c,68f2d95bd190740cfd6a38d5,ENQUEUED,0.11156801432036222,questions_in
2025-10-29T00:16:03.117123,PUBLISH,a8d3475955d34b9bb864c4711eb39689,68f2d95bd190740cfd6a3278,ENQUEUED,0.33359142260068464,questions_in
2025-10-29T00:16:03.328253,PUBLISH,868f54022eb7440ba059d59d349fa4e8,68f2d95bd190740cfd6a2d25,ENQUEUED,0.20461682835878606,questions_in
2025-10-29T00:16:03.656064,PUBLISH,f8aff2031be84db5b68cf37f89d93a26,68f2d95bd190740cfd6a336b,ENQUEUED,0.3242677376014661,questions_in
2025-10-29T00:16:03.944025,PUBLISH,299f675c07a5488485a53873a91a3e51,68f2d95bd190740cfd6a277f,ENQUEUED,0.28145980021506617,questions_in
2025-10-29T00:16:04.269255,PUBLISH,5cbc353af5024685b3ef9ab5efef94b6,68f2d95bd190740cfd6a1c08,ENQUEUED,0.3222699474269579,questions_in
2025-10-29T00:16:04.532475,PUBLISH,7895760587354a00bcaeff8898ff2706,68f2d95bd190740cfd6a29c6,ENQUEUED,0.2613431219345854,questions_in
2025-10-29T00:16:04.924577,PUBLISH,b087d956d79c44969e4beb4361edc692,68f2d95bd190740cfd6a3745,ENQUEUED,0.3892647480715312,questions_in
2025-10-29T00:16:05.211282,PUBLISH,dc730566e99049acb96bb6b5f336f20e,68f2d95bd190740cfd6a3982,ENQUEUED,0.2813715954964088,questions_in
2025-10-29T00:16:05.393192,PUBLISH,2eb24f25d2c2492f9a03198de9637f6d,68f2d95bd190740cfd6a2262,ENQUEUED,0.1792024515460307,questions_in
2025-10-29T00:16:05.746442,PUBLISH,b13287f2171d42569f99d7d1d7385b10,68f2d95bd190740cfd6a2ce1,ENQUEUED,0.3508330845496138,questions_in
2025-10-29T00:16:06.157079,PUBLISH,68458f49ce014cd197ca46c78bc8e976,68f2d95bd190740cfd6a4134,ENQUEUED,0.407213375994645,questions_in
2025-10-29T00:16:06.549218,PUBLISH,f18f2ff6f063446486be902a8843dddc,68f2d95bd190740cfd6a2d6a,ENQUEUED,0.39000097205095086,questions_in
2025-10-29T00:16:06.706104,PUBLISH,a7b63195612542828e2c40100e8c5761,68f2d95bd190740cfd6a2232,ENQUEUED,0.1534058576627497,questions_in
2025-10-29T00:16:07.091085,PUBLISH,d9fdeb54bc2d4ad4ab8c370954086a70,68f2d95bd190740cfd6a2dc9,ENQUEUED,0.38203208225421126,questions_in
2025-10-29T00:16:07.203004,PUBLISH,018024f0d3c94cb1a11dbc900b9024c0,68f2d95bd190740cfd6a2f0b,ENQUEUED,0.11025195572669376,questions_in
2025-10-29T00:16:07.559155,PUBLISH,9e7236c30b364b8ca513592e9b749287,68f2d95bd190740cfd6a1ecd,ENQUEUED,0.354184765843064,questions_in
2025-10-29T00:16:07.774735,PUBLISH,17cf7f85f8a54e929969c2e11dfa95bf,68f2d95bd190740cfd6a269d,ENQUEUED,0.21330341810999529,questions_in
2025-10-29T00:16:08.118113,PUBLISH,4bc39fcd01904b7ca4ba8af37e46396a,68f2d95bd190740cfd6a1c7b,ENQUEUED,0.3409412653471866,questions_in
2025-10-29T00:16:08.289451,PUBLISH,3bab8576a0c147ce96fcc431f8f8bd9e,68f2d95bd190740cfd6a3f7c,ENQUEUED,0.1678736992040613,questions_in
2025-10-29T00:16:08.533319,PUBLISH,49934ac57b6c4fd3835b0cf7ee0a7253,68f2d95bd190740cfd6a38a9,ENQUEUED,0.24156094955720359,questions_in
2025-10-29T00:16:09.014966,PUBLISH,99f4b67cd56c469fac6f893abab683c1,68f2d95bd190740cfd6a2ba9,ENQUEUED,0.4713319890253085,questions_in
2025-10-29T00:16:09.478683,PUBLISH,05bb509716ed4b028c9b1862b483dec2,68f2d95bd190740cfd6a3c16,ENQUEUED,0.4617593235229952,questions_in
2025-10-29T00:16:09.907985,PUBLISH,e059c1ecf9144c7b8652ed0f094890a8,68f2d95bd190740cfd6a29a1,ENQUEUED,0.4252529285660199,questions_in
2025-10-29T00:16:10.250307,PUBLISH,fcd2f72e474b41009af78d211dc02494,68f2d95bd190740cfd6a2fb9,ENQUEUED,0.3399790099214133,questions_in
2025-10-29T00:16:10.744144,PUBLISH,b24dfb6cd056426a954979353242e686,68f2d95bd190740cfd6a2e1e,ENQUEUED,0.4917521685003762,questions_in
2025-10-29T00:16:10.975522,PUBLISH,1b285e816c0d4bc8a041894f3cc0b420,68f2d95bd190740cfd6a1f9d,ENQUEUED,0.22923667584446444,questions_in
2025-10-29T00:16:11.410516,PUBLISH,d58cdb2a6c564ce8bbc0a4914a8c6915,68f2d95bd190740cfd6a3272,ENQUEUED,0.4323033916011937,questions_in
2025-10-29T00:16:11.706472,PUBLISH,f0190adb82e04089bff715c1771f2415,68f2d95bd190740cfd6a3431,ENQUEUED,0.29380349116575377,questions_in
2025-10-29T00:16:12.140596,PUBLISH,2a4f85b705b9445e87cf86e255c18451,68f2d95bd190740cfd6a2aed,ENQUEUED,0.43125957253508196,questions_in
2025-10-29T00:16:12.532941,PUBLISH,b1920327c65f41fda8c61338d25e5529,68f2d95bd190740cfd6a2a36,ENQUEUED,0.3898114757753731,questions_in
2025-10-29T00:16:12.869935,PUBLISH,e9d5ac44342a48ad9e8c784dc4f289cd,68f2d95bd190740cfd6a34aa,ENQUEUED,0.3339291445712378,questions_in
2025-10-29T00:16:13.028420,PUBLISH,2b92181d4e604edb8dc854c88ad82569,68f2d95bd190740cfd6a3b63,ENQUEUED,0.15649916360018834,questions_in
2025-10-29T00:16:13.472505,PUBLISH,7e7f98acbaf14054b444cbb582230ac2,68f2d95bd190740cfd6a34b3,ENQUEUED,0.4411475728087183,questions_in
2025-10-29T00:16:13.923547,PUBLISH,1a57e5a2c72242b4ab7ba8ea3519d2ac,68f2d95bd190740cfd6a2dd4,ENQUEUED,0.44775856916396717,questions_in
2025-10-29T00:16:14.038736,PUBLISH,79b9065a5375411685dff7561accd9b6,68f2d95bd190740cfd6a3e10,ENQUEUED,0.11227585801574042,questions_in
2025-10-29T00:16:14.338145,PUBLISH,71b931b8f96f4f189b55f0d21678f08d,68f2d95bd190740cfd6a2ffe,ENQUEUED,0.29653140878250894,questions_in
2025-10-29T00:16:14.743749,PUBLISH,728c0c05a47f4d03839b57a0b8985b86,68f2d95bd190740cfd6a39d5,ENQUEUED,0.4033925625148318,questions_in
2025-10-29T00:16:15.084147,PUBLISH,3191fa28cee74820bb5442ab848607e2,68f2d95bd190740cfd6a1f63,ENQUEUED,0.33846250234773995,questions_in
2025-10-29T00:16:15.195060,PUBLISH,562f171206da4aacbcdf985b73602039,68f2d95bd190740cfd6a29a2,ENQUEUED,0.10909767401524842,questions_in
2025-10-29T00:16:15.651015,PUBLISH,d7b573b813b14d9493c4a0036e233e39,68f2d95bd190740cfd6a2076,ENQUEUED,0.45376010033503267,questions_in
2025-10-29T00:16:15.961738,PUBLISH,363468d6de0940ceafe7228f5c631e6e,68f2d95bd190740cfd6a1e34,ENQUEUED,0.3089476710111545,questions_in
2025-10-29T00:16:16.123737,PUBLISH,35bdfe82edbe43f282da9ce68a928cb9,68f2d95bd190740cfd6a2f76,ENQUEUED,0.15992991196972134,questions_in
2025-10-29T00:16:16.307953,PUBLISH,252a407005904442a314b1506754a98d,68f2d95bd190740cfd6a1e7e,ENQUEUED,0.18194183342287387,questions_in
2025-10-29T00:16:16.692610,PUBLISH,c8fead4830b64e10acfdb13cb3a3ff47,68f2d95bd190740cfd6a296a,ENQUEUED,0.3827708799341071,questions_in
2025-10-29T00:16:16.827590,PUBLISH,c55e67dddb344586bfda8ab60e6710c6,68f2d95bd190740cfd6a20a8,ENQUEUED,0.13325451720447956,questions_in
2025-10-29T00:16:17.304663,PUBLISH,ba969a78a65b4834b7f420d22589f3cb,68f2d95bd190740cfd6a3c0a,ENQUEUED,0.47359746168870276,questions_in
2025-10-29T00:16:17.496278,PUBLISH,2af2d664d70a47d9acd215bec0edc566,68f2d95bd190740cfd6a3c0d,ENQUEUED,0.18943944315094827,questions_in
2025-10-29T00:16:17.604896,PUBLISH,f5c00fa553a840b588032b0cedbc12c4,68f2d95bd190740cfd6a1bc1,ENQUEUED,0.10582081673697785,questions_in
2025-10-29T00:16:17.790402,PUBLISH,b6da142856d24529bf356ecde62f383f,68f2d95bd190740cfd6a2fc5,ENQUEUED,0.18176052168654966,questions_in
2025-10-29T00:16:17.958463,PUBLISH,f189bdf5854949c3a0eb4b6f71f52321,68f2d95bd190740cfd6a2cfd,ENQUEUED,0.16595487765595818,questions_in
2025-10-29T00:16:18.247123,PUBLISH,21332f256ec2402fbe4396e5423e41e9,68f2d95bd190740cfd6a3ee5,ENQUEUED,0.2862256731533609,questions_in
2025-10-29T00:16:18.566250,PUBLISH,9187a81f464f4831a85ba06a924c76c5,68f2d95bd190740cfd6a34a4,ENQUEUED,0.31718890280033074,questions_in
2025-10-29T00:16:18.729819,PUBLISH,0ddc8ef47d584691be0f9a967a334ac9,68f2d95bd190740cfd6a2633,ENQUEUED,0.16092465867542685,questions_in
2025-10-29T00:16:18.858236,PUBLISH,a9ac4f4e2ace43ac8d73a2c50bde9adf,68f2d95bd190740cfd6a3f10,ENQUEUED,0.12617737303358184,questions_in
2025-10-29T00:16:19.147313,PUBLISH,5d55160ce41440f19dccabb68becef77,68f2d95bd190740cfd6a4147,ENQUEUED,0.2872833846921472,questions_in
2025-10-29T00:16:19.608055,PUBLISH,118feba269384b009e10585cb5d64ca4,68f2d95bd190740cfd6a4183,ENQUEUED,0.458166830830146,questions_in
2025-10-29T00:16:19.854976,PUBLISH,2208fa22abd744129ca469784f5fcc3d,68f2d95bd190740cfd6a1df5,ENQUEUED,0.24381651046828395,questions_in
2025-10-29T00:16:20.004107,PUBLISH,1072689e34d44529a84db2e5a49dc131,68f2d95bd190740cfd6a39c6,ENQUEUED,0.1452733849045568,questions_in
2025-10-29T00:16:20.127432,PUBLISH,2971076ef86c4bccb8b28f5d2192e9b3,68f2d95bd190740cfd6a203e,ENQUEUED,0.12121793578920773,questions_in
2025-10-29T00:16:20.621070,PUBLISH,7d7826051a5c4ca185350c4ad9f101dc,68f2d95bd190740cfd6a3fd5,ENQUEUED,0.48982443215653415,questions_in
2025-10-29T00:16:20.829371,PUBLISH,43252ef52da34a38b851fb06791b9530,68f2d95bd190740cfd6a2c9e,ENQUEUED,0.20612615900788575,questions_in
2025-10-29T00:16:21.092357,PUBLISH,baed58a7d78e4b969a56eaa32ce24592,68f2d95bd190740cfd6a367c,ENQUEUED,0.26116089491603184,questions_in
2025-10-29T00:16:21.258395,PUBLISH,87e041d2d4a44ad7a979ac0953bbb197,68f2d95bd190740cfd6a3ad2,ENQUEUED,0.1639721202102194,questions_in
2025-10-29T00:16:21.638132,PUBLISH,8b0e3fe9292b4ea59230cbc20fba0c0b,68f2d95bd190740cfd6a2fed,ENQUEUED,0.37444506399007627,questions_in
2025-10-29T00:16:22.006438,PUBLISH,e98d875ee80a432a9eab2d8ecd6728cb,68f2d95bd190740cfd6a3a80,ENQUEUED,0.36636915969172246,questions_in
2025-10-29T00:16:22.419123,PUBLISH,df287654d2784d8f8357db27e59fc5dd,68f2d95bd190740cfd6a409f,ENQUEUED,0.40878611454305,questions_in
2025-10-29T00:16:22.706337,PUBLISH,7658e95a3f75415389b1acb7b40ac59a,68f2d95bd190740cfd6a2324,ENQUEUED,0.2849703947226584,questions_in
2025-10-29T00:16:22.827463,PUBLISH,2dd4c3cfe61748d680239335ebe753c0,68f2d95bd190740cfd6a3bf2,ENQUEUED,0.11928130815220848,questions_in
2025-10-29T00:16:23.137109,PUBLISH,0803aa940f314668a03c0771d86ba224,68f2d95bd190740cfd6a4042,ENQUEUED,0.3052674876645836,questions_in
2025-10-29T00:16:23.341813,PUBLISH,e80d327807f24c89aa67075e071a94ef,68f2d95bd190740cfd6a4002,ENQUEUED,0.20280539393621147,questions_in
2025-10-29T00:16:23.569704,PUBLISH,c8b18589b24449dda062289fecf407f6,68f2d95bd190740cfd6a3c22,ENQUEUED,0.22602050381436173,questions_in
2025-10-29T00:16:23.913871,PUBLISH,4e9f4ec1158248e8b707b70eb3d41ed7,68f2d95bd190740cfd6a2bf4,ENQUEUED,0.34216443437762,questions_in
2025-10-29T00:16:24.075225,PUBLISH,b4465b4eb8b246c68a0aac4d2b6e909c,68f2d95bd190740cfd6a1c0c,ENQUEUED,0.15959882294192537,questions_in
2025-10-29T00:16:24.531540,PUBLISH,a916bd2bb8474f488e757dc08f2933d5,68f2d95bd190740cfd6a2597,ENQUEUED,0.45345173182203935,questions_in
2025-10-29T00:16:24.658053,PUBLISH,6e883c273c644e3391eecd076849a310,68f2d95bd190740cfd6a2149,ENQUEUED,0.12439682982276273,questions_in
2025-10-29T00:16:25.077240,PUBLISH,741446c0cfeb496b861e9b46b0a88158,68f2d95bd190740cfd6a22fa,ENQUEUED,0.4167569918763879,questions_in
2025-10-29T00:16:25.404296,PUBLISH,db65f0aaf1674972abbafc160ad9dd2e,68f2d95bd190740cfd6a293c,ENQUEUED,0.3247984413600061,questions_in
2025-10-29T00:16:25.686889,PUBLISH,badc03630bf54e6b96b3beff92dc6c1b,68f2d95bd190740cfd6a1cbf,ENQUEUED,0.2771236418265036,questions_in
2025-10-29T00:16:26.014077,PUBLISH,dbbf39d03dd24527b2e9715e25cf695d,68f2d95bd190740cfd6a3545,ENQUEUED,0.3203771889082171,questions_in
2025-10-29T00:16:26.220218,PUBLISH,bb8a4e50f49f450bb4ecc6cc94d48bb5,68f2d95bd190740cfd6a1d38,ENQUEUED,0.20383942801102442,questions_in
2025-10-29T00:16:26.673937,PUBLISH,ba952787eb8d403a98ab3f132518f1a3,68f2d95bd190740cfd6a419a,ENQUEUED,0.4514006275090684,questions_in
2025-10-29T00:16:26.921387,PUBLISH,90bf4142480c4e43bf433d4b5ece8959,68f2d95bd190740cfd6a21ac,ENQUEUED,0.24507257072655447,questions_in
2025-10-29T00:16:27.226155,PUBLISH,f274d45796c14adaacd06df023f77a00,68f2d95bd190740cfd6a1d4b,ENQUEUED,0.3029556663181599,questions_in
2025-10-29T00:16:27.583876,PUBLISH,b7e096e4fef3495c8a3c5e2ab7185a32,68f2d95bd190740cfd6a3db6,ENQUEUED,0.3531541089510093,questions_in
2025-10-29T00:16:27.989916,PUBLISH,4121ee6ef7884b8f91930de8cc0550c7,68f2d95bd190740cfd6a2646,ENQUEUED,0.3972927111804142,questions_in
2025-10-29T00:16:28.256382,PUBLISH,38ea55baefaa419b9c677aae5cf280c2,68f2d95bd190740cfd6a2db8,ENQUEUED,0.2641782486610336,questions_in
2025-10-29T00:16:28.640915,PUBLISH,83d9df784b2241f3881987bc08b0ded3,68f2d95bd190740cfd6a2ba4,ENQUEUED,0.38250932141250693,questions_in
2025-10-29T00:16:29.131307,PUBLISH,836fc004e2a24671b01ab2202208cdad,68f2d95bd190740cfd6a3b27,ENQUEUED,0.4884742165089161,questions_in
2025-10-29T00:16:29.509916,PUBLISH,3c68580bcc654ea8810cc4426099909a,68f2d95bd190740cfd6a2fcf,ENQUEUED,0.3757560611897075,questions_in
2025-10-29T00:16:29.635912,PUBLISH,4a871c4a7e974c149a81fccc4ec5d58b,68f2d95bd190740cfd6a3f9d,ENQUEUED,0.12247864352348468,questions_in
2025-10-29T00:16:29.877991,PUBLISH,a21e323920ee4cd4a71d3cc1e16067f1,68f2d95bd190740cfd6a3159,ENQUEUED,0.23945664704202857,questions_in
2025-10-29T00:16:30.254229,PUBLISH,4b686b02fce94d088bee3b152b52b2c8,68f2d95bd190740cfd6a3f87,ENQUEUED,0.3745366436089379,questions_in
2025-10-29T00:16:30.547931,PUBLISH,9ca641dfa1b94e3fbf0d834f993f9cdf,68f2d95bd190740cfd6a2283,ENQUEUED,0.2898650559474516,questions_in
2025-10-29T00:16:31.047279,PUBLISH,0c0235039c6646428e63adc5f8f5f87c,68f2d95bd190740cfd6a28d4,ENQUEUED,0.4974690236964534,questions_in
2025-10-29T00:16:31.193454,PUBLISH,797ab1f2998d4a158fc80732eed8532b,68f2d95bd190740cfd6a2251,ENQUEUED,0.14393581133326944,questions_in
2025-10-29T00:16:31.528614,PUBLISH,c8495f175d0c48488e597d6cca452225,68f2d95bd190740cfd6a2f12,ENQUEUED,0.33270955913857364,questions_in
2025-10-29T00:16:31.778626,PUBLISH,2383778b9d8c486b958f87fa98aa7ca2,68f2d95bd190740cfd6a1d58,ENQUEUED,0.2481447096863052,questions_in
2025-10-29T00:16:32.013496,PUBLISH,edd46bcc838a4833b8d94b22d5a067af,68f2d95bd190740cfd6a4141,ENQUEUED,0.2321049001117817,questions_in
2025-10-29T00:16:32.476489,PUBLISH,80fb319930814cf2ba424c692cd98f55,68f2d95bd190740cfd6a3211,ENQUEUED,0.4603912387786988,questions_in
2025-10-29T00:16:32.830861,PUBLISH,58adea364eb3447881a084f28df8f4a8,68f2d95bd190740cfd6a30d5,ENQUEUED,0.3522427851928146,questions_in
2025-10-29T00:16:33.156178,PUBLISH,fd7d7e2b16e344afaa4d0fe937411be4,68f2d95bd190740cfd6a3f8d,ENQUEUED,0.3235630551433766,questions_in
2025-10-29T00:16:33.370507,PUBLISH,b1f0fbc3d2364442b205574e980f2580,68f2d95bd190740cfd6a1bd5,ENQUEUED,0.21017502040059557,questions_in
2025-10-29T00:16:33.493757,PUBLISH,b116ce245f954c65a4a25f391c19c956,68f2d95bd190740cfd6a267e,ENQUEUED,0.12067449084395974,questions_in
2025-10-29T00:16:33.646008,PUBLISH,2d7afa339c6b4ad6a7f31bb2d0a5ea4b,68f2d95bd190740cfd6a218d,ENQUEUED,0.15066116671711283,questions_in
2025-10-29T00:16:33.938979,PUBLISH,3aab425eefad466b9d2f14db97260015,68f2d95bd190740cfd6a2201,ENQUEUED,0.29104210396535224,questions_in
2025-10-29T00:16:34.046309,PUBLISH,622b5cede8214f1097ce2e05c4ff8980,68f2d95bd190740cfd6a40fc,ENQUEUED,0.10540534234347124,questions_in
2025-10-29T00:16:34.436500,PUBLISH,00ec2eace4cd4dbfa60193f14e8f8bb8,68f2d95bd190740cfd6a2c20,ENQUEUED,0.3876934742812699,questions_in
2025-10-29T00:16:34.706897,PUBLISH,c646d0972c224b8284fc8676c5a53380,68f2d95bd190740cfd6a3cb4,ENQUEUED,0.2684731191146479,questions_in
2025-10-29T00:16:35.068795,PUBLISH,95d6940bb6f14f0186c9d44672a940f2,68f2d95bd190740cfd6a35d4,ENQUEUED,0.359333390321116,questions_in
2025-10-29T00:16:35.420866,PUBLISH,ffe01258efc249b489ee752766a9c92d,68f2d95bd190740cfd6a2984,ENQUEUED,0.3500407355012759,questions_in
2025-10-29T00:16:35.876301,PUBLISH,0ca7e892058241968696bcaec7827674,68f2d95bd190740cfd6a2d95,ENQUEUED,0.4535760671248271,questions_in
2025-10-29T00:16:36.367657,PUBLISH,8ed7f8f5c17249d9b779d0050cf8db09,68f2d95bd190740cfd6a27a1,ENQUEUED,0.4882270371136296,questions_in
2025-10-29T00:16:36.696807,PUBLISH,dcda0a86a8e243588fd18a5d9f94faf4,68f2d95bd190740cfd6a2a3d,ENQUEUED,0.32709927358668023,questions_in
2025-10-29T00:16:36.820048,PUBLISH,704cd0d16fde406cb6f0ba523a312eb8,68f2d95bd190740cfd6a27c0,ENQUEUED,0.12178252724666812,questions_in
2025-10-29T00:16:37.270046,PUBLISH,1b74abb155724655a05e9d217d11de83,68f2d95bd190740cfd6a2ac7,ENQUEUED,0.44718140813649754,questions_in
2025-10-29T00:16:37.714948,PUBLISH,5b5c73c75028485aae74fc678e69e603,68f2d95bd190740cfd6a3719,ENQUEUED,0.44097938293457706,questions_in
2025-10-29T00:16:37.922257,PUBLISH,1c3d8906921246739994e45988f3d9f7,68f2d95bd190740cfd6a3897,ENQUEUED,0.20478401270358382,questions_in
2025-10-29T00:16:38.159334,PUBLISH,f257c935662d4b059e4a0714ec484d72,68f2d95bd190740cfd6a23e7,ENQUEUED,0.23504504198153683,questions_in
2025-10-29T00:16:38.559566,PUBLISH,8eacc6b529d745e988f2f3e53c4de62f,68f2d95bd190740cfd6a3b7e,ENQUEUED,0.39781065210871414,questions_in
2025-10-29T00:16:38.914955,PUBLISH,7fb7f88732b048c387831c8441156134,68f2d95bd190740cfd6a3ec2,ENQUEUED,0.35183108562984966,questions_in
2025-10-29T00:16:39.192253,PUBLISH,be6f55a872ad4cafb62e22aea3cd71eb,68f2d95bd190740cfd6a3b98,ENQUEUED,0.2725118854535633,questions_in
2025-10-29T00:16:39.596185,PUBLISH,3d0c1d914c774b15946269ec0f554d82,68f2d95bd190740cfd6a2b8b,ENQUEUED,0.4006765430590392,questions_in
2025-10-29T00:16:39.878482,PUBLISH,b2a584aff11d47619f7c3419576a0a59,68f2d95bd190740cfd6a2129,ENQUEUED,0.2803290282744487,questions_in
2025-10-29T00:16:40.050783,PUBLISH,978de08cd8a74c48b776b5063aa6e0aa,68f2d95bd190740cfd6a3c7a,ENQUEUED,0.16830826077935285,questions_in
2025-10-29T00:16:40.434783,PUBLISH,bb52947714a84dc2916a7d0802e9e56e,68f2d95bd190740cfd6a3996,ENQUEUED,0.3799021141255946,questions_in
2025-10-29T00:16:40.853300,PUBLISH,317ee9dc917f4710bea78e6fc5a4ef65,68f2d95bd190740cfd6a3f78,ENQUEUED,0.4130825526168519,questions_in
2025-10-29T00:16:41.149808,PUBLISH,15304add3192490f8e5477a3d1d3dda7,68f2d95bd190740cfd6a3816,ENQUEUED,0.2924924645615786,questions_in
2025-10-29T00:16:41.470348,PUBLISH,49baf875cada430dae9cea4dffac5a42,68f2d95bd190740cfd6a200e,ENQUEUED,0.3122668788765244,questions_in
2025-10-29T00:16:41.742766,PUBLISH,f25761650e7a4d779a6e166cb548a68a,68f2d95bd190740cfd6a24be,ENQUEUED,0.26952830133414185,questions_in
2025-10-29T00:16:41.886504,PUBLISH,6061652ca4f44d588e4fb03d35f5d6e5,68f2d95bd190740cfd6a34f6,ENQUEUED,0.1404255532884937,questions_in
2025-10-29T00:16:42.087661,PUBLISH,23a6b454f35a471baca727933803f360,68f2d95bd190740cfd6a2a03,ENQUEUED,0.1988899023600583,questions_in
2025-10-29T00:16:42.312371,PUBLISH,0c762306f836400593fb3d119fa0b5d5,68f2d95bd190740cfd6a2f49,ENQUEUED,0.2222275032722597,questions_in
2025-10-29T00:16:42.694113,PUBLISH,dbc9624c55b540f69a30378e5646dc49,68f2d95bd190740cfd6a320c,ENQUEUED,0.3791551500943563,questions_in
2025-10-29T00:16:42.900593,PUBLISH,eb98d20bd728413db4a13ed5896323f0,68f2d95bd190740cfd6a250e,ENQUEUED,0.20342394152716065,questions_in
2025-10-29T00:16:43.011861,PUBLISH,96687429b3fc43a4ad8f4528e95ef3f3,68f2d95bd190740cfd6a21d1,ENQUEUED,0.10943779112878085,questions_in
2025-10-29T00:16:43.312589,PUBLISH,dc817901cbc44d488a01f3292876c2dd,68f2d95bd190740cfd6a1ffe,ENQUEUED,0.2975602611038628,questions_in
2025-10-29T00:16:43.657869,PUBLISH,403ef33ee8314f6d965cfea116a136fa,68f2d95bd190740cfd6a2f0a,ENQUEUED,0.3433192900186768,questions_in
2025-10-29T00:16:43.808358,PUBLISH,5531861ebdcf4592a39e95557a16d310,68f2d95bd190740cfd6a3996,ENQUEUED,0.1482941045869823,questions_in
2025-10-29T00:16:44.077909,PUBLISH,11bdf157a7c145aca90c8d45aa799954,68f2d95bd190740cfd6a318b,ENQUEUED,0.26762758644491946,questions_in
2025-10-29T00:16:44.219294,PUBLISH,0380e0e02ce4482a836c7f686ec3232e,68f2d95bd190740cfd6a1b82,ENQUEUED,0.13914470656098432,questions_in
2025-10-29T00:16:44.460903,PUBLISH,7b60f764a9cb427bb937600b7ea28a83,68f2d95bd190740cfd6a2b29,ENQUEUED,0.23958276853470173,questions_in
2025-10-29T00:16:44.618973,PUBLISH,5b546c1cc1774a0588e1fee50967bc40,68f2d95bd190740cfd6a217b,ENQUEUED,0.15617157560888525,questions_in
2025-10-29T00:16:44.727110,PUBLISH,6b15290e572a4d4d9c03766dcd985e8d,68f2d95bd190740cfd6a2183,ENQUEUED,0.10636225349203388,questions_in
2025-10-29T00:16:44.942596,PUBLISH,ed5c5cdad9ac40909bb6ed073a76aa8c,68f2d95bd190740cfd6a1d72,ENQUEUED,0.2135737996394024,questions_in
2025-10-29T00:16:45.278179,PUBLISH,7e5346e1e2a047c5839ad431f3474b71,68f2d95bd190740cfd6a2085,ENQUEUED,0.3338574815468073,questions_in
2025-10-29T00:16:45.751602,PUBLISH,bc11cbf774fd4eaaace69c11a1cb1eb8,68f2d95bd190740cfd6a3614,ENQUEUED,0.47073548049507186,questions_in
2025-10-29T00:16:46.231534,PUBLISH,03f38b1cb7e1417e92272b38f13fabe6,68f2d95bd190740cfd6a2925,ENQUEUED,0.47664680094689627,questions_in
2025-10-29T00:16:46.627375,PUBLISH,ca5d43022e0a466681d1c0e32975827f,68f2d95bd190740cfd6a1af6,ENQUEUED,0.3939875705122903,questions_in
2025-10-29T00:16:46.752277,PUBLISH,7175d6337cd74cf3b8d619b103a1ad94,68f2d95bd190740cfd6a2315,ENQUEUED,0.12316561449691826,questions_in
2025-10-29T00:16:46.893779,PUBLISH,f657d0a8c5464a9fa1133bea7700296a,68f2d95bd190740cfd6a4132,ENQUEUED,0.13924953868202145,questions_in
2025-10-29T00:16:47.018825,PUBLISH,0e83f4b69a5f464dac65c45d8c05d137,68f2d95bd190740cfd6a327f,ENQUEUED,0.1225341434732326,questions_in
2025-10-29T00:16:47.141375,PUBLISH,716ccde182f04604a89558011c4a39e2,68f2d95bd190740cfd6a4150,ENQUEUED,0.12110395290155936,questions_in
2025-10-29T00:16:47.322113,PUBLISH,e3a8e702b5d04997ab846bfa7886dc9e,68f2d95bd190740cfd6a2e7e,ENQUEUED,0.17856782060767595,questions_in
2025-10-29T00:16:47.536700,PUBLISH,b0ca7bb29cb549d195c9681b55bbf0cc,68f2d95bd190740cfd6a2a4c,ENQUEUED,0.21272646982712545,questions_in
2025-10-29T00:16:47.970384,PUBLISH,b3df7357b78a40829e6133f45b02abdb,68f2d95bd190740cfd6a285b,ENQUEUED,0.4317808466841273,questions_in
2025-10-29T00:16:48.091040,PUBLISH,181da3025e7f4761baa703ab329a7a53,68f2d95bd190740cfd6a3263,ENQUEUED,0.1148734970013933,questions_in
2025-10-29T00:16:48.201948,PUBLISH,7e3ec36bfa8145c7ac3a7ae47852a23f,68f2d95bd190740cfd6a378c,ENQUEUED,0.10888742304839921,questions_in
2025-10-29T00:16:48.408279,PUBLISH,ff1e110d77974b9a9c6b29ff8c92741c,68f2d95bd190740cfd6a2a95,ENQUEUED,0.20399862097080793,questions_in
2025-10-29T00:16:48.904018,PUBLISH,22891eb655724c1895a7b7cc08a885ac,68f2d95bd190740cfd6a30ee,ENQUEUED,0.4935985353197718,questions_in
2025-10-29T00:16:49.217001,PUBLISH,b23878a79f354971979e827449757968,68f2d95bd190740cfd6a400e,ENQUEUED,0.30986119644181104,questions_in
2025-10-29T00:16:49.665253,PUBLISH,a34feff942db4b89b5b97c8df6e6facc,68f2d95bd190740cfd6a21bc,ENQUEUED,0.44314173256918676,questions_in
2025-10-29T00:16:49.907621,PUBLISH,c632531a1bd64bfd984a49ce2aae128f,68f2d95bd190740cfd6a3925,ENQUEUED,0.24007840275500614,questions_in
2025-10-29T00:16:50.012421,PUBLISH,f4aa60d0d0f7414082a421db935223be,68f2d95bd190740cfd6a2d62,ENQUEUED,0.10208631877977187,questions_in
2025-10-29T00:16:50.116937,PUBLISH,e524d29486ac4451b99f70829609061f,68f2d95bd190740cfd6a3ed5,ENQUEUED,0.10176351005993062,questions_in
2025-10-29T00:16:50.604887,PUBLISH,79695cb816804d29a0096fe9eecd1b07,68f2d95bd190740cfd6a3d6e,ENQUEUED,0.48544084716111413,questions_in
2025-10-29T00:16:50.997637,PUBLISH,85b882c515724455915e69af477b157f,68f2d95bd190740cfd6a382f,ENQUEUED,0.38871888236403307,questions_in
2025-10-29T00:16:51.119925,PUBLISH,7d76aaa04ad84fa69735e80b1939f278,68f2d95bd190740cfd6a3876,ENQUEUED,0.1207173352312529,questions_in
2025-10-29T00:16:51.290283,PUBLISH,1774f0f224424a01b304ecd2d5212de5,68f2d95bd190740cfd6a343a,ENQUEUED,0.16845069979381133,questions_in
2025-10-29T00:16:51.447079,PUBLISH,fe8f160584b547bbaf4038ff947fd1fa,68f2d95bd190740cfd6a209f,ENQUEUED,0.15266722510996034,questions_in
2025-10-29T00:16:51.864507,PUBLISH,da93820bbd884eb0839d74a3d087e2a8,68f2d95bd190740cfd6a2791,ENQUEUED,0.41406884217441675,questions_in
2025-10-29T00:16:52.070213,PUBLISH,87eac285b7c5408fb70b80b353b7bbe0,68f2d95bd190740cfd6a2532,ENQUEUED,0.20370870712684055,questions_in
2025-10-29T00:16:52.272135,PUBLISH,80343cd9d3114e65b4f19405dfc71a38,68f2d95bd190740cfd6a2bf8,ENQUEUED,0.20000164009871246,questions_in
2025-10-29T00:16:52.645398,PUBLISH,a85f745b8d2a40a8bfb4d979549f9c29,68f2d95bd190740cfd6a2367,ENQUEUED,0.369972314846175,questions_in
2025-10-29T00:16:52.909463,PUBLISH,bb12a6120c5c47f7a8d0f44abe679916,68f2d95bd190740cfd6a2f1a,ENQUEUED,0.26224220585363467,questions_in
2025-10-29T00:16:53.055284,PUBLISH,94f262a93ed44bd9bce73e16e2db8364,68f2d95bd190740cfd6a2d51,ENQUEUED,0.14394754827174072,questions_in
2025-10-29T00:16:53.168059,PUBLISH,214830834d5d4f21a17220af1cf57cd8,68f2d95bd190740cfd6a334c,ENQUEUED,0.10672834004054157,questions_in
2025-10-29T00:16:53.554412,PUBLISH,bd16769491204df2bc63d73d35995e32,68f2d95bd190740cfd6a260a,ENQUEUED,0.3843329450351737,questions_in
2025-10-29T00:16:53.961546,PUBLISH,bc92561e41aa4583b280f00c96344086,68f2d95bd190740cfd6a236f,ENQUEUED,0.4036474612974835,questions_in
2025-10-29T00:16:54.407243,PUBLISH,eaa5e62b4b7640f6ab37f383c63f427a,68f2d95bd190740cfd6a2edf,ENQUEUED,0.44155851328102547,questions_in
2025-10-29T00:16:54.620973,PUBLISH,337798020938426782ad1d78b1b9f835,68f2d95bd190740cfd6a2324,ENQUEUED,0.2116933800911697,questions_in
2025-10-29T00:16:54.853136,PUBLISH,a122fa006fe442d7858edd7615ffbbca,68f2d95bd190740cfd6a1e51,ENQUEUED,0.23018694021696878,questions_in
2025-10-29T00:16:55.040640,PUBLISH,c2adfe65af3546ccbfb847f0b7f01d4b,68f2d95bd190740cfd6a1e2c,ENQUEUED,0.1850934425700877,questions_in
2025-10-29T00:16:55.435057,PUBLISH,f135f325472c41a5a984c3e0c7312373,68f2d95bd190740cfd6a2d61,ENQUEUED,0.39153832895846785,questions_in
2025-10-29T00:16:55.555614,PUBLISH,85f231e4d71b493fa4706fdcc3dd5f4f,68f2d95bd190740cfd6a2dab,ENQUEUED,0.11523608747359818,questions_in
2025-10-29T00:16:55.784978,PUBLISH,cfc6001afedb4746be0af1622c13088e,68f2d95bd190740cfd6a38d6,ENQUEUED,0.2214118034682908,questions_in
2025-10-29T00:16:56.187898,PUBLISH,565d537ec6cc4e869422cf0fa4b55ffc,68f2d95bd190740cfd6a233d,ENQUEUED,0.4001572844014629,questions_in
2025-10-29T00:16:56.316471,PUBLISH,b3983c1eb7574bcc9e881e15b5791c5c,68f2d95bd190740cfd6a341e,ENQUEUED,0.1267178220558067,questions_in
2025-10-29T00:16:56.446566,PUBLISH,b0bc5f0e08cc4a5fb8d0cf27494b742a,68f2d95bd190740cfd6a4049,ENQUEUED,0.1272470686556147,questions_in
2025-10-29T00:16:56.733199,PUBLISH,4e664b9af39e4297b1f74e2c68ab242b,68f2d95bd190740cfd6a3694,ENQUEUED,0.28201379921678227,questions_in
2025-10-29T00:16:57.204668,PUBLISH,38aff24d1f2b4fdca385564568db2880,68f2d95bd190740cfd6a32b3,ENQUEUED,0.46921049977232643,questions_in
2025-10-29T00:16:57.398894,PUBLISH,726ec13ac49c4d21a82e1d1162387282,68f2d95bd190740cfd6a2951,ENQUEUED,0.1902065860346256,questions_in
2025-10-29T00:16:57.791505,PUBLISH,59772965e7364bdc951a40290a4fb410,68f2d95bd190740cfd6a230e,ENQUEUED,0.39005549221034097,questions_in
2025-10-29T00:16:58.008625,PUBLISH,0ebdd1cf6165431787442a4003c52c10,68f2d95bd190740cfd6a4143,ENQUEUED,0.21528771333586008,questions_in
2025-10-29T00:16:58.308164,PUBLISH,3a15e94380d74b7191c225e894df65d9,68f2d95bd190740cfd6a268b,ENQUEUED,0.2969725249318918,questions_in
2025-10-29T00:16:58.581848,PUBLISH,61e1f9df53d746ff8a067bb82c856ca8,68f2d95bd190740cfd6a26db,ENQUEUED,0.2707623368956754,questions_in
2025-10-29T00:16:59.083720,PUBLISH,e59cdf2e280f488abc340e22bf3fd640,68f2d95bd190740cfd6a1cc5,ENQUEUED,0.49959653527589754,questions_in
2025-10-29T00:16:59.515480,PUBLISH,a348f41074214b238f5c7869807e676d,68f2d95bd190740cfd6a316c,ENQUEUED,0.4295522296479741,questions_in
2025-10-29T00:16:59.929394,PUBLISH,e30c070d8b674cf58f0b586ef42ee547,68f2d95bd190740cfd6a3726,ENQUEUED,0.41007969195113303,questions_in
2025-10-29T00:17:00.105350,PUBLISH,611b7bc2d04e416daa907a3a4829ba2c,68f2d95bd190740cfd6a1b79,ENQUEUED,0.17359991291292326,questions_in
2025-10-29T00:17:00.381501,PUBLISH,fff73a8548634e6c8c08ef30a4459121,68f2d95bd190740cfd6a40bd,ENQUEUED,0.27421720423912344,questions_in
2025-10-29T00:17:00.853338,PUBLISH,4513c5d6a3d948c48ee530719911f5e7,68f2d95bd190740cfd6a31ed,ENQUEUED,0.4697694586264347,questions_in
2025-10-29T00:17:01.006264,PUBLISH,0e242c69f8004f498746a6a1bab6ed55,68f2d95bd190740cfd6a372f,ENQUEUED,0.15125030717736881,questions_in
2025-10-29T00:17:01.220973,PUBLISH,199a701b86134b8787fae138445f9fd4,68f2d95bd190740cfd6a1c52,ENQUEUED,0.21254213600118801,questions_in
2025-10-29T00:17:01.450906,PUBLISH,ceb24f0db4304d3f887ea17c1588acd8,68f2d95bd190740cfd6a3c5f,ENQUEUED,0.22809384805955718,questions_in
2025-10-29T00:17:01.883291,PUBLISH,ea97c003ffe6496888e0519ad162ce5c,68f2d95bd190740cfd6a30ee,ENQUEUED,0.4302362067745311,questions_in
2025-10-29T00:17:02.086982,PUBLISH,4e0dacb72a8b4936862c049891d2f4d8,68f2d95bd190740cfd6a1e11,ENQUEUED,0.20120090563457357,questions_in
2025-10-29T00:17:02.197144,PUBLISH,f7e5c873a1e74274aa9fc3dba50b7e5e,68f2d95bd190740cfd6a2548,ENQUEUED,0.1066231757822755,questions_in
2025-10-29T00:17:02.636378,PUBLISH,11d1f6769ff64f9e93e2aaa858e7b173,68f2d95bd190740cfd6a3e1c,ENQUEUED,0.43681512095221176,questions_in
2025-10-29T00:17:03.114247,PUBLISH,2c3af5fefa564063a05e6d6e859ebc5f,68f2d95bd190740cfd6a36ac,ENQUEUED,0.47583029254597153,questions_in
2025-10-29T00:17:03.599753,PUBLISH,622f972d38054b42b74eb117296e27c3,68f2d95bd190740cfd6a32c5,ENQUEUED,0.48293436460258676,questions_in
2025-10-29T00:17:03.704863,PUBLISH,06327832f19349739da4534ae504f74c,68f2d95bd190740cfd6a27a0,ENQUEUED,0.10134886097744654,questions_in
2025-10-29T00:17:03.971442,PUBLISH,dabc7b85468c4f0484a7dc5e1b925923,68f2d95bd190740cfd6a40dc,ENQUEUED,0.2636542556549435,questions_in
2025-10-29T00:17:04.269129,PUBLISH,118388b65f6c4c218fa3556aa4f2f1bf,68f2d95bd190740cfd6a2601,ENQUEUED,0.29273604282135035,questions_in
2025-10-29T00:17:04.593983,PUBLISH,f2aeaa99e13d4f9d8eb89739b16fd2d4,68f2d95bd190740cfd6a2fc9,ENQUEUED,0.32111444852093984,questions_in
2025-10-29T00:17:04.776831,PUBLISH,4c3e01d5ecc74b5ea6dbd322c8d21e18,68f2d95bd190740cfd6a1b35,ENQUEUED,0.17983342915652167,questions_in
2025-10-29T00:17:05.146057,PUBLISH,73084763bcd64f8190a4b3010b31d4a2,68f2d95bd190740cfd6a2e79,ENQUEUED,0.366607293425694,questions_in
2025-10-29T00:17:05.271340,PUBLISH,2fc6d187c6404a258a736537a6c59125,68f2d95bd190740cfd6a2cd9,ENQUEUED,0.12317896952043972,questions_in
2025-10-29T00:17:05.765995,PUBLISH,ed8bbc0dc112416da216bbabe38914ef,68f2d95bd190740cfd6a3835,ENQUEUED,0.4925008619128576,questions_in
2025-10-29T00:17:06.157248,PUBLISH,80791ed3c2d7428ca3524e9eebe692e7,68f2d95bd190740cfd6a27d9,ENQUEUED,0.3892287610181676,questions_in
2025-10-29T00:17:06.553860,PUBLISH,cc46e308ea234299a225c0ec896ac34d,68f2d95bd190740cfd6a2887,ENQUEUED,0.3941757313750647,questions_in
2025-10-29T00:17:07.029691,PUBLISH,88616c33300f49fcb2ecc1d13fa34473,68f2d95bd190740cfd6a1b27,ENQUEUED,0.472979969997512,questions_in
2025-10-29T00:17:07.343388,PUBLISH,e25217b092bd4ee8989a14c86df64160,68f2d95bd190740cfd6a23a4,ENQUEUED,0.31007965059994613,questions_in
2025-10-29T00:17:07.627422,PUBLISH,2d40e21671d140bbad2b95c0da194750,68f2d95bd190740cfd6a3093,ENQUEUED,0.28011143651452175,questions_in
2025-10-29T00:17:07.836238,PUBLISH,a599fe67ed924838a05a95b6ca4cbda0,68f2d95bd190740cfd6a2178,ENQUEUED,0.20691836023162896,questions_in
2025-10-29T00:17:08.130215,PUBLISH,0e3b7e216d7c4c168a66c1ce84621923,68f2d95bd190740cfd6a295e,ENQUEUED,0.2920021742854267,questions_in
2025-10-29T00:17:08.291148,PUBLISH,d840d8c82337458f86c75407ffb7c328,68f2d95bd190740cfd6a3aa9,ENQUEUED,0.15535192987615268,questions_in
2025-10-29T00:17:08.627867,PUBLISH,a017f91465c649aa87fb41a25a4a2d93,68f2d95bd190740cfd6a2d0a,ENQUEUED,0.33247532051869017,questions_in
2025-10-29T00:17:09.012717,PUBLISH,acbf5e6532a7497b89c6dd19e3efea2e,68f2d95bd190740cfd6a2fb2,ENQUEUED,0.3807712216021224,questions_in
2025-10-29T00:17:09.213636,PUBLISH,f0fcb45552ba45258bd4cadd58627bfb,68f2d95bd190740cfd6a33a8,ENQUEUED,0.19864898399078068,questions_in
2025-10-29T00:17:09.648072,PUBLISH,c4020cb82e38405d819379f368e72459,68f2d95bd190740cfd6a3cec,ENQUEUED,0.4327473079574625,questions_in
2025-10-29T00:17:10.022756,PUBLISH,051b6506d22947c3a5026f1043abf9b6,68f2d95bd190740cfd6a30ef,ENQUEUED,0.37260227546462577,questions_in
2025-10-29T00:17:10.151055,PUBLISH,47a3c732cb474f64982a7922c694e6f8,68f2d95bd190740cfd6a2aca,ENQUEUED,0.1265200394275799,questions_in
2025-10-29T00:17:10.471154,PUBLISH,7be5e03fd57c4ad3a9bb3ce8dafc67dd,68f2d95bd190740cfd6a2d17,ENQUEUED,0.3130006130275299,questions_in
2025-10-29T00:17:10.829027,PUBLISH,f7bf4c9dcbad43f89a9c436206acf793,68f2d95bd190740cfd6a3186,ENQUEUED,0.35483852564369645,questions_in
2025-10-29T00:17:11.050157,PUBLISH,771169b53edf4ce2923dcc2a3939d6cd,68f2d95bd190740cfd6a3011,ENQUEUED,0.21923524810221873,questions_in
2025-10-29T00:17:11.525638,PUBLISH,9ee5a57311cb4778a3e5991b7017570e,68f2d95bd190740cfd6a3273,ENQUEUED,0.47199477601080175,questions_in
2025-10-29T00:17:11.997701,PUBLISH,f51ffe6a5b6948c998cdd28a6594b70d,68f2d95bd190740cfd6a364d,ENQUEUED,0.46707313954116636,questions_in
2025-10-29T00:17:12.449449,PUBLISH,0d1726d7445f41afab424a48123e5098,68f2d95bd190740cfd6a38c9,ENQUEUED,0.4454164548919033,questions_in
2025-10-29T00:17:12.674676,PUBLISH,ec7c2807f4884fc8bfaa244c3cc5cf40,68f2d95bd190740cfd6a3dde,ENQUEUED,0.22195368100443652,questions_in
2025-10-29T00:17:12.848391,PUBLISH,1e5dfe1cb64b4ffab77887a4376378e5,68f2d95bd190740cfd6a1afc,ENQUEUED,0.17180508057819244,questions_in
2025-10-29T00:17:13.296747,PUBLISH,ec5e84d488fc4fb2ac4d7ca6b0d80b4c,68f2d95bd190740cfd6a1d4e,ENQUEUED,0.4460248957287213,questions_in
2025-10-29T00:17:13.492182,PUBLISH,fe796d7f0b92466fb2b36aa78752332b,68f2d95bd190740cfd6a250c,ENQUEUED,0.19205837125141795,questions_in
2025-10-29T00:17:13.602948,PUBLISH,61a906fd6dac444abc25ed439d57546c,68f2d95bd190740cfd6a34a3,ENQUEUED,0.10901619368720206,questions_in
2025-10-29T00:17:13.986725,PUBLISH,a0fc0b4d3ec34c98a8e5b7b17747bb85,68f2d95bd190740cfd6a3aed,ENQUEUED,0.37834560478234847,questions_in
2025-10-29T00:17:14.203749,PUBLISH,3151431bfb9f4793acde3020925f69ce,68f2d95bd190740cfd6a27c6,ENQUEUED,0.21521361529690364,questions_in
2025-10-29T00:17:14.638268,PUBLISH,c8d6dc1c431a4057b283696a27f6fb21,68f2d95bd190740cfd6a3340,ENQUEUED,0.4285256607311395,questions_in
2025-10-29T00:17:14.988428,PUBLISH,a1c98b5a354047e58f1e2163ad311dec,68f2d95bd190740cfd6a1ece,ENQUEUED,0.34842892194309594,questions_in
2025-10-29T00:17:15.322360,PUBLISH,6d504534960945f99568bcd0f0e1eee0,68f2d95bd190740cfd6a3f19,ENQUEUED,0.32101291848066676,questions_in
2025-10-29T00:17:15.515664,PUBLISH,3e8b01ad3212463a97488a37c8a9c648,68f2d95bd190740cfd6a30cb,ENQUEUED,0.1864531259925847,questions_in
2025-10-29T00:17:15.936289,PUBLISH,8d2bfc7b7de74d2bafea939f5338f8de,68f2d95bd190740cfd6a40c9,ENQUEUED,0.41804779710619955,questions_in
2025-10-29T00:17:16.265895,PUBLISH,f8e041ac33334ac28238819cd7e14691,68f2d95bd190740cfd6a3bd2,ENQUEUED,0.3248432114125069,questions_in
2025-10-29T00:17:16.736202,PUBLISH,e30b506efb8e41f5936672ce9d706503,68f2d95bd190740cfd6a2d05,ENQUEUED,0.4676514065252141,questions_in
2025-10-29T00:17:17.053293,PUBLISH,59db7ec34ee945e2b667ff3604c141e6,68f2d95bd190740cfd6a20d9,ENQUEUED,0.31451399242728395,questions_in
2025-10-29T00:17:17.261521,PUBLISH,f330a02faece4a45b74be8f401071a81,68f2d95bd190740cfd6a3c2b,ENQUEUED,0.20343883903985063,questions_in
2025-10-29T00:17:17.743716,PUBLISH,98e17be2418a4d3bbd2771a5b7369df6,68f2d95bd190740cfd6a37c3,ENQUEUED,0.4762310300032394,questions_in
2025-10-29T00:17:18.151067,PUBLISH,5f5058e941a0417a9bce42eaa2106f36,68f2d95bd190740cfd6a2595,ENQUEUED,0.4026277385635346,questions_in
2025-10-29T00:17:18.261493,PUBLISH,6d94d3c2ea4a475090baecbd70cd4341,68f2d95bd190740cfd6a2283,ENQUEUED,0.10808673867805246,questions_in
2025-10-29T00:17:18.568545,PUBLISH,e3953fb756374d988efa89e107134cda,68f2d95bd190740cfd6a23c4,ENQUEUED,0.3051836894208727,questions_in
2025-10-29T00:17:18.908083,PUBLISH,982d4023738f4a638f26498ce2ee80a0,68f2d95bd190740cfd6a212a,ENQUEUED,0.3353310488785668,questions_in
2025-10-29T00:17:19.398651,PUBLISH,ed5b35c3667245d39ef4c5f91d9146af,68f2d95bd190740cfd6a1df5,ENQUEUED,0.4856278028273183,questions_in
2025-10-29T00:17:19.548568,PUBLISH,4aad5f5d61304744ba7560c956e33d7e,68f2d95bd190740cfd6a2c0a,ENQUEUED,0.1473592958937643,questions_in
2025-10-29T00:17:19.981499,PUBLISH,d726e8b622ba4060b3112880457d8c06,68f2d95bd190740cfd6a1b37,ENQUEUED,0.43095281242588945,questions_in
2025-10-29T00:17:20.098152,PUBLISH,8c02cb290017440a958130e3d7a61e23,68f2d95bd190740cfd6a234e,ENQUEUED,0.11315502028382643,questions_in
2025-10-29T00:17:20.419265,PUBLISH,a46bf0900d354612b055920f2b489b9f,68f2d95bd190740cfd6a21b8,ENQUEUED,0.31831012114290824,questions_in
2025-10-29T00:17:20.913929,PUBLISH,71bcd3af37e8472ba230c1b97dea989c,68f2d95bd190740cfd6a2b67,ENQUEUED,0.4910777548567711,questions_in
2025-10-29T00:17:21.209860,PUBLISH,1b40ea948df34aaab9197d4121228a39,68f2d95bd190740cfd6a31ff,ENQUEUED,0.2918085206903389,questions_in
2025-10-29T00:17:21.536406,PUBLISH,6b3ca5c783d84857a41c41504312dc76,68f2d95bd190740cfd6a3079,ENQUEUED,0.3230067054923713,questions_in
2025-10-29T00:17:21.737133,PUBLISH,6caf9202d9de4a56b6fa410a12020b82,68f2d95bd190740cfd6a30f2,ENQUEUED,0.1980344216351719,questions_in
2025-10-29T00:17:22.097478,PUBLISH,87ef9ae6c5a444089690c3473bc8ec96,68f2d95bd190740cfd6a2d61,ENQUEUED,0.35484749446899777,questions_in
2025-10-29T00:17:22.259873,PUBLISH,4dc2074dbcfe4048adca903acf8dc45f,68f2d95bd190740cfd6a3e00,ENQUEUED,0.15729890903084445,questions_in
2025-10-29T00:17:22.466182,PUBLISH,10fb630a794a4b39b205f93fb9dc9ebb,68f2d95bd190740cfd6a2b0f,ENQUEUED,0.20011825527002014,questions_in
2025-10-29T00:17:22.744768,PUBLISH,803c69620ef345fe8a88d41c9064e39b,68f2d95bd190740cfd6a1de0,ENQUEUED,0.2732366966011356,questions_in
2025-10-29T00:17:23.123184,PUBLISH,cee193b2e25a49fd89c1d7dd3773bf0b,68f2d95bd190740cfd6a3ba0,ENQUEUED,0.37065497243348033,questions_in
2025-10-29T00:17:23.289230,PUBLISH,ed2f61b3cc4346bfbfa3767a68949157,68f2d95bd190740cfd6a259e,ENQUEUED,0.16270782404700512,questions_in
2025-10-29T00:17:23.659756,PUBLISH,cbda04d0bca644d09115ee1fe90fc9c7,68f2d95bd190740cfd6a318b,ENQUEUED,0.3677100754786894,questions_in
2025-10-29T00:17:24.129711,PUBLISH,f3201928aa9f42aaa8b8470c340fcb09,68f2d95bd190740cfd6a2ad4,ENQUEUED,0.4598375901164541,questions_in
2025-10-29T00:17:24.520874,PUBLISH,4428d14849e64e1d82e09565790bcf27,68f2d95bd190740cfd6a2c9b,ENQUEUED,0.3851800897326567,questions_in
2025-10-29T00:17:24.743486,PUBLISH,4c269c88c1a04493a038a0832a6a3e90,68f2d95bd190740cfd6a2990,ENQUEUED,0.21816749109454012,questions_in
2025-10-29T00:17:25.092739,PUBLISH,848308fe8d15410b8544b963ce0c51b2,68f2d95bd190740cfd6a40ed,ENQUEUED,0.3454451392028074,questions_in
2025-10-29T00:17:25.283488,PUBLISH,b48140afb4ec4bd1a0e8a28bcfe9afdb,68f2d95bd190740cfd6a4180,ENQUEUED,0.1885095831653606,questions_in
2025-10-29T00:17:25.679181,PUBLISH,90694db6709b446ea3793a82b401f6cb,68f2d95bd190740cfd6a299e,ENQUEUED,0.3939288654840619,questions_in
2025-10-29T00:17:26.009316,PUBLISH,dbdb444ade7946bc9f668119755658eb,68f2d95bd190740cfd6a252c,ENQUEUED,0.32711647802697386,questions_in
2025-10-29T00:17:26.495023,PUBLISH,00dfd957c6b04d96838324b733ce10ed,68f2d95bd190740cfd6a1b92,ENQUEUED,0.48329288266168324,questions_in
2025-10-29T00:17:26.666179,PUBLISH,5bbc07b076b14d24a5ea8622a5bf4ebf,68f2d95bd190740cfd6a3ae4,ENQUEUED,0.1692481808310125,questions_in
2025-10-29T00:17:26.940846,PUBLISH,b4fe7a0bda014470abefc306bdf282a5,68f2d95bd190740cfd6a20d2,ENQUEUED,0.27138710928587356,questions_in
2025-10-29T00:17:27.114501,PUBLISH,9d9c213b5dcf404fbf49818fe41f2131,68f2d95bd190740cfd6a327d,ENQUEUED,0.17177635196330526,questions_in
2025-10-29T00:17:27.598768,PUBLISH,5a0344fbd5d54a539b2ed11792d2ff7e,68f2d95bd190740cfd6a3884,ENQUEUED,0.4777798355323858,questions_in
2025-10-29T00:17:28.064450,PUBLISH,95d38f02cd574c009f788fdbe05db2e9,68f2d95bd190740cfd6a235e,ENQUEUED,0.45819391564600087,questions_in
2025-10-29T00:17:28.275052,PUBLISH,28c00a6db4574e4da65b4eebc2209137,68f2d95bd190740cfd6a1ae8,ENQUEUED,0.20825887662125753,questions_in
2025-10-29T00:17:28.495093,PUBLISH,86c0d050e2b7406d8345075eaf5fe7dc,68f2d95bd190740cfd6a365e,ENQUEUED,0.21825363141003626,questions_in
2025-10-29T00:17:28.744300,PUBLISH,b2e2fd95a18f43cc9b539a3dbb78ffc7,68f2d95bd190740cfd6a3eb3,ENQUEUED,0.24666200535180993,questions_in
2025-10-29T00:17:28.867588,PUBLISH,aaaca74da0d04269b32ecdd9d3734e2b,68f2d95bd190740cfd6a2038,ENQUEUED,0.12103843779444406,questions_in
2025-10-29T00:17:29.342513,PUBLISH,bfc9f116f3b84d87853f9d71288aa60b,68f2d95bd190740cfd6a1c95,ENQUEUED,0.4730165705956766,questions_in
2025-10-29T00:17:29.680822,PUBLISH,a3563e9cb4354c91b114a3c371929711,68f2d95bd190740cfd6a2310,ENQUEUED,0.33630574653424483,questions_in
2025-10-29T00:17:29.936213,PUBLISH,eb21e12dc53e43439751a387c4cfe6ee,68f2d95bd190740cfd6a3213,ENQUEUED,0.25326586166273046,questions_in
2025-10-29T00:17:30.310320,PUBLISH,6e05d86820f8402686968515d6704bcd,68f2d95bd190740cfd6a1e85,ENQUEUED,0.3720735129698871,questions_in
2025-10-29T00:17:30.800719,PUBLISH,75ef4fbd8afc4470b208511a79a9c674,68f2d95bd190740cfd6a266d,ENQUEUED,0.4883929450654768,questions_in
2025-10-29T00:17:30.995476,PUBLISH,f3d968fd7a2b4049806c4f68fa4d0069,68f2d95bd190740cfd6a3573,ENQUEUED,0.19298321492805992,questions_in
2025-10-29T00:17:31.308331,PUBLISH,77798e88821f47aab6759af1f96d98f9,68f2d95bd190740cfd6a400e,ENQUEUED,0.3099071031206372,questions_in
2025-10-29T00:17:31.480636,PUBLISH,1e3b2671c7284af1bcf1f7aba059ffd7,68f2d95bd190740cfd6a419d,ENQUEUED,0.167118779993217,questions_in
2025-10-29T00:17:31.966592,PUBLISH,5c6bede631f143979e3e8ac26fad653d,68f2d95bd190740cfd6a37ea,ENQUEUED,0.48370050606836157,questions_in
2025-10-29T00:17:32.360879,PUBLISH,53fd4dac85de411195314ae5cf321747,68f2d95bd190740cfd6a3e33,ENQUEUED,0.39193004095628425,questions_in
2025-10-29T00:17:32.574199,PUBLISH,2f928a58e457472c9025a4a84193def6,68f2d95bd190740cfd6a3c16,ENQUEUED,0.20509840861326,questions_in
2025-10-29T00:17:32.701110,PUBLISH,0d64322dbac74702a6bd05bdbd0c5361,68f2d95bd190740cfd6a2280,ENQUEUED,0.11969292870995325,questions_in
2025-10-29T00:17:32.964523,PUBLISH,6cae48be02c849d199a0ca01c59922e9,68f2d95bd190740cfd6a21f8,ENQUEUED,0.26065878422828903,questions_in
2025-10-29T00:17:33.091383,PUBLISH,d02649accdbe441d9bd452efd4bbf72f,68f2d95bd190740cfd6a1c47,ENQUEUED,0.12085438700865768,questions_in
2025-10-29T00:17:33.448160,PUBLISH,06fda11b42874a10bb53f0442483a442,68f2d95bd190740cfd6a4022,ENQUEUED,0.3545220208410428,questions_in
2025-10-29T00:17:33.909359,PUBLISH,662c6799efc04044a062494848256f83,68f2d95bd190740cfd6a23a5,ENQUEUED,0.4538395616729233,questions_in
2025-10-29T00:17:34.228351,PUBLISH,3a9ca63384f84e2fa2aeaa563d360cf2,68f2d95bd190740cfd6a331b,ENQUEUED,0.31673066191123433,questions_in
2025-10-29T00:17:34.441997,PUBLISH,9f9f9d5bc2e5445bbf15302e9e3cc3d9,68f2d95bd190740cfd6a2cb9,ENQUEUED,0.20613692178467896,questions_in
2025-10-29T00:17:34.911608,PUBLISH,81cbb3f0af0f488cafcd13940dbb0e8e,68f2d95bd190740cfd6a3e39,ENQUEUED,0.46712957463297233,questions_in
2025-10-29T00:17:35.376958,PUBLISH,8279b9a3528847e58c315024f32f08d5,68f2d95bd190740cfd6a2dfc,ENQUEUED,0.4632949190987423,questions_in
2025-10-29T00:17:35.557466,PUBLISH,afb1982c8a90458998f9e94c72aa8973,68f2d95bd190740cfd6a2795,ENQUEUED,0.1780755619827871,questions_in
2025-10-29T00:17:35.682375,PUBLISH,5a720d93bf334d57a0749a71bbc94956,68f2d95bd190740cfd6a213a,ENQUEUED,0.12328229817843642,questions_in
2025-10-29T00:17:36.096308,PUBLISH,6361f0e82a20425abc0f07d4e913d8d8,68f2d95bd190740cfd6a1d4f,ENQUEUED,0.4117875205224968,questions_in
2025-10-29T00:17:36.373500,PUBLISH,f701c48680d04f80a54fcff7140390b1,68f2d95bd190740cfd6a1cd9,ENQUEUED,0.27393746507604766,questions_in
2025-10-29T00:17:36.730299,PUBLISH,0d76c27bcd69462ba32c9e7dedee6acb,68f2d95bd190740cfd6a30f0,ENQUEUED,0.3475879508005668,questions_in
2025-10-29T00:17:37.143064,PUBLISH,3af93fcd95784bce8dd615c523ee4aca,68f2d95bd190740cfd6a2408,ENQUEUED,0.4110430581956711,questions_in
2025-10-29T00:17:37.484134,PUBLISH,8a8c77203b8c409088f7c6b1a6357353,68f2d95bd190740cfd6a26ea,ENQUEUED,0.33628974809263723,questions_in
2025-10-29T00:17:37.618971,PUBLISH,376ccb1d957e4263acd5890255a63da6,68f2d95bd190740cfd6a2289,ENQUEUED,0.13175497058012278,questions_in
2025-10-29T00:17:37.899128,PUBLISH,592521702b5e44349c009711f9b3e1ae,68f2d95bd190740cfd6a3482,ENQUEUED,0.2781568764418231,questions_in
2025-10-29T00:17:38.205652,PUBLISH,87b1e84686f34487a534df0f67354e08,68f2d95bd190740cfd6a3127,ENQUEUED,0.3029883482563032,questions_in
2025-10-29T00:17:38.570274,PUBLISH,1f079ff15d114283b42629916027ea9b,68f2d95bd190740cfd6a2617,ENQUEUED,0.3614088394350293,questions_in
2025-10-29T00:17:39.000417,PUBLISH,84d6bc2abec64205993b627f02e9e7c4,68f2d95bd190740cfd6a2a66,ENQUEUED,0.42798469300720665,questions_in
2025-10-29T00:17:39.123539,PUBLISH,6c8b9845a90044659e8b7d846ff24aee,68f2d95bd190740cfd6a2e61,ENQUEUED,0.11913474078821862,questions_in
2025-10-29T00:17:39.484310,PUBLISH,7e433f020c114d09b318797561eac8fc,68f2d95bd190740cfd6a1d12,ENQUEUED,0.3584675847799256,questions_in
2025-10-29T00:17:39.958887,PUBLISH,c0921fb2f15145e8bd6e41ffdae5f5b2,68f2d95bd190740cfd6a2548,ENQUEUED,0.47153236470686344,questions_in
2025-10-29T00:17:40.357803,PUBLISH,87ed8aae872c45bda425653ad85a18d9,68f2d95bd190740cfd6a2daf,ENQUEUED,0.39580758774996583,questions_in
2025-10-29T00:17:40.540057,PUBLISH,696b9d12c26046a5b81de7c8311044e5,68f2d95bd190740cfd6a2bb8,ENQUEUED,0.17743615086398165,questions_in
2025-10-29T00:17:40.743305,PUBLISH,ec55d673f4184cc6a75908be4bfcce22,68f2d95bd190740cfd6a1d92,ENQUEUED,0.20120987453865738,questions_in
2025-10-29T00:17:40.991296,PUBLISH,166dd922bb2949e8a42dba6a963a8374,68f2d95bd190740cfd6a2ed7,ENQUEUED,0.24308222582753258,questions_in
2025-10-29T00:17:41.296237,PUBLISH,0af66cc46b704a6d9260b83b18a17b4b,68f2d95bd190740cfd6a2f5e,ENQUEUED,0.3029838592299226,questions_in
2025-10-29T00:17:41.655065,PUBLISH,c8bc0c83b8db474eb2d43bc214184141,68f2d95bd190740cfd6a3dd8,ENQUEUED,0.3546917782092457,questions_in
2025-10-29T00:17:42.092436,PUBLISH,f961fc06846c44248a97834fa1793bc2,68f2d95bd190740cfd6a366f,ENQUEUED,0.4351503251636917,questions_in
2025-10-29T00:17:42.463157,PUBLISH,6ccfc02ef7264f91956cc06b74a1b451,68f2d95bd190740cfd6a360f,ENQUEUED,0.36892097184428396,questions_in
2025-10-29T00:17:42.960690,PUBLISH,2a60c669c59d41ba838d640d3cc75989,68f2d95bd190740cfd6a24cb,ENQUEUED,0.4914151095419773,questions_in
2025-10-29T00:17:43.377390,PUBLISH,8ae00575e0ea4599b6827afdb9ac17d6,68f2d95bd190740cfd6a3f34,ENQUEUED,0.41463614053418074,questions_in
2025-10-29T00:17:43.658097,PUBLISH,1ed856a283744cd19523dff71086f081,68f2d95bd190740cfd6a1dd0,ENQUEUED,0.2760329533373281,questions_in
2025-10-29T00:17:43.925402,PUBLISH,99b33f79900e4a71aa81a6b4923813bb,68f2d95bd190740cfd6a203b,ENQUEUED,0.26524039352958073,questions_in
2025-10-29T00:17:44.207442,PUBLISH,ff6d2a1f79084f39b733bb1ec3c7c681,68f2d95bd190740cfd6a1ebd,ENQUEUED,0.280215735713914,questions_in
2025-10-29T00:17:44.540234,PUBLISH,27aa21424efd42b8aac1ecd8e8830431,68f2d95bd190740cfd6a1f42,ENQUEUED,0.32989742855136944,questions_in
2025-10-29T00:17:44.962021,PUBLISH,17a4b46f1f354ec9891965d349d5f860,68f2d95bd190740cfd6a2919,ENQUEUED,0.4194725026041317,questions_in
2025-10-29T00:17:45.347794,PUBLISH,f8db157353264380b6f668cf24cf2de9,68f2d95bd190740cfd6a3a3b,ENQUEUED,0.3822467685785722,questions_in
2025-10-29T00:17:45.650462,PUBLISH,a22b0651a4a446a990323787308b965a,68f2d95bd190740cfd6a3f6f,ENQUEUED,0.30040488956802325,questions_in
2025-10-29T00:17:46.068048,PUBLISH,40f87a4196c444afab0ca7f4d65ad9d4,68f2d95bd190740cfd6a3e0d,ENQUEUED,0.41430343191685914,questions_in
2025-10-29T00:17:46.389348,PUBLISH,2eeb205771da4632b40478615aa737c4,68f2d95bd190740cfd6a2ad3,ENQUEUED,0.3192359356466701,questions_in
2025-10-29T00:17:46.587479,PUBLISH,5c9181fcf34a452b843e172f0f5813c5,68f2d95bd190740cfd6a3890,ENQUEUED,0.19512575108407645,questions_in
2025-10-29T00:17:46.846296,PUBLISH,ff5eb0144d2d4e71a03a68b639e7ff14,68f2d95bd190740cfd6a3cc3,ENQUEUED,0.25641138266763647,questions_in
2025-10-29T00:17:47.231102,PUBLISH,8ca79843c5264905b4716b66b9619aac,68f2d95bd190740cfd6a26d4,ENQUEUED,0.38278490301142754,questions_in
2025-10-29T00:17:47.706690,PUBLISH,687de18d13054db290b44a0ee0f3ee60,68f2d95bd190740cfd6a35e9,ENQUEUED,0.472494725040989,questions_in
2025-10-29T00:17:48.206165,PUBLISH,71e843325dcf4b1691cbdcc0e1cb8067,68f2d95bd190740cfd6a3ac4,ENQUEUED,0.49741272051112084,questions_in
2025-10-29T00:17:48.576661,PUBLISH,8caf4b0aaa2d4fb29f5bd5f8404a3e79,68f2d95bd190740cfd6a29f7,ENQUEUED,0.36358402470334394,questions_in
2025-10-29T00:17:48.821044,PUBLISH,badfa52434da4ad99ceb512fa2e1c6b9,68f2d95bd190740cfd6a2792,ENQUEUED,0.24111855492379766,questions_in
2025-10-29T00:17:49.221006,PUBLISH,2fa9c0b891e3460fb9df9cf58b417ee8,68f2d95bd190740cfd6a2a5e,ENQUEUED,0.39684187758560163,questions_in
2025-10-29T00:17:49.696269,PUBLISH,9a8f4021001d49fdb6a83c6f2a372cf7,68f2d95bd190740cfd6a23f8,ENQUEUED,0.47285722323424395,questions_in
2025-10-29T00:17:49.898992,PUBLISH,1c84abaf22f04bb792fa6a69b162bf89,68f2d95bd190740cfd6a391e,ENQUEUED,0.19964266931127572,questions_in
2025-10-29T00:17:50.092297,PUBLISH,03f6f914d40140ea993f7ec9abe41976,68f2d95bd190740cfd6a1cad,ENQUEUED,0.19144016793332352,questions_in
2025-10-29T00:17:50.228314,PUBLISH,47450c2a599543aa8fdc5eee72e27bf5,68f2d95bd190740cfd6a1e87,ENQUEUED,0.1344057012763233,questions_in
2025-10-29T00:17:50.592427,PUBLISH,f9db11933c584510ae75502ed73aa937,68f2d95bd190740cfd6a27bf,ENQUEUED,0.36152414396739374,questions_in
2025-10-29T00:17:50.894383,PUBLISH,e059c0ad3b8c4cb097d3f5f02a87d266,68f2d95bd190740cfd6a23c3,ENQUEUED,0.2946535737802315,questions_in
2025-10-29T00:17:51.002499,PUBLISH,5a6a1f749e214a3ebd45ba8b48cdf8b1,68f2d95bd190740cfd6a4199,ENQUEUED,0.10325784585496929,questions_in
2025-10-29T00:17:51.253269,PUBLISH,f9e3980b99724c44a5ccec53066eb64a,68f2d95bd190740cfd6a2263,ENQUEUED,0.24770646377629346,questions_in
2025-10-29T00:17:51.594728,PUBLISH,7f918d9b2573482282776ef4711ad834,68f2d95bd190740cfd6a2a64,ENQUEUED,0.3394722289100237,questions_in
2025-10-29T00:17:51.922543,PUBLISH,634a396381b14df4bec1fcad8b0c7876,68f2d95bd190740cfd6a1b1e,ENQUEUED,0.3255004233086264,questions_in
2025-10-29T00:17:52.052786,PUBLISH,1d38933bdd0e48ffa964dea73085fda7,68f2d95bd190740cfd6a3936,ENQUEUED,0.12673116348026997,questions_in
2025-10-29T00:17:52.491445,PUBLISH,d84f06ed3d3a42c29ab8dd2c7e3b8146,68f2d95bd190740cfd6a334d,ENQUEUED,0.43600486273806627,questions_in
2025-10-29T00:17:52.836439,PUBLISH,ebcfb2ca53824c13ae3891f799ba813d,68f2d95bd190740cfd6a294c,ENQUEUED,0.34128205063202177,questions_in
2025-10-29T00:17:53.316335,PUBLISH,3bbb0d865a764b338578394feb2ae1e4,68f2d95bd190740cfd6a2e36,ENQUEUED,0.4755862228640291,questions_in
2025-10-29T00:17:53.456897,PUBLISH,b103518c947d43b4ab5e5fc65ea30cbd,68f2d95bd190740cfd6a39b0,ENQUEUED,0.13253904985289064,questions_in
2025-10-29T00:17:53.770834,PUBLISH,bb4b546cdbc44e87a4392331373a6101,68f2d95bd190740cfd6a26ae,ENQUEUED,0.3103322290208731,questions_in
2025-10-29T00:17:54.237967,PUBLISH,d5be5c91355644948aa7f6f7498e9d30,68f2d95bd190740cfd6a24dd,ENQUEUED,0.46394101195100357,questions_in
2025-10-29T00:17:54.560063,PUBLISH,f13a565441064d539e0f2713c1de6f91,68f2d95bd190740cfd6a40c6,ENQUEUED,0.3195505217052498,questions_in
2025-10-29T00:17:54.724485,PUBLISH,44430f0017f442b1be81195fe4743525,68f2d95bd190740cfd6a40de,ENQUEUED,0.1624747203043679,questions_in
2025-10-29T00:17:55.203666,PUBLISH,06f49f35f0aa421aba530f92b3ad5044,68f2d95bd190740cfd6a2bf7,ENQUEUED,0.4767078915072003,questions_in
2025-10-29T00:17:55.601264,PUBLISH,469e43dd93384c5cad10f1175e91a83d,68f2d95bd190740cfd6a22f8,ENQUEUED,0.39445016833044344,questions_in
2025-10-29T00:17:56.023524,PUBLISH,66db1edc69e847e1bc99dceda2d0f789,68f2d95bd190740cfd6a3f49,ENQUEUED,0.4146728663973057,questions_in
2025-10-29T00:17:56.520944,PUBLISH,9bcc7e5ec6a54c58912c7e2318dc13b2,68f2d95bd190740cfd6a1bf8,ENQUEUED,0.494071966992792,questions_in
2025-10-29T00:17:56.870224,PUBLISH,3e2d63ae4c93416fb38ca884c2d23b45,68f2d95bd190740cfd6a3705,ENQUEUED,0.3427778946840694,questions_in
2025-10-29T00:17:56.996267,PUBLISH,e53116288887477ba60e2e7f231c69d1,68f2d95bd190740cfd6a2482,ENQUEUED,0.1244570691910695,questions_in
2025-10-29T00:17:57.157510,PUBLISH,19826812bc3f4ffdb8817503351c896e,68f2d95bd190740cfd6a3892,ENQUEUED,0.15852330936871142,questions_in
2025-10-29T00:17:57.446874,PUBLISH,8b144349a40c485c980437546db8f9c5,68f2d95bd190740cfd6a2439,ENQUEUED,0.2873196661388787,questions_in
2025-10-29T00:17:57.708772,PUBLISH,1c72a98a0d744c338bf095835dc30574,68f2d95bd190740cfd6a3e02,ENQUEUED,0.2593282204371692,questions_in
2025-10-29T00:17:58.123374,PUBLISH,84491b702cb748d286d315e5de1e6540,68f2d95bd190740cfd6a407c,ENQUEUED,0.41139037298688796,questions_in
2025-10-29T00:17:58.440187,PUBLISH,05cb11a71d5a4e518eb0e1260b3d1123,68f2d95bd190740cfd6a33f9,ENQUEUED,0.31309044494637994,questions_in
2025-10-29T00:17:58.869509,PUBLISH,78e1ca6eafd24c6bb339e2589f80d546,68f2d95bd190740cfd6a29f9,ENQUEUED,0.42564174675151933,questions_in
2025-10-29T00:17:59.277973,PUBLISH,b1d9b8e6aead4d95985d5313e7f5ff49,68f2d95bd190740cfd6a3161,ENQUEUED,0.4066529254941983,questions_in
2025-10-29T00:17:59.544717,PUBLISH,7afbdbd2409346628ef2f36944957513,68f2d95bd190740cfd6a3f7a,ENQUEUED,0.2639401032829103,questions_in
2025-10-29T00:17:59.800151,PUBLISH,75b4ce0f7c054fcc961f0a07d79f41c3,68f2d95bd190740cfd6a2156,ENQUEUED,0.2516362464420303,questions_in
2025-10-29T00:17:59.907127,PUBLISH,a257896d78f84587b2a518539aeb33ab,68f2d95bd190740cfd6a3e00,ENQUEUED,0.10481768890176753,questions_in
2025-10-29T00:18:00.399190,PUBLISH,f253bd37052048d88b7d5977239d54a0,68f2d95bd190740cfd6a2342,ENQUEUED,0.48795164794051005,questions_in
2025-10-29T00:18:00.605093,PUBLISH,7313cf22a2304f4296eff6a14947554b,68f2d95bd190740cfd6a34bc,ENQUEUED,0.2042797129699023,questions_in
2025-10-29T00:18:00.777114,PUBLISH,91c45301d8b54506b906dd48c93ce5fe,68f2d95bd190740cfd6a2612,ENQUEUED,0.16709229011755677,questions_in
2025-10-29T00:18:00.998027,PUBLISH,586f64d28e5f44f08db7c9d44c5417f8,68f2d95bd190740cfd6a333e,ENQUEUED,0.2147519391348215,questions_in
2025-10-29T00:18:01.176849,PUBLISH,368002fe54014b5780c6aba7ba5ab30f,68f2d95bd190740cfd6a2115,ENQUEUED,0.17529738532476966,questions_in
2025-10-29T00:18:01.296544,PUBLISH,53c8e4d741494b628f48c05b52824244,68f2d95bd190740cfd6a3617,ENQUEUED,0.11743876975390273,questions_in
2025-10-29T00:18:01.540219,PUBLISH,aa5763f7c4534c5d9ed421073e673761,68f2d95bd190740cfd6a2054,ENQUEUED,0.24165723005343584,questions_in
2025-10-29T00:18:02.005184,PUBLISH,139c0c5777214a5cb550d072297a3987,68f2d95bd190740cfd6a3abc,ENQUEUED,0.46302395753068215,questions_in
2025-10-29T00:18:02.218291,PUBLISH,fb723bc92f624e1cbdbdfe7a0dc8cc04,68f2d95bd190740cfd6a1c1c,ENQUEUED,0.20925401654911863,questions_in
2025-10-29T00:18:02.594848,PUBLISH,6a2f2b9672544a9fa9e04c25bb9131b8,68f2d95bd190740cfd6a222e,ENQUEUED,0.37367228667119523,questions_in
2025-10-29T00:18:02.920797,PUBLISH,c936534fa7274d9cb4178030e803bc93,68f2d95bd190740cfd6a39c1,ENQUEUED,0.32391104351313293,questions_in
2025-10-29T00:18:03.074459,PUBLISH,d36307535bc149c2abc342db455d423f,68f2d95bd190740cfd6a413d,ENQUEUED,0.15142967732057327,questions_in
2025-10-29T00:18:03.347589,PUBLISH,10737ab93c294c1cb8baf17c724fa2e5,68f2d95bd190740cfd6a2e64,ENQUEUED,0.2698821144998489,questions_in
2025-10-29T00:18:03.643301,PUBLISH,fb19e1ad771c4ec8a88d7bba6cd4c3f7,68f2d95bd190740cfd6a3424,ENQUEUED,0.29324262416624614,questions_in
2025-10-29T00:18:04.027300,PUBLISH,65d249f6db8c42bc924f6bf66cad45ba,68f2d95bd190740cfd6a1d6f,ENQUEUED,0.38134724264046904,questions_in
2025-10-29T00:18:04.441519,PUBLISH,a0f546bb2aea441f93f2c29c1c89da81,68f2d95bd190740cfd6a1c2e,ENQUEUED,0.4093245898839247,questions_in
2025-10-29T00:18:04.869430,PUBLISH,4ac1f169fdf74776ab9df3b78a891d03,68f2d95bd190740cfd6a216e,ENQUEUED,0.42549153660736594,questions_in
2025-10-29T00:18:05.091722,PUBLISH,7e6b32e6393e4706933dda92b76fab8c,68f2d95bd190740cfd6a3319,ENQUEUED,0.21989478530183432,questions_in
2025-10-29T00:18:05.422323,PUBLISH,8652aa6acd7942b7b1bb2f510d430e65,68f2d95bd190740cfd6a2b0a,ENQUEUED,0.3278151147619449,questions_in
2025-10-29T00:18:05.838092,PUBLISH,c361d51f9d114b52b5b316fc91adb921,68f2d95bd190740cfd6a29d6,ENQUEUED,0.4133947874090348,questions_in
2025-10-29T00:18:05.985478,PUBLISH,d0edb5da201a4e27937d58a9221ce4a0,68f2d95bd190740cfd6a283a,ENQUEUED,0.14481852107838283,questions_in
2025-10-29T00:18:06.140753,PUBLISH,1d14b331059c4ab1846f6b9558a0cd2a,68f2d95bd190740cfd6a2977,ENQUEUED,0.15290794645222802,questions_in
2025-10-29T00:18:06.328410,PUBLISH,4f1aec5790564917a9cfa1686c9b3173,68f2d95bd190740cfd6a1ef9,ENQUEUED,0.18193094014484956,questions_in
2025-10-29T00:18:06.602008,PUBLISH,c414326ac7964bb6a687fd813162659c,68f2d95bd190740cfd6a323c,ENQUEUED,0.2685253488194975,questions_in
2025-10-29T00:18:07.019030,PUBLISH,84d97ebe0e284b80b7a7cc9b2e481ebd,68f2d95bd190740cfd6a3e12,ENQUEUED,0.4148249271224901,questions_in
2025-10-29T00:18:07.265037,PUBLISH,3215eb8a4fe7435f81de9a0cec0dadf6,68f2d95bd190740cfd6a229e,ENQUEUED,0.23806897448519135,questions_in
2025-10-29T00:18:07.487454,PUBLISH,6f92469fb8a340f781ccddb5354f9c40,68f2d95bd190740cfd6a3ff8,ENQUEUED,0.2192546793271434,questions_in
2025-10-29T00:18:07.694448,PUBLISH,b987b17c33754e75846d08d4e89f4187,68f2d95bd190740cfd6a2c2b,ENQUEUED,0.20513108857778276,questions_in
2025-10-29T00:18:08.086523,PUBLISH,a6864b8d22c3450583a0d361fc430815,68f2d95bd190740cfd6a1f22,ENQUEUED,0.3829657232136783,questions_in
2025-10-29T00:18:08.325041,PUBLISH,586387af9b5148d5a585a7b3698722ae,68f2d95bd190740cfd6a2a55,ENQUEUED,0.236068386087393,questions_in
2025-10-29T00:18:08.592475,PUBLISH,f48bde28c979409b8767bcb03d5046c4,68f2d95bd190740cfd6a3289,ENQUEUED,0.2598038504516482,questions_in
2025-10-29T00:18:08.888464,PUBLISH,b190140346c84c5898a7dcb7923d7f62,68f2d95bd190740cfd6a4136,ENQUEUED,0.29342705906268607,questions_in
2025-10-29T00:18:09.018714,PUBLISH,18fda0fd076a4edcb9dae43cc52f3050,68f2d95bd190740cfd6a2a42,ENQUEUED,0.12763109837639164,questions_in
2025-10-29T00:18:09.477204,PUBLISH,9ecf88b244504d07b015cec1c9bd5758,68f2d95bd190740cfd6a3734,ENQUEUED,0.45605920643408004,questions_in
2025-10-29T00:18:09.848848,PUBLISH,fb2ffd4bd49b4c208ef6968fbaba3e52,68f2d95bd190740cfd6a3330,ENQUEUED,0.36777298073260944,questions_in
2025-10-29T00:18:10.348227,PUBLISH,55fd1b5aded14828a69b78c8cd435941,68f2d95bd190740cfd6a31d9,ENQUEUED,0.4915483536933607,questions_in
2025-10-29T00:18:10.456762,PUBLISH,79c380c403fc47f9add63a5a80e0b348,68f2d95bd190740cfd6a4156,ENQUEUED,0.10602018196787447,questions_in
2025-10-29T00:18:10.817692,PUBLISH,272bfd8711564898a005696dd9eccf32,68f2d95bd190740cfd6a38fb,ENQUEUED,0.3580021012226827,questions_in
2025-10-29T00:18:11.233400,PUBLISH,7fa5c26551a64b19bce47ad60f8a3c1e,68f2d95bd190740cfd6a30ed,ENQUEUED,0.40838818664763854,questions_in
2025-10-29T00:18:11.473861,PUBLISH,c50c5bdeac034d21aa23fdde67379710,68f2d95bd190740cfd6a3231,ENQUEUED,0.23898811125101785,questions_in
2025-10-29T00:18:11.650119,PUBLISH,0c13fdb9322e4504b8287ba3b6413ce3,68f2d95bd190740cfd6a2e23,ENQUEUED,0.16821561835411397,questions_in
2025-10-29T00:18:11.765050,PUBLISH,f48381b0e89144d9a1052a577c8aa46a,68f2d95bd190740cfd6a39aa,ENQUEUED,0.11163094571607074,questions_in
2025-10-29T00:18:12.002136,PUBLISH,0277af4dbf8b4aac857048f76cfae10c,68f2d95bd190740cfd6a39cf,ENQUEUED,0.2345112001576684,questions_in
2025-10-29T00:18:12.233348,PUBLISH,19873d7a63ab4cdaaf901508bcb44e56,68f2d95bd190740cfd6a1cf1,ENQUEUED,0.2267917582193543,questions_in
2025-10-29T00:18:12.481866,PUBLISH,d01abd21797244f39d377bb4b53a5e6c,68f2d95bd190740cfd6a1e5e,ENQUEUED,0.2414581091991604,questions_in
2025-10-29T00:18:12.799155,PUBLISH,11ffaf939cd24df9a137911b412e763b,68f2d95bd190740cfd6a370a,ENQUEUED,0.3128227824237352,questions_in
2025-10-29T00:18:13.073554,PUBLISH,9eac99bcdb8749539dd8c5ede52487d5,68f2d95bd190740cfd6a274e,ENQUEUED,0.2722989336460303,questions_in
2025-10-29T00:18:13.205168,PUBLISH,0f94428d034f4d399883c12890c92cda,68f2d95bd190740cfd6a4054,ENQUEUED,0.12955374503645742,questions_in
2025-10-29T00:18:13.665029,PUBLISH,14ae33c6294d450988cb986a09f2230b,68f2d95bd190740cfd6a3ae4,ENQUEUED,0.4529963029033748,questions_in
2025-10-29T00:18:13.970074,PUBLISH,df7d9440e058498bb5007f2e6638a65f,68f2d95bd190740cfd6a2ea5,ENQUEUED,0.3011734924464077,questions_in
2025-10-29T00:18:14.105477,PUBLISH,b8ed27d64a1d4044a3967ff5d39ef8d8,68f2d95bd190740cfd6a2f7d,ENQUEUED,0.133177597682695,questions_in
2025-10-29T00:18:14.524167,PUBLISH,1508b7523ef74b3dace668b8ca5b028a,68f2d95bd190740cfd6a4121,ENQUEUED,0.41381049632923017,questions_in
2025-10-29T00:18:14.886983,PUBLISH,b6f3c2351d79469e865f304eb259b8de,68f2d95bd190740cfd6a36e7,ENQUEUED,0.3608213970512032,questions_in
2025-10-29T00:18:15.123061,PUBLISH,052538de40d64a8d8723a46abb817d05,68f2d95bd190740cfd6a2c56,ENQUEUED,0.23334228353294253,questions_in
2025-10-29T00:18:15.586500,PUBLISH,455851fe0daa4ddc823c944752a5c522,68f2d95bd190740cfd6a3208,ENQUEUED,0.4571656971500404,questions_in
2025-10-29T00:18:16.068947,PUBLISH,73317589b7824ce9bd75c4b3fb3894fc,68f2d95bd190740cfd6a2ecf,ENQUEUED,0.4772119598197616,questions_in
2025-10-29T00:18:16.256377,PUBLISH,1152d2e75568435480293d4a61e9cc9e,68f2d95bd190740cfd6a2c38,ENQUEUED,0.18564597002640487,questions_in
2025-10-29T00:18:16.688098,PUBLISH,021c919fe9264b158a3bfc5f00abde30,68f2d95bd190740cfd6a3718,ENQUEUED,0.42889744641041794,questions_in
2025-10-29T00:18:16.970406,PUBLISH,7a1e8cf308924a0ba110ea9b70fa9d3f,68f2d95bd190740cfd6a2cd8,ENQUEUED,0.27729979983850195,questions_in
2025-10-29T00:18:17.090686,PUBLISH,d0ae815629ad4550867b576b6e5000e4,68f2d95bd190740cfd6a1b2d,ENQUEUED,0.11811476506040669,questions_in
2025-10-29T00:18:17.319737,PUBLISH,2b341c2a8287415d83f61b315fc76fba,68f2d95bd190740cfd6a234d,ENQUEUED,0.226731370630907,questions_in
2025-10-29T00:18:17.491426,PUBLISH,09605c8ff74f428ea2c796a1936fa8d3,68f2d95bd190740cfd6a3cee,ENQUEUED,0.16996309701854534,questions_in
2025-10-29T00:18:17.852437,PUBLISH,551c25a85b94462996085174393c2ba3,68f2d95bd190740cfd6a2812,ENQUEUED,0.35522221784403696,questions_in
2025-10-29T00:18:18.048166,PUBLISH,17ef2257611a43ca81b2dae7f5a13289,68f2d95bd190740cfd6a3240,ENQUEUED,0.1929240172240163,questions_in
2025-10-29T00:18:18.467852,PUBLISH,c07aeffa694942d0a946e20d84429957,68f2d95bd190740cfd6a38a9,ENQUEUED,0.41781447408851247,questions_in
2025-10-29T00:18:18.662109,PUBLISH,cd6f40babd1542c580562bb43ce6f1f3,68f2d95bd190740cfd6a34d5,ENQUEUED,0.18752882717741415,questions_in
2025-10-29T00:18:18.873479,PUBLISH,6c9469c53f904dadb2d4284df3e8a936,68f2d95bd190740cfd6a3bc1,ENQUEUED,0.20952708108068896,questions_in
2025-10-29T00:18:19.156572,PUBLISH,b47aacfa8aac4491884f07041de61ce3,68f2d95bd190740cfd6a33c2,ENQUEUED,0.2807277895597905,questions_in
2025-10-29T00:18:19.429975,PUBLISH,1122ada92bb3412bb031cc2509e3c73b,68f2d95bd190740cfd6a1fa5,ENQUEUED,0.2706366496193463,questions_in
2025-10-29T00:18:19.741541,PUBLISH,f31aa0b0853047099467946da98bf287,68f2d95bd190740cfd6a2760,ENQUEUED,0.30927662450151444,questions_in
2025-10-29T00:18:19.971202,PUBLISH,0e169a8553ff4c5481258f2b000df656,68f2d95bd190740cfd6a32c4,ENQUEUED,0.22630936722156858,questions_in
2025-10-29T00:18:20.407173,PUBLISH,feb8bc3949ff488b970745e20de7173b,68f2d95bd190740cfd6a3ff5,ENQUEUED,0.4327524111770026,questions_in
2025-10-29T00:18:20.585416,PUBLISH,86b9ebabd1784644b0523e088606059e,68f2d95bd190740cfd6a28ff,ENQUEUED,0.17550639455140749,questions_in
2025-10-29T00:18:20.751672,PUBLISH,e7cf600e7ac8443d9cecf1c23935ad4e,68f2d95bd190740cfd6a30ab,ENQUEUED,0.16274174872207936,questions_in
2025-10-29T00:18:21.106242,PUBLISH,91e5c2f23bad42b7be447e9d6f69ac95,68f2d95bd190740cfd6a222f,ENQUEUED,0.35195405898629606,questions_in
2025-10-29T00:18:21.313254,PUBLISH,c2eb45f7312545db8e1c78f145072392,68f2d95bd190740cfd6a2526,ENQUEUED,0.20039561191989277,questions_in
2025-10-29T00:18:21.504825,PUBLISH,2faf8b2f931e498f8a00bd42c901e0e5,68f2d95bd190740cfd6a2ac3,ENQUEUED,0.18893021323933482,questions_in
2025-10-29T00:18:21.840102,PUBLISH,92bc2976d2e84097a33cdb22e1e54cee,68f2d95bd190740cfd6a2efb,ENQUEUED,0.33109189139910566,questions_in
2025-10-29T00:18:22.122731,PUBLISH,b464468764eb49158b5027206bf0079f,68f2d95bd190740cfd6a2fd0,ENQUEUED,0.2793216681290779,questions_in
2025-10-29T00:18:22.263015,PUBLISH,2f4e597e973c42ff9c0c94b1742d4f90,68f2d95bd190740cfd6a271f,ENQUEUED,0.13721211554286805,questions_in
2025-10-29T00:18:22.398968,PUBLISH,3feb457c44924369a0216931ecac610d,68f2d95bd190740cfd6a3857,ENQUEUED,0.13203042411649468,questions_in
2025-10-29T00:18:22.650886,PUBLISH,33f0f7bf8e914b22886b1cddb636f7d7,68f2d95bd190740cfd6a31d4,ENQUEUED,0.2497557480772132,questions_in
2025-10-29T00:18:23.075829,PUBLISH,504d9de39b85409690832f65f27fe968,68f2d95bd190740cfd6a368c,ENQUEUED,0.4230304440252144,questions_in
2025-10-29T00:18:23.409131,PUBLISH,6924ff8164e74e12948240673fd2567b,68f2d95bd190740cfd6a3add,ENQUEUED,0.32694215142054817,questions_in
2025-10-29T00:18:23.568405,PUBLISH,1496a529e62b494389231f4fecb6669b,68f2d95bd190740cfd6a2715,ENQUEUED,0.15693796033017127,questions_in
2025-10-29T00:18:23.812333,PUBLISH,975d2c639dbc42269177d775f40af2a3,68f2d95bd190740cfd6a2e66,ENQUEUED,0.2386884661034809,questions_in
2025-10-29T00:18:24.297638,PUBLISH,e85b5102a7b34a75aec50f6f219a25f4,68f2d95bd190740cfd6a33d5,ENQUEUED,0.48241130414710265,questions_in
2025-10-29T00:18:24.788750,PUBLISH,dd8345f9970f43609dc423f7e0bfc95d,68f2d95bd190740cfd6a2d83,ENQUEUED,0.4889948432651099,questions_in
2025-10-29T00:18:25.140215,PUBLISH,3171c38b3ccb451a891030e1cbc5bb29,68f2d95bd190740cfd6a34ba,ENQUEUED,0.3462872370996518,questions_in
2025-10-29T00:18:25.369706,PUBLISH,8b5f3f6f075747b3be22fe553e39a90c,68f2d95bd190740cfd6a418e,ENQUEUED,0.227366625686724,questions_in
2025-10-29T00:18:25.551864,PUBLISH,5b129a0d2efc4be5bcbcfc8d60cc0ef4,68f2d95bd190740cfd6a3847,ENQUEUED,0.17875748070656125,questions_in
2025-10-29T00:18:25.797558,PUBLISH,3d5ff6dafdfc4277a5331bef721d9213,68f2d95bd190740cfd6a35bc,ENQUEUED,0.2408313796633017,questions_in
2025-10-29T00:18:26.278324,PUBLISH,a3232078ce3f4644a2c63d1a7238fbf9,68f2d95bd190740cfd6a2220,ENQUEUED,0.4768310075917864,questions_in
2025-10-29T00:18:26.574510,PUBLISH,adacc005057a41b88c9221b9cc1e1bee,68f2d95bd190740cfd6a1f33,ENQUEUED,0.29394783637362165,questions_in
2025-10-29T00:18:27.030562,PUBLISH,ee08edb69e6c44b0a2f298aea8fb0e4f,68f2d95bd190740cfd6a264b,ENQUEUED,0.4530700372925647,questions_in
2025-10-29T00:18:27.380822,PUBLISH,fbb29240611e45718279f0c969c64aec,68f2d95bd190740cfd6a28c6,ENQUEUED,0.34566021700588323,questions_in
2025-10-29T00:18:27.836560,PUBLISH,ec8d60c1d4744d84932c6b4eb2bc01a7,68f2d95bd190740cfd6a353c,ENQUEUED,0.45341345689571255,questions_in
2025-10-29T00:18:28.070350,PUBLISH,60a6bdfef2e044da9fc42e8b57f154e2,68f2d95bd190740cfd6a3e16,ENQUEUED,0.23167464899275478,questions_in
2025-10-29T00:18:28.187196,PUBLISH,b0af91ea5a6e41cf865557da5803dbdf,68f2d95bd190740cfd6a306c,ENQUEUED,0.1131744259284273,questions_in
2025-10-29T00:18:28.323089,PUBLISH,e6f81f51c88843f5850036b09e478d7c,68f2d95bd190740cfd6a3f35,ENQUEUED,0.1341045218168226,questions_in
2025-10-29T00:18:28.477092,PUBLISH,3cca9fbd80e841298d17bf2da107e20a,68f2d95bd190740cfd6a1e1a,ENQUEUED,0.1499755624319643,questions_in
2025-10-29T00:18:28.748538,PUBLISH,033ef4ef15484c5383ddfa6469aea304,68f2d95bd190740cfd6a2eb2,ENQUEUED,0.2694953289557691,questions_in
2025-10-29T00:18:29.216710,PUBLISH,3ccd0dd5b861434cb7f4672db8ac1d0c,68f2d95bd190740cfd6a3d6b,ENQUEUED,0.4657234010195882,questions_in
2025-10-29T00:18:29.354611,PUBLISH,d9a7bbb20c0244179d8cdf17457bb0d6,68f2d95bd190740cfd6a3b84,ENQUEUED,0.13604333972531407,questions_in
2025-10-29T00:18:29.818547,PUBLISH,5fa2eb64e2944b16b532ebdd538e6556,68f2d95bd190740cfd6a30e0,ENQUEUED,0.46186173141393616,questions_in
2025-10-29T00:18:30.012804,PUBLISH,4a0d8260b27048a39b300d09af9d76eb,68f2d95bd190740cfd6a3f0e,ENQUEUED,0.19148457183786532,questions_in
2025-10-29T00:18:30.344177,PUBLISH,13df36cd58904a2c864ab0e8320fb0d0,68f2d95bd190740cfd6a3183,ENQUEUED,0.3258443581560362,questions_in
2025-10-29T00:18:30.513393,PUBLISH,5065e63245474e95975111c8c9a2a33e,68f2d95bd190740cfd6a3c27,ENQUEUED,0.16093588523536193,questions_in
2025-10-29T00:18:30.809063,PUBLISH,9bec9c7d0a85448fa10a6e629f7f18ee,68f2d95bd190740cfd6a352c,ENQUEUED,0.2922047533066612,questions_in
2025-10-29T00:18:30.915040,PUBLISH,da88e6e6518f4c0ab7f14b59de35098c,68f2d95bd190740cfd6a232e,ENQUEUED,0.10321121981279041,questions_in
2025-10-29T00:18:31.332279,PUBLISH,00fedebb41204a799f4b0220ed445806,68f2d95bd190740cfd6a3226,ENQUEUED,0.4150783287562704,questions_in
2025-10-29T00:18:31.746643,PUBLISH,f4a534b709e048558bce2eb035577998,68f2d95bd190740cfd6a2490,ENQUEUED,0.41229839198768536,questions_in
2025-10-29T00:18:31.943965,PUBLISH,0ab71f17fc7b49f8b419555e66919467,68f2d95bd190740cfd6a4128,ENQUEUED,0.1945727350418064,questions_in
2025-10-29T00:18:32.120253,PUBLISH,c7d5a587e3854d1ab06aa7fe88c53e11,68f2d95bd190740cfd6a1bcc,ENQUEUED,0.17421915835662705,questions_in
2025-10-29T00:18:32.238101,PUBLISH,18d26235295e4a728baa9dabc647d104,68f2d95bd190740cfd6a3b85,ENQUEUED,0.11605839371646637,questions_in
2025-10-29T00:18:32.410282,PUBLISH,ade9f68f18014852a93e3cf21f38ba29,68f2d95bd190740cfd6a2bbe,ENQUEUED,0.16802812909388826,questions_in
2025-10-29T00:18:32.594551,PUBLISH,d6b156ef2ce24f2f91cf676ec3da768d,68f2d95bd190740cfd6a4153,ENQUEUED,0.1796517348322899,questions_in
2025-10-29T00:18:33.000104,PUBLISH,49ec581505314788810e80efa1103a30,68f2d95bd190740cfd6a3bcc,ENQUEUED,0.3997822398610339,questions_in
2025-10-29T00:18:33.108548,PUBLISH,6a3ae9342d7d4035ae677838e6a58853,68f2d95bd190740cfd6a2c47,ENQUEUED,0.10543260412037299,questions_in
2025-10-29T00:18:33.255967,PUBLISH,008d44d834e7419aa1837d8d1928b682,68f2d95bd190740cfd6a1bcf,ENQUEUED,0.1448075888602475,questions_in
2025-10-29T00:18:33.460182,PUBLISH,c3f72e277d344be5bd4ff156894be056,68f2d95bd190740cfd6a1d3c,ENQUEUED,0.20045329041815363,questions_in
2025-10-29T00:18:33.779610,PUBLISH,9c1b432c4a044d06a569652c3215531a,68f2d95bd190740cfd6a3452,ENQUEUED,0.3164915005736443,questions_in
2025-10-29T00:18:34.147854,PUBLISH,23eb0d7c45d647169c75079a1143d534,68f2d95bd190740cfd6a1cc9,ENQUEUED,0.3612487110330286,questions_in
2025-10-29T00:18:34.368732,PUBLISH,3ba485c877a143c5a9f6571bffe8535a,68f2d95bd190740cfd6a2fe4,ENQUEUED,0.21825919946777794,questions_in
2025-10-29T00:18:34.677378,PUBLISH,76cae201c8084e2087db26b70f7948f6,68f2d95bd190740cfd6a2cd6,ENQUEUED,0.30558842528117136,questions_in
2025-10-29T00:18:35.160523,PUBLISH,51f582928d6344c1b4054c758e12d050,68f2d95bd190740cfd6a1b57,ENQUEUED,0.4788973004748811,questions_in
2025-10-29T00:18:35.511275,PUBLISH,2b9e124d67314ee2a1b73d37eb0ad0d6,68f2d95bd190740cfd6a298b,ENQUEUED,0.347340364805056,questions_in
2025-10-29T00:18:35.744630,PUBLISH,e31f3b62f3cb420bba77ca94734b3754,68f2d95bd190740cfd6a1b73,ENQUEUED,0.23081207679605698,questions_in
2025-10-29T00:18:36.145321,PUBLISH,6bfb30231b694dcdad0d57fa946cc6af,68f2d95bd190740cfd6a2a68,ENQUEUED,0.39869887451981034,questions_in
2025-10-29T00:18:36.510196,PUBLISH,78fd0883183c4b04ac704f78278b1fa4,68f2d95bd190740cfd6a4151,ENQUEUED,0.3619667350360616,questions_in
2025-10-29T00:18:36.987883,PUBLISH,47bb01b03a504474a9326a4db0411904,68f2d95bd190740cfd6a35c9,ENQUEUED,0.47561585321855615,questions_in
2025-10-29T00:18:37.242981,PUBLISH,cff958fb2f8e4d3f81e18c0b67cf6482,68f2d95bd190740cfd6a2ee1,ENQUEUED,0.25221335933547795,questions_in
2025-10-29T00:18:37.430262,PUBLISH,481ec09b8a7e41ad937532ec149f1c04,68f2d95bd190740cfd6a27cf,ENQUEUED,0.18381799086794204,questions_in
2025-10-29T00:18:37.732364,PUBLISH,15127082c0194fc4809544272bf1c572,68f2d95bd190740cfd6a3802,ENQUEUED,0.2999323904581398,questions_in
2025-10-29T00:18:37.949799,PUBLISH,c38aa6d86e384a70acd2f08264e4b58d,68f2d95bd190740cfd6a37e1,ENQUEUED,0.211880194170052,questions_in
2025-10-29T00:18:38.081037,PUBLISH,c7083d85a4904e06b999a7240b6702f4,68f2d95bd190740cfd6a1f63,ENQUEUED,0.1288124262362298,questions_in
2025-10-29T00:18:38.201803,PUBLISH,edaeecd22f94491e9bb812e9089b413e,68f2d95bd190740cfd6a22af,ENQUEUED,0.11856406509922973,questions_in
2025-10-29T00:18:38.370149,PUBLISH,b428f4ec549a4c8da028a362e0fac5dd,68f2d95bd190740cfd6a1d6c,ENQUEUED,0.16664404764302013,questions_in
2025-10-29T00:18:38.850161,PUBLISH,eec4349412fd4d80a1be665ee00e03b0,68f2d95bd190740cfd6a26c1,ENQUEUED,0.47803474729651907,questions_in
2025-10-29T00:18:39.243872,PUBLISH,a092e2673f1c4f79882ebd48a24a4443,68f2d95bd190740cfd6a41a4,ENQUEUED,0.39108468864607693,questions_in
2025-10-29T00:18:39.696284,PUBLISH,24a0bbd0b8104fe4aab6b50e0b724383,68f2d95bd190740cfd6a3647,ENQUEUED,0.4492996437708455,questions_in
2025-10-29T00:18:40.078039,PUBLISH,d49345860eda44328ef52e9555664f48,68f2d95bd190740cfd6a29f8,ENQUEUED,0.37886014910526145,questions_in
2025-10-29T00:18:40.577514,PUBLISH,63196c2af25c4df1b6570fcb8ad1f849,68f2d95bd190740cfd6a21c6,ENQUEUED,0.49511968527502115,questions_in
2025-10-29T00:18:40.914163,PUBLISH,07ad063cf0e9482d87394b6b80248304,68f2d95bd190740cfd6a26ee,ENQUEUED,0.32848700722327484,questions_in
2025-10-29T00:18:41.378818,PUBLISH,42119f8b66d442c29ec10c4fb516f739,68f2d95bd190740cfd6a3e6b,ENQUEUED,0.46244775628379065,questions_in
2025-10-29T00:18:41.702224,PUBLISH,f7fbef9239aa4a78a0b75cde59cd70b8,68f2d95bd190740cfd6a2ed2,ENQUEUED,0.32124359697540805,questions_in
2025-10-29T00:18:41.925581,PUBLISH,7c207f876cd2405db4560615d3cfadfe,68f2d95bd190740cfd6a1ae3,ENQUEUED,0.21991234258893938,questions_in
2025-10-29T00:18:42.293594,PUBLISH,070e3e3b6ec44de4a8dd86958f1a5a60,68f2d95bd190740cfd6a21b8,ENQUEUED,0.365269901901788,questions_in
2025-10-29T00:18:42.489706,PUBLISH,c78ba87ab642423ca1f80b41ddf7289e,68f2d95bd190740cfd6a26ba,ENQUEUED,0.19341858374700502,questions_in
2025-10-29T00:18:42.765174,PUBLISH,9f95d2e0048f499f83f2477668511671,68f2d95bd190740cfd6a2072,ENQUEUED,0.2727536874728078,questions_in
2025-10-29T00:18:43.204445,PUBLISH,390471615fef4ad786a891e4d923e0bc,68f2d95bd190740cfd6a307f,ENQUEUED,0.4366145911385907,questions_in
2025-10-29T00:18:43.682385,PUBLISH,f3bf037990c94c65819fd7878b802f1e,68f2d95bd190740cfd6a1dea,ENQUEUED,0.47592420380708456,questions_in
2025-10-29T00:18:44.183881,PUBLISH,b57d9c0d39914db7a4ed7b203cd5d5cf,68f2d95bd190740cfd6a3e36,ENQUEUED,0.4972338077700891,questions_in
2025-10-29T00:18:44.581803,PUBLISH,36587094900e42eb88c0d8a9a1d5a9a0,68f2d95bd190740cfd6a2a10,ENQUEUED,0.39556878229129544,questions_in
2025-10-29T00:18:44.691595,PUBLISH,1cfd308c5ae342059ed91b9bd5ec1273,68f2d95bd190740cfd6a3308,ENQUEUED,0.10596052698806036,questions_in
2025-10-29T00:18:44.919729,PUBLISH,ecc51d9bdbcc49ad8b8bad870ff08227,68f2d95bd190740cfd6a2985,ENQUEUED,0.22600527397386982,questions_in
2025-10-29T00:18:45.326109,PUBLISH,4e05d14d43fb4b5998a6b3d5fd1cb5f5,68f2d95bd190740cfd6a3e0c,ENQUEUED,0.4035536690491842,questions_in
2025-10-29T00:18:45.773691,PUBLISH,4db0cbf1e86d47a295246a38ce919220,68f2d95bd190740cfd6a2cb5,ENQUEUED,0.44407680089712953,questions_in
2025-10-29T00:18:46.190356,PUBLISH,9a8fcba8e6404021a3dbfebccfe9cb0c,68f2d95bd190740cfd6a1d76,ENQUEUED,0.412587651914026,questions_in
2025-10-29T00:18:46.501279,PUBLISH,118b395c5a9f4dd6928d13081224d0a4,68f2d95bd190740cfd6a1d12,ENQUEUED,0.3091017582527558,questions_in
2025-10-29T00:18:46.781543,PUBLISH,dfd06cf71bcf4abe934c2df43bf6667c,68f2d95bd190740cfd6a2ac0,ENQUEUED,0.273678690594222,questions_in
2025-10-29T00:18:47.227198,PUBLISH,48ec7ae984434a228956264f4d52ed25,68f2d95bd190740cfd6a22f7,ENQUEUED,0.44164974043651817,questions_in
2025-10-29T00:18:47.618428,PUBLISH,7148da2efd8d4f0e9a874e6849aeea0f,68f2d95bd190740cfd6a40db,ENQUEUED,0.3852429409492194,questions_in
2025-10-29T00:18:47.916279,PUBLISH,2f8bf10abd214528afc237fc8cd04ee1,68f2d95bd190740cfd6a21d4,ENQUEUED,0.294890562684366,questions_in
2025-10-29T00:18:48.066526,PUBLISH,ba4c209e7e0e495faf251124034b277f,68f2d95bd190740cfd6a2939,ENQUEUED,0.14842064578589165,questions_in
2025-10-29T00:18:48.169946,PUBLISH,96cba7936cdc4d319645fc0deb73bacc,68f2d95bd190740cfd6a2878,ENQUEUED,0.10148341835272597,questions_in
2025-10-29T00:18:48.497007,PUBLISH,98c14f120f204d2fb77d163581ebcbbf,68f2d95bd190740cfd6a208a,ENQUEUED,0.3253606759786418,questions_in
2025-10-29T00:18:48.629391,PUBLISH,d97b9c9f7043446bb977e9245cce9b5d,68f2d95bd190740cfd6a2993,ENQUEUED,0.13066330807279242,questions_in
2025-10-29T00:18:49.101915,PUBLISH,9cad218007d24e8dba8d94bb4dd6aa8f,68f2d95bd190740cfd6a3cd9,ENQUEUED,0.464987588205347,questions_in
2025-10-29T00:18:49.597173,PUBLISH,fed081e38604409b8776cb0b71a7e748,68f2d95bd190740cfd6a3eeb,ENQUEUED,0.4929753170986778,questions_in
2025-10-29T00:18:49.707856,PUBLISH,bad59e919ed74fd1a5e5be5a79a47ea5,68f2d95bd190740cfd6a2280,ENQUEUED,0.10765376746313625,questions_in
2025-10-29T00:18:49.812695,PUBLISH,e81af44f346c4604b205f0440856cc44,68f2d95bd190740cfd6a1eaa,ENQUEUED,0.10200056416371034,questions_in
2025-10-29T00:18:50.192815,PUBLISH,933187f531f14c289ba34889355ed283,68f2d95bd190740cfd6a3f14,ENQUEUED,0.376885124770591,questions_in
2025-10-29T00:18:50.329173,PUBLISH,2d26ffb63621434fb7d34bbdc009b641,68f2d95bd190740cfd6a32a5,ENQUEUED,0.1346859639388884,questions_in
2025-10-29T00:18:50.563760,PUBLISH,23918a97ba4d4e29a27dc59adf8f6c35,68f2d95bd190740cfd6a27b5,ENQUEUED,0.23190823853009435,questions_in
2025-10-29T00:18:50.851555,PUBLISH,9dfa31602f214c9a8bb40a041b351337,68f2d95bd190740cfd6a2afd,ENQUEUED,0.2849289889380485,questions_in
2025-10-29T00:18:51.331104,PUBLISH,f9e97fa0f28147db8d494fe1ea8a95e1,68f2d95bd190740cfd6a1c02,ENQUEUED,0.4772306053745118,questions_in
2025-10-29T00:18:51.806669,PUBLISH,979821ac57e444cfbe70c53bdce0445f,68f2d95bd190740cfd6a36af,ENQUEUED,0.47224051208050644,questions_in
2025-10-29T00:18:52.125212,PUBLISH,69614bbe66934159838e85d574d9c081,68f2d95bd190740cfd6a35b7,ENQUEUED,0.31542932963343373,questions_in
2025-10-29T00:18:52.234681,PUBLISH,faab18b6378944f089e07e50f498b87e,68f2d95bd190740cfd6a3003,ENQUEUED,0.10779369087213558,questions_in
2025-10-29T00:18:52.532393,PUBLISH,d0780308f4914834ab645ec541b6b991,68f2d95bd190740cfd6a1fc9,ENQUEUED,0.2949552592098431,questions_in
2025-10-29T00:18:52.846981,PUBLISH,a5c61802363f437bb9d25f0f02ebaea5,68f2d95bd190740cfd6a28c7,ENQUEUED,0.3126552668238691,questions_in
2025-10-29T00:18:53.063099,PUBLISH,49edb14382a344b5bc41edce40df81c2,68f2d95bd190740cfd6a2ef3,ENQUEUED,0.21045990947099835,questions_in
2025-10-29T00:18:53.278462,PUBLISH,ff8f5ee9b0874e50a060abc0bb5881d3,68f2d95bd190740cfd6a411c,ENQUEUED,0.21251972632977104,questions_in
2025-10-29T00:18:53.668090,PUBLISH,842098b14923420681a5d5c0172cb229,68f2d95bd190740cfd6a2b14,ENQUEUED,0.38752941967799137,questions_in
2025-10-29T00:18:53.891580,PUBLISH,a24d1aa85d4d435781c8f319172445b7,68f2d95bd190740cfd6a346e,ENQUEUED,0.2160302082236775,questions_in
2025-10-29T00:18:54.287165,PUBLISH,d7aff13b030d4f81b3c74b3b26e95ef2,68f2d95bd190740cfd6a22b6,ENQUEUED,0.3923895954063067,questions_in
2025-10-29T00:18:54.774451,PUBLISH,70a572e7b65241deb81f7b897579ce97,68f2d95bd190740cfd6a4123,ENQUEUED,0.48430159962319586,questions_in
2025-10-29T00:18:54.907414,PUBLISH,66f52141eeab472abe39825ce4bd70c2,68f2d95bd190740cfd6a3338,ENQUEUED,0.1304155348370676,questions_in
2025-10-29T00:18:55.353222,PUBLISH,919d66bde21748f1bfcb5215189a47df,68f2d95bd190740cfd6a3bb8,ENQUEUED,0.44336935021760004,questions_in
2025-10-29T00:18:55.575539,PUBLISH,cdf6e2beeaac414184560fb52682e7a0,68f2d95bd190740cfd6a38d1,ENQUEUED,0.22016774661183272,questions_in
2025-10-29T00:18:55.723831,PUBLISH,cdf75ad6d53c40e1970e49547c68f3cb,68f2d95bd190740cfd6a1cf4,ENQUEUED,0.14550557694898072,questions_in
2025-10-29T00:18:55.874468,PUBLISH,57cd05b4f4dd4d28ac0fc9566f916279,68f2d95bd190740cfd6a4047,ENQUEUED,0.14404385706202216,questions_in
2025-10-29T00:18:56.061176,PUBLISH,8e3543682e74412b9a135d763c449a2b,68f2d95bd190740cfd6a1c0f,ENQUEUED,0.18506530307024086,questions_in
2025-10-29T00:18:56.189080,PUBLISH,76655f6828e64472aa0c23ae06fe4b2c,68f2d95bd190740cfd6a284f,ENQUEUED,0.12219856001061064,questions_in
2025-10-29T00:18:56.528969,PUBLISH,34ea058043f845df886137bd95569288,68f2d95bd190740cfd6a3dda,ENQUEUED,0.3380438221335831,questions_in
2025-10-29T00:18:56.744244,PUBLISH,bfb6f23218ae443285d40cd31085a1bb,68f2d95bd190740cfd6a3fbe,ENQUEUED,0.21330649374852603,questions_in
2025-10-29T00:18:56.857094,PUBLISH,2d397d9cab234d4da97dc4d193687ef1,68f2d95bd190740cfd6a26df,ENQUEUED,0.1101646370895975,questions_in
2025-10-29T00:18:57.014161,PUBLISH,b9979c03dd3942929d708ec38ed6c579,68f2d95bd190740cfd6a3021,ENQUEUED,0.15250301373074715,questions_in
2025-10-29T00:18:57.456359,PUBLISH,9fa2a6e878ca45f1a0547e6bd9e297cd,68f2d95bd190740cfd6a2191,ENQUEUED,0.43924609331153663,questions_in
2025-10-29T00:18:57.919042,PUBLISH,155e08ef751e4710b1fb730351ab9c77,68f2d95bd190740cfd6a2def,ENQUEUED,0.4602058930921361,questions_in
2025-10-29T00:18:58.408093,PUBLISH,094a33c864354f06a018cb99a1bc7aac,68f2d95bd190740cfd6a2c06,ENQUEUED,0.48437595723225446,questions_in
2025-10-29T00:18:58.774157,PUBLISH,914e9c1c4ac944fbb1f2a39e4ecc40ac,68f2d95bd190740cfd6a406e,ENQUEUED,0.3644416084370825,questions_in
2025-10-29T00:18:58.974538,PUBLISH,4f40d2e7da434f31b8b5672ced2c90f0,68f2d95bd190740cfd6a1ffc,ENQUEUED,0.19847542054093328,questions_in
2025-10-29T00:18:59.088792,PUBLISH,fa387515fea349b282c7cf2060eb89c8,68f2d95bd190740cfd6a41d5,ENQUEUED,0.11039714203170764,questions_in
2025-10-29T00:18:59.198264,PUBLISH,1adc61e6162a4f75aac22a46c89238e0,68f2d95bd190740cfd6a27a1,ENQUEUED,0.10713793087151031,questions_in
2025-10-29T00:18:59.438498,PUBLISH,8f74f628d74a4c3eb56e16259b15642c,68f2d95bd190740cfd6a38fc,ENQUEUED,0.23642325340952947,questions_in
2025-10-29T00:18:59.544130,PUBLISH,726c9ac639624396844dfd59b5fa8e5d,68f2d95bd190740cfd6a1fa0,ENQUEUED,0.10391340966451629,questions_in
2025-10-29T00:18:59.834168,PUBLISH,2e6e52e533cc418a8c9bfa3adc97e942,68f2d95bd190740cfd6a2d49,ENQUEUED,0.2876184880821303,questions_in
2025-10-29T00:18:59.968493,PUBLISH,bfef9dcd34f649e581fb6e4e9e5fb11b,68f2d95bd190740cfd6a418d,ENQUEUED,0.12834498497770086,questions_in
2025-10-29T00:19:00.340919,PUBLISH,8507824fc77c4ce6a9ec22b1e6fbf707,68f2d95bd190740cfd6a206c,ENQUEUED,0.3693939470556147,questions_in
2025-10-29T00:19:00.738217,PUBLISH,53d9a19bb6854948b391a76298104efa,68f2d95bd190740cfd6a1ba3,ENQUEUED,0.39281468648033746,questions_in
2025-10-29T00:19:01.051410,PUBLISH,ae6706ddba054ab19bfd0e37894ea47a,68f2d95bd190740cfd6a1baf,ENQUEUED,0.3094786677986292,questions_in
2025-10-29T00:19:01.207735,PUBLISH,428c76c253d640fc9b1cd7698454f6e0,68f2d95bd190740cfd6a268a,ENQUEUED,0.1518883219847667,questions_in
2025-10-29T00:19:01.658749,PUBLISH,dbeeb6902ba74ba78d29bf7193162b9c,68f2d95bd190740cfd6a1b3f,ENQUEUED,0.4485947515663543,questions_in
2025-10-29T00:19:01.925209,PUBLISH,faa956db737d470db4003556dc01ab3b,68f2d95bd190740cfd6a3e78,ENQUEUED,0.2641213294078329,questions_in
2025-10-29T00:19:02.155564,PUBLISH,82b4d8941e504eabad96929af3b526cb,68f2d95bd190740cfd6a2272,ENQUEUED,0.22707585946714157,questions_in
2025-10-29T00:19:02.479363,PUBLISH,dce6e77b52ad4daf957638720a409c58,68f2d95bd190740cfd6a347b,ENQUEUED,0.32071652610997514,questions_in
2025-10-29T00:19:02.937867,PUBLISH,62a4c7bcf6d74246906fe5f3e6e595b4,68f2d95bd190740cfd6a1cc2,ENQUEUED,0.45477840058888197,questions_in
2025-10-29T00:19:03.044591,PUBLISH,9efb9cc9162d41b69a16306366b0ebde,68f2d95bd190740cfd6a1fdb,ENQUEUED,0.10133474095334219,questions_in
2025-10-29T00:19:03.451283,PUBLISH,a273a87c5ea34453a78acbde8e3a4ab5,68f2d95bd190740cfd6a3478,ENQUEUED,0.40386662098063664,questions_in
2025-10-29T00:19:03.716479,PUBLISH,0e9a5e5303704fbda123721de5e65568,68f2d95bd190740cfd6a259e,ENQUEUED,0.26151319874043977,questions_in
2025-10-29T00:19:03.927456,PUBLISH,3a548dfbce634030a4866111f24af791,68f2d95bd190740cfd6a2e0c,ENQUEUED,0.1992986831489516,questions_in
2025-10-29T00:19:04.380524,PUBLISH,67957f6a3c204800b565f7962a8e5f8a,68f2d95bd190740cfd6a24f0,ENQUEUED,0.4447093777654213,questions_in
2025-10-29T00:19:04.707198,PUBLISH,56aa4f81da1749d2b87e5fd687ae3c52,68f2d95bd190740cfd6a3071,ENQUEUED,0.3199139814852279,questions_in
2025-10-29T00:19:04.971112,PUBLISH,390a2e57286c4d6ea06d6556fc2943e1,68f2d95bd190740cfd6a3f25,ENQUEUED,0.2598870719266033,questions_in
2025-10-29T00:19:05.088014,PUBLISH,5ba69028dddc47808616c2b2d1a23b13,68f2d95bd190740cfd6a28d8,ENQUEUED,0.11318696054673644,questions_in
2025-10-29T00:19:05.261775,PUBLISH,3f19ba4e71ef435dae53a217f6235b55,68f2d95bd190740cfd6a3dcc,ENQUEUED,0.17175790958387321,questions_in
2025-10-29T00:19:05.545932,PUBLISH,73c0fa9ea31e4d6ca0fb3ab9c9cc69a7,68f2d95bd190740cfd6a3378,ENQUEUED,0.2810421897665101,questions_in
2025-10-29T00:19:05.790477,PUBLISH,e5f7acbb8a914525bc1fa16b2957d7d5,68f2d95bd190740cfd6a2142,ENQUEUED,0.24230587457733652,questions_in
2025-10-29T00:19:06.045066,PUBLISH,2651eeee39da4703b366deb63b9fe18c,68f2d95bd190740cfd6a1c64,ENQUEUED,0.2519956405602233,questions_in
2025-10-29T00:19:06.450888,PUBLISH,579c559b547c4cc2b0e97f76151f788b,68f2d95bd190740cfd6a3f0e,ENQUEUED,0.4030661467593042,questions_in
2025-10-29T00:19:06.753926,PUBLISH,02aef46ef20e4b56baa01b66cb7306f8,68f2d95bd190740cfd6a328e,ENQUEUED,0.29702205864883374,questions_in
2025-10-29T00:19:07.223255,PUBLISH,6cb2d83c713c4e84b380312ff47d7cff,68f2d95bd190740cfd6a3ee0,ENQUEUED,0.4652345314891332,questions_in
2025-10-29T00:19:07.675822,PUBLISH,d4e1c1574f4341bfaebd6e42ad86bb66,68f2d95bd190740cfd6a31f6,ENQUEUED,0.44995815181193577,questions_in
2025-10-29T00:19:07.911522,PUBLISH,0367c6f72ee24dddbe937fcb859c2d5e,68f2d95bd190740cfd6a3e0d,ENQUEUED,0.2335266989643758,questions_in
2025-10-29T00:19:08.108471,PUBLISH,0573027bde894b90b8a8569bae0cd324,68f2d95bd190740cfd6a38a7,ENQUEUED,0.19210039179940608,questions_in
2025-10-29T00:19:08.554587,PUBLISH,5164140519c7418fad8b8a5036c8e7ce,68f2d95bd190740cfd6a309c,ENQUEUED,0.44297246922402234,questions_in
2025-10-29T00:19:08.829470,PUBLISH,816137674e80423ab860451c1fe1af72,68f2d95bd190740cfd6a281f,ENQUEUED,0.2726965295536875,questions_in
2025-10-29T00:19:08.958915,PUBLISH,0fb035d93aa247a08fe463e46ea889bf,68f2d95bd190740cfd6a3fe5,ENQUEUED,0.122523931111943,questions_in
2025-10-29T00:19:09.164101,PUBLISH,6b5bfd17a396404788161161e1ef6e4e,68f2d95bd190740cfd6a2026,ENQUEUED,0.20331959965851554,questions_in
2025-10-29T00:19:09.280482,PUBLISH,e31b40fae29240e690bf06a83f354115,68f2d95bd190740cfd6a2643,ENQUEUED,0.11467087229251845,questions_in
2025-10-29T00:19:09.392432,PUBLISH,b3a207bb886a420fbc17d7ca5cfe5ba2,68f2d95bd190740cfd6a3b3d,ENQUEUED,0.11015456874044678,questions_in
2025-10-29T00:19:09.655314,PUBLISH,2b94912d69974b6895e4c4bfdaad5843,68f2d95bd190740cfd6a3204,ENQUEUED,0.25947957713110903,questions_in
