WARNING: log4j.properties is not found. HADOOP_CONF_DIR may be incomplete.
2025-11-15 17:10:25,274 INFO  [main] pig.ExecTypeProvider (ExecTypeProvider.java:selectExecType(41)) - Trying ExecType : LOCAL
2025-11-15 17:10:25,276 INFO  [main] pig.ExecTypeProvider (ExecTypeProvider.java:selectExecType(41)) - Trying ExecType : MAPREDUCE
2025-11-15 17:10:25,277 INFO  [main] pig.ExecTypeProvider (ExecTypeProvider.java:selectExecType(43)) - Picked MAPREDUCE as the ExecType
2025-11-15 17:10:25,321 [main] INFO  org.apache.pig.Main - Apache Pig version 0.17.0 (r1797386) compiled Jun 02 2017, 15:41:58
2025-11-15 17:10:25,321 [main] INFO  org.apache.pig.Main - Logging error messages to: /opt/pig-0.17.0/scripts/pig_1763226625312.log
2025-11-15 17:10:25,518 [main] INFO  org.apache.pig.impl.util.Utils - Default bootup file /root/.pigbootup not found
2025-11-15 17:10:25,578 [main] INFO  org.apache.hadoop.conf.Configuration.deprecation - mapred.job.tracker is deprecated. Instead, use mapreduce.jobtracker.address
2025-11-15 17:10:25,578 [main] INFO  org.apache.pig.backend.hadoop.executionengine.HExecutionEngine - Connecting to hadoop file system at: hdfs://namenode:8020
2025-11-15 17:10:25,865 [main] INFO  org.apache.pig.PigServer - Pig Script ID for the session: PIG-wordfreq.pig-388890fa-ab85-465a-bb72-add6f2f20d52
2025-11-15 17:10:25,865 [main] WARN  org.apache.pig.PigServer - ATS is disabled since yarn.timeline-service.enabled set to false
2025-11-15 17:10:26,251 [main] INFO  org.apache.pig.impl.util.SpillableMemoryManager - Selected heap (PS Old Gen) of size 699400192 to monitor. collectionUsageThreshold = 489580128, usageThreshold = 489580128
2025-11-15 17:10:26,345 [main] WARN  org.apache.pig.newplan.BaseOperatorPlan - Encountered Warning IMPLICIT_CAST_TO_LONG 1 time(s).
2025-11-15 17:10:26,353 [main] INFO  org.apache.hadoop.conf.Configuration.deprecation - mapred.textoutputformat.separator is deprecated. Instead, use mapreduce.output.textoutputformat.separator
2025-11-15 17:10:26,370 [main] INFO  org.apache.pig.tools.pigstats.ScriptState - Pig features used in the script: HASH_JOIN,GROUP_BY,ORDER_BY,FILTER,LIMIT
2025-11-15 17:10:26,391 [main] INFO  org.apache.pig.data.SchemaTupleBackend - Key [pig.schematuple] was not set... will not generate code.
2025-11-15 17:10:26,416 [main] INFO  org.apache.pig.newplan.logical.optimizer.LogicalPlanOptimizer - {RULES_ENABLED=[AddForEach, ColumnMapKeyPrune, ConstantCalculator, GroupByConstParallelSetter, LimitOptimizer, LoadTypeCastInserter, MergeFilter, MergeForEach, NestedLimitOptimizer, PartitionFilterOptimizer, PredicatePushdownOptimizer, PushDownForEachFlatten, PushUpFilter, SplitFilter, StreamTypeCastInserter]}
2025-11-15 17:10:26,535 [main] INFO  org.apache.pig.backend.hadoop.executionengine.mapReduceLayer.MRCompiler - File concatenation threshold: 100 optimistic? false
2025-11-15 17:10:26,556 [main] INFO  org.apache.pig.backend.hadoop.executionengine.util.CombinerOptimizerUtil - Choosing to move algebraic foreach to combiner
2025-11-15 17:10:26,572 [main] INFO  org.apache.pig.backend.hadoop.executionengine.mapReduceLayer.SecondaryKeyOptimizerMR - Using Secondary Key Optimization for MapReduce node scope-87
2025-11-15 17:10:26,579 [main] INFO  org.apache.pig.backend.hadoop.executionengine.mapReduceLayer.MultiQueryOptimizer - MR plan size before optimization: 7
2025-11-15 17:10:26,579 [main] INFO  org.apache.pig.backend.hadoop.executionengine.mapReduceLayer.MultiQueryOptimizer - Merged 2 map-only splittees.
2025-11-15 17:10:26,579 [main] INFO  org.apache.pig.backend.hadoop.executionengine.mapReduceLayer.MultiQueryOptimizer - Merged 2 out of total 3 MR operators.
2025-11-15 17:10:26,579 [main] INFO  org.apache.pig.backend.hadoop.executionengine.mapReduceLayer.MultiQueryOptimizer - MR plan size after optimization: 5
2025-11-15 17:10:26,633 [main] WARN  org.apache.hadoop.metrics2.impl.MetricsConfig - Cannot locate configuration: tried hadoop-metrics2-jobtracker.properties,hadoop-metrics2.properties
2025-11-15 17:10:26,676 [main] INFO  org.apache.hadoop.metrics2.impl.MetricsSystemImpl - Scheduled Metric snapshot period at 10 second(s).
2025-11-15 17:10:26,676 [main] INFO  org.apache.hadoop.metrics2.impl.MetricsSystemImpl - JobTracker metrics system started
2025-11-15 17:10:26,696 [main] INFO  org.apache.pig.tools.pigstats.mapreduce.MRScriptState - Pig script settings are added to the job
2025-11-15 17:10:26,701 [main] INFO  org.apache.hadoop.conf.Configuration.deprecation - mapred.job.reduce.markreset.buffer.percent is deprecated. Instead, use mapreduce.reduce.markreset.buffer.percent
2025-11-15 17:10:26,701 [main] INFO  org.apache.pig.backend.hadoop.executionengine.mapReduceLayer.JobControlCompiler - mapred.job.reduce.markreset.buffer.percent is not set, set to default 0.3
2025-11-15 17:10:26,703 [main] INFO  org.apache.hadoop.conf.Configuration.deprecation - mapred.output.compress is deprecated. Instead, use mapreduce.output.fileoutputformat.compress
2025-11-15 17:10:26,706 [main] INFO  org.apache.pig.backend.hadoop.executionengine.mapReduceLayer.JobControlCompiler - Reduce phase detected, estimating # of required reducers.
2025-11-15 17:10:26,708 [main] INFO  org.apache.pig.backend.hadoop.executionengine.mapReduceLayer.JobControlCompiler - Using reducer estimator: org.apache.pig.backend.hadoop.executionengine.mapReduceLayer.InputSizeReducerEstimator
2025-11-15 17:10:26,742 [main] INFO  org.apache.pig.backend.hadoop.executionengine.mapReduceLayer.InputSizeReducerEstimator - BytesPerReducer=1000000000 maxReducers=999 totalInputFileSize=150733
2025-11-15 17:10:26,742 [main] INFO  org.apache.pig.backend.hadoop.executionengine.mapReduceLayer.JobControlCompiler - Setting Parallelism to 1
2025-11-15 17:10:26,742 [main] INFO  org.apache.hadoop.conf.Configuration.deprecation - mapred.reduce.tasks is deprecated. Instead, use mapreduce.job.reduces
2025-11-15 17:10:26,743 [main] INFO  org.apache.pig.backend.hadoop.executionengine.mapReduceLayer.JobControlCompiler - This job cannot be converted run in-process
2025-11-15 17:10:26,751 [main] INFO  org.apache.hadoop.conf.Configuration.deprecation - mapred.submit.replication is deprecated. Instead, use mapreduce.client.submit.file.replication
2025-11-15 17:10:26,816 [Thread-9] INFO  org.apache.hadoop.hdfs.protocol.datatransfer.sasl.SaslDataTransferClient - SASL encryption trust check: localHostTrusted = false, remoteHostTrusted = false
2025-11-15 17:10:26,888 [main] INFO  org.apache.pig.backend.hadoop.executionengine.mapReduceLayer.JobControlCompiler - Added jar file:/opt/pig-0.17.0/pig-0.17.0-core-h2.jar to DistributedCache through /tmp/temp-757309406/tmp1498849661/pig-0.17.0-core-h2.jar
2025-11-15 17:10:26,897 [Thread-12] INFO  org.apache.hadoop.hdfs.protocol.datatransfer.sasl.SaslDataTransferClient - SASL encryption trust check: localHostTrusted = false, remoteHostTrusted = false
2025-11-15 17:10:26,910 [main] INFO  org.apache.pig.backend.hadoop.executionengine.mapReduceLayer.JobControlCompiler - Added jar file:/opt/pig-0.17.0/lib/automaton-1.11-8.jar to DistributedCache through /tmp/temp-757309406/tmp171844961/automaton-1.11-8.jar
2025-11-15 17:10:26,918 [Thread-14] INFO  org.apache.hadoop.hdfs.protocol.datatransfer.sasl.SaslDataTransferClient - SASL encryption trust check: localHostTrusted = false, remoteHostTrusted = false
2025-11-15 17:10:26,930 [main] INFO  org.apache.pig.backend.hadoop.executionengine.mapReduceLayer.JobControlCompiler - Added jar file:/opt/pig-0.17.0/lib/antlr-runtime-3.4.jar to DistributedCache through /tmp/temp-757309406/tmp-52899518/antlr-runtime-3.4.jar
2025-11-15 17:10:26,939 [Thread-16] INFO  org.apache.hadoop.hdfs.protocol.datatransfer.sasl.SaslDataTransferClient - SASL encryption trust check: localHostTrusted = false, remoteHostTrusted = false
2025-11-15 17:10:26,949 [main] INFO  org.apache.pig.backend.hadoop.executionengine.mapReduceLayer.JobControlCompiler - Added jar file:/opt/pig-0.17.0/lib/joda-time-2.9.3.jar to DistributedCache through /tmp/temp-757309406/tmp-298671905/joda-time-2.9.3.jar
2025-11-15 17:10:26,959 [main] INFO  org.apache.pig.backend.hadoop.executionengine.mapReduceLayer.JobControlCompiler - Setting up single store job
2025-11-15 17:10:26,964 [main] INFO  org.apache.pig.data.SchemaTupleFrontend - Key [pig.schematuple] is false, will not generate code.
2025-11-15 17:10:26,964 [main] INFO  org.apache.pig.data.SchemaTupleFrontend - Starting process to move generated code to distributed cacche
2025-11-15 17:10:26,964 [main] INFO  org.apache.pig.data.SchemaTupleFrontend - Setting key [pig.schematuple.classes] with classes to deserialize []
2025-11-15 17:10:27,031 [main] INFO  org.apache.pig.backend.hadoop.executionengine.mapReduceLayer.MapReduceLauncher - 1 map-reduce job(s) waiting for submission.
2025-11-15 17:10:27,036 [JobControl] WARN  org.apache.hadoop.metrics2.impl.MetricsSystemImpl - JobTracker metrics system already initialized!
2025-11-15 17:10:27,047 [JobControl] INFO  org.apache.hadoop.conf.Configuration.deprecation - mapred.task.id is deprecated. Instead, use mapreduce.task.attempt.id
2025-11-15 17:10:27,097 [JobControl] WARN  org.apache.hadoop.mapreduce.JobResourceUploader - No job jar file set.  User classes may not be found. See Job or Job#setJar(String).
2025-11-15 17:10:27,126 [JobControl] INFO  org.apache.pig.builtin.TextLoader - Using PigTextInputFormat
2025-11-15 17:10:27,131 [JobControl] INFO  org.apache.hadoop.mapreduce.lib.input.FileInputFormat - Total input files to process : 1
2025-11-15 17:10:27,131 [JobControl] INFO  org.apache.pig.backend.hadoop.executionengine.util.MapRedUtil - Total input paths to process : 1
2025-11-15 17:10:27,164 [JobControl] INFO  org.apache.pig.backend.hadoop.executionengine.util.MapRedUtil - Total input paths (combined) to process : 1
2025-11-15 17:10:27,167 [JobControl] INFO  org.apache.pig.builtin.TextLoader - Using PigTextInputFormat
2025-11-15 17:10:27,172 [JobControl] INFO  org.apache.hadoop.mapreduce.lib.input.FileInputFormat - Total input files to process : 1
2025-11-15 17:10:27,172 [JobControl] INFO  org.apache.pig.backend.hadoop.executionengine.util.MapRedUtil - Total input paths to process : 1
2025-11-15 17:10:27,175 [JobControl] INFO  org.apache.pig.backend.hadoop.executionengine.util.MapRedUtil - Total input paths (combined) to process : 1
2025-11-15 17:10:27,194 [JobControl] INFO  org.apache.hadoop.mapreduce.JobSubmitter - number of splits:2
2025-11-15 17:10:27,285 [JobControl] INFO  org.apache.hadoop.mapreduce.JobSubmitter - Submitting tokens for job: job_local141263522_0001
2025-11-15 17:10:27,285 [JobControl] INFO  org.apache.hadoop.mapreduce.JobSubmitter - Executing with tokens: []
2025-11-15 17:10:27,425 [LocalDistributedCacheManager Downloader #0] INFO  org.apache.hadoop.hdfs.protocol.datatransfer.sasl.SaslDataTransferClient - SASL encryption trust check: localHostTrusted = false, remoteHostTrusted = false
2025-11-15 17:10:27,460 [LocalDistributedCacheManager Downloader #2] INFO  org.apache.hadoop.hdfs.protocol.datatransfer.sasl.SaslDataTransferClient - SASL encryption trust check: localHostTrusted = false, remoteHostTrusted = false
2025-11-15 17:10:27,460 [LocalDistributedCacheManager Downloader #1] INFO  org.apache.hadoop.hdfs.protocol.datatransfer.sasl.SaslDataTransferClient - SASL encryption trust check: localHostTrusted = false, remoteHostTrusted = false
2025-11-15 17:10:27,461 [LocalDistributedCacheManager Downloader #3] INFO  org.apache.hadoop.hdfs.protocol.datatransfer.sasl.SaslDataTransferClient - SASL encryption trust check: localHostTrusted = false, remoteHostTrusted = false
2025-11-15 17:10:27,493 [JobControl] INFO  org.apache.hadoop.mapred.LocalDistributedCacheManager - Creating symlink: /tmp/hadoop-root/mapred/local/job_local141263522_0001_8c4a7b07-eb44-4c69-9e28-af0b9e709c94/pig-0.17.0-core-h2.jar <- /opt/pig-0.17.0/scripts/pig-0.17.0-core-h2.jar
2025-11-15 17:10:27,494 [JobControl] INFO  org.apache.hadoop.mapred.LocalDistributedCacheManager - Localized hdfs://namenode:8020/tmp/temp-757309406/tmp1498849661/pig-0.17.0-core-h2.jar as file:/tmp/hadoop-root/mapred/local/job_local141263522_0001_8c4a7b07-eb44-4c69-9e28-af0b9e709c94/pig-0.17.0-core-h2.jar
2025-11-15 17:10:27,495 [JobControl] INFO  org.apache.hadoop.mapred.LocalDistributedCacheManager - Creating symlink: /tmp/hadoop-root/mapred/local/job_local141263522_0001_c8ffca54-187e-4363-807d-0b602011db53/automaton-1.11-8.jar <- /opt/pig-0.17.0/scripts/automaton-1.11-8.jar
2025-11-15 17:10:27,496 [JobControl] INFO  org.apache.hadoop.mapred.LocalDistributedCacheManager - Localized hdfs://namenode:8020/tmp/temp-757309406/tmp171844961/automaton-1.11-8.jar as file:/tmp/hadoop-root/mapred/local/job_local141263522_0001_c8ffca54-187e-4363-807d-0b602011db53/automaton-1.11-8.jar
2025-11-15 17:10:27,496 [JobControl] INFO  org.apache.hadoop.mapred.LocalDistributedCacheManager - Creating symlink: /tmp/hadoop-root/mapred/local/job_local141263522_0001_c9f0b837-04ca-4b73-967c-8d72d5337e8d/antlr-runtime-3.4.jar <- /opt/pig-0.17.0/scripts/antlr-runtime-3.4.jar
2025-11-15 17:10:27,498 [JobControl] INFO  org.apache.hadoop.mapred.LocalDistributedCacheManager - Localized hdfs://namenode:8020/tmp/temp-757309406/tmp-52899518/antlr-runtime-3.4.jar as file:/tmp/hadoop-root/mapred/local/job_local141263522_0001_c9f0b837-04ca-4b73-967c-8d72d5337e8d/antlr-runtime-3.4.jar
2025-11-15 17:10:27,498 [JobControl] INFO  org.apache.hadoop.mapred.LocalDistributedCacheManager - Creating symlink: /tmp/hadoop-root/mapred/local/job_local141263522_0001_493fa7d9-f877-4d97-8af9-96c563a2b135/joda-time-2.9.3.jar <- /opt/pig-0.17.0/scripts/joda-time-2.9.3.jar
2025-11-15 17:10:27,500 [JobControl] INFO  org.apache.hadoop.mapred.LocalDistributedCacheManager - Localized hdfs://namenode:8020/tmp/temp-757309406/tmp-298671905/joda-time-2.9.3.jar as file:/tmp/hadoop-root/mapred/local/job_local141263522_0001_493fa7d9-f877-4d97-8af9-96c563a2b135/joda-time-2.9.3.jar
2025-11-15 17:10:27,538 [JobControl] INFO  org.apache.hadoop.mapred.LocalDistributedCacheManager - file:/tmp/hadoop-root/mapred/local/job_local141263522_0001_8c4a7b07-eb44-4c69-9e28-af0b9e709c94/pig-0.17.0-core-h2.jar
2025-11-15 17:10:27,538 [JobControl] INFO  org.apache.hadoop.mapred.LocalDistributedCacheManager - file:/tmp/hadoop-root/mapred/local/job_local141263522_0001_c8ffca54-187e-4363-807d-0b602011db53/automaton-1.11-8.jar
2025-11-15 17:10:27,538 [JobControl] INFO  org.apache.hadoop.mapred.LocalDistributedCacheManager - file:/tmp/hadoop-root/mapred/local/job_local141263522_0001_c9f0b837-04ca-4b73-967c-8d72d5337e8d/antlr-runtime-3.4.jar
2025-11-15 17:10:27,538 [JobControl] INFO  org.apache.hadoop.mapred.LocalDistributedCacheManager - file:/tmp/hadoop-root/mapred/local/job_local141263522_0001_493fa7d9-f877-4d97-8af9-96c563a2b135/joda-time-2.9.3.jar
2025-11-15 17:10:27,542 [JobControl] INFO  org.apache.hadoop.mapreduce.Job - The url to track the job: http://localhost:8080/
2025-11-15 17:10:27,542 [main] INFO  org.apache.pig.backend.hadoop.executionengine.mapReduceLayer.MapReduceLauncher - HadoopJobId: job_local141263522_0001
2025-11-15 17:10:27,542 [main] INFO  org.apache.pig.backend.hadoop.executionengine.mapReduceLayer.MapReduceLauncher - Processing aliases 1-2,CLEAN,LOW,RAW,STOP,TOK,TOK_CLEAN,TOK_JOIN,TOK_NO_SW
2025-11-15 17:10:27,542 [main] INFO  org.apache.pig.backend.hadoop.executionengine.mapReduceLayer.MapReduceLauncher - detailed locations: M: RAW[6,6],LOW[-1,-1],CLEAN[8,8],TOK[9,6],TOK_CLEAN[11,12],TOK_JOIN[12,11],STOP[10,7],STOP[-1,-1],TOK_JOIN[12,11] C:  R: TOK_JOIN[12,11],1-2[13,21],TOK_NO_SW[13,12]
2025-11-15 17:10:27,543 [Thread-18] INFO  org.apache.hadoop.mapred.LocalJobRunner - OutputCommitter set in config null
2025-11-15 17:10:27,547 [main] INFO  org.apache.pig.backend.hadoop.executionengine.mapReduceLayer.MapReduceLauncher - 0% complete
2025-11-15 17:10:27,548 [main] INFO  org.apache.pig.backend.hadoop.executionengine.mapReduceLayer.MapReduceLauncher - Running jobs are [job_local141263522_0001]
2025-11-15 17:10:27,566 [Thread-18] INFO  org.apache.hadoop.conf.Configuration.deprecation - mapred.reduce.tasks is deprecated. Instead, use mapreduce.job.reduces
2025-11-15 17:10:27,566 [Thread-18] INFO  org.apache.hadoop.conf.Configuration.deprecation - mapred.job.reduce.markreset.buffer.percent is deprecated. Instead, use mapreduce.reduce.markreset.buffer.percent
2025-11-15 17:10:27,568 [Thread-18] INFO  org.apache.hadoop.mapreduce.lib.output.FileOutputCommitter - File Output Committer Algorithm version is 2
2025-11-15 17:10:27,568 [Thread-18] INFO  org.apache.hadoop.mapreduce.lib.output.FileOutputCommitter - FileOutputCommitter skip cleanup _temporary folders under output directory:false, ignore cleanup failures: false
2025-11-15 17:10:27,569 [Thread-18] INFO  org.apache.hadoop.mapred.LocalJobRunner - OutputCommitter is org.apache.pig.backend.hadoop.executionengine.mapReduceLayer.PigOutputCommitter
2025-11-15 17:10:27,606 [Thread-18] INFO  org.apache.hadoop.mapred.LocalJobRunner - Waiting for map tasks
2025-11-15 17:10:27,606 [LocalJobRunner Map Task Executor #0] INFO  org.apache.hadoop.mapred.LocalJobRunner - Starting task: attempt_local141263522_0001_m_000000_0
2025-11-15 17:10:27,648 [LocalJobRunner Map Task Executor #0] INFO  org.apache.hadoop.mapreduce.lib.output.FileOutputCommitter - File Output Committer Algorithm version is 2
2025-11-15 17:10:27,648 [LocalJobRunner Map Task Executor #0] INFO  org.apache.hadoop.mapreduce.lib.output.FileOutputCommitter - FileOutputCommitter skip cleanup _temporary folders under output directory:false, ignore cleanup failures: false
2025-11-15 17:10:27,660 [LocalJobRunner Map Task Executor #0] INFO  org.apache.hadoop.mapred.Task -  Using ResourceCalculatorProcessTree : [ ]
2025-11-15 17:10:27,666 [LocalJobRunner Map Task Executor #0] INFO  org.apache.hadoop.mapred.MapTask - Processing split: Number of splits :1
Total Length = 150000
Input split[0]:
   Length = 150000
   ClassName: org.apache.hadoop.mapreduce.lib.input.FileSplit
   Locations:

-----------------------

2025-11-15 17:10:27,675 [LocalJobRunner Map Task Executor #0] INFO  org.apache.pig.builtin.TextLoader - Using PigTextInputFormat
2025-11-15 17:10:27,679 [LocalJobRunner Map Task Executor #0] INFO  org.apache.pig.backend.hadoop.executionengine.mapReduceLayer.PigRecordReader - Current split being processed hdfs://namenode:8020/data/input/yahoo/yahoo_respuestas.txt:0+150000
2025-11-15 17:10:27,714 [LocalJobRunner Map Task Executor #0] INFO  org.apache.hadoop.mapred.MapTask - (EQUATOR) 0 kvi 26214396(104857584)
2025-11-15 17:10:27,714 [LocalJobRunner Map Task Executor #0] INFO  org.apache.hadoop.mapred.MapTask - mapreduce.task.io.sort.mb: 100
2025-11-15 17:10:27,714 [LocalJobRunner Map Task Executor #0] INFO  org.apache.hadoop.mapred.MapTask - soft limit at 83886080
2025-11-15 17:10:27,714 [LocalJobRunner Map Task Executor #0] INFO  org.apache.hadoop.mapred.MapTask - bufstart = 0; bufvoid = 104857600
2025-11-15 17:10:27,714 [LocalJobRunner Map Task Executor #0] INFO  org.apache.hadoop.mapred.MapTask - kvstart = 26214396; length = 6553600
2025-11-15 17:10:27,716 [LocalJobRunner Map Task Executor #0] INFO  org.apache.hadoop.mapred.MapTask - Map output collector class = org.apache.hadoop.mapred.MapTask$MapOutputBuffer
2025-11-15 17:10:27,724 [LocalJobRunner Map Task Executor #0] INFO  org.apache.pig.impl.util.SpillableMemoryManager - Selected heap (PS Old Gen) of size 699400192 to monitor. collectionUsageThreshold = 489580128, usageThreshold = 489580128
2025-11-15 17:10:27,725 [LocalJobRunner Map Task Executor #0] INFO  org.apache.pig.data.SchemaTupleBackend - Key [pig.schematuple] was not set... will not generate code.
2025-11-15 17:10:27,738 [LocalJobRunner Map Task Executor #0] INFO  org.apache.pig.backend.hadoop.executionengine.mapReduceLayer.PigGenericMapReduce$Map - Aliases being processed per job phase (AliasName[line,offset]): M: RAW[6,6],LOW[-1,-1],CLEAN[8,8],TOK[9,6],TOK_CLEAN[11,12],TOK_JOIN[12,11],STOP[10,7],STOP[-1,-1],TOK_JOIN[12,11] C:  R: TOK_JOIN[12,11],1-2[13,21],TOK_NO_SW[13,12]
2025-11-15 17:10:27,944 [LocalJobRunner Map Task Executor #0] INFO  org.apache.hadoop.mapred.LocalJobRunner - 
2025-11-15 17:10:27,944 [LocalJobRunner Map Task Executor #0] INFO  org.apache.hadoop.mapred.MapTask - Starting flush of map output
2025-11-15 17:10:27,944 [LocalJobRunner Map Task Executor #0] INFO  org.apache.hadoop.mapred.MapTask - Spilling map output
2025-11-15 17:10:27,944 [LocalJobRunner Map Task Executor #0] INFO  org.apache.hadoop.mapred.MapTask - bufstart = 0; bufend = 250000; bufvoid = 104857600
2025-11-15 17:10:27,944 [LocalJobRunner Map Task Executor #0] INFO  org.apache.hadoop.mapred.MapTask - kvstart = 26214396(104857584); kvend = 26134400(104537600); length = 79997/6553600
2025-11-15 17:10:27,978 [LocalJobRunner Map Task Executor #0] INFO  org.apache.hadoop.mapred.MapTask - Finished spill 0
2025-11-15 17:10:27,990 [LocalJobRunner Map Task Executor #0] INFO  org.apache.hadoop.mapred.Task - Task:attempt_local141263522_0001_m_000000_0 is done. And is in the process of committing
2025-11-15 17:10:27,991 [LocalJobRunner Map Task Executor #0] INFO  org.apache.hadoop.mapred.LocalJobRunner - map
2025-11-15 17:10:27,991 [LocalJobRunner Map Task Executor #0] INFO  org.apache.hadoop.mapred.Task - Task 'attempt_local141263522_0001_m_000000_0' done.
2025-11-15 17:10:27,998 [LocalJobRunner Map Task Executor #0] INFO  org.apache.hadoop.mapred.Task - Final Counters for attempt_local141263522_0001_m_000000_0: Counters: 24
	File System Counters
		FILE: Number of bytes read=840
		FILE: Number of bytes written=6752443
		FILE: Number of read operations=0
		FILE: Number of large read operations=0
		FILE: Number of write operations=0
		HDFS: Number of bytes read=5905782
		HDFS: Number of bytes written=5755782
		HDFS: Number of read operations=48
		HDFS: Number of large read operations=0
		HDFS: Number of write operations=11
		HDFS: Number of bytes read erasure-coded=0
	Map-Reduce Framework
		Map input records=5000
		Map output records=20000
		Map output bytes=250000
		Map output materialized bytes=290006
		Input split bytes=385
		Combine input records=0
		Spilled Records=20000
		Failed Shuffles=0
		Merged Map outputs=0
		GC time elapsed (ms)=0
		Total committed heap usage (bytes)=350748672
	MultiInputCounters
		Input records from _1_yahoo_respuestas.txt=5000
	File Input Format Counters 
		Bytes Read=0
2025-11-15 17:10:27,998 [LocalJobRunner Map Task Executor #0] INFO  org.apache.hadoop.mapred.LocalJobRunner - Finishing task: attempt_local141263522_0001_m_000000_0
2025-11-15 17:10:27,998 [LocalJobRunner Map Task Executor #0] INFO  org.apache.hadoop.mapred.LocalJobRunner - Starting task: attempt_local141263522_0001_m_000001_0
2025-11-15 17:10:28,001 [LocalJobRunner Map Task Executor #0] INFO  org.apache.hadoop.mapreduce.lib.output.FileOutputCommitter - File Output Committer Algorithm version is 2
2025-11-15 17:10:28,001 [LocalJobRunner Map Task Executor #0] INFO  org.apache.hadoop.mapreduce.lib.output.FileOutputCommitter - FileOutputCommitter skip cleanup _temporary folders under output directory:false, ignore cleanup failures: false
2025-11-15 17:10:28,002 [LocalJobRunner Map Task Executor #0] INFO  org.apache.hadoop.mapred.Task -  Using ResourceCalculatorProcessTree : [ ]
2025-11-15 17:10:28,005 [LocalJobRunner Map Task Executor #0] INFO  org.apache.hadoop.mapred.MapTask - Processing split: Number of splits :1
Total Length = 733
Input split[0]:
   Length = 733
   ClassName: org.apache.hadoop.mapreduce.lib.input.FileSplit
   Locations:

-----------------------

2025-11-15 17:10:28,008 [LocalJobRunner Map Task Executor #0] INFO  org.apache.pig.builtin.TextLoader - Using PigTextInputFormat
2025-11-15 17:10:28,008 [LocalJobRunner Map Task Executor #0] INFO  org.apache.pig.backend.hadoop.executionengine.mapReduceLayer.PigRecordReader - Current split being processed hdfs://namenode:8020/data/resources/stopwords_es.txt:0+733
2025-11-15 17:10:28,065 [main] INFO  org.apache.pig.backend.hadoop.executionengine.mapReduceLayer.MapReduceLauncher - 10% complete
2025-11-15 17:10:28,066 [main] INFO  org.apache.pig.backend.hadoop.executionengine.mapReduceLayer.MapReduceLauncher - Running jobs are [job_local141263522_0001]
2025-11-15 17:10:28,077 [LocalJobRunner Map Task Executor #0] INFO  org.apache.hadoop.mapred.MapTask - (EQUATOR) 0 kvi 26214396(104857584)
2025-11-15 17:10:28,077 [LocalJobRunner Map Task Executor #0] INFO  org.apache.hadoop.mapred.MapTask - mapreduce.task.io.sort.mb: 100
2025-11-15 17:10:28,077 [LocalJobRunner Map Task Executor #0] INFO  org.apache.hadoop.mapred.MapTask - soft limit at 83886080
2025-11-15 17:10:28,077 [LocalJobRunner Map Task Executor #0] INFO  org.apache.hadoop.mapred.MapTask - bufstart = 0; bufvoid = 104857600
2025-11-15 17:10:28,077 [LocalJobRunner Map Task Executor #0] INFO  org.apache.hadoop.mapred.MapTask - kvstart = 26214396; length = 6553600
2025-11-15 17:10:28,078 [LocalJobRunner Map Task Executor #0] INFO  org.apache.hadoop.mapred.MapTask - Map output collector class = org.apache.hadoop.mapred.MapTask$MapOutputBuffer
2025-11-15 17:10:28,083 [LocalJobRunner Map Task Executor #0] INFO  org.apache.pig.impl.util.SpillableMemoryManager - Selected heap (PS Old Gen) of size 699400192 to monitor. collectionUsageThreshold = 489580128, usageThreshold = 489580128
2025-11-15 17:10:28,083 [LocalJobRunner Map Task Executor #0] WARN  org.apache.pig.data.SchemaTupleBackend - SchemaTupleBackend has already been initialized
2025-11-15 17:10:28,089 [LocalJobRunner Map Task Executor #0] INFO  org.apache.pig.backend.hadoop.executionengine.mapReduceLayer.PigGenericMapReduce$Map - Aliases being processed per job phase (AliasName[line,offset]): M: RAW[6,6],LOW[-1,-1],CLEAN[8,8],TOK[9,6],TOK_CLEAN[11,12],TOK_JOIN[12,11],STOP[10,7],STOP[-1,-1],TOK_JOIN[12,11] C:  R: TOK_JOIN[12,11],1-2[13,21],TOK_NO_SW[13,12]
2025-11-15 17:10:28,094 [LocalJobRunner Map Task Executor #0] INFO  org.apache.hadoop.mapred.LocalJobRunner - 
2025-11-15 17:10:28,094 [LocalJobRunner Map Task Executor #0] INFO  org.apache.hadoop.mapred.MapTask - Starting flush of map output
2025-11-15 17:10:28,094 [LocalJobRunner Map Task Executor #0] INFO  org.apache.hadoop.mapred.MapTask - Spilling map output
2025-11-15 17:10:28,094 [LocalJobRunner Map Task Executor #0] INFO  org.apache.hadoop.mapred.MapTask - bufstart = 0; bufend = 1485; bufvoid = 104857600
2025-11-15 17:10:28,094 [LocalJobRunner Map Task Executor #0] INFO  org.apache.hadoop.mapred.MapTask - kvstart = 26214396(104857584); kvend = 26213872(104855488); length = 525/6553600
2025-11-15 17:10:28,096 [LocalJobRunner Map Task Executor #0] INFO  org.apache.hadoop.mapred.MapTask - Finished spill 0
2025-11-15 17:10:28,098 [LocalJobRunner Map Task Executor #0] INFO  org.apache.hadoop.mapred.Task - Task:attempt_local141263522_0001_m_000001_0 is done. And is in the process of committing
2025-11-15 17:10:28,099 [LocalJobRunner Map Task Executor #0] INFO  org.apache.hadoop.mapred.LocalJobRunner - map
2025-11-15 17:10:28,099 [LocalJobRunner Map Task Executor #0] INFO  org.apache.hadoop.mapred.Task - Task 'attempt_local141263522_0001_m_000001_0' done.
2025-11-15 17:10:28,100 [LocalJobRunner Map Task Executor #0] INFO  org.apache.hadoop.mapred.Task - Final Counters for attempt_local141263522_0001_m_000001_0: Counters: 24
	File System Counters
		FILE: Number of bytes read=1627
		FILE: Number of bytes written=6754230
		FILE: Number of read operations=0
		FILE: Number of large read operations=0
		FILE: Number of write operations=0
		HDFS: Number of bytes read=5906515
		HDFS: Number of bytes written=5755782
		HDFS: Number of read operations=49
		HDFS: Number of large read operations=0
		HDFS: Number of write operations=11
		HDFS: Number of bytes read erasure-coded=0
	Map-Reduce Framework
		Map input records=132
		Map output records=132
		Map output bytes=1485
		Map output materialized bytes=1755
		Input split bytes=379
		Combine input records=0
		Spilled Records=132
		Failed Shuffles=0
		Merged Map outputs=0
		GC time elapsed (ms)=57
		Total committed heap usage (bytes)=507510784
	MultiInputCounters
		Input records from _0_stopwords_es.txt=132
	File Input Format Counters 
		Bytes Read=0
2025-11-15 17:10:28,100 [LocalJobRunner Map Task Executor #0] INFO  org.apache.hadoop.mapred.LocalJobRunner - Finishing task: attempt_local141263522_0001_m_000001_0
2025-11-15 17:10:28,100 [Thread-18] INFO  org.apache.hadoop.mapred.LocalJobRunner - map task executor complete.
2025-11-15 17:10:28,102 [Thread-18] INFO  org.apache.hadoop.mapred.LocalJobRunner - Waiting for reduce tasks
2025-11-15 17:10:28,102 [pool-7-thread-1] INFO  org.apache.hadoop.mapred.LocalJobRunner - Starting task: attempt_local141263522_0001_r_000000_0
2025-11-15 17:10:28,116 [pool-7-thread-1] INFO  org.apache.hadoop.mapreduce.lib.output.FileOutputCommitter - File Output Committer Algorithm version is 2
2025-11-15 17:10:28,116 [pool-7-thread-1] INFO  org.apache.hadoop.mapreduce.lib.output.FileOutputCommitter - FileOutputCommitter skip cleanup _temporary folders under output directory:false, ignore cleanup failures: false
2025-11-15 17:10:28,117 [pool-7-thread-1] INFO  org.apache.hadoop.mapred.Task -  Using ResourceCalculatorProcessTree : [ ]
2025-11-15 17:10:28,119 [pool-7-thread-1] INFO  org.apache.hadoop.mapred.ReduceTask - Using ShuffleConsumerPlugin: org.apache.hadoop.mapreduce.task.reduce.Shuffle@5667de0e
2025-11-15 17:10:28,122 [pool-7-thread-1] WARN  org.apache.hadoop.metrics2.impl.MetricsSystemImpl - JobTracker metrics system already initialized!
2025-11-15 17:10:28,134 [pool-7-thread-1] INFO  org.apache.hadoop.mapreduce.task.reduce.MergeManagerImpl - MergerManager: memoryLimit=652528832, maxSingleShuffleLimit=163132208, mergeThreshold=430669056, ioSortFactor=10, memToMemMergeOutputsThreshold=10
2025-11-15 17:10:28,135 [EventFetcher for fetching Map Completion Events] INFO  org.apache.hadoop.mapreduce.task.reduce.EventFetcher - attempt_local141263522_0001_r_000000_0 Thread started: EventFetcher for fetching Map Completion Events
2025-11-15 17:10:28,156 [localfetcher#1] INFO  org.apache.hadoop.mapreduce.task.reduce.LocalFetcher - localfetcher#1 about to shuffle output of map attempt_local141263522_0001_m_000000_0 decomp: 290002 len: 290006 to MEMORY
2025-11-15 17:10:28,159 [localfetcher#1] INFO  org.apache.hadoop.mapreduce.task.reduce.InMemoryMapOutput - Read 290002 bytes from map-output for attempt_local141263522_0001_m_000000_0
2025-11-15 17:10:28,160 [localfetcher#1] INFO  org.apache.hadoop.mapreduce.task.reduce.MergeManagerImpl - closeInMemoryFile -> map-output of size: 290002, inMemoryMapOutputs.size() -> 1, commitMemory -> 0, usedMemory ->290002
2025-11-15 17:10:28,162 [localfetcher#1] INFO  org.apache.hadoop.mapreduce.task.reduce.LocalFetcher - localfetcher#1 about to shuffle output of map attempt_local141263522_0001_m_000001_0 decomp: 1751 len: 1755 to MEMORY
2025-11-15 17:10:28,162 [localfetcher#1] INFO  org.apache.hadoop.mapreduce.task.reduce.InMemoryMapOutput - Read 1751 bytes from map-output for attempt_local141263522_0001_m_000001_0
2025-11-15 17:10:28,162 [localfetcher#1] INFO  org.apache.hadoop.mapreduce.task.reduce.MergeManagerImpl - closeInMemoryFile -> map-output of size: 1751, inMemoryMapOutputs.size() -> 2, commitMemory -> 290002, usedMemory ->291753
2025-11-15 17:10:28,163 [EventFetcher for fetching Map Completion Events] INFO  org.apache.hadoop.mapreduce.task.reduce.EventFetcher - EventFetcher is interrupted.. Returning
2025-11-15 17:10:28,163 [pool-7-thread-1] INFO  org.apache.hadoop.mapred.LocalJobRunner - 2 / 2 copied.
2025-11-15 17:10:28,163 [pool-7-thread-1] INFO  org.apache.hadoop.mapreduce.task.reduce.MergeManagerImpl - finalMerge called with 2 in-memory map-outputs and 0 on-disk map-outputs
2025-11-15 17:10:28,167 [pool-7-thread-1] INFO  org.apache.hadoop.mapred.Merger - Merging 2 sorted segments
2025-11-15 17:10:28,167 [pool-7-thread-1] INFO  org.apache.hadoop.mapred.Merger - Down to the last merge-pass, with 2 segments left of total size: 291740 bytes
2025-11-15 17:10:28,190 [pool-7-thread-1] INFO  org.apache.hadoop.mapreduce.task.reduce.MergeManagerImpl - Merged 2 segments, 291753 bytes to disk to satisfy reduce memory limit
2025-11-15 17:10:28,191 [pool-7-thread-1] INFO  org.apache.hadoop.mapreduce.task.reduce.MergeManagerImpl - Merging 1 files, 291755 bytes from disk
2025-11-15 17:10:28,191 [pool-7-thread-1] INFO  org.apache.hadoop.mapreduce.task.reduce.MergeManagerImpl - Merging 0 segments, 0 bytes from memory into reduce
2025-11-15 17:10:28,191 [pool-7-thread-1] INFO  org.apache.hadoop.mapred.Merger - Merging 1 sorted segments
2025-11-15 17:10:28,192 [pool-7-thread-1] INFO  org.apache.hadoop.mapred.Merger - Down to the last merge-pass, with 1 segments left of total size: 291745 bytes
2025-11-15 17:10:28,193 [pool-7-thread-1] INFO  org.apache.hadoop.mapred.LocalJobRunner - 2 / 2 copied.
2025-11-15 17:10:28,198 [pool-7-thread-1] INFO  org.apache.hadoop.mapreduce.lib.output.FileOutputCommitter - File Output Committer Algorithm version is 2
2025-11-15 17:10:28,198 [pool-7-thread-1] INFO  org.apache.hadoop.mapreduce.lib.output.FileOutputCommitter - FileOutputCommitter skip cleanup _temporary folders under output directory:false, ignore cleanup failures: false
2025-11-15 17:10:28,203 [pool-7-thread-1] INFO  org.apache.hadoop.conf.Configuration.deprecation - mapred.skip.on is deprecated. Instead, use mapreduce.job.skiprecords
2025-11-15 17:10:28,208 [pool-7-thread-1] INFO  org.apache.pig.impl.util.SpillableMemoryManager - Selected heap (PS Old Gen) of size 699400192 to monitor. collectionUsageThreshold = 489580128, usageThreshold = 489580128
2025-11-15 17:10:28,208 [pool-7-thread-1] WARN  org.apache.pig.data.SchemaTupleBackend - SchemaTupleBackend has already been initialized
2025-11-15 17:10:28,216 [pool-7-thread-1] INFO  org.apache.pig.backend.hadoop.executionengine.mapReduceLayer.PigMapReduce$Reduce - Aliases being processed per job phase (AliasName[line,offset]): M: RAW[6,6],LOW[-1,-1],CLEAN[8,8],TOK[9,6],TOK_CLEAN[11,12],TOK_JOIN[12,11],STOP[10,7],STOP[-1,-1],TOK_JOIN[12,11] C:  R: TOK_JOIN[12,11],1-2[13,21],TOK_NO_SW[13,12]
2025-11-15 17:10:28,307 [Thread-49] INFO  org.apache.hadoop.hdfs.protocol.datatransfer.sasl.SaslDataTransferClient - SASL encryption trust check: localHostTrusted = false, remoteHostTrusted = false
2025-11-15 17:10:28,352 [pool-7-thread-1] INFO  org.apache.hadoop.mapred.Task - Task:attempt_local141263522_0001_r_000000_0 is done. And is in the process of committing
2025-11-15 17:10:28,357 [pool-7-thread-1] INFO  org.apache.hadoop.mapred.LocalJobRunner - 2 / 2 copied.
2025-11-15 17:10:28,357 [pool-7-thread-1] INFO  org.apache.hadoop.mapred.Task - Task attempt_local141263522_0001_r_000000_0 is allowed to commit now
2025-11-15 17:10:28,381 [pool-7-thread-1] INFO  org.apache.hadoop.mapreduce.lib.output.FileOutputCommitter - Saved output of task 'attempt_local141263522_0001_r_000000_0' to hdfs://namenode:8020/tmp/temp-757309406/tmp-1655069353
2025-11-15 17:10:28,382 [pool-7-thread-1] INFO  org.apache.hadoop.mapred.LocalJobRunner - reduce > reduce
2025-11-15 17:10:28,382 [pool-7-thread-1] INFO  org.apache.hadoop.mapred.Task - Task 'attempt_local141263522_0001_r_000000_0' done.
2025-11-15 17:10:28,383 [pool-7-thread-1] INFO  org.apache.hadoop.mapred.Task - Final Counters for attempt_local141263522_0001_r_000000_0: Counters: 30
	File System Counters
		FILE: Number of bytes read=585207
		FILE: Number of bytes written=7045985
		FILE: Number of read operations=0
		FILE: Number of large read operations=0
		FILE: Number of write operations=0
		HDFS: Number of bytes read=5906515
		HDFS: Number of bytes written=6025782
		HDFS: Number of read operations=54
		HDFS: Number of large read operations=0
		HDFS: Number of write operations=13
		HDFS: Number of bytes read erasure-coded=0
	Map-Reduce Framework
		Combine input records=0
		Combine output records=0
		Reduce input groups=126
		Reduce shuffle bytes=291761
		Reduce input records=20132
		Reduce output records=20000
		Spilled Records=20132
		Shuffled Maps =2
		Failed Shuffles=0
		Merged Map outputs=2
		GC time elapsed (ms)=0
		Total committed heap usage (bytes)=507510784
	Shuffle Errors
		BAD_ID=0
		CONNECTION=0
		IO_ERROR=0
		WRONG_LENGTH=0
		WRONG_MAP=0
		WRONG_REDUCE=0
	File Output Format Counters 
		Bytes Written=0
2025-11-15 17:10:28,383 [pool-7-thread-1] INFO  org.apache.hadoop.mapred.LocalJobRunner - Finishing task: attempt_local141263522_0001_r_000000_0
2025-11-15 17:10:28,383 [Thread-18] INFO  org.apache.hadoop.mapred.LocalJobRunner - reduce task executor complete.
2025-11-15 17:10:28,566 [main] INFO  org.apache.pig.backend.hadoop.executionengine.mapReduceLayer.MapReduceLauncher - 20% complete
2025-11-15 17:10:28,566 [main] INFO  org.apache.pig.backend.hadoop.executionengine.mapReduceLayer.MapReduceLauncher - Running jobs are [job_local141263522_0001]
2025-11-15 17:10:32,572 [main] WARN  org.apache.hadoop.metrics2.impl.MetricsSystemImpl - JobTracker metrics system already initialized!
2025-11-15 17:10:32,583 [main] WARN  org.apache.hadoop.metrics2.impl.MetricsSystemImpl - JobTracker metrics system already initialized!
2025-11-15 17:10:32,584 [main] INFO  org.apache.hadoop.conf.Configuration.deprecation - mapred.map.tasks is deprecated. Instead, use mapreduce.job.maps
2025-11-15 17:10:32,585 [main] WARN  org.apache.hadoop.metrics2.impl.MetricsSystemImpl - JobTracker metrics system already initialized!
2025-11-15 17:10:32,613 [main] INFO  org.apache.pig.tools.pigstats.mapreduce.MRScriptState - Pig script settings are added to the job
2025-11-15 17:10:32,613 [main] INFO  org.apache.pig.backend.hadoop.executionengine.mapReduceLayer.JobControlCompiler - mapred.job.reduce.markreset.buffer.percent is not set, set to default 0.3
2025-11-15 17:10:32,614 [main] INFO  org.apache.pig.backend.hadoop.executionengine.mapReduceLayer.JobControlCompiler - Reduce phase detected, estimating # of required reducers.
2025-11-15 17:10:32,614 [main] INFO  org.apache.pig.backend.hadoop.executionengine.mapReduceLayer.JobControlCompiler - Using reducer estimator: org.apache.pig.backend.hadoop.executionengine.mapReduceLayer.InputSizeReducerEstimator
2025-11-15 17:10:32,617 [main] INFO  org.apache.pig.backend.hadoop.executionengine.mapReduceLayer.InputSizeReducerEstimator - BytesPerReducer=1000000000 maxReducers=999 totalInputFileSize=270000
2025-11-15 17:10:32,617 [main] INFO  org.apache.pig.backend.hadoop.executionengine.mapReduceLayer.JobControlCompiler - Setting Parallelism to 1
2025-11-15 17:10:32,617 [main] INFO  org.apache.pig.backend.hadoop.executionengine.mapReduceLayer.JobControlCompiler - This job cannot be converted run in-process
2025-11-15 17:10:32,634 [Thread-52] INFO  org.apache.hadoop.hdfs.protocol.datatransfer.sasl.SaslDataTransferClient - SASL encryption trust check: localHostTrusted = false, remoteHostTrusted = false
2025-11-15 17:10:33,081 [main] INFO  org.apache.pig.backend.hadoop.executionengine.mapReduceLayer.JobControlCompiler - Added jar file:/opt/pig-0.17.0/pig-0.17.0-core-h2.jar to DistributedCache through /tmp/temp-757309406/tmp-585391352/pig-0.17.0-core-h2.jar
2025-11-15 17:10:33,100 [Thread-54] INFO  org.apache.hadoop.hdfs.protocol.datatransfer.sasl.SaslDataTransferClient - SASL encryption trust check: localHostTrusted = false, remoteHostTrusted = false
2025-11-15 17:10:33,121 [main] INFO  org.apache.pig.backend.hadoop.executionengine.mapReduceLayer.JobControlCompiler - Added jar file:/opt/pig-0.17.0/lib/automaton-1.11-8.jar to DistributedCache through /tmp/temp-757309406/tmp734184864/automaton-1.11-8.jar
2025-11-15 17:10:33,137 [Thread-56] INFO  org.apache.hadoop.hdfs.protocol.datatransfer.sasl.SaslDataTransferClient - SASL encryption trust check: localHostTrusted = false, remoteHostTrusted = false
2025-11-15 17:10:33,148 [main] INFO  org.apache.pig.backend.hadoop.executionengine.mapReduceLayer.JobControlCompiler - Added jar file:/opt/pig-0.17.0/lib/antlr-runtime-3.4.jar to DistributedCache through /tmp/temp-757309406/tmp-1041182376/antlr-runtime-3.4.jar
2025-11-15 17:10:33,155 [Thread-58] INFO  org.apache.hadoop.hdfs.protocol.datatransfer.sasl.SaslDataTransferClient - SASL encryption trust check: localHostTrusted = false, remoteHostTrusted = false
2025-11-15 17:10:33,165 [main] INFO  org.apache.pig.backend.hadoop.executionengine.mapReduceLayer.JobControlCompiler - Added jar file:/opt/pig-0.17.0/lib/joda-time-2.9.3.jar to DistributedCache through /tmp/temp-757309406/tmp1622768744/joda-time-2.9.3.jar
2025-11-15 17:10:33,166 [main] INFO  org.apache.pig.backend.hadoop.executionengine.mapReduceLayer.JobControlCompiler - Setting up multi store job
2025-11-15 17:10:33,197 [main] INFO  org.apache.pig.backend.hadoop.executionengine.mapReduceLayer.MapReduceLauncher - 1 map-reduce job(s) waiting for submission.
2025-11-15 17:10:33,199 [JobControl] WARN  org.apache.hadoop.metrics2.impl.MetricsSystemImpl - JobTracker metrics system already initialized!
2025-11-15 17:10:33,211 [JobControl] WARN  org.apache.hadoop.mapreduce.JobResourceUploader - No job jar file set.  User classes may not be found. See Job or Job#setJar(String).
2025-11-15 17:10:33,232 [JobControl] INFO  org.apache.hadoop.mapreduce.lib.input.FileInputFormat - Total input files to process : 1
2025-11-15 17:10:33,232 [JobControl] INFO  org.apache.pig.backend.hadoop.executionengine.util.MapRedUtil - Total input paths to process : 1
2025-11-15 17:10:33,232 [JobControl] INFO  org.apache.pig.backend.hadoop.executionengine.util.MapRedUtil - Total input paths (combined) to process : 1
2025-11-15 17:10:33,234 [JobControl] INFO  org.apache.hadoop.mapreduce.JobSubmitter - number of splits:1
2025-11-15 17:10:33,248 [JobControl] INFO  org.apache.hadoop.mapreduce.JobSubmitter - Submitting tokens for job: job_local2098063282_0002
2025-11-15 17:10:33,248 [JobControl] INFO  org.apache.hadoop.mapreduce.JobSubmitter - Executing with tokens: []
2025-11-15 17:10:33,290 [LocalDistributedCacheManager Downloader #3] INFO  org.apache.hadoop.hdfs.protocol.datatransfer.sasl.SaslDataTransferClient - SASL encryption trust check: localHostTrusted = false, remoteHostTrusted = false
2025-11-15 17:10:33,290 [LocalDistributedCacheManager Downloader #0] INFO  org.apache.hadoop.hdfs.protocol.datatransfer.sasl.SaslDataTransferClient - SASL encryption trust check: localHostTrusted = false, remoteHostTrusted = false
2025-11-15 17:10:33,290 [LocalDistributedCacheManager Downloader #1] INFO  org.apache.hadoop.hdfs.protocol.datatransfer.sasl.SaslDataTransferClient - SASL encryption trust check: localHostTrusted = false, remoteHostTrusted = false
2025-11-15 17:10:33,290 [LocalDistributedCacheManager Downloader #2] INFO  org.apache.hadoop.hdfs.protocol.datatransfer.sasl.SaslDataTransferClient - SASL encryption trust check: localHostTrusted = false, remoteHostTrusted = false
2025-11-15 17:10:33,328 [JobControl] INFO  org.apache.hadoop.mapred.LocalDistributedCacheManager - Creating symlink: /tmp/hadoop-root/mapred/local/job_local2098063282_0002_009240e7-7d63-4bb0-9cb9-98ce2fe7e49d/pig-0.17.0-core-h2.jar <- /opt/pig-0.17.0/scripts/pig-0.17.0-core-h2.jar
2025-11-15 17:10:33,330 [JobControl] INFO  org.apache.hadoop.mapred.LocalDistributedCacheManager - Localized hdfs://namenode:8020/tmp/temp-757309406/tmp-585391352/pig-0.17.0-core-h2.jar as file:/tmp/hadoop-root/mapred/local/job_local2098063282_0002_009240e7-7d63-4bb0-9cb9-98ce2fe7e49d/pig-0.17.0-core-h2.jar
2025-11-15 17:10:33,330 [JobControl] INFO  org.apache.hadoop.mapred.LocalDistributedCacheManager - Creating symlink: /tmp/hadoop-root/mapred/local/job_local2098063282_0002_a94fed14-04c7-4243-9469-4d09235e23b4/automaton-1.11-8.jar <- /opt/pig-0.17.0/scripts/automaton-1.11-8.jar
2025-11-15 17:10:33,334 [JobControl] INFO  org.apache.hadoop.mapred.LocalDistributedCacheManager - Localized hdfs://namenode:8020/tmp/temp-757309406/tmp734184864/automaton-1.11-8.jar as file:/tmp/hadoop-root/mapred/local/job_local2098063282_0002_a94fed14-04c7-4243-9469-4d09235e23b4/automaton-1.11-8.jar
2025-11-15 17:10:33,334 [JobControl] INFO  org.apache.hadoop.mapred.LocalDistributedCacheManager - Creating symlink: /tmp/hadoop-root/mapred/local/job_local2098063282_0002_997081f8-da2e-409b-9784-7bdbb9e08060/antlr-runtime-3.4.jar <- /opt/pig-0.17.0/scripts/antlr-runtime-3.4.jar
2025-11-15 17:10:33,336 [JobControl] INFO  org.apache.hadoop.mapred.LocalDistributedCacheManager - Localized hdfs://namenode:8020/tmp/temp-757309406/tmp-1041182376/antlr-runtime-3.4.jar as file:/tmp/hadoop-root/mapred/local/job_local2098063282_0002_997081f8-da2e-409b-9784-7bdbb9e08060/antlr-runtime-3.4.jar
2025-11-15 17:10:33,337 [JobControl] INFO  org.apache.hadoop.mapred.LocalDistributedCacheManager - Creating symlink: /tmp/hadoop-root/mapred/local/job_local2098063282_0002_6551774d-5767-42de-aba3-6a72b8d5b911/joda-time-2.9.3.jar <- /opt/pig-0.17.0/scripts/joda-time-2.9.3.jar
2025-11-15 17:10:33,339 [JobControl] INFO  org.apache.hadoop.mapred.LocalDistributedCacheManager - Localized hdfs://namenode:8020/tmp/temp-757309406/tmp1622768744/joda-time-2.9.3.jar as file:/tmp/hadoop-root/mapred/local/job_local2098063282_0002_6551774d-5767-42de-aba3-6a72b8d5b911/joda-time-2.9.3.jar
2025-11-15 17:10:33,365 [JobControl] INFO  org.apache.hadoop.mapred.LocalDistributedCacheManager - file:/tmp/hadoop-root/mapred/local/job_local2098063282_0002_009240e7-7d63-4bb0-9cb9-98ce2fe7e49d/pig-0.17.0-core-h2.jar
2025-11-15 17:10:33,365 [JobControl] INFO  org.apache.hadoop.mapred.LocalDistributedCacheManager - file:/tmp/hadoop-root/mapred/local/job_local2098063282_0002_a94fed14-04c7-4243-9469-4d09235e23b4/automaton-1.11-8.jar
2025-11-15 17:10:33,365 [JobControl] INFO  org.apache.hadoop.mapred.LocalDistributedCacheManager - file:/tmp/hadoop-root/mapred/local/job_local2098063282_0002_997081f8-da2e-409b-9784-7bdbb9e08060/antlr-runtime-3.4.jar
2025-11-15 17:10:33,365 [JobControl] INFO  org.apache.hadoop.mapred.LocalDistributedCacheManager - file:/tmp/hadoop-root/mapred/local/job_local2098063282_0002_6551774d-5767-42de-aba3-6a72b8d5b911/joda-time-2.9.3.jar
2025-11-15 17:10:33,366 [JobControl] INFO  org.apache.hadoop.mapreduce.Job - The url to track the job: http://localhost:8080/
2025-11-15 17:10:33,366 [Thread-60] INFO  org.apache.hadoop.mapred.LocalJobRunner - OutputCommitter set in config null
2025-11-15 17:10:33,375 [Thread-60] INFO  org.apache.hadoop.conf.Configuration.deprecation - mapred.textoutputformat.separator is deprecated. Instead, use mapreduce.output.textoutputformat.separator
2025-11-15 17:10:33,376 [Thread-60] INFO  org.apache.hadoop.conf.Configuration.deprecation - mapred.reduce.tasks is deprecated. Instead, use mapreduce.job.reduces
2025-11-15 17:10:33,376 [Thread-60] INFO  org.apache.hadoop.conf.Configuration.deprecation - mapred.job.reduce.markreset.buffer.percent is deprecated. Instead, use mapreduce.reduce.markreset.buffer.percent
2025-11-15 17:10:33,377 [Thread-60] INFO  org.apache.hadoop.mapreduce.lib.output.FileOutputCommitter - File Output Committer Algorithm version is 2
2025-11-15 17:10:33,377 [Thread-60] INFO  org.apache.hadoop.mapreduce.lib.output.FileOutputCommitter - FileOutputCommitter skip cleanup _temporary folders under output directory:false, ignore cleanup failures: false
2025-11-15 17:10:33,378 [Thread-60] INFO  org.apache.hadoop.mapreduce.lib.output.FileOutputCommitter - File Output Committer Algorithm version is 2
2025-11-15 17:10:33,378 [Thread-60] INFO  org.apache.hadoop.mapreduce.lib.output.FileOutputCommitter - FileOutputCommitter skip cleanup _temporary folders under output directory:false, ignore cleanup failures: false
2025-11-15 17:10:33,379 [Thread-60] INFO  org.apache.hadoop.mapred.LocalJobRunner - OutputCommitter is org.apache.pig.backend.hadoop.executionengine.mapReduceLayer.PigOutputCommitter
2025-11-15 17:10:33,391 [Thread-60] INFO  org.apache.hadoop.mapred.LocalJobRunner - Waiting for map tasks
2025-11-15 17:10:33,391 [LocalJobRunner Map Task Executor #0] INFO  org.apache.hadoop.mapred.LocalJobRunner - Starting task: attempt_local2098063282_0002_m_000000_0
2025-11-15 17:10:33,401 [LocalJobRunner Map Task Executor #0] INFO  org.apache.hadoop.mapreduce.lib.output.FileOutputCommitter - File Output Committer Algorithm version is 2
2025-11-15 17:10:33,402 [LocalJobRunner Map Task Executor #0] INFO  org.apache.hadoop.mapreduce.lib.output.FileOutputCommitter - FileOutputCommitter skip cleanup _temporary folders under output directory:false, ignore cleanup failures: false
2025-11-15 17:10:33,405 [LocalJobRunner Map Task Executor #0] INFO  org.apache.hadoop.mapreduce.lib.output.FileOutputCommitter - File Output Committer Algorithm version is 2
2025-11-15 17:10:33,405 [LocalJobRunner Map Task Executor #0] INFO  org.apache.hadoop.mapreduce.lib.output.FileOutputCommitter - FileOutputCommitter skip cleanup _temporary folders under output directory:false, ignore cleanup failures: false
2025-11-15 17:10:33,405 [LocalJobRunner Map Task Executor #0] INFO  org.apache.hadoop.mapred.Task -  Using ResourceCalculatorProcessTree : [ ]
2025-11-15 17:10:33,407 [LocalJobRunner Map Task Executor #0] INFO  org.apache.hadoop.mapred.MapTask - Processing split: Number of splits :1
Total Length = 270000
Input split[0]:
   Length = 270000
   ClassName: org.apache.hadoop.mapreduce.lib.input.FileSplit
   Locations:

-----------------------

2025-11-15 17:10:33,414 [LocalJobRunner Map Task Executor #0] INFO  org.apache.pig.backend.hadoop.executionengine.mapReduceLayer.PigRecordReader - Current split being processed hdfs://namenode:8020/tmp/temp-757309406/tmp-1655069353/part-r-00000:0+270000
2025-11-15 17:10:33,428 [LocalJobRunner Map Task Executor #0] INFO  org.apache.hadoop.mapred.MapTask - (EQUATOR) 0 kvi 26214396(104857584)
2025-11-15 17:10:33,429 [LocalJobRunner Map Task Executor #0] INFO  org.apache.hadoop.mapred.MapTask - mapreduce.task.io.sort.mb: 100
2025-11-15 17:10:33,429 [LocalJobRunner Map Task Executor #0] INFO  org.apache.hadoop.mapred.MapTask - soft limit at 83886080
2025-11-15 17:10:33,429 [LocalJobRunner Map Task Executor #0] INFO  org.apache.hadoop.mapred.MapTask - bufstart = 0; bufvoid = 104857600
2025-11-15 17:10:33,430 [LocalJobRunner Map Task Executor #0] INFO  org.apache.hadoop.mapred.MapTask - kvstart = 26214396; length = 6553600
2025-11-15 17:10:33,432 [LocalJobRunner Map Task Executor #0] INFO  org.apache.hadoop.mapred.MapTask - Map output collector class = org.apache.hadoop.mapred.MapTask$MapOutputBuffer
2025-11-15 17:10:33,438 [LocalJobRunner Map Task Executor #0] INFO  org.apache.pig.impl.util.SpillableMemoryManager - Selected heap (PS Old Gen) of size 699400192 to monitor. collectionUsageThreshold = 489580128, usageThreshold = 489580128
2025-11-15 17:10:33,438 [LocalJobRunner Map Task Executor #0] WARN  org.apache.pig.data.SchemaTupleBackend - SchemaTupleBackend has already been initialized
2025-11-15 17:10:33,439 [LocalJobRunner Map Task Executor #0] INFO  org.apache.pig.backend.hadoop.executionengine.mapReduceLayer.PigGenericMapReduce$Map - Aliases being processed per job phase (AliasName[line,offset]): M: CNT[15,6],GRP[14,6] C: CNT[15,6],GRP[14,6] R: CNT[15,6]
2025-11-15 17:10:33,538 [LocalJobRunner Map Task Executor #0] INFO  org.apache.hadoop.mapred.LocalJobRunner - 
2025-11-15 17:10:33,538 [LocalJobRunner Map Task Executor #0] INFO  org.apache.hadoop.mapred.MapTask - Starting flush of map output
2025-11-15 17:10:33,538 [LocalJobRunner Map Task Executor #0] INFO  org.apache.hadoop.mapred.MapTask - Spilling map output
2025-11-15 17:10:33,538 [LocalJobRunner Map Task Executor #0] INFO  org.apache.hadoop.mapred.MapTask - bufstart = 0; bufend = 290000; bufvoid = 104857600
2025-11-15 17:10:33,538 [LocalJobRunner Map Task Executor #0] INFO  org.apache.hadoop.mapred.MapTask - kvstart = 26214396(104857584); kvend = 26134400(104537600); length = 79997/6553600
2025-11-15 17:10:33,558 [LocalJobRunner Map Task Executor #0] INFO  org.apache.pig.backend.hadoop.executionengine.mapReduceLayer.PigCombiner$Combine - Aliases being processed per job phase (AliasName[line,offset]): M: CNT[15,6],GRP[14,6] C: CNT[15,6],GRP[14,6] R: CNT[15,6]
2025-11-15 17:10:33,589 [LocalJobRunner Map Task Executor #0] INFO  org.apache.hadoop.mapred.MapTask - Finished spill 0
2025-11-15 17:10:33,592 [LocalJobRunner Map Task Executor #0] INFO  org.apache.hadoop.mapred.Task - Task:attempt_local2098063282_0002_m_000000_0 is done. And is in the process of committing
2025-11-15 17:10:33,593 [LocalJobRunner Map Task Executor #0] INFO  org.apache.hadoop.mapred.LocalJobRunner - map
2025-11-15 17:10:33,593 [LocalJobRunner Map Task Executor #0] INFO  org.apache.hadoop.mapred.Task - Task 'attempt_local2098063282_0002_m_000000_0' done.
2025-11-15 17:10:33,593 [LocalJobRunner Map Task Executor #0] INFO  org.apache.hadoop.mapred.Task - Final Counters for attempt_local2098063282_0002_m_000000_0: Counters: 24
	File System Counters
		FILE: Number of bytes read=585657
		FILE: Number of bytes written=13520308
		FILE: Number of read operations=0
		FILE: Number of large read operations=0
		FILE: Number of write operations=0
		HDFS: Number of bytes read=11932297
		HDFS: Number of bytes written=11781564
		HDFS: Number of read operations=90
		HDFS: Number of large read operations=0
		HDFS: Number of write operations=25
		HDFS: Number of bytes read erasure-coded=0
	Map-Reduce Framework
		Map input records=20000
		Map output records=20000
		Map output bytes=290000
		Map output materialized bytes=80
		Input split bytes=394
		Combine input records=20000
		Combine output records=4
		Spilled Records=4
		Failed Shuffles=0
		Merged Map outputs=0
		GC time elapsed (ms)=4
		Total committed heap usage (bytes)=507510784
	File Input Format Counters 
		Bytes Read=0
2025-11-15 17:10:33,593 [LocalJobRunner Map Task Executor #0] INFO  org.apache.hadoop.mapred.LocalJobRunner - Finishing task: attempt_local2098063282_0002_m_000000_0
2025-11-15 17:10:33,594 [Thread-60] INFO  org.apache.hadoop.mapred.LocalJobRunner - map task executor complete.
2025-11-15 17:10:33,595 [Thread-60] INFO  org.apache.hadoop.mapred.LocalJobRunner - Waiting for reduce tasks
2025-11-15 17:10:33,596 [pool-12-thread-1] INFO  org.apache.hadoop.mapred.LocalJobRunner - Starting task: attempt_local2098063282_0002_r_000000_0
2025-11-15 17:10:33,607 [pool-12-thread-1] INFO  org.apache.hadoop.mapreduce.lib.output.FileOutputCommitter - File Output Committer Algorithm version is 2
2025-11-15 17:10:33,607 [pool-12-thread-1] INFO  org.apache.hadoop.mapreduce.lib.output.FileOutputCommitter - FileOutputCommitter skip cleanup _temporary folders under output directory:false, ignore cleanup failures: false
2025-11-15 17:10:33,608 [pool-12-thread-1] INFO  org.apache.hadoop.mapreduce.lib.output.FileOutputCommitter - File Output Committer Algorithm version is 2
2025-11-15 17:10:33,609 [pool-12-thread-1] INFO  org.apache.hadoop.mapreduce.lib.output.FileOutputCommitter - FileOutputCommitter skip cleanup _temporary folders under output directory:false, ignore cleanup failures: false
2025-11-15 17:10:33,612 [pool-12-thread-1] INFO  org.apache.hadoop.mapred.Task -  Using ResourceCalculatorProcessTree : [ ]
2025-11-15 17:10:33,612 [pool-12-thread-1] INFO  org.apache.hadoop.mapred.ReduceTask - Using ShuffleConsumerPlugin: org.apache.hadoop.mapreduce.task.reduce.Shuffle@58295b92
2025-11-15 17:10:33,612 [pool-12-thread-1] WARN  org.apache.hadoop.metrics2.impl.MetricsSystemImpl - JobTracker metrics system already initialized!
2025-11-15 17:10:33,613 [pool-12-thread-1] INFO  org.apache.hadoop.mapreduce.task.reduce.MergeManagerImpl - MergerManager: memoryLimit=652528832, maxSingleShuffleLimit=163132208, mergeThreshold=430669056, ioSortFactor=10, memToMemMergeOutputsThreshold=10
2025-11-15 17:10:33,613 [EventFetcher for fetching Map Completion Events] INFO  org.apache.hadoop.mapreduce.task.reduce.EventFetcher - attempt_local2098063282_0002_r_000000_0 Thread started: EventFetcher for fetching Map Completion Events
2025-11-15 17:10:33,615 [localfetcher#2] INFO  org.apache.hadoop.mapreduce.task.reduce.LocalFetcher - localfetcher#2 about to shuffle output of map attempt_local2098063282_0002_m_000000_0 decomp: 76 len: 80 to MEMORY
2025-11-15 17:10:33,616 [localfetcher#2] INFO  org.apache.hadoop.mapreduce.task.reduce.InMemoryMapOutput - Read 76 bytes from map-output for attempt_local2098063282_0002_m_000000_0
2025-11-15 17:10:33,616 [localfetcher#2] INFO  org.apache.hadoop.mapreduce.task.reduce.MergeManagerImpl - closeInMemoryFile -> map-output of size: 76, inMemoryMapOutputs.size() -> 1, commitMemory -> 0, usedMemory ->76
2025-11-15 17:10:33,616 [EventFetcher for fetching Map Completion Events] INFO  org.apache.hadoop.mapreduce.task.reduce.EventFetcher - EventFetcher is interrupted.. Returning
2025-11-15 17:10:33,617 [pool-12-thread-1] INFO  org.apache.hadoop.mapred.LocalJobRunner - 1 / 1 copied.
2025-11-15 17:10:33,617 [pool-12-thread-1] INFO  org.apache.hadoop.mapreduce.task.reduce.MergeManagerImpl - finalMerge called with 1 in-memory map-outputs and 0 on-disk map-outputs
2025-11-15 17:10:33,618 [pool-12-thread-1] INFO  org.apache.hadoop.mapred.Merger - Merging 1 sorted segments
2025-11-15 17:10:33,618 [pool-12-thread-1] INFO  org.apache.hadoop.mapred.Merger - Down to the last merge-pass, with 1 segments left of total size: 69 bytes
2025-11-15 17:10:33,618 [pool-12-thread-1] INFO  org.apache.hadoop.mapreduce.task.reduce.MergeManagerImpl - Merged 1 segments, 76 bytes to disk to satisfy reduce memory limit
2025-11-15 17:10:33,620 [pool-12-thread-1] INFO  org.apache.hadoop.mapreduce.task.reduce.MergeManagerImpl - Merging 1 files, 80 bytes from disk
2025-11-15 17:10:33,620 [pool-12-thread-1] INFO  org.apache.hadoop.mapreduce.task.reduce.MergeManagerImpl - Merging 0 segments, 0 bytes from memory into reduce
2025-11-15 17:10:33,620 [pool-12-thread-1] INFO  org.apache.hadoop.mapred.Merger - Merging 1 sorted segments
2025-11-15 17:10:33,621 [pool-12-thread-1] INFO  org.apache.hadoop.mapred.Merger - Down to the last merge-pass, with 1 segments left of total size: 69 bytes
2025-11-15 17:10:33,621 [pool-12-thread-1] INFO  org.apache.hadoop.mapred.LocalJobRunner - 1 / 1 copied.
2025-11-15 17:10:33,622 [pool-12-thread-1] INFO  org.apache.pig.impl.util.SpillableMemoryManager - Selected heap (PS Old Gen) of size 699400192 to monitor. collectionUsageThreshold = 489580128, usageThreshold = 489580128
2025-11-15 17:10:33,622 [pool-12-thread-1] WARN  org.apache.pig.data.SchemaTupleBackend - SchemaTupleBackend has already been initialized
2025-11-15 17:10:33,626 [pool-12-thread-1] INFO  org.apache.pig.backend.hadoop.executionengine.mapReduceLayer.PigMapReduce$Reduce - Aliases being processed per job phase (AliasName[line,offset]): M: CNT[15,6],GRP[14,6] C: CNT[15,6],GRP[14,6] R: CNT[15,6]
2025-11-15 17:10:33,628 [pool-12-thread-1] INFO  org.apache.hadoop.mapreduce.lib.output.FileOutputCommitter - File Output Committer Algorithm version is 2
2025-11-15 17:10:33,628 [pool-12-thread-1] INFO  org.apache.hadoop.mapreduce.lib.output.FileOutputCommitter - FileOutputCommitter skip cleanup _temporary folders under output directory:false, ignore cleanup failures: false
2025-11-15 17:10:33,638 [pool-12-thread-1] INFO  org.apache.hadoop.mapreduce.lib.output.FileOutputCommitter - File Output Committer Algorithm version is 2
2025-11-15 17:10:33,638 [pool-12-thread-1] INFO  org.apache.hadoop.mapreduce.lib.output.FileOutputCommitter - FileOutputCommitter skip cleanup _temporary folders under output directory:false, ignore cleanup failures: false
2025-11-15 17:10:33,648 [Thread-87] INFO  org.apache.hadoop.hdfs.protocol.datatransfer.sasl.SaslDataTransferClient - SASL encryption trust check: localHostTrusted = false, remoteHostTrusted = false
2025-11-15 17:10:33,662 [Thread-88] INFO  org.apache.hadoop.hdfs.protocol.datatransfer.sasl.SaslDataTransferClient - SASL encryption trust check: localHostTrusted = false, remoteHostTrusted = false
2025-11-15 17:10:33,670 [pool-12-thread-1] INFO  org.apache.hadoop.mapred.Task - Task:attempt_local2098063282_0002_r_000000_0 is done. And is in the process of committing
2025-11-15 17:10:33,678 [pool-12-thread-1] INFO  org.apache.hadoop.mapred.LocalJobRunner - 1 / 1 copied.
2025-11-15 17:10:33,678 [pool-12-thread-1] INFO  org.apache.hadoop.mapred.Task - Task attempt_local2098063282_0002_r_000000_0 is allowed to commit now
2025-11-15 17:10:33,687 [pool-12-thread-1] INFO  org.apache.hadoop.mapreduce.lib.output.FileOutputCommitter - Saved output of task 'attempt_local2098063282_0002_r_000000_0' to hdfs://namenode:8020/data/output/yahoo/full
2025-11-15 17:10:33,697 [pool-12-thread-1] INFO  org.apache.hadoop.mapreduce.lib.output.FileOutputCommitter - Saved output of task 'attempt_local2098063282_0002_r_000000_0' to hdfs://namenode:8020/tmp/temp-757309406/tmp-1100649408
2025-11-15 17:10:33,698 [pool-12-thread-1] INFO  org.apache.hadoop.mapred.LocalJobRunner - reduce > reduce
2025-11-15 17:10:33,698 [pool-12-thread-1] INFO  org.apache.hadoop.mapred.Task - Task 'attempt_local2098063282_0002_r_000000_0' done.
2025-11-15 17:10:33,698 [pool-12-thread-1] INFO  org.apache.hadoop.mapred.Task - Final Counters for attempt_local2098063282_0002_r_000000_0: Counters: 31
	File System Counters
		FILE: Number of bytes read=585849
		FILE: Number of bytes written=13520388
		FILE: Number of read operations=0
		FILE: Number of large read operations=0
		FILE: Number of write operations=0
		HDFS: Number of bytes read=11932297
		HDFS: Number of bytes written=11781680
		HDFS: Number of read operations=99
		HDFS: Number of large read operations=0
		HDFS: Number of write operations=29
		HDFS: Number of bytes read erasure-coded=0
	Map-Reduce Framework
		Combine input records=0
		Combine output records=0
		Reduce input groups=4
		Reduce shuffle bytes=80
		Reduce input records=4
		Reduce output records=0
		Spilled Records=4
		Shuffled Maps =1
		Failed Shuffles=0
		Merged Map outputs=1
		GC time elapsed (ms)=0
		Total committed heap usage (bytes)=507510784
	MultiStoreCounters
		Output records in _0_full=4
	Shuffle Errors
		BAD_ID=0
		CONNECTION=0
		IO_ERROR=0
		WRONG_LENGTH=0
		WRONG_MAP=0
		WRONG_REDUCE=0
	File Output Format Counters 
		Bytes Written=0
2025-11-15 17:10:33,698 [main] INFO  org.apache.pig.backend.hadoop.executionengine.mapReduceLayer.MapReduceLauncher - HadoopJobId: job_local2098063282_0002
2025-11-15 17:10:33,698 [pool-12-thread-1] INFO  org.apache.hadoop.mapred.LocalJobRunner - Finishing task: attempt_local2098063282_0002_r_000000_0
2025-11-15 17:10:33,698 [main] INFO  org.apache.pig.backend.hadoop.executionengine.mapReduceLayer.MapReduceLauncher - Processing aliases CNT,GRP
2025-11-15 17:10:33,698 [main] INFO  org.apache.pig.backend.hadoop.executionengine.mapReduceLayer.MapReduceLauncher - detailed locations: M: CNT[15,6],GRP[14,6] C: CNT[15,6],GRP[14,6] R: CNT[15,6]
2025-11-15 17:10:33,698 [Thread-60] INFO  org.apache.hadoop.mapred.LocalJobRunner - reduce task executor complete.
2025-11-15 17:10:33,700 [main] INFO  org.apache.pig.backend.hadoop.executionengine.mapReduceLayer.MapReduceLauncher - 40% complete
2025-11-15 17:10:33,700 [main] INFO  org.apache.pig.backend.hadoop.executionengine.mapReduceLayer.MapReduceLauncher - Running jobs are [job_local2098063282_0002]
2025-11-15 17:10:38,705 [main] WARN  org.apache.hadoop.metrics2.impl.MetricsSystemImpl - JobTracker metrics system already initialized!
2025-11-15 17:10:38,706 [main] WARN  org.apache.hadoop.metrics2.impl.MetricsSystemImpl - JobTracker metrics system already initialized!
2025-11-15 17:10:38,707 [main] WARN  org.apache.hadoop.metrics2.impl.MetricsSystemImpl - JobTracker metrics system already initialized!
2025-11-15 17:10:38,714 [main] INFO  org.apache.pig.tools.pigstats.JobStats - using output size reader: org.apache.pig.backend.hadoop.executionengine.mapReduceLayer.FileBasedOutputSizeReader
2025-11-15 17:10:38,717 [main] INFO  org.apache.pig.tools.pigstats.mapreduce.MRScriptState - Pig script settings are added to the job
2025-11-15 17:10:38,717 [main] INFO  org.apache.pig.backend.hadoop.executionengine.mapReduceLayer.JobControlCompiler - mapred.job.reduce.markreset.buffer.percent is not set, set to default 0.3
2025-11-15 17:10:38,718 [main] INFO  org.apache.pig.backend.hadoop.executionengine.mapReduceLayer.JobControlCompiler - Reduce phase detected, estimating # of required reducers.
2025-11-15 17:10:38,718 [main] INFO  org.apache.pig.backend.hadoop.executionengine.mapReduceLayer.JobControlCompiler - Using reducer estimator: org.apache.pig.backend.hadoop.executionengine.mapReduceLayer.InputSizeReducerEstimator
2025-11-15 17:10:38,721 [main] INFO  org.apache.pig.backend.hadoop.executionengine.mapReduceLayer.InputSizeReducerEstimator - BytesPerReducer=1000000000 maxReducers=999 totalInputFileSize=66
2025-11-15 17:10:38,722 [main] INFO  org.apache.pig.backend.hadoop.executionengine.mapReduceLayer.JobControlCompiler - Setting Parallelism to 1
2025-11-15 17:10:38,722 [main] INFO  org.apache.pig.backend.hadoop.executionengine.mapReduceLayer.JobControlCompiler - This job cannot be converted run in-process
2025-11-15 17:10:38,731 [Thread-93] INFO  org.apache.hadoop.hdfs.protocol.datatransfer.sasl.SaslDataTransferClient - SASL encryption trust check: localHostTrusted = false, remoteHostTrusted = false
2025-11-15 17:10:38,750 [main] INFO  org.apache.pig.backend.hadoop.executionengine.mapReduceLayer.JobControlCompiler - Added jar file:/opt/pig-0.17.0/pig-0.17.0-core-h2.jar to DistributedCache through /tmp/temp-757309406/tmp-1413327227/pig-0.17.0-core-h2.jar
2025-11-15 17:10:38,758 [Thread-95] INFO  org.apache.hadoop.hdfs.protocol.datatransfer.sasl.SaslDataTransferClient - SASL encryption trust check: localHostTrusted = false, remoteHostTrusted = false
2025-11-15 17:10:39,173 [main] INFO  org.apache.pig.backend.hadoop.executionengine.mapReduceLayer.JobControlCompiler - Added jar file:/opt/pig-0.17.0/lib/automaton-1.11-8.jar to DistributedCache through /tmp/temp-757309406/tmp1680566671/automaton-1.11-8.jar
2025-11-15 17:10:39,186 [Thread-97] INFO  org.apache.hadoop.hdfs.protocol.datatransfer.sasl.SaslDataTransferClient - SASL encryption trust check: localHostTrusted = false, remoteHostTrusted = false
2025-11-15 17:10:39,197 [main] INFO  org.apache.pig.backend.hadoop.executionengine.mapReduceLayer.JobControlCompiler - Added jar file:/opt/pig-0.17.0/lib/antlr-runtime-3.4.jar to DistributedCache through /tmp/temp-757309406/tmp-1553929384/antlr-runtime-3.4.jar
2025-11-15 17:10:39,203 [Thread-99] INFO  org.apache.hadoop.hdfs.protocol.datatransfer.sasl.SaslDataTransferClient - SASL encryption trust check: localHostTrusted = false, remoteHostTrusted = false
2025-11-15 17:10:39,212 [main] INFO  org.apache.pig.backend.hadoop.executionengine.mapReduceLayer.JobControlCompiler - Added jar file:/opt/pig-0.17.0/lib/joda-time-2.9.3.jar to DistributedCache through /tmp/temp-757309406/tmp2035241582/joda-time-2.9.3.jar
2025-11-15 17:10:39,213 [main] INFO  org.apache.pig.backend.hadoop.executionengine.mapReduceLayer.JobControlCompiler - Setting up single store job
2025-11-15 17:10:39,229 [main] INFO  org.apache.pig.backend.hadoop.executionengine.mapReduceLayer.MapReduceLauncher - 1 map-reduce job(s) waiting for submission.
2025-11-15 17:10:39,230 [JobControl] WARN  org.apache.hadoop.metrics2.impl.MetricsSystemImpl - JobTracker metrics system already initialized!
2025-11-15 17:10:39,237 [JobControl] WARN  org.apache.hadoop.mapreduce.JobResourceUploader - No job jar file set.  User classes may not be found. See Job or Job#setJar(String).
2025-11-15 17:10:39,250 [JobControl] INFO  org.apache.hadoop.mapreduce.lib.input.FileInputFormat - Total input files to process : 1
2025-11-15 17:10:39,250 [JobControl] INFO  org.apache.pig.backend.hadoop.executionengine.util.MapRedUtil - Total input paths to process : 1
2025-11-15 17:10:39,251 [JobControl] INFO  org.apache.pig.backend.hadoop.executionengine.util.MapRedUtil - Total input paths (combined) to process : 1
2025-11-15 17:10:39,254 [JobControl] INFO  org.apache.hadoop.mapreduce.JobSubmitter - number of splits:1
2025-11-15 17:10:39,270 [JobControl] INFO  org.apache.hadoop.mapreduce.JobSubmitter - Submitting tokens for job: job_local1960654887_0003
2025-11-15 17:10:39,270 [JobControl] INFO  org.apache.hadoop.mapreduce.JobSubmitter - Executing with tokens: []
2025-11-15 17:10:39,306 [LocalDistributedCacheManager Downloader #1] INFO  org.apache.hadoop.hdfs.protocol.datatransfer.sasl.SaslDataTransferClient - SASL encryption trust check: localHostTrusted = false, remoteHostTrusted = false
2025-11-15 17:10:39,306 [LocalDistributedCacheManager Downloader #2] INFO  org.apache.hadoop.hdfs.protocol.datatransfer.sasl.SaslDataTransferClient - SASL encryption trust check: localHostTrusted = false, remoteHostTrusted = false
2025-11-15 17:10:39,306 [LocalDistributedCacheManager Downloader #0] INFO  org.apache.hadoop.hdfs.protocol.datatransfer.sasl.SaslDataTransferClient - SASL encryption trust check: localHostTrusted = false, remoteHostTrusted = false
2025-11-15 17:10:39,306 [LocalDistributedCacheManager Downloader #3] INFO  org.apache.hadoop.hdfs.protocol.datatransfer.sasl.SaslDataTransferClient - SASL encryption trust check: localHostTrusted = false, remoteHostTrusted = false
2025-11-15 17:10:39,339 [JobControl] INFO  org.apache.hadoop.mapred.LocalDistributedCacheManager - Creating symlink: /tmp/hadoop-root/mapred/local/job_local1960654887_0003_a368d6aa-55d1-4beb-8912-7329c95e7876/pig-0.17.0-core-h2.jar <- /opt/pig-0.17.0/scripts/pig-0.17.0-core-h2.jar
2025-11-15 17:10:39,340 [JobControl] INFO  org.apache.hadoop.mapred.LocalDistributedCacheManager - Localized hdfs://namenode:8020/tmp/temp-757309406/tmp-1413327227/pig-0.17.0-core-h2.jar as file:/tmp/hadoop-root/mapred/local/job_local1960654887_0003_a368d6aa-55d1-4beb-8912-7329c95e7876/pig-0.17.0-core-h2.jar
2025-11-15 17:10:39,340 [JobControl] INFO  org.apache.hadoop.mapred.LocalDistributedCacheManager - Creating symlink: /tmp/hadoop-root/mapred/local/job_local1960654887_0003_d5778d03-4ae5-4cd1-94fa-5ada57962345/automaton-1.11-8.jar <- /opt/pig-0.17.0/scripts/automaton-1.11-8.jar
2025-11-15 17:10:39,342 [JobControl] INFO  org.apache.hadoop.mapred.LocalDistributedCacheManager - Localized hdfs://namenode:8020/tmp/temp-757309406/tmp1680566671/automaton-1.11-8.jar as file:/tmp/hadoop-root/mapred/local/job_local1960654887_0003_d5778d03-4ae5-4cd1-94fa-5ada57962345/automaton-1.11-8.jar
2025-11-15 17:10:39,342 [JobControl] INFO  org.apache.hadoop.mapred.LocalDistributedCacheManager - Creating symlink: /tmp/hadoop-root/mapred/local/job_local1960654887_0003_025320c1-b5a8-4533-a384-09f4b1155f6a/antlr-runtime-3.4.jar <- /opt/pig-0.17.0/scripts/antlr-runtime-3.4.jar
2025-11-15 17:10:39,343 [JobControl] INFO  org.apache.hadoop.mapred.LocalDistributedCacheManager - Localized hdfs://namenode:8020/tmp/temp-757309406/tmp-1553929384/antlr-runtime-3.4.jar as file:/tmp/hadoop-root/mapred/local/job_local1960654887_0003_025320c1-b5a8-4533-a384-09f4b1155f6a/antlr-runtime-3.4.jar
2025-11-15 17:10:39,343 [JobControl] INFO  org.apache.hadoop.mapred.LocalDistributedCacheManager - Creating symlink: /tmp/hadoop-root/mapred/local/job_local1960654887_0003_89ec75aa-5d15-4dd1-8a6f-aabbdddc6770/joda-time-2.9.3.jar <- /opt/pig-0.17.0/scripts/joda-time-2.9.3.jar
2025-11-15 17:10:39,345 [JobControl] INFO  org.apache.hadoop.mapred.LocalDistributedCacheManager - Localized hdfs://namenode:8020/tmp/temp-757309406/tmp2035241582/joda-time-2.9.3.jar as file:/tmp/hadoop-root/mapred/local/job_local1960654887_0003_89ec75aa-5d15-4dd1-8a6f-aabbdddc6770/joda-time-2.9.3.jar
2025-11-15 17:10:39,372 [JobControl] INFO  org.apache.hadoop.mapred.LocalDistributedCacheManager - file:/tmp/hadoop-root/mapred/local/job_local1960654887_0003_a368d6aa-55d1-4beb-8912-7329c95e7876/pig-0.17.0-core-h2.jar
2025-11-15 17:10:39,372 [JobControl] INFO  org.apache.hadoop.mapred.LocalDistributedCacheManager - file:/tmp/hadoop-root/mapred/local/job_local1960654887_0003_d5778d03-4ae5-4cd1-94fa-5ada57962345/automaton-1.11-8.jar
2025-11-15 17:10:39,372 [JobControl] INFO  org.apache.hadoop.mapred.LocalDistributedCacheManager - file:/tmp/hadoop-root/mapred/local/job_local1960654887_0003_025320c1-b5a8-4533-a384-09f4b1155f6a/antlr-runtime-3.4.jar
2025-11-15 17:10:39,372 [JobControl] INFO  org.apache.hadoop.mapred.LocalDistributedCacheManager - file:/tmp/hadoop-root/mapred/local/job_local1960654887_0003_89ec75aa-5d15-4dd1-8a6f-aabbdddc6770/joda-time-2.9.3.jar
2025-11-15 17:10:39,372 [JobControl] INFO  org.apache.hadoop.mapreduce.Job - The url to track the job: http://localhost:8080/
2025-11-15 17:10:39,372 [Thread-101] INFO  org.apache.hadoop.mapred.LocalJobRunner - OutputCommitter set in config null
2025-11-15 17:10:39,377 [Thread-101] INFO  org.apache.hadoop.conf.Configuration.deprecation - mapred.reduce.tasks is deprecated. Instead, use mapreduce.job.reduces
2025-11-15 17:10:39,378 [Thread-101] INFO  org.apache.hadoop.conf.Configuration.deprecation - mapred.job.reduce.markreset.buffer.percent is deprecated. Instead, use mapreduce.reduce.markreset.buffer.percent
2025-11-15 17:10:39,378 [Thread-101] INFO  org.apache.hadoop.mapreduce.lib.output.FileOutputCommitter - File Output Committer Algorithm version is 2
2025-11-15 17:10:39,378 [Thread-101] INFO  org.apache.hadoop.mapreduce.lib.output.FileOutputCommitter - FileOutputCommitter skip cleanup _temporary folders under output directory:false, ignore cleanup failures: false
2025-11-15 17:10:39,378 [Thread-101] INFO  org.apache.hadoop.mapred.LocalJobRunner - OutputCommitter is org.apache.pig.backend.hadoop.executionengine.mapReduceLayer.PigOutputCommitter
2025-11-15 17:10:39,383 [Thread-101] INFO  org.apache.hadoop.mapred.LocalJobRunner - Waiting for map tasks
2025-11-15 17:10:39,383 [LocalJobRunner Map Task Executor #0] INFO  org.apache.hadoop.mapred.LocalJobRunner - Starting task: attempt_local1960654887_0003_m_000000_0
2025-11-15 17:10:39,392 [LocalJobRunner Map Task Executor #0] INFO  org.apache.hadoop.mapreduce.lib.output.FileOutputCommitter - File Output Committer Algorithm version is 2
2025-11-15 17:10:39,392 [LocalJobRunner Map Task Executor #0] INFO  org.apache.hadoop.mapreduce.lib.output.FileOutputCommitter - FileOutputCommitter skip cleanup _temporary folders under output directory:false, ignore cleanup failures: false
2025-11-15 17:10:39,393 [LocalJobRunner Map Task Executor #0] INFO  org.apache.hadoop.mapred.Task -  Using ResourceCalculatorProcessTree : [ ]
2025-11-15 17:10:39,395 [LocalJobRunner Map Task Executor #0] INFO  org.apache.hadoop.mapred.MapTask - Processing split: Number of splits :1
Total Length = 66
Input split[0]:
   Length = 66
   ClassName: org.apache.hadoop.mapreduce.lib.input.FileSplit
   Locations:

-----------------------

2025-11-15 17:10:39,402 [LocalJobRunner Map Task Executor #0] INFO  org.apache.pig.backend.hadoop.executionengine.mapReduceLayer.PigRecordReader - Current split being processed hdfs://namenode:8020/tmp/temp-757309406/tmp-1100649408/part-r-00000:0+66
2025-11-15 17:10:39,416 [LocalJobRunner Map Task Executor #0] INFO  org.apache.hadoop.mapred.MapTask - (EQUATOR) 0 kvi 26214396(104857584)
2025-11-15 17:10:39,416 [LocalJobRunner Map Task Executor #0] INFO  org.apache.hadoop.mapred.MapTask - mapreduce.task.io.sort.mb: 100
2025-11-15 17:10:39,416 [LocalJobRunner Map Task Executor #0] INFO  org.apache.hadoop.mapred.MapTask - soft limit at 83886080
2025-11-15 17:10:39,416 [LocalJobRunner Map Task Executor #0] INFO  org.apache.hadoop.mapred.MapTask - bufstart = 0; bufvoid = 104857600
2025-11-15 17:10:39,416 [LocalJobRunner Map Task Executor #0] INFO  org.apache.hadoop.mapred.MapTask - kvstart = 26214396; length = 6553600
2025-11-15 17:10:39,421 [LocalJobRunner Map Task Executor #0] INFO  org.apache.hadoop.mapred.MapTask - Map output collector class = org.apache.hadoop.mapred.MapTask$MapOutputBuffer
2025-11-15 17:10:39,424 [LocalJobRunner Map Task Executor #0] INFO  org.apache.pig.impl.util.SpillableMemoryManager - Selected heap (PS Old Gen) of size 699400192 to monitor. collectionUsageThreshold = 489580128, usageThreshold = 489580128
2025-11-15 17:10:39,424 [LocalJobRunner Map Task Executor #0] WARN  org.apache.pig.data.SchemaTupleBackend - SchemaTupleBackend has already been initialized
2025-11-15 17:10:39,425 [LocalJobRunner Map Task Executor #0] INFO  org.apache.pig.backend.hadoop.executionengine.mapReduceLayer.PigGenericMapReduce$Map - Aliases being processed per job phase (AliasName[line,offset]): M: ORD[16,6] C:  R: 
2025-11-15 17:10:39,427 [LocalJobRunner Map Task Executor #0] INFO  org.apache.hadoop.mapred.LocalJobRunner - 
2025-11-15 17:10:39,427 [LocalJobRunner Map Task Executor #0] INFO  org.apache.hadoop.mapred.MapTask - Starting flush of map output
2025-11-15 17:10:39,427 [LocalJobRunner Map Task Executor #0] INFO  org.apache.hadoop.mapred.MapTask - Spilling map output
2025-11-15 17:10:39,427 [LocalJobRunner Map Task Executor #0] INFO  org.apache.hadoop.mapred.MapTask - bufstart = 0; bufend = 72; bufvoid = 104857600
2025-11-15 17:10:39,427 [LocalJobRunner Map Task Executor #0] INFO  org.apache.hadoop.mapred.MapTask - kvstart = 26214396(104857584); kvend = 26214384(104857536); length = 13/6553600
2025-11-15 17:10:39,428 [LocalJobRunner Map Task Executor #0] INFO  org.apache.hadoop.mapred.MapTask - Finished spill 0
2025-11-15 17:10:39,430 [LocalJobRunner Map Task Executor #0] INFO  org.apache.hadoop.mapred.Task - Task:attempt_local1960654887_0003_m_000000_0 is done. And is in the process of committing
2025-11-15 17:10:39,431 [LocalJobRunner Map Task Executor #0] INFO  org.apache.hadoop.mapred.LocalJobRunner - map
2025-11-15 17:10:39,431 [LocalJobRunner Map Task Executor #0] INFO  org.apache.hadoop.mapred.Task - Task 'attempt_local1960654887_0003_m_000000_0' done.
2025-11-15 17:10:39,431 [LocalJobRunner Map Task Executor #0] INFO  org.apache.hadoop.mapred.Task - Final Counters for attempt_local1960654887_0003_m_000000_0: Counters: 23
	File System Counters
		FILE: Number of bytes read=586296
		FILE: Number of bytes written=19978507
		FILE: Number of read operations=0
		FILE: Number of large read operations=0
		FILE: Number of write operations=0
		HDFS: Number of bytes read=17688145
		HDFS: Number of bytes written=17537462
		HDFS: Number of read operations=134
		HDFS: Number of large read operations=0
		HDFS: Number of write operations=42
		HDFS: Number of bytes read erasure-coded=0
	Map-Reduce Framework
		Map input records=4
		Map output records=4
		Map output bytes=72
		Map output materialized bytes=86
		Input split bytes=394
		Combine input records=0
		Spilled Records=4
		Failed Shuffles=0
		Merged Map outputs=0
		GC time elapsed (ms)=9
		Total committed heap usage (bytes)=534249472
	File Input Format Counters 
		Bytes Read=0
2025-11-15 17:10:39,431 [LocalJobRunner Map Task Executor #0] INFO  org.apache.hadoop.mapred.LocalJobRunner - Finishing task: attempt_local1960654887_0003_m_000000_0
2025-11-15 17:10:39,431 [Thread-101] INFO  org.apache.hadoop.mapred.LocalJobRunner - map task executor complete.
2025-11-15 17:10:39,432 [Thread-101] INFO  org.apache.hadoop.mapred.LocalJobRunner - Waiting for reduce tasks
2025-11-15 17:10:39,432 [pool-15-thread-1] INFO  org.apache.hadoop.mapred.LocalJobRunner - Starting task: attempt_local1960654887_0003_r_000000_0
2025-11-15 17:10:39,442 [pool-15-thread-1] INFO  org.apache.hadoop.mapreduce.lib.output.FileOutputCommitter - File Output Committer Algorithm version is 2
2025-11-15 17:10:39,442 [pool-15-thread-1] INFO  org.apache.hadoop.mapreduce.lib.output.FileOutputCommitter - FileOutputCommitter skip cleanup _temporary folders under output directory:false, ignore cleanup failures: false
2025-11-15 17:10:39,443 [pool-15-thread-1] INFO  org.apache.hadoop.mapred.Task -  Using ResourceCalculatorProcessTree : [ ]
2025-11-15 17:10:39,443 [pool-15-thread-1] INFO  org.apache.hadoop.mapred.ReduceTask - Using ShuffleConsumerPlugin: org.apache.hadoop.mapreduce.task.reduce.Shuffle@42887297
2025-11-15 17:10:39,444 [pool-15-thread-1] WARN  org.apache.hadoop.metrics2.impl.MetricsSystemImpl - JobTracker metrics system already initialized!
2025-11-15 17:10:39,444 [pool-15-thread-1] INFO  org.apache.hadoop.mapreduce.task.reduce.MergeManagerImpl - MergerManager: memoryLimit=652528832, maxSingleShuffleLimit=163132208, mergeThreshold=430669056, ioSortFactor=10, memToMemMergeOutputsThreshold=10
2025-11-15 17:10:39,444 [EventFetcher for fetching Map Completion Events] INFO  org.apache.hadoop.mapreduce.task.reduce.EventFetcher - attempt_local1960654887_0003_r_000000_0 Thread started: EventFetcher for fetching Map Completion Events
2025-11-15 17:10:39,447 [localfetcher#3] INFO  org.apache.hadoop.mapreduce.task.reduce.LocalFetcher - localfetcher#3 about to shuffle output of map attempt_local1960654887_0003_m_000000_0 decomp: 82 len: 86 to MEMORY
2025-11-15 17:10:39,447 [localfetcher#3] INFO  org.apache.hadoop.mapreduce.task.reduce.InMemoryMapOutput - Read 82 bytes from map-output for attempt_local1960654887_0003_m_000000_0
2025-11-15 17:10:39,447 [localfetcher#3] INFO  org.apache.hadoop.mapreduce.task.reduce.MergeManagerImpl - closeInMemoryFile -> map-output of size: 82, inMemoryMapOutputs.size() -> 1, commitMemory -> 0, usedMemory ->82
2025-11-15 17:10:39,447 [EventFetcher for fetching Map Completion Events] INFO  org.apache.hadoop.mapreduce.task.reduce.EventFetcher - EventFetcher is interrupted.. Returning
2025-11-15 17:10:39,448 [pool-15-thread-1] INFO  org.apache.hadoop.mapred.LocalJobRunner - 1 / 1 copied.
2025-11-15 17:10:39,448 [pool-15-thread-1] INFO  org.apache.hadoop.mapreduce.task.reduce.MergeManagerImpl - finalMerge called with 1 in-memory map-outputs and 0 on-disk map-outputs
2025-11-15 17:10:39,448 [pool-15-thread-1] INFO  org.apache.hadoop.mapred.Merger - Merging 1 sorted segments
2025-11-15 17:10:39,448 [pool-15-thread-1] INFO  org.apache.hadoop.mapred.Merger - Down to the last merge-pass, with 1 segments left of total size: 68 bytes
2025-11-15 17:10:39,449 [pool-15-thread-1] INFO  org.apache.hadoop.mapreduce.task.reduce.MergeManagerImpl - Merged 1 segments, 82 bytes to disk to satisfy reduce memory limit
2025-11-15 17:10:39,449 [pool-15-thread-1] INFO  org.apache.hadoop.mapreduce.task.reduce.MergeManagerImpl - Merging 1 files, 86 bytes from disk
2025-11-15 17:10:39,449 [pool-15-thread-1] INFO  org.apache.hadoop.mapreduce.task.reduce.MergeManagerImpl - Merging 0 segments, 0 bytes from memory into reduce
2025-11-15 17:10:39,449 [pool-15-thread-1] INFO  org.apache.hadoop.mapred.Merger - Merging 1 sorted segments
2025-11-15 17:10:39,449 [pool-15-thread-1] INFO  org.apache.hadoop.mapred.Merger - Down to the last merge-pass, with 1 segments left of total size: 68 bytes
2025-11-15 17:10:39,449 [pool-15-thread-1] INFO  org.apache.hadoop.mapred.LocalJobRunner - 1 / 1 copied.
2025-11-15 17:10:39,451 [pool-15-thread-1] INFO  org.apache.hadoop.mapreduce.lib.output.FileOutputCommitter - File Output Committer Algorithm version is 2
2025-11-15 17:10:39,451 [pool-15-thread-1] INFO  org.apache.hadoop.mapreduce.lib.output.FileOutputCommitter - FileOutputCommitter skip cleanup _temporary folders under output directory:false, ignore cleanup failures: false
2025-11-15 17:10:39,455 [pool-15-thread-1] INFO  org.apache.pig.impl.util.SpillableMemoryManager - Selected heap (PS Old Gen) of size 699400192 to monitor. collectionUsageThreshold = 489580128, usageThreshold = 489580128
2025-11-15 17:10:39,455 [pool-15-thread-1] WARN  org.apache.pig.data.SchemaTupleBackend - SchemaTupleBackend has already been initialized
2025-11-15 17:10:39,458 [pool-15-thread-1] INFO  org.apache.pig.backend.hadoop.executionengine.mapReduceLayer.PigMapReduce$Reduce - Aliases being processed per job phase (AliasName[line,offset]): M: ORD[16,6] C:  R: 
2025-11-15 17:10:39,463 [Thread-128] INFO  org.apache.hadoop.hdfs.protocol.datatransfer.sasl.SaslDataTransferClient - SASL encryption trust check: localHostTrusted = false, remoteHostTrusted = false
2025-11-15 17:10:39,472 [pool-15-thread-1] INFO  org.apache.hadoop.mapred.Task - Task:attempt_local1960654887_0003_r_000000_0 is done. And is in the process of committing
2025-11-15 17:10:39,475 [pool-15-thread-1] INFO  org.apache.hadoop.mapred.LocalJobRunner - 1 / 1 copied.
2025-11-15 17:10:39,475 [pool-15-thread-1] INFO  org.apache.hadoop.mapred.Task - Task attempt_local1960654887_0003_r_000000_0 is allowed to commit now
2025-11-15 17:10:39,482 [pool-15-thread-1] INFO  org.apache.hadoop.mapreduce.lib.output.FileOutputCommitter - Saved output of task 'attempt_local1960654887_0003_r_000000_0' to hdfs://namenode:8020/tmp/temp-757309406/tmp-566153938
2025-11-15 17:10:39,483 [pool-15-thread-1] INFO  org.apache.hadoop.mapred.LocalJobRunner - reduce > reduce
2025-11-15 17:10:39,483 [pool-15-thread-1] INFO  org.apache.hadoop.mapred.Task - Task 'attempt_local1960654887_0003_r_000000_0' done.
2025-11-15 17:10:39,483 [pool-15-thread-1] INFO  org.apache.hadoop.mapred.Task - Final Counters for attempt_local1960654887_0003_r_000000_0: Counters: 30
	File System Counters
		FILE: Number of bytes read=586500
		FILE: Number of bytes written=19978593
		FILE: Number of read operations=0
		FILE: Number of large read operations=0
		FILE: Number of write operations=0
		HDFS: Number of bytes read=17688145
		HDFS: Number of bytes written=17537513
		HDFS: Number of read operations=139
		HDFS: Number of large read operations=0
		HDFS: Number of write operations=44
		HDFS: Number of bytes read erasure-coded=0
	Map-Reduce Framework
		Combine input records=0
		Combine output records=0
		Reduce input groups=1
		Reduce shuffle bytes=86
		Reduce input records=4
		Reduce output records=1
		Spilled Records=4
		Shuffled Maps =1
		Failed Shuffles=0
		Merged Map outputs=1
		GC time elapsed (ms)=0
		Total committed heap usage (bytes)=534249472
	Shuffle Errors
		BAD_ID=0
		CONNECTION=0
		IO_ERROR=0
		WRONG_LENGTH=0
		WRONG_MAP=0
		WRONG_REDUCE=0
	File Output Format Counters 
		Bytes Written=0
2025-11-15 17:10:39,483 [pool-15-thread-1] INFO  org.apache.hadoop.mapred.LocalJobRunner - Finishing task: attempt_local1960654887_0003_r_000000_0
2025-11-15 17:10:39,485 [Thread-101] INFO  org.apache.hadoop.mapred.LocalJobRunner - reduce task executor complete.
2025-11-15 17:10:39,730 [main] INFO  org.apache.pig.backend.hadoop.executionengine.mapReduceLayer.MapReduceLauncher - HadoopJobId: job_local1960654887_0003
2025-11-15 17:10:39,730 [main] INFO  org.apache.pig.backend.hadoop.executionengine.mapReduceLayer.MapReduceLauncher - Processing aliases ORD
2025-11-15 17:10:39,730 [main] INFO  org.apache.pig.backend.hadoop.executionengine.mapReduceLayer.MapReduceLauncher - detailed locations: M: ORD[16,6] C:  R: 
2025-11-15 17:10:39,733 [main] INFO  org.apache.pig.backend.hadoop.executionengine.mapReduceLayer.MapReduceLauncher - 60% complete
2025-11-15 17:10:39,733 [main] INFO  org.apache.pig.backend.hadoop.executionengine.mapReduceLayer.MapReduceLauncher - Running jobs are [job_local1960654887_0003]
2025-11-15 17:10:44,739 [main] WARN  org.apache.hadoop.metrics2.impl.MetricsSystemImpl - JobTracker metrics system already initialized!
2025-11-15 17:10:44,741 [main] WARN  org.apache.hadoop.metrics2.impl.MetricsSystemImpl - JobTracker metrics system already initialized!
2025-11-15 17:10:44,743 [main] WARN  org.apache.hadoop.metrics2.impl.MetricsSystemImpl - JobTracker metrics system already initialized!
2025-11-15 17:10:44,745 [main] INFO  org.apache.pig.tools.pigstats.mapreduce.MRScriptState - Pig script settings are added to the job
2025-11-15 17:10:44,745 [main] INFO  org.apache.pig.backend.hadoop.executionengine.mapReduceLayer.JobControlCompiler - mapred.job.reduce.markreset.buffer.percent is not set, set to default 0.3
2025-11-15 17:10:44,745 [main] INFO  org.apache.pig.backend.hadoop.executionengine.mapReduceLayer.JobControlCompiler - Reduce phase detected, estimating # of required reducers.
2025-11-15 17:10:44,745 [main] INFO  org.apache.pig.backend.hadoop.executionengine.mapReduceLayer.JobControlCompiler - Setting Parallelism to 1
2025-11-15 17:10:44,745 [main] INFO  org.apache.pig.backend.hadoop.executionengine.mapReduceLayer.JobControlCompiler - This job cannot be converted run in-process
2025-11-15 17:10:44,758 [Thread-131] INFO  org.apache.hadoop.hdfs.protocol.datatransfer.sasl.SaslDataTransferClient - SASL encryption trust check: localHostTrusted = false, remoteHostTrusted = false
2025-11-15 17:10:44,775 [main] INFO  org.apache.pig.backend.hadoop.executionengine.mapReduceLayer.JobControlCompiler - Added jar file:/opt/pig-0.17.0/pig-0.17.0-core-h2.jar to DistributedCache through /tmp/temp-757309406/tmp101283526/pig-0.17.0-core-h2.jar
2025-11-15 17:10:44,781 [Thread-133] INFO  org.apache.hadoop.hdfs.protocol.datatransfer.sasl.SaslDataTransferClient - SASL encryption trust check: localHostTrusted = false, remoteHostTrusted = false
2025-11-15 17:10:44,790 [main] INFO  org.apache.pig.backend.hadoop.executionengine.mapReduceLayer.JobControlCompiler - Added jar file:/opt/pig-0.17.0/lib/automaton-1.11-8.jar to DistributedCache through /tmp/temp-757309406/tmp-895857017/automaton-1.11-8.jar
2025-11-15 17:10:44,796 [Thread-135] INFO  org.apache.hadoop.hdfs.protocol.datatransfer.sasl.SaslDataTransferClient - SASL encryption trust check: localHostTrusted = false, remoteHostTrusted = false
2025-11-15 17:10:44,805 [main] INFO  org.apache.pig.backend.hadoop.executionengine.mapReduceLayer.JobControlCompiler - Added jar file:/opt/pig-0.17.0/lib/antlr-runtime-3.4.jar to DistributedCache through /tmp/temp-757309406/tmp1942389904/antlr-runtime-3.4.jar
2025-11-15 17:10:44,812 [Thread-137] INFO  org.apache.hadoop.hdfs.protocol.datatransfer.sasl.SaslDataTransferClient - SASL encryption trust check: localHostTrusted = false, remoteHostTrusted = false
2025-11-15 17:10:44,820 [main] INFO  org.apache.pig.backend.hadoop.executionengine.mapReduceLayer.JobControlCompiler - Added jar file:/opt/pig-0.17.0/lib/joda-time-2.9.3.jar to DistributedCache through /tmp/temp-757309406/tmp-1529202469/joda-time-2.9.3.jar
2025-11-15 17:10:44,822 [main] INFO  org.apache.pig.backend.hadoop.executionengine.mapReduceLayer.JobControlCompiler - Setting up single store job
2025-11-15 17:10:44,841 [main] INFO  org.apache.pig.backend.hadoop.executionengine.mapReduceLayer.MapReduceLauncher - 1 map-reduce job(s) waiting for submission.
2025-11-15 17:10:44,843 [JobControl] WARN  org.apache.hadoop.metrics2.impl.MetricsSystemImpl - JobTracker metrics system already initialized!
2025-11-15 17:10:44,847 [JobControl] WARN  org.apache.hadoop.mapreduce.JobResourceUploader - No job jar file set.  User classes may not be found. See Job or Job#setJar(String).
2025-11-15 17:10:44,865 [JobControl] INFO  org.apache.hadoop.mapreduce.lib.input.FileInputFormat - Total input files to process : 1
2025-11-15 17:10:44,865 [JobControl] INFO  org.apache.pig.backend.hadoop.executionengine.util.MapRedUtil - Total input paths to process : 1
2025-11-15 17:10:44,865 [JobControl] INFO  org.apache.pig.backend.hadoop.executionengine.util.MapRedUtil - Total input paths (combined) to process : 1
2025-11-15 17:10:44,867 [JobControl] INFO  org.apache.hadoop.mapreduce.JobSubmitter - number of splits:1
2025-11-15 17:10:44,875 [JobControl] INFO  org.apache.hadoop.mapreduce.JobSubmitter - Submitting tokens for job: job_local254754598_0004
2025-11-15 17:10:44,875 [JobControl] INFO  org.apache.hadoop.mapreduce.JobSubmitter - Executing with tokens: []
2025-11-15 17:10:44,911 [LocalDistributedCacheManager Downloader #0] INFO  org.apache.hadoop.hdfs.protocol.datatransfer.sasl.SaslDataTransferClient - SASL encryption trust check: localHostTrusted = false, remoteHostTrusted = false
2025-11-15 17:10:44,911 [LocalDistributedCacheManager Downloader #2] INFO  org.apache.hadoop.hdfs.protocol.datatransfer.sasl.SaslDataTransferClient - SASL encryption trust check: localHostTrusted = false, remoteHostTrusted = false
2025-11-15 17:10:44,911 [LocalDistributedCacheManager Downloader #3] INFO  org.apache.hadoop.hdfs.protocol.datatransfer.sasl.SaslDataTransferClient - SASL encryption trust check: localHostTrusted = false, remoteHostTrusted = false
2025-11-15 17:10:44,911 [LocalDistributedCacheManager Downloader #1] INFO  org.apache.hadoop.hdfs.protocol.datatransfer.sasl.SaslDataTransferClient - SASL encryption trust check: localHostTrusted = false, remoteHostTrusted = false
2025-11-15 17:10:44,946 [JobControl] INFO  org.apache.hadoop.mapred.LocalDistributedCacheManager - Creating symlink: /tmp/hadoop-root/mapred/local/job_local254754598_0004_dcb0c962-1ce1-47ef-a05d-cd27b7e5e165/pig-0.17.0-core-h2.jar <- /opt/pig-0.17.0/scripts/pig-0.17.0-core-h2.jar
2025-11-15 17:10:44,947 [JobControl] INFO  org.apache.hadoop.mapred.LocalDistributedCacheManager - Localized hdfs://namenode:8020/tmp/temp-757309406/tmp101283526/pig-0.17.0-core-h2.jar as file:/tmp/hadoop-root/mapred/local/job_local254754598_0004_dcb0c962-1ce1-47ef-a05d-cd27b7e5e165/pig-0.17.0-core-h2.jar
2025-11-15 17:10:44,947 [JobControl] INFO  org.apache.hadoop.mapred.LocalDistributedCacheManager - Creating symlink: /tmp/hadoop-root/mapred/local/job_local254754598_0004_e737f0e4-322c-408a-bc3f-efe3dcbeff1d/automaton-1.11-8.jar <- /opt/pig-0.17.0/scripts/automaton-1.11-8.jar
2025-11-15 17:10:44,949 [JobControl] INFO  org.apache.hadoop.mapred.LocalDistributedCacheManager - Localized hdfs://namenode:8020/tmp/temp-757309406/tmp-895857017/automaton-1.11-8.jar as file:/tmp/hadoop-root/mapred/local/job_local254754598_0004_e737f0e4-322c-408a-bc3f-efe3dcbeff1d/automaton-1.11-8.jar
2025-11-15 17:10:44,949 [JobControl] INFO  org.apache.hadoop.mapred.LocalDistributedCacheManager - Creating symlink: /tmp/hadoop-root/mapred/local/job_local254754598_0004_1a92e467-fc65-4c4e-9dab-34c3bfa9a44f/antlr-runtime-3.4.jar <- /opt/pig-0.17.0/scripts/antlr-runtime-3.4.jar
2025-11-15 17:10:44,950 [JobControl] INFO  org.apache.hadoop.mapred.LocalDistributedCacheManager - Localized hdfs://namenode:8020/tmp/temp-757309406/tmp1942389904/antlr-runtime-3.4.jar as file:/tmp/hadoop-root/mapred/local/job_local254754598_0004_1a92e467-fc65-4c4e-9dab-34c3bfa9a44f/antlr-runtime-3.4.jar
2025-11-15 17:10:44,951 [JobControl] INFO  org.apache.hadoop.mapred.LocalDistributedCacheManager - Creating symlink: /tmp/hadoop-root/mapred/local/job_local254754598_0004_fe3dba46-e189-4674-95d0-eea1fa5b39a8/joda-time-2.9.3.jar <- /opt/pig-0.17.0/scripts/joda-time-2.9.3.jar
2025-11-15 17:10:44,952 [JobControl] INFO  org.apache.hadoop.mapred.LocalDistributedCacheManager - Localized hdfs://namenode:8020/tmp/temp-757309406/tmp-1529202469/joda-time-2.9.3.jar as file:/tmp/hadoop-root/mapred/local/job_local254754598_0004_fe3dba46-e189-4674-95d0-eea1fa5b39a8/joda-time-2.9.3.jar
2025-11-15 17:10:44,952 [JobControl] INFO  org.apache.hadoop.mapred.LocalDistributedCacheManager - Creating symlink: /tmp/hadoop-root/mapred/local/job_local254754598_0004_e453c524-4d51-4b5e-b79d-1fa76b4d9c40/tmp-566153938 <- /opt/pig-0.17.0/scripts/pigsample_595759572_1763226644830
2025-11-15 17:10:44,955 [JobControl] INFO  org.apache.hadoop.mapred.LocalDistributedCacheManager - Localized hdfs://namenode:8020/tmp/temp-757309406/tmp-566153938 as file:/tmp/hadoop-root/mapred/local/job_local254754598_0004_e453c524-4d51-4b5e-b79d-1fa76b4d9c40/tmp-566153938
2025-11-15 17:10:44,986 [JobControl] INFO  org.apache.hadoop.mapred.LocalDistributedCacheManager - file:/tmp/hadoop-root/mapred/local/job_local254754598_0004_dcb0c962-1ce1-47ef-a05d-cd27b7e5e165/pig-0.17.0-core-h2.jar
2025-11-15 17:10:44,986 [JobControl] INFO  org.apache.hadoop.mapred.LocalDistributedCacheManager - file:/tmp/hadoop-root/mapred/local/job_local254754598_0004_e737f0e4-322c-408a-bc3f-efe3dcbeff1d/automaton-1.11-8.jar
2025-11-15 17:10:44,986 [JobControl] INFO  org.apache.hadoop.mapred.LocalDistributedCacheManager - file:/tmp/hadoop-root/mapred/local/job_local254754598_0004_1a92e467-fc65-4c4e-9dab-34c3bfa9a44f/antlr-runtime-3.4.jar
2025-11-15 17:10:44,986 [JobControl] INFO  org.apache.hadoop.mapred.LocalDistributedCacheManager - file:/tmp/hadoop-root/mapred/local/job_local254754598_0004_fe3dba46-e189-4674-95d0-eea1fa5b39a8/joda-time-2.9.3.jar
2025-11-15 17:10:44,987 [JobControl] INFO  org.apache.hadoop.mapreduce.Job - The url to track the job: http://localhost:8080/
2025-11-15 17:10:44,987 [Thread-139] INFO  org.apache.hadoop.mapred.LocalJobRunner - OutputCommitter set in config null
2025-11-15 17:10:44,993 [Thread-139] INFO  org.apache.hadoop.conf.Configuration.deprecation - mapred.reduce.tasks is deprecated. Instead, use mapreduce.job.reduces
2025-11-15 17:10:44,993 [Thread-139] INFO  org.apache.hadoop.conf.Configuration.deprecation - mapred.job.reduce.markreset.buffer.percent is deprecated. Instead, use mapreduce.reduce.markreset.buffer.percent
2025-11-15 17:10:44,994 [Thread-139] INFO  org.apache.hadoop.mapreduce.lib.output.FileOutputCommitter - File Output Committer Algorithm version is 2
2025-11-15 17:10:44,994 [Thread-139] INFO  org.apache.hadoop.mapreduce.lib.output.FileOutputCommitter - FileOutputCommitter skip cleanup _temporary folders under output directory:false, ignore cleanup failures: false
2025-11-15 17:10:44,994 [Thread-139] INFO  org.apache.hadoop.mapred.LocalJobRunner - OutputCommitter is org.apache.pig.backend.hadoop.executionengine.mapReduceLayer.PigOutputCommitter
2025-11-15 17:10:45,003 [Thread-139] INFO  org.apache.hadoop.mapred.LocalJobRunner - Waiting for map tasks
2025-11-15 17:10:45,003 [LocalJobRunner Map Task Executor #0] INFO  org.apache.hadoop.mapred.LocalJobRunner - Starting task: attempt_local254754598_0004_m_000000_0
2025-11-15 17:10:45,012 [LocalJobRunner Map Task Executor #0] INFO  org.apache.hadoop.mapreduce.lib.output.FileOutputCommitter - File Output Committer Algorithm version is 2
2025-11-15 17:10:45,012 [LocalJobRunner Map Task Executor #0] INFO  org.apache.hadoop.mapreduce.lib.output.FileOutputCommitter - FileOutputCommitter skip cleanup _temporary folders under output directory:false, ignore cleanup failures: false
2025-11-15 17:10:45,012 [LocalJobRunner Map Task Executor #0] INFO  org.apache.hadoop.mapred.Task -  Using ResourceCalculatorProcessTree : [ ]
2025-11-15 17:10:45,013 [LocalJobRunner Map Task Executor #0] INFO  org.apache.hadoop.mapred.MapTask - Processing split: Number of splits :1
Total Length = 66
Input split[0]:
   Length = 66
   ClassName: org.apache.hadoop.mapreduce.lib.input.FileSplit
   Locations:

-----------------------

2025-11-15 17:10:45,018 [LocalJobRunner Map Task Executor #0] INFO  org.apache.pig.backend.hadoop.executionengine.mapReduceLayer.PigRecordReader - Current split being processed hdfs://namenode:8020/tmp/temp-757309406/tmp-1100649408/part-r-00000:0+66
2025-11-15 17:10:45,039 [LocalJobRunner Map Task Executor #0] INFO  org.apache.hadoop.mapred.MapTask - (EQUATOR) 0 kvi 26214396(104857584)
2025-11-15 17:10:45,039 [LocalJobRunner Map Task Executor #0] INFO  org.apache.hadoop.mapred.MapTask - mapreduce.task.io.sort.mb: 100
2025-11-15 17:10:45,039 [LocalJobRunner Map Task Executor #0] INFO  org.apache.hadoop.mapred.MapTask - soft limit at 83886080
2025-11-15 17:10:45,039 [LocalJobRunner Map Task Executor #0] INFO  org.apache.hadoop.mapred.MapTask - bufstart = 0; bufvoid = 104857600
2025-11-15 17:10:45,039 [LocalJobRunner Map Task Executor #0] INFO  org.apache.hadoop.mapred.MapTask - kvstart = 26214396; length = 6553600
2025-11-15 17:10:45,040 [LocalJobRunner Map Task Executor #0] INFO  org.apache.hadoop.mapred.MapTask - Map output collector class = org.apache.hadoop.mapred.MapTask$MapOutputBuffer
2025-11-15 17:10:45,042 [LocalJobRunner Map Task Executor #0] INFO  org.apache.pig.impl.util.SpillableMemoryManager - Selected heap (PS Old Gen) of size 699400192 to monitor. collectionUsageThreshold = 489580128, usageThreshold = 489580128
2025-11-15 17:10:45,043 [LocalJobRunner Map Task Executor #0] WARN  org.apache.pig.data.SchemaTupleBackend - SchemaTupleBackend has already been initialized
2025-11-15 17:10:45,044 [LocalJobRunner Map Task Executor #0] INFO  org.apache.pig.backend.hadoop.executionengine.mapReduceLayer.PigGenericMapReduce$Map - Aliases being processed per job phase (AliasName[line,offset]): M: ORD[16,6] C:  R: 
2025-11-15 17:10:45,045 [LocalJobRunner Map Task Executor #0] INFO  org.apache.hadoop.mapred.LocalJobRunner - 
2025-11-15 17:10:45,045 [LocalJobRunner Map Task Executor #0] INFO  org.apache.hadoop.mapred.MapTask - Starting flush of map output
2025-11-15 17:10:45,045 [LocalJobRunner Map Task Executor #0] INFO  org.apache.hadoop.mapred.MapTask - Spilling map output
2025-11-15 17:10:45,045 [LocalJobRunner Map Task Executor #0] INFO  org.apache.hadoop.mapred.MapTask - bufstart = 0; bufend = 90; bufvoid = 104857600
2025-11-15 17:10:45,045 [LocalJobRunner Map Task Executor #0] INFO  org.apache.hadoop.mapred.MapTask - kvstart = 26214396(104857584); kvend = 26214384(104857536); length = 13/6553600
2025-11-15 17:10:45,054 [LocalJobRunner Map Task Executor #0] INFO  org.apache.hadoop.mapred.MapTask - Finished spill 0
2025-11-15 17:10:45,057 [LocalJobRunner Map Task Executor #0] INFO  org.apache.hadoop.mapred.Task - Task:attempt_local254754598_0004_m_000000_0 is done. And is in the process of committing
2025-11-15 17:10:45,058 [LocalJobRunner Map Task Executor #0] INFO  org.apache.hadoop.mapred.LocalJobRunner - map
2025-11-15 17:10:45,058 [LocalJobRunner Map Task Executor #0] INFO  org.apache.hadoop.mapred.Task - Task 'attempt_local254754598_0004_m_000000_0' done.
2025-11-15 17:10:45,058 [LocalJobRunner Map Task Executor #0] INFO  org.apache.hadoop.mapred.Task - Final Counters for attempt_local254754598_0004_m_000000_0: Counters: 24
	File System Counters
		FILE: Number of bytes read=586947
		FILE: Number of bytes written=26440928
		FILE: Number of read operations=0
		FILE: Number of large read operations=0
		FILE: Number of write operations=0
		HDFS: Number of bytes read=23444044
		HDFS: Number of bytes written=23293295
		HDFS: Number of read operations=184
		HDFS: Number of large read operations=0
		HDFS: Number of write operations=55
		HDFS: Number of bytes read erasure-coded=0
	Map-Reduce Framework
		Map input records=4
		Map output records=4
		Map output bytes=90
		Map output materialized bytes=104
		Input split bytes=394
		Combine input records=4
		Combine output records=4
		Spilled Records=4
		Failed Shuffles=0
		Merged Map outputs=0
		GC time elapsed (ms)=0
		Total committed heap usage (bytes)=534249472
	File Input Format Counters 
		Bytes Read=0
2025-11-15 17:10:45,058 [LocalJobRunner Map Task Executor #0] INFO  org.apache.hadoop.mapred.LocalJobRunner - Finishing task: attempt_local254754598_0004_m_000000_0
2025-11-15 17:10:45,058 [Thread-139] INFO  org.apache.hadoop.mapred.LocalJobRunner - map task executor complete.
2025-11-15 17:10:45,059 [Thread-139] INFO  org.apache.hadoop.mapred.LocalJobRunner - Waiting for reduce tasks
2025-11-15 17:10:45,059 [pool-18-thread-1] INFO  org.apache.hadoop.mapred.LocalJobRunner - Starting task: attempt_local254754598_0004_r_000000_0
2025-11-15 17:10:45,068 [pool-18-thread-1] INFO  org.apache.hadoop.mapreduce.lib.output.FileOutputCommitter - File Output Committer Algorithm version is 2
2025-11-15 17:10:45,068 [pool-18-thread-1] INFO  org.apache.hadoop.mapreduce.lib.output.FileOutputCommitter - FileOutputCommitter skip cleanup _temporary folders under output directory:false, ignore cleanup failures: false
2025-11-15 17:10:45,069 [pool-18-thread-1] INFO  org.apache.hadoop.mapred.Task -  Using ResourceCalculatorProcessTree : [ ]
2025-11-15 17:10:45,069 [pool-18-thread-1] INFO  org.apache.hadoop.mapred.ReduceTask - Using ShuffleConsumerPlugin: org.apache.hadoop.mapreduce.task.reduce.Shuffle@70ac1d52
2025-11-15 17:10:45,069 [pool-18-thread-1] WARN  org.apache.hadoop.metrics2.impl.MetricsSystemImpl - JobTracker metrics system already initialized!
2025-11-15 17:10:45,070 [pool-18-thread-1] INFO  org.apache.hadoop.mapreduce.task.reduce.MergeManagerImpl - MergerManager: memoryLimit=652528832, maxSingleShuffleLimit=163132208, mergeThreshold=430669056, ioSortFactor=10, memToMemMergeOutputsThreshold=10
2025-11-15 17:10:45,070 [EventFetcher for fetching Map Completion Events] INFO  org.apache.hadoop.mapreduce.task.reduce.EventFetcher - attempt_local254754598_0004_r_000000_0 Thread started: EventFetcher for fetching Map Completion Events
2025-11-15 17:10:45,073 [localfetcher#4] INFO  org.apache.hadoop.mapreduce.task.reduce.LocalFetcher - localfetcher#4 about to shuffle output of map attempt_local254754598_0004_m_000000_0 decomp: 100 len: 104 to MEMORY
2025-11-15 17:10:45,073 [localfetcher#4] INFO  org.apache.hadoop.mapreduce.task.reduce.InMemoryMapOutput - Read 100 bytes from map-output for attempt_local254754598_0004_m_000000_0
2025-11-15 17:10:45,073 [localfetcher#4] INFO  org.apache.hadoop.mapreduce.task.reduce.MergeManagerImpl - closeInMemoryFile -> map-output of size: 100, inMemoryMapOutputs.size() -> 1, commitMemory -> 0, usedMemory ->100
2025-11-15 17:10:45,074 [EventFetcher for fetching Map Completion Events] INFO  org.apache.hadoop.mapreduce.task.reduce.EventFetcher - EventFetcher is interrupted.. Returning
2025-11-15 17:10:45,074 [pool-18-thread-1] INFO  org.apache.hadoop.mapred.LocalJobRunner - 1 / 1 copied.
2025-11-15 17:10:45,074 [pool-18-thread-1] INFO  org.apache.hadoop.mapreduce.task.reduce.MergeManagerImpl - finalMerge called with 1 in-memory map-outputs and 0 on-disk map-outputs
2025-11-15 17:10:45,075 [pool-18-thread-1] INFO  org.apache.hadoop.mapred.Merger - Merging 1 sorted segments
2025-11-15 17:10:45,075 [pool-18-thread-1] INFO  org.apache.hadoop.mapred.Merger - Down to the last merge-pass, with 1 segments left of total size: 88 bytes
2025-11-15 17:10:45,076 [pool-18-thread-1] INFO  org.apache.hadoop.mapreduce.task.reduce.MergeManagerImpl - Merged 1 segments, 100 bytes to disk to satisfy reduce memory limit
2025-11-15 17:10:45,076 [pool-18-thread-1] INFO  org.apache.hadoop.mapreduce.task.reduce.MergeManagerImpl - Merging 1 files, 104 bytes from disk
2025-11-15 17:10:45,076 [pool-18-thread-1] INFO  org.apache.hadoop.mapreduce.task.reduce.MergeManagerImpl - Merging 0 segments, 0 bytes from memory into reduce
2025-11-15 17:10:45,076 [pool-18-thread-1] INFO  org.apache.hadoop.mapred.Merger - Merging 1 sorted segments
2025-11-15 17:10:45,077 [pool-18-thread-1] INFO  org.apache.hadoop.mapred.Merger - Down to the last merge-pass, with 1 segments left of total size: 88 bytes
2025-11-15 17:10:45,077 [pool-18-thread-1] INFO  org.apache.hadoop.mapred.LocalJobRunner - 1 / 1 copied.
2025-11-15 17:10:45,079 [pool-18-thread-1] INFO  org.apache.hadoop.mapreduce.lib.output.FileOutputCommitter - File Output Committer Algorithm version is 2
2025-11-15 17:10:45,079 [pool-18-thread-1] INFO  org.apache.hadoop.mapreduce.lib.output.FileOutputCommitter - FileOutputCommitter skip cleanup _temporary folders under output directory:false, ignore cleanup failures: false
2025-11-15 17:10:45,082 [pool-18-thread-1] INFO  org.apache.pig.impl.util.SpillableMemoryManager - Selected heap (PS Old Gen) of size 699400192 to monitor. collectionUsageThreshold = 489580128, usageThreshold = 489580128
2025-11-15 17:10:45,083 [pool-18-thread-1] WARN  org.apache.pig.data.SchemaTupleBackend - SchemaTupleBackend has already been initialized
2025-11-15 17:10:45,085 [pool-18-thread-1] INFO  org.apache.pig.backend.hadoop.executionengine.mapReduceLayer.PigMapReduce$Reduce - Aliases being processed per job phase (AliasName[line,offset]): M: ORD[16,6] C:  R: 
2025-11-15 17:10:45,090 [Thread-171] INFO  org.apache.hadoop.hdfs.protocol.datatransfer.sasl.SaslDataTransferClient - SASL encryption trust check: localHostTrusted = false, remoteHostTrusted = false
2025-11-15 17:10:45,096 [pool-18-thread-1] INFO  org.apache.hadoop.mapred.Task - Task:attempt_local254754598_0004_r_000000_0 is done. And is in the process of committing
2025-11-15 17:10:45,099 [pool-18-thread-1] INFO  org.apache.hadoop.mapred.LocalJobRunner - 1 / 1 copied.
2025-11-15 17:10:45,099 [pool-18-thread-1] INFO  org.apache.hadoop.mapred.Task - Task attempt_local254754598_0004_r_000000_0 is allowed to commit now
2025-11-15 17:10:45,114 [pool-18-thread-1] INFO  org.apache.hadoop.mapreduce.lib.output.FileOutputCommitter - Saved output of task 'attempt_local254754598_0004_r_000000_0' to hdfs://namenode:8020/tmp/temp-757309406/tmp-992176466
2025-11-15 17:10:45,115 [pool-18-thread-1] INFO  org.apache.hadoop.mapred.LocalJobRunner - reduce > reduce
2025-11-15 17:10:45,115 [pool-18-thread-1] INFO  org.apache.hadoop.mapred.Task - Task 'attempt_local254754598_0004_r_000000_0' done.
2025-11-15 17:10:45,115 [pool-18-thread-1] INFO  org.apache.hadoop.mapred.Task - Final Counters for attempt_local254754598_0004_r_000000_0: Counters: 30
	File System Counters
		FILE: Number of bytes read=587187
		FILE: Number of bytes written=26441032
		FILE: Number of read operations=0
		FILE: Number of large read operations=0
		FILE: Number of write operations=0
		HDFS: Number of bytes read=23444044
		HDFS: Number of bytes written=23293361
		HDFS: Number of read operations=189
		HDFS: Number of large read operations=0
		HDFS: Number of write operations=57
		HDFS: Number of bytes read erasure-coded=0
	Map-Reduce Framework
		Combine input records=0
		Combine output records=0
		Reduce input groups=1
		Reduce shuffle bytes=104
		Reduce input records=4
		Reduce output records=4
		Spilled Records=4
		Shuffled Maps =1
		Failed Shuffles=0
		Merged Map outputs=1
		GC time elapsed (ms)=7
		Total committed heap usage (bytes)=534249472
	Shuffle Errors
		BAD_ID=0
		CONNECTION=0
		IO_ERROR=0
		WRONG_LENGTH=0
		WRONG_MAP=0
		WRONG_REDUCE=0
	File Output Format Counters 
		Bytes Written=0
2025-11-15 17:10:45,115 [pool-18-thread-1] INFO  org.apache.hadoop.mapred.LocalJobRunner - Finishing task: attempt_local254754598_0004_r_000000_0
2025-11-15 17:10:45,115 [Thread-139] INFO  org.apache.hadoop.mapred.LocalJobRunner - reduce task executor complete.
2025-11-15 17:10:45,342 [main] INFO  org.apache.pig.backend.hadoop.executionengine.mapReduceLayer.MapReduceLauncher - HadoopJobId: job_local254754598_0004
2025-11-15 17:10:45,342 [main] INFO  org.apache.pig.backend.hadoop.executionengine.mapReduceLayer.MapReduceLauncher - Processing aliases ORD
2025-11-15 17:10:45,342 [main] INFO  org.apache.pig.backend.hadoop.executionengine.mapReduceLayer.MapReduceLauncher - detailed locations: M: ORD[16,6] C:  R: 
2025-11-15 17:10:45,343 [main] INFO  org.apache.pig.backend.hadoop.executionengine.mapReduceLayer.MapReduceLauncher - 80% complete
2025-11-15 17:10:45,343 [main] INFO  org.apache.pig.backend.hadoop.executionengine.mapReduceLayer.MapReduceLauncher - Running jobs are [job_local254754598_0004]
2025-11-15 17:10:50,350 [main] WARN  org.apache.hadoop.metrics2.impl.MetricsSystemImpl - JobTracker metrics system already initialized!
2025-11-15 17:10:50,352 [main] WARN  org.apache.hadoop.metrics2.impl.MetricsSystemImpl - JobTracker metrics system already initialized!
2025-11-15 17:10:50,353 [main] WARN  org.apache.hadoop.metrics2.impl.MetricsSystemImpl - JobTracker metrics system already initialized!
2025-11-15 17:10:50,356 [main] INFO  org.apache.pig.tools.pigstats.mapreduce.MRScriptState - Pig script settings are added to the job
2025-11-15 17:10:50,356 [main] INFO  org.apache.pig.backend.hadoop.executionengine.mapReduceLayer.JobControlCompiler - mapred.job.reduce.markreset.buffer.percent is not set, set to default 0.3
2025-11-15 17:10:50,356 [main] INFO  org.apache.pig.backend.hadoop.executionengine.mapReduceLayer.JobControlCompiler - Reduce phase detected, estimating # of required reducers.
2025-11-15 17:10:50,356 [main] INFO  org.apache.pig.backend.hadoop.executionengine.mapReduceLayer.JobControlCompiler - Setting Parallelism to 1
2025-11-15 17:10:50,356 [main] INFO  org.apache.pig.backend.hadoop.executionengine.mapReduceLayer.JobControlCompiler - This job cannot be converted run in-process
2025-11-15 17:10:50,367 [Thread-174] INFO  org.apache.hadoop.hdfs.protocol.datatransfer.sasl.SaslDataTransferClient - SASL encryption trust check: localHostTrusted = false, remoteHostTrusted = false
2025-11-15 17:10:50,406 [main] INFO  org.apache.pig.backend.hadoop.executionengine.mapReduceLayer.JobControlCompiler - Added jar file:/opt/pig-0.17.0/pig-0.17.0-core-h2.jar to DistributedCache through /tmp/temp-757309406/tmp-90613087/pig-0.17.0-core-h2.jar
2025-11-15 17:10:50,413 [Thread-176] INFO  org.apache.hadoop.hdfs.protocol.datatransfer.sasl.SaslDataTransferClient - SASL encryption trust check: localHostTrusted = false, remoteHostTrusted = false
2025-11-15 17:10:50,421 [main] INFO  org.apache.pig.backend.hadoop.executionengine.mapReduceLayer.JobControlCompiler - Added jar file:/opt/pig-0.17.0/lib/automaton-1.11-8.jar to DistributedCache through /tmp/temp-757309406/tmp-1615613970/automaton-1.11-8.jar
2025-11-15 17:10:50,427 [Thread-178] INFO  org.apache.hadoop.hdfs.protocol.datatransfer.sasl.SaslDataTransferClient - SASL encryption trust check: localHostTrusted = false, remoteHostTrusted = false
2025-11-15 17:10:50,838 [main] INFO  org.apache.pig.backend.hadoop.executionengine.mapReduceLayer.JobControlCompiler - Added jar file:/opt/pig-0.17.0/lib/antlr-runtime-3.4.jar to DistributedCache through /tmp/temp-757309406/tmp-1320631094/antlr-runtime-3.4.jar
2025-11-15 17:10:50,852 [Thread-180] INFO  org.apache.hadoop.hdfs.protocol.datatransfer.sasl.SaslDataTransferClient - SASL encryption trust check: localHostTrusted = false, remoteHostTrusted = false
2025-11-15 17:10:50,863 [main] INFO  org.apache.pig.backend.hadoop.executionengine.mapReduceLayer.JobControlCompiler - Added jar file:/opt/pig-0.17.0/lib/joda-time-2.9.3.jar to DistributedCache through /tmp/temp-757309406/tmp428081144/joda-time-2.9.3.jar
2025-11-15 17:10:50,863 [main] INFO  org.apache.pig.backend.hadoop.executionengine.mapReduceLayer.JobControlCompiler - Setting up single store job
2025-11-15 17:10:50,872 [main] INFO  org.apache.pig.backend.hadoop.executionengine.mapReduceLayer.MapReduceLauncher - 1 map-reduce job(s) waiting for submission.
2025-11-15 17:10:50,874 [JobControl] WARN  org.apache.hadoop.metrics2.impl.MetricsSystemImpl - JobTracker metrics system already initialized!
2025-11-15 17:10:50,878 [JobControl] WARN  org.apache.hadoop.mapreduce.JobResourceUploader - No job jar file set.  User classes may not be found. See Job or Job#setJar(String).
2025-11-15 17:10:50,891 [JobControl] INFO  org.apache.hadoop.mapreduce.lib.input.FileInputFormat - Total input files to process : 1
2025-11-15 17:10:50,891 [JobControl] INFO  org.apache.pig.backend.hadoop.executionengine.util.MapRedUtil - Total input paths to process : 1
2025-11-15 17:10:50,891 [JobControl] INFO  org.apache.pig.backend.hadoop.executionengine.util.MapRedUtil - Total input paths (combined) to process : 1
2025-11-15 17:10:50,892 [JobControl] INFO  org.apache.hadoop.mapreduce.JobSubmitter - number of splits:1
2025-11-15 17:10:50,899 [JobControl] INFO  org.apache.hadoop.mapreduce.JobSubmitter - Submitting tokens for job: job_local637108716_0005
2025-11-15 17:10:50,899 [JobControl] INFO  org.apache.hadoop.mapreduce.JobSubmitter - Executing with tokens: []
2025-11-15 17:10:50,930 [LocalDistributedCacheManager Downloader #1] INFO  org.apache.hadoop.hdfs.protocol.datatransfer.sasl.SaslDataTransferClient - SASL encryption trust check: localHostTrusted = false, remoteHostTrusted = false
2025-11-15 17:10:50,930 [LocalDistributedCacheManager Downloader #2] INFO  org.apache.hadoop.hdfs.protocol.datatransfer.sasl.SaslDataTransferClient - SASL encryption trust check: localHostTrusted = false, remoteHostTrusted = false
2025-11-15 17:10:50,930 [LocalDistributedCacheManager Downloader #0] INFO  org.apache.hadoop.hdfs.protocol.datatransfer.sasl.SaslDataTransferClient - SASL encryption trust check: localHostTrusted = false, remoteHostTrusted = false
2025-11-15 17:10:50,931 [LocalDistributedCacheManager Downloader #3] INFO  org.apache.hadoop.hdfs.protocol.datatransfer.sasl.SaslDataTransferClient - SASL encryption trust check: localHostTrusted = false, remoteHostTrusted = false
2025-11-15 17:10:50,954 [JobControl] INFO  org.apache.hadoop.mapred.LocalDistributedCacheManager - Creating symlink: /tmp/hadoop-root/mapred/local/job_local637108716_0005_fbcd977b-1362-45bf-ae13-96728875f6c7/pig-0.17.0-core-h2.jar <- /opt/pig-0.17.0/scripts/pig-0.17.0-core-h2.jar
2025-11-15 17:10:50,956 [JobControl] INFO  org.apache.hadoop.mapred.LocalDistributedCacheManager - Localized hdfs://namenode:8020/tmp/temp-757309406/tmp-90613087/pig-0.17.0-core-h2.jar as file:/tmp/hadoop-root/mapred/local/job_local637108716_0005_fbcd977b-1362-45bf-ae13-96728875f6c7/pig-0.17.0-core-h2.jar
2025-11-15 17:10:50,956 [JobControl] INFO  org.apache.hadoop.mapred.LocalDistributedCacheManager - Creating symlink: /tmp/hadoop-root/mapred/local/job_local637108716_0005_0bff2b0f-925a-471f-97f4-677b61496fda/automaton-1.11-8.jar <- /opt/pig-0.17.0/scripts/automaton-1.11-8.jar
2025-11-15 17:10:50,957 [JobControl] INFO  org.apache.hadoop.mapred.LocalDistributedCacheManager - Localized hdfs://namenode:8020/tmp/temp-757309406/tmp-1615613970/automaton-1.11-8.jar as file:/tmp/hadoop-root/mapred/local/job_local637108716_0005_0bff2b0f-925a-471f-97f4-677b61496fda/automaton-1.11-8.jar
2025-11-15 17:10:50,957 [JobControl] INFO  org.apache.hadoop.mapred.LocalDistributedCacheManager - Creating symlink: /tmp/hadoop-root/mapred/local/job_local637108716_0005_473bbc3b-1ed9-4d08-b99d-04d11fa01b9a/antlr-runtime-3.4.jar <- /opt/pig-0.17.0/scripts/antlr-runtime-3.4.jar
2025-11-15 17:10:50,958 [JobControl] INFO  org.apache.hadoop.mapred.LocalDistributedCacheManager - Localized hdfs://namenode:8020/tmp/temp-757309406/tmp-1320631094/antlr-runtime-3.4.jar as file:/tmp/hadoop-root/mapred/local/job_local637108716_0005_473bbc3b-1ed9-4d08-b99d-04d11fa01b9a/antlr-runtime-3.4.jar
2025-11-15 17:10:50,958 [JobControl] INFO  org.apache.hadoop.mapred.LocalDistributedCacheManager - Creating symlink: /tmp/hadoop-root/mapred/local/job_local637108716_0005_ab9a454e-35ae-43c8-9ba8-9e5836da6a51/joda-time-2.9.3.jar <- /opt/pig-0.17.0/scripts/joda-time-2.9.3.jar
2025-11-15 17:10:50,960 [JobControl] INFO  org.apache.hadoop.mapred.LocalDistributedCacheManager - Localized hdfs://namenode:8020/tmp/temp-757309406/tmp428081144/joda-time-2.9.3.jar as file:/tmp/hadoop-root/mapred/local/job_local637108716_0005_ab9a454e-35ae-43c8-9ba8-9e5836da6a51/joda-time-2.9.3.jar
2025-11-15 17:10:50,991 [JobControl] INFO  org.apache.hadoop.mapred.LocalDistributedCacheManager - file:/tmp/hadoop-root/mapred/local/job_local637108716_0005_fbcd977b-1362-45bf-ae13-96728875f6c7/pig-0.17.0-core-h2.jar
2025-11-15 17:10:50,991 [JobControl] INFO  org.apache.hadoop.mapred.LocalDistributedCacheManager - file:/tmp/hadoop-root/mapred/local/job_local637108716_0005_0bff2b0f-925a-471f-97f4-677b61496fda/automaton-1.11-8.jar
2025-11-15 17:10:50,991 [JobControl] INFO  org.apache.hadoop.mapred.LocalDistributedCacheManager - file:/tmp/hadoop-root/mapred/local/job_local637108716_0005_473bbc3b-1ed9-4d08-b99d-04d11fa01b9a/antlr-runtime-3.4.jar
2025-11-15 17:10:50,991 [JobControl] INFO  org.apache.hadoop.mapred.LocalDistributedCacheManager - file:/tmp/hadoop-root/mapred/local/job_local637108716_0005_ab9a454e-35ae-43c8-9ba8-9e5836da6a51/joda-time-2.9.3.jar
2025-11-15 17:10:50,991 [JobControl] INFO  org.apache.hadoop.mapreduce.Job - The url to track the job: http://localhost:8080/
2025-11-15 17:10:50,991 [Thread-182] INFO  org.apache.hadoop.mapred.LocalJobRunner - OutputCommitter set in config null
2025-11-15 17:10:50,997 [Thread-182] INFO  org.apache.hadoop.conf.Configuration.deprecation - mapred.textoutputformat.separator is deprecated. Instead, use mapreduce.output.textoutputformat.separator
2025-11-15 17:10:50,998 [Thread-182] INFO  org.apache.hadoop.conf.Configuration.deprecation - mapred.reduce.tasks is deprecated. Instead, use mapreduce.job.reduces
2025-11-15 17:10:50,998 [Thread-182] INFO  org.apache.hadoop.conf.Configuration.deprecation - mapred.job.reduce.markreset.buffer.percent is deprecated. Instead, use mapreduce.reduce.markreset.buffer.percent
2025-11-15 17:10:50,998 [Thread-182] INFO  org.apache.hadoop.mapreduce.lib.output.FileOutputCommitter - File Output Committer Algorithm version is 2
2025-11-15 17:10:50,998 [Thread-182] INFO  org.apache.hadoop.mapreduce.lib.output.FileOutputCommitter - FileOutputCommitter skip cleanup _temporary folders under output directory:false, ignore cleanup failures: false
2025-11-15 17:10:50,998 [Thread-182] INFO  org.apache.hadoop.mapred.LocalJobRunner - OutputCommitter is org.apache.pig.backend.hadoop.executionengine.mapReduceLayer.PigOutputCommitter
2025-11-15 17:10:51,005 [Thread-182] INFO  org.apache.hadoop.mapred.LocalJobRunner - Waiting for map tasks
2025-11-15 17:10:51,005 [LocalJobRunner Map Task Executor #0] INFO  org.apache.hadoop.mapred.LocalJobRunner - Starting task: attempt_local637108716_0005_m_000000_0
2025-11-15 17:10:51,013 [LocalJobRunner Map Task Executor #0] INFO  org.apache.hadoop.mapreduce.lib.output.FileOutputCommitter - File Output Committer Algorithm version is 2
2025-11-15 17:10:51,013 [LocalJobRunner Map Task Executor #0] INFO  org.apache.hadoop.mapreduce.lib.output.FileOutputCommitter - FileOutputCommitter skip cleanup _temporary folders under output directory:false, ignore cleanup failures: false
2025-11-15 17:10:51,014 [LocalJobRunner Map Task Executor #0] INFO  org.apache.hadoop.mapred.Task -  Using ResourceCalculatorProcessTree : [ ]
2025-11-15 17:10:51,014 [LocalJobRunner Map Task Executor #0] INFO  org.apache.hadoop.mapred.MapTask - Processing split: Number of splits :1
Total Length = 66
Input split[0]:
   Length = 66
   ClassName: org.apache.hadoop.mapreduce.lib.input.FileSplit
   Locations:

-----------------------

2025-11-15 17:10:51,020 [LocalJobRunner Map Task Executor #0] INFO  org.apache.pig.backend.hadoop.executionengine.mapReduceLayer.PigRecordReader - Current split being processed hdfs://namenode:8020/tmp/temp-757309406/tmp-992176466/part-r-00000:0+66
2025-11-15 17:10:51,027 [LocalJobRunner Map Task Executor #0] INFO  org.apache.hadoop.mapred.MapTask - (EQUATOR) 0 kvi 26214396(104857584)
2025-11-15 17:10:51,027 [LocalJobRunner Map Task Executor #0] INFO  org.apache.hadoop.mapred.MapTask - mapreduce.task.io.sort.mb: 100
2025-11-15 17:10:51,027 [LocalJobRunner Map Task Executor #0] INFO  org.apache.hadoop.mapred.MapTask - soft limit at 83886080
2025-11-15 17:10:51,027 [LocalJobRunner Map Task Executor #0] INFO  org.apache.hadoop.mapred.MapTask - bufstart = 0; bufvoid = 104857600
2025-11-15 17:10:51,027 [LocalJobRunner Map Task Executor #0] INFO  org.apache.hadoop.mapred.MapTask - kvstart = 26214396; length = 6553600
2025-11-15 17:10:51,027 [LocalJobRunner Map Task Executor #0] INFO  org.apache.hadoop.mapred.MapTask - Map output collector class = org.apache.hadoop.mapred.MapTask$MapOutputBuffer
2025-11-15 17:10:51,030 [LocalJobRunner Map Task Executor #0] INFO  org.apache.pig.impl.util.SpillableMemoryManager - Selected heap (PS Old Gen) of size 699400192 to monitor. collectionUsageThreshold = 489580128, usageThreshold = 489580128
2025-11-15 17:10:51,030 [LocalJobRunner Map Task Executor #0] WARN  org.apache.pig.data.SchemaTupleBackend - SchemaTupleBackend has already been initialized
2025-11-15 17:10:51,030 [LocalJobRunner Map Task Executor #0] INFO  org.apache.pig.backend.hadoop.executionengine.mapReduceLayer.PigGenericMapReduce$Map - Aliases being processed per job phase (AliasName[line,offset]): M: ORD[16,6] C:  R: 
2025-11-15 17:10:51,033 [LocalJobRunner Map Task Executor #0] INFO  org.apache.hadoop.mapred.LocalJobRunner - 
2025-11-15 17:10:51,033 [LocalJobRunner Map Task Executor #0] INFO  org.apache.hadoop.mapred.MapTask - Starting flush of map output
2025-11-15 17:10:51,033 [LocalJobRunner Map Task Executor #0] INFO  org.apache.hadoop.mapred.MapTask - Spilling map output
2025-11-15 17:10:51,033 [LocalJobRunner Map Task Executor #0] INFO  org.apache.hadoop.mapred.MapTask - bufstart = 0; bufend = 90; bufvoid = 104857600
2025-11-15 17:10:51,033 [LocalJobRunner Map Task Executor #0] INFO  org.apache.hadoop.mapred.MapTask - kvstart = 26214396(104857584); kvend = 26214384(104857536); length = 13/6553600
2025-11-15 17:10:51,034 [LocalJobRunner Map Task Executor #0] INFO  org.apache.hadoop.mapred.MapTask - Finished spill 0
2025-11-15 17:10:51,037 [LocalJobRunner Map Task Executor #0] INFO  org.apache.hadoop.mapred.Task - Task:attempt_local637108716_0005_m_000000_0 is done. And is in the process of committing
2025-11-15 17:10:51,038 [LocalJobRunner Map Task Executor #0] INFO  org.apache.hadoop.mapred.LocalJobRunner - map
2025-11-15 17:10:51,038 [LocalJobRunner Map Task Executor #0] INFO  org.apache.hadoop.mapred.Task - Task 'attempt_local637108716_0005_m_000000_0' done.
2025-11-15 17:10:51,039 [LocalJobRunner Map Task Executor #0] INFO  org.apache.hadoop.mapred.Task - Final Counters for attempt_local637108716_0005_m_000000_0: Counters: 23
	File System Counters
		FILE: Number of bytes read=587633
		FILE: Number of bytes written=32890552
		FILE: Number of read operations=0
		FILE: Number of large read operations=0
		FILE: Number of write operations=0
		HDFS: Number of bytes read=29199892
		HDFS: Number of bytes written=29049143
		HDFS: Number of read operations=221
		HDFS: Number of large read operations=0
		HDFS: Number of write operations=68
		HDFS: Number of bytes read erasure-coded=0
	Map-Reduce Framework
		Map input records=4
		Map output records=4
		Map output bytes=90
		Map output materialized bytes=104
		Input split bytes=393
		Combine input records=0
		Spilled Records=4
		Failed Shuffles=0
		Merged Map outputs=0
		GC time elapsed (ms)=0
		Total committed heap usage (bytes)=534249472
	File Input Format Counters 
		Bytes Read=0
2025-11-15 17:10:51,039 [LocalJobRunner Map Task Executor #0] INFO  org.apache.hadoop.mapred.LocalJobRunner - Finishing task: attempt_local637108716_0005_m_000000_0
2025-11-15 17:10:51,039 [Thread-182] INFO  org.apache.hadoop.mapred.LocalJobRunner - map task executor complete.
2025-11-15 17:10:51,040 [Thread-182] INFO  org.apache.hadoop.mapred.LocalJobRunner - Waiting for reduce tasks
2025-11-15 17:10:51,040 [pool-21-thread-1] INFO  org.apache.hadoop.mapred.LocalJobRunner - Starting task: attempt_local637108716_0005_r_000000_0
2025-11-15 17:10:51,047 [pool-21-thread-1] INFO  org.apache.hadoop.mapreduce.lib.output.FileOutputCommitter - File Output Committer Algorithm version is 2
2025-11-15 17:10:51,047 [pool-21-thread-1] INFO  org.apache.hadoop.mapreduce.lib.output.FileOutputCommitter - FileOutputCommitter skip cleanup _temporary folders under output directory:false, ignore cleanup failures: false
2025-11-15 17:10:51,050 [pool-21-thread-1] INFO  org.apache.hadoop.mapred.Task -  Using ResourceCalculatorProcessTree : [ ]
2025-11-15 17:10:51,050 [pool-21-thread-1] INFO  org.apache.hadoop.mapred.ReduceTask - Using ShuffleConsumerPlugin: org.apache.hadoop.mapreduce.task.reduce.Shuffle@472031ae
2025-11-15 17:10:51,050 [pool-21-thread-1] WARN  org.apache.hadoop.metrics2.impl.MetricsSystemImpl - JobTracker metrics system already initialized!
2025-11-15 17:10:51,051 [pool-21-thread-1] INFO  org.apache.hadoop.mapreduce.task.reduce.MergeManagerImpl - MergerManager: memoryLimit=652528832, maxSingleShuffleLimit=163132208, mergeThreshold=430669056, ioSortFactor=10, memToMemMergeOutputsThreshold=10
2025-11-15 17:10:51,052 [EventFetcher for fetching Map Completion Events] INFO  org.apache.hadoop.mapreduce.task.reduce.EventFetcher - attempt_local637108716_0005_r_000000_0 Thread started: EventFetcher for fetching Map Completion Events
2025-11-15 17:10:51,055 [localfetcher#5] INFO  org.apache.hadoop.mapreduce.task.reduce.LocalFetcher - localfetcher#5 about to shuffle output of map attempt_local637108716_0005_m_000000_0 decomp: 100 len: 104 to MEMORY
2025-11-15 17:10:51,056 [localfetcher#5] INFO  org.apache.hadoop.mapreduce.task.reduce.InMemoryMapOutput - Read 100 bytes from map-output for attempt_local637108716_0005_m_000000_0
2025-11-15 17:10:51,056 [localfetcher#5] INFO  org.apache.hadoop.mapreduce.task.reduce.MergeManagerImpl - closeInMemoryFile -> map-output of size: 100, inMemoryMapOutputs.size() -> 1, commitMemory -> 0, usedMemory ->100
2025-11-15 17:10:51,056 [EventFetcher for fetching Map Completion Events] INFO  org.apache.hadoop.mapreduce.task.reduce.EventFetcher - EventFetcher is interrupted.. Returning
2025-11-15 17:10:51,056 [pool-21-thread-1] INFO  org.apache.hadoop.mapred.LocalJobRunner - 1 / 1 copied.
2025-11-15 17:10:51,056 [pool-21-thread-1] INFO  org.apache.hadoop.mapreduce.task.reduce.MergeManagerImpl - finalMerge called with 1 in-memory map-outputs and 0 on-disk map-outputs
2025-11-15 17:10:51,057 [pool-21-thread-1] INFO  org.apache.hadoop.mapred.Merger - Merging 1 sorted segments
2025-11-15 17:10:51,057 [pool-21-thread-1] INFO  org.apache.hadoop.mapred.Merger - Down to the last merge-pass, with 1 segments left of total size: 88 bytes
2025-11-15 17:10:51,058 [pool-21-thread-1] INFO  org.apache.hadoop.mapreduce.task.reduce.MergeManagerImpl - Merged 1 segments, 100 bytes to disk to satisfy reduce memory limit
2025-11-15 17:10:51,058 [pool-21-thread-1] INFO  org.apache.hadoop.mapreduce.task.reduce.MergeManagerImpl - Merging 1 files, 104 bytes from disk
2025-11-15 17:10:51,058 [pool-21-thread-1] INFO  org.apache.hadoop.mapreduce.task.reduce.MergeManagerImpl - Merging 0 segments, 0 bytes from memory into reduce
2025-11-15 17:10:51,058 [pool-21-thread-1] INFO  org.apache.hadoop.mapred.Merger - Merging 1 sorted segments
2025-11-15 17:10:51,059 [pool-21-thread-1] INFO  org.apache.hadoop.mapred.Merger - Down to the last merge-pass, with 1 segments left of total size: 88 bytes
2025-11-15 17:10:51,059 [pool-21-thread-1] INFO  org.apache.hadoop.mapred.LocalJobRunner - 1 / 1 copied.
2025-11-15 17:10:51,060 [pool-21-thread-1] INFO  org.apache.hadoop.mapreduce.lib.output.FileOutputCommitter - File Output Committer Algorithm version is 2
2025-11-15 17:10:51,060 [pool-21-thread-1] INFO  org.apache.hadoop.mapreduce.lib.output.FileOutputCommitter - FileOutputCommitter skip cleanup _temporary folders under output directory:false, ignore cleanup failures: false
2025-11-15 17:10:51,064 [pool-21-thread-1] INFO  org.apache.pig.impl.util.SpillableMemoryManager - Selected heap (PS Old Gen) of size 699400192 to monitor. collectionUsageThreshold = 489580128, usageThreshold = 489580128
2025-11-15 17:10:51,064 [pool-21-thread-1] WARN  org.apache.pig.data.SchemaTupleBackend - SchemaTupleBackend has already been initialized
2025-11-15 17:10:51,066 [pool-21-thread-1] INFO  org.apache.pig.backend.hadoop.executionengine.mapReduceLayer.PigMapReduce$Reduce - Aliases being processed per job phase (AliasName[line,offset]): M: ORD[16,6] C:  R: 
2025-11-15 17:10:51,071 [Thread-209] INFO  org.apache.hadoop.hdfs.protocol.datatransfer.sasl.SaslDataTransferClient - SASL encryption trust check: localHostTrusted = false, remoteHostTrusted = false
2025-11-15 17:10:51,077 [pool-21-thread-1] INFO  org.apache.hadoop.mapred.Task - Task:attempt_local637108716_0005_r_000000_0 is done. And is in the process of committing
2025-11-15 17:10:51,080 [pool-21-thread-1] INFO  org.apache.hadoop.mapred.LocalJobRunner - 1 / 1 copied.
2025-11-15 17:10:51,080 [pool-21-thread-1] INFO  org.apache.hadoop.mapred.Task - Task attempt_local637108716_0005_r_000000_0 is allowed to commit now
2025-11-15 17:10:51,089 [pool-21-thread-1] INFO  org.apache.hadoop.mapreduce.lib.output.FileOutputCommitter - Saved output of task 'attempt_local637108716_0005_r_000000_0' to hdfs://namenode:8020/data/output/yahoo/top
2025-11-15 17:10:51,089 [pool-21-thread-1] INFO  org.apache.hadoop.mapred.LocalJobRunner - reduce > reduce
2025-11-15 17:10:51,089 [pool-21-thread-1] INFO  org.apache.hadoop.mapred.Task - Task 'attempt_local637108716_0005_r_000000_0' done.
2025-11-15 17:10:51,089 [pool-21-thread-1] INFO  org.apache.hadoop.mapred.Task - Final Counters for attempt_local637108716_0005_r_000000_0: Counters: 30
	File System Counters
		FILE: Number of bytes read=587873
		FILE: Number of bytes written=32890656
		FILE: Number of read operations=0
		FILE: Number of large read operations=0
		FILE: Number of write operations=0
		HDFS: Number of bytes read=29199892
		HDFS: Number of bytes written=29049193
		HDFS: Number of read operations=226
		HDFS: Number of large read operations=0
		HDFS: Number of write operations=70
		HDFS: Number of bytes read erasure-coded=0
	Map-Reduce Framework
		Combine input records=0
		Combine output records=0
		Reduce input groups=1
		Reduce shuffle bytes=104
		Reduce input records=4
		Reduce output records=4
		Spilled Records=4
		Shuffled Maps =1
		Failed Shuffles=0
		Merged Map outputs=1
		GC time elapsed (ms)=0
		Total committed heap usage (bytes)=534249472
	Shuffle Errors
		BAD_ID=0
		CONNECTION=0
		IO_ERROR=0
		WRONG_LENGTH=0
		WRONG_MAP=0
		WRONG_REDUCE=0
	File Output Format Counters 
		Bytes Written=0
2025-11-15 17:10:51,089 [pool-21-thread-1] INFO  org.apache.hadoop.mapred.LocalJobRunner - Finishing task: attempt_local637108716_0005_r_000000_0
2025-11-15 17:10:51,090 [Thread-182] INFO  org.apache.hadoop.mapred.LocalJobRunner - reduce task executor complete.
2025-11-15 17:10:51,373 [main] INFO  org.apache.pig.backend.hadoop.executionengine.mapReduceLayer.MapReduceLauncher - HadoopJobId: job_local637108716_0005
2025-11-15 17:10:51,373 [main] INFO  org.apache.pig.backend.hadoop.executionengine.mapReduceLayer.MapReduceLauncher - Processing aliases ORD
2025-11-15 17:10:51,373 [main] INFO  org.apache.pig.backend.hadoop.executionengine.mapReduceLayer.MapReduceLauncher - detailed locations: M: ORD[16,6] C:  R: 
2025-11-15 17:10:51,376 [main] INFO  org.apache.pig.backend.hadoop.executionengine.mapReduceLayer.MapReduceLauncher - Running jobs are [job_local637108716_0005]
2025-11-15 17:10:56,383 [main] WARN  org.apache.hadoop.metrics2.impl.MetricsSystemImpl - JobTracker metrics system already initialized!
2025-11-15 17:10:56,385 [main] WARN  org.apache.hadoop.metrics2.impl.MetricsSystemImpl - JobTracker metrics system already initialized!
2025-11-15 17:10:56,386 [main] WARN  org.apache.hadoop.metrics2.impl.MetricsSystemImpl - JobTracker metrics system already initialized!
2025-11-15 17:10:56,387 [main] INFO  org.apache.pig.backend.hadoop.executionengine.mapReduceLayer.MapReduceLauncher - 100% complete
2025-11-15 17:10:56,405 [main] INFO  org.apache.pig.tools.pigstats.mapreduce.SimplePigStats - Script Statistics: 

HadoopVersion	PigVersion	UserId	StartedAt	FinishedAt	Features
3.2.1	0.17.0	root	2025-11-15 17:10:26	2025-11-15 17:10:56	HASH_JOIN,GROUP_BY,ORDER_BY,FILTER,LIMIT

Success!

Job Stats (time in seconds):
JobId	Maps	Reduces	MaxMapTime	MinMapTime	AvgMapTime	MedianMapTime	MaxReduceTime	MinReduceTime	AvgReduceTime	MedianReducetime	Alias	Feature	Outputs
job_local141263522_0001	2	1	n/a	n/a	n/a	n/a	n/a	n/a	n/a	n/a	1-2,CLEAN,LOW,RAW,STOP,TOK,TOK_CLEAN,TOK_JOIN,TOK_NO_SW	HASH_JOIN	
job_local1960654887_0003	1	1	n/a	n/a	n/a	n/a	n/a	n/a	n/a	n/a	ORD	SAMPLER	
job_local2098063282_0002	1	1	n/a	n/a	n/a	n/a	n/a	n/a	n/a	n/a	CNT,GRP	GROUP_BY,MULTI_QUERY,COMBINER	/data/output/yahoo/full,
job_local254754598_0004	1	1	n/a	n/a	n/a	n/a	n/a	n/a	n/a	n/a	ORD	ORDER_BY,COMBINER	
job_local637108716_0005	1	1	n/a	n/a	n/a	n/a	n/a	n/a	n/a	n/a	ORD		/data/output/yahoo/top,

Input(s):
Successfully read 132 records from: "/data/resources/stopwords_es.txt"
Successfully read 5000 records from: "/data/input/yahoo/yahoo_respuestas.txt"

Output(s):
Successfully stored 4 records (50 bytes) in: "/data/output/yahoo/full"
Successfully stored 4 records (58098336 bytes) in: "/data/output/yahoo/top"

Counters:
Total records written : 8
Total bytes written : 58098386
Spillable Memory Manager spill count : 0
Total bags proactively spilled: 0
Total records proactively spilled: 0

Job DAG:
job_local141263522_0001	->	job_local2098063282_0002,
job_local2098063282_0002	->	job_local1960654887_0003,
job_local1960654887_0003	->	job_local254754598_0004,
job_local254754598_0004	->	job_local637108716_0005,
job_local637108716_0005


2025-11-15 17:10:56,406 [main] WARN  org.apache.hadoop.metrics2.impl.MetricsSystemImpl - JobTracker metrics system already initialized!
2025-11-15 17:10:56,407 [main] WARN  org.apache.hadoop.metrics2.impl.MetricsSystemImpl - JobTracker metrics system already initialized!
2025-11-15 17:10:56,408 [main] WARN  org.apache.hadoop.metrics2.impl.MetricsSystemImpl - JobTracker metrics system already initialized!
2025-11-15 17:10:56,412 [main] WARN  org.apache.hadoop.metrics2.impl.MetricsSystemImpl - JobTracker metrics system already initialized!
2025-11-15 17:10:56,413 [main] WARN  org.apache.hadoop.metrics2.impl.MetricsSystemImpl - JobTracker metrics system already initialized!
2025-11-15 17:10:56,416 [main] WARN  org.apache.hadoop.metrics2.impl.MetricsSystemImpl - JobTracker metrics system already initialized!
2025-11-15 17:10:56,419 [main] WARN  org.apache.hadoop.metrics2.impl.MetricsSystemImpl - JobTracker metrics system already initialized!
2025-11-15 17:10:56,420 [main] WARN  org.apache.hadoop.metrics2.impl.MetricsSystemImpl - JobTracker metrics system already initialized!
2025-11-15 17:10:56,421 [main] WARN  org.apache.hadoop.metrics2.impl.MetricsSystemImpl - JobTracker metrics system already initialized!
2025-11-15 17:10:56,424 [main] WARN  org.apache.hadoop.metrics2.impl.MetricsSystemImpl - JobTracker metrics system already initialized!
2025-11-15 17:10:56,425 [main] WARN  org.apache.hadoop.metrics2.impl.MetricsSystemImpl - JobTracker metrics system already initialized!
2025-11-15 17:10:56,426 [main] WARN  org.apache.hadoop.metrics2.impl.MetricsSystemImpl - JobTracker metrics system already initialized!
2025-11-15 17:10:56,429 [main] WARN  org.apache.hadoop.metrics2.impl.MetricsSystemImpl - JobTracker metrics system already initialized!
2025-11-15 17:10:56,430 [main] WARN  org.apache.hadoop.metrics2.impl.MetricsSystemImpl - JobTracker metrics system already initialized!
2025-11-15 17:10:56,433 [main] WARN  org.apache.hadoop.metrics2.impl.MetricsSystemImpl - JobTracker metrics system already initialized!
2025-11-15 17:10:56,435 [main] INFO  org.apache.pig.backend.hadoop.executionengine.mapReduceLayer.MapReduceLauncher - Success!
2025-11-15 17:10:56,455 [main] INFO  org.apache.pig.Main - Pig script completed in 31 seconds and 209 milliseconds (31209 ms)
