timestamp_iso,operation,message_id,question_id,status,latency_seconds,topic,policy,distribution,is_hit,was_evicted
2025-10-29T14:20:49.108201,PUBLISH,975773bbbce141a68dcddd726770e75a,68f2d95bd190740cfd6a1ff9,ENQUEUED,0.19733031270478418,questions_in,fifo,uniform,0,0
2025-10-29T14:20:49.361449,PUBLISH,6d164722fc5449e89e9d427667c1deae,68f2d95bd190740cfd6a3248,ENQUEUED,0.24919650099179536,questions_in,fifo,uniform,0,0
2025-10-29T14:20:49.483611,PUBLISH,393155bcc6e849889dcdd84cf2ffdf08,68f2d95bd190740cfd6a2c60,ENQUEUED,0.11784767849630606,questions_in,fifo,uniform,0,0
2025-10-29T14:20:49.811083,PUBLISH,57119019c38e4bdda228fbfce4a61a6c,68f2d95bd190740cfd6a3c33,ENQUEUED,0.3170762095574729,questions_in,fifo,uniform,0,0
2025-10-29T14:20:50.202874,PUBLISH,1c30fea6ab0b4d8190c0b941f5b880af,68f2d95bd190740cfd6a36b6,ENQUEUED,0.38817239693832317,questions_in,fifo,uniform,0,0
2025-10-29T14:20:50.504363,PUBLISH,cf3bd64a167c4dbb82ec0d03fa400a69,68f2d95bd190740cfd6a2013,ENQUEUED,0.2979690725907307,questions_in,fifo,uniform,0,0
2025-10-29T14:20:50.812031,PUBLISH,5ff4f29b4de345028cbfd5bc82c20daa,68f2d95bd190740cfd6a2cbc,ENQUEUED,0.29831901569537195,questions_in,fifo,uniform,0,0
2025-10-29T14:20:51.057283,PUBLISH,714810d8e3294a64b00dee98ea16d49b,68f2d95bd190740cfd6a3e2a,ENQUEUED,0.2382224746364887,questions_in,fifo,uniform,0,0
2025-10-29T14:20:51.407630,PUBLISH,bb1ace7817464073a03a3c91af0aa765,68f2d95bd190740cfd6a4149,ENQUEUED,0.34399302271635956,questions_in,fifo,uniform,0,0
2025-10-29T14:20:51.741716,PUBLISH,2867827ac6ae4d0fbeef6008fa50e11a,68f2d95bd190740cfd6a3f60,ENQUEUED,0.33088040050202966,questions_in,fifo,uniform,0,0
2025-10-29T14:20:52.037271,PUBLISH,2bca7601dc7d495190275c68bdc283ba,68f2d95bd190740cfd6a259b,ENQUEUED,0.2902814021007037,questions_in,fifo,uniform,0,0
2025-10-29T14:20:52.338080,PUBLISH,00d4278e38534a69b519ab7c25c90e5f,68f2d95bd190740cfd6a1d92,ENQUEUED,0.29706813767948237,questions_in,fifo,uniform,0,0
2025-10-29T14:20:52.554505,PUBLISH,0e7c2a3b06c141e3856b4d62446973d1,68f2d95bd190740cfd6a3529,ENQUEUED,0.21083168492995355,questions_in,fifo,uniform,0,0
2025-10-29T14:20:52.970034,PUBLISH,4ecec696d14647a796ba5e5a9d69ee04,68f2d95bd190740cfd6a2926,ENQUEUED,0.4087822215134156,questions_in,fifo,uniform,0,0
2025-10-29T14:20:53.093147,PUBLISH,5b948df31c664b3c8ab601af9277390b,68f2d95bd190740cfd6a25a6,ENQUEUED,0.11932366337334198,questions_in,fifo,uniform,0,0
2025-10-29T14:20:53.368725,PUBLISH,c5e380164a024c50a1f615b4ce5045ff,68f2d95bd190740cfd6a258d,ENQUEUED,0.2694562713134865,questions_in,fifo,uniform,0,0
2025-10-29T14:20:53.580832,PUBLISH,46935831d3674ead8094cedf10a2170d,68f2d95bd190740cfd6a2cf3,ENQUEUED,0.20752230033168387,questions_in,fifo,uniform,0,0
2025-10-29T14:20:53.732798,PUBLISH,6d94d5ed5e0f45faa79f25677b64702b,68f2d95bd190740cfd6a3399,ENQUEUED,0.14704477133147323,questions_in,fifo,uniform,0,0
2025-10-29T14:20:53.899430,PUBLISH,86cdf5c1dacc4cb7a870226a5e6e5186,68f2d95bd190740cfd6a332d,ENQUEUED,0.1626940280628949,questions_in,fifo,uniform,0,0
2025-10-29T14:20:54.180729,PUBLISH,bdcfa9858d1e44f1a801cde9e78f888e,68f2d95bd190740cfd6a3f7f,ENQUEUED,0.27811932790376903,questions_in,fifo,uniform,0,0
2025-10-29T14:20:54.682741,PUBLISH,4269e05bad8d4944a40602fe60e90ce1,68f2d95bd190740cfd6a412e,ENQUEUED,0.49598123203129996,questions_in,fifo,uniform,0,0
2025-10-29T14:20:54.939857,PUBLISH,fba478b21b454bb7a4330b3157086ca2,68f2d95bd190740cfd6a32fc,ENQUEUED,0.2509351311745352,questions_in,fifo,uniform,0,0
2025-10-29T14:20:55.220310,PUBLISH,c109f8f1bb5e460a8cdaf7dd2f800518,68f2d95bd190740cfd6a2f9c,ENQUEUED,0.2775614701685908,questions_in,fifo,uniform,0,0
2025-10-29T14:20:55.591726,PUBLISH,08bbc1f3f48a42b98c649c8a22ae6285,68f2d95bd190740cfd6a2b80,ENQUEUED,0.3664103445864222,questions_in,fifo,uniform,0,0
2025-10-29T14:20:55.706190,PUBLISH,ccaa5a3a67004b7b808dfcc03ce862f4,68f2d95bd190740cfd6a40fe,ENQUEUED,0.1093300564663756,questions_in,fifo,uniform,0,0
2025-10-29T14:20:56.136119,PUBLISH,28258c35d49a405da12a1be9b9ed126a,68f2d95bd190740cfd6a3a09,ENQUEUED,0.4211344250690914,questions_in,fifo,uniform,0,0
2025-10-29T14:20:56.353938,PUBLISH,f033971a2b6d4a6f929cc10ec5147510,68f2d95bd190740cfd6a29b5,ENQUEUED,0.21017030753539828,questions_in,fifo,uniform,0,0
2025-10-29T14:20:56.790880,PUBLISH,65f766f8dfa043e684b548e2262d1c0b,68f2d95bd190740cfd6a3f56,ENQUEUED,0.4294833996545887,questions_in,fifo,uniform,0,0
2025-10-29T14:20:57.100843,PUBLISH,e2b8630daa2f480fb47783a008506042,68f2d95bd190740cfd6a2c16,ENQUEUED,0.30180968785936013,questions_in,fifo,uniform,0,0
2025-10-29T14:20:57.214133,PUBLISH,be439688f99e443590407314b6d48f2f,68f2d95bd190740cfd6a3fd3,ENQUEUED,0.10614862056990591,questions_in,fifo,uniform,0,0
2025-10-29T14:20:57.631563,PUBLISH,86101ac40e894c78b5c237e32e9a38c8,68f2d95bd190740cfd6a3a96,ENQUEUED,0.40765541980181785,questions_in,fifo,uniform,0,0
2025-10-29T14:20:57.755110,PUBLISH,3be7f4e0e9744dc991038d6e08f85c17,68f2d95bd190740cfd6a2b6f,ENQUEUED,0.11688351079582415,questions_in,fifo,uniform,0,0
2025-10-29T14:20:58.050886,PUBLISH,932e52e2aa86425a9de1b7e4d35cf56d,68f2d95bd190740cfd6a301a,ENQUEUED,0.2887548414665644,questions_in,fifo,uniform,0,0
2025-10-29T14:20:58.446912,PUBLISH,1f680f08782c45dd9cae97de4dbd58ee,68f2d95bd190740cfd6a361c,ENQUEUED,0.38658358303810536,questions_in,fifo,uniform,0,0
2025-10-29T14:20:58.755680,PUBLISH,139c6a4365304d80934c826530335f4f,68f2d95bd190740cfd6a39ea,ENQUEUED,0.3000485553278103,questions_in,fifo,uniform,0,0
2025-10-29T14:20:59.158646,PUBLISH,a05abb80a04748a3b25b9e7ca9836d92,68f2d95bd190740cfd6a338e,ENQUEUED,0.3939231525741309,questions_in,fifo,uniform,0,0
2025-10-29T14:20:59.640913,PUBLISH,2f0b1a831281481a9b705d1504c9d83c,68f2d95bd190740cfd6a1e76,ENQUEUED,0.4728883626485533,questions_in,fifo,uniform,0,0
2025-10-29T14:21:00.107119,PUBLISH,0bb588cd55d042fabdf5c640f7a515b4,68f2d95bd190740cfd6a30ad,ENQUEUED,0.45789804344925156,questions_in,fifo,uniform,0,0
2025-10-29T14:21:00.575812,PUBLISH,a158fd5a81274ed7a9ffecdb03a2dc7a,68f2d95bd190740cfd6a404c,ENQUEUED,0.46081398264821516,questions_in,fifo,uniform,0,0
2025-10-29T14:21:00.981868,PUBLISH,33cd5426924b4611b4e2da2e573ba7db,68f2d95bd190740cfd6a2d0f,ENQUEUED,0.4034273154857666,questions_in,fifo,uniform,0,0
2025-10-29T14:21:01.478931,PUBLISH,b7406450c41544f3a9c7f4119ef50492,68f2d95bd190740cfd6a2ca5,ENQUEUED,0.4917676488245445,questions_in,fifo,uniform,0,0
2025-10-29T14:21:01.832112,PUBLISH,e4a4b3b9c9904922981c321baf41c265,68f2d95bd190740cfd6a37ea,ENQUEUED,0.34472451456670683,questions_in,fifo,uniform,0,0
2025-10-29T14:21:02.017108,PUBLISH,d943b13956ee4170a65d4396466153e4,68f2d95bd190740cfd6a3ede,ENQUEUED,0.17509278145838192,questions_in,fifo,uniform,0,0
2025-10-29T14:21:02.207683,PUBLISH,457d31769d2e49dfa0ec71f2f1d6efa4,68f2d95bd190740cfd6a2e6d,ENQUEUED,0.18250342443131284,questions_in,fifo,uniform,0,0
2025-10-29T14:21:02.671557,PUBLISH,6ff1e1cf66df40acb3b649e0f0eec387,68f2d95bd190740cfd6a29d0,ENQUEUED,0.45466661448980583,questions_in,fifo,uniform,0,0
2025-10-29T14:21:02.939066,PUBLISH,6f201f5614784dd185c049137bd3dc2d,68f2d95bd190740cfd6a2659,ENQUEUED,0.2595609007369978,questions_in,fifo,uniform,0,0
2025-10-29T14:21:03.175440,PUBLISH,1b42d4445c294f8cb855639c57d068f9,68f2d95bd190740cfd6a31ba,ENQUEUED,0.22797193974661095,questions_in,fifo,uniform,0,0
2025-10-29T14:21:03.547720,PUBLISH,70da33cdd2d04c8a987d1a7c7142132e,68f2d95bd190740cfd6a4078,ENQUEUED,0.36410650678652556,questions_in,fifo,uniform,0,0
2025-10-29T14:21:04.007391,PUBLISH,faaf60bda71c4fcbb55d300e71286f46,68f2d95bd190740cfd6a3e8f,ENQUEUED,0.45056950955573527,questions_in,fifo,uniform,0,0
2025-10-29T14:21:04.326419,PUBLISH,6b320a1c6a13470c9d9a701482d2eff5,68f2d95bd190740cfd6a3c4c,ENQUEUED,0.31021382859350777,questions_in,fifo,uniform,0,0
2025-10-29T14:21:04.714935,PUBLISH,a5685c91b4ff471084aeacf8105e151c,68f2d95bd190740cfd6a37e6,ENQUEUED,0.38100079725414826,questions_in,fifo,uniform,0,0
2025-10-29T14:21:04.946893,PUBLISH,bb3622540a3e43788075a8548bb0f488,68f2d95bd190740cfd6a2811,ENQUEUED,0.22431266145500534,questions_in,fifo,uniform,0,0
2025-10-29T14:21:05.225454,PUBLISH,6744960a40f64b9fae49498fb8a506f0,68f2d95bd190740cfd6a3b41,ENQUEUED,0.2706571790999256,questions_in,fifo,uniform,0,0
2025-10-29T14:21:05.463063,PUBLISH,7d31a7d3f0f44cf693a2654c55952790,68f2d95bd190740cfd6a24bc,ENQUEUED,0.2284847330796371,questions_in,fifo,uniform,0,0
2025-10-29T14:21:05.680674,PUBLISH,839bc3127bf341d09a10e043650af711,68f2d95bd190740cfd6a22dc,ENQUEUED,0.20988586667499584,questions_in,fifo,uniform,0,0
2025-10-29T14:21:05.954594,PUBLISH,6f761943a4b749baabb001a94b4ffdee,68f2d95bd190740cfd6a3426,ENQUEUED,0.2663789111846908,questions_in,fifo,uniform,0,0
2025-10-29T14:21:06.215610,PUBLISH,814931ddc179434390ed5b691d64f682,68f2d95bd190740cfd6a24c0,ENQUEUED,0.2526426756456862,questions_in,fifo,uniform,0,0
2025-10-29T14:21:06.329203,PUBLISH,0df87199bd4b4123a0af7446a2ec07a8,68f2d95bd190740cfd6a20d4,ENQUEUED,0.10613123826148652,questions_in,fifo,uniform,0,0
2025-10-29T14:21:06.547322,PUBLISH,c55b3930669f4af294c803f30f66fc06,68f2d95bd190740cfd6a21db,ENQUEUED,0.2118845278684879,questions_in,fifo,uniform,0,0
2025-10-29T14:21:06.824254,PUBLISH,e1ee019fe82d4f26b05f59950176bd6e,68f2d95bd190740cfd6a2368,ENQUEUED,0.27381779247741656,questions_in,fifo,uniform,0,0
2025-10-29T14:21:07.310609,PUBLISH,4b42718c1ab2467a88cf7031711ba68a,68f2d95bd190740cfd6a2ec8,ENQUEUED,0.48256309930674823,questions_in,fifo,uniform,0,0
2025-10-29T14:21:07.703240,PUBLISH,430d44548ae2477dba62a891d63529f7,68f2d95bd190740cfd6a34f7,ENQUEUED,0.38469925858504517,questions_in,fifo,uniform,0,0
2025-10-29T14:21:08.138031,PUBLISH,9ad7fd02b7f44e08b08f5afa49d81f27,68f2d95bd190740cfd6a23e3,ENQUEUED,0.42833864112629416,questions_in,fifo,uniform,0,0
2025-10-29T14:21:08.487511,PUBLISH,1b7d283cfc8440ebb001fd753034eeaa,68f2d95bd190740cfd6a3f1d,ENQUEUED,0.3457834007413965,questions_in,fifo,uniform,0,0
2025-10-29T14:21:08.873828,PUBLISH,bbad1699af6e407397bf4becd2d12341,68f2d95bd190740cfd6a2910,ENQUEUED,0.3788194575845433,questions_in,fifo,uniform,0,0
2025-10-29T14:21:08.986551,PUBLISH,913af34ea64946178631a80f166668db,68f2d95bd190740cfd6a37e1,ENQUEUED,0.10461406682993779,questions_in,fifo,uniform,0,0
2025-10-29T14:21:09.095244,PUBLISH,cdf3999c91ad4f03b1a803a77f70375e,68f2d95bd190740cfd6a2281,ENQUEUED,0.10365407636845739,questions_in,fifo,uniform,0,0
2025-10-29T14:21:09.362318,PUBLISH,948e64c3311d4ee9b11ddbd4e4060777,68f2d95bd190740cfd6a3845,ENQUEUED,0.26288652674674484,questions_in,fifo,uniform,0,0
2025-10-29T14:21:09.634631,PUBLISH,09326e95533d4809b0f09bce16be213f,68f2d95bd190740cfd6a1c79,ENQUEUED,0.2668719733482177,questions_in,fifo,uniform,0,0
2025-10-29T14:21:10.016237,PUBLISH,384f87965a9544e58c9070971629b03d,68f2d95bd190740cfd6a3406,ENQUEUED,0.377150228681558,questions_in,fifo,uniform,0,0
2025-10-29T14:21:10.438407,PUBLISH,85de3b51375e455ebbfe57c925708d14,68f2d95bd190740cfd6a3bdf,ENQUEUED,0.4185097360125062,questions_in,fifo,uniform,0,0
2025-10-29T14:21:10.554915,PUBLISH,d26abb20d46b4212b14024ccb4b8561e,68f2d95bd190740cfd6a23ae,ENQUEUED,0.11093708018742783,questions_in,fifo,uniform,0,0
2025-10-29T14:21:10.766974,PUBLISH,f6112cf2ca17427ba054fc678d64cc78,68f2d95bd190740cfd6a35ea,ENQUEUED,0.20806439716557806,questions_in,fifo,uniform,0,0
2025-10-29T14:21:11.059675,PUBLISH,3f28583c004042ea8b381cb0d305ba8a,68f2d95bd190740cfd6a3eda,ENQUEUED,0.2901959522175053,questions_in,fifo,uniform,0,0
2025-10-29T14:21:11.447585,PUBLISH,4d52086fd0c146d6ad26df1d66119c60,68f2d95bd190740cfd6a211a,ENQUEUED,0.3838200234070187,questions_in,fifo,uniform,0,0
2025-10-29T14:21:11.676360,PUBLISH,5e7d2c8d909d49da89768ae331db932b,68f2d95bd190740cfd6a2d85,ENQUEUED,0.22100837919868624,questions_in,fifo,uniform,0,0
2025-10-29T14:21:12.158245,PUBLISH,46cdac073e9b413c90e2355941b55c91,68f2d95bd190740cfd6a1bc3,ENQUEUED,0.47145007624583335,questions_in,fifo,uniform,0,0
2025-10-29T14:21:12.307572,PUBLISH,ebe9060fb256407dbaf453427a28bfcd,68f2d95bd190740cfd6a267c,ENQUEUED,0.14552280552877633,questions_in,fifo,uniform,0,0
2025-10-29T14:21:12.605941,PUBLISH,e55aa5c9df7241039028d674fcc6de87,68f2d95bd190740cfd6a22f7,ENQUEUED,0.2943502743507054,questions_in,fifo,uniform,0,0
2025-10-29T14:21:12.756531,PUBLISH,668b4cbcf7904e26b9c8feb7baa4adcc,68f2d95bd190740cfd6a30c4,ENQUEUED,0.14788925260155025,questions_in,fifo,uniform,0,0
2025-10-29T14:21:12.887260,PUBLISH,cffe5d35fb6041b79c1b51a789d98727,68f2d95bd190740cfd6a1ad7,ENQUEUED,0.12440785678490802,questions_in,fifo,uniform,0,0
2025-10-29T14:21:13.088149,PUBLISH,e98bf96d12814f9480c1d0a955e944a1,68f2d95bd190740cfd6a2fdc,ENQUEUED,0.1976182916506357,questions_in,fifo,uniform,0,0
2025-10-29T14:21:13.217742,PUBLISH,8794ed8d78294afe8ab1e0982036863e,68f2d95bd190740cfd6a2490,ENQUEUED,0.1252976834174323,questions_in,fifo,uniform,0,0
2025-10-29T14:21:13.721397,PUBLISH,7a2bccf12dfa445daa9ae4d2f56123c5,68f2d95bd190740cfd6a24e8,ENQUEUED,0.49509935045509046,questions_in,fifo,uniform,0,0
2025-10-29T14:21:14.087309,PUBLISH,e2d132fdea484df79396996bb108a2a1,68f2d95bd190740cfd6a2f05,ENQUEUED,0.36121637728308886,questions_in,fifo,uniform,0,0
2025-10-29T14:21:14.562423,PUBLISH,9f3ef8f6c16148d2b5281e3df603fa75,68f2d95bd190740cfd6a2ccd,ENQUEUED,0.4711092562099536,questions_in,fifo,uniform,0,0
2025-10-29T14:21:14.772921,PUBLISH,20518937ec5e4f4790a59644538968cc,68f2d95bd190740cfd6a3195,ENQUEUED,0.20303368239184383,questions_in,fifo,uniform,0,0
2025-10-29T14:21:15.217903,PUBLISH,a9e0c68b9a2c4136bf9cf82453965995,68f2d95bd190740cfd6a2aee,ENQUEUED,0.43986582004557395,questions_in,fifo,uniform,0,0
2025-10-29T14:21:15.714781,PUBLISH,4e8a350c816641a19b419915d5538bab,68f2d95bd190740cfd6a32e0,ENQUEUED,0.489557821283355,questions_in,fifo,uniform,0,0
2025-10-29T14:21:15.904910,PUBLISH,3afa962a81704d0e9ca13efe9dbed12b,68f2d95bd190740cfd6a3d7f,ENQUEUED,0.1875401863034616,questions_in,fifo,uniform,0,0
2025-10-29T14:21:16.372830,PUBLISH,4c4bdafa8a9f4aaf97a7bfd8f97aaeb1,68f2d95bd190740cfd6a3e17,ENQUEUED,0.46512599502325225,questions_in,fifo,uniform,0,0
2025-10-29T14:21:16.573285,PUBLISH,29593030b4374d5da440cebccdf3a630,68f2d95bd190740cfd6a3673,ENQUEUED,0.1977842390462351,questions_in,fifo,uniform,0,0
2025-10-29T14:21:16.791486,PUBLISH,e9770afb3c6f4faea18e71f7ee2950b5,68f2d95bd190740cfd6a2158,ENQUEUED,0.21510066443056913,questions_in,fifo,uniform,0,0
2025-10-29T14:21:17.175933,PUBLISH,c2bf7e0cc6d14699ba47d3bae6f8e787,68f2d95bd190740cfd6a1e46,ENQUEUED,0.37861559415636403,questions_in,fifo,uniform,0,0
2025-10-29T14:21:17.380381,PUBLISH,1e55327c39c14d4685dbd066396ce4d5,68f2d95bd190740cfd6a28d4,ENQUEUED,0.20080778470222618,questions_in,fifo,uniform,0,0
2025-10-29T14:21:17.734517,PUBLISH,82fb7914154f4b41b0453065715fb0ea,68f2d95bd190740cfd6a2382,ENQUEUED,0.34522264297123495,questions_in,fifo,uniform,0,0
2025-10-29T14:21:18.037499,PUBLISH,5f2be8e4611a41f7b78431299038452a,68f2d95bd190740cfd6a385c,ENQUEUED,0.29827272325911647,questions_in,fifo,uniform,0,0
2025-10-29T14:21:18.186929,PUBLISH,cd78c4fd9ca247ba96c0e24f7b0398b0,68f2d95bd190740cfd6a2c9f,ENQUEUED,0.14694605769758995,questions_in,fifo,uniform,0,0
2025-10-29T14:21:18.342105,PUBLISH,38411fabaeca49a39ce502214060c2ea,68f2d95bd190740cfd6a2871,ENQUEUED,0.1512557373171558,questions_in,fifo,uniform,0,0
2025-10-29T14:21:18.650530,PUBLISH,5599f43af90749ae97faf352398c2940,68f2d95bd190740cfd6a20c1,ENQUEUED,0.2950034255718962,questions_in,fifo,uniform,0,0
2025-10-29T14:21:19.081311,PUBLISH,4544369bbe1d4763bedbec8387dc544d,68f2d95bd190740cfd6a1c05,ENQUEUED,0.4266177415032675,questions_in,fifo,uniform,0,0
2025-10-29T14:21:19.448172,PUBLISH,e9e01965f3e84bb2a84a5a80288bced4,68f2d95bd190740cfd6a1e7b,ENQUEUED,0.36314580288576603,questions_in,fifo,uniform,0,0
2025-10-29T14:21:19.918424,PUBLISH,fbea0282f9ea452a82245ece3ecd9ece,68f2d95bd190740cfd6a222e,ENQUEUED,0.46746951494053446,questions_in,fifo,uniform,0,0
2025-10-29T14:21:20.047769,PUBLISH,7649d323979c47818e2545d8903909d2,68f2d95bd190740cfd6a2307,ENQUEUED,0.12633997382489437,questions_in,fifo,uniform,0,0
2025-10-29T14:21:20.230811,PUBLISH,6a2bcb9e69d543e19352e1972b56cfda,68f2d95bd190740cfd6a3427,ENQUEUED,0.18046303182305043,questions_in,fifo,uniform,0,0
2025-10-29T14:21:20.496675,PUBLISH,683aa6f7f65249ec87e707c2dff91c9e,68f2d95bd190740cfd6a32e3,ENQUEUED,0.2621051806780559,questions_in,fifo,uniform,0,0
2025-10-29T14:21:20.882483,PUBLISH,22ee1d9890824f1787e1b70c6e2ce4d4,68f2d95bd190740cfd6a28a7,ENQUEUED,0.3827659749344706,questions_in,fifo,uniform,0,0
2025-10-29T14:21:20.998647,PUBLISH,d6dff6ed1e6b4381b72ab46356fa0b89,68f2d95bd190740cfd6a2a76,ENQUEUED,0.11268404435519966,questions_in,fifo,uniform,0,0
2025-10-29T14:21:21.116560,PUBLISH,3f59dcf0c1d4422ebb2afd55531cf7fa,68f2d95bd190740cfd6a3b2f,ENQUEUED,0.11544865730193675,questions_in,fifo,uniform,0,0
2025-10-29T14:21:21.513986,PUBLISH,9d48db78d505475e9dd4183b874b4991,68f2d95bd190740cfd6a1b83,ENQUEUED,0.39376870931037844,questions_in,fifo,uniform,0,0
2025-10-29T14:21:21.949708,PUBLISH,89b06a8936b741c497759ff883b52918,68f2d95bd190740cfd6a20a1,ENQUEUED,0.4318769391574877,questions_in,fifo,uniform,0,0
2025-10-29T14:21:22.195422,PUBLISH,c8c830d5ca4e4ad98f0f902c343bf94f,68f2d95bd190740cfd6a1f85,ENQUEUED,0.24100566168967208,questions_in,fifo,uniform,0,0
2025-10-29T14:21:22.490603,PUBLISH,6ac18a701a774dfb8fa0ca72abb35640,68f2d95bd190740cfd6a2b86,ENQUEUED,0.29173357873578676,questions_in,fifo,uniform,0,0
2025-10-29T14:21:22.599941,PUBLISH,03a92e3070524ee5b606588a92466cf8,68f2d95bd190740cfd6a30ad,ENQUEUED,0.10630373266105093,questions_in,fifo,uniform,0,0
2025-10-29T14:21:23.063771,PUBLISH,910a1350a16a41a2b32693500fcd6322,68f2d95bd190740cfd6a282c,ENQUEUED,0.4587274972979154,questions_in,fifo,uniform,0,0
2025-10-29T14:21:23.515475,PUBLISH,87e41c7450a34e7fab248c34f42bc076,68f2d95bd190740cfd6a2e2b,ENQUEUED,0.44876921096312394,questions_in,fifo,uniform,0,0
2025-10-29T14:21:23.681356,PUBLISH,18a1c3e64c1047e0999f12f1fb1cbb17,68f2d95bd190740cfd6a3bd1,ENQUEUED,0.16271872071916554,questions_in,fifo,uniform,0,0
2025-10-29T14:21:23.934350,PUBLISH,af24c6d4762d40a38bcf741dcab9b4eb,68f2d95bd190740cfd6a2495,ENQUEUED,0.2501333432050925,questions_in,fifo,uniform,0,0
2025-10-29T14:21:24.380773,PUBLISH,732a024658c445fb8f615fc90cbfa716,68f2d95bd190740cfd6a3585,ENQUEUED,0.4426656689292938,questions_in,fifo,uniform,0,0
2025-10-29T14:21:24.771688,PUBLISH,cbfea00d9df440d4b833ac476b752875,68f2d95bd190740cfd6a34bb,ENQUEUED,0.3873721492419476,questions_in,fifo,uniform,0,0
2025-10-29T14:21:25.133633,PUBLISH,3025b7594f71486eafbb47d5f2ee2199,68f2d95bd190740cfd6a21cb,ENQUEUED,0.3594758645985455,questions_in,fifo,uniform,0,0
2025-10-29T14:21:25.477901,PUBLISH,10d9da728c0b4ffe8411a4b8687b1af0,68f2d95bd190740cfd6a1fc5,ENQUEUED,0.3400625400753774,questions_in,fifo,uniform,0,0
2025-10-29T14:21:25.967556,PUBLISH,f1f57a495d7b47ea97fb562dd6b06549,68f2d95bd190740cfd6a4099,ENQUEUED,0.4821184796326423,questions_in,fifo,uniform,0,0
2025-10-29T14:21:26.093441,PUBLISH,cfe1661ae17348dcbca2ea9f8cb3097e,68f2d95bd190740cfd6a312d,ENQUEUED,0.12185605321850579,questions_in,fifo,uniform,0,0
2025-10-29T14:21:26.324812,PUBLISH,2c3951f9a0514ae59eb1bc317491e487,68f2d95bd190740cfd6a37cf,ENQUEUED,0.22849259699726884,questions_in,fifo,uniform,0,0
2025-10-29T14:21:26.810131,PUBLISH,c33e92c769904f30b20472847887dd2d,68f2d95bd190740cfd6a2d2d,ENQUEUED,0.4780426001560808,questions_in,fifo,uniform,0,0
2025-10-29T14:21:27.214628,PUBLISH,f22103a2edbf42fcb02f8f31040619dc,68f2d95bd190740cfd6a414f,ENQUEUED,0.3993019166979199,questions_in,fifo,uniform,0,0
2025-10-29T14:21:27.498870,PUBLISH,1eae81d9df484a77b72ce5633f136a32,68f2d95bd190740cfd6a3824,ENQUEUED,0.27946178957971696,questions_in,fifo,uniform,0,0
2025-10-29T14:21:27.912710,PUBLISH,578e56cc21fb4d308568d0888b3e89a2,68f2d95bd190740cfd6a3cf1,ENQUEUED,0.407865665566428,questions_in,fifo,uniform,0,0
2025-10-29T14:21:28.037007,PUBLISH,5c8a1be7a84f48179c5991200ea92c67,68f2d95bd190740cfd6a40da,ENQUEUED,0.12207237653226813,questions_in,fifo,uniform,0,0
2025-10-29T14:21:28.513817,PUBLISH,7431ae4f5b324bac9ea79e69475c477f,68f2d95bd190740cfd6a2760,ENQUEUED,0.4727326939079153,questions_in,fifo,uniform,0,0
2025-10-29T14:21:28.915823,PUBLISH,52b930ca45d54403ade8542433879fc8,68f2d95bd190740cfd6a2d6d,ENQUEUED,0.3975331335092832,questions_in,fifo,uniform,0,0
2025-10-29T14:21:29.118490,PUBLISH,a566576d5b2846a59cf84b5e2116790f,68f2d95bd190740cfd6a2a7f,ENQUEUED,0.19871039870073925,questions_in,fifo,uniform,0,0
2025-10-29T14:21:29.369418,PUBLISH,17674d15ca784e26a3b83f8dcbc5d79e,68f2d95bd190740cfd6a28f9,ENQUEUED,0.2482394775270708,questions_in,fifo,uniform,0,0
2025-10-29T14:21:29.633430,PUBLISH,ee174f9ab1be472a92f2b8e0305840de,68f2d95bd190740cfd6a26d3,ENQUEUED,0.25806053828875786,questions_in,fifo,uniform,0,0
2025-10-29T14:21:29.901784,PUBLISH,a4b444bf38cf443593900b9dfd4afe3c,68f2d95bd190740cfd6a31ce,ENQUEUED,0.26589538889146946,questions_in,fifo,uniform,0,0
2025-10-29T14:21:30.173798,PUBLISH,963d963af6024dbf8b43b32e70041301,68f2d95bd190740cfd6a39cb,ENQUEUED,0.26902396135333984,questions_in,fifo,uniform,0,0
2025-10-29T14:21:30.573314,PUBLISH,848f0d652dc04a36b5c900d041c64605,68f2d95bd190740cfd6a3be9,ENQUEUED,0.39704754957195565,questions_in,fifo,uniform,0,0
2025-10-29T14:21:30.751599,PUBLISH,8679dc04fb3c41999a91e019d283d546,68f2d95bd190740cfd6a2e3a,ENQUEUED,0.17574806542548257,questions_in,fifo,uniform,0,0
2025-10-29T14:21:31.016931,PUBLISH,3250c8895895454e9367d87989fc9e38,68f2d95bd190740cfd6a3b81,ENQUEUED,0.2623087819456716,questions_in,fifo,uniform,0,0
2025-10-29T14:21:31.178821,PUBLISH,592b11ce6ad24311a1c5fbca739ab754,68f2d95bd190740cfd6a31dc,ENQUEUED,0.1582857338795691,questions_in,fifo,uniform,0,0
2025-10-29T14:21:31.425567,PUBLISH,3ef98088682949dda990ce269cd0b30b,68f2d95bd190740cfd6a2995,ENQUEUED,0.2428227628713251,questions_in,fifo,uniform,0,0
2025-10-29T14:21:31.667267,PUBLISH,5d926eda63784173a58d3bde1fa1eb08,68f2d95bd190740cfd6a221f,ENQUEUED,0.23910747637725027,questions_in,fifo,uniform,0,0
2025-10-29T14:21:31.926929,PUBLISH,480f3f9ef29e4a8797d789931b12f18d,68f2d95bd190740cfd6a2469,ENQUEUED,0.25648451786493714,questions_in,fifo,uniform,0,0
2025-10-29T14:21:32.279293,PUBLISH,673074458f7a4dbfa9c71fc040d5c782,68f2d95bd190740cfd6a1ae3,ENQUEUED,0.34851133341626717,questions_in,fifo,uniform,0,0
2025-10-29T14:21:32.632803,PUBLISH,7959d53554424cb4bea58e2554efe4bc,68f2d95bd190740cfd6a4173,ENQUEUED,0.3501711142840479,questions_in,fifo,uniform,0,0
2025-10-29T14:21:32.905747,PUBLISH,a62e9f63b86d43dbbced21eaf77815f1,68f2d95bd190740cfd6a1eb1,ENQUEUED,0.27006591293143023,questions_in,fifo,uniform,0,0
2025-10-29T14:21:33.033676,PUBLISH,34a9986cbdac45b08060a2942f059815,68f2d95bd190740cfd6a283a,ENQUEUED,0.12562124566560412,questions_in,fifo,uniform,0,0
2025-10-29T14:21:33.529440,PUBLISH,0ab7f1194df14e8893eed8bcf27fa2e3,68f2d95bd190740cfd6a365f,ENQUEUED,0.4914388021805035,questions_in,fifo,uniform,0,0
2025-10-29T14:21:33.688791,PUBLISH,f19ad163108f46038bf996b087a9930a,68f2d95bd190740cfd6a1f93,ENQUEUED,0.15688501008893022,questions_in,fifo,uniform,0,0
2025-10-29T14:21:33.965260,PUBLISH,e0c4b3efa97846f694daa236f0410c08,68f2d95bd190740cfd6a238a,ENQUEUED,0.27322429964674155,questions_in,fifo,uniform,0,0
2025-10-29T14:21:34.345244,PUBLISH,de845907d60a4842b69f27609c88ed78,68f2d95bd190740cfd6a3c2f,ENQUEUED,0.37534738451709715,questions_in,fifo,uniform,0,0
2025-10-29T14:21:34.761276,PUBLISH,63fa550b39e144f68ebc25be40d65a61,68f2d95bd190740cfd6a2ab1,ENQUEUED,0.41088970623601895,questions_in,fifo,uniform,0,0
2025-10-29T14:21:35.153549,PUBLISH,d1875ff61fa942d190e6b39114b7909f,68f2d95bd190740cfd6a2509,ENQUEUED,0.3899504868431838,questions_in,fifo,uniform,0,0
2025-10-29T14:21:35.453895,PUBLISH,d04240aad3754798ac0c19cd4afafda6,68f2d95bd190740cfd6a41c7,ENQUEUED,0.29767539982452895,questions_in,fifo,uniform,0,0
2025-10-29T14:21:35.579832,PUBLISH,58a41df303cb48c59a1e1c3d93f5ca6c,68f2d95bd190740cfd6a298e,ENQUEUED,0.12293013920530803,questions_in,fifo,uniform,0,0
2025-10-29T14:21:35.988266,PUBLISH,ab4283a860e94aaa8f350025d5ba292a,68f2d95bd190740cfd6a1f97,ENQUEUED,0.4060336072999351,questions_in,fifo,uniform,0,0
2025-10-29T14:21:36.429435,PUBLISH,29c98b6b9b9f4cbdb7060949ca7091ab,68f2d95bd190740cfd6a35f1,ENQUEUED,0.43751970784588345,questions_in,fifo,uniform,0,0
2025-10-29T14:21:36.548176,PUBLISH,fe07da9cdab6478c9603a3fc684103fb,68f2d95bd190740cfd6a2b65,ENQUEUED,0.11565377510788336,questions_in,fifo,uniform,0,0
2025-10-29T14:21:36.920343,PUBLISH,79ab85c51f784f9895902152dd8b27c0,68f2d95bd190740cfd6a228a,ENQUEUED,0.36980369992827034,questions_in,fifo,uniform,0,0
2025-10-29T14:21:37.077792,PUBLISH,685032f76e9c40709d8ff5b47c3e3587,68f2d95bd190740cfd6a22b1,ENQUEUED,0.1541862940414132,questions_in,fifo,uniform,0,0
2025-10-29T14:21:37.509652,PUBLISH,73e6e50ac319462cbe86e77fa63bd6a2,68f2d95bd190740cfd6a33e0,ENQUEUED,0.4269385794870538,questions_in,fifo,uniform,0,0
2025-10-29T14:21:37.819000,PUBLISH,5e3351abab3a402d9c63144189b751e5,68f2d95bd190740cfd6a2ad0,ENQUEUED,0.3070410779639301,questions_in,fifo,uniform,0,0
2025-10-29T14:21:38.279702,PUBLISH,db073b83a02043669cbde7375ab0b60d,68f2d95bd190740cfd6a3451,ENQUEUED,0.4569463507696139,questions_in,fifo,uniform,0,0
2025-10-29T14:21:38.463511,PUBLISH,5b00a1c5d76c4cae8307c59ed08fd4ea,68f2d95bd190740cfd6a3d2c,ENQUEUED,0.1808523675592258,questions_in,fifo,uniform,0,0
2025-10-29T14:21:38.702803,PUBLISH,d1413a6f894a42e99ec9c27f4d5de873,68f2d95bd190740cfd6a391b,ENQUEUED,0.23686687301014825,questions_in,fifo,uniform,0,0
2025-10-29T14:21:38.821374,PUBLISH,b05a5bc6ced4436ba1cbc63e6f8b7605,68f2d95bd190740cfd6a23f7,ENQUEUED,0.11615960561778196,questions_in,fifo,uniform,0,0
2025-10-29T14:21:39.128125,PUBLISH,00182516fb5948c8bed2da0571de4e25,68f2d95bd190740cfd6a2455,ENQUEUED,0.302503463900794,questions_in,fifo,uniform,0,0
2025-10-29T14:21:39.490899,PUBLISH,659903acb646457790d969a26949ddc8,68f2d95bd190740cfd6a3019,ENQUEUED,0.35834824530848575,questions_in,fifo,uniform,0,0
2025-10-29T14:21:39.986935,PUBLISH,3e9726ea11aa47bbb17b1a10e791b4c9,68f2d95bd190740cfd6a357d,ENQUEUED,0.49344509733664155,questions_in,fifo,uniform,0,0
2025-10-29T14:21:40.241918,PUBLISH,884272fac8e440ef9f30f74f7090eb2e,68f2d95bd190740cfd6a3e11,ENQUEUED,0.25106849329818126,questions_in,fifo,uniform,0,0
2025-10-29T14:21:40.394923,PUBLISH,013a67e745ef41799dcd61fdc7f7cf8a,68f2d95bd190740cfd6a3020,ENQUEUED,0.14976852980610006,questions_in,fifo,uniform,0,0
2025-10-29T14:21:40.595683,PUBLISH,bff810b783f44224b076fac6137135e6,68f2d95bd190740cfd6a29bf,ENQUEUED,0.1974080980071769,questions_in,fifo,uniform,0,0
2025-10-29T14:21:41.079662,PUBLISH,cff066e84f234a08981e7dd74826e886,68f2d95bd190740cfd6a2c28,ENQUEUED,0.4808133271589521,questions_in,fifo,uniform,0,0
2025-10-29T14:21:41.220115,PUBLISH,cf5eae4a3d0f4ad5b6bfc2882a396143,68f2d95bd190740cfd6a2889,ENQUEUED,0.13832395893375007,questions_in,fifo,uniform,0,0
2025-10-29T14:21:41.534900,PUBLISH,680f3fd9e03d47bcac5f25c455f469ca,68f2d95bd190740cfd6a24a6,ENQUEUED,0.3123056143343353,questions_in,fifo,uniform,0,0
2025-10-29T14:21:41.994010,PUBLISH,1d0d95761ced4da3b76b9bd1754f2c42,68f2d95bd190740cfd6a2321,ENQUEUED,0.4556168314792929,questions_in,fifo,uniform,0,0
2025-10-29T14:21:42.180080,PUBLISH,0f53697a462d4e2cbd72ec9252f19392,68f2d95bd190740cfd6a2a6c,ENQUEUED,0.18373812426570213,questions_in,fifo,uniform,0,0
2025-10-29T14:21:42.621465,PUBLISH,7d04e16a7ad3417b86c853f852a34c4d,68f2d95bd190740cfd6a3260,ENQUEUED,0.43871380421848094,questions_in,fifo,uniform,0,0
2025-10-29T14:21:42.958254,PUBLISH,49aed12dbe1740c78368475cc0d6e39a,68f2d95bd190740cfd6a35bc,ENQUEUED,0.33327172980776854,questions_in,fifo,uniform,0,0
2025-10-29T14:21:43.410818,PUBLISH,77f13095573848b29e0a3b28ade54079,68f2d95bd190740cfd6a2e2d,ENQUEUED,0.4462838612018164,questions_in,fifo,uniform,0,0
2025-10-29T14:21:43.632233,PUBLISH,c2b9602136a045eb94399f676e4585de,68f2d95bd190740cfd6a367e,ENQUEUED,0.21791877016546746,questions_in,fifo,uniform,0,0
2025-10-29T14:21:43.742124,PUBLISH,4178a08b343d4929a915cb9535f1fba9,68f2d95bd190740cfd6a1f7a,ENQUEUED,0.10611998491517625,questions_in,fifo,uniform,0,0
2025-10-29T14:21:44.119661,PUBLISH,58b47c19f843457eb775c8b1b1a967b7,68f2d95bd190740cfd6a3d4d,ENQUEUED,0.3743599230355177,questions_in,fifo,uniform,0,0
2025-10-29T14:21:44.378871,PUBLISH,0071e3f408c345d980e77a434675c51f,68f2d95bd190740cfd6a4182,ENQUEUED,0.25633746321232853,questions_in,fifo,uniform,0,0
2025-10-29T14:21:44.793203,PUBLISH,fea05f41e0354ed58fc594b72b11d56e,68f2d95bd190740cfd6a1dd7,ENQUEUED,0.41096316031921454,questions_in,fifo,uniform,0,0
2025-10-29T14:21:45.203185,PUBLISH,7d93d919f49d436aad81010a31b626ba,68f2d95bd190740cfd6a388e,ENQUEUED,0.4068508733760212,questions_in,fifo,uniform,0,0
2025-10-29T14:21:45.441688,PUBLISH,f65738dda98d4b7ca0df23f741dc562a,68f2d95bd190740cfd6a2220,ENQUEUED,0.23407254514703021,questions_in,fifo,uniform,0,0
2025-10-29T14:21:45.800936,PUBLISH,adc817e6a8a0430badcda19ff7668989,68f2d95bd190740cfd6a31f6,ENQUEUED,0.3568220847399419,questions_in,fifo,uniform,0,0
2025-10-29T14:21:45.998190,PUBLISH,5b924aa796254800a11f0f1bd613f6d9,68f2d95bd190740cfd6a3707,ENQUEUED,0.19322505591980904,questions_in,fifo,uniform,0,0
2025-10-29T14:21:46.173200,PUBLISH,21d98a60c8764f29baef2dcd36a24733,68f2d95bd190740cfd6a3488,ENQUEUED,0.17156212066266013,questions_in,fifo,uniform,0,0
2025-10-29T14:21:46.392572,PUBLISH,a17d0055c1204c2aa7f8890cd77c1295,68f2d95bd190740cfd6a1df6,ENQUEUED,0.21543948269083224,questions_in,fifo,uniform,0,0
2025-10-29T14:21:46.506504,PUBLISH,c471a4aa42ca465b85db0cc7ba41ac3d,68f2d95bd190740cfd6a3a9c,ENQUEUED,0.1099708853225109,questions_in,fifo,uniform,0,0
2025-10-29T14:21:46.951183,PUBLISH,d36e6d470ef746429732b38d85621370,68f2d95bd190740cfd6a40b3,ENQUEUED,0.4421217245362574,questions_in,fifo,uniform,0,0
2025-10-29T14:21:47.248663,PUBLISH,74ca8b222954428a80fb179f89f50b53,68f2d95bd190740cfd6a3222,ENQUEUED,0.28873075485490546,questions_in,fifo,uniform,0,0
2025-10-29T14:21:47.374355,PUBLISH,a15e46a183164e728b27c92b7cbe5789,68f2d95bd190740cfd6a340c,ENQUEUED,0.12097201457925069,questions_in,fifo,uniform,0,0
2025-10-29T14:21:47.869518,PUBLISH,48f5856076234d3ebd7b8286c506994d,68f2d95bd190740cfd6a2bb9,ENQUEUED,0.4923813785413209,questions_in,fifo,uniform,0,0
2025-10-29T14:21:48.080186,PUBLISH,d4121d4caddc41ecb17ac608eb491819,68f2d95bd190740cfd6a299c,ENQUEUED,0.20532564106790885,questions_in,fifo,uniform,0,0
2025-10-29T14:21:48.524751,PUBLISH,5836ced5be6f4b88bf93a9421f3ead93,68f2d95bd190740cfd6a3d66,ENQUEUED,0.4407530057742616,questions_in,fifo,uniform,0,0
2025-10-29T14:21:48.680272,PUBLISH,3ccc4259563f4c4694ddff7a4fec882e,68f2d95bd190740cfd6a35eb,ENQUEUED,0.1522725914537073,questions_in,fifo,uniform,0,0
2025-10-29T14:21:48.862189,PUBLISH,5949eb6d99c340d4a09f564593564d72,68f2d95bd190740cfd6a3bff,ENQUEUED,0.17871910786894474,questions_in,fifo,uniform,0,0
2025-10-29T14:21:49.161206,PUBLISH,3cfef821835940efbceae9c99d560ffa,68f2d95bd190740cfd6a3c1b,ENQUEUED,0.2960354020421155,questions_in,fifo,uniform,0,0
2025-10-29T14:21:49.520682,PUBLISH,840c445e4ed7458e852019f8d3c02b1e,68f2d95bd190740cfd6a27c2,ENQUEUED,0.35646581892299833,questions_in,fifo,uniform,0,0
2025-10-29T14:21:49.860946,PUBLISH,0829e72c69224c869ba4a324594d7d73,68f2d95bd190740cfd6a2346,ENQUEUED,0.33553774930996216,questions_in,fifo,uniform,0,0
2025-10-29T14:21:49.979852,PUBLISH,0a7690406c2d430da70dcd47b0858bd2,68f2d95bd190740cfd6a2fcc,ENQUEUED,0.11653541178525423,questions_in,fifo,uniform,0,0
2025-10-29T14:21:50.475719,PUBLISH,d2a16c8f7f42444daa04cd73d14d03b8,68f2d95bd190740cfd6a357a,ENQUEUED,0.4915878543775265,questions_in,fifo,uniform,0,0
2025-10-29T14:21:50.935825,PUBLISH,53bf4df617a94bd7878c4f50973926ad,68f2d95bd190740cfd6a2196,ENQUEUED,0.45730607423885217,questions_in,fifo,uniform,0,0
2025-10-29T14:21:51.349920,PUBLISH,012ac9c15e3442ea840688c203170f94,68f2d95bd190740cfd6a1cc6,ENQUEUED,0.4114048502666837,questions_in,fifo,uniform,0,0
2025-10-29T14:21:51.522671,PUBLISH,1f67954c8d3a4c47bf950bbc04570497,68f2d95bd190740cfd6a3db1,ENQUEUED,0.16935137082169088,questions_in,fifo,uniform,0,0
2025-10-29T14:21:51.887232,PUBLISH,e06619df7799400ea4d2c345a1d7c701,68f2d95bd190740cfd6a3438,ENQUEUED,0.360722456152485,questions_in,fifo,uniform,0,0
2025-10-29T14:21:52.329234,PUBLISH,7cfdace5e3d34893a3b4586f3802c60b,68f2d95bd190740cfd6a349e,ENQUEUED,0.43570662737666477,questions_in,fifo,uniform,0,0
2025-10-29T14:21:52.633044,PUBLISH,caeeb1db90ca4a6b930513b9373e86d9,68f2d95bd190740cfd6a2626,ENQUEUED,0.300822623967477,questions_in,fifo,uniform,0,0
2025-10-29T14:21:52.764720,PUBLISH,489828ba10384b16a0ccf048c30175a1,68f2d95bd190740cfd6a25a1,ENQUEUED,0.12941265092718998,questions_in,fifo,uniform,0,0
2025-10-29T14:21:53.155367,PUBLISH,5c85b957170549258ee051156c6d6bbf,68f2d95bd190740cfd6a3668,ENQUEUED,0.38727570360567365,questions_in,fifo,uniform,0,0
2025-10-29T14:21:53.410819,PUBLISH,4f7bbf4d0b1e4fb6936b5fed6188c143,68f2d95bd190740cfd6a30cc,ENQUEUED,0.25280447677738077,questions_in,fifo,uniform,0,0
2025-10-29T14:21:53.685927,PUBLISH,733a36bfc81644a680d39016a3a2b3d8,68f2d95bd190740cfd6a23ee,ENQUEUED,0.27261884688810967,questions_in,fifo,uniform,0,0
2025-10-29T14:21:53.906777,PUBLISH,1f8e67e9767342cf95a604844ed33402,68f2d95bd190740cfd6a3fac,ENQUEUED,0.21611946495454798,questions_in,fifo,uniform,0,0
2025-10-29T14:21:54.073800,PUBLISH,e1b8686f7d7e4b6e9f65a094bcca3c02,68f2d95bd190740cfd6a2fed,ENQUEUED,0.16358452130189094,questions_in,fifo,uniform,0,0
2025-10-29T14:21:54.453588,PUBLISH,8ae626be005f42cc8b67e8db64e3ca6d,68f2d95bd190740cfd6a21a0,ENQUEUED,0.3758365141983777,questions_in,fifo,uniform,0,0
2025-10-29T14:21:54.769422,PUBLISH,a110b10d5dab4e8a81e7819e7b1e3440,68f2d95bd190740cfd6a3b30,ENQUEUED,0.31300782577886543,questions_in,fifo,uniform,0,0
2025-10-29T14:21:55.156311,PUBLISH,07c1d4d9a7ce455b87fe9f7c7f7a9797,68f2d95bd190740cfd6a4153,ENQUEUED,0.38305995053040587,questions_in,fifo,uniform,0,0
2025-10-29T14:21:55.421111,PUBLISH,b84629a7a08540b29895be3f7229685b,68f2d95bd190740cfd6a38f7,ENQUEUED,0.26155449115853835,questions_in,fifo,uniform,0,0
2025-10-29T14:21:55.849074,PUBLISH,82420ed7e54145e5831a1574fb361b7b,68f2d95bd190740cfd6a2f00,ENQUEUED,0.4254244805952003,questions_in,fifo,uniform,0,0
2025-10-29T14:21:56.323325,PUBLISH,bb0420f766e14a73b5e36bd7f30fdc08,68f2d95bd190740cfd6a27d7,ENQUEUED,0.46966213192966755,questions_in,fifo,uniform,0,0
2025-10-29T14:21:56.459590,PUBLISH,f16ae6845d6b4a24b6bbb818b4830dcf,68f2d95bd190740cfd6a33c4,ENQUEUED,0.13257052359560886,questions_in,fifo,uniform,0,0
2025-10-29T14:21:56.757383,PUBLISH,9c9345f95f874cbe9ed649d670f65e25,68f2d95bd190740cfd6a222f,ENQUEUED,0.29392198314753826,questions_in,fifo,uniform,0,0
2025-10-29T14:21:56.987910,PUBLISH,d6665fd837d24fae9ac4f51e30a516a5,68f2d95bd190740cfd6a324a,ENQUEUED,0.22722514462235854,questions_in,fifo,uniform,0,0
2025-10-29T14:21:57.191098,PUBLISH,6bded686a2af4ca1af36391f57dcac52,68f2d95bd190740cfd6a2ac6,ENQUEUED,0.20014767683616413,questions_in,fifo,uniform,0,0
2025-10-29T14:21:57.595951,PUBLISH,fdc4ce652ed9462aa6a79d2d948a3ac3,68f2d95bd190740cfd6a40c1,ENQUEUED,0.401381949995272,questions_in,fifo,uniform,0,0
2025-10-29T14:21:57.723435,PUBLISH,b22b62d3609f455b8b8e08445bb9d1e2,68f2d95bd190740cfd6a2194,ENQUEUED,0.1244937025866927,questions_in,fifo,uniform,0,0
2025-10-29T14:21:58.201631,PUBLISH,4d23f07aeb7747b39dd3c0d98b621cda,68f2d95bd190740cfd6a259c,ENQUEUED,0.47489947848012926,questions_in,fifo,uniform,0,0
2025-10-29T14:21:58.598579,PUBLISH,075ed09f60574edbab6f6027226b6450,68f2d95bd190740cfd6a1c1d,ENQUEUED,0.3940834460175534,questions_in,fifo,uniform,0,0
2025-10-29T14:21:58.746095,PUBLISH,2ac6d20ee3ff48c98a9482915063f491,68f2d95bd190740cfd6a209d,ENQUEUED,0.14445585379962314,questions_in,fifo,uniform,0,0
2025-10-29T14:21:59.213713,PUBLISH,4e56453784ea4b8787e06659b8a63155,68f2d95bd190740cfd6a258e,ENQUEUED,0.4650312251698171,questions_in,fifo,uniform,0,0
2025-10-29T14:21:59.437359,PUBLISH,ee5cd0eba9a4440fb39a949cf6bd6d39,68f2d95bd190740cfd6a2dc9,ENQUEUED,0.21936715711147442,questions_in,fifo,uniform,0,0
2025-10-29T14:21:59.881450,PUBLISH,f6c36edaa54841e8b94607b5cea853f3,68f2d95bd190740cfd6a2dee,ENQUEUED,0.44145105848974964,questions_in,fifo,uniform,0,0
2025-10-29T14:22:00.362125,PUBLISH,c6d9582db83a4910a945f4048b5042fd,68f2d95bd190740cfd6a3d1c,ENQUEUED,0.47604629705919554,questions_in,fifo,uniform,0,0
2025-10-29T14:22:00.741740,PUBLISH,068ceeeadaed4752a11adc523fde8613,68f2d95bd190740cfd6a3693,ENQUEUED,0.3766611073967462,questions_in,fifo,uniform,0,0
2025-10-29T14:22:01.044131,PUBLISH,426d309d52c843b08d3402921db38a2f,68f2d95bd190740cfd6a3b4a,ENQUEUED,0.29883192018083615,questions_in,fifo,uniform,0,0
2025-10-29T14:22:01.328183,PUBLISH,c761d8935a124e378e08367ee96cdd8f,68f2d95bd190740cfd6a23c5,ENQUEUED,0.2812555533917158,questions_in,fifo,uniform,0,0
2025-10-29T14:22:01.759004,PUBLISH,af600663ee514d8a835ed32044023a6e,68f2d95bd190740cfd6a23e4,ENQUEUED,0.4286821955922936,questions_in,fifo,uniform,0,0
2025-10-29T14:22:02.071439,PUBLISH,4230896fb145421fa5f8a1acfe88ab4b,68f2d95bd190740cfd6a211f,ENQUEUED,0.3088441046502347,questions_in,fifo,uniform,0,0
2025-10-29T14:22:02.549375,PUBLISH,947cadc9d2694f55a114edb994a1c9c6,68f2d95bd190740cfd6a28b5,ENQUEUED,0.47490311845222677,questions_in,fifo,uniform,0,0
2025-10-29T14:22:02.836035,PUBLISH,6c061e07821749b68bb16c2be1bffe97,68f2d95bd190740cfd6a2df3,ENQUEUED,0.28310936079724924,questions_in,fifo,uniform,0,0
2025-10-29T14:22:03.135568,PUBLISH,8bc9a61dc7624fdbb59fe61b958d7a5d,68f2d95bd190740cfd6a3263,ENQUEUED,0.2956581698191379,questions_in,fifo,uniform,0,0
2025-10-29T14:22:03.632394,PUBLISH,c27a5b4030eb4112aa902050d3e214a6,68f2d95bd190740cfd6a4023,ENQUEUED,0.4940154646917615,questions_in,fifo,uniform,0,0
2025-10-29T14:22:03.859455,PUBLISH,90fd92f648174ccb8581b2b086e113cd,68f2d95bd190740cfd6a3d78,ENQUEUED,0.22294803835933694,questions_in,fifo,uniform,0,0
2025-10-29T14:22:04.321476,PUBLISH,52868c4bbe864419b9b489ceb6808686,68f2d95bd190740cfd6a252f,ENQUEUED,0.4589414066398152,questions_in,fifo,uniform,0,0
2025-10-29T14:22:04.516010,PUBLISH,ee94f679d543470a99c2260fc9012d49,68f2d95bd190740cfd6a3aae,ENQUEUED,0.19236168898675488,questions_in,fifo,uniform,0,0
2025-10-29T14:22:04.964766,PUBLISH,c35fcfff11af445ea99e43fd5b991f31,68f2d95bd190740cfd6a2730,ENQUEUED,0.44628600134811447,questions_in,fifo,uniform,0,0
2025-10-29T14:22:05.387887,PUBLISH,e75a00a3b2a8428b9d571a4e399bb4a4,68f2d95bd190740cfd6a2449,ENQUEUED,0.4199549742479509,questions_in,fifo,uniform,0,0
2025-10-29T14:22:05.804770,PUBLISH,572d914d972b47fa97a2542ad813ce12,68f2d95bd190740cfd6a3cfb,ENQUEUED,0.41340573809596326,questions_in,fifo,uniform,0,0
2025-10-29T14:22:06.135378,PUBLISH,7bf2c7512277451eb871571da072800d,68f2d95bd190740cfd6a2147,ENQUEUED,0.3268696431866543,questions_in,fifo,uniform,0,0
2025-10-29T14:22:06.623052,PUBLISH,4d2ae06ee02d4c27908344afdd9fa9e9,68f2d95bd190740cfd6a2516,ENQUEUED,0.48435663194816725,questions_in,fifo,uniform,0,0
2025-10-29T14:22:06.940565,PUBLISH,8fec58e2543949f68c130634e440a8d5,68f2d95bd190740cfd6a3e5f,ENQUEUED,0.3142626817697982,questions_in,fifo,uniform,0,0
2025-10-29T14:22:07.421131,PUBLISH,7c2f21e1674842609cddbb554d289290,68f2d95bd190740cfd6a2b09,ENQUEUED,0.47607316620166984,questions_in,fifo,uniform,0,0
2025-10-29T14:22:07.754897,PUBLISH,1810a57f757e481da3c28eb23b9919f8,68f2d95bd190740cfd6a38aa,ENQUEUED,0.3304321037330561,questions_in,fifo,uniform,0,0
2025-10-29T14:22:08.233167,PUBLISH,cdb34f8e7d514780b94e9235c8a10648,68f2d95bd190740cfd6a2ed5,ENQUEUED,0.4752710712269955,questions_in,fifo,uniform,0,0
2025-10-29T14:22:08.404147,PUBLISH,29199014914d4e8ebca1f76b3a7eff7a,68f2d95bd190740cfd6a3503,ENQUEUED,0.16651188337855288,questions_in,fifo,uniform,0,0
2025-10-29T14:22:08.670137,PUBLISH,f7026454e3ec4c0ca192b4c438fe5f04,68f2d95bd190740cfd6a257e,ENQUEUED,0.26297116673443166,questions_in,fifo,uniform,0,0
2025-10-29T14:22:09.080614,PUBLISH,7ffb01be812f4999a9d24effc4d09ea2,68f2d95bd190740cfd6a3332,ENQUEUED,0.40822150023013004,questions_in,fifo,uniform,0,0
2025-10-29T14:22:09.285080,PUBLISH,8f8b355c7858415dbe4d85a29b2f7c4c,68f2d95bd190740cfd6a2c88,ENQUEUED,0.20066151439703195,questions_in,fifo,uniform,0,0
2025-10-29T14:22:09.677960,PUBLISH,a05b93b2da1a41dea1413f37dd507b6d,68f2d95bd190740cfd6a3d3b,ENQUEUED,0.3906810771675423,questions_in,fifo,uniform,0,0
2025-10-29T14:22:10.062074,PUBLISH,243f990f21b44d6f80528b86f0b64ded,68f2d95bd190740cfd6a3971,ENQUEUED,0.3820110188191117,questions_in,fifo,uniform,0,0
2025-10-29T14:22:10.403209,PUBLISH,d273419b65b44c25a0e29f76cc46fbbd,68f2d95bd190740cfd6a2ca8,ENQUEUED,0.33629081859980847,questions_in,fifo,uniform,0,0
2025-10-29T14:22:10.784582,PUBLISH,bdcbbddfcd1f4e57aa585ca44091310b,68f2d95bd190740cfd6a3d53,ENQUEUED,0.3776575307501172,questions_in,fifo,uniform,0,0
2025-10-29T14:22:11.007860,PUBLISH,64c1563459f74bab82ddf540e49fa470,68f2d95bd190740cfd6a1fe1,ENQUEUED,0.2213338999579454,questions_in,fifo,uniform,0,0
2025-10-29T14:22:11.318142,PUBLISH,d01e4efe60ed4e46b17912d935481a54,68f2d95bd190740cfd6a3966,ENQUEUED,0.3061569664357996,questions_in,fifo,uniform,0,0
2025-10-29T14:22:11.503634,PUBLISH,066474461fca496f93f9172b320cfc91,68f2d95bd190740cfd6a3b0f,ENQUEUED,0.18187583897180543,questions_in,fifo,uniform,0,0
2025-10-29T14:22:11.612446,PUBLISH,ebcb575ba63e4b8d997750271c86f3e5,68f2d95bd190740cfd6a2d48,ENQUEUED,0.10553382065244983,questions_in,fifo,uniform,0,0
2025-10-29T14:22:12.008111,PUBLISH,866c0207cc11427fabf8620139a01cc2,68f2d95bd190740cfd6a286f,ENQUEUED,0.39265005795296437,questions_in,fifo,uniform,0,0
2025-10-29T14:22:12.206898,PUBLISH,aea4d13af250495fb30b1f01cedb4386,68f2d95bd190740cfd6a386c,ENQUEUED,0.19544114638221066,questions_in,fifo,uniform,0,0
2025-10-29T14:22:12.559419,PUBLISH,1f1c7bb81b71432b9e4b0d4577ece79a,68f2d95bd190740cfd6a1be2,ENQUEUED,0.3501143728691244,questions_in,fifo,uniform,0,0
2025-10-29T14:22:13.025648,PUBLISH,4ee6c4b3917e48eab5b4b942688fdee9,68f2d95bd190740cfd6a28b7,ENQUEUED,0.4638288277952324,questions_in,fifo,uniform,0,0
2025-10-29T14:22:13.313935,PUBLISH,0ce2130d4c9b4feeb124d4965937074d,68f2d95bd190740cfd6a2b8e,ENQUEUED,0.28627877050502604,questions_in,fifo,uniform,0,0
2025-10-29T14:22:13.448203,PUBLISH,067d8c716e3947b2a85ce8ce2ad596e8,68f2d95bd190740cfd6a3456,ENQUEUED,0.13200823448415627,questions_in,fifo,uniform,0,0
2025-10-29T14:22:13.623932,PUBLISH,671a87bfd0164c178765fa4add1ffe4c,68f2d95bd190740cfd6a3120,ENQUEUED,0.1725254610609043,questions_in,fifo,uniform,0,0
2025-10-29T14:22:13.982699,PUBLISH,17e570f0fc8a48e9aecbf9f5df6fa36f,68f2d95bd190740cfd6a385f,ENQUEUED,0.3558226624721478,questions_in,fifo,uniform,0,0
2025-10-29T14:22:14.153357,PUBLISH,94e81de4498a4260b065e293302c7318,68f2d95bd190740cfd6a3ace,ENQUEUED,0.16782593929220513,questions_in,fifo,uniform,0,0
2025-10-29T14:22:14.654744,PUBLISH,1353429185184d3589eaeeecdbee9a17,68f2d95bd190740cfd6a3cee,ENQUEUED,0.4983766919758884,questions_in,fifo,uniform,0,0
2025-10-29T14:22:15.012956,PUBLISH,e67507cdc5a34e4697b7cf677ea9668d,68f2d95bd190740cfd6a3d6d,ENQUEUED,0.3558777596871392,questions_in,fifo,uniform,0,0
2025-10-29T14:22:15.291026,PUBLISH,d7b5d8e89a184f188ad9c71b6193a8b5,68f2d95bd190740cfd6a2f91,ENQUEUED,0.27550914402119087,questions_in,fifo,uniform,0,0
2025-10-29T14:22:15.557862,PUBLISH,7fd9c1181d474cd9af15394ced8485e7,68f2d95bd190740cfd6a40ff,ENQUEUED,0.26487485520606807,questions_in,fifo,uniform,0,0
2025-10-29T14:22:15.773733,PUBLISH,07c51cd095f949498eb338fd2b20fa8f,68f2d95bd190740cfd6a391c,ENQUEUED,0.2134391472064866,questions_in,fifo,uniform,0,0
2025-10-29T14:22:16.102397,PUBLISH,0078884536144813aafbf054424e35f0,68f2d95bd190740cfd6a1e6f,ENQUEUED,0.32622722997784237,questions_in,fifo,uniform,0,0
2025-10-29T14:22:16.438734,PUBLISH,ad4d779a7b2c4f9ba6a68a0a3f3e3970,68f2d95bd190740cfd6a26d8,ENQUEUED,0.3316985072693944,questions_in,fifo,uniform,0,0
2025-10-29T14:22:16.738984,PUBLISH,4ba60551bbb346f884e3fd3a9c6ff971,68f2d95bd190740cfd6a411f,ENQUEUED,0.2972380907966688,questions_in,fifo,uniform,0,0
2025-10-29T14:22:17.190398,PUBLISH,8f1720d6ed664eadb9a5f331c33ee624,68f2d95bd190740cfd6a22af,ENQUEUED,0.4483975752304722,questions_in,fifo,uniform,0,0
2025-10-29T14:22:17.543107,PUBLISH,f8c937f78d3c46a1819768c97cfcef63,68f2d95bd190740cfd6a37ae,ENQUEUED,0.34872703354123924,questions_in,fifo,uniform,0,0
2025-10-29T14:22:17.814644,PUBLISH,22ee810213fe4e4fa7a5fa0aee719d83,68f2d95bd190740cfd6a3eb4,ENQUEUED,0.2681913009727368,questions_in,fifo,uniform,0,0
2025-10-29T14:22:18.211985,PUBLISH,71c529ca820d43ceac3f9a10eebdc385,68f2d95bd190740cfd6a1ad4,ENQUEUED,0.3945749931638173,questions_in,fifo,uniform,0,0
2025-10-29T14:22:18.560501,PUBLISH,8eb546ac90be48788b833104bba5a3a0,68f2d95bd190740cfd6a3c69,ENQUEUED,0.3464090364858888,questions_in,fifo,uniform,0,0
2025-10-29T14:22:18.686027,PUBLISH,b2dd9a8cada04e49bc8488496fc88653,68f2d95bd190740cfd6a36ec,ENQUEUED,0.12238433154026161,questions_in,fifo,uniform,0,0
2025-10-29T14:22:19.097044,PUBLISH,c604806f74cc406c9e5d0deb34d4545c,68f2d95bd190740cfd6a2853,ENQUEUED,0.40857196129000717,questions_in,fifo,uniform,0,0
2025-10-29T14:22:19.352395,PUBLISH,de752bc210494bd7a87ee7c606afd2ec,68f2d95bd190740cfd6a30e4,ENQUEUED,0.2518731188309758,questions_in,fifo,uniform,0,0
2025-10-29T14:22:19.592427,PUBLISH,b039c758a1fe43bf84dc780c8e7d94f0,68f2d95bd190740cfd6a3bd3,ENQUEUED,0.23771574050882738,questions_in,fifo,uniform,0,0
2025-10-29T14:22:20.057009,PUBLISH,ecf2ca92b814479f96486ef01222991e,68f2d95bd190740cfd6a31f3,ENQUEUED,0.4609839160486864,questions_in,fifo,uniform,0,0
2025-10-29T14:22:20.255408,PUBLISH,b363139bbe0f433aae8623df42661179,68f2d95bd190740cfd6a2488,ENQUEUED,0.1951286660738065,questions_in,fifo,uniform,0,0
2025-10-29T14:22:20.589992,PUBLISH,97485af5465b4d8e9eb0436e4fe91d54,68f2d95bd190740cfd6a26ba,ENQUEUED,0.33062033350187914,questions_in,fifo,uniform,0,0
2025-10-29T14:22:21.056148,PUBLISH,930da78ede8740bd8c8fbef2eaaf364c,68f2d95bd190740cfd6a2e8c,ENQUEUED,0.46279460108365966,questions_in,fifo,uniform,0,0
2025-10-29T14:22:21.224639,PUBLISH,7a9d2738b4b24a6cab8a67711471ffd5,68f2d95bd190740cfd6a34b4,ENQUEUED,0.16603696554377723,questions_in,fifo,uniform,0,0
2025-10-29T14:22:21.481455,PUBLISH,32b7be9965b945f9a867fe366a01557a,68f2d95bd190740cfd6a3a2f,ENQUEUED,0.25396921058166577,questions_in,fifo,uniform,0,0
2025-10-29T14:22:21.637313,PUBLISH,f551c58829274535b267a5c80a8139f5,68f2d95bd190740cfd6a2485,ENQUEUED,0.1523517028411635,questions_in,fifo,uniform,0,0
2025-10-29T14:22:21.792887,PUBLISH,71338019df094c4dbca45ed376272b18,68f2d95bd190740cfd6a3285,ENQUEUED,0.15344828361499566,questions_in,fifo,uniform,0,0
2025-10-29T14:22:22.161095,PUBLISH,aa60fac4cd114764a396b9755c0cfe79,68f2d95bd190740cfd6a21ef,ENQUEUED,0.36619629399406484,questions_in,fifo,uniform,0,0
2025-10-29T14:22:22.332102,PUBLISH,f0abd2055352466782bede68941c1ace,68f2d95bd190740cfd6a3939,ENQUEUED,0.16749388673005972,questions_in,fifo,uniform,0,0
2025-10-29T14:22:22.723764,PUBLISH,3ab47781153643a0a706607d04877bf8,68f2d95bd190740cfd6a323f,ENQUEUED,0.3888704143514691,questions_in,fifo,uniform,0,0
2025-10-29T14:22:23.166273,PUBLISH,f80849f76d7041b997fb4c36f39edcca,68f2d95bd190740cfd6a4060,ENQUEUED,0.4392995009757745,questions_in,fifo,uniform,0,0
2025-10-29T14:22:23.476524,PUBLISH,aa132e989e794adca7b93e1cee1b4e35,68f2d95bd190740cfd6a3c48,ENQUEUED,0.30698179674774806,questions_in,fifo,uniform,0,0
2025-10-29T14:22:23.603276,PUBLISH,70fd50956b9344f9a038e7e23555bc18,68f2d95bd190740cfd6a2e46,ENQUEUED,0.12286471711394467,questions_in,fifo,uniform,0,0
2025-10-29T14:22:24.049170,PUBLISH,7ab0f4bec4f64c0984ed640f2e4b11b1,68f2d95bd190740cfd6a1e1e,ENQUEUED,0.44216019845483856,questions_in,fifo,uniform,0,0
2025-10-29T14:22:24.228913,PUBLISH,de42d4f42cfe4c14b14c6a7a4c0fbc7d,68f2d95bd190740cfd6a2ae1,ENQUEUED,0.17735040789603454,questions_in,fifo,uniform,0,0
2025-10-29T14:22:24.368006,PUBLISH,a61c8eda741246a684d41d0e195821f4,68f2d95bd190740cfd6a1dad,ENQUEUED,0.135794168567674,questions_in,fifo,uniform,0,0
2025-10-29T14:22:24.640446,PUBLISH,988a4e37a85f47f3aedc4f2588435f4a,68f2d95bd190740cfd6a3b78,ENQUEUED,0.2703171482921054,questions_in,fifo,uniform,0,0
2025-10-29T14:22:25.044324,PUBLISH,3a35dcc84e414a1691e7c61381a85ff8,68f2d95bd190740cfd6a21aa,ENQUEUED,0.40095490634665276,questions_in,fifo,uniform,0,0
2025-10-29T14:22:25.344326,PUBLISH,b5f31625a40f4f878fd64be39e4b4b9a,68f2d95bd190740cfd6a20db,ENQUEUED,0.29736633097368537,questions_in,fifo,uniform,0,0
2025-10-29T14:22:25.755212,PUBLISH,c75823b7ae4b45ef88ff03083c10ed2c,68f2d95bd190740cfd6a3e7b,ENQUEUED,0.4084187071764075,questions_in,fifo,uniform,0,0
2025-10-29T14:22:25.936957,PUBLISH,a31c4e3ff6c943cea1290c03aa3ad8ad,68f2d95bd190740cfd6a3aeb,ENQUEUED,0.17841455143562374,questions_in,fifo,uniform,0,0
2025-10-29T14:22:26.192864,PUBLISH,4ef0ea3b3bc9462ca2bbb5dfc1a24ba0,68f2d95bd190740cfd6a4162,ENQUEUED,0.25392537089737366,questions_in,fifo,uniform,0,0
2025-10-29T14:22:26.576499,PUBLISH,6d88d6e6863a4efaac8d9c30021cd18b,68f2d95bd190740cfd6a3d0e,ENQUEUED,0.3814603457471033,questions_in,fifo,uniform,0,0
2025-10-29T14:22:26.784663,PUBLISH,6d77e99d505f4bcdb33411bd583f10b9,68f2d95bd190740cfd6a2058,ENQUEUED,0.20450227833174206,questions_in,fifo,uniform,0,0
2025-10-29T14:22:26.985101,PUBLISH,8184f4ae894c4068b64e1a7e11079640,68f2d95bd190740cfd6a2b4e,ENQUEUED,0.19727905467168336,questions_in,fifo,uniform,0,0
2025-10-29T14:22:27.304899,PUBLISH,5b87f5bccae742b9800a438b175c9dd9,68f2d95bd190740cfd6a36ea,ENQUEUED,0.31645260247980334,questions_in,fifo,uniform,0,0
2025-10-29T14:22:27.585011,PUBLISH,e1f71cc038ff418ba38c4d95a425d378,68f2d95bd190740cfd6a2be2,ENQUEUED,0.2757104189888202,questions_in,fifo,uniform,0,0
2025-10-29T14:22:27.703151,PUBLISH,d38fb5770d254b3aa0584e680361b217,68f2d95bd190740cfd6a40cf,ENQUEUED,0.11520489540875767,questions_in,fifo,uniform,0,0
2025-10-29T14:22:28.157157,PUBLISH,b0c1b0386320469aaec35597d27e0451,68f2d95bd190740cfd6a1e6c,ENQUEUED,0.45028539434549264,questions_in,fifo,uniform,0,0
2025-10-29T14:22:28.433150,PUBLISH,85145354fd7a483fb29e61a21f498ffa,68f2d95bd190740cfd6a26ef,ENQUEUED,0.2720820861233091,questions_in,fifo,uniform,0,0
2025-10-29T14:22:28.811973,PUBLISH,6229eee6ff2e4f298202d08d5e92838a,68f2d95bd190740cfd6a3b2c,ENQUEUED,0.37642702407172846,questions_in,fifo,uniform,0,0
2025-10-29T14:22:29.190437,PUBLISH,76c60d0a47434d73a9eb0a54e8117dc2,68f2d95bd190740cfd6a3c61,ENQUEUED,0.37608847460363226,questions_in,fifo,uniform,0,0
2025-10-29T14:22:29.485754,PUBLISH,636d810e6baf4ed181541e124e8c501b,68f2d95bd190740cfd6a2503,ENQUEUED,0.292768164814618,questions_in,fifo,uniform,0,0
2025-10-29T14:22:29.949829,PUBLISH,769b0a3aa9044471a267b70de7eac260,68f2d95bd190740cfd6a253a,ENQUEUED,0.46004734485030163,questions_in,fifo,uniform,0,0
2025-10-29T14:22:30.295153,PUBLISH,88b3ef8e1700410e9bb52487da316363,68f2d95bd190740cfd6a20ac,ENQUEUED,0.3429297561720209,questions_in,fifo,uniform,0,0
2025-10-29T14:22:30.626526,PUBLISH,28eb814643694b78b45a288121f65467,68f2d95bd190740cfd6a2ad8,ENQUEUED,0.3289262119676364,questions_in,fifo,uniform,0,0
2025-10-29T14:22:31.080771,PUBLISH,c34a718d7c0f485390221723f4f22f49,68f2d95bd190740cfd6a1e91,ENQUEUED,0.4505673666053095,questions_in,fifo,uniform,0,0
2025-10-29T14:22:31.374563,PUBLISH,7a91d21c5d8c43f68754407ebab04c0f,68f2d95bd190740cfd6a1e42,ENQUEUED,0.29203300478797234,questions_in,fifo,uniform,0,0
2025-10-29T14:22:31.680213,PUBLISH,c8f840ffdf034c758322a6634147e723,68f2d95bd190740cfd6a1fec,ENQUEUED,0.30262210351696855,questions_in,fifo,uniform,0,0
2025-10-29T14:22:32.065879,PUBLISH,cf8454f54bce464eacabf89f7a14e270,68f2d95bd190740cfd6a1fca,ENQUEUED,0.38238206342776515,questions_in,fifo,uniform,0,0
2025-10-29T14:22:32.372567,PUBLISH,c17e3023405245fd96a5162cdad97d2b,68f2d95bd190740cfd6a3ef6,ENQUEUED,0.3038602826614685,questions_in,fifo,uniform,0,0
2025-10-29T14:22:32.613165,PUBLISH,325ec2225695452e9f30599456b7320c,68f2d95bd190740cfd6a2fe7,ENQUEUED,0.23720517144498535,questions_in,fifo,uniform,0,0
2025-10-29T14:22:32.965396,PUBLISH,7265763a941c4dbf83f2585a507a9e95,68f2d95bd190740cfd6a3b50,ENQUEUED,0.34931977727643254,questions_in,fifo,uniform,0,0
2025-10-29T14:22:33.380574,PUBLISH,f5743788164b4de4a9c5afe9ea9e4f97,68f2d95bd190740cfd6a34c6,ENQUEUED,0.4110263029194695,questions_in,fifo,uniform,0,0
2025-10-29T14:22:33.844054,PUBLISH,9ec9306afb51462d82ce8062cc3c465f,68f2d95bd190740cfd6a32ed,ENQUEUED,0.4611614679639715,questions_in,fifo,uniform,0,0
2025-10-29T14:22:34.269330,PUBLISH,363452c0bb914adeb8fa89738a3d36b7,68f2d95bd190740cfd6a3b7b,ENQUEUED,0.42263879573807117,questions_in,fifo,uniform,0,0
2025-10-29T14:22:34.599721,PUBLISH,9505d9e56c0a4ef681d4e452581d203c,68f2d95bd190740cfd6a1d07,ENQUEUED,0.32730702840774306,questions_in,fifo,uniform,0,0
2025-10-29T14:22:35.066082,PUBLISH,28eed4d8f89f4c75a9db7ae8d3502820,68f2d95bd190740cfd6a3233,ENQUEUED,0.4626727503160003,questions_in,fifo,uniform,0,0
2025-10-29T14:22:35.298188,PUBLISH,9776b8aa15c24c6aa78f92cb710a316b,68f2d95bd190740cfd6a3d7b,ENQUEUED,0.2287354806513594,questions_in,fifo,uniform,0,0
2025-10-29T14:22:35.539236,PUBLISH,b5fe64771d054a82a86cda27f757cf31,68f2d95bd190740cfd6a271a,ENQUEUED,0.23846086655907547,questions_in,fifo,uniform,0,0
2025-10-29T14:22:35.850411,PUBLISH,e3c36f77a97d44049a29f3639a8cb7c1,68f2d95bd190740cfd6a1f38,ENQUEUED,0.30819783184023375,questions_in,fifo,uniform,0,0
2025-10-29T14:22:35.972714,PUBLISH,cb48b9053f2c441b80898fe665b52fc7,68f2d95bd190740cfd6a40b2,ENQUEUED,0.11992914365999097,questions_in,fifo,uniform,0,0
2025-10-29T14:22:36.153949,PUBLISH,d18b89477d6f4717ad261c19def3ee66,68f2d95bd190740cfd6a39ae,ENQUEUED,0.1788075168673224,questions_in,fifo,uniform,0,0
2025-10-29T14:22:36.408056,PUBLISH,426fefe2bf0e44529dcb1ea6a8d9264a,68f2d95bd190740cfd6a3af0,ENQUEUED,0.25119425513530946,questions_in,fifo,uniform,0,0
2025-10-29T14:22:36.598209,PUBLISH,60fc2ef194c54358b69c8208c020b444,68f2d95bd190740cfd6a3236,ENQUEUED,0.18681155242408698,questions_in,fifo,uniform,0,0
2025-10-29T14:22:36.917505,PUBLISH,5534406cb80340489cc8060434192dcc,68f2d95bd190740cfd6a1ff2,ENQUEUED,0.3166065590804418,questions_in,fifo,uniform,0,0
2025-10-29T14:22:37.250140,PUBLISH,b830337d4cf84db1af6c6ffa477b0ef6,68f2d95bd190740cfd6a300f,ENQUEUED,0.3292754194807087,questions_in,fifo,uniform,0,0
2025-10-29T14:22:37.600561,PUBLISH,0d50ed6cc675490cbac4ccc83b0fffc2,68f2d95bd190740cfd6a3c5f,ENQUEUED,0.3472383485609734,questions_in,fifo,uniform,0,0
2025-10-29T14:22:38.065130,PUBLISH,c10397cec8e44703a2fc09a89766f227,68f2d95bd190740cfd6a20ee,ENQUEUED,0.46087067192032694,questions_in,fifo,uniform,0,0
2025-10-29T14:22:38.565273,PUBLISH,af2b5e20a89746759e5ee4039dda7bcd,68f2d95bd190740cfd6a3e3d,ENQUEUED,0.4970277894398403,questions_in,fifo,uniform,0,0
2025-10-29T14:22:38.896444,PUBLISH,adc4a642c37e4204b9e19cb4b26dd5d2,68f2d95bd190740cfd6a1eed,ENQUEUED,0.3269952458442795,questions_in,fifo,uniform,0,0
2025-10-29T14:22:39.158394,PUBLISH,b82e47ccb2b84dc2b7727cabe7d053b4,68f2d95bd190740cfd6a1e21,ENQUEUED,0.25974048098799557,questions_in,fifo,uniform,0,0
2025-10-29T14:22:39.298691,PUBLISH,713d5ecd495e496b8735b6277db3fcc6,68f2d95bd190740cfd6a2192,ENQUEUED,0.13751127671067814,questions_in,fifo,uniform,0,0
2025-10-29T14:22:39.798746,PUBLISH,1381d5a14f3b43afa7922f4f4ebfdf9a,68f2d95bd190740cfd6a3ecf,ENQUEUED,0.49588366583824073,questions_in,fifo,uniform,0,0
2025-10-29T14:22:40.036864,PUBLISH,0b4fa6f8b7ca4ad982d7700163b867e3,68f2d95bd190740cfd6a31ef,ENQUEUED,0.23564194532742128,questions_in,fifo,uniform,0,0
2025-10-29T14:22:40.185610,PUBLISH,74bd02d06abd4f5b93460993b6a0b14d,68f2d95bd190740cfd6a32fb,ENQUEUED,0.14542281403074672,questions_in,fifo,uniform,0,0
2025-10-29T14:22:40.312533,PUBLISH,d97c841171d84c049a353c2ca6e0154e,68f2d95bd190740cfd6a3275,ENQUEUED,0.12348839125763988,questions_in,fifo,uniform,0,0
2025-10-29T14:22:40.464898,PUBLISH,ffada411a8b14b1f9e9448e72bb6bf7c,68f2d95bd190740cfd6a1bb5,ENQUEUED,0.14923096374664407,questions_in,fifo,uniform,0,0
2025-10-29T14:22:40.716593,PUBLISH,42cdca2e4ec6415bbd4f309357464612,68f2d95bd190740cfd6a20f5,ENQUEUED,0.24867469708688272,questions_in,fifo,uniform,0,0
2025-10-29T14:22:40.884005,PUBLISH,527f9b7e2c894c51866ea2e4ff90252f,68f2d95bd190740cfd6a1afa,ENQUEUED,0.1642445040842532,questions_in,fifo,uniform,0,0
2025-10-29T14:22:41.050332,PUBLISH,3cdd9b63d23b4d75bce31471fa96f4a1,68f2d95bd190740cfd6a1e45,ENQUEUED,0.16156102756264865,questions_in,fifo,uniform,0,0
2025-10-29T14:22:41.213062,PUBLISH,9ea7b1d80271404e9685d6f744365657,68f2d95bd190740cfd6a31ec,ENQUEUED,0.1598092579338967,questions_in,fifo,uniform,0,0
2025-10-29T14:22:41.590356,PUBLISH,00294f63324f4ea4b4747a3391345a71,68f2d95bd190740cfd6a229f,ENQUEUED,0.37466447552887827,questions_in,fifo,uniform,0,0
2025-10-29T14:22:42.003566,PUBLISH,9f08e0ef194d47529366a7856e1fff23,68f2d95bd190740cfd6a3196,ENQUEUED,0.40985473129394157,questions_in,fifo,uniform,0,0
2025-10-29T14:22:42.284736,PUBLISH,d778cc6a0ead4e0997cbae8a78946a76,68f2d95bd190740cfd6a3963,ENQUEUED,0.27932255472121215,questions_in,fifo,uniform,0,0
2025-10-29T14:22:42.734325,PUBLISH,3cf4a3a72eff4ea4a4dd8e3d65656854,68f2d95bd190740cfd6a3f56,ENQUEUED,0.44702451230993134,questions_in,fifo,uniform,0,0
2025-10-29T14:22:43.085055,PUBLISH,5e16da4ffaf44effbff6bdfd29497b24,68f2d95bd190740cfd6a275f,ENQUEUED,0.3487338360809844,questions_in,fifo,uniform,0,0
2025-10-29T14:22:43.249932,PUBLISH,ac68b8fea73741b1ad4fc4995e6cf363,68f2d95bd190740cfd6a2aac,ENQUEUED,0.162006432069385,questions_in,fifo,uniform,0,0
2025-10-29T14:22:43.372654,PUBLISH,d8f9d65a1a914ff4b944b7a3b9fc466e,68f2d95bd190740cfd6a1cc9,ENQUEUED,0.12082746285357229,questions_in,fifo,uniform,0,0
2025-10-29T14:22:43.799768,PUBLISH,8d41b987f0f5438fbcbf525f34221e62,68f2d95bd190740cfd6a2840,ENQUEUED,0.42374850955144716,questions_in,fifo,uniform,0,0
2025-10-29T14:22:44.285799,PUBLISH,2d346023184e4a16872ef316f7709080,68f2d95bd190740cfd6a2d88,ENQUEUED,0.48241107584998244,questions_in,fifo,uniform,0,0
2025-10-29T14:22:44.619519,PUBLISH,4f41415030554ceba86e7185b5e7cf41,68f2d95bd190740cfd6a20b4,ENQUEUED,0.33030746912162245,questions_in,fifo,uniform,0,0
2025-10-29T14:22:45.022693,PUBLISH,8de9c5a4b1da4be6979ee1ffa5429ab1,68f2d95bd190740cfd6a28cc,ENQUEUED,0.40005893920096414,questions_in,fifo,uniform,0,0
2025-10-29T14:22:45.267718,PUBLISH,2ac06156bf9c496fa0f2a7d773d739d9,68f2d95bd190740cfd6a31e8,ENQUEUED,0.2425628582715278,questions_in,fifo,uniform,0,0
2025-10-29T14:22:45.400200,PUBLISH,821d5027b5eb44a7900ed8c33856cc93,68f2d95bd190740cfd6a2fea,ENQUEUED,0.12933796383686336,questions_in,fifo,uniform,0,0
2025-10-29T14:22:45.759058,PUBLISH,930d9562862a415f95ca3089963340b4,68f2d95bd190740cfd6a26b7,ENQUEUED,0.3561165791169707,questions_in,fifo,uniform,0,0
2025-10-29T14:22:45.971363,PUBLISH,f8d187a842a34f74b3296fa5815b339f,68f2d95bd190740cfd6a39da,ENQUEUED,0.20947355737905005,questions_in,fifo,uniform,0,0
2025-10-29T14:22:46.398167,PUBLISH,441832b3046046c19b822a34ca5c248d,68f2d95bd190740cfd6a336e,ENQUEUED,0.4231101399225511,questions_in,fifo,uniform,0,0
2025-10-29T14:22:46.702919,PUBLISH,c7356f3f07254f89ac8f675c5e2e26f4,68f2d95bd190740cfd6a24fe,ENQUEUED,0.30175161586860555,questions_in,fifo,uniform,0,0
2025-10-29T14:22:46.833991,PUBLISH,4f86dcc2b97e4fc994538283596d2cb7,68f2d95bd190740cfd6a35ae,ENQUEUED,0.12870649805635087,questions_in,fifo,uniform,0,0
2025-10-29T14:22:47.135314,PUBLISH,81717ec135d14c099263a98961be2899,68f2d95bd190740cfd6a1b45,ENQUEUED,0.29928931806103565,questions_in,fifo,uniform,0,0
2025-10-29T14:22:47.577820,PUBLISH,fb5da075327a464c8a68f7351cb92f46,68f2d95bd190740cfd6a3489,ENQUEUED,0.4391967695735082,questions_in,fifo,uniform,0,0
2025-10-29T14:22:48.007843,PUBLISH,63e96d19f0fe43548a536a3297e12f0a,68f2d95bd190740cfd6a3f93,ENQUEUED,0.42782729707509126,questions_in,fifo,uniform,0,0
2025-10-29T14:22:48.218940,PUBLISH,69f03a45276a43c6b4af6be9c38c9af4,68f2d95bd190740cfd6a3a3a,ENQUEUED,0.20889354305787072,questions_in,fifo,uniform,0,0
2025-10-29T14:22:48.439436,PUBLISH,3d164e147ae943c9be72a2cf38e0cc79,68f2d95bd190740cfd6a29bb,ENQUEUED,0.21726965822615807,questions_in,fifo,uniform,0,0
2025-10-29T14:22:48.551726,PUBLISH,7f8e0888fcfe46cbaa96d34cb715838b,68f2d95bd190740cfd6a3495,ENQUEUED,0.11029891201882305,questions_in,fifo,uniform,0,0
2025-10-29T14:22:48.703797,PUBLISH,eb3e3efb7ff749bb834c4761a2f9aa71,68f2d95bd190740cfd6a2c28,ENQUEUED,0.14963887514448282,questions_in,fifo,uniform,0,0
2025-10-29T14:22:49.111085,PUBLISH,3d90a87fe1cc4f50ba0dbabafcbdd025,68f2d95bd190740cfd6a32b2,ENQUEUED,0.40418798760787433,questions_in,fifo,uniform,0,0
2025-10-29T14:22:49.495803,PUBLISH,7d7a2b6a3b0a46d089c71a1681ce7659,68f2d95bd190740cfd6a2251,ENQUEUED,0.38107868696182146,questions_in,fifo,uniform,0,0
2025-10-29T14:22:49.857343,PUBLISH,1cf3a99a13b14ec4a85dd9663c9b4e37,68f2d95bd190740cfd6a28d9,ENQUEUED,0.35878795860172663,questions_in,fifo,uniform,0,0
2025-10-29T14:22:50.249472,PUBLISH,e58d7a4985f347079e09641e0f0a6bce,68f2d95bd190740cfd6a363f,ENQUEUED,0.3892808718723011,questions_in,fifo,uniform,0,0
2025-10-29T14:22:50.518840,PUBLISH,5346005865d14de2b9bf6e80be8cc7a4,68f2d95bd190740cfd6a2328,ENQUEUED,0.26664423876129884,questions_in,fifo,uniform,0,0
2025-10-29T14:22:50.755192,PUBLISH,79ea737c19b14d3ab41aab4e009276cb,68f2d95bd190740cfd6a4173,ENQUEUED,0.23391624197010819,questions_in,fifo,uniform,0,0
2025-10-29T14:22:51.173669,PUBLISH,8c2151092a0549baa8ca03aa03ac3f2d,68f2d95bd190740cfd6a2ac2,ENQUEUED,0.41536608763652083,questions_in,fifo,uniform,0,0
2025-10-29T14:22:51.317631,PUBLISH,b7b1dfef33c6470c8cd441c918ab3ea6,68f2d95bd190740cfd6a1b8e,ENQUEUED,0.1407130678006143,questions_in,fifo,uniform,0,0
2025-10-29T14:22:51.516227,PUBLISH,d3ec30aa198d434ea4ec1e9936bf9048,68f2d95bd190740cfd6a2976,ENQUEUED,0.19491758894826622,questions_in,fifo,uniform,0,0
2025-10-29T14:22:51.878210,PUBLISH,e88332338d0e4c94a7bc3e8f070dc8a4,68f2d95bd190740cfd6a27d4,ENQUEUED,0.3580854679352593,questions_in,fifo,uniform,0,0
2025-10-29T14:22:52.170765,PUBLISH,63f982da2aea41409d0eb57d0e2d56c4,68f2d95bd190740cfd6a3aa1,ENQUEUED,0.2898303723928203,questions_in,fifo,uniform,0,0
2025-10-29T14:22:52.588921,PUBLISH,89e0ca953abb494f8b8c8c13de3d541e,68f2d95bd190740cfd6a1b7b,ENQUEUED,0.4162092959936686,questions_in,fifo,uniform,0,0
2025-10-29T14:22:52.846359,PUBLISH,506c292b7d464991993f066584a9a783,68f2d95bd190740cfd6a2d63,ENQUEUED,0.2544353838175287,questions_in,fifo,uniform,0,0
2025-10-29T14:22:53.332796,PUBLISH,c95ee42e835e4d36998ab2f623a2d450,68f2d95bd190740cfd6a308c,ENQUEUED,0.4843132437255875,questions_in,fifo,uniform,0,0
2025-10-29T14:22:53.534471,PUBLISH,d7c63cbb14f840bb8999bd732d6ac538,68f2d95bd190740cfd6a34dd,ENQUEUED,0.1998907043143154,questions_in,fifo,uniform,0,0
2025-10-29T14:22:54.000356,PUBLISH,53298c6ca17e423ab264f6b581faccbe,68f2d95bd190740cfd6a2e44,ENQUEUED,0.4639968003448599,questions_in,fifo,uniform,0,0
2025-10-29T14:22:54.219317,PUBLISH,1ef85a1ae0994a198e72bb0455ea9244,68f2d95bd190740cfd6a2c40,ENQUEUED,0.21669107872887516,questions_in,fifo,uniform,0,0
2025-10-29T14:22:54.552424,PUBLISH,a5b60695d36f430195e08dbc17a0398f,68f2d95bd190740cfd6a2bcd,ENQUEUED,0.330017993464065,questions_in,fifo,uniform,0,0
2025-10-29T14:22:54.857464,PUBLISH,6233aa7739d141a1b16c9a0d1ec9f4fd,68f2d95bd190740cfd6a2d38,ENQUEUED,0.30222105962951873,questions_in,fifo,uniform,0,0
2025-10-29T14:22:54.984073,PUBLISH,890413a2cd3c43b2b2f189082276851c,68f2d95bd190740cfd6a2a6f,ENQUEUED,0.12349726363175756,questions_in,fifo,uniform,0,0
2025-10-29T14:22:55.283480,PUBLISH,f958825a40de47d8bb27234cf613cbce,68f2d95bd190740cfd6a2c93,ENQUEUED,0.29701548634326824,questions_in,fifo,uniform,0,0
2025-10-29T14:22:55.764513,PUBLISH,05c28d22d42e44b9ad0d1bc8c73e98fa,68f2d95bd190740cfd6a3031,ENQUEUED,0.478307973620096,questions_in,fifo,uniform,0,0
2025-10-29T14:22:56.024218,PUBLISH,e43ac7387b5c4c69afc14678620b338e,68f2d95bd190740cfd6a2930,ENQUEUED,0.256101163976058,questions_in,fifo,uniform,0,0
2025-10-29T14:22:56.452236,PUBLISH,81a7c2d02025488ca843fc8a8ae6d19f,68f2d95bd190740cfd6a21bd,ENQUEUED,0.42473461881799934,questions_in,fifo,uniform,0,0
2025-10-29T14:22:56.566552,PUBLISH,7dd291110ffe4750a9ac0bfe61f5add9,68f2d95bd190740cfd6a38f7,ENQUEUED,0.11208131821206946,questions_in,fifo,uniform,0,0
2025-10-29T14:22:57.010378,PUBLISH,33bdeb9aee384bda94268a496da0b491,68f2d95bd190740cfd6a210c,ENQUEUED,0.439275292522576,questions_in,fifo,uniform,0,0
2025-10-29T14:22:57.345162,PUBLISH,76bdaecbafe94373824e37e8b44174b6,68f2d95bd190740cfd6a3d1a,ENQUEUED,0.3315002276431378,questions_in,fifo,uniform,0,0
2025-10-29T14:22:57.480877,PUBLISH,5d6d83c7beac4a1d9be220d3aed43d95,68f2d95bd190740cfd6a2c14,ENQUEUED,0.1326556468446749,questions_in,fifo,uniform,0,0
2025-10-29T14:22:57.771447,PUBLISH,55b854cd212640018c71db5348fb9704,68f2d95bd190740cfd6a21e6,ENQUEUED,0.28764651260159224,questions_in,fifo,uniform,0,0
2025-10-29T14:22:58.196534,PUBLISH,5a0f2e3e8fd24bcba24443b423f9b102,68f2d95bd190740cfd6a1b8d,ENQUEUED,0.4220413083262773,questions_in,fifo,uniform,0,0
2025-10-29T14:22:58.633477,PUBLISH,f965f4612a8d4689a03c296aa311a168,68f2d95bd190740cfd6a206b,ENQUEUED,0.4335995812682376,questions_in,fifo,uniform,0,0
2025-10-29T14:22:58.924394,PUBLISH,043b6cfcb89e44d89d63f9b793c4db27,68f2d95bd190740cfd6a3130,ENQUEUED,0.2878374455239596,questions_in,fifo,uniform,0,0
2025-10-29T14:22:59.315142,PUBLISH,8ff2c08ece2b4530837b9ed4ab928a84,68f2d95bd190740cfd6a408d,ENQUEUED,0.38694753481887945,questions_in,fifo,uniform,0,0
2025-10-29T14:22:59.420383,PUBLISH,ea9616434c6b453f8130518aedabffc9,68f2d95bd190740cfd6a2d78,ENQUEUED,0.10307819216362973,questions_in,fifo,uniform,0,0
2025-10-29T14:22:59.527500,PUBLISH,71e9e3db3dae4b888a1a781b6c42d081,68f2d95bd190740cfd6a2fb5,ENQUEUED,0.10254246737396344,questions_in,fifo,uniform,0,0
2025-10-29T14:22:59.757797,PUBLISH,774fa25fb9e94271a9a5e0b335d94435,68f2d95bd190740cfd6a38e6,ENQUEUED,0.22658533922061116,questions_in,fifo,uniform,0,0
2025-10-29T14:22:59.984146,PUBLISH,8d2331ad08df4dcb958e9d28581e1fd6,68f2d95bd190740cfd6a24dc,ENQUEUED,0.2236854797455121,questions_in,fifo,uniform,0,0
2025-10-29T14:23:00.328077,PUBLISH,e8d08586e5464b1b9c142604bd0962e7,68f2d95bd190740cfd6a243d,ENQUEUED,0.34102751386563424,questions_in,fifo,uniform,0,0
2025-10-29T14:23:00.504691,PUBLISH,e98552ff649243a496aa7d9ef845d4af,68f2d95bd190740cfd6a2dbb,ENQUEUED,0.1743117244920982,questions_in,fifo,uniform,0,0
2025-10-29T14:23:00.675867,PUBLISH,17bc99310d3345e0a5c66e1c38ac3381,68f2d95bd190740cfd6a2e50,ENQUEUED,0.16824772090309495,questions_in,fifo,uniform,0,0
2025-10-29T14:23:01.061732,PUBLISH,76fb6775af2a4d74aca08a5c4e28d46f,68f2d95bd190740cfd6a2881,ENQUEUED,0.38215719966753126,questions_in,fifo,uniform,0,0
2025-10-29T14:23:01.537687,PUBLISH,f86257fd570a47699f248caed46a3413,68f2d95bd190740cfd6a2454,ENQUEUED,0.47157269993593154,questions_in,fifo,uniform,0,0
2025-10-29T14:23:01.894517,PUBLISH,f253d97670ae4b1c83857c35cf339c73,68f2d95bd190740cfd6a379f,ENQUEUED,0.3528909002248265,questions_in,fifo,uniform,0,0
2025-10-29T14:23:02.225447,PUBLISH,65b4aa98c11a46eb8cada9a67891bfa3,68f2d95bd190740cfd6a275d,ENQUEUED,0.32734632838416156,questions_in,fifo,uniform,0,0
2025-10-29T14:23:02.371439,PUBLISH,ab3b5c7c214844568d0356111f918b55,68f2d95bd190740cfd6a3718,ENQUEUED,0.1438854837479011,questions_in,fifo,uniform,0,0
2025-10-29T14:23:02.727749,PUBLISH,e4cf4d16f99247ae99959843c07df4f9,68f2d95bd190740cfd6a3de8,ENQUEUED,0.3534171973374737,questions_in,fifo,uniform,0,0
2025-10-29T14:23:02.833450,PUBLISH,1a81d05686694d5ab4aa7ffe51b65297,68f2d95bd190740cfd6a2cc7,ENQUEUED,0.10357168337025283,questions_in,fifo,uniform,0,0
2025-10-29T14:23:03.202957,PUBLISH,4f39c649fb6842fb8eb2b13da84fbca9,68f2d95bd190740cfd6a3d85,ENQUEUED,0.3674310172358719,questions_in,fifo,uniform,0,0
2025-10-29T14:23:03.327544,PUBLISH,a10374d1adeb4b63b4facff2f3746f3c,68f2d95bd190740cfd6a2ac9,ENQUEUED,0.12090452598412026,questions_in,fifo,uniform,0,0
2025-10-29T14:23:03.514945,PUBLISH,ca9f8de940104ec5952d49f665b57f0b,68f2d95bd190740cfd6a2e1e,ENQUEUED,0.1836740533699449,questions_in,fifo,uniform,0,0
2025-10-29T14:23:03.645323,PUBLISH,d4bfcb248cc24b939a195c3b024cb710,68f2d95bd190740cfd6a3227,ENQUEUED,0.12780425304431647,questions_in,fifo,uniform,0,0
2025-10-29T14:23:03.948768,PUBLISH,21199ab6c9754713b579d788e26b87a1,68f2d95bd190740cfd6a37f1,ENQUEUED,0.30047409156331306,questions_in,fifo,uniform,0,0
2025-10-29T14:23:04.178641,PUBLISH,d5d00e621c574970870dd7faad82f9b4,68f2d95bd190740cfd6a36e6,ENQUEUED,0.22703504335568497,questions_in,fifo,uniform,0,0
2025-10-29T14:23:04.634176,PUBLISH,95b5ce2513da477b801450e529da5a61,68f2d95bd190740cfd6a3aa6,ENQUEUED,0.4533486595255233,questions_in,fifo,uniform,0,0
2025-10-29T14:23:05.005408,PUBLISH,2d3960d99d4a41229083b745bd9b0d28,68f2d95bd190740cfd6a1e81,ENQUEUED,0.3687280219239226,questions_in,fifo,uniform,0,0
2025-10-29T14:23:05.159638,PUBLISH,1138a4a2e7d7447b8b0b1ae214ebe6b0,68f2d95bd190740cfd6a351e,ENQUEUED,0.15121202922700894,questions_in,fifo,uniform,0,0
2025-10-29T14:23:05.392105,PUBLISH,c59e2dc3c77b42fc901c1a92bb79819f,68f2d95bd190740cfd6a3702,ENQUEUED,0.22922659663538983,questions_in,fifo,uniform,0,0
2025-10-29T14:23:05.820736,PUBLISH,c6fb7c935ff943cd9a41eb8c4674e0fb,68f2d95bd190740cfd6a2975,ENQUEUED,0.4267342621982134,questions_in,fifo,uniform,0,0
2025-10-29T14:23:05.986747,PUBLISH,cd79dd44b53d4ab6bbc4b795714ca0ee,68f2d95bd190740cfd6a3cc3,ENQUEUED,0.16424294350690938,questions_in,fifo,uniform,0,0
2025-10-29T14:23:06.120885,PUBLISH,8751be7477aa4644a73a96d6885c82a0,68f2d95bd190740cfd6a1fc3,ENQUEUED,0.13205607111320128,questions_in,fifo,uniform,0,0
2025-10-29T14:23:06.565915,PUBLISH,a5b4adddbe3e4c6e8b7839f7700c4ab1,68f2d95bd190740cfd6a1f55,ENQUEUED,0.44165770595960563,questions_in,fifo,uniform,0,0
2025-10-29T14:23:06.835840,PUBLISH,2fc7fa7c15c54563a7daf2b5c3d09f20,68f2d95bd190740cfd6a3e4c,ENQUEUED,0.2677875581916931,questions_in,fifo,uniform,0,0
2025-10-29T14:23:07.274240,PUBLISH,649c9cf40fb1463db3f31d5969cfcc7e,68f2d95bd190740cfd6a3c71,ENQUEUED,0.43408198751148463,questions_in,fifo,uniform,0,0
2025-10-29T14:23:07.406719,PUBLISH,588e93a7c11e44e1ba32b99f7d8298f9,68f2d95bd190740cfd6a3e5d,ENQUEUED,0.12909332912862978,questions_in,fifo,uniform,0,0
2025-10-29T14:23:07.766818,PUBLISH,98f64288686c4d129d6122f10bd06616,68f2d95bd190740cfd6a2d5e,ENQUEUED,0.35767860144511865,questions_in,fifo,uniform,0,0
2025-10-29T14:23:08.011231,PUBLISH,fcb74e2066a842a1823517ce6025d0af,68f2d95bd190740cfd6a36eb,ENQUEUED,0.2418385167424588,questions_in,fifo,uniform,0,0
2025-10-29T14:23:08.123200,PUBLISH,44fd7e8b4b874594946a85d361cbc30e,68f2d95bd190740cfd6a3692,ENQUEUED,0.10842287457053344,questions_in,fifo,uniform,0,0
2025-10-29T14:23:08.540337,PUBLISH,e7d7fd1f29a94fdf975c77ed630a6f1c,68f2d95bd190740cfd6a2b22,ENQUEUED,0.4129969172350598,questions_in,fifo,uniform,0,0
2025-10-29T14:23:08.951230,PUBLISH,e88efb62ba9b4055a4c66be5f0dfcdb7,68f2d95bd190740cfd6a3c74,ENQUEUED,0.4077971157757653,questions_in,fifo,uniform,0,0
2025-10-29T14:23:09.343972,PUBLISH,b0eadc4cf9984e868cbd895c6c84accf,68f2d95bd190740cfd6a226d,ENQUEUED,0.38841183739048946,questions_in,fifo,uniform,0,0
2025-10-29T14:23:09.508108,PUBLISH,2bdb1fa2342f4939a4ba0a2b5680ad43,68f2d95bd190740cfd6a3119,ENQUEUED,0.1598167333286925,questions_in,fifo,uniform,0,0
2025-10-29T14:23:09.852764,PUBLISH,8d312bd81cf647f884587700e288e5d6,68f2d95bd190740cfd6a2458,ENQUEUED,0.34292891323907226,questions_in,fifo,uniform,0,0
2025-10-29T14:23:10.246241,PUBLISH,6c9d149dd25d4d34a4c881c3a7c30288,68f2d95bd190740cfd6a351f,ENQUEUED,0.38945008044685625,questions_in,fifo,uniform,0,0
2025-10-29T14:23:10.349430,PUBLISH,3469b34e8ae94ec5acf402fe4f2c88d0,68f2d95bd190740cfd6a34fc,ENQUEUED,0.10110997289343798,questions_in,fifo,uniform,0,0
2025-10-29T14:23:10.656336,PUBLISH,eee06ae94bde4310bd3f8e726d2443c9,68f2d95bd190740cfd6a28b7,ENQUEUED,0.3032566725064246,questions_in,fifo,uniform,0,0
2025-10-29T14:23:10.914056,PUBLISH,10b9a66a740143009edaf2d7d1ffe813,68f2d95bd190740cfd6a1ca4,ENQUEUED,0.25528898365387553,questions_in,fifo,uniform,0,0
2025-10-29T14:23:11.243956,PUBLISH,eb07c4658c704fff91631daac871e485,68f2d95bd190740cfd6a1b84,ENQUEUED,0.327117514426015,questions_in,fifo,uniform,0,0
2025-10-29T14:23:11.445580,PUBLISH,282e550705d54d2ea1224cec992b1714,68f2d95bd190740cfd6a33f1,ENQUEUED,0.1991256695765002,questions_in,fifo,uniform,0,0
2025-10-29T14:23:11.825834,PUBLISH,242fffc491464d049aa819c1329bd5b7,68f2d95bd190740cfd6a1cb6,ENQUEUED,0.37671773200084446,questions_in,fifo,uniform,0,0
2025-10-29T14:23:12.089578,PUBLISH,ba6f154153354405a9eef6c48c357045,68f2d95bd190740cfd6a35bf,ENQUEUED,0.2606221361978845,questions_in,fifo,uniform,0,0
2025-10-29T14:23:12.557525,PUBLISH,86a4e4c5e6fd4075a55caeaa2a93bb3b,68f2d95bd190740cfd6a3bbd,ENQUEUED,0.46433692854311304,questions_in,fifo,uniform,0,0
2025-10-29T14:23:13.017975,PUBLISH,2cbf137d71a04158bcb9acbd6a3af2c0,68f2d95bd190740cfd6a41b1,ENQUEUED,0.45823946737165955,questions_in,fifo,uniform,0,0
2025-10-29T14:23:13.165802,PUBLISH,4b3ec6acd98c4dd89eba91838a44b722,68f2d95bd190740cfd6a27fc,ENQUEUED,0.14339799423488012,questions_in,fifo,uniform,0,0
2025-10-29T14:23:13.535581,PUBLISH,90ec2b97a8fe4991889a2bbdc4e3b086,68f2d95bd190740cfd6a21de,ENQUEUED,0.36750092862070893,questions_in,fifo,uniform,0,0
2025-10-29T14:23:13.693837,PUBLISH,4acf9b2e8e774e5aa55bb717aa3dd940,68f2d95bd190740cfd6a2f28,ENQUEUED,0.15412077787734485,questions_in,fifo,uniform,0,0
2025-10-29T14:23:14.079186,PUBLISH,3bc69143ec9a49e0a396068e496dc5bf,68f2d95bd190740cfd6a214c,ENQUEUED,0.38223564202682947,questions_in,fifo,uniform,0,0
2025-10-29T14:23:14.351389,PUBLISH,dfe330761b604ad68996679796275c59,68f2d95bd190740cfd6a2f23,ENQUEUED,0.26987387574066435,questions_in,fifo,uniform,0,0
2025-10-29T14:23:14.783857,PUBLISH,8ac7c7db313447a888e4ca68e9ec66ed,68f2d95bd190740cfd6a3089,ENQUEUED,0.4305793910293886,questions_in,fifo,uniform,0,0
2025-10-29T14:23:15.085434,PUBLISH,4ce83343282f4466b4b6bbe93d4c436f,68f2d95bd190740cfd6a2b62,ENQUEUED,0.29939257340317754,questions_in,fifo,uniform,0,0
2025-10-29T14:23:15.340706,PUBLISH,879eceda19dc4b98ba1af456587f0153,68f2d95bd190740cfd6a3961,ENQUEUED,0.2512981018984171,questions_in,fifo,uniform,0,0
2025-10-29T14:23:15.543152,PUBLISH,02b6a4c9f00d4a38943cc88a79c61e1c,68f2d95bd190740cfd6a3d2f,ENQUEUED,0.19885256864364775,questions_in,fifo,uniform,0,0
2025-10-29T14:23:15.788590,PUBLISH,8b14fe97de164704b9bed00da01f944c,68f2d95bd190740cfd6a2f0a,ENQUEUED,0.242174018414402,questions_in,fifo,uniform,0,0
2025-10-29T14:23:16.291547,PUBLISH,97b7f2991fc54bedac5f147a8c4046c8,68f2d95bd190740cfd6a2cae,ENQUEUED,0.4996584477324627,questions_in,fifo,uniform,0,0
2025-10-29T14:23:16.487122,PUBLISH,4f4f9baeac514739a0a9ad9c538d96d5,68f2d95bd190740cfd6a278d,ENQUEUED,0.1919711164984689,questions_in,fifo,uniform,0,0
2025-10-29T14:23:16.898586,PUBLISH,3a01faaf3dec43ad8df94526c2286215,68f2d95bd190740cfd6a29de,ENQUEUED,0.40897681801432806,questions_in,fifo,uniform,0,0
2025-10-29T14:23:17.313343,PUBLISH,f2999f804073415e9c3f81102f2a70d3,68f2d95bd190740cfd6a2fda,ENQUEUED,0.41225187455183143,questions_in,fifo,uniform,0,0
2025-10-29T14:23:17.628262,PUBLISH,e008a1bcc5574aa7868a6a41c77ff298,68f2d95bd190740cfd6a36d5,ENQUEUED,0.31236563942870915,questions_in,fifo,uniform,0,0
2025-10-29T14:23:17.860089,PUBLISH,8124bf76cb804b6d99fe4e90ce882934,68f2d95bd190740cfd6a4161,ENQUEUED,0.22887780511192904,questions_in,fifo,uniform,0,0
2025-10-29T14:23:18.104930,PUBLISH,8bbf1158b3104efc913492e9be0ac2dc,68f2d95bd190740cfd6a1f57,ENQUEUED,0.24142080855819353,questions_in,fifo,uniform,0,0
2025-10-29T14:23:18.208972,PUBLISH,aff1ba04d9ef4b4a9ac96f74bf534304,68f2d95bd190740cfd6a30b9,ENQUEUED,0.10128649383747326,questions_in,fifo,uniform,0,0
2025-10-29T14:23:18.655975,PUBLISH,2a955228afd54fc0a0ff3e1cc3c7b352,68f2d95bd190740cfd6a3c20,ENQUEUED,0.4440350764957546,questions_in,fifo,uniform,0,0
2025-10-29T14:23:18.977362,PUBLISH,9a77dca1c3b04ec2a84dc643e4526ce5,68f2d95bd190740cfd6a2ea2,ENQUEUED,0.31886459155645175,questions_in,fifo,uniform,0,0
2025-10-29T14:23:19.216786,PUBLISH,62fcf0a9d300429b84a86dd06f5e1558,68f2d95bd190740cfd6a3106,ENQUEUED,0.23746661769750443,questions_in,fifo,uniform,0,0
2025-10-29T14:23:19.576597,PUBLISH,7bf0f588db1e4172b8374d3d9649be37,68f2d95bd190740cfd6a40f1,ENQUEUED,0.3562108561367644,questions_in,fifo,uniform,0,0
2025-10-29T14:23:19.781506,PUBLISH,0406f645a5c542c5adfb211ac69af083,68f2d95bd190740cfd6a28a5,ENQUEUED,0.20292312969842075,questions_in,fifo,uniform,0,0
2025-10-29T14:23:20.268186,PUBLISH,d1d4492d14ac4097883e1f9094b88403,68f2d95bd190740cfd6a2e2f,ENQUEUED,0.484232295556871,questions_in,fifo,uniform,0,0
2025-10-29T14:23:20.445744,PUBLISH,51c6e12a400a4b57ad0efc56406ae61e,68f2d95bd190740cfd6a3563,ENQUEUED,0.1750858620069618,questions_in,fifo,uniform,0,0
2025-10-29T14:23:20.591353,PUBLISH,77c1b5b3c3514443a7733b035335d2fd,68f2d95bd190740cfd6a2c51,ENQUEUED,0.14314487817265664,questions_in,fifo,uniform,0,0
2025-10-29T14:23:20.840950,PUBLISH,add6f95d249140109e2551b9861a774e,68f2d95bd190740cfd6a2f66,ENQUEUED,0.24707557328163576,questions_in,fifo,uniform,0,0
2025-10-29T14:23:21.233271,PUBLISH,d53513c156ac4685a83e6854811a181e,68f2d95bd190740cfd6a29ba,ENQUEUED,0.3896598441083141,questions_in,fifo,uniform,0,0
2025-10-29T14:23:21.385018,PUBLISH,0f4ae93700304b6ebae5d77c45a6b71e,68f2d95bd190740cfd6a2c21,ENQUEUED,0.14976078678028273,questions_in,fifo,uniform,0,0
2025-10-29T14:23:21.698004,PUBLISH,d2bf69dd04274395bc677fa8935bd451,68f2d95bd190740cfd6a21ff,ENQUEUED,0.310766136710648,questions_in,fifo,uniform,0,0
2025-10-29T14:23:22.094027,PUBLISH,36612f3bc9954aa5ae5cb3c55e820ce1,68f2d95bd190740cfd6a21df,ENQUEUED,0.39354475944966716,questions_in,fifo,uniform,0,0
2025-10-29T14:23:22.254400,PUBLISH,35e78b31683f4065888f8a6c1cb91824,68f2d95bd190740cfd6a2b87,ENQUEUED,0.1570260314381931,questions_in,fifo,uniform,0,0
2025-10-29T14:23:22.744111,PUBLISH,f35654e637404fd5a6702f16e825c83e,68f2d95bd190740cfd6a265b,ENQUEUED,0.4870509865167033,questions_in,fifo,uniform,0,0
2025-10-29T14:23:22.947624,PUBLISH,5f2fc20ddf044afe97fe42b9396f88ca,68f2d95bd190740cfd6a31c6,ENQUEUED,0.2010242132081401,questions_in,fifo,uniform,0,0
2025-10-29T14:23:23.448870,PUBLISH,b2d6a8b3a15f4ac4807b0b1bd693a121,68f2d95bd190740cfd6a3504,ENQUEUED,0.4989853064246824,questions_in,fifo,uniform,0,0
2025-10-29T14:23:23.738069,PUBLISH,8368210d3700463c915831f677127681,68f2d95bd190740cfd6a3d68,ENQUEUED,0.2855373305991188,questions_in,fifo,uniform,0,0
2025-10-29T14:23:24.181332,PUBLISH,13552e1871124eb480899f3935ab4af2,68f2d95bd190740cfd6a252b,ENQUEUED,0.44102904775197993,questions_in,fifo,uniform,0,0
2025-10-29T14:23:24.500524,PUBLISH,d6379b967dae4789a95f6a6a960d2852,68f2d95bd190740cfd6a36f3,ENQUEUED,0.31697881397548566,questions_in,fifo,uniform,0,0
2025-10-29T14:23:24.907713,PUBLISH,7b7729ff4cf74a59a563f97b87ced008,68f2d95bd190740cfd6a242f,ENQUEUED,0.4037881616377188,questions_in,fifo,uniform,0,0
2025-10-29T14:23:25.080486,PUBLISH,0531787189cd4c949c6066e60d1d9ccc,68f2d95bd190740cfd6a29b3,ENQUEUED,0.17061837176267303,questions_in,fifo,uniform,0,0
2025-10-29T14:23:25.463898,PUBLISH,9562ff343e964154a3119a1e67202d42,68f2d95bd190740cfd6a401e,ENQUEUED,0.38118403938559897,questions_in,fifo,uniform,0,0
2025-10-29T14:23:25.607590,PUBLISH,361cf3fafc424ff79a89b9371a1d929a,68f2d95bd190740cfd6a228c,ENQUEUED,0.1409630701237553,questions_in,fifo,uniform,0,0
2025-10-29T14:23:26.086039,PUBLISH,c0af4af9d1fb41ac9d491c4fce24dce7,68f2d95bd190740cfd6a311b,ENQUEUED,0.47456382808741404,questions_in,fifo,uniform,0,0
2025-10-29T14:23:26.390592,PUBLISH,158604fd34284d57942e0b1fcc828f26,68f2d95bd190740cfd6a1be2,ENQUEUED,0.3005081864998992,questions_in,fifo,uniform,0,0
2025-10-29T14:23:26.641950,PUBLISH,afcbdaf962584e1bb2eba3673c426de9,68f2d95bd190740cfd6a2d91,ENQUEUED,0.24876774882162087,questions_in,fifo,uniform,0,0
2025-10-29T14:23:26.925087,PUBLISH,933b03f7536c4a61a5ab90f585b6a712,68f2d95bd190740cfd6a3c37,ENQUEUED,0.2803577180271076,questions_in,fifo,uniform,0,0
2025-10-29T14:23:27.296167,PUBLISH,43df75b2d86e44f083a2bf0e087fdafd,68f2d95bd190740cfd6a2882,ENQUEUED,0.36867148870369615,questions_in,fifo,uniform,0,0
2025-10-29T14:23:27.711312,PUBLISH,76d2e7f5ee2c432fa61e52ef093c4c65,68f2d95bd190740cfd6a3af1,ENQUEUED,0.41285881354557963,questions_in,fifo,uniform,0,0
2025-10-29T14:23:28.176471,PUBLISH,0e376d75515341d7bbb32bb93b339501,68f2d95bd190740cfd6a2ec2,ENQUEUED,0.46261105940272695,questions_in,fifo,uniform,0,0
2025-10-29T14:23:28.670881,PUBLISH,40e27fba6f2347f08450f0032473f0cb,68f2d95bd190740cfd6a31cd,ENQUEUED,0.48973937618347774,questions_in,fifo,uniform,0,0
2025-10-29T14:23:28.919985,PUBLISH,6707e5e625ac4844bd397b028290568b,68f2d95bd190740cfd6a2212,ENQUEUED,0.24547278118295407,questions_in,fifo,uniform,0,0
2025-10-29T14:23:29.202123,PUBLISH,60eb102f64f64f0c8a7928b9ea70de66,68f2d95bd190740cfd6a2881,ENQUEUED,0.2782641989038781,questions_in,fifo,uniform,0,0
2025-10-29T14:23:29.642172,PUBLISH,3ae2c60b376244d1a9e37607fcdccf18,68f2d95bd190740cfd6a1d36,ENQUEUED,0.43656149521597964,questions_in,fifo,uniform,0,0
2025-10-29T14:23:30.061788,PUBLISH,ced81d9e7fa0443790afe146a3c7d547,68f2d95bd190740cfd6a2c0e,ENQUEUED,0.4170675328624256,questions_in,fifo,uniform,0,0
2025-10-29T14:23:30.527646,PUBLISH,b76f7950c3ab4a96830877fd53e413cd,68f2d95bd190740cfd6a3037,ENQUEUED,0.46363925880738577,questions_in,fifo,uniform,0,0
2025-10-29T14:23:30.897135,PUBLISH,ccf0bc16a33949da96b6d372dcc23fcc,68f2d95bd190740cfd6a3275,ENQUEUED,0.36700323883517705,questions_in,fifo,uniform,0,0
2025-10-29T14:23:31.042667,PUBLISH,760d9e425b4e460ebd047d7829445dfe,68f2d95bd190740cfd6a21b1,ENQUEUED,0.141990382973055,questions_in,fifo,uniform,0,0
2025-10-29T14:23:31.495927,PUBLISH,850b2ad3f6f4438d880a55c03f45a740,68f2d95bd190740cfd6a3a4a,ENQUEUED,0.45127749662466277,questions_in,fifo,uniform,0,0
2025-10-29T14:23:31.686864,PUBLISH,0ceee4a4f6e145358c277494e085ed1f,68f2d95bd190740cfd6a1fe1,ENQUEUED,0.18789542100014908,questions_in,fifo,uniform,0,0
2025-10-29T14:23:31.991167,PUBLISH,a2a99ccfdfdb4b02ae6d2ac2d1bcd01c,68f2d95bd190740cfd6a1e71,ENQUEUED,0.3016833225266776,questions_in,fifo,uniform,0,0
2025-10-29T14:23:32.266243,PUBLISH,43cfbbb104dd436ab5cbf3a54710d2a0,68f2d95bd190740cfd6a1b45,ENQUEUED,0.27262245391279205,questions_in,fifo,uniform,0,0
2025-10-29T14:23:32.673634,PUBLISH,c65d23ff02c54f8180d4885ca69be2dc,68f2d95bd190740cfd6a3932,ENQUEUED,0.40256319908752825,questions_in,fifo,uniform,0,0
2025-10-29T14:23:32.987686,PUBLISH,4e5d78622c5d4535b1f3de3eb3d684a5,68f2d95bd190740cfd6a3f71,ENQUEUED,0.31103685711292195,questions_in,fifo,uniform,0,0
2025-10-29T14:23:33.281537,PUBLISH,016aa2468e714224a2aa9bca73168708,68f2d95bd190740cfd6a1dfc,ENQUEUED,0.2915894054867828,questions_in,fifo,uniform,0,0
2025-10-29T14:23:33.600356,PUBLISH,a97ed619ca9648c8845a163760638968,68f2d95bd190740cfd6a24be,ENQUEUED,0.3152874259917798,questions_in,fifo,uniform,0,0
2025-10-29T14:23:33.955235,PUBLISH,5d71e7088e0641a194c84dfa5ffd0704,68f2d95bd190740cfd6a1ad5,ENQUEUED,0.3514055519153807,questions_in,fifo,uniform,0,0
2025-10-29T14:23:34.326234,PUBLISH,0616a23bdf46401bbd1ea0ef3de7da4a,68f2d95bd190740cfd6a2375,ENQUEUED,0.3684004542124152,questions_in,fifo,uniform,0,0
2025-10-29T14:23:34.553718,PUBLISH,da679713827e4efcb9494ccdb6a89b5c,68f2d95bd190740cfd6a3b76,ENQUEUED,0.2240681617927708,questions_in,fifo,uniform,0,0
2025-10-29T14:23:34.771771,PUBLISH,eff58a2637b8475e8253c8e537093290,68f2d95bd190740cfd6a2671,ENQUEUED,0.2148515292428321,questions_in,fifo,uniform,0,0
2025-10-29T14:23:35.088998,PUBLISH,98358c83ea5241e8b3889a699950bcc6,68f2d95bd190740cfd6a2c06,ENQUEUED,0.31398063032586754,questions_in,fifo,uniform,0,0
2025-10-29T14:23:35.354042,PUBLISH,ca69e0d3cc2048b99a0589886cbea966,68f2d95bd190740cfd6a3eae,ENQUEUED,0.2600469836439519,questions_in,fifo,uniform,0,0
2025-10-29T14:23:35.656727,PUBLISH,c2d5f4af31e443169317201764d7c79f,68f2d95bd190740cfd6a34fb,ENQUEUED,0.2997387086902752,questions_in,fifo,uniform,0,0
2025-10-29T14:23:35.768304,PUBLISH,a1c4d2d0068c4fa29fa7a7defdce2e91,68f2d95bd190740cfd6a33c9,ENQUEUED,0.10770850375415848,questions_in,fifo,uniform,0,0
2025-10-29T14:23:35.875730,PUBLISH,884196f620be4f54b7a69d7b5ee9d306,68f2d95bd190740cfd6a3bbf,ENQUEUED,0.10563741851964577,questions_in,fifo,uniform,0,0
2025-10-29T14:23:36.308652,PUBLISH,2bebffd81f3e46279e84ce485fd7a6f0,68f2d95bd190740cfd6a3ad8,ENQUEUED,0.4305151205826625,questions_in,fifo,uniform,0,0
2025-10-29T14:23:36.684088,PUBLISH,aebf68b5fbfe44c8af977bf91ceebbec,68f2d95bd190740cfd6a265d,ENQUEUED,0.37200828087028737,questions_in,fifo,uniform,0,0
2025-10-29T14:23:36.872915,PUBLISH,b45b38fb3f854162b44962bc3810908a,68f2d95bd190740cfd6a2d70,ENQUEUED,0.18623208503154887,questions_in,fifo,uniform,0,0
2025-10-29T14:23:37.219633,PUBLISH,f012d11ec33e46bdb3a840cca30fb30d,68f2d95bd190740cfd6a34ad,ENQUEUED,0.34342167732613343,questions_in,fifo,uniform,0,0
2025-10-29T14:23:37.341051,PUBLISH,e8296af6a8e044f3a369a57e5bd245b1,68f2d95bd190740cfd6a1b9f,ENQUEUED,0.1188981214963003,questions_in,fifo,uniform,0,0
2025-10-29T14:23:37.517795,PUBLISH,fa95ba01e7e845a78c28018eddff82b3,68f2d95bd190740cfd6a3018,ENQUEUED,0.17384167248211962,questions_in,fifo,uniform,0,0
2025-10-29T14:23:37.831353,PUBLISH,714e5b45f8e442d5a2957b3b1da784c6,68f2d95bd190740cfd6a32a6,ENQUEUED,0.31131767919762376,questions_in,fifo,uniform,0,0
2025-10-29T14:23:38.057852,PUBLISH,064d2877b0f54ce49c3d54a3c2b57e21,68f2d95bd190740cfd6a35ed,ENQUEUED,0.22411250434130545,questions_in,fifo,uniform,0,0
2025-10-29T14:23:38.352486,PUBLISH,c1dd942a7d1a4b2186ab648383926cde,68f2d95bd190740cfd6a4034,ENQUEUED,0.29137566690603856,questions_in,fifo,uniform,0,0
2025-10-29T14:23:38.797764,PUBLISH,4f74add7a95a429e84a907658e123633,68f2d95bd190740cfd6a2f5d,ENQUEUED,0.4429057002175695,questions_in,fifo,uniform,0,0
2025-10-29T14:23:38.942919,PUBLISH,dbed38b65a114a1290b8fce005ad0f57,68f2d95bd190740cfd6a3930,ENQUEUED,0.14321855968666075,questions_in,fifo,uniform,0,0
2025-10-29T14:23:39.444956,PUBLISH,2b167f3bce6b48f0b3d2cced451614a4,68f2d95bd190740cfd6a2529,ENQUEUED,0.49985519967884995,questions_in,fifo,uniform,0,0
2025-10-29T14:23:39.568240,PUBLISH,5188759cfd0e44e9a86b3008a78fce08,68f2d95bd190740cfd6a36cd,ENQUEUED,0.12046141245058575,questions_in,fifo,uniform,0,0
2025-10-29T14:23:39.936899,PUBLISH,edeb6e3ace8e4b8e86366c218b12fb7b,68f2d95bd190740cfd6a40a8,ENQUEUED,0.36562657084826533,questions_in,fifo,uniform,0,0
2025-10-29T14:23:40.089581,PUBLISH,953355980a954fb3b44352280bd002b0,68f2d95bd190740cfd6a2aa6,ENQUEUED,0.15028956646011893,questions_in,fifo,uniform,0,0
2025-10-29T14:23:40.240430,PUBLISH,9d790bae4b9c4a1bbbc65d007d9d28b8,68f2d95bd190740cfd6a1d7d,ENQUEUED,0.14855349774910473,questions_in,fifo,uniform,0,0
2025-10-29T14:23:40.637048,PUBLISH,722fb1d339d045e8aa44d0c24336f4ec,68f2d95bd190740cfd6a3021,ENQUEUED,0.39361356741827946,questions_in,fifo,uniform,0,0
2025-10-29T14:23:40.928692,PUBLISH,8e3c8595f9ea4211ad2b969072689911,68f2d95bd190740cfd6a1b15,ENQUEUED,0.28928586257945,questions_in,fifo,uniform,0,0
2025-10-29T14:23:41.393026,PUBLISH,af9b95a04b5e463d967fa18d2f9ecec7,68f2d95bd190740cfd6a25d4,ENQUEUED,0.46071560577402504,questions_in,fifo,uniform,0,0
2025-10-29T14:23:41.682389,PUBLISH,fd925c9fab224fb8afb081ea4bec2a4f,68f2d95bd190740cfd6a255a,ENQUEUED,0.28605299777513704,questions_in,fifo,uniform,0,0
2025-10-29T14:23:41.967093,PUBLISH,b18db04951e9483a84ed63ef4d196857,68f2d95bd190740cfd6a38bf,ENQUEUED,0.28114512664784286,questions_in,fifo,uniform,0,0
2025-10-29T14:23:42.122547,PUBLISH,5e22a1cc884345eba11acdff651d1e86,68f2d95bd190740cfd6a40f3,ENQUEUED,0.15234508097226884,questions_in,fifo,uniform,0,0
2025-10-29T14:23:42.504531,PUBLISH,8c6695aa5bbc4c868dc536e3e17ed700,68f2d95bd190740cfd6a254e,ENQUEUED,0.3795857071169152,questions_in,fifo,uniform,0,0
2025-10-29T14:23:42.642861,PUBLISH,897b0118936748999fb87cdab906453f,68f2d95bd190740cfd6a368c,ENQUEUED,0.13651442363216995,questions_in,fifo,uniform,0,0
2025-10-29T14:23:42.940308,PUBLISH,9a4664701a4e440081de77da924750bb,68f2d95bd190740cfd6a40a0,ENQUEUED,0.29528796319024675,questions_in,fifo,uniform,0,0
2025-10-29T14:23:43.166443,PUBLISH,a9c0f285b0884136802bf937cd1cc7e5,68f2d95bd190740cfd6a1d9c,ENQUEUED,0.22359992275693316,questions_in,fifo,uniform,0,0
2025-10-29T14:23:43.309397,PUBLISH,797f9421353e43fcbdbc4ba9362777c1,68f2d95bd190740cfd6a1bf1,ENQUEUED,0.14108219956850712,questions_in,fifo,uniform,0,0
2025-10-29T14:23:43.419941,PUBLISH,bddce7a41d4b4e519061967e862d58ad,68f2d95bd190740cfd6a1c94,ENQUEUED,0.10805056024865851,questions_in,fifo,uniform,0,0
2025-10-29T14:23:43.866892,PUBLISH,f3f76e32bb7846e2b3caec473c5c3bf4,68f2d95bd190740cfd6a30ff,ENQUEUED,0.44316110849889156,questions_in,fifo,uniform,0,0
2025-10-29T14:23:44.184505,PUBLISH,451ebf98e2894b16a81ebff39918aa51,68f2d95bd190740cfd6a414e,ENQUEUED,0.3138622927471898,questions_in,fifo,uniform,0,0
2025-10-29T14:23:44.589792,PUBLISH,12253c82b5ba44f092f9973d82f1fac3,68f2d95bd190740cfd6a20d6,ENQUEUED,0.4028218309136623,questions_in,fifo,uniform,0,0
2025-10-29T14:23:45.052770,PUBLISH,e4f6308b457a477ab9710bad5cc1c1ca,68f2d95bd190740cfd6a1c8a,ENQUEUED,0.4591856284088036,questions_in,fifo,uniform,0,0
2025-10-29T14:23:45.170918,PUBLISH,87738c5a94624ed094e7612da8a44ae8,68f2d95bd190740cfd6a2557,ENQUEUED,0.11555917412747765,questions_in,fifo,uniform,0,0
2025-10-29T14:23:45.419193,PUBLISH,1a0cb1c7e45141cdb75bca461a8c119a,68f2d95bd190740cfd6a23d4,ENQUEUED,0.2449923497743789,questions_in,fifo,uniform,0,0
2025-10-29T14:23:45.704554,PUBLISH,c4381ce1885147949dcb688eae4e443f,68f2d95bd190740cfd6a2f33,ENQUEUED,0.2820057651439221,questions_in,fifo,uniform,0,0
2025-10-29T14:23:46.095529,PUBLISH,65254de882434a57910d2df08c5954a8,68f2d95bd190740cfd6a1af9,ENQUEUED,0.38884946286554745,questions_in,fifo,uniform,0,0
2025-10-29T14:23:46.342894,PUBLISH,ff32a52f050b417a8dfcd38f42f26c2b,68f2d95bd190740cfd6a3700,ENQUEUED,0.2447438578587857,questions_in,fifo,uniform,0,0
2025-10-29T14:23:46.576697,PUBLISH,38c6e7fa17df49e5baa895e22f9ddd59,68f2d95bd190740cfd6a3a03,ENQUEUED,0.2315196836579889,questions_in,fifo,uniform,0,0
2025-10-29T14:23:46.924606,PUBLISH,ab0062d24ff6455aa5ec499aca3d236d,68f2d95bd190740cfd6a26f8,ENQUEUED,0.3455844709462877,questions_in,fifo,uniform,0,0
2025-10-29T14:23:47.126228,PUBLISH,529a40f60d624e60b91b2dcb4ae549a1,68f2d95bd190740cfd6a2cfb,ENQUEUED,0.19946604444028704,questions_in,fifo,uniform,0,0
2025-10-29T14:23:47.293081,PUBLISH,0b2b1b08ac02441eb4dcd249e95e2429,68f2d95bd190740cfd6a22d0,ENQUEUED,0.16434746058535837,questions_in,fifo,uniform,0,0
2025-10-29T14:23:47.409238,PUBLISH,d14c9fc0bc6944b8888de31a76718664,68f2d95bd190740cfd6a32d7,ENQUEUED,0.11426721836711887,questions_in,fifo,uniform,0,0
2025-10-29T14:23:47.904717,PUBLISH,cb1f903217b04d999b1b3ab09efd13a7,68f2d95bd190740cfd6a320c,ENQUEUED,0.48810639135995026,questions_in,fifo,uniform,0,0
2025-10-29T14:23:48.170462,PUBLISH,fcb1c365edfb41eb958c3a4673c20662,68f2d95bd190740cfd6a1e41,ENQUEUED,0.26304522777541633,questions_in,fifo,uniform,0,0
2025-10-29T14:23:48.657571,PUBLISH,506738d30443406cbf7228974f49c372,68f2d95bd190740cfd6a3bc8,ENQUEUED,0.48478340040241075,questions_in,fifo,uniform,0,0
2025-10-29T14:23:49.157576,PUBLISH,a615bec942804502a059039b12c07537,68f2d95bd190740cfd6a3231,ENQUEUED,0.49825942631135434,questions_in,fifo,uniform,0,0
2025-10-29T14:23:49.626591,PUBLISH,673c942feebf4f5aa80b0180b9d73e57,68f2d95bd190740cfd6a2247,ENQUEUED,0.4665907499907995,questions_in,fifo,uniform,0,0
2025-10-29T14:23:49.906330,PUBLISH,026b641cc48a4d6f8766af1fb9a5d0b5,68f2d95bd190740cfd6a39d0,ENQUEUED,0.2727652536317156,questions_in,fifo,uniform,0,0
2025-10-29T14:23:50.289400,PUBLISH,7d754c9efe1d4c149a49d0e3b4347836,68f2d95bd190740cfd6a235c,ENQUEUED,0.37925993172032857,questions_in,fifo,uniform,0,0
2025-10-29T14:23:50.682394,PUBLISH,3ea48a64aa86402b8088127616a559c1,68f2d95bd190740cfd6a1ec8,ENQUEUED,0.3898258346731007,questions_in,fifo,uniform,0,0
2025-10-29T14:23:50.876819,PUBLISH,9b4465dfc41c4f8e96e4c47457a96b3a,68f2d95bd190740cfd6a3b73,ENQUEUED,0.19197041835385906,questions_in,fifo,uniform,0,0
2025-10-29T14:23:51.287701,PUBLISH,b14185dfcf67465483aee5cd2d0f24b8,68f2d95bd190740cfd6a1b44,ENQUEUED,0.4086012973602363,questions_in,fifo,uniform,0,0
2025-10-29T14:23:51.640177,PUBLISH,1aa22c83e0ed4c7680773e88a68fb447,68f2d95bd190740cfd6a37bd,ENQUEUED,0.34859105513224153,questions_in,fifo,uniform,0,0
2025-10-29T14:23:52.021556,PUBLISH,4af9a037c0254f22be90ff77f5c43d79,68f2d95bd190740cfd6a3e65,ENQUEUED,0.3789678132649986,questions_in,fifo,uniform,0,0
2025-10-29T14:23:52.325010,PUBLISH,cf384ba6daa6461e90310866872ccfef,68f2d95bd190740cfd6a3692,ENQUEUED,0.3012225814990094,questions_in,fifo,uniform,0,0
2025-10-29T14:23:52.523075,PUBLISH,f789b190023b42778b359c1a91986024,68f2d95bd190740cfd6a1b87,ENQUEUED,0.19587574197263133,questions_in,fifo,uniform,0,0
2025-10-29T14:23:52.860187,PUBLISH,f103e1f66a144b86935a68fc5ba14ad6,68f2d95bd190740cfd6a33dc,ENQUEUED,0.3345980763877079,questions_in,fifo,uniform,0,0
2025-10-29T14:23:53.333672,PUBLISH,d0af84f3cd4045e7a9d780aaee0ff07e,68f2d95bd190740cfd6a25ba,ENQUEUED,0.46981394925436737,questions_in,fifo,uniform,0,0
2025-10-29T14:23:53.623167,PUBLISH,0e524f1688484f078d05e8cf24c10c1c,68f2d95bd190740cfd6a36fc,ENQUEUED,0.2874144370098702,questions_in,fifo,uniform,0,0
2025-10-29T14:23:53.828050,PUBLISH,200169b3fd184348993cd444ad817250,68f2d95bd190740cfd6a3bd0,ENQUEUED,0.20294157235991503,questions_in,fifo,uniform,0,0
2025-10-29T14:23:54.234796,PUBLISH,7158412efece44f9a1a68a3079f239f2,68f2d95bd190740cfd6a257d,ENQUEUED,0.40379240951579853,questions_in,fifo,uniform,0,0
2025-10-29T14:23:54.477946,PUBLISH,73ee84d91c984f33973447da15bf5054,68f2d95bd190740cfd6a2faa,ENQUEUED,0.24119895026554397,questions_in,fifo,uniform,0,0
2025-10-29T14:23:54.597613,PUBLISH,054cfdefacdc4c0d97130f444f240717,68f2d95bd190740cfd6a2d65,ENQUEUED,0.11623918722258107,questions_in,fifo,uniform,0,0
2025-10-29T14:23:54.947407,PUBLISH,a7f18953a2b54ed6962afd86d7e3ad51,68f2d95bd190740cfd6a25f7,ENQUEUED,0.34608651036940574,questions_in,fifo,uniform,0,0
2025-10-29T14:23:55.237452,PUBLISH,6dd204d8346d4aac924b9b0e79469e38,68f2d95bd190740cfd6a1bc6,ENQUEUED,0.2876243722589778,questions_in,fifo,uniform,0,0
2025-10-29T14:23:55.453591,PUBLISH,31325706e64c4f48b09ed375203aa226,68f2d95bd190740cfd6a37ea,ENQUEUED,0.213824385009361,questions_in,fifo,uniform,0,0
2025-10-29T14:23:55.668400,PUBLISH,0cf46be8408644d38dab9f96f9867597,68f2d95bd190740cfd6a2297,ENQUEUED,0.21107787965809985,questions_in,fifo,uniform,0,0
2025-10-29T14:23:56.056854,PUBLISH,7859939b796c40608d2c15705e6a49d3,68f2d95bd190740cfd6a1e76,ENQUEUED,0.3859994358197445,questions_in,fifo,uniform,0,0
2025-10-29T14:23:56.262304,PUBLISH,b74ef0e0b941404daa889e73a2a89eb2,68f2d95bd190740cfd6a2170,ENQUEUED,0.20244654206963003,questions_in,fifo,uniform,0,0
2025-10-29T14:23:56.700369,PUBLISH,589fb3a55cfa43018d5614e0893fc596,68f2d95bd190740cfd6a35c0,ENQUEUED,0.4351532949987832,questions_in,fifo,uniform,0,0
2025-10-29T14:23:57.101183,PUBLISH,733c108bcc464cc88ba368205b15a3ed,68f2d95bd190740cfd6a3e30,ENQUEUED,0.3979877036808682,questions_in,fifo,uniform,0,0
2025-10-29T14:23:57.383766,PUBLISH,d629126847f44ab7bb565803e7fbbf25,68f2d95bd190740cfd6a3e3d,ENQUEUED,0.27933801043207757,questions_in,fifo,uniform,0,0
2025-10-29T14:23:57.725850,PUBLISH,235c58d9a1754b6783d62945bd1b22fa,68f2d95bd190740cfd6a38f9,ENQUEUED,0.3399492115581748,questions_in,fifo,uniform,0,0
2025-10-29T14:23:57.858139,PUBLISH,de5d4c45e82e4561bdf986430c8202b2,68f2d95bd190740cfd6a3166,ENQUEUED,0.12622893800045565,questions_in,fifo,uniform,0,0
2025-10-29T14:23:58.206381,PUBLISH,42462498e82a492a83debfbc3ab52d48,68f2d95bd190740cfd6a2d4f,ENQUEUED,0.34669170625014234,questions_in,fifo,uniform,0,0
2025-10-29T14:23:58.702866,PUBLISH,84b8bd0a057c46978386e81000bf501b,68f2d95bd190740cfd6a292f,ENQUEUED,0.49347932116643545,questions_in,fifo,uniform,0,0
2025-10-29T14:23:59.069717,PUBLISH,661e7de092144f299a8f5b448804a72e,68f2d95bd190740cfd6a35e5,ENQUEUED,0.36380576884886284,questions_in,fifo,uniform,0,0
2025-10-29T14:23:59.458877,PUBLISH,b906a7e41c5c4af68764e1c15cacf795,68f2d95bd190740cfd6a23e5,ENQUEUED,0.386017593156189,questions_in,fifo,uniform,0,0
2025-10-29T14:23:59.583052,PUBLISH,d4016c2f176642c6bd9d274adb49390a,68f2d95bd190740cfd6a29d9,ENQUEUED,0.12138001384142423,questions_in,fifo,uniform,0,0
2025-10-29T14:23:59.870687,PUBLISH,c36f39af63df4d31a0832b6527b6e3f4,68f2d95bd190740cfd6a21e7,ENQUEUED,0.28444042082540877,questions_in,fifo,uniform,0,0
2025-10-29T14:24:00.205850,PUBLISH,7d2bf452f62c4915b1934bbc95e08d1e,68f2d95bd190740cfd6a212d,ENQUEUED,0.33258192844008533,questions_in,fifo,uniform,0,0
2025-10-29T14:24:00.457652,PUBLISH,6963ff0338534716bb0f5befcc9cd2c5,68f2d95bd190740cfd6a20e4,ENQUEUED,0.25008387410800803,questions_in,fifo,uniform,0,0
2025-10-29T14:24:00.651208,PUBLISH,6f08bbf1c3504957a34e313ad2e7e14c,68f2d95bd190740cfd6a1d55,ENQUEUED,0.19094255610044725,questions_in,fifo,uniform,0,0
2025-10-29T14:24:00.819239,PUBLISH,2faefcbf6e03408cbc7d3cdadf1435e0,68f2d95bd190740cfd6a3b81,ENQUEUED,0.16383484374155666,questions_in,fifo,uniform,0,0
2025-10-29T14:24:01.129455,PUBLISH,c3ddc93c74144a3ba53c42c31b172d05,68f2d95bd190740cfd6a2920,ENQUEUED,0.306551732368714,questions_in,fifo,uniform,0,0
2025-10-29T14:24:01.308909,PUBLISH,7b5a3fb105ae4276849350ee21c44ae3,68f2d95bd190740cfd6a1f1f,ENQUEUED,0.17750345577877435,questions_in,fifo,uniform,0,0
2025-10-29T14:24:01.543139,PUBLISH,47cc26f6dcde4d37af61f92272aa6adb,68f2d95bd190740cfd6a3776,ENQUEUED,0.23220540110781057,questions_in,fifo,uniform,0,0
2025-10-29T14:24:02.022792,PUBLISH,2f9821d0018c43eda7ffa26246fd2568,68f2d95bd190740cfd6a1fce,ENQUEUED,0.47742687207098167,questions_in,fifo,uniform,0,0
2025-10-29T14:24:02.470064,PUBLISH,505194a9cef142f682c75c82bb016609,68f2d95bd190740cfd6a32d0,ENQUEUED,0.4438430707953217,questions_in,fifo,uniform,0,0
2025-10-29T14:24:02.897070,PUBLISH,f04e9ae2573d44319d7fa4c66fa2bc33,68f2d95bd190740cfd6a3d23,ENQUEUED,0.4239758618899827,questions_in,fifo,uniform,0,0
2025-10-29T14:24:03.185342,PUBLISH,d9e0d65217ea4ca480b35f60d5c1dc85,68f2d95bd190740cfd6a3f57,ENQUEUED,0.28507362843898354,questions_in,fifo,uniform,0,0
2025-10-29T14:24:03.635022,PUBLISH,9a43a1c34c5540899fe16a493f554dc2,68f2d95bd190740cfd6a2fe2,ENQUEUED,0.4470685374345742,questions_in,fifo,uniform,0,0
2025-10-29T14:24:04.047238,PUBLISH,33404f12dfe34bb9b82f2b01474386bc,68f2d95bd190740cfd6a322c,ENQUEUED,0.40852797094014415,questions_in,fifo,uniform,0,0
2025-10-29T14:24:04.451878,PUBLISH,1b7a52f9b1ec4f53a152d8bd100aeb09,68f2d95bd190740cfd6a2118,ENQUEUED,0.40223649508654913,questions_in,fifo,uniform,0,0
2025-10-29T14:24:04.879546,PUBLISH,fb986713adf74923ab129500d639488f,68f2d95bd190740cfd6a3f77,ENQUEUED,0.4232853516121645,questions_in,fifo,uniform,0,0
2025-10-29T14:24:05.135584,PUBLISH,c89f57f343f14e939fb341bea719f1c0,68f2d95bd190740cfd6a20d4,ENQUEUED,0.2536837596045266,questions_in,fifo,uniform,0,0
2025-10-29T14:24:05.601745,PUBLISH,9c45eee3d8d04763852772de32ca1bbe,68f2d95bd190740cfd6a3c5e,ENQUEUED,0.46291080030438037,questions_in,fifo,uniform,0,0
2025-10-29T14:24:05.832106,PUBLISH,fd31883b927641348efc972e66d20643,68f2d95bd190740cfd6a4026,ENQUEUED,0.22731326675465355,questions_in,fifo,uniform,0,0
2025-10-29T14:24:06.276733,PUBLISH,f93dfa70033d455b97d1eaadcc462318,68f2d95bd190740cfd6a33aa,ENQUEUED,0.441683127069295,questions_in,fifo,uniform,0,0
2025-10-29T14:24:06.640971,PUBLISH,f7ba61166b644930a0d477cdb6c0ecec,68f2d95bd190740cfd6a36de,ENQUEUED,0.3618806694995128,questions_in,fifo,uniform,0,0
2025-10-29T14:24:07.061552,PUBLISH,6040e5f5b7d94e4693cb3482d824fd36,68f2d95bd190740cfd6a3013,ENQUEUED,0.4164165950515517,questions_in,fifo,uniform,0,0
2025-10-29T14:24:07.312403,PUBLISH,770a681ff53f46d1ac2551b5d5bd9ba8,68f2d95bd190740cfd6a2a74,ENQUEUED,0.24724174568158303,questions_in,fifo,uniform,0,0
2025-10-29T14:24:07.559981,PUBLISH,69606bafe0014df8afd4d3d212fee993,68f2d95bd190740cfd6a3976,ENQUEUED,0.24532576527786065,questions_in,fifo,uniform,0,0
2025-10-29T14:24:07.719404,PUBLISH,0a13d9db366e4ceead92283321af27c9,68f2d95bd190740cfd6a1de3,ENQUEUED,0.15724024338223358,questions_in,fifo,uniform,0,0
2025-10-29T14:24:07.884445,PUBLISH,7fbb3a7c0d2b44abb8089a2deef8bb4c,68f2d95bd190740cfd6a2bc0,ENQUEUED,0.16171279846337022,questions_in,fifo,uniform,0,0
2025-10-29T14:24:08.117880,PUBLISH,152b8bcbea17458fbe5c79b771690b8c,68f2d95bd190740cfd6a317c,ENQUEUED,0.2307363489235278,questions_in,fifo,uniform,0,0
2025-10-29T14:24:08.569652,PUBLISH,0fa260ffe97741a3ae965f938ee050b2,68f2d95bd190740cfd6a333e,ENQUEUED,0.44932625899276635,questions_in,fifo,uniform,0,0
2025-10-29T14:24:08.928286,PUBLISH,70e4798c5935485fbe59968cfb1fb50a,68f2d95bd190740cfd6a4026,ENQUEUED,0.353379287868554,questions_in,fifo,uniform,0,0
2025-10-29T14:24:09.171565,PUBLISH,fb0273f1c91943728543ced3105ca730,68f2d95bd190740cfd6a27cc,ENQUEUED,0.24108743396617213,questions_in,fifo,uniform,0,0
2025-10-29T14:24:09.501930,PUBLISH,bbecdb3f829245a9ad4fe7e872038624,68f2d95bd190740cfd6a3cee,ENQUEUED,0.32694375301129264,questions_in,fifo,uniform,0,0
2025-10-29T14:24:09.895313,PUBLISH,92ce06ad8f734f839b89e32dc3bfd04c,68f2d95bd190740cfd6a23d7,ENQUEUED,0.39019655041238777,questions_in,fifo,uniform,0,0
2025-10-29T14:24:10.110122,PUBLISH,49230c5947754fc29c3cbc46bc2a4a24,68f2d95bd190740cfd6a3305,ENQUEUED,0.2118110838280725,questions_in,fifo,uniform,0,0
2025-10-29T14:24:10.418147,PUBLISH,5b736754203b4010b69996a5a0b6b724,68f2d95bd190740cfd6a3587,ENQUEUED,0.3049773938094434,questions_in,fifo,uniform,0,0
2025-10-29T14:24:10.771093,PUBLISH,ea34ee2e1a3b4df791ea79b9c3e0a283,68f2d95bd190740cfd6a2e56,ENQUEUED,0.3506443737355759,questions_in,fifo,uniform,0,0
2025-10-29T14:24:11.115579,PUBLISH,2ce49f0e3cab4d83b6241aa076797bff,68f2d95bd190740cfd6a3831,ENQUEUED,0.33856395980198095,questions_in,fifo,uniform,0,0
2025-10-29T14:24:11.406258,PUBLISH,cf36af9b8591430aac4a90971690091f,68f2d95bd190740cfd6a1b3f,ENQUEUED,0.2885346195434571,questions_in,fifo,uniform,0,0
2025-10-29T14:24:11.516245,PUBLISH,4bfcbb17d9184898a60d591a65fe6420,68f2d95bd190740cfd6a2eee,ENQUEUED,0.10784157244328947,questions_in,fifo,uniform,0,0
2025-10-29T14:24:11.800225,PUBLISH,7733382c02b941a39fd3ac2ff08ae6f9,68f2d95bd190740cfd6a2d08,ENQUEUED,0.2812777066889157,questions_in,fifo,uniform,0,0
2025-10-29T14:24:12.134012,PUBLISH,8fb39a5bb44d487d9c039cb89aa57e00,68f2d95bd190740cfd6a2d6a,ENQUEUED,0.33109698445205327,questions_in,fifo,uniform,0,0
2025-10-29T14:24:12.487837,PUBLISH,e89388f71b0d47efa5367058150587fa,68f2d95bd190740cfd6a37e7,ENQUEUED,0.3516798096891274,questions_in,fifo,uniform,0,0
2025-10-29T14:24:12.667188,PUBLISH,7eb345ec62e24c4b910f6719c2af87dd,68f2d95bd190740cfd6a2227,ENQUEUED,0.1758472415377521,questions_in,fifo,uniform,0,0
2025-10-29T14:24:13.098220,PUBLISH,df94738b45f448bb8636c5f78002f7f3,68f2d95bd190740cfd6a30d8,ENQUEUED,0.42865476033508687,questions_in,fifo,uniform,0,0
2025-10-29T14:24:13.429004,PUBLISH,d59954fbc57a4265a0b4757938e9545c,68f2d95bd190740cfd6a3516,ENQUEUED,0.32866977189066404,questions_in,fifo,uniform,0,0
2025-10-29T14:24:13.857237,PUBLISH,77799a8429e6498290ccc7423b55aad6,68f2d95bd190740cfd6a2131,ENQUEUED,0.42623421909460535,questions_in,fifo,uniform,0,0
2025-10-29T14:24:14.290280,PUBLISH,a55f7dad4eee4d87ad5d06c4d5980685,68f2d95bd190740cfd6a2641,ENQUEUED,0.43074710970026076,questions_in,fifo,uniform,0,0
2025-10-29T14:24:14.671434,PUBLISH,5e5ffe1acad24028a1d3971894c76cc5,68f2d95bd190740cfd6a3766,ENQUEUED,0.378966750072367,questions_in,fifo,uniform,0,0
2025-10-29T14:24:14.984744,PUBLISH,8d80f1506f5644a1ae0deda70ea4a46f,68f2d95bd190740cfd6a3b82,ENQUEUED,0.311530356734652,questions_in,fifo,uniform,0,0
2025-10-29T14:24:15.440461,PUBLISH,eb6f95b5d83d4ab9857600135b255b84,68f2d95bd190740cfd6a248b,ENQUEUED,0.4535255711496483,questions_in,fifo,uniform,0,0
2025-10-29T14:24:15.773173,PUBLISH,6a993407c629434fbb7fc471d88bf8da,68f2d95bd190740cfd6a38f0,ENQUEUED,0.329925591982432,questions_in,fifo,uniform,0,0
2025-10-29T14:24:16.157150,PUBLISH,e2091d0f361d4ed2b75aa90d110dd1ca,68f2d95bd190740cfd6a3f97,ENQUEUED,0.3818534763138981,questions_in,fifo,uniform,0,0
2025-10-29T14:24:16.514136,PUBLISH,2597a249e69941fd81f26eda1c67456e,68f2d95bd190740cfd6a2117,ENQUEUED,0.35465924668587423,questions_in,fifo,uniform,0,0
2025-10-29T14:24:16.656726,PUBLISH,57f0401592f44f55a9df30faba7566cd,68f2d95bd190740cfd6a359c,ENQUEUED,0.1406443961391217,questions_in,fifo,uniform,0,0
2025-10-29T14:24:16.787768,PUBLISH,81f9f8ac39dc4843a14fbb3ed32c874c,68f2d95bd190740cfd6a2d1f,ENQUEUED,0.12925863079909705,questions_in,fifo,uniform,0,0
2025-10-29T14:24:17.104005,PUBLISH,3dfb8aaf1e2c41cabbfa1dd2b4d06678,68f2d95bd190740cfd6a2d6b,ENQUEUED,0.3142777209148664,questions_in,fifo,uniform,0,0
2025-10-29T14:24:17.584395,PUBLISH,70ea06c7136641bc8968441c6c9a5709,68f2d95bd190740cfd6a3ade,ENQUEUED,0.4761794610545046,questions_in,fifo,uniform,0,0
2025-10-29T14:24:17.918795,PUBLISH,70aea4d21cb74fa1b9ea64fbf42cd3a4,68f2d95bd190740cfd6a2b2f,ENQUEUED,0.3323491660745582,questions_in,fifo,uniform,0,0
2025-10-29T14:24:18.264096,PUBLISH,e433d49b58b5487e99113690fe34aba5,68f2d95bd190740cfd6a30b2,ENQUEUED,0.3426053614883392,questions_in,fifo,uniform,0,0
2025-10-29T14:24:18.511886,PUBLISH,a01b18252d564163abcbf9ee1928a838,68f2d95bd190740cfd6a3d24,ENQUEUED,0.2443067278975138,questions_in,fifo,uniform,0,0
2025-10-29T14:24:18.752950,PUBLISH,171fd644413345588a635273269a137c,68f2d95bd190740cfd6a3780,ENQUEUED,0.23891290388869124,questions_in,fifo,uniform,0,0
2025-10-29T14:24:19.082346,PUBLISH,927fdddbf7ae43dbb72ce708cd5a6876,68f2d95bd190740cfd6a33a7,ENQUEUED,0.32579520996801176,questions_in,fifo,uniform,0,0
2025-10-29T14:24:19.275534,PUBLISH,771e253a97b64d2bbb126e0676880451,68f2d95bd190740cfd6a2a27,ENQUEUED,0.18976674407860208,questions_in,fifo,uniform,0,0
2025-10-29T14:24:19.504762,PUBLISH,45aaa8794bbc45679b25baf17dcf3be5,68f2d95bd190740cfd6a3ae7,ENQUEUED,0.22747500522830513,questions_in,fifo,uniform,0,0
2025-10-29T14:24:19.773826,PUBLISH,49615d2e13644aecab38f3055bd15180,68f2d95bd190740cfd6a1b39,ENQUEUED,0.26663488498665583,questions_in,fifo,uniform,0,0
2025-10-29T14:24:20.097939,PUBLISH,849336cc50174edb9302ad23ef9fa861,68f2d95bd190740cfd6a1eb6,ENQUEUED,0.3208362320902305,questions_in,fifo,uniform,0,0
2025-10-29T14:24:20.581892,PUBLISH,2fbe635ebfc94fb1abe82fb018ff8a34,68f2d95bd190740cfd6a27d7,ENQUEUED,0.4814970840902637,questions_in,fifo,uniform,0,0
2025-10-29T14:24:20.727100,PUBLISH,cfdc1f29d96a4a8f8474382d6d3830d9,68f2d95bd190740cfd6a3bfc,ENQUEUED,0.14171342083170513,questions_in,fifo,uniform,0,0
2025-10-29T14:24:21.034933,PUBLISH,57867e117d3447e1be554992157ae67e,68f2d95bd190740cfd6a4098,ENQUEUED,0.30490536923120387,questions_in,fifo,uniform,0,0
2025-10-29T14:24:21.394993,PUBLISH,29d3b93b70bf4e6088a9d6e9b4841c51,68f2d95bd190740cfd6a1d45,ENQUEUED,0.3563821621316231,questions_in,fifo,uniform,0,0
2025-10-29T14:24:21.596767,PUBLISH,143b53397d1943faad12ebd250cae7ef,68f2d95bd190740cfd6a2057,ENQUEUED,0.19874872837334967,questions_in,fifo,uniform,0,0
2025-10-29T14:24:21.847755,PUBLISH,12afb80ec8254ab698d37216e323c552,68f2d95bd190740cfd6a1eee,ENQUEUED,0.24593453608472557,questions_in,fifo,uniform,0,0
2025-10-29T14:24:22.311780,PUBLISH,6fdcc214d4c646249b3741f3e5c3a44a,68f2d95bd190740cfd6a30e2,ENQUEUED,0.4602941163535239,questions_in,fifo,uniform,0,0
2025-10-29T14:24:22.680754,PUBLISH,e9a74d697d0840f1a0d5b34b8a4e1a7a,68f2d95bd190740cfd6a1e58,ENQUEUED,0.36303512809404626,questions_in,fifo,uniform,0,0
2025-10-29T14:24:22.965860,PUBLISH,f3873988716e4cdb83d058c91cec771e,68f2d95bd190740cfd6a38dd,ENQUEUED,0.28286689930077846,questions_in,fifo,uniform,0,0
2025-10-29T14:24:23.335704,PUBLISH,dad4be5260d043d589ecfa8156f47baf,68f2d95bd190740cfd6a3cdc,ENQUEUED,0.3667870089773212,questions_in,fifo,uniform,0,0
2025-10-29T14:24:23.814221,PUBLISH,f0394fd4d66244fd8fd825a93317fed4,68f2d95bd190740cfd6a3e0f,ENQUEUED,0.47603317734490846,questions_in,fifo,uniform,0,0
2025-10-29T14:24:23.916292,PUBLISH,a7facde2daa846838796458a6f9793f7,68f2d95bd190740cfd6a2034,ENQUEUED,0.10014192321455223,questions_in,fifo,uniform,0,0
2025-10-29T14:24:24.022190,PUBLISH,066bd2cbb67e4295b3b4238e72523f55,68f2d95bd190740cfd6a337f,ENQUEUED,0.10337597518014717,questions_in,fifo,uniform,0,0
2025-10-29T14:24:24.472949,PUBLISH,623201b88263426db1361e15db9d7e30,68f2d95bd190740cfd6a1e63,ENQUEUED,0.44745747993902085,questions_in,fifo,uniform,0,0
2025-10-29T14:24:24.866659,PUBLISH,b1a49e2e1d6e4866abd08c905f0cf151,68f2d95bd190740cfd6a3aec,ENQUEUED,0.3911141514189366,questions_in,fifo,uniform,0,0
2025-10-29T14:24:25.170169,PUBLISH,f5ccc04ddde14606ad7eaca66d150338,68f2d95bd190740cfd6a3a02,ENQUEUED,0.30066445607099357,questions_in,fifo,uniform,0,0
2025-10-29T14:24:25.582792,PUBLISH,f5250bd517914ffeb2b8b8065b3fcd12,68f2d95bd190740cfd6a3ba6,ENQUEUED,0.4101547868514629,questions_in,fifo,uniform,0,0
2025-10-29T14:24:25.699251,PUBLISH,182643f3793845058c34d3fbd90f240f,68f2d95bd190740cfd6a250c,ENQUEUED,0.1102017749710365,questions_in,fifo,uniform,0,0
2025-10-29T14:24:26.077877,PUBLISH,7a125a5c813843e1baaa4f0e5d9ad319,68f2d95bd190740cfd6a31aa,ENQUEUED,0.3754028071352138,questions_in,fifo,uniform,0,0
2025-10-29T14:24:26.247354,PUBLISH,ca441e3b781540d9ace0534754899386,68f2d95bd190740cfd6a2d77,ENQUEUED,0.1663260435842604,questions_in,fifo,uniform,0,0
2025-10-29T14:24:26.714597,PUBLISH,b14a753f5c7143358690bb18967f9977,68f2d95bd190740cfd6a383c,ENQUEUED,0.46479900083695447,questions_in,fifo,uniform,0,0
2025-10-29T14:24:26.836427,PUBLISH,fed5158d7c3c4ae09dd446ab2246fdb3,68f2d95bd190740cfd6a2a96,ENQUEUED,0.11916557974903169,questions_in,fifo,uniform,0,0
2025-10-29T14:24:27.131867,PUBLISH,1c135af76dd245608687b178997ce064,68f2d95bd190740cfd6a2a35,ENQUEUED,0.29282174384022586,questions_in,fifo,uniform,0,0
2025-10-29T14:24:27.506521,PUBLISH,f630db2883154bc18ea1868fa34994c0,68f2d95bd190740cfd6a2ab1,ENQUEUED,0.37176297911288825,questions_in,fifo,uniform,0,0
2025-10-29T14:24:27.772338,PUBLISH,5487e28ce8224db9a17d5166cbb64ddb,68f2d95bd190740cfd6a38c9,ENQUEUED,0.26274632205261206,questions_in,fifo,uniform,0,0
2025-10-29T14:24:28.231115,PUBLISH,7079f145a41c48b587f812bf78cbc025,68f2d95bd190740cfd6a287f,ENQUEUED,0.45649812592186745,questions_in,fifo,uniform,0,0
2025-10-29T14:24:28.346557,PUBLISH,cd1944e94ee5448f8bd5a7c5c83fc10b,68f2d95bd190740cfd6a2e07,ENQUEUED,0.11228074232512536,questions_in,fifo,uniform,0,0
2025-10-29T14:24:28.700480,PUBLISH,98a44055df5242f1b4ea7a9ff353ed62,68f2d95bd190740cfd6a3353,ENQUEUED,0.35116362433177584,questions_in,fifo,uniform,0,0
2025-10-29T14:24:28.915072,PUBLISH,cb6427d2086c4df2ab840afb61f744db,68f2d95bd190740cfd6a2861,ENQUEUED,0.21208994980131726,questions_in,fifo,uniform,0,0
2025-10-29T14:24:29.308633,PUBLISH,0dcb26e44bd4414a968434621ca5e196,68f2d95bd190740cfd6a2f9a,ENQUEUED,0.39056369246149747,questions_in,fifo,uniform,0,0
2025-10-29T14:24:29.681778,PUBLISH,41143e1cf72a46aeb9b368838afc4504,68f2d95bd190740cfd6a250d,ENQUEUED,0.3708764438097114,questions_in,fifo,uniform,0,0
2025-10-29T14:24:29.889221,PUBLISH,ec1be128331348b9b6ec07333edc5a7d,68f2d95bd190740cfd6a1af4,ENQUEUED,0.20438720381264092,questions_in,fifo,uniform,0,0
2025-10-29T14:24:30.346578,PUBLISH,26f4d1cad4604e21872fb7f6db763ac6,68f2d95bd190740cfd6a3d16,ENQUEUED,0.453965297784939,questions_in,fifo,uniform,0,0
2025-10-29T14:24:30.485600,PUBLISH,725a50fc738042688805be879efef8db,68f2d95bd190740cfd6a2214,ENQUEUED,0.13680786253622254,questions_in,fifo,uniform,0,0
2025-10-29T14:24:30.780467,PUBLISH,c9ddda4c87ae4cba9f1c2bcd31bd4293,68f2d95bd190740cfd6a384a,ENQUEUED,0.2913636838861262,questions_in,fifo,uniform,0,0
2025-10-29T14:24:31.231712,PUBLISH,2d30df6586284d1195dd80ba8428611b,68f2d95bd190740cfd6a2006,ENQUEUED,0.44914346281746287,questions_in,fifo,uniform,0,0
2025-10-29T14:24:31.543084,PUBLISH,92e1f1f912294df0a5b943b79ad659c9,68f2d95bd190740cfd6a32cd,ENQUEUED,0.30408832152033216,questions_in,fifo,uniform,0,0
2025-10-29T14:24:31.870453,PUBLISH,d95c14c078b846fa927633a1d1aec117,68f2d95bd190740cfd6a1f90,ENQUEUED,0.32504565447136613,questions_in,fifo,uniform,0,0
2025-10-29T14:24:32.276120,PUBLISH,a036b6d9ba694a67acf9222420b89275,68f2d95bd190740cfd6a2616,ENQUEUED,0.40227262369991257,questions_in,fifo,uniform,0,0
2025-10-29T14:24:32.411252,PUBLISH,ab49014729a24948b198d5d9661c1a11,68f2d95bd190740cfd6a4073,ENQUEUED,0.13056450818642917,questions_in,fifo,uniform,0,0
2025-10-29T14:24:32.820038,PUBLISH,ca5d9060492f4e25b8a8fa5005d6c618,68f2d95bd190740cfd6a2b8b,ENQUEUED,0.40592743593422487,questions_in,fifo,uniform,0,0
2025-10-29T14:24:33.049729,PUBLISH,1e6ac300ab254cd1b31e34f00f330aba,68f2d95bd190740cfd6a246b,ENQUEUED,0.22730354327416358,questions_in,fifo,uniform,0,0
2025-10-29T14:24:33.177939,PUBLISH,8c8f133758d040b998ec895ee35d0856,68f2d95bd190740cfd6a1e80,ENQUEUED,0.1258713059894066,questions_in,fifo,uniform,0,0
2025-10-29T14:24:33.671175,PUBLISH,fbc9d298066a4114b6be016a29f857b4,68f2d95bd190740cfd6a2223,ENQUEUED,0.49096521604669363,questions_in,fifo,uniform,0,0
2025-10-29T14:24:33.964747,PUBLISH,83a2f58b6bcf44bc80fd65743da7b22d,68f2d95bd190740cfd6a3542,ENQUEUED,0.2909014543381526,questions_in,fifo,uniform,0,0
2025-10-29T14:24:34.224694,PUBLISH,98205fc7e3904a9ea93eb4bc86a7671f,68f2d95bd190740cfd6a2858,ENQUEUED,0.25647292908661795,questions_in,fifo,uniform,0,0
2025-10-29T14:24:34.535881,PUBLISH,aebf57837bbf4bbeabb29de6c00ff7ee,68f2d95bd190740cfd6a1c5e,ENQUEUED,0.3054395050432511,questions_in,fifo,uniform,0,0
2025-10-29T14:24:34.840137,PUBLISH,6c8f6fbb1af44557a71417181b673205,68f2d95bd190740cfd6a3d72,ENQUEUED,0.30055777394727734,questions_in,fifo,uniform,0,0
2025-10-29T14:24:34.951110,PUBLISH,bc6ddd75e0e54f36a24b4bd578101c3f,68f2d95bd190740cfd6a1d2a,ENQUEUED,0.10895741432431372,questions_in,fifo,uniform,0,0
2025-10-29T14:24:35.264272,PUBLISH,b093372b24ee4bce93fbd17c82d557eb,68f2d95bd190740cfd6a2f37,ENQUEUED,0.3109585527212582,questions_in,fifo,uniform,0,0
2025-10-29T14:24:35.396188,PUBLISH,a4d0e28e851a430daf8b8a5d3b572baf,68f2d95bd190740cfd6a1dd7,ENQUEUED,0.1295117584271086,questions_in,fifo,uniform,0,0
2025-10-29T14:24:35.581931,PUBLISH,e6556ae245c747e6b3ba61af4d00a129,68f2d95bd190740cfd6a1c43,ENQUEUED,0.18367321870121153,questions_in,fifo,uniform,0,0
2025-10-29T14:24:35.847240,PUBLISH,19249ccbdc11415aba3a7bbb417249af,68f2d95bd190740cfd6a2f28,ENQUEUED,0.2631055520180815,questions_in,fifo,uniform,0,0
2025-10-29T14:24:36.202830,PUBLISH,92e756d2baed42c89676ed288fa055bf,68f2d95bd190740cfd6a4102,ENQUEUED,0.35339687342095927,questions_in,fifo,uniform,0,0
2025-10-29T14:24:36.325784,PUBLISH,183bafac9d284359bbd5dc2d6e04ecec,68f2d95bd190740cfd6a3cf5,ENQUEUED,0.11961362165999812,questions_in,fifo,uniform,0,0
2025-10-29T14:24:36.779953,PUBLISH,a1f7efcee61b402fbbc018879dcc0bd0,68f2d95bd190740cfd6a3f4b,ENQUEUED,0.4479520407741169,questions_in,fifo,uniform,0,0
2025-10-29T14:24:37.252885,PUBLISH,3dc5d77e5bba4c58a4af0f8b5d0ca483,68f2d95bd190740cfd6a22e1,ENQUEUED,0.47042597359188776,questions_in,fifo,uniform,0,0
2025-10-29T14:24:37.518534,PUBLISH,f2177ba81c2740fd85784b644dba3eba,68f2d95bd190740cfd6a3795,ENQUEUED,0.2631127940829512,questions_in,fifo,uniform,0,0
2025-10-29T14:24:37.869525,PUBLISH,4e57e5255ab144c48a20460916ac5d8e,68f2d95bd190740cfd6a3710,ENQUEUED,0.3482538436949909,questions_in,fifo,uniform,0,0
2025-10-29T14:24:38.193075,PUBLISH,4f34c1d2d3814ed1989586653df9378a,68f2d95bd190740cfd6a39c7,ENQUEUED,0.3207843950403813,questions_in,fifo,uniform,0,0
2025-10-29T14:24:38.640406,PUBLISH,a8e17e79d6584c64a268a09af73b5098,68f2d95bd190740cfd6a2e90,ENQUEUED,0.44321829166691773,questions_in,fifo,uniform,0,0
2025-10-29T14:24:39.008772,PUBLISH,553096c78c874b2f8753f8fba4e6f1eb,68f2d95bd190740cfd6a2961,ENQUEUED,0.36524416086499,questions_in,fifo,uniform,0,0
2025-10-29T14:24:39.211677,PUBLISH,21eb6ac9824043c9a9711d9922795175,68f2d95bd190740cfd6a292c,ENQUEUED,0.20063002352499743,questions_in,fifo,uniform,0,0
2025-10-29T14:24:39.331652,PUBLISH,6d60bad20a4b4ac5bb943c30bc23ba71,68f2d95bd190740cfd6a234a,ENQUEUED,0.11745454737721124,questions_in,fifo,uniform,0,0
2025-10-29T14:24:39.697829,PUBLISH,00c761769213440c905db49f752459d8,68f2d95bd190740cfd6a3146,ENQUEUED,0.3628447104092726,questions_in,fifo,uniform,0,0
2025-10-29T14:24:39.861993,PUBLISH,1d2883ba130c486db7027b2a411b92a2,68f2d95bd190740cfd6a35cd,ENQUEUED,0.16001582227166633,questions_in,fifo,uniform,0,0
2025-10-29T14:24:40.031242,PUBLISH,202539433f0348b1a4e7cff6e7c51a64,68f2d95bd190740cfd6a3090,ENQUEUED,0.16145985281725075,questions_in,fifo,uniform,0,0
2025-10-29T14:24:40.449296,PUBLISH,9a90999738304ddca40fcabc2b9b7852,68f2d95bd190740cfd6a1e4a,ENQUEUED,0.41505119800187396,questions_in,fifo,uniform,0,0
2025-10-29T14:24:40.703328,PUBLISH,dac54f9d971847fbb33a8782b5792479,68f2d95bd190740cfd6a2051,ENQUEUED,0.25116416077329495,questions_in,fifo,uniform,0,0
2025-10-29T14:24:41.139060,PUBLISH,6cd9e78db83f4d989b7f19509fc7a46a,68f2d95bd190740cfd6a310b,ENQUEUED,0.4298365420529443,questions_in,fifo,uniform,0,0
2025-10-29T14:24:41.469579,PUBLISH,03f0397b881e4d3fbd87712e3b0ccb28,68f2d95bd190740cfd6a22fb,ENQUEUED,0.32363738172702106,questions_in,fifo,uniform,0,0
2025-10-29T14:24:41.795553,PUBLISH,4c98f1bff3034a89bff03a4ad97ce4da,68f2d95bd190740cfd6a2524,ENQUEUED,0.3239498159072983,questions_in,fifo,uniform,0,0
2025-10-29T14:24:42.115668,PUBLISH,f02854aefb364d03976a4e906fdaa01d,68f2d95bd190740cfd6a361e,ENQUEUED,0.3181719611071905,questions_in,fifo,uniform,0,0
2025-10-29T14:24:42.423611,PUBLISH,000da0ddb6c54b7d92e4da57a320a51d,68f2d95bd190740cfd6a3e8e,ENQUEUED,0.3049287338328222,questions_in,fifo,uniform,0,0
2025-10-29T14:24:42.749973,PUBLISH,ab7208f8e95944d2ad25328dee8cff96,68f2d95bd190740cfd6a1fda,ENQUEUED,0.3242511266518791,questions_in,fifo,uniform,0,0
2025-10-29T14:24:43.030197,PUBLISH,83f54c3644a04e97b78e42f7280c7cce,68f2d95bd190740cfd6a25dd,ENQUEUED,0.2737846693000531,questions_in,fifo,uniform,0,0
2025-10-29T14:24:43.208371,PUBLISH,8c1c8409237c4749b172752b4d323b42,68f2d95bd190740cfd6a4010,ENQUEUED,0.17586951861325778,questions_in,fifo,uniform,0,0
2025-10-29T14:24:43.518930,PUBLISH,9fe8af97d5af484db62211e96383fff4,68f2d95bd190740cfd6a3f66,ENQUEUED,0.3077524890744049,questions_in,fifo,uniform,0,0
2025-10-29T14:24:43.856262,PUBLISH,3bc0ad66aa164b98baa23851fb841768,68f2d95bd190740cfd6a24b0,ENQUEUED,0.3338919567226556,questions_in,fifo,uniform,0,0
2025-10-29T14:24:44.113638,PUBLISH,8cd418d0cc174e319bf172f497ba5a0b,68f2d95bd190740cfd6a3a53,ENQUEUED,0.2553933455777525,questions_in,fifo,uniform,0,0
2025-10-29T14:24:44.510312,PUBLISH,423e0e32566b498b864ac21281824b6c,68f2d95bd190740cfd6a2f67,ENQUEUED,0.3923789871611256,questions_in,fifo,uniform,0,0
2025-10-29T14:24:44.808430,PUBLISH,2b4ca1737cb54c708b95ef9a7c3fa834,68f2d95bd190740cfd6a31aa,ENQUEUED,0.2951555131178661,questions_in,fifo,uniform,0,0
2025-10-29T14:24:45.060305,PUBLISH,076a142913804f49a90f3ecea6cf2277,68f2d95bd190740cfd6a25f5,ENQUEUED,0.24889809798902182,questions_in,fifo,uniform,0,0
2025-10-29T14:24:45.267757,PUBLISH,09dc740185b54d3ea1f59429f1fa8594,68f2d95bd190740cfd6a1c04,ENQUEUED,0.20536325918559506,questions_in,fifo,uniform,0,0
2025-10-29T14:24:45.761817,PUBLISH,960c8ba660c940179cf745550fa05cba,68f2d95bd190740cfd6a3feb,ENQUEUED,0.4913396795454217,questions_in,fifo,uniform,0,0
2025-10-29T14:24:46.009948,PUBLISH,ca69d05d8a1449328ac02b772125615a,68f2d95bd190740cfd6a403a,ENQUEUED,0.24603027372474365,questions_in,fifo,uniform,0,0
2025-10-29T14:24:46.305235,PUBLISH,f046839e089a4ebdabe3842c75bd105a,68f2d95bd190740cfd6a39dc,ENQUEUED,0.2915609811598058,questions_in,fifo,uniform,0,0
2025-10-29T14:24:46.524677,PUBLISH,8e4ee6a2d7ed478f92d2132d273b0e72,68f2d95bd190740cfd6a34c7,ENQUEUED,0.21155970806556007,questions_in,fifo,uniform,0,0
2025-10-29T14:24:46.733637,PUBLISH,e5e686c5518244928eb1b013e81d474f,68f2d95bd190740cfd6a25c1,ENQUEUED,0.2067272623909927,questions_in,fifo,uniform,0,0
2025-10-29T14:24:46.875195,PUBLISH,1cd2274247b145958bc90e825230a2e1,68f2d95bd190740cfd6a2fd8,ENQUEUED,0.1374099533935451,questions_in,fifo,uniform,0,0
2025-10-29T14:24:47.331080,PUBLISH,422dbb9f8b6349c8ac16a5b4e18f27ca,68f2d95bd190740cfd6a3a0a,ENQUEUED,0.45345373646121223,questions_in,fifo,uniform,0,0
2025-10-29T14:24:47.551473,PUBLISH,365e507617334f198f274b0e989f6864,68f2d95bd190740cfd6a398f,ENQUEUED,0.21808697556637338,questions_in,fifo,uniform,0,0
2025-10-29T14:24:47.798623,PUBLISH,6892cc87ac45432d9cc07cd50eadccfd,68f2d95bd190740cfd6a1e42,ENQUEUED,0.24507924517032245,questions_in,fifo,uniform,0,0
2025-10-29T14:24:48.073163,PUBLISH,84b362c6aa784d41bfa018b8dae97d27,68f2d95bd190740cfd6a2f0f,ENQUEUED,0.2713587215781431,questions_in,fifo,uniform,0,0
2025-10-29T14:24:48.291770,PUBLISH,37f52fbe7aa64eb385ea0cd1306b523e,68f2d95bd190740cfd6a22e0,ENQUEUED,0.21645701151660704,questions_in,fifo,uniform,0,0
2025-10-29T14:24:48.579738,PUBLISH,b66db10699224b7eafe20f2382775a7a,68f2d95bd190740cfd6a2484,ENQUEUED,0.2859640830843403,questions_in,fifo,uniform,0,0
2025-10-29T14:24:49.051105,PUBLISH,f1748e4808a04b7096e5d55279154bb7,68f2d95bd190740cfd6a39c9,ENQUEUED,0.463878520002183,questions_in,fifo,uniform,0,0
2025-10-29T14:24:49.227179,PUBLISH,271661afbf884cb1811af93c9656eb53,68f2d95bd190740cfd6a3105,ENQUEUED,0.17387488759250996,questions_in,fifo,uniform,0,0
2025-10-29T14:24:49.348339,PUBLISH,dbff3ee625664aa383d5229a193dd021,68f2d95bd190740cfd6a27c9,ENQUEUED,0.11863497460314143,questions_in,fifo,uniform,0,0
2025-10-29T14:24:49.846127,PUBLISH,ecb3150e1d1d47bdbd2fe6e25b70aefd,68f2d95bd190740cfd6a2653,ENQUEUED,0.495423294700853,questions_in,fifo,uniform,0,0
2025-10-29T14:24:50.284533,PUBLISH,7f20c5e242db4e7685ed9e4785b48bf7,68f2d95bd190740cfd6a2d94,ENQUEUED,0.4312741077832798,questions_in,fifo,uniform,0,0
2025-10-29T14:24:50.620125,PUBLISH,5a4187b630f24d2bb2b168741fbf9471,68f2d95bd190740cfd6a2a23,ENQUEUED,0.3281732426145483,questions_in,fifo,uniform,0,0
2025-10-29T14:24:51.045787,PUBLISH,7d7a585d1e5341f28060695332cfecad,68f2d95bd190740cfd6a1e24,ENQUEUED,0.4222113980189235,questions_in,fifo,uniform,0,0
2025-10-29T14:24:51.191174,PUBLISH,30f22c586b91418fba324d46e26fac10,68f2d95bd190740cfd6a386b,ENQUEUED,0.14232871890938,questions_in,fifo,uniform,0,0
2025-10-29T14:24:51.350650,PUBLISH,ce348c8ae4ed40a796c691c93fc4cd52,68f2d95bd190740cfd6a25f0,ENQUEUED,0.15759479644320495,questions_in,fifo,uniform,0,0
2025-10-29T14:24:51.683635,PUBLISH,2a2d4d631fb446248d3da8883d7b67ea,68f2d95bd190740cfd6a3249,ENQUEUED,0.3305979125301308,questions_in,fifo,uniform,0,0
2025-10-29T14:24:51.847500,PUBLISH,8fdd8d84c2f94e95821e325eab750582,68f2d95bd190740cfd6a41b5,ENQUEUED,0.16222798626986168,questions_in,fifo,uniform,0,0
2025-10-29T14:24:51.976269,PUBLISH,d4277c56117b4c77a8da15cc55170253,68f2d95bd190740cfd6a33bc,ENQUEUED,0.12679004705041386,questions_in,fifo,uniform,0,0
2025-10-29T14:24:52.378858,PUBLISH,c5f77f6988284847ac99c84d804a6b81,68f2d95bd190740cfd6a3467,ENQUEUED,0.4004964206464263,questions_in,fifo,uniform,0,0
2025-10-29T14:24:52.489342,PUBLISH,9a63a256368b4a92869b897f4b9c8082,68f2d95bd190740cfd6a1b86,ENQUEUED,0.10726835298040177,questions_in,fifo,uniform,0,0
2025-10-29T14:24:52.892263,PUBLISH,5da660b8882447b2a083f45363e7af7f,68f2d95bd190740cfd6a1d24,ENQUEUED,0.3998976053641714,questions_in,fifo,uniform,0,0
2025-10-29T14:24:53.370460,PUBLISH,00c4ea88adae48d0a178f8e25ce6cfbb,68f2d95bd190740cfd6a2650,ENQUEUED,0.47455835377526145,questions_in,fifo,uniform,0,0
2025-10-29T14:24:53.805848,PUBLISH,28c72cbf4dd746e2a3e8a9ff86803fa0,68f2d95bd190740cfd6a28c6,ENQUEUED,0.427054199414041,questions_in,fifo,uniform,0,0
2025-10-29T14:24:54.232930,PUBLISH,09d08a5fda4a47beac114e89baa6c263,68f2d95bd190740cfd6a23f0,ENQUEUED,0.42421252748806293,questions_in,fifo,uniform,0,0
2025-10-29T14:24:54.639694,PUBLISH,e6494ec70b6b40f081f04647f59813ed,68f2d95bd190740cfd6a3e21,ENQUEUED,0.4031493168935828,questions_in,fifo,uniform,0,0
2025-10-29T14:24:54.874311,PUBLISH,9046bbebb3354fe39a89629000a5b5ed,68f2d95bd190740cfd6a2470,ENQUEUED,0.23189238096273326,questions_in,fifo,uniform,0,0
2025-10-29T14:24:55.121532,PUBLISH,2933b3d7da354958a7d4d9c5db4b2ad3,68f2d95bd190740cfd6a26f3,ENQUEUED,0.2447287539282849,questions_in,fifo,uniform,0,0
2025-10-29T14:24:55.588653,PUBLISH,0408b8595fff47cb8a348b834effe6d7,68f2d95bd190740cfd6a292d,ENQUEUED,0.4638008358189467,questions_in,fifo,uniform,0,0
2025-10-29T14:24:55.706269,PUBLISH,aa5e19545f9544df932bbd33b6dfbb33,68f2d95bd190740cfd6a220b,ENQUEUED,0.11525895721025514,questions_in,fifo,uniform,0,0
2025-10-29T14:24:55.982514,PUBLISH,51e2134ceb3b4c808b9681022d73215d,68f2d95bd190740cfd6a248d,ENQUEUED,0.27418409948286604,questions_in,fifo,uniform,0,0
2025-10-29T14:24:56.106438,PUBLISH,c7442c6015a342a894607263adafc9e2,68f2d95bd190740cfd6a3bd7,ENQUEUED,0.12092491300307545,questions_in,fifo,uniform,0,0
2025-10-29T14:24:56.460799,PUBLISH,a18a76e02be049d19722a2dddca3c5e0,68f2d95bd190740cfd6a28b2,ENQUEUED,0.352334995892276,questions_in,fifo,uniform,0,0
2025-10-29T14:24:56.944327,PUBLISH,0d48bb830b254c859babfd4c976ea66c,68f2d95bd190740cfd6a23c7,ENQUEUED,0.4811086962097546,questions_in,fifo,uniform,0,0
2025-10-29T14:24:57.410084,PUBLISH,b346bb1778ad4bc5902c54d0bd242d03,68f2d95bd190740cfd6a2827,ENQUEUED,0.46366629767880696,questions_in,fifo,uniform,0,0
2025-10-29T14:24:57.646743,PUBLISH,de2553edabd741a5b75b076d0f960738,68f2d95bd190740cfd6a1b08,ENQUEUED,0.23459057737868205,questions_in,fifo,uniform,0,0
2025-10-29T14:24:57.868553,PUBLISH,e4259af9f39440c795c48fd304d4ed97,68f2d95bd190740cfd6a2cc6,ENQUEUED,0.21911060408817878,questions_in,fifo,uniform,0,0
2025-10-29T14:24:58.086668,PUBLISH,3e75a40285134a26a6b44d1da8217f2a,68f2d95bd190740cfd6a2d03,ENQUEUED,0.21527317425337236,questions_in,fifo,uniform,0,0
2025-10-29T14:24:58.583186,PUBLISH,4d5cb2b472b542d387c7068b22223523,68f2d95bd190740cfd6a4188,ENQUEUED,0.4943915491495803,questions_in,fifo,uniform,0,0
2025-10-29T14:24:58.848782,PUBLISH,5d1c7f25debe4e43844bc0972ee7b318,68f2d95bd190740cfd6a2fa7,ENQUEUED,0.2637472306892825,questions_in,fifo,uniform,0,0
2025-10-29T14:24:59.002577,PUBLISH,ed721963cc78494eb2ca2d72dede34a0,68f2d95bd190740cfd6a3312,ENQUEUED,0.14964576583442846,questions_in,fifo,uniform,0,0
2025-10-29T14:24:59.474175,PUBLISH,e24acda70a644fc18c5306756a6fd0dc,68f2d95bd190740cfd6a1f18,ENQUEUED,0.4692629778943894,questions_in,fifo,uniform,0,0
2025-10-29T14:24:59.778677,PUBLISH,0833fc5585884d81953fc0ad8965f85a,68f2d95bd190740cfd6a4176,ENQUEUED,0.3027496673431951,questions_in,fifo,uniform,0,0
2025-10-29T14:24:59.928622,PUBLISH,3ab0f9343bcc4396a16cfb78bf4d9813,68f2d95bd190740cfd6a266d,ENQUEUED,0.14790819966030952,questions_in,fifo,uniform,0,0
2025-10-29T14:25:00.044009,PUBLISH,bd499619174346738252abb7d1c17539,68f2d95bd190740cfd6a2e1f,ENQUEUED,0.11306253783676144,questions_in,fifo,uniform,0,0
2025-10-29T14:25:00.469585,PUBLISH,ca007a661d6e4e5e8de28ca4e80fe1f6,68f2d95bd190740cfd6a2a05,ENQUEUED,0.42225315452873746,questions_in,fifo,uniform,0,0
2025-10-29T14:25:00.844567,PUBLISH,7048809b69904f50b51a6eb817e21831,68f2d95bd190740cfd6a366e,ENQUEUED,0.3726477220144232,questions_in,fifo,uniform,0,0
2025-10-29T14:25:01.095283,PUBLISH,dce0ca8e90304bf78712914970885244,68f2d95bd190740cfd6a3bc8,ENQUEUED,0.2487647279470903,questions_in,fifo,uniform,0,0
2025-10-29T14:25:01.460774,PUBLISH,dd53fccdd0944f38a1ee28808454f896,68f2d95bd190740cfd6a1e3b,ENQUEUED,0.36340973686302036,questions_in,fifo,uniform,0,0
2025-10-29T14:25:01.842627,PUBLISH,fcb10bce5a4043ae888911ac55b49f3e,68f2d95bd190740cfd6a2853,ENQUEUED,0.37964767003397515,questions_in,fifo,uniform,0,0
2025-10-29T14:25:02.254573,PUBLISH,726d777e635e4477905cfc1d9a46424a,68f2d95bd190740cfd6a1df0,ENQUEUED,0.4078029159517593,questions_in,fifo,uniform,0,0
2025-10-29T14:25:02.564393,PUBLISH,c013a32a4a7c4712b8984cdca5628d90,68f2d95bd190740cfd6a37fd,ENQUEUED,0.3076554166346582,questions_in,fifo,uniform,0,0
2025-10-29T14:25:02.797453,PUBLISH,8d7eaba5edcf4367920daaae818c8a80,68f2d95bd190740cfd6a3739,ENQUEUED,0.23076245881930438,questions_in,fifo,uniform,0,0
2025-10-29T14:25:03.022656,PUBLISH,2e86c1caf8af41c2b38b319dc9fcc4f3,68f2d95bd190740cfd6a3bd8,ENQUEUED,0.22276750717440832,questions_in,fifo,uniform,0,0
2025-10-29T14:25:03.498386,PUBLISH,8f14b311887f46758a7a2683643d92b5,68f2d95bd190740cfd6a37c7,ENQUEUED,0.467798812334418,questions_in,fifo,uniform,0,0
2025-10-29T14:25:03.916379,PUBLISH,f019f945c1ac4372971bd8dc9287f91a,68f2d95bd190740cfd6a3e4c,ENQUEUED,0.4145193913348436,questions_in,fifo,uniform,0,0
2025-10-29T14:25:04.104954,PUBLISH,680143bdb39d4824bf4db5fcfbdcefef,68f2d95bd190740cfd6a20fd,ENQUEUED,0.18601954773899387,questions_in,fifo,uniform,0,0
2025-10-29T14:25:04.286777,PUBLISH,3ff0fc1b8e7849f2b96a505b80dbaec0,68f2d95bd190740cfd6a365e,ENQUEUED,0.1791019143637904,questions_in,fifo,uniform,0,0
2025-10-29T14:25:04.436417,PUBLISH,1ad604339fbb478dae03c2ce490796cf,68f2d95bd190740cfd6a3b3f,ENQUEUED,0.14679992830020008,questions_in,fifo,uniform,0,0
2025-10-29T14:25:04.900400,PUBLISH,b735b95e0e5f43d19f21aefb1844c8aa,68f2d95bd190740cfd6a2687,ENQUEUED,0.4606159502751721,questions_in,fifo,uniform,0,0
2025-10-29T14:25:05.240300,PUBLISH,e581d60b162c445e9c24d13482d70b73,68f2d95bd190740cfd6a1c66,ENQUEUED,0.33780536625112423,questions_in,fifo,uniform,0,0
2025-10-29T14:25:05.412737,PUBLISH,859a37d870e04548bbea10be4268a47a,68f2d95bd190740cfd6a1d1a,ENQUEUED,0.1703148918629943,questions_in,fifo,uniform,0,0
2025-10-29T14:25:05.790775,PUBLISH,a4607b25eff748f3b2024ee8e3ca93fa,68f2d95bd190740cfd6a3e16,ENQUEUED,0.3744327653920233,questions_in,fifo,uniform,0,0
2025-10-29T14:25:05.923010,PUBLISH,ea296d72e98d4c54aad58cb00a0cc874,68f2d95bd190740cfd6a20b4,ENQUEUED,0.12895889501368896,questions_in,fifo,uniform,0,0
2025-10-29T14:25:06.416250,PUBLISH,0ab4898499344083bc8f561792a85130,68f2d95bd190740cfd6a2127,ENQUEUED,0.4896477431564943,questions_in,fifo,uniform,0,0
2025-10-29T14:25:06.541421,PUBLISH,bf0ab033fa60434c8dc07b2150fc80da,68f2d95bd190740cfd6a23f6,ENQUEUED,0.12281077179404098,questions_in,fifo,uniform,0,0
2025-10-29T14:25:06.799894,PUBLISH,613789b0cd97431a8d44d3c8eed14fb8,68f2d95bd190740cfd6a372d,ENQUEUED,0.25509598527178473,questions_in,fifo,uniform,0,0
2025-10-29T14:25:07.266053,PUBLISH,809b25306ee44b98b26a96569d3423a2,68f2d95bd190740cfd6a3486,ENQUEUED,0.4625250811781121,questions_in,fifo,uniform,0,0
2025-10-29T14:25:07.513688,PUBLISH,2a6319dcf10648b88867393c1587cc53,68f2d95bd190740cfd6a3917,ENQUEUED,0.2454154812503111,questions_in,fifo,uniform,0,0
2025-10-29T14:25:07.792466,PUBLISH,f393d7bfb66c41e6be4d4bfcbfb01641,68f2d95bd190740cfd6a3b8c,ENQUEUED,0.27569571099527856,questions_in,fifo,uniform,0,0
2025-10-29T14:25:08.240796,PUBLISH,c48c01339e4b4cbd804a4e2f2024841c,68f2d95bd190740cfd6a251b,ENQUEUED,0.446178662424377,questions_in,fifo,uniform,0,0
2025-10-29T14:25:08.422556,PUBLISH,2448df76cdec4287885522f91ebf0870,68f2d95bd190740cfd6a2e0d,ENQUEUED,0.1766011789057935,questions_in,fifo,uniform,0,0
2025-10-29T14:25:08.782548,PUBLISH,d231de2ef5044e218fcc2dad67ebec54,68f2d95bd190740cfd6a410f,ENQUEUED,0.35634425564385175,questions_in,fifo,uniform,0,0
2025-10-29T14:25:09.188614,PUBLISH,43c36c541d3b4af3b4440ad1e990aa36,68f2d95bd190740cfd6a1d7d,ENQUEUED,0.40333079630823643,questions_in,fifo,uniform,0,0
2025-10-29T14:25:09.598824,PUBLISH,efc0b6142f1d49cca2ecd153ed32acc8,68f2d95bd190740cfd6a212a,ENQUEUED,0.4068137387213113,questions_in,fifo,uniform,0,0
2025-10-29T14:25:10.059943,PUBLISH,7908b56c337b438a8b111a9f1ae2135c,68f2d95bd190740cfd6a3bec,ENQUEUED,0.4584716121896094,questions_in,fifo,uniform,0,0
2025-10-29T14:25:10.206673,PUBLISH,93e3e34ea2474a4fbd75283114966d03,68f2d95bd190740cfd6a3b7b,ENQUEUED,0.1447223912011415,questions_in,fifo,uniform,0,0
2025-10-29T14:25:10.594649,PUBLISH,43af248072d14c8db3551bc685dc13c9,68f2d95bd190740cfd6a2df7,ENQUEUED,0.38559460760028785,questions_in,fifo,uniform,0,0
2025-10-29T14:25:11.016923,PUBLISH,1b7fcc682e774130a614abbfff8013f2,68f2d95bd190740cfd6a3ed5,ENQUEUED,0.4190897527452261,questions_in,fifo,uniform,0,0
2025-10-29T14:25:11.483507,PUBLISH,5e7ca4781173480e9c8b3299f84cb8d8,68f2d95bd190740cfd6a3005,ENQUEUED,0.46374816229195925,questions_in,fifo,uniform,0,0
2025-10-29T14:25:11.720414,PUBLISH,6d171be4859e4df7969e2ea5a60c0e74,68f2d95bd190740cfd6a24f9,ENQUEUED,0.22963698282805153,questions_in,fifo,uniform,0,0
2025-10-29T14:25:11.959095,PUBLISH,bc98487664624a2688bfa63e5be5e10a,68f2d95bd190740cfd6a2627,ENQUEUED,0.23516665427549813,questions_in,fifo,uniform,0,0
2025-10-29T14:25:12.111417,PUBLISH,60049d07d22341b587578ebaeb92c7c3,68f2d95bd190740cfd6a2c5c,ENQUEUED,0.1504434359454102,questions_in,fifo,uniform,0,0
2025-10-29T14:25:12.417327,PUBLISH,913c75b27dec4e36bcf9b6836c6325a3,68f2d95bd190740cfd6a218f,ENQUEUED,0.3032700552187154,questions_in,fifo,uniform,0,0
2025-10-29T14:25:12.723339,PUBLISH,3e38f41329de49bda5a83efe30a2d946,68f2d95bd190740cfd6a2ece,ENQUEUED,0.3034556215285248,questions_in,fifo,uniform,0,0
2025-10-29T14:25:13.198836,PUBLISH,6564a2e2fb4c46b2b804d4070433dfbf,68f2d95bd190740cfd6a1adc,ENQUEUED,0.472536957448756,questions_in,fifo,uniform,0,0
2025-10-29T14:25:13.315297,PUBLISH,83045a9922324d1dbaf84a31c23880e7,68f2d95bd190740cfd6a1f58,ENQUEUED,0.11327752310099243,questions_in,fifo,uniform,0,0
2025-10-29T14:25:13.737278,PUBLISH,3df76784d5854ef38f87c71d1289ade0,68f2d95bd190740cfd6a3db7,ENQUEUED,0.41931388094425004,questions_in,fifo,uniform,0,0
2025-10-29T14:25:14.018869,PUBLISH,0c7319ceece6473bbd67ebde0bdf4c96,68f2d95bd190740cfd6a3209,ENQUEUED,0.2789825767650478,questions_in,fifo,uniform,0,0
2025-10-29T14:25:14.349081,PUBLISH,c9afc43d932745509100592abd94bf07,68f2d95bd190740cfd6a3c33,ENQUEUED,0.3265993848946295,questions_in,fifo,uniform,0,0
2025-10-29T14:25:14.554108,PUBLISH,cdf7e70a1bac4a1896dd96b939460434,68f2d95bd190740cfd6a1e90,ENQUEUED,0.20199737102067147,questions_in,fifo,uniform,0,0
2025-10-29T14:25:14.801083,PUBLISH,cde4030775e04f3e97a38be95e478e5e,68f2d95bd190740cfd6a2d74,ENQUEUED,0.24362167196005174,questions_in,fifo,uniform,0,0
2025-10-29T14:25:15.238874,PUBLISH,082a94118a9e47b79b0f90c66fb39e83,68f2d95bd190740cfd6a253b,ENQUEUED,0.4355843394732649,questions_in,fifo,uniform,0,0
2025-10-29T14:25:15.474779,PUBLISH,6c01b649701c4de4aefb494240cc9a51,68f2d95bd190740cfd6a257e,ENQUEUED,0.23410424417256728,questions_in,fifo,uniform,0,0
2025-10-29T14:25:15.642303,PUBLISH,3d2d00538b4c4269b577b509f864f3b1,68f2d95bd190740cfd6a1b1b,ENQUEUED,0.16548051253407536,questions_in,fifo,uniform,0,0
2025-10-29T14:25:16.052774,PUBLISH,7d8e079f16004a8f858312a65cd02264,68f2d95bd190740cfd6a2514,ENQUEUED,0.4067101764510265,questions_in,fifo,uniform,0,0
2025-10-29T14:25:16.477624,PUBLISH,4794b123759747d6a3b46338efb95496,68f2d95bd190740cfd6a25f7,ENQUEUED,0.4221908064530405,questions_in,fifo,uniform,0,0
2025-10-29T14:25:16.790757,PUBLISH,8e74377b77194131b5954e65aaab7afd,68f2d95bd190740cfd6a2cc2,ENQUEUED,0.3109450707480854,questions_in,fifo,uniform,0,0
2025-10-29T14:25:16.958864,PUBLISH,5963b080524341ddb14f56ea2e7425e8,68f2d95bd190740cfd6a2a1b,ENQUEUED,0.16543493642118695,questions_in,fifo,uniform,0,0
2025-10-29T14:25:17.393984,PUBLISH,f445b8fe2a1d40498b039e22bb5b511e,68f2d95bd190740cfd6a3fb8,ENQUEUED,0.4332046489589304,questions_in,fifo,uniform,0,0
2025-10-29T14:25:17.771873,PUBLISH,6de0e52a84dc40c8be261036f66c16e6,68f2d95bd190740cfd6a2928,ENQUEUED,0.3754055484762676,questions_in,fifo,uniform,0,0
2025-10-29T14:25:18.213758,PUBLISH,b6f7d828c64d43798657cdfa9cc6a4b6,68f2d95bd190740cfd6a3896,ENQUEUED,0.43829820943800135,questions_in,fifo,uniform,0,0
2025-10-29T14:25:18.405689,PUBLISH,e260c69d3da143bea8a9cdf7eced7354,68f2d95bd190740cfd6a313c,ENQUEUED,0.18982643857482012,questions_in,fifo,uniform,0,0
2025-10-29T14:25:18.860675,PUBLISH,6ddd5eec58724e98a1baf12f0912c975,68f2d95bd190740cfd6a1f58,ENQUEUED,0.451562164252038,questions_in,fifo,uniform,0,0
2025-10-29T14:25:19.270844,PUBLISH,79b3fd41115b47e3a615c8ad6fccbff5,68f2d95bd190740cfd6a3bf1,ENQUEUED,0.40802494151169333,questions_in,fifo,uniform,0,0
2025-10-29T14:25:19.445181,PUBLISH,1ed332b45e334a679b4f993adbe0e116,68f2d95bd190740cfd6a3846,ENQUEUED,0.17242886311866834,questions_in,fifo,uniform,0,0
2025-10-29T14:25:19.769211,PUBLISH,a3791ce4ea2d49cc8913f1eb7c007b87,68f2d95bd190740cfd6a2503,ENQUEUED,0.3212246795867238,questions_in,fifo,uniform,0,0
2025-10-29T14:25:19.946292,PUBLISH,63f3f203da3f4d618928128f287d7bec,68f2d95bd190740cfd6a21f4,ENQUEUED,0.17343840352383424,questions_in,fifo,uniform,0,0
2025-10-29T14:25:20.158837,PUBLISH,4bab2329699d4420b595569fdf286812,68f2d95bd190740cfd6a34a7,ENQUEUED,0.21070101526542043,questions_in,fifo,uniform,0,0
2025-10-29T14:25:20.567883,PUBLISH,48fca85accb94eafbfa60b2f37012de4,68f2d95bd190740cfd6a2708,ENQUEUED,0.40641697783164077,questions_in,fifo,uniform,0,0
2025-10-29T14:25:20.778278,PUBLISH,6a9b24fc6dcc4085bb91aecf9cf3c7ec,68f2d95bd190740cfd6a3148,ENQUEUED,0.20441573037463498,questions_in,fifo,uniform,0,0
2025-10-29T14:25:21.245449,PUBLISH,d58897ca8efe40b4b365e0df0e8d2fcc,68f2d95bd190740cfd6a2d9c,ENQUEUED,0.4645501761126575,questions_in,fifo,uniform,0,0
2025-10-29T14:25:21.555806,PUBLISH,3d54fbd86f754fbe8b24f47bddbe2f04,68f2d95bd190740cfd6a1ecc,ENQUEUED,0.3083629158513982,questions_in,fifo,uniform,0,0
2025-10-29T14:25:21.785736,PUBLISH,6bd56799dddd4a89a43e14a5ca3cab8b,68f2d95bd190740cfd6a310d,ENQUEUED,0.2270615430860326,questions_in,fifo,uniform,0,0
2025-10-29T14:25:22.064544,PUBLISH,69b2884086c644c6b4a34af74471e7f8,68f2d95bd190740cfd6a2771,ENQUEUED,0.2756027866412174,questions_in,fifo,uniform,0,0
2025-10-29T14:25:22.248431,PUBLISH,0716b7bde8db4aa7bb52817b0874e8f9,68f2d95bd190740cfd6a2b33,ENQUEUED,0.17785406209452229,questions_in,fifo,uniform,0,0
2025-10-29T14:25:22.672411,PUBLISH,cf0c231ceea140f7a38a8884b270493b,68f2d95bd190740cfd6a2b4c,ENQUEUED,0.4210400048801116,questions_in,fifo,uniform,0,0
2025-10-29T14:25:22.903392,PUBLISH,a248941e7ca04d7ebd6e1925bda06875,68f2d95bd190740cfd6a4082,ENQUEUED,0.22804476796164033,questions_in,fifo,uniform,0,0
2025-10-29T14:25:23.168131,PUBLISH,f50cb031c1f64826ad864fbe4f410bd3,68f2d95bd190740cfd6a361a,ENQUEUED,0.26130049965341173,questions_in,fifo,uniform,0,0
2025-10-29T14:25:23.526196,PUBLISH,5007911fcdf04ffbbc2af8736b2eabeb,68f2d95bd190740cfd6a38ca,ENQUEUED,0.35499496009455755,questions_in,fifo,uniform,0,0
2025-10-29T14:25:23.778229,PUBLISH,61bd7dd95a054e79842775060884977a,68f2d95bd190740cfd6a3020,ENQUEUED,0.24890284862261175,questions_in,fifo,uniform,0,0
2025-10-29T14:25:23.952917,PUBLISH,0ca9c53360714353b87ff4c4310d7a8e,68f2d95bd190740cfd6a3c3b,ENQUEUED,0.17182990677077706,questions_in,fifo,uniform,0,0
2025-10-29T14:25:24.087379,PUBLISH,14fdae581c664b02a831828f540ba255,68f2d95bd190740cfd6a2f0d,ENQUEUED,0.1317523601578171,questions_in,fifo,uniform,0,0
2025-10-29T14:25:24.355823,PUBLISH,a8ca9db3a4f14d0fbf40e20a93e4c8c6,68f2d95bd190740cfd6a1d6a,ENQUEUED,0.2664386522149178,questions_in,fifo,uniform,0,0
2025-10-29T14:25:24.744366,PUBLISH,a67086446be64ad5b9d6d31598a5605c,68f2d95bd190740cfd6a2e0f,ENQUEUED,0.3855317070045796,questions_in,fifo,uniform,0,0
2025-10-29T14:25:24.986720,PUBLISH,adda8aa478c34fb284a033f0d8dca46e,68f2d95bd190740cfd6a20a0,ENQUEUED,0.24045903997449836,questions_in,fifo,uniform,0,0
2025-10-29T14:25:25.465689,PUBLISH,a87313efa94240549680b43607345613,68f2d95bd190740cfd6a3848,ENQUEUED,0.47576266154837443,questions_in,fifo,uniform,0,0
2025-10-29T14:25:25.685255,PUBLISH,42ff47bf4b924503860fdb361c68fb90,68f2d95bd190740cfd6a2e17,ENQUEUED,0.21636877083662864,questions_in,fifo,uniform,0,0
2025-10-29T14:25:26.002689,PUBLISH,6a81a372919748ceb1f083c8cba9b4cb,68f2d95bd190740cfd6a2280,ENQUEUED,0.3152742646770549,questions_in,fifo,uniform,0,0
2025-10-29T14:25:26.146886,PUBLISH,d4d37fc8e327446fa0e2d1627f8bffde,68f2d95bd190740cfd6a1cc2,ENQUEUED,0.14138574442492688,questions_in,fifo,uniform,0,0
2025-10-29T14:25:26.486745,PUBLISH,75fdf31aa9ee4127b2e959a989b35eda,68f2d95bd190740cfd6a1c02,ENQUEUED,0.3371639182263402,questions_in,fifo,uniform,0,0
2025-10-29T14:25:26.842736,PUBLISH,d2ba6dbe002c465d8dd64b4a33ebbd58,68f2d95bd190740cfd6a4068,ENQUEUED,0.34960032789496553,questions_in,fifo,uniform,0,0
2025-10-29T14:25:27.072732,PUBLISH,e3bb44849fbc4584a137ec4ac1861826,68f2d95bd190740cfd6a2f39,ENQUEUED,0.2281335738723135,questions_in,fifo,uniform,0,0
2025-10-29T14:25:27.357519,PUBLISH,f5738eedc1fb4d06b3a9d4ff6dae667c,68f2d95bd190740cfd6a22c2,ENQUEUED,0.282695750172665,questions_in,fifo,uniform,0,0
2025-10-29T14:25:27.809457,PUBLISH,0394fe4a3e7e425d9b3f1a76fda2bf46,68f2d95bd190740cfd6a29d3,ENQUEUED,0.4492566926985073,questions_in,fifo,uniform,0,0
2025-10-29T14:25:28.226850,PUBLISH,cbeb85ae7b1c497ba292f37fcb2d363c,68f2d95bd190740cfd6a2025,ENQUEUED,0.4153944394906146,questions_in,fifo,uniform,0,0
2025-10-29T14:25:28.515866,PUBLISH,dfe78ab31c6949d0937986d2669977c3,68f2d95bd190740cfd6a3b16,ENQUEUED,0.2862041747672417,questions_in,fifo,uniform,0,0
2025-10-29T14:25:28.998659,PUBLISH,171fcafd65df4d6cbcaaffc58d6ac110,68f2d95bd190740cfd6a24df,ENQUEUED,0.4798935994839699,questions_in,fifo,uniform,0,0
2025-10-29T14:25:29.133462,PUBLISH,7bccb16f3208410c86b7bfc71ff496fb,68f2d95bd190740cfd6a293e,ENQUEUED,0.132288116176702,questions_in,fifo,uniform,0,0
2025-10-29T14:25:29.480908,PUBLISH,2500c56d16d34a8d9de97435039f3cd6,68f2d95bd190740cfd6a2210,ENQUEUED,0.3443945589974369,questions_in,fifo,uniform,0,0
2025-10-29T14:25:29.801338,PUBLISH,e5b5687235bf4b68a9e735bfdb8c5959,68f2d95bd190740cfd6a26fe,ENQUEUED,0.31821053455715265,questions_in,fifo,uniform,0,0
2025-10-29T14:25:30.165281,PUBLISH,aa38511f13d647dfb070440c915ec486,68f2d95bd190740cfd6a22a5,ENQUEUED,0.3613301764501057,questions_in,fifo,uniform,0,0
2025-10-29T14:25:30.363705,PUBLISH,e5ebd1c404b2418196ce4ed53d2ae8ad,68f2d95bd190740cfd6a21cd,ENQUEUED,0.1946244499630454,questions_in,fifo,uniform,0,0
2025-10-29T14:25:30.616533,PUBLISH,9b7464efa4e1420eace8f5e4337bdf68,68f2d95bd190740cfd6a2c2a,ENQUEUED,0.2504368888780465,questions_in,fifo,uniform,0,0
2025-10-29T14:25:30.757441,PUBLISH,e2212d5df1ea4d8d8c9ffddb85b389d5,68f2d95bd190740cfd6a3e94,ENQUEUED,0.1387303007279984,questions_in,fifo,uniform,0,0
2025-10-29T14:25:30.950609,PUBLISH,1ac31efae7a14445baaed78a6555ce0b,68f2d95bd190740cfd6a3fdb,ENQUEUED,0.19032839624132325,questions_in,fifo,uniform,0,0
2025-10-29T14:25:31.200472,PUBLISH,61cfe3d464a242d88ba166ae2d82c88e,68f2d95bd190740cfd6a3e43,ENQUEUED,0.24704756424030536,questions_in,fifo,uniform,0,0
2025-10-29T14:25:31.525100,PUBLISH,2fbc05f95f164121aa1a593513200e16,68f2d95bd190740cfd6a3ea3,ENQUEUED,0.32247173100449383,questions_in,fifo,uniform,0,0
2025-10-29T14:25:31.772916,PUBLISH,74881fca09984d789ab90a3ee2fd77f5,68f2d95bd190740cfd6a351a,ENQUEUED,0.24547678791050953,questions_in,fifo,uniform,0,0
2025-10-29T14:25:31.881222,PUBLISH,a30396a53d9c4fe795031715e1425573,68f2d95bd190740cfd6a2454,ENQUEUED,0.10521864063050415,questions_in,fifo,uniform,0,0
2025-10-29T14:25:32.023835,PUBLISH,6a0e550fb43e4e09931b75dd4c60e7a4,68f2d95bd190740cfd6a3ca1,ENQUEUED,0.1396959610958446,questions_in,fifo,uniform,0,0
2025-10-29T14:25:32.322201,PUBLISH,c87080885ea24357adc05729064fa283,68f2d95bd190740cfd6a2317,ENQUEUED,0.29081403888428864,questions_in,fifo,uniform,0,0
2025-10-29T14:25:32.784671,PUBLISH,77ca4fa059f24234bdbdb799ce82998f,68f2d95bd190740cfd6a20bb,ENQUEUED,0.46005923052837217,questions_in,fifo,uniform,0,0
2025-10-29T14:25:33.011558,PUBLISH,2040d9bc42b94bc4b8121799aac7531b,68f2d95bd190740cfd6a3cf2,ENQUEUED,0.22394988528987045,questions_in,fifo,uniform,0,0
2025-10-29T14:25:33.231170,PUBLISH,6a71e19fd0f34983ae4ae29844b3e0d8,68f2d95bd190740cfd6a39a8,ENQUEUED,0.2164567928379908,questions_in,fifo,uniform,0,0
2025-10-29T14:25:33.468524,PUBLISH,53bad4ccb8774f21bd9e17c778239022,68f2d95bd190740cfd6a379e,ENQUEUED,0.23541560695022423,questions_in,fifo,uniform,0,0
2025-10-29T14:25:33.906433,PUBLISH,88a03ac8f7aa472db66fef3c53e199c0,68f2d95bd190740cfd6a1ffa,ENQUEUED,0.4352241808454831,questions_in,fifo,uniform,0,0
2025-10-29T14:25:34.047525,PUBLISH,25d00965aa004c5c8a33213e9429e13c,68f2d95bd190740cfd6a2ffb,ENQUEUED,0.13814720260615654,questions_in,fifo,uniform,0,0
2025-10-29T14:25:34.290058,PUBLISH,a90e07b5f29a4ddbb6e106118bd72078,68f2d95bd190740cfd6a360e,ENQUEUED,0.23988309478924807,questions_in,fifo,uniform,0,0
2025-10-29T14:25:34.518792,PUBLISH,90908f3fc9284d7abe3b9aa8d0dd0354,68f2d95bd190740cfd6a2af1,ENQUEUED,0.22691607040796669,questions_in,fifo,uniform,0,0
2025-10-29T14:25:34.998870,PUBLISH,a6db49f7c7ec4663bf660088a7e92874,68f2d95bd190740cfd6a288e,ENQUEUED,0.47694326834057243,questions_in,fifo,uniform,0,0
2025-10-29T14:25:35.279222,PUBLISH,3b1da134974b48af90eb9d9dd114cabe,68f2d95bd190740cfd6a2045,ENQUEUED,0.27688802907525867,questions_in,fifo,uniform,0,0
2025-10-29T14:25:35.477722,PUBLISH,b0e2002da0ee495ca2ef4449b71c18ee,68f2d95bd190740cfd6a41bf,ENQUEUED,0.1955617991454286,questions_in,fifo,uniform,0,0
2025-10-29T14:25:35.851565,PUBLISH,d98dd29bf0b64059bcf6a9b3066374d5,68f2d95bd190740cfd6a1eb1,ENQUEUED,0.37102878370402304,questions_in,fifo,uniform,0,0
2025-10-29T14:25:36.102552,PUBLISH,ac0e273ad6794e91b93cb6af86193506,68f2d95bd190740cfd6a2447,ENQUEUED,0.24902101184470965,questions_in,fifo,uniform,0,0
2025-10-29T14:25:36.427463,PUBLISH,24e4684f4fdf46bb8f4125f3769c1cb1,68f2d95bd190740cfd6a1d1e,ENQUEUED,0.3220681434465476,questions_in,fifo,uniform,0,0
2025-10-29T14:25:36.747788,PUBLISH,d80f25c51b904c4594bee026036ce3bb,68f2d95bd190740cfd6a2581,ENQUEUED,0.31769904010506017,questions_in,fifo,uniform,0,0
2025-10-29T14:25:37.065717,PUBLISH,66c744668fc54d5ab58d1be0e5f50235,68f2d95bd190740cfd6a3f25,ENQUEUED,0.3153578139543636,questions_in,fifo,uniform,0,0
2025-10-29T14:25:37.244271,PUBLISH,9e5adb4d29e6413d92af053727da6bfd,68f2d95bd190740cfd6a3074,ENQUEUED,0.1753329690089605,questions_in,fifo,uniform,0,0
2025-10-29T14:25:37.615431,PUBLISH,108dd11652a34cefb809dd2f21e22fa1,68f2d95bd190740cfd6a224b,ENQUEUED,0.36883515160258906,questions_in,fifo,uniform,0,0
2025-10-29T14:25:38.034800,PUBLISH,26d847ec3dea41d3aed836a4520bdc4d,68f2d95bd190740cfd6a29ad,ENQUEUED,0.41704959710341427,questions_in,fifo,uniform,0,0
2025-10-29T14:25:38.349644,PUBLISH,4a8729c126064086937cb14badfdbfb7,68f2d95bd190740cfd6a3c6b,ENQUEUED,0.31258019340257504,questions_in,fifo,uniform,0,0
2025-10-29T14:25:38.555279,PUBLISH,bee840c6aaaf41a88f59391beba1628d,68f2d95bd190740cfd6a2904,ENQUEUED,0.20356821444292997,questions_in,fifo,uniform,0,0
2025-10-29T14:25:38.901526,PUBLISH,5933dd74e2d84880ac2d30b1e43939b4,68f2d95bd190740cfd6a3158,ENQUEUED,0.34299713823258965,questions_in,fifo,uniform,0,0
2025-10-29T14:25:39.151780,PUBLISH,4269962e19024e879d0e113ece2749d4,68f2d95bd190740cfd6a3c2a,ENQUEUED,0.2484147790323259,questions_in,fifo,uniform,0,0
2025-10-29T14:25:39.524209,PUBLISH,667946615cba45ed8cf05c52a695b887,68f2d95bd190740cfd6a26fd,ENQUEUED,0.3696765460758712,questions_in,fifo,uniform,0,0
2025-10-29T14:25:39.984327,PUBLISH,b4428f513460469a86e401789a63f7ec,68f2d95bd190740cfd6a37b5,ENQUEUED,0.45772850015422006,questions_in,fifo,uniform,0,0
2025-10-29T14:25:40.439577,PUBLISH,0d084e9468474c75b4dbd7291788ced9,68f2d95bd190740cfd6a28d3,ENQUEUED,0.4512139275789685,questions_in,fifo,uniform,0,0
2025-10-29T14:25:40.764514,PUBLISH,fb87558620744b289890867392e11844,68f2d95bd190740cfd6a2221,ENQUEUED,0.31830677759251147,questions_in,fifo,uniform,0,0
2025-10-29T14:25:40.911484,PUBLISH,9f3094cda4bc4637a506f20861b97c28,68f2d95bd190740cfd6a2011,ENQUEUED,0.14303709622267569,questions_in,fifo,uniform,0,0
2025-10-29T14:25:41.196616,PUBLISH,a7efeb0876394bec853bac9c1879a488,68f2d95bd190740cfd6a2ae1,ENQUEUED,0.28240023504676914,questions_in,fifo,uniform,0,0
2025-10-29T14:25:41.309190,PUBLISH,39e0488f607249bb9240695aa1704e50,68f2d95bd190740cfd6a28d1,ENQUEUED,0.10720440164992834,questions_in,fifo,uniform,0,0
2025-10-29T14:25:41.784591,PUBLISH,3ee776e98718480381a141aa2f4f9bbf,68f2d95bd190740cfd6a2ee4,ENQUEUED,0.4732433601407875,questions_in,fifo,uniform,0,0
2025-10-29T14:25:42.253633,PUBLISH,34845e6f4afb40e280e167752df9a8dd,68f2d95bd190740cfd6a2ede,ENQUEUED,0.4668253477304529,questions_in,fifo,uniform,0,0
2025-10-29T14:25:42.461039,PUBLISH,0195d3794c884c8b8bca825e6f7e0896,68f2d95bd190740cfd6a26d2,ENQUEUED,0.20463180663636688,questions_in,fifo,uniform,0,0
2025-10-29T14:25:42.922364,PUBLISH,cfd21cc9dbc04cf2ad1fc47b6975cd0b,68f2d95bd190740cfd6a31bd,ENQUEUED,0.459104938671967,questions_in,fifo,uniform,0,0
2025-10-29T14:25:43.233132,PUBLISH,3e2ba23421a74446b2dcbec72106055e,68f2d95bd190740cfd6a24e1,ENQUEUED,0.3081402831963511,questions_in,fifo,uniform,0,0
2025-10-29T14:25:43.605550,PUBLISH,33f04968f860474bb2df4d13dc8514cf,68f2d95bd190740cfd6a2091,ENQUEUED,0.37026447012559605,questions_in,fifo,uniform,0,0
2025-10-29T14:25:43.825901,PUBLISH,d0594bb419014533933fe1ee33350489,68f2d95bd190740cfd6a2423,ENQUEUED,0.2172707886261824,questions_in,fifo,uniform,0,0
2025-10-29T14:25:44.243370,PUBLISH,cee8d7a842e04abda7c8bd8b2844df53,68f2d95bd190740cfd6a3b76,ENQUEUED,0.4142263408905904,questions_in,fifo,uniform,0,0
2025-10-29T14:25:44.711731,PUBLISH,091d3000a2ea45778d7a48e09938b26f,68f2d95bd190740cfd6a2f78,ENQUEUED,0.46477082286999916,questions_in,fifo,uniform,0,0
2025-10-29T14:25:44.962891,PUBLISH,d80016a3702d4e3085645c9706068974,68f2d95bd190740cfd6a25f2,ENQUEUED,0.24787726793856182,questions_in,fifo,uniform,0,0
2025-10-29T14:25:45.406236,PUBLISH,86e9734ff0fc49e5be48c438fe3f2f8c,68f2d95bd190740cfd6a2c29,ENQUEUED,0.440896581371515,questions_in,fifo,uniform,0,0
2025-10-29T14:25:45.898850,PUBLISH,7e019a5f78b942c8a7685924ead6e541,68f2d95bd190740cfd6a29a5,ENQUEUED,0.48954983821672804,questions_in,fifo,uniform,0,0
2025-10-29T14:25:46.154231,PUBLISH,362a603b7a984c4f9af75be70a5edf1e,68f2d95bd190740cfd6a3fc4,ENQUEUED,0.2528361037211977,questions_in,fifo,uniform,0,0
2025-10-29T14:25:46.608642,PUBLISH,3ebe5ae708424b0e91e7bd4080175b7d,68f2d95bd190740cfd6a2c62,ENQUEUED,0.4477743909899923,questions_in,fifo,uniform,0,0
2025-10-29T14:25:46.950649,PUBLISH,1864c1444a75478c87f64262ac9b7115,68f2d95bd190740cfd6a378c,ENQUEUED,0.338888023794642,questions_in,fifo,uniform,0,0
2025-10-29T14:25:47.136344,PUBLISH,98f89c1ea217411ea1173d611bd32543,68f2d95bd190740cfd6a38d3,ENQUEUED,0.18359350723858212,questions_in,fifo,uniform,0,0
2025-10-29T14:25:47.452443,PUBLISH,1849f53aa8ab4f189d212e2d809a0eae,68f2d95bd190740cfd6a341e,ENQUEUED,0.3139958335420875,questions_in,fifo,uniform,0,0
2025-10-29T14:25:47.810384,PUBLISH,4e5afbbaff564f7b8f44adf633aa3fa1,68f2d95bd190740cfd6a2a36,ENQUEUED,0.3540038247412136,questions_in,fifo,uniform,0,0
2025-10-29T14:25:48.051142,PUBLISH,7f1ca578af984b0c8a9f2c30c097685a,68f2d95bd190740cfd6a1b0c,ENQUEUED,0.23872797903472098,questions_in,fifo,uniform,0,0
2025-10-29T14:25:48.182541,PUBLISH,3e4019260a4449fc834a562f90b3d402,68f2d95bd190740cfd6a2c73,ENQUEUED,0.12948012845427975,questions_in,fifo,uniform,0,0
2025-10-29T14:25:48.652715,PUBLISH,6f19f77c9dc64a88a5d7f59da7f0353e,68f2d95bd190740cfd6a1b7c,ENQUEUED,0.4677175523654551,questions_in,fifo,uniform,0,0
2025-10-29T14:25:49.014837,PUBLISH,b8318e3443d24834b0a3d366a4d5e0d1,68f2d95bd190740cfd6a41a7,ENQUEUED,0.3595741824528702,questions_in,fifo,uniform,0,0
2025-10-29T14:25:49.380013,PUBLISH,2b74756548904cba8327d2736ca9d160,68f2d95bd190740cfd6a40aa,ENQUEUED,0.3618498536606122,questions_in,fifo,uniform,0,0
2025-10-29T14:25:49.500570,PUBLISH,2e4a2e5751d841718c0b8b98aca4131d,68f2d95bd190740cfd6a408d,ENQUEUED,0.11852540509755283,questions_in,fifo,uniform,0,0
2025-10-29T14:25:49.798736,PUBLISH,95557f781d564267b92aa4afb8d3ff20,68f2d95bd190740cfd6a3d1f,ENQUEUED,0.29598458196893906,questions_in,fifo,uniform,0,0
2025-10-29T14:25:50.049321,PUBLISH,5c41b4a833bd4f6dbcb4e1dd082ba1a7,68f2d95bd190740cfd6a3ff4,ENQUEUED,0.24686664483105278,questions_in,fifo,uniform,0,0
2025-10-29T14:25:50.204303,PUBLISH,17daa08983904c4f9bf713c44cb9798f,68f2d95bd190740cfd6a39ad,ENQUEUED,0.15307289596140536,questions_in,fifo,uniform,0,0
2025-10-29T14:25:50.703728,PUBLISH,c03204dbac0a44ecb848aa74e6e7449d,68f2d95bd190740cfd6a3756,ENQUEUED,0.4975645079804836,questions_in,fifo,uniform,0,0
2025-10-29T14:25:50.896924,PUBLISH,c3358df3039a425c8b54f85b720fe0db,68f2d95bd190740cfd6a1eb1,ENQUEUED,0.1896020956427286,questions_in,fifo,uniform,0,0
2025-10-29T14:25:51.132416,PUBLISH,90166a671d77403e978cf278a313b063,68f2d95bd190740cfd6a2fbf,ENQUEUED,0.23237128705541454,questions_in,fifo,uniform,0,0
2025-10-29T14:25:51.463007,PUBLISH,2f5c9b9563e54b0b8ad6fea83d3a9140,68f2d95bd190740cfd6a1afc,ENQUEUED,0.32811343818213895,questions_in,fifo,uniform,0,0
2025-10-29T14:25:51.615503,PUBLISH,1a4ee3c4ab2d4d72aad8eebfbc09be3c,68f2d95bd190740cfd6a3bcf,ENQUEUED,0.14978452513662438,questions_in,fifo,uniform,0,0
2025-10-29T14:25:52.084636,PUBLISH,8bb2c201ea644a6b83d792136cfcfaf7,68f2d95bd190740cfd6a21fa,ENQUEUED,0.46691282839570347,questions_in,fifo,uniform,0,0
2025-10-29T14:25:52.283441,PUBLISH,aa39610f3aa34a3089cc807f139f5fa4,68f2d95bd190740cfd6a385f,ENQUEUED,0.19670577336116626,questions_in,fifo,uniform,0,0
2025-10-29T14:25:52.445151,PUBLISH,aa9d6d9677e7435ebe342beabbb11904,68f2d95bd190740cfd6a213e,ENQUEUED,0.15949460682115735,questions_in,fifo,uniform,0,0
2025-10-29T14:25:52.594604,PUBLISH,e5e374b4f5974544ad6bf32cb2434061,68f2d95bd190740cfd6a2151,ENQUEUED,0.14703205326434424,questions_in,fifo,uniform,0,0
2025-10-29T14:25:52.808430,PUBLISH,37a10f015c474fe983fa51f410ef5297,68f2d95bd190740cfd6a3fbc,ENQUEUED,0.21067630857835773,questions_in,fifo,uniform,0,0
2025-10-29T14:25:53.071346,PUBLISH,2ae6e56f91b04f06bbcad8480ecd72f4,68f2d95bd190740cfd6a266c,ENQUEUED,0.2605838734230242,questions_in,fifo,uniform,0,0
2025-10-29T14:25:53.206069,PUBLISH,befef4f74d494b19aee1297dc46f385b,68f2d95bd190740cfd6a3bb7,ENQUEUED,0.13189760769735648,questions_in,fifo,uniform,0,0
2025-10-29T14:25:53.429011,PUBLISH,45501f3ea93f4e479a62b0239d62ef0d,68f2d95bd190740cfd6a1b90,ENQUEUED,0.22005740213719732,questions_in,fifo,uniform,0,0
2025-10-29T14:25:53.674109,PUBLISH,95815e00f9cd4fb680dbaa809cdcde7a,68f2d95bd190740cfd6a2360,ENQUEUED,0.2421800741906468,questions_in,fifo,uniform,0,0
2025-10-29T14:25:54.164916,PUBLISH,5ce7e028c1754c13b7ef07d96f5a9953,68f2d95bd190740cfd6a40d3,ENQUEUED,0.48869897951137986,questions_in,fifo,uniform,0,0
2025-10-29T14:25:54.546613,PUBLISH,cd708ee17fb7418aade5e94591900f12,68f2d95bd190740cfd6a3e98,ENQUEUED,0.3787530413558139,questions_in,fifo,uniform,0,0
2025-10-29T14:25:54.815108,PUBLISH,e36edf921c874ac8b9cdbbd5046287e6,68f2d95bd190740cfd6a1b63,ENQUEUED,0.2650479230297885,questions_in,fifo,uniform,0,0
2025-10-29T14:25:54.951693,PUBLISH,1d963e61a88541f9ac0edf52d6d089b6,68f2d95bd190740cfd6a41ca,ENQUEUED,0.1345980543206896,questions_in,fifo,uniform,0,0
2025-10-29T14:25:55.134588,PUBLISH,4cabcce7a5ce48a5830f28a3be3c61f2,68f2d95bd190740cfd6a3674,ENQUEUED,0.1807780265319622,questions_in,fifo,uniform,0,0
2025-10-29T14:25:55.279492,PUBLISH,ff0228b92d7240eba9de1cf92eafcd7f,68f2d95bd190740cfd6a274e,ENQUEUED,0.14230107145144638,questions_in,fifo,uniform,0,0
2025-10-29T14:25:55.425888,PUBLISH,ec612afba104473ea12c8da3d687123e,68f2d95bd190740cfd6a2c74,ENQUEUED,0.14327376043838927,questions_in,fifo,uniform,0,0
2025-10-29T14:25:55.769779,PUBLISH,366a2a43d46f454ebe87a21d1678e06b,68f2d95bd190740cfd6a25e1,ENQUEUED,0.34206952087220144,questions_in,fifo,uniform,0,0
2025-10-29T14:25:56.167888,PUBLISH,b8162cdc64ca40948b904b5f1e30129f,68f2d95bd190740cfd6a3296,ENQUEUED,0.39581966400221635,questions_in,fifo,uniform,0,0
2025-10-29T14:25:56.495943,PUBLISH,3cd6e9a9f50146258738beca51aff985,68f2d95bd190740cfd6a293b,ENQUEUED,0.3254088543660233,questions_in,fifo,uniform,0,0
2025-10-29T14:25:56.695176,PUBLISH,d8255c814b514826b0c1872ff37e9363,68f2d95bd190740cfd6a39c8,ENQUEUED,0.19670591841331425,questions_in,fifo,uniform,0,0
2025-10-29T14:25:56.812363,PUBLISH,fb424111f93f409cb9abc771acbc3cab,68f2d95bd190740cfd6a2ce2,ENQUEUED,0.11492624549983876,questions_in,fifo,uniform,0,0
2025-10-29T14:25:57.143793,PUBLISH,053fb005d1f44f5c9afae88ebd2f4be3,68f2d95bd190740cfd6a2acd,ENQUEUED,0.3289092689498899,questions_in,fifo,uniform,0,0
2025-10-29T14:25:57.594151,PUBLISH,2c28a651ae51400f9cf843bb7c0f920f,68f2d95bd190740cfd6a4020,ENQUEUED,0.44730570977629613,questions_in,fifo,uniform,0,0
2025-10-29T14:25:57.713486,PUBLISH,483c159295424a3eb6ff914c98e7d33a,68f2d95bd190740cfd6a2dd0,ENQUEUED,0.1164558690200511,questions_in,fifo,uniform,0,0
2025-10-29T14:25:57.932172,PUBLISH,808959b8ef8944b4bcea55065f11efb9,68f2d95bd190740cfd6a1b51,ENQUEUED,0.21665285934424877,questions_in,fifo,uniform,0,0
2025-10-29T14:25:58.326427,PUBLISH,74267927741d44d78aa336e08fa600bc,68f2d95bd190740cfd6a379f,ENQUEUED,0.3916459280907857,questions_in,fifo,uniform,0,0
2025-10-29T14:25:58.645630,PUBLISH,cb15d8b6db73458ca5efd74ab7a65b76,68f2d95bd190740cfd6a233a,ENQUEUED,0.3167871411263704,questions_in,fifo,uniform,0,0
2025-10-29T14:25:58.811441,PUBLISH,a189f1825286479dba8b6bb4dba34284,68f2d95bd190740cfd6a2f7e,ENQUEUED,0.16299058713772632,questions_in,fifo,uniform,0,0
2025-10-29T14:25:59.106038,PUBLISH,2eb102c65a474505a6a9e33f7c8a13ff,68f2d95bd190740cfd6a31a0,ENQUEUED,0.2901300508642018,questions_in,fifo,uniform,0,0
2025-10-29T14:25:59.233330,PUBLISH,df98453cd72841158220ca68070bc07d,68f2d95bd190740cfd6a1c1f,ENQUEUED,0.12530432641642128,questions_in,fifo,uniform,0,0
2025-10-29T14:25:59.526235,PUBLISH,8a27954981024c7c94962b3eace2f0ff,68f2d95bd190740cfd6a2793,ENQUEUED,0.2862754971755966,questions_in,fifo,uniform,0,0
2025-10-29T14:25:59.956383,PUBLISH,cc9e06afe02a44f3a3ea15f5efae9cff,68f2d95bd190740cfd6a1cc9,ENQUEUED,0.4259814816963453,questions_in,fifo,uniform,0,0
2025-10-29T14:26:00.174398,PUBLISH,f29b6dc4d9b345fd8275e07fb82821bd,68f2d95bd190740cfd6a2149,ENQUEUED,0.21501421005200397,questions_in,fifo,uniform,0,0
2025-10-29T14:26:00.328490,PUBLISH,3b8e2aa190ff4099bd64c7266426414b,68f2d95bd190740cfd6a2f86,ENQUEUED,0.1517745684455768,questions_in,fifo,uniform,0,0
2025-10-29T14:26:00.778591,PUBLISH,e680a763f14d43409ba412e3fb3d096f,68f2d95bd190740cfd6a405c,ENQUEUED,0.446957439258991,questions_in,fifo,uniform,0,0
2025-10-29T14:26:01.006928,PUBLISH,af7e59d0a4db45c98c0510e295aec302,68f2d95bd190740cfd6a2861,ENQUEUED,0.22569485492453276,questions_in,fifo,uniform,0,0
2025-10-29T14:26:01.125145,PUBLISH,1b58bff0f8ad41c09ee8edcd0d958d02,68f2d95bd190740cfd6a1c35,ENQUEUED,0.11544800819379351,questions_in,fifo,uniform,0,0
2025-10-29T14:26:01.370569,PUBLISH,806a31a93e87415e878330eb08bea5e0,68f2d95bd190740cfd6a1e76,ENQUEUED,0.24224696589337205,questions_in,fifo,uniform,0,0
2025-10-29T14:26:01.646069,PUBLISH,868f2cf676cf4e2c8c058e305821035a,68f2d95bd190740cfd6a20aa,ENQUEUED,0.2733430154861017,questions_in,fifo,uniform,0,0
2025-10-29T14:26:02.041919,PUBLISH,1ae712b68a95431abc078b70fb0a2a1f,68f2d95bd190740cfd6a3cb9,ENQUEUED,0.392637223825104,questions_in,fifo,uniform,0,0
2025-10-29T14:26:02.191844,PUBLISH,d1f3fbaf44e543fe981a5e44587c4622,68f2d95bd190740cfd6a2c6b,ENQUEUED,0.14693959777038962,questions_in,fifo,uniform,0,0
2025-10-29T14:26:02.423359,PUBLISH,c76c47d0e30342498861998929feb193,68f2d95bd190740cfd6a3bc4,ENQUEUED,0.22893956775719548,questions_in,fifo,uniform,0,0
2025-10-29T14:26:02.566171,PUBLISH,a6a18382f23546688fb254ba9ba32a0a,68f2d95bd190740cfd6a24db,ENQUEUED,0.14080009533713428,questions_in,fifo,uniform,0,0
2025-10-29T14:26:02.872833,PUBLISH,42cadc35dfb345f2953fa0836243ea82,68f2d95bd190740cfd6a2f9c,ENQUEUED,0.30372269810888164,questions_in,fifo,uniform,0,0
2025-10-29T14:26:03.044553,PUBLISH,c510f764cc86497182813a4d1fae716d,68f2d95bd190740cfd6a31b0,ENQUEUED,0.16957430961882286,questions_in,fifo,uniform,0,0
2025-10-29T14:26:03.198310,PUBLISH,ca345bdc644b4445a3ec5d265a854c0a,68f2d95bd190740cfd6a2160,ENQUEUED,0.15168641762378088,questions_in,fifo,uniform,0,0
2025-10-29T14:26:03.438609,PUBLISH,3745675fb77d4584ba1c451205f6eecf,68f2d95bd190740cfd6a1f9b,ENQUEUED,0.23721617763448422,questions_in,fifo,uniform,0,0
2025-10-29T14:26:03.879655,PUBLISH,f533823e758844b4b26084845597c74c,68f2d95bd190740cfd6a31d6,ENQUEUED,0.438526689102156,questions_in,fifo,uniform,0,0
2025-10-29T14:26:04.047159,PUBLISH,0c3c3bd523e64699b42c2cb661d102a9,68f2d95bd190740cfd6a3dc1,ENQUEUED,0.16547027354987437,questions_in,fifo,uniform,0,0
2025-10-29T14:26:04.422457,PUBLISH,133877b17bbf40dca57931f2d2e4199b,68f2d95bd190740cfd6a22f5,ENQUEUED,0.37169625061869327,questions_in,fifo,uniform,0,0
2025-10-29T14:26:04.578939,PUBLISH,3cd779edbf2b45bcbe7e30b8a246e7e8,68f2d95bd190740cfd6a2754,ENQUEUED,0.15479350148940085,questions_in,fifo,uniform,0,0
2025-10-29T14:26:04.780553,PUBLISH,5e0d2a74107347b18420035b132e59e1,68f2d95bd190740cfd6a32c2,ENQUEUED,0.19925172761791599,questions_in,fifo,uniform,0,0
2025-10-29T14:26:04.950238,PUBLISH,fc60d0d2085b41569696d81b8fda906b,68f2d95bd190740cfd6a356c,ENQUEUED,0.1677699471886585,questions_in,fifo,uniform,0,0
2025-10-29T14:26:05.055240,PUBLISH,b5d8ed76038d4a8a8de7a2ff3a6946d2,68f2d95bd190740cfd6a2d7e,ENQUEUED,0.1022124115611684,questions_in,fifo,uniform,0,0
2025-10-29T14:26:05.465461,PUBLISH,63dc0ec81fbd4359b4fd536160ff5607,68f2d95bd190740cfd6a1dbc,ENQUEUED,0.4071197175207214,questions_in,fifo,uniform,0,0
2025-10-29T14:26:05.861171,PUBLISH,85422cabcb584fd6beb180d79fcb17c7,68f2d95bd190740cfd6a2006,ENQUEUED,0.3935609793976139,questions_in,fifo,uniform,0,0
2025-10-29T14:26:06.210040,PUBLISH,ced2bd5d24304f679e87bc842e8cf5a3,68f2d95bd190740cfd6a1e08,ENQUEUED,0.34472514832740897,questions_in,fifo,uniform,0,0
2025-10-29T14:26:06.528503,PUBLISH,8b67a7b8de2b40d19ec308f79d8a1941,68f2d95bd190740cfd6a33b8,ENQUEUED,0.31541173461711625,questions_in,fifo,uniform,0,0
2025-10-29T14:26:06.909252,PUBLISH,21b5bbcfe96747399ddbbb9c94c0ec6c,68f2d95bd190740cfd6a2452,ENQUEUED,0.3780860648373293,questions_in,fifo,uniform,0,0
2025-10-29T14:26:07.148644,PUBLISH,8b083fa4d37e40a2b231be5a6ecec34c,68f2d95bd190740cfd6a3915,ENQUEUED,0.23758427213521582,questions_in,fifo,uniform,0,0
2025-10-29T14:26:07.605739,PUBLISH,603ec99d6b664357b719b68a4e38678a,68f2d95bd190740cfd6a2e41,ENQUEUED,0.4543260803904351,questions_in,fifo,uniform,0,0
2025-10-29T14:26:08.093558,PUBLISH,b6953bd189944422900df20ead3d9d84,68f2d95bd190740cfd6a1bbe,ENQUEUED,0.484958690703683,questions_in,fifo,uniform,0,0
2025-10-29T14:26:08.427518,PUBLISH,d70ea50e4f1b4fbf8223f2246b326d00,68f2d95bd190740cfd6a25ec,ENQUEUED,0.33193950988500676,questions_in,fifo,uniform,0,0
2025-10-29T14:26:08.905400,PUBLISH,b1f3a3dda30c4b3d873be2eef4c33f19,68f2d95bd190740cfd6a2659,ENQUEUED,0.4751540450988939,questions_in,fifo,uniform,0,0
2025-10-29T14:26:09.356749,PUBLISH,baa499bd5a37469e9e3b3273c0e743e8,68f2d95bd190740cfd6a263f,ENQUEUED,0.448410673274923,questions_in,fifo,uniform,0,0
2025-10-29T14:26:09.557305,PUBLISH,aa20870524eb49bb826144c39641c193,68f2d95bd190740cfd6a3be4,ENQUEUED,0.1973718071119076,questions_in,fifo,uniform,0,0
2025-10-29T14:26:10.047045,PUBLISH,686622ff0939486686e39674acb34886,68f2d95bd190740cfd6a3191,ENQUEUED,0.487672578448649,questions_in,fifo,uniform,0,0
2025-10-29T14:26:10.244919,PUBLISH,30b2f99ce9874fd38ecbbe2a0865ed99,68f2d95bd190740cfd6a3b1d,ENQUEUED,0.19415189587565732,questions_in,fifo,uniform,0,0
2025-10-29T14:26:10.652187,PUBLISH,318d97e6bc7b4eb59387c77edbe5f1ba,68f2d95bd190740cfd6a1b82,ENQUEUED,0.40049035214125894,questions_in,fifo,uniform,0,0
2025-10-29T14:26:11.121114,PUBLISH,44bb8dffa774438e877ecce26c1a4808,68f2d95bd190740cfd6a3586,ENQUEUED,0.4653898074719226,questions_in,fifo,uniform,0,0
2025-10-29T14:26:11.306631,PUBLISH,7d6c5f4549d44330b95e98dfe367abb0,68f2d95bd190740cfd6a3bec,ENQUEUED,0.18280961565473608,questions_in,fifo,uniform,0,0
2025-10-29T14:26:11.461659,PUBLISH,ce3e13d2ef0246a1bfd21eca1e2d9d01,68f2d95bd190740cfd6a1d95,ENQUEUED,0.15228109760567074,questions_in,fifo,uniform,0,0
2025-10-29T14:26:11.571308,PUBLISH,6c3721f9b5c64864aa2cb65c3053c7f6,68f2d95bd190740cfd6a2562,ENQUEUED,0.10745979605957685,questions_in,fifo,uniform,0,0
2025-10-29T14:26:11.941146,PUBLISH,8003731d519c470e852056386e4ac616,68f2d95bd190740cfd6a1fa3,ENQUEUED,0.36720945604154887,questions_in,fifo,uniform,0,0
2025-10-29T14:26:12.275874,PUBLISH,d9a41e7c93624cf89e4b6fe0024ed0b0,68f2d95bd190740cfd6a2860,ENQUEUED,0.3321802205374634,questions_in,fifo,uniform,0,0
2025-10-29T14:26:12.614493,PUBLISH,b289b575706d42e4a6197c863c1e5c90,68f2d95bd190740cfd6a3bca,ENQUEUED,0.33646974552272996,questions_in,fifo,uniform,0,0
2025-10-29T14:26:12.770364,PUBLISH,e454f8508ef14b7ea1e97862ea497bb1,68f2d95bd190740cfd6a3175,ENQUEUED,0.15230207062592643,questions_in,fifo,uniform,0,0
2025-10-29T14:26:12.914913,PUBLISH,a7623931e87e4eb6b2823cc44c1b977f,68f2d95bd190740cfd6a291f,ENQUEUED,0.1424508397498707,questions_in,fifo,uniform,0,0
2025-10-29T14:26:13.193410,PUBLISH,fb2678de3cd548cab7374fc3696c86d8,68f2d95bd190740cfd6a2ab1,ENQUEUED,0.27661518943690755,questions_in,fifo,uniform,0,0
2025-10-29T14:26:13.480878,PUBLISH,16f93a9d19ad497a99ef3c19a2d752a9,68f2d95bd190740cfd6a3f82,ENQUEUED,0.28520123139514536,questions_in,fifo,uniform,0,0
2025-10-29T14:26:13.893059,PUBLISH,96255cfa5f8c4d24994acc763cd25cfa,68f2d95bd190740cfd6a23d6,ENQUEUED,0.4095695110582621,questions_in,fifo,uniform,0,0
2025-10-29T14:26:14.326981,PUBLISH,14390882e57b41bfa90ec21eb84d50d3,68f2d95bd190740cfd6a3a0f,ENQUEUED,0.43086862193148334,questions_in,fifo,uniform,0,0
2025-10-29T14:26:14.637208,PUBLISH,d6a97f66b4db42c98d64f8979e28a5e3,68f2d95bd190740cfd6a1b88,ENQUEUED,0.3058939135293781,questions_in,fifo,uniform,0,0
2025-10-29T14:26:15.097343,PUBLISH,08e11638ce654b219e2623d89fd334a5,68f2d95bd190740cfd6a2df3,ENQUEUED,0.456852752475,questions_in,fifo,uniform,0,0
2025-10-29T14:26:15.321021,PUBLISH,00992ab9cacd43d18ee6a3f1d11f6e71,68f2d95bd190740cfd6a283a,ENQUEUED,0.2198923537261743,questions_in,fifo,uniform,0,0
2025-10-29T14:26:15.652366,PUBLISH,4178bd7a91a6436ca82e4d3d2617e7c3,68f2d95bd190740cfd6a2393,ENQUEUED,0.32811323123685454,questions_in,fifo,uniform,0,0
2025-10-29T14:26:16.043761,PUBLISH,d4ad66bbd3e942cd8e943c135c4ff3fe,68f2d95bd190740cfd6a397e,ENQUEUED,0.389320032231812,questions_in,fifo,uniform,0,0
2025-10-29T14:26:16.471600,PUBLISH,6c3d973d82d74856ac757747c33d8a2f,68f2d95bd190740cfd6a36a7,ENQUEUED,0.4247844430471911,questions_in,fifo,uniform,0,0
2025-10-29T14:26:16.629499,PUBLISH,559c2219f6934cccb6b99883be4719c9,68f2d95bd190740cfd6a396e,ENQUEUED,0.15578110638856546,questions_in,fifo,uniform,0,0
2025-10-29T14:26:16.887210,PUBLISH,aa122aca73224498820e8cbe3336d95a,68f2d95bd190740cfd6a3ba6,ENQUEUED,0.2550204109730723,questions_in,fifo,uniform,0,0
2025-10-29T14:26:17.231408,PUBLISH,7ddd3b8426f64bad9214830f61ca897c,68f2d95bd190740cfd6a380c,ENQUEUED,0.3420132061985074,questions_in,fifo,uniform,0,0
2025-10-29T14:26:17.554906,PUBLISH,df973107476f498891fe40a835e25d75,68f2d95bd190740cfd6a1ca8,ENQUEUED,0.32004251651464566,questions_in,fifo,uniform,0,0
2025-10-29T14:26:18.029882,PUBLISH,9555f6f0b9f94068a90842f949bd1089,68f2d95bd190740cfd6a3092,ENQUEUED,0.47289848406191426,questions_in,fifo,uniform,0,0
2025-10-29T14:26:18.342760,PUBLISH,914b700edf5c48bbbb26b315ae06afc9,68f2d95bd190740cfd6a3754,ENQUEUED,0.3085660557974208,questions_in,fifo,uniform,0,0
2025-10-29T14:26:18.714486,PUBLISH,fb4d8c1d1c2c4e758be6dab1da743185,68f2d95bd190740cfd6a2f47,ENQUEUED,0.36978008649841787,questions_in,fifo,uniform,0,0
2025-10-29T14:26:19.016919,PUBLISH,27e2625fc83d413d928d1e97a3b0dcea,68f2d95bd190740cfd6a4145,ENQUEUED,0.29965700025920383,questions_in,fifo,uniform,0,0
2025-10-29T14:26:19.162957,PUBLISH,6dd88c00747f429f989915f7e8842c26,68f2d95bd190740cfd6a245d,ENQUEUED,0.14403103751307317,questions_in,fifo,uniform,0,0
2025-10-29T14:26:19.396148,PUBLISH,e52e7adac4b84872a2cc61f8966144fa,68f2d95bd190740cfd6a291c,ENQUEUED,0.23058797385148844,questions_in,fifo,uniform,0,0
2025-10-29T14:26:19.881234,PUBLISH,433ca24cdf244b7aad2f0e79468acafe,68f2d95bd190740cfd6a2d12,ENQUEUED,0.4825533926274962,questions_in,fifo,uniform,0,0
2025-10-29T14:26:20.124166,PUBLISH,bd068e6ecaa9434fbaa14a0e690f4c1e,68f2d95bd190740cfd6a3772,ENQUEUED,0.24008860139005994,questions_in,fifo,uniform,0,0
2025-10-29T14:26:20.351814,PUBLISH,ebc1149ce31041d798e579fc8c78ad88,68f2d95bd190740cfd6a3da8,ENQUEUED,0.2246684997607277,questions_in,fifo,uniform,0,0
2025-10-29T14:26:20.486886,PUBLISH,2433e483a72a4bd38590735d8c60d731,68f2d95bd190740cfd6a2693,ENQUEUED,0.132347892653908,questions_in,fifo,uniform,0,0
2025-10-29T14:26:20.638332,PUBLISH,a9cddaee60384703b428744d16aabb10,68f2d95bd190740cfd6a2281,ENQUEUED,0.14893266482923254,questions_in,fifo,uniform,0,0
2025-10-29T14:26:21.111844,PUBLISH,60f06bd3b5944c6782f037752f02be6e,68f2d95bd190740cfd6a3826,ENQUEUED,0.4713513078699867,questions_in,fifo,uniform,0,0
2025-10-29T14:26:21.391235,PUBLISH,6fa098039e044beeac63e580c7d38948,68f2d95bd190740cfd6a1dc4,ENQUEUED,0.27620704326309786,questions_in,fifo,uniform,0,0
2025-10-29T14:26:21.814284,PUBLISH,7626fd6782fb46a5b94abbec44513b4f,68f2d95bd190740cfd6a333e,ENQUEUED,0.42105852255747045,questions_in,fifo,uniform,0,0
2025-10-29T14:26:22.238491,PUBLISH,e341144f6c53448eac86001144c0a8ae,68f2d95bd190740cfd6a2da2,ENQUEUED,0.42158589347148057,questions_in,fifo,uniform,0,0
2025-10-29T14:26:22.652655,PUBLISH,ee156c29593341389acc29254dc69da8,68f2d95bd190740cfd6a27e8,ENQUEUED,0.4099894744739083,questions_in,fifo,uniform,0,0
2025-10-29T14:26:23.145566,PUBLISH,6e04953c270c467aa2afd5c33a356736,68f2d95bd190740cfd6a397d,ENQUEUED,0.4906612578855727,questions_in,fifo,uniform,0,0
2025-10-29T14:26:23.595351,PUBLISH,c8fd28aa1ec54bc18826ea29174fd919,68f2d95bd190740cfd6a266f,ENQUEUED,0.4469557216349783,questions_in,fifo,uniform,0,0
2025-10-29T14:26:23.993313,PUBLISH,b1a527a5d5c74bbbbc85d5d66ef8082c,68f2d95bd190740cfd6a35a5,ENQUEUED,0.39561665787331646,questions_in,fifo,uniform,0,0
2025-10-29T14:26:24.442718,PUBLISH,1231b70a26c9417b8ad1806709634480,68f2d95bd190740cfd6a37d1,ENQUEUED,0.4472389093759198,questions_in,fifo,uniform,0,0
2025-10-29T14:26:24.706014,PUBLISH,2ff3fd9bcb8f449594d78546c65fed5f,68f2d95bd190740cfd6a20f5,ENQUEUED,0.2604431358640613,questions_in,fifo,uniform,0,0
2025-10-29T14:26:24.879658,PUBLISH,d52b8558379e4cb0b3d43252fedc7cff,68f2d95bd190740cfd6a3ccb,ENQUEUED,0.1716038532249861,questions_in,fifo,uniform,0,0
2025-10-29T14:26:25.031481,PUBLISH,dc68e731f4f74510ac74275d0454190a,68f2d95bd190740cfd6a347d,ENQUEUED,0.1498936930541795,questions_in,fifo,uniform,0,0
2025-10-29T14:26:25.491454,PUBLISH,935cee958cdf422782209dd4d8ee2f91,68f2d95bd190740cfd6a2a95,ENQUEUED,0.45575296652184494,questions_in,fifo,uniform,0,0
2025-10-29T14:26:25.954643,PUBLISH,08fd28c5351b40ad806f593525077dfe,68f2d95bd190740cfd6a3bc0,ENQUEUED,0.4600835707957701,questions_in,fifo,uniform,0,0
2025-10-29T14:26:26.126567,PUBLISH,d5134ea0c6b5425ab050d9135f80d692,68f2d95bd190740cfd6a34da,ENQUEUED,0.16993925790400238,questions_in,fifo,uniform,0,0
2025-10-29T14:26:26.369262,PUBLISH,c7a63a3c36644a15b44d3b3ca78df18f,68f2d95bd190740cfd6a2d74,ENQUEUED,0.23921274452582147,questions_in,fifo,uniform,0,0
2025-10-29T14:26:26.479034,PUBLISH,dbfdc89011ce4d3eb236dd083951730c,68f2d95bd190740cfd6a3756,ENQUEUED,0.10775986362780793,questions_in,fifo,uniform,0,0
2025-10-29T14:26:26.629907,PUBLISH,54a69c51628345b6b451ef1a32caaaa1,68f2d95bd190740cfd6a31ee,ENQUEUED,0.14913237817109182,questions_in,fifo,uniform,0,0
2025-10-29T14:26:26.854080,PUBLISH,5e40cb89a2e649749e358390c271d61f,68f2d95bd190740cfd6a2e64,ENQUEUED,0.22138983851948205,questions_in,fifo,uniform,0,0
2025-10-29T14:26:27.215139,PUBLISH,26854cffe9b4481ebae1ebec3954a279,68f2d95bd190740cfd6a203c,ENQUEUED,0.35888808392178173,questions_in,fifo,uniform,0,0
2025-10-29T14:26:27.603352,PUBLISH,ca66d925a2e546cb86ff5baa90de77c1,68f2d95bd190740cfd6a1d14,ENQUEUED,0.3809690568208137,questions_in,fifo,uniform,0,0
2025-10-29T14:26:27.960046,PUBLISH,7b70b355806b4241b8a9d639e800f37a,68f2d95bd190740cfd6a3020,ENQUEUED,0.354366269967204,questions_in,fifo,uniform,0,0
2025-10-29T14:26:28.246807,PUBLISH,18e4d47722a4464587d34e3b17291773,68f2d95bd190740cfd6a1f17,ENQUEUED,0.28439597448689735,questions_in,fifo,uniform,0,0
2025-10-29T14:26:28.504977,PUBLISH,ca22d74f39dd4934a8661271f1e61da9,68f2d95bd190740cfd6a1bd4,ENQUEUED,0.2556458177655866,questions_in,fifo,uniform,0,0
2025-10-29T14:26:28.955906,PUBLISH,f662954f845e490683014496e69f26cd,68f2d95bd190740cfd6a35ee,ENQUEUED,0.4480843916093634,questions_in,fifo,uniform,0,0
2025-10-29T14:26:29.372920,PUBLISH,2e864eedcc86476288611e758f7b0ad7,68f2d95bd190740cfd6a24c6,ENQUEUED,0.4143253834050993,questions_in,fifo,uniform,0,0
2025-10-29T14:26:29.799518,PUBLISH,a60aec1daec34be7a202259c65807e27,68f2d95bd190740cfd6a340b,ENQUEUED,0.4230542060744049,questions_in,fifo,uniform,0,0
2025-10-29T14:26:30.255493,PUBLISH,ad45a42230714b8d9a34cfad473b88ff,68f2d95bd190740cfd6a413c,ENQUEUED,0.4533456223923912,questions_in,fifo,uniform,0,0
2025-10-29T14:26:30.517051,PUBLISH,a5f71b1251684fe59acdcb495c45b54c,68f2d95bd190740cfd6a3d42,ENQUEUED,0.2581300146512042,questions_in,fifo,uniform,0,0
2025-10-29T14:26:30.851073,PUBLISH,925b417bc87047ed90cbd05eaa05547d,68f2d95bd190740cfd6a2c46,ENQUEUED,0.3316599975322049,questions_in,fifo,uniform,0,0
2025-10-29T14:26:31.176844,PUBLISH,5da710d09da947cc998dc455821fca08,68f2d95bd190740cfd6a3a88,ENQUEUED,0.32385046254441474,questions_in,fifo,uniform,0,0
2025-10-29T14:26:31.605811,PUBLISH,b9008f1f85ad47fdbec897ad7f3e6969,68f2d95bd190740cfd6a2912,ENQUEUED,0.42535992954986346,questions_in,fifo,uniform,0,0
2025-10-29T14:26:31.876313,PUBLISH,50473c53850945e6b1b761b57bb72aad,68f2d95bd190740cfd6a4092,ENQUEUED,0.26846690295147013,questions_in,fifo,uniform,0,0
2025-10-29T14:26:32.068396,PUBLISH,1a042f6f9068497a92ddd20f321cd9b5,68f2d95bd190740cfd6a2d8f,ENQUEUED,0.18936142791292468,questions_in,fifo,uniform,0,0
2025-10-29T14:26:32.404605,PUBLISH,3144d865624849e0ab42e6da99fe1bf5,68f2d95bd190740cfd6a3c5b,ENQUEUED,0.3328955158196272,questions_in,fifo,uniform,0,0
2025-10-29T14:26:32.898784,PUBLISH,64690b650fca48338be377445b9184c9,68f2d95bd190740cfd6a35b1,ENQUEUED,0.4903248883263419,questions_in,fifo,uniform,0,0
2025-10-29T14:26:33.256094,PUBLISH,2fc8abe1ec294185a2d2673d41220023,68f2d95bd190740cfd6a3d1f,ENQUEUED,0.35471703646280184,questions_in,fifo,uniform,0,0
2025-10-29T14:26:33.744163,PUBLISH,cf46a927a1b9460caab2c71512c16761,68f2d95bd190740cfd6a2407,ENQUEUED,0.4851124385909208,questions_in,fifo,uniform,0,0
2025-10-29T14:26:34.232581,PUBLISH,a306ccf645bb4b93a47c61c909400518,68f2d95bd190740cfd6a24e6,ENQUEUED,0.48564480867532,questions_in,fifo,uniform,0,0
2025-10-29T14:26:34.585494,PUBLISH,b878439c5e5b4245964c7e85e0405bb9,68f2d95bd190740cfd6a33d4,ENQUEUED,0.3500733130357915,questions_in,fifo,uniform,0,0
2025-10-29T14:26:34.824648,PUBLISH,3e7c1c09a1814fbf9679a1ea87159228,68f2d95bd190740cfd6a3528,ENQUEUED,0.2369458689564406,questions_in,fifo,uniform,0,0
2025-10-29T14:26:34.975067,PUBLISH,0e057416729a44a6a1d02d1d70bf0d9a,68f2d95bd190740cfd6a222a,ENQUEUED,0.14861536485014987,questions_in,fifo,uniform,0,0
2025-10-29T14:26:35.260881,PUBLISH,1f8e3ecdf22942e39462ee65ed974592,68f2d95bd190740cfd6a3124,ENQUEUED,0.2838038026270766,questions_in,fifo,uniform,0,0
2025-10-29T14:26:35.668919,PUBLISH,501898e4319a4fe0a61aa23565f6bb80,68f2d95bd190740cfd6a1cd6,ENQUEUED,0.404912109272178,questions_in,fifo,uniform,0,0
2025-10-29T14:26:36.158328,PUBLISH,b91378bbb27f4f918b21e88e4d909a45,68f2d95bd190740cfd6a2e2d,ENQUEUED,0.48644350547730064,questions_in,fifo,uniform,0,0
2025-10-29T14:26:36.446169,PUBLISH,71dc3ed5e1c54001a083eed78cbd845c,68f2d95bd190740cfd6a31db,ENQUEUED,0.27786377496521486,questions_in,fifo,uniform,0,0
2025-10-29T14:26:36.598633,PUBLISH,8234c72a3d84471a9b2c2abff03064dc,68f2d95bd190740cfd6a2fc2,ENQUEUED,0.14901906098880768,questions_in,fifo,uniform,0,0
2025-10-29T14:26:36.723061,PUBLISH,a9491079f22c4082b0a1b232959d805b,68f2d95bd190740cfd6a3996,ENQUEUED,0.12246259134912055,questions_in,fifo,uniform,0,0
2025-10-29T14:26:37.169237,PUBLISH,6a42779c69ce4b0b9e897c932c572e6d,68f2d95bd190740cfd6a2787,ENQUEUED,0.4434646379774687,questions_in,fifo,uniform,0,0
2025-10-29T14:26:37.298232,PUBLISH,4fe38ecb54694204a7fd19c2d3c0e0b4,68f2d95bd190740cfd6a27e5,ENQUEUED,0.12613840698682222,questions_in,fifo,uniform,0,0
2025-10-29T14:26:37.459896,PUBLISH,3940d8a7bc4046908dca187f3e880c9d,68f2d95bd190740cfd6a27b5,ENQUEUED,0.15974937616355428,questions_in,fifo,uniform,0,0
2025-10-29T14:26:37.700543,PUBLISH,998320070d694338866f574b609d4573,68f2d95bd190740cfd6a2d68,ENQUEUED,0.23749490119283717,questions_in,fifo,uniform,0,0
2025-10-29T14:26:37.822114,PUBLISH,f83181d3af4340e39e7883e823557183,68f2d95bd190740cfd6a3a61,ENQUEUED,0.11812071163350937,questions_in,fifo,uniform,0,0
2025-10-29T14:26:38.159524,PUBLISH,cb9949fd24594187bcecd40f2724edf1,68f2d95bd190740cfd6a1e0c,ENQUEUED,0.3265017624912806,questions_in,fifo,uniform,0,0
2025-10-29T14:26:38.558805,PUBLISH,4c8abfdc876f4d8089895b8d9b9fe861,68f2d95bd190740cfd6a382c,ENQUEUED,0.39702199195215904,questions_in,fifo,uniform,0,0
2025-10-29T14:26:38.941495,PUBLISH,1a4dcefff1c249eca1f1fba75e8f9d18,68f2d95bd190740cfd6a3bda,ENQUEUED,0.3803219985495081,questions_in,fifo,uniform,0,0
2025-10-29T14:26:39.254377,PUBLISH,a4663f201b4b4c4f8ef791e54119534e,68f2d95bd190740cfd6a3520,ENQUEUED,0.31076009361910023,questions_in,fifo,uniform,0,0
2025-10-29T14:26:39.698190,PUBLISH,e4d38c18c4b840d9863fb842f834144f,68f2d95bd190740cfd6a1bbb,ENQUEUED,0.4406442916585842,questions_in,fifo,uniform,0,0
2025-10-29T14:26:40.050672,PUBLISH,f159ba1545e34f0590900e88f0947be3,68f2d95bd190740cfd6a3ca0,ENQUEUED,0.3498713225647707,questions_in,fifo,uniform,0,0
2025-10-29T14:26:40.309043,PUBLISH,773c883bb4914dc9a12ca8df9215992d,68f2d95bd190740cfd6a2d2a,ENQUEUED,0.25631103962632307,questions_in,fifo,uniform,0,0
2025-10-29T14:26:40.754715,PUBLISH,da092141d6464e3ebc2a7a945de97b60,68f2d95bd190740cfd6a309a,ENQUEUED,0.44355599343051677,questions_in,fifo,uniform,0,0
2025-10-29T14:26:41.217431,PUBLISH,3591f1896cee46ffb830ff955f71176f,68f2d95bd190740cfd6a2b86,ENQUEUED,0.45992657946391546,questions_in,fifo,uniform,0,0
2025-10-29T14:26:41.529649,PUBLISH,83f5e60123174d3983b095a1145ad30f,68f2d95bd190740cfd6a32a4,ENQUEUED,0.306617114492837,questions_in,fifo,uniform,0,0
2025-10-29T14:26:41.731905,PUBLISH,0f4baa6d782142eca8b472b254fd5193,68f2d95bd190740cfd6a2c6d,ENQUEUED,0.19953455852304358,questions_in,fifo,uniform,0,0
2025-10-29T14:26:42.104552,PUBLISH,4e0b6879783d41088638499f88c51786,68f2d95bd190740cfd6a1d10,ENQUEUED,0.36959150580051225,questions_in,fifo,uniform,0,0
2025-10-29T14:26:42.602510,PUBLISH,832d0254cd6f4eaf87f84455feaaa19d,68f2d95bd190740cfd6a2467,ENQUEUED,0.494507806396946,questions_in,fifo,uniform,0,0
2025-10-29T14:26:43.092036,PUBLISH,9951d4df6d034e71b69fb102207efe5b,68f2d95bd190740cfd6a416e,ENQUEUED,0.4863609987230969,questions_in,fifo,uniform,0,0
2025-10-29T14:26:43.551824,PUBLISH,0dfbbf5c1aed4b83bbd0fcbf1f328f01,68f2d95bd190740cfd6a3c60,ENQUEUED,0.45606149470891255,questions_in,fifo,uniform,0,0
2025-10-29T14:26:43.687370,PUBLISH,fddec19fc0de44ac88a99bd34d8d86e0,68f2d95bd190740cfd6a2fb7,ENQUEUED,0.1337044332365908,questions_in,fifo,uniform,0,0
2025-10-29T14:26:43.886128,PUBLISH,dad0032c88934aa3a55e93fe20b7becf,68f2d95bd190740cfd6a1ca3,ENQUEUED,0.1961696868132044,questions_in,fifo,uniform,0,0
2025-10-29T14:26:44.044328,PUBLISH,a1832d8c49904a428d16c7f8c2e7d7e8,68f2d95bd190740cfd6a3a44,ENQUEUED,0.15568107705724243,questions_in,fifo,uniform,0,0
2025-10-29T14:26:44.465138,PUBLISH,392ebc09b60e43efb19c2863b660af4e,68f2d95bd190740cfd6a33d2,ENQUEUED,0.41821687787628514,questions_in,fifo,uniform,0,0
2025-10-29T14:26:44.690937,PUBLISH,6f65057468994401aedd9b453c6b0e3c,68f2d95bd190740cfd6a3995,ENQUEUED,0.22050819338397298,questions_in,fifo,uniform,0,0
2025-10-29T14:26:45.018925,PUBLISH,4172eaab558a4f2d8c1dc5c64832f2ef,68f2d95bd190740cfd6a2b1f,ENQUEUED,0.3251684768069216,questions_in,fifo,uniform,0,0
2025-10-29T14:26:45.347892,PUBLISH,620fcdeb41ff46688932063feb8ebef0,68f2d95bd190740cfd6a3668,ENQUEUED,0.3264655526583171,questions_in,fifo,uniform,0,0
2025-10-29T14:26:45.531262,PUBLISH,f336bc94501e4f95b71a1a85ae1101e1,68f2d95bd190740cfd6a2a5d,ENQUEUED,0.17998080568112051,questions_in,fifo,uniform,0,0
2025-10-29T14:26:45.722572,PUBLISH,6f36ca639d0847f4babaa7c40763fe35,68f2d95bd190740cfd6a3ccb,ENQUEUED,0.18928107472469535,questions_in,fifo,uniform,0,0
2025-10-29T14:26:46.120343,PUBLISH,1917dd720d5f4793ac1dd2368ea426c4,68f2d95bd190740cfd6a3b2e,ENQUEUED,0.3957348532256819,questions_in,fifo,uniform,0,0
2025-10-29T14:26:46.267677,PUBLISH,5cb5333784ea45de94bb983291bd722d,68f2d95bd190740cfd6a23e0,ENQUEUED,0.14509271556347497,questions_in,fifo,uniform,0,0
2025-10-29T14:26:46.657978,PUBLISH,055149b956894f8c922f6b452e1e337b,68f2d95bd190740cfd6a22ad,ENQUEUED,0.388308786130524,questions_in,fifo,uniform,0,0
2025-10-29T14:26:46.821010,PUBLISH,f2a61561ec994bdbac028fe4eab7a84d,68f2d95bd190740cfd6a24be,ENQUEUED,0.15780999499828902,questions_in,fifo,uniform,0,0
2025-10-29T14:26:47.048519,PUBLISH,c6cf65490c3242cfa5967c4a11635452,68f2d95bd190740cfd6a3b09,ENQUEUED,0.22392395639630747,questions_in,fifo,uniform,0,0
2025-10-29T14:26:47.493690,PUBLISH,b091e050e4a74773a147714e05198c68,68f2d95bd190740cfd6a28a0,ENQUEUED,0.4428303090376856,questions_in,fifo,uniform,0,0
2025-10-29T14:26:47.751276,PUBLISH,e8d3fea383f14b418eec99bf70f7113f,68f2d95bd190740cfd6a1b95,ENQUEUED,0.25470485290635253,questions_in,fifo,uniform,0,0
2025-10-29T14:26:47.898847,PUBLISH,127f89c04f7747fdb0eb5320879273d6,68f2d95bd190740cfd6a2f12,ENQUEUED,0.1445865231250735,questions_in,fifo,uniform,0,0
2025-10-29T14:26:48.376712,PUBLISH,702d900eab574d79b271b3970e77ab93,68f2d95bd190740cfd6a3538,ENQUEUED,0.47606199127593496,questions_in,fifo,uniform,0,0
2025-10-29T14:26:48.875495,PUBLISH,5eb538ead38c441691688477b982da4f,68f2d95bd190740cfd6a20aa,ENQUEUED,0.4921136994472727,questions_in,fifo,uniform,0,0
2025-10-29T14:26:49.099535,PUBLISH,9d5b69fa4366485abb01bdcfd77634c1,68f2d95bd190740cfd6a1fa9,ENQUEUED,0.22118696134161328,questions_in,fifo,uniform,0,0
2025-10-29T14:26:49.354572,PUBLISH,d49edebf2c3f4bec885507f9e0c71d50,68f2d95bd190740cfd6a3073,ENQUEUED,0.25314084574928014,questions_in,fifo,uniform,0,0
2025-10-29T14:26:49.792696,PUBLISH,6dc70c7580264e88b4c5871e40aff7ed,68f2d95bd190740cfd6a3376,ENQUEUED,0.4359957361809972,questions_in,fifo,uniform,0,0
2025-10-29T14:26:50.229094,PUBLISH,2024b2280d52456ab565f2709f42106f,68f2d95bd190740cfd6a2e92,ENQUEUED,0.43298615967187604,questions_in,fifo,uniform,0,0
2025-10-29T14:26:50.445733,PUBLISH,8fd18da1071d42a2b30d1936b3d4c579,68f2d95bd190740cfd6a3f18,ENQUEUED,0.21338113383247226,questions_in,fifo,uniform,0,0
2025-10-29T14:26:50.557236,PUBLISH,6bdc6b45c2764bf9840ad2fef8b08057,68f2d95bd190740cfd6a3b76,ENQUEUED,0.10952813670037763,questions_in,fifo,uniform,0,0
2025-10-29T14:26:50.846095,PUBLISH,7c0555071c534cd69f79cefbc4d6abad,68f2d95bd190740cfd6a1bfb,ENQUEUED,0.28530069785578405,questions_in,fifo,uniform,0,0
2025-10-29T14:26:51.329148,PUBLISH,e8ffce1eca8d444ba130e2c539848dfc,68f2d95bd190740cfd6a33e9,ENQUEUED,0.4799667404951067,questions_in,fifo,uniform,0,0
2025-10-29T14:26:51.507472,PUBLISH,d75ab7a7c0674457b4b88b481adda300,68f2d95bd190740cfd6a361f,ENQUEUED,0.17621784553469075,questions_in,fifo,uniform,0,0
2025-10-29T14:26:51.843459,PUBLISH,1e2c489aa3de4e3292e656d838cede89,68f2d95bd190740cfd6a1ca3,ENQUEUED,0.33337819902536314,questions_in,fifo,uniform,0,0
2025-10-29T14:26:52.151989,PUBLISH,7e6d6cf169634ad0b6262f1b3a6d4e97,68f2d95bd190740cfd6a376d,ENQUEUED,0.30527890648655676,questions_in,fifo,uniform,0,0
2025-10-29T14:26:52.600123,PUBLISH,bce59cc2d2e14d5ea76a8bdabd0306ee,68f2d95bd190740cfd6a2d3d,ENQUEUED,0.44546385222906415,questions_in,fifo,uniform,0,0
2025-10-29T14:26:52.941054,PUBLISH,a76a1771cc7b497cb61d1eefe049cefa,68f2d95bd190740cfd6a1ccf,ENQUEUED,0.3387986201269598,questions_in,fifo,uniform,0,0
2025-10-29T14:26:53.147245,PUBLISH,88bb9a8198004306894dd36022577f5a,68f2d95bd190740cfd6a3613,ENQUEUED,0.20346139592157786,questions_in,fifo,uniform,0,0
2025-10-29T14:26:53.569977,PUBLISH,e131ad4dfd3c4db082806c1287cd4ae1,68f2d95bd190740cfd6a3556,ENQUEUED,0.4202267252085691,questions_in,fifo,uniform,0,0
2025-10-29T14:26:54.060785,PUBLISH,6f0fb6d564d24ee4a482c97529cb573f,68f2d95bd190740cfd6a3bd2,ENQUEUED,0.48703368524558466,questions_in,fifo,uniform,0,0
2025-10-29T14:26:54.453631,PUBLISH,35943f540d974ccdb10355989d2ff91f,68f2d95bd190740cfd6a2580,ENQUEUED,0.39081058632813725,questions_in,fifo,uniform,0,0
2025-10-29T14:26:54.808099,PUBLISH,52350862ec824abfaa051ddcede62011,68f2d95bd190740cfd6a34fe,ENQUEUED,0.35176361555489755,questions_in,fifo,uniform,0,0
2025-10-29T14:26:55.276808,PUBLISH,7e19c48d99c94e859fce484e3bd6555e,68f2d95bd190740cfd6a31ea,ENQUEUED,0.4651794523489702,questions_in,fifo,uniform,0,0
2025-10-29T14:26:55.779623,PUBLISH,9792e801ba174be9be657cfeb07b7a1d,68f2d95bd190740cfd6a34f9,ENQUEUED,0.4997517174130903,questions_in,fifo,uniform,0,0
2025-10-29T14:26:56.184133,PUBLISH,b10d959f4b7947298b677f9e51307b7a,68f2d95bd190740cfd6a3400,ENQUEUED,0.40208650738342877,questions_in,fifo,uniform,0,0
2025-10-29T14:26:56.621325,PUBLISH,12e8b57b62c147d693e7fdd812b137d4,68f2d95bd190740cfd6a2662,ENQUEUED,0.43509082221996787,questions_in,fifo,uniform,0,0
2025-10-29T14:26:56.765324,PUBLISH,4726b397353f4a6c8ab504075f196e00,68f2d95bd190740cfd6a2576,ENQUEUED,0.14129596983793796,questions_in,fifo,uniform,0,0
2025-10-29T14:26:57.107876,PUBLISH,33a65000093746a18af53923f564e2fe,68f2d95bd190740cfd6a31ca,ENQUEUED,0.3405598266248353,questions_in,fifo,uniform,0,0
2025-10-29T14:26:57.478591,PUBLISH,04f8048427904598ad24cd32c67b5cdd,68f2d95bd190740cfd6a2475,ENQUEUED,0.36669541199236977,questions_in,fifo,uniform,0,0
2025-10-29T14:26:57.833158,PUBLISH,6ad8af82644d4419a9f3a01928d39097,68f2d95bd190740cfd6a3000,ENQUEUED,0.3512087559185786,questions_in,fifo,uniform,0,0
2025-10-29T14:26:58.288755,PUBLISH,39c9e8d3c9b04c75905f32aab6ac2b92,68f2d95bd190740cfd6a2e46,ENQUEUED,0.4536263068016936,questions_in,fifo,uniform,0,0
2025-10-29T14:26:58.504421,PUBLISH,7b0a109562b748f6b251a5b0dcdd39e5,68f2d95bd190740cfd6a2892,ENQUEUED,0.21376307355310598,questions_in,fifo,uniform,0,0
2025-10-29T14:26:58.855196,PUBLISH,947b0e609fde45398001e84084d1a98b,68f2d95bd190740cfd6a2035,ENQUEUED,0.34890899885652527,questions_in,fifo,uniform,0,0
2025-10-29T14:26:59.085821,PUBLISH,88efdad11e0942ecbd3dda5e6e6f5bc2,68f2d95bd190740cfd6a316e,ENQUEUED,0.22838617776123915,questions_in,fifo,uniform,0,0
2025-10-29T14:26:59.425181,PUBLISH,8af6349d24874e1f976c432ecb9c2350,68f2d95bd190740cfd6a3ac0,ENQUEUED,0.3372199920122375,questions_in,fifo,uniform,0,0
2025-10-29T14:26:59.624991,PUBLISH,0e504c0636fd418394937a493ca5f347,68f2d95bd190740cfd6a4146,ENQUEUED,0.1975883191345346,questions_in,fifo,uniform,0,0
2025-10-29T14:26:59.865192,PUBLISH,0390f11479784b9ca0476488e0385d8c,68f2d95bd190740cfd6a281d,ENQUEUED,0.23716885234818466,questions_in,fifo,uniform,0,0
2025-10-29T14:27:00.350156,PUBLISH,457a0376b7fe4e6bbe56d4fa2e32dc5c,68f2d95bd190740cfd6a1b82,ENQUEUED,0.4822088740567766,questions_in,fifo,uniform,0,0
2025-10-29T14:27:00.719882,PUBLISH,2c4e2e43fef94dd9805dd322a8c2edb5,68f2d95bd190740cfd6a3094,ENQUEUED,0.3678420037576249,questions_in,fifo,uniform,0,0
2025-10-29T14:27:01.065787,PUBLISH,d240e91aae2c4822a19c6d9c3575f9d7,68f2d95bd190740cfd6a40d9,ENQUEUED,0.34334862649488956,questions_in,fifo,uniform,0,0
2025-10-29T14:27:01.428906,PUBLISH,cd3a5e5e4a7347ef8695ebeeb6154ff5,68f2d95bd190740cfd6a3ff0,ENQUEUED,0.3600105841709095,questions_in,fifo,uniform,0,0
2025-10-29T14:27:01.692606,PUBLISH,9bcfe1af2f204c908dd516516cb85b24,68f2d95bd190740cfd6a2070,ENQUEUED,0.26057608908325314,questions_in,fifo,uniform,0,0
2025-10-29T14:27:01.968507,PUBLISH,0bf999379a1d4575b6130b383b8a576d,68f2d95bd190740cfd6a357b,ENQUEUED,0.2739019145421552,questions_in,fifo,uniform,0,0
2025-10-29T14:27:02.137034,PUBLISH,684437a10f3d4b4ea53cace04546e462,68f2d95bd190740cfd6a3728,ENQUEUED,0.16575426819844613,questions_in,fifo,uniform,0,0
2025-10-29T14:27:02.351147,PUBLISH,102159c02f4f4a97bac4c968ca744394,68f2d95bd190740cfd6a2b4d,ENQUEUED,0.21221522645712787,questions_in,fifo,uniform,0,0
2025-10-29T14:27:02.620798,PUBLISH,e3bc5c5f7afa4ecabf6b075a62cc63fa,68f2d95bd190740cfd6a1acd,ENQUEUED,0.2676467618571434,questions_in,fifo,uniform,0,0
2025-10-29T14:27:02.848112,PUBLISH,e57432cd4d874c1e82b449f273a1ce84,68f2d95bd190740cfd6a41b1,ENQUEUED,0.22250720270682456,questions_in,fifo,uniform,0,0
2025-10-29T14:27:03.191931,PUBLISH,90ad96573dbd4999a5dace0b1609418f,68f2d95bd190740cfd6a2360,ENQUEUED,0.33978885350501375,questions_in,fifo,uniform,0,0
2025-10-29T14:27:03.616729,PUBLISH,e6a9613e25eb4daea9b293871a598d6f,68f2d95bd190740cfd6a407f,ENQUEUED,0.4181915301350745,questions_in,fifo,uniform,0,0
2025-10-29T14:27:03.854215,PUBLISH,97597076a8e942f5b87aec8338644a71,68f2d95bd190740cfd6a35f2,ENQUEUED,0.23549671489532098,questions_in,fifo,uniform,0,0
2025-10-29T14:27:04.037881,PUBLISH,e0590f43e1e740bdbeaa32d3be77575a,68f2d95bd190740cfd6a32de,ENQUEUED,0.18114824022009623,questions_in,fifo,uniform,0,0
2025-10-29T14:27:04.501265,PUBLISH,bb5b0330f1f0493cb3ea3d8311072648,68f2d95bd190740cfd6a2097,ENQUEUED,0.46009810985493715,questions_in,fifo,uniform,0,0
2025-10-29T14:27:04.735235,PUBLISH,c94f82e31eee414cb5efc99dd57e188f,68f2d95bd190740cfd6a3661,ENQUEUED,0.23212831193125366,questions_in,fifo,uniform,0,0
2025-10-29T14:27:04.883128,PUBLISH,68aa186226b0494997e2788ae9945263,68f2d95bd190740cfd6a37ea,ENQUEUED,0.14568045537059315,questions_in,fifo,uniform,0,0
2025-10-29T14:27:05.005409,PUBLISH,2626206d50494106ba99c7023576d44c,68f2d95bd190740cfd6a316a,ENQUEUED,0.12035969622420364,questions_in,fifo,uniform,0,0
2025-10-29T14:27:05.343739,PUBLISH,868f8f81645b4ee3b7bd2b39ba1a0e0a,68f2d95bd190740cfd6a3faa,ENQUEUED,0.3352512052164057,questions_in,fifo,uniform,0,0
2025-10-29T14:27:05.726714,PUBLISH,71f5d44c1fa347cfb60b42ee7ae7442d,68f2d95bd190740cfd6a40aa,ENQUEUED,0.37965487292464584,questions_in,fifo,uniform,0,0
2025-10-29T14:27:05.848101,PUBLISH,25f1998bb1124f7889c06336bf034ba2,68f2d95bd190740cfd6a2302,ENQUEUED,0.11893404840292231,questions_in,fifo,uniform,0,0
2025-10-29T14:27:06.048160,PUBLISH,fdaad6c951b744308ffcf78f1323a0f7,68f2d95bd190740cfd6a3180,ENQUEUED,0.19765238714350286,questions_in,fifo,uniform,0,0
2025-10-29T14:27:06.335828,PUBLISH,aa3618b19dbb4ac185f3cc48e8b455a2,68f2d95bd190740cfd6a2383,ENQUEUED,0.28593018211851795,questions_in,fifo,uniform,0,0
2025-10-29T14:27:06.777094,PUBLISH,e94f9e2d2d4c4898915411494ece8fe5,68f2d95bd190740cfd6a2042,ENQUEUED,0.4377910867841647,questions_in,fifo,uniform,0,0
2025-10-29T14:27:07.275093,PUBLISH,51645a0fea0a424daa80eb888d002c6c,68f2d95bd190740cfd6a249f,ENQUEUED,0.4945467170389448,questions_in,fifo,uniform,0,0
2025-10-29T14:27:07.662239,PUBLISH,4f3449460b7e44c3ba696ab8aa3035a1,68f2d95bd190740cfd6a1dc3,ENQUEUED,0.3841583909009424,questions_in,fifo,uniform,0,0
2025-10-29T14:27:07.967609,PUBLISH,b6c931ce67b7438cb2a572e542fe7116,68f2d95bd190740cfd6a1dfc,ENQUEUED,0.3022033051320042,questions_in,fifo,uniform,0,0
2025-10-29T14:27:08.182021,PUBLISH,55abe470a4a64c369e045a14ee5f202f,68f2d95bd190740cfd6a208f,ENQUEUED,0.21244310440802525,questions_in,fifo,uniform,0,0
2025-10-29T14:27:08.316710,PUBLISH,ff7fbe7810074d29b1efdc729ed386c9,68f2d95bd190740cfd6a2626,ENQUEUED,0.13300148841721554,questions_in,fifo,uniform,0,0
2025-10-29T14:27:08.816783,PUBLISH,9298d4421d8d4a1e837c7d83dc62ac42,68f2d95bd190740cfd6a27e7,ENQUEUED,0.4972923547153506,questions_in,fifo,uniform,0,0
2025-10-29T14:27:08.966197,PUBLISH,bbee30314ecf4f9d9f7474831eb41e08,68f2d95bd190740cfd6a373a,ENQUEUED,0.1473205065404867,questions_in,fifo,uniform,0,0
2025-10-29T14:27:09.178538,PUBLISH,f94fdce0e53d46f3b1d7cd46b3104ee3,68f2d95bd190740cfd6a2242,ENQUEUED,0.20602816268771296,questions_in,fifo,uniform,0,0
2025-10-29T14:27:09.547787,PUBLISH,bcb54665adc14b4fbeb6fc9efd19b3a0,68f2d95bd190740cfd6a3795,ENQUEUED,0.36655941742762,questions_in,fifo,uniform,0,0
2025-10-29T14:27:09.926734,PUBLISH,6c0f4d49f94c48d2a216635951685c6e,68f2d95bd190740cfd6a3614,ENQUEUED,0.3761257592585451,questions_in,fifo,uniform,0,0
2025-10-29T14:27:10.416891,PUBLISH,490e961e8c31446180bb9b0783ec941d,68f2d95bd190740cfd6a3b90,ENQUEUED,0.4878407656678245,questions_in,fifo,uniform,0,0
2025-10-29T14:27:10.705332,PUBLISH,9f1eff434dee45e08eb285c077c632ad,68f2d95bd190740cfd6a2795,ENQUEUED,0.28634354526618144,questions_in,fifo,uniform,0,0
2025-10-29T14:27:11.134731,PUBLISH,b3eb97d4875f4d4da5688e93838e03f0,68f2d95bd190740cfd6a3492,ENQUEUED,0.42723852759618475,questions_in,fifo,uniform,0,0
2025-10-29T14:27:11.381896,PUBLISH,d6021ea8501f4aa6a39062919bcd7eb5,68f2d95bd190740cfd6a3bd8,ENQUEUED,0.24545419783708838,questions_in,fifo,uniform,0,0
2025-10-29T14:27:11.703842,PUBLISH,9468abf9fa704c9686dea583af9ac9f5,68f2d95bd190740cfd6a25ab,ENQUEUED,0.3200232183994789,questions_in,fifo,uniform,0,0
2025-10-29T14:27:12.047291,PUBLISH,1f7ed7c8126f447c990273714b0ef257,68f2d95bd190740cfd6a3c5c,ENQUEUED,0.33491290830885256,questions_in,fifo,uniform,0,0
2025-10-29T14:27:12.197745,PUBLISH,546fa218f75448d286c0ba163c38bfb6,68f2d95bd190740cfd6a240e,ENQUEUED,0.14832515961862433,questions_in,fifo,uniform,0,0
2025-10-29T14:27:12.500151,PUBLISH,d36608e6ef654f6ba20d3c358cdd1113,68f2d95bd190740cfd6a2711,ENQUEUED,0.2998766490437508,questions_in,fifo,uniform,0,0
2025-10-29T14:27:12.730232,PUBLISH,16b1011b52d54424b49c95b72a20b5b3,68f2d95bd190740cfd6a3c8b,ENQUEUED,0.22596628654403392,questions_in,fifo,uniform,0,0
2025-10-29T14:27:13.136716,PUBLISH,20c71e227168468b95e2bd2f73d55892,68f2d95bd190740cfd6a26f4,ENQUEUED,0.4046360384980958,questions_in,fifo,uniform,0,0
2025-10-29T14:27:13.513883,PUBLISH,eef09c4b235d49eaad48035a61f72950,68f2d95bd190740cfd6a30ee,ENQUEUED,0.37461045475764154,questions_in,fifo,uniform,0,0
2025-10-29T14:27:13.972414,PUBLISH,bd33ca11b7c64e5ab89d56cf2f33f699,68f2d95bd190740cfd6a20db,ENQUEUED,0.4561601883790124,questions_in,fifo,uniform,0,0
2025-10-29T14:27:14.190355,PUBLISH,bf532f7ff964406fae4822935f01987f,68f2d95bd190740cfd6a4199,ENQUEUED,0.21452844676423044,questions_in,fifo,uniform,0,0
2025-10-29T14:27:14.674645,PUBLISH,5640711b3c19404781fdf6b012e27ecb,68f2d95bd190740cfd6a37de,ENQUEUED,0.4801733524204629,questions_in,fifo,uniform,0,0
2025-10-29T14:27:15.153931,PUBLISH,bc76cd8dfb29448aa78c231d5e329558,68f2d95bd190740cfd6a38d8,ENQUEUED,0.4771125918748811,questions_in,fifo,uniform,0,0
2025-10-29T14:27:15.302779,PUBLISH,4efe9f42e274412aa9b17b4b1aed2d9f,68f2d95bd190740cfd6a3efb,ENQUEUED,0.1466548197560491,questions_in,fifo,uniform,0,0
2025-10-29T14:27:15.662219,PUBLISH,fad816a462144f85b07f333a6b176796,68f2d95bd190740cfd6a3d33,ENQUEUED,0.3559604171122609,questions_in,fifo,uniform,0,0
2025-10-29T14:27:15.896311,PUBLISH,0a7a8dbf93184aeba10c5790931ce773,68f2d95bd190740cfd6a2c8b,ENQUEUED,0.23073744762679602,questions_in,fifo,uniform,0,0
2025-10-29T14:27:16.077573,PUBLISH,ffe1a05b846648a9903ff1933ee21d0f,68f2d95bd190740cfd6a2812,ENQUEUED,0.17873289138264795,questions_in,fifo,uniform,0,0
2025-10-29T14:27:16.427006,PUBLISH,1a4bce71224148649099dff7fe074cac,68f2d95bd190740cfd6a213d,ENQUEUED,0.34683189028927175,questions_in,fifo,uniform,0,0
2025-10-29T14:27:16.826135,PUBLISH,5337b6a4d25e4b848fa2fec40dbd93bd,68f2d95bd190740cfd6a3625,ENQUEUED,0.3952850327501214,questions_in,fifo,uniform,0,0
2025-10-29T14:27:17.186644,PUBLISH,f53e10be2ae744c1a9f2c50abf8d46f2,68f2d95bd190740cfd6a24d9,ENQUEUED,0.35857825119536946,questions_in,fifo,uniform,0,0
2025-10-29T14:27:17.319087,PUBLISH,ca42dcaac4a64881a3c7a6627499f41a,68f2d95bd190740cfd6a2894,ENQUEUED,0.13064082505010371,questions_in,fifo,uniform,0,0
2025-10-29T14:27:17.446082,PUBLISH,de5e2c7b9bad4a9985088b9486320e7e,68f2d95bd190740cfd6a3b90,ENQUEUED,0.12435395040576958,questions_in,fifo,uniform,0,0
2025-10-29T14:27:17.854822,PUBLISH,3198f5837c114ca28e92d5be2c6251a5,68f2d95bd190740cfd6a22b0,ENQUEUED,0.40629807796328765,questions_in,fifo,uniform,0,0
2025-10-29T14:27:18.156599,PUBLISH,1b2e94b6337448e1b6120a32052ba08b,68f2d95bd190740cfd6a32f7,ENQUEUED,0.2943229756991852,questions_in,fifo,uniform,0,0
2025-10-29T14:27:18.623606,PUBLISH,8964e138727b4325864b5d21ce34f6d4,68f2d95bd190740cfd6a3ecf,ENQUEUED,0.46414117535329213,questions_in,fifo,uniform,0,0
2025-10-29T14:27:18.932840,PUBLISH,2b9ce055572149918135213fe1b8b267,68f2d95bd190740cfd6a2cb1,ENQUEUED,0.3069419813842753,questions_in,fifo,uniform,0,0
2025-10-29T14:27:19.145401,PUBLISH,cbeb013478e04558af99143eaf32cd34,68f2d95bd190740cfd6a2fb4,ENQUEUED,0.20949437977606947,questions_in,fifo,uniform,0,0
2025-10-29T14:27:19.480866,PUBLISH,9cfd6f3fe30640de98e3c8bf49157abf,68f2d95bd190740cfd6a2c44,ENQUEUED,0.3321515843141851,questions_in,fifo,uniform,0,0
2025-10-29T14:27:19.607092,PUBLISH,4dfb6c9cdeba441c93644e5e85636ff8,68f2d95bd190740cfd6a22cb,ENQUEUED,0.12269355954022526,questions_in,fifo,uniform,0,0
2025-10-29T14:27:20.012588,PUBLISH,51a9bcc9544e448a848685af18b78d64,68f2d95bd190740cfd6a2bd5,ENQUEUED,0.40306566105306507,questions_in,fifo,uniform,0,0
2025-10-29T14:27:20.420790,PUBLISH,3203f67ea93b46dfbb38eff427dd5336,68f2d95bd190740cfd6a1f6e,ENQUEUED,0.40649528139330793,questions_in,fifo,uniform,0,0
2025-10-29T14:27:20.857057,PUBLISH,9df36f655a5f487f972430aa8fc46913,68f2d95bd190740cfd6a2a1e,ENQUEUED,0.43236500069965567,questions_in,fifo,uniform,0,0
2025-10-29T14:27:21.081045,PUBLISH,2750bd3dd55f4ee4a4e91f3f4f2155d2,68f2d95bd190740cfd6a2e6b,ENQUEUED,0.2220522602834997,questions_in,fifo,uniform,0,0
2025-10-29T14:27:21.425164,PUBLISH,d822e7e89be5436599fba5650e709c0e,68f2d95bd190740cfd6a1be9,ENQUEUED,0.33973628427875935,questions_in,fifo,uniform,0,0
2025-10-29T14:27:21.862917,PUBLISH,c6a14d3bba33467f8a91f100c93c6cb1,68f2d95bd190740cfd6a30af,ENQUEUED,0.43455645871993576,questions_in,fifo,uniform,0,0
2025-10-29T14:27:22.079143,PUBLISH,21be8840f39244a9b588aae0a88dd775,68f2d95bd190740cfd6a1c09,ENQUEUED,0.21378736011282007,questions_in,fifo,uniform,0,0
2025-10-29T14:27:22.534761,PUBLISH,31d90f685d0e4b4b80e9b8a49a3a2b96,68f2d95bd190740cfd6a351f,ENQUEUED,0.45301206238720393,questions_in,fifo,uniform,0,0
2025-10-29T14:27:22.800580,PUBLISH,bd3d1ff4a8b647fcaebbf71b9d1248dd,68f2d95bd190740cfd6a29b3,ENQUEUED,0.2634175749969641,questions_in,fifo,uniform,0,0
2025-10-29T14:27:23.282013,PUBLISH,a084d53a347b4bfb9bb18b27528023ca,68f2d95bd190740cfd6a1bbc,ENQUEUED,0.47861075704409695,questions_in,fifo,uniform,0,0
2025-10-29T14:27:23.567012,PUBLISH,fccb626dce5a430badb21ba55f14a397,68f2d95bd190740cfd6a2949,ENQUEUED,0.2827835109551934,questions_in,fifo,uniform,0,0
2025-10-29T14:27:23.928640,PUBLISH,19e0825c2a2a41d788f7981aa78028db,68f2d95bd190740cfd6a3eed,ENQUEUED,0.35963447526312065,questions_in,fifo,uniform,0,0
2025-10-29T14:27:24.159648,PUBLISH,57b4d757f26c49019f447910b983f4e2,68f2d95bd190740cfd6a297a,ENQUEUED,0.22823685987224113,questions_in,fifo,uniform,0,0
2025-10-29T14:27:24.397797,PUBLISH,d0b31ada35ee42888447faf1c7c332fd,68f2d95bd190740cfd6a3d34,ENQUEUED,0.23645869756462812,questions_in,fifo,uniform,0,0
2025-10-29T14:27:24.818545,PUBLISH,93f9070ecb39413cbf85b5e9c41bd125,68f2d95bd190740cfd6a2de8,ENQUEUED,0.4191087090228939,questions_in,fifo,uniform,0,0
2025-10-29T14:27:25.242219,PUBLISH,0a0a709ffb3049528e365e20c1ff4589,68f2d95bd190740cfd6a2ba2,ENQUEUED,0.4166768430324336,questions_in,fifo,uniform,0,0
2025-10-29T14:27:25.575540,PUBLISH,a3555f4b79c04b6bb87c595fc17714e1,68f2d95bd190740cfd6a2bc5,ENQUEUED,0.33049619276646636,questions_in,fifo,uniform,0,0
2025-10-29T14:27:26.039528,PUBLISH,a13ca3598f13413b90b94dd72b4b7dc4,68f2d95bd190740cfd6a38f4,ENQUEUED,0.4604369624677601,questions_in,fifo,uniform,0,0
2025-10-29T14:27:26.533331,PUBLISH,4c69171888db4ae9994f324a8844e66b,68f2d95bd190740cfd6a2601,ENQUEUED,0.49030493788952867,questions_in,fifo,uniform,0,0
2025-10-29T14:27:26.858678,PUBLISH,7a7d7638588d4c12a640dfa0d994e77f,68f2d95bd190740cfd6a2b4f,ENQUEUED,0.3206193096621235,questions_in,fifo,uniform,0,0
2025-10-29T14:27:27.346424,PUBLISH,3d2bee9efeb34a1d96377a3de995cb84,68f2d95bd190740cfd6a2279,ENQUEUED,0.4858102620195499,questions_in,fifo,uniform,0,0
2025-10-29T14:27:27.821828,PUBLISH,416240aef896499aad576bb737161d38,68f2d95bd190740cfd6a2f79,ENQUEUED,0.4720250312794376,questions_in,fifo,uniform,0,0
2025-10-29T14:27:27.961943,PUBLISH,caaea364468e488ca54e93e0775ce62e,68f2d95bd190740cfd6a2897,ENQUEUED,0.1380994185429678,questions_in,fifo,uniform,0,0
2025-10-29T14:27:28.075689,PUBLISH,9136f058142c491b931ecaeb7f5fc095,68f2d95bd190740cfd6a3fa2,ENQUEUED,0.11146248082298921,questions_in,fifo,uniform,0,0
2025-10-29T14:27:28.295954,PUBLISH,37f1f9dc9c134103a461b63218ecadcd,68f2d95bd190740cfd6a2f4f,ENQUEUED,0.2177390163742061,questions_in,fifo,uniform,0,0
2025-10-29T14:27:28.499857,PUBLISH,d47ac47f170b4c22b075de3e5539b9c8,68f2d95bd190740cfd6a3a0c,ENQUEUED,0.20193975421712548,questions_in,fifo,uniform,0,0
2025-10-29T14:27:28.923435,PUBLISH,e3525bce17254621800ba64af5bd0a70,68f2d95bd190740cfd6a2d18,ENQUEUED,0.4209539652129747,questions_in,fifo,uniform,0,0
2025-10-29T14:27:29.406074,PUBLISH,27cd034d4adb4fd5b243e26b8cbebe5c,68f2d95bd190740cfd6a3ced,ENQUEUED,0.47916521229522224,questions_in,fifo,uniform,0,0
2025-10-29T14:27:29.845753,PUBLISH,5a9eee550b9c4f92b2312584ec4e0cf5,68f2d95bd190740cfd6a2348,ENQUEUED,0.43736455965956533,questions_in,fifo,uniform,0,0
2025-10-29T14:27:30.275959,PUBLISH,97ba5acd3f0b47eda7f9c059d8bfcbbf,68f2d95bd190740cfd6a241d,ENQUEUED,0.426221339899435,questions_in,fifo,uniform,0,0
2025-10-29T14:27:30.708386,PUBLISH,0f4ed99d42be4f7a8dfaaf8283742a04,68f2d95bd190740cfd6a3f8c,ENQUEUED,0.42990105924898625,questions_in,fifo,uniform,0,0
2025-10-29T14:27:30.890701,PUBLISH,6674b197fabd45628b6e0ab1c826e9a6,68f2d95bd190740cfd6a2ae8,ENQUEUED,0.1799269121652902,questions_in,fifo,uniform,0,0
2025-10-29T14:27:31.014365,PUBLISH,3ede700f2a384807bb6525c521e4d00c,68f2d95bd190740cfd6a3f02,ENQUEUED,0.12172759250838686,questions_in,fifo,uniform,0,0
2025-10-29T14:27:31.143966,PUBLISH,3145615c568544fd8860f58e2eb165f3,68f2d95bd190740cfd6a3136,ENQUEUED,0.12747416219823676,questions_in,fifo,uniform,0,0
2025-10-29T14:27:31.580205,PUBLISH,9199e437b0a84971add75f47acae3957,68f2d95bd190740cfd6a3871,ENQUEUED,0.43395100149640986,questions_in,fifo,uniform,0,0
2025-10-29T14:27:31.793228,PUBLISH,7530c74461764f7cb14a94d92de1d192,68f2d95bd190740cfd6a3bc0,ENQUEUED,0.20978384514870918,questions_in,fifo,uniform,0,0
2025-10-29T14:27:32.203585,PUBLISH,a3029eb758ba48d0886e32b69caa0daa,68f2d95bd190740cfd6a3a4e,ENQUEUED,0.407513076894949,questions_in,fifo,uniform,0,0
2025-10-29T14:27:32.323957,PUBLISH,f9c52d73ae54444a86b3a8fa3e5e30ba,68f2d95bd190740cfd6a3250,ENQUEUED,0.11711686732911586,questions_in,fifo,uniform,0,0
2025-10-29T14:27:32.737451,PUBLISH,02c430f2224c4434ab2f5ce83bdc6934,68f2d95bd190740cfd6a2acb,ENQUEUED,0.4095110107657266,questions_in,fifo,uniform,0,0
2025-10-29T14:27:32.922659,PUBLISH,d5c0853ecdd14815871544b2d1fcaced,68f2d95bd190740cfd6a267f,ENQUEUED,0.1825606488488031,questions_in,fifo,uniform,0,0
2025-10-29T14:27:33.195439,PUBLISH,65d5c59134ef40aabde20be165a52fbb,68f2d95bd190740cfd6a1c57,ENQUEUED,0.2707689235722269,questions_in,fifo,uniform,0,0
2025-10-29T14:27:33.312069,PUBLISH,daf6ca9651b349818365b27118c06fb0,68f2d95bd190740cfd6a1ba9,ENQUEUED,0.11485318659750554,questions_in,fifo,uniform,0,0
2025-10-29T14:27:33.539887,PUBLISH,1a4072a930db41b9995319cba88cec9e,68f2d95bd190740cfd6a39e1,ENQUEUED,0.2243183442571721,questions_in,fifo,uniform,0,0
2025-10-29T14:27:33.756410,PUBLISH,008ccba64aa24e4aa530261a0d85c15e,68f2d95bd190740cfd6a2a7a,ENQUEUED,0.2132110804219432,questions_in,fifo,uniform,0,0
2025-10-29T14:27:33.929767,PUBLISH,e5f273306625440299c5d8acc6973f73,68f2d95bd190740cfd6a24ff,ENQUEUED,0.17118244679779382,questions_in,fifo,uniform,0,0
2025-10-29T14:27:34.228262,PUBLISH,42185ee379a642fab8b8e328c5e5f064,68f2d95bd190740cfd6a1b33,ENQUEUED,0.29646562942019095,questions_in,fifo,uniform,0,0
2025-10-29T14:27:34.592651,PUBLISH,d1cdd7cd15ee4827b47872f9446b8b73,68f2d95bd190740cfd6a3236,ENQUEUED,0.3625492231339139,questions_in,fifo,uniform,0,0
2025-10-29T14:27:34.763812,PUBLISH,171850b290c542959e243ff0793b6e46,68f2d95bd190740cfd6a39fb,ENQUEUED,0.16824925963880982,questions_in,fifo,uniform,0,0
2025-10-29T14:27:35.075739,PUBLISH,f868686d28cd46568b64809977189bd2,68f2d95bd190740cfd6a1ba5,ENQUEUED,0.3091744820290895,questions_in,fifo,uniform,0,0
2025-10-29T14:27:35.181169,PUBLISH,a467e42358e64913957431d6e8e7d654,68f2d95bd190740cfd6a25e2,ENQUEUED,0.10374418692054893,questions_in,fifo,uniform,0,0
2025-10-29T14:27:35.468513,PUBLISH,c4c4593881e54f27af845c703d44edb1,68f2d95bd190740cfd6a1dee,ENQUEUED,0.2847118101670157,questions_in,fifo,uniform,0,0
2025-10-29T14:27:35.593540,PUBLISH,76dc11037dad4b919146eb7c753f79e3,68f2d95bd190740cfd6a2b01,ENQUEUED,0.12271431285108739,questions_in,fifo,uniform,0,0
2025-10-29T14:27:35.824249,PUBLISH,b39070e4abd74ae492b645e0ab8fd52b,68f2d95bd190740cfd6a2ec8,ENQUEUED,0.22798148597641613,questions_in,fifo,uniform,0,0
2025-10-29T14:27:36.164879,PUBLISH,c73b4f83bce443f19f759a6601016054,68f2d95bd190740cfd6a3ff4,ENQUEUED,0.3379157081832507,questions_in,fifo,uniform,0,0
2025-10-29T14:27:36.476870,PUBLISH,a067596e5e614a1792f1f6492572ca9d,68f2d95bd190740cfd6a38dd,ENQUEUED,0.30943525892215856,questions_in,fifo,uniform,0,0
2025-10-29T14:27:36.912118,PUBLISH,8ba9dd6f92af4ecebe2f794f96734594,68f2d95bd190740cfd6a24f3,ENQUEUED,0.4330896986588707,questions_in,fifo,uniform,0,0
2025-10-29T14:27:37.090310,PUBLISH,b3a6c61af21e458c8681fc24b1bb8c05,68f2d95bd190740cfd6a347f,ENQUEUED,0.17542213868791295,questions_in,fifo,uniform,0,0
2025-10-29T14:27:37.399472,PUBLISH,88b6d3fba66e4a74a5d34d45a5b75be0,68f2d95bd190740cfd6a3c04,ENQUEUED,0.30685748172032123,questions_in,fifo,uniform,0,0
2025-10-29T14:27:37.646620,PUBLISH,07f2f993d834454cbd1bcf5b1f9ceb6c,68f2d95bd190740cfd6a2560,ENQUEUED,0.24514101522506815,questions_in,fifo,uniform,0,0
2025-10-29T14:27:37.854450,PUBLISH,c1707530507b4ae6b3ff57fcb1ab2d23,68f2d95bd190740cfd6a3dd5,ENQUEUED,0.2047140517614678,questions_in,fifo,uniform,0,0
2025-10-29T14:27:38.242628,PUBLISH,8aa4a7bac5c940b285d642214885d163,68f2d95bd190740cfd6a29a9,ENQUEUED,0.3854423013745223,questions_in,fifo,uniform,0,0
2025-10-29T14:27:38.458664,PUBLISH,dcfa8a5767c4448784d5dd33ab5b2320,68f2d95bd190740cfd6a39c0,ENQUEUED,0.2094100558605584,questions_in,fifo,uniform,0,0
2025-10-29T14:27:38.651272,PUBLISH,eb674502568b4c7eaab2fffd3c1b9d0e,68f2d95bd190740cfd6a3410,ENQUEUED,0.18650405611013363,questions_in,fifo,uniform,0,0
2025-10-29T14:27:38.844756,PUBLISH,c2fee2ec4415498384e09692ff196da2,68f2d95bd190740cfd6a36af,ENQUEUED,0.1913468647090326,questions_in,fifo,uniform,0,0
2025-10-29T14:27:39.333828,PUBLISH,b5effdefef894ab5bc50b0088f1582be,68f2d95bd190740cfd6a31fa,ENQUEUED,0.48268927225952585,questions_in,fifo,uniform,0,0
2025-10-29T14:27:39.455799,PUBLISH,4600d4bd0df34d87aff63b0417806d99,68f2d95bd190740cfd6a2852,ENQUEUED,0.11564787872407872,questions_in,fifo,uniform,0,0
2025-10-29T14:27:39.928462,PUBLISH,fbd1efee9b0f4708bc563a80d1b8311e,68f2d95bd190740cfd6a26fe,ENQUEUED,0.4668291489894494,questions_in,fifo,uniform,0,0
2025-10-29T14:27:40.057175,PUBLISH,3404438f7c8d495a80011fe6f9863f94,68f2d95bd190740cfd6a37c2,ENQUEUED,0.12271329365530859,questions_in,fifo,uniform,0,0
2025-10-29T14:27:40.399118,PUBLISH,4bb4d17aab4a41f2b92ebf6facbe17e6,68f2d95bd190740cfd6a1c25,ENQUEUED,0.335834145416438,questions_in,fifo,uniform,0,0
2025-10-29T14:27:40.703181,PUBLISH,125f76ae175343149970bae71423eca3,68f2d95bd190740cfd6a1fa7,ENQUEUED,0.29572739031272044,questions_in,fifo,uniform,0,0
2025-10-29T14:27:40.953247,PUBLISH,9f7a02a63839439ab6f8cbfdbbd340bc,68f2d95bd190740cfd6a27ed,ENQUEUED,0.2431455380263564,questions_in,fifo,uniform,0,0
2025-10-29T14:27:41.240560,PUBLISH,fd4bb2b306cf4905abb0e7ad868c8ab4,68f2d95bd190740cfd6a2d85,ENQUEUED,0.2814758308440384,questions_in,fifo,uniform,0,0
2025-10-29T14:27:41.470756,PUBLISH,762780ab7f5742aaab4db94edf0305be,68f2d95bd190740cfd6a3b35,ENQUEUED,0.22415363197502153,questions_in,fifo,uniform,0,0
2025-10-29T14:27:41.953869,PUBLISH,8deb56cb9e864649beee41bfbe18e1e0,68f2d95bd190740cfd6a3b55,ENQUEUED,0.4766360073651953,questions_in,fifo,uniform,0,0
2025-10-29T14:27:42.312188,PUBLISH,9d01b77a393f4a2885843a02f1a1ee43,68f2d95bd190740cfd6a2eae,ENQUEUED,0.3521126174746767,questions_in,fifo,uniform,0,0
2025-10-29T14:27:42.444184,PUBLISH,ba7a4dc80db847a088845ad889b505e3,68f2d95bd190740cfd6a2f6a,ENQUEUED,0.12610632690151213,questions_in,fifo,uniform,0,0
2025-10-29T14:27:42.885204,PUBLISH,67a63d3ac91f4c509b325659d2ed14ac,68f2d95bd190740cfd6a1d03,ENQUEUED,0.4343299612271345,questions_in,fifo,uniform,0,0
2025-10-29T14:27:43.178045,PUBLISH,7143ca4b142f460daa5f3194a9d3e7d3,68f2d95bd190740cfd6a3c48,ENQUEUED,0.2861322568139779,questions_in,fifo,uniform,0,0
2025-10-29T14:27:43.536932,PUBLISH,937de22b86c44c308d5ce0f31b214553,68f2d95bd190740cfd6a3684,ENQUEUED,0.35263777943988384,questions_in,fifo,uniform,0,0
2025-10-29T14:27:44.009936,PUBLISH,660c64f7c55f41e9883d55b271b96b6a,68f2d95bd190740cfd6a1b37,ENQUEUED,0.4698240679461525,questions_in,fifo,uniform,0,0
2025-10-29T14:27:44.387112,PUBLISH,501a7ebc878a45b0a6d5f6055288e80a,68f2d95bd190740cfd6a1dd3,ENQUEUED,0.3740344713232685,questions_in,fifo,uniform,0,0
2025-10-29T14:27:44.696638,PUBLISH,04d6cb1354364fa4b279ea645221ee35,68f2d95bd190740cfd6a2004,ENQUEUED,0.3070746730556212,questions_in,fifo,uniform,0,0
2025-10-29T14:27:45.095877,PUBLISH,94daa83d33ae498685a263a98cfea5d9,68f2d95bd190740cfd6a2fdd,ENQUEUED,0.396987059436108,questions_in,fifo,uniform,0,0
2025-10-29T14:27:45.493509,PUBLISH,f846c12484564abf9b770925b3840ffd,68f2d95bd190740cfd6a2592,ENQUEUED,0.3952696750566469,questions_in,fifo,uniform,0,0
2025-10-29T14:27:45.852746,PUBLISH,a3de4589002b48e39b111912b2fa9dc3,68f2d95bd190740cfd6a411e,ENQUEUED,0.3565248652195149,questions_in,fifo,uniform,0,0
2025-10-29T14:27:46.230411,PUBLISH,a85eedef2fc943bbaeb6a0a86e4e2bb8,68f2d95bd190740cfd6a28ad,ENQUEUED,0.3742842473108178,questions_in,fifo,uniform,0,0
2025-10-29T14:27:46.586470,PUBLISH,767e6a51833940b19b88a3953758ee33,68f2d95bd190740cfd6a3bbf,ENQUEUED,0.3521944376193352,questions_in,fifo,uniform,0,0
2025-10-29T14:27:46.774795,PUBLISH,a90318512673475ba6ed0b7000476f8e,68f2d95bd190740cfd6a2aff,ENQUEUED,0.18623087695994311,questions_in,fifo,uniform,0,0
2025-10-29T14:27:46.917923,PUBLISH,449b8e6e812240b2b593d1a9e487b3ab,68f2d95bd190740cfd6a2320,ENQUEUED,0.13808814702766217,questions_in,fifo,uniform,0,0
2025-10-29T14:27:47.047384,PUBLISH,41513729e538459db04f96376da5053e,68f2d95bd190740cfd6a3c98,ENQUEUED,0.12700442545503796,questions_in,fifo,uniform,0,0
2025-10-29T14:27:47.196227,PUBLISH,861ae31dbfd74699bafec0ee65d47f9c,68f2d95bd190740cfd6a3141,ENQUEUED,0.1467853501079236,questions_in,fifo,uniform,0,0
2025-10-29T14:27:47.503021,PUBLISH,a49cd7e74a944633a1f6c79d2f045cb7,68f2d95bd190740cfd6a3832,ENQUEUED,0.30368543978480433,questions_in,fifo,uniform,0,0
2025-10-29T14:27:47.614063,PUBLISH,5a1656a75df94e9590905d92d53cd48d,68f2d95bd190740cfd6a3eaa,ENQUEUED,0.10910686036906095,questions_in,fifo,uniform,0,0
2025-10-29T14:27:48.107149,PUBLISH,9cb17f1a79d84fff9586737129ac581d,68f2d95bd190740cfd6a36ab,ENQUEUED,0.4895507457642474,questions_in,fifo,uniform,0,0
2025-10-29T14:27:48.228491,PUBLISH,152f7cd9746a4be09f2a91ab10e849dd,68f2d95bd190740cfd6a25dd,ENQUEUED,0.11942841344523672,questions_in,fifo,uniform,0,0
2025-10-29T14:27:48.362428,PUBLISH,37c43573a9c44df7a1baf2631b2a7073,68f2d95bd190740cfd6a1bb5,ENQUEUED,0.1317844092182262,questions_in,fifo,uniform,0,0
2025-10-29T14:27:48.813912,PUBLISH,e5e7c049dc034637a69ffe176123efa7,68f2d95bd190740cfd6a327a,ENQUEUED,0.4496180646069261,questions_in,fifo,uniform,0,0
2025-10-29T14:27:48.965575,PUBLISH,2b2acb1078cc4f17b978f78602a8a048,68f2d95bd190740cfd6a3d76,ENQUEUED,0.14930627227864185,questions_in,fifo,uniform,0,0
2025-10-29T14:27:49.207642,PUBLISH,a8e279afef044936b9e906f4fb1e4acf,68f2d95bd190740cfd6a23ad,ENQUEUED,0.23975892923953857,questions_in,fifo,uniform,0,0
2025-10-29T14:27:49.380672,PUBLISH,a0142eb4290246bba9877ba97a1f56fe,68f2d95bd190740cfd6a3316,ENQUEUED,0.16982831954478017,questions_in,fifo,uniform,0,0
2025-10-29T14:27:49.628236,PUBLISH,0b7a5dfdd2e5429fa51c965137c3ddbc,68f2d95bd190740cfd6a3486,ENQUEUED,0.24596979123986645,questions_in,fifo,uniform,0,0
2025-10-29T14:27:49.930196,PUBLISH,503e61f214874cfc95f2777fa1b22036,68f2d95bd190740cfd6a251a,ENQUEUED,0.2995345477908228,questions_in,fifo,uniform,0,0
2025-10-29T14:27:50.152279,PUBLISH,0a4f80397ae44bf6b2067f561fbd735b,68f2d95bd190740cfd6a21bf,ENQUEUED,0.21806121093858433,questions_in,fifo,uniform,0,0
2025-10-29T14:27:50.643040,PUBLISH,c68174ea862f461c8916b7fd989f8dbd,68f2d95bd190740cfd6a2379,ENQUEUED,0.48867864962648744,questions_in,fifo,uniform,0,0
2025-10-29T14:27:51.128890,PUBLISH,8321692c7d3147be8b099a5041a726ba,68f2d95bd190740cfd6a3886,ENQUEUED,0.48382647727926875,questions_in,fifo,uniform,0,0
2025-10-29T14:27:51.278727,PUBLISH,cee1dc02bdc742b19e4429ddca5706df,68f2d95bd190740cfd6a2a2f,ENQUEUED,0.1477182381956387,questions_in,fifo,uniform,0,0
2025-10-29T14:27:51.401721,PUBLISH,ce2f5e5fab2a4d37a0743137aa0cfbac,68f2d95bd190740cfd6a2826,ENQUEUED,0.1200575677561222,questions_in,fifo,uniform,0,0
2025-10-29T14:27:51.521576,PUBLISH,55a03827b47d4678b2315ac83afdbdb9,68f2d95bd190740cfd6a2c50,ENQUEUED,0.11450272511296809,questions_in,fifo,uniform,0,0
2025-10-29T14:27:51.671695,PUBLISH,a9e633c6e8da4c2fbbfed73856f59f0e,68f2d95bd190740cfd6a2798,ENQUEUED,0.14781248738658742,questions_in,fifo,uniform,0,0
2025-10-29T14:27:51.837284,PUBLISH,8534c4f259bc41feaef5e870ea348aa5,68f2d95bd190740cfd6a3364,ENQUEUED,0.16241379285113797,questions_in,fifo,uniform,0,0
2025-10-29T14:27:52.102140,PUBLISH,a49f4dd8d88745e8b7512a9c810e612f,68f2d95bd190740cfd6a3794,ENQUEUED,0.261779523942698,questions_in,fifo,uniform,0,0
2025-10-29T14:27:52.217326,PUBLISH,ace71a848f274caa905fb6805c5c2824,68f2d95bd190740cfd6a2aa7,ENQUEUED,0.11266190281458646,questions_in,fifo,uniform,0,0
2025-10-29T14:27:52.687145,PUBLISH,aff450cc28db48c5b6c860171b96f1e9,68f2d95bd190740cfd6a408e,ENQUEUED,0.46701457185195483,questions_in,fifo,uniform,0,0
2025-10-29T14:27:52.979908,PUBLISH,ff32c08425084e50be439befe2079371,68f2d95bd190740cfd6a2115,ENQUEUED,0.29024269602568686,questions_in,fifo,uniform,0,0
2025-10-29T14:27:53.258308,PUBLISH,92718e5053e54929aaacc848d4c76b3a,68f2d95bd190740cfd6a1da0,ENQUEUED,0.27569122008354663,questions_in,fifo,uniform,0,0
2025-10-29T14:27:53.517454,PUBLISH,bd097534968e4588b8f02d5f543dc072,68f2d95bd190740cfd6a22a9,ENQUEUED,0.2513332746506789,questions_in,fifo,uniform,0,0
2025-10-29T14:27:53.960690,PUBLISH,51a81e1f38f1484fab3d7f1bfd54c9c4,68f2d95bd190740cfd6a2c95,ENQUEUED,0.44125140276992536,questions_in,fifo,uniform,0,0
2025-10-29T14:27:54.284239,PUBLISH,e06ba7aa2ebe461c8edae07855fcde36,68f2d95bd190740cfd6a2e59,ENQUEUED,0.3211233067094339,questions_in,fifo,uniform,0,0
2025-10-29T14:27:54.748342,PUBLISH,d490fb2315a4418cb93e3ab2bf993bf4,68f2d95bd190740cfd6a2b6a,ENQUEUED,0.46112840423585644,questions_in,fifo,uniform,0,0
2025-10-29T14:27:54.861337,PUBLISH,36dce59d895e43b9829c6cc93b3c4a15,68f2d95bd190740cfd6a3496,ENQUEUED,0.11107458389359742,questions_in,fifo,uniform,0,0
2025-10-29T14:27:55.069929,PUBLISH,e1bc2798f8104663a7009071f628ed62,68f2d95bd190740cfd6a20fb,ENQUEUED,0.20624159747279092,questions_in,fifo,uniform,0,0
2025-10-29T14:27:55.276362,PUBLISH,0207d914ce984103a15d624990c56b12,68f2d95bd190740cfd6a2fb5,ENQUEUED,0.20430933533709125,questions_in,fifo,uniform,0,0
2025-10-29T14:27:55.432028,PUBLISH,42d44eef4ff9491db799f36a01fbec19,68f2d95bd190740cfd6a36a0,ENQUEUED,0.1496578301299195,questions_in,fifo,uniform,0,0
2025-10-29T14:27:55.690112,PUBLISH,532be277d26e4970ba18a8a35f40f77f,68f2d95bd190740cfd6a2a68,ENQUEUED,0.2549267480064533,questions_in,fifo,uniform,0,0
2025-10-29T14:27:56.076675,PUBLISH,f60815fd9f554b3fa06c92e98f737959,68f2d95bd190740cfd6a26ab,ENQUEUED,0.38465160120699515,questions_in,fifo,uniform,0,0
2025-10-29T14:27:56.477161,PUBLISH,5f272216fb324bf5953d96b86cb3b241,68f2d95bd190740cfd6a31e0,ENQUEUED,0.3974636026285727,questions_in,fifo,uniform,0,0
2025-10-29T14:27:56.832511,PUBLISH,edfe4d98e61940d9850e0dba3db15d16,68f2d95bd190740cfd6a1dbc,ENQUEUED,0.3516119811731986,questions_in,fifo,uniform,0,0
2025-10-29T14:27:56.995815,PUBLISH,f3764927f7c74732ab6e35f5cde65037,68f2d95bd190740cfd6a4099,ENQUEUED,0.16141405685473884,questions_in,fifo,uniform,0,0
2025-10-29T14:27:57.109647,PUBLISH,10b9b9800e914486891db13fe35ff4db,68f2d95bd190740cfd6a3fb7,ENQUEUED,0.11191017213415973,questions_in,fifo,uniform,0,0
2025-10-29T14:27:57.212853,PUBLISH,0dc503cda12c4f7b81bababd3cad42eb,68f2d95bd190740cfd6a208d,ENQUEUED,0.10119728829585331,questions_in,fifo,uniform,0,0
2025-10-29T14:27:57.382853,PUBLISH,bcd44b255a2e4ddc8116a38f4f5ef728,68f2d95bd190740cfd6a303d,ENQUEUED,0.16726272485678587,questions_in,fifo,uniform,0,0
2025-10-29T14:27:57.517274,PUBLISH,28f959519e4740659143446ebe2e0c34,68f2d95bd190740cfd6a2493,ENQUEUED,0.13145924187020155,questions_in,fifo,uniform,0,0
2025-10-29T14:27:57.716094,PUBLISH,f2699f35ff3141528d354bede7a408f5,68f2d95bd190740cfd6a30b8,ENQUEUED,0.19511332688002325,questions_in,fifo,uniform,0,0
2025-10-29T14:27:58.094985,PUBLISH,8749a76908fe43a8bcfad3d4d41ff932,68f2d95bd190740cfd6a33a3,ENQUEUED,0.3761477446648458,questions_in,fifo,uniform,0,0
2025-10-29T14:27:58.590948,PUBLISH,0ce0464f38fe42f3b6e5cf98ab0a43d0,68f2d95bd190740cfd6a2379,ENQUEUED,0.49372759398245836,questions_in,fifo,uniform,0,0
2025-10-29T14:27:58.809454,PUBLISH,f085718c0d7049dea50843b9ef7255fc,68f2d95bd190740cfd6a38dc,ENQUEUED,0.20986749732590418,questions_in,fifo,uniform,0,0
2025-10-29T14:27:59.198127,PUBLISH,3fe989622ca441a58f216a4ea6178baf,68f2d95bd190740cfd6a2fe9,ENQUEUED,0.3850509589539315,questions_in,fifo,uniform,0,0
2025-10-29T14:27:59.682515,PUBLISH,d3274d73ea784c709370ebf5937ebbda,68f2d95bd190740cfd6a3efe,ENQUEUED,0.48154114241316925,questions_in,fifo,uniform,0,0
2025-10-29T14:27:59.788859,PUBLISH,0856905b61ff43a392973b547bba7b34,68f2d95bd190740cfd6a232c,ENQUEUED,0.10386964536540977,questions_in,fifo,uniform,0,0
2025-10-29T14:28:00.205077,PUBLISH,724e1adc1fb34fee9ddf0460e783c787,68f2d95bd190740cfd6a36ef,ENQUEUED,0.41363547954197355,questions_in,fifo,uniform,0,0
2025-10-29T14:28:00.600555,PUBLISH,b51f760619e74209ad7791b5a9e7ffda,68f2d95bd190740cfd6a22e8,ENQUEUED,0.3928718115631471,questions_in,fifo,uniform,0,0
2025-10-29T14:28:00.855338,PUBLISH,306461abb7554de79619900333e80686,68f2d95bd190740cfd6a26d3,ENQUEUED,0.2529375434808552,questions_in,fifo,uniform,0,0
2025-10-29T14:28:01.061959,PUBLISH,0a98c11f437040269094adc3ef634957,68f2d95bd190740cfd6a3168,ENQUEUED,0.20428860399992954,questions_in,fifo,uniform,0,0
2025-10-29T14:28:01.270622,PUBLISH,ead6cf877b724bd99a89887ce823af7f,68f2d95bd190740cfd6a361c,ENQUEUED,0.20105998731048566,questions_in,fifo,uniform,0,0
2025-10-29T14:28:01.635245,PUBLISH,66ae35972aba4106853cd2fbfec74292,68f2d95bd190740cfd6a3df2,ENQUEUED,0.3622905208015912,questions_in,fifo,uniform,0,0
2025-10-29T14:28:01.790623,PUBLISH,02171af59e514b878097ca7cff908189,68f2d95bd190740cfd6a20c0,ENQUEUED,0.15363148532084592,questions_in,fifo,uniform,0,0
2025-10-29T14:28:02.070057,PUBLISH,bf19ec2369da45b3896b1d55666a2762,68f2d95bd190740cfd6a1cd3,ENQUEUED,0.27696428792105326,questions_in,fifo,uniform,0,0
2025-10-29T14:28:02.215160,PUBLISH,5d17304e23524e2cb13948894627b140,68f2d95bd190740cfd6a2cc0,ENQUEUED,0.14160842295543616,questions_in,fifo,uniform,0,0
2025-10-29T14:28:02.503871,PUBLISH,d3c5547bd03045edbadeea23a6d6d3aa,68f2d95bd190740cfd6a28a1,ENQUEUED,0.28590808254583955,questions_in,fifo,uniform,0,0
2025-10-29T14:28:02.654365,PUBLISH,5c4023c329fd45799c8d564bd66fca5f,68f2d95bd190740cfd6a2712,ENQUEUED,0.14824104593042034,questions_in,fifo,uniform,0,0
2025-10-29T14:28:03.076663,PUBLISH,57ee54e901cb40b5b1296cc68ed3a8da,68f2d95bd190740cfd6a1c6d,ENQUEUED,0.4199205323522004,questions_in,fifo,uniform,0,0
2025-10-29T14:28:03.448502,PUBLISH,876d4922398f439687a2b0dc0dd1fd43,68f2d95bd190740cfd6a35c5,ENQUEUED,0.36892702677857037,questions_in,fifo,uniform,0,0
2025-10-29T14:28:03.771739,PUBLISH,e278e2b6e03c4f42a626da66a0c042c5,68f2d95bd190740cfd6a1ff3,ENQUEUED,0.3198183931896028,questions_in,fifo,uniform,0,0
2025-10-29T14:28:04.170283,PUBLISH,64d8ec4829c74d958e6c2e36b1c94f82,68f2d95bd190740cfd6a3303,ENQUEUED,0.3955367659163045,questions_in,fifo,uniform,0,0
2025-10-29T14:28:04.370957,PUBLISH,ec385f8f88824e7696d4356f94c038eb,68f2d95bd190740cfd6a2209,ENQUEUED,0.19752668973986942,questions_in,fifo,uniform,0,0
2025-10-29T14:28:04.825317,PUBLISH,acef8b1d6b464384a83f09cffd203339,68f2d95bd190740cfd6a2dea,ENQUEUED,0.4521459232546574,questions_in,fifo,uniform,0,0
2025-10-29T14:28:05.127566,PUBLISH,cfc6d71b2cd4414eb4da50dbbea568cd,68f2d95bd190740cfd6a1b2e,ENQUEUED,0.30055809318515103,questions_in,fifo,uniform,0,0
2025-10-29T14:28:05.293648,PUBLISH,5b058d9115224882abe4733e7f13eb52,68f2d95bd190740cfd6a3674,ENQUEUED,0.16377931705975293,questions_in,fifo,uniform,0,0
2025-10-29T14:28:05.509695,PUBLISH,19098d6f91b24158a9b2c8f600c9aabd,68f2d95bd190740cfd6a22bd,ENQUEUED,0.21356829667496183,questions_in,fifo,uniform,0,0
2025-10-29T14:28:05.846417,PUBLISH,0530f239732e47a8b84bbad4a2b3a649,68f2d95bd190740cfd6a1c11,ENQUEUED,0.3337271026870704,questions_in,fifo,uniform,0,0
2025-10-29T14:28:06.144257,PUBLISH,e1ca688a89944e19ac3c193ee8e1631d,68f2d95bd190740cfd6a2f22,ENQUEUED,0.295902452234285,questions_in,fifo,uniform,0,0
2025-10-29T14:28:06.364217,PUBLISH,f21cfddd60d143158ab6878562bacaa3,68f2d95bd190740cfd6a3460,ENQUEUED,0.21711420085864863,questions_in,fifo,uniform,0,0
2025-10-29T14:28:06.825205,PUBLISH,988677da3df14f6382539f2961ffa630,68f2d95bd190740cfd6a3a77,ENQUEUED,0.45862025309503773,questions_in,fifo,uniform,0,0
2025-10-29T14:28:06.999316,PUBLISH,50d706f2c1934c1d99e4318c8f0a38ee,68f2d95bd190740cfd6a27e9,ENQUEUED,0.17126873343217963,questions_in,fifo,uniform,0,0
2025-10-29T14:28:07.236559,PUBLISH,3bb0d7b60ae2448f9975386a53228982,68f2d95bd190740cfd6a30f8,ENQUEUED,0.23466204824053258,questions_in,fifo,uniform,0,0
2025-10-29T14:28:07.690560,PUBLISH,7b3747be7bab4c96b3418bc5ec6b21ad,68f2d95bd190740cfd6a2ee7,ENQUEUED,0.4453111020784808,questions_in,fifo,uniform,0,0
2025-10-29T14:28:07.874299,PUBLISH,4e31aa5850594d718a504b1944cff5a1,68f2d95bd190740cfd6a260d,ENQUEUED,0.1818040318687258,questions_in,fifo,uniform,0,0
2025-10-29T14:28:08.321276,PUBLISH,65565a7d078e43fcb6db0f844cb82d72,68f2d95bd190740cfd6a3da9,ENQUEUED,0.4436891926878991,questions_in,fifo,uniform,0,0
2025-10-29T14:28:08.517652,PUBLISH,7ad30ee7e558463e8ed8f341fee30bf2,68f2d95bd190740cfd6a2218,ENQUEUED,0.19339392072155565,questions_in,fifo,uniform,0,0
2025-10-29T14:28:09.014871,PUBLISH,fb91ad10b20c4a2bb91d16eeb5ff339b,68f2d95bd190740cfd6a2017,ENQUEUED,0.49438687470060116,questions_in,fifo,uniform,0,0
2025-10-29T14:28:09.386561,PUBLISH,4c14d57deb334f429026bc0b2cf88eea,68f2d95bd190740cfd6a3eb2,ENQUEUED,0.3690209323873097,questions_in,fifo,uniform,0,0
2025-10-29T14:28:09.666928,PUBLISH,2e1c16e64add4d9ca597104f78a0f2cc,68f2d95bd190740cfd6a2498,ENQUEUED,0.2777493428903144,questions_in,fifo,uniform,0,0
2025-10-29T14:28:10.068414,PUBLISH,13a44e2a097844e4b059d9b18f955f20,68f2d95bd190740cfd6a2533,ENQUEUED,0.3985427931825112,questions_in,fifo,uniform,0,0
2025-10-29T14:28:10.427892,PUBLISH,41eadb6f92434672b48d4078094c4514,68f2d95bd190740cfd6a2a32,ENQUEUED,0.35690170334907856,questions_in,fifo,uniform,0,0
2025-10-29T14:28:10.609287,PUBLISH,fe0f6fb65e5740c5b3a22685b596a365,68f2d95bd190740cfd6a3c54,ENQUEUED,0.17937183115248767,questions_in,fifo,uniform,0,0
2025-10-29T14:28:10.845315,PUBLISH,4e718109275645f9ba9219e54e1d1435,68f2d95bd190740cfd6a265a,ENQUEUED,0.23249587833077912,questions_in,fifo,uniform,0,0
2025-10-29T14:28:11.167713,PUBLISH,a0df29092c254d7698511d2989406ebd,68f2d95bd190740cfd6a1c08,ENQUEUED,0.3190245562926277,questions_in,fifo,uniform,0,0
2025-10-29T14:28:11.354882,PUBLISH,9cf82da74f7e454f943758da2399a8ff,68f2d95bd190740cfd6a207b,ENQUEUED,0.18494879969307065,questions_in,fifo,uniform,0,0
2025-10-29T14:28:11.564625,PUBLISH,7b3b331c8c054249b035c0494828c93c,68f2d95bd190740cfd6a366f,ENQUEUED,0.20669029283617785,questions_in,fifo,uniform,0,0
2025-10-29T14:28:11.820300,PUBLISH,ad72bc98f2ae4819b0046c56d55a9f51,68f2d95bd190740cfd6a23f1,ENQUEUED,0.2540146367373741,questions_in,fifo,uniform,0,0
2025-10-29T14:28:12.116553,PUBLISH,00851eb08b5c45cab64f46a0ae98de64,68f2d95bd190740cfd6a2d98,ENQUEUED,0.29390543647133827,questions_in,fifo,uniform,0,0
2025-10-29T14:28:12.250878,PUBLISH,06c8a8d7d88b43af9eaa4eed406dfb10,68f2d95bd190740cfd6a2573,ENQUEUED,0.13209157748209208,questions_in,fifo,uniform,0,0
2025-10-29T14:28:12.452552,PUBLISH,fa942eddc8de4f91a9e46c873b22e23d,68f2d95bd190740cfd6a2f26,ENQUEUED,0.19898264075049932,questions_in,fifo,uniform,0,0
2025-10-29T14:28:12.694211,PUBLISH,50bff95abb224068957e3cf88b414af9,68f2d95bd190740cfd6a2512,ENQUEUED,0.23948803719357123,questions_in,fifo,uniform,0,0
2025-10-29T14:28:13.022120,PUBLISH,5e7e6697663a4c7ab0b7e5cdb1757cca,68f2d95bd190740cfd6a3b6a,ENQUEUED,0.3258112395839503,questions_in,fifo,uniform,0,0
2025-10-29T14:28:13.273266,PUBLISH,4709eddf4b374c758ff66a5595f03a8d,68f2d95bd190740cfd6a36af,ENQUEUED,0.24932572133390615,questions_in,fifo,uniform,0,0
2025-10-29T14:28:13.608034,PUBLISH,f7ccc1007f7d4f8bba3c8b482f74a642,68f2d95bd190740cfd6a24e8,ENQUEUED,0.33208689365703337,questions_in,fifo,uniform,0,0
2025-10-29T14:28:14.042850,PUBLISH,4de90f9a657c4519b3b1bde47fe5e2b5,68f2d95bd190740cfd6a2d8f,ENQUEUED,0.43278535244687566,questions_in,fifo,uniform,0,0
2025-10-29T14:28:14.258639,PUBLISH,34df1fbcfa5b4e52a2b9f2bf1182151b,68f2d95bd190740cfd6a23f0,ENQUEUED,0.2140958226819838,questions_in,fifo,uniform,0,0
2025-10-29T14:28:14.657441,PUBLISH,6f3d056a7a534cd9b3a7083b6d4770db,68f2d95bd190740cfd6a304a,ENQUEUED,0.39665687790806015,questions_in,fifo,uniform,0,0
2025-10-29T14:28:14.812423,PUBLISH,8e1769f818ed40639588993f81507912,68f2d95bd190740cfd6a26df,ENQUEUED,0.1524776930345592,questions_in,fifo,uniform,0,0
2025-10-29T14:28:15.269270,PUBLISH,5e5bbbac37d54fe58a8bf706be91d803,68f2d95bd190740cfd6a3720,ENQUEUED,0.45439882941694276,questions_in,fifo,uniform,0,0
2025-10-29T14:28:15.738859,PUBLISH,288fe275ffe34822835112b39a613354,68f2d95bd190740cfd6a31a3,ENQUEUED,0.46760217625285205,questions_in,fifo,uniform,0,0
2025-10-29T14:28:16.047337,PUBLISH,119cf3a3ed43464a9e05f961915fbe78,68f2d95bd190740cfd6a3124,ENQUEUED,0.30527237803624924,questions_in,fifo,uniform,0,0
2025-10-29T14:28:16.363468,PUBLISH,4d6f7f388ffd45c59f73ade0ced187f7,68f2d95bd190740cfd6a3494,ENQUEUED,0.3135238395675418,questions_in,fifo,uniform,0,0
2025-10-29T14:28:16.547456,PUBLISH,95f41d9cf3984a20b5f3adc0a2e51b0f,68f2d95bd190740cfd6a2195,ENQUEUED,0.18146403495658914,questions_in,fifo,uniform,0,0
2025-10-29T14:28:16.749633,PUBLISH,b545b3cc58044cf0842af623ab072aa7,68f2d95bd190740cfd6a1da3,ENQUEUED,0.1992477109183609,questions_in,fifo,uniform,0,0
2025-10-29T14:28:17.186306,PUBLISH,6dd708cd2b9d481badd064511af17bc6,68f2d95bd190740cfd6a3125,ENQUEUED,0.4340580418932194,questions_in,fifo,uniform,0,0
2025-10-29T14:28:17.540324,PUBLISH,e9e58c6a357c47f989685d77fb83df27,68f2d95bd190740cfd6a3faf,ENQUEUED,0.35186773442577657,questions_in,fifo,uniform,0,0
2025-10-29T14:28:17.983225,PUBLISH,e3f316d23b1a40a4a969341567f3f851,68f2d95bd190740cfd6a2a20,ENQUEUED,0.4397059674221373,questions_in,fifo,uniform,0,0
2025-10-29T14:28:18.140516,PUBLISH,5a5e05ff280044828daeb764cf9b09a9,68f2d95bd190740cfd6a3631,ENQUEUED,0.15520587818981035,questions_in,fifo,uniform,0,0
2025-10-29T14:28:18.505814,PUBLISH,871a798a38cf4cd8a922117c42b0c1d3,68f2d95bd190740cfd6a3619,ENQUEUED,0.36326805402560547,questions_in,fifo,uniform,0,0
2025-10-29T14:28:19.004512,PUBLISH,3db3eb9335374efabe6577e488b1b7e1,68f2d95bd190740cfd6a3249,ENQUEUED,0.4963332252436642,questions_in,fifo,uniform,0,0
2025-10-29T14:28:19.422337,PUBLISH,fa4a333688384150b9650130007234cb,68f2d95bd190740cfd6a3920,ENQUEUED,0.41493412197779744,questions_in,fifo,uniform,0,0
2025-10-29T14:28:19.545772,PUBLISH,5274233b19644a1c81c8b40d7f7ea5f3,68f2d95bd190740cfd6a3844,ENQUEUED,0.12076688559755176,questions_in,fifo,uniform,0,0
2025-10-29T14:28:19.797694,PUBLISH,211236eb7bb24a5dbec6b85b861592ad,68f2d95bd190740cfd6a2965,ENQUEUED,0.24930607822254044,questions_in,fifo,uniform,0,0
2025-10-29T14:28:20.028606,PUBLISH,69e266bff039443aba2416065ee2addc,68f2d95bd190740cfd6a2d5a,ENQUEUED,0.22780743498310954,questions_in,fifo,uniform,0,0
2025-10-29T14:28:20.267467,PUBLISH,40ea06655a2748b5b448ccc8a212b768,68f2d95bd190740cfd6a26ec,ENQUEUED,0.236567730062055,questions_in,fifo,uniform,0,0
2025-10-29T14:28:20.752359,PUBLISH,3dc8b629e7ec4797b7263583f9f6e751,68f2d95bd190740cfd6a38d9,ENQUEUED,0.4828202401159035,questions_in,fifo,uniform,0,0
2025-10-29T14:28:20.986112,PUBLISH,5842dba7369c41e68f9257cf51a35bbc,68f2d95bd190740cfd6a28eb,ENQUEUED,0.232088662126949,questions_in,fifo,uniform,0,0
2025-10-29T14:28:21.185822,PUBLISH,b358b9ef2dea4b68b95b6513af04e724,68f2d95bd190740cfd6a2619,ENQUEUED,0.1979551058695512,questions_in,fifo,uniform,0,0
2025-10-29T14:28:21.314210,PUBLISH,339bc1deab374fb2b69d23c4b849099c,68f2d95bd190740cfd6a2377,ENQUEUED,0.12502373670551156,questions_in,fifo,uniform,0,0
2025-10-29T14:28:21.479676,PUBLISH,24ec1e4ec4804de8a3ad85c6e0163118,68f2d95bd190740cfd6a3081,ENQUEUED,0.1609168268486736,questions_in,fifo,uniform,0,0
2025-10-29T14:28:21.820608,PUBLISH,441be82a3e4640f38fcc5a5e70e7f940,68f2d95bd190740cfd6a2114,ENQUEUED,0.33868859085335107,questions_in,fifo,uniform,0,0
2025-10-29T14:28:22.280386,PUBLISH,e93609131b00490892cfd76b4c77616d,68f2d95bd190740cfd6a37ce,ENQUEUED,0.45666202477131945,questions_in,fifo,uniform,0,0
2025-10-29T14:28:22.672186,PUBLISH,087b3c8ce5564d3481b585649fd09178,68f2d95bd190740cfd6a3af6,ENQUEUED,0.3896167336580475,questions_in,fifo,uniform,0,0
2025-10-29T14:28:22.903696,PUBLISH,ba871412462f4c2d922c15f7f6af4d99,68f2d95bd190740cfd6a1b7f,ENQUEUED,0.2295038663034537,questions_in,fifo,uniform,0,0
2025-10-29T14:28:23.405188,PUBLISH,9236e0f1264942d88152e9638540931e,68f2d95bd190740cfd6a32ae,ENQUEUED,0.4997133677029567,questions_in,fifo,uniform,0,0
2025-10-29T14:28:23.670728,PUBLISH,27039144382048d09e358b0332de6bda,68f2d95bd190740cfd6a3814,ENQUEUED,0.26364223398546394,questions_in,fifo,uniform,0,0
2025-10-29T14:28:23.825948,PUBLISH,b6bddda1ed39497ab1a8005b25805b57,68f2d95bd190740cfd6a1f33,ENQUEUED,0.1521705699781558,questions_in,fifo,uniform,0,0
2025-10-29T14:28:24.194562,PUBLISH,7213d2e512834cd0a8b8400322d26162,68f2d95bd190740cfd6a21b9,ENQUEUED,0.36510228926592425,questions_in,fifo,uniform,0,0
2025-10-29T14:28:24.397262,PUBLISH,9dc0a38f3d6c4b469896bdb71784bbbc,68f2d95bd190740cfd6a40c1,ENQUEUED,0.20023091584305483,questions_in,fifo,uniform,0,0
2025-10-29T14:28:24.716254,PUBLISH,01b253ecd9d74893ac567a709a8ee45b,68f2d95bd190740cfd6a1e95,ENQUEUED,0.31603505040936253,questions_in,fifo,uniform,0,0
2025-10-29T14:28:25.205309,PUBLISH,12a5a0d828f641d5b8acbeebd448c776,68f2d95bd190740cfd6a3793,ENQUEUED,0.4859874368078001,questions_in,fifo,uniform,0,0
2025-10-29T14:28:25.458627,PUBLISH,6434625ad46e44a482ce7a337c63b2b3,68f2d95bd190740cfd6a3a4a,ENQUEUED,0.25083887415886597,questions_in,fifo,uniform,0,0
2025-10-29T14:28:25.591170,PUBLISH,d7602e2f7a9d4cf7acd4a1b053f1df90,68f2d95bd190740cfd6a2e92,ENQUEUED,0.13044503052992412,questions_in,fifo,uniform,0,0
2025-10-29T14:28:25.728591,PUBLISH,0517783452a7491fb580e871681ac1ea,68f2d95bd190740cfd6a22f6,ENQUEUED,0.13424530382374944,questions_in,fifo,uniform,0,0
2025-10-29T14:28:26.132444,PUBLISH,ddb9e3bcc6c241038d7d6faa7cf5193a,68f2d95bd190740cfd6a1c90,ENQUEUED,0.4012310472924788,questions_in,fifo,uniform,0,0
2025-10-29T14:28:26.571386,PUBLISH,f0fb9966c80e4324ae2204ab27369c41,68f2d95bd190740cfd6a3870,ENQUEUED,0.43606749598613437,questions_in,fifo,uniform,0,0
2025-10-29T14:28:26.891139,PUBLISH,91c6dd6c4f994008adc212cc74dcdc44,68f2d95bd190740cfd6a2134,ENQUEUED,0.31765976641733207,questions_in,fifo,uniform,0,0
2025-10-29T14:28:27.331821,PUBLISH,f686f33c264b446c808d36422b3de8ea,68f2d95bd190740cfd6a3b33,ENQUEUED,0.43708070265671506,questions_in,fifo,uniform,0,0
2025-10-29T14:28:27.544060,PUBLISH,9f0612c72eeb45d78c45188a5329e983,68f2d95bd190740cfd6a3d5c,ENQUEUED,0.20907439910514625,questions_in,fifo,uniform,0,0
2025-10-29T14:28:27.982616,PUBLISH,027afa4ae2f0414ca54d7a32afc6ea18,68f2d95bd190740cfd6a333e,ENQUEUED,0.43628091135189184,questions_in,fifo,uniform,0,0
2025-10-29T14:28:28.400706,PUBLISH,3854d986e18e42779c060785e04b92d3,68f2d95bd190740cfd6a3930,ENQUEUED,0.4156234612346341,questions_in,fifo,uniform,0,0
2025-10-29T14:28:28.880053,PUBLISH,42710ebd49f0463f82d0c43d8dec3f66,68f2d95bd190740cfd6a29d5,ENQUEUED,0.47661297410323833,questions_in,fifo,uniform,0,0
2025-10-29T14:28:29.369454,PUBLISH,ab4ec74345554952a54181af3b750eb2,68f2d95bd190740cfd6a3258,ENQUEUED,0.48692936423605027,questions_in,fifo,uniform,0,0
2025-10-29T14:28:29.525942,PUBLISH,ae5bb6335c474c19a06ff5b683158fe5,68f2d95bd190740cfd6a1ec3,ENQUEUED,0.1532245468915856,questions_in,fifo,uniform,0,0
2025-10-29T14:28:29.923063,PUBLISH,d44a60d10aed4ffa87f7e031e4869ea9,68f2d95bd190740cfd6a26b9,ENQUEUED,0.39499522981841284,questions_in,fifo,uniform,0,0
2025-10-29T14:28:30.337203,PUBLISH,f241dc46561a43da82c5fcca0471a19b,68f2d95bd190740cfd6a2827,ENQUEUED,0.4114851081262092,questions_in,fifo,uniform,0,0
2025-10-29T14:28:30.619770,PUBLISH,bc6798e813a84969b5fa1e53cf02983d,68f2d95bd190740cfd6a3fa5,ENQUEUED,0.28039200630791467,questions_in,fifo,uniform,0,0
2025-10-29T14:28:30.843381,PUBLISH,9385af04e7cc41f9bbdb1f68fb429487,68f2d95bd190740cfd6a345e,ENQUEUED,0.22053291427231614,questions_in,fifo,uniform,0,0
2025-10-29T14:28:31.259273,PUBLISH,7da94bff4d994d61bb2a9d5bbc1bc5cd,68f2d95bd190740cfd6a318c,ENQUEUED,0.4124315584583804,questions_in,fifo,uniform,0,0
2025-10-29T14:28:31.684298,PUBLISH,78e4a77ac25a46389723b2448aac5c8d,68f2d95bd190740cfd6a2fe4,ENQUEUED,0.42285726156018577,questions_in,fifo,uniform,0,0
2025-10-29T14:28:32.049373,PUBLISH,e609982fbc784de8b97405dcdcc7e65d,68f2d95bd190740cfd6a2692,ENQUEUED,0.3630045125981455,questions_in,fifo,uniform,0,0
2025-10-29T14:28:32.500919,PUBLISH,f2903785310340a58d91003288c36507,68f2d95bd190740cfd6a3c2b,ENQUEUED,0.44922081405084924,questions_in,fifo,uniform,0,0
2025-10-29T14:28:32.613768,PUBLISH,b92ff561b7b941dbaf17ec9d148b00f8,68f2d95bd190740cfd6a3494,ENQUEUED,0.11082830475365175,questions_in,fifo,uniform,0,0
2025-10-29T14:28:33.094408,PUBLISH,276539c03fe6440798ac91c2ee421f87,68f2d95bd190740cfd6a1d21,ENQUEUED,0.477626155699431,questions_in,fifo,uniform,0,0
2025-10-29T14:28:33.486272,PUBLISH,841d2046cd54426fa8b477785d83b402,68f2d95bd190740cfd6a1c96,ENQUEUED,0.3891222348854342,questions_in,fifo,uniform,0,0
2025-10-29T14:28:33.803591,PUBLISH,85cdb09eb66d47d9a1696399afb46d68,68f2d95bd190740cfd6a300a,ENQUEUED,0.31541135045711366,questions_in,fifo,uniform,0,0
2025-10-29T14:28:34.299749,PUBLISH,801f63277a394797a76db4e46362c921,68f2d95bd190740cfd6a1bf1,ENQUEUED,0.49340151812816313,questions_in,fifo,uniform,0,0
2025-10-29T14:28:34.610253,PUBLISH,7774bc04fada4c30b41d54ecc93607c1,68f2d95bd190740cfd6a3193,ENQUEUED,0.30758244176978056,questions_in,fifo,uniform,0,0
2025-10-29T14:28:34.927742,PUBLISH,c16811740cbd4f5694943266f92391cb,68f2d95bd190740cfd6a4131,ENQUEUED,0.3139193183125393,questions_in,fifo,uniform,0,0
2025-10-29T14:28:35.390796,PUBLISH,688893b0eece4decb5e32210ae446d2e,68f2d95bd190740cfd6a2c68,ENQUEUED,0.45942812621373186,questions_in,fifo,uniform,0,0
2025-10-29T14:28:35.592674,PUBLISH,a82dd1ca413b473c833a787dbc0c41cc,68f2d95bd190740cfd6a20aa,ENQUEUED,0.198594850381969,questions_in,fifo,uniform,0,0
2025-10-29T14:28:35.741620,PUBLISH,86c9246e7b9e410fb36165d941c891a9,68f2d95bd190740cfd6a1b6c,ENQUEUED,0.14645367221979708,questions_in,fifo,uniform,0,0
2025-10-29T14:28:36.202758,PUBLISH,79db596fc0f546619a1c3d79afe2ae4f,68f2d95bd190740cfd6a26b5,ENQUEUED,0.45838786466355264,questions_in,fifo,uniform,0,0
2025-10-29T14:28:36.419569,PUBLISH,c0026454eb234d7d9a92ddcfa7239c41,68f2d95bd190740cfd6a3d9a,ENQUEUED,0.2150016287006643,questions_in,fifo,uniform,0,0
2025-10-29T14:28:36.757631,PUBLISH,6806e6d43af04e93832d4a54b3aa5d97,68f2d95bd190740cfd6a2391,ENQUEUED,0.3338798918152992,questions_in,fifo,uniform,0,0
2025-10-29T14:28:36.864276,PUBLISH,0fd41f9da21243709291f0175b325d0b,68f2d95bd190740cfd6a3fa8,ENQUEUED,0.10450422606150554,questions_in,fifo,uniform,0,0
2025-10-29T14:28:37.326949,PUBLISH,997e8935d7c94e38b6fea1f5e1902d87,68f2d95bd190740cfd6a2429,ENQUEUED,0.4591573340430938,questions_in,fifo,uniform,0,0
2025-10-29T14:28:37.706839,PUBLISH,2ded097caaec4ec5b99b9d958ad97e9d,68f2d95bd190740cfd6a36b8,ENQUEUED,0.37622167168459575,questions_in,fifo,uniform,0,0
2025-10-29T14:28:38.127760,PUBLISH,9d229219174a46688317f84b42a1d087,68f2d95bd190740cfd6a220d,ENQUEUED,0.417310987183406,questions_in,fifo,uniform,0,0
2025-10-29T14:28:38.567675,PUBLISH,0aa00185a8414fe394b9fb2425b9279c,68f2d95bd190740cfd6a390a,ENQUEUED,0.4380142048293447,questions_in,fifo,uniform,0,0
2025-10-29T14:28:38.982383,PUBLISH,2bdbe9dbc77042fdb8ac1a32f0b2c081,68f2d95bd190740cfd6a3249,ENQUEUED,0.41271394753686297,questions_in,fifo,uniform,0,0
2025-10-29T14:28:39.139847,PUBLISH,f860e87116294aceb72d53b9443f8023,68f2d95bd190740cfd6a1ce4,ENQUEUED,0.1546508135375435,questions_in,fifo,uniform,0,0
2025-10-29T14:28:39.402742,PUBLISH,ef2eac8736b34a3b8a24f317a897cc7a,68f2d95bd190740cfd6a34a3,ENQUEUED,0.2610365073419783,questions_in,fifo,uniform,0,0
2025-10-29T14:28:39.761254,PUBLISH,e9590d879ef3492ba582ccfb05ae50e6,68f2d95bd190740cfd6a1e25,ENQUEUED,0.35618756837100707,questions_in,fifo,uniform,0,0
2025-10-29T14:28:40.260990,PUBLISH,0258f90b40b54d49b8cd759b50a892b7,68f2d95bd190740cfd6a3124,ENQUEUED,0.4971205417817971,questions_in,fifo,uniform,0,0
2025-10-29T14:28:40.584219,PUBLISH,74af0aa8374c4f16b4c8ef6973249b2f,68f2d95bd190740cfd6a2315,ENQUEUED,0.32108286665840846,questions_in,fifo,uniform,0,0
2025-10-29T14:28:40.954073,PUBLISH,90c0ffc0be554ba5851db1b8a6e94469,68f2d95bd190740cfd6a33f4,ENQUEUED,0.36764961796100304,questions_in,fifo,uniform,0,0
2025-10-29T14:28:41.386226,PUBLISH,fed31bad1472470ea6fcbbc19bda2555,68f2d95bd190740cfd6a4068,ENQUEUED,0.4296086473246057,questions_in,fifo,uniform,0,0
2025-10-29T14:28:41.535316,PUBLISH,f0d272091c8a48c480a82ebc150d511e,68f2d95bd190740cfd6a3a9e,ENQUEUED,0.14702569442735852,questions_in,fifo,uniform,0,0
2025-10-29T14:28:41.863880,PUBLISH,b571b98de2dd4933ae830b8a119a51e6,68f2d95bd190740cfd6a37f0,ENQUEUED,0.3260934305339285,questions_in,fifo,uniform,0,0
2025-10-29T14:28:42.159611,PUBLISH,a38d70d1bd0e49eca22da5bc9bae538a,68f2d95bd190740cfd6a1de8,ENQUEUED,0.2930453916951138,questions_in,fifo,uniform,0,0
2025-10-29T14:28:42.566673,PUBLISH,53d7674147ed446496d5e0eb15fc9e3b,68f2d95bd190740cfd6a24e5,ENQUEUED,0.4050513717383104,questions_in,fifo,uniform,0,0
2025-10-29T14:28:42.862051,PUBLISH,43afd9160cd04bbb9ca8b6a04336fea7,68f2d95bd190740cfd6a3ff8,ENQUEUED,0.29320099365655883,questions_in,fifo,uniform,0,0
2025-10-29T14:28:43.187611,PUBLISH,f1c9157dc4b2410b811a59bd94a29bdb,68f2d95bd190740cfd6a2c1a,ENQUEUED,0.32343720897113803,questions_in,fifo,uniform,0,0
2025-10-29T14:28:43.292422,PUBLISH,9463c52b8bed40f3bce755ceccc95356,68f2d95bd190740cfd6a1e08,ENQUEUED,0.10183835179127598,questions_in,fifo,uniform,0,0
2025-10-29T14:28:43.720254,PUBLISH,4eb913ef1f1f465da0d92d893f3d7164,68f2d95bd190740cfd6a25ad,ENQUEUED,0.4249761429341604,questions_in,fifo,uniform,0,0
2025-10-29T14:28:44.006436,PUBLISH,e51f5e07361c4640923f2107b3a76fc1,68f2d95bd190740cfd6a2235,ENQUEUED,0.28310804029659736,questions_in,fifo,uniform,0,0
2025-10-29T14:28:44.423054,PUBLISH,944200d9c2d7491bacc651c816a96062,68f2d95bd190740cfd6a23f8,ENQUEUED,0.41321552613704193,questions_in,fifo,uniform,0,0
2025-10-29T14:28:44.590818,PUBLISH,e49e333ecc3848fea6acf0d417cd3f52,68f2d95bd190740cfd6a20af,ENQUEUED,0.16489200220253908,questions_in,fifo,uniform,0,0
2025-10-29T14:28:44.694897,PUBLISH,d5afbea1f0ba48aaa77654556bf362cd,68f2d95bd190740cfd6a1bcd,ENQUEUED,0.10181670775676932,questions_in,fifo,uniform,0,0
2025-10-29T14:28:44.846379,PUBLISH,a949587c0c78402393eb67418eb7da66,68f2d95bd190740cfd6a3610,ENQUEUED,0.14961382194628425,questions_in,fifo,uniform,0,0
2025-10-29T14:28:44.974262,PUBLISH,06ae48f1791b4522864d9854973759be,68f2d95bd190740cfd6a32d5,ENQUEUED,0.1252908029033217,questions_in,fifo,uniform,0,0
2025-10-29T14:28:45.456164,PUBLISH,cb69e6bdc3aa4e1ab66e8350b0660b52,68f2d95bd190740cfd6a2981,ENQUEUED,0.4780103519791591,questions_in,fifo,uniform,0,0
2025-10-29T14:28:45.573581,PUBLISH,a4d3d1c83e0946a6960c79d538e20627,68f2d95bd190740cfd6a2edd,ENQUEUED,0.113376399061909,questions_in,fifo,uniform,0,0
2025-10-29T14:28:45.891343,PUBLISH,0a9ab8f86a0d40129aa9c804453ab83e,68f2d95bd190740cfd6a3b65,ENQUEUED,0.3130538039510865,questions_in,fifo,uniform,0,0
2025-10-29T14:28:46.001851,PUBLISH,dd3b1517a7644f42be41b8fdcb37e0f7,68f2d95bd190740cfd6a2e6b,ENQUEUED,0.10821985800710761,questions_in,fifo,uniform,0,0
2025-10-29T14:28:46.406593,PUBLISH,f46ddf62253244a1a341a8a3698e22f9,68f2d95bd190740cfd6a1c46,ENQUEUED,0.40119011466799004,questions_in,fifo,uniform,0,0
2025-10-29T14:28:46.878662,PUBLISH,ce831c283f43407e8d5cea4772407f6f,68f2d95bd190740cfd6a1b31,ENQUEUED,0.46913620376583176,questions_in,fifo,uniform,0,0
2025-10-29T14:28:47.377105,PUBLISH,be9119fa387947aba9a3344a231d1ec1,68f2d95bd190740cfd6a3ea6,ENQUEUED,0.4958137926138204,questions_in,fifo,uniform,0,0
2025-10-29T14:28:47.538572,PUBLISH,7350db94ec4f417f8b9643b03da43b26,68f2d95bd190740cfd6a37d1,ENQUEUED,0.15838799654660238,questions_in,fifo,uniform,0,0
2025-10-29T14:28:47.754889,PUBLISH,941a2614412742cfb040ecc94a8dcf6e,68f2d95bd190740cfd6a2697,ENQUEUED,0.20031029671065415,questions_in,fifo,uniform,0,0
2025-10-29T14:28:48.116506,PUBLISH,614b72e5774b4dc48f244cdfc96804c8,68f2d95bd190740cfd6a28f8,ENQUEUED,0.35979391154525264,questions_in,fifo,uniform,0,0
2025-10-29T14:28:48.511526,PUBLISH,d653f843d51140ab857bf01da74c39ae,68f2d95bd190740cfd6a2c28,ENQUEUED,0.3921442144023479,questions_in,fifo,uniform,0,0
2025-10-29T14:28:48.954929,PUBLISH,9d624c21cb0a4f41a194cf95185c8d2f,68f2d95bd190740cfd6a2ab4,ENQUEUED,0.4405388623741492,questions_in,fifo,uniform,0,0
2025-10-29T14:28:49.119831,PUBLISH,7b96d5a28f71412abd0da3ff57dd75ab,68f2d95bd190740cfd6a3ec5,ENQUEUED,0.16282797595362597,questions_in,fifo,uniform,0,0
2025-10-29T14:28:49.276362,PUBLISH,0f7ecb8be26a456faa76b8c2c4a2c6c7,68f2d95bd190740cfd6a3251,ENQUEUED,0.1538263173892902,questions_in,fifo,uniform,0,0
2025-10-29T14:28:49.657125,PUBLISH,be7f0afee8c442b28f2a02c741585f19,68f2d95bd190740cfd6a4038,ENQUEUED,0.3778384669871413,questions_in,fifo,uniform,0,0
2025-10-29T14:28:49.829874,PUBLISH,7edc9c93943947ba9f4c6c6c7dfd2ae8,68f2d95bd190740cfd6a3360,ENQUEUED,0.17077619699062846,questions_in,fifo,uniform,0,0
2025-10-29T14:28:50.288073,PUBLISH,063c4073edf94a14b6d2920d39ce818c,68f2d95bd190740cfd6a3e95,ENQUEUED,0.45448512724965195,questions_in,fifo,uniform,0,0
2025-10-29T14:28:50.642217,PUBLISH,a740224c4715427db3cf8a94b0d8b6fb,68f2d95bd190740cfd6a1e16,ENQUEUED,0.3516500922771998,questions_in,fifo,uniform,0,0
2025-10-29T14:28:50.890209,PUBLISH,5e89ed264c3240808a39b53a3d5fa7a9,68f2d95bd190740cfd6a3538,ENQUEUED,0.24523429684676362,questions_in,fifo,uniform,0,0
2025-10-29T14:28:51.324368,PUBLISH,f3461aa56dd34fe2bacc9bccbf899a7c,68f2d95bd190740cfd6a3121,ENQUEUED,0.43100378892329416,questions_in,fifo,uniform,0,0
2025-10-29T14:28:51.478119,PUBLISH,898155288d0b46568f35cd7710bcb4f2,68f2d95bd190740cfd6a2476,ENQUEUED,0.15138557863560057,questions_in,fifo,uniform,0,0
2025-10-29T14:28:51.688954,PUBLISH,622f897a82474526a3b8588e14faed57,68f2d95bd190740cfd6a35db,ENQUEUED,0.20736940727560707,questions_in,fifo,uniform,0,0
2025-10-29T14:28:52.191400,PUBLISH,44fb3ad47f134c628f57418ef267f5ab,68f2d95bd190740cfd6a4111,ENQUEUED,0.49905121766832394,questions_in,fifo,uniform,0,0
2025-10-29T14:28:52.382109,PUBLISH,5b5721ae2cca4f85af8814536cddfdfb,68f2d95bd190740cfd6a283c,ENQUEUED,0.188142988908692,questions_in,fifo,uniform,0,0
2025-10-29T14:28:52.709978,PUBLISH,895ecb16597b4742aafd52167232e2d7,68f2d95bd190740cfd6a3672,ENQUEUED,0.32459008177399684,questions_in,fifo,uniform,0,0
2025-10-29T14:28:53.114728,PUBLISH,7b967b7b0349482297ac398e611d5f4f,68f2d95bd190740cfd6a396f,ENQUEUED,0.40311451889669836,questions_in,fifo,uniform,0,0
2025-10-29T14:28:53.529517,PUBLISH,3393e2cc122948dd9110635031afd623,68f2d95bd190740cfd6a2ae0,ENQUEUED,0.4126808236244004,questions_in,fifo,uniform,0,0
2025-10-29T14:28:53.946282,PUBLISH,4a7b791c1e2b46cdbbb80d14941c9988,68f2d95bd190740cfd6a40ae,ENQUEUED,0.4147113139958788,questions_in,fifo,uniform,0,0
2025-10-29T14:28:54.109019,PUBLISH,49d0121c827145ce9623e0218a61d90e,68f2d95bd190740cfd6a3791,ENQUEUED,0.15994615271769055,questions_in,fifo,uniform,0,0
2025-10-29T14:28:54.526625,PUBLISH,f561e0473e924edb831e00022a403422,68f2d95bd190740cfd6a2b0b,ENQUEUED,0.4151316850390512,questions_in,fifo,uniform,0,0
2025-10-29T14:28:54.748793,PUBLISH,2f58fc86b8e94c7698750175c6f19a9a,68f2d95bd190740cfd6a26e4,ENQUEUED,0.22005039116084646,questions_in,fifo,uniform,0,0
2025-10-29T14:28:54.999222,PUBLISH,934c7c74585d4ddd8f2c826ce19701e0,68f2d95bd190740cfd6a4180,ENQUEUED,0.2483622273187375,questions_in,fifo,uniform,0,0
2025-10-29T14:28:55.210943,PUBLISH,866178397965439a8c1c7b474825b96f,68f2d95bd190740cfd6a3134,ENQUEUED,0.20984157738997578,questions_in,fifo,uniform,0,0
2025-10-29T14:28:55.708035,PUBLISH,722821cae67b4b86a4280fa06e717221,68f2d95bd190740cfd6a2999,ENQUEUED,0.4945045597787133,questions_in,fifo,uniform,0,0
2025-10-29T14:28:56.072170,PUBLISH,7c0b9da4c27b4430a80b287fa7ed8e8c,68f2d95bd190740cfd6a364f,ENQUEUED,0.3613241852197504,questions_in,fifo,uniform,0,0
2025-10-29T14:28:56.359024,PUBLISH,2867d88be8124d4d98cba8a0577507d2,68f2d95bd190740cfd6a349c,ENQUEUED,0.2843807790870587,questions_in,fifo,uniform,0,0
2025-10-29T14:28:56.711446,PUBLISH,f551e835ef36487284888497a3bb4ffe,68f2d95bd190740cfd6a407d,ENQUEUED,0.3505723656908081,questions_in,fifo,uniform,0,0
2025-10-29T14:28:57.103766,PUBLISH,45d412dc7e8c48e58f20a8f2833a3787,68f2d95bd190740cfd6a1d35,ENQUEUED,0.38932000825151747,questions_in,fifo,uniform,0,0
2025-10-29T14:28:57.328509,PUBLISH,03e6b0d69c844c499cdee66b5b232bc7,68f2d95bd190740cfd6a3bfc,ENQUEUED,0.2222375288069514,questions_in,fifo,uniform,0,0
2025-10-29T14:28:57.598628,PUBLISH,1e77f8f530ee4e65812358f844320b65,68f2d95bd190740cfd6a28b2,ENQUEUED,0.26825672697111647,questions_in,fifo,uniform,0,0
2025-10-29T14:28:58.022946,PUBLISH,85f516e857fc4bc1b030030b47bd167d,68f2d95bd190740cfd6a244d,ENQUEUED,0.42034438077584746,questions_in,fifo,uniform,0,0
2025-10-29T14:28:58.174220,PUBLISH,be56431f902f4e5dacc1e8c08161877b,68f2d95bd190740cfd6a366b,ENQUEUED,0.14902802903782272,questions_in,fifo,uniform,0,0
2025-10-29T14:28:58.558866,PUBLISH,a1e16c321c744ba2b1ce71ee7e27a23a,68f2d95bd190740cfd6a2046,ENQUEUED,0.38212691261985976,questions_in,fifo,uniform,0,0
2025-10-29T14:28:58.854580,PUBLISH,f0f68199cc394041863a5e538f4a3ec6,68f2d95bd190740cfd6a3781,ENQUEUED,0.29265406514708314,questions_in,fifo,uniform,0,0
2025-10-29T14:28:59.030727,PUBLISH,4dc9c3f49f9b4e2094681cc16ac03a4b,68f2d95bd190740cfd6a22a6,ENQUEUED,0.1727545179738434,questions_in,fifo,uniform,0,0
2025-10-29T14:28:59.488544,PUBLISH,9c5b18d6d0024de091d38cb7ca7d232a,68f2d95bd190740cfd6a212e,ENQUEUED,0.45523290766326663,questions_in,fifo,uniform,0,0
2025-10-29T14:28:59.808002,PUBLISH,6e66723ee97f4c6a86b2da705e4e1ac1,68f2d95bd190740cfd6a2cde,ENQUEUED,0.31558950757935067,questions_in,fifo,uniform,0,0
2025-10-29T14:29:00.142637,PUBLISH,62683ebfce6e45369041ce55d7d0d2c7,68f2d95bd190740cfd6a38b8,ENQUEUED,0.3317091365113384,questions_in,fifo,uniform,0,0
2025-10-29T14:29:00.571516,PUBLISH,5cdb2219ded2424a9844f2887df5ec48,68f2d95bd190740cfd6a32d6,ENQUEUED,0.42618706140940477,questions_in,fifo,uniform,0,0
2025-10-29T14:29:00.937747,PUBLISH,6b458295444c48f0a2a99e4592e6ec2b,68f2d95bd190740cfd6a24a0,ENQUEUED,0.36232909095936294,questions_in,fifo,uniform,0,0
2025-10-29T14:29:01.298261,PUBLISH,a707b9eaadbf46efa72475a46f2bf924,68f2d95bd190740cfd6a2069,ENQUEUED,0.35850120972950084,questions_in,fifo,uniform,0,0
2025-10-29T14:29:01.723372,PUBLISH,543831264d3f49ffb54adf26ad91b4ba,68f2d95bd190740cfd6a1f90,ENQUEUED,0.42176230989681196,questions_in,fifo,uniform,0,0
2025-10-29T14:29:02.196393,PUBLISH,32426f6586c44d0388c3085c6b6a371b,68f2d95bd190740cfd6a2bd8,ENQUEUED,0.4707321543888391,questions_in,fifo,uniform,0,0
2025-10-29T14:29:02.382818,PUBLISH,8eb72389ed0b440a94773f466bab18fb,68f2d95bd190740cfd6a1f44,ENQUEUED,0.18437897694416627,questions_in,fifo,uniform,0,0
2025-10-29T14:29:02.750093,PUBLISH,705825479d2c4f9c9a4acbb555ab60d1,68f2d95bd190740cfd6a3f58,ENQUEUED,0.36503911859007776,questions_in,fifo,uniform,0,0
2025-10-29T14:29:03.074316,PUBLISH,87add067885348d2a1df1d7850b23851,68f2d95bd190740cfd6a304e,ENQUEUED,0.3217369122219625,questions_in,fifo,uniform,0,0
2025-10-29T14:29:03.245679,PUBLISH,37d4a8a2a4af43daba58db08de60c3cb,68f2d95bd190740cfd6a2f48,ENQUEUED,0.16953202964908637,questions_in,fifo,uniform,0,0
2025-10-29T14:29:03.653225,PUBLISH,0ca01eda3c624a7b96a633d1f30c8b9a,68f2d95bd190740cfd6a22c1,ENQUEUED,0.403677319995277,questions_in,fifo,uniform,0,0
2025-10-29T14:29:03.767273,PUBLISH,d8bb7b3bbb5d44969f2231f4e809fb87,68f2d95bd190740cfd6a2dcd,ENQUEUED,0.11186748910100866,questions_in,fifo,uniform,0,0
2025-10-29T14:29:03.928499,PUBLISH,b82078d043ab44729fbdf46aa8e53e72,68f2d95bd190740cfd6a3f86,ENQUEUED,0.15915088670322267,questions_in,fifo,uniform,0,0
2025-10-29T14:29:04.262483,PUBLISH,af2794e95c62431896533bc29b2e2204,68f2d95bd190740cfd6a1cc5,ENQUEUED,0.3319828829467116,questions_in,fifo,uniform,0,0
2025-10-29T14:29:04.690884,PUBLISH,ac80276356a841d9844bab3175f885fa,68f2d95bd190740cfd6a2949,ENQUEUED,0.4250748297091417,questions_in,fifo,uniform,0,0
2025-10-29T14:29:04.915631,PUBLISH,7eaf9da5181b4c1e82f8de0606280e0a,68f2d95bd190740cfd6a3307,ENQUEUED,0.22210777036134358,questions_in,fifo,uniform,0,0
2025-10-29T14:29:05.076644,PUBLISH,7ab35997291244278572efc8f791e7cb,68f2d95bd190740cfd6a2a31,ENQUEUED,0.15862663735008686,questions_in,fifo,uniform,0,0
2025-10-29T14:29:05.315184,PUBLISH,cb1ed79e679646ffbc346f87995eacdc,68f2d95bd190740cfd6a2eba,ENQUEUED,0.2365553261526345,questions_in,fifo,uniform,0,0
2025-10-29T14:29:05.425290,PUBLISH,3886816cd1df4e5ebde82f072a6fd786,68f2d95bd190740cfd6a3b14,ENQUEUED,0.10740545406522961,questions_in,fifo,uniform,0,0
2025-10-29T14:29:05.643461,PUBLISH,17c3638a91ca4dd69f2cf82fce217cd6,68f2d95bd190740cfd6a2c01,ENQUEUED,0.21492677819675088,questions_in,fifo,uniform,0,0
2025-10-29T14:29:06.109795,PUBLISH,68d1614011fc42c5808d295883c8d095,68f2d95bd190740cfd6a20e2,ENQUEUED,0.4640890507001444,questions_in,fifo,uniform,0,0
2025-10-29T14:29:06.608530,PUBLISH,ab9a7f1d6daf481396fc9687a6274297,68f2d95bd190740cfd6a201c,ENQUEUED,0.4970316929264098,questions_in,fifo,uniform,0,0
2025-10-29T14:29:06.842910,PUBLISH,6ddaa232a2a64416aca53bdebf2bc3b1,68f2d95bd190740cfd6a3cf3,ENQUEUED,0.2318722305947358,questions_in,fifo,uniform,0,0
2025-10-29T14:29:07.143533,PUBLISH,4d03a840e3714c94b78a5159035289f3,68f2d95bd190740cfd6a266d,ENQUEUED,0.2986704381721013,questions_in,fifo,uniform,0,0
2025-10-29T14:29:07.629707,PUBLISH,827f4cb768d341ad8b9453f5326e7a93,68f2d95bd190740cfd6a33a9,ENQUEUED,0.4825945392492902,questions_in,fifo,uniform,0,0
2025-10-29T14:29:07.822198,PUBLISH,69f8c3c4fb7748db896634bb8714fbcd,68f2d95bd190740cfd6a32fc,ENQUEUED,0.1891485418874281,questions_in,fifo,uniform,0,0
2025-10-29T14:29:08.162211,PUBLISH,1838a3ff20fc40abb420cf38b4aa5a95,68f2d95bd190740cfd6a27c6,ENQUEUED,0.33728944989004894,questions_in,fifo,uniform,0,0
2025-10-29T14:29:08.620404,PUBLISH,b9afe7d782ef4b7bbdc1ae2395787bb5,68f2d95bd190740cfd6a415d,ENQUEUED,0.4536458995183159,questions_in,fifo,uniform,0,0
2025-10-29T14:29:08.867458,PUBLISH,fc1f973d6c714d75ae1474a2b2b30766,68f2d95bd190740cfd6a3f52,ENQUEUED,0.24400879465122938,questions_in,fifo,uniform,0,0
2025-10-29T14:29:09.315058,PUBLISH,ff2b761c3c0042379ea6faea74733c0b,68f2d95bd190740cfd6a2b04,ENQUEUED,0.4451042790501276,questions_in,fifo,uniform,0,0
2025-10-29T14:29:09.461780,PUBLISH,7b6b229c00c1468c916c19b674003a76,68f2d95bd190740cfd6a2a5b,ENQUEUED,0.14475020651141535,questions_in,fifo,uniform,0,0
2025-10-29T14:29:09.896682,PUBLISH,e9cee5e1bf9a4752a2dcab78ad6c37ed,68f2d95bd190740cfd6a28e6,ENQUEUED,0.4332369292780339,questions_in,fifo,uniform,0,0
2025-10-29T14:29:10.218874,PUBLISH,474b7b730c4849eabfbcd4df52a5d66c,68f2d95bd190740cfd6a24de,ENQUEUED,0.31944296729291566,questions_in,fifo,uniform,0,0
2025-10-29T14:29:10.429885,PUBLISH,b84bdc9b658c460b98af6835bbe692fb,68f2d95bd190740cfd6a1c5d,ENQUEUED,0.2090966233816841,questions_in,fifo,uniform,0,0
2025-10-29T14:29:10.659470,PUBLISH,6457f7ee092943fa94e32b2b24d8b1e1,68f2d95bd190740cfd6a3ba8,ENQUEUED,0.22691913339131414,questions_in,fifo,uniform,0,0
2025-10-29T14:29:10.907288,PUBLISH,181fd40916a242fc882527593407f48e,68f2d95bd190740cfd6a3a00,ENQUEUED,0.24589833778105283,questions_in,fifo,uniform,0,0
2025-10-29T14:29:11.069233,PUBLISH,b397f203d6114a67b1ce6456706376bd,68f2d95bd190740cfd6a3922,ENQUEUED,0.15934274961319314,questions_in,fifo,uniform,0,0
2025-10-29T14:29:11.281087,PUBLISH,0b14fecf0670410ebb878e58b53f6f21,68f2d95bd190740cfd6a1bb0,ENQUEUED,0.204630090309722,questions_in,fifo,uniform,0,0
2025-10-29T14:29:11.744720,PUBLISH,e1a4c7f420b545778376be59859fabab,68f2d95bd190740cfd6a1e2f,ENQUEUED,0.4615988529128321,questions_in,fifo,uniform,0,0
2025-10-29T14:29:12.201901,PUBLISH,3e8ab084990b4689a421cde14c15c9b3,68f2d95bd190740cfd6a1c17,ENQUEUED,0.45384077287282065,questions_in,fifo,uniform,0,0
2025-10-29T14:29:12.642589,PUBLISH,d676e7926348420b8c82aec242d76d23,68f2d95bd190740cfd6a2306,ENQUEUED,0.4389883876866556,questions_in,fifo,uniform,0,0
2025-10-29T14:29:12.934769,PUBLISH,05f6f9d9f14a498c9e379bab6a2a1d3e,68f2d95bd190740cfd6a2348,ENQUEUED,0.2895255908286336,questions_in,fifo,uniform,0,0
2025-10-29T14:29:13.276101,PUBLISH,20c60d829b5c476c840048374b03c524,68f2d95bd190740cfd6a411b,ENQUEUED,0.3390422684457529,questions_in,fifo,uniform,0,0
2025-10-29T14:29:13.402956,PUBLISH,d537432a1a614616b3d79b66ef8cad31,68f2d95bd190740cfd6a3d0d,ENQUEUED,0.12404022893882427,questions_in,fifo,uniform,0,0
2025-10-29T14:29:13.580448,PUBLISH,8621c1d8993744f8a2d9e1577f3ad2f2,68f2d95bd190740cfd6a34b9,ENQUEUED,0.1745408051196205,questions_in,fifo,uniform,0,0
2025-10-29T14:29:14.033833,PUBLISH,2727c606a1fe4d65b155795f3ca884d8,68f2d95bd190740cfd6a36b9,ENQUEUED,0.44973678019175745,questions_in,fifo,uniform,0,0
2025-10-29T14:29:14.235057,PUBLISH,c8c63e9b69fb4aef8adb96f4f003dbd0,68f2d95bd190740cfd6a3305,ENQUEUED,0.19857794065351697,questions_in,fifo,uniform,0,0
2025-10-29T14:29:14.608364,PUBLISH,a49d288cf14b424e875e4240ea5c24be,68f2d95bd190740cfd6a1f08,ENQUEUED,0.37065834622170724,questions_in,fifo,uniform,0,0
2025-10-29T14:29:14.719150,PUBLISH,c115f1d9b689495b8a1b7f17f2dafde5,68f2d95bd190740cfd6a2fb4,ENQUEUED,0.10758261121936924,questions_in,fifo,uniform,0,0
2025-10-29T14:29:15.073200,PUBLISH,f0c680cf64a8443a836dc0528005593d,68f2d95bd190740cfd6a3223,ENQUEUED,0.35167138080268134,questions_in,fifo,uniform,0,0
2025-10-29T14:29:15.451895,PUBLISH,5439f1a8dde3445fa18bcd894bf47fe3,68f2d95bd190740cfd6a40a6,ENQUEUED,0.3744648833789236,questions_in,fifo,uniform,0,0
2025-10-29T14:29:15.812766,PUBLISH,d4dc846a64724a69a3c481226f4067f5,68f2d95bd190740cfd6a2661,ENQUEUED,0.35845111606859426,questions_in,fifo,uniform,0,0
2025-10-29T14:29:15.968866,PUBLISH,eed6d531573e4e35899a92008b7fdaa0,68f2d95bd190740cfd6a3e14,ENQUEUED,0.15386599034224635,questions_in,fifo,uniform,0,0
2025-10-29T14:29:16.285595,PUBLISH,e57e515f44264db09d80ccc0a8431ee0,68f2d95bd190740cfd6a1cbe,ENQUEUED,0.31348823925088254,questions_in,fifo,uniform,0,0
2025-10-29T14:29:16.604693,PUBLISH,3457e9dba1914eb6a8109950dd93a1e4,68f2d95bd190740cfd6a1dae,ENQUEUED,0.31623436774448366,questions_in,fifo,uniform,0,0
2025-10-29T14:29:16.823553,PUBLISH,4be163f9621a420d937331ddf5b64de1,68f2d95bd190740cfd6a3958,ENQUEUED,0.21716967192685474,questions_in,fifo,uniform,0,0
2025-10-29T14:29:17.203926,PUBLISH,ef70b599f38c465997cf18dd5fd00f89,68f2d95bd190740cfd6a2ac1,ENQUEUED,0.3736340366827293,questions_in,fifo,uniform,0,0
2025-10-29T14:29:17.556460,PUBLISH,2b23f1106347460c80d0b70f092ecea9,68f2d95bd190740cfd6a370b,ENQUEUED,0.34980459131540154,questions_in,fifo,uniform,0,0
2025-10-29T14:29:17.660075,PUBLISH,a96a2a1aa7f144fdb98e064cfdc18f24,68f2d95bd190740cfd6a1dd0,ENQUEUED,0.10182649089133795,questions_in,fifo,uniform,0,0
2025-10-29T14:29:17.971687,PUBLISH,728115dbcfb8420f88636c8816231340,68f2d95bd190740cfd6a306a,ENQUEUED,0.3089629614022489,questions_in,fifo,uniform,0,0
2025-10-29T14:29:18.379086,PUBLISH,86a6fd2107614963ab9c8816d68bf3db,68f2d95bd190740cfd6a2377,ENQUEUED,0.404707319388411,questions_in,fifo,uniform,0,0
2025-10-29T14:29:18.851718,PUBLISH,b36f7a40f76640dd95995ec9640d2037,68f2d95bd190740cfd6a2b8c,ENQUEUED,0.46720222517127097,questions_in,fifo,uniform,0,0
2025-10-29T14:29:19.284125,PUBLISH,0951df92f35f4a8d86deeab2c5c1771e,68f2d95bd190740cfd6a2c50,ENQUEUED,0.4287205394413188,questions_in,fifo,uniform,0,0
2025-10-29T14:29:19.762292,PUBLISH,ed5fd6d6feda4a3b9d296fcc9a99cce5,68f2d95bd190740cfd6a3b8b,ENQUEUED,0.4755051624818647,questions_in,fifo,uniform,0,0
2025-10-29T14:29:19.908319,PUBLISH,4da091918cce40f9b32b95807b892399,68f2d95bd190740cfd6a2931,ENQUEUED,0.14341428112855026,questions_in,fifo,uniform,0,0
2025-10-29T14:29:20.200208,PUBLISH,468a5599c2684d63ba466efbf2ec8d18,68f2d95bd190740cfd6a2909,ENQUEUED,0.28947570217443397,questions_in,fifo,uniform,0,0
2025-10-29T14:29:20.392208,PUBLISH,aa75d19895a04434af756359e95e9a43,68f2d95bd190740cfd6a1e82,ENQUEUED,0.19032295101175942,questions_in,fifo,uniform,0,0
2025-10-29T14:29:20.600548,PUBLISH,17c78735c54d493aaf9ebaa58a81f722,68f2d95bd190740cfd6a228c,ENQUEUED,0.20460601779710275,questions_in,fifo,uniform,0,0
2025-10-29T14:29:20.981225,PUBLISH,904aa73ff1b2443ca9e91ef0f75df1c7,68f2d95bd190740cfd6a285b,ENQUEUED,0.3775016014286482,questions_in,fifo,uniform,0,0
2025-10-29T14:29:21.480720,PUBLISH,0c262ea49d92446a8c1d97b3cc525122,68f2d95bd190740cfd6a21f8,ENQUEUED,0.4958888548972612,questions_in,fifo,uniform,0,0
2025-10-29T14:29:21.755942,PUBLISH,bee42f9d9014408792bce246fb5e2f79,68f2d95bd190740cfd6a3b29,ENQUEUED,0.27345729574244104,questions_in,fifo,uniform,0,0
2025-10-29T14:29:21.925655,PUBLISH,d62ab181024441b0bb339dc3c29542c7,68f2d95bd190740cfd6a2b63,ENQUEUED,0.16722063826824768,questions_in,fifo,uniform,0,0
2025-10-29T14:29:22.241254,PUBLISH,5da6e96111734287a976f8e9fcf2778e,68f2d95bd190740cfd6a3d6f,ENQUEUED,0.31350123911516514,questions_in,fifo,uniform,0,0
2025-10-29T14:29:22.571822,PUBLISH,110f529bd2cc490a8ac980fa74bc3b27,68f2d95bd190740cfd6a3c7f,ENQUEUED,0.325889448749468,questions_in,fifo,uniform,0,0
2025-10-29T14:29:22.780641,PUBLISH,fe1ffd5cebc2435792aac153741ac8ed,68f2d95bd190740cfd6a29f7,ENQUEUED,0.20589818207515692,questions_in,fifo,uniform,0,0
2025-10-29T14:29:23.254172,PUBLISH,5a441fec6b4c4111abf55623a84e560a,68f2d95bd190740cfd6a22e0,ENQUEUED,0.4710708374161695,questions_in,fifo,uniform,0,0
2025-10-29T14:29:23.392934,PUBLISH,e848cfb1b70f4cb2ab84fbe54a23e9ad,68f2d95bd190740cfd6a1b27,ENQUEUED,0.1367879590768677,questions_in,fifo,uniform,0,0
2025-10-29T14:29:23.598934,PUBLISH,5e8ac9fc0329475c9b66582d529fa956,68f2d95bd190740cfd6a2971,ENQUEUED,0.20161517732922352,questions_in,fifo,uniform,0,0
2025-10-29T14:29:23.732791,PUBLISH,2cb4ac6cd65f4d2da7851ed4a421aff2,68f2d95bd190740cfd6a2b5b,ENQUEUED,0.13158703007963962,questions_in,fifo,uniform,0,0
2025-10-29T14:29:24.100499,PUBLISH,f3f6d2b4abd34781b882869eb17b0412,68f2d95bd190740cfd6a3230,ENQUEUED,0.36476460772205876,questions_in,fifo,uniform,0,0
2025-10-29T14:29:24.210288,PUBLISH,d970d317c52844c38007d17c4637c985,68f2d95bd190740cfd6a2e20,ENQUEUED,0.10793355945047717,questions_in,fifo,uniform,0,0
2025-10-29T14:29:24.680220,PUBLISH,b6be9260937943418825c7a80eb268c9,68f2d95bd190740cfd6a291b,ENQUEUED,0.46653523215693393,questions_in,fifo,uniform,0,0
2025-10-29T14:29:25.138141,PUBLISH,6f0e15814ce5483da2d55ccb79cfa760,68f2d95bd190740cfd6a27f7,ENQUEUED,0.45476648958579,questions_in,fifo,uniform,0,0
2025-10-29T14:29:25.382748,PUBLISH,f505a8309abf4242a37108e1ecce1ec5,68f2d95bd190740cfd6a37b9,ENQUEUED,0.24103463893352273,questions_in,fifo,uniform,0,0
2025-10-29T14:29:25.620893,PUBLISH,db2ce777522e462c91d0211bb6f0ec4e,68f2d95bd190740cfd6a381b,ENQUEUED,0.23509069554085993,questions_in,fifo,uniform,0,0
2025-10-29T14:29:25.944437,PUBLISH,c7cdaa291dd54267bcdac7d54da4c7c5,68f2d95bd190740cfd6a3e6b,ENQUEUED,0.3215488600035577,questions_in,fifo,uniform,0,0
2025-10-29T14:29:26.424713,PUBLISH,c2bb40c269da41a5ac0fc2ac506a652d,68f2d95bd190740cfd6a26a9,ENQUEUED,0.4771624801030917,questions_in,fifo,uniform,0,0
2025-10-29T14:29:26.677793,PUBLISH,f2973b7135974f31ac0c13d73a5ac40d,68f2d95bd190740cfd6a1ffb,ENQUEUED,0.250952943687178,questions_in,fifo,uniform,0,0
2025-10-29T14:29:27.137603,PUBLISH,95c47682855d4eeaa0a34c121824568f,68f2d95bd190740cfd6a3942,ENQUEUED,0.45644347988224243,questions_in,fifo,uniform,0,0
2025-10-29T14:29:27.622522,PUBLISH,8165189214914c73b86876e8a68d869d,68f2d95bd190740cfd6a2e0e,ENQUEUED,0.4816822169287912,questions_in,fifo,uniform,0,0
2025-10-29T14:29:27.914042,PUBLISH,bab2b61e844f41d5bce7ea39783ca3b8,68f2d95bd190740cfd6a2354,ENQUEUED,0.28843752673571443,questions_in,fifo,uniform,0,0
2025-10-29T14:29:28.344018,PUBLISH,7c273d53c309440595118139f28c51c1,68f2d95bd190740cfd6a3ca1,ENQUEUED,0.4277040289674858,questions_in,fifo,uniform,0,0
2025-10-29T14:29:28.666087,PUBLISH,739cbae1332a43b58e3102499a8b5f2f,68f2d95bd190740cfd6a35e2,ENQUEUED,0.3190080197279559,questions_in,fifo,uniform,0,0
2025-10-29T14:29:28.991538,PUBLISH,8d7cb59a648d46c1a096a5626f68f3aa,68f2d95bd190740cfd6a3325,ENQUEUED,0.3235693946972134,questions_in,fifo,uniform,0,0
2025-10-29T14:29:29.171953,PUBLISH,3108dd1ddfa147c3a7159e528266e3ba,68f2d95bd190740cfd6a2646,ENQUEUED,0.17783470297945986,questions_in,fifo,uniform,0,0
2025-10-29T14:29:29.288849,PUBLISH,d546833de8814ec28e90c33d57be6ac6,68f2d95bd190740cfd6a266b,ENQUEUED,0.1149647976520051,questions_in,fifo,uniform,0,0
2025-10-29T14:29:29.698370,PUBLISH,cb6d17d972884848a94fecaa1103f5ba,68f2d95bd190740cfd6a24fa,ENQUEUED,0.40686129931757886,questions_in,fifo,uniform,0,0
2025-10-29T14:29:29.843359,PUBLISH,80b029f535d44aff8b4003fe27dc4c5a,68f2d95bd190740cfd6a38e7,ENQUEUED,0.14308485294513384,questions_in,fifo,uniform,0,0
2025-10-29T14:29:30.063880,PUBLISH,1ee9b01544454c619a5c7f6bc56d3341,68f2d95bd190740cfd6a1fc3,ENQUEUED,0.21741625585256733,questions_in,fifo,uniform,0,0
2025-10-29T14:29:30.447335,PUBLISH,9c56421f8d3d43b28484eb0e6151a056,68f2d95bd190740cfd6a1ede,ENQUEUED,0.38076001508799295,questions_in,fifo,uniform,0,0
2025-10-29T14:29:30.814688,PUBLISH,420f8f7a411a494d9635e1da52ad785b,68f2d95bd190740cfd6a3848,ENQUEUED,0.36471402206753234,questions_in,fifo,uniform,0,0
2025-10-29T14:29:31.119393,PUBLISH,8cb2fde212964cc6bf312d3de06ddbc7,68f2d95bd190740cfd6a25df,ENQUEUED,0.3021198932786683,questions_in,fifo,uniform,0,0
2025-10-29T14:29:31.410703,PUBLISH,66de60b2978946daa1f97a0f49970bca,68f2d95bd190740cfd6a2d2b,ENQUEUED,0.2888362150746729,questions_in,fifo,uniform,0,0
2025-10-29T14:29:31.783477,PUBLISH,b42dfc9f0f6243dfaafa84a501d6d726,68f2d95bd190740cfd6a2dad,ENQUEUED,0.37015509168879934,questions_in,fifo,uniform,0,0
2025-10-29T14:29:32.127716,PUBLISH,7857aec0c20143b195bde89b38182355,68f2d95bd190740cfd6a3213,ENQUEUED,0.3422833421609904,questions_in,fifo,uniform,0,0
2025-10-29T14:29:32.433058,PUBLISH,7ea307bf4f144d0f8f3511016b18df85,68f2d95bd190740cfd6a3eec,ENQUEUED,0.3028804680982631,questions_in,fifo,uniform,0,0
2025-10-29T14:29:32.875737,PUBLISH,6ab54a941a8c4fcaa8b91345362f0383,68f2d95bd190740cfd6a3545,ENQUEUED,0.44030418838181795,questions_in,fifo,uniform,0,0
2025-10-29T14:29:33.233223,PUBLISH,8378264cf03b495c83088e862d457e89,68f2d95bd190740cfd6a2cf5,ENQUEUED,0.3551113829587752,questions_in,fifo,uniform,0,0
2025-10-29T14:29:33.563389,PUBLISH,d196ae0ec2cb491980b3616ec08cd2c2,68f2d95bd190740cfd6a1c67,ENQUEUED,0.32747211723546454,questions_in,fifo,uniform,0,0
2025-10-29T14:29:34.052148,PUBLISH,729a1a36d0184e9892498f5034f13c08,68f2d95bd190740cfd6a3552,ENQUEUED,0.4863932311070883,questions_in,fifo,uniform,0,0
2025-10-29T14:29:34.203078,PUBLISH,cafb8ab2055549dcb531a57751cf50b2,68f2d95bd190740cfd6a2394,ENQUEUED,0.1486035596827868,questions_in,fifo,uniform,0,0
2025-10-29T14:29:34.667808,PUBLISH,2601b6adbed4424783ee52b803aae847,68f2d95bd190740cfd6a33b8,ENQUEUED,0.4592535478629791,questions_in,fifo,uniform,0,0
2025-10-29T14:29:35.029407,PUBLISH,8c856d4cdc544ef5b58df8901e3297b0,68f2d95bd190740cfd6a3bdc,ENQUEUED,0.35845264732337034,questions_in,fifo,uniform,0,0
2025-10-29T14:29:35.470703,PUBLISH,e8a06fff64414f8f89d651fc04756e11,68f2d95bd190740cfd6a1bee,ENQUEUED,0.43874823208077096,questions_in,fifo,uniform,0,0
2025-10-29T14:29:35.625628,PUBLISH,d84dc216688745a28e00e63623f58929,68f2d95bd190740cfd6a3870,ENQUEUED,0.15324633867955573,questions_in,fifo,uniform,0,0
2025-10-29T14:29:35.930142,PUBLISH,af20de1457d04a2ba1c7ca94a1318d87,68f2d95bd190740cfd6a399c,ENQUEUED,0.3008997565456669,questions_in,fifo,uniform,0,0
2025-10-29T14:29:36.036808,PUBLISH,b0a1e6aaf1434fed8475f2f958ac8732,68f2d95bd190740cfd6a3402,ENQUEUED,0.10463521254215191,questions_in,fifo,uniform,0,0
2025-10-29T14:29:36.187487,PUBLISH,2701614f972d4eabae85db3b2e1ef1af,68f2d95bd190740cfd6a2584,ENQUEUED,0.1475106854231811,questions_in,fifo,uniform,0,0
2025-10-29T14:29:36.357409,PUBLISH,4fe556391568462cb43464275c9c85de,68f2d95bd190740cfd6a3f14,ENQUEUED,0.16771804043536692,questions_in,fifo,uniform,0,0
2025-10-29T14:29:36.471877,PUBLISH,4abadafd291c43ab99799f29682f30bb,68f2d95bd190740cfd6a1deb,ENQUEUED,0.11202206700469329,questions_in,fifo,uniform,0,0
2025-10-29T14:29:36.802465,PUBLISH,c2806d87e713458ab1c2b0d5ef9975b5,68f2d95bd190740cfd6a2c6e,ENQUEUED,0.32752426696449477,questions_in,fifo,uniform,0,0
2025-10-29T14:29:36.929259,PUBLISH,8a9b1a45573745ffb24a573baeac8008,68f2d95bd190740cfd6a1f55,ENQUEUED,0.12394770793003329,questions_in,fifo,uniform,0,0
2025-10-29T14:29:37.381183,PUBLISH,f07b330ecd4a4b53961d1cb4ce8dd1bc,68f2d95bd190740cfd6a2fb5,ENQUEUED,0.4487623249643943,questions_in,fifo,uniform,0,0
2025-10-29T14:29:37.765579,PUBLISH,4c6d764722ef41cfa2828bebcad72835,68f2d95bd190740cfd6a3720,ENQUEUED,0.3810345740563763,questions_in,fifo,uniform,0,0
2025-10-29T14:29:38.188063,PUBLISH,591dee2b91424ed48e0c3b8b5053509e,68f2d95bd190740cfd6a4078,ENQUEUED,0.41983922456444844,questions_in,fifo,uniform,0,0
2025-10-29T14:29:38.617646,PUBLISH,a4fd0589a69246f6a3dbdee9913151ad,68f2d95bd190740cfd6a31c7,ENQUEUED,0.4264687681769642,questions_in,fifo,uniform,0,0
2025-10-29T14:29:39.020290,PUBLISH,104e96d4f6154a2ea937788798420cfd,68f2d95bd190740cfd6a2d82,ENQUEUED,0.40047357522410654,questions_in,fifo,uniform,0,0
2025-10-29T14:29:39.433048,PUBLISH,af72d091b2ee4f209ec199cea77dfc05,68f2d95bd190740cfd6a21c2,ENQUEUED,0.4096971244759178,questions_in,fifo,uniform,0,0
2025-10-29T14:29:39.674724,PUBLISH,971fb1bb586e4fde8468d10d40be690f,68f2d95bd190740cfd6a1c18,ENQUEUED,0.23926355310407188,questions_in,fifo,uniform,0,0
2025-10-29T14:29:40.078384,PUBLISH,3cf86de0808a4e358a23376cea61ae3f,68f2d95bd190740cfd6a3df2,ENQUEUED,0.40052422388855224,questions_in,fifo,uniform,0,0
2025-10-29T14:29:40.433451,PUBLISH,e0f6f3ccf3b2484fb353cb86a4fac6d8,68f2d95bd190740cfd6a2b48,ENQUEUED,0.3524165109411176,questions_in,fifo,uniform,0,0
2025-10-29T14:29:40.540594,PUBLISH,669abbb4e9a541f38d3acdf487dbcbe1,68f2d95bd190740cfd6a1b19,ENQUEUED,0.10560826029808142,questions_in,fifo,uniform,0,0
2025-10-29T14:29:40.880148,PUBLISH,d6f26ec234d146ebbfd504539d076c45,68f2d95bd190740cfd6a3358,ENQUEUED,0.336469856402257,questions_in,fifo,uniform,0,0
2025-10-29T14:29:41.260341,PUBLISH,bcaf10e85ec04b90a6941532a800e85d,68f2d95bd190740cfd6a2629,ENQUEUED,0.3775572550071352,questions_in,fifo,uniform,0,0
2025-10-29T14:29:41.673533,PUBLISH,a9ead53face14102ae51b338b0ccade0,68f2d95bd190740cfd6a318f,ENQUEUED,0.4109791099816822,questions_in,fifo,uniform,0,0
2025-10-29T14:29:42.127129,PUBLISH,9024cda789c74ab2aed6d09f2f38a91e,68f2d95bd190740cfd6a1eee,ENQUEUED,0.4498041060731295,questions_in,fifo,uniform,0,0
2025-10-29T14:29:42.381089,PUBLISH,2d87905e482941719cf15d2112a6e30e,68f2d95bd190740cfd6a1f46,ENQUEUED,0.2508056395663996,questions_in,fifo,uniform,0,0
2025-10-29T14:29:42.694014,PUBLISH,8083269f63234db6a0e189cb39124cf4,68f2d95bd190740cfd6a2ec4,ENQUEUED,0.31004799511757997,questions_in,fifo,uniform,0,0
2025-10-29T14:29:42.898416,PUBLISH,cd385de7a3814abe9c734218cdd23234,68f2d95bd190740cfd6a3a74,ENQUEUED,0.20130160907429567,questions_in,fifo,uniform,0,0
2025-10-29T14:29:43.345673,PUBLISH,bfea942d196f4d1f914a3033478268a3,68f2d95bd190740cfd6a3bc5,ENQUEUED,0.4445164709880134,questions_in,fifo,uniform,0,0
2025-10-29T14:29:43.744410,PUBLISH,6c1e1b6d67274f32bc5782a08c23f985,68f2d95bd190740cfd6a2113,ENQUEUED,0.395762149469831,questions_in,fifo,uniform,0,0
2025-10-29T14:29:44.181196,PUBLISH,5e936a42ff984ba0b783ceb121eda752,68f2d95bd190740cfd6a26d8,ENQUEUED,0.4330187673591023,questions_in,fifo,uniform,0,0
2025-10-29T14:29:44.339108,PUBLISH,3420f248a27441bb846aafd6b7eb520d,68f2d95bd190740cfd6a3448,ENQUEUED,0.15602410683740084,questions_in,fifo,uniform,0,0
2025-10-29T14:29:44.823575,PUBLISH,97f715b2eccb4ba3b21b0ad2b2e4fc23,68f2d95bd190740cfd6a244c,ENQUEUED,0.4820572422851136,questions_in,fifo,uniform,0,0
2025-10-29T14:29:45.294461,PUBLISH,d4edd5024ec941a4aec7465da03822cf,68f2d95bd190740cfd6a20bf,ENQUEUED,0.4679390804932372,questions_in,fifo,uniform,0,0
2025-10-29T14:29:45.710551,PUBLISH,17d6ae4cf96b4dcea41be689c5c90fbe,68f2d95bd190740cfd6a1dc9,ENQUEUED,0.41300183197855367,questions_in,fifo,uniform,0,0
2025-10-29T14:29:46.193303,PUBLISH,899db2e221034e34814a3cd709ebb202,68f2d95bd190740cfd6a34b7,ENQUEUED,0.47913629335638663,questions_in,fifo,uniform,0,0
2025-10-29T14:29:46.418008,PUBLISH,665e7dd32e8644e28cf7efc542b0b3eb,68f2d95bd190740cfd6a1ba8,ENQUEUED,0.22273050062457536,questions_in,fifo,uniform,0,0
2025-10-29T14:29:46.800830,PUBLISH,75ac70146d88407d83a11e492a44d3ad,68f2d95bd190740cfd6a2f1e,ENQUEUED,0.37958258769306474,questions_in,fifo,uniform,0,0
2025-10-29T14:29:47.080143,PUBLISH,fd7383e4249b4a2c88ef251ff70e6718,68f2d95bd190740cfd6a350b,ENQUEUED,0.2761372991133265,questions_in,fifo,uniform,0,0
2025-10-29T14:29:47.337886,PUBLISH,2b61ec108b3d4eb8a623a088e761a2d8,68f2d95bd190740cfd6a2915,ENQUEUED,0.2554564269314217,questions_in,fifo,uniform,0,0
2025-10-29T14:29:47.672642,PUBLISH,8811fc83f9fd4c69b572a76c2b779b9e,68f2d95bd190740cfd6a3d71,ENQUEUED,0.3327448227304748,questions_in,fifo,uniform,0,0
2025-10-29T14:29:47.940051,PUBLISH,f4286df7c9894436913b2741e80000ab,68f2d95bd190740cfd6a39d7,ENQUEUED,0.26512478655843486,questions_in,fifo,uniform,0,0
2025-10-29T14:29:48.345064,PUBLISH,8c3710756e3a414b926fa8e1ad838a36,68f2d95bd190740cfd6a1bfa,ENQUEUED,0.4023935257790108,questions_in,fifo,uniform,0,0
2025-10-29T14:29:48.524351,PUBLISH,4263ba60b1974d2bb6734910b6e0c368,68f2d95bd190740cfd6a21f4,ENQUEUED,0.17580676091768277,questions_in,fifo,uniform,0,0
2025-10-29T14:29:48.884746,PUBLISH,fd21211cea8541c1b038938132a7e165,68f2d95bd190740cfd6a2f55,ENQUEUED,0.35779022404163185,questions_in,fifo,uniform,0,0
2025-10-29T14:29:49.334869,PUBLISH,ee93514ffd9c44b790ffd9d9278466a1,68f2d95bd190740cfd6a2c77,ENQUEUED,0.4481901185136985,questions_in,fifo,uniform,0,0
2025-10-29T14:29:49.569693,PUBLISH,423e25cd1c3c474bb0c02d2b5bcc5227,68f2d95bd190740cfd6a3adf,ENQUEUED,0.23279360900256224,questions_in,fifo,uniform,0,0
2025-10-29T14:29:49.681124,PUBLISH,01bb68cb8d584cb1b70f0fd74b9a29af,68f2d95bd190740cfd6a1f7e,ENQUEUED,0.10874377783246941,questions_in,fifo,uniform,0,0
2025-10-29T14:29:50.056117,PUBLISH,dd4a3ccc392649e699286f6bbe85a3e0,68f2d95bd190740cfd6a37ae,ENQUEUED,0.37299423472576065,questions_in,fifo,uniform,0,0
2025-10-29T14:29:50.347117,PUBLISH,1940e9082f5640aeaca1b8ba95e856e3,68f2d95bd190740cfd6a2e3e,ENQUEUED,0.2888385290458853,questions_in,fifo,uniform,0,0
2025-10-29T14:29:50.485771,PUBLISH,9a05a1ec685b46ccb93f3e850e088f0a,68f2d95bd190740cfd6a2455,ENQUEUED,0.13658970745783489,questions_in,fifo,uniform,0,0
2025-10-29T14:29:50.689908,PUBLISH,75686e0df16540b9aa43b2d0560d2bcc,68f2d95bd190740cfd6a204a,ENQUEUED,0.20133888869750446,questions_in,fifo,uniform,0,0
2025-10-29T14:29:51.136617,PUBLISH,792151e7c0544742b70a7341a06e571e,68f2d95bd190740cfd6a246a,ENQUEUED,0.44482858162331584,questions_in,fifo,uniform,0,0
2025-10-29T14:29:51.392889,PUBLISH,f0af95e37cf343f0b15bc1576af44959,68f2d95bd190740cfd6a382b,ENQUEUED,0.25321319221966365,questions_in,fifo,uniform,0,0
2025-10-29T14:29:51.898524,PUBLISH,d022a92c375145d0979a322cdfe97154,68f2d95bd190740cfd6a1f13,ENQUEUED,0.4995860602050465,questions_in,fifo,uniform,0,0
2025-10-29T14:29:52.378711,PUBLISH,7803e35736aa4346b93f39c6e3177d2a,68f2d95bd190740cfd6a2e84,ENQUEUED,0.4774435737089825,questions_in,fifo,uniform,0,0
2025-10-29T14:29:52.519321,PUBLISH,82b89c0a98874fbeb5ab7ba9a0bf3282,68f2d95bd190740cfd6a1da6,ENQUEUED,0.1387725841080031,questions_in,fifo,uniform,0,0
2025-10-29T14:29:52.865213,PUBLISH,60c78d8c57874bfea0005c6889957ffe,68f2d95bd190740cfd6a3b7a,ENQUEUED,0.34331568736476786,questions_in,fifo,uniform,0,0
2025-10-29T14:29:52.979506,PUBLISH,d55be00d8ebc41b3a56082affb209645,68f2d95bd190740cfd6a3479,ENQUEUED,0.1118389489600459,questions_in,fifo,uniform,0,0
2025-10-29T14:29:53.230768,PUBLISH,90aafec7a6634a7592e98a85b8471902,68f2d95bd190740cfd6a3031,ENQUEUED,0.2436379678759625,questions_in,fifo,uniform,0,0
2025-10-29T14:29:53.590440,PUBLISH,a10ddf2aedb74c908730507d32be7372,68f2d95bd190740cfd6a393b,ENQUEUED,0.35696750729141524,questions_in,fifo,uniform,0,0
2025-10-29T14:29:53.915190,PUBLISH,96f1fc0c87ca4171b86e511bbcd0e697,68f2d95bd190740cfd6a326e,ENQUEUED,0.3225333088307114,questions_in,fifo,uniform,0,0
2025-10-29T14:29:54.056722,PUBLISH,b7ae43ff741b4767b6caf907475bbdae,68f2d95bd190740cfd6a2a28,ENQUEUED,0.1393160855670825,questions_in,fifo,uniform,0,0
2025-10-29T14:29:54.328109,PUBLISH,67ed8847717747029c496ad6215cbe3f,68f2d95bd190740cfd6a3a78,ENQUEUED,0.26843584297597534,questions_in,fifo,uniform,0,0
2025-10-29T14:29:54.697628,PUBLISH,8091fd33929d44eeb6a9527834ea489c,68f2d95bd190740cfd6a283d,ENQUEUED,0.366998811401532,questions_in,fifo,uniform,0,0
2025-10-29T14:29:55.159603,PUBLISH,2c40de1afe924a7e921c0565ed16ceab,68f2d95bd190740cfd6a34ba,ENQUEUED,0.4588683581240759,questions_in,fifo,uniform,0,0
2025-10-29T14:29:55.512125,PUBLISH,71bfa3634ee84fc987404cd7a2359e84,68f2d95bd190740cfd6a2596,ENQUEUED,0.34925339763015606,questions_in,fifo,uniform,0,0
2025-10-29T14:29:55.897170,PUBLISH,6763fb5bcbf14a2d891775dc2e919602,68f2d95bd190740cfd6a312b,ENQUEUED,0.3820661582977434,questions_in,fifo,uniform,0,0
2025-10-29T14:29:56.038645,PUBLISH,3aa950ea76794be787e492b0f688e889,68f2d95bd190740cfd6a316a,ENQUEUED,0.13923778196446485,questions_in,fifo,uniform,0,0
2025-10-29T14:29:56.427797,PUBLISH,35b652528fdd4bcea5448870988aed93,68f2d95bd190740cfd6a3384,ENQUEUED,0.38598003573079,questions_in,fifo,uniform,0,0
2025-10-29T14:29:56.779697,PUBLISH,b698dc425b654ae8a002861f27cef9f0,68f2d95bd190740cfd6a1e6f,ENQUEUED,0.3495972918006261,questions_in,fifo,uniform,0,0
2025-10-29T14:29:56.977086,PUBLISH,1643e91135884d08b9719fed9a7641db,68f2d95bd190740cfd6a2555,ENQUEUED,0.1946926933333204,questions_in,fifo,uniform,0,0
2025-10-29T14:29:57.222748,PUBLISH,73eda382a0a547ec89e9e3a4daaeb511,68f2d95bd190740cfd6a3a1d,ENQUEUED,0.24371966178906046,questions_in,fifo,uniform,0,0
2025-10-29T14:29:57.592264,PUBLISH,a04ed83aa30e4d349503e0a1b06bb7e2,68f2d95bd190740cfd6a350a,ENQUEUED,0.3656061238925742,questions_in,fifo,uniform,0,0
2025-10-29T14:29:57.720092,PUBLISH,6434ed38b66446fc90e991642b33fc17,68f2d95bd190740cfd6a1e43,ENQUEUED,0.1257394528716831,questions_in,fifo,uniform,0,0
2025-10-29T14:29:58.060491,PUBLISH,d2550e4fe90e4701bdb494084cc4da85,68f2d95bd190740cfd6a1d3f,ENQUEUED,0.3376973327457954,questions_in,fifo,uniform,0,0
2025-10-29T14:29:58.249676,PUBLISH,baba2a90a7e84e3fb416a7695a9c76b7,68f2d95bd190740cfd6a1f12,ENQUEUED,0.18330870769138774,questions_in,fifo,uniform,0,0
2025-10-29T14:29:58.593144,PUBLISH,6a2e0ecc6e5c4b1693abda098b05002d,68f2d95bd190740cfd6a392f,ENQUEUED,0.34033761942078483,questions_in,fifo,uniform,0,0
2025-10-29T14:29:59.025220,PUBLISH,97422b4e7b414cd8af456204fb5cbe94,68f2d95bd190740cfd6a2841,ENQUEUED,0.42554677839592914,questions_in,fifo,uniform,0,0
2025-10-29T14:29:59.129471,PUBLISH,a037d8d471f545b8b3e9ca9d9ade4ce8,68f2d95bd190740cfd6a3e10,ENQUEUED,0.1010454375730992,questions_in,fifo,uniform,0,0
2025-10-29T14:29:59.388910,PUBLISH,65503154fd594c29ac98a7cf12cbc245,68f2d95bd190740cfd6a3247,ENQUEUED,0.2573790702803219,questions_in,fifo,uniform,0,0
2025-10-29T14:29:59.652635,PUBLISH,ad6d582ef1bd4ebcac9b48989e058dc4,68f2d95bd190740cfd6a41ca,ENQUEUED,0.262125331402894,questions_in,fifo,uniform,0,0
2025-10-29T14:29:59.785242,PUBLISH,5df952b7506a453598ae1f297fddc2ad,68f2d95bd190740cfd6a2140,ENQUEUED,0.13073521454272577,questions_in,fifo,uniform,0,0
2025-10-29T14:30:00.183682,PUBLISH,84baa9f4dde348749c4e1a59865a6faf,68f2d95bd190740cfd6a4111,ENQUEUED,0.39576156059083945,questions_in,fifo,uniform,0,0
2025-10-29T14:30:00.620949,PUBLISH,d0340c6ce5694cf897489ce678e69b9c,68f2d95bd190740cfd6a3c0c,ENQUEUED,0.43514969364167677,questions_in,fifo,uniform,0,0
2025-10-29T14:30:00.999559,PUBLISH,3265c125e8614492aab22e4a2f0248c2,68f2d95bd190740cfd6a387d,ENQUEUED,0.37633252906797443,questions_in,fifo,uniform,0,0
2025-10-29T14:30:01.422659,PUBLISH,76816edb39f24e85986a0ff317aec416,68f2d95bd190740cfd6a2c53,ENQUEUED,0.4193701076163353,questions_in,fifo,uniform,0,0
2025-10-29T14:30:01.596709,PUBLISH,7db22af1c0b34d6a8491410dd2ef39a5,68f2d95bd190740cfd6a21b1,ENQUEUED,0.17217391581165634,questions_in,fifo,uniform,0,0
2025-10-29T14:30:01.992278,PUBLISH,956a9a9c613144c0b427befae8292d58,68f2d95bd190740cfd6a1fa2,ENQUEUED,0.3904321263895444,questions_in,fifo,uniform,0,0
2025-10-29T14:30:02.479825,PUBLISH,a649e97c4e794975a011a75863f66983,68f2d95bd190740cfd6a3813,ENQUEUED,0.48525401823362035,questions_in,fifo,uniform,0,0
2025-10-29T14:30:02.622533,PUBLISH,42ba3914c0534939965b4e5820fd32c4,68f2d95bd190740cfd6a32ba,ENQUEUED,0.136070978141262,questions_in,fifo,uniform,0,0
2025-10-29T14:30:03.066210,PUBLISH,1f9cc10a2a864b6fb46261e02476a9a8,68f2d95bd190740cfd6a33c5,ENQUEUED,0.441194133546554,questions_in,fifo,uniform,0,0
2025-10-29T14:30:03.370525,PUBLISH,560edf7fda4c4e5ab2e816d32327652e,68f2d95bd190740cfd6a3757,ENQUEUED,0.3018976558203099,questions_in,fifo,uniform,0,0
2025-10-29T14:30:03.592638,PUBLISH,10a766fb97df4a239746cac410e8281f,68f2d95bd190740cfd6a203a,ENQUEUED,0.21927430797489722,questions_in,fifo,uniform,0,0
2025-10-29T14:30:03.991946,PUBLISH,6a652dc815a84937b32de175c0f80de2,68f2d95bd190740cfd6a2234,ENQUEUED,0.39485834316936785,questions_in,fifo,uniform,0,0
2025-10-29T14:30:04.289981,PUBLISH,613394e4a9bb4a768d37dbfc91c8a8d9,68f2d95bd190740cfd6a22d8,ENQUEUED,0.2945894686755153,questions_in,fifo,uniform,0,0
2025-10-29T14:30:04.666974,PUBLISH,bd082a3720c349ca85d2fa9516951fa8,68f2d95bd190740cfd6a3f16,ENQUEUED,0.3744947413959311,questions_in,fifo,uniform,0,0
2025-10-29T14:30:04.999627,PUBLISH,ab387ba6dfeb45a1abbb2ff6e833e954,68f2d95bd190740cfd6a1e4c,ENQUEUED,0.3301974960836003,questions_in,fifo,uniform,0,0
2025-10-29T14:30:05.317986,PUBLISH,189ceb8fc94547f3805e46c27b0b4dbc,68f2d95bd190740cfd6a2385,ENQUEUED,0.3163829298237002,questions_in,fifo,uniform,0,0
2025-10-29T14:30:05.461536,PUBLISH,3722f1a68694485197aac8e18eadb49b,68f2d95bd190740cfd6a250c,ENQUEUED,0.14033284996144327,questions_in,fifo,uniform,0,0
2025-10-29T14:30:05.664633,PUBLISH,3d42adc8d92e44fcac65ca5289e97ee4,68f2d95bd190740cfd6a326a,ENQUEUED,0.2009627738956502,questions_in,fifo,uniform,0,0
2025-10-29T14:30:06.001151,PUBLISH,ea9a644d1ff345dc9a4509a1b700000b,68f2d95bd190740cfd6a2f72,ENQUEUED,0.3341168120344348,questions_in,fifo,uniform,0,0
2025-10-29T14:30:06.226928,PUBLISH,662d2f3256ec4bb9af81171c9f60f6ad,68f2d95bd190740cfd6a25e5,ENQUEUED,0.22328460386408233,questions_in,fifo,uniform,0,0
2025-10-29T14:30:06.364374,PUBLISH,c8c243136c0d41069bbd894c1c5f9903,68f2d95bd190740cfd6a335a,ENQUEUED,0.1353538130903551,questions_in,fifo,uniform,0,0
2025-10-29T14:30:06.812241,PUBLISH,fdfb8d94d30840658bb81801551b1aa9,68f2d95bd190740cfd6a2aad,ENQUEUED,0.44499690738464803,questions_in,fifo,uniform,0,0
2025-10-29T14:30:07.160642,PUBLISH,62292850ba11482da9c129ba874c7a8b,68f2d95bd190740cfd6a3663,ENQUEUED,0.345611767360285,questions_in,fifo,uniform,0,0
2025-10-29T14:30:07.545311,PUBLISH,c0cbb923db8f45c9b3d7b9b26f760024,68f2d95bd190740cfd6a1d2b,ENQUEUED,0.3818799410619512,questions_in,fifo,uniform,0,0
2025-10-29T14:30:08.030868,PUBLISH,39e6bafb68cc4f909535ea94600280a7,68f2d95bd190740cfd6a2c96,ENQUEUED,0.48299576995462834,questions_in,fifo,uniform,0,0
2025-10-29T14:30:08.235655,PUBLISH,b95d23564af3419689adc099d68cfbe5,68f2d95bd190740cfd6a407d,ENQUEUED,0.20284845663011866,questions_in,fifo,uniform,0,0
2025-10-29T14:30:08.431976,PUBLISH,3fb38f2244a44a7b855003d7e1d39dca,68f2d95bd190740cfd6a3105,ENQUEUED,0.19451162604960795,questions_in,fifo,uniform,0,0
2025-10-29T14:30:08.635204,PUBLISH,317751df37be4a788582c055ee7f1f48,68f2d95bd190740cfd6a2dc9,ENQUEUED,0.20047896591602826,questions_in,fifo,uniform,0,0
2025-10-29T14:30:09.075635,PUBLISH,d771e0ceb0444429818406424100c3a3,68f2d95bd190740cfd6a2043,ENQUEUED,0.4375681523473893,questions_in,fifo,uniform,0,0
2025-10-29T14:30:09.519923,PUBLISH,cd82c91d035b4471a659dc2b503d5e3b,68f2d95bd190740cfd6a31ae,ENQUEUED,0.44214839985979726,questions_in,fifo,uniform,0,0
2025-10-29T14:30:09.878883,PUBLISH,a3bd5d9cee1c425ca4d45a562887751d,68f2d95bd190740cfd6a22c2,ENQUEUED,0.3566650809495733,questions_in,fifo,uniform,0,0
2025-10-29T14:30:10.061222,PUBLISH,4c6aea2217684a2a80a857141e12af33,68f2d95bd190740cfd6a253a,ENQUEUED,0.17996465085870544,questions_in,fifo,uniform,0,0
2025-10-29T14:30:10.276660,PUBLISH,4526dd9faba34839b6aaded7ec0284f4,68f2d95bd190740cfd6a2edb,ENQUEUED,0.2129842750416897,questions_in,fifo,uniform,0,0
2025-10-29T14:30:10.382586,PUBLISH,3a6bf242f52c451fafb4ca4f0d6dd693,68f2d95bd190740cfd6a340c,ENQUEUED,0.10346640564224537,questions_in,fifo,uniform,0,0
2025-10-29T14:30:10.843980,PUBLISH,99a09cdb738f4aaf8f3caebc61849f70,68f2d95bd190740cfd6a2c08,ENQUEUED,0.4567395093485821,questions_in,fifo,uniform,0,0
2025-10-29T14:30:11.094672,PUBLISH,e6652f0729194ff194b87d8fa1d8cd06,68f2d95bd190740cfd6a36fe,ENQUEUED,0.24870725481288736,questions_in,fifo,uniform,0,0
2025-10-29T14:30:11.231315,PUBLISH,c496b53d33d54e178d772b6260f944c2,68f2d95bd190740cfd6a4177,ENQUEUED,0.13493985852506324,questions_in,fifo,uniform,0,0
2025-10-29T14:30:11.361565,PUBLISH,6d6b297e926f45428e2f6bcd02c9a83b,68f2d95bd190740cfd6a3318,ENQUEUED,0.12794222938403693,questions_in,fifo,uniform,0,0
2025-10-29T14:30:11.657253,PUBLISH,7e491d24178f45d785ef46ff3a26f57c,68f2d95bd190740cfd6a3d5b,ENQUEUED,0.29257449424234094,questions_in,fifo,uniform,0,0
2025-10-29T14:30:11.985756,PUBLISH,807c4412c1db4d10833d7b33a4c3acc9,68f2d95bd190740cfd6a1b2a,ENQUEUED,0.3259905371548158,questions_in,fifo,uniform,0,0
2025-10-29T14:30:12.172721,PUBLISH,258bc074c6c84f23a3f842b67694b214,68f2d95bd190740cfd6a3b95,ENQUEUED,0.18408941086697186,questions_in,fifo,uniform,0,0
2025-10-29T14:30:12.664590,PUBLISH,dac8782d72864febbd64f0434c147235,68f2d95bd190740cfd6a1dc7,ENQUEUED,0.49024769342241925,questions_in,fifo,uniform,0,0
2025-10-29T14:30:13.076152,PUBLISH,aa2e851c47074e14aebee6dc5b5523b7,68f2d95bd190740cfd6a3503,ENQUEUED,0.40927101612489747,questions_in,fifo,uniform,0,0
2025-10-29T14:30:13.335331,PUBLISH,9c79f6e1cbc64912ae5f2522e1602a56,68f2d95bd190740cfd6a22db,ENQUEUED,0.256995463024449,questions_in,fifo,uniform,0,0
2025-10-29T14:30:13.518116,PUBLISH,41f4c50e60434573b49fb3d7e15d7924,68f2d95bd190740cfd6a2a10,ENQUEUED,0.18083980147199574,questions_in,fifo,uniform,0,0
2025-10-29T14:30:13.657688,PUBLISH,7626d044fb8646f1aca8775d822b5441,68f2d95bd190740cfd6a248c,ENQUEUED,0.1366555890061979,questions_in,fifo,uniform,0,0
2025-10-29T14:30:13.889713,PUBLISH,d2165122415f4b73be21e64bdb145194,68f2d95bd190740cfd6a351b,ENQUEUED,0.22841358149173827,questions_in,fifo,uniform,0,0
2025-10-29T14:30:14.245229,PUBLISH,ada60405275645d49c92980d207df3e1,68f2d95bd190740cfd6a3652,ENQUEUED,0.35193608261247444,questions_in,fifo,uniform,0,0
2025-10-29T14:30:14.723938,PUBLISH,b8afb464256d409f933f7667963f39f6,68f2d95bd190740cfd6a2968,ENQUEUED,0.4746550290524032,questions_in,fifo,uniform,0,0
2025-10-29T14:30:14.896251,PUBLISH,5999aab6f49e4baabf21eb7a21d5084b,68f2d95bd190740cfd6a3844,ENQUEUED,0.16988319324133722,questions_in,fifo,uniform,0,0
2025-10-29T14:30:15.023403,PUBLISH,bc14845421894c47a3e4606e50f71191,68f2d95bd190740cfd6a1e75,ENQUEUED,0.12321057828787114,questions_in,fifo,uniform,0,0
2025-10-29T14:30:15.454647,PUBLISH,d60c6bfcd6a54868b021ff3f01219576,68f2d95bd190740cfd6a34c2,ENQUEUED,0.42782796194994954,questions_in,fifo,uniform,0,0
2025-10-29T14:30:15.690255,PUBLISH,bfd28bc53dd7454a87809b1772a06987,68f2d95bd190740cfd6a3064,ENQUEUED,0.23214262072656622,questions_in,fifo,uniform,0,0
2025-10-29T14:30:15.904910,PUBLISH,046f6316bbef4218929381862c168f9e,68f2d95bd190740cfd6a3b19,ENQUEUED,0.21047163904029845,questions_in,fifo,uniform,0,0
2025-10-29T14:30:16.149706,PUBLISH,91e7ada74fd7422e874e8a21f55e4851,68f2d95bd190740cfd6a3cbd,ENQUEUED,0.24269158353722942,questions_in,fifo,uniform,0,0
2025-10-29T14:30:16.463599,PUBLISH,182633c55f8f449fa1e089cb42f2b991,68f2d95bd190740cfd6a2438,ENQUEUED,0.311904819620344,questions_in,fifo,uniform,0,0
2025-10-29T14:30:16.805924,PUBLISH,3c023ac7571e4f239fb303fba365bf91,68f2d95bd190740cfd6a3ba0,ENQUEUED,0.3395752365167567,questions_in,fifo,uniform,0,0
2025-10-29T14:30:17.212995,PUBLISH,a3578ba79de14b6abb8c6f666cea8c3a,68f2d95bd190740cfd6a38d8,ENQUEUED,0.40472230445329294,questions_in,fifo,uniform,0,0
2025-10-29T14:30:17.337299,PUBLISH,80b04f02509a48f3a833b13e2b6db403,68f2d95bd190740cfd6a302a,ENQUEUED,0.11802915519962257,questions_in,fifo,uniform,0,0
2025-10-29T14:30:17.611730,PUBLISH,413544ea523948c68d0e642286f5dfb4,68f2d95bd190740cfd6a38cf,ENQUEUED,0.2725399337236213,questions_in,fifo,uniform,0,0
2025-10-29T14:30:17.861250,PUBLISH,db2d5a09a379441fb0ba641457bc11d5,68f2d95bd190740cfd6a3898,ENQUEUED,0.24792115372327164,questions_in,fifo,uniform,0,0
2025-10-29T14:30:18.355049,PUBLISH,8d8508aea30745ca9a7241cd25495a14,68f2d95bd190740cfd6a2496,ENQUEUED,0.49056864034009295,questions_in,fifo,uniform,0,0
2025-10-29T14:30:18.693303,PUBLISH,b9f43b07493d47729cfedf881d5930ab,68f2d95bd190740cfd6a3a31,ENQUEUED,0.3362852868943932,questions_in,fifo,uniform,0,0
2025-10-29T14:30:18.993086,PUBLISH,e32da6a5426442b79479313b18048e7c,68f2d95bd190740cfd6a2dc1,ENQUEUED,0.2967189995594973,questions_in,fifo,uniform,0,0
2025-10-29T14:30:19.300908,PUBLISH,bf3e76ff22ba4dd6bd595d6691d2fa5d,68f2d95bd190740cfd6a3b51,ENQUEUED,0.3024650893313374,questions_in,fifo,uniform,0,0
2025-10-29T14:30:19.774619,PUBLISH,7a7e9647717748f18fc8d41eb3478369,68f2d95bd190740cfd6a3a6f,ENQUEUED,0.471403969615511,questions_in,fifo,uniform,0,0
2025-10-29T14:30:19.992010,PUBLISH,695a7e0a00f248459f8522610f08255d,68f2d95bd190740cfd6a1b61,ENQUEUED,0.21404630874537128,questions_in,fifo,uniform,0,0
2025-10-29T14:30:20.338244,PUBLISH,7f06cd274f1143148f900e9bb5322820,68f2d95bd190740cfd6a377a,ENQUEUED,0.34308712112171813,questions_in,fifo,uniform,0,0
2025-10-29T14:30:20.443213,PUBLISH,6fba239a24eb4c9c9b0c15d87c636bb4,68f2d95bd190740cfd6a1c1f,ENQUEUED,0.10311342152793582,questions_in,fifo,uniform,0,0
2025-10-29T14:30:20.734158,PUBLISH,2c8a591ef9714983bc80a1e1157bbc35,68f2d95bd190740cfd6a373d,ENQUEUED,0.2887825855016957,questions_in,fifo,uniform,0,0
2025-10-29T14:30:20.958527,PUBLISH,e74d4561653e4f138bc2fbec79a436ca,68f2d95bd190740cfd6a1cff,ENQUEUED,0.22203713529278502,questions_in,fifo,uniform,0,0
2025-10-29T14:30:21.401826,PUBLISH,ddcbeae4c205450b95b50671e6ad2a82,68f2d95bd190740cfd6a2c25,ENQUEUED,0.44069569712043155,questions_in,fifo,uniform,0,0
2025-10-29T14:30:21.828597,PUBLISH,fec04d4dfee44dd4a1bcc6aa0b8c3ffd,68f2d95bd190740cfd6a2910,ENQUEUED,0.4246295952037764,questions_in,fifo,uniform,0,0
2025-10-29T14:30:22.062949,PUBLISH,2cf31b21d7e54f069c2813a63e64f0a4,68f2d95bd190740cfd6a2fa7,ENQUEUED,0.23265839017251977,questions_in,fifo,uniform,0,0
2025-10-29T14:30:22.175311,PUBLISH,b121a1053ae24d4f86a3dbd15ee098d3,68f2d95bd190740cfd6a40a3,ENQUEUED,0.1095576390061253,questions_in,fifo,uniform,0,0
2025-10-29T14:30:22.571412,PUBLISH,575d8e5dc01442cd992878dc3fe6fe0f,68f2d95bd190740cfd6a2ca2,ENQUEUED,0.393271057962599,questions_in,fifo,uniform,0,0
2025-10-29T14:30:22.975985,PUBLISH,1984aa4b5452473cba58f7dd48fda7fd,68f2d95bd190740cfd6a3c7f,ENQUEUED,0.4018033295092228,questions_in,fifo,uniform,0,0
2025-10-29T14:30:23.190532,PUBLISH,01890c66acf54e4aa8ea1fb2ff09a945,68f2d95bd190740cfd6a1f0d,ENQUEUED,0.21183860317529027,questions_in,fifo,uniform,0,0
2025-10-29T14:30:23.446779,PUBLISH,1254f1e854404325bcdc4586fbcf52f1,68f2d95bd190740cfd6a38ed,ENQUEUED,0.25033943013870574,questions_in,fifo,uniform,0,0
2025-10-29T14:30:23.727138,PUBLISH,d39e962e75e74ad0a42d0f6fa544ec3e,68f2d95bd190740cfd6a3f8d,ENQUEUED,0.2783805870677579,questions_in,fifo,uniform,0,0
2025-10-29T14:30:23.901351,PUBLISH,29f0bfef7b4e4804b4003f7952e07595,68f2d95bd190740cfd6a1ebf,ENQUEUED,0.172114750196663,questions_in,fifo,uniform,0,0
2025-10-29T14:30:24.394580,PUBLISH,61cac94edfda4408b6fe169dbd48de24,68f2d95bd190740cfd6a388e,ENQUEUED,0.4908734674583871,questions_in,fifo,uniform,0,0
2025-10-29T14:30:24.638740,PUBLISH,68b45a30f3df4bdb8b470ef67815a18e,68f2d95bd190740cfd6a37cb,ENQUEUED,0.2414223029096137,questions_in,fifo,uniform,0,0
2025-10-29T14:30:24.919815,PUBLISH,36eb23a93a4f4d08b1fedc04b09af26e,68f2d95bd190740cfd6a2b29,ENQUEUED,0.2778017121091846,questions_in,fifo,uniform,0,0
2025-10-29T14:30:25.147225,PUBLISH,0e10a2ffaa5443c4b7ad985e8d6a2363,68f2d95bd190740cfd6a3863,ENQUEUED,0.22557617550413275,questions_in,fifo,uniform,0,0
2025-10-29T14:30:25.610663,PUBLISH,14c68661558a44c7a8d2fd2bc47db268,68f2d95bd190740cfd6a302c,ENQUEUED,0.4601114995615384,questions_in,fifo,uniform,0,0
2025-10-29T14:30:26.048872,PUBLISH,d2cc6a59909b444fad6556c02e54ffc7,68f2d95bd190740cfd6a39e8,ENQUEUED,0.43634153999624126,questions_in,fifo,uniform,0,0
2025-10-29T14:30:26.473604,PUBLISH,0745d2f8fe604272859b3b3d86068017,68f2d95bd190740cfd6a25d7,ENQUEUED,0.422183210169473,questions_in,fifo,uniform,0,0
2025-10-29T14:30:26.677720,PUBLISH,b727121fb9e846ac848d69f9d5b118db,68f2d95bd190740cfd6a1b01,ENQUEUED,0.20201631348945198,questions_in,fifo,uniform,0,0
2025-10-29T14:30:26.932105,PUBLISH,cb9d24caac774213b8c48006c135bb08,68f2d95bd190740cfd6a1dc5,ENQUEUED,0.25255710944746657,questions_in,fifo,uniform,0,0
2025-10-29T14:30:27.343675,PUBLISH,763121b90d8a4a88a9fc935abe728eea,68f2d95bd190740cfd6a2f6c,ENQUEUED,0.4071096729912118,questions_in,fifo,uniform,0,0
2025-10-29T14:30:27.609183,PUBLISH,3116c306e9bb4f588ba4f9e0e8b97121,68f2d95bd190740cfd6a2c36,ENQUEUED,0.2625192918999847,questions_in,fifo,uniform,0,0
2025-10-29T14:30:27.789252,PUBLISH,0da93bada28e40818a51bd6bb5d680a6,68f2d95bd190740cfd6a2009,ENQUEUED,0.17265191248589612,questions_in,fifo,uniform,0,0
2025-10-29T14:30:28.158817,PUBLISH,21e4867059e242fd845ea0e13708a9fb,68f2d95bd190740cfd6a2830,ENQUEUED,0.3668143644098881,questions_in,fifo,uniform,0,0
2025-10-29T14:30:28.321631,PUBLISH,67d27c3db0fe4d0992fe43e312a91314,68f2d95bd190740cfd6a3d70,ENQUEUED,0.16023753641603472,questions_in,fifo,uniform,0,0
2025-10-29T14:30:28.558857,PUBLISH,0e30f5d64072425d92293c82e068e83d,68f2d95bd190740cfd6a3452,ENQUEUED,0.23498926526623115,questions_in,fifo,uniform,0,0
2025-10-29T14:30:28.999107,PUBLISH,0ba94e1e4cfd4798a869aad66ab18d4f,68f2d95bd190740cfd6a3f6b,ENQUEUED,0.4376610612640143,questions_in,fifo,uniform,0,0
2025-10-29T14:30:29.219943,PUBLISH,abdd3014658b410ea6442e501ee23643,68f2d95bd190740cfd6a297d,ENQUEUED,0.21802128104546115,questions_in,fifo,uniform,0,0
2025-10-29T14:30:29.447609,PUBLISH,960b7a8a6a324d12b91010307f0db66b,68f2d95bd190740cfd6a3023,ENQUEUED,0.22608473484588054,questions_in,fifo,uniform,0,0
2025-10-29T14:30:29.590167,PUBLISH,3241fbfe1caf41f5a9c1d8e03a4767ba,68f2d95bd190740cfd6a29ff,ENQUEUED,0.1404979367610314,questions_in,fifo,uniform,0,0
2025-10-29T14:30:29.759867,PUBLISH,77f7f0b9621e4c62927056720db07fc6,68f2d95bd190740cfd6a373d,ENQUEUED,0.16781253023321874,questions_in,fifo,uniform,0,0
2025-10-29T14:30:30.030329,PUBLISH,1abb596e92e34866a3c2af0dc61bab1e,68f2d95bd190740cfd6a2907,ENQUEUED,0.268740389291319,questions_in,fifo,uniform,0,0
2025-10-29T14:30:30.137760,PUBLISH,80b3f024dd4a4c0bbb327c4b7b931269,68f2d95bd190740cfd6a3384,ENQUEUED,0.10500856220957187,questions_in,fifo,uniform,0,0
2025-10-29T14:30:30.303915,PUBLISH,eacb16bb19bd4a8fb51d951854a87917,68f2d95bd190740cfd6a3ede,ENQUEUED,0.16348536642788336,questions_in,fifo,uniform,0,0
2025-10-29T14:30:30.773116,PUBLISH,3ad82bcb58ab471d8af08436c4e7c586,68f2d95bd190740cfd6a2eff,ENQUEUED,0.466440284339672,questions_in,fifo,uniform,0,0
2025-10-29T14:30:30.923264,PUBLISH,a2d4f5b34870475984e7948e81b4c547,68f2d95bd190740cfd6a2c16,ENQUEUED,0.1478046724190883,questions_in,fifo,uniform,0,0
2025-10-29T14:30:31.272004,PUBLISH,0577edc2ca8f4cca8332ad80d2f8e941,68f2d95bd190740cfd6a26aa,ENQUEUED,0.3461752245509643,questions_in,fifo,uniform,0,0
2025-10-29T14:30:31.517590,PUBLISH,bb907da2a12d4d7da30b1d1f146a369e,68f2d95bd190740cfd6a3265,ENQUEUED,0.24246595420602224,questions_in,fifo,uniform,0,0
2025-10-29T14:30:31.663667,PUBLISH,32d443b2b8f24cd5ba39b952bca5a202,68f2d95bd190740cfd6a1f2e,ENQUEUED,0.14332802741233264,questions_in,fifo,uniform,0,0
2025-10-29T14:30:31.984935,PUBLISH,36e1cea7f9e845c1b4c2cc2d14be1de4,68f2d95bd190740cfd6a2143,ENQUEUED,0.3175745114142018,questions_in,fifo,uniform,0,0
2025-10-29T14:30:32.307982,PUBLISH,e015159489d2471d868260c93311dfc8,68f2d95bd190740cfd6a1dea,ENQUEUED,0.32058713494749547,questions_in,fifo,uniform,0,0
2025-10-29T14:30:32.730996,PUBLISH,138ff6e2e5af4bb1b41111ad4771bc22,68f2d95bd190740cfd6a3586,ENQUEUED,0.4209327492183351,questions_in,fifo,uniform,0,0
2025-10-29T14:30:33.187216,PUBLISH,c9d3f0ec2048451f8f141491fbd79a2b,68f2d95bd190740cfd6a20ac,ENQUEUED,0.45348391873909355,questions_in,fifo,uniform,0,0
2025-10-29T14:30:33.628743,PUBLISH,4244c69a65d84045bb531a712d1e7eed,68f2d95bd190740cfd6a3140,ENQUEUED,0.43923101698760547,questions_in,fifo,uniform,0,0
2025-10-29T14:30:33.936889,PUBLISH,81edc3f454894e81a6533776cb9efbce,68f2d95bd190740cfd6a2e20,ENQUEUED,0.3053754155747229,questions_in,fifo,uniform,0,0
2025-10-29T14:30:34.392199,PUBLISH,68fb165395ec490d871c149976f747bd,68f2d95bd190740cfd6a1f1e,ENQUEUED,0.45221387020876147,questions_in,fifo,uniform,0,0
2025-10-29T14:30:34.734091,PUBLISH,9ae79d71a8b3404cb5a938969abafed3,68f2d95bd190740cfd6a30c9,ENQUEUED,0.33825330623458344,questions_in,fifo,uniform,0,0
2025-10-29T14:30:35.155694,PUBLISH,3fb9674e44b049c68f9df2ca1b9f67a1,68f2d95bd190740cfd6a39c2,ENQUEUED,0.4181744548418871,questions_in,fifo,uniform,0,0
2025-10-29T14:30:35.399888,PUBLISH,de3073113ac44908b9241999ff3ceaa2,68f2d95bd190740cfd6a2f83,ENQUEUED,0.24097787856708297,questions_in,fifo,uniform,0,0
2025-10-29T14:30:35.818855,PUBLISH,97d4fe98b4fb492a952e8e938845249e,68f2d95bd190740cfd6a3aa8,ENQUEUED,0.4149798495629494,questions_in,fifo,uniform,0,0
2025-10-29T14:30:36.015817,PUBLISH,395776b36da3443180d02cda2e121e41,68f2d95bd190740cfd6a28ed,ENQUEUED,0.19371687171282753,questions_in,fifo,uniform,0,0
2025-10-29T14:30:36.302441,PUBLISH,c8d37580168544098cd92e5a6490e316,68f2d95bd190740cfd6a23f0,ENQUEUED,0.2840935159635614,questions_in,fifo,uniform,0,0
2025-10-29T14:30:36.457721,PUBLISH,9af8c818143a493d923205bde5b8b3bc,68f2d95bd190740cfd6a2637,ENQUEUED,0.15302903584364136,questions_in,fifo,uniform,0,0
2025-10-29T14:30:36.586419,PUBLISH,af8d1ef526d84287a51a918c219eda22,68f2d95bd190740cfd6a2aa3,ENQUEUED,0.12604388393107466,questions_in,fifo,uniform,0,0
2025-10-29T14:30:36.938035,PUBLISH,69175d4d3ead4c30a523afe509734896,68f2d95bd190740cfd6a1f0f,ENQUEUED,0.34936098280533134,questions_in,fifo,uniform,0,0
2025-10-29T14:30:37.212048,PUBLISH,3445189085734d2998a36c00f3fff4cf,68f2d95bd190740cfd6a3707,ENQUEUED,0.2711111248594633,questions_in,fifo,uniform,0,0
2025-10-29T14:30:37.472797,PUBLISH,13feb4ab0adc44859345333c4910857f,68f2d95bd190740cfd6a1b61,ENQUEUED,0.25701121875272914,questions_in,fifo,uniform,0,0
2025-10-29T14:30:37.662792,PUBLISH,3585a963983143688556544629dc6a9b,68f2d95bd190740cfd6a2aa6,ENQUEUED,0.18812651154542837,questions_in,fifo,uniform,0,0
2025-10-29T14:30:37.867285,PUBLISH,b43ba75addbb42c8a04470a97b3799c7,68f2d95bd190740cfd6a3144,ENQUEUED,0.2012738291450246,questions_in,fifo,uniform,0,0
2025-10-29T14:30:38.217369,PUBLISH,c0387445a7c341d187bf6280ec9e25be,68f2d95bd190740cfd6a216c,ENQUEUED,0.3470801021642454,questions_in,fifo,uniform,0,0
2025-10-29T14:30:38.458383,PUBLISH,76923df53a6641b09ea0f96b8e76351e,68f2d95bd190740cfd6a3b81,ENQUEUED,0.23840650852366935,questions_in,fifo,uniform,0,0
2025-10-29T14:30:38.705387,PUBLISH,95cd2eed9c32410c9c829a14a0402ea5,68f2d95bd190740cfd6a1f50,ENQUEUED,0.24473854126097053,questions_in,fifo,uniform,0,0
2025-10-29T14:30:38.866358,PUBLISH,24c3eb22e2f645c5aaf913cda046b57e,68f2d95bd190740cfd6a2228,ENQUEUED,0.15780527144125786,questions_in,fifo,uniform,0,0
2025-10-29T14:30:39.167714,PUBLISH,39b72e5b56f84f8da72d2245195cf321,68f2d95bd190740cfd6a2a1d,ENQUEUED,0.2966855337680504,questions_in,fifo,uniform,0,0
2025-10-29T14:30:39.635496,PUBLISH,84547473d9ea473292e17d1d03271bd6,68f2d95bd190740cfd6a2a2a,ENQUEUED,0.46462083507895113,questions_in,fifo,uniform,0,0
2025-10-29T14:30:39.982646,PUBLISH,4917859b62e54967ab60fdc871712be8,68f2d95bd190740cfd6a2625,ENQUEUED,0.34390900173992967,questions_in,fifo,uniform,0,0
2025-10-29T14:30:40.394226,PUBLISH,424e8b6a0cbe46e2b56d3908f7c0a58a,68f2d95bd190740cfd6a3b72,ENQUEUED,0.40900993635611227,questions_in,fifo,uniform,0,0
2025-10-29T14:30:40.848407,PUBLISH,391d849f3c5848a48e9f7c4f1a1c7731,68f2d95bd190740cfd6a234a,ENQUEUED,0.45034500663499044,questions_in,fifo,uniform,0,0
2025-10-29T14:30:41.144378,PUBLISH,478e2ab97c2945088b67e8c458423181,68f2d95bd190740cfd6a22ce,ENQUEUED,0.29350652045249515,questions_in,fifo,uniform,0,0
2025-10-29T14:30:41.289949,PUBLISH,675ae92cf39b47809f1a5c4763786442,68f2d95bd190740cfd6a3de0,ENQUEUED,0.1423728206497743,questions_in,fifo,uniform,0,0
2025-10-29T14:30:41.611751,PUBLISH,e3abe4ace3db495a98891ceb62701c8a,68f2d95bd190740cfd6a3907,ENQUEUED,0.31980391761433064,questions_in,fifo,uniform,0,0
2025-10-29T14:30:41.889032,PUBLISH,c7f10adcfe2240d1ad23bcee380dfb78,68f2d95bd190740cfd6a4000,ENQUEUED,0.2746864638432492,questions_in,fifo,uniform,0,0
2025-10-29T14:30:42.068250,PUBLISH,a65a8962682042c889e830fbef335aa3,68f2d95bd190740cfd6a40f2,ENQUEUED,0.1765377802540866,questions_in,fifo,uniform,0,0
2025-10-29T14:30:42.501688,PUBLISH,d1a8ef34d7854a38862dcaed026f8a1c,68f2d95bd190740cfd6a394d,ENQUEUED,0.4304261365800971,questions_in,fifo,uniform,0,0
2025-10-29T14:30:42.711621,PUBLISH,ac61fd2eb6b84ada8df83e0b5c338052,68f2d95bd190740cfd6a3fe9,ENQUEUED,0.20810047184359615,questions_in,fifo,uniform,0,0
2025-10-29T14:30:42.944301,PUBLISH,598a5e7c4f174d3fa9e65d95523bc3ba,68f2d95bd190740cfd6a3e18,ENQUEUED,0.23079346840946335,questions_in,fifo,uniform,0,0
2025-10-29T14:30:43.141435,PUBLISH,e85adc256a394ca5b3ceac62f1a4fea2,68f2d95bd190740cfd6a336f,ENQUEUED,0.19522784562077844,questions_in,fifo,uniform,0,0
2025-10-29T14:30:43.462633,PUBLISH,fa1e10b861a846a69c7822ebbeba8c13,68f2d95bd190740cfd6a360d,ENQUEUED,0.31925351060715335,questions_in,fifo,uniform,0,0
2025-10-29T14:30:43.938319,PUBLISH,93328eb206ec4d79bd7bb6d6724dddc6,68f2d95bd190740cfd6a388a,ENQUEUED,0.47251757574077957,questions_in,fifo,uniform,0,0
2025-10-29T14:30:44.223694,PUBLISH,0adc1137e2604648abab3ec9cd30e80c,68f2d95bd190740cfd6a1be4,ENQUEUED,0.28358103403716417,questions_in,fifo,uniform,0,0
2025-10-29T14:30:44.645712,PUBLISH,5d98ee79db5c4a64b5dbd2fa64e992e9,68f2d95bd190740cfd6a3585,ENQUEUED,0.41999214591009826,questions_in,fifo,uniform,0,0
2025-10-29T14:30:44.885100,PUBLISH,fbb62d179dc5410a81e039bba5c4720d,68f2d95bd190740cfd6a223f,ENQUEUED,0.23707895998267695,questions_in,fifo,uniform,0,0
2025-10-29T14:30:45.138367,PUBLISH,59ff72f0057e491cb0df3a5010603896,68f2d95bd190740cfd6a3d0f,ENQUEUED,0.2512349846278182,questions_in,fifo,uniform,0,0
2025-10-29T14:30:45.408212,PUBLISH,c60aa5414999450eb5af538535930dc0,68f2d95bd190740cfd6a287a,ENQUEUED,0.2671848193836191,questions_in,fifo,uniform,0,0
2025-10-29T14:30:45.667219,PUBLISH,d7b4257bd4794593a033863f6522e50a,68f2d95bd190740cfd6a1cca,ENQUEUED,0.2559490209136238,questions_in,fifo,uniform,0,0
2025-10-29T14:30:46.131450,PUBLISH,255d771685e5404fb5213fc03c9969c3,68f2d95bd190740cfd6a3f2e,ENQUEUED,0.4611461658306034,questions_in,fifo,uniform,0,0
2025-10-29T14:30:46.291308,PUBLISH,5b16a0021afc42adb4e11b8e748150d3,68f2d95bd190740cfd6a3d61,ENQUEUED,0.15787490662050574,questions_in,fifo,uniform,0,0
2025-10-29T14:30:46.427725,PUBLISH,fe2548a4030b42359a64a0464067eafe,68f2d95bd190740cfd6a4007,ENQUEUED,0.13448618472570018,questions_in,fifo,uniform,0,0
2025-10-29T14:30:46.627297,PUBLISH,9cf90cac5f4741e1a0e8d40dfe43b56b,68f2d95bd190740cfd6a3f0e,ENQUEUED,0.1977127228849741,questions_in,fifo,uniform,0,0
2025-10-29T14:30:47.044139,PUBLISH,5ba04b1ba3214510aca7dc28bdf0db5f,68f2d95bd190740cfd6a1d92,ENQUEUED,0.4143457150229376,questions_in,fifo,uniform,0,0
2025-10-29T14:30:47.453933,PUBLISH,f07913d5530044b496f5a52b4256148f,68f2d95bd190740cfd6a2fde,ENQUEUED,0.40722297849657296,questions_in,fifo,uniform,0,0
2025-10-29T14:30:47.894893,PUBLISH,cc19fdcbf7264edd91d52d8e7edbc43a,68f2d95bd190740cfd6a2b2d,ENQUEUED,0.43844159793343473,questions_in,fifo,uniform,0,0
2025-10-29T14:30:48.212187,PUBLISH,630a35a5c287402382f69959f22cade5,68f2d95bd190740cfd6a3e85,ENQUEUED,0.31454375325848877,questions_in,fifo,uniform,0,0
2025-10-29T14:30:48.371504,PUBLISH,631bc43799ea4812b7bea71f4387f761,68f2d95bd190740cfd6a217e,ENQUEUED,0.15577394438017667,questions_in,fifo,uniform,0,0
2025-10-29T14:30:48.535487,PUBLISH,35129582dc9a429998e96da075744a9c,68f2d95bd190740cfd6a3315,ENQUEUED,0.16116789148266475,questions_in,fifo,uniform,0,0
2025-10-29T14:30:49.008781,PUBLISH,1a32a4e96e53479bbf1b91996d11bf63,68f2d95bd190740cfd6a1f14,ENQUEUED,0.4713863783718609,questions_in,fifo,uniform,0,0
2025-10-29T14:30:49.316668,PUBLISH,d63fbfcd02644925928b903e4644e7cd,68f2d95bd190740cfd6a3ed9,ENQUEUED,0.3044089289447295,questions_in,fifo,uniform,0,0
2025-10-29T14:30:49.767917,PUBLISH,d30b56962b8d4e089a0f6fcdc6144dde,68f2d95bd190740cfd6a2025,ENQUEUED,0.4491458935550121,questions_in,fifo,uniform,0,0
2025-10-29T14:30:50.128888,PUBLISH,ebde93c12471476486860874563b395c,68f2d95bd190740cfd6a39ef,ENQUEUED,0.3522415149213275,questions_in,fifo,uniform,0,0
2025-10-29T14:30:50.358453,PUBLISH,7ad56c4b00524931bff6e486d64e44c1,68f2d95bd190740cfd6a2648,ENQUEUED,0.22731299474037914,questions_in,fifo,uniform,0,0
2025-10-29T14:30:50.559774,PUBLISH,8a36eddc1bf1431bb2e328427aae4f0a,68f2d95bd190740cfd6a3f5e,ENQUEUED,0.19830488754865283,questions_in,fifo,uniform,0,0
2025-10-29T14:30:50.773945,PUBLISH,26b95fd192d7489a95b82d0802081c12,68f2d95bd190740cfd6a2891,ENQUEUED,0.21217590728887542,questions_in,fifo,uniform,0,0
2025-10-29T14:30:50.956743,PUBLISH,33fc005fd861474f866db03f0ae8bfc6,68f2d95bd190740cfd6a20b3,ENQUEUED,0.18110684063650717,questions_in,fifo,uniform,0,0
2025-10-29T14:30:51.333239,PUBLISH,a5f0306facb447c19bfd94379a998f57,68f2d95bd190740cfd6a3c90,ENQUEUED,0.373844128789219,questions_in,fifo,uniform,0,0
2025-10-29T14:30:51.604068,PUBLISH,74f738ff05454d33a778f618af2a13aa,68f2d95bd190740cfd6a1b1d,ENQUEUED,0.2689454978366752,questions_in,fifo,uniform,0,0
2025-10-29T14:30:51.891451,PUBLISH,df38c73f65e845abbc0b77e9de87060c,68f2d95bd190740cfd6a2b4f,ENQUEUED,0.28431660351318444,questions_in,fifo,uniform,0,0
2025-10-29T14:30:52.351289,PUBLISH,275471b978d74692ac52753b3012a928,68f2d95bd190740cfd6a2854,ENQUEUED,0.45704475638713904,questions_in,fifo,uniform,0,0
2025-10-29T14:30:52.482611,PUBLISH,f05bb20c43c94f82b5c5b59f0b1d79d5,68f2d95bd190740cfd6a387d,ENQUEUED,0.12854815610824813,questions_in,fifo,uniform,0,0
2025-10-29T14:30:52.600397,PUBLISH,36816e97381a43419cd5a765f6feca55,68f2d95bd190740cfd6a3b50,ENQUEUED,0.11539555846635735,questions_in,fifo,uniform,0,0
2025-10-29T14:30:53.089423,PUBLISH,5151dd11d5034cd5b85a4398a0bfe51b,68f2d95bd190740cfd6a1b52,ENQUEUED,0.4869758632457648,questions_in,fifo,uniform,0,0
2025-10-29T14:30:53.252959,PUBLISH,e5fafa1d233c4749a0466dd9f246ebd0,68f2d95bd190740cfd6a24d2,ENQUEUED,0.16028820269157956,questions_in,fifo,uniform,0,0
2025-10-29T14:30:53.642817,PUBLISH,47569ac9b17248a2b6e12341d918e6a1,68f2d95bd190740cfd6a1b0f,ENQUEUED,0.3878598635862073,questions_in,fifo,uniform,0,0
2025-10-29T14:30:53.900234,PUBLISH,bf668c0e697f4efb96398f7d0cda8ae6,68f2d95bd190740cfd6a404d,ENQUEUED,0.2546012069995528,questions_in,fifo,uniform,0,0
2025-10-29T14:30:54.035930,PUBLISH,e09431e9f6a8434896909e928f73d7b9,68f2d95bd190740cfd6a35e5,ENQUEUED,0.13272532879188237,questions_in,fifo,uniform,0,0
2025-10-29T14:30:54.370506,PUBLISH,ddae5cbe4a49400c861b1797f4d0f6ca,68f2d95bd190740cfd6a304a,ENQUEUED,0.33247806532705526,questions_in,fifo,uniform,0,0
2025-10-29T14:30:54.614412,PUBLISH,b0468ba9f3e147548d2ffa59f7fa4059,68f2d95bd190740cfd6a1fda,ENQUEUED,0.24025157872348957,questions_in,fifo,uniform,0,0
2025-10-29T14:30:55.004317,PUBLISH,a03ad3b17dc14db7aec14a268d95cedb,68f2d95bd190740cfd6a2a48,ENQUEUED,0.3869383290736459,questions_in,fifo,uniform,0,0
2025-10-29T14:30:55.289348,PUBLISH,5a2fcbd639964105b5b9ee35df8da364,68f2d95bd190740cfd6a1fe3,ENQUEUED,0.28252048994847556,questions_in,fifo,uniform,0,0
2025-10-29T14:30:55.749478,PUBLISH,22383d3700774115815a8c43e1cf6295,68f2d95bd190740cfd6a280a,ENQUEUED,0.4570997676431605,questions_in,fifo,uniform,0,0
2025-10-29T14:30:55.988462,PUBLISH,c958f67b20be4c02a7f1274f636b42ef,68f2d95bd190740cfd6a1e4a,ENQUEUED,0.23603828819337527,questions_in,fifo,uniform,0,0
2025-10-29T14:30:56.466441,PUBLISH,7600aba8d3d04b6c9ac9fad60e32fbba,68f2d95bd190740cfd6a2ff2,ENQUEUED,0.4745646827569491,questions_in,fifo,uniform,0,0
2025-10-29T14:30:56.698259,PUBLISH,32e20d9c0c754e9984d63921c43f01ff,68f2d95bd190740cfd6a4020,ENQUEUED,0.2295120344506028,questions_in,fifo,uniform,0,0
2025-10-29T14:30:56.947519,PUBLISH,e1513d7c657d40bba26de3de58766230,68f2d95bd190740cfd6a1d6e,ENQUEUED,0.2469365128790495,questions_in,fifo,uniform,0,0
2025-10-29T14:30:57.341806,PUBLISH,4936bb8a86bf4014831d6688c143823b,68f2d95bd190740cfd6a3ff7,ENQUEUED,0.3915510729573336,questions_in,fifo,uniform,0,0
2025-10-29T14:30:57.559494,PUBLISH,002168c304d04e4db2c11d9aa375e11e,68f2d95bd190740cfd6a1e77,ENQUEUED,0.2155759707812849,questions_in,fifo,uniform,0,0
2025-10-29T14:30:57.717458,PUBLISH,f82974e6ca0a49afb9c6a033140e9a0e,68f2d95bd190740cfd6a1d61,ENQUEUED,0.15544336843392803,questions_in,fifo,uniform,0,0
2025-10-29T14:30:58.217010,PUBLISH,1748ea8a1dd546398a75406590eccd8c,68f2d95bd190740cfd6a20ad,ENQUEUED,0.4959191970589706,questions_in,fifo,uniform,0,0
2025-10-29T14:30:58.521285,PUBLISH,d53cea9068d04d1f8574f4304929e8d0,68f2d95bd190740cfd6a2b57,ENQUEUED,0.30175359917447997,questions_in,fifo,uniform,0,0
2025-10-29T14:30:58.768159,PUBLISH,13fe5204c3994961a82a8f823c95d182,68f2d95bd190740cfd6a1bf6,ENQUEUED,0.23960437499930676,questions_in,fifo,uniform,0,0
2025-10-29T14:30:58.999531,PUBLISH,b5b133912f934e49ae55e147dc91b64f,68f2d95bd190740cfd6a2e38,ENQUEUED,0.22854225039208173,questions_in,fifo,uniform,0,0
2025-10-29T14:30:59.181415,PUBLISH,35313e54c8d944ec889990f3bc2b7469,68f2d95bd190740cfd6a1af4,ENQUEUED,0.17925860684127934,questions_in,fifo,uniform,0,0
2025-10-29T14:30:59.424897,PUBLISH,baed8527a5de4fff8d17cb067aa50874,68f2d95bd190740cfd6a365b,ENQUEUED,0.24095618863794577,questions_in,fifo,uniform,0,0
2025-10-29T14:30:59.540814,PUBLISH,1d71457002fe40438e7c9c4e9d2b9525,68f2d95bd190740cfd6a3e97,ENQUEUED,0.11358521695215594,questions_in,fifo,uniform,0,0
2025-10-29T14:31:00.007800,PUBLISH,7064ee0a0fd14f60ad83b4bf49106e33,68f2d95bd190740cfd6a3d65,ENQUEUED,0.4651117011925652,questions_in,fifo,uniform,0,0
2025-10-29T14:31:00.231436,PUBLISH,290f805c2b7c4c5a8c518de68de8fdc0,68f2d95bd190740cfd6a1e5d,ENQUEUED,0.22112750340012452,questions_in,fifo,uniform,0,0
2025-10-29T14:31:00.568944,PUBLISH,9e75b2771cc240f3b678f1dbd0a8d1ff,68f2d95bd190740cfd6a33ea,ENQUEUED,0.335394804561685,questions_in,fifo,uniform,0,0
2025-10-29T14:31:00.806855,PUBLISH,2a8c34b8e4b640ff97a016253ade420a,68f2d95bd190740cfd6a3032,ENQUEUED,0.23603501300086238,questions_in,fifo,uniform,0,0
2025-10-29T14:31:01.184416,PUBLISH,045de6b6f31c48b997e9f8b59f58e021,68f2d95bd190740cfd6a2936,ENQUEUED,0.3749351817609965,questions_in,fifo,uniform,0,0
2025-10-29T14:31:01.428364,PUBLISH,051f61eff96c4ee68a72b7fdeaf2a923,68f2d95bd190740cfd6a211a,ENQUEUED,0.24067201264213978,questions_in,fifo,uniform,0,0
2025-10-29T14:31:01.769060,PUBLISH,bcc73051838142e285c1e715838b72ad,68f2d95bd190740cfd6a24fc,ENQUEUED,0.3385820382166068,questions_in,fifo,uniform,0,0
2025-10-29T14:31:01.885836,PUBLISH,524fe9b4a253430096067f3a49bd4d3c,68f2d95bd190740cfd6a1f41,ENQUEUED,0.1142765427041665,questions_in,fifo,uniform,0,0
2025-10-29T14:31:02.255622,PUBLISH,9367fae5dc7f46eaa50bd11c5720d19d,68f2d95bd190740cfd6a3bd7,ENQUEUED,0.3676851599258989,questions_in,fifo,uniform,0,0
2025-10-29T14:31:02.590275,PUBLISH,1b36e3c3e51c4ee1b19dea4148f83c29,68f2d95bd190740cfd6a4009,ENQUEUED,0.3325998773533244,questions_in,fifo,uniform,0,0
2025-10-29T14:31:02.789779,PUBLISH,1bfccc1c80fd4ceab0ad13138f23426c,68f2d95bd190740cfd6a2227,ENQUEUED,0.19723818701390872,questions_in,fifo,uniform,0,0
2025-10-29T14:31:03.023683,PUBLISH,e7932486ca4c44cba5c339ebb22e5f49,68f2d95bd190740cfd6a1d2f,ENQUEUED,0.23183101686230767,questions_in,fifo,uniform,0,0
2025-10-29T14:31:03.320896,PUBLISH,ece815f79481472cba693243aca71b7e,68f2d95bd190740cfd6a2362,ENQUEUED,0.29494217652308763,questions_in,fifo,uniform,0,0
2025-10-29T14:31:03.613588,PUBLISH,529b38dfe7dc449990b16e139edaf40f,68f2d95bd190740cfd6a36b1,ENQUEUED,0.28959958040209727,questions_in,fifo,uniform,0,0
2025-10-29T14:31:04.081955,PUBLISH,f0485d8e358b472b9c58ee2dfb9ebc60,68f2d95bd190740cfd6a31b7,ENQUEUED,0.4652054427042682,questions_in,fifo,uniform,0,0
2025-10-29T14:31:04.356995,PUBLISH,f7f8be265edf4175afd47793bb1d13b7,68f2d95bd190740cfd6a3a5d,ENQUEUED,0.2729695593824448,questions_in,fifo,uniform,0,0
2025-10-29T14:31:04.665839,PUBLISH,15780d9c2db14e25951c486def3ddb26,68f2d95bd190740cfd6a1b76,ENQUEUED,0.30641763020809876,questions_in,fifo,uniform,0,0
2025-10-29T14:31:04.795860,PUBLISH,ed1fd239ed1f40f4ae5641f041e5dcf0,68f2d95bd190740cfd6a32d1,ENQUEUED,0.12723873132484076,questions_in,fifo,uniform,0,0
2025-10-29T14:31:04.927215,PUBLISH,1afc6aa17b6d4bd79081019744723e8a,68f2d95bd190740cfd6a2a1f,ENQUEUED,0.12835318431856516,questions_in,fifo,uniform,0,0
2025-10-29T14:31:05.212434,PUBLISH,d4ebf326ab364572b34a433e63ac4d82,68f2d95bd190740cfd6a24be,ENQUEUED,0.2824913326283015,questions_in,fifo,uniform,0,0
2025-10-29T14:31:05.622040,PUBLISH,62ef460dba41480d8d03fa42da05c603,68f2d95bd190740cfd6a1c75,ENQUEUED,0.4076904040679644,questions_in,fifo,uniform,0,0
2025-10-29T14:31:06.043210,PUBLISH,bcd9c3b2fcf4418ebd948e021c2abf1f,68f2d95bd190740cfd6a338f,ENQUEUED,0.4173640007095374,questions_in,fifo,uniform,0,0
2025-10-29T14:31:06.361699,PUBLISH,2e707be250104fb2aa5d64bdd947dd0d,68f2d95bd190740cfd6a2af0,ENQUEUED,0.3155503413873844,questions_in,fifo,uniform,0,0
2025-10-29T14:31:06.854201,PUBLISH,34bf0e3f8f5f4443bbf520451dc7750f,68f2d95bd190740cfd6a25d4,ENQUEUED,0.4898884569771299,questions_in,fifo,uniform,0,0
2025-10-29T14:31:07.301087,PUBLISH,e02e135e39f642a8b2e9e5c53b92bdcf,68f2d95bd190740cfd6a3d08,ENQUEUED,0.4448673595908448,questions_in,fifo,uniform,0,0
2025-10-29T14:31:07.599898,PUBLISH,15233e005a974b9faf66b29799232497,68f2d95bd190740cfd6a1d75,ENQUEUED,0.29608293641473615,questions_in,fifo,uniform,0,0
2025-10-29T14:31:07.729339,PUBLISH,065b5dc919fe4c74a256bfa3ddbb6023,68f2d95bd190740cfd6a39e1,ENQUEUED,0.12641541706604742,questions_in,fifo,uniform,0,0
2025-10-29T14:31:07.944948,PUBLISH,1a73e74e7dfc4a8a8a8a2c7699542582,68f2d95bd190740cfd6a3345,ENQUEUED,0.21274018354659818,questions_in,fifo,uniform,0,0
2025-10-29T14:31:08.119799,PUBLISH,78ab265ceca44fc2bfadea038acb2dbb,68f2d95bd190740cfd6a40ab,ENQUEUED,0.172975623837461,questions_in,fifo,uniform,0,0
2025-10-29T14:31:08.410113,PUBLISH,c30b4c9d51054318b26734af806ebbbd,68f2d95bd190740cfd6a3c40,ENQUEUED,0.2762325042117292,questions_in,fifo,uniform,0,0
2025-10-29T14:31:08.703864,PUBLISH,2a0cfa0a1d9e45748bddba024996900a,68f2d95bd190740cfd6a2793,ENQUEUED,0.291891335976469,questions_in,fifo,uniform,0,0
2025-10-29T14:31:09.077779,PUBLISH,67e89289eb984e1a8f86b531823844f0,68f2d95bd190740cfd6a37a9,ENQUEUED,0.3717262355166283,questions_in,fifo,uniform,0,0
2025-10-29T14:31:09.469308,PUBLISH,82b0202c9ec241c3b69bc60ff22e027f,68f2d95bd190740cfd6a219b,ENQUEUED,0.38942548639533536,questions_in,fifo,uniform,0,0
2025-10-29T14:31:09.969906,PUBLISH,1c6d8ffe2ba64b8187865f266b01a879,68f2d95bd190740cfd6a3df9,ENQUEUED,0.4979704550718048,questions_in,fifo,uniform,0,0
2025-10-29T14:31:10.446197,PUBLISH,e23cba06b687422f8eea30e035a84723,68f2d95bd190740cfd6a1c2c,ENQUEUED,0.4734377887835681,questions_in,fifo,uniform,0,0
2025-10-29T14:31:10.748150,PUBLISH,5903ef0399ee4bb6846ad9f2cb286bf0,68f2d95bd190740cfd6a3e7a,ENQUEUED,0.2993389610563031,questions_in,fifo,uniform,0,0
2025-10-29T14:31:11.107053,PUBLISH,df8eca1c61eb456ea65d016ddc82f43c,68f2d95bd190740cfd6a384a,ENQUEUED,0.3555169588425853,questions_in,fifo,uniform,0,0
2025-10-29T14:31:11.359969,PUBLISH,fd420b92a1de4099a89b8d945abe71c3,68f2d95bd190740cfd6a22c0,ENQUEUED,0.24974699988225263,questions_in,fifo,uniform,0,0
2025-10-29T14:31:11.500459,PUBLISH,1f15cc98d1dd4963a21bf89b830c5f8d,68f2d95bd190740cfd6a37e1,ENQUEUED,0.1382946738166748,questions_in,fifo,uniform,0,0
2025-10-29T14:31:11.915682,PUBLISH,f1d37170fcbc4c489093b905fa8e5649,68f2d95bd190740cfd6a268f,ENQUEUED,0.4134300430909149,questions_in,fifo,uniform,0,0
2025-10-29T14:31:12.220617,PUBLISH,ee09709a81984d068476608c96c52bff,68f2d95bd190740cfd6a2721,ENQUEUED,0.3032898819928547,questions_in,fifo,uniform,0,0
2025-10-29T14:31:12.596343,PUBLISH,3b87934dd3ac41c383baa976001d8056,68f2d95bd190740cfd6a280e,ENQUEUED,0.3729213710449223,questions_in,fifo,uniform,0,0
2025-10-29T14:31:12.938652,PUBLISH,c898c1836caf4477863a9756060cda58,68f2d95bd190740cfd6a1fac,ENQUEUED,0.34045308641612104,questions_in,fifo,uniform,0,0
2025-10-29T14:31:13.118478,PUBLISH,cd4cd13351734504bb70306978cf3a76,68f2d95bd190740cfd6a3a7f,ENQUEUED,0.17758819892897795,questions_in,fifo,uniform,0,0
2025-10-29T14:31:13.429735,PUBLISH,6919b771562d4d49a4a22d3905f89ce4,68f2d95bd190740cfd6a297b,ENQUEUED,0.3074712145609526,questions_in,fifo,uniform,0,0
2025-10-29T14:31:13.902360,PUBLISH,67b155eb69b04fdebfac6e7dd1ce3546,68f2d95bd190740cfd6a2270,ENQUEUED,0.47015783047437265,questions_in,fifo,uniform,0,0
2025-10-29T14:31:14.262686,PUBLISH,3612d82c69c144c59aa1566cb17afbe6,68f2d95bd190740cfd6a321a,ENQUEUED,0.3552439001412926,questions_in,fifo,uniform,0,0
2025-10-29T14:31:14.701785,PUBLISH,9bfbd3138cc0408a8e57b1998fe107c0,68f2d95bd190740cfd6a2850,ENQUEUED,0.43728244880753053,questions_in,fifo,uniform,0,0
2025-10-29T14:31:15.076887,PUBLISH,b4292975460645ee8fde0e864531f635,68f2d95bd190740cfd6a2c84,ENQUEUED,0.3722227639948531,questions_in,fifo,uniform,0,0
2025-10-29T14:31:15.399534,PUBLISH,b99605603b5c436596039e1cd9729e61,68f2d95bd190740cfd6a29d8,ENQUEUED,0.3211111168006733,questions_in,fifo,uniform,0,0
2025-10-29T14:31:15.611807,PUBLISH,b3055e80509f47bf862343c49d35915f,68f2d95bd190740cfd6a41c0,ENQUEUED,0.20997272412893003,questions_in,fifo,uniform,0,0
2025-10-29T14:31:15.743235,PUBLISH,bdb26bd176634555b1a65e341c775897,68f2d95bd190740cfd6a3745,ENQUEUED,0.12782777801173517,questions_in,fifo,uniform,0,0
2025-10-29T14:31:16.229967,PUBLISH,2ab118bc881448a6baee58e91e33f4a8,68f2d95bd190740cfd6a2dfb,ENQUEUED,0.48397050310478706,questions_in,fifo,uniform,0,0
2025-10-29T14:31:16.471478,PUBLISH,b13122cb9e3d403e8377d723ad147158,68f2d95bd190740cfd6a2928,ENQUEUED,0.23954556459946788,questions_in,fifo,uniform,0,0
2025-10-29T14:31:16.953605,PUBLISH,acb3ff3663a848c79c2a8acb164232a6,68f2d95bd190740cfd6a1d7f,ENQUEUED,0.4797485869843391,questions_in,fifo,uniform,0,0
2025-10-29T14:31:17.208044,PUBLISH,4cebd6b5407e41b78d4d5218da0af26b,68f2d95bd190740cfd6a214f,ENQUEUED,0.2506541825957645,questions_in,fifo,uniform,0,0
2025-10-29T14:31:17.419721,PUBLISH,db2394edec4b4801baa6a8de085ab5ba,68f2d95bd190740cfd6a2327,ENQUEUED,0.20911798798319176,questions_in,fifo,uniform,0,0
2025-10-29T14:31:17.726941,PUBLISH,06d9916a66d54f92a16fd4ef19dd8418,68f2d95bd190740cfd6a3627,ENQUEUED,0.30473922458537284,questions_in,fifo,uniform,0,0
2025-10-29T14:31:18.039382,PUBLISH,c07a78ba02eb429b9d17ceb2a213cdf4,68f2d95bd190740cfd6a3e4a,ENQUEUED,0.3101744103013056,questions_in,fifo,uniform,0,0
2025-10-29T14:31:18.153836,PUBLISH,93baf2c860b3466f9fa492c239681ed0,68f2d95bd190740cfd6a3eb8,ENQUEUED,0.1122110836106224,questions_in,fifo,uniform,0,0
2025-10-29T14:31:18.631698,PUBLISH,d7dca9b234644cbab41e281ac6dea375,68f2d95bd190740cfd6a2c6d,ENQUEUED,0.47461886920582985,questions_in,fifo,uniform,0,0
2025-10-29T14:31:19.081677,PUBLISH,f238c4e064c946f3916e554ceedef55e,68f2d95bd190740cfd6a4008,ENQUEUED,0.44750305776853094,questions_in,fifo,uniform,0,0
2025-10-29T14:31:19.543839,PUBLISH,44777cb701264b969cb1ff6efd185159,68f2d95bd190740cfd6a286e,ENQUEUED,0.4575424400623437,questions_in,fifo,uniform,0,0
2025-10-29T14:31:19.846634,PUBLISH,48bf7d179f944a7a884a9c4b9a953b5d,68f2d95bd190740cfd6a3ad5,ENQUEUED,0.2984996126972586,questions_in,fifo,uniform,0,0
2025-10-29T14:31:20.278008,PUBLISH,e8837e7397e44d968ca2e8f48202a1fa,68f2d95bd190740cfd6a1efc,ENQUEUED,0.42875973057009087,questions_in,fifo,uniform,0,0
2025-10-29T14:31:20.677899,PUBLISH,012ab271473f41329e377c44faa7d992,68f2d95bd190740cfd6a2a08,ENQUEUED,0.3972373532681418,questions_in,fifo,uniform,0,0
2025-10-29T14:31:20.941598,PUBLISH,62a3baf23e7c41bba05a3139deeeeb1e,68f2d95bd190740cfd6a41a7,ENQUEUED,0.2606517759951506,questions_in,fifo,uniform,0,0
2025-10-29T14:31:21.396576,PUBLISH,a2017b6e94434f488ecf49748e99d319,68f2d95bd190740cfd6a222e,ENQUEUED,0.45236248581960714,questions_in,fifo,uniform,0,0
2025-10-29T14:31:21.625827,PUBLISH,5b9b375e302c4f6f96a839a86859bf45,68f2d95bd190740cfd6a35a2,ENQUEUED,0.22631897087660705,questions_in,fifo,uniform,0,0
2025-10-29T14:31:22.076170,PUBLISH,65b287e1644048c5ab0133458a7faf4d,68f2d95bd190740cfd6a4044,ENQUEUED,0.44748064247216846,questions_in,fifo,uniform,0,0
2025-10-29T14:31:22.503147,PUBLISH,e27d198059d54819925b23090f3ab3cf,68f2d95bd190740cfd6a3f15,ENQUEUED,0.4249495929000311,questions_in,fifo,uniform,0,0
2025-10-29T14:31:22.932618,PUBLISH,e8e27d371e88435cab8f098c74d1a682,68f2d95bd190740cfd6a24a9,ENQUEUED,0.42654738389177316,questions_in,fifo,uniform,0,0
2025-10-29T14:31:23.139457,PUBLISH,7e3a86d9a4184dd5950c1d5fb7700c8f,68f2d95bd190740cfd6a1d5e,ENQUEUED,0.20430002203633746,questions_in,fifo,uniform,0,0
2025-10-29T14:31:23.465908,PUBLISH,2691f1380a494764a9664bce043d54ed,68f2d95bd190740cfd6a3b59,ENQUEUED,0.3235291288338896,questions_in,fifo,uniform,0,0
2025-10-29T14:31:23.820352,PUBLISH,6d8a47c0b5244255a1237972e915f3c5,68f2d95bd190740cfd6a2dc6,ENQUEUED,0.35245315456133486,questions_in,fifo,uniform,0,0
2025-10-29T14:31:23.980001,PUBLISH,78ab88dd187f44f7bc1a314208cfc4ad,68f2d95bd190740cfd6a2da1,ENQUEUED,0.1570466735577737,questions_in,fifo,uniform,0,0
2025-10-29T14:31:24.424489,PUBLISH,2ff3bcad708e4019956a4a5526e72d67,68f2d95bd190740cfd6a379c,ENQUEUED,0.4388161200607823,questions_in,fifo,uniform,0,0
2025-10-29T14:31:24.690462,PUBLISH,d9f9279129c3476ca06734ccc52840cb,68f2d95bd190740cfd6a1cae,ENQUEUED,0.2628308744063897,questions_in,fifo,uniform,0,0
2025-10-29T14:31:24.924826,PUBLISH,4a79660b8554444a86bf189efc423329,68f2d95bd190740cfd6a2c71,ENQUEUED,0.23156479856941503,questions_in,fifo,uniform,0,0
2025-10-29T14:31:25.268398,PUBLISH,01e1df3da90f4089a1d7a6e3a4e7bc5d,68f2d95bd190740cfd6a2e53,ENQUEUED,0.34149385066385707,questions_in,fifo,uniform,0,0
2025-10-29T14:31:25.430105,PUBLISH,86670d4083c64a3d9bb2ebd62b857aac,68f2d95bd190740cfd6a1fe9,ENQUEUED,0.15952546286526892,questions_in,fifo,uniform,0,0
2025-10-29T14:31:25.711067,PUBLISH,c341b3ddb775401e8fbb51baf7b934ca,68f2d95bd190740cfd6a3b97,ENQUEUED,0.2777054571660618,questions_in,fifo,uniform,0,0
2025-10-29T14:31:25.845298,PUBLISH,a567195c2e634dfa8dae5ec324e53d54,68f2d95bd190740cfd6a3abb,ENQUEUED,0.13204764299431992,questions_in,fifo,uniform,0,0
2025-10-29T14:31:26.030469,PUBLISH,b424330866a54d689e57c4264eca7432,68f2d95bd190740cfd6a2dd9,ENQUEUED,0.18280487974258236,questions_in,fifo,uniform,0,0
2025-10-29T14:31:26.354914,PUBLISH,3474615505cb4c0f95712da8d5ffe85a,68f2d95bd190740cfd6a33e4,ENQUEUED,0.32148429406269324,questions_in,fifo,uniform,0,0
2025-10-29T14:31:26.733875,PUBLISH,520f45d9c0f748698fc2ff63de287988,68f2d95bd190740cfd6a3bd5,ENQUEUED,0.37657168585791945,questions_in,fifo,uniform,0,0
2025-10-29T14:31:27.031747,PUBLISH,661fa40e73984d22a140aaf2d6972b6c,68f2d95bd190740cfd6a3a1b,ENQUEUED,0.29584539332846405,questions_in,fifo,uniform,0,0
2025-10-29T14:31:27.320701,PUBLISH,35da6b8819684add8343dfaa07db2057,68f2d95bd190740cfd6a39c5,ENQUEUED,0.2869530972915001,questions_in,fifo,uniform,0,0
2025-10-29T14:31:27.746073,PUBLISH,4a2e30e008b84cf6919d823618cf9432,68f2d95bd190740cfd6a2740,ENQUEUED,0.42247975749375444,questions_in,fifo,uniform,0,0
2025-10-29T14:31:27.920651,PUBLISH,9be1b173c92545928a0f8722925d0f80,68f2d95bd190740cfd6a2a85,ENQUEUED,0.17212730454514047,questions_in,fifo,uniform,0,0
2025-10-29T14:31:28.152333,PUBLISH,518cb95949334da5b118cc83bf70b79d,68f2d95bd190740cfd6a2eb7,ENQUEUED,0.2295348184169706,questions_in,fifo,uniform,0,0
2025-10-29T14:31:28.599928,PUBLISH,b5d98b3eb1d7431f93fd15b7958f3372,68f2d95bd190740cfd6a260c,ENQUEUED,0.44510520960761024,questions_in,fifo,uniform,0,0
2025-10-29T14:31:28.794188,PUBLISH,27db937710244f469533dc6ea34b04a1,68f2d95bd190740cfd6a269f,ENQUEUED,0.19175208752424677,questions_in,fifo,uniform,0,0
2025-10-29T14:31:29.190844,PUBLISH,d8623d2b7d9344158f352d02e0420be0,68f2d95bd190740cfd6a3ca4,ENQUEUED,0.39361513039010865,questions_in,fifo,uniform,0,0
2025-10-29T14:31:29.668936,PUBLISH,c73afe8553a8451e932cfbca02cb7aa8,68f2d95bd190740cfd6a2782,ENQUEUED,0.47573021836611173,questions_in,fifo,uniform,0,0
2025-10-29T14:31:30.142003,PUBLISH,adf5c3b1cee4461f8b285485aa764040,68f2d95bd190740cfd6a373f,ENQUEUED,0.47002379834641295,questions_in,fifo,uniform,0,0
2025-10-29T14:31:30.396295,PUBLISH,269d6bff599b4b7d8bea1931164bd354,68f2d95bd190740cfd6a2b3d,ENQUEUED,0.25257599911770157,questions_in,fifo,uniform,0,0
2025-10-29T14:31:30.817496,PUBLISH,ac60edd7227a47cfa168f1dcf4ddaaa5,68f2d95bd190740cfd6a3002,ENQUEUED,0.4183282630338945,questions_in,fifo,uniform,0,0
2025-10-29T14:31:31.011342,PUBLISH,7f03fb5cdd1140bbb70434d55096a617,68f2d95bd190740cfd6a3277,ENQUEUED,0.1915695221788198,questions_in,fifo,uniform,0,0
2025-10-29T14:31:31.138671,PUBLISH,d971fa5463354c97be826ce2fbd98582,68f2d95bd190740cfd6a3921,ENQUEUED,0.12441139741245388,questions_in,fifo,uniform,0,0
2025-10-29T14:31:31.578378,PUBLISH,4f4ede3bfbaf4c75846d68b889d858d4,68f2d95bd190740cfd6a2996,ENQUEUED,0.4368439866394227,questions_in,fifo,uniform,0,0
2025-10-29T14:31:31.918918,PUBLISH,4b6ac46c34c849428a4a4af3e5155153,68f2d95bd190740cfd6a234a,ENQUEUED,0.3378334861421328,questions_in,fifo,uniform,0,0
2025-10-29T14:31:32.262913,PUBLISH,8343d6dd175d486dbab85b32da758a4b,68f2d95bd190740cfd6a25cd,ENQUEUED,0.3421639889328998,questions_in,fifo,uniform,0,0
2025-10-29T14:31:32.556852,PUBLISH,e2274dd41f3b400bbe1e79737fbad4f6,68f2d95bd190740cfd6a216d,ENQUEUED,0.2914628220823241,questions_in,fifo,uniform,0,0
2025-10-29T14:31:32.893212,PUBLISH,a527f81dca9f4ce7b1009e61562deef7,68f2d95bd190740cfd6a3943,ENQUEUED,0.3340576617235551,questions_in,fifo,uniform,0,0
2025-10-29T14:31:33.129542,PUBLISH,b05f0a041bad47648499e57edc0916df,68f2d95bd190740cfd6a30da,ENQUEUED,0.23426615840933948,questions_in,fifo,uniform,0,0
2025-10-29T14:31:33.543425,PUBLISH,1c6dd3a4d86a4f39954f9bfef85aafdf,68f2d95bd190740cfd6a3f06,ENQUEUED,0.4112945848006303,questions_in,fifo,uniform,0,0
2025-10-29T14:31:33.806345,PUBLISH,2eb3631317b94e83bb541a6e5539e995,68f2d95bd190740cfd6a403f,ENQUEUED,0.2600634077342557,questions_in,fifo,uniform,0,0
2025-10-29T14:31:34.074818,PUBLISH,a4e335fc4684495dab39b02724410a78,68f2d95bd190740cfd6a38f1,ENQUEUED,0.26600314252070056,questions_in,fifo,uniform,0,0
2025-10-29T14:31:34.515802,PUBLISH,23562c75b8c04fb39606855e4e9bc4c2,68f2d95bd190740cfd6a29de,ENQUEUED,0.43895385767956896,questions_in,fifo,uniform,0,0
2025-10-29T14:31:34.706824,PUBLISH,d5c8f74539204fa4b938187c5e2bdf4c,68f2d95bd190740cfd6a1fa3,ENQUEUED,0.18795863438916266,questions_in,fifo,uniform,0,0
2025-10-29T14:31:34.951763,PUBLISH,e4eb96baf559487692b8bb64757a32a6,68f2d95bd190740cfd6a2852,ENQUEUED,0.2431701934629246,questions_in,fifo,uniform,0,0
2025-10-29T14:31:35.382405,PUBLISH,b6f8da933b684c9785d863987478a220,68f2d95bd190740cfd6a33be,ENQUEUED,0.42908020625168974,questions_in,fifo,uniform,0,0
2025-10-29T14:31:35.647091,PUBLISH,239f5b7ea87f43bab636ffe57e557f94,68f2d95bd190740cfd6a269f,ENQUEUED,0.262637167417864,questions_in,fifo,uniform,0,0
2025-10-29T14:31:35.902718,PUBLISH,0c36e6a6e095446f9b6eff76f4c91473,68f2d95bd190740cfd6a2078,ENQUEUED,0.2532555631413884,questions_in,fifo,uniform,0,0
2025-10-29T14:31:36.300252,PUBLISH,b2b9b6518434417c9cef886293d160b1,68f2d95bd190740cfd6a3519,ENQUEUED,0.39432030057222056,questions_in,fifo,uniform,0,0
2025-10-29T14:31:36.449849,PUBLISH,8eb15d0f38564885b35e808dad8383eb,68f2d95bd190740cfd6a3eab,ENQUEUED,0.147785157932716,questions_in,fifo,uniform,0,0
2025-10-29T14:31:36.670909,PUBLISH,963a8f77d3b64381ba3b0cc684e0eec6,68f2d95bd190740cfd6a3432,ENQUEUED,0.21824433494017814,questions_in,fifo,uniform,0,0
2025-10-29T14:31:36.931256,PUBLISH,bbe7f99f9ca948c1bee5bca23438908c,68f2d95bd190740cfd6a2020,ENQUEUED,0.2582040486599585,questions_in,fifo,uniform,0,0
2025-10-29T14:31:37.345314,PUBLISH,a3a63362568d47ce9a2c9a05dddc5b5f,68f2d95bd190740cfd6a3898,ENQUEUED,0.4120487973944731,questions_in,fifo,uniform,0,0
2025-10-29T14:31:37.804876,PUBLISH,dddd3a77db194dfdb17da2decdbb588a,68f2d95bd190740cfd6a1f24,ENQUEUED,0.4566008483590258,questions_in,fifo,uniform,0,0
2025-10-29T14:31:38.171528,PUBLISH,830725b80583462f8a8cf80c50f2c6fb,68f2d95bd190740cfd6a27a1,ENQUEUED,0.3637772051223961,questions_in,fifo,uniform,0,0
2025-10-29T14:31:38.572066,PUBLISH,4d0741b9ed8648ec9d5b033328ed8f0b,68f2d95bd190740cfd6a3c49,ENQUEUED,0.39697557131004124,questions_in,fifo,uniform,0,0
2025-10-29T14:31:38.977868,PUBLISH,1b05edbe8f0846fcb2b03f03f5fda64e,68f2d95bd190740cfd6a3487,ENQUEUED,0.403685052301178,questions_in,fifo,uniform,0,0
2025-10-29T14:31:39.174274,PUBLISH,af93791fab594d2f9e06a8a86b9cd2de,68f2d95bd190740cfd6a38a9,ENQUEUED,0.1935869215409911,questions_in,fifo,uniform,0,0
2025-10-29T14:31:39.675594,PUBLISH,1d55c340871f4beeb39505727cbd1049,68f2d95bd190740cfd6a3e30,ENQUEUED,0.49810319340561837,questions_in,fifo,uniform,0,0
2025-10-29T14:31:39.984643,PUBLISH,60a27f0db07c4164a6cc6171b4996803,68f2d95bd190740cfd6a2b9c,ENQUEUED,0.30682675066624726,questions_in,fifo,uniform,0,0
2025-10-29T14:31:40.430155,PUBLISH,1251bbe2c4104b71afd6d6f20eb3a105,68f2d95bd190740cfd6a393a,ENQUEUED,0.4427264720935249,questions_in,fifo,uniform,0,0
2025-10-29T14:31:40.875846,PUBLISH,0d23728862f94159ab6a37dc3891a641,68f2d95bd190740cfd6a28ef,ENQUEUED,0.443755603870034,questions_in,fifo,uniform,0,0
2025-10-29T14:31:41.246858,PUBLISH,d54d2725defb42d381e2da2326b2ba36,68f2d95bd190740cfd6a278c,ENQUEUED,0.3648451905644262,questions_in,fifo,uniform,0,0
2025-10-29T14:31:41.388713,PUBLISH,3df32182fdbe467e9448683184626706,68f2d95bd190740cfd6a1b16,ENQUEUED,0.13920982369027057,questions_in,fifo,uniform,0,0
2025-10-29T14:31:41.564193,PUBLISH,b1799dcdccef4eef8f59f265535792a0,68f2d95bd190740cfd6a40c2,ENQUEUED,0.17292303369249154,questions_in,fifo,uniform,0,0
2025-10-29T14:31:41.929177,PUBLISH,c0c50bfee2a24c31b10144bc246524bb,68f2d95bd190740cfd6a3071,ENQUEUED,0.3630550378510591,questions_in,fifo,uniform,0,0
2025-10-29T14:31:42.204765,PUBLISH,e02150aacd764817aeb82c941d42644b,68f2d95bd190740cfd6a2392,ENQUEUED,0.2728958048504853,questions_in,fifo,uniform,0,0
2025-10-29T14:31:42.438928,PUBLISH,36d649549e194b90839e53a48703a7e0,68f2d95bd190740cfd6a1fd7,ENQUEUED,0.2301353350491831,questions_in,fifo,uniform,0,0
2025-10-29T14:31:42.616565,PUBLISH,27fe3c9153dc49f99697841f2759cb00,68f2d95bd190740cfd6a2841,ENQUEUED,0.17612457304381046,questions_in,fifo,uniform,0,0
2025-10-29T14:31:42.881160,PUBLISH,fd1f801fc2304608b470bd2115eb97aa,68f2d95bd190740cfd6a3dc0,ENQUEUED,0.26234631558887256,questions_in,fifo,uniform,0,0
2025-10-29T14:31:43.015792,PUBLISH,ff9d6848d7d9452d9a9cf53f6118268b,68f2d95bd190740cfd6a28bf,ENQUEUED,0.1325740484674054,questions_in,fifo,uniform,0,0
2025-10-29T14:31:43.127902,PUBLISH,7a156bc0e76c4555bf9b7bf6c013405f,68f2d95bd190740cfd6a2ccd,ENQUEUED,0.10949770174612082,questions_in,fifo,uniform,0,0
2025-10-29T14:31:43.292885,PUBLISH,d55b7ed1748748348d11ad92fd5c30f8,68f2d95bd190740cfd6a3bf5,ENQUEUED,0.16319673231493564,questions_in,fifo,uniform,0,0
2025-10-29T14:31:43.450547,PUBLISH,fac9fe0e6d574b3ca7cd74cd31f2b53e,68f2d95bd190740cfd6a3898,ENQUEUED,0.15578899572597954,questions_in,fifo,uniform,0,0
2025-10-29T14:31:43.621913,PUBLISH,67a7a7722fa84d75a0f33ca670fed4e5,68f2d95bd190740cfd6a3a89,ENQUEUED,0.16898223311113142,questions_in,fifo,uniform,0,0
2025-10-29T14:31:43.754353,PUBLISH,70f26a19a26d43b798c4ed148219b5a6,68f2d95bd190740cfd6a1fd2,ENQUEUED,0.12881946229351318,questions_in,fifo,uniform,0,0
2025-10-29T14:31:44.026404,PUBLISH,743040eb319940149df287581b05bad7,68f2d95bd190740cfd6a2094,ENQUEUED,0.26942408147111424,questions_in,fifo,uniform,0,0
2025-10-29T14:31:44.523822,PUBLISH,00f47f766d20461da4c999c7d1cdb17e,68f2d95bd190740cfd6a38f1,ENQUEUED,0.4950581299498453,questions_in,fifo,uniform,0,0
2025-10-29T14:31:44.852616,PUBLISH,2c28eb0440264142b8f99869f3697d5e,68f2d95bd190740cfd6a31f1,ENQUEUED,0.32530665540189774,questions_in,fifo,uniform,0,0
2025-10-29T14:31:45.210025,PUBLISH,a731405861364dc484f02169ba8ef7f1,68f2d95bd190740cfd6a1d91,ENQUEUED,0.3553661135948485,questions_in,fifo,uniform,0,0
2025-10-29T14:31:45.371189,PUBLISH,732086bf34294876b2fafac75beee9b7,68f2d95bd190740cfd6a26eb,ENQUEUED,0.1582803489745694,questions_in,fifo,uniform,0,0
2025-10-29T14:31:45.791152,PUBLISH,279dfc1d31834079b41694dff789aedf,68f2d95bd190740cfd6a3603,ENQUEUED,0.4167613742788151,questions_in,fifo,uniform,0,0
2025-10-29T14:31:45.908395,PUBLISH,a187b2f0bd79475aaa3619d72a2b3a2d,68f2d95bd190740cfd6a4174,ENQUEUED,0.11450155469036814,questions_in,fifo,uniform,0,0
2025-10-29T14:31:46.250611,PUBLISH,ee6b2d03bf4941539d6b24d4823ec3d8,68f2d95bd190740cfd6a26ea,ENQUEUED,0.3395280903553145,questions_in,fifo,uniform,0,0
2025-10-29T14:31:46.497799,PUBLISH,ae4adb8bea2e484bbab989b58c566431,68f2d95bd190740cfd6a257e,ENQUEUED,0.24475049075516198,questions_in,fifo,uniform,0,0
2025-10-29T14:31:46.841768,PUBLISH,61c56669eba6484daf527791ba054b6a,68f2d95bd190740cfd6a2e30,ENQUEUED,0.3414987487416665,questions_in,fifo,uniform,0,0
2025-10-29T14:31:47.260655,PUBLISH,9364badfb8df4bc7b90fef612bbd0107,68f2d95bd190740cfd6a3844,ENQUEUED,0.4171422143137934,questions_in,fifo,uniform,0,0
2025-10-29T14:31:47.481635,PUBLISH,c0a6d673956c441baa62b915d4cc0c7d,68f2d95bd190740cfd6a279f,ENQUEUED,0.21860242462860646,questions_in,fifo,uniform,0,0
2025-10-29T14:31:47.721080,PUBLISH,6810e248fe99416c84a915f0ba0216c1,68f2d95bd190740cfd6a26da,ENQUEUED,0.23547591113791475,questions_in,fifo,uniform,0,0
2025-10-29T14:31:48.166617,PUBLISH,4f5a6ba34502430eb7e864e7514e4d09,68f2d95bd190740cfd6a314f,ENQUEUED,0.4435078469542071,questions_in,fifo,uniform,0,0
2025-10-29T14:31:48.445604,PUBLISH,2327d1d4e45c4f17802c30e28ed1417a,68f2d95bd190740cfd6a3bd2,ENQUEUED,0.2754719303815526,questions_in,fifo,uniform,0,0
2025-10-29T14:31:48.744038,PUBLISH,8b7924a438ce4ecd93ae5b9bcd58d487,68f2d95bd190740cfd6a2e61,ENQUEUED,0.29451299480281357,questions_in,fifo,uniform,0,0
2025-10-29T14:31:49.031733,PUBLISH,bf6bb6fd6cfb4a25bd10b739837e7930,68f2d95bd190740cfd6a387f,ENQUEUED,0.2854394427135197,questions_in,fifo,uniform,0,0
2025-10-29T14:31:49.490179,PUBLISH,3f9defba27134d60a3168df862c2049d,68f2d95bd190740cfd6a3dcd,ENQUEUED,0.45586149669509557,questions_in,fifo,uniform,0,0
2025-10-29T14:31:49.936931,PUBLISH,d642170124c0420096709dd73432b8ef,68f2d95bd190740cfd6a2555,ENQUEUED,0.44272316340176177,questions_in,fifo,uniform,0,0
2025-10-29T14:31:50.153213,PUBLISH,816975ae818c4c25b4241e73c6dfb9bf,68f2d95bd190740cfd6a2b72,ENQUEUED,0.21370414144131558,questions_in,fifo,uniform,0,0
2025-10-29T14:31:50.649780,PUBLISH,6a5f54a6e8b74836a068c4e0404d3219,68f2d95bd190740cfd6a3438,ENQUEUED,0.49481375438012987,questions_in,fifo,uniform,0,0
2025-10-29T14:31:50.782287,PUBLISH,13226c043d734ac39d1151c58161cc92,68f2d95bd190740cfd6a3172,ENQUEUED,0.13102427970161135,questions_in,fifo,uniform,0,0
2025-10-29T14:31:51.156374,PUBLISH,718796fbe4264bfdbdc336804e3a328e,68f2d95bd190740cfd6a3e98,ENQUEUED,0.3713110636502752,questions_in,fifo,uniform,0,0
2025-10-29T14:31:51.621416,PUBLISH,9b156e594ca545d4904f4cf89c432f3b,68f2d95bd190740cfd6a3cdf,ENQUEUED,0.4618284761761319,questions_in,fifo,uniform,0,0
2025-10-29T14:31:52.123235,PUBLISH,f6423344fe194bef9044a1afb1a61958,68f2d95bd190740cfd6a2712,ENQUEUED,0.4989289113307689,questions_in,fifo,uniform,0,0
2025-10-29T14:31:52.614876,PUBLISH,5009f36350da486b97773aca384f38ce,68f2d95bd190740cfd6a29f7,ENQUEUED,0.4883494776373932,questions_in,fifo,uniform,0,0
2025-10-29T14:31:52.937593,PUBLISH,59198dab38f94ff1b279cc5512c43c7d,68f2d95bd190740cfd6a2ac7,ENQUEUED,0.3180179759268209,questions_in,fifo,uniform,0,0
2025-10-29T14:31:53.197303,PUBLISH,316579a7a8954ecdb5c06a1164da978e,68f2d95bd190740cfd6a3ff6,ENQUEUED,0.25717470955950394,questions_in,fifo,uniform,0,0
2025-10-29T14:31:53.493245,PUBLISH,2f0e034ea4dc40aebcb94c050a97ce0e,68f2d95bd190740cfd6a3c2c,ENQUEUED,0.2936533083356957,questions_in,fifo,uniform,0,0
2025-10-29T14:31:53.934980,PUBLISH,14977c43ac004a3c917853c0c1ccf4eb,68f2d95bd190740cfd6a3656,ENQUEUED,0.4380537940428154,questions_in,fifo,uniform,0,0
2025-10-29T14:31:54.102438,PUBLISH,e995fc7268044f70aceed0e2954b22ad,68f2d95bd190740cfd6a3705,ENQUEUED,0.16344807828507246,questions_in,fifo,uniform,0,0
2025-10-29T14:31:54.475160,PUBLISH,a0384011d4a0424f9fd5dc22efae077d,68f2d95bd190740cfd6a28a9,ENQUEUED,0.37022514552205965,questions_in,fifo,uniform,0,0
2025-10-29T14:31:54.721470,PUBLISH,896fa98ace404cd3a245438ba181c7d6,68f2d95bd190740cfd6a35de,ENQUEUED,0.24355979305283804,questions_in,fifo,uniform,0,0
2025-10-29T14:31:55.224493,PUBLISH,a01aee575080436daa60305732f217f3,68f2d95bd190740cfd6a2305,ENQUEUED,0.4978073827872206,questions_in,fifo,uniform,0,0
2025-10-29T14:31:55.706383,PUBLISH,7c9143c80b58482c965a068c6a52cf56,68f2d95bd190740cfd6a3f3a,ENQUEUED,0.4785927612995198,questions_in,fifo,uniform,0,0
2025-10-29T14:31:56.109937,PUBLISH,cd84b5e62e86469c87727ca2d1b01059,68f2d95bd190740cfd6a26cb,ENQUEUED,0.4011464742776486,questions_in,fifo,uniform,0,0
2025-10-29T14:31:56.317806,PUBLISH,bb856195a53e42ea8ccd788160f95b86,68f2d95bd190740cfd6a35df,ENQUEUED,0.2047916691422417,questions_in,fifo,uniform,0,0
2025-10-29T14:31:56.729195,PUBLISH,85d9be20efba441ca5a86e43a5f131a0,68f2d95bd190740cfd6a35e1,ENQUEUED,0.4093303183887722,questions_in,fifo,uniform,0,0
2025-10-29T14:31:57.193935,PUBLISH,5790a2ffb91e456392fefba4fd7c4bf4,68f2d95bd190740cfd6a3e0e,ENQUEUED,0.46253414634978174,questions_in,fifo,uniform,0,0
2025-10-29T14:31:57.421869,PUBLISH,7ad4f0c940124638b725741d4e9be78e,68f2d95bd190740cfd6a2773,ENQUEUED,0.2258841491915177,questions_in,fifo,uniform,0,0
2025-10-29T14:31:57.826781,PUBLISH,64623db41a4f462ba53928e0e350f8e5,68f2d95bd190740cfd6a348c,ENQUEUED,0.40302075789783276,questions_in,fifo,uniform,0,0
2025-10-29T14:31:58.280889,PUBLISH,57492fa09a804fa3bf599ae0d9c86ec7,68f2d95bd190740cfd6a26fd,ENQUEUED,0.45223606779893477,questions_in,fifo,uniform,0,0
2025-10-29T14:31:58.773098,PUBLISH,be33ec8465744ba1b653a09fdc28d8a7,68f2d95bd190740cfd6a37ff,ENQUEUED,0.48989497420233985,questions_in,fifo,uniform,0,0
2025-10-29T14:31:59.210208,PUBLISH,aa98349a5ad74b35b08bedadfff92226,68f2d95bd190740cfd6a38a9,ENQUEUED,0.43402157720176604,questions_in,fifo,uniform,0,0
2025-10-29T14:31:59.534592,PUBLISH,ef6572a58a4d4ed1a5e750075b92a97d,68f2d95bd190740cfd6a2f0d,ENQUEUED,0.3211335802293272,questions_in,fifo,uniform,0,0
2025-10-29T14:31:59.868731,PUBLISH,80f57d95da07463cb3282154304b3f9f,68f2d95bd190740cfd6a3566,ENQUEUED,0.33145768627816163,questions_in,fifo,uniform,0,0
2025-10-29T14:32:00.093562,PUBLISH,ba58901aad6d477eb7186e20f2fca798,68f2d95bd190740cfd6a3116,ENQUEUED,0.2232237342238734,questions_in,fifo,uniform,0,0
2025-10-29T14:32:00.412533,PUBLISH,9dce9a42d6b240d1abc9d38a71281815,68f2d95bd190740cfd6a24f7,ENQUEUED,0.3170136593940063,questions_in,fifo,uniform,0,0
2025-10-29T14:32:00.705556,PUBLISH,03d133abaf424ef0a9e8bdada43f8c52,68f2d95bd190740cfd6a2943,ENQUEUED,0.2903467919408461,questions_in,fifo,uniform,0,0
2025-10-29T14:32:00.971236,PUBLISH,71f24531a8e84110b981d7110826220d,68f2d95bd190740cfd6a24e4,ENQUEUED,0.2620685681736207,questions_in,fifo,uniform,0,0
2025-10-29T14:32:01.243717,PUBLISH,ed6905971f524431b9227466d3bf80e0,68f2d95bd190740cfd6a2cd8,ENQUEUED,0.2704347292808159,questions_in,fifo,uniform,0,0
2025-10-29T14:32:01.481790,PUBLISH,b9ab293efa8347afba97d1f8e7b9080d,68f2d95bd190740cfd6a215b,ENQUEUED,0.23558356842502018,questions_in,fifo,uniform,0,0
2025-10-29T14:32:01.836276,PUBLISH,cdc9e12f6e8b45008b9c819878220ce2,68f2d95bd190740cfd6a1ad6,ENQUEUED,0.35143302988579517,questions_in,fifo,uniform,0,0
2025-10-29T14:32:02.129085,PUBLISH,b5e582dc7ae0481da61fef1f6ce24fce,68f2d95bd190740cfd6a391a,ENQUEUED,0.28992229917908097,questions_in,fifo,uniform,0,0
2025-10-29T14:32:02.445018,PUBLISH,9460b225b64e4148bd6364a61570b195,68f2d95bd190740cfd6a376b,ENQUEUED,0.3130975836811647,questions_in,fifo,uniform,0,0
2025-10-29T14:32:02.825795,PUBLISH,691ff60a75d14c63bfd3feceb6b569dd,68f2d95bd190740cfd6a2066,ENQUEUED,0.378374749951908,questions_in,fifo,uniform,0,0
2025-10-29T14:32:03.307010,PUBLISH,23cd38e169d9498a9e3dff266e5526ca,68f2d95bd190740cfd6a2bda,ENQUEUED,0.4792112400232874,questions_in,fifo,uniform,0,0
2025-10-29T14:32:03.437288,PUBLISH,0908e74b004d47f5aebb9eb572436f7e,68f2d95bd190740cfd6a1e6c,ENQUEUED,0.12769368515887192,questions_in,fifo,uniform,0,0
2025-10-29T14:32:03.726420,PUBLISH,322dd8e15ac641d28501669ce6bc9c09,68f2d95bd190740cfd6a31c0,ENQUEUED,0.2852937087854943,questions_in,fifo,uniform,0,0
2025-10-29T14:32:04.082412,PUBLISH,415877d37fbe4013b53a8670e649d22d,68f2d95bd190740cfd6a27d2,ENQUEUED,0.35251929344307154,questions_in,fifo,uniform,0,0
2025-10-29T14:32:04.573827,PUBLISH,a0b6770ea48d43508a1b19f1e8037f6a,68f2d95bd190740cfd6a325e,ENQUEUED,0.48897207263014697,questions_in,fifo,uniform,0,0
2025-10-29T14:32:04.795320,PUBLISH,3ea8fd450a34492b96f3e53728c51749,68f2d95bd190740cfd6a3d1a,ENQUEUED,0.2196064510432335,questions_in,fifo,uniform,0,0
2025-10-29T14:32:05.063199,PUBLISH,f67d6ed535a344ab81341d030bbffafb,68f2d95bd190740cfd6a3cfb,ENQUEUED,0.26571697747798995,questions_in,fifo,uniform,0,0
2025-10-29T14:32:05.276727,PUBLISH,14b50c30b98143be86f5eaa9bf36a724,68f2d95bd190740cfd6a3201,ENQUEUED,0.2117304119565432,questions_in,fifo,uniform,0,0
2025-10-29T14:32:05.432062,PUBLISH,0e8fd50b1f844dc98cf4d691f2aaa940,68f2d95bd190740cfd6a1b82,ENQUEUED,0.1519183341363283,questions_in,fifo,uniform,0,0
2025-10-29T14:32:05.554891,PUBLISH,ffb6dc4c8bc34165a6880bcf9b128144,68f2d95bd190740cfd6a2338,ENQUEUED,0.12062656899776365,questions_in,fifo,uniform,0,0
2025-10-29T14:32:05.668366,PUBLISH,29e9c8d21c57442f96f2353a14c24f61,68f2d95bd190740cfd6a1f47,ENQUEUED,0.11076527536467556,questions_in,fifo,uniform,0,0
2025-10-29T14:32:05.989366,PUBLISH,798f2d2ece574f8b8eca9e67d6d309f6,68f2d95bd190740cfd6a2ff5,ENQUEUED,0.31821099807292674,questions_in,fifo,uniform,0,0
2025-10-29T14:32:06.185623,PUBLISH,04fbb9a7a46a456bad3583a12f8d97ba,68f2d95bd190740cfd6a3532,ENQUEUED,0.19370641919308432,questions_in,fifo,uniform,0,0
2025-10-29T14:32:06.323633,PUBLISH,a682fd4054074a709063a885e8cb366a,68f2d95bd190740cfd6a25cd,ENQUEUED,0.13649415480120297,questions_in,fifo,uniform,0,0
2025-10-29T14:32:06.552847,PUBLISH,bf66271bd06b454d8288490e9070b035,68f2d95bd190740cfd6a2f4c,ENQUEUED,0.22700477676636074,questions_in,fifo,uniform,0,0
2025-10-29T14:32:06.941224,PUBLISH,27eacacde702471b8a58baf7f563713b,68f2d95bd190740cfd6a2d37,ENQUEUED,0.38156753161899093,questions_in,fifo,uniform,0,0
2025-10-29T14:32:07.334523,PUBLISH,f8a054309b574af3a1652a20522685fe,68f2d95bd190740cfd6a3886,ENQUEUED,0.3903733883702595,questions_in,fifo,uniform,0,0
2025-10-29T14:32:07.756919,PUBLISH,8e7a515f32d649c99017721481045bb5,68f2d95bd190740cfd6a2a66,ENQUEUED,0.4191093336146273,questions_in,fifo,uniform,0,0
2025-10-29T14:32:07.952189,PUBLISH,e070a09b629849f3925d5f9a25b6393e,68f2d95bd190740cfd6a2f99,ENQUEUED,0.1909600177131341,questions_in,fifo,uniform,0,0
2025-10-29T14:32:08.162548,PUBLISH,f202c89d021142b2970278cd82689e2a,68f2d95bd190740cfd6a2fe6,ENQUEUED,0.20860336899946197,questions_in,fifo,uniform,0,0
2025-10-29T14:32:08.311795,PUBLISH,e508562bdb3c471f8908a49aa1ae2d25,68f2d95bd190740cfd6a20ac,ENQUEUED,0.14686296391916964,questions_in,fifo,uniform,0,0
2025-10-29T14:32:08.806838,PUBLISH,5816029e84c04ec48697b9a739d1de5c,68f2d95bd190740cfd6a3a3a,ENQUEUED,0.4922011807743688,questions_in,fifo,uniform,0,0
2025-10-29T14:32:08.950746,PUBLISH,db014a56e2544490b3fd4675e3922b9a,68f2d95bd190740cfd6a2b2b,ENQUEUED,0.14127118368350017,questions_in,fifo,uniform,0,0
2025-10-29T14:32:09.066174,PUBLISH,d27e0cd70cb54862badb8b65ba882c90,68f2d95bd190740cfd6a1b84,ENQUEUED,0.1130500951563358,questions_in,fifo,uniform,0,0
2025-10-29T14:32:09.271699,PUBLISH,c5835ac0c24b4a25858edadb579aa809,68f2d95bd190740cfd6a3d3b,ENQUEUED,0.20349891908642076,questions_in,fifo,uniform,0,0
2025-10-29T14:32:09.579256,PUBLISH,e25c475a39f14ece9c146512154c7244,68f2d95bd190740cfd6a1cbf,ENQUEUED,0.3056676377453402,questions_in,fifo,uniform,0,0
2025-10-29T14:32:10.009468,PUBLISH,12a4deb29b984a8c894ce5e9479157bc,68f2d95bd190740cfd6a3c83,ENQUEUED,0.4271569605696257,questions_in,fifo,uniform,0,0
2025-10-29T14:32:10.315652,PUBLISH,58d8c93af9c94b0892c949ba31cc24bd,68f2d95bd190740cfd6a2327,ENQUEUED,0.3018306377370201,questions_in,fifo,uniform,0,0
2025-10-29T14:32:10.737818,PUBLISH,2c6681aa7d2a47afb7b265e13fbcf6cd,68f2d95bd190740cfd6a2d8d,ENQUEUED,0.4194583222109859,questions_in,fifo,uniform,0,0
2025-10-29T14:32:10.917874,PUBLISH,ee8eab859a9349eb90d6b35cd65f7b1e,68f2d95bd190740cfd6a39f9,ENQUEUED,0.17769417976516633,questions_in,fifo,uniform,0,0
2025-10-29T14:32:11.304022,PUBLISH,6909bfc1bab04704aca7060e0c8e4f5c,68f2d95bd190740cfd6a2a21,ENQUEUED,0.3835038650442796,questions_in,fifo,uniform,0,0
2025-10-29T14:32:11.614367,PUBLISH,969698fdcaa84efe8f0c6caa65db0f18,68f2d95bd190740cfd6a253b,ENQUEUED,0.30724753959953555,questions_in,fifo,uniform,0,0
2025-10-29T14:32:11.812334,PUBLISH,10ce644ba741428890a628cb98054a51,68f2d95bd190740cfd6a303a,ENQUEUED,0.19202832540982495,questions_in,fifo,uniform,0,0
2025-10-29T14:32:12.214384,PUBLISH,052b319cb7b040daaa5e894d4f93e984,68f2d95bd190740cfd6a397b,ENQUEUED,0.39909318495780577,questions_in,fifo,uniform,0,0
2025-10-29T14:32:12.632525,PUBLISH,19a148746c46480c91f165d4640f88e2,68f2d95bd190740cfd6a41ae,ENQUEUED,0.41452683077751384,questions_in,fifo,uniform,0,0
2025-10-29T14:32:12.813321,PUBLISH,897369df5f7f4a299d38168eca44f8f8,68f2d95bd190740cfd6a3325,ENQUEUED,0.17796908418545737,questions_in,fifo,uniform,0,0
2025-10-29T14:32:13.303847,PUBLISH,6ac037091ee24c3b8b777dbbd061c39c,68f2d95bd190740cfd6a2ee2,ENQUEUED,0.48781214069332124,questions_in,fifo,uniform,0,0
2025-10-29T14:32:13.476436,PUBLISH,eef534e435e14cb482eadb0acedaa113,68f2d95bd190740cfd6a3dac,ENQUEUED,0.1707539798765762,questions_in,fifo,uniform,0,0
2025-10-29T14:32:13.670285,PUBLISH,8587f2f8d2a2495eafe10e4d26ae9f04,68f2d95bd190740cfd6a309c,ENQUEUED,0.1918050031629143,questions_in,fifo,uniform,0,0
2025-10-29T14:32:13.782751,PUBLISH,535384f350894cc694fe23aeab7c2586,68f2d95bd190740cfd6a3d07,ENQUEUED,0.11012140196559841,questions_in,fifo,uniform,0,0
2025-10-29T14:32:14.193708,PUBLISH,56a18c3fada243e89193800fa845f921,68f2d95bd190740cfd6a3219,ENQUEUED,0.4091113262587929,questions_in,fifo,uniform,0,0
2025-10-29T14:32:14.624577,PUBLISH,33c735bdee84410da550d055cc21b2ac,68f2d95bd190740cfd6a2f90,ENQUEUED,0.4288801373541089,questions_in,fifo,uniform,0,0
2025-10-29T14:32:14.798356,PUBLISH,8305e96d102140ddbc0ea5db34f0da43,68f2d95bd190740cfd6a1bb4,ENQUEUED,0.17038517714012213,questions_in,fifo,uniform,0,0
2025-10-29T14:32:15.285570,PUBLISH,ab9b3936a62040bd9b69deee0953d586,68f2d95bd190740cfd6a3ecc,ENQUEUED,0.482834503465709,questions_in,fifo,uniform,0,0
2025-10-29T14:32:15.577567,PUBLISH,26121418cfa34d1ab1385c499b173e2d,68f2d95bd190740cfd6a245b,ENQUEUED,0.28965334389703556,questions_in,fifo,uniform,0,0
2025-10-29T14:32:15.872327,PUBLISH,101d849268874f14a520667c0c62445c,68f2d95bd190740cfd6a31c7,ENQUEUED,0.29192678320774307,questions_in,fifo,uniform,0,0
2025-10-29T14:32:16.252327,PUBLISH,f53e494d501145eb9cfc515e65594f8e,68f2d95bd190740cfd6a394b,ENQUEUED,0.3774594018961881,questions_in,fifo,uniform,0,0
2025-10-29T14:32:16.383786,PUBLISH,42f1600b144e4ce880c794cbff68621b,68f2d95bd190740cfd6a3b6e,ENQUEUED,0.12910183925421978,questions_in,fifo,uniform,0,0
2025-10-29T14:32:16.656568,PUBLISH,ad6314a6f994488599ac851ad0249d65,68f2d95bd190740cfd6a3ba9,ENQUEUED,0.27058929833163836,questions_in,fifo,uniform,0,0
2025-10-29T14:32:16.859499,PUBLISH,69ae952b51b2477d92743c101d34d07d,68f2d95bd190740cfd6a3db2,ENQUEUED,0.20116495241840485,questions_in,fifo,uniform,0,0
2025-10-29T14:32:16.981945,PUBLISH,7fcbacf5c45e44bd815e31b9718c479a,68f2d95bd190740cfd6a1d18,ENQUEUED,0.11996520818415753,questions_in,fifo,uniform,0,0
2025-10-29T14:32:17.462658,PUBLISH,e7e3dadc7bb949698e8e7b9ed276ef54,68f2d95bd190740cfd6a39e4,ENQUEUED,0.47738520000109974,questions_in,fifo,uniform,0,0
2025-10-29T14:32:17.930249,PUBLISH,da46243c26d542dd89899a203f57a130,68f2d95bd190740cfd6a2a20,ENQUEUED,0.46350086406647073,questions_in,fifo,uniform,0,0
2025-10-29T14:32:18.316784,PUBLISH,0376939ff47041689b517c3b1a7d1010,68f2d95bd190740cfd6a2061,ENQUEUED,0.38382176469572005,questions_in,fifo,uniform,0,0
2025-10-29T14:32:18.502652,PUBLISH,6b8a7771f65744aebc54ea71664fbc68,68f2d95bd190740cfd6a27b0,ENQUEUED,0.1834213183250677,questions_in,fifo,uniform,0,0
2025-10-29T14:32:18.682428,PUBLISH,7af46b71154942a3bbdedda6b06589a4,68f2d95bd190740cfd6a24e8,ENQUEUED,0.17559606364463667,questions_in,fifo,uniform,0,0
2025-10-29T14:32:19.036509,PUBLISH,31e2efbd529c4d909d0d54b0235807ce,68f2d95bd190740cfd6a29e7,ENQUEUED,0.35140898843875956,questions_in,fifo,uniform,0,0
2025-10-29T14:32:19.352832,PUBLISH,4823148c05874a908b1b7798b284b9d2,68f2d95bd190740cfd6a2a20,ENQUEUED,0.31409412803155945,questions_in,fifo,uniform,0,0
2025-10-29T14:32:19.565194,PUBLISH,ea67590a66f7463da523623079dbb16c,68f2d95bd190740cfd6a1e4c,ENQUEUED,0.20900167714637097,questions_in,fifo,uniform,0,0
2025-10-29T14:32:20.036343,PUBLISH,b0ba69742d4b42e78b13b939dc20a023,68f2d95bd190740cfd6a26f9,ENQUEUED,0.4681694865486049,questions_in,fifo,uniform,0,0
2025-10-29T14:32:20.255182,PUBLISH,30caa6bffab8487a83ccb4acf6241d5c,68f2d95bd190740cfd6a2a5f,ENQUEUED,0.21672982287887255,questions_in,fifo,uniform,0,0
2025-10-29T14:32:20.708101,PUBLISH,53c31e37ace541f48a3cb1158e671cf6,68f2d95bd190740cfd6a2855,ENQUEUED,0.45006586274658456,questions_in,fifo,uniform,0,0
2025-10-29T14:32:21.050183,PUBLISH,a493acc808434914bf32522cc3a4d71f,68f2d95bd190740cfd6a3a4a,ENQUEUED,0.3387466088925011,questions_in,fifo,uniform,0,0
2025-10-29T14:32:21.442202,PUBLISH,06bbc1cf996d4a8993ba56e06db6e75b,68f2d95bd190740cfd6a3e30,ENQUEUED,0.38933559930368267,questions_in,fifo,uniform,0,0
2025-10-29T14:32:21.813835,PUBLISH,251a7ccafefd49da991c672d28964711,68f2d95bd190740cfd6a3058,ENQUEUED,0.3684628467752673,questions_in,fifo,uniform,0,0
2025-10-29T14:32:22.197344,PUBLISH,0b49bbf370974958aa8968e584c9c5fc,68f2d95bd190740cfd6a2a00,ENQUEUED,0.3810989704386627,questions_in,fifo,uniform,0,0
2025-10-29T14:32:22.364455,PUBLISH,2888ae95b658484cb1b45b527933b2b9,68f2d95bd190740cfd6a283c,ENQUEUED,0.16042564100486736,questions_in,fifo,uniform,0,0
2025-10-29T14:32:22.771654,PUBLISH,d23b961936934e59bc974f51c378ba04,68f2d95bd190740cfd6a23e0,ENQUEUED,0.40557782456699343,questions_in,fifo,uniform,0,0
2025-10-29T14:32:23.072913,PUBLISH,bc7dbc18e7c14be19ea506c221862960,68f2d95bd190740cfd6a3a12,ENQUEUED,0.2983131552867105,questions_in,fifo,uniform,0,0
2025-10-29T14:32:23.532747,PUBLISH,c198f1b0af1f4aa6891ab0cf01f6e9fc,68f2d95bd190740cfd6a1ebb,ENQUEUED,0.4574743155629458,questions_in,fifo,uniform,0,0
2025-10-29T14:32:23.852844,PUBLISH,6dae887e262c4ea296da78fa40b1efa1,68f2d95bd190740cfd6a1c8c,ENQUEUED,0.3178320247373114,questions_in,fifo,uniform,0,0
2025-10-29T14:32:23.999897,PUBLISH,70376e8d45cf4cc2a9ba2ad7a5408c00,68f2d95bd190740cfd6a2cd1,ENQUEUED,0.14457174745210355,questions_in,fifo,uniform,0,0
2025-10-29T14:32:24.201558,PUBLISH,a966e3246ede4a09af2ee81219d12676,68f2d95bd190740cfd6a30b9,ENQUEUED,0.1987054425963467,questions_in,fifo,uniform,0,0
2025-10-29T14:32:24.595320,PUBLISH,d4758ced88ff420eaff1fd781e80be0a,68f2d95bd190740cfd6a22df,ENQUEUED,0.3871665090122769,questions_in,fifo,uniform,0,0
2025-10-29T14:32:24.857459,PUBLISH,3a751234f9ef447b808ee57c3d720a50,68f2d95bd190740cfd6a3642,ENQUEUED,0.26048541007145964,questions_in,fifo,uniform,0,0
2025-10-29T14:32:25.280200,PUBLISH,00cd98201c0b4fc081acdf91b34679bb,68f2d95bd190740cfd6a3a65,ENQUEUED,0.4201486429895763,questions_in,fifo,uniform,0,0
2025-10-29T14:32:25.465726,PUBLISH,631886425de94d2ca15ef3ae19c61062,68f2d95bd190740cfd6a1e32,ENQUEUED,0.18331243318089419,questions_in,fifo,uniform,0,0
2025-10-29T14:32:25.624777,PUBLISH,a7f71d3aba054838bef75af9547df5f5,68f2d95bd190740cfd6a2d6d,ENQUEUED,0.15653286609912223,questions_in,fifo,uniform,0,0
2025-10-29T14:32:25.955482,PUBLISH,b93f7340f1094feca3c14a8f89496ab8,68f2d95bd190740cfd6a34ef,ENQUEUED,0.3280626394504354,questions_in,fifo,uniform,0,0
2025-10-29T14:32:26.333686,PUBLISH,3428dc74c1dc46c7ad50bbb19c88cb7f,68f2d95bd190740cfd6a242c,ENQUEUED,0.37581829490534135,questions_in,fifo,uniform,0,0
2025-10-29T14:32:26.648753,PUBLISH,c4a2da949cd742fc803741a2c91b5f35,68f2d95bd190740cfd6a1e11,ENQUEUED,0.3126501601676652,questions_in,fifo,uniform,0,0
2025-10-29T14:32:26.870643,PUBLISH,b82264070e4f49eab10c0cd42ea99155,68f2d95bd190740cfd6a3c2c,ENQUEUED,0.21973180536117334,questions_in,fifo,uniform,0,0
2025-10-29T14:32:27.169314,PUBLISH,d24b9e1d67014d3eb9ba2047fb838718,68f2d95bd190740cfd6a21d2,ENQUEUED,0.2967113775515218,questions_in,fifo,uniform,0,0
2025-10-29T14:32:27.633816,PUBLISH,fd70a6d709d141f8a5a497cae60fcf5f,68f2d95bd190740cfd6a26cf,ENQUEUED,0.46191491101954274,questions_in,fifo,uniform,0,0
2025-10-29T14:32:28.088356,PUBLISH,89adc76b7e8b4a24a47b6dd94a06d442,68f2d95bd190740cfd6a2dd0,ENQUEUED,0.45282247654673446,questions_in,fifo,uniform,0,0
2025-10-29T14:32:28.438809,PUBLISH,ab907c54eca9423092f6d9d8b34df763,68f2d95bd190740cfd6a2bd5,ENQUEUED,0.34695009158734325,questions_in,fifo,uniform,0,0
2025-10-29T14:32:28.576806,PUBLISH,470424756c214e508cc8e0cda8d0e7c4,68f2d95bd190740cfd6a2eb1,ENQUEUED,0.13480888649865716,questions_in,fifo,uniform,0,0
2025-10-29T14:32:28.722698,PUBLISH,6a59e3f7f66043c486855b14284299b2,68f2d95bd190740cfd6a3404,ENQUEUED,0.1420299822735358,questions_in,fifo,uniform,0,0
2025-10-29T14:32:29.089661,PUBLISH,48151abc08c940d6a9376b90be3431b5,68f2d95bd190740cfd6a3a30,ENQUEUED,0.3653152143899647,questions_in,fifo,uniform,0,0
2025-10-29T14:32:29.402520,PUBLISH,342388da5f0d40d8b345a816edcc2d1d,68f2d95bd190740cfd6a1da8,ENQUEUED,0.3094859458022662,questions_in,fifo,uniform,0,0
2025-10-29T14:32:29.783427,PUBLISH,9ede816baee04e308308f59fae172b5a,68f2d95bd190740cfd6a3c9b,ENQUEUED,0.3783566664878171,questions_in,fifo,uniform,0,0
2025-10-29T14:32:30.004736,PUBLISH,0597543a1755481297421aa5ecf71abe,68f2d95bd190740cfd6a274f,ENQUEUED,0.2195045399960026,questions_in,fifo,uniform,0,0
2025-10-29T14:32:30.191260,PUBLISH,a900c63ac0f949de831f27f2e248792e,68f2d95bd190740cfd6a1c3b,ENQUEUED,0.1841955708668993,questions_in,fifo,uniform,0,0
2025-10-29T14:32:30.397248,PUBLISH,e1b930c870de4d368ca8d77b920e743b,68f2d95bd190740cfd6a2827,ENQUEUED,0.20297392228349193,questions_in,fifo,uniform,0,0
2025-10-29T14:32:30.650766,PUBLISH,aaf0d4f687214a2b875339c31454011b,68f2d95bd190740cfd6a1b88,ENQUEUED,0.25127056293069017,questions_in,fifo,uniform,0,0
2025-10-29T14:32:31.036208,PUBLISH,01f98112ebeb4939a54ebe430567fb92,68f2d95bd190740cfd6a3c8a,ENQUEUED,0.3833536095769514,questions_in,fifo,uniform,0,0
2025-10-29T14:32:31.199549,PUBLISH,20059aacccd646ff9973cdd7e941d867,68f2d95bd190740cfd6a3ec1,ENQUEUED,0.16050187139630034,questions_in,fifo,uniform,0,0
2025-10-29T14:32:31.315697,PUBLISH,7a8cc6bf1e7b4f09a2f22a69ececea0a,68f2d95bd190740cfd6a28ad,ENQUEUED,0.1126069914249026,questions_in,fifo,uniform,0,0
2025-10-29T14:32:31.481113,PUBLISH,1bc934f2e1db46339d2c5146fe54754a,68f2d95bd190740cfd6a2dfe,ENQUEUED,0.1614289761762634,questions_in,fifo,uniform,0,0
2025-10-29T14:32:31.650226,PUBLISH,e5c1093943294dfdab3153beb543fb31,68f2d95bd190740cfd6a3ae6,ENQUEUED,0.16569306516762222,questions_in,fifo,uniform,0,0
2025-10-29T14:32:32.068680,PUBLISH,6a6e62be564544bd8e98a2b9c81bd98f,68f2d95bd190740cfd6a3bd5,ENQUEUED,0.4160374567498196,questions_in,fifo,uniform,0,0
2025-10-29T14:32:32.473217,PUBLISH,55c35ce2f0834142904b2069ecfeb77a,68f2d95bd190740cfd6a3abe,ENQUEUED,0.4017400026723553,questions_in,fifo,uniform,0,0
2025-10-29T14:32:32.898938,PUBLISH,d71e4b11fc2f420c9264157e30b0b565,68f2d95bd190740cfd6a2021,ENQUEUED,0.42347562859018695,questions_in,fifo,uniform,0,0
2025-10-29T14:32:33.181349,PUBLISH,3664dbdde4d14911bd99ab7dd58820d8,68f2d95bd190740cfd6a3eac,ENQUEUED,0.27941282845543813,questions_in,fifo,uniform,0,0
2025-10-29T14:32:33.581836,PUBLISH,c7fb889ccd3f4cbc8f57297328b176a5,68f2d95bd190740cfd6a34c4,ENQUEUED,0.39733286013841895,questions_in,fifo,uniform,0,0
2025-10-29T14:32:33.893928,PUBLISH,ba757b4642b34280ad550b6621eaa7cd,68f2d95bd190740cfd6a3ede,ENQUEUED,0.30798653947605886,questions_in,fifo,uniform,0,0
2025-10-29T14:32:34.030288,PUBLISH,c93f0e6671c34c99a1607b85718668f2,68f2d95bd190740cfd6a2970,ENQUEUED,0.1338681741157152,questions_in,fifo,uniform,0,0
2025-10-29T14:32:34.379627,PUBLISH,c324650f1d42405d9e5f381a00880edf,68f2d95bd190740cfd6a26ce,ENQUEUED,0.3468423713154157,questions_in,fifo,uniform,0,0
2025-10-29T14:32:34.520106,PUBLISH,7d7cb1f253234d4785c0f6dfd7e00303,68f2d95bd190740cfd6a2cb1,ENQUEUED,0.1385351469897787,questions_in,fifo,uniform,0,0
2025-10-29T14:32:34.724103,PUBLISH,ec4e73a0f045497f889d3ca32ea62086,68f2d95bd190740cfd6a2abe,ENQUEUED,0.20053791044601416,questions_in,fifo,uniform,0,0
2025-10-29T14:32:35.097451,PUBLISH,eeba4f19af7b4aed9ac8d77eb9e2a994,68f2d95bd190740cfd6a35e0,ENQUEUED,0.3709221380694453,questions_in,fifo,uniform,0,0
2025-10-29T14:32:35.531168,PUBLISH,c57a7a12cbc94674af907004cc4e3f60,68f2d95bd190740cfd6a1c1a,ENQUEUED,0.43130492911617513,questions_in,fifo,uniform,0,0
2025-10-29T14:32:35.638992,PUBLISH,84dda15f7ee1496e91c51cf7d6fd8f46,68f2d95bd190740cfd6a1b5b,ENQUEUED,0.10104982078557218,questions_in,fifo,uniform,0,0
2025-10-29T14:32:35.914729,PUBLISH,7ad80f6634ab4c05b7787daa2d869693,68f2d95bd190740cfd6a2a42,ENQUEUED,0.27337563598515346,questions_in,fifo,uniform,0,0
2025-10-29T14:32:36.378242,PUBLISH,75e82b773d45434a9a00ee6bdb32b486,68f2d95bd190740cfd6a4088,ENQUEUED,0.4592231815383393,questions_in,fifo,uniform,0,0
2025-10-29T14:32:36.623973,PUBLISH,6ccedb1031f646119395d129a22c4600,68f2d95bd190740cfd6a309a,ENQUEUED,0.2435449201519634,questions_in,fifo,uniform,0,0
2025-10-29T14:32:36.935542,PUBLISH,4943028e66e14bc29d9a6c1598f729f8,68f2d95bd190740cfd6a39a2,ENQUEUED,0.3077381818522048,questions_in,fifo,uniform,0,0
2025-10-29T14:32:37.267605,PUBLISH,32873ef285974508a3f133389ebc69ad,68f2d95bd190740cfd6a3559,ENQUEUED,0.32913334506309255,questions_in,fifo,uniform,0,0
2025-10-29T14:32:37.576796,PUBLISH,d61d9d40359f48ab954ac884fa6a0170,68f2d95bd190740cfd6a4056,ENQUEUED,0.306711139897327,questions_in,fifo,uniform,0,0
2025-10-29T14:32:37.890263,PUBLISH,0c2ea0e3a450414ea5885a1323f39e5c,68f2d95bd190740cfd6a3887,ENQUEUED,0.3110832643312137,questions_in,fifo,uniform,0,0
2025-10-29T14:32:38.011869,PUBLISH,e174b3de3d474a758f9f9aea050fe424,68f2d95bd190740cfd6a2ce8,ENQUEUED,0.11904981501258023,questions_in,fifo,uniform,0,0
2025-10-29T14:32:38.131286,PUBLISH,95483f249fea47f2996f706f950f0214,68f2d95bd190740cfd6a3e8d,ENQUEUED,0.11732296049148956,questions_in,fifo,uniform,0,0
2025-10-29T14:32:38.288917,PUBLISH,f16162833b4643c3bcb54774da334bf4,68f2d95bd190740cfd6a26be,ENQUEUED,0.1558719986352892,questions_in,fifo,uniform,0,0
2025-10-29T14:32:38.519900,PUBLISH,7d0f4c29882b45b08dc0248bfb7902e6,68f2d95bd190740cfd6a384d,ENQUEUED,0.22465861084550337,questions_in,fifo,uniform,0,0
2025-10-29T14:32:38.809077,PUBLISH,ca3069cede6544079cc6520c65d2e1cd,68f2d95bd190740cfd6a3c1d,ENQUEUED,0.28600742685158664,questions_in,fifo,uniform,0,0
2025-10-29T14:32:39.277571,PUBLISH,27f6aeed3f1740b1b94452b89442d079,68f2d95bd190740cfd6a27dc,ENQUEUED,0.46520625233686863,questions_in,fifo,uniform,0,0
2025-10-29T14:32:39.742201,PUBLISH,c77989bb298e4fa9ad774574a89c35c8,68f2d95bd190740cfd6a3dee,ENQUEUED,0.4614067805178338,questions_in,fifo,uniform,0,0
2025-10-29T14:32:39.962148,PUBLISH,49c1fb3e840e44e89951b1181ffd5bcc,68f2d95bd190740cfd6a2612,ENQUEUED,0.217608274840967,questions_in,fifo,uniform,0,0
2025-10-29T14:32:40.384778,PUBLISH,4aa513375a8e4450b2de92ca6d72e5db,68f2d95bd190740cfd6a269c,ENQUEUED,0.42065375782159875,questions_in,fifo,uniform,0,0
2025-10-29T14:32:40.547293,PUBLISH,e66004655a5a45ff8bf0dc8d545f40db,68f2d95bd190740cfd6a38d3,ENQUEUED,0.1602316567715458,questions_in,fifo,uniform,0,0
2025-10-29T14:32:41.003010,PUBLISH,10bc26d572c54ed48a77025ba66e0aba,68f2d95bd190740cfd6a1f46,ENQUEUED,0.45292763133007163,questions_in,fifo,uniform,0,0
2025-10-29T14:32:41.288780,PUBLISH,5e1b71d52a444e70b1f9f1754bee0cef,68f2d95bd190740cfd6a22e6,ENQUEUED,0.2839602157698594,questions_in,fifo,uniform,0,0
2025-10-29T14:32:41.535908,PUBLISH,e886044597df41debbcdd059fdbdbd73,68f2d95bd190740cfd6a2932,ENQUEUED,0.24523193225233975,questions_in,fifo,uniform,0,0
2025-10-29T14:32:42.030201,PUBLISH,c63fc0b9a80c4e6dbb01997fa80adf3f,68f2d95bd190740cfd6a1dae,ENQUEUED,0.48674961893606505,questions_in,fifo,uniform,0,0
2025-10-29T14:32:42.338658,PUBLISH,6bc51992457a472bad658f02c2e9970d,68f2d95bd190740cfd6a3cc7,ENQUEUED,0.30648985394050854,questions_in,fifo,uniform,0,0
2025-10-29T14:32:42.536328,PUBLISH,c8bb6a7d93664fefa1dc814d00f3a55a,68f2d95bd190740cfd6a350c,ENQUEUED,0.19543663626911886,questions_in,fifo,uniform,0,0
2025-10-29T14:32:42.709283,PUBLISH,8d7d042b53094045906844bff74494a3,68f2d95bd190740cfd6a33ea,ENQUEUED,0.16931729090446263,questions_in,fifo,uniform,0,0
2025-10-29T14:32:42.996293,PUBLISH,c5f674b341104271a524b04c26f0385f,68f2d95bd190740cfd6a4150,ENQUEUED,0.28004435735172717,questions_in,fifo,uniform,0,0
2025-10-29T14:32:43.197555,PUBLISH,b9f48f0124a2416383a659569d4fd8d7,68f2d95bd190740cfd6a294c,ENQUEUED,0.19894490025200132,questions_in,fifo,uniform,0,0
2025-10-29T14:32:43.473712,PUBLISH,7481740b5f6240b79d4c65078e9242d2,68f2d95bd190740cfd6a2e97,ENQUEUED,0.2731894511906392,questions_in,fifo,uniform,0,0
2025-10-29T14:32:43.680699,PUBLISH,c0791b4d5793444d93637c4d7a02f0d5,68f2d95bd190740cfd6a235b,ENQUEUED,0.20440575236305594,questions_in,fifo,uniform,0,0
2025-10-29T14:32:44.044948,PUBLISH,96a6506d319e4522ade7f977ecc6f43c,68f2d95bd190740cfd6a254e,ENQUEUED,0.36178711364682437,questions_in,fifo,uniform,0,0
2025-10-29T14:32:44.251415,PUBLISH,e1e9201181b94430bc41bbdaced34c14,68f2d95bd190740cfd6a30f3,ENQUEUED,0.20441233169515396,questions_in,fifo,uniform,0,0
2025-10-29T14:32:44.680488,PUBLISH,816255f5413e43c1b029a12a8468f96f,68f2d95bd190740cfd6a3c34,ENQUEUED,0.4231952733624903,questions_in,fifo,uniform,0,0
2025-10-29T14:32:44.942421,PUBLISH,e9c194faed954162830f786f416ab474,68f2d95bd190740cfd6a3a3c,ENQUEUED,0.25942719371420775,questions_in,fifo,uniform,0,0
2025-10-29T14:32:45.160066,PUBLISH,72a3e20c823f4e23985781524ac264df,68f2d95bd190740cfd6a3a21,ENQUEUED,0.21504771151264604,questions_in,fifo,uniform,0,0
2025-10-29T14:32:45.483224,PUBLISH,440a619167dc4d3fa19ccfd0f21ccee3,68f2d95bd190740cfd6a1be8,ENQUEUED,0.32114492650830906,questions_in,fifo,uniform,0,0
2025-10-29T14:32:45.593774,PUBLISH,24979af940e941779f8affbdd73709a7,68f2d95bd190740cfd6a1be3,ENQUEUED,0.1071882187216669,questions_in,fifo,uniform,0,0
2025-10-29T14:32:45.828471,PUBLISH,812afcea3d5b41558ee0855d044674f5,68f2d95bd190740cfd6a2cb9,ENQUEUED,0.23094012649779186,questions_in,fifo,uniform,0,0
2025-10-29T14:32:46.273257,PUBLISH,198ed315eae3476d95e0008c2330508f,68f2d95bd190740cfd6a3564,ENQUEUED,0.4417516714954678,questions_in,fifo,uniform,0,0
2025-10-29T14:32:46.735501,PUBLISH,fc8bdb4025d0441eb6a4951db21fea68,68f2d95bd190740cfd6a2f39,ENQUEUED,0.46018939222349775,questions_in,fifo,uniform,0,0
2025-10-29T14:32:47.178684,PUBLISH,e71f768da9a0487a89826805297685f8,68f2d95bd190740cfd6a3e0a,ENQUEUED,0.44030511609409717,questions_in,fifo,uniform,0,0
2025-10-29T14:32:47.377147,PUBLISH,cc0b878085f440c9af800836a75d94ff,68f2d95bd190740cfd6a1b59,ENQUEUED,0.19581981347794897,questions_in,fifo,uniform,0,0
2025-10-29T14:32:47.700434,PUBLISH,041d83cf3be749228bed7842c9cc2f52,68f2d95bd190740cfd6a3624,ENQUEUED,0.3213014121485315,questions_in,fifo,uniform,0,0
2025-10-29T14:32:48.106519,PUBLISH,806dec8980a6442c97de2dd99fb4e2cb,68f2d95bd190740cfd6a4114,ENQUEUED,0.4025431770483837,questions_in,fifo,uniform,0,0
2025-10-29T14:32:48.397895,PUBLISH,075b5e74d93a44779e45a8d397a6e83b,68f2d95bd190740cfd6a3f62,ENQUEUED,0.2887179123119674,questions_in,fifo,uniform,0,0
2025-10-29T14:32:48.710100,PUBLISH,7682ea3809e64e23b5c16e26d770e1f3,68f2d95bd190740cfd6a1c0e,ENQUEUED,0.30925855393109614,questions_in,fifo,uniform,0,0
2025-10-29T14:32:49.067838,PUBLISH,95272335e34348d19e327f21b0b60d5c,68f2d95bd190740cfd6a38da,ENQUEUED,0.35104404902694564,questions_in,fifo,uniform,0,0
2025-10-29T14:32:49.541115,PUBLISH,b305bd8137704c13802dce27e49fd898,68f2d95bd190740cfd6a319a,ENQUEUED,0.470575776335143,questions_in,fifo,uniform,0,0
2025-10-29T14:32:49.668264,PUBLISH,b72474510a994a878f03b46f4f24dbae,68f2d95bd190740cfd6a3355,ENQUEUED,0.1252061581045957,questions_in,fifo,uniform,0,0
2025-10-29T14:32:49.900529,PUBLISH,a02da2d31e6f4fc6abde43098dc9b5e8,68f2d95bd190740cfd6a37e4,ENQUEUED,0.2304472357666636,questions_in,fifo,uniform,0,0
2025-10-29T14:32:50.131817,PUBLISH,d74282712a1e443db26393060d8a970a,68f2d95bd190740cfd6a215e,ENQUEUED,0.2246087078558826,questions_in,fifo,uniform,0,0
2025-10-29T14:32:50.360623,PUBLISH,7c717f21f858407fbb6e5db2de70fde2,68f2d95bd190740cfd6a1e1c,ENQUEUED,0.2256139683442017,questions_in,fifo,uniform,0,0
2025-10-29T14:32:50.759114,PUBLISH,90157ad4793149edadf3b19e6fe6a49f,68f2d95bd190740cfd6a24a1,ENQUEUED,0.39578377035928924,questions_in,fifo,uniform,0,0
2025-10-29T14:32:51.160895,PUBLISH,6e0dad0af1274dc491f4b2c0a6a82f25,68f2d95bd190740cfd6a3267,ENQUEUED,0.39947658387412843,questions_in,fifo,uniform,0,0
2025-10-29T14:32:51.375497,PUBLISH,4524afce26594aee8165fc5c0fc804cd,68f2d95bd190740cfd6a1f50,ENQUEUED,0.2119917270976148,questions_in,fifo,uniform,0,0
2025-10-29T14:32:51.678925,PUBLISH,94b9df0eda964bf482d24da5167bb1f2,68f2d95bd190740cfd6a349b,ENQUEUED,0.3014945571036691,questions_in,fifo,uniform,0,0
2025-10-29T14:32:51.930158,PUBLISH,0e6fe68c70894f9eaffc99deb90ee16b,68f2d95bd190740cfd6a1f3d,ENQUEUED,0.2490365921919802,questions_in,fifo,uniform,0,0
2025-10-29T14:32:52.075264,PUBLISH,7e02c6f1870d4830ad566091d12d11f6,68f2d95bd190740cfd6a2952,ENQUEUED,0.14251446331105014,questions_in,fifo,uniform,0,0
2025-10-29T14:32:52.368666,PUBLISH,18e09d89f6094ea79c5af9ba7c5ff7ad,68f2d95bd190740cfd6a3fa0,ENQUEUED,0.29152734460834195,questions_in,fifo,uniform,0,0
2025-10-29T14:32:52.494213,PUBLISH,8dc21e10859847208c3c819387e9ccca,68f2d95bd190740cfd6a3094,ENQUEUED,0.12290889235975332,questions_in,fifo,uniform,0,0
2025-10-29T14:32:52.949468,PUBLISH,07bf9961ba904b96a58c28d2386953fa,68f2d95bd190740cfd6a4112,ENQUEUED,0.45365563715090507,questions_in,fifo,uniform,0,0
2025-10-29T14:32:53.436971,PUBLISH,cab7efa100ee4fbe94bf5b368acd33bd,68f2d95bd190740cfd6a2071,ENQUEUED,0.4850553815782901,questions_in,fifo,uniform,0,0
2025-10-29T14:32:53.658623,PUBLISH,0cc1d48b194944d4854ebe9d0d66e5f0,68f2d95bd190740cfd6a2a08,ENQUEUED,0.2187547680516091,questions_in,fifo,uniform,0,0
2025-10-29T14:32:53.877638,PUBLISH,2d03f08cc0bd4d43a3cd6534d017db65,68f2d95bd190740cfd6a344d,ENQUEUED,0.2149651053098868,questions_in,fifo,uniform,0,0
2025-10-29T14:32:54.333467,PUBLISH,f54d9c19e24e4b3a8c1a57be8960c43e,68f2d95bd190740cfd6a2a24,ENQUEUED,0.45363031355760064,questions_in,fifo,uniform,0,0
2025-10-29T14:32:54.664929,PUBLISH,ecbdc8bfe79f4bb486275b58d986dde5,68f2d95bd190740cfd6a3fff,ENQUEUED,0.3296638345880525,questions_in,fifo,uniform,0,0
2025-10-29T14:32:55.155694,PUBLISH,161886aa109642738e07f8d82c41a881,68f2d95bd190740cfd6a1f48,ENQUEUED,0.4878377888330524,questions_in,fifo,uniform,0,0
2025-10-29T14:32:55.401214,PUBLISH,e46e004ad791493ba65081d29c6245a5,68f2d95bd190740cfd6a1b7b,ENQUEUED,0.24351282823825918,questions_in,fifo,uniform,0,0
2025-10-29T14:32:55.709979,PUBLISH,2d1627c3db8b4b10b03a1b63ec5b6728,68f2d95bd190740cfd6a31e3,ENQUEUED,0.30671529109209994,questions_in,fifo,uniform,0,0
2025-10-29T14:32:56.043474,PUBLISH,12d4c97f59764ba6a0916649a4be89dd,68f2d95bd190740cfd6a34f2,ENQUEUED,0.3312398390784599,questions_in,fifo,uniform,0,0
2025-10-29T14:32:56.331220,PUBLISH,fe29aa6b575241049a31cc5a71a25fbf,68f2d95bd190740cfd6a3a14,ENQUEUED,0.28554057824836987,questions_in,fifo,uniform,0,0
2025-10-29T14:32:56.548447,PUBLISH,b71832516c974fee9dd392f72bafccef,68f2d95bd190740cfd6a3453,ENQUEUED,0.21504579700918258,questions_in,fifo,uniform,0,0
2025-10-29T14:32:56.927850,PUBLISH,20bc1acdcd6b49d3a1367dd9662b3ecf,68f2d95bd190740cfd6a2bfc,ENQUEUED,0.3743857753780553,questions_in,fifo,uniform,0,0
2025-10-29T14:32:57.091885,PUBLISH,624a792db4ba465fb80cfb491a884739,68f2d95bd190740cfd6a2bb4,ENQUEUED,0.1615620210963115,questions_in,fifo,uniform,0,0
2025-10-29T14:32:57.553191,PUBLISH,8478b4b539534f208e5bf1b0aa865e50,68f2d95bd190740cfd6a23ed,ENQUEUED,0.45838136275006325,questions_in,fifo,uniform,0,0
2025-10-29T14:32:57.806868,PUBLISH,00ff9ba1f30c49c4b15d7fbe903794a1,68f2d95bd190740cfd6a1d80,ENQUEUED,0.2504039028537245,questions_in,fifo,uniform,0,0
2025-10-29T14:32:57.968794,PUBLISH,20f6c90a36b24e31ab839dbb0884c9a0,68f2d95bd190740cfd6a2cc5,ENQUEUED,0.1597933127061626,questions_in,fifo,uniform,0,0
2025-10-29T14:32:58.255854,PUBLISH,3f3fefd32b6e485a9360b2dbcdb0b390,68f2d95bd190740cfd6a2d51,ENQUEUED,0.2842697729454231,questions_in,fifo,uniform,0,0
2025-10-29T14:32:58.599803,PUBLISH,ce019689aad3424aa64a17c13d618380,68f2d95bd190740cfd6a263f,ENQUEUED,0.3396969063381614,questions_in,fifo,uniform,0,0
2025-10-29T14:32:58.901463,PUBLISH,a2b3e75a59c943fd840a47cadc501e80,68f2d95bd190740cfd6a221d,ENQUEUED,0.299061983046147,questions_in,fifo,uniform,0,0
2025-10-29T14:32:59.078373,PUBLISH,0b0687d767ff4590b44c118a10fd36f5,68f2d95bd190740cfd6a2081,ENQUEUED,0.17401251025988473,questions_in,fifo,uniform,0,0
2025-10-29T14:32:59.226161,PUBLISH,8369e52d6c8448b493c7ae500d159b96,68f2d95bd190740cfd6a2f4e,ENQUEUED,0.14200229729849762,questions_in,fifo,uniform,0,0
2025-10-29T14:32:59.668217,PUBLISH,15f80ff530294f79802f0b9a257ae4cd,68f2d95bd190740cfd6a3587,ENQUEUED,0.4356670169972473,questions_in,fifo,uniform,0,0
2025-10-29T14:32:59.900347,PUBLISH,b4712fc8ccf24eb1aff22821b3c7377b,68f2d95bd190740cfd6a317e,ENQUEUED,0.2253634576101241,questions_in,fifo,uniform,0,0
2025-10-29T14:33:00.009898,PUBLISH,ffe69256470b4a6c9478aa18f01a9c4e,68f2d95bd190740cfd6a1cce,ENQUEUED,0.10318121489636796,questions_in,fifo,uniform,0,0
2025-10-29T14:33:00.343057,PUBLISH,ca15aa705d4e4b3a8490a087675662bc,68f2d95bd190740cfd6a2d06,ENQUEUED,0.32804199078621676,questions_in,fifo,uniform,0,0
2025-10-29T14:33:00.806219,PUBLISH,07a0d04c939d46508b12477ba9ae80ae,68f2d95bd190740cfd6a1b91,ENQUEUED,0.45607264882497145,questions_in,fifo,uniform,0,0
2025-10-29T14:33:00.991486,PUBLISH,3124f7c91f46448f8b0931e5cadf36d5,68f2d95bd190740cfd6a2d42,ENQUEUED,0.17960511960003098,questions_in,fifo,uniform,0,0
2025-10-29T14:33:01.336043,PUBLISH,52d46d03a0084829a594ef57de94aa6a,68f2d95bd190740cfd6a36c7,ENQUEUED,0.3382725596653756,questions_in,fifo,uniform,0,0
2025-10-29T14:33:01.643360,PUBLISH,f97621da8e904073ad7728da47961563,68f2d95bd190740cfd6a408d,ENQUEUED,0.3017960153266941,questions_in,fifo,uniform,0,0
2025-10-29T14:33:02.105559,PUBLISH,2d456b0a63c24713a573286972f2651f,68f2d95bd190740cfd6a23af,ENQUEUED,0.4602809064382539,questions_in,fifo,uniform,0,0
2025-10-29T14:33:02.286565,PUBLISH,4d541641ef92462aa69e85178b353f88,68f2d95bd190740cfd6a2d6f,ENQUEUED,0.17610395661647021,questions_in,fifo,uniform,0,0
2025-10-29T14:33:02.560611,PUBLISH,c43fb93fdd554fb3ab7271db36e90bc9,68f2d95bd190740cfd6a37c8,ENQUEUED,0.2690260951785247,questions_in,fifo,uniform,0,0
2025-10-29T14:33:02.778951,PUBLISH,8db2412b360741c8881d3ee73838bdee,68f2d95bd190740cfd6a3f59,ENQUEUED,0.21262383970129375,questions_in,fifo,uniform,0,0
2025-10-29T14:33:03.196366,PUBLISH,13d2696e70084cdfac2fe0afca065cca,68f2d95bd190740cfd6a2e98,ENQUEUED,0.41138264963093796,questions_in,fifo,uniform,0,0
2025-10-29T14:33:03.325684,PUBLISH,c198a994b1b64a57b01c7b23792f4ff8,68f2d95bd190740cfd6a2367,ENQUEUED,0.12322986144804529,questions_in,fifo,uniform,0,0
2025-10-29T14:33:03.702748,PUBLISH,b305aed765f94a7ca053f6702d169b09,68f2d95bd190740cfd6a332e,ENQUEUED,0.3714257175681842,questions_in,fifo,uniform,0,0
2025-10-29T14:33:03.954884,PUBLISH,4d57b656244c479eb34202464920a2de,68f2d95bd190740cfd6a2ea5,ENQUEUED,0.24622767927114952,questions_in,fifo,uniform,0,0
2025-10-29T14:33:04.251390,PUBLISH,17eac29871f847c5b5e2aca885714ab3,68f2d95bd190740cfd6a4157,ENQUEUED,0.29487127492873977,questions_in,fifo,uniform,0,0
2025-10-29T14:33:04.608375,PUBLISH,fe934f6362d942d88d6cb57cbce288a6,68f2d95bd190740cfd6a1fd6,ENQUEUED,0.35051940887623856,questions_in,fifo,uniform,0,0
2025-10-29T14:33:04.909844,PUBLISH,7e50ec51bebc4b1a808796672edebbfe,68f2d95bd190740cfd6a2b9c,ENQUEUED,0.2937447883431231,questions_in,fifo,uniform,0,0
2025-10-29T14:33:05.370573,PUBLISH,37bb41ef18024dfaa8768f9eacc68136,68f2d95bd190740cfd6a272f,ENQUEUED,0.45505561214418044,questions_in,fifo,uniform,0,0
2025-10-29T14:33:05.596490,PUBLISH,c86e9fe38759427d85a0728b6d430252,68f2d95bd190740cfd6a1db4,ENQUEUED,0.22030055481258587,questions_in,fifo,uniform,0,0
2025-10-29T14:33:05.886928,PUBLISH,b9a196228372432ea437ae158c430e11,68f2d95bd190740cfd6a3a8b,ENQUEUED,0.28270755058970964,questions_in,fifo,uniform,0,0
2025-10-29T14:33:06.135888,PUBLISH,5b9c9aba7ce7454daf8644a6b0e65ef1,68f2d95bd190740cfd6a38bd,ENQUEUED,0.24233071247334725,questions_in,fifo,uniform,0,0
2025-10-29T14:33:06.469781,PUBLISH,1b89ad7e275c4a729311c3c45f4119fc,68f2d95bd190740cfd6a32d5,ENQUEUED,0.32799006217611826,questions_in,fifo,uniform,0,0
2025-10-29T14:33:06.747981,PUBLISH,673f846252bc4f269cca5ff511054624,68f2d95bd190740cfd6a1b51,ENQUEUED,0.27268209473621985,questions_in,fifo,uniform,0,0
2025-10-29T14:33:06.899940,PUBLISH,edb6983ff6df469694fd0b3447a579eb,68f2d95bd190740cfd6a2317,ENQUEUED,0.14613182327571358,questions_in,fifo,uniform,0,0
2025-10-29T14:33:07.155644,PUBLISH,9eb9fa0215e849b79b71ff3555249a79,68f2d95bd190740cfd6a244f,ENQUEUED,0.25321305496854407,questions_in,fifo,uniform,0,0
2025-10-29T14:33:07.426644,PUBLISH,903b356619024c108830e35653072899,68f2d95bd190740cfd6a39b7,ENQUEUED,0.2652160234361168,questions_in,fifo,uniform,0,0
2025-10-29T14:33:07.807735,PUBLISH,8d8376b7ff274226b57211e72d0debdb,68f2d95bd190740cfd6a3eed,ENQUEUED,0.37508587578047103,questions_in,fifo,uniform,0,0
2025-10-29T14:33:07.973459,PUBLISH,947ed6302b6d4ecfa87326347644012c,68f2d95bd190740cfd6a3ad1,ENQUEUED,0.16014251506517752,questions_in,fifo,uniform,0,0
2025-10-29T14:33:08.296216,PUBLISH,aa533673335a4a57be3e4110645175e5,68f2d95bd190740cfd6a3674,ENQUEUED,0.321371387956239,questions_in,fifo,uniform,0,0
2025-10-29T14:33:08.515496,PUBLISH,7e59a6376a344e49b0f13c0202be2ef6,68f2d95bd190740cfd6a1e59,ENQUEUED,0.21343267006139915,questions_in,fifo,uniform,0,0
2025-10-29T14:33:08.637202,PUBLISH,eb0ade92e6564b839e21da00bca4ab09,68f2d95bd190740cfd6a3804,ENQUEUED,0.11600988541050912,questions_in,fifo,uniform,0,0
2025-10-29T14:33:09.049929,PUBLISH,93fecd99629d4ac3b3e337b818037b7e,68f2d95bd190740cfd6a207f,ENQUEUED,0.4087649786748071,questions_in,fifo,uniform,0,0
2025-10-29T14:33:09.265547,PUBLISH,e4f3623285604613957cfd310addbbb2,68f2d95bd190740cfd6a2959,ENQUEUED,0.20995482937225451,questions_in,fifo,uniform,0,0
2025-10-29T14:33:09.397416,PUBLISH,29a211fe1dfb49e8acea2bc8ba530744,68f2d95bd190740cfd6a2582,ENQUEUED,0.1262816029602755,questions_in,fifo,uniform,0,0
2025-10-29T14:33:09.682541,PUBLISH,a41a4032d50e4a3cb8d7ca41c9020b03,68f2d95bd190740cfd6a2cca,ENQUEUED,0.2785051277935736,questions_in,fifo,uniform,0,0
2025-10-29T14:33:10.109744,PUBLISH,4022baec89bf494f96f50a1e60adb94a,68f2d95bd190740cfd6a2620,ENQUEUED,0.4214370169695456,questions_in,fifo,uniform,0,0
2025-10-29T14:33:10.216803,PUBLISH,4d6a54fd71d746c99f2e8660707c82da,68f2d95bd190740cfd6a1efc,ENQUEUED,0.101620220116726,questions_in,fifo,uniform,0,0
2025-10-29T14:33:10.705330,PUBLISH,809432d8ce0444038279cafb34135a8a,68f2d95bd190740cfd6a235e,ENQUEUED,0.48222125161684193,questions_in,fifo,uniform,0,0
2025-10-29T14:33:10.830786,PUBLISH,1f60260ba70648d98b8ef91b959c2237,68f2d95bd190740cfd6a334a,ENQUEUED,0.11951621151425092,questions_in,fifo,uniform,0,0
2025-10-29T14:33:11.304232,PUBLISH,cdc0b294cfc944eebd1dff5e1224a4dd,68f2d95bd190740cfd6a37b2,ENQUEUED,0.4666135437479738,questions_in,fifo,uniform,0,0
2025-10-29T14:33:11.750670,PUBLISH,ca65e81d545f4d04b8719e5e34280bb2,68f2d95bd190740cfd6a1e84,ENQUEUED,0.44049398246307636,questions_in,fifo,uniform,0,0
2025-10-29T14:33:12.140842,PUBLISH,919a03c289b44c00a5dc0f24b317ae0a,68f2d95bd190740cfd6a1d9b,ENQUEUED,0.38378222670996076,questions_in,fifo,uniform,0,0
2025-10-29T14:33:12.333436,PUBLISH,deaa9fb191d9463d8ec2a2d5674dcc8c,68f2d95bd190740cfd6a22ae,ENQUEUED,0.1866604913906835,questions_in,fifo,uniform,0,0
2025-10-29T14:33:12.741316,PUBLISH,c5859dfff90a487f841d0103b370712e,68f2d95bd190740cfd6a2405,ENQUEUED,0.3987469321297562,questions_in,fifo,uniform,0,0
2025-10-29T14:33:12.926459,PUBLISH,89d823c309b6406899e19b014c99cf21,68f2d95bd190740cfd6a3334,ENQUEUED,0.1795014219746205,questions_in,fifo,uniform,0,0
2025-10-29T14:33:13.431946,PUBLISH,7aac9ced37394b719d8d19e02c88232b,68f2d95bd190740cfd6a2a59,ENQUEUED,0.49943910340095565,questions_in,fifo,uniform,0,0
2025-10-29T14:33:13.611711,PUBLISH,a8f458ee7b2b404ba76e735f5268a4d5,68f2d95bd190740cfd6a220b,ENQUEUED,0.17818418150116316,questions_in,fifo,uniform,0,0
2025-10-29T14:33:13.745841,PUBLISH,614e767e57e444828df5618f7f1bd3bb,68f2d95bd190740cfd6a2dde,ENQUEUED,0.13238429177859357,questions_in,fifo,uniform,0,0
2025-10-29T14:33:13.889422,PUBLISH,f60b595eeb2e4ff5b6defb7a866e41f3,68f2d95bd190740cfd6a1cad,ENQUEUED,0.1370154412057517,questions_in,fifo,uniform,0,0
2025-10-29T14:33:14.328138,PUBLISH,7a8aca7b0c42443b9b00fec71c7130c6,68f2d95bd190740cfd6a2eb8,ENQUEUED,0.4364180456525343,questions_in,fifo,uniform,0,0
2025-10-29T14:33:14.486598,PUBLISH,ceb62189756b4115987196003362fbef,68f2d95bd190740cfd6a2c0d,ENQUEUED,0.15304663510291477,questions_in,fifo,uniform,0,0
2025-10-29T14:33:14.827789,PUBLISH,cc38367ffd874ea4bea4c0ed246f7a00,68f2d95bd190740cfd6a2ff0,ENQUEUED,0.33454534198890706,questions_in,fifo,uniform,0,0
2025-10-29T14:33:15.081420,PUBLISH,65973b31ba9945c981e113920241a698,68f2d95bd190740cfd6a20d8,ENQUEUED,0.24765985296255205,questions_in,fifo,uniform,0,0
2025-10-29T14:33:15.432396,PUBLISH,239bf4f596c0476fa792e55ea59582a7,68f2d95bd190740cfd6a3cb7,ENQUEUED,0.3451512816787773,questions_in,fifo,uniform,0,0
2025-10-29T14:33:15.689823,PUBLISH,c8baec83c14e4cdbbf9a8ccc4b2ad62e,68f2d95bd190740cfd6a20de,ENQUEUED,0.24896197271108284,questions_in,fifo,uniform,0,0
2025-10-29T14:33:15.840424,PUBLISH,6d32f02c56014f539e5be75cd069dc5c,68f2d95bd190740cfd6a1e7c,ENQUEUED,0.1449442759397669,questions_in,fifo,uniform,0,0
2025-10-29T14:33:16.217711,PUBLISH,450379dd9e134751a35c0b5a45ade37c,68f2d95bd190740cfd6a34b0,ENQUEUED,0.37121732082613,questions_in,fifo,uniform,0,0
2025-10-29T14:33:16.444250,PUBLISH,7ce5436829424e40a185d174fb6e12a2,68f2d95bd190740cfd6a3841,ENQUEUED,0.22075874904547424,questions_in,fifo,uniform,0,0
2025-10-29T14:33:16.794292,PUBLISH,52ef3ef4ed7f4215883bec6a16d9fc78,68f2d95bd190740cfd6a1d8f,ENQUEUED,0.3485067098356799,questions_in,fifo,uniform,0,0
2025-10-29T14:33:17.027924,PUBLISH,a86bb3e971e947dbb675c394080d1596,68f2d95bd190740cfd6a257b,ENQUEUED,0.2321582751215015,questions_in,fifo,uniform,0,0
2025-10-29T14:33:17.529409,PUBLISH,80e12f3cd4da40a3ba8df42fde8d23a4,68f2d95bd190740cfd6a31db,ENQUEUED,0.49944069511796574,questions_in,fifo,uniform,0,0
2025-10-29T14:33:17.671040,PUBLISH,b6af9770e0e347a188071ddbf9aed67b,68f2d95bd190740cfd6a2934,ENQUEUED,0.136186213294759,questions_in,fifo,uniform,0,0
2025-10-29T14:33:18.170254,PUBLISH,027a32222aa047919798612cb475d252,68f2d95bd190740cfd6a2daa,ENQUEUED,0.4937926101299617,questions_in,fifo,uniform,0,0
2025-10-29T14:33:18.313046,PUBLISH,b6c48ca814ab414f958558b6fe846327,68f2d95bd190740cfd6a2d23,ENQUEUED,0.13725022016655353,questions_in,fifo,uniform,0,0
2025-10-29T14:33:18.806819,PUBLISH,e9600c0387aa4c29b09c0121e4f8eba0,68f2d95bd190740cfd6a1dd5,ENQUEUED,0.4878078027646562,questions_in,fifo,uniform,0,0
2025-10-29T14:33:19.035528,PUBLISH,07e1885bbb9c44928153d84d7211e2c0,68f2d95bd190740cfd6a3127,ENQUEUED,0.2259790610583446,questions_in,fifo,uniform,0,0
2025-10-29T14:33:19.189874,PUBLISH,452efff95a6643799226a5ca7ff42468,68f2d95bd190740cfd6a3b2a,ENQUEUED,0.14866252019373727,questions_in,fifo,uniform,0,0
2025-10-29T14:33:19.304011,PUBLISH,8d0fbb4fa73d418492dd53237c702378,68f2d95bd190740cfd6a403e,ENQUEUED,0.11014446894659424,questions_in,fifo,uniform,0,0
2025-10-29T14:33:19.608196,PUBLISH,ba66fd51ca0c41ee866521ad08893b5a,68f2d95bd190740cfd6a22c9,ENQUEUED,0.2975773112387446,questions_in,fifo,uniform,0,0
2025-10-29T14:33:20.079343,PUBLISH,b0c9639033014e71a464fd6a00234697,68f2d95bd190740cfd6a41db,ENQUEUED,0.4619091815755957,questions_in,fifo,uniform,0,0
2025-10-29T14:33:20.421817,PUBLISH,b0899a2f5d3443849210a4b648007b7d,68f2d95bd190740cfd6a211b,ENQUEUED,0.340578477737444,questions_in,fifo,uniform,0,0
2025-10-29T14:33:20.744037,PUBLISH,35acc58ed30544dd82be9e75b5c74963,68f2d95bd190740cfd6a3f62,ENQUEUED,0.3171684437832073,questions_in,fifo,uniform,0,0
2025-10-29T14:33:20.998564,PUBLISH,9a875db645a640fd9880b39e78dd6fc3,68f2d95bd190740cfd6a26d2,ENQUEUED,0.2489352155425555,questions_in,fifo,uniform,0,0
2025-10-29T14:33:21.277173,PUBLISH,8136978138984a05befc2be7bd54c625,68f2d95bd190740cfd6a2db7,ENQUEUED,0.26964800715615056,questions_in,fifo,uniform,0,0
2025-10-29T14:33:21.413912,PUBLISH,aea4904cf52741e2b580d6bdbd2dc2d3,68f2d95bd190740cfd6a2c7e,ENQUEUED,0.13139983219552895,questions_in,fifo,uniform,0,0
2025-10-29T14:33:21.807648,PUBLISH,f837f265875442179b9e830d33ace4dc,68f2d95bd190740cfd6a36ae,ENQUEUED,0.3861804418635689,questions_in,fifo,uniform,0,0
2025-10-29T14:33:22.039524,PUBLISH,e25b977164a444e080bd64a0a68c0627,68f2d95bd190740cfd6a3c5e,ENQUEUED,0.22573249111221805,questions_in,fifo,uniform,0,0
2025-10-29T14:33:22.392651,PUBLISH,5193ebada978422c93101c5b83d81859,68f2d95bd190740cfd6a3d24,ENQUEUED,0.3468833357787272,questions_in,fifo,uniform,0,0
2025-10-29T14:33:22.713819,PUBLISH,aa73b0d197344b789e2bebe15448b62b,68f2d95bd190740cfd6a41b1,ENQUEUED,0.31546566455409153,questions_in,fifo,uniform,0,0
2025-10-29T14:33:22.998642,PUBLISH,c5ff6b10ed8541219df33cc819c86bda,68f2d95bd190740cfd6a2474,ENQUEUED,0.27919866226900203,questions_in,fifo,uniform,0,0
2025-10-29T14:33:23.320453,PUBLISH,2c1e5525ed5845e58c7cb3bddabfc9ea,68f2d95bd190740cfd6a1b31,ENQUEUED,0.3156856930632054,questions_in,fifo,uniform,0,0
2025-10-29T14:33:23.660496,PUBLISH,827017787660457b858230bf612b4b78,68f2d95bd190740cfd6a3e93,ENQUEUED,0.3382636492075071,questions_in,fifo,uniform,0,0
2025-10-29T14:33:23.922252,PUBLISH,6a0d569a7c964eb4b6d42539df9a1309,68f2d95bd190740cfd6a1b92,ENQUEUED,0.2549737224969265,questions_in,fifo,uniform,0,0
2025-10-29T14:33:24.393772,PUBLISH,5eb814e1d8844ec6a146162a1c666d5d,68f2d95bd190740cfd6a3eaf,ENQUEUED,0.46511610594569597,questions_in,fifo,uniform,0,0
2025-10-29T14:33:24.558460,PUBLISH,45e6fd3cfee5487fabd5ebf87a81f547,68f2d95bd190740cfd6a3a08,ENQUEUED,0.15927862442473364,questions_in,fifo,uniform,0,0
2025-10-29T14:33:24.699603,PUBLISH,280c38aecf73472c93ed9c25d2853c74,68f2d95bd190740cfd6a2a65,ENQUEUED,0.1355314527703982,questions_in,fifo,uniform,0,0
2025-10-29T14:33:25.186676,PUBLISH,146cf4648101485ebb0c92617bd9b7e0,68f2d95bd190740cfd6a1b66,ENQUEUED,0.47978086975059886,questions_in,fifo,uniform,0,0
2025-10-29T14:33:25.416626,PUBLISH,674588ee5503497fac931d6682cd0c9d,68f2d95bd190740cfd6a38e3,ENQUEUED,0.22208886016790919,questions_in,fifo,uniform,0,0
2025-10-29T14:33:25.831751,PUBLISH,7d80ceab7e484ad8bd6848cdc2fec5c2,68f2d95bd190740cfd6a2631,ENQUEUED,0.41282358298466104,questions_in,fifo,uniform,0,0
2025-10-29T14:33:26.197019,PUBLISH,1dc13c4f3104408ba585817ef645e571,68f2d95bd190740cfd6a2d90,ENQUEUED,0.35923783526495723,questions_in,fifo,uniform,0,0
2025-10-29T14:33:26.324478,PUBLISH,432b8311630d4a859631e4059ff568b2,68f2d95bd190740cfd6a41a2,ENQUEUED,0.12130941553721813,questions_in,fifo,uniform,0,0
2025-10-29T14:33:26.804727,PUBLISH,004a3faea5cd4fff9a1e4be9b5bf145d,68f2d95bd190740cfd6a2332,ENQUEUED,0.47816952504654775,questions_in,fifo,uniform,0,0
2025-10-29T14:33:26.959324,PUBLISH,ea250ac264b546e6bedf3895ecfa7d78,68f2d95bd190740cfd6a2965,ENQUEUED,0.1492967774975513,questions_in,fifo,uniform,0,0
2025-10-29T14:33:27.465209,PUBLISH,4bd221c2b9734fba8cd6320b1a58f54f,68f2d95bd190740cfd6a3343,ENQUEUED,0.49911019592788675,questions_in,fifo,uniform,0,0
2025-10-29T14:33:27.717484,PUBLISH,8f5bad958ce148f2bc56fd504b80f46c,68f2d95bd190740cfd6a3fa7,ENQUEUED,0.2460761434760378,questions_in,fifo,uniform,0,0
2025-10-29T14:33:28.031678,PUBLISH,0661c24a9d60423692ad7acc46bec7b4,68f2d95bd190740cfd6a3818,ENQUEUED,0.3078008198458557,questions_in,fifo,uniform,0,0
2025-10-29T14:33:28.476928,PUBLISH,2c33bcc93de84b8796f10e7dade202e6,68f2d95bd190740cfd6a2b44,ENQUEUED,0.4387864324712074,questions_in,fifo,uniform,0,0
2025-10-29T14:33:28.693391,PUBLISH,a37d6aca5f10464dbf439e3f2a40a328,68f2d95bd190740cfd6a2e01,ENQUEUED,0.21076345207523817,questions_in,fifo,uniform,0,0
2025-10-29T14:33:28.837684,PUBLISH,5b95196913ef40568ea4aaff5ba73fa9,68f2d95bd190740cfd6a3e46,ENQUEUED,0.13827792921093002,questions_in,fifo,uniform,0,0
2025-10-29T14:33:29.082181,PUBLISH,b801fea7460d4f3299a48db6205ee751,68f2d95bd190740cfd6a3159,ENQUEUED,0.23852884070533198,questions_in,fifo,uniform,0,0
2025-10-29T14:33:29.394732,PUBLISH,f86f0e0e42c548418b605eda27c79590,68f2d95bd190740cfd6a35b5,ENQUEUED,0.304907140030895,questions_in,fifo,uniform,0,0
2025-10-29T14:33:29.625783,PUBLISH,1063bdf3e9734a09a7b0ffd24b42701b,68f2d95bd190740cfd6a2d19,ENQUEUED,0.22545935031603803,questions_in,fifo,uniform,0,0
2025-10-29T14:33:29.898900,PUBLISH,2051b7ad601f444da26ece9bc975b4e0,68f2d95bd190740cfd6a2f9b,ENQUEUED,0.27162095539217146,questions_in,fifo,uniform,0,0
2025-10-29T14:33:30.350457,PUBLISH,45c7cbb7cc8d4b94bd66ee4f395e4989,68f2d95bd190740cfd6a287a,ENQUEUED,0.44579037248123,questions_in,fifo,uniform,0,0
2025-10-29T14:33:30.484196,PUBLISH,fe536f7c07d9459f9ce6469ff67dae17,68f2d95bd190740cfd6a2b19,ENQUEUED,0.1279552923290675,questions_in,fifo,uniform,0,0
2025-10-29T14:33:30.850281,PUBLISH,fc3dcdb374ac42eba949c7a520d4b3c2,68f2d95bd190740cfd6a2fc9,ENQUEUED,0.3602654831966374,questions_in,fifo,uniform,0,0
2025-10-29T14:33:31.078690,PUBLISH,c2c6e29bfeef47acbd10ea912e7bfd63,68f2d95bd190740cfd6a3f82,ENQUEUED,0.2227021223457681,questions_in,fifo,uniform,0,0
2025-10-29T14:33:31.493427,PUBLISH,6fa43bf496034437b56df21d80ec6832,68f2d95bd190740cfd6a2fe7,ENQUEUED,0.4088800402021283,questions_in,fifo,uniform,0,0
2025-10-29T14:33:31.943169,PUBLISH,dc536c766ca64afd8b6f8ae57ddf860c,68f2d95bd190740cfd6a3520,ENQUEUED,0.4440086183313824,questions_in,fifo,uniform,0,0
2025-10-29T14:33:32.379510,PUBLISH,52200ac104a649f69e4d9805e44ffd5f,68f2d95bd190740cfd6a1b13,ENQUEUED,0.43068278345146294,questions_in,fifo,uniform,0,0
2025-10-29T14:33:32.687665,PUBLISH,d0d60734cd18439986950b7f293ea2ef,68f2d95bd190740cfd6a2af5,ENQUEUED,0.3025705427568701,questions_in,fifo,uniform,0,0
2025-10-29T14:33:33.160094,PUBLISH,3ac0e705ea2149c284a94cff6742289f,68f2d95bd190740cfd6a29e7,ENQUEUED,0.4706125438621859,questions_in,fifo,uniform,0,0
2025-10-29T14:33:33.406296,PUBLISH,298a3a292fa9435295071541d88fc67c,68f2d95bd190740cfd6a32fe,ENQUEUED,0.24018349535709482,questions_in,fifo,uniform,0,0
2025-10-29T14:33:33.780663,PUBLISH,64216db12df14464a55a97a70ab7de48,68f2d95bd190740cfd6a317c,ENQUEUED,0.3677979600272646,questions_in,fifo,uniform,0,0
2025-10-29T14:33:34.119207,PUBLISH,ffb4a5ee552c4f588ba1b7217de1ea70,68f2d95bd190740cfd6a3519,ENQUEUED,0.33284326176922985,questions_in,fifo,uniform,0,0
2025-10-29T14:33:34.272075,PUBLISH,593c08782b9a447eb4fde35e7ac91fd8,68f2d95bd190740cfd6a373d,ENQUEUED,0.14731786720080653,questions_in,fifo,uniform,0,0
2025-10-29T14:33:34.504243,PUBLISH,76034bf5c1024942a0778502fdc96a19,68f2d95bd190740cfd6a1cc2,ENQUEUED,0.22685386937549357,questions_in,fifo,uniform,0,0
2025-10-29T14:33:34.724308,PUBLISH,cad7a02d682b45369065e688ba8562ea,68f2d95bd190740cfd6a1d34,ENQUEUED,0.21186558264506317,questions_in,fifo,uniform,0,0
2025-10-29T14:33:35.021007,PUBLISH,f0f6027759484234b95a77b2cea48628,68f2d95bd190740cfd6a3551,ENQUEUED,0.2910800285678026,questions_in,fifo,uniform,0,0
2025-10-29T14:33:35.491482,PUBLISH,2a3d5e9f1344416eb65161a895cb3ae6,68f2d95bd190740cfd6a2d29,ENQUEUED,0.46428230749993604,questions_in,fifo,uniform,0,0
2025-10-29T14:33:35.687601,PUBLISH,671944b251f443e49fd33ad757969f59,68f2d95bd190740cfd6a2ad2,ENQUEUED,0.18973732535889867,questions_in,fifo,uniform,0,0
2025-10-29T14:33:35.957053,PUBLISH,bc94c476f9ef4c31bce2574d45a6b1da,68f2d95bd190740cfd6a419d,ENQUEUED,0.26387370576969166,questions_in,fifo,uniform,0,0
2025-10-29T14:33:36.414170,PUBLISH,77460700cb6943b987b646a476ec978c,68f2d95bd190740cfd6a29da,ENQUEUED,0.4554822878498387,questions_in,fifo,uniform,0,0
2025-10-29T14:33:36.827003,PUBLISH,ae3e0ea9e62740f89a90baa842720cb5,68f2d95bd190740cfd6a1ec6,ENQUEUED,0.40718442269043076,questions_in,fifo,uniform,0,0
2025-10-29T14:33:37.000281,PUBLISH,529db126c5af4a8c91acd09622170bc6,68f2d95bd190740cfd6a332a,ENQUEUED,0.16709250217449392,questions_in,fifo,uniform,0,0
2025-10-29T14:33:37.278477,PUBLISH,cd9f2601d54c4de9a1516a677ebdd77b,68f2d95bd190740cfd6a1d42,ENQUEUED,0.27184630700305745,questions_in,fifo,uniform,0,0
2025-10-29T14:33:37.423542,PUBLISH,11cfd6f9f04a44e89d009e7780f38f70,68f2d95bd190740cfd6a2a78,ENQUEUED,0.13914833238515817,questions_in,fifo,uniform,0,0
2025-10-29T14:33:37.690388,PUBLISH,a92dcd45c19642608f7f26f2b940d7ef,68f2d95bd190740cfd6a33f3,ENQUEUED,0.26035327963484123,questions_in,fifo,uniform,0,0
2025-10-29T14:33:38.158839,PUBLISH,19c458cd414141dc9716334504e95e7b,68f2d95bd190740cfd6a2d38,ENQUEUED,0.4628432637577756,questions_in,fifo,uniform,0,0
2025-10-29T14:33:38.304506,PUBLISH,f450e0afd0d4449c9d185dd9e75a80b8,68f2d95bd190740cfd6a3c2c,ENQUEUED,0.13936493039178793,questions_in,fifo,uniform,0,0
2025-10-29T14:33:38.425150,PUBLISH,8e6f10d2cf904c17983376083b43af6e,68f2d95bd190740cfd6a25ed,ENQUEUED,0.11502671596487915,questions_in,fifo,uniform,0,0
2025-10-29T14:33:38.806399,PUBLISH,2d5fda45d06746e9bcd8c6bc0323b860,68f2d95bd190740cfd6a3faa,ENQUEUED,0.374816460747056,questions_in,fifo,uniform,0,0
2025-10-29T14:33:39.207842,PUBLISH,9b0883f44e664022840ec2d0e36131b3,68f2d95bd190740cfd6a3541,ENQUEUED,0.3956029709470933,questions_in,fifo,uniform,0,0
2025-10-29T14:33:39.686730,PUBLISH,95e90dfabdea416bb583463b1155565e,68f2d95bd190740cfd6a40b8,ENQUEUED,0.47617787507370657,questions_in,fifo,uniform,0,0
2025-10-29T14:33:39.986324,PUBLISH,4efe2f593ba04dd1a097ac5a4492fe8a,68f2d95bd190740cfd6a1fb2,ENQUEUED,0.2912308001096823,questions_in,fifo,uniform,0,0
2025-10-29T14:33:40.105076,PUBLISH,0a94053424254a219026ee4bfa39568e,68f2d95bd190740cfd6a25df,ENQUEUED,0.11338192100731655,questions_in,fifo,uniform,0,0
2025-10-29T14:33:40.607027,PUBLISH,af23c569a5eb4c1391ad0b892b77f7cb,68f2d95bd190740cfd6a2fd1,ENQUEUED,0.4960693401246813,questions_in,fifo,uniform,0,0
2025-10-29T14:33:40.977936,PUBLISH,17336ac6fed64f5c8633b47b919c9ffc,68f2d95bd190740cfd6a2a19,ENQUEUED,0.36491481609351983,questions_in,fifo,uniform,0,0
2025-10-29T14:33:41.086424,PUBLISH,ea030ce3b3ad48569ea55f28bbf124f0,68f2d95bd190740cfd6a28f3,ENQUEUED,0.10174584254266704,questions_in,fifo,uniform,0,0
2025-10-29T14:33:41.375307,PUBLISH,c1fed16fb78a4ade9cfc15722d51c1aa,68f2d95bd190740cfd6a24c4,ENQUEUED,0.2830378466411918,questions_in,fifo,uniform,0,0
2025-10-29T14:33:41.652631,PUBLISH,30082fb59d744ff9a53213d6c9fa497d,68f2d95bd190740cfd6a2abf,ENQUEUED,0.2716345266791397,questions_in,fifo,uniform,0,0
2025-10-29T14:33:42.067450,PUBLISH,c264bcbc49cf4a06b8ed1a6dcacd5f2d,68f2d95bd190740cfd6a20f8,ENQUEUED,0.4074032584643783,questions_in,fifo,uniform,0,0
2025-10-29T14:33:42.192055,PUBLISH,f5c2ffbdeec24f38861421f32ef3a6ed,68f2d95bd190740cfd6a40d4,ENQUEUED,0.11920798708266621,questions_in,fifo,uniform,0,0
2025-10-29T14:33:42.559246,PUBLISH,e48851c8db8645e7992a9fd94b65bd1e,68f2d95bd190740cfd6a282a,ENQUEUED,0.3617556083557443,questions_in,fifo,uniform,0,0
2025-10-29T14:33:42.963140,PUBLISH,fd1cc5ece34a4d26b7be81bdbd4ee942,68f2d95bd190740cfd6a3836,ENQUEUED,0.4016347328031483,questions_in,fifo,uniform,0,0
2025-10-29T14:33:43.101869,PUBLISH,583c786132a849129342012cc6e8c963,68f2d95bd190740cfd6a2ae9,ENQUEUED,0.13478112592330527,questions_in,fifo,uniform,0,0
2025-10-29T14:33:43.524727,PUBLISH,a261222f9136487ab43e6156c5231e10,68f2d95bd190740cfd6a25cd,ENQUEUED,0.41698632549190007,questions_in,fifo,uniform,0,0
2025-10-29T14:33:43.914071,PUBLISH,a84fa5f1b93e4952b000140088836280,68f2d95bd190740cfd6a216d,ENQUEUED,0.38412973867317834,questions_in,fifo,uniform,0,0
2025-10-29T14:33:44.034355,PUBLISH,6d85dbccfd4e46b698e5f3f0ebef37d0,68f2d95bd190740cfd6a2dfc,ENQUEUED,0.11690030276836035,questions_in,fifo,uniform,0,0
2025-10-29T14:33:44.194371,PUBLISH,13376ae46892430f88d0d9c4612b4a76,68f2d95bd190740cfd6a38d3,ENQUEUED,0.15421258670321314,questions_in,fifo,uniform,0,0
2025-10-29T14:33:44.674171,PUBLISH,067872b7e3fc4e4fa5b45a96d885d17c,68f2d95bd190740cfd6a1f82,ENQUEUED,0.4739931643759364,questions_in,fifo,uniform,0,0
2025-10-29T14:33:45.150034,PUBLISH,11a42f266d8c4692b4902ed1beb607f3,68f2d95bd190740cfd6a3bcf,ENQUEUED,0.4695423428835933,questions_in,fifo,uniform,0,0
2025-10-29T14:33:45.394295,PUBLISH,05767c54cecf41b9b1e8256799d951e0,68f2d95bd190740cfd6a1db7,ENQUEUED,0.2428777472011121,questions_in,fifo,uniform,0,0
2025-10-29T14:33:45.889660,PUBLISH,f8113b835a9a4135b21b21d5b6db9e92,68f2d95bd190740cfd6a39f8,ENQUEUED,0.4891596096599178,questions_in,fifo,uniform,0,0
2025-10-29T14:33:46.048978,PUBLISH,b686e329700c4986829f9bb4d3cdcbb6,68f2d95bd190740cfd6a2ba5,ENQUEUED,0.15777980257157892,questions_in,fifo,uniform,0,0
2025-10-29T14:33:46.253194,PUBLISH,cd7870d0ed5447429790e3408be66085,68f2d95bd190740cfd6a355e,ENQUEUED,0.20262271542814392,questions_in,fifo,uniform,0,0
2025-10-29T14:33:46.372119,PUBLISH,2db6eb69786a451bbb46034dce5408c6,68f2d95bd190740cfd6a380c,ENQUEUED,0.11322970702918443,questions_in,fifo,uniform,0,0
2025-10-29T14:33:46.535508,PUBLISH,fcf2ee49daec45c4bbf845b5b4ac8080,68f2d95bd190740cfd6a2e17,ENQUEUED,0.15745312643878082,questions_in,fifo,uniform,0,0
2025-10-29T14:33:46.816587,PUBLISH,a1917d9c5f65413c8c0acc4ac06748a2,68f2d95bd190740cfd6a3b57,ENQUEUED,0.27541401691510903,questions_in,fifo,uniform,0,0
2025-10-29T14:33:47.092862,PUBLISH,56f1836914224a9e81b785e5dadf8f11,68f2d95bd190740cfd6a2c63,ENQUEUED,0.26926881025426186,questions_in,fifo,uniform,0,0
2025-10-29T14:33:47.510811,PUBLISH,d77f8063203a4a6e80eaaa55a9b23877,68f2d95bd190740cfd6a2e63,ENQUEUED,0.4120017823175578,questions_in,fifo,uniform,0,0
2025-10-29T14:33:47.915177,PUBLISH,b3798107b5114ad4bf8c42ec1fdcf965,68f2d95bd190740cfd6a3c7d,ENQUEUED,0.3987209614114844,questions_in,fifo,uniform,0,0
2025-10-29T14:33:48.213223,PUBLISH,0e1e73eef2084d7c9dd42ef6a90128ea,68f2d95bd190740cfd6a212b,ENQUEUED,0.29217294943448563,questions_in,fifo,uniform,0,0
2025-10-29T14:33:48.443731,PUBLISH,9810463413e448af956e268f49bca680,68f2d95bd190740cfd6a40e6,ENQUEUED,0.22883663111679212,questions_in,fifo,uniform,0,0
2025-10-29T14:33:48.912665,PUBLISH,9bdf3a26256643b9befd8d3b83ba9a5e,68f2d95bd190740cfd6a2952,ENQUEUED,0.46266310338830896,questions_in,fifo,uniform,0,0
2025-10-29T14:33:49.176943,PUBLISH,96961bafe5cd4196b6dd16a995991c9e,68f2d95bd190740cfd6a3d61,ENQUEUED,0.25838698260392334,questions_in,fifo,uniform,0,0
2025-10-29T14:33:49.553243,PUBLISH,56004a3dd2964c0dacd2e2b413133342,68f2d95bd190740cfd6a1ecc,ENQUEUED,0.370224899059167,questions_in,fifo,uniform,0,0
2025-10-29T14:33:49.707813,PUBLISH,d795ccfaabbd40ffac8620f1927bed98,68f2d95bd190740cfd6a1bdd,ENQUEUED,0.1486950373850835,questions_in,fifo,uniform,0,0
2025-10-29T14:33:49.930735,PUBLISH,6bbcf76f1f4a47f7833189e655701dd1,68f2d95bd190740cfd6a296c,ENQUEUED,0.21732173453560613,questions_in,fifo,uniform,0,0
2025-10-29T14:33:50.056067,PUBLISH,06db667ec67749d696b5014f99719b96,68f2d95bd190740cfd6a2120,ENQUEUED,0.11961058365516522,questions_in,fifo,uniform,0,0
2025-10-29T14:33:50.170546,PUBLISH,554e5e10dbc9407599021759fa6da378,68f2d95bd190740cfd6a3480,ENQUEUED,0.10827992947711765,questions_in,fifo,uniform,0,0
2025-10-29T14:33:50.471832,PUBLISH,47d0243897d048f89237fa7526cd41f7,68f2d95bd190740cfd6a2588,ENQUEUED,0.2956526263669133,questions_in,fifo,uniform,0,0
2025-10-29T14:33:50.689132,PUBLISH,15536b653620404eadab4a752ccf64da,68f2d95bd190740cfd6a1de9,ENQUEUED,0.21139946876486915,questions_in,fifo,uniform,0,0
2025-10-29T14:33:51.150811,PUBLISH,f6d7cb1a7e9f43398d379ed13439e6b6,68f2d95bd190740cfd6a2f57,ENQUEUED,0.4546422169290424,questions_in,fifo,uniform,0,0
2025-10-29T14:33:51.480944,PUBLISH,4e9f922ca49f4709aca7c3742660630f,68f2d95bd190740cfd6a37d8,ENQUEUED,0.32687252861957405,questions_in,fifo,uniform,0,0
2025-10-29T14:33:51.880170,PUBLISH,0e17955f19564a7f8a36066a9463915d,68f2d95bd190740cfd6a1b61,ENQUEUED,0.3922528084623478,questions_in,fifo,uniform,0,0
2025-10-29T14:33:52.349493,PUBLISH,338c74e5548748ec93f28b385cd24215,68f2d95bd190740cfd6a2202,ENQUEUED,0.46297563993164836,questions_in,fifo,uniform,0,0
2025-10-29T14:33:52.807872,PUBLISH,673792e5abfa4f8192e5375ce07add9f,68f2d95bd190740cfd6a3e16,ENQUEUED,0.4522778299394824,questions_in,fifo,uniform,0,0
2025-10-29T14:33:53.129022,PUBLISH,8943a97ccea4482593e55bbf24fbcf5e,68f2d95bd190740cfd6a2d76,ENQUEUED,0.3153846333719518,questions_in,fifo,uniform,0,0
2025-10-29T14:33:53.346940,PUBLISH,1b491ad463f14a7ea03eba836fb89915,68f2d95bd190740cfd6a268f,ENQUEUED,0.21203565582593328,questions_in,fifo,uniform,0,0
2025-10-29T14:33:53.615788,PUBLISH,bf9eec93d7a846b7a46fbcec27989725,68f2d95bd190740cfd6a1d5a,ENQUEUED,0.26664496063494914,questions_in,fifo,uniform,0,0
2025-10-29T14:33:54.065590,PUBLISH,e835c984adcd4bf4bae9463aa75da1d5,68f2d95bd190740cfd6a3d31,ENQUEUED,0.44351792479902874,questions_in,fifo,uniform,0,0
2025-10-29T14:33:54.401349,PUBLISH,57c2ec641b8e4fc8ae3da56d24f5ec91,68f2d95bd190740cfd6a32da,ENQUEUED,0.3300358279966207,questions_in,fifo,uniform,0,0
2025-10-29T14:33:54.862200,PUBLISH,9a5135ce1e0f4e9bbe5ca383f543baa9,68f2d95bd190740cfd6a2b8a,ENQUEUED,0.455042258393734,questions_in,fifo,uniform,0,0
2025-10-29T14:33:55.062503,PUBLISH,b56d476ddb394bdf88ed4c68a5307feb,68f2d95bd190740cfd6a2351,ENQUEUED,0.194672520885823,questions_in,fifo,uniform,0,0
2025-10-29T14:33:55.295745,PUBLISH,34907b06e2204b928de4a701edb44af3,68f2d95bd190740cfd6a20c9,ENQUEUED,0.22745367142787948,questions_in,fifo,uniform,0,0
2025-10-29T14:33:55.536383,PUBLISH,c0ff73b0bbd2453a9a16fa2942681e75,68f2d95bd190740cfd6a2bd8,ENQUEUED,0.23478951740358356,questions_in,fifo,uniform,0,0
2025-10-29T14:33:55.752135,PUBLISH,a7a5c754efa6444baf6ee38d818bdbca,68f2d95bd190740cfd6a2464,ENQUEUED,0.21389085760820856,questions_in,fifo,uniform,0,0
2025-10-29T14:33:56.217736,PUBLISH,58bd627d26124934bb0231f8347e1b3d,68f2d95bd190740cfd6a3ec3,ENQUEUED,0.4589066156165431,questions_in,fifo,uniform,0,0
2025-10-29T14:33:56.506016,PUBLISH,58065e3bd8d843cca714384045fedb5b,68f2d95bd190740cfd6a1c2f,ENQUEUED,0.28252013928960207,questions_in,fifo,uniform,0,0
2025-10-29T14:33:56.880945,PUBLISH,6ccef22962614300982e90616acbcbb5,68f2d95bd190740cfd6a2f9b,ENQUEUED,0.3693121885085924,questions_in,fifo,uniform,0,0
2025-10-29T14:33:57.386563,PUBLISH,2d2456c09ff248f28c34bba05f64b725,68f2d95bd190740cfd6a4027,ENQUEUED,0.49910636822392185,questions_in,fifo,uniform,0,0
2025-10-29T14:33:57.705651,PUBLISH,7bd17af704be4fcf900ac76fc14783c2,68f2d95bd190740cfd6a21ca,ENQUEUED,0.317214952866509,questions_in,fifo,uniform,0,0
2025-10-29T14:33:58.030538,PUBLISH,a693e1db1a0b4f9388795059e38a888f,68f2d95bd190740cfd6a3540,ENQUEUED,0.3189974469461574,questions_in,fifo,uniform,0,0
2025-10-29T14:33:58.184761,PUBLISH,4e5b9fae241649e3a688688bc1495d69,68f2d95bd190740cfd6a34d8,ENQUEUED,0.14884391684939216,questions_in,fifo,uniform,0,0
2025-10-29T14:33:58.361219,PUBLISH,e1df808b489848da84e60b9fbbb0a284,68f2d95bd190740cfd6a3d3c,ENQUEUED,0.16948144754005567,questions_in,fifo,uniform,0,0
2025-10-29T14:33:58.507494,PUBLISH,39b26270ed884cafad26c0a6f45ebd96,68f2d95bd190740cfd6a3d99,ENQUEUED,0.14090861802627358,questions_in,fifo,uniform,0,0
2025-10-29T14:33:58.804156,PUBLISH,6fc047c5611b425abff000266844ce5b,68f2d95bd190740cfd6a3236,ENQUEUED,0.2912045451634331,questions_in,fifo,uniform,0,0
2025-10-29T14:33:59.033570,PUBLISH,240867e7028b4275b72171f21ee14542,68f2d95bd190740cfd6a1cf6,ENQUEUED,0.2269604261765994,questions_in,fifo,uniform,0,0
2025-10-29T14:33:59.239500,PUBLISH,0bc054b846684fd699a45567a1c64509,68f2d95bd190740cfd6a3570,ENQUEUED,0.19985100008498236,questions_in,fifo,uniform,0,0
2025-10-29T14:33:59.663286,PUBLISH,c822a819141843d8b49fda20d74414a3,68f2d95bd190740cfd6a2aea,ENQUEUED,0.41612587754940555,questions_in,fifo,uniform,0,0
2025-10-29T14:34:00.130408,PUBLISH,90933619e7d040fa95a8f12379e6a2bf,68f2d95bd190740cfd6a1ce8,ENQUEUED,0.4604117232666103,questions_in,fifo,uniform,0,0
2025-10-29T14:34:00.395285,PUBLISH,dbc3972574b9474a84d99e9e8c4c19f3,68f2d95bd190740cfd6a2c17,ENQUEUED,0.2583707137357395,questions_in,fifo,uniform,0,0
2025-10-29T14:34:00.788862,PUBLISH,19e5ab94f405492eb06a4d01a210e392,68f2d95bd190740cfd6a3c1a,ENQUEUED,0.3917665560053806,questions_in,fifo,uniform,0,0
2025-10-29T14:34:01.104797,PUBLISH,aaade41d61a14fd98ea465a0bbf77446,68f2d95bd190740cfd6a39c4,ENQUEUED,0.31328385727842467,questions_in,fifo,uniform,0,0
2025-10-29T14:34:01.437829,PUBLISH,762af49a7e0c405fb239e8b8a7c2cb64,68f2d95bd190740cfd6a3497,ENQUEUED,0.32714190034725565,questions_in,fifo,uniform,0,0
2025-10-29T14:34:01.924097,PUBLISH,810bc1f6b804475da5f3e51e44a8acbd,68f2d95bd190740cfd6a34f3,ENQUEUED,0.4843602649734895,questions_in,fifo,uniform,0,0
2025-10-29T14:34:02.174304,PUBLISH,45cf6a905bbc4ca6ba3f2bb5e0e353b6,68f2d95bd190740cfd6a2ba5,ENQUEUED,0.248836473998453,questions_in,fifo,uniform,0,0
2025-10-29T14:34:02.562322,PUBLISH,ce960fe77f9d47c4a5e46abc0c442508,68f2d95bd190740cfd6a31b0,ENQUEUED,0.3818181557703949,questions_in,fifo,uniform,0,0
2025-10-29T14:34:03.014728,PUBLISH,2556870b1c864baa83f16bd9d2c774d4,68f2d95bd190740cfd6a2906,ENQUEUED,0.44573144829648503,questions_in,fifo,uniform,0,0
2025-10-29T14:34:03.491849,PUBLISH,62a417bf2cde4076859f3c58f23f6e6b,68f2d95bd190740cfd6a2d55,ENQUEUED,0.47141142106905476,questions_in,fifo,uniform,0,0
2025-10-29T14:34:03.610806,PUBLISH,14b9712e4827492d9bfc31ec479be91e,68f2d95bd190740cfd6a2975,ENQUEUED,0.1134230002312504,questions_in,fifo,uniform,0,0
2025-10-29T14:34:04.077176,PUBLISH,5fb94b9a9c914129b57279875075b1f0,68f2d95bd190740cfd6a3a2c,ENQUEUED,0.4645897136379008,questions_in,fifo,uniform,0,0
2025-10-29T14:34:04.558730,PUBLISH,4c8d8d25f70647269460e5368a32f150,68f2d95bd190740cfd6a2b25,ENQUEUED,0.4757715937013899,questions_in,fifo,uniform,0,0
2025-10-29T14:34:04.988389,PUBLISH,1bce9b7c50b74c1baad16ff1c1ee1298,68f2d95bd190740cfd6a364c,ENQUEUED,0.4226706614407344,questions_in,fifo,uniform,0,0
2025-10-29T14:34:05.296032,PUBLISH,e087785499814069957019faf73e1154,68f2d95bd190740cfd6a1b24,ENQUEUED,0.3016833696545662,questions_in,fifo,uniform,0,0
2025-10-29T14:34:05.719162,PUBLISH,837781554e454e99936371cd1ba3d626,68f2d95bd190740cfd6a3eec,ENQUEUED,0.4179220399770627,questions_in,fifo,uniform,0,0
2025-10-29T14:34:05.975178,PUBLISH,9469d94cfd6a4d83bbe8cd7df53df37d,68f2d95bd190740cfd6a2ff2,ENQUEUED,0.25057007227103545,questions_in,fifo,uniform,0,0
2025-10-29T14:34:06.249867,PUBLISH,caf49df69e38489981169a67c0fd2eeb,68f2d95bd190740cfd6a2df7,ENQUEUED,0.268568771136192,questions_in,fifo,uniform,0,0
2025-10-29T14:34:06.674113,PUBLISH,3342b865a5fb4ec8bfd1e1b0bb74ea65,68f2d95bd190740cfd6a3211,ENQUEUED,0.4182003188255188,questions_in,fifo,uniform,0,0
2025-10-29T14:34:07.057343,PUBLISH,1733b3151ac04e5fa8069a38b3e12c52,68f2d95bd190740cfd6a2265,ENQUEUED,0.37745405720475655,questions_in,fifo,uniform,0,0
2025-10-29T14:34:07.210894,PUBLISH,c1bf9d0b51df46519d3ff3deaacff370,68f2d95bd190740cfd6a1cb6,ENQUEUED,0.15193991079574745,questions_in,fifo,uniform,0,0
2025-10-29T14:34:07.597171,PUBLISH,1349d3e11f00444aa2cc0bfd875f5756,68f2d95bd190740cfd6a2f12,ENQUEUED,0.38418549086961173,questions_in,fifo,uniform,0,0
2025-10-29T14:34:07.949443,PUBLISH,ae04d6abb2524609b81a3ce9fefe0287,68f2d95bd190740cfd6a2b27,ENQUEUED,0.34583630125170306,questions_in,fifo,uniform,0,0
2025-10-29T14:34:08.136246,PUBLISH,fea5e1f34e7b4ae6b20cff5cd6c30a36,68f2d95bd190740cfd6a2fea,ENQUEUED,0.18067814780436572,questions_in,fifo,uniform,0,0
2025-10-29T14:34:08.437792,PUBLISH,3477a553abc3437fa041eaf5e27dd368,68f2d95bd190740cfd6a1e63,ENQUEUED,0.2998659427780004,questions_in,fifo,uniform,0,0
2025-10-29T14:34:08.647383,PUBLISH,5b65d36136774ef9be59ecdefcbe44de,68f2d95bd190740cfd6a218b,ENQUEUED,0.20356901693701102,questions_in,fifo,uniform,0,0
2025-10-29T14:34:08.951815,PUBLISH,1dacbe972fba4d0991caf2a37219e540,68f2d95bd190740cfd6a2899,ENQUEUED,0.2987294159325744,questions_in,fifo,uniform,0,0
2025-10-29T14:34:09.361541,PUBLISH,7fc29c5cdb5f48c2b55b36d882da2ccc,68f2d95bd190740cfd6a2b65,ENQUEUED,0.4036586248010756,questions_in,fifo,uniform,0,0
2025-10-29T14:34:09.577796,PUBLISH,4e1916ce96b847609e458d0e0d850aea,68f2d95bd190740cfd6a3080,ENQUEUED,0.2089557310882495,questions_in,fifo,uniform,0,0
2025-10-29T14:34:09.913914,PUBLISH,35a9e9551dc2486cb69d10a3cdd91ff1,68f2d95bd190740cfd6a1e15,ENQUEUED,0.33061355624775396,questions_in,fifo,uniform,0,0
2025-10-29T14:34:10.316437,PUBLISH,686a3975235b49c09566ccc33f483c1b,68f2d95bd190740cfd6a23e6,ENQUEUED,0.4005224286503133,questions_in,fifo,uniform,0,0
2025-10-29T14:34:10.742225,PUBLISH,b18830bbe65e4e93ba1bcc3d45345964,68f2d95bd190740cfd6a403c,ENQUEUED,0.4198605652339259,questions_in,fifo,uniform,0,0
2025-10-29T14:34:10.935013,PUBLISH,d4f521928709435085a6d9a8988a89c9,68f2d95bd190740cfd6a207a,ENQUEUED,0.1871813707668943,questions_in,fifo,uniform,0,0
2025-10-29T14:34:11.332293,PUBLISH,dd0614a63b4145d7af46f3c2697137c9,68f2d95bd190740cfd6a1b18,ENQUEUED,0.39152431029109713,questions_in,fifo,uniform,0,0
2025-10-29T14:34:11.689677,PUBLISH,15a269300cc448eab8345fcc51c12bf7,68f2d95bd190740cfd6a34a6,ENQUEUED,0.352404357299237,questions_in,fifo,uniform,0,0
2025-10-29T14:34:12.129669,PUBLISH,efc411833d244c538f6fb2590469c575,68f2d95bd190740cfd6a268f,ENQUEUED,0.43368673077589004,questions_in,fifo,uniform,0,0
2025-10-29T14:34:12.577583,PUBLISH,aa25e36455314af6b1772f9557b35d7b,68f2d95bd190740cfd6a224e,ENQUEUED,0.44101685213829445,questions_in,fifo,uniform,0,0
2025-10-29T14:34:12.991209,PUBLISH,35f3b285dc7045968ad36371d1a78e63,68f2d95bd190740cfd6a3df3,ENQUEUED,0.40784132443380816,questions_in,fifo,uniform,0,0
2025-10-29T14:34:13.462251,PUBLISH,e90be7c720414a0aa175592897885db3,68f2d95bd190740cfd6a211d,ENQUEUED,0.46928667874491636,questions_in,fifo,uniform,0,0
2025-10-29T14:34:13.675094,PUBLISH,989fe1b36ea7473c9676652972d1640c,68f2d95bd190740cfd6a2ec5,ENQUEUED,0.20691082043626574,questions_in,fifo,uniform,0,0
2025-10-29T14:34:13.968054,PUBLISH,6cf8fbb40c33486c9ddf487d1f23dd37,68f2d95bd190740cfd6a1cfd,ENQUEUED,0.2871689461739884,questions_in,fifo,uniform,0,0
2025-10-29T14:34:14.407830,PUBLISH,150bfe5de2994a2a9baf799d900794c6,68f2d95bd190740cfd6a399e,ENQUEUED,0.43355861626432624,questions_in,fifo,uniform,0,0
2025-10-29T14:34:14.861433,PUBLISH,ef63c050adcd4da098410268a8ad745c,68f2d95bd190740cfd6a3ce9,ENQUEUED,0.4476301090370737,questions_in,fifo,uniform,0,0
2025-10-29T14:34:15.271711,PUBLISH,b0f6aaa07e40443484399851d420f536,68f2d95bd190740cfd6a30d5,ENQUEUED,0.40399085529159773,questions_in,fifo,uniform,0,0
2025-10-29T14:34:15.553732,PUBLISH,98441e9c337d455cb870e0207e99d588,68f2d95bd190740cfd6a25ce,ENQUEUED,0.2764740395486067,questions_in,fifo,uniform,0,0
2025-10-29T14:34:15.801203,PUBLISH,0b0aec794c504de0956ed79faf27edf1,68f2d95bd190740cfd6a30d0,ENQUEUED,0.24159116083458487,questions_in,fifo,uniform,0,0
2025-10-29T14:34:16.149856,PUBLISH,f6a5233bb47b45b094674b4846068d8d,68f2d95bd190740cfd6a2f4e,ENQUEUED,0.342509863836428,questions_in,fifo,uniform,0,0
2025-10-29T14:34:16.260557,PUBLISH,ecc0c8ae3f57460081b32f7e950308b9,68f2d95bd190740cfd6a35f4,ENQUEUED,0.10523829444366194,questions_in,fifo,uniform,0,0
2025-10-29T14:34:16.701146,PUBLISH,e11ad1a5166e4856b9cdc94fd3a67a00,68f2d95bd190740cfd6a2c8c,ENQUEUED,0.4391776451139284,questions_in,fifo,uniform,0,0
2025-10-29T14:34:16.927096,PUBLISH,486160b16181428a83b1d50402af4d3c,68f2d95bd190740cfd6a3e0f,ENQUEUED,0.2206881668054398,questions_in,fifo,uniform,0,0
2025-10-29T14:34:17.114791,PUBLISH,ae70292e4a9d4d88ab1fdaa889f5fc04,68f2d95bd190740cfd6a2846,ENQUEUED,0.1825900489940302,questions_in,fifo,uniform,0,0
2025-10-29T14:34:17.403590,PUBLISH,7ce090e603844dd69e78e926aed98048,68f2d95bd190740cfd6a2282,ENQUEUED,0.28295515946947974,questions_in,fifo,uniform,0,0
2025-10-29T14:34:17.861578,PUBLISH,74cacd99208e452dab0453c29cb7a6a9,68f2d95bd190740cfd6a3729,ENQUEUED,0.45138541568867097,questions_in,fifo,uniform,0,0
2025-10-29T14:34:17.982541,PUBLISH,753136ce3e224baa8166af2f09cc3d9f,68f2d95bd190740cfd6a2419,ENQUEUED,0.11516581934320236,questions_in,fifo,uniform,0,0
2025-10-29T14:34:18.230264,PUBLISH,954292f5222842199e648e6366e31d59,68f2d95bd190740cfd6a25d1,ENQUEUED,0.2417454176655064,questions_in,fifo,uniform,0,0
2025-10-29T14:34:18.735885,PUBLISH,6a40fb6404aa4cd8a61cc0dde6d2c5f5,68f2d95bd190740cfd6a1de9,ENQUEUED,0.49990422645916677,questions_in,fifo,uniform,0,0
2025-10-29T14:34:18.998024,PUBLISH,d6f5a793f2c34eaab4c0fdce566cf8bc,68f2d95bd190740cfd6a3561,ENQUEUED,0.2554870338082909,questions_in,fifo,uniform,0,0
2025-10-29T14:34:19.482262,PUBLISH,949f9fb80efb405fb932aceca6f95a85,68f2d95bd190740cfd6a24ef,ENQUEUED,0.4774372453275101,questions_in,fifo,uniform,0,0
2025-10-29T14:34:19.908293,PUBLISH,fdd844dcc5e5420380fa63c943a1b3c3,68f2d95bd190740cfd6a35a7,ENQUEUED,0.42414402816134034,questions_in,fifo,uniform,0,0
2025-10-29T14:34:20.364373,PUBLISH,621cc89ea97c400883c02f6dcd653bcc,68f2d95bd190740cfd6a22c2,ENQUEUED,0.4498298804458053,questions_in,fifo,uniform,0,0
2025-10-29T14:34:20.567488,PUBLISH,7feb1bbd238b4d9ba4df5417d44cd89c,68f2d95bd190740cfd6a3dfe,ENQUEUED,0.19699244977183428,questions_in,fifo,uniform,0,0
2025-10-29T14:34:20.679497,PUBLISH,e93d811351904e6b92e03bab1fa65254,68f2d95bd190740cfd6a3217,ENQUEUED,0.10649608017248627,questions_in,fifo,uniform,0,0
2025-10-29T14:34:20.911405,PUBLISH,6fc401840622476493dd96f57a33cf1a,68f2d95bd190740cfd6a240a,ENQUEUED,0.22635201431817992,questions_in,fifo,uniform,0,0
2025-10-29T14:34:21.123184,PUBLISH,263fa5b734924b13af2ceedd76a2cf48,68f2d95bd190740cfd6a371c,ENQUEUED,0.20626781551519358,questions_in,fifo,uniform,0,0
2025-10-29T14:34:21.332318,PUBLISH,795a8a5e1826407c91bc9d161744e610,68f2d95bd190740cfd6a2165,ENQUEUED,0.20303647338958766,questions_in,fifo,uniform,0,0
2025-10-29T14:34:21.709764,PUBLISH,d43c373eff2843098c1033b49f0ce59d,68f2d95bd190740cfd6a3742,ENQUEUED,0.3708926955191051,questions_in,fifo,uniform,0,0
2025-10-29T14:34:22.026916,PUBLISH,9078a6cd771c46f18e14bd87ec495809,68f2d95bd190740cfd6a27ee,ENQUEUED,0.31157023447097754,questions_in,fifo,uniform,0,0
2025-10-29T14:34:22.484264,PUBLISH,ed3c646c746c49e3a8b063502904aef0,68f2d95bd190740cfd6a3e13,ENQUEUED,0.4515627541524716,questions_in,fifo,uniform,0,0
2025-10-29T14:34:22.904033,PUBLISH,e1374b3d51574525ab38eb4622ab7ebb,68f2d95bd190740cfd6a281a,ENQUEUED,0.413051832524564,questions_in,fifo,uniform,0,0
2025-10-29T14:34:23.047341,PUBLISH,504b298e4b224d658b90a956cd3abb1b,68f2d95bd190740cfd6a206c,ENQUEUED,0.13719005490599934,questions_in,fifo,uniform,0,0
2025-10-29T14:34:23.286069,PUBLISH,330ddcd62c7c435eb0eb3141d480a76f,68f2d95bd190740cfd6a1e61,ENQUEUED,0.23332357421171537,questions_in,fifo,uniform,0,0
2025-10-29T14:34:23.491793,PUBLISH,3a5739fd269d42e5b699e5a459d753a9,68f2d95bd190740cfd6a38da,ENQUEUED,0.20039162608699407,questions_in,fifo,uniform,0,0
2025-10-29T14:34:23.629250,PUBLISH,98bf42488d5346e0b4494424075a23fa,68f2d95bd190740cfd6a41cb,ENQUEUED,0.13208414904892474,questions_in,fifo,uniform,0,0
2025-10-29T14:34:23.927048,PUBLISH,2a04353ff9554fcab8be698fabef5d7d,68f2d95bd190740cfd6a3477,ENQUEUED,0.2923296603137937,questions_in,fifo,uniform,0,0
2025-10-29T14:34:24.239441,PUBLISH,ce4b3b8d39534867b77b3f3b9ab23c72,68f2d95bd190740cfd6a246c,ENQUEUED,0.3103932259623604,questions_in,fifo,uniform,0,0
2025-10-29T14:34:24.453913,PUBLISH,fba922cf08544ce5904a6439cd495483,68f2d95bd190740cfd6a4191,ENQUEUED,0.20896710552236347,questions_in,fifo,uniform,0,0
2025-10-29T14:34:24.912826,PUBLISH,7ff82cb4e40e4cfe977cc1b086d13f10,68f2d95bd190740cfd6a24db,ENQUEUED,0.4524316407622938,questions_in,fifo,uniform,0,0
2025-10-29T14:34:25.384579,PUBLISH,f31f4ed1d60b4b179c3b7714d1621005,68f2d95bd190740cfd6a1e40,ENQUEUED,0.4652700014804644,questions_in,fifo,uniform,0,0
2025-10-29T14:34:25.675027,PUBLISH,68b1f3faa238452480eedd9b0cec6016,68f2d95bd190740cfd6a1f15,ENQUEUED,0.2846040161473069,questions_in,fifo,uniform,0,0
2025-10-29T14:34:26.178154,PUBLISH,9d428274aeac44f1b710ff224596fd12,68f2d95bd190740cfd6a3f28,ENQUEUED,0.4967405201404598,questions_in,fifo,uniform,0,0
2025-10-29T14:34:26.457840,PUBLISH,955373b75c4b49b8863dec4ac055c26b,68f2d95bd190740cfd6a378e,ENQUEUED,0.2735834862272464,questions_in,fifo,uniform,0,0
2025-10-29T14:34:26.583931,PUBLISH,65a77e475c0b477cba755ebac5414601,68f2d95bd190740cfd6a304a,ENQUEUED,0.120003580676187,questions_in,fifo,uniform,0,0
2025-10-29T14:34:26.796178,PUBLISH,a53764f062b24430963769cf0e9f4e33,68f2d95bd190740cfd6a4195,ENQUEUED,0.2108177254159124,questions_in,fifo,uniform,0,0
2025-10-29T14:34:27.073219,PUBLISH,c74f0bfd4daa4ffdb31f12bc6ecaca94,68f2d95bd190740cfd6a264f,ENQUEUED,0.271057140288562,questions_in,fifo,uniform,0,0
2025-10-29T14:34:27.304050,PUBLISH,6cf6dae7d43b47d8888563ba584190e2,68f2d95bd190740cfd6a1b17,ENQUEUED,0.22509672546558296,questions_in,fifo,uniform,0,0
2025-10-29T14:34:27.482133,PUBLISH,817b90afa8d04ab48c99c7eb94eb6296,68f2d95bd190740cfd6a362f,ENQUEUED,0.17254215104995985,questions_in,fifo,uniform,0,0
2025-10-29T14:34:27.931051,PUBLISH,917a8acfcecd453b9a2a7ad27b7bf95c,68f2d95bd190740cfd6a1e96,ENQUEUED,0.44322880249423957,questions_in,fifo,uniform,0,0
2025-10-29T14:34:28.181174,PUBLISH,60123fb3a2d943e99c07be0042faf240,68f2d95bd190740cfd6a1e20,ENQUEUED,0.24335718125657066,questions_in,fifo,uniform,0,0
2025-10-29T14:34:28.333920,PUBLISH,4b7511767b22467faca5b29283beeb25,68f2d95bd190740cfd6a2fe7,ENQUEUED,0.14722355527250872,questions_in,fifo,uniform,0,0
2025-10-29T14:34:28.701071,PUBLISH,c73ef51fa69d42ad9ecc7019e29e43d4,68f2d95bd190740cfd6a343b,ENQUEUED,0.36122184244246847,questions_in,fifo,uniform,0,0
2025-10-29T14:34:28.871439,PUBLISH,84e83bda5e56466193ed7f31dce76193,68f2d95bd190740cfd6a2c66,ENQUEUED,0.16385076596646786,questions_in,fifo,uniform,0,0
2025-10-29T14:34:29.055348,PUBLISH,6dabb85fa5d74210a2c59871a501b0ec,68f2d95bd190740cfd6a2b1a,ENQUEUED,0.18233659044858702,questions_in,fifo,uniform,0,0
2025-10-29T14:34:29.331815,PUBLISH,e050f569c252412a9bc9584b4d4571e8,68f2d95bd190740cfd6a1c6f,ENQUEUED,0.2698341471381802,questions_in,fifo,uniform,0,0
2025-10-29T14:34:29.820137,PUBLISH,52736d848cfc4af8965120a3754b56a3,68f2d95bd190740cfd6a370c,ENQUEUED,0.4815438967393062,questions_in,fifo,uniform,0,0
2025-10-29T14:34:30.318217,PUBLISH,24698e712f3547689671a0914fba13e6,68f2d95bd190740cfd6a2a6c,ENQUEUED,0.49196267121115966,questions_in,fifo,uniform,0,0
2025-10-29T14:34:30.695046,PUBLISH,0de9e3ecd31b42cfaf94f5dd1730c398,68f2d95bd190740cfd6a2135,ENQUEUED,0.3705363660843699,questions_in,fifo,uniform,0,0
2025-10-29T14:34:30.966891,PUBLISH,790e05e2d0414aeda723cda28eee8aed,68f2d95bd190740cfd6a2b1e,ENQUEUED,0.26625522448264793,questions_in,fifo,uniform,0,0
2025-10-29T14:34:31.293938,PUBLISH,e6c47516af474075a1272712630c2f0c,68f2d95bd190740cfd6a3fc8,ENQUEUED,0.3217693085221902,questions_in,fifo,uniform,0,0
2025-10-29T14:34:31.783682,PUBLISH,ad5594947738496a9953a5224e443195,68f2d95bd190740cfd6a1e8b,ENQUEUED,0.4836603167079153,questions_in,fifo,uniform,0,0
2025-10-29T14:34:31.936492,PUBLISH,d450ea58a2c54472b0c3307a2f9a9b4f,68f2d95bd190740cfd6a236f,ENQUEUED,0.14663535448525652,questions_in,fifo,uniform,0,0
2025-10-29T14:34:32.097072,PUBLISH,4e8641dd0af24a168778bf523e7eae6a,68f2d95bd190740cfd6a34cc,ENQUEUED,0.1576180879665095,questions_in,fifo,uniform,0,0
2025-10-29T14:34:32.237075,PUBLISH,54671d431b2f470eba3350e13b0ae49a,68f2d95bd190740cfd6a2653,ENQUEUED,0.13457142404520359,questions_in,fifo,uniform,0,0
2025-10-29T14:34:32.687363,PUBLISH,c47a1d5b606840829a745bf1dbac9a12,68f2d95bd190740cfd6a2c11,ENQUEUED,0.44437406194820894,questions_in,fifo,uniform,0,0
2025-10-29T14:34:33.079169,PUBLISH,3b12d8624f8f4958b0e759f83a850dbb,68f2d95bd190740cfd6a4092,ENQUEUED,0.38593625604805937,questions_in,fifo,uniform,0,0
2025-10-29T14:34:33.367312,PUBLISH,d5e0fe003f184dffa298df9ab66de733,68f2d95bd190740cfd6a3d87,ENQUEUED,0.2824005200705172,questions_in,fifo,uniform,0,0
2025-10-29T14:34:33.540716,PUBLISH,5e4ce8c89d7344529383efff0b4fad8a,68f2d95bd190740cfd6a3511,ENQUEUED,0.16814506810900678,questions_in,fifo,uniform,0,0
2025-10-29T14:34:34.029316,PUBLISH,20e3cca54a57415e8d443e57eb05b107,68f2d95bd190740cfd6a3bf1,ENQUEUED,0.482699516946398,questions_in,fifo,uniform,0,0
2025-10-29T14:34:34.151808,PUBLISH,0decd97eb24f4f57ad12233b2113c758,68f2d95bd190740cfd6a2ac5,ENQUEUED,0.11694554495849743,questions_in,fifo,uniform,0,0
2025-10-29T14:34:34.534787,PUBLISH,ef0a807ebb9a46399b01dffb8c934638,68f2d95bd190740cfd6a3053,ENQUEUED,0.376941584085016,questions_in,fifo,uniform,0,0
2025-10-29T14:34:34.693277,PUBLISH,fe2e804dd1624063987cb81a150600a0,68f2d95bd190740cfd6a2a24,ENQUEUED,0.1564648968603861,questions_in,fifo,uniform,0,0
2025-10-29T14:34:34.872719,PUBLISH,9ed4a3f57c0d4bf79ea2db6cf4ba2675,68f2d95bd190740cfd6a3dfb,ENQUEUED,0.173721360947002,questions_in,fifo,uniform,0,0
2025-10-29T14:34:35.244793,PUBLISH,7f83706bb24b4392b71fff45dc4aaa54,68f2d95bd190740cfd6a40b6,ENQUEUED,0.36626862162518314,questions_in,fifo,uniform,0,0
2025-10-29T14:34:35.504335,PUBLISH,d68fe2b665624673921400d24cc7182a,68f2d95bd190740cfd6a265e,ENQUEUED,0.2535453777675741,questions_in,fifo,uniform,0,0
2025-10-29T14:34:35.904239,PUBLISH,aac815aaf3c84f798e2a13327a0ef904,68f2d95bd190740cfd6a1e27,ENQUEUED,0.39464931721800134,questions_in,fifo,uniform,0,0
2025-10-29T14:34:36.113188,PUBLISH,c8d8db4434fd4f5da8f164ea630ff042,68f2d95bd190740cfd6a209a,ENQUEUED,0.20247789928390258,questions_in,fifo,uniform,0,0
2025-10-29T14:34:36.592017,PUBLISH,68be8e13880440978110b699a2faa716,68f2d95bd190740cfd6a2b32,ENQUEUED,0.4729294506396634,questions_in,fifo,uniform,0,0
2025-10-29T14:34:36.861551,PUBLISH,c767eba5d5f24d02b23137007270bb88,68f2d95bd190740cfd6a402e,ENQUEUED,0.2638121799649731,questions_in,fifo,uniform,0,0
2025-10-29T14:34:37.281835,PUBLISH,b3098005faa54a2c971170ef37ca33f5,68f2d95bd190740cfd6a3d40,ENQUEUED,0.41370041027943105,questions_in,fifo,uniform,0,0
2025-10-29T14:34:37.419918,PUBLISH,f4d8309193c8409995a470f56a0b0fd2,68f2d95bd190740cfd6a1b34,ENQUEUED,0.13244891650775115,questions_in,fifo,uniform,0,0
2025-10-29T14:34:37.674192,PUBLISH,b8719a9508f34f58bdcf1ef1e3f0dcab,68f2d95bd190740cfd6a3846,ENQUEUED,0.24879162065499558,questions_in,fifo,uniform,0,0
2025-10-29T14:34:38.047897,PUBLISH,1a9d7b6aad5e44b3abb488b4fe6b5431,68f2d95bd190740cfd6a371c,ENQUEUED,0.36705839113932937,questions_in,fifo,uniform,0,0
2025-10-29T14:34:38.334545,PUBLISH,58bd6801374c4063963af82f9b45cd13,68f2d95bd190740cfd6a1f71,ENQUEUED,0.28487803478100493,questions_in,fifo,uniform,0,0
2025-10-29T14:34:38.715643,PUBLISH,7ba033c5e43343ee9ab7861492be58f4,68f2d95bd190740cfd6a2361,ENQUEUED,0.3770365634243945,questions_in,fifo,uniform,0,0
2025-10-29T14:34:38.916499,PUBLISH,050a28b47630432d9d0b172415893254,68f2d95bd190740cfd6a340d,ENQUEUED,0.1947076268775655,questions_in,fifo,uniform,0,0
2025-10-29T14:34:39.367794,PUBLISH,7110de73399f4b8aac95d25fc4bc4110,68f2d95bd190740cfd6a26a5,ENQUEUED,0.44919795153742315,questions_in,fifo,uniform,0,0
2025-10-29T14:34:39.866436,PUBLISH,b23907e7042d4f138f82b2c56cb742ec,68f2d95bd190740cfd6a3fd9,ENQUEUED,0.49287697983223366,questions_in,fifo,uniform,0,0
2025-10-29T14:34:40.083748,PUBLISH,6c7c23919fdf4ac8857e0b0599dd643e,68f2d95bd190740cfd6a3c9a,ENQUEUED,0.21148242393677408,questions_in,fifo,uniform,0,0
2025-10-29T14:34:40.463426,PUBLISH,6614f7a43b244828b13ab99520338b63,68f2d95bd190740cfd6a2369,ENQUEUED,0.37355601255958526,questions_in,fifo,uniform,0,0
2025-10-29T14:34:40.588951,PUBLISH,e155f2acd55e410c88e1acaf8f51b682,68f2d95bd190740cfd6a3d75,ENQUEUED,0.1200889364842027,questions_in,fifo,uniform,0,0
2025-10-29T14:34:40.835053,PUBLISH,6e9fc4900fc34616b31d8b70cda37ec1,68f2d95bd190740cfd6a374a,ENQUEUED,0.24055232595076906,questions_in,fifo,uniform,0,0
2025-10-29T14:34:41.253763,PUBLISH,857d7c9451da41a8ad05fb404a086420,68f2d95bd190740cfd6a3bd4,ENQUEUED,0.4120559518263237,questions_in,fifo,uniform,0,0
2025-10-29T14:34:41.679319,PUBLISH,d3a548392e9045fab4af3f3b161a78ed,68f2d95bd190740cfd6a1bd9,ENQUEUED,0.41933934918953397,questions_in,fifo,uniform,0,0
2025-10-29T14:34:42.077298,PUBLISH,7f22cf44c3614c3db869135cf990d847,68f2d95bd190740cfd6a2d1b,ENQUEUED,0.3917157402636142,questions_in,fifo,uniform,0,0
2025-10-29T14:34:42.499941,PUBLISH,4d5d9cc0d3684a18afdf38d206e828b6,68f2d95bd190740cfd6a1d73,ENQUEUED,0.41716867550024705,questions_in,fifo,uniform,0,0
2025-10-29T14:34:42.682437,PUBLISH,393732b338e34416a0ffd42869d60a99,68f2d95bd190740cfd6a1c0e,ENQUEUED,0.1771500070337717,questions_in,fifo,uniform,0,0
2025-10-29T14:34:42.918065,PUBLISH,952d2d7887384427b931ae1262c425fe,68f2d95bd190740cfd6a3855,ENQUEUED,0.2299293631280631,questions_in,fifo,uniform,0,0
2025-10-29T14:34:43.349753,PUBLISH,cfd1d275bf98428d8306e038cd9027fd,68f2d95bd190740cfd6a33c0,ENQUEUED,0.4259271554966012,questions_in,fifo,uniform,0,0
2025-10-29T14:34:43.540025,PUBLISH,130512872e7a4b72889a968ec1c0502e,68f2d95bd190740cfd6a3cbb,ENQUEUED,0.184292154842802,questions_in,fifo,uniform,0,0
2025-10-29T14:34:43.969655,PUBLISH,fe4ec0929e3b43348ceb2d79b9982369,68f2d95bd190740cfd6a22c7,ENQUEUED,0.4234196969846764,questions_in,fifo,uniform,0,0
2025-10-29T14:34:44.408376,PUBLISH,dfef10c485f5445fb8e0246c04b5a998,68f2d95bd190740cfd6a31c9,ENQUEUED,0.4313204722601587,questions_in,fifo,uniform,0,0
2025-10-29T14:34:44.672318,PUBLISH,9377e400be764562a245b0a211d8aa25,68f2d95bd190740cfd6a2c40,ENQUEUED,0.2625459597661518,questions_in,fifo,uniform,0,0
2025-10-29T14:34:44.846233,PUBLISH,8870932254154180865620b764e415db,68f2d95bd190740cfd6a28f6,ENQUEUED,0.16848015208492184,questions_in,fifo,uniform,0,0
2025-10-29T14:34:45.298905,PUBLISH,a1f2fa169e0a420ab7c3e39dff26a23a,68f2d95bd190740cfd6a40a8,ENQUEUED,0.44610869310143575,questions_in,fifo,uniform,0,0
2025-10-29T14:34:45.759470,PUBLISH,9a9edeea95ea43e6b7f1ecba9ffe943a,68f2d95bd190740cfd6a214a,ENQUEUED,0.4540843512019631,questions_in,fifo,uniform,0,0
2025-10-29T14:34:46.203399,PUBLISH,b161256972184d4ebc87e712e3635b05,68f2d95bd190740cfd6a35a3,ENQUEUED,0.4380680772354978,questions_in,fifo,uniform,0,0
2025-10-29T14:34:46.689118,PUBLISH,687eab5c26394288910e9eab4af3f68f,68f2d95bd190740cfd6a2db3,ENQUEUED,0.4802927969878966,questions_in,fifo,uniform,0,0
2025-10-29T14:34:46.998401,PUBLISH,15d1a9f24634477d8a7fcfb5abb2683c,68f2d95bd190740cfd6a3235,ENQUEUED,0.302172086205607,questions_in,fifo,uniform,0,0
2025-10-29T14:34:47.134466,PUBLISH,7168e5c83cbd4c799b0d18833667567b,68f2d95bd190740cfd6a273e,ENQUEUED,0.13035800443002313,questions_in,fifo,uniform,0,0
2025-10-29T14:34:47.560157,PUBLISH,e6c3b2d275b04cfe9961c6b1d5ecfe0c,68f2d95bd190740cfd6a1c37,ENQUEUED,0.4195859771017243,questions_in,fifo,uniform,0,0
2025-10-29T14:34:48.063014,PUBLISH,3f3f73317d6149b5b399b653346cf0dd,68f2d95bd190740cfd6a25b9,ENQUEUED,0.49740843109597,questions_in,fifo,uniform,0,0
2025-10-29T14:34:48.385954,PUBLISH,302676a655f1409593e3306ddf06d2fc,68f2d95bd190740cfd6a3512,ENQUEUED,0.3210676331860625,questions_in,fifo,uniform,0,0
2025-10-29T14:34:48.605566,PUBLISH,ce79e684219748f4aa8aaa0506f6f0af,68f2d95bd190740cfd6a2536,ENQUEUED,0.2176425182233185,questions_in,fifo,uniform,0,0
2025-10-29T14:34:48.987561,PUBLISH,fa1e4ff1207b430da104a77aebe89ff1,68f2d95bd190740cfd6a3623,ENQUEUED,0.3756298686634989,questions_in,fifo,uniform,0,0
2025-10-29T14:34:49.140506,PUBLISH,212c5ead20ff4ba6a048f45b0f963c60,68f2d95bd190740cfd6a3fac,ENQUEUED,0.14733368856424117,questions_in,fifo,uniform,0,0
2025-10-29T14:34:49.303015,PUBLISH,cfc47c53cde1405b9d87297983e33008,68f2d95bd190740cfd6a29f3,ENQUEUED,0.15624015174969874,questions_in,fifo,uniform,0,0
2025-10-29T14:34:49.773662,PUBLISH,3809b854795749bbb9dea201ba3f7087,68f2d95bd190740cfd6a31bf,ENQUEUED,0.4645215678250304,questions_in,fifo,uniform,0,0
2025-10-29T14:34:49.901913,PUBLISH,a6a1c17ed5484b8ca25a40204e219ff5,68f2d95bd190740cfd6a40cb,ENQUEUED,0.12285516776201924,questions_in,fifo,uniform,0,0
2025-10-29T14:34:50.305351,PUBLISH,258695b84f7f48dd9fc5124de8814e29,68f2d95bd190740cfd6a3342,ENQUEUED,0.3966872690651899,questions_in,fifo,uniform,0,0
2025-10-29T14:34:50.533818,PUBLISH,ddefc4927b204469a88cf142a2cb37bd,68f2d95bd190740cfd6a266c,ENQUEUED,0.22180011145644019,questions_in,fifo,uniform,0,0
2025-10-29T14:34:50.954408,PUBLISH,62971ad5742046c2b102cf711763881f,68f2d95bd190740cfd6a31ac,ENQUEUED,0.4147257225176447,questions_in,fifo,uniform,0,0
2025-10-29T14:34:51.075044,PUBLISH,1cd6a1ce1790474d92063da07378ca62,68f2d95bd190740cfd6a3db4,ENQUEUED,0.11474460175877828,questions_in,fifo,uniform,0,0
2025-10-29T14:34:51.537363,PUBLISH,a261f0f5038b418791206c5770aee5fb,68f2d95bd190740cfd6a4172,ENQUEUED,0.44968857141244745,questions_in,fifo,uniform,0,0
2025-10-29T14:34:51.746324,PUBLISH,9f4d557a88594b8983ebf11177d4a97f,68f2d95bd190740cfd6a2169,ENQUEUED,0.20725736703541148,questions_in,fifo,uniform,0,0
2025-10-29T14:34:52.099279,PUBLISH,8a8565b5db564d31bdf4dcfd39693bbb,68f2d95bd190740cfd6a2090,ENQUEUED,0.346638622413581,questions_in,fifo,uniform,0,0
2025-10-29T14:34:52.392188,PUBLISH,ed5004d1cb524d548b62fb98c556a0b1,68f2d95bd190740cfd6a408a,ENQUEUED,0.2873466068701898,questions_in,fifo,uniform,0,0
2025-10-29T14:34:52.705890,PUBLISH,353b44e511b349028e8fd7821a2461d1,68f2d95bd190740cfd6a284a,ENQUEUED,0.30631645305465544,questions_in,fifo,uniform,0,0
2025-10-29T14:34:52.844510,PUBLISH,62ddbea04b854d2f9c43d19fd8b429e1,68f2d95bd190740cfd6a2c8a,ENQUEUED,0.13262453759568726,questions_in,fifo,uniform,0,0
2025-10-29T14:34:53.058109,PUBLISH,e75552efd87c40ca9772430f3036c27c,68f2d95bd190740cfd6a2900,ENQUEUED,0.2082514548232619,questions_in,fifo,uniform,0,0
2025-10-29T14:34:53.163627,PUBLISH,53bbcd9dcae64de481bf605529800376,68f2d95bd190740cfd6a3909,ENQUEUED,0.10026332454745956,questions_in,fifo,uniform,0,0
2025-10-29T14:34:53.649680,PUBLISH,0fb83ebc66e446c0aa3d5d981728c7bc,68f2d95bd190740cfd6a1c80,ENQUEUED,0.4804360253068424,questions_in,fifo,uniform,0,0
2025-10-29T14:34:53.811139,PUBLISH,0b17b7fb7c02496dba1cf43d8397302f,68f2d95bd190740cfd6a3f75,ENQUEUED,0.1553010936811545,questions_in,fifo,uniform,0,0
2025-10-29T14:34:54.136280,PUBLISH,242fc7e48ede4d309d07ea983ab2b4b0,68f2d95bd190740cfd6a2e43,ENQUEUED,0.3191291314426966,questions_in,fifo,uniform,0,0
2025-10-29T14:34:54.373629,PUBLISH,c25bf8f1019c4d81b0cc6397b04c7d96,68f2d95bd190740cfd6a2413,ENQUEUED,0.23178834017835015,questions_in,fifo,uniform,0,0
2025-10-29T14:34:54.669017,PUBLISH,dc1d2f12ce9043c984c226687b2fc600,68f2d95bd190740cfd6a355f,ENQUEUED,0.2894717411269852,questions_in,fifo,uniform,0,0
2025-10-29T14:34:54.882101,PUBLISH,420bbb8ff9ae4266896f2b47929e889e,68f2d95bd190740cfd6a2daa,ENQUEUED,0.2114157535432887,questions_in,fifo,uniform,0,0
2025-10-29T14:34:55.055772,PUBLISH,c04f7ca4fdeb4321aa21fb4550410873,68f2d95bd190740cfd6a2d44,ENQUEUED,0.17213928173198834,questions_in,fifo,uniform,0,0
2025-10-29T14:34:55.404328,PUBLISH,52e82ac0f40e4fab87baf85ad1c41e5a,68f2d95bd190740cfd6a3c8f,ENQUEUED,0.3425558608125866,questions_in,fifo,uniform,0,0
2025-10-29T14:34:55.718772,PUBLISH,53904a2e4c1e48e9bebb9487f604dc74,68f2d95bd190740cfd6a3338,ENQUEUED,0.30877254936409815,questions_in,fifo,uniform,0,0
2025-10-29T14:34:56.078181,PUBLISH,701f085bc37640aaac1e5e9e6a73c8e8,68f2d95bd190740cfd6a2813,ENQUEUED,0.3527034393685581,questions_in,fifo,uniform,0,0
2025-10-29T14:34:56.284360,PUBLISH,9fcc58bcf0724075a9651ec5793ec999,68f2d95bd190740cfd6a2cf3,ENQUEUED,0.20387933729680552,questions_in,fifo,uniform,0,0
2025-10-29T14:34:56.728173,PUBLISH,3e37e3a863244838b011d3dc1ce5eefd,68f2d95bd190740cfd6a3045,ENQUEUED,0.4366983566759399,questions_in,fifo,uniform,0,0
2025-10-29T14:34:57.106296,PUBLISH,7ce6517ba09c40ff96b3dd3b1eb7060f,68f2d95bd190740cfd6a2e47,ENQUEUED,0.3763733362888687,questions_in,fifo,uniform,0,0
2025-10-29T14:34:57.391225,PUBLISH,e427810166464b26be0adfb4b7151e78,68f2d95bd190740cfd6a4140,ENQUEUED,0.2789709905314378,questions_in,fifo,uniform,0,0
2025-10-29T14:34:57.574319,PUBLISH,8293495afaf64c1ba4198aabbdd839d9,68f2d95bd190740cfd6a3416,ENQUEUED,0.17754331530693773,questions_in,fifo,uniform,0,0
2025-10-29T14:34:57.817741,PUBLISH,9c24f25a9d4547d09243f97236723154,68f2d95bd190740cfd6a3882,ENQUEUED,0.23840137365146458,questions_in,fifo,uniform,0,0
2025-10-29T14:34:57.934319,PUBLISH,dd3f63f2f053430ab59d0b43b82f5b4f,68f2d95bd190740cfd6a317b,ENQUEUED,0.1112693565720512,questions_in,fifo,uniform,0,0
2025-10-29T14:34:58.151222,PUBLISH,4d18e628e67d4fc5936f85f84e879fa3,68f2d95bd190740cfd6a31d8,ENQUEUED,0.21526269120517139,questions_in,fifo,uniform,0,0
2025-10-29T14:34:58.264008,PUBLISH,a401b2e8f77d4ba088934b050f05325f,68f2d95bd190740cfd6a2aa2,ENQUEUED,0.10665158897848159,questions_in,fifo,uniform,0,0
2025-10-29T14:34:58.471778,PUBLISH,3efbebe95f354332b2e4607cfd78f5ab,68f2d95bd190740cfd6a320b,ENQUEUED,0.20198166925151867,questions_in,fifo,uniform,0,0
2025-10-29T14:34:58.870017,PUBLISH,380085a377c940e3bb39e66167b1510e,68f2d95bd190740cfd6a1fbe,ENQUEUED,0.393106942258576,questions_in,fifo,uniform,0,0
2025-10-29T14:34:59.015783,PUBLISH,6aaadbd8598b462da06e923e2d80b1b4,68f2d95bd190740cfd6a1ea4,ENQUEUED,0.14051946045301686,questions_in,fifo,uniform,0,0
2025-10-29T14:34:59.396777,PUBLISH,2059da7de4b14a06bb62e0cbf0b52ae4,68f2d95bd190740cfd6a2a06,ENQUEUED,0.3789060431428707,questions_in,fifo,uniform,0,0
2025-10-29T14:34:59.678511,PUBLISH,b069d727bd724a9da1e61590b2da1f52,68f2d95bd190740cfd6a2602,ENQUEUED,0.2764639604928686,questions_in,fifo,uniform,0,0
2025-10-29T14:35:00.101451,PUBLISH,f86ea0c2698e47a2b81c44959a3d9ca7,68f2d95bd190740cfd6a35d1,ENQUEUED,0.41729131897960714,questions_in,fifo,uniform,0,0
2025-10-29T14:35:00.584054,PUBLISH,dfd28391d31f4ebdb235a9081d04e77c,68f2d95bd190740cfd6a2320,ENQUEUED,0.4766310773570157,questions_in,fifo,uniform,0,0
2025-10-29T14:35:01.044342,PUBLISH,d4785ea084a24cd1908186bdc22ac10a,68f2d95bd190740cfd6a2e03,ENQUEUED,0.45324657842363714,questions_in,fifo,uniform,0,0
2025-10-29T14:35:01.308913,PUBLISH,f955d9224bc248d79b835ebc9105286d,68f2d95bd190740cfd6a3846,ENQUEUED,0.2591493870919309,questions_in,fifo,uniform,0,0
2025-10-29T14:35:01.700041,PUBLISH,dc7db594d0f3492fa9a7e40b30f0653e,68f2d95bd190740cfd6a20c8,ENQUEUED,0.38518084753235227,questions_in,fifo,uniform,0,0
2025-10-29T14:35:02.091064,PUBLISH,0aed72cf88e348a4918bb231534283c7,68f2d95bd190740cfd6a1d99,ENQUEUED,0.38536031437534446,questions_in,fifo,uniform,0,0
2025-10-29T14:35:02.261697,PUBLISH,47fcc03be26f4939892e973ee23e0bdf,68f2d95bd190740cfd6a2167,ENQUEUED,0.1650919862372759,questions_in,fifo,uniform,0,0
2025-10-29T14:35:02.563838,PUBLISH,b1dde57f3dea4b91a5fc24325d7d5ff0,68f2d95bd190740cfd6a23e4,ENQUEUED,0.29670381456256945,questions_in,fifo,uniform,0,0
2025-10-29T14:35:02.922581,PUBLISH,9a91f600b0d84f44950cc5867d60fa62,68f2d95bd190740cfd6a3888,ENQUEUED,0.3526591778473781,questions_in,fifo,uniform,0,0
2025-10-29T14:35:03.357132,PUBLISH,d80905d88a65418886badf9325942e16,68f2d95bd190740cfd6a2daa,ENQUEUED,0.4332897507448248,questions_in,fifo,uniform,0,0
2025-10-29T14:35:03.836412,PUBLISH,f58f4d7251e1413fb98e280b1624a041,68f2d95bd190740cfd6a2c1d,ENQUEUED,0.4732036450335195,questions_in,fifo,uniform,0,0
2025-10-29T14:35:04.208735,PUBLISH,f4b2bf2a6d78456aa1b7cf4c9323b536,68f2d95bd190740cfd6a391d,ENQUEUED,0.36877463955356893,questions_in,fifo,uniform,0,0
2025-10-29T14:35:04.652459,PUBLISH,f38b20d1f1c94513a0895e36f7af422e,68f2d95bd190740cfd6a3d21,ENQUEUED,0.43676320371657995,questions_in,fifo,uniform,0,0
2025-10-29T14:35:05.146097,PUBLISH,8edd12fda7224c368c4323055e8d578e,68f2d95bd190740cfd6a391b,ENQUEUED,0.48781653455232565,questions_in,fifo,uniform,0,0
2025-10-29T14:35:05.306209,PUBLISH,61bdf91d24d34e8cb21137ef61eef13d,68f2d95bd190740cfd6a1bb4,ENQUEUED,0.15379269951571484,questions_in,fifo,uniform,0,0
2025-10-29T14:35:05.514682,PUBLISH,a2c1ccbd55bf406e98f9851121ba5983,68f2d95bd190740cfd6a40de,ENQUEUED,0.20284153603817875,questions_in,fifo,uniform,0,0
2025-10-29T14:35:05.775043,PUBLISH,7843c2cc3c3f4c368311e176419f0ccd,68f2d95bd190740cfd6a2b69,ENQUEUED,0.2547427014253706,questions_in,fifo,uniform,0,0
2025-10-29T14:35:05.916405,PUBLISH,d5b403391aa84402a290e7a067e803ef,68f2d95bd190740cfd6a3b5b,ENQUEUED,0.1345685057038744,questions_in,fifo,uniform,0,0
2025-10-29T14:35:06.197802,PUBLISH,16b6447154784d79aa35c2620c8c5342,68f2d95bd190740cfd6a3809,ENQUEUED,0.2753280992463148,questions_in,fifo,uniform,0,0
2025-10-29T14:35:06.395608,PUBLISH,08004916058842ba861ea69d4ac3bf4c,68f2d95bd190740cfd6a2713,ENQUEUED,0.19601551469963463,questions_in,fifo,uniform,0,0
2025-10-29T14:35:06.599719,PUBLISH,2a87374b0bfe48d3816fc3aaeda4c14f,68f2d95bd190740cfd6a1b80,ENQUEUED,0.19867439303318918,questions_in,fifo,uniform,0,0
2025-10-29T14:35:06.730953,PUBLISH,a04a2beecda2478d8588e25cb8761b96,68f2d95bd190740cfd6a1bfd,ENQUEUED,0.12537966856411586,questions_in,fifo,uniform,0,0
2025-10-29T14:35:06.909410,PUBLISH,79cc80a379c64c66af962367807855d2,68f2d95bd190740cfd6a21b2,ENQUEUED,0.17299012728205415,questions_in,fifo,uniform,0,0
2025-10-29T14:35:07.105535,PUBLISH,3e551e8da695432d8689a10d3709758c,68f2d95bd190740cfd6a3491,ENQUEUED,0.1905054712509561,questions_in,fifo,uniform,0,0
2025-10-29T14:35:07.261877,PUBLISH,b78461e9bb944be4a98a958e2049757b,68f2d95bd190740cfd6a25de,ENQUEUED,0.15100820592180586,questions_in,fifo,uniform,0,0
2025-10-29T14:35:07.699305,PUBLISH,04b83f815a0e48b29119c6afc093339f,68f2d95bd190740cfd6a1fd0,ENQUEUED,0.431047646998134,questions_in,fifo,uniform,0,0
2025-10-29T14:35:07.907807,PUBLISH,b953e2ce538b4b1b8f9f2b2f859ee56f,68f2d95bd190740cfd6a1e44,ENQUEUED,0.2030420922471172,questions_in,fifo,uniform,0,0
2025-10-29T14:35:08.249787,PUBLISH,e8ecd750d0624f7bbd4f6203795ec310,68f2d95bd190740cfd6a37b1,ENQUEUED,0.3356899571616825,questions_in,fifo,uniform,0,0
2025-10-29T14:35:08.485643,PUBLISH,94cd61997086420eb655d9a1d81d10c4,68f2d95bd190740cfd6a22fa,ENQUEUED,0.22893569480003625,questions_in,fifo,uniform,0,0
2025-10-29T14:35:08.713032,PUBLISH,8fc470fd9f424a2a813e6871b3e73732,68f2d95bd190740cfd6a2b05,ENQUEUED,0.22151095185598432,questions_in,fifo,uniform,0,0
2025-10-29T14:35:08.867642,PUBLISH,25d4f77f68054d5bbcce5d36abab3bd6,68f2d95bd190740cfd6a1dae,ENQUEUED,0.1484439444806661,questions_in,fifo,uniform,0,0
2025-10-29T14:35:09.254772,PUBLISH,5870d83765474c498f1039cef73a6b54,68f2d95bd190740cfd6a265e,ENQUEUED,0.3811061321753436,questions_in,fifo,uniform,0,0
2025-10-29T14:35:09.666185,PUBLISH,19ae1381399b4001b7d6eaf6fc653bb2,68f2d95bd190740cfd6a37fa,ENQUEUED,0.409873218784379,questions_in,fifo,uniform,0,0
2025-10-29T14:35:10.148437,PUBLISH,ab0b11224b6e4045ba0a2f43b30a4436,68f2d95bd190740cfd6a2250,ENQUEUED,0.4767044477436553,questions_in,fifo,uniform,0,0
2025-10-29T14:35:10.405033,PUBLISH,0cf4ff78692b45adbaf4d59e701b3436,68f2d95bd190740cfd6a236f,ENQUEUED,0.25036678008183266,questions_in,fifo,uniform,0,0
2025-10-29T14:35:10.701728,PUBLISH,969033de475c4f13b2a88bad3ea8aa39,68f2d95bd190740cfd6a27e8,ENQUEUED,0.29519388970422955,questions_in,fifo,uniform,0,0
2025-10-29T14:35:11.003664,PUBLISH,6ddd43d27c40409ea29fd7005de39d93,68f2d95bd190740cfd6a3491,ENQUEUED,0.2965817506601649,questions_in,fifo,uniform,0,0
2025-10-29T14:35:11.289270,PUBLISH,2e56689ab8a848e3aebc5fb3f0df9f87,68f2d95bd190740cfd6a1db1,ENQUEUED,0.2802481155332175,questions_in,fifo,uniform,0,0
2025-10-29T14:35:11.398738,PUBLISH,97a697e3dfec4edab607d8022fd9cac0,68f2d95bd190740cfd6a1cf3,ENQUEUED,0.10422584934736619,questions_in,fifo,uniform,0,0
2025-10-29T14:35:11.870441,PUBLISH,e30094b08aba4bfea374c498686abd76,68f2d95bd190740cfd6a3a25,ENQUEUED,0.46470330972959273,questions_in,fifo,uniform,0,0
2025-10-29T14:35:12.094186,PUBLISH,fa6aff3cd2eb4911860ed1a5cf50b9cf,68f2d95bd190740cfd6a25e5,ENQUEUED,0.21843993383816068,questions_in,fifo,uniform,0,0
2025-10-29T14:35:12.347419,PUBLISH,d02730f21cc34f599371f100905689e4,68f2d95bd190740cfd6a1e3e,ENQUEUED,0.24583411161669494,questions_in,fifo,uniform,0,0
2025-10-29T14:35:12.696286,PUBLISH,c7dca1386fe446bb8f5051e8c12db02a,68f2d95bd190740cfd6a3872,ENQUEUED,0.3474083601284147,questions_in,fifo,uniform,0,0
2025-10-29T14:35:13.061050,PUBLISH,e703155cd39b4e2d9ec86929746d4ac5,68f2d95bd190740cfd6a4192,ENQUEUED,0.35898033654237516,questions_in,fifo,uniform,0,0
2025-10-29T14:35:13.231847,PUBLISH,0c97a9762998482396e2ba39b184b4c4,68f2d95bd190740cfd6a41ac,ENQUEUED,0.16477488964492204,questions_in,fifo,uniform,0,0
2025-10-29T14:35:13.442892,PUBLISH,575d9465aeb140b4b34d9c7b4f5d1b95,68f2d95bd190740cfd6a35d8,ENQUEUED,0.20532955796358748,questions_in,fifo,uniform,0,0
2025-10-29T14:35:13.606591,PUBLISH,abea3546c08f472a9f08b7823327264a,68f2d95bd190740cfd6a2711,ENQUEUED,0.15747180547456074,questions_in,fifo,uniform,0,0
2025-10-29T14:35:13.928040,PUBLISH,6c432610a8694ba28c9cbc23254b810f,68f2d95bd190740cfd6a1bd0,ENQUEUED,0.3154199128238133,questions_in,fifo,uniform,0,0
2025-10-29T14:35:14.213554,PUBLISH,08e1bbb6a7af495ab88260259c37def8,68f2d95bd190740cfd6a414f,ENQUEUED,0.279942969833478,questions_in,fifo,uniform,0,0
2025-10-29T14:35:14.382128,PUBLISH,c739f812572540ac876664092d5bbaa2,68f2d95bd190740cfd6a35c6,ENQUEUED,0.16112234098822986,questions_in,fifo,uniform,0,0
2025-10-29T14:35:14.694787,PUBLISH,2623d920ee9549b0984b7478623789df,68f2d95bd190740cfd6a3dc5,ENQUEUED,0.3070496561500518,questions_in,fifo,uniform,0,0
2025-10-29T14:35:15.083668,PUBLISH,ae9e977b89fd41b98315701a78b0e126,68f2d95bd190740cfd6a387a,ENQUEUED,0.38304909913038243,questions_in,fifo,uniform,0,0
2025-10-29T14:35:15.335300,PUBLISH,714b1231e79e4ca2a914b7ad99b13d95,68f2d95bd190740cfd6a2f94,ENQUEUED,0.24598453416808522,questions_in,fifo,uniform,0,0
2025-10-29T14:35:15.614492,PUBLISH,645f1ba2556f453f94cb781aabbae97c,68f2d95bd190740cfd6a3b0c,ENQUEUED,0.273352437212151,questions_in,fifo,uniform,0,0
2025-10-29T14:35:16.036293,PUBLISH,2f12df2970b6420eb634443fbbbd623f,68f2d95bd190740cfd6a38da,ENQUEUED,0.4199046996483097,questions_in,fifo,uniform,0,0
2025-10-29T14:35:16.525652,PUBLISH,7f17a3b73d004ea19a501bb19d7c46b4,68f2d95bd190740cfd6a2c9c,ENQUEUED,0.4833798324243629,questions_in,fifo,uniform,0,0
2025-10-29T14:35:16.797506,PUBLISH,8133723c5a994101acf8a32d74fed5eb,68f2d95bd190740cfd6a3b92,ENQUEUED,0.2652443991920995,questions_in,fifo,uniform,0,0
2025-10-29T14:35:17.187389,PUBLISH,70037594ce8842338aa395c8ae17447f,68f2d95bd190740cfd6a1d34,ENQUEUED,0.3831678527969826,questions_in,fifo,uniform,0,0
2025-10-29T14:35:17.485376,PUBLISH,1da44663137448548fd3c1e4bd47172e,68f2d95bd190740cfd6a3d76,ENQUEUED,0.2921994709157144,questions_in,fifo,uniform,0,0
2025-10-29T14:35:17.850139,PUBLISH,9858158d160a496b8e0b7b9cf2ecc321,68f2d95bd190740cfd6a4068,ENQUEUED,0.3588743585783811,questions_in,fifo,uniform,0,0
2025-10-29T14:35:18.022717,PUBLISH,659cb8434590422cace7ef966edc3c6c,68f2d95bd190740cfd6a325d,ENQUEUED,0.16719383648493574,questions_in,fifo,uniform,0,0
2025-10-29T14:35:18.359358,PUBLISH,02910324a34d4dc4aed83b19d326ab31,68f2d95bd190740cfd6a2091,ENQUEUED,0.3310951085661845,questions_in,fifo,uniform,0,0
2025-10-29T14:35:18.758397,PUBLISH,11ac21850e0e4ba28a3513f330d34423,68f2d95bd190740cfd6a2c99,ENQUEUED,0.3928153378524343,questions_in,fifo,uniform,0,0
2025-10-29T14:35:19.005762,PUBLISH,63aa8185d88a4ad3a52277237c834100,68f2d95bd190740cfd6a279a,ENQUEUED,0.24381951762529497,questions_in,fifo,uniform,0,0
2025-10-29T14:35:19.213611,PUBLISH,bf328e6d3e4f47f28ca2cc08afafb826,68f2d95bd190740cfd6a1c65,ENQUEUED,0.2064387851267603,questions_in,fifo,uniform,0,0
2025-10-29T14:35:19.415524,PUBLISH,a9cff263c61643fda9bd542b2d3d9165,68f2d95bd190740cfd6a26c3,ENQUEUED,0.1966386842375991,questions_in,fifo,uniform,0,0
2025-10-29T14:35:19.828919,PUBLISH,78e6625dcc8d4311b727adf6ef166533,68f2d95bd190740cfd6a3f48,ENQUEUED,0.4069261850593249,questions_in,fifo,uniform,0,0
2025-10-29T14:35:20.176739,PUBLISH,d49773ad86a941c0ad5357a1cf0ed202,68f2d95bd190740cfd6a2aba,ENQUEUED,0.34061610584992,questions_in,fifo,uniform,0,0
2025-10-29T14:35:20.423778,PUBLISH,3955581ef175401c87a8d62cb1a38f78,68f2d95bd190740cfd6a3e8e,ENQUEUED,0.24164615317391644,questions_in,fifo,uniform,0,0
2025-10-29T14:35:20.777119,PUBLISH,3f4fbb35ed6a4337976529cc4619b1a4,68f2d95bd190740cfd6a2a04,ENQUEUED,0.34737190813169844,questions_in,fifo,uniform,0,0
2025-10-29T14:35:21.085254,PUBLISH,10eea4e90e9242ccb2b6fb53c8d61004,68f2d95bd190740cfd6a1d7d,ENQUEUED,0.30258006437580565,questions_in,fifo,uniform,0,0
2025-10-29T14:35:21.421958,PUBLISH,855b0810ff80499fb1ceed61e16f6a31,68f2d95bd190740cfd6a33dd,ENQUEUED,0.3310601768601702,questions_in,fifo,uniform,0,0
2025-10-29T14:35:21.840738,PUBLISH,2ba7278f5f3441878904010a7a02fe11,68f2d95bd190740cfd6a2369,ENQUEUED,0.4128479436973457,questions_in,fifo,uniform,0,0
2025-10-29T14:35:22.105192,PUBLISH,3cf48b36bd824eaa85f96740d565222f,68f2d95bd190740cfd6a2842,ENQUEUED,0.2590987379545149,questions_in,fifo,uniform,0,0
2025-10-29T14:35:22.508571,PUBLISH,9b467e076c964362a2bda5bf90415178,68f2d95bd190740cfd6a31c2,ENQUEUED,0.39778545125348697,questions_in,fifo,uniform,0,0
2025-10-29T14:35:22.686034,PUBLISH,3c054bd7612947b38a6c3e09e7d288db,68f2d95bd190740cfd6a3a26,ENQUEUED,0.17213721465984758,questions_in,fifo,uniform,0,0
2025-10-29T14:35:22.959714,PUBLISH,92243877b5804e708ded0a94e8011c05,68f2d95bd190740cfd6a2cda,ENQUEUED,0.2680476571979229,questions_in,fifo,uniform,0,0
2025-10-29T14:35:23.397352,PUBLISH,2d23d84bc3f94e46b8ba79d62ba77c3f,68f2d95bd190740cfd6a4093,ENQUEUED,0.43083254094424817,questions_in,fifo,uniform,0,0
2025-10-29T14:35:23.865421,PUBLISH,531cb52e35ca41418e15bdb89f3764e5,68f2d95bd190740cfd6a24a0,ENQUEUED,0.46206718946645253,questions_in,fifo,uniform,0,0
2025-10-29T14:35:24.240616,PUBLISH,bd23b1356c7544f3b7a01cb4ef05dce1,68f2d95bd190740cfd6a270f,ENQUEUED,0.36952596611820243,questions_in,fifo,uniform,0,0
2025-10-29T14:35:24.628926,PUBLISH,735b5e7d1e2846c292abe0f84bdf6568,68f2d95bd190740cfd6a3a7a,ENQUEUED,0.3820994313762147,questions_in,fifo,uniform,0,0
2025-10-29T14:35:25.043170,PUBLISH,208b8f57068645d189e70f83bcc9af1f,68f2d95bd190740cfd6a3e0b,ENQUEUED,0.4082499786487036,questions_in,fifo,uniform,0,0
2025-10-29T14:35:25.449007,PUBLISH,2cd66152dafd4cac924ac50ab0c9a210,68f2d95bd190740cfd6a1bb7,ENQUEUED,0.4001352816795243,questions_in,fifo,uniform,0,0
2025-10-29T14:35:25.682512,PUBLISH,6fe5347e3a0641a189065683062bbb0f,68f2d95bd190740cfd6a3559,ENQUEUED,0.2270070479384174,questions_in,fifo,uniform,0,0
2025-10-29T14:35:26.168325,PUBLISH,a80c022427bb4031be4c12b6d98316e6,68f2d95bd190740cfd6a28e3,ENQUEUED,0.4799151265444823,questions_in,fifo,uniform,0,0
2025-10-29T14:35:26.630392,PUBLISH,e88cf24021b947d59398a20dce04220c,68f2d95bd190740cfd6a1d1d,ENQUEUED,0.4562346029422014,questions_in,fifo,uniform,0,0
2025-10-29T14:35:27.041330,PUBLISH,ed39a3f69f1648c894e7421104f28ca1,68f2d95bd190740cfd6a3815,ENQUEUED,0.40507635541222275,questions_in,fifo,uniform,0,0
2025-10-29T14:35:27.195573,PUBLISH,b02dbf1352ce4bb9836922b4c1b433df,68f2d95bd190740cfd6a3aa9,ENQUEUED,0.14908548319365542,questions_in,fifo,uniform,0,0
2025-10-29T14:35:27.686735,PUBLISH,3b9fd5f9192e416493f9ae44b813a54b,68f2d95bd190740cfd6a3b5e,ENQUEUED,0.48864902912317376,questions_in,fifo,uniform,0,0
2025-10-29T14:35:28.189798,PUBLISH,e6e1e533bbd345d69ea2ca8ff8e1c5d0,68f2d95bd190740cfd6a1fff,ENQUEUED,0.49729660016290433,questions_in,fifo,uniform,0,0
2025-10-29T14:35:28.532701,PUBLISH,ae8c9f1211d24821b6dfb48bd1f4df7b,68f2d95bd190740cfd6a3de3,ENQUEUED,0.3411886845858819,questions_in,fifo,uniform,0,0
2025-10-29T14:35:28.679343,PUBLISH,5c5c5a6fd5c241b3a33da4b2e46887d1,68f2d95bd190740cfd6a2370,ENQUEUED,0.1411127376658229,questions_in,fifo,uniform,0,0
2025-10-29T14:35:29.002083,PUBLISH,65578e04edf24848a3b69abe0c3db68b,68f2d95bd190740cfd6a217e,ENQUEUED,0.3205400120223496,questions_in,fifo,uniform,0,0
2025-10-29T14:35:29.167014,PUBLISH,8cd42239f847468594ef20f65af59199,68f2d95bd190740cfd6a305d,ENQUEUED,0.1595437587982935,questions_in,fifo,uniform,0,0
2025-10-29T14:35:29.639346,PUBLISH,7af6ce14dde1443aa5fca967ccc4c000,68f2d95bd190740cfd6a36de,ENQUEUED,0.4666088212953431,questions_in,fifo,uniform,0,0
2025-10-29T14:35:29.835342,PUBLISH,948668ac31bf435f8260801eea74b97b,68f2d95bd190740cfd6a2ee5,ENQUEUED,0.18975586998612448,questions_in,fifo,uniform,0,0
2025-10-29T14:35:30.126777,PUBLISH,8b70708fb735451793a057fefb27bb7c,68f2d95bd190740cfd6a2356,ENQUEUED,0.2858644567645341,questions_in,fifo,uniform,0,0
2025-10-29T14:35:30.252725,PUBLISH,2d069e17df19473aa583d46b53b7caad,68f2d95bd190740cfd6a41ce,ENQUEUED,0.11974303936267013,questions_in,fifo,uniform,0,0
2025-10-29T14:35:30.719593,PUBLISH,2e2e40a095134b69b8600c0e745324fb,68f2d95bd190740cfd6a3b6c,ENQUEUED,0.460571608430984,questions_in,fifo,uniform,0,0
2025-10-29T14:35:30.900322,PUBLISH,cd53344ac5d142f38c23547ef39be35b,68f2d95bd190740cfd6a3f45,ENQUEUED,0.17526449706684347,questions_in,fifo,uniform,0,0
2025-10-29T14:35:31.261413,PUBLISH,647a2a23a17d4dc68fd00b77bb8d3bcc,68f2d95bd190740cfd6a317c,ENQUEUED,0.35492991509958904,questions_in,fifo,uniform,0,0
2025-10-29T14:35:31.438659,PUBLISH,9a52c13133fb48c1ae8a14cf61ee63d6,68f2d95bd190740cfd6a3f3c,ENQUEUED,0.1716875858627528,questions_in,fifo,uniform,0,0
2025-10-29T14:35:31.734582,PUBLISH,c6f97aef7d6c4c3c97e6a1fcbb02de46,68f2d95bd190740cfd6a29b0,ENQUEUED,0.2938314457722766,questions_in,fifo,uniform,0,0
2025-10-29T14:35:31.846984,PUBLISH,797a36d912b543589f7935864d29125b,68f2d95bd190740cfd6a245b,ENQUEUED,0.10693867496546146,questions_in,fifo,uniform,0,0
2025-10-29T14:35:32.094254,PUBLISH,611ec8109f6d4e87982b64c0e8f8c7c6,68f2d95bd190740cfd6a35ea,ENQUEUED,0.24577816104358252,questions_in,fifo,uniform,0,0
2025-10-29T14:35:32.422704,PUBLISH,8d4c028c981344f6bcaebaa0ae1134ef,68f2d95bd190740cfd6a2bc7,ENQUEUED,0.3220426860323301,questions_in,fifo,uniform,0,0
2025-10-29T14:35:32.679771,PUBLISH,af19d47535344a7d8aab848b161818ee,68f2d95bd190740cfd6a34bb,ENQUEUED,0.25132573705797623,questions_in,fifo,uniform,0,0
2025-10-29T14:35:32.812757,PUBLISH,764b676fb2ef4defba61807b65e6a6a8,68f2d95bd190740cfd6a1ae1,ENQUEUED,0.12612154565291225,questions_in,fifo,uniform,0,0
2025-10-29T14:35:32.964308,PUBLISH,9dbb20e2d68a4d7690d684f48318a818,68f2d95bd190740cfd6a3bb2,ENQUEUED,0.1457480236353672,questions_in,fifo,uniform,0,0
2025-10-29T14:35:33.215918,PUBLISH,d6f1e1d6c3554c48819d764559a9bfb5,68f2d95bd190740cfd6a1fe7,ENQUEUED,0.2457464045834198,questions_in,fifo,uniform,0,0
2025-10-29T14:35:33.517695,PUBLISH,d9819328a52843b9b6dcbbf9254a73be,68f2d95bd190740cfd6a2d36,ENQUEUED,0.2959855766942536,questions_in,fifo,uniform,0,0
2025-10-29T14:35:33.663358,PUBLISH,9161b4b107e4428385a865fe03effc45,68f2d95bd190740cfd6a1b64,ENQUEUED,0.1401485352624927,questions_in,fifo,uniform,0,0
2025-10-29T14:35:34.065581,PUBLISH,fe0edba629a54518886612dbac49dfb5,68f2d95bd190740cfd6a31ce,ENQUEUED,0.3965741109187182,questions_in,fifo,uniform,0,0
2025-10-29T14:35:34.464710,PUBLISH,83c776d5fe364985a1fd694fd1a9fa9c,68f2d95bd190740cfd6a385d,ENQUEUED,0.3928312759683782,questions_in,fifo,uniform,0,0
2025-10-29T14:35:34.579870,PUBLISH,07bec196f72c4df384679dd7accfb9ec,68f2d95bd190740cfd6a28f7,ENQUEUED,0.10883432304643392,questions_in,fifo,uniform,0,0
2025-10-29T14:35:35.045470,PUBLISH,58cc66679b3742d6beb79945cf847811,68f2d95bd190740cfd6a3118,ENQUEUED,0.46363733198027524,questions_in,fifo,uniform,0,0
2025-10-29T14:35:35.394033,PUBLISH,e3b0051cdd844ead954d9d3bc36880d4,68f2d95bd190740cfd6a40e2,ENQUEUED,0.3429579264640146,questions_in,fifo,uniform,0,0
2025-10-29T14:35:35.841803,PUBLISH,d451999bdb9545758a7f46552324f0b6,68f2d95bd190740cfd6a2a1f,ENQUEUED,0.4413678460310453,questions_in,fifo,uniform,0,0
2025-10-29T14:35:36.198886,PUBLISH,2b3cca2064a343678c1ca1177cc65801,68f2d95bd190740cfd6a2ae4,ENQUEUED,0.3510973929417466,questions_in,fifo,uniform,0,0
2025-10-29T14:35:36.612869,PUBLISH,7d0b3a5289c24c0caacc69a46d8fdced,68f2d95bd190740cfd6a249a,ENQUEUED,0.4078386057868063,questions_in,fifo,uniform,0,0
2025-10-29T14:35:36.863370,PUBLISH,a3e12eb2ec1143c9b8b174d993e21351,68f2d95bd190740cfd6a1ee2,ENQUEUED,0.24471639558567204,questions_in,fifo,uniform,0,0
2025-10-29T14:35:37.201445,PUBLISH,23e2691e932844a48520f4266b84eac9,68f2d95bd190740cfd6a38dd,ENQUEUED,0.331368683158748,questions_in,fifo,uniform,0,0
2025-10-29T14:35:37.691373,PUBLISH,a056329f4d5546bbbe5d6ca564a6a4fe,68f2d95bd190740cfd6a26d9,ENQUEUED,0.48275684506963124,questions_in,fifo,uniform,0,0
2025-10-29T14:35:38.077112,PUBLISH,6dae554488b140f5a558fb768cea57b8,68f2d95bd190740cfd6a2445,ENQUEUED,0.37899926968162057,questions_in,fifo,uniform,0,0
2025-10-29T14:35:38.436869,PUBLISH,eb58d7df4c05437bb806d7738a4605c8,68f2d95bd190740cfd6a1f46,ENQUEUED,0.35333557880657585,questions_in,fifo,uniform,0,0
2025-10-29T14:35:38.862153,PUBLISH,f77ef21f2a464a0595f5305295717811,68f2d95bd190740cfd6a39fc,ENQUEUED,0.4188385979123189,questions_in,fifo,uniform,0,0
2025-10-29T14:35:38.972375,PUBLISH,856be49ef73e4edcaa50c59367c0957f,68f2d95bd190740cfd6a2f39,ENQUEUED,0.10441784463711042,questions_in,fifo,uniform,0,0
2025-10-29T14:35:39.294221,PUBLISH,ccb51a6767b94b718362067bef906231,68f2d95bd190740cfd6a3cd2,ENQUEUED,0.3159892878708846,questions_in,fifo,uniform,0,0
2025-10-29T14:35:39.497921,PUBLISH,edfb5310173940e085691eccdb6f55d2,68f2d95bd190740cfd6a2b61,ENQUEUED,0.20206825537015094,questions_in,fifo,uniform,0,0
2025-10-29T14:35:39.771304,PUBLISH,66e39aede66c46a8822e0e2606aab147,68f2d95bd190740cfd6a307f,ENQUEUED,0.2677786625160977,questions_in,fifo,uniform,0,0
2025-10-29T14:35:40.127175,PUBLISH,79aeced1ff7046f48754de5a001234dd,68f2d95bd190740cfd6a2e55,ENQUEUED,0.35028481459042915,questions_in,fifo,uniform,0,0
2025-10-29T14:35:40.527154,PUBLISH,9d2010cf8c664ef0a431550d9220edc8,68f2d95bd190740cfd6a26b3,ENQUEUED,0.3922898930884987,questions_in,fifo,uniform,0,0
2025-10-29T14:35:40.667726,PUBLISH,8069fb30e7934d0b9fa0a7eaf4322bfb,68f2d95bd190740cfd6a26c3,ENQUEUED,0.13523867244864307,questions_in,fifo,uniform,0,0
2025-10-29T14:35:40.975022,PUBLISH,7be7fdec47f74cf59da794960313be51,68f2d95bd190740cfd6a35cf,ENQUEUED,0.3012260768878583,questions_in,fifo,uniform,0,0
2025-10-29T14:35:41.335429,PUBLISH,247966f384f0483e888b705e6aae6e98,68f2d95bd190740cfd6a298c,ENQUEUED,0.35811078158636345,questions_in,fifo,uniform,0,0
2025-10-29T14:35:41.675675,PUBLISH,08fe7c879e754c07af3972116d5c56c6,68f2d95bd190740cfd6a3b5f,ENQUEUED,0.33451368371976886,questions_in,fifo,uniform,0,0
2025-10-29T14:35:41.971313,PUBLISH,365394a3b6504071ba140715646dde94,68f2d95bd190740cfd6a391b,ENQUEUED,0.29017063560950995,questions_in,fifo,uniform,0,0
2025-10-29T14:35:42.218901,PUBLISH,7a755f1550da4b2a9ff2926c63ebeeda,68f2d95bd190740cfd6a2cb5,ENQUEUED,0.2410576165216467,questions_in,fifo,uniform,0,0
2025-10-29T14:35:42.480566,PUBLISH,17e436090a7742cb8a844f8fc154f600,68f2d95bd190740cfd6a2da8,ENQUEUED,0.2559186569639954,questions_in,fifo,uniform,0,0
2025-10-29T14:35:42.822414,PUBLISH,b7a97d445eb049e4a246b56769f72cb7,68f2d95bd190740cfd6a415a,ENQUEUED,0.3351858253921669,questions_in,fifo,uniform,0,0
2025-10-29T14:35:43.276181,PUBLISH,284db14824074c298a23ae729fd73f17,68f2d95bd190740cfd6a2c0b,ENQUEUED,0.4484402659581107,questions_in,fifo,uniform,0,0
2025-10-29T14:35:43.457320,PUBLISH,1c044284b68344789e6c6fdd1ec0cdd5,68f2d95bd190740cfd6a2312,ENQUEUED,0.17526529523064238,questions_in,fifo,uniform,0,0
2025-10-29T14:35:43.724052,PUBLISH,47af45b5885a4852b36a110142018da0,68f2d95bd190740cfd6a1d23,ENQUEUED,0.2644958579316138,questions_in,fifo,uniform,0,0
2025-10-29T14:35:43.858285,PUBLISH,7b5334b443ca45bcb239a6965b1ae3e0,68f2d95bd190740cfd6a3ac9,ENQUEUED,0.1285935253501685,questions_in,fifo,uniform,0,0
2025-10-29T14:35:44.113293,PUBLISH,b900a680033344b58f30eef8e9f860fc,68f2d95bd190740cfd6a39e3,ENQUEUED,0.2493594434505338,questions_in,fifo,uniform,0,0
2025-10-29T14:35:44.481853,PUBLISH,c11fe9ca47da4732b6f635d82936384f,68f2d95bd190740cfd6a23be,ENQUEUED,0.3625221590663372,questions_in,fifo,uniform,0,0
2025-10-29T14:35:44.756756,PUBLISH,b793a2768930494daebedbfe7561e60d,68f2d95bd190740cfd6a2a5d,ENQUEUED,0.2684182844123343,questions_in,fifo,uniform,0,0
2025-10-29T14:35:45.162583,PUBLISH,b0528512bd924f8a81a6870a9deb1f8b,68f2d95bd190740cfd6a2ccc,ENQUEUED,0.39984507311046913,questions_in,fifo,uniform,0,0
2025-10-29T14:35:45.630274,PUBLISH,a6c4e1ac3c444a0c9b54b178690f54f4,68f2d95bd190740cfd6a2b05,ENQUEUED,0.4613481527457308,questions_in,fifo,uniform,0,0
2025-10-29T14:35:46.059171,PUBLISH,78e4ae9936404888a2c2cceeb0ba3ebf,68f2d95bd190740cfd6a1b7b,ENQUEUED,0.42347823195232304,questions_in,fifo,uniform,0,0
2025-10-29T14:35:46.178605,PUBLISH,d4b6c727a87a4934968f51a4f062d53e,68f2d95bd190740cfd6a37e4,ENQUEUED,0.11366688082539587,questions_in,fifo,uniform,0,0
2025-10-29T14:35:46.505174,PUBLISH,f47b1c80fdd04c9f9dfeffcf8c51d35e,68f2d95bd190740cfd6a2003,ENQUEUED,0.3186953641547799,questions_in,fifo,uniform,0,0
2025-10-29T14:35:46.644706,PUBLISH,6f69adaf39db4f189a92f97d8fa09298,68f2d95bd190740cfd6a2317,ENQUEUED,0.13782611805458217,questions_in,fifo,uniform,0,0
2025-10-29T14:35:47.018075,PUBLISH,46997b25f30741e2ac3337b747fe8b7f,68f2d95bd190740cfd6a33f1,ENQUEUED,0.3674997726017287,questions_in,fifo,uniform,0,0
2025-10-29T14:35:47.303487,PUBLISH,d1ea57dd38f34cba8a9956e95b6dc2ea,68f2d95bd190740cfd6a1bbc,ENQUEUED,0.2799497897132105,questions_in,fifo,uniform,0,0
2025-10-29T14:35:47.757313,PUBLISH,8660557463704272bd1ea432091a4131,68f2d95bd190740cfd6a27e0,ENQUEUED,0.45197877491840655,questions_in,fifo,uniform,0,0
2025-10-29T14:35:48.257093,PUBLISH,a2d6eceefaf5464eb039e4d59b8dd47e,68f2d95bd190740cfd6a40a7,ENQUEUED,0.4928269615122839,questions_in,fifo,uniform,0,0
2025-10-29T14:35:48.478132,PUBLISH,bdf596d5e7334c76b9e5765dd789f145,68f2d95bd190740cfd6a38d5,ENQUEUED,0.21123259578960477,questions_in,fifo,uniform,0,0
2025-10-29T14:35:48.633408,PUBLISH,867bd161909545c1b83774d7bf421373,68f2d95bd190740cfd6a31a5,ENQUEUED,0.1493346775979268,questions_in,fifo,uniform,0,0
2025-10-29T14:35:48.908195,PUBLISH,89f2707ee05d4d8ca29ca30c93f4107e,68f2d95bd190740cfd6a1e55,ENQUEUED,0.26937565157773374,questions_in,fifo,uniform,0,0
2025-10-29T14:35:49.048184,PUBLISH,af99cec5a48d473b91e523dfec598f59,68f2d95bd190740cfd6a3df4,ENQUEUED,0.13478881652523628,questions_in,fifo,uniform,0,0
2025-10-29T14:35:49.391749,PUBLISH,f7d288232cc8422eb95fa900982e4207,68f2d95bd190740cfd6a303e,ENQUEUED,0.3378553746445433,questions_in,fifo,uniform,0,0
2025-10-29T14:35:49.755099,PUBLISH,2d2a68396861446c8af5d5058187a4e0,68f2d95bd190740cfd6a245a,ENQUEUED,0.3576464314166763,questions_in,fifo,uniform,0,0
2025-10-29T14:35:50.025370,PUBLISH,90edc799a1924c7eaf961ac7868dbec8,68f2d95bd190740cfd6a2e5b,ENQUEUED,0.264221876096284,questions_in,fifo,uniform,0,0
2025-10-29T14:35:50.155044,PUBLISH,f909b8de950142a59e343556a0c591fd,68f2d95bd190740cfd6a3ea6,ENQUEUED,0.123825225119506,questions_in,fifo,uniform,0,0
2025-10-29T14:35:50.632857,PUBLISH,6902091f2eae4c3b9145f951bc53af42,68f2d95bd190740cfd6a39be,ENQUEUED,0.4717116207439538,questions_in,fifo,uniform,0,0
2025-10-29T14:35:50.809942,PUBLISH,d1436ecb3d2b41e28327caba38eca37a,68f2d95bd190740cfd6a35e9,ENQUEUED,0.17556469884274084,questions_in,fifo,uniform,0,0
2025-10-29T14:35:51.306749,PUBLISH,d0005aa66b5a4440b0cb9688d370e8d1,68f2d95bd190740cfd6a38da,ENQUEUED,0.4907549099921089,questions_in,fifo,uniform,0,0
2025-10-29T14:35:51.640461,PUBLISH,f87227b5a5ab48c498d45309647b5397,68f2d95bd190740cfd6a25ac,ENQUEUED,0.32810688367835966,questions_in,fifo,uniform,0,0
2025-10-29T14:35:51.912714,PUBLISH,d51995f140de4a21a7da018f8c6c29ad,68f2d95bd190740cfd6a2142,ENQUEUED,0.2649725260068456,questions_in,fifo,uniform,0,0
2025-10-29T14:35:52.347633,PUBLISH,2d2e635b0fb84fe9b4e26c2fb2501fd8,68f2d95bd190740cfd6a352e,ENQUEUED,0.4282063993585338,questions_in,fifo,uniform,0,0
2025-10-29T14:35:52.797817,PUBLISH,3e857a7464724d6999a01a1aa2af503c,68f2d95bd190740cfd6a3821,ENQUEUED,0.4444108876769123,questions_in,fifo,uniform,0,0
2025-10-29T14:35:52.958148,PUBLISH,744b1ead6a804ba88112346585b6524b,68f2d95bd190740cfd6a22c9,ENQUEUED,0.15506135643848207,questions_in,fifo,uniform,0,0
2025-10-29T14:35:53.171567,PUBLISH,c96526516623483c8a4c2082b82d4297,68f2d95bd190740cfd6a2d63,ENQUEUED,0.2073384395055704,questions_in,fifo,uniform,0,0
2025-10-29T14:35:53.612525,PUBLISH,52f1b7ea88d548ef9bcb37cc5b06f6f0,68f2d95bd190740cfd6a22c6,ENQUEUED,0.4387983652207088,questions_in,fifo,uniform,0,0
2025-10-29T14:35:53.930447,PUBLISH,5e0f825f3c7d42bab5920103133eab2e,68f2d95bd190740cfd6a2c7e,ENQUEUED,0.31645148337716034,questions_in,fifo,uniform,0,0
2025-10-29T14:35:54.230223,PUBLISH,701fd605c1e74d63a3847f9e2d0adcea,68f2d95bd190740cfd6a293c,ENQUEUED,0.2940331131353201,questions_in,fifo,uniform,0,0
2025-10-29T14:35:54.387323,PUBLISH,00ad2f8461ae47b58d67076061f60ec7,68f2d95bd190740cfd6a1b2d,ENQUEUED,0.15116060730348937,questions_in,fifo,uniform,0,0
2025-10-29T14:35:54.873284,PUBLISH,051a28109b73449dadb568244d7c203f,68f2d95bd190740cfd6a38df,ENQUEUED,0.47914927198344526,questions_in,fifo,uniform,0,0
2025-10-29T14:35:55.153254,PUBLISH,7e96b219549243bf91872e20cd273e35,68f2d95bd190740cfd6a222d,ENQUEUED,0.2743784667110082,questions_in,fifo,uniform,0,0
2025-10-29T14:35:55.617590,PUBLISH,65be7bd238ed42e7afb00e8848147ab2,68f2d95bd190740cfd6a1e05,ENQUEUED,0.4572537109648179,questions_in,fifo,uniform,0,0
2025-10-29T14:35:55.729182,PUBLISH,40f23cd1468e42fe9a0a281fd3eb8fd7,68f2d95bd190740cfd6a267e,ENQUEUED,0.10631787533799826,questions_in,fifo,uniform,0,0
2025-10-29T14:35:55.840567,PUBLISH,0f8e3d4423244f569e4752a3e19cd850,68f2d95bd190740cfd6a2e25,ENQUEUED,0.10398126429848352,questions_in,fifo,uniform,0,0
2025-10-29T14:35:56.291935,PUBLISH,ff091a9407724bf099d3ada66d3abbb9,68f2d95bd190740cfd6a24cb,ENQUEUED,0.444618656275267,questions_in,fifo,uniform,0,0
2025-10-29T14:35:56.522260,PUBLISH,38cdf415cd9c4d578c5ab6617f07a449,68f2d95bd190740cfd6a3b22,ENQUEUED,0.22500354898361374,questions_in,fifo,uniform,0,0
2025-10-29T14:35:56.752892,PUBLISH,129d53568d3342a8ad5bc74551ceb28d,68f2d95bd190740cfd6a41c6,ENQUEUED,0.2291333437876799,questions_in,fifo,uniform,0,0
2025-10-29T14:35:57.212208,PUBLISH,d769b9e0bbb64f45b11c5d4f711a1c69,68f2d95bd190740cfd6a1ff5,ENQUEUED,0.4576390132604691,questions_in,fifo,uniform,0,0
2025-10-29T14:35:57.594944,PUBLISH,61611d80cfc646bbac80f97e85c7473e,68f2d95bd190740cfd6a3585,ENQUEUED,0.37640878081471874,questions_in,fifo,uniform,0,0
2025-10-29T14:35:57.874346,PUBLISH,ff1665dd61de46b78e5555abb0897f39,68f2d95bd190740cfd6a348b,ENQUEUED,0.2735087885893943,questions_in,fifo,uniform,0,0
2025-10-29T14:35:58.313025,PUBLISH,b70f437aaea949a3a4708b2650d04b34,68f2d95bd190740cfd6a20de,ENQUEUED,0.43019817133225235,questions_in,fifo,uniform,0,0
2025-10-29T14:35:58.460544,PUBLISH,d398b12c6c154b7999ad1cd129c70fec,68f2d95bd190740cfd6a2bf7,ENQUEUED,0.14212246402282058,questions_in,fifo,uniform,0,0
2025-10-29T14:35:58.956644,PUBLISH,bd421da815854c8c804ce5f099b1d8a9,68f2d95bd190740cfd6a25d4,ENQUEUED,0.4909041960837969,questions_in,fifo,uniform,0,0
2025-10-29T14:35:59.270584,PUBLISH,a01a66ba6e3e418e8c5b85447d67fa34,68f2d95bd190740cfd6a1e82,ENQUEUED,0.3085265406770876,questions_in,fifo,uniform,0,0
2025-10-29T14:35:59.514720,PUBLISH,6a6378c503ab4d8fb88dc354021ed61d,68f2d95bd190740cfd6a33a9,ENQUEUED,0.23843794107815874,questions_in,fifo,uniform,0,0
2025-10-29T14:35:59.921265,PUBLISH,fe2842a5d3b14ff4a76fcf66e112842c,68f2d95bd190740cfd6a1f80,ENQUEUED,0.40092873790241357,questions_in,fifo,uniform,0,0
2025-10-29T14:36:00.039157,PUBLISH,72589af785694f999313a4f94e78c27c,68f2d95bd190740cfd6a2929,ENQUEUED,0.11134150355432487,questions_in,fifo,uniform,0,0
2025-10-29T14:36:00.523105,PUBLISH,59b43098954e4d388ecc13424e434da7,68f2d95bd190740cfd6a3f06,ENQUEUED,0.47743428274638755,questions_in,fifo,uniform,0,0
2025-10-29T14:36:00.729653,PUBLISH,e07a9a600522427d9f372bf892eda316,68f2d95bd190740cfd6a2101,ENQUEUED,0.19942693060721506,questions_in,fifo,uniform,0,0
2025-10-29T14:36:01.050589,PUBLISH,a4aaa5bf66844957b6b3a2149ff2c59f,68f2d95bd190740cfd6a2444,ENQUEUED,0.31459905924412285,questions_in,fifo,uniform,0,0
2025-10-29T14:36:01.463413,PUBLISH,cc1b0715c9254cc4906dbdbfc73dbcc9,68f2d95bd190740cfd6a2ade,ENQUEUED,0.40621467467013794,questions_in,fifo,uniform,0,0
2025-10-29T14:36:01.883055,PUBLISH,085d6333714344bdaeb8ad1a914a8ab7,68f2d95bd190740cfd6a259b,ENQUEUED,0.4137951998588677,questions_in,fifo,uniform,0,0
2025-10-29T14:36:02.039065,PUBLISH,deef4f5661ef4fe18858e45a2b266ef3,68f2d95bd190740cfd6a415a,ENQUEUED,0.14983502577206265,questions_in,fifo,uniform,0,0
2025-10-29T14:36:02.456600,PUBLISH,9847059652ee431ea1015d7a35966d97,68f2d95bd190740cfd6a22ff,ENQUEUED,0.4118067935838462,questions_in,fifo,uniform,0,0
2025-10-29T14:36:02.625052,PUBLISH,7c43dded66764f89a75d34a596ec3fea,68f2d95bd190740cfd6a3177,ENQUEUED,0.16259260730358777,questions_in,fifo,uniform,0,0
2025-10-29T14:36:03.057223,PUBLISH,16982eafe6cf42fa9a6e23796e6adfcb,68f2d95bd190740cfd6a38b1,ENQUEUED,0.4267591134149369,questions_in,fifo,uniform,0,0
2025-10-29T14:36:03.273379,PUBLISH,631ccee0560c4b7492549e3692b16256,68f2d95bd190740cfd6a1edf,ENQUEUED,0.21040912008192356,questions_in,fifo,uniform,0,0
2025-10-29T14:36:03.532700,PUBLISH,f273838237b94703aaf8f590595bf699,68f2d95bd190740cfd6a24f8,ENQUEUED,0.2576737835023102,questions_in,fifo,uniform,0,0
2025-10-29T14:36:03.668506,PUBLISH,0ac642fb5d5345108f06c539da71d6e1,68f2d95bd190740cfd6a22e1,ENQUEUED,0.13004649322250306,questions_in,fifo,uniform,0,0
2025-10-29T14:36:04.064663,PUBLISH,4ee2905d476549d78f91a65feb8930e8,68f2d95bd190740cfd6a339b,ENQUEUED,0.39026465343210825,questions_in,fifo,uniform,0,0
2025-10-29T14:36:04.284205,PUBLISH,81b8bd2d25704ae0898e3e998d93871f,68f2d95bd190740cfd6a2efd,ENQUEUED,0.21333858482159967,questions_in,fifo,uniform,0,0
2025-10-29T14:36:04.770989,PUBLISH,8d656f97655c46e08e3f5cfd747e7050,68f2d95bd190740cfd6a2312,ENQUEUED,0.4809045399683485,questions_in,fifo,uniform,0,0
2025-10-29T14:36:04.946009,PUBLISH,38aabcd7a8114b99920814c7fb1baeb7,68f2d95bd190740cfd6a3285,ENQUEUED,0.1696672056611827,questions_in,fifo,uniform,0,0
2025-10-29T14:36:05.371007,PUBLISH,557455683ce24186b608398047d0539b,68f2d95bd190740cfd6a1e89,ENQUEUED,0.4181726264495442,questions_in,fifo,uniform,0,0
2025-10-29T14:36:05.788940,PUBLISH,804df884ba1a45e08469a91f0a0d304c,68f2d95bd190740cfd6a1b56,ENQUEUED,0.41597529723801285,questions_in,fifo,uniform,0,0
2025-10-29T14:36:06.114470,PUBLISH,928fc14743d0409abb848c7b35c25bfe,68f2d95bd190740cfd6a3ff5,ENQUEUED,0.3200235176792987,questions_in,fifo,uniform,0,0
2025-10-29T14:36:06.607122,PUBLISH,c331b4d6764e45b0aa68a78ffa0b68f8,68f2d95bd190740cfd6a4171,ENQUEUED,0.49081356020180944,questions_in,fifo,uniform,0,0
2025-10-29T14:36:07.110084,PUBLISH,4ec6af2473cc4971a8c11283435486d5,68f2d95bd190740cfd6a3582,ENQUEUED,0.4978223113049731,questions_in,fifo,uniform,0,0
2025-10-29T14:36:07.305404,PUBLISH,bf19ea8e20ac4314a2e3d6c10366f5b6,68f2d95bd190740cfd6a3bf2,ENQUEUED,0.18857552151616438,questions_in,fifo,uniform,0,0
2025-10-29T14:36:07.521928,PUBLISH,b9340843b5f445a9b308409dc5574bca,68f2d95bd190740cfd6a204e,ENQUEUED,0.21058931258627928,questions_in,fifo,uniform,0,0
2025-10-29T14:36:07.954745,PUBLISH,97d3bce23a6d4438a761f12aab43135c,68f2d95bd190740cfd6a3224,ENQUEUED,0.426115040550462,questions_in,fifo,uniform,0,0
2025-10-29T14:36:08.205608,PUBLISH,cd930d1767644cec98ea2798e62f32c6,68f2d95bd190740cfd6a3c09,ENQUEUED,0.24443650082150856,questions_in,fifo,uniform,0,0
2025-10-29T14:36:08.468658,PUBLISH,7604fb3fd4204165b2a335e3752413ce,68f2d95bd190740cfd6a2a2b,ENQUEUED,0.25755698287456497,questions_in,fifo,uniform,0,0
2025-10-29T14:36:08.711190,PUBLISH,013b6f76e1294d7fb91fa96cbc06ae8e,68f2d95bd190740cfd6a2e32,ENQUEUED,0.23725345208483697,questions_in,fifo,uniform,0,0
2025-10-29T14:36:09.151483,PUBLISH,711c01cec92642e0afac749b71da7675,68f2d95bd190740cfd6a30f0,ENQUEUED,0.43440377536288854,questions_in,fifo,uniform,0,0
2025-10-29T14:36:09.650782,PUBLISH,7ab9cf07f5fd4e95a7241d2b1d691b4e,68f2d95bd190740cfd6a2598,ENQUEUED,0.4939184555682393,questions_in,fifo,uniform,0,0
2025-10-29T14:36:10.078588,PUBLISH,c76b5910ece04edaade379f28729cf52,68f2d95bd190740cfd6a3182,ENQUEUED,0.4215201748686279,questions_in,fifo,uniform,0,0
2025-10-29T14:36:10.401530,PUBLISH,85ba067296a44ae39d7111fd08c470f7,68f2d95bd190740cfd6a22b5,ENQUEUED,0.31720751743931586,questions_in,fifo,uniform,0,0
2025-10-29T14:36:10.544922,PUBLISH,6779cdfeda5e4800ab99e3aefabe82f9,68f2d95bd190740cfd6a2333,ENQUEUED,0.13750759741526128,questions_in,fifo,uniform,0,0
2025-10-29T14:36:10.866207,PUBLISH,f205d846a2134614b8c5eb884f422dbf,68f2d95bd190740cfd6a397f,ENQUEUED,0.31547320814591895,questions_in,fifo,uniform,0,0
2025-10-29T14:36:11.016082,PUBLISH,b55d0d0a3eab46b399b46e794e61739d,68f2d95bd190740cfd6a2afa,ENQUEUED,0.1443497661419703,questions_in,fifo,uniform,0,0
2025-10-29T14:36:11.519915,PUBLISH,4dc11f995be248628f7d6cb4eb489a61,68f2d95bd190740cfd6a3665,ENQUEUED,0.49793080045269933,questions_in,fifo,uniform,0,0
2025-10-29T14:36:11.873520,PUBLISH,705e280ab5974962b823aa9cc9da0328,68f2d95bd190740cfd6a3210,ENQUEUED,0.34609601919975996,questions_in,fifo,uniform,0,0
2025-10-29T14:36:12.236462,PUBLISH,377be2237eff4ee4a360d62a3870d1c7,68f2d95bd190740cfd6a230d,ENQUEUED,0.35704470596922644,questions_in,fifo,uniform,0,0
2025-10-29T14:36:12.465717,PUBLISH,a28f1d36beaa456494e93047c0de212b,68f2d95bd190740cfd6a2f61,ENQUEUED,0.2238436955409524,questions_in,fifo,uniform,0,0
2025-10-29T14:36:12.770786,PUBLISH,fac5323572c147a5a02c2edfd3cf4263,68f2d95bd190740cfd6a2835,ENQUEUED,0.2994294386698294,questions_in,fifo,uniform,0,0
2025-10-29T14:36:12.889737,PUBLISH,6cf9c9b7e1e1418d969fd0e81747e7e6,68f2d95bd190740cfd6a244f,ENQUEUED,0.11359280391786292,questions_in,fifo,uniform,0,0
2025-10-29T14:36:13.173873,PUBLISH,baccc5a6c7fb47bd8f06c9bd63e01009,68f2d95bd190740cfd6a3620,ENQUEUED,0.2784841281808019,questions_in,fifo,uniform,0,0
2025-10-29T14:36:13.408024,PUBLISH,894f709e011141a285b8470b6c0dcb2a,68f2d95bd190740cfd6a21ee,ENQUEUED,0.22840922001231478,questions_in,fifo,uniform,0,0
2025-10-29T14:36:13.577081,PUBLISH,7fe2ba71622d483799137fdcced6fdd6,68f2d95bd190740cfd6a28db,ENQUEUED,0.1639613344038619,questions_in,fifo,uniform,0,0
2025-10-29T14:36:14.059071,PUBLISH,fb8821497ff740429c2db9e05f2343f8,68f2d95bd190740cfd6a2f45,ENQUEUED,0.4763083038335236,questions_in,fifo,uniform,0,0
2025-10-29T14:36:14.332323,PUBLISH,213d4ca0b0c8439598f8b987aa137039,68f2d95bd190740cfd6a206b,ENQUEUED,0.267401527891342,questions_in,fifo,uniform,0,0
2025-10-29T14:36:14.684488,PUBLISH,2e8ec4dc99a34d2d8745b3f92e24979c,68f2d95bd190740cfd6a2b4a,ENQUEUED,0.3497207293031351,questions_in,fifo,uniform,0,0
2025-10-29T14:36:15.028624,PUBLISH,21e1ef05f7d24ae090e2768ed6e36e4c,68f2d95bd190740cfd6a3b4d,ENQUEUED,0.3380042210821488,questions_in,fifo,uniform,0,0
2025-10-29T14:36:15.216900,PUBLISH,27da53f60a844f67866a441f88ac9c55,68f2d95bd190740cfd6a3bb5,ENQUEUED,0.18276798594952048,questions_in,fifo,uniform,0,0
2025-10-29T14:36:15.515213,PUBLISH,8c7dd30071ce4c0ebbfdc25027a38763,68f2d95bd190740cfd6a3ae5,ENQUEUED,0.292269220738833,questions_in,fifo,uniform,0,0
2025-10-29T14:36:15.917700,PUBLISH,307775ed3fee484a899d5fadabd74b80,68f2d95bd190740cfd6a24c5,ENQUEUED,0.3957931799719745,questions_in,fifo,uniform,0,0
2025-10-29T14:36:16.384125,PUBLISH,a2963d8898814daeae5e94dbcb5aced5,68f2d95bd190740cfd6a3f52,ENQUEUED,0.4600019027754586,questions_in,fifo,uniform,0,0
2025-10-29T14:36:16.886597,PUBLISH,f410d1620bee4ce1ae5b56325869e1f8,68f2d95bd190740cfd6a33a1,ENQUEUED,0.4964559417561786,questions_in,fifo,uniform,0,0
2025-10-29T14:36:17.264263,PUBLISH,a666e2f077ee48ecb36de79051aeadde,68f2d95bd190740cfd6a1d93,ENQUEUED,0.3717254561751697,questions_in,fifo,uniform,0,0
2025-10-29T14:36:17.374586,PUBLISH,a494c238db8f465b9454c40a238281ed,68f2d95bd190740cfd6a1fe7,ENQUEUED,0.10442828805230442,questions_in,fifo,uniform,0,0
2025-10-29T14:36:17.657917,PUBLISH,73e8aeac49f54a4687cef78a42021283,68f2d95bd190740cfd6a246f,ENQUEUED,0.27729649347530355,questions_in,fifo,uniform,0,0
2025-10-29T14:36:17.790015,PUBLISH,0e5488b72a7848e9a54a4abebbb652e6,68f2d95bd190740cfd6a3e09,ENQUEUED,0.12481194430228913,questions_in,fifo,uniform,0,0
2025-10-29T14:36:18.183300,PUBLISH,68cb2a9e5908450a81d34e915867aa2c,68f2d95bd190740cfd6a2aea,ENQUEUED,0.38521819778031585,questions_in,fifo,uniform,0,0
2025-10-29T14:36:18.670253,PUBLISH,673d18c5c6aa48b087b34e2099334a3f,68f2d95bd190740cfd6a2301,ENQUEUED,0.48149826151605024,questions_in,fifo,uniform,0,0
2025-10-29T14:36:19.004532,PUBLISH,858fe7af13824cefb427d025bb0aa20e,68f2d95bd190740cfd6a23c6,ENQUEUED,0.3281802271756934,questions_in,fifo,uniform,0,0
2025-10-29T14:36:19.369363,PUBLISH,c5669dc9d6bf416aafd3b5d576da7d68,68f2d95bd190740cfd6a408f,ENQUEUED,0.35889870341385477,questions_in,fifo,uniform,0,0
2025-10-29T14:36:19.528416,PUBLISH,c534b49a92ed4bf59d9f4372056a1b8b,68f2d95bd190740cfd6a1dec,ENQUEUED,0.15330722031659683,questions_in,fifo,uniform,0,0
2025-10-29T14:36:19.837672,PUBLISH,923bb7d8a157447d852d7469e0d7cc03,68f2d95bd190740cfd6a28d5,ENQUEUED,0.30593394533629353,questions_in,fifo,uniform,0,0
2025-10-29T14:36:20.228356,PUBLISH,510d3444a2434f10b1c2b81ff95415ca,68f2d95bd190740cfd6a3081,ENQUEUED,0.38551443677523567,questions_in,fifo,uniform,0,0
2025-10-29T14:36:20.709929,PUBLISH,84e7b5ce30424a959487dfce445b746a,68f2d95bd190740cfd6a3080,ENQUEUED,0.474188705311522,questions_in,fifo,uniform,0,0
2025-10-29T14:36:21.061885,PUBLISH,637caca135624fd88673c8cb5708f8de,68f2d95bd190740cfd6a2233,ENQUEUED,0.34998800848944583,questions_in,fifo,uniform,0,0
2025-10-29T14:36:21.417326,PUBLISH,a7530cd8f7ce46848bbdcea4494c1334,68f2d95bd190740cfd6a3029,ENQUEUED,0.34974140659570857,questions_in,fifo,uniform,0,0
2025-10-29T14:36:21.648362,PUBLISH,30c880c12c47437b8509012a5aa296e4,68f2d95bd190740cfd6a2672,ENQUEUED,0.2249495401529642,questions_in,fifo,uniform,0,0
2025-10-29T14:36:21.878891,PUBLISH,df6c1fcb01a24967aed756edca9e6e86,68f2d95bd190740cfd6a23f7,ENQUEUED,0.2241287798597047,questions_in,fifo,uniform,0,0
2025-10-29T14:36:22.205774,PUBLISH,d3e6c75d005c4119b955473d69fff3ec,68f2d95bd190740cfd6a32cf,ENQUEUED,0.325421785049122,questions_in,fifo,uniform,0,0
2025-10-29T14:36:22.607734,PUBLISH,9a2180ef4fa34928b426c6e7116b40d5,68f2d95bd190740cfd6a32d5,ENQUEUED,0.3964342851878385,questions_in,fifo,uniform,0,0
2025-10-29T14:36:22.848731,PUBLISH,510834fabfe547da85546302442f9bc0,68f2d95bd190740cfd6a2900,ENQUEUED,0.2356710167020941,questions_in,fifo,uniform,0,0
2025-10-29T14:36:23.228867,PUBLISH,9c70341b62a04fc0a8b0a41dcca4c3c0,68f2d95bd190740cfd6a2dd4,ENQUEUED,0.37534567364482474,questions_in,fifo,uniform,0,0
2025-10-29T14:36:23.575504,PUBLISH,734622fb4d1b41788b801426b8da04a4,68f2d95bd190740cfd6a25aa,ENQUEUED,0.3409790439359621,questions_in,fifo,uniform,0,0
2025-10-29T14:36:23.686206,PUBLISH,be8ff820ddb347d88d30c4abe11ebb33,68f2d95bd190740cfd6a2ac0,ENQUEUED,0.10427010174005856,questions_in,fifo,uniform,0,0
2025-10-29T14:36:23.995902,PUBLISH,8b6c9b9c0ef342f6b588ddabd42529f5,68f2d95bd190740cfd6a34bd,ENQUEUED,0.3042882917506292,questions_in,fifo,uniform,0,0
2025-10-29T14:36:24.337069,PUBLISH,6ea01de15c694af9b09f3bcc7c0d2f26,68f2d95bd190740cfd6a3e19,ENQUEUED,0.3355875131709575,questions_in,fifo,uniform,0,0
2025-10-29T14:36:24.561950,PUBLISH,b145c0170ef34eb287660528fb101126,68f2d95bd190740cfd6a40d5,ENQUEUED,0.2175205870456269,questions_in,fifo,uniform,0,0
2025-10-29T14:36:25.050450,PUBLISH,6928a36cfd6b487f8d9e3dd78cd5d2af,68f2d95bd190740cfd6a33f1,ENQUEUED,0.48272706833818957,questions_in,fifo,uniform,0,0
2025-10-29T14:36:25.276956,PUBLISH,3d7f191b0007466a94f143b8dbd9dad9,68f2d95bd190740cfd6a2516,ENQUEUED,0.22040894606234548,questions_in,fifo,uniform,0,0
2025-10-29T14:36:25.476867,PUBLISH,8691d08fe32e42e99781cfab0796b63d,68f2d95bd190740cfd6a2e88,ENQUEUED,0.194434070552018,questions_in,fifo,uniform,0,0
2025-10-29T14:36:25.797637,PUBLISH,51eab3e00c4b47c09f252897c3d76749,68f2d95bd190740cfd6a3cec,ENQUEUED,0.31539951119577914,questions_in,fifo,uniform,0,0
2025-10-29T14:36:26.296599,PUBLISH,ef8a42dd8a7545a9ace93ed2a7e4b639,68f2d95bd190740cfd6a1b5f,ENQUEUED,0.4929729783613014,questions_in,fifo,uniform,0,0
2025-10-29T14:36:26.605817,PUBLISH,881ec19f8e1c406ab36336fcdacb906d,68f2d95bd190740cfd6a2b5b,ENQUEUED,0.30387932359684966,questions_in,fifo,uniform,0,0
2025-10-29T14:36:26.751211,PUBLISH,2a3dd0d92a9b403ebf4209a9e111f0de,68f2d95bd190740cfd6a3934,ENQUEUED,0.13907485979512982,questions_in,fifo,uniform,0,0
2025-10-29T14:36:27.066819,PUBLISH,f63122f152eb4a78926b407e6a2b7f85,68f2d95bd190740cfd6a2cc4,ENQUEUED,0.3101924659116806,questions_in,fifo,uniform,0,0
2025-10-29T14:36:27.460502,PUBLISH,415ab46dbc344e59988800d8049aca44,68f2d95bd190740cfd6a246e,ENQUEUED,0.3874727687912274,questions_in,fifo,uniform,0,0
2025-10-29T14:36:27.815242,PUBLISH,ff06f615640e40449cc5d879c7568e68,68f2d95bd190740cfd6a1b45,ENQUEUED,0.3487972296925257,questions_in,fifo,uniform,0,0
2025-10-29T14:36:28.061850,PUBLISH,c1b911074de24e0e8924d0feba846cf4,68f2d95bd190740cfd6a40c5,ENQUEUED,0.24155172772327183,questions_in,fifo,uniform,0,0
2025-10-29T14:36:28.169597,PUBLISH,e4147ffa806c42569e8db546f649b13f,68f2d95bd190740cfd6a3182,ENQUEUED,0.10193590718674482,questions_in,fifo,uniform,0,0
2025-10-29T14:36:28.556391,PUBLISH,970eec348e844a1eb5aea352af8fd0d1,68f2d95bd190740cfd6a20b6,ENQUEUED,0.380957600303903,questions_in,fifo,uniform,0,0
2025-10-29T14:36:28.827025,PUBLISH,ffbc6437bfaf41119ad5f43dfdc2ee62,68f2d95bd190740cfd6a2c33,ENQUEUED,0.26515197787856626,questions_in,fifo,uniform,0,0
2025-10-29T14:36:29.318291,PUBLISH,ed111f33059741169c5d5a5de8d9a89b,68f2d95bd190740cfd6a357c,ENQUEUED,0.48487274785161893,questions_in,fifo,uniform,0,0
2025-10-29T14:36:29.704826,PUBLISH,39aa22006616432b9d1884adb3127546,68f2d95bd190740cfd6a3bb8,ENQUEUED,0.380881274631407,questions_in,fifo,uniform,0,0
2025-10-29T14:36:29.822272,PUBLISH,65d49a3d50a94853911bab535c2f0388,68f2d95bd190740cfd6a3f2c,ENQUEUED,0.11211931611495217,questions_in,fifo,uniform,0,0
2025-10-29T14:36:30.122820,PUBLISH,f6d635af8855451f83b8b36e036e1446,68f2d95bd190740cfd6a309e,ENQUEUED,0.29499169130117664,questions_in,fifo,uniform,0,0
2025-10-29T14:36:30.542269,PUBLISH,7b894e1248ae4c85a0fd86be33ecfc62,68f2d95bd190740cfd6a2497,ENQUEUED,0.4174777489341741,questions_in,fifo,uniform,0,0
2025-10-29T14:36:30.805438,PUBLISH,992d130b0d384ac983df61413016cafd,68f2d95bd190740cfd6a3c10,ENQUEUED,0.2576323596114334,questions_in,fifo,uniform,0,0
2025-10-29T14:36:30.941634,PUBLISH,4f34565fb4ae4ede969978ae15ac0788,68f2d95bd190740cfd6a236f,ENQUEUED,0.12989044328209123,questions_in,fifo,uniform,0,0
2025-10-29T14:36:31.057775,PUBLISH,6faea257cb4c42aeaea013b61611d26f,68f2d95bd190740cfd6a1b4d,ENQUEUED,0.11010035263705747,questions_in,fifo,uniform,0,0
2025-10-29T14:36:31.535022,PUBLISH,e78f6d678692437c8061b1eea8615f48,68f2d95bd190740cfd6a410f,ENQUEUED,0.4714275964698891,questions_in,fifo,uniform,0,0
2025-10-29T14:36:32.031362,PUBLISH,ef5a2c9febe048f19e4e05525b7f81b7,68f2d95bd190740cfd6a3a6b,ENQUEUED,0.49080158506979044,questions_in,fifo,uniform,0,0
2025-10-29T14:36:32.318437,PUBLISH,e679e4724d2e4542a6238d503f1444bc,68f2d95bd190740cfd6a2a2d,ENQUEUED,0.28069657133247705,questions_in,fifo,uniform,0,0
2025-10-29T14:36:32.497430,PUBLISH,05b07681708546a5ab24067b94652a7d,68f2d95bd190740cfd6a22bb,ENQUEUED,0.17326084719074789,questions_in,fifo,uniform,0,0
2025-10-29T14:36:32.944015,PUBLISH,d57a4430226a4a248fb81355c52f304d,68f2d95bd190740cfd6a2693,ENQUEUED,0.44076491459937184,questions_in,fifo,uniform,0,0
2025-10-29T14:36:33.060555,PUBLISH,11af8122e1d24860a411b31fe6d7fbc6,68f2d95bd190740cfd6a29d7,ENQUEUED,0.11004668648640213,questions_in,fifo,uniform,0,0
2025-10-29T14:36:33.243528,PUBLISH,d05bee5e56df438eaae6b3ca6b92ccc9,68f2d95bd190740cfd6a2324,ENQUEUED,0.17740014208885452,questions_in,fifo,uniform,0,0
2025-10-29T14:36:33.712330,PUBLISH,448cf4d8518741998dd63ccde94c583d,68f2d95bd190740cfd6a1f7f,ENQUEUED,0.46648173120301617,questions_in,fifo,uniform,0,0
2025-10-29T14:36:34.149710,PUBLISH,c79f5b1d18f0452c845c7e6313f5d99b,68f2d95bd190740cfd6a3a20,ENQUEUED,0.43101479494606565,questions_in,fifo,uniform,0,0
2025-10-29T14:36:34.268019,PUBLISH,8510cfa147d54fdd8116245345c110d5,68f2d95bd190740cfd6a2a94,ENQUEUED,0.1124004276384567,questions_in,fifo,uniform,0,0
2025-10-29T14:36:34.563568,PUBLISH,c312196beed448c782f34e0b52c233ad,68f2d95bd190740cfd6a2d59,ENQUEUED,0.29397987449810414,questions_in,fifo,uniform,0,0
2025-10-29T14:36:34.728186,PUBLISH,9fc1c4be8d054d81afc1a81947de9252,68f2d95bd190740cfd6a3917,ENQUEUED,0.15884042500833417,questions_in,fifo,uniform,0,0
2025-10-29T14:36:35.087361,PUBLISH,2809cbab23e6407fa21133177f3e9203,68f2d95bd190740cfd6a25c5,ENQUEUED,0.3531227053243763,questions_in,fifo,uniform,0,0
2025-10-29T14:36:35.219633,PUBLISH,911dfcae4e1f4907b8280c4d3a889ade,68f2d95bd190740cfd6a4056,ENQUEUED,0.1268790758925379,questions_in,fifo,uniform,0,0
2025-10-29T14:36:35.344355,PUBLISH,bdca0d113f2f40e7bd75827424557ab2,68f2d95bd190740cfd6a2ad0,ENQUEUED,0.11888950017891645,questions_in,fifo,uniform,0,0
2025-10-29T14:36:35.754465,PUBLISH,be4d55dcf9d1428892735b7618b9cbd4,68f2d95bd190740cfd6a36d0,ENQUEUED,0.40417084921721147,questions_in,fifo,uniform,0,0
2025-10-29T14:36:36.220910,PUBLISH,2a3f768b3688421bac78c5b35d94f259,68f2d95bd190740cfd6a205f,ENQUEUED,0.46053009425130964,questions_in,fifo,uniform,0,0
2025-10-29T14:36:36.404575,PUBLISH,1eaf09a281c74e91b0f59f066559940e,68f2d95bd190740cfd6a3e5d,ENQUEUED,0.17749522873128903,questions_in,fifo,uniform,0,0
2025-10-29T14:36:36.571387,PUBLISH,698f5beffd054f7e8fa39b919365db32,68f2d95bd190740cfd6a2e6c,ENQUEUED,0.16168176457017058,questions_in,fifo,uniform,0,0
2025-10-29T14:36:36.769376,PUBLISH,27a3d373f619452f82538a743fac41dc,68f2d95bd190740cfd6a358e,ENQUEUED,0.19644474396640166,questions_in,fifo,uniform,0,0
2025-10-29T14:36:37.215387,PUBLISH,e3676e876dc9468bae84ed3e81aeca90,68f2d95bd190740cfd6a388d,ENQUEUED,0.4400512511645226,questions_in,fifo,uniform,0,0
2025-10-29T14:36:37.624959,PUBLISH,4e6142667a6e49feb58a2ecf33ec9c7b,68f2d95bd190740cfd6a381d,ENQUEUED,0.4040712515587983,questions_in,fifo,uniform,0,0
2025-10-29T14:36:37.838740,PUBLISH,b8337fddb31d4df1b7fd9489ba64fdb6,68f2d95bd190740cfd6a341e,ENQUEUED,0.2066691926255572,questions_in,fifo,uniform,0,0
2025-10-29T14:36:38.222204,PUBLISH,a4d786b394a448a4980d5e9e1e2a2457,68f2d95bd190740cfd6a2e03,ENQUEUED,0.3767017241791708,questions_in,fifo,uniform,0,0
2025-10-29T14:36:38.602882,PUBLISH,bd7accc88add4f5ba8771ee6a6383a54,68f2d95bd190740cfd6a3dd9,ENQUEUED,0.3756121559291097,questions_in,fifo,uniform,0,0
2025-10-29T14:36:38.852771,PUBLISH,729151c6b7e3461896d5e1d4f5847720,68f2d95bd190740cfd6a3e08,ENQUEUED,0.2451016090854767,questions_in,fifo,uniform,0,0
2025-10-29T14:36:39.018786,PUBLISH,c01feddf3e0844e3905af48a0eec777f,68f2d95bd190740cfd6a3ff2,ENQUEUED,0.16066296082829648,questions_in,fifo,uniform,0,0
2025-10-29T14:36:39.431723,PUBLISH,8735f36a602c4f65a249c6bd9aa4501f,68f2d95bd190740cfd6a3b91,ENQUEUED,0.40739290246710536,questions_in,fifo,uniform,0,0
2025-10-29T14:36:39.792590,PUBLISH,f1aaa93c26474410b26afccdc9c592f3,68f2d95bd190740cfd6a41ca,ENQUEUED,0.35537454845862426,questions_in,fifo,uniform,0,0
2025-10-29T14:36:39.971424,PUBLISH,1bdd6ee8a4b44a7b8d69b5a1c32ea539,68f2d95bd190740cfd6a370c,ENQUEUED,0.17352114172619548,questions_in,fifo,uniform,0,0
2025-10-29T14:36:40.156234,PUBLISH,1056aa5f1b524d6bb556dd2a116da867,68f2d95bd190740cfd6a1e0c,ENQUEUED,0.17799142379614064,questions_in,fifo,uniform,0,0
2025-10-29T14:36:40.352214,PUBLISH,0e18b2eba0634d95bdd8eece7156ab27,68f2d95bd190740cfd6a2d97,ENQUEUED,0.1905792400244594,questions_in,fifo,uniform,0,0
2025-10-29T14:36:40.691334,PUBLISH,c2a70e632692446fbf8a4b8290ac6faa,68f2d95bd190740cfd6a3f44,ENQUEUED,0.33765440756973575,questions_in,fifo,uniform,0,0
2025-10-29T14:36:40.924946,PUBLISH,0c0a03b0c4064b6dbd8e4ba41aae078a,68f2d95bd190740cfd6a35c4,ENQUEUED,0.22798116501389268,questions_in,fifo,uniform,0,0
2025-10-29T14:36:41.176056,PUBLISH,c7b4c39c92eb4ab1bf2997522ad4cccf,68f2d95bd190740cfd6a3ad2,ENQUEUED,0.2445736236245158,questions_in,fifo,uniform,0,0
2025-10-29T14:36:41.497241,PUBLISH,742d0f0b56414333b1aec6b05dddc2be,68f2d95bd190740cfd6a2928,ENQUEUED,0.31579520213210027,questions_in,fifo,uniform,0,0
2025-10-29T14:36:41.733091,PUBLISH,abf0f0c021884bc789b64cdfabc211e9,68f2d95bd190740cfd6a21c6,ENQUEUED,0.2293117246278248,questions_in,fifo,uniform,0,0
2025-10-29T14:36:42.182041,PUBLISH,cdc3121516d341298196bb7ca25e82c9,68f2d95bd190740cfd6a34a0,ENQUEUED,0.44297214199321855,questions_in,fifo,uniform,0,0
2025-10-29T14:36:42.674165,PUBLISH,ef83ce300ff140e8974332775b24eb24,68f2d95bd190740cfd6a2e6f,ENQUEUED,0.4865876643145687,questions_in,fifo,uniform,0,0
2025-10-29T14:36:43.127473,PUBLISH,e7c094626fe44b6b8c93c2ee497ff39e,68f2d95bd190740cfd6a35b8,ENQUEUED,0.4473665267946454,questions_in,fifo,uniform,0,0
2025-10-29T14:36:43.575390,PUBLISH,ccb0579f1f004be1ba309c4e47dae0d5,68f2d95bd190740cfd6a3be4,ENQUEUED,0.44214014092227094,questions_in,fifo,uniform,0,0
2025-10-29T14:36:43.797537,PUBLISH,7e4272b4031a423c9762a1ef472f2ab2,68f2d95bd190740cfd6a37b2,ENQUEUED,0.22074091689425068,questions_in,fifo,uniform,0,0
2025-10-29T14:36:44.250060,PUBLISH,9690df83474e458e80c888bda8bbdd23,68f2d95bd190740cfd6a3467,ENQUEUED,0.4468205729006399,questions_in,fifo,uniform,0,0
2025-10-29T14:36:44.629193,PUBLISH,0d8b9f2575114856b2908e31fb5d9ce9,68f2d95bd190740cfd6a1d59,ENQUEUED,0.3735502236973759,questions_in,fifo,uniform,0,0
2025-10-29T14:36:44.984818,PUBLISH,37f35f0bd97549c69db67e3dcab4a58a,68f2d95bd190740cfd6a1d8d,ENQUEUED,0.34999331952396273,questions_in,fifo,uniform,0,0
2025-10-29T14:36:45.233860,PUBLISH,702b8f57a9384c1a8d363b77a500d329,68f2d95bd190740cfd6a2275,ENQUEUED,0.24346693020866234,questions_in,fifo,uniform,0,0
2025-10-29T14:36:45.373952,PUBLISH,b7ca055818d947ca8ee8a52c450f1790,68f2d95bd190740cfd6a4161,ENQUEUED,0.13422492331501737,questions_in,fifo,uniform,0,0
2025-10-29T14:36:45.514320,PUBLISH,457a27fbfa73423aa5886c790b5e9eb1,68f2d95bd190740cfd6a3365,ENQUEUED,0.13352213709295066,questions_in,fifo,uniform,0,0
2025-10-29T14:36:45.942309,PUBLISH,04f6cf3f53254d868e1f41ccdcb329d7,68f2d95bd190740cfd6a3c5b,ENQUEUED,0.42232919271187097,questions_in,fifo,uniform,0,0
2025-10-29T14:36:46.171076,PUBLISH,21505ab4a72a45e1943836c4243c434b,68f2d95bd190740cfd6a1ba4,ENQUEUED,0.22732880731039873,questions_in,fifo,uniform,0,0
2025-10-29T14:36:46.457331,PUBLISH,1e4789dd3e2645519dadf93023cd3aea,68f2d95bd190740cfd6a2bf1,ENQUEUED,0.279849231347454,questions_in,fifo,uniform,0,0
2025-10-29T14:36:46.881296,PUBLISH,61fbca4420764fb6bbaeafa4dd84bfa6,68f2d95bd190740cfd6a28ca,ENQUEUED,0.4224877715346099,questions_in,fifo,uniform,0,0
2025-10-29T14:36:47.041106,PUBLISH,f9c5cd3d14e1423e835fd2b35b1dc947,68f2d95bd190740cfd6a1b8a,ENQUEUED,0.15364329775282304,questions_in,fifo,uniform,0,0
2025-10-29T14:36:47.386612,PUBLISH,7d6719993a9149c4b5b955512cf4b08b,68f2d95bd190740cfd6a29a7,ENQUEUED,0.33959316604642475,questions_in,fifo,uniform,0,0
2025-10-29T14:36:47.811638,PUBLISH,03f1b6bc8371450a942213da51fe4ec0,68f2d95bd190740cfd6a3cc1,ENQUEUED,0.41887360117886996,questions_in,fifo,uniform,0,0
2025-10-29T14:36:48.238343,PUBLISH,e49eb2b7f3cd42ef82535f78227d3609,68f2d95bd190740cfd6a39f7,ENQUEUED,0.4209019911889006,questions_in,fifo,uniform,0,0
2025-10-29T14:36:48.362019,PUBLISH,07b78034846049d884a99cedab5abd69,68f2d95bd190740cfd6a3df4,ENQUEUED,0.11847077590703062,questions_in,fifo,uniform,0,0
2025-10-29T14:36:48.627198,PUBLISH,2bde8b2e2895489d958968cc70f40bb3,68f2d95bd190740cfd6a3c7d,ENQUEUED,0.2582543167046,questions_in,fifo,uniform,0,0
2025-10-29T14:36:48.738822,PUBLISH,7218307209044a0d892bc18414547286,68f2d95bd190740cfd6a23fd,ENQUEUED,0.10625651562170871,questions_in,fifo,uniform,0,0
2025-10-29T14:36:49.137387,PUBLISH,9d025ba3e8944171825604a08428c229,68f2d95bd190740cfd6a3bf5,ENQUEUED,0.3922901032818078,questions_in,fifo,uniform,0,0
2025-10-29T14:36:49.558564,PUBLISH,f75a34f37d14470194159cc4ae80a5d0,68f2d95bd190740cfd6a20fe,ENQUEUED,0.41903768985511347,questions_in,fifo,uniform,0,0
2025-10-29T14:36:49.861453,PUBLISH,1ed7cfeab1214851bf06512172c831ac,68f2d95bd190740cfd6a3ffc,ENQUEUED,0.30095761043682684,questions_in,fifo,uniform,0,0
2025-10-29T14:36:50.134181,PUBLISH,c91289b2def84a588b247fbd2ceff1e3,68f2d95bd190740cfd6a3c33,ENQUEUED,0.27138558832943904,questions_in,fifo,uniform,0,0
2025-10-29T14:36:50.628988,PUBLISH,2b8945c7782a43b9a7946e8addc5b504,68f2d95bd190740cfd6a251d,ENQUEUED,0.4883886834429032,questions_in,fifo,uniform,0,0
2025-10-29T14:36:51.124269,PUBLISH,d2c159100c0b4ab3a3d29dda23c8096e,68f2d95bd190740cfd6a37e8,ENQUEUED,0.4889477397534653,questions_in,fifo,uniform,0,0
2025-10-29T14:36:51.256694,PUBLISH,5dacf6d809104fd59d6f3ddd1a451808,68f2d95bd190740cfd6a1e07,ENQUEUED,0.12614454487483706,questions_in,fifo,uniform,0,0
2025-10-29T14:36:51.735051,PUBLISH,7807179421e34b0ab25746f7dda28d70,68f2d95bd190740cfd6a1d84,ENQUEUED,0.4725406750885396,questions_in,fifo,uniform,0,0
2025-10-29T14:36:52.185380,PUBLISH,22968541a84e44ea8b4bac9eddfe38b4,68f2d95bd190740cfd6a3fdf,ENQUEUED,0.4446325970187337,questions_in,fifo,uniform,0,0
2025-10-29T14:36:52.351570,PUBLISH,85b585738912415981ed674449deceb2,68f2d95bd190740cfd6a3acb,ENQUEUED,0.16077872441717225,questions_in,fifo,uniform,0,0
2025-10-29T14:36:52.504938,PUBLISH,b69b46d0ace14be0879396cda487ac74,68f2d95bd190740cfd6a2fe1,ENQUEUED,0.14803282283322364,questions_in,fifo,uniform,0,0
2025-10-29T14:36:52.910879,PUBLISH,d29b30b1680c438796a3ed0f127927af,68f2d95bd190740cfd6a34c9,ENQUEUED,0.40018741411749137,questions_in,fifo,uniform,0,0
2025-10-29T14:36:53.268346,PUBLISH,19b6f0ba274d4f8b86d1301beb4d96fd,68f2d95bd190740cfd6a1c94,ENQUEUED,0.35193676690555786,questions_in,fifo,uniform,0,0
2025-10-29T14:36:53.636023,PUBLISH,7e1b9a3997fa4e0db4c721fb49a5432a,68f2d95bd190740cfd6a2c5f,ENQUEUED,0.36210146905611396,questions_in,fifo,uniform,0,0
2025-10-29T14:36:53.998887,PUBLISH,0962f3f9dc99440a9d11ea02529910d7,68f2d95bd190740cfd6a2993,ENQUEUED,0.35608802145082497,questions_in,fifo,uniform,0,0
2025-10-29T14:36:54.138386,PUBLISH,ae6ba05f8375477288dff3e916e66276,68f2d95bd190740cfd6a3400,ENQUEUED,0.1338820806830565,questions_in,fifo,uniform,0,0
2025-10-29T14:36:54.465036,PUBLISH,97e1e37473f347148a8678d8c315da2b,68f2d95bd190740cfd6a23c0,ENQUEUED,0.3209749198419561,questions_in,fifo,uniform,0,0
2025-10-29T14:36:54.677535,PUBLISH,5aa80a836ff84a02b7de14cb1cfe5d9d,68f2d95bd190740cfd6a1f31,ENQUEUED,0.20604958372406168,questions_in,fifo,uniform,0,0
2025-10-29T14:36:55.120294,PUBLISH,d0051cfd18044ef6a7752efb21175a25,68f2d95bd190740cfd6a2162,ENQUEUED,0.43702241285866494,questions_in,fifo,uniform,0,0
2025-10-29T14:36:55.506822,PUBLISH,742dea7b1ef1419f88cffcebe3e05764,68f2d95bd190740cfd6a3c5a,ENQUEUED,0.3797252930034508,questions_in,fifo,uniform,0,0
2025-10-29T14:36:55.625850,PUBLISH,47c67295980444a79d677caf39064ab3,68f2d95bd190740cfd6a3c98,ENQUEUED,0.11341724087396887,questions_in,fifo,uniform,0,0
2025-10-29T14:36:56.124960,PUBLISH,1a0e8ea2d0a847438ccbb7c244c8c56a,68f2d95bd190740cfd6a41b0,ENQUEUED,0.4933811236254887,questions_in,fifo,uniform,0,0
2025-10-29T14:36:56.300131,PUBLISH,63b2c76828a648f283148541f3ea71e8,68f2d95bd190740cfd6a277a,ENQUEUED,0.1694019484926954,questions_in,fifo,uniform,0,0
2025-10-29T14:36:56.702856,PUBLISH,6d47efd320024dc480dfd32b02aec1c8,68f2d95bd190740cfd6a2d8c,ENQUEUED,0.3969490569862698,questions_in,fifo,uniform,0,0
2025-10-29T14:36:57.009236,PUBLISH,d10b2b43a1704987b2b4538552fe0f02,68f2d95bd190740cfd6a3540,ENQUEUED,0.30382663652628106,questions_in,fifo,uniform,0,0
2025-10-29T14:36:57.500946,PUBLISH,1f05e402f04942438982dac451f996c6,68f2d95bd190740cfd6a32ec,ENQUEUED,0.4859533107044054,questions_in,fifo,uniform,0,0
2025-10-29T14:36:57.780068,PUBLISH,09b1c2bc319f4a09b28df7ecafbfe50d,68f2d95bd190740cfd6a3e64,ENQUEUED,0.2726661652867838,questions_in,fifo,uniform,0,0
2025-10-29T14:36:57.971639,PUBLISH,14310e1491504dd1801e953835977748,68f2d95bd190740cfd6a32c4,ENQUEUED,0.18503987798691923,questions_in,fifo,uniform,0,0
2025-10-29T14:36:58.473746,PUBLISH,e033fbe6937f4c73a28716c4179b2f08,68f2d95bd190740cfd6a1f51,ENQUEUED,0.49469696999353485,questions_in,fifo,uniform,0,0
2025-10-29T14:36:58.605219,PUBLISH,32bfd4ebe3d140be81d1cc880d32a983,68f2d95bd190740cfd6a1f7a,ENQUEUED,0.12468275028655103,questions_in,fifo,uniform,0,0
2025-10-29T14:36:58.998553,PUBLISH,e57204b75c4040218858802eea776a76,68f2d95bd190740cfd6a385a,ENQUEUED,0.3912814978953538,questions_in,fifo,uniform,0,0
2025-10-29T14:36:59.481733,PUBLISH,201aa22287fd4aa3b35a035ad5766313,68f2d95bd190740cfd6a20a7,ENQUEUED,0.4812378311762028,questions_in,fifo,uniform,0,0
2025-10-29T14:36:59.960324,PUBLISH,e0e1c6721e3a43f3b3831b9976957a66,68f2d95bd190740cfd6a2191,ENQUEUED,0.4714420544655641,questions_in,fifo,uniform,0,0
2025-10-29T14:37:00.215785,PUBLISH,e2b01df87a754385bbbec79db224b644,68f2d95bd190740cfd6a2450,ENQUEUED,0.24953299125015233,questions_in,fifo,uniform,0,0
2025-10-29T14:37:00.658161,PUBLISH,2382c5224a6046f6bce02f18c8df0483,68f2d95bd190740cfd6a24ae,ENQUEUED,0.43668014579822345,questions_in,fifo,uniform,0,0
2025-10-29T14:37:01.055136,PUBLISH,63289fbae9564a29b7690165593179f2,68f2d95bd190740cfd6a3653,ENQUEUED,0.3911072855427231,questions_in,fifo,uniform,0,0
2025-10-29T14:37:01.444179,PUBLISH,3016ce8fa73d4e1984ca0922dbd9070e,68f2d95bd190740cfd6a2e80,ENQUEUED,0.38344470453618607,questions_in,fifo,uniform,0,0
2025-10-29T14:37:01.614349,PUBLISH,742e1fff761d445f9866663fe19e934d,68f2d95bd190740cfd6a1cde,ENQUEUED,0.1644990506265212,questions_in,fifo,uniform,0,0
2025-10-29T14:37:01.858008,PUBLISH,bdc9f6bb01174df1b13d0234efbea2f2,68f2d95bd190740cfd6a20a9,ENQUEUED,0.2381122363443592,questions_in,fifo,uniform,0,0
2025-10-29T14:37:02.302828,PUBLISH,116770e3795a4eb5944b302b46e91c3e,68f2d95bd190740cfd6a2f25,ENQUEUED,0.4392524609768672,questions_in,fifo,uniform,0,0
2025-10-29T14:37:02.625926,PUBLISH,2f418758580547dbabc7a5f64d609ebc,68f2d95bd190740cfd6a265b,ENQUEUED,0.3214954354004679,questions_in,fifo,uniform,0,0
2025-10-29T14:37:02.899465,PUBLISH,060d47a0780a48a0939078198f9d4430,68f2d95bd190740cfd6a415b,ENQUEUED,0.26808531981971884,questions_in,fifo,uniform,0,0
2025-10-29T14:37:03.012134,PUBLISH,c78cd1d1225442668fde22c6708fbc7b,68f2d95bd190740cfd6a40e7,ENQUEUED,0.1066893356996102,questions_in,fifo,uniform,0,0
2025-10-29T14:37:03.357830,PUBLISH,ead40a2c0ad34d2bbea26b48cd74357f,68f2d95bd190740cfd6a360c,ENQUEUED,0.3399218739269881,questions_in,fifo,uniform,0,0
2025-10-29T14:37:03.567571,PUBLISH,38290bfd008f495389ec1b0b8ef007a4,68f2d95bd190740cfd6a3ded,ENQUEUED,0.20433619155095695,questions_in,fifo,uniform,0,0
2025-10-29T14:37:03.775033,PUBLISH,6eeeeae54632413ba2972a9fae295f6d,68f2d95bd190740cfd6a2c67,ENQUEUED,0.20123712632821375,questions_in,fifo,uniform,0,0
2025-10-29T14:37:03.935769,PUBLISH,0f56642189af4018b18d199bd4479c46,68f2d95bd190740cfd6a25df,ENQUEUED,0.1553579900570402,questions_in,fifo,uniform,0,0
2025-10-29T14:37:04.292794,PUBLISH,98ca8c146b7f48d79bb2f4ebe4b439cf,68f2d95bd190740cfd6a3283,ENQUEUED,0.3515893730329468,questions_in,fifo,uniform,0,0
2025-10-29T14:37:04.582929,PUBLISH,fec7a8e4c2544a5589b7b8aaa3e7a3d1,68f2d95bd190740cfd6a3065,ENQUEUED,0.2845511818494352,questions_in,fifo,uniform,0,0
2025-10-29T14:37:04.816487,PUBLISH,2aef2f45194a4b1db546cf8dd7750427,68f2d95bd190740cfd6a2384,ENQUEUED,0.2275475248927112,questions_in,fifo,uniform,0,0
2025-10-29T14:37:05.020352,PUBLISH,5eff64034ec54ee58651403299b0b5db,68f2d95bd190740cfd6a36ed,ENQUEUED,0.19834860689333078,questions_in,fifo,uniform,0,0
2025-10-29T14:37:05.134217,PUBLISH,7c9979ce65c64ab2b32112f37538e068,68f2d95bd190740cfd6a3120,ENQUEUED,0.10843930022900153,questions_in,fifo,uniform,0,0
2025-10-29T14:37:05.465325,PUBLISH,7090a3ca7b8a4daca45f2bd8a917b3fa,68f2d95bd190740cfd6a38f4,ENQUEUED,0.3253109303346065,questions_in,fifo,uniform,0,0
2025-10-29T14:37:05.709423,PUBLISH,a698dfc2a07e420090e9da3e2a0fc3aa,68f2d95bd190740cfd6a296e,ENQUEUED,0.23816558693895346,questions_in,fifo,uniform,0,0
2025-10-29T14:37:05.991815,PUBLISH,335248f9e6fd4dec9310fe406ca5116a,68f2d95bd190740cfd6a397c,ENQUEUED,0.2766601344714862,questions_in,fifo,uniform,0,0
2025-10-29T14:37:06.299423,PUBLISH,b46d8587ffde4718bb793ccdfe4d6a94,68f2d95bd190740cfd6a389f,ENQUEUED,0.3021770797495703,questions_in,fifo,uniform,0,0
2025-10-29T14:37:06.712356,PUBLISH,3e4450e404184516b8552d4ecd57aced,68f2d95bd190740cfd6a3cdc,ENQUEUED,0.40712613303797707,questions_in,fifo,uniform,0,0
2025-10-29T14:37:07.190173,PUBLISH,6242ddeac56d4da1ae13657461fc9d03,68f2d95bd190740cfd6a1c42,ENQUEUED,0.47266993542227087,questions_in,fifo,uniform,0,0
2025-10-29T14:37:07.345668,PUBLISH,e8826d90726943e78f13739d5f30c23a,68f2d95bd190740cfd6a32d4,ENQUEUED,0.1500423097117357,questions_in,fifo,uniform,0,0
2025-10-29T14:37:07.465268,PUBLISH,550a6766f3e94dd7aa237ff8f281b391,68f2d95bd190740cfd6a1af1,ENQUEUED,0.1139491732693616,questions_in,fifo,uniform,0,0
2025-10-29T14:37:07.646173,PUBLISH,5315f56ba52341cf8bc28504aa914392,68f2d95bd190740cfd6a3c73,ENQUEUED,0.17482635476501474,questions_in,fifo,uniform,0,0
2025-10-29T14:37:08.094826,PUBLISH,2b0541b2adc24339bfd53f29136730ec,68f2d95bd190740cfd6a3d7b,ENQUEUED,0.4426651510634154,questions_in,fifo,uniform,0,0
2025-10-29T14:37:08.550334,PUBLISH,9e27d2d17ebf423c89859f36c0641697,68f2d95bd190740cfd6a3abc,ENQUEUED,0.44904633914978487,questions_in,fifo,uniform,0,0
2025-10-29T14:37:08.946250,PUBLISH,23b82b1aed734e08a262a71b5483d8a3,68f2d95bd190740cfd6a39e1,ENQUEUED,0.3886421360999073,questions_in,fifo,uniform,0,0
2025-10-29T14:37:09.441367,PUBLISH,8cd1a518adfd4dc289d02c57210c148b,68f2d95bd190740cfd6a2be3,ENQUEUED,0.4888466390980951,questions_in,fifo,uniform,0,0
2025-10-29T14:37:09.920128,PUBLISH,b439eecf5a364c4c959593c8378b8cbc,68f2d95bd190740cfd6a1b09,ENQUEUED,0.47280366672304186,questions_in,fifo,uniform,0,0
2025-10-29T14:37:10.362253,PUBLISH,06922b87e5af41929f8d6ce190105829,68f2d95bd190740cfd6a1e06,ENQUEUED,0.43578293347620944,questions_in,fifo,uniform,0,0
2025-10-29T14:37:10.790603,PUBLISH,1c9f4ea0d5454ea081e62fd6a67bd514,68f2d95bd190740cfd6a1bcf,ENQUEUED,0.4213126545856215,questions_in,fifo,uniform,0,0
2025-10-29T14:37:10.991815,PUBLISH,a154b02414c7425dbd351febab2aa550,68f2d95bd190740cfd6a2ee2,ENQUEUED,0.19529553905489877,questions_in,fifo,uniform,0,0
2025-10-29T14:37:11.412161,PUBLISH,ff41b09f7b9d4a989f4f17eaeba69971,68f2d95bd190740cfd6a3e93,ENQUEUED,0.41436467454765624,questions_in,fifo,uniform,0,0
2025-10-29T14:37:11.637676,PUBLISH,5fa7ccfad4f64b639724989fd06f244c,68f2d95bd190740cfd6a3a0c,ENQUEUED,0.21966108944338725,questions_in,fifo,uniform,0,0
2025-10-29T14:37:11.893548,PUBLISH,69d3ad1e715541aeaa6f46a2e0100e8a,68f2d95bd190740cfd6a284c,ENQUEUED,0.24898634931535116,questions_in,fifo,uniform,0,0
2025-10-29T14:37:12.336548,PUBLISH,c968538d33744f3e87ebfe1dd4125cbb,68f2d95bd190740cfd6a32b9,ENQUEUED,0.43700054884676043,questions_in,fifo,uniform,0,0
2025-10-29T14:37:12.467040,PUBLISH,f2ea10e8170448b8a7400bc574b51112,68f2d95bd190740cfd6a1c84,ENQUEUED,0.12508532578505194,questions_in,fifo,uniform,0,0
2025-10-29T14:37:12.723929,PUBLISH,d1c7cf9f8e0a452d871f4a765cce61db,68f2d95bd190740cfd6a2767,ENQUEUED,0.25141827643203296,questions_in,fifo,uniform,0,0
2025-10-29T14:37:12.946058,PUBLISH,33dfd5065a0141259fea6a8a5094481e,68f2d95bd190740cfd6a2bd1,ENQUEUED,0.21671649350038355,questions_in,fifo,uniform,0,0
2025-10-29T14:37:13.338584,PUBLISH,87840c4cc2b64eddbb90514946f99459,68f2d95bd190740cfd6a323a,ENQUEUED,0.38560184974971423,questions_in,fifo,uniform,0,0
2025-10-29T14:37:13.574256,PUBLISH,3579cc4246314c7986a66a1d93b5ccf3,68f2d95bd190740cfd6a37d0,ENQUEUED,0.2267539037164022,questions_in,fifo,uniform,0,0
2025-10-29T14:37:13.933370,PUBLISH,dd526bfac66643edb169f3ebe0bcf8dd,68f2d95bd190740cfd6a2f3f,ENQUEUED,0.3536840097480115,questions_in,fifo,uniform,0,0
2025-10-29T14:37:14.231701,PUBLISH,9f9ab68924744bb9bd20ff6eba8a48d0,68f2d95bd190740cfd6a3d6a,ENQUEUED,0.2967296333801023,questions_in,fifo,uniform,0,0
2025-10-29T14:37:14.509693,PUBLISH,6af8d28118244a4dab2925844fa4c97d,68f2d95bd190740cfd6a1bc1,ENQUEUED,0.2727564949241438,questions_in,fifo,uniform,0,0
2025-10-29T14:37:14.789624,PUBLISH,8dd7b889a1e44127adcc508f78a3d788,68f2d95bd190740cfd6a2d88,ENQUEUED,0.2783637282476062,questions_in,fifo,uniform,0,0
2025-10-29T14:37:15.041298,PUBLISH,89b4984915f94a6b8de1669c66f3707d,68f2d95bd190740cfd6a2865,ENQUEUED,0.24607545843707468,questions_in,fifo,uniform,0,0
2025-10-29T14:37:15.402400,PUBLISH,dba484d8443546579e064a6862f20c7f,68f2d95bd190740cfd6a3de9,ENQUEUED,0.35512761791619396,questions_in,fifo,uniform,0,0
2025-10-29T14:37:15.536448,PUBLISH,313f6c9c489948a7adaab927eeb068f2,68f2d95bd190740cfd6a3729,ENQUEUED,0.1275192229940946,questions_in,fifo,uniform,0,0
2025-10-29T14:37:15.775407,PUBLISH,f532a714a3ab4df7a061e14f974dc8f4,68f2d95bd190740cfd6a2a8b,ENQUEUED,0.23287475119756174,questions_in,fifo,uniform,0,0
2025-10-29T14:37:15.998143,PUBLISH,603799a641c44e398a53fd467d33fc9f,68f2d95bd190740cfd6a26b7,ENQUEUED,0.21736755799750607,questions_in,fifo,uniform,0,0
2025-10-29T14:37:16.372617,PUBLISH,53de618527d74b50af66f2b566e481e6,68f2d95bd190740cfd6a3336,ENQUEUED,0.3691875325986327,questions_in,fifo,uniform,0,0
2025-10-29T14:37:16.613455,PUBLISH,672df1cfe5d54c0ca50358b40c4fbb77,68f2d95bd190740cfd6a3000,ENQUEUED,0.23484504298240416,questions_in,fifo,uniform,0,0
2025-10-29T14:37:17.044995,PUBLISH,006fa8d9d746419f9d45035a632f49c5,68f2d95bd190740cfd6a1ea4,ENQUEUED,0.426246896277904,questions_in,fifo,uniform,0,0
2025-10-29T14:37:17.171227,PUBLISH,51fe2bf4e1ef4ed2aa42d8e00b9535fe,68f2d95bd190740cfd6a1b10,ENQUEUED,0.12093549795998731,questions_in,fifo,uniform,0,0
2025-10-29T14:37:17.523690,PUBLISH,f16e856d2466446e87cde3fc25bdec23,68f2d95bd190740cfd6a3cfd,ENQUEUED,0.3492072823255661,questions_in,fifo,uniform,0,0
2025-10-29T14:37:17.982806,PUBLISH,486c4487178a42a29c88f66d6260a025,68f2d95bd190740cfd6a2339,ENQUEUED,0.45237790313020654,questions_in,fifo,uniform,0,0
2025-10-29T14:37:18.270553,PUBLISH,612683d80872473493c28ebd3a2b11be,68f2d95bd190740cfd6a29b7,ENQUEUED,0.2859246284382482,questions_in,fifo,uniform,0,0
2025-10-29T14:37:18.429436,PUBLISH,ae9275f4a91e4114905998b1884d64bb,68f2d95bd190740cfd6a1d89,ENQUEUED,0.1534889224585433,questions_in,fifo,uniform,0,0
2025-10-29T14:37:18.697162,PUBLISH,5fec2f895b9f43aa8f7652c03dacbcbc,68f2d95bd190740cfd6a2417,ENQUEUED,0.26237161497997796,questions_in,fifo,uniform,0,0
2025-10-29T14:37:19.156703,PUBLISH,74c9c22530b749f0aba1b8acc311e30b,68f2d95bd190740cfd6a41b2,ENQUEUED,0.4539208914580377,questions_in,fifo,uniform,0,0
2025-10-29T14:37:19.322949,PUBLISH,a68b1e4f1229449a89065bdb95a6798d,68f2d95bd190740cfd6a2d40,ENQUEUED,0.1592117460408149,questions_in,fifo,uniform,0,0
2025-10-29T14:37:19.782179,PUBLISH,c25a2ab094b84827a061e5e85d70d1a0,68f2d95bd190740cfd6a1d57,ENQUEUED,0.4528535159806505,questions_in,fifo,uniform,0,0
2025-10-29T14:37:19.978911,PUBLISH,5bd7226c6cf24a49963070d0fefd9233,68f2d95bd190740cfd6a3d79,ENQUEUED,0.1912861630622775,questions_in,fifo,uniform,0,0
2025-10-29T14:37:20.308764,PUBLISH,0d230e9aaf6c4fa5af43e4306024912f,68f2d95bd190740cfd6a2bc3,ENQUEUED,0.3232690357808452,questions_in,fifo,uniform,0,0
2025-10-29T14:37:20.657153,PUBLISH,f576128d04c3426d84f5bbc1e331a9b9,68f2d95bd190740cfd6a3d84,ENQUEUED,0.342832390784374,questions_in,fifo,uniform,0,0
2025-10-29T14:37:21.105496,PUBLISH,1fd88dcc228a449fb909ad1182d19649,68f2d95bd190740cfd6a3a2b,ENQUEUED,0.44106026963842404,questions_in,fifo,uniform,0,0
2025-10-29T14:37:21.345508,PUBLISH,30b0c61ee7ec41bbb26fd7d0e80bc0b8,68f2d95bd190740cfd6a32c6,ENQUEUED,0.23268014792780117,questions_in,fifo,uniform,0,0
2025-10-29T14:37:21.822308,PUBLISH,64bf5b8fcd59496c91bf931e684f9b53,68f2d95bd190740cfd6a1f5f,ENQUEUED,0.47068158079369415,questions_in,fifo,uniform,0,0
2025-10-29T14:37:22.156485,PUBLISH,be5e73ea91214f8986b6df3c6c2bc301,68f2d95bd190740cfd6a2c1f,ENQUEUED,0.32685917766270706,questions_in,fifo,uniform,0,0
2025-10-29T14:37:22.292185,PUBLISH,20caaaaf36ec4449a461ee309327d40b,68f2d95bd190740cfd6a21d2,ENQUEUED,0.12955260315422623,questions_in,fifo,uniform,0,0
2025-10-29T14:37:22.776803,PUBLISH,18f468d331844ab8a27c98c3974cfe70,68f2d95bd190740cfd6a3f8d,ENQUEUED,0.47802574912219775,questions_in,fifo,uniform,0,0
2025-10-29T14:37:23.092004,PUBLISH,de3dcfb27d5c45908f2eaa6e3cdc1f30,68f2d95bd190740cfd6a33c6,ENQUEUED,0.3098771723775159,questions_in,fifo,uniform,0,0
2025-10-29T14:37:23.394948,PUBLISH,eacee13528ad4424be04ebc2082bef56,68f2d95bd190740cfd6a3150,ENQUEUED,0.29745817341648384,questions_in,fifo,uniform,0,0
2025-10-29T14:37:23.703359,PUBLISH,e0b50aff9fc4409cbd6fb6a8e8073750,68f2d95bd190740cfd6a36c6,ENQUEUED,0.30671997333007694,questions_in,fifo,uniform,0,0
2025-10-29T14:37:23.830850,PUBLISH,5b9e1f4afb4c4dc3bea2bb7b5d95370c,68f2d95bd190740cfd6a20f8,ENQUEUED,0.12131667848961905,questions_in,fifo,uniform,0,0
2025-10-29T14:37:24.008487,PUBLISH,de3eec5ed79f4d84ae4962781c1cfee1,68f2d95bd190740cfd6a2377,ENQUEUED,0.17596744198080613,questions_in,fifo,uniform,0,0
2025-10-29T14:37:24.307366,PUBLISH,5f53a1368f58437088c046f8e1c3d99c,68f2d95bd190740cfd6a2539,ENQUEUED,0.29290576780617555,questions_in,fifo,uniform,0,0
2025-10-29T14:37:24.570178,PUBLISH,a203c1f3b45148878c9f210b075ce2f5,68f2d95bd190740cfd6a2a1a,ENQUEUED,0.25725624203733727,questions_in,fifo,uniform,0,0
2025-10-29T14:37:24.731700,PUBLISH,175dd95b5a3949559063e15ef4b8c340,68f2d95bd190740cfd6a2bdc,ENQUEUED,0.15639657451758673,questions_in,fifo,uniform,0,0
2025-10-29T14:37:24.861820,PUBLISH,c08729bd17ff4dde9bb8517af0febb35,68f2d95bd190740cfd6a3c3e,ENQUEUED,0.12454705449211212,questions_in,fifo,uniform,0,0
2025-10-29T14:37:25.290689,PUBLISH,c348aa361f53454483477b4130207432,68f2d95bd190740cfd6a1e0f,ENQUEUED,0.42319769376430527,questions_in,fifo,uniform,0,0
2025-10-29T14:37:25.676932,PUBLISH,b514e6ae87d042ad8972dd5d72d0d020,68f2d95bd190740cfd6a1ee4,ENQUEUED,0.38378247259752307,questions_in,fifo,uniform,0,0
2025-10-29T14:37:26.158574,PUBLISH,5d200c56009d4c7799c015069e4bf8b6,68f2d95bd190740cfd6a372d,ENQUEUED,0.4757362476058853,questions_in,fifo,uniform,0,0
2025-10-29T14:37:26.613391,PUBLISH,c0e1431c28774f9994986d4da9135b52,68f2d95bd190740cfd6a2bf0,ENQUEUED,0.4486793660548256,questions_in,fifo,uniform,0,0
2025-10-29T14:37:27.011930,PUBLISH,db75483b24d5403badc296f5eedc923b,68f2d95bd190740cfd6a2a7e,ENQUEUED,0.3925750332830411,questions_in,fifo,uniform,0,0
2025-10-29T14:37:27.157345,PUBLISH,c7d7364170254616812300e6da5b8265,68f2d95bd190740cfd6a2868,ENQUEUED,0.13964138244039026,questions_in,fifo,uniform,0,0
2025-10-29T14:37:27.519258,PUBLISH,6a4e96583ea14a72802542fa25d78cc3,68f2d95bd190740cfd6a3849,ENQUEUED,0.35613946323611423,questions_in,fifo,uniform,0,0
2025-10-29T14:37:27.766210,PUBLISH,b1d375fb361041c2ba30921532c3f45c,68f2d95bd190740cfd6a4069,ENQUEUED,0.2412877850691972,questions_in,fifo,uniform,0,0
2025-10-29T14:37:28.248276,PUBLISH,34e466489b2b4110a657cd80d44c5967,68f2d95bd190740cfd6a2443,ENQUEUED,0.4766443428820494,questions_in,fifo,uniform,0,0
2025-10-29T14:37:28.543276,PUBLISH,3a8a4173583545078392b041fce37f97,68f2d95bd190740cfd6a3810,ENQUEUED,0.289636985301139,questions_in,fifo,uniform,0,0
2025-10-29T14:37:28.866842,PUBLISH,4baedcf6a3cb4944a2fc40af95dabcaa,68f2d95bd190740cfd6a21a3,ENQUEUED,0.3178137286127022,questions_in,fifo,uniform,0,0
2025-10-29T14:37:28.999148,PUBLISH,b93cd0d143304867b672f93908c3ccfe,68f2d95bd190740cfd6a1e29,ENQUEUED,0.12657285311688696,questions_in,fifo,uniform,0,0
2025-10-29T14:37:29.306560,PUBLISH,a34c86bf0a684129aa52249c45398329,68f2d95bd190740cfd6a3f1a,ENQUEUED,0.3013942764682266,questions_in,fifo,uniform,0,0
2025-10-29T14:37:29.451885,PUBLISH,e6178c7c784c40d7b65a5a84d47f5450,68f2d95bd190740cfd6a27f6,ENQUEUED,0.1395537674729187,questions_in,fifo,uniform,0,0
2025-10-29T14:37:29.920640,PUBLISH,bfcedacf2c6d4aa0a98d13908507ff59,68f2d95bd190740cfd6a1c62,ENQUEUED,0.46707317266618575,questions_in,fifo,uniform,0,0
2025-10-29T14:37:30.406124,PUBLISH,74eb3fed27524d6eb7423df678a98d17,68f2d95bd190740cfd6a2733,ENQUEUED,0.48377735938431055,questions_in,fifo,uniform,0,0
2025-10-29T14:37:30.898369,PUBLISH,676bd49d99e340938575ba3a23d3a18d,68f2d95bd190740cfd6a1d13,ENQUEUED,0.4864971590972126,questions_in,fifo,uniform,0,0
2025-10-29T14:37:31.197070,PUBLISH,0510fb569d134c98a60705e0df46e1fc,68f2d95bd190740cfd6a2a3f,ENQUEUED,0.29320693718353186,questions_in,fifo,uniform,0,0
2025-10-29T14:37:31.508556,PUBLISH,ee58e50a70d848d0a3ec87f19f2ebc8a,68f2d95bd190740cfd6a3ff5,ENQUEUED,0.30548835813535624,questions_in,fifo,uniform,0,0
2025-10-29T14:37:31.694692,PUBLISH,45115c62126e4ca7bb8077cc88dfebee,68f2d95bd190740cfd6a3b26,ENQUEUED,0.1806240605709042,questions_in,fifo,uniform,0,0
2025-10-29T14:37:32.125912,PUBLISH,0c8a391a1a1d4269b7a88122d429ab65,68f2d95bd190740cfd6a20ff,ENQUEUED,0.4256555034342647,questions_in,fifo,uniform,0,0
2025-10-29T14:37:32.232852,PUBLISH,3b73975fbe3d4436b64b876b175a7fac,68f2d95bd190740cfd6a21f9,ENQUEUED,0.10175703892784904,questions_in,fifo,uniform,0,0
2025-10-29T14:37:32.339850,PUBLISH,50ffec07715548778d863ed5ad32d095,68f2d95bd190740cfd6a3cb5,ENQUEUED,0.10129386265050613,questions_in,fifo,uniform,0,0
2025-10-29T14:37:32.522035,PUBLISH,5a7f0e9ce9a94efd90f41eac6462a23f,68f2d95bd190740cfd6a2df4,ENQUEUED,0.1806232696061046,questions_in,fifo,uniform,0,0
2025-10-29T14:37:32.987314,PUBLISH,1f27ac5861944a3199dc96ced7064c37,68f2d95bd190740cfd6a3b68,ENQUEUED,0.4635132089205556,questions_in,fifo,uniform,0,0
2025-10-29T14:37:33.448858,PUBLISH,cb1cbedb6a36423c9b378f7a2c7a3a4e,68f2d95bd190740cfd6a2c78,ENQUEUED,0.45555522480330535,questions_in,fifo,uniform,0,0
2025-10-29T14:37:33.889746,PUBLISH,62b8b1f62534497faeb9479fc2a90265,68f2d95bd190740cfd6a26c7,ENQUEUED,0.43419542863113325,questions_in,fifo,uniform,0,0
2025-10-29T14:37:34.135684,PUBLISH,6772a0109e6245e0825d1cf1f88c0725,68f2d95bd190740cfd6a255f,ENQUEUED,0.24057653729808792,questions_in,fifo,uniform,0,0
2025-10-29T14:37:34.523586,PUBLISH,2405cbeb99d24ebfa09e7633abadaec8,68f2d95bd190740cfd6a38b4,ENQUEUED,0.381122267693878,questions_in,fifo,uniform,0,0
2025-10-29T14:37:34.796659,PUBLISH,1e2af6e6da904e78804d1f163a84f1bf,68f2d95bd190740cfd6a1b4e,ENQUEUED,0.26742440167199955,questions_in,fifo,uniform,0,0
2025-10-29T14:37:35.102580,PUBLISH,f412c14192cc4e359bd7abf0244e0e6e,68f2d95bd190740cfd6a3ac2,ENQUEUED,0.29969776026686734,questions_in,fifo,uniform,0,0
2025-10-29T14:37:35.463056,PUBLISH,c4bf98e4c1cd4a05aedf37dd5039d6c2,68f2d95bd190740cfd6a31fc,ENQUEUED,0.3548224161823239,questions_in,fifo,uniform,0,0
2025-10-29T14:37:35.760433,PUBLISH,aa6f149b51d54332867aad78cde37cbd,68f2d95bd190740cfd6a412e,ENQUEUED,0.29160650270399335,questions_in,fifo,uniform,0,0
2025-10-29T14:37:36.040330,PUBLISH,f4e277b0d96d4bf8a447b20b55ff82d1,68f2d95bd190740cfd6a3472,ENQUEUED,0.2781779485860443,questions_in,fifo,uniform,0,0
2025-10-29T14:37:36.363836,PUBLISH,987828ccaf7e4274a7cc2a21ce15649d,68f2d95bd190740cfd6a1b9f,ENQUEUED,0.32194846797829924,questions_in,fifo,uniform,0,0
2025-10-29T14:37:36.818885,PUBLISH,7a29ccdf9f364133a8f860cb4b50a14a,68f2d95bd190740cfd6a3e18,ENQUEUED,0.4499009984264385,questions_in,fifo,uniform,0,0
2025-10-29T14:37:37.083685,PUBLISH,1d52479ec5fa43d7860dc69d1da3ed07,68f2d95bd190740cfd6a24aa,ENQUEUED,0.2578731168909585,questions_in,fifo,uniform,0,0
2025-10-29T14:37:37.345753,PUBLISH,12495c35833f4b8ba7d808db9aeb2a5e,68f2d95bd190740cfd6a2379,ENQUEUED,0.25583636048243785,questions_in,fifo,uniform,0,0
2025-10-29T14:37:37.717527,PUBLISH,e45804380bc446fe809c79b5d2f2f917,68f2d95bd190740cfd6a1e67,ENQUEUED,0.36951415239526075,questions_in,fifo,uniform,0,0
2025-10-29T14:37:37.846324,PUBLISH,64e2280e4eca4789b5737292446b9a84,68f2d95bd190740cfd6a4108,ENQUEUED,0.1235009578351623,questions_in,fifo,uniform,0,0
2025-10-29T14:37:38.164435,PUBLISH,5b3b3f36a1d2410ebbe28a6d227812ce,68f2d95bd190740cfd6a1afb,ENQUEUED,0.31609132985526456,questions_in,fifo,uniform,0,0
2025-10-29T14:37:38.617444,PUBLISH,a31d5166d2e341968d9137ca80b3e026,68f2d95bd190740cfd6a2320,ENQUEUED,0.4474479437940071,questions_in,fifo,uniform,0,0
2025-10-29T14:37:38.993874,PUBLISH,8b7ec4edfc024f0988831ed349568f00,68f2d95bd190740cfd6a3d91,ENQUEUED,0.37047375671615324,questions_in,fifo,uniform,0,0
2025-10-29T14:37:39.192894,PUBLISH,4d54fa92d3ec40d19bdf6b804ea6ecd7,68f2d95bd190740cfd6a2390,ENQUEUED,0.19382551559383382,questions_in,fifo,uniform,0,0
2025-10-29T14:37:39.682849,PUBLISH,63729673e6074e8e8809bec10a791ddc,68f2d95bd190740cfd6a355a,ENQUEUED,0.48427760650708207,questions_in,fifo,uniform,0,0
2025-10-29T14:37:39.885646,PUBLISH,d5682e5959f849a0aa9bfcf4ab9f4540,68f2d95bd190740cfd6a2380,ENQUEUED,0.1973974618146932,questions_in,fifo,uniform,0,0
2025-10-29T14:37:40.356545,PUBLISH,b53aa2c13b3b4f9cbbf8120e96b5c24b,68f2d95bd190740cfd6a2f61,ENQUEUED,0.46438404115154597,questions_in,fifo,uniform,0,0
2025-10-29T14:37:40.679806,PUBLISH,d48b2cc224f644b2bcc346cd5e010194,68f2d95bd190740cfd6a39bd,ENQUEUED,0.3176939313775198,questions_in,fifo,uniform,0,0
2025-10-29T14:37:40.899094,PUBLISH,5557123fa878415db7c50a199f6a236d,68f2d95bd190740cfd6a3e68,ENQUEUED,0.2127754405509911,questions_in,fifo,uniform,0,0
2025-10-29T14:37:41.372147,PUBLISH,58b8d71de2894d67a381bc3a9c5e44f7,68f2d95bd190740cfd6a39fa,ENQUEUED,0.46730066912160184,questions_in,fifo,uniform,0,0
2025-10-29T14:37:41.699658,PUBLISH,969cccf06da941c2b57d09542861e3b3,68f2d95bd190740cfd6a404c,ENQUEUED,0.3209817569375829,questions_in,fifo,uniform,0,0
2025-10-29T14:37:42.157714,PUBLISH,4300c9aa5a2944fe832680f0b0e10bb5,68f2d95bd190740cfd6a2d3f,ENQUEUED,0.4514145243377701,questions_in,fifo,uniform,0,0
2025-10-29T14:37:42.394801,PUBLISH,78325016dc214afea18b8fe0228e57e1,68f2d95bd190740cfd6a3ba0,ENQUEUED,0.23227707751613727,questions_in,fifo,uniform,0,0
2025-10-29T14:37:42.564486,PUBLISH,d75b5e29fe7b4a419de53179402dd69a,68f2d95bd190740cfd6a3c43,ENQUEUED,0.16832794462297943,questions_in,fifo,uniform,0,0
2025-10-29T14:37:42.969920,PUBLISH,202b520d209f43b6bde2efa39fca9019,68f2d95bd190740cfd6a293c,ENQUEUED,0.4004817676583676,questions_in,fifo,uniform,0,0
2025-10-29T14:37:43.119367,PUBLISH,40abda48a28c45848886fcec0fdf8493,68f2d95bd190740cfd6a31c0,ENQUEUED,0.1436899632175404,questions_in,fifo,uniform,0,0
2025-10-29T14:37:43.332387,PUBLISH,c65009dcc81c48b3b86571761253a33a,68f2d95bd190740cfd6a38a1,ENQUEUED,0.20715475323051039,questions_in,fifo,uniform,0,0
2025-10-29T14:37:43.627770,PUBLISH,558ed54982c5475aa4e095e261cdc02a,68f2d95bd190740cfd6a3478,ENQUEUED,0.28979274565786906,questions_in,fifo,uniform,0,0
2025-10-29T14:37:44.040472,PUBLISH,06bf27fb86cc41f097a9e4028371dfb3,68f2d95bd190740cfd6a323d,ENQUEUED,0.40679484426023926,questions_in,fifo,uniform,0,0
2025-10-29T14:37:44.291568,PUBLISH,974f16f492c64d0cb464570db4da0391,68f2d95bd190740cfd6a1d99,ENQUEUED,0.24596291943081083,questions_in,fifo,uniform,0,0
2025-10-29T14:37:44.723197,PUBLISH,edde62eba08f449cba309fe0a5811476,68f2d95bd190740cfd6a4070,ENQUEUED,0.42574268359369405,questions_in,fifo,uniform,0,0
2025-10-29T14:37:44.973485,PUBLISH,467a44af58584cada3ed2f9fe1e4cd1c,68f2d95bd190740cfd6a3bae,ENQUEUED,0.24460825576736653,questions_in,fifo,uniform,0,0
2025-10-29T14:37:45.311596,PUBLISH,76a345f131a848d083af66f0208a67f1,68f2d95bd190740cfd6a3803,ENQUEUED,0.33186638816568537,questions_in,fifo,uniform,0,0
2025-10-29T14:37:45.529239,PUBLISH,e4524f4fd83544c5a85c6ad0da2dc08a,68f2d95bd190740cfd6a1f2c,ENQUEUED,0.2162969207442957,questions_in,fifo,uniform,0,0
2025-10-29T14:37:45.994145,PUBLISH,b3ab37b6dbfb4662bda916d492b48554,68f2d95bd190740cfd6a1ec3,ENQUEUED,0.46283849954247314,questions_in,fifo,uniform,0,0
2025-10-29T14:37:46.418042,PUBLISH,4fe00a587e954b6dbd8047c268578238,68f2d95bd190740cfd6a2e8e,ENQUEUED,0.4175068106450073,questions_in,fifo,uniform,0,0
2025-10-29T14:37:46.899616,PUBLISH,441f6a39e2af47cdabbafc9fef73c742,68f2d95bd190740cfd6a37a7,ENQUEUED,0.4763135365730551,questions_in,fifo,uniform,0,0
2025-10-29T14:37:47.080714,PUBLISH,47444ed38f064b87a2d76fbb6897e307,68f2d95bd190740cfd6a32dd,ENQUEUED,0.17580286747998,questions_in,fifo,uniform,0,0
2025-10-29T14:37:47.374475,PUBLISH,d4baff24557f48beae21e7f77fc955c3,68f2d95bd190740cfd6a39f3,ENQUEUED,0.288309701265286,questions_in,fifo,uniform,0,0
2025-10-29T14:37:47.571406,PUBLISH,6a2b8a81bbc542d396077c51e74eaaed,68f2d95bd190740cfd6a2914,ENQUEUED,0.19154249408938556,questions_in,fifo,uniform,0,0
2025-10-29T14:37:47.992313,PUBLISH,b01887018db24af589963c066bb26af7,68f2d95bd190740cfd6a29da,ENQUEUED,0.4154947184952633,questions_in,fifo,uniform,0,0
2025-10-29T14:37:48.258954,PUBLISH,ed1b2130f3f34a10826da43bce870ebc,68f2d95bd190740cfd6a3378,ENQUEUED,0.2585141696717435,questions_in,fifo,uniform,0,0
2025-10-29T14:37:48.656759,PUBLISH,15e2164fbbf0478395cac377360dd68a,68f2d95bd190740cfd6a24db,ENQUEUED,0.3918470749786349,questions_in,fifo,uniform,0,0
2025-10-29T14:37:49.090135,PUBLISH,5510553354904a2e9aa647b43a85bc79,68f2d95bd190740cfd6a1df3,ENQUEUED,0.4321460423719925,questions_in,fifo,uniform,0,0
2025-10-29T14:37:49.504505,PUBLISH,e0b9e0f1ca974dcdab8d433a0ab98928,68f2d95bd190740cfd6a2a17,ENQUEUED,0.4125551982091419,questions_in,fifo,uniform,0,0
2025-10-29T14:37:49.646281,PUBLISH,8a418bc2f54545ec9b3f5f3d6f7243ef,68f2d95bd190740cfd6a2366,ENQUEUED,0.13701179669576394,questions_in,fifo,uniform,0,0
2025-10-29T14:37:50.088137,PUBLISH,f9189ffbd1cd49fabca3360f069d5a6f,68f2d95bd190740cfd6a22bb,ENQUEUED,0.43907679356968377,questions_in,fifo,uniform,0,0
2025-10-29T14:37:50.261040,PUBLISH,4aca37ff2c8142b9a4c86e41bacf1f2c,68f2d95bd190740cfd6a2502,ENQUEUED,0.1669144072983204,questions_in,fifo,uniform,0,0
2025-10-29T14:37:50.500241,PUBLISH,2bec5817913d403e837951f597a635f5,68f2d95bd190740cfd6a1bfe,ENQUEUED,0.23303892165906462,questions_in,fifo,uniform,0,0
2025-10-29T14:37:50.754152,PUBLISH,5003933442d24b14806dac6b2ed1d5be,68f2d95bd190740cfd6a39e9,ENQUEUED,0.24820581844667552,questions_in,fifo,uniform,0,0
2025-10-29T14:37:51.102395,PUBLISH,964c1dd85fdd44f3bc750c118ff60961,68f2d95bd190740cfd6a250d,ENQUEUED,0.3454055703588531,questions_in,fifo,uniform,0,0
2025-10-29T14:37:51.281541,PUBLISH,ceb7e5a7cf7f49d58398059e538a5db8,68f2d95bd190740cfd6a3d08,ENQUEUED,0.1735217829914653,questions_in,fifo,uniform,0,0
2025-10-29T14:37:51.575544,PUBLISH,9fc086b824bd4b50b720e9098370edd5,68f2d95bd190740cfd6a3f0d,ENQUEUED,0.2915444365507671,questions_in,fifo,uniform,0,0
2025-10-29T14:37:51.828350,PUBLISH,738b137df1b343228f9e41472b621348,68f2d95bd190740cfd6a23db,ENQUEUED,0.25095755601796443,questions_in,fifo,uniform,0,0
2025-10-29T14:37:52.014372,PUBLISH,3c4a437099164f03ba783b63fc99f0c4,68f2d95bd190740cfd6a2d75,ENQUEUED,0.18012469270089168,questions_in,fifo,uniform,0,0
2025-10-29T14:37:52.315800,PUBLISH,1d9534bf6cf6409ca3b243f092343251,68f2d95bd190740cfd6a20a2,ENQUEUED,0.2999164506423937,questions_in,fifo,uniform,0,0
2025-10-29T14:37:52.503678,PUBLISH,872bc4051f6b4499b16c0cc35620e358,68f2d95bd190740cfd6a1d29,ENQUEUED,0.1820311564153482,questions_in,fifo,uniform,0,0
2025-10-29T14:37:52.943036,PUBLISH,677a5200c2c84a3f9f2d680c91d1015b,68f2d95bd190740cfd6a1e62,ENQUEUED,0.4335370426324934,questions_in,fifo,uniform,0,0
2025-10-29T14:37:53.431289,PUBLISH,71f40b4d37f5478d8a080ff3567e9a5a,68f2d95bd190740cfd6a373c,ENQUEUED,0.48144049777146836,questions_in,fifo,uniform,0,0
2025-10-29T14:37:53.625693,PUBLISH,0e754ee246d64507ad7ab961ea181a74,68f2d95bd190740cfd6a29cd,ENQUEUED,0.18888297465987922,questions_in,fifo,uniform,0,0
2025-10-29T14:37:54.118362,PUBLISH,eda639fdb4464f4ca6fc39206ffaaf43,68f2d95bd190740cfd6a22f0,ENQUEUED,0.486630534815791,questions_in,fifo,uniform,0,0
2025-10-29T14:37:54.580928,PUBLISH,c4435eb0fd4541c79336fdd856a5e49d,68f2d95bd190740cfd6a2d06,ENQUEUED,0.45685746788382753,questions_in,fifo,uniform,0,0
2025-10-29T14:37:54.768591,PUBLISH,b63f01bd6e924e49889693802a6d8fb7,68f2d95bd190740cfd6a3539,ENQUEUED,0.18213200303424903,questions_in,fifo,uniform,0,0
2025-10-29T14:37:55.030909,PUBLISH,61b5e94cb9f542f3b06488050f41c185,68f2d95bd190740cfd6a39c0,ENQUEUED,0.2605894607182859,questions_in,fifo,uniform,0,0
2025-10-29T14:37:55.173656,PUBLISH,37317f6d12034d48a3e13b975c7e698f,68f2d95bd190740cfd6a28ac,ENQUEUED,0.1372379947225033,questions_in,fifo,uniform,0,0
2025-10-29T14:37:55.436789,PUBLISH,23a39104fcd240edab27799507dcb6fd,68f2d95bd190740cfd6a34ad,ENQUEUED,0.261541004929318,questions_in,fifo,uniform,0,0
2025-10-29T14:37:55.906050,PUBLISH,75cbdd8aa6b94d248d86f51bbbe2812a,68f2d95bd190740cfd6a3432,ENQUEUED,0.4636403078970385,questions_in,fifo,uniform,0,0
2025-10-29T14:37:56.358168,PUBLISH,1297825673f44f239e3a808675387091,68f2d95bd190740cfd6a3475,ENQUEUED,0.44916128408640765,questions_in,fifo,uniform,0,0
2025-10-29T14:37:56.820754,PUBLISH,5a37aae9acc54388a4af850ec0f9c288,68f2d95bd190740cfd6a36e9,ENQUEUED,0.45701480683671647,questions_in,fifo,uniform,0,0
2025-10-29T14:37:57.020347,PUBLISH,a600832cd4c84677b8871197dbccbe52,68f2d95bd190740cfd6a3b16,ENQUEUED,0.19415245874851386,questions_in,fifo,uniform,0,0
2025-10-29T14:37:57.195581,PUBLISH,6773c3ca05ee4dc188f698b25da92fed,68f2d95bd190740cfd6a3568,ENQUEUED,0.16889077303211736,questions_in,fifo,uniform,0,0
2025-10-29T14:37:57.411915,PUBLISH,9654fdd90ac34b0295d2815bb3a1f010,68f2d95bd190740cfd6a399f,ENQUEUED,0.20979664313227323,questions_in,fifo,uniform,0,0
2025-10-29T14:37:57.831080,PUBLISH,995f55573020453080c92793a6ad2ee7,68f2d95bd190740cfd6a348f,ENQUEUED,0.4133153615812929,questions_in,fifo,uniform,0,0
2025-10-29T14:37:58.124189,PUBLISH,f269c6de19244d7aa11f0741f5c2a594,68f2d95bd190740cfd6a3a97,ENQUEUED,0.28748947844802,questions_in,fifo,uniform,0,0
2025-10-29T14:37:58.484876,PUBLISH,42959fe33a194cceb9c983d033c3366d,68f2d95bd190740cfd6a371e,ENQUEUED,0.3589974868228154,questions_in,fifo,uniform,0,0
2025-10-29T14:37:58.950322,PUBLISH,d8e931a944ec4ef4b548f528e32d5489,68f2d95bd190740cfd6a2c33,ENQUEUED,0.4599123281249483,questions_in,fifo,uniform,0,0
2025-10-29T14:37:59.194215,PUBLISH,6bf38d59bc6641beb4560dada324ca3d,68f2d95bd190740cfd6a309f,ENQUEUED,0.23824000530883158,questions_in,fifo,uniform,0,0
2025-10-29T14:37:59.405672,PUBLISH,c744c97c211a44a1ad04d61e8f50366c,68f2d95bd190740cfd6a25ef,ENQUEUED,0.20448669640942196,questions_in,fifo,uniform,0,0
2025-10-29T14:37:59.734759,PUBLISH,35e5c49ec0b2469b9f23e70281e1e627,68f2d95bd190740cfd6a2e85,ENQUEUED,0.3235302072472752,questions_in,fifo,uniform,0,0
2025-10-29T14:37:59.978125,PUBLISH,4ca5e1e421d9422ab9b1177fc0e5456d,68f2d95bd190740cfd6a2c55,ENQUEUED,0.2376270225541599,questions_in,fifo,uniform,0,0
2025-10-29T14:38:00.386058,PUBLISH,f921552841f24224b8ff08231d8016c6,68f2d95bd190740cfd6a3de8,ENQUEUED,0.40168499577743677,questions_in,fifo,uniform,0,0
2025-10-29T14:38:00.742094,PUBLISH,2e778181ca2740e396448bb579d13fb4,68f2d95bd190740cfd6a2de9,ENQUEUED,0.35016252921272495,questions_in,fifo,uniform,0,0
2025-10-29T14:38:00.945925,PUBLISH,0c8d0078b029418f910acd35c2500e67,68f2d95bd190740cfd6a1eef,ENQUEUED,0.19752736319607617,questions_in,fifo,uniform,0,0
2025-10-29T14:38:01.239703,PUBLISH,913a7324c49a4385a880129e3ecce33d,68f2d95bd190740cfd6a403a,ENQUEUED,0.29193060381037006,questions_in,fifo,uniform,0,0
2025-10-29T14:38:01.721766,PUBLISH,03623bdbdccc4f6f9e700e24667df215,68f2d95bd190740cfd6a3ce7,ENQUEUED,0.48026565196723825,questions_in,fifo,uniform,0,0
2025-10-29T14:38:02.178891,PUBLISH,07909351596c450194aa1e6c9ee1df5f,68f2d95bd190740cfd6a2729,ENQUEUED,0.4543856483284986,questions_in,fifo,uniform,0,0
2025-10-29T14:38:02.543924,PUBLISH,1c682544b81a4f1f8f89fab7298a4bb6,68f2d95bd190740cfd6a40c3,ENQUEUED,0.35876372075183205,questions_in,fifo,uniform,0,0
2025-10-29T14:38:02.998068,PUBLISH,4759a2092d29451ca632d86683b3917e,68f2d95bd190740cfd6a27d4,ENQUEUED,0.44801152837990943,questions_in,fifo,uniform,0,0
2025-10-29T14:38:03.195019,PUBLISH,98760af21fd8445a941d8f02b1ce2dbe,68f2d95bd190740cfd6a2b3b,ENQUEUED,0.1909463476431509,questions_in,fifo,uniform,0,0
2025-10-29T14:38:03.513093,PUBLISH,6f05b46e8c6148bf85e37af638ec6ba1,68f2d95bd190740cfd6a41d6,ENQUEUED,0.3114929044508912,questions_in,fifo,uniform,0,0
2025-10-29T14:38:03.809621,PUBLISH,996bc559821e4a38b173c67660cebbf7,68f2d95bd190740cfd6a33ee,ENQUEUED,0.2910119770749965,questions_in,fifo,uniform,0,0
2025-10-29T14:38:03.968636,PUBLISH,85a89ea9cb9b4836a2725efab6ce868d,68f2d95bd190740cfd6a2484,ENQUEUED,0.15268642085506834,questions_in,fifo,uniform,0,0
2025-10-29T14:38:04.116797,PUBLISH,361a766985ad4e908a256dc17532d025,68f2d95bd190740cfd6a2bad,ENQUEUED,0.14284968063261447,questions_in,fifo,uniform,0,0
2025-10-29T14:38:04.604052,PUBLISH,9d3dce5180d6408bb2fb11378d8025c5,68f2d95bd190740cfd6a3f6c,ENQUEUED,0.4807942586533348,questions_in,fifo,uniform,0,0
2025-10-29T14:38:05.032578,PUBLISH,9f24d5adaa244702b4d0b09a0f07c98f,68f2d95bd190740cfd6a2767,ENQUEUED,0.42304004599280387,questions_in,fifo,uniform,0,0
2025-10-29T14:38:05.200527,PUBLISH,49cf8e68ec8347d6b9712ebc5a897198,68f2d95bd190740cfd6a3c66,ENQUEUED,0.16309556155794538,questions_in,fifo,uniform,0,0
2025-10-29T14:38:05.600579,PUBLISH,fba9f62392474fb5baff2bd07d286b7c,68f2d95bd190740cfd6a20c4,ENQUEUED,0.39436604486851234,questions_in,fifo,uniform,0,0
2025-10-29T14:38:05.892841,PUBLISH,884075dda71c4d219c14125e54dd4725,68f2d95bd190740cfd6a3e6d,ENQUEUED,0.2871503554471765,questions_in,fifo,uniform,0,0
2025-10-29T14:38:06.101553,PUBLISH,6395d035c7474ee8a86d78b38ca8cfd5,68f2d95bd190740cfd6a40bc,ENQUEUED,0.2026982527524592,questions_in,fifo,uniform,0,0
2025-10-29T14:38:06.284216,PUBLISH,d12569b186b847bb9d7cd97f56ab7028,68f2d95bd190740cfd6a2c4b,ENQUEUED,0.17658207047015476,questions_in,fifo,uniform,0,0
2025-10-29T14:38:06.616111,PUBLISH,78b83103b29049a4bdd3ea0a3ec78524,68f2d95bd190740cfd6a27c5,ENQUEUED,0.3259335996322309,questions_in,fifo,uniform,0,0
2025-10-29T14:38:06.814086,PUBLISH,6abc5aa9e0ac4b428a3c0b60f0afbb11,68f2d95bd190740cfd6a313d,ENQUEUED,0.19291352224318514,questions_in,fifo,uniform,0,0
2025-10-29T14:38:06.946846,PUBLISH,95cfa353c97c40d68e148a1c5ac8b7c9,68f2d95bd190740cfd6a20ed,ENQUEUED,0.12608742203549067,questions_in,fifo,uniform,0,0
2025-10-29T14:38:07.238371,PUBLISH,0a7d151023d24c4b839c67e48f077ccd,68f2d95bd190740cfd6a3580,ENQUEUED,0.28475020929866246,questions_in,fifo,uniform,0,0
2025-10-29T14:38:07.636909,PUBLISH,27b2674558054dac999d6d826df2b6d4,68f2d95bd190740cfd6a3ac7,ENQUEUED,0.3925978512184317,questions_in,fifo,uniform,0,0
2025-10-29T14:38:07.888986,PUBLISH,104a8850be3f4b96b84d1db8b980c6a8,68f2d95bd190740cfd6a1b36,ENQUEUED,0.25040107762656105,questions_in,fifo,uniform,0,0
2025-10-29T14:38:08.222586,PUBLISH,1f05f7e64083487eb70199c50798ea38,68f2d95bd190740cfd6a384e,ENQUEUED,0.32806330648630455,questions_in,fifo,uniform,0,0
2025-10-29T14:38:08.438742,PUBLISH,1916372e1cc44160809e4f37a70b1000,68f2d95bd190740cfd6a2d76,ENQUEUED,0.21053402011650896,questions_in,fifo,uniform,0,0
2025-10-29T14:38:08.665390,PUBLISH,efca5814a5ed4b11b371e7594f00cdd6,68f2d95bd190740cfd6a3153,ENQUEUED,0.22119314364201514,questions_in,fifo,uniform,0,0
2025-10-29T14:38:08.797879,PUBLISH,24745a2c22894dc09ff4e120113b87c4,68f2d95bd190740cfd6a222a,ENQUEUED,0.13083044614938358,questions_in,fifo,uniform,0,0
2025-10-29T14:38:09.184223,PUBLISH,e3732f4c993a44b797a8c53190792e97,68f2d95bd190740cfd6a3e2e,ENQUEUED,0.3810630742416946,questions_in,fifo,uniform,0,0
2025-10-29T14:38:09.584355,PUBLISH,7b876ac5b2f54e22818d7db45e01acb1,68f2d95bd190740cfd6a25f7,ENQUEUED,0.39365850245039524,questions_in,fifo,uniform,0,0
2025-10-29T14:38:09.971519,PUBLISH,f11e23addbf343c5b77bc07f3de66ecb,68f2d95bd190740cfd6a30cb,ENQUEUED,0.3812051673752891,questions_in,fifo,uniform,0,0
2025-10-29T14:38:10.451847,PUBLISH,84f42ae627154af59a06e412a1409084,68f2d95bd190740cfd6a2030,ENQUEUED,0.473438542357122,questions_in,fifo,uniform,0,0
2025-10-29T14:38:10.598206,PUBLISH,f0bb56a566ca44c5ab8bf78da70088e1,68f2d95bd190740cfd6a3274,ENQUEUED,0.1407032283553783,questions_in,fifo,uniform,0,0
2025-10-29T14:38:11.092944,PUBLISH,cb2105e6bc0448ed9a650a26ebd16791,68f2d95bd190740cfd6a355e,ENQUEUED,0.49285743871275334,questions_in,fifo,uniform,0,0
2025-10-29T14:38:11.586315,PUBLISH,434fe1dc0741455fbcd22869f9d0fcbd,68f2d95bd190740cfd6a2493,ENQUEUED,0.48614121661706533,questions_in,fifo,uniform,0,0
2025-10-29T14:38:12.009108,PUBLISH,cd36fb2dcfb04e8a801748f250ed5e7f,68f2d95bd190740cfd6a1b6d,ENQUEUED,0.4174614881593576,questions_in,fifo,uniform,0,0
2025-10-29T14:38:12.273311,PUBLISH,7471574c9b2d436a82db141dde115979,68f2d95bd190740cfd6a1ad0,ENQUEUED,0.2587015254138222,questions_in,fifo,uniform,0,0
2025-10-29T14:38:12.452049,PUBLISH,f223d5288c5d4741b495b1096274ed41,68f2d95bd190740cfd6a24bd,ENQUEUED,0.17341728085464347,questions_in,fifo,uniform,0,0
2025-10-29T14:38:12.864583,PUBLISH,cf4edbf2e92c42609a34e6adaead5f02,68f2d95bd190740cfd6a3488,ENQUEUED,0.4065976920760831,questions_in,fifo,uniform,0,0
2025-10-29T14:38:12.987094,PUBLISH,c483395b9ccb4e7c84a24c85b04cfeaf,68f2d95bd190740cfd6a2f8a,ENQUEUED,0.11621624719894097,questions_in,fifo,uniform,0,0
2025-10-29T14:38:13.187306,PUBLISH,79da26921a9e4c69bf236a2cc8950a13,68f2d95bd190740cfd6a2b4e,ENQUEUED,0.19493699921031024,questions_in,fifo,uniform,0,0
2025-10-29T14:38:13.672521,PUBLISH,ed2c0ab78d5f4eb58a31080791742a37,68f2d95bd190740cfd6a3b40,ENQUEUED,0.4830966796920214,questions_in,fifo,uniform,0,0
2025-10-29T14:38:14.071544,PUBLISH,4d02d60d1f3444c88f4d1273b25e69b7,68f2d95bd190740cfd6a40b8,ENQUEUED,0.39325513535573564,questions_in,fifo,uniform,0,0
2025-10-29T14:38:14.181095,PUBLISH,105f404261224e7a919f51b50befd0e9,68f2d95bd190740cfd6a26dd,ENQUEUED,0.10417058816307995,questions_in,fifo,uniform,0,0
2025-10-29T14:38:14.532770,PUBLISH,653d10beaa0c4909a7fa487c9c22f2d6,68f2d95bd190740cfd6a25e5,ENQUEUED,0.3462074081885115,questions_in,fifo,uniform,0,0
2025-10-29T14:38:14.826356,PUBLISH,08034041c5494571864b45f4110a08e3,68f2d95bd190740cfd6a324b,ENQUEUED,0.28704329023679837,questions_in,fifo,uniform,0,0
2025-10-29T14:38:15.048678,PUBLISH,669960665ba34937ac9595504466fc2f,68f2d95bd190740cfd6a277c,ENQUEUED,0.2168267813069305,questions_in,fifo,uniform,0,0
2025-10-29T14:38:15.427214,PUBLISH,23dfaa2163de49e49e8aafc48d6dcdd4,68f2d95bd190740cfd6a2c9c,ENQUEUED,0.3733536852437318,questions_in,fifo,uniform,0,0
2025-10-29T14:38:15.908939,PUBLISH,7e6a65e6d551427b8a07035fb80ced1e,68f2d95bd190740cfd6a31ba,ENQUEUED,0.47644202217443954,questions_in,fifo,uniform,0,0
2025-10-29T14:38:16.077540,PUBLISH,896b42e172434486bd666a1a0cb1a4db,68f2d95bd190740cfd6a3b3f,ENQUEUED,0.16306705028672108,questions_in,fifo,uniform,0,0
2025-10-29T14:38:16.480547,PUBLISH,09a2fbae18b5457f8e70a5113756db85,68f2d95bd190740cfd6a1c8f,ENQUEUED,0.40139775061158833,questions_in,fifo,uniform,0,0
2025-10-29T14:38:16.970786,PUBLISH,091c4e6cefaa475e8da9a804e3e53bbe,68f2d95bd190740cfd6a2953,ENQUEUED,0.48800504381953647,questions_in,fifo,uniform,0,0
2025-10-29T14:38:17.076150,PUBLISH,17a3567ec1984c188c4984bf8e7bd4d5,68f2d95bd190740cfd6a34de,ENQUEUED,0.10012246448134646,questions_in,fifo,uniform,0,0
2025-10-29T14:38:17.234197,PUBLISH,69e304599fc744718ea8ff1f0111f209,68f2d95bd190740cfd6a228a,ENQUEUED,0.15662329378152595,questions_in,fifo,uniform,0,0
2025-10-29T14:38:17.363419,PUBLISH,00eedf6e74c746cfac1f7fe9531c9f86,68f2d95bd190740cfd6a26b9,ENQUEUED,0.1234574496334286,questions_in,fifo,uniform,0,0
2025-10-29T14:38:17.675355,PUBLISH,d8319e84cbcb4ac28121006120c53885,68f2d95bd190740cfd6a2a2d,ENQUEUED,0.3061564659759898,questions_in,fifo,uniform,0,0
2025-10-29T14:38:18.128401,PUBLISH,0f289be407044621935e7d862fbe85fc,68f2d95bd190740cfd6a247e,ENQUEUED,0.4478175748419905,questions_in,fifo,uniform,0,0
2025-10-29T14:38:18.562289,PUBLISH,3c117f61bf27402cb529f0289e4c8b93,68f2d95bd190740cfd6a34cc,ENQUEUED,0.4277618925443015,questions_in,fifo,uniform,0,0
2025-10-29T14:38:18.998819,PUBLISH,4c8ecb1b0dc74b09a6ae7dee4cef5773,68f2d95bd190740cfd6a381f,ENQUEUED,0.43063682426765926,questions_in,fifo,uniform,0,0
2025-10-29T14:38:19.500495,PUBLISH,dc1cf653a9734d41bee98c085a371aeb,68f2d95bd190740cfd6a3842,ENQUEUED,0.4961044140038797,questions_in,fifo,uniform,0,0
2025-10-29T14:38:19.690457,PUBLISH,e3f8ec87cd2246869c04a46d96c13356,68f2d95bd190740cfd6a2ab8,ENQUEUED,0.1846478719191235,questions_in,fifo,uniform,0,0
2025-10-29T14:38:20.135541,PUBLISH,7567af91ac224b12b7ce01625d57f90b,68f2d95bd190740cfd6a2edd,ENQUEUED,0.4431229011369704,questions_in,fifo,uniform,0,0
2025-10-29T14:38:20.604098,PUBLISH,c615b7c0897f47b9867139e1c59246e6,68f2d95bd190740cfd6a2310,ENQUEUED,0.4666903956856193,questions_in,fifo,uniform,0,0
2025-10-29T14:38:20.937956,PUBLISH,010a18071474484a9e218a1886a23b2a,68f2d95bd190740cfd6a372a,ENQUEUED,0.32797093780107067,questions_in,fifo,uniform,0,0
2025-10-29T14:38:21.059906,PUBLISH,bac1b86d54004486965d6a6112d56321,68f2d95bd190740cfd6a276e,ENQUEUED,0.11528054473203518,questions_in,fifo,uniform,0,0
2025-10-29T14:38:21.190045,PUBLISH,739eda0e5aaa4709985be9c0d08e17d1,68f2d95bd190740cfd6a2ab6,ENQUEUED,0.12445558247619092,questions_in,fifo,uniform,0,0
2025-10-29T14:38:21.638574,PUBLISH,fc1d797c183646d9b3b54e062ae17b74,68f2d95bd190740cfd6a4111,ENQUEUED,0.44278977994513846,questions_in,fifo,uniform,0,0
2025-10-29T14:38:21.885081,PUBLISH,179b881b498d4d83aa73ad6c71856c6a,68f2d95bd190740cfd6a3edb,ENQUEUED,0.24099296856049662,questions_in,fifo,uniform,0,0
2025-10-29T14:38:22.003442,PUBLISH,e6af99883eca4d9bb787983196d3456b,68f2d95bd190740cfd6a298f,ENQUEUED,0.11271847232797111,questions_in,fifo,uniform,0,0
2025-10-29T14:38:22.305071,PUBLISH,e9f4a4a1d548478e8e8d3c9fe7c9543e,68f2d95bd190740cfd6a3fd7,ENQUEUED,0.29641006372708684,questions_in,fifo,uniform,0,0
2025-10-29T14:38:22.691793,PUBLISH,49d29e88d403477b9586f413dbd2a03f,68f2d95bd190740cfd6a3d81,ENQUEUED,0.38034441954712794,questions_in,fifo,uniform,0,0
2025-10-29T14:38:23.051162,PUBLISH,90433a3fcecb4dfeb3bdf16e360a2e28,68f2d95bd190740cfd6a30f0,ENQUEUED,0.3572275124387915,questions_in,fifo,uniform,0,0
2025-10-29T14:38:23.457037,PUBLISH,d9225b2c8c2940bc8e66374bb1dc8156,68f2d95bd190740cfd6a304d,ENQUEUED,0.40066185382712904,questions_in,fifo,uniform,0,0
2025-10-29T14:38:23.849429,PUBLISH,78bafb7a72454702852158ff12c62772,68f2d95bd190740cfd6a2c3a,ENQUEUED,0.3903316579452344,questions_in,fifo,uniform,0,0
2025-10-29T14:38:24.097683,PUBLISH,b0102bb411914ed79816c2c70ed8b25d,68f2d95bd190740cfd6a1bde,ENQUEUED,0.24273752965590362,questions_in,fifo,uniform,0,0
2025-10-29T14:38:24.445785,PUBLISH,41b084edd9b6438fb9f08cf0cffb2892,68f2d95bd190740cfd6a1e45,ENQUEUED,0.34210835895069003,questions_in,fifo,uniform,0,0
2025-10-29T14:38:24.859146,PUBLISH,18b9bf725b2d494799b2fcb3127824a0,68f2d95bd190740cfd6a278f,ENQUEUED,0.4061240895749212,questions_in,fifo,uniform,0,0
2025-10-29T14:38:25.140736,PUBLISH,5172deb86a92452db7000aa8ae2b9620,68f2d95bd190740cfd6a399a,ENQUEUED,0.2752942234163745,questions_in,fifo,uniform,0,0
2025-10-29T14:38:25.375821,PUBLISH,1602738c3f404dc2bece05002f31f067,68f2d95bd190740cfd6a3b49,ENQUEUED,0.228423546300215,questions_in,fifo,uniform,0,0
2025-10-29T14:38:25.545384,PUBLISH,b31371f1162841a5a943da3bd7386555,68f2d95bd190740cfd6a3071,ENQUEUED,0.16425302437448389,questions_in,fifo,uniform,0,0
2025-10-29T14:38:25.745146,PUBLISH,9fed89579edd4a0c97af890167807546,68f2d95bd190740cfd6a3902,ENQUEUED,0.1944132782821363,questions_in,fifo,uniform,0,0
2025-10-29T14:38:25.948901,PUBLISH,e8f2f4d0542c46d28295ae2bb1617bba,68f2d95bd190740cfd6a24ea,ENQUEUED,0.1980287581817839,questions_in,fifo,uniform,0,0
2025-10-29T14:38:26.342139,PUBLISH,6264ec8b6f3c47f6a1df54dbdffce84d,68f2d95bd190740cfd6a1b97,ENQUEUED,0.38743483428095027,questions_in,fifo,uniform,0,0
2025-10-29T14:38:26.684023,PUBLISH,e46d27605d37475f92ed6cde15e0d8c3,68f2d95bd190740cfd6a3485,ENQUEUED,0.3359994416276765,questions_in,fifo,uniform,0,0
2025-10-29T14:38:27.126744,PUBLISH,8ab9b83b65004e088a4418848f711d33,68f2d95bd190740cfd6a227d,ENQUEUED,0.4409674368351063,questions_in,fifo,uniform,0,0
2025-10-29T14:38:27.581449,PUBLISH,e9348544db8f448d876d369f43f973d9,68f2d95bd190740cfd6a2eac,ENQUEUED,0.44866727737221546,questions_in,fifo,uniform,0,0
2025-10-29T14:38:28.031430,PUBLISH,a6720833d05841429ee0b16d8b0e2311,68f2d95bd190740cfd6a2354,ENQUEUED,0.4442977476228981,questions_in,fifo,uniform,0,0
2025-10-29T14:38:28.490141,PUBLISH,c85308b94d6f4fab88daec93305aaccd,68f2d95bd190740cfd6a3d9e,ENQUEUED,0.45278498955303215,questions_in,fifo,uniform,0,0
2025-10-29T14:38:28.890064,PUBLISH,a52fe0ddbc24468b85ae319d5df80b5f,68f2d95bd190740cfd6a243e,ENQUEUED,0.3923464136529131,questions_in,fifo,uniform,0,0
2025-10-29T14:38:29.311066,PUBLISH,98234a7f453643748ecf5ace1ace6ec5,68f2d95bd190740cfd6a29ab,ENQUEUED,0.41928526269142175,questions_in,fifo,uniform,0,0
2025-10-29T14:38:29.678247,PUBLISH,15ed472879ac43dfa801ffdf069ff8c3,68f2d95bd190740cfd6a2922,ENQUEUED,0.3618084604250905,questions_in,fifo,uniform,0,0
2025-10-29T14:38:29.860766,PUBLISH,98fc6e95e6774422a0ffd006a166443c,68f2d95bd190740cfd6a315c,ENQUEUED,0.17507239052182602,questions_in,fifo,uniform,0,0
2025-10-29T14:38:30.136337,PUBLISH,bf1a502d52f9465d9bc46dc7ec590ce5,68f2d95bd190740cfd6a2aa4,ENQUEUED,0.27362804942572,questions_in,fifo,uniform,0,0
2025-10-29T14:38:30.625232,PUBLISH,35e65ea72e7a4ada9c086ff87f2bb589,68f2d95bd190740cfd6a3d1e,ENQUEUED,0.4832355368560389,questions_in,fifo,uniform,0,0
2025-10-29T14:38:31.009893,PUBLISH,8a9793f9bf874eed9f36ec0f9521e8bb,68f2d95bd190740cfd6a2d36,ENQUEUED,0.37862805361690477,questions_in,fifo,uniform,0,0
2025-10-29T14:38:31.468867,PUBLISH,9d695354c0b64d5bb7e7a4ac0b9db809,68f2d95bd190740cfd6a24d5,ENQUEUED,0.4531913683020562,questions_in,fifo,uniform,0,0
2025-10-29T14:38:31.914399,PUBLISH,57bbf18d4504459d94ba46eb768cd9c7,68f2d95bd190740cfd6a2334,ENQUEUED,0.4392706301481336,questions_in,fifo,uniform,0,0
2025-10-29T14:38:32.348598,PUBLISH,49343dcc0f304d0197b1ac2ecebaa5dc,68f2d95bd190740cfd6a249a,ENQUEUED,0.42685429281637777,questions_in,fifo,uniform,0,0
2025-10-29T14:38:32.847266,PUBLISH,cdf3c1aaa447449b9f241538cd394dfd,68f2d95bd190740cfd6a3044,ENQUEUED,0.49216280744001084,questions_in,fifo,uniform,0,0
2025-10-29T14:38:33.098650,PUBLISH,77f64cf4023d4e5e95abbdd22974db7f,68f2d95bd190740cfd6a2c63,ENQUEUED,0.244388297666502,questions_in,fifo,uniform,0,0
2025-10-29T14:38:33.343470,PUBLISH,77dc23ec952343f6a06e17f9bc91b545,68f2d95bd190740cfd6a2e9c,ENQUEUED,0.23851905012236874,questions_in,fifo,uniform,0,0
2025-10-29T14:38:33.644883,PUBLISH,85e2eed4a32549f49bd5aacb06a935cc,68f2d95bd190740cfd6a3e84,ENQUEUED,0.2954720866888746,questions_in,fifo,uniform,0,0
2025-10-29T14:38:33.784463,PUBLISH,8ead570738404c1fbc973666730b6ba3,68f2d95bd190740cfd6a2e55,ENQUEUED,0.13405412562141286,questions_in,fifo,uniform,0,0
2025-10-29T14:38:34.076096,PUBLISH,58e30e946ca84f17b6b112d5a499850b,68f2d95bd190740cfd6a410c,ENQUEUED,0.2855428171313473,questions_in,fifo,uniform,0,0
2025-10-29T14:38:34.377094,PUBLISH,2b94405f9cc9420fb8d29cb890192c2b,68f2d95bd190740cfd6a3528,ENQUEUED,0.2944552137466828,questions_in,fifo,uniform,0,0
2025-10-29T14:38:34.777679,PUBLISH,82ccc638549b428eb246bdc8c77dbf5e,68f2d95bd190740cfd6a2fe7,ENQUEUED,0.39424890792930656,questions_in,fifo,uniform,0,0
2025-10-29T14:38:35.217325,PUBLISH,47a4d71962044bdcb32c37f8bf2bf25e,68f2d95bd190740cfd6a343a,ENQUEUED,0.4335411273587759,questions_in,fifo,uniform,0,0
2025-10-29T14:38:35.395870,PUBLISH,a83d8deaf978492990876570f15e655b,68f2d95bd190740cfd6a269b,ENQUEUED,0.17269113779031947,questions_in,fifo,uniform,0,0
2025-10-29T14:38:35.543195,PUBLISH,f16d7ed28f834be196c25577f67544e9,68f2d95bd190740cfd6a216a,ENQUEUED,0.1458923236923064,questions_in,fifo,uniform,0,0
2025-10-29T14:38:35.798704,PUBLISH,6cea55da1c664b3e8e36ddcfe2a35123,68f2d95bd190740cfd6a3dd0,ENQUEUED,0.25407112874453486,questions_in,fifo,uniform,0,0
2025-10-29T14:38:36.215100,PUBLISH,78f1394c9f6042ddba9704b93f899961,68f2d95bd190740cfd6a3849,ENQUEUED,0.41070920238928066,questions_in,fifo,uniform,0,0
2025-10-29T14:38:36.618513,PUBLISH,a323fa3738294ff1890645da66c6efe4,68f2d95bd190740cfd6a2be2,ENQUEUED,0.39798019423136466,questions_in,fifo,uniform,0,0
2025-10-29T14:38:36.804005,PUBLISH,6daaf73a83794e81aca6fcadcc53c691,68f2d95bd190740cfd6a2dd9,ENQUEUED,0.1793503821090946,questions_in,fifo,uniform,0,0
2025-10-29T14:38:37.280628,PUBLISH,3e0bac4a1dd34cf9a8b2ae9bbf92a8a2,68f2d95bd190740cfd6a3197,ENQUEUED,0.4710171206467163,questions_in,fifo,uniform,0,0
2025-10-29T14:38:37.785098,PUBLISH,8b1de8f556f44e29b49f4030b032f365,68f2d95bd190740cfd6a2da3,ENQUEUED,0.4983108522541253,questions_in,fifo,uniform,0,0
2025-10-29T14:38:38.158428,PUBLISH,e6a69af7e92e4e6685860628129ce114,68f2d95bd190740cfd6a3cc5,ENQUEUED,0.3663563117274461,questions_in,fifo,uniform,0,0
2025-10-29T14:38:38.541243,PUBLISH,5def324f3e0d4cdf951c467cb04e4215,68f2d95bd190740cfd6a3956,ENQUEUED,0.37728628760643124,questions_in,fifo,uniform,0,0
2025-10-29T14:38:38.725740,PUBLISH,10059a1765aa4da58663d584943362f1,68f2d95bd190740cfd6a2e32,ENQUEUED,0.17907014365861498,questions_in,fifo,uniform,0,0
2025-10-29T14:38:39.093791,PUBLISH,5ff4ad80fdac498a95d73732e089ab0c,68f2d95bd190740cfd6a24a2,ENQUEUED,0.36629297831018015,questions_in,fifo,uniform,0,0
2025-10-29T14:38:39.491167,PUBLISH,442251281a7b49c0b3f0c1aa3679d0bf,68f2d95bd190740cfd6a325b,ENQUEUED,0.3961436862697386,questions_in,fifo,uniform,0,0
2025-10-29T14:38:39.833343,PUBLISH,50a53f003ff0490ea39537e2cd8fb607,68f2d95bd190740cfd6a267d,ENQUEUED,0.3345335929943727,questions_in,fifo,uniform,0,0
2025-10-29T14:38:40.291134,PUBLISH,67239d83b7084ca89c631e9028b4f227,68f2d95bd190740cfd6a3ff5,ENQUEUED,0.45104892855442735,questions_in,fifo,uniform,0,0
2025-10-29T14:38:40.409652,PUBLISH,41d377dca5a54ed5b984f5eaa6e54f2c,68f2d95bd190740cfd6a2f91,ENQUEUED,0.11226195380708869,questions_in,fifo,uniform,0,0
2025-10-29T14:38:40.901359,PUBLISH,86ae134b0c0b4fbebfaabc2d84c16d7e,68f2d95bd190740cfd6a39e2,ENQUEUED,0.48602557073075836,questions_in,fifo,uniform,0,0
2025-10-29T14:38:41.358752,PUBLISH,0cd2f6404929454db713c8632092c520,68f2d95bd190740cfd6a2d93,ENQUEUED,0.4514911110747525,questions_in,fifo,uniform,0,0
2025-10-29T14:38:41.781728,PUBLISH,7863bd7d37fb4c48a03b7ff60e36d976,68f2d95bd190740cfd6a1b5d,ENQUEUED,0.4158961894822355,questions_in,fifo,uniform,0,0
2025-10-29T14:38:42.251236,PUBLISH,85bc3ff9444a4caab7df81e0a7336900,68f2d95bd190740cfd6a393a,ENQUEUED,0.4637478705232766,questions_in,fifo,uniform,0,0
2025-10-29T14:38:42.573227,PUBLISH,2bbc7b24d6314d3bbaba1aea57f4ff7b,68f2d95bd190740cfd6a357c,ENQUEUED,0.32019963780927263,questions_in,fifo,uniform,0,0
2025-10-29T14:38:42.736047,PUBLISH,2a7daa3970244ff4b869ac6ec2c211a7,68f2d95bd190740cfd6a407d,ENQUEUED,0.15748407408398868,questions_in,fifo,uniform,0,0
2025-10-29T14:38:42.847826,PUBLISH,75d66ef096d0465eb9b6be171bba897d,68f2d95bd190740cfd6a3a50,ENQUEUED,0.10623986178075479,questions_in,fifo,uniform,0,0
2025-10-29T14:38:43.039661,PUBLISH,a3aed31904894414918d4e732028decb,68f2d95bd190740cfd6a2819,ENQUEUED,0.18638635897391564,questions_in,fifo,uniform,0,0
2025-10-29T14:38:43.262668,PUBLISH,dbe452d23b784c9882ee65a2943819fb,68f2d95bd190740cfd6a1e0e,ENQUEUED,0.21706629190597493,questions_in,fifo,uniform,0,0
2025-10-29T14:38:43.512705,PUBLISH,36ab83e9784845a6a2a651e31f6ce7af,68f2d95bd190740cfd6a283f,ENQUEUED,0.24407154448630752,questions_in,fifo,uniform,0,0
2025-10-29T14:38:44.003185,PUBLISH,03e991f8aab54985a27c36ec9dc10127,68f2d95bd190740cfd6a4073,ENQUEUED,0.48318597924348494,questions_in,fifo,uniform,0,0
2025-10-29T14:38:44.352469,PUBLISH,14386b6cf26040128121f0c74083c167,68f2d95bd190740cfd6a395b,ENQUEUED,0.3466563625724726,questions_in,fifo,uniform,0,0
2025-10-29T14:38:44.589748,PUBLISH,a89c29b2e08d40d3aaeb0a1cb0273e0f,68f2d95bd190740cfd6a3e85,ENQUEUED,0.23174881441706452,questions_in,fifo,uniform,0,0
2025-10-29T14:38:45.082129,PUBLISH,e67745e051624debbaaa8204d5948701,68f2d95bd190740cfd6a2854,ENQUEUED,0.48692535742424814,questions_in,fifo,uniform,0,0
2025-10-29T14:38:45.578738,PUBLISH,e044ddf4dae54e25a1168c86dd737bc6,68f2d95bd190740cfd6a1e30,ENQUEUED,0.49090150222903506,questions_in,fifo,uniform,0,0
2025-10-29T14:38:45.870071,PUBLISH,955a819595a241e7ad529d952096bf54,68f2d95bd190740cfd6a2dbc,ENQUEUED,0.28533412954050086,questions_in,fifo,uniform,0,0
2025-10-29T14:38:46.002567,PUBLISH,81aa30b25ac74f2e95dd12dd4a628a43,68f2d95bd190740cfd6a3fa8,ENQUEUED,0.12656075820038049,questions_in,fifo,uniform,0,0
2025-10-29T14:38:46.406352,PUBLISH,002bf662a5ac49aba1f35b20a6f1b11f,68f2d95bd190740cfd6a415b,ENQUEUED,0.3980091875902635,questions_in,fifo,uniform,0,0
2025-10-29T14:38:46.512680,PUBLISH,7300f4c36c384693a0b78a203826aab3,68f2d95bd190740cfd6a1dc0,ENQUEUED,0.10102926776624517,questions_in,fifo,uniform,0,0
2025-10-29T14:38:46.684681,PUBLISH,98f9c52350bd44c68ae8f885b2002589,68f2d95bd190740cfd6a37d4,ENQUEUED,0.16580973233257948,questions_in,fifo,uniform,0,0
2025-10-29T14:38:47.143182,PUBLISH,e0fd31d8ddbd44be833f2af048d6d247,68f2d95bd190740cfd6a28b9,ENQUEUED,0.45297569501657653,questions_in,fifo,uniform,0,0
2025-10-29T14:38:47.325383,PUBLISH,f61f9483f5f1454dbdc05cc29bbe604c,68f2d95bd190740cfd6a286e,ENQUEUED,0.1766291139462126,questions_in,fifo,uniform,0,0
2025-10-29T14:38:47.792794,PUBLISH,bb8ec7be3ee94b06bd27150e23116c7d,68f2d95bd190740cfd6a2c1b,ENQUEUED,0.46193068185318764,questions_in,fifo,uniform,0,0
2025-10-29T14:38:47.973536,PUBLISH,aa785775c11b4b6aae0a3b3fd07929b9,68f2d95bd190740cfd6a351b,ENQUEUED,0.1751373383978706,questions_in,fifo,uniform,0,0
2025-10-29T14:38:48.143412,PUBLISH,dd7c916b78e54768ad9868a80d1555ef,68f2d95bd190740cfd6a258a,ENQUEUED,0.1635474309728282,questions_in,fifo,uniform,0,0
2025-10-29T14:38:48.495243,PUBLISH,1b7e4f89c2994e388e6a5b273038999e,68f2d95bd190740cfd6a270b,ENQUEUED,0.3498491883174739,questions_in,fifo,uniform,0,0
2025-10-29T14:38:48.675792,PUBLISH,e2fdaf2f1c3d40c39069618c78c775dd,68f2d95bd190740cfd6a36f5,ENQUEUED,0.17891206689417125,questions_in,fifo,uniform,0,0
2025-10-29T14:38:48.896370,PUBLISH,21a2c09c10ef41d19d466ac42f380b25,68f2d95bd190740cfd6a3d0f,ENQUEUED,0.21848205827095982,questions_in,fifo,uniform,0,0
2025-10-29T14:38:49.110276,PUBLISH,13a87a284a5f4543ba2bca77f0605cf2,68f2d95bd190740cfd6a2f60,ENQUEUED,0.2081610918013151,questions_in,fifo,uniform,0,0
2025-10-29T14:38:49.375851,PUBLISH,84c6c9091a944886aef0107540cad45e,68f2d95bd190740cfd6a3ea2,ENQUEUED,0.25982965478930664,questions_in,fifo,uniform,0,0
2025-10-29T14:38:49.679080,PUBLISH,aa6f6065bbce466695ea4caa97ee50a6,68f2d95bd190740cfd6a2c17,ENQUEUED,0.30104977567986524,questions_in,fifo,uniform,0,0
2025-10-29T14:38:49.868583,PUBLISH,d02411585fc84f60b9ea0a40c4eba184,68f2d95bd190740cfd6a28bd,ENQUEUED,0.18219179891175546,questions_in,fifo,uniform,0,0
2025-10-29T14:38:50.321122,PUBLISH,b6138ec56a6546688dd093ef338789c0,68f2d95bd190740cfd6a4091,ENQUEUED,0.44650511455360065,questions_in,fifo,uniform,0,0
2025-10-29T14:38:50.473073,PUBLISH,564d85181c4a44e29f296102db2bcedd,68f2d95bd190740cfd6a372f,ENQUEUED,0.14653778753964097,questions_in,fifo,uniform,0,0
2025-10-29T14:38:50.674819,PUBLISH,cd93dd4886a34e8298fc954904a27627,68f2d95bd190740cfd6a3987,ENQUEUED,0.19605302407481748,questions_in,fifo,uniform,0,0
2025-10-29T14:38:50.826780,PUBLISH,77d2a5f305444cd78b8dbca1370707fc,68f2d95bd190740cfd6a25cd,ENQUEUED,0.1466864870787457,questions_in,fifo,uniform,0,0
2025-10-29T14:38:51.153621,PUBLISH,ca89ac72c059417ca44b518c288eb7df,68f2d95bd190740cfd6a28fe,ENQUEUED,0.3212649504395123,questions_in,fifo,uniform,0,0
2025-10-29T14:38:51.415911,PUBLISH,4acadfa0ec634090ac037980ca1fdf8d,68f2d95bd190740cfd6a407a,ENQUEUED,0.2569175532860391,questions_in,fifo,uniform,0,0
2025-10-29T14:38:51.562262,PUBLISH,77b6f4ce7ab34435af39f720b9fbef08,68f2d95bd190740cfd6a2897,ENQUEUED,0.14078537311023973,questions_in,fifo,uniform,0,0
2025-10-29T14:38:51.742304,PUBLISH,a0f86e86743d471db5e5a9d7ae77da65,68f2d95bd190740cfd6a26ab,ENQUEUED,0.17850588471138848,questions_in,fifo,uniform,0,0
2025-10-29T14:38:52.004322,PUBLISH,962170407f90416c8db6628e83fbb844,68f2d95bd190740cfd6a2975,ENQUEUED,0.25668475657573453,questions_in,fifo,uniform,0,0
2025-10-29T14:38:52.279118,PUBLISH,472235096fb241aabd609871a9d45495,68f2d95bd190740cfd6a2659,ENQUEUED,0.2688276817850346,questions_in,fifo,uniform,0,0
2025-10-29T14:38:52.472713,PUBLISH,62fbfcd5ca3e49b38dcb90cf9b197481,68f2d95bd190740cfd6a251c,ENQUEUED,0.1877977832315807,questions_in,fifo,uniform,0,0
2025-10-29T14:38:52.725278,PUBLISH,b9802344412845f3aa60f99732e196d7,68f2d95bd190740cfd6a25cc,ENQUEUED,0.24610114159232582,questions_in,fifo,uniform,0,0
2025-10-29T14:38:52.868925,PUBLISH,f50e3b7d23b64dc5947f8550f099aaa5,68f2d95bd190740cfd6a1ba1,ENQUEUED,0.13704478743052684,questions_in,fifo,uniform,0,0
2025-10-29T14:38:52.979058,PUBLISH,94844a0c7ee140c1b415f3544492b9ae,68f2d95bd190740cfd6a2fde,ENQUEUED,0.10358269401684464,questions_in,fifo,uniform,0,0
2025-10-29T14:38:53.132740,PUBLISH,b3dab82551c247e7828e68d9fee3f2e4,68f2d95bd190740cfd6a1ebf,ENQUEUED,0.14822144910710106,questions_in,fifo,uniform,0,0
2025-10-29T14:38:53.245215,PUBLISH,0ea1378500204579a89acd4498f0e1bc,68f2d95bd190740cfd6a2892,ENQUEUED,0.10717926579527326,questions_in,fifo,uniform,0,0
2025-10-29T14:38:53.692837,PUBLISH,835bd8e0a8d242438e9e8a10e628ed89,68f2d95bd190740cfd6a3325,ENQUEUED,0.4421908691468954,questions_in,fifo,uniform,0,0
2025-10-29T14:38:53.860229,PUBLISH,9ff565f12f4c4b8aa6c3a238719f1e36,68f2d95bd190740cfd6a3015,ENQUEUED,0.16177799773995957,questions_in,fifo,uniform,0,0
2025-10-29T14:38:54.232630,PUBLISH,735c1091765742c3adc8d67bbe6f8952,68f2d95bd190740cfd6a285c,ENQUEUED,0.3670769359765468,questions_in,fifo,uniform,0,0
2025-10-29T14:38:54.709690,PUBLISH,ebb4466783174b658acc5c71fea73e38,68f2d95bd190740cfd6a1eee,ENQUEUED,0.4687695947295494,questions_in,fifo,uniform,0,0
2025-10-29T14:38:55.097345,PUBLISH,d21dfefdb139436ea96370e6709a4bd2,68f2d95bd190740cfd6a1e00,ENQUEUED,0.3858432337353913,questions_in,fifo,uniform,0,0
2025-10-29T14:38:55.365914,PUBLISH,e3e894d4fe9443c8aa5802d09006211c,68f2d95bd190740cfd6a2c71,ENQUEUED,0.2633047700720853,questions_in,fifo,uniform,0,0
2025-10-29T14:38:55.532166,PUBLISH,9975fc890fe94456b117d8d46b96dba3,68f2d95bd190740cfd6a3d52,ENQUEUED,0.15933536867219034,questions_in,fifo,uniform,0,0
2025-10-29T14:38:55.814111,PUBLISH,ea884ebef183491f9dd7bbc18ddf615e,68f2d95bd190740cfd6a29ef,ENQUEUED,0.2760146327535471,questions_in,fifo,uniform,0,0
2025-10-29T14:38:56.036869,PUBLISH,1260597834544fc99e475ef3289fe093,68f2d95bd190740cfd6a31bd,ENQUEUED,0.2172741690043637,questions_in,fifo,uniform,0,0
2025-10-29T14:38:56.321229,PUBLISH,0a1930134b35447aa6c1015831f45b2c,68f2d95bd190740cfd6a3a74,ENQUEUED,0.2768679241871588,questions_in,fifo,uniform,0,0
2025-10-29T14:38:56.484811,PUBLISH,857f9bf5ea2c41bca7dca1db7426ba62,68f2d95bd190740cfd6a3be0,ENQUEUED,0.15790660477481927,questions_in,fifo,uniform,0,0
2025-10-29T14:38:56.621255,PUBLISH,138d24ad48d7464190a498d993323e09,68f2d95bd190740cfd6a352a,ENQUEUED,0.13095731759758863,questions_in,fifo,uniform,0,0
2025-10-29T14:38:56.902667,PUBLISH,f9f90b50841c4569aa2394df37b61e6b,68f2d95bd190740cfd6a2fdb,ENQUEUED,0.2750443577580116,questions_in,fifo,uniform,0,0
2025-10-29T14:38:57.265032,PUBLISH,c301c4e6a57a43c18f35350dd97260ea,68f2d95bd190740cfd6a3468,ENQUEUED,0.3560785635844196,questions_in,fifo,uniform,0,0
2025-10-29T14:38:57.629077,PUBLISH,42a6564c25d3433bb46afc1641d5803e,68f2d95bd190740cfd6a410f,ENQUEUED,0.3584718247708919,questions_in,fifo,uniform,0,0
2025-10-29T14:38:58.123407,PUBLISH,9549767fe6454bd49ce2fcbd6df946f4,68f2d95bd190740cfd6a2f69,ENQUEUED,0.4924213983462268,questions_in,fifo,uniform,0,0
2025-10-29T14:38:58.348053,PUBLISH,c9250a0fa222428e9b2f3dea0a2379b7,68f2d95bd190740cfd6a2032,ENQUEUED,0.21839103648459954,questions_in,fifo,uniform,0,0
2025-10-29T14:38:58.713957,PUBLISH,526a1b3ab4ce46d3a42776e473e65e50,68f2d95bd190740cfd6a3bb5,ENQUEUED,0.3600354837496812,questions_in,fifo,uniform,0,0
2025-10-29T14:38:59.208604,PUBLISH,7ce32ddd9afd43adb64678046401d4d7,68f2d95bd190740cfd6a1cf4,ENQUEUED,0.4885949100919714,questions_in,fifo,uniform,0,0
2025-10-29T14:38:59.609477,PUBLISH,0af1aa9f746645bba23e465900d7d79d,68f2d95bd190740cfd6a40a5,ENQUEUED,0.39530848678894326,questions_in,fifo,uniform,0,0
2025-10-29T14:39:00.002188,PUBLISH,390a2042820a4a2698e96ea1343ac453,68f2d95bd190740cfd6a3e92,ENQUEUED,0.38660397418623504,questions_in,fifo,uniform,0,0
2025-10-29T14:39:00.188409,PUBLISH,32e5b81bc78149d196521f4626a04308,68f2d95bd190740cfd6a31c4,ENQUEUED,0.18089953272408488,questions_in,fifo,uniform,0,0
2025-10-29T14:39:00.555751,PUBLISH,e33d9349369c4a5f8ac4359546bff033,68f2d95bd190740cfd6a33a0,ENQUEUED,0.36194523158030567,questions_in,fifo,uniform,0,0
2025-10-29T14:39:00.867791,PUBLISH,a23686bb3a084dc78b0626d9967acff2,68f2d95bd190740cfd6a259c,ENQUEUED,0.30750135299482995,questions_in,fifo,uniform,0,0
2025-10-29T14:39:01.162384,PUBLISH,ad35c324ea84402b8225daea2e949564,68f2d95bd190740cfd6a3094,ENQUEUED,0.29191401394836736,questions_in,fifo,uniform,0,0
2025-10-29T14:39:01.384647,PUBLISH,3f451004a2884139956ec66412eecc55,68f2d95bd190740cfd6a3de7,ENQUEUED,0.21689674543502455,questions_in,fifo,uniform,0,0
2025-10-29T14:39:01.823959,PUBLISH,f07c6f28466d44e898a979212e32e5a7,68f2d95bd190740cfd6a2581,ENQUEUED,0.4326257647607342,questions_in,fifo,uniform,0,0
2025-10-29T14:39:02.239792,PUBLISH,5173092b703f41e7aec7aa723fc429cc,68f2d95bd190740cfd6a2864,ENQUEUED,0.4080884082230837,questions_in,fifo,uniform,0,0
2025-10-29T14:39:02.616131,PUBLISH,57ec0c4cee534c2ea70397253203f919,68f2d95bd190740cfd6a343f,ENQUEUED,0.3703418313591561,questions_in,fifo,uniform,0,0
2025-10-29T14:39:03.083703,PUBLISH,4d1ea0043d96425ca5d64edba0d4935f,68f2d95bd190740cfd6a29b1,ENQUEUED,0.4613727474479311,questions_in,fifo,uniform,0,0
2025-10-29T14:39:03.527068,PUBLISH,52fd896ec3b340f0b9502269237c069f,68f2d95bd190740cfd6a3e2c,ENQUEUED,0.43740922468447263,questions_in,fifo,uniform,0,0
2025-10-29T14:39:03.833338,PUBLISH,0089d64173f244bea4590b3d8c584fbd,68f2d95bd190740cfd6a1f1b,ENQUEUED,0.3003191369232935,questions_in,fifo,uniform,0,0
2025-10-29T14:39:03.948500,PUBLISH,7e278fa8f2da47eb9279958d20a92a2f,68f2d95bd190740cfd6a28c8,ENQUEUED,0.11182176403240912,questions_in,fifo,uniform,0,0
2025-10-29T14:39:04.135331,PUBLISH,4f6cd86aca594c6fb22828d5f279c340,68f2d95bd190740cfd6a21d7,ENQUEUED,0.18157584937327265,questions_in,fifo,uniform,0,0
2025-10-29T14:39:04.507186,PUBLISH,af5e97b023424bbaafde91128c20eeb5,68f2d95bd190740cfd6a3509,ENQUEUED,0.3668209636627142,questions_in,fifo,uniform,0,0
2025-10-29T14:39:04.892871,PUBLISH,f759b504e5e44c6fa26d67e95bbd3e1a,68f2d95bd190740cfd6a1b8b,ENQUEUED,0.3799715280276811,questions_in,fifo,uniform,0,0
2025-10-29T14:39:05.003734,PUBLISH,440d8ee8088144d2b77e0926ce9f873a,68f2d95bd190740cfd6a26fe,ENQUEUED,0.10735831020914569,questions_in,fifo,uniform,0,0
2025-10-29T14:39:05.441896,PUBLISH,fbc58aaa7c4547c2b84bb6e3e0b7cb77,68f2d95bd190740cfd6a1ee7,ENQUEUED,0.4325176178465596,questions_in,fifo,uniform,0,0
2025-10-29T14:39:05.805374,PUBLISH,955e108698554e84a58c5130085e1c9a,68f2d95bd190740cfd6a22ca,ENQUEUED,0.3578508341392377,questions_in,fifo,uniform,0,0
2025-10-29T14:39:06.184561,PUBLISH,48caf8d33fb44f13a177e74f46f370a0,68f2d95bd190740cfd6a2db7,ENQUEUED,0.3700221242780085,questions_in,fifo,uniform,0,0
2025-10-29T14:39:06.556293,PUBLISH,b03bb357d4a649bc9b385419b44442d4,68f2d95bd190740cfd6a3cda,ENQUEUED,0.3660484495021791,questions_in,fifo,uniform,0,0
2025-10-29T14:39:06.741295,PUBLISH,a14d15fff6664f958ae248b5e7a500ec,68f2d95bd190740cfd6a3a64,ENQUEUED,0.1796270181339976,questions_in,fifo,uniform,0,0
2025-10-29T14:39:07.150312,PUBLISH,270c465238b243f5b0b0dc42f0e354a3,68f2d95bd190740cfd6a345c,ENQUEUED,0.40583299998735134,questions_in,fifo,uniform,0,0
2025-10-29T14:39:07.306699,PUBLISH,f0bb284c5e824d76b7df1b2c4722bd3c,68f2d95bd190740cfd6a3d0d,ENQUEUED,0.15038389690757056,questions_in,fifo,uniform,0,0
2025-10-29T14:39:07.486172,PUBLISH,79570a9f152b419e8adfaf1246c676b7,68f2d95bd190740cfd6a1dad,ENQUEUED,0.17371361534102114,questions_in,fifo,uniform,0,0
2025-10-29T14:39:07.908868,PUBLISH,c0101314f1f947e5bcf43020d1c821c3,68f2d95bd190740cfd6a20dd,ENQUEUED,0.4158638648995997,questions_in,fifo,uniform,0,0
2025-10-29T14:39:08.074728,PUBLISH,cda4863e597c4646a0fd74071d51008e,68f2d95bd190740cfd6a3e53,ENQUEUED,0.15805625764994466,questions_in,fifo,uniform,0,0
2025-10-29T14:39:08.374390,PUBLISH,6da51f757d64411ea8f496deff96e40c,68f2d95bd190740cfd6a240e,ENQUEUED,0.2941096577860247,questions_in,fifo,uniform,0,0
2025-10-29T14:39:08.541906,PUBLISH,61e82a0fbf254540b3377209c00156ae,68f2d95bd190740cfd6a3bf2,ENQUEUED,0.16154862248655638,questions_in,fifo,uniform,0,0
2025-10-29T14:39:08.703997,PUBLISH,fb490db028f94759956fd87258b1358e,68f2d95bd190740cfd6a3279,ENQUEUED,0.1564250084569185,questions_in,fifo,uniform,0,0
2025-10-29T14:39:09.159687,PUBLISH,c87ba35d244940fe8c10149c20d2e32f,68f2d95bd190740cfd6a3b16,ENQUEUED,0.4522061397519712,questions_in,fifo,uniform,0,0
2025-10-29T14:39:09.395478,PUBLISH,52a654b2a5384d8385b2e0cac4e20df2,68f2d95bd190740cfd6a1e56,ENQUEUED,0.23045147159213558,questions_in,fifo,uniform,0,0
2025-10-29T14:39:09.559057,PUBLISH,271d7bd221d245a4afb24cfcf7f7271e,68f2d95bd190740cfd6a40d9,ENQUEUED,0.15816563592272007,questions_in,fifo,uniform,0,0
2025-10-29T14:39:09.805160,PUBLISH,606ed89bb68141a294b7b5b91dfb0ef2,68f2d95bd190740cfd6a2bf6,ENQUEUED,0.24074151231996194,questions_in,fifo,uniform,0,0
2025-10-29T14:39:10.135383,PUBLISH,6d93be4f5c584406bd6c3cfd4097efb7,68f2d95bd190740cfd6a3a17,ENQUEUED,0.32838936737024416,questions_in,fifo,uniform,0,0
2025-10-29T14:39:10.387380,PUBLISH,bc588f3274f641c0b375d396f1437d88,68f2d95bd190740cfd6a2c7e,ENQUEUED,0.24597024610284418,questions_in,fifo,uniform,0,0
2025-10-29T14:39:10.711088,PUBLISH,ea7701844e974b548aaf1570bece7a60,68f2d95bd190740cfd6a4070,ENQUEUED,0.32245410755042214,questions_in,fifo,uniform,0,0
2025-10-29T14:39:11.167494,PUBLISH,6e87797de0f34d30892c1805da28fd90,68f2d95bd190740cfd6a22d0,ENQUEUED,0.4506002624276877,questions_in,fifo,uniform,0,0
2025-10-29T14:39:11.367664,PUBLISH,3ca2f66557a047b6b6fb29890853dbce,68f2d95bd190740cfd6a351a,ENQUEUED,0.19231452896446047,questions_in,fifo,uniform,0,0
2025-10-29T14:39:11.529394,PUBLISH,ce90517c80b44c5caab9d50c1d91cbc4,68f2d95bd190740cfd6a3fb3,ENQUEUED,0.1601954275598173,questions_in,fifo,uniform,0,0
2025-10-29T14:39:11.799860,PUBLISH,f73a4e41501941739536ce78830dab8d,68f2d95bd190740cfd6a394f,ENQUEUED,0.26412521113941945,questions_in,fifo,uniform,0,0
2025-10-29T14:39:12.048327,PUBLISH,7ac75aa7e4424427b3bbf6bf0ecec83d,68f2d95bd190740cfd6a4130,ENQUEUED,0.24182305545057445,questions_in,fifo,uniform,0,0
2025-10-29T14:39:12.234395,PUBLISH,0bb97f6b92804b10b018b6042a36fed7,68f2d95bd190740cfd6a2801,ENQUEUED,0.1806469540978701,questions_in,fifo,uniform,0,0
2025-10-29T14:39:12.505500,PUBLISH,f63a741badf84a3997417404117a28f7,68f2d95bd190740cfd6a1b0c,ENQUEUED,0.2655244612998431,questions_in,fifo,uniform,0,0
2025-10-29T14:39:12.769013,PUBLISH,46ec7b81c70549e7893fc8ae9c26b1fb,68f2d95bd190740cfd6a1e0c,ENQUEUED,0.2552443004973546,questions_in,fifo,uniform,0,0
2025-10-29T14:39:12.965299,PUBLISH,830ca1ae0d7b404089b15e75f68fb9fa,68f2d95bd190740cfd6a3c0c,ENQUEUED,0.19071043323134443,questions_in,fifo,uniform,0,0
2025-10-29T14:39:13.461706,PUBLISH,97c26d919acc4cb7a60e97227d0e618a,68f2d95bd190740cfd6a3af1,ENQUEUED,0.490634280094556,questions_in,fifo,uniform,0,0
2025-10-29T14:39:13.693080,PUBLISH,13cd10ed43544a0199e7624793728357,68f2d95bd190740cfd6a3148,ENQUEUED,0.22530559034520292,questions_in,fifo,uniform,0,0
2025-10-29T14:39:13.882772,PUBLISH,02ad9975c0f543e7a27e04a2e0ac9d78,68f2d95bd190740cfd6a3ee1,ENQUEUED,0.18829174008023114,questions_in,fifo,uniform,0,0
2025-10-29T14:39:14.245214,PUBLISH,44b73737ebb44de6b786207ec352b04e,68f2d95bd190740cfd6a2eef,ENQUEUED,0.356686742460922,questions_in,fifo,uniform,0,0
2025-10-29T14:39:14.608347,PUBLISH,75cdb65d12d440ed82bee7dd1f0d3835,68f2d95bd190740cfd6a3bba,ENQUEUED,0.3569346077991602,questions_in,fifo,uniform,0,0
2025-10-29T14:39:15.069342,PUBLISH,bc952d528aeb46b997ae7b486e4fc6ff,68f2d95bd190740cfd6a3659,ENQUEUED,0.4548109216757975,questions_in,fifo,uniform,0,0
2025-10-29T14:39:15.534405,PUBLISH,5cd6c56075b44b24b03bac67c26638d0,68f2d95bd190740cfd6a22da,ENQUEUED,0.4595694365105063,questions_in,fifo,uniform,0,0
2025-10-29T14:39:15.850007,PUBLISH,b48e7e7953b74bc9aaf3cfd9845db5af,68f2d95bd190740cfd6a3526,ENQUEUED,0.3075392890758821,questions_in,fifo,uniform,0,0
2025-10-29T14:39:16.098981,PUBLISH,ac44a27272f14f6486aac8c33583688b,68f2d95bd190740cfd6a38b1,ENQUEUED,0.24362319538868152,questions_in,fifo,uniform,0,0
2025-10-29T14:39:16.518914,PUBLISH,8f0e41d601a94f9091b40a75a30d0980,68f2d95bd190740cfd6a317b,ENQUEUED,0.41439310620226355,questions_in,fifo,uniform,0,0
2025-10-29T14:39:16.969822,PUBLISH,ae5736b00676494d9d92046aad798054,68f2d95bd190740cfd6a3d51,ENQUEUED,0.44525352578193267,questions_in,fifo,uniform,0,0
2025-10-29T14:39:17.113898,PUBLISH,5c9bc1f9bc0c407f9efeed4887bae613,68f2d95bd190740cfd6a2cdf,ENQUEUED,0.13809186882469693,questions_in,fifo,uniform,0,0
2025-10-29T14:39:17.378908,PUBLISH,e91bbda1a74a48c69ad00c571e5ba2c9,68f2d95bd190740cfd6a3574,ENQUEUED,0.25813887349777703,questions_in,fifo,uniform,0,0
2025-10-29T14:39:17.875518,PUBLISH,f8baf357ab2c49efaa0e26dabc56d010,68f2d95bd190740cfd6a2410,ENQUEUED,0.4949575757876926,questions_in,fifo,uniform,0,0
2025-10-29T14:39:18.271072,PUBLISH,af09751583524c04ab859679bf1662e1,68f2d95bd190740cfd6a2541,ENQUEUED,0.3889600514523516,questions_in,fifo,uniform,0,0
2025-10-29T14:39:18.588215,PUBLISH,3ca909cd4c044596a1409d22f62dd18d,68f2d95bd190740cfd6a1b94,ENQUEUED,0.31056106527691313,questions_in,fifo,uniform,0,0
2025-10-29T14:39:18.783019,PUBLISH,3f1083aea7c14e4c98d4a8c393d16b29,68f2d95bd190740cfd6a2420,ENQUEUED,0.18746887845636465,questions_in,fifo,uniform,0,0
2025-10-29T14:39:18.973528,PUBLISH,3b404c636ce74d538710be9cbc5bf7e7,68f2d95bd190740cfd6a2f83,ENQUEUED,0.18452669214593154,questions_in,fifo,uniform,0,0
2025-10-29T14:39:19.100780,PUBLISH,3a771847d6e94432b7e7d9732f5ec5f0,68f2d95bd190740cfd6a4070,ENQUEUED,0.12212642400748153,questions_in,fifo,uniform,0,0
2025-10-29T14:39:19.534246,PUBLISH,f222e9d97a2d4456ab0dd9fb5f905a36,68f2d95bd190740cfd6a30a3,ENQUEUED,0.4281244769584963,questions_in,fifo,uniform,0,0
2025-10-29T14:39:19.861189,PUBLISH,f6797a6fe6d14c9b9c10d37e48efaa09,68f2d95bd190740cfd6a269c,ENQUEUED,0.32156294561021875,questions_in,fifo,uniform,0,0
2025-10-29T14:39:20.244771,PUBLISH,fb1c8d3f5678451e9f36714715e50a02,68f2d95bd190740cfd6a3c9b,ENQUEUED,0.3772603727752859,questions_in,fifo,uniform,0,0
2025-10-29T14:39:20.478951,PUBLISH,ade8b0a5da2c468e971d991008895663,68f2d95bd190740cfd6a34ab,ENQUEUED,0.22894367872887106,questions_in,fifo,uniform,0,0
2025-10-29T14:39:20.707113,PUBLISH,14900a7982674d1da186fae23a6fb4af,68f2d95bd190740cfd6a1fc3,ENQUEUED,0.22248501624338834,questions_in,fifo,uniform,0,0
2025-10-29T14:39:21.035249,PUBLISH,b0f52326576045ef92febb00ac701de9,68f2d95bd190740cfd6a3d02,ENQUEUED,0.3222899088790042,questions_in,fifo,uniform,0,0
2025-10-29T14:39:21.211555,PUBLISH,afe908f2f8bc4da38bcd18b7f07726ee,68f2d95bd190740cfd6a37d6,ENQUEUED,0.17094970863744713,questions_in,fifo,uniform,0,0
2025-10-29T14:39:21.409307,PUBLISH,aad6c5592bcb4ea3a419006df813bffb,68f2d95bd190740cfd6a2b80,ENQUEUED,0.1929483795205704,questions_in,fifo,uniform,0,0
2025-10-29T14:39:21.636278,PUBLISH,d5cf06a94fc04eceb6aa92d4d1560be3,68f2d95bd190740cfd6a3f70,ENQUEUED,0.22069539682682723,questions_in,fifo,uniform,0,0
2025-10-29T14:39:21.862149,PUBLISH,a1eea2a38b9d4db083dad5e45aaf4db1,68f2d95bd190740cfd6a3f29,ENQUEUED,0.22060939648953118,questions_in,fifo,uniform,0,0
2025-10-29T14:39:22.261863,PUBLISH,0c983f8bdd4c4901ba2bdb7151f4c421,68f2d95bd190740cfd6a3739,ENQUEUED,0.39385762991864914,questions_in,fifo,uniform,0,0
2025-10-29T14:39:22.424905,PUBLISH,9830827ce1a24a85ba29db7f3d3c5ee2,68f2d95bd190740cfd6a4037,ENQUEUED,0.1609927784995313,questions_in,fifo,uniform,0,0
2025-10-29T14:39:22.676207,PUBLISH,13ebaeea94774950a36b2a133baf5dfc,68f2d95bd190740cfd6a3fa9,ENQUEUED,0.24918222148945277,questions_in,fifo,uniform,0,0
2025-10-29T14:39:23.137320,PUBLISH,616afaadbe7b4ae8b535d185097b3ded,68f2d95bd190740cfd6a28d8,ENQUEUED,0.4591033447343775,questions_in,fifo,uniform,0,0
2025-10-29T14:39:23.286602,PUBLISH,942c0733590b41d58e7781735f026514,68f2d95bd190740cfd6a2036,ENQUEUED,0.1439549636788019,questions_in,fifo,uniform,0,0
2025-10-29T14:39:23.740875,PUBLISH,860d7c14543b431d8bd45b92e4bcca6a,68f2d95bd190740cfd6a2c14,ENQUEUED,0.44818870854709747,questions_in,fifo,uniform,0,0
2025-10-29T14:39:24.114388,PUBLISH,26a3bbe8cecf4612935e142f65c73c17,68f2d95bd190740cfd6a28d3,ENQUEUED,0.3670982921606093,questions_in,fifo,uniform,0,0
2025-10-29T14:39:24.229520,PUBLISH,bb67c5f2907d4f468a6aef5becd40adf,68f2d95bd190740cfd6a3230,ENQUEUED,0.10959265403451024,questions_in,fifo,uniform,0,0
2025-10-29T14:39:24.555151,PUBLISH,337c8a40f0da49d3b6f3b8f5ccf7ee23,68f2d95bd190740cfd6a35d8,ENQUEUED,0.31897947797834414,questions_in,fifo,uniform,0,0
2025-10-29T14:39:24.749826,PUBLISH,53b015c108ea4f57aef34c7f1d277312,68f2d95bd190740cfd6a234b,ENQUEUED,0.18888231437736716,questions_in,fifo,uniform,0,0
2025-10-29T14:39:25.085532,PUBLISH,e982bd7f291f4edaa5032f99e4ba04f2,68f2d95bd190740cfd6a40dc,ENQUEUED,0.3267143883597444,questions_in,fifo,uniform,0,0
2025-10-29T14:39:25.222909,PUBLISH,f1adf31f709845ab928176c18bbc0116,68f2d95bd190740cfd6a1b86,ENQUEUED,0.13112666795927883,questions_in,fifo,uniform,0,0
2025-10-29T14:39:25.393040,PUBLISH,09215285834f4e4aa8b66002af37e0d7,68f2d95bd190740cfd6a3a44,ENQUEUED,0.16356964787978256,questions_in,fifo,uniform,0,0
2025-10-29T14:39:25.659467,PUBLISH,6848ff05dfae4958bf12fb11f972e476,68f2d95bd190740cfd6a3f1d,ENQUEUED,0.26456283889922855,questions_in,fifo,uniform,0,0
2025-10-29T14:39:25.964163,PUBLISH,8daf7bd4cae84331b5ee3eed5dd1ff6a,68f2d95bd190740cfd6a375f,ENQUEUED,0.3019461240461989,questions_in,fifo,uniform,0,0
2025-10-29T14:39:26.423807,PUBLISH,40e5dab2d76e415ab7921773e8c93e69,68f2d95bd190740cfd6a36dd,ENQUEUED,0.4577207507108364,questions_in,fifo,uniform,0,0
2025-10-29T14:39:26.589618,PUBLISH,cbafe253eb9d4aceb33317f4c367c0e9,68f2d95bd190740cfd6a25a5,ENQUEUED,0.15999975141529466,questions_in,fifo,uniform,0,0
2025-10-29T14:39:27.091357,PUBLISH,f6d71f869650478b9fb49dd21d1614c6,68f2d95bd190740cfd6a2178,ENQUEUED,0.4961932260915699,questions_in,fifo,uniform,0,0
2025-10-29T14:39:27.234756,PUBLISH,02979a4c4d91428b8c3db12c755b3fd5,68f2d95bd190740cfd6a362f,ENQUEUED,0.13795724999301873,questions_in,fifo,uniform,0,0
2025-10-29T14:39:27.738776,PUBLISH,497d9f6120fe4fd0a3e83ab86e285bf3,68f2d95bd190740cfd6a21b9,ENQUEUED,0.4980100524847173,questions_in,fifo,uniform,0,0
2025-10-29T14:39:28.119274,PUBLISH,c84b797b97f04e77ad8ab5a103f0ae19,68f2d95bd190740cfd6a1beb,ENQUEUED,0.37472982647863684,questions_in,fifo,uniform,0,0
2025-10-29T14:39:28.584433,PUBLISH,285a011bdc48406aa00d1ee3fe66d363,68f2d95bd190740cfd6a3ea3,ENQUEUED,0.4593618444394957,questions_in,fifo,uniform,0,0
2025-10-29T14:39:28.757181,PUBLISH,f319854bb4b4455a8e24b1fb5e997eb9,68f2d95bd190740cfd6a33e6,ENQUEUED,0.1674264555602893,questions_in,fifo,uniform,0,0
2025-10-29T14:39:29.111227,PUBLISH,66a8ef976e8949e99366b0b8886d4aaf,68f2d95bd190740cfd6a3cb5,ENQUEUED,0.3483088879938483,questions_in,fifo,uniform,0,0
2025-10-29T14:39:29.437355,PUBLISH,caeafe2597b0469bb78d148e70a038a6,68f2d95bd190740cfd6a20ea,ENQUEUED,0.32018620696012023,questions_in,fifo,uniform,0,0
2025-10-29T14:39:29.574351,PUBLISH,de20f3313f3d4d57b320ab61c5cdb70a,68f2d95bd190740cfd6a2ffb,ENQUEUED,0.13161031171998722,questions_in,fifo,uniform,0,0
2025-10-29T14:39:29.961737,PUBLISH,69c381a3720942bf9b73bb2638f66313,68f2d95bd190740cfd6a3ccc,ENQUEUED,0.3812933504587015,questions_in,fifo,uniform,0,0
2025-10-29T14:39:30.328239,PUBLISH,9aee541fdf3a41628dd1c72d7dbd820d,68f2d95bd190740cfd6a3400,ENQUEUED,0.36093877036536404,questions_in,fifo,uniform,0,0
2025-10-29T14:39:30.463115,PUBLISH,fd7e15b619af4945872d558a3bd21ad4,68f2d95bd190740cfd6a2881,ENQUEUED,0.12917174363547607,questions_in,fifo,uniform,0,0
2025-10-29T14:39:30.883530,PUBLISH,b26a3991355940619bd950b5cffcce82,68f2d95bd190740cfd6a2d4c,ENQUEUED,0.41319821960968994,questions_in,fifo,uniform,0,0
2025-10-29T14:39:31.181004,PUBLISH,6251cddc62f742abb545846ff2be2fa8,68f2d95bd190740cfd6a2a6e,ENQUEUED,0.29146714990178585,questions_in,fifo,uniform,0,0
2025-10-29T14:39:31.319436,PUBLISH,251d6f5ccf024fb896cd541f0b9ad595,68f2d95bd190740cfd6a21f2,ENQUEUED,0.13295174869379386,questions_in,fifo,uniform,0,0
2025-10-29T14:39:31.512868,PUBLISH,3c448d00d4af4cbfb84ec3d856806552,68f2d95bd190740cfd6a36b1,ENQUEUED,0.18787681312397575,questions_in,fifo,uniform,0,0
2025-10-29T14:39:31.916704,PUBLISH,9766d9f176214b4781914354d50f19a3,68f2d95bd190740cfd6a372c,ENQUEUED,0.4020320043511886,questions_in,fifo,uniform,0,0
2025-10-29T14:39:32.201551,PUBLISH,4cd929af934040aebf6ad52fa69150fd,68f2d95bd190740cfd6a224e,ENQUEUED,0.2783517565503305,questions_in,fifo,uniform,0,0
2025-10-29T14:39:32.411137,PUBLISH,d4dfd639db3a49d7a62a8027d819e836,68f2d95bd190740cfd6a34f1,ENQUEUED,0.20321339784420855,questions_in,fifo,uniform,0,0
2025-10-29T14:39:32.793267,PUBLISH,e59f3be5ed784b169da257d3d8918d5a,68f2d95bd190740cfd6a3b63,ENQUEUED,0.3804114084639999,questions_in,fifo,uniform,0,0
2025-10-29T14:39:33.011078,PUBLISH,bff08ffedb354e5d9a0a57f55121094d,68f2d95bd190740cfd6a2b43,ENQUEUED,0.2122007896379947,questions_in,fifo,uniform,0,0
2025-10-29T14:39:33.480758,PUBLISH,731dba8f11134cd288c4f1e3968102ac,68f2d95bd190740cfd6a30db,ENQUEUED,0.4631949549806268,questions_in,fifo,uniform,0,0
2025-10-29T14:39:33.683091,PUBLISH,30fce8e5d5a642e1b9d3c7c71b4f4ec1,68f2d95bd190740cfd6a3eaf,ENQUEUED,0.19642254390914093,questions_in,fifo,uniform,0,0
2025-10-29T14:39:33.839358,PUBLISH,0e493e56f642425299c4e2ad034f77f4,68f2d95bd190740cfd6a20ae,ENQUEUED,0.15097392088295322,questions_in,fifo,uniform,0,0
2025-10-29T14:39:34.199570,PUBLISH,9d59220174004fb8a3d990444c45ab27,68f2d95bd190740cfd6a1c5d,ENQUEUED,0.3542460301452258,questions_in,fifo,uniform,0,0
2025-10-29T14:39:34.521088,PUBLISH,bf0aec246cb040bf88a8c78b241db440,68f2d95bd190740cfd6a3fc2,ENQUEUED,0.31560737151990403,questions_in,fifo,uniform,0,0
2025-10-29T14:39:34.930089,PUBLISH,34d91c32a13143d38cdd461f756afba0,68f2d95bd190740cfd6a4135,ENQUEUED,0.4035400191720152,questions_in,fifo,uniform,0,0
2025-10-29T14:39:35.115634,PUBLISH,30867fc514b8429eb25253111f61f8b3,68f2d95bd190740cfd6a3a45,ENQUEUED,0.18041351264713912,questions_in,fifo,uniform,0,0
2025-10-29T14:39:35.230471,PUBLISH,7a312a8889334400a7eb06899a831b52,68f2d95bd190740cfd6a40ab,ENQUEUED,0.1088234531386449,questions_in,fifo,uniform,0,0
2025-10-29T14:39:35.704507,PUBLISH,6892db8d92034a04a534e25d747794d0,68f2d95bd190740cfd6a3420,ENQUEUED,0.4683622533080194,questions_in,fifo,uniform,0,0
2025-10-29T14:39:36.088587,PUBLISH,55d413481161408898a19be4310a1687,68f2d95bd190740cfd6a379c,ENQUEUED,0.3781593094476835,questions_in,fifo,uniform,0,0
2025-10-29T14:39:36.574372,PUBLISH,c1729a64340d49a899dbbcc7920386ea,68f2d95bd190740cfd6a3b6c,ENQUEUED,0.47938318421750314,questions_in,fifo,uniform,0,0
2025-10-29T14:39:36.789692,PUBLISH,46b99f518a6449639e44109bda21f519,68f2d95bd190740cfd6a2d9f,ENQUEUED,0.20980176676439208,questions_in,fifo,uniform,0,0
2025-10-29T14:39:36.978025,PUBLISH,b9354202c15f47f4a86e08b96fb3a33b,68f2d95bd190740cfd6a41c1,ENQUEUED,0.17944968177757784,questions_in,fifo,uniform,0,0
2025-10-29T14:39:37.113774,PUBLISH,af9bb867e1ae4439a73009b4a47b2221,68f2d95bd190740cfd6a339b,ENQUEUED,0.12969230632873674,questions_in,fifo,uniform,0,0
2025-10-29T14:39:37.387052,PUBLISH,ebf8ad255e0a4a28845c8b66d818b6cf,68f2d95bd190740cfd6a2545,ENQUEUED,0.26760383221329553,questions_in,fifo,uniform,0,0
2025-10-29T14:39:37.519883,PUBLISH,3ae1d9dcded44263b54322cbdf98dc12,68f2d95bd190740cfd6a3152,ENQUEUED,0.12748130195497628,questions_in,fifo,uniform,0,0
2025-10-29T14:39:37.966081,PUBLISH,a9848d076b5e406e82a7d6acc1ae214b,68f2d95bd190740cfd6a3e1d,ENQUEUED,0.44086369484941734,questions_in,fifo,uniform,0,0
2025-10-29T14:39:38.214013,PUBLISH,a0f4b231587d42baa14cbf6618facacd,68f2d95bd190740cfd6a2ce1,ENQUEUED,0.24291057532955174,questions_in,fifo,uniform,0,0
2025-10-29T14:39:38.661620,PUBLISH,0dfa9f11dcde4b058b0058a9e1cd247b,68f2d95bd190740cfd6a2556,ENQUEUED,0.44137787015724805,questions_in,fifo,uniform,0,0
2025-10-29T14:39:39.041993,PUBLISH,3e068c0e2c9a4a39a0191cde2add4c76,68f2d95bd190740cfd6a1e07,ENQUEUED,0.3745058786185963,questions_in,fifo,uniform,0,0
2025-10-29T14:39:39.327389,PUBLISH,3a35541a22824c6e8bf5950e9d22eedb,68f2d95bd190740cfd6a3ef6,ENQUEUED,0.2800101237631801,questions_in,fifo,uniform,0,0
2025-10-29T14:39:39.503852,PUBLISH,ce23e27f2fa34926a3b87c8c5aafb721,68f2d95bd190740cfd6a24ec,ENQUEUED,0.17072373146205133,questions_in,fifo,uniform,0,0
2025-10-29T14:39:39.887771,PUBLISH,4b7b4bfa363f4636aaacd8c9b151e08e,68f2d95bd190740cfd6a36b2,ENQUEUED,0.37758249432570445,questions_in,fifo,uniform,0,0
2025-10-29T14:39:40.301051,PUBLISH,0ace3c46b0054b72a30e002e44c66efc,68f2d95bd190740cfd6a22ca,ENQUEUED,0.40741971215081585,questions_in,fifo,uniform,0,0
2025-10-29T14:39:40.448088,PUBLISH,4215c782c5c745adb36cd2056bd67607,68f2d95bd190740cfd6a3329,ENQUEUED,0.14151960144120648,questions_in,fifo,uniform,0,0
2025-10-29T14:39:40.837769,PUBLISH,4c04e9ff26434fa98a1b692e59622658,68f2d95bd190740cfd6a3981,ENQUEUED,0.38385452819326515,questions_in,fifo,uniform,0,0
2025-10-29T14:39:41.017313,PUBLISH,5a667021ddb64fa4898e5df91461778a,68f2d95bd190740cfd6a2e56,ENQUEUED,0.17661729682699412,questions_in,fifo,uniform,0,0
2025-10-29T14:39:41.397237,PUBLISH,eb83ee84e8224cc48beea1eea37bf931,68f2d95bd190740cfd6a3a17,ENQUEUED,0.3733551997637531,questions_in,fifo,uniform,0,0
2025-10-29T14:39:41.693173,PUBLISH,f8236939adc3459580c4b1a338e7e284,68f2d95bd190740cfd6a2276,ENQUEUED,0.2915347072332578,questions_in,fifo,uniform,0,0
2025-10-29T14:39:41.825695,PUBLISH,81bb8a6dbee14e28b810c88f10bc6150,68f2d95bd190740cfd6a3cd5,ENQUEUED,0.12916700418501456,questions_in,fifo,uniform,0,0
2025-10-29T14:39:42.191626,PUBLISH,e578a750e198455ba4c0349e30a98a02,68f2d95bd190740cfd6a2b4e,ENQUEUED,0.3600272716305041,questions_in,fifo,uniform,0,0
2025-10-29T14:39:42.545005,PUBLISH,3d30648ac3bd40eaa11994b1d159209f,68f2d95bd190740cfd6a395c,ENQUEUED,0.34640591851515157,questions_in,fifo,uniform,0,0
2025-10-29T14:39:42.960223,PUBLISH,0402780d84fb405e8550e7b11fa1b619,68f2d95bd190740cfd6a3dea,ENQUEUED,0.4096096864123513,questions_in,fifo,uniform,0,0
2025-10-29T14:39:43.392332,PUBLISH,5b93316e2c0748109d0a702ff0a8d104,68f2d95bd190740cfd6a2966,ENQUEUED,0.42612394723196156,questions_in,fifo,uniform,0,0
2025-10-29T14:39:43.781732,PUBLISH,d980e1a81b2f4e7baf313e2c8185530d,68f2d95bd190740cfd6a358c,ENQUEUED,0.383383246811252,questions_in,fifo,uniform,0,0
2025-10-29T14:39:44.183755,PUBLISH,4a3ae9041abc468e92915455605e9014,68f2d95bd190740cfd6a3279,ENQUEUED,0.396309597871621,questions_in,fifo,uniform,0,0
2025-10-29T14:39:44.619074,PUBLISH,7851d198b15c4c58913d96e3add62aef,68f2d95bd190740cfd6a3760,ENQUEUED,0.42875779561388216,questions_in,fifo,uniform,0,0
2025-10-29T14:39:44.812567,PUBLISH,dda14a28d651401ca3e265ee6f932847,68f2d95bd190740cfd6a3684,ENQUEUED,0.18807342130976676,questions_in,fifo,uniform,0,0
2025-10-29T14:39:44.957014,PUBLISH,897ef8a7581945c0abc60ded9acc28ec,68f2d95bd190740cfd6a295e,ENQUEUED,0.1428909381538539,questions_in,fifo,uniform,0,0
2025-10-29T14:39:45.201357,PUBLISH,9b7adb47858742c2ae2d4bf90426d780,68f2d95bd190740cfd6a1ffd,ENQUEUED,0.23876967388793885,questions_in,fifo,uniform,0,0
2025-10-29T14:39:45.488876,PUBLISH,fe234747c2d94d8091265649d5f04072,68f2d95bd190740cfd6a3a48,ENQUEUED,0.28140430285887624,questions_in,fifo,uniform,0,0
2025-10-29T14:39:45.721460,PUBLISH,ea24ffeaba1d4e149493a53b9996e7ef,68f2d95bd190740cfd6a2d64,ENQUEUED,0.22715133097189766,questions_in,fifo,uniform,0,0
2025-10-29T14:39:46.007317,PUBLISH,5f5d16ee26b146fab19bdbb8d78c47da,68f2d95bd190740cfd6a3a24,ENQUEUED,0.27929112728915917,questions_in,fifo,uniform,0,0
2025-10-29T14:39:46.207994,PUBLISH,36eb254eb0b84637bc2872f27d3ef894,68f2d95bd190740cfd6a2121,ENQUEUED,0.19491503206180655,questions_in,fifo,uniform,0,0
2025-10-29T14:39:46.405922,PUBLISH,8b7b40b3ce674ddfb21c871b9aed472a,68f2d95bd190740cfd6a244f,ENQUEUED,0.19251783602000036,questions_in,fifo,uniform,0,0
2025-10-29T14:39:46.826514,PUBLISH,5e2b661234ca44f1b1bed7a3e2485389,68f2d95bd190740cfd6a257d,ENQUEUED,0.41502373268708925,questions_in,fifo,uniform,0,0
2025-10-29T14:39:47.093651,PUBLISH,069a790201a549f3a0ba04b97834c581,68f2d95bd190740cfd6a28ac,ENQUEUED,0.26544157530862067,questions_in,fifo,uniform,0,0
2025-10-29T14:39:47.377081,PUBLISH,f9d4254a50da45adbb47a22ec1a59476,68f2d95bd190740cfd6a3fa4,ENQUEUED,0.2776181396654172,questions_in,fifo,uniform,0,0
2025-10-29T14:39:47.607734,PUBLISH,c65d5f8cd38b406dba7c622d6c60e9b1,68f2d95bd190740cfd6a2a32,ENQUEUED,0.22470880053829623,questions_in,fifo,uniform,0,0
2025-10-29T14:39:47.951910,PUBLISH,d71d62ccaa944f6ea06914a8cbf7a843,68f2d95bd190740cfd6a3f9d,ENQUEUED,0.33820975545842047,questions_in,fifo,uniform,0,0
2025-10-29T14:39:48.307387,PUBLISH,a03ac0fd35a842f39357ae18a7b9f1ec,68f2d95bd190740cfd6a2e4e,ENQUEUED,0.3495828542598247,questions_in,fifo,uniform,0,0
2025-10-29T14:39:48.735223,PUBLISH,8d07ee26f00544f7be27a0409b5569ed,68f2d95bd190740cfd6a1ed0,ENQUEUED,0.42214097283974017,questions_in,fifo,uniform,0,0
2025-10-29T14:39:49.115149,PUBLISH,60a738b78c39457c89bdfef5ba4547ed,68f2d95bd190740cfd6a3488,ENQUEUED,0.3734329310167436,questions_in,fifo,uniform,0,0
2025-10-29T14:39:49.415500,PUBLISH,f7f132842f8b4e1a9bf6bf83977b7f1a,68f2d95bd190740cfd6a38ea,ENQUEUED,0.29402678721438225,questions_in,fifo,uniform,0,0
2025-10-29T14:39:49.606040,PUBLISH,add5c1ff497f40ca8ee429da9bd70a48,68f2d95bd190740cfd6a414e,ENQUEUED,0.1831740973104119,questions_in,fifo,uniform,0,0
2025-10-29T14:39:49.779754,PUBLISH,f1dd9e86d9fc4552836959dedbceb9e7,68f2d95bd190740cfd6a34bb,ENQUEUED,0.1677977053357536,questions_in,fifo,uniform,0,0
2025-10-29T14:39:50.168359,PUBLISH,4f65f1ebeec94ac895110b99be6e07ab,68f2d95bd190740cfd6a21df,ENQUEUED,0.3825369282118338,questions_in,fifo,uniform,0,0
2025-10-29T14:39:50.646726,PUBLISH,ac26adab91a549b3ba50fcc6ffc76bd5,68f2d95bd190740cfd6a1c36,ENQUEUED,0.47091871271852004,questions_in,fifo,uniform,0,0
2025-10-29T14:39:50.849067,PUBLISH,a642f5de156440dd92cc1456fdf5fe99,68f2d95bd190740cfd6a1d36,ENQUEUED,0.19535457242428095,questions_in,fifo,uniform,0,0
2025-10-29T14:39:51.342304,PUBLISH,6d89f68f985a4a97a7d3d3618957e14a,68f2d95bd190740cfd6a2ee9,ENQUEUED,0.4909814719226082,questions_in,fifo,uniform,0,0
2025-10-29T14:39:51.701130,PUBLISH,f9e16145374d4663bc67998199b4cc8c,68f2d95bd190740cfd6a1e69,ENQUEUED,0.3520553795197351,questions_in,fifo,uniform,0,0
2025-10-29T14:39:52.131489,PUBLISH,6c578410c69b4928acc1f07f7a2fbeb5,68f2d95bd190740cfd6a39d4,ENQUEUED,0.42430811239644195,questions_in,fifo,uniform,0,0
2025-10-29T14:39:52.423226,PUBLISH,599a6954bccf424ba27ec357366bc8b3,68f2d95bd190740cfd6a2204,ENQUEUED,0.28477785127480926,questions_in,fifo,uniform,0,0
2025-10-29T14:39:52.642636,PUBLISH,445558ee86ac4bc18ee4f1f7a88adc5e,68f2d95bd190740cfd6a2aad,ENQUEUED,0.2133268436189416,questions_in,fifo,uniform,0,0
2025-10-29T14:39:52.881243,PUBLISH,0567b8add18b47f5ae446f564d556131,68f2d95bd190740cfd6a3dfa,ENQUEUED,0.2327138839254586,questions_in,fifo,uniform,0,0
2025-10-29T14:39:53.076482,PUBLISH,c2eb05e0461847d38b57b40941ea0ee9,68f2d95bd190740cfd6a2f7a,ENQUEUED,0.18861225001344473,questions_in,fifo,uniform,0,0
2025-10-29T14:39:53.237294,PUBLISH,dd3b3c9542354ca592e5119874ae27c4,68f2d95bd190740cfd6a245f,ENQUEUED,0.1548725652019627,questions_in,fifo,uniform,0,0
2025-10-29T14:39:53.565913,PUBLISH,fbd47c9e69bf499c97a8e7c1fcd47fa7,68f2d95bd190740cfd6a1b5d,ENQUEUED,0.3212497145139428,questions_in,fifo,uniform,0,0
2025-10-29T14:39:53.696074,PUBLISH,a1ebebf2a8d8451f92134726a1eaf60b,68f2d95bd190740cfd6a3103,ENQUEUED,0.12411965705784667,questions_in,fifo,uniform,0,0
2025-10-29T14:39:54.011136,PUBLISH,148dff04b4bd44c5a2b28533d7169ec9,68f2d95bd190740cfd6a3417,ENQUEUED,0.30884302950263176,questions_in,fifo,uniform,0,0
2025-10-29T14:39:54.444472,PUBLISH,84e69321845e4b36a445fc212403f262,68f2d95bd190740cfd6a2345,ENQUEUED,0.4312975135934487,questions_in,fifo,uniform,0,0
2025-10-29T14:39:54.803251,PUBLISH,2e6bb5714fa6404aa96852b9148181bf,68f2d95bd190740cfd6a33ba,ENQUEUED,0.3528977044076089,questions_in,fifo,uniform,0,0
2025-10-29T14:39:55.290471,PUBLISH,ef44e96e25bd4321af286368cbedfbf5,68f2d95bd190740cfd6a2a6f,ENQUEUED,0.4812146551540041,questions_in,fifo,uniform,0,0
2025-10-29T14:39:55.535065,PUBLISH,a811d9de63ea4511b7784ce04141af61,68f2d95bd190740cfd6a3782,ENQUEUED,0.2389796820074972,questions_in,fifo,uniform,0,0
2025-10-29T14:39:56.027221,PUBLISH,843b918e9d9242998f4b4baa4d9a35b7,68f2d95bd190740cfd6a33d6,ENQUEUED,0.4855072082212032,questions_in,fifo,uniform,0,0
2025-10-29T14:39:56.518688,PUBLISH,5b9a5e2794b44af7983f11e16578e50c,68f2d95bd190740cfd6a24c6,ENQUEUED,0.486031456669884,questions_in,fifo,uniform,0,0
2025-10-29T14:39:56.628311,PUBLISH,5e35d67c488245cc85e20b99578b2920,68f2d95bd190740cfd6a2725,ENQUEUED,0.10320585966633918,questions_in,fifo,uniform,0,0
2025-10-29T14:39:56.869082,PUBLISH,c970debfb03d4580b09e897502930d45,68f2d95bd190740cfd6a3a38,ENQUEUED,0.233599958910615,questions_in,fifo,uniform,0,0
2025-10-29T14:39:57.286222,PUBLISH,29f5ed17bbb444b3b5ad12875974ed6f,68f2d95bd190740cfd6a352a,ENQUEUED,0.411650274760877,questions_in,fifo,uniform,0,0
2025-10-29T14:39:57.668642,PUBLISH,f6495a5954e54309909b58f492537a9d,68f2d95bd190740cfd6a2121,ENQUEUED,0.38078432749446633,questions_in,fifo,uniform,0,0
2025-10-29T14:39:57.868671,PUBLISH,044d7042197b424f8dc47a102eee03cc,68f2d95bd190740cfd6a312e,ENQUEUED,0.19456073471498098,questions_in,fifo,uniform,0,0
2025-10-29T14:39:58.135644,PUBLISH,73e5de34df6b450e88d7687a5a5502d1,68f2d95bd190740cfd6a252b,ENQUEUED,0.26449644101336045,questions_in,fifo,uniform,0,0
2025-10-29T14:39:58.402802,PUBLISH,096c4e6ac96e47889d45a2e911ee7c73,68f2d95bd190740cfd6a2e07,ENQUEUED,0.26093758287390323,questions_in,fifo,uniform,0,0
2025-10-29T14:39:58.688001,PUBLISH,d4ec5f978a82404fad3ff719c4f5d710,68f2d95bd190740cfd6a25ce,ENQUEUED,0.2799656597343887,questions_in,fifo,uniform,0,0
2025-10-29T14:39:59.125380,PUBLISH,e99364148300429a870bfaecd86a7b85,68f2d95bd190740cfd6a321c,ENQUEUED,0.4319521454878933,questions_in,fifo,uniform,0,0
2025-10-29T14:39:59.522282,PUBLISH,8b3172339bb246b5a00f54d1a481513f,68f2d95bd190740cfd6a2ccb,ENQUEUED,0.39194238314528773,questions_in,fifo,uniform,0,0
2025-10-29T14:39:59.730512,PUBLISH,4f2459f0852642bd834a7faca48eab5e,68f2d95bd190740cfd6a3998,ENQUEUED,0.20298459321562234,questions_in,fifo,uniform,0,0
2025-10-29T14:39:59.939649,PUBLISH,7e46ff793aae4ea590578b07946d9c69,68f2d95bd190740cfd6a3c82,ENQUEUED,0.20344705141114652,questions_in,fifo,uniform,0,0
2025-10-29T14:40:00.218813,PUBLISH,640edf3a1ed64e0d83ed08f3a434ef76,68f2d95bd190740cfd6a3354,ENQUEUED,0.27353312806818064,questions_in,fifo,uniform,0,0
2025-10-29T14:40:00.525729,PUBLISH,fec28971cb214fd5a7ae5140c97047d8,68f2d95bd190740cfd6a2f18,ENQUEUED,0.3011679038697461,questions_in,fifo,uniform,0,0
2025-10-29T14:40:00.787494,PUBLISH,6cd5f6be88a544c4a614c601642dba56,68f2d95bd190740cfd6a2668,ENQUEUED,0.2598906449275499,questions_in,fifo,uniform,0,0
2025-10-29T14:40:01.160071,PUBLISH,4789416a771f48c7bdcc881a39d4305f,68f2d95bd190740cfd6a3406,ENQUEUED,0.36687741105392724,questions_in,fifo,uniform,0,0
2025-10-29T14:40:01.525324,PUBLISH,f8aa9643e5a54f15b6b489200963cda6,68f2d95bd190740cfd6a3a5c,ENQUEUED,0.36378095756508666,questions_in,fifo,uniform,0,0
2025-10-29T14:40:01.632356,PUBLISH,bb090419754d4d7990c4b5029834c19a,68f2d95bd190740cfd6a246f,ENQUEUED,0.10518859992680595,questions_in,fifo,uniform,0,0
2025-10-29T14:40:01.866681,PUBLISH,ee38bb243f9c495b9b49758f3ba799ef,68f2d95bd190740cfd6a1cdd,ENQUEUED,0.22883811433277998,questions_in,fifo,uniform,0,0
2025-10-29T14:40:02.196344,PUBLISH,f4073c84f1c34fbbbbc22476af3985d5,68f2d95bd190740cfd6a40ba,ENQUEUED,0.3244554396619286,questions_in,fifo,uniform,0,0
2025-10-29T14:40:02.442006,PUBLISH,dc0616d4eef24296a87c35451e191698,68f2d95bd190740cfd6a34dd,ENQUEUED,0.24042740604455412,questions_in,fifo,uniform,0,0
2025-10-29T14:40:02.566316,PUBLISH,38f0005ed29b41a2ab3e12d4a7a6aea7,68f2d95bd190740cfd6a3e02,ENQUEUED,0.11818477840172964,questions_in,fifo,uniform,0,0
2025-10-29T14:40:02.681762,PUBLISH,befd96a2e2aa4b6e969584336e0896b0,68f2d95bd190740cfd6a3217,ENQUEUED,0.11005686123325936,questions_in,fifo,uniform,0,0
2025-10-29T14:40:02.900904,PUBLISH,806cda29a8a040609d5271df247ab524,68f2d95bd190740cfd6a3382,ENQUEUED,0.2136161356026135,questions_in,fifo,uniform,0,0
2025-10-29T14:40:03.243747,PUBLISH,f3900473023b43588c31e831168dfc52,68f2d95bd190740cfd6a27f7,ENQUEUED,0.3374942017805471,questions_in,fifo,uniform,0,0
2025-10-29T14:40:03.390074,PUBLISH,aec49ea0e3cb4910847f60cc83e1fcf1,68f2d95bd190740cfd6a36f6,ENQUEUED,0.1404170547459312,questions_in,fifo,uniform,0,0
2025-10-29T14:40:03.640163,PUBLISH,5d510d78aa30494d82e5b97065615763,68f2d95bd190740cfd6a3c57,ENQUEUED,0.2442226288983448,questions_in,fifo,uniform,0,0
2025-10-29T14:40:03.849288,PUBLISH,daf1b3b36a01402f807b9a0d24dee290,68f2d95bd190740cfd6a27f8,ENQUEUED,0.20732635257334653,questions_in,fifo,uniform,0,0
2025-10-29T14:40:04.159162,PUBLISH,d912dca8d0b147ac89d4d4e9538d83e4,68f2d95bd190740cfd6a2dd9,ENQUEUED,0.3037635375224472,questions_in,fifo,uniform,0,0
2025-10-29T14:40:04.293653,PUBLISH,b1c91435600049e797eeeae95b6713ad,68f2d95bd190740cfd6a4190,ENQUEUED,0.1287593809343779,questions_in,fifo,uniform,0,0
2025-10-29T14:40:04.401619,PUBLISH,437de56dbda34f84b39af069cafbc1a5,68f2d95bd190740cfd6a323e,ENQUEUED,0.1010734414694206,questions_in,fifo,uniform,0,0
2025-10-29T14:40:04.596399,PUBLISH,99dcaced2a9240beafba998b4aa169b9,68f2d95bd190740cfd6a2bd4,ENQUEUED,0.1891888760993529,questions_in,fifo,uniform,0,0
2025-10-29T14:40:04.919679,PUBLISH,6c0755c84305469cb325d4c378cf365c,68f2d95bd190740cfd6a25d9,ENQUEUED,0.31714612738283277,questions_in,fifo,uniform,0,0
2025-10-29T14:40:05.253309,PUBLISH,3104259669b040df93cea65991ff33e4,68f2d95bd190740cfd6a2e08,ENQUEUED,0.33206597627970674,questions_in,fifo,uniform,0,0
2025-10-29T14:40:05.463383,PUBLISH,048147d49a34464598898ae4fda3c2bd,68f2d95bd190740cfd6a2dab,ENQUEUED,0.20471075976049496,questions_in,fifo,uniform,0,0
2025-10-29T14:40:05.589470,PUBLISH,9bd08f37d3644b2581a788f0ad020209,68f2d95bd190740cfd6a26cd,ENQUEUED,0.1198416163539827,questions_in,fifo,uniform,0,0
2025-10-29T14:40:06.005636,PUBLISH,9ef31f8581cf43e2929b46cf8dace6c8,68f2d95bd190740cfd6a2d5b,ENQUEUED,0.40954225243275355,questions_in,fifo,uniform,0,0
2025-10-29T14:40:06.217227,PUBLISH,3523cc3608c14d3fa1afb3169c3b3c36,68f2d95bd190740cfd6a2df5,ENQUEUED,0.20354277660957845,questions_in,fifo,uniform,0,0
2025-10-29T14:40:06.471690,PUBLISH,31d56e877f1b406994b6469613c71129,68f2d95bd190740cfd6a3863,ENQUEUED,0.2484088611588094,questions_in,fifo,uniform,0,0
2025-10-29T14:40:06.944233,PUBLISH,33b345cf0dc4401fa603e579e56375f7,68f2d95bd190740cfd6a3d5a,ENQUEUED,0.46711145058574177,questions_in,fifo,uniform,0,0
2025-10-29T14:40:07.332797,PUBLISH,3977160c96284895bbcece88887cb5bd,68f2d95bd190740cfd6a2438,ENQUEUED,0.38277340271359783,questions_in,fifo,uniform,0,0
2025-10-29T14:40:07.469813,PUBLISH,b15a121da15a499aba6e856b30ac6fd4,68f2d95bd190740cfd6a1f25,ENQUEUED,0.13074686203710187,questions_in,fifo,uniform,0,0
2025-10-29T14:40:07.797775,PUBLISH,f0827c0bf8934d33ac34cc1a221b3421,68f2d95bd190740cfd6a35ee,ENQUEUED,0.3217757188164654,questions_in,fifo,uniform,0,0
2025-10-29T14:40:08.042725,PUBLISH,1c373dcb8b574dbf822e60d73c4b3854,68f2d95bd190740cfd6a3667,ENQUEUED,0.23956196789448714,questions_in,fifo,uniform,0,0
2025-10-29T14:40:08.291544,PUBLISH,630cf48c0bef40b68dd05e49f8b66c65,68f2d95bd190740cfd6a389e,ENQUEUED,0.24331600317835742,questions_in,fifo,uniform,0,0
2025-10-29T14:40:08.589944,PUBLISH,8e79b663e1aa4d0db7d428d41805e6d1,68f2d95bd190740cfd6a2a70,ENQUEUED,0.29293046565214875,questions_in,fifo,uniform,0,0
2025-10-29T14:40:09.016373,PUBLISH,b141f5af3583461cbca18b8167f1faa4,68f2d95bd190740cfd6a26de,ENQUEUED,0.42048597655607445,questions_in,fifo,uniform,0,0
2025-10-29T14:40:09.517135,PUBLISH,477e6e67fee0406482380403937c55fe,68f2d95bd190740cfd6a3107,ENQUEUED,0.49376828799756733,questions_in,fifo,uniform,0,0
2025-10-29T14:40:09.938747,PUBLISH,07ba41663b054cee80e4196bc73da254,68f2d95bd190740cfd6a23bf,ENQUEUED,0.4154298826285049,questions_in,fifo,uniform,0,0
2025-10-29T14:40:10.119818,PUBLISH,c494cd95ad8f4351b61ec84f16131a7a,68f2d95bd190740cfd6a3c38,ENQUEUED,0.17561261366102424,questions_in,fifo,uniform,0,0
2025-10-29T14:40:10.274120,PUBLISH,dd1fb8f486c046af96a106c3293724c0,68f2d95bd190740cfd6a1da5,ENQUEUED,0.14827006523535805,questions_in,fifo,uniform,0,0
2025-10-29T14:40:10.406156,PUBLISH,10fc452942804be2b34a3d9f77ea6057,68f2d95bd190740cfd6a211c,ENQUEUED,0.12539430972818766,questions_in,fifo,uniform,0,0
2025-10-29T14:40:10.821472,PUBLISH,ab4773de4c15434bbce7a0f5fa914afa,68f2d95bd190740cfd6a2890,ENQUEUED,0.40848546985311895,questions_in,fifo,uniform,0,0
2025-10-29T14:40:11.326613,PUBLISH,1c8c2b3564674e2aaa2387cdc5e44e0c,68f2d95bd190740cfd6a38a8,ENQUEUED,0.4986095594791423,questions_in,fifo,uniform,0,0
2025-10-29T14:40:11.787284,PUBLISH,a0217c670c7e4bfba6b00ddb1cd3777b,68f2d95bd190740cfd6a3ad1,ENQUEUED,0.4554564428454576,questions_in,fifo,uniform,0,0
2025-10-29T14:40:12.002355,PUBLISH,957125b957754a6285ba4141f485831c,68f2d95bd190740cfd6a32b9,ENQUEUED,0.20973343592664168,questions_in,fifo,uniform,0,0
2025-10-29T14:40:12.314224,PUBLISH,53aef5b8af25406f95b18499dbdf6adc,68f2d95bd190740cfd6a3a86,ENQUEUED,0.3059645124174608,questions_in,fifo,uniform,0,0
2025-10-29T14:40:12.749583,PUBLISH,0925216672034df69ef16b92768f47ee,68f2d95bd190740cfd6a2d2d,ENQUEUED,0.430070153015617,questions_in,fifo,uniform,0,0
2025-10-29T14:40:13.111711,PUBLISH,8272ed030d3d4530beb70e5143a4a216,68f2d95bd190740cfd6a1fda,ENQUEUED,0.3602537504278819,questions_in,fifo,uniform,0,0
2025-10-29T14:40:13.399829,PUBLISH,ac8eb32fbc1c4189b30ed6482ff43628,68f2d95bd190740cfd6a2a1b,ENQUEUED,0.2824144249848273,questions_in,fifo,uniform,0,0
2025-10-29T14:40:13.873134,PUBLISH,d6a2f5ba12604b32b632b2f013813942,68f2d95bd190740cfd6a2659,ENQUEUED,0.4675556697768595,questions_in,fifo,uniform,0,0
2025-10-29T14:40:13.983332,PUBLISH,0473a62968b74c61bdaf7b116a042417,68f2d95bd190740cfd6a2cff,ENQUEUED,0.10470711850912649,questions_in,fifo,uniform,0,0
2025-10-29T14:40:14.345047,PUBLISH,d054e7ced94e49c2ad3fee00ae64fcc7,68f2d95bd190740cfd6a26f4,ENQUEUED,0.35628103862042226,questions_in,fifo,uniform,0,0
2025-10-29T14:40:14.733160,PUBLISH,04a962ca752f4272b492657f922f5c8c,68f2d95bd190740cfd6a2b2a,ENQUEUED,0.3810433422959225,questions_in,fifo,uniform,0,0
2025-10-29T14:40:15.200411,PUBLISH,a70e6fcc06a544e59514d37d9a403cf2,68f2d95bd190740cfd6a3266,ENQUEUED,0.46239847495319564,questions_in,fifo,uniform,0,0
2025-10-29T14:40:15.453278,PUBLISH,d6511a60bae14b41bf50a81f0bc626bc,68f2d95bd190740cfd6a2bd8,ENQUEUED,0.25087894696557267,questions_in,fifo,uniform,0,0
2025-10-29T14:40:15.622169,PUBLISH,e290b1ee648f4343bfdfa44d86f73c4c,68f2d95bd190740cfd6a3d70,ENQUEUED,0.16341417304033223,questions_in,fifo,uniform,0,0
2025-10-29T14:40:15.864995,PUBLISH,4d323fad4c254e64a2a69d4c50afd19a,68f2d95bd190740cfd6a39a4,ENQUEUED,0.23702077329403945,questions_in,fifo,uniform,0,0
2025-10-29T14:40:16.210894,PUBLISH,f9e3c0043a2141359e7fc0cb029bc07a,68f2d95bd190740cfd6a2a53,ENQUEUED,0.34425793045603814,questions_in,fifo,uniform,0,0
2025-10-29T14:40:16.659688,PUBLISH,da71050d1dd64b088e7ca2f8fc8d89c0,68f2d95bd190740cfd6a3045,ENQUEUED,0.4420989251828815,questions_in,fifo,uniform,0,0
2025-10-29T14:40:17.128724,PUBLISH,be32528e92d74f9cac1c5ae7ae87fd6a,68f2d95bd190740cfd6a2107,ENQUEUED,0.46262286486412874,questions_in,fifo,uniform,0,0
2025-10-29T14:40:17.621514,PUBLISH,9937c1ea72af44ca98f743e3a70ac951,68f2d95bd190740cfd6a304e,ENQUEUED,0.48718055713696695,questions_in,fifo,uniform,0,0
2025-10-29T14:40:17.785776,PUBLISH,44ebf2404c5c4640b5c264034608fc13,68f2d95bd190740cfd6a2151,ENQUEUED,0.1588759673030274,questions_in,fifo,uniform,0,0
2025-10-29T14:40:18.198488,PUBLISH,4668854be5884a75958bb96d055d52c8,68f2d95bd190740cfd6a3002,ENQUEUED,0.40612710387964324,questions_in,fifo,uniform,0,0
2025-10-29T14:40:18.423233,PUBLISH,0a983b5df9bc4689be0eb5a6fd13ccb8,68f2d95bd190740cfd6a3eee,ENQUEUED,0.21878350102080774,questions_in,fifo,uniform,0,0
2025-10-29T14:40:18.876380,PUBLISH,e8734f82709e497b8ab3a33a5679114c,68f2d95bd190740cfd6a1e1d,ENQUEUED,0.4436439932888878,questions_in,fifo,uniform,0,0
2025-10-29T14:40:19.039120,PUBLISH,0ea608fdb52f4c3db655aa88a62996b4,68f2d95bd190740cfd6a40e1,ENQUEUED,0.15911265119108342,questions_in,fifo,uniform,0,0
2025-10-29T14:40:19.464937,PUBLISH,2b2d89178b13406e8538a0c93aa9a063,68f2d95bd190740cfd6a38e6,ENQUEUED,0.4240835078367273,questions_in,fifo,uniform,0,0
2025-10-29T14:40:19.950353,PUBLISH,90ed3cbde1ee46168733860b1b44c2a0,68f2d95bd190740cfd6a1b3d,ENQUEUED,0.47830063473927653,questions_in,fifo,uniform,0,0
2025-10-29T14:40:20.449079,PUBLISH,a22ebbbb6b754a81b69830a582c694c2,68f2d95bd190740cfd6a217f,ENQUEUED,0.4915047521591702,questions_in,fifo,uniform,0,0
2025-10-29T14:40:20.638518,PUBLISH,d5087623450a4a938b9ebd496f7b0eec,68f2d95bd190740cfd6a1b8c,ENQUEUED,0.18774268701163688,questions_in,fifo,uniform,0,0
2025-10-29T14:40:20.947872,PUBLISH,8d4757d31cf4487698f36ef35c53ffd2,68f2d95bd190740cfd6a3f55,ENQUEUED,0.30304934778261494,questions_in,fifo,uniform,0,0
2025-10-29T14:40:21.277815,PUBLISH,9b01435b196c4c8997eef3eea4f7be61,68f2d95bd190740cfd6a1cb1,ENQUEUED,0.32436447552913195,questions_in,fifo,uniform,0,0
2025-10-29T14:40:21.620092,PUBLISH,5f3417b042904bfba3a553d5b2ed2b84,68f2d95bd190740cfd6a29c3,ENQUEUED,0.33669874785359144,questions_in,fifo,uniform,0,0
2025-10-29T14:40:21.784855,PUBLISH,9a705426722e4ee9b2611b196594adeb,68f2d95bd190740cfd6a244a,ENQUEUED,0.1593054099631638,questions_in,fifo,uniform,0,0
2025-10-29T14:40:21.931621,PUBLISH,923604615a024ae99bae5dfbec677630,68f2d95bd190740cfd6a409d,ENQUEUED,0.1414945780301644,questions_in,fifo,uniform,0,0
2025-10-29T14:40:22.365303,PUBLISH,3be8f197326445cdb4a2f733c19986da,68f2d95bd190740cfd6a2ed9,ENQUEUED,0.42794407472560014,questions_in,fifo,uniform,0,0
2025-10-29T14:40:22.576457,PUBLISH,0b9437788e7b4ff5963d99b4fe6049c0,68f2d95bd190740cfd6a3230,ENQUEUED,0.20963567173724781,questions_in,fifo,uniform,0,0
2025-10-29T14:40:22.800878,PUBLISH,a01247c1cd374bb99d09793b6faaad54,68f2d95bd190740cfd6a2d7b,ENQUEUED,0.21857162918995857,questions_in,fifo,uniform,0,0
2025-10-29T14:40:23.067610,PUBLISH,c90c7235da154b67887e0a47d60a9115,68f2d95bd190740cfd6a3b11,ENQUEUED,0.26139009757814724,questions_in,fifo,uniform,0,0
2025-10-29T14:40:23.508990,PUBLISH,da4955988eb7440a818b12b9f976b2bd,68f2d95bd190740cfd6a3ba2,ENQUEUED,0.4364717212094603,questions_in,fifo,uniform,0,0
2025-10-29T14:40:23.836388,PUBLISH,0a230429a89d4d05b2373f50f73bbe96,68f2d95bd190740cfd6a289b,ENQUEUED,0.32119261479062544,questions_in,fifo,uniform,0,0
2025-10-29T14:40:24.149196,PUBLISH,b7e19a54c2ef4455a5e11436bb8da650,68f2d95bd190740cfd6a392f,ENQUEUED,0.30695566431821053,questions_in,fifo,uniform,0,0
2025-10-29T14:40:24.371816,PUBLISH,14529e265a3f4777b975480ef91e12d7,68f2d95bd190740cfd6a2632,ENQUEUED,0.21697741088123002,questions_in,fifo,uniform,0,0
2025-10-29T14:40:24.513337,PUBLISH,b509c1046d2147cba2267b6721d0c0a4,68f2d95bd190740cfd6a3636,ENQUEUED,0.1359719000364184,questions_in,fifo,uniform,0,0
2025-10-29T14:40:24.751299,PUBLISH,122e17f005a6444ab6c9c4eda88fb193,68f2d95bd190740cfd6a40ab,ENQUEUED,0.23194656178631098,questions_in,fifo,uniform,0,0
2025-10-29T14:40:25.109091,PUBLISH,a602caf4d24945a2bda42adac816e8d4,68f2d95bd190740cfd6a1b07,ENQUEUED,0.35209943180567327,questions_in,fifo,uniform,0,0
2025-10-29T14:40:25.510568,PUBLISH,35333ffd450e4c74a025e09299bbe923,68f2d95bd190740cfd6a416e,ENQUEUED,0.3933689068451094,questions_in,fifo,uniform,0,0
2025-10-29T14:40:25.994034,PUBLISH,2d6ef8f5a8264900a4bd8077f1683de2,68f2d95bd190740cfd6a2bba,ENQUEUED,0.4817725416079789,questions_in,fifo,uniform,0,0
2025-10-29T14:40:26.251553,PUBLISH,d82782b61d1d4d40958971a1ee8712be,68f2d95bd190740cfd6a2a7f,ENQUEUED,0.2519796221477942,questions_in,fifo,uniform,0,0
2025-10-29T14:40:26.543050,PUBLISH,6963b828e7cd442e9625eaf815631d7b,68f2d95bd190740cfd6a2115,ENQUEUED,0.2850195815579527,questions_in,fifo,uniform,0,0
2025-10-29T14:40:26.735360,PUBLISH,dffd6a61ab234129afcf81978266bfc0,68f2d95bd190740cfd6a339a,ENQUEUED,0.19010099944994324,questions_in,fifo,uniform,0,0
2025-10-29T14:40:27.220388,PUBLISH,0c02ac58c2f54ff39ee24932fcad8a5a,68f2d95bd190740cfd6a209e,ENQUEUED,0.47945102054829847,questions_in,fifo,uniform,0,0
2025-10-29T14:40:27.487720,PUBLISH,f87ce47e2f7c4d24a0cec780e53986b9,68f2d95bd190740cfd6a1d86,ENQUEUED,0.26189167706294525,questions_in,fifo,uniform,0,0
2025-10-29T14:40:27.950051,PUBLISH,85b42b984bbe479ba1a93ea3414fc0b6,68f2d95bd190740cfd6a3e1c,ENQUEUED,0.45541220462559695,questions_in,fifo,uniform,0,0
2025-10-29T14:40:28.150290,PUBLISH,8c17f6d678114013907794be59918ad5,68f2d95bd190740cfd6a3533,ENQUEUED,0.1950285533921374,questions_in,fifo,uniform,0,0
2025-10-29T14:40:28.305276,PUBLISH,84baa93be7ea493db515a8892a682f93,68f2d95bd190740cfd6a3d10,ENQUEUED,0.14971568411271738,questions_in,fifo,uniform,0,0
2025-10-29T14:40:28.441360,PUBLISH,7eb572d40f56431c9a8c748b731ae235,68f2d95bd190740cfd6a3518,ENQUEUED,0.12926789509482403,questions_in,fifo,uniform,0,0
2025-10-29T14:40:28.593445,PUBLISH,4bf491ec40954f22a709ee6125c66a92,68f2d95bd190740cfd6a1c25,ENQUEUED,0.1466381992829341,questions_in,fifo,uniform,0,0
2025-10-29T14:40:28.856643,PUBLISH,a35eb8c689794cfc9297b39cc2d044cf,68f2d95bd190740cfd6a2697,ENQUEUED,0.2570988837164768,questions_in,fifo,uniform,0,0
2025-10-29T14:40:28.964879,PUBLISH,ffa2aa5d87cf4c7887d98663b55f1717,68f2d95bd190740cfd6a4120,ENQUEUED,0.10241988344220393,questions_in,fifo,uniform,0,0
2025-10-29T14:40:29.318204,PUBLISH,9bf9736b9d864a1aa1a9ee4c6cc525a6,68f2d95bd190740cfd6a205d,ENQUEUED,0.35130499587286756,questions_in,fifo,uniform,0,0
2025-10-29T14:40:29.501981,PUBLISH,6f15362fe530474c963fee035f340a48,68f2d95bd190740cfd6a37e2,ENQUEUED,0.17842227128655336,questions_in,fifo,uniform,0,0
2025-10-29T14:40:29.616132,PUBLISH,513a8166562a4867a3619c0230d6b30d,68f2d95bd190740cfd6a3067,ENQUEUED,0.10879284388788993,questions_in,fifo,uniform,0,0
2025-10-29T14:40:30.018709,PUBLISH,60f6f4f4d9604ed9861c49eaee518d2d,68f2d95bd190740cfd6a3008,ENQUEUED,0.400216978169854,questions_in,fifo,uniform,0,0
2025-10-29T14:40:30.402993,PUBLISH,37299868811944be9e4b02336956810d,68f2d95bd190740cfd6a2075,ENQUEUED,0.3777985029621018,questions_in,fifo,uniform,0,0
2025-10-29T14:40:30.750508,PUBLISH,82ecec1efc7b42678c529e06e5e8fe16,68f2d95bd190740cfd6a3def,ENQUEUED,0.3421432120879948,questions_in,fifo,uniform,0,0
2025-10-29T14:40:31.037618,PUBLISH,2965c84e2c82479b95a4cf24bd00e99f,68f2d95bd190740cfd6a2467,ENQUEUED,0.2813015672335779,questions_in,fifo,uniform,0,0
2025-10-29T14:40:31.333146,PUBLISH,86815d59b65d4375a0ab73d87c7a95ba,68f2d95bd190740cfd6a2b6a,ENQUEUED,0.28958945802056213,questions_in,fifo,uniform,0,0
2025-10-29T14:40:31.619040,PUBLISH,67659196b99145268e2b6c63737d92a7,68f2d95bd190740cfd6a2baf,ENQUEUED,0.28001039918523096,questions_in,fifo,uniform,0,0
2025-10-29T14:40:31.839339,PUBLISH,33770809c727499aa6ba63e15abc9765,68f2d95bd190740cfd6a3f6f,ENQUEUED,0.21451046772704296,questions_in,fifo,uniform,0,0
2025-10-29T14:40:32.187789,PUBLISH,27bbdcc9a10d4aedb46e2bc24dda5470,68f2d95bd190740cfd6a3907,ENQUEUED,0.3425802049887348,questions_in,fifo,uniform,0,0
2025-10-29T14:40:32.391863,PUBLISH,4dfe5daaf6394f649545f7a92c898f0a,68f2d95bd190740cfd6a214c,ENQUEUED,0.2026298051929114,questions_in,fifo,uniform,0,0
2025-10-29T14:40:32.739861,PUBLISH,037a997c8b1246f1824a08342de104f9,68f2d95bd190740cfd6a33d3,ENQUEUED,0.341773878283369,questions_in,fifo,uniform,0,0
2025-10-29T14:40:33.009368,PUBLISH,a3cde0d2e58b45ed9c6e508836495177,68f2d95bd190740cfd6a38dd,ENQUEUED,0.2661012555766895,questions_in,fifo,uniform,0,0
2025-10-29T14:40:33.396502,PUBLISH,b3bed57dda9042cd9aa929e58fbc674e,68f2d95bd190740cfd6a3918,ENQUEUED,0.38146055853991756,questions_in,fifo,uniform,0,0
2025-10-29T14:40:33.794332,PUBLISH,7de1fcc49ef5462491b50d02d2941e10,68f2d95bd190740cfd6a302e,ENQUEUED,0.3919306051378163,questions_in,fifo,uniform,0,0
2025-10-29T14:40:34.119471,PUBLISH,0c7a4b2890f84fdeae71d4f3c8c42ed3,68f2d95bd190740cfd6a403c,ENQUEUED,0.3197513691027257,questions_in,fifo,uniform,0,0
2025-10-29T14:40:34.490028,PUBLISH,03f674780ab3454ca37afd7d59b25d64,68f2d95bd190740cfd6a23f4,ENQUEUED,0.3653253045529533,questions_in,fifo,uniform,0,0
2025-10-29T14:40:34.723379,PUBLISH,04f83653d63d4c178503d63ebdc68a30,68f2d95bd190740cfd6a3328,ENQUEUED,0.22779058623317466,questions_in,fifo,uniform,0,0
2025-10-29T14:40:34.860175,PUBLISH,69bc878b40894ce89ab0bc8b539e2613,68f2d95bd190740cfd6a24b3,ENQUEUED,0.13134732894015666,questions_in,fifo,uniform,0,0
2025-10-29T14:40:35.223616,PUBLISH,8a058536532f401283b6b0d91f5dc78c,68f2d95bd190740cfd6a21d9,ENQUEUED,0.3575532356804558,questions_in,fifo,uniform,0,0
2025-10-29T14:40:35.455198,PUBLISH,e37886ae0d6149ddb8ce3dda7922bcc9,68f2d95bd190740cfd6a3812,ENQUEUED,0.22958196588024127,questions_in,fifo,uniform,0,0
2025-10-29T14:40:35.733529,PUBLISH,d34b6076e6eb4edbafa141160517b589,68f2d95bd190740cfd6a3f6e,ENQUEUED,0.2715253021094789,questions_in,fifo,uniform,0,0
2025-10-29T14:40:36.036439,PUBLISH,916eefb82de242d596ba99944928179b,68f2d95bd190740cfd6a340e,ENQUEUED,0.2960944499219428,questions_in,fifo,uniform,0,0
2025-10-29T14:40:36.341720,PUBLISH,7e6092ca32914444862aef75e5354050,68f2d95bd190740cfd6a2ba3,ENQUEUED,0.29948720873789103,questions_in,fifo,uniform,0,0
2025-10-29T14:40:36.559697,PUBLISH,d8da1d4762c348e2bbcbfe45f1e62461,68f2d95bd190740cfd6a3a2a,ENQUEUED,0.21240637535606433,questions_in,fifo,uniform,0,0
2025-10-29T14:40:36.837854,PUBLISH,bd5b7708ddc34192a6ff1d809ff0289e,68f2d95bd190740cfd6a1e9d,ENQUEUED,0.27268419829768986,questions_in,fifo,uniform,0,0
2025-10-29T14:40:37.002749,PUBLISH,c598804917bc4dcaafea333e2a391535,68f2d95bd190740cfd6a40c0,ENQUEUED,0.157907154024439,questions_in,fifo,uniform,0,0
2025-10-29T14:40:37.483797,PUBLISH,8cfb5cef59fa4368b6ae4d23e52d3620,68f2d95bd190740cfd6a3649,ENQUEUED,0.47537830225360656,questions_in,fifo,uniform,0,0
2025-10-29T14:40:37.739792,PUBLISH,7f9dc509f8584bbe8c7c743b3079ba30,68f2d95bd190740cfd6a34d3,ENQUEUED,0.2501480047355878,questions_in,fifo,uniform,0,0
2025-10-29T14:40:38.023539,PUBLISH,5b8b94eebe4246bda1b4a177c9a401b3,68f2d95bd190740cfd6a4196,ENQUEUED,0.2779899117618961,questions_in,fifo,uniform,0,0
2025-10-29T14:40:38.197346,PUBLISH,2501af9ff2c54cf497f804b88ad7c959,68f2d95bd190740cfd6a3b18,ENQUEUED,0.16823230852836174,questions_in,fifo,uniform,0,0
2025-10-29T14:40:38.685344,PUBLISH,e5fdd2c1332d4840906802cbd6473778,68f2d95bd190740cfd6a2507,ENQUEUED,0.48601842119849203,questions_in,fifo,uniform,0,0
2025-10-29T14:40:38.810341,PUBLISH,910c917b12844fe6a6e76f4c9ccbbf63,68f2d95bd190740cfd6a4016,ENQUEUED,0.11998130014490767,questions_in,fifo,uniform,0,0
2025-10-29T14:40:39.270048,PUBLISH,e21d41146d8b495b9c5941d28cce0e70,68f2d95bd190740cfd6a2a10,ENQUEUED,0.457906287546579,questions_in,fifo,uniform,0,0
2025-10-29T14:40:39.543838,PUBLISH,110c7f96995a437f8b5067cf3289daa6,68f2d95bd190740cfd6a295e,ENQUEUED,0.2682279559119102,questions_in,fifo,uniform,0,0
2025-10-29T14:40:40.022873,PUBLISH,a37bfd80b19545268d2e087bac4fd7ab,68f2d95bd190740cfd6a23ce,ENQUEUED,0.47336497286404866,questions_in,fifo,uniform,0,0
2025-10-29T14:40:40.180485,PUBLISH,072600b1dbd840e7bf2e78c714548ade,68f2d95bd190740cfd6a2c45,ENQUEUED,0.1521671777874436,questions_in,fifo,uniform,0,0
2025-10-29T14:40:40.471464,PUBLISH,7fbc070c6c0a4c55be24334bf59bbcab,68f2d95bd190740cfd6a30e9,ENQUEUED,0.28555595642791687,questions_in,fifo,uniform,0,0
2025-10-29T14:40:40.826141,PUBLISH,94ac6824cf00488181cedb02340c2d6b,68f2d95bd190740cfd6a383b,ENQUEUED,0.3488534430907403,questions_in,fifo,uniform,0,0
2025-10-29T14:40:41.183705,PUBLISH,83a2532a8ab74d7fbff7480617128a6f,68f2d95bd190740cfd6a3b91,ENQUEUED,0.35207135623902186,questions_in,fifo,uniform,0,0
2025-10-29T14:40:41.516726,PUBLISH,4ad3b46436224fd38edf3da64fdfd285,68f2d95bd190740cfd6a37a1,ENQUEUED,0.3276042392475512,questions_in,fifo,uniform,0,0
2025-10-29T14:40:41.724932,PUBLISH,60a8002885044727812bff13d113afc6,68f2d95bd190740cfd6a2c5d,ENQUEUED,0.20351914214099526,questions_in,fifo,uniform,0,0
2025-10-29T14:40:41.997149,PUBLISH,1c295733bbf24486933c26e0a0968fd7,68f2d95bd190740cfd6a35d9,ENQUEUED,0.2668091781023262,questions_in,fifo,uniform,0,0
2025-10-29T14:40:42.286229,PUBLISH,40d3244b0d7e46cdbfd1f45f7e607289,68f2d95bd190740cfd6a3bb5,ENQUEUED,0.28366493131372505,questions_in,fifo,uniform,0,0
2025-10-29T14:40:42.582000,PUBLISH,d319dfe4075a46f19563bed6fe4b92e9,68f2d95bd190740cfd6a382d,ENQUEUED,0.2902247047445098,questions_in,fifo,uniform,0,0
2025-10-29T14:40:42.819315,PUBLISH,3837fe9937314b33ad8d4dd0fca39f65,68f2d95bd190740cfd6a418e,ENQUEUED,0.23119880779136284,questions_in,fifo,uniform,0,0
2025-10-29T14:40:43.122497,PUBLISH,d20e3d36d9664057b8bf55b96f2627fe,68f2d95bd190740cfd6a3d20,ENQUEUED,0.297300506352139,questions_in,fifo,uniform,0,0
2025-10-29T14:40:43.440925,PUBLISH,f37e6dbcd15d45239c9dc0b43c3a7102,68f2d95bd190740cfd6a1bd4,ENQUEUED,0.31249559278600536,questions_in,fifo,uniform,0,0
2025-10-29T14:40:43.632417,PUBLISH,f5f0e0d9ca8d4d5b84d4fd921df34053,68f2d95bd190740cfd6a3327,ENQUEUED,0.18424095899156603,questions_in,fifo,uniform,0,0
2025-10-29T14:40:44.136914,PUBLISH,dd9e3ef409e541308cc42f7ab24139d5,68f2d95bd190740cfd6a312f,ENQUEUED,0.49862767047943946,questions_in,fifo,uniform,0,0
2025-10-29T14:40:44.344806,PUBLISH,43ff334f5a0e4e8284673a68603dff7e,68f2d95bd190740cfd6a3ab8,ENQUEUED,0.20232111149029186,questions_in,fifo,uniform,0,0
2025-10-29T14:40:44.483119,PUBLISH,d881a878f8544415a6696c4b830de503,68f2d95bd190740cfd6a1d44,ENQUEUED,0.13201652344816206,questions_in,fifo,uniform,0,0
2025-10-29T14:40:44.828508,PUBLISH,8f2fa4d0e05a4e2fa1ca6e0b3e0bfeb7,68f2d95bd190740cfd6a285e,ENQUEUED,0.3393393518608705,questions_in,fifo,uniform,0,0
2025-10-29T14:40:45.057336,PUBLISH,a9b989604e8f4b92b20c05346804c393,68f2d95bd190740cfd6a3e40,ENQUEUED,0.22194131073357318,questions_in,fifo,uniform,0,0
2025-10-29T14:40:45.293732,PUBLISH,79518a5fcadc4796b1b3f14770dc4d52,68f2d95bd190740cfd6a2cae,ENQUEUED,0.23053204034212527,questions_in,fifo,uniform,0,0
2025-10-29T14:40:45.666600,PUBLISH,369fdb18aea941efac1d48d6d8dc1136,68f2d95bd190740cfd6a1c9a,ENQUEUED,0.36775711463509453,questions_in,fifo,uniform,0,0
2025-10-29T14:40:46.148178,PUBLISH,d960798e14c44bd8835efe76a4c8e6b9,68f2d95bd190740cfd6a1cf0,ENQUEUED,0.4767786610529412,questions_in,fifo,uniform,0,0
2025-10-29T14:40:46.431131,PUBLISH,38ecde34f86b4d68b7202bf10b193017,68f2d95bd190740cfd6a32a1,ENQUEUED,0.27662842787772035,questions_in,fifo,uniform,0,0
2025-10-29T14:40:46.783328,PUBLISH,96a88f0d13444e1a83b667f3a1ec57fb,68f2d95bd190740cfd6a234d,ENQUEUED,0.3464083996676063,questions_in,fifo,uniform,0,0
2025-10-29T14:40:47.154685,PUBLISH,b57ac783a6c845e1a4374145560c74af,68f2d95bd190740cfd6a2314,ENQUEUED,0.36543758950919425,questions_in,fifo,uniform,0,0
2025-10-29T14:40:47.468354,PUBLISH,61e2c04da7404b95b8e1e6196599e55e,68f2d95bd190740cfd6a236a,ENQUEUED,0.308126046590377,questions_in,fifo,uniform,0,0
2025-10-29T14:40:47.604703,PUBLISH,2c2862fc92004cc9bb5c5994330f223f,68f2d95bd190740cfd6a261d,ENQUEUED,0.13018158460379056,questions_in,fifo,uniform,0,0
2025-10-29T14:40:47.829925,PUBLISH,af4dea4579ee470eb594ce5afa213d3a,68f2d95bd190740cfd6a256a,ENQUEUED,0.22374096111999864,questions_in,fifo,uniform,0,0
2025-10-29T14:40:48.167252,PUBLISH,f9477f372dd84b3cb2ed07a3cd9fbc47,68f2d95bd190740cfd6a312d,ENQUEUED,0.33038078236870017,questions_in,fifo,uniform,0,0
2025-10-29T14:40:48.614426,PUBLISH,2c3065daf4944e139d09966b8d1e7d26,68f2d95bd190740cfd6a26d1,ENQUEUED,0.44119556196979726,questions_in,fifo,uniform,0,0
2025-10-29T14:40:49.039909,PUBLISH,3ebc5ea460a141c9aeb4b528260596e0,68f2d95bd190740cfd6a2f57,ENQUEUED,0.4171269363092045,questions_in,fifo,uniform,0,0
2025-10-29T14:40:49.534259,PUBLISH,8e2d93f440d44552b98dcec3db202d7b,68f2d95bd190740cfd6a3f80,ENQUEUED,0.4887042006404071,questions_in,fifo,uniform,0,0
2025-10-29T14:40:50.012554,PUBLISH,85a64667e873426fbc63f93111274961,68f2d95bd190740cfd6a1df7,ENQUEUED,0.47193317532496637,questions_in,fifo,uniform,0,0
2025-10-29T14:40:50.383911,PUBLISH,562ce27f766b436a9fee51799673546f,68f2d95bd190740cfd6a27c3,ENQUEUED,0.3656510169906787,questions_in,fifo,uniform,0,0
2025-10-29T14:40:50.586287,PUBLISH,1c6c5e0f9f6e43a5909c7260f2f23966,68f2d95bd190740cfd6a3d4a,ENQUEUED,0.19690225603773084,questions_in,fifo,uniform,0,0
2025-10-29T14:40:50.732310,PUBLISH,99233d6c401343e1b33bceecc6ad5a7e,68f2d95bd190740cfd6a25e4,ENQUEUED,0.1404307637418461,questions_in,fifo,uniform,0,0
2025-10-29T14:40:50.958618,PUBLISH,13af62d6af9441d3b923fe09b0c34242,68f2d95bd190740cfd6a29b9,ENQUEUED,0.22440602909320084,questions_in,fifo,uniform,0,0
2025-10-29T14:40:51.350333,PUBLISH,3c23cd87f7384894b4e144924ee12c31,68f2d95bd190740cfd6a2aba,ENQUEUED,0.3850388873580902,questions_in,fifo,uniform,0,0
2025-10-29T14:40:51.672900,PUBLISH,6ef5539bdedd458faed4030c7fb918d8,68f2d95bd190740cfd6a1b1f,ENQUEUED,0.3170593905416964,questions_in,fifo,uniform,0,0
2025-10-29T14:40:51.782713,PUBLISH,5ec274e02d154ac09a53c1fce618615d,68f2d95bd190740cfd6a36df,ENQUEUED,0.1041355930989373,questions_in,fifo,uniform,0,0
2025-10-29T14:40:51.987983,PUBLISH,889deafc6ac748038eaa7a8f95ae30db,68f2d95bd190740cfd6a3a6f,ENQUEUED,0.19999361079078448,questions_in,fifo,uniform,0,0
2025-10-29T14:40:52.129540,PUBLISH,e3068aad02b447a3aeb087718f60ce7d,68f2d95bd190740cfd6a2701,ENQUEUED,0.13343620667382902,questions_in,fifo,uniform,0,0
2025-10-29T14:40:52.364181,PUBLISH,574eeac196ff403eb73508d7616679b7,68f2d95bd190740cfd6a1e64,ENQUEUED,0.22849350196854337,questions_in,fifo,uniform,0,0
2025-10-29T14:40:52.753059,PUBLISH,2cd5cec3b6884d5f8cb148d523ba5927,68f2d95bd190740cfd6a25af,ENQUEUED,0.383313030527096,questions_in,fifo,uniform,0,0
2025-10-29T14:40:53.061126,PUBLISH,ac16255ac4c643f396a83ffd837f5ef8,68f2d95bd190740cfd6a2830,ENQUEUED,0.3016571794739884,questions_in,fifo,uniform,0,0
2025-10-29T14:40:53.247004,PUBLISH,5cd1ea3de1484d439e81c5fa717f1c9a,68f2d95bd190740cfd6a2eb2,ENQUEUED,0.1796683279432473,questions_in,fifo,uniform,0,0
2025-10-29T14:40:53.666797,PUBLISH,673580046be445ffa0e31d503ea00a42,68f2d95bd190740cfd6a28e4,ENQUEUED,0.4140969691148616,questions_in,fifo,uniform,0,0
2025-10-29T14:40:53.848721,PUBLISH,31b2db42ff0e4f2db09159c1f31f5990,68f2d95bd190740cfd6a268b,ENQUEUED,0.17381891371451755,questions_in,fifo,uniform,0,0
2025-10-29T14:40:54.076393,PUBLISH,527a01829b5b4aa5a2641b6db502f9f3,68f2d95bd190740cfd6a1f49,ENQUEUED,0.22563348829162133,questions_in,fifo,uniform,0,0
2025-10-29T14:40:54.339433,PUBLISH,58242fea479c40d492a969739bfab1d3,68f2d95bd190740cfd6a1e1d,ENQUEUED,0.25382121628924015,questions_in,fifo,uniform,0,0
2025-10-29T14:40:54.565027,PUBLISH,a45118e4434b46918319f73fabd5afe3,68f2d95bd190740cfd6a3fc8,ENQUEUED,0.22012950285729538,questions_in,fifo,uniform,0,0
2025-10-29T14:40:54.792693,PUBLISH,46dc4b8418a44454857e490b0a737527,68f2d95bd190740cfd6a29af,ENQUEUED,0.2261121695178186,questions_in,fifo,uniform,0,0
2025-10-29T14:40:54.968486,PUBLISH,f3669b7eb482433c9586433ece479381,68f2d95bd190740cfd6a39bf,ENQUEUED,0.17442170852330563,questions_in,fifo,uniform,0,0
2025-10-29T14:40:55.366579,PUBLISH,262c49c5caf4452a81eea01902e7f207,68f2d95bd190740cfd6a2463,ENQUEUED,0.3919811645163128,questions_in,fifo,uniform,0,0
2025-10-29T14:40:55.690908,PUBLISH,8889702628e64859bb594451e024edc0,68f2d95bd190740cfd6a29a3,ENQUEUED,0.32249831249414307,questions_in,fifo,uniform,0,0
2025-10-29T14:40:55.815562,PUBLISH,f36ca06c9dd2474e97f93032dc06e866,68f2d95bd190740cfd6a210c,ENQUEUED,0.12314068150513298,questions_in,fifo,uniform,0,0
2025-10-29T14:40:56.158525,PUBLISH,3e30b9e9bec349beb5abeb4030eae0e6,68f2d95bd190740cfd6a26b6,ENQUEUED,0.33721985493968143,questions_in,fifo,uniform,0,0
2025-10-29T14:40:56.523111,PUBLISH,ca97f75d181b4c6c93ba77afea9b6b48,68f2d95bd190740cfd6a2f42,ENQUEUED,0.3569283784203724,questions_in,fifo,uniform,0,0
2025-10-29T14:40:56.870714,PUBLISH,a43ec57e896246ffb95b3541d73c935a,68f2d95bd190740cfd6a362f,ENQUEUED,0.3420498518255982,questions_in,fifo,uniform,0,0
2025-10-29T14:40:57.343283,PUBLISH,b2d148745d2c4e79920bb7cc0fbf597e,68f2d95bd190740cfd6a363d,ENQUEUED,0.4670066380962842,questions_in,fifo,uniform,0,0
2025-10-29T14:40:57.579292,PUBLISH,2d6f463ce3e74841bb6893d410d96442,68f2d95bd190740cfd6a1bab,ENQUEUED,0.2306184511978219,questions_in,fifo,uniform,0,0
2025-10-29T14:40:57.769767,PUBLISH,03c226e75c9843a1af9e0dbd12942b0c,68f2d95bd190740cfd6a1b06,ENQUEUED,0.18331832785429616,questions_in,fifo,uniform,0,0
2025-10-29T14:40:57.940851,PUBLISH,21f4695e54f64877a579eac7cb1d4787,68f2d95bd190740cfd6a4019,ENQUEUED,0.1649666938997521,questions_in,fifo,uniform,0,0
2025-10-29T14:40:58.064560,PUBLISH,4a0fbd9387f84ff0a5a441230670ff47,68f2d95bd190740cfd6a2e8c,ENQUEUED,0.12227418580329547,questions_in,fifo,uniform,0,0
2025-10-29T14:40:58.260004,PUBLISH,e93c20d354de4a52a4cd877f15318b76,68f2d95bd190740cfd6a1f90,ENQUEUED,0.19033031094908398,questions_in,fifo,uniform,0,0
2025-10-29T14:40:58.406513,PUBLISH,716b8a1cba7444b7b8084dec32241ef0,68f2d95bd190740cfd6a1d66,ENQUEUED,0.1406889911461419,questions_in,fifo,uniform,0,0
2025-10-29T14:40:58.726182,PUBLISH,f6d43157083e4b28bb53aa160fe9ac3f,68f2d95bd190740cfd6a3694,ENQUEUED,0.31426649204421786,questions_in,fifo,uniform,0,0
2025-10-29T14:40:59.161082,PUBLISH,981e3adef8714ad9ad59c1ff55f56ab2,68f2d95bd190740cfd6a27fe,ENQUEUED,0.4292255826892084,questions_in,fifo,uniform,0,0
2025-10-29T14:40:59.640879,PUBLISH,aaeef07708b3431e94cf35cc0c3aec92,68f2d95bd190740cfd6a41b3,ENQUEUED,0.4730975010578906,questions_in,fifo,uniform,0,0
2025-10-29T14:40:59.872685,PUBLISH,4deb3abb41df40f8bfd4f65232fe21b0,68f2d95bd190740cfd6a243d,ENQUEUED,0.22649711008758888,questions_in,fifo,uniform,0,0
2025-10-29T14:41:00.207258,PUBLISH,84376949a3a94de7a260c723c3183dba,68f2d95bd190740cfd6a4013,ENQUEUED,0.33289163194892346,questions_in,fifo,uniform,0,0
2025-10-29T14:41:00.695262,PUBLISH,0d82ec134b0349688a142b2b9b7f86f3,68f2d95bd190740cfd6a3a9e,ENQUEUED,0.48135910247362845,questions_in,fifo,uniform,0,0
2025-10-29T14:41:00.841604,PUBLISH,4873619d193549709adce6ec563bd839,68f2d95bd190740cfd6a1f99,ENQUEUED,0.14106328367566331,questions_in,fifo,uniform,0,0
2025-10-29T14:41:00.969890,PUBLISH,f29468edc34f4d2294047555911d747f,68f2d95bd190740cfd6a1c49,ENQUEUED,0.12244055147687494,questions_in,fifo,uniform,0,0
2025-10-29T14:41:01.396735,PUBLISH,c3ad4957cfa645a4888531638d451b5d,68f2d95bd190740cfd6a2259,ENQUEUED,0.4250882780421428,questions_in,fifo,uniform,0,0
2025-10-29T14:41:01.636039,PUBLISH,fc44621a3c264b28a21c17bd3d424c7e,68f2d95bd190740cfd6a2d2e,ENQUEUED,0.23329930906573942,questions_in,fifo,uniform,0,0
2025-10-29T14:41:02.136641,PUBLISH,bfdc21a457b14d1abf0284a25fb9a12f,68f2d95bd190740cfd6a33d1,ENQUEUED,0.49490472221044657,questions_in,fifo,uniform,0,0
2025-10-29T14:41:02.248070,PUBLISH,7171dbc5d0554e96a58c705a036cf151,68f2d95bd190740cfd6a2da3,ENQUEUED,0.10512363327514516,questions_in,fifo,uniform,0,0
2025-10-29T14:41:02.576302,PUBLISH,d875826104344dffa5a79e571735d039,68f2d95bd190740cfd6a3400,ENQUEUED,0.3222320963061499,questions_in,fifo,uniform,0,0
2025-10-29T14:41:02.826259,PUBLISH,6b5a97433dbb477f800c5ed4edefcd29,68f2d95bd190740cfd6a2a2c,ENQUEUED,0.24447352691285806,questions_in,fifo,uniform,0,0
2025-10-29T14:41:03.090332,PUBLISH,cfa8803bb7814359a9659fa6c1f34861,68f2d95bd190740cfd6a1eeb,ENQUEUED,0.25827890705574674,questions_in,fifo,uniform,0,0
2025-10-29T14:41:03.272051,PUBLISH,e808ff6b0071473a97dc9508acb979af,68f2d95bd190740cfd6a3e96,ENQUEUED,0.17648578944017512,questions_in,fifo,uniform,0,0
2025-10-29T14:41:03.439196,PUBLISH,7ed80c0aa4004ee89839e51d4d719093,68f2d95bd190740cfd6a2a92,ENQUEUED,0.15998452545005826,questions_in,fifo,uniform,0,0
2025-10-29T14:41:03.602489,PUBLISH,e84ff94266654b8b94ff566320aa2fc6,68f2d95bd190740cfd6a3cb0,ENQUEUED,0.1579248532519904,questions_in,fifo,uniform,0,0
2025-10-29T14:41:03.939991,PUBLISH,62b6d82a07e844c3a11e27c66d8d4386,68f2d95bd190740cfd6a3661,ENQUEUED,0.33178696534705693,questions_in,fifo,uniform,0,0
2025-10-29T14:41:04.437302,PUBLISH,9e5bec4ed2c04500b54d4945679afd7d,68f2d95bd190740cfd6a4185,ENQUEUED,0.4911208375296465,questions_in,fifo,uniform,0,0
2025-10-29T14:41:04.900076,PUBLISH,72b72611d7c34ebab0b893884a03a8e4,68f2d95bd190740cfd6a1cba,ENQUEUED,0.4560033791505368,questions_in,fifo,uniform,0,0
2025-10-29T14:41:05.329570,PUBLISH,d40365d6cf264e5e90510f439810dba8,68f2d95bd190740cfd6a23f6,ENQUEUED,0.4237567199375304,questions_in,fifo,uniform,0,0
2025-10-29T14:41:05.580764,PUBLISH,39c2fbc9bece4333b4c61b769aede48b,68f2d95bd190740cfd6a2929,ENQUEUED,0.24452466516581028,questions_in,fifo,uniform,0,0
2025-10-29T14:41:05.889666,PUBLISH,0232e5f193a24fffa17130a18549fc67,68f2d95bd190740cfd6a1b1b,ENQUEUED,0.30331690552354384,questions_in,fifo,uniform,0,0
2025-10-29T14:41:06.029405,PUBLISH,657aa2a1bf604f2faedd5100d05b180d,68f2d95bd190740cfd6a3f29,ENQUEUED,0.1344169686188796,questions_in,fifo,uniform,0,0
2025-10-29T14:41:06.455085,PUBLISH,7d56225f8c4b4ca3a7b676a82036b446,68f2d95bd190740cfd6a24f8,ENQUEUED,0.4198672937771092,questions_in,fifo,uniform,0,0
2025-10-29T14:41:06.659373,PUBLISH,3164e92d70264319996a04bd7dd4361c,68f2d95bd190740cfd6a40e9,ENQUEUED,0.19799078052600919,questions_in,fifo,uniform,0,0
2025-10-29T14:41:06.828272,PUBLISH,a8c2d76d55d4426ab7f61a1f536f219b,68f2d95bd190740cfd6a2902,ENQUEUED,0.16257693828011913,questions_in,fifo,uniform,0,0
2025-10-29T14:41:07.170299,PUBLISH,e776d3287a4e4987aeb6ede30d774b21,68f2d95bd190740cfd6a2e15,ENQUEUED,0.33331370153737283,questions_in,fifo,uniform,0,0
2025-10-29T14:41:07.447654,PUBLISH,b75c104c4d3f44a58759c941adacd32f,68f2d95bd190740cfd6a3325,ENQUEUED,0.2721333900087861,questions_in,fifo,uniform,0,0
2025-10-29T14:41:07.876453,PUBLISH,f0d3a9c0a5114c41a82b8bdc25f58e3e,68f2d95bd190740cfd6a2a49,ENQUEUED,0.423339609778824,questions_in,fifo,uniform,0,0
2025-10-29T14:41:08.315011,PUBLISH,787ec9e9562f443199aa2d193eeac2e1,68f2d95bd190740cfd6a277b,ENQUEUED,0.4347902777880437,questions_in,fifo,uniform,0,0
2025-10-29T14:41:08.550296,PUBLISH,60242b67fb194aa8aaf05486f94a501c,68f2d95bd190740cfd6a3923,ENQUEUED,0.2294208861921696,questions_in,fifo,uniform,0,0
2025-10-29T14:41:08.942019,PUBLISH,8710aabe7fc74beb8ec139d02581d89c,68f2d95bd190740cfd6a377a,ENQUEUED,0.3861241545058699,questions_in,fifo,uniform,0,0
2025-10-29T14:41:09.343186,PUBLISH,482a5a653c024369a8398c72b2793cd8,68f2d95bd190740cfd6a3f1c,ENQUEUED,0.3994234366369763,questions_in,fifo,uniform,0,0
2025-10-29T14:41:09.665435,PUBLISH,237534c5d1264ebda164ffb2ba4305ea,68f2d95bd190740cfd6a3e15,ENQUEUED,0.31584986027892437,questions_in,fifo,uniform,0,0
2025-10-29T14:41:09.827089,PUBLISH,21e254ae67874d1db949385b1232bcf7,68f2d95bd190740cfd6a247b,ENQUEUED,0.15601049174060955,questions_in,fifo,uniform,0,0
2025-10-29T14:41:09.934679,PUBLISH,7abbf9d945c64090a19245b44f47c1b5,68f2d95bd190740cfd6a1f20,ENQUEUED,0.1019899697635041,questions_in,fifo,uniform,0,0
2025-10-29T14:41:10.299699,PUBLISH,0ad18981bce64848975187564a6f2eb4,68f2d95bd190740cfd6a1e60,ENQUEUED,0.359645301198373,questions_in,fifo,uniform,0,0
2025-10-29T14:41:10.623950,PUBLISH,84613e1a362a4f14963c7a61daa44327,68f2d95bd190740cfd6a3369,ENQUEUED,0.32274993691643494,questions_in,fifo,uniform,0,0
2025-10-29T14:41:10.977239,PUBLISH,6f2ad63570264fe9a25abab0f342c283,68f2d95bd190740cfd6a3c62,ENQUEUED,0.34590356598136396,questions_in,fifo,uniform,0,0
2025-10-29T14:41:11.444412,PUBLISH,7240705d5dd9461ca145d3489957844a,68f2d95bd190740cfd6a1f40,ENQUEUED,0.4595354905058283,questions_in,fifo,uniform,0,0
2025-10-29T14:41:11.698534,PUBLISH,e997ab15850c4657a6a04d6db25199bf,68f2d95bd190740cfd6a4154,ENQUEUED,0.24863013025136868,questions_in,fifo,uniform,0,0
2025-10-29T14:41:11.953782,PUBLISH,0d999dad5cf44558bf6a12175ee0ab5c,68f2d95bd190740cfd6a31e0,ENQUEUED,0.24991911313491355,questions_in,fifo,uniform,0,0
2025-10-29T14:41:12.348114,PUBLISH,6ec53eb8271d462980d07bb2ec976d71,68f2d95bd190740cfd6a24f1,ENQUEUED,0.3883586549290229,questions_in,fifo,uniform,0,0
2025-10-29T14:41:12.520549,PUBLISH,13b5b6deb4444e389c253513f1350749,68f2d95bd190740cfd6a3fc1,ENQUEUED,0.17087333081762285,questions_in,fifo,uniform,0,0
2025-10-29T14:41:12.713059,PUBLISH,36577f4cabc54a6f8d3a50d34f3f2460,68f2d95bd190740cfd6a27a8,ENQUEUED,0.1869728226733566,questions_in,fifo,uniform,0,0
2025-10-29T14:41:13.030051,PUBLISH,10b1294cc505404d886e534f795f23d0,68f2d95bd190740cfd6a242e,ENQUEUED,0.31156425020806844,questions_in,fifo,uniform,0,0
2025-10-29T14:41:13.497783,PUBLISH,c0211253ebb94735bd883bc91853f312,68f2d95bd190740cfd6a1c71,ENQUEUED,0.46094337692368015,questions_in,fifo,uniform,0,0
2025-10-29T14:41:13.613074,PUBLISH,a3a6adb9b27f408b8e859a5774c7a297,68f2d95bd190740cfd6a26dc,ENQUEUED,0.11018216896439692,questions_in,fifo,uniform,0,0
2025-10-29T14:41:14.026694,PUBLISH,a99db7af29c64fae98737259e6f47582,68f2d95bd190740cfd6a1f78,ENQUEUED,0.40709154186359353,questions_in,fifo,uniform,0,0
2025-10-29T14:41:14.515020,PUBLISH,0d7241a14a5145f99530723b6ffe4938,68f2d95bd190740cfd6a3b34,ENQUEUED,0.48319252449511096,questions_in,fifo,uniform,0,0
2025-10-29T14:41:14.730984,PUBLISH,15d85cb2be2444108a5c15bddbad1769,68f2d95bd190740cfd6a26db,ENQUEUED,0.20881172938353298,questions_in,fifo,uniform,0,0
2025-10-29T14:41:15.059778,PUBLISH,26e9766d009946ee82a1fb090a6f0fd4,68f2d95bd190740cfd6a3d86,ENQUEUED,0.32308962412845715,questions_in,fifo,uniform,0,0
2025-10-29T14:41:15.334880,PUBLISH,9d0d888246fc41c799b1d26370407321,68f2d95bd190740cfd6a38a9,ENQUEUED,0.269363282649678,questions_in,fifo,uniform,0,0
2025-10-29T14:41:15.527814,PUBLISH,7857b7c01a1c4cec9be070e826346294,68f2d95bd190740cfd6a405d,ENQUEUED,0.19144321382500593,questions_in,fifo,uniform,0,0
2025-10-29T14:41:15.885319,PUBLISH,62f9206851de40799146715b664babe3,68f2d95bd190740cfd6a402e,ENQUEUED,0.3514406357083072,questions_in,fifo,uniform,0,0
2025-10-29T14:41:16.121131,PUBLISH,7327a9f12ff143618e96c5eeaa53fca5,68f2d95bd190740cfd6a3e6e,ENQUEUED,0.2302898952862391,questions_in,fifo,uniform,0,0
2025-10-29T14:41:16.378423,PUBLISH,0a0baaabfc284ef993e7b814deccc382,68f2d95bd190740cfd6a313c,ENQUEUED,0.25182703592887556,questions_in,fifo,uniform,0,0
2025-10-29T14:41:16.524366,PUBLISH,8aa380e1788d4794bce3051d79862924,68f2d95bd190740cfd6a28a1,ENQUEUED,0.1405710508108543,questions_in,fifo,uniform,0,0
2025-10-29T14:41:16.934614,PUBLISH,e0393a9012114b948935a8c3e5dadebb,68f2d95bd190740cfd6a21f9,ENQUEUED,0.4043720080431553,questions_in,fifo,uniform,0,0
2025-10-29T14:41:17.108576,PUBLISH,b1f5bff01edd43729e970a7fa2e8b373,68f2d95bd190740cfd6a3e76,ENQUEUED,0.16756039264245462,questions_in,fifo,uniform,0,0
2025-10-29T14:41:17.580014,PUBLISH,a90c6f3cce6f4539b04f52df36348cd1,68f2d95bd190740cfd6a2677,ENQUEUED,0.46538069142634775,questions_in,fifo,uniform,0,0
2025-10-29T14:41:17.848251,PUBLISH,a91e88b8fa7b4126ac4d9526300355a3,68f2d95bd190740cfd6a2433,ENQUEUED,0.2626795138475674,questions_in,fifo,uniform,0,0
2025-10-29T14:41:17.988705,PUBLISH,0339159b8f7243febe0401b64ced9caf,68f2d95bd190740cfd6a329a,ENQUEUED,0.13385645104143162,questions_in,fifo,uniform,0,0
2025-10-29T14:41:18.252375,PUBLISH,672c349a6c3d4932a0513b3cbc377043,68f2d95bd190740cfd6a3b3d,ENQUEUED,0.25767136089329035,questions_in,fifo,uniform,0,0
2025-10-29T14:41:18.412040,PUBLISH,c5101c23c8a944e2bba6ceff30e34b33,68f2d95bd190740cfd6a3f63,ENQUEUED,0.15376882795866456,questions_in,fifo,uniform,0,0
2025-10-29T14:41:18.609713,PUBLISH,8d78a7011a5446de9ac49087fa3f5831,68f2d95bd190740cfd6a2b8d,ENQUEUED,0.1961019538975468,questions_in,fifo,uniform,0,0
2025-10-29T14:41:18.963156,PUBLISH,3d3a40eeb9ed47bba3496ccdeaf485ba,68f2d95bd190740cfd6a274a,ENQUEUED,0.34778201318630764,questions_in,fifo,uniform,0,0
2025-10-29T14:41:19.193223,PUBLISH,9ae73cc2c03d4c728254567e4ddb3b45,68f2d95bd190740cfd6a1cc7,ENQUEUED,0.22396837108023765,questions_in,fifo,uniform,0,0
2025-10-29T14:41:19.697171,PUBLISH,d3bd3efac7b54fd39daacfe8e75cce99,68f2d95bd190740cfd6a2613,ENQUEUED,0.4966073779529293,questions_in,fifo,uniform,0,0
2025-10-29T14:41:20.173145,PUBLISH,c8303fd27cbe40d08d824855b9ea6822,68f2d95bd190740cfd6a376b,ENQUEUED,0.46904541629178076,questions_in,fifo,uniform,0,0
2025-10-29T14:41:20.448245,PUBLISH,b2bfa26f5606442c81d9f87017054bba,68f2d95bd190740cfd6a1ff6,ENQUEUED,0.26905367412640313,questions_in,fifo,uniform,0,0
2025-10-29T14:41:20.770511,PUBLISH,9e9f7ed34d034160bf034f297bc253f2,68f2d95bd190740cfd6a2e4a,ENQUEUED,0.3165770273579105,questions_in,fifo,uniform,0,0
2025-10-29T14:41:21.263585,PUBLISH,b9ecbc5ba34b4520a5c92df38f137674,68f2d95bd190740cfd6a1de8,ENQUEUED,0.4856069441423757,questions_in,fifo,uniform,0,0
2025-10-29T14:41:21.416279,PUBLISH,741180e5174849a0bf7250b3c3848ca2,68f2d95bd190740cfd6a3515,ENQUEUED,0.1467794918961976,questions_in,fifo,uniform,0,0
2025-10-29T14:41:21.861573,PUBLISH,d0a9975e39c14344b6eb96e5cfb1cbfb,68f2d95bd190740cfd6a2aa7,ENQUEUED,0.4436770850612163,questions_in,fifo,uniform,0,0
2025-10-29T14:41:22.157506,PUBLISH,1036ab8e713f4217a82886d2b6fb4827,68f2d95bd190740cfd6a27da,ENQUEUED,0.290111112204852,questions_in,fifo,uniform,0,0
2025-10-29T14:41:22.275671,PUBLISH,9aa91049170b46089d86143f8bd61a9b,68f2d95bd190740cfd6a305d,ENQUEUED,0.11300324355306063,questions_in,fifo,uniform,0,0
2025-10-29T14:41:22.743494,PUBLISH,56aa901d3a1a4f5bafcc682999bc1f5d,68f2d95bd190740cfd6a1f49,ENQUEUED,0.4614398535019475,questions_in,fifo,uniform,0,0
2025-10-29T14:41:23.228550,PUBLISH,177e0ab1a4c04c46b4918b9f5995ad54,68f2d95bd190740cfd6a2f5b,ENQUEUED,0.4795311997706556,questions_in,fifo,uniform,0,0
2025-10-29T14:41:23.691072,PUBLISH,b47d3333a49847ec818170fb716c2604,68f2d95bd190740cfd6a1be7,ENQUEUED,0.45667425913514337,questions_in,fifo,uniform,0,0
2025-10-29T14:41:24.167543,PUBLISH,3eeff5334a4743ba89578190d1acd421,68f2d95bd190740cfd6a3f01,ENQUEUED,0.47051069364526665,questions_in,fifo,uniform,0,0
2025-10-29T14:41:24.325446,PUBLISH,33ca2e40daaf4a80bbb88f4c4fa889f4,68f2d95bd190740cfd6a25b5,ENQUEUED,0.1524101803024443,questions_in,fifo,uniform,0,0
2025-10-29T14:41:24.628992,PUBLISH,be2cbd8229a545bdb086f1b14d316c7b,68f2d95bd190740cfd6a35e8,ENQUEUED,0.2975129960965195,questions_in,fifo,uniform,0,0
2025-10-29T14:41:24.877063,PUBLISH,65698bc823d445c1a350a9a70e39220b,68f2d95bd190740cfd6a305a,ENQUEUED,0.24293784370746443,questions_in,fifo,uniform,0,0
2025-10-29T14:41:25.325680,PUBLISH,a11c6afbb7d54edabc3f174c0ff92a49,68f2d95bd190740cfd6a4038,ENQUEUED,0.44295427044328506,questions_in,fifo,uniform,0,0
2025-10-29T14:41:25.713761,PUBLISH,d65f78dbe18c47d68d736eb35877ce11,68f2d95bd190740cfd6a295d,ENQUEUED,0.3823207922280928,questions_in,fifo,uniform,0,0
2025-10-29T14:41:26.081141,PUBLISH,dc321b691c114934b727b540ce6d3d35,68f2d95bd190740cfd6a2938,ENQUEUED,0.36567014511601037,questions_in,fifo,uniform,0,0
2025-10-29T14:41:26.348471,PUBLISH,bf2dd3b63215428491ad32fd3c606886,68f2d95bd190740cfd6a4017,ENQUEUED,0.26133975511290164,questions_in,fifo,uniform,0,0
2025-10-29T14:41:26.499298,PUBLISH,810962c552054298960156ff2766bdd9,68f2d95bd190740cfd6a407a,ENQUEUED,0.14564861040199048,questions_in,fifo,uniform,0,0
2025-10-29T14:41:26.991151,PUBLISH,c3bd93c045b14a3aa511d9544240ef1a,68f2d95bd190740cfd6a313f,ENQUEUED,0.4862195874170311,questions_in,fifo,uniform,0,0
2025-10-29T14:41:27.242375,PUBLISH,4f9d7da645ab441fa4dd31a5f8850ed2,68f2d95bd190740cfd6a2f19,ENQUEUED,0.2458527931192228,questions_in,fifo,uniform,0,0
2025-10-29T14:41:27.714598,PUBLISH,1ac3b26bc3d64b79902d36e6212a9192,68f2d95bd190740cfd6a25dd,ENQUEUED,0.4661321677815522,questions_in,fifo,uniform,0,0
2025-10-29T14:41:27.856798,PUBLISH,d378981a301044819f53c9ecd5541158,68f2d95bd190740cfd6a3a11,ENQUEUED,0.13647957802554234,questions_in,fifo,uniform,0,0
2025-10-29T14:41:28.092474,PUBLISH,0073484ce18e48008a7f7a2723ce7812,68f2d95bd190740cfd6a2faf,ENQUEUED,0.23022173689843184,questions_in,fifo,uniform,0,0
2025-10-29T14:41:28.262355,PUBLISH,afdd665815974fa6a220102063012063,68f2d95bd190740cfd6a3447,ENQUEUED,0.16410290103232167,questions_in,fifo,uniform,0,0
2025-10-29T14:41:28.598416,PUBLISH,0d5515f24bfa450ca6fa420e51c781e3,68f2d95bd190740cfd6a2c8a,ENQUEUED,0.32991115783033986,questions_in,fifo,uniform,0,0
2025-10-29T14:41:29.073130,PUBLISH,e12cd84ab54d4697ac6db74ee045126b,68f2d95bd190740cfd6a2441,ENQUEUED,0.469025350609483,questions_in,fifo,uniform,0,0
2025-10-29T14:41:29.385290,PUBLISH,564d9187d9bb4998bf183afbcd03a479,68f2d95bd190740cfd6a3bca,ENQUEUED,0.306599661970441,questions_in,fifo,uniform,0,0
2025-10-29T14:41:29.859707,PUBLISH,59ae4c6c6e064bbab01219ce6a4dbfa6,68f2d95bd190740cfd6a356c,ENQUEUED,0.46853214121109044,questions_in,fifo,uniform,0,0
2025-10-29T14:41:30.042729,PUBLISH,5fb96755f2014592bdb7bb22e166a16c,68f2d95bd190740cfd6a2c8c,ENQUEUED,0.1775963977294208,questions_in,fifo,uniform,0,0
2025-10-29T14:41:30.414405,PUBLISH,e447b230e3b944e2a99cbf209549ad5f,68f2d95bd190740cfd6a358a,ENQUEUED,0.3644867174952261,questions_in,fifo,uniform,0,0
2025-10-29T14:41:30.822218,PUBLISH,9b722ea8bc364653b1140af738e30712,68f2d95bd190740cfd6a407a,ENQUEUED,0.4022132327384699,questions_in,fifo,uniform,0,0
2025-10-29T14:41:31.146918,PUBLISH,ce4e1443ea894c6c808be0ab9f2829ee,68f2d95bd190740cfd6a33b8,ENQUEUED,0.3225917350677109,questions_in,fifo,uniform,0,0
2025-10-29T14:41:31.290074,PUBLISH,68fe7cbef39b4bbdbb67ff7ea5c2d8f1,68f2d95bd190740cfd6a25fc,ENQUEUED,0.13784739507688748,questions_in,fifo,uniform,0,0
2025-10-29T14:41:31.636511,PUBLISH,df69c061bf7d41c58aa46cb55c6c24b3,68f2d95bd190740cfd6a26d7,ENQUEUED,0.3398742859399076,questions_in,fifo,uniform,0,0
2025-10-29T14:41:31.973294,PUBLISH,137aab043e144282b156d1211087a544,68f2d95bd190740cfd6a3e15,ENQUEUED,0.33110122290630484,questions_in,fifo,uniform,0,0
2025-10-29T14:41:32.129040,PUBLISH,01b9ecb5bb054995b8df7cc2577d00c4,68f2d95bd190740cfd6a3265,ENQUEUED,0.1505719636894147,questions_in,fifo,uniform,0,0
2025-10-29T14:41:32.355379,PUBLISH,fbb3a654b632464f9abcbb5ff49dae3e,68f2d95bd190740cfd6a399b,ENQUEUED,0.22048361438611896,questions_in,fifo,uniform,0,0
2025-10-29T14:41:32.548081,PUBLISH,49c9df82f4f24bd1aac3d341785db656,68f2d95bd190740cfd6a2e71,ENQUEUED,0.18689981367544745,questions_in,fifo,uniform,0,0
2025-10-29T14:41:33.032477,PUBLISH,951b3193510d47059a8a09c41748f4b7,68f2d95bd190740cfd6a2206,ENQUEUED,0.47762607007418534,questions_in,fifo,uniform,0,0
2025-10-29T14:41:33.139862,PUBLISH,24bfecd8d11949f5b6cd952b0fcf175f,68f2d95bd190740cfd6a1d93,ENQUEUED,0.10209428527408347,questions_in,fifo,uniform,0,0
2025-10-29T14:41:33.304775,PUBLISH,9208940c600d40ea912f042640bb7424,68f2d95bd190740cfd6a273c,ENQUEUED,0.1586776332516489,questions_in,fifo,uniform,0,0
2025-10-29T14:41:33.596773,PUBLISH,3ea8060c525d4c5280bf6d976df94f78,68f2d95bd190740cfd6a2ebe,ENQUEUED,0.2863459175966486,questions_in,fifo,uniform,0,0
2025-10-29T14:41:33.940146,PUBLISH,b7451fd3ff9543b690f2081a9f925c74,68f2d95bd190740cfd6a2e8b,ENQUEUED,0.33580265560829914,questions_in,fifo,uniform,0,0
2025-10-29T14:41:34.098271,PUBLISH,5237c5d0cc2e444095763f0db4a5f5da,68f2d95bd190740cfd6a3d30,ENQUEUED,0.15265931009197398,questions_in,fifo,uniform,0,0
2025-10-29T14:41:34.538697,PUBLISH,cdb384ea1c22484f9041383252b5c960,68f2d95bd190740cfd6a24c5,ENQUEUED,0.4341880531175263,questions_in,fifo,uniform,0,0
2025-10-29T14:41:34.909504,PUBLISH,e61bdf3277e54e1eb52ec302b22d4065,68f2d95bd190740cfd6a2379,ENQUEUED,0.3647403468509276,questions_in,fifo,uniform,0,0
2025-10-29T14:41:35.166747,PUBLISH,37635ecdf20f40e184bf23388652c371,68f2d95bd190740cfd6a3b1d,ENQUEUED,0.25106643374953563,questions_in,fifo,uniform,0,0
2025-10-29T14:41:35.428373,PUBLISH,e94ff739fd78409098329532bef149c4,68f2d95bd190740cfd6a210a,ENQUEUED,0.25946557988321495,questions_in,fifo,uniform,0,0
2025-10-29T14:41:35.541806,PUBLISH,2f13d232ce5c4839b34a02dff5279ff4,68f2d95bd190740cfd6a3acc,ENQUEUED,0.11117237886755925,questions_in,fifo,uniform,0,0
2025-10-29T14:41:36.028515,PUBLISH,971f49b84d76466fb3945eb38fb409be,68f2d95bd190740cfd6a4143,ENQUEUED,0.48137392149580205,questions_in,fifo,uniform,0,0
2025-10-29T14:41:36.241012,PUBLISH,ce56cff928d24587bb3aede12c960d2a,68f2d95bd190740cfd6a3d6b,ENQUEUED,0.20607692378447928,questions_in,fifo,uniform,0,0
2025-10-29T14:41:36.528859,PUBLISH,c647b60829fe4068a938e9f7e82ccd3f,68f2d95bd190740cfd6a3285,ENQUEUED,0.28251325724083404,questions_in,fifo,uniform,0,0
2025-10-29T14:41:36.797575,PUBLISH,b9ba4899c2c34d24988e583dd2f89597,68f2d95bd190740cfd6a1ef8,ENQUEUED,0.261245118399963,questions_in,fifo,uniform,0,0
2025-10-29T14:41:36.993704,PUBLISH,f66a237403fc431e863dcc2ca10f9f31,68f2d95bd190740cfd6a27f7,ENQUEUED,0.19084926189089002,questions_in,fifo,uniform,0,0
2025-10-29T14:41:37.220037,PUBLISH,5e7ab277c25643ec91ebefc509d078a2,68f2d95bd190740cfd6a28b4,ENQUEUED,0.22481980997502965,questions_in,fifo,uniform,0,0
2025-10-29T14:41:37.678713,PUBLISH,f274eb4f685f41e2954c9d93f278159e,68f2d95bd190740cfd6a2de7,ENQUEUED,0.452782214173969,questions_in,fifo,uniform,0,0
2025-10-29T14:41:37.954905,PUBLISH,1ce075e70df64f0bae65411a7f6b43fa,68f2d95bd190740cfd6a2ad2,ENQUEUED,0.2700577084940312,questions_in,fifo,uniform,0,0
2025-10-29T14:41:38.074556,PUBLISH,4bc9f7a91f944f969887d69ddf1862d1,68f2d95bd190740cfd6a3e92,ENQUEUED,0.11422674813512074,questions_in,fifo,uniform,0,0
2025-10-29T14:41:38.500919,PUBLISH,d2547afe717f419abbc6bf0ab44dafd9,68f2d95bd190740cfd6a3477,ENQUEUED,0.4234644577428086,questions_in,fifo,uniform,0,0
2025-10-29T14:41:38.903913,PUBLISH,bf00e70c715446959957ff7dc4371239,68f2d95bd190740cfd6a2dc2,ENQUEUED,0.4011749343311404,questions_in,fifo,uniform,0,0
2025-10-29T14:41:39.306517,PUBLISH,4ce83cda02cb4e8e99608eae72dadbec,68f2d95bd190740cfd6a2143,ENQUEUED,0.39596210412554356,questions_in,fifo,uniform,0,0
2025-10-29T14:41:39.455376,PUBLISH,7bd0329bf5ae42528d217422c53d9a29,68f2d95bd190740cfd6a1af4,ENQUEUED,0.14298785589346044,questions_in,fifo,uniform,0,0
2025-10-29T14:41:39.668276,PUBLISH,eb5e7768f4594b5183713ab3fe82618b,68f2d95bd190740cfd6a29bb,ENQUEUED,0.20615859280258586,questions_in,fifo,uniform,0,0
2025-10-29T14:41:40.137751,PUBLISH,6df75173de6c4b11992a9f2ed799cda4,68f2d95bd190740cfd6a2207,ENQUEUED,0.4627389613578131,questions_in,fifo,uniform,0,0
2025-10-29T14:41:40.455953,PUBLISH,9c0ea08d80ce44a9ab10aaae06a47207,68f2d95bd190740cfd6a249c,ENQUEUED,0.3165936102302247,questions_in,fifo,uniform,0,0
2025-10-29T14:41:40.651630,PUBLISH,76df34c9f49f4260b546a1962d494ae7,68f2d95bd190740cfd6a34d7,ENQUEUED,0.189565623873604,questions_in,fifo,uniform,0,0
2025-10-29T14:41:40.828342,PUBLISH,503373477ab948d393769827a43ebf30,68f2d95bd190740cfd6a2029,ENQUEUED,0.1709997874380499,questions_in,fifo,uniform,0,0
2025-10-29T14:41:41.185095,PUBLISH,ed1a5dd8209146fd84da721701cc3f65,68f2d95bd190740cfd6a2656,ENQUEUED,0.3414816742244245,questions_in,fifo,uniform,0,0
2025-10-29T14:41:41.402627,PUBLISH,a00cb044c6184f95aab6ea0ddd798872,68f2d95bd190740cfd6a3f5e,ENQUEUED,0.21100058328111385,questions_in,fifo,uniform,0,0
2025-10-29T14:41:41.685515,PUBLISH,644ccc7eb42d46e2bcb9ed62799a0a79,68f2d95bd190740cfd6a4030,ENQUEUED,0.2773952013321874,questions_in,fifo,uniform,0,0
2025-10-29T14:41:41.962826,PUBLISH,b0a423fa279146088dcceea421e9d47d,68f2d95bd190740cfd6a369e,ENQUEUED,0.27506763150135255,questions_in,fifo,uniform,0,0
2025-10-29T14:41:42.400136,PUBLISH,8aad024370a54b9782c30272a2dcbd1e,68f2d95bd190740cfd6a27c0,ENQUEUED,0.43208792854648737,questions_in,fifo,uniform,0,0
2025-10-29T14:41:42.672960,PUBLISH,005fcbd6129742f58bd24a010d06cf88,68f2d95bd190740cfd6a372a,ENQUEUED,0.26774539438507783,questions_in,fifo,uniform,0,0
2025-10-29T14:41:42.785393,PUBLISH,d229273674a242fd90113939875c1fde,68f2d95bd190740cfd6a236c,ENQUEUED,0.10713591714205468,questions_in,fifo,uniform,0,0
2025-10-29T14:41:43.219312,PUBLISH,1837ef38bfd94b21acb91da70c9ba4e8,68f2d95bd190740cfd6a417d,ENQUEUED,0.4285719113238112,questions_in,fifo,uniform,0,0
2025-10-29T14:41:43.366202,PUBLISH,0c5540dc24d44942b4dd41770fb995fa,68f2d95bd190740cfd6a325c,ENQUEUED,0.14154751413004793,questions_in,fifo,uniform,0,0
2025-10-29T14:41:43.756608,PUBLISH,2c32cd3be97f464fa7e765fc996ad312,68f2d95bd190740cfd6a1ba6,ENQUEUED,0.3837991945952729,questions_in,fifo,uniform,0,0
2025-10-29T14:41:44.032415,PUBLISH,7b0e029febd3426fbb6f8746073a7f10,68f2d95bd190740cfd6a371e,ENQUEUED,0.2704744044703134,questions_in,fifo,uniform,0,0
2025-10-29T14:41:44.394224,PUBLISH,dde602068bb843a49f43c8cb369d9c92,68f2d95bd190740cfd6a3c32,ENQUEUED,0.35476113837342627,questions_in,fifo,uniform,0,0
2025-10-29T14:41:44.887060,PUBLISH,4f8432c64d264b928a562e04512c2920,68f2d95bd190740cfd6a3cd2,ENQUEUED,0.4872985921041534,questions_in,fifo,uniform,0,0
2025-10-29T14:41:45.194452,PUBLISH,741dc26d530a4e48984dc4d29e97d8ff,68f2d95bd190740cfd6a2166,ENQUEUED,0.30539697153736955,questions_in,fifo,uniform,0,0
2025-10-29T14:41:45.515555,PUBLISH,4efd259f6b39404d854eea94f03ea9ac,68f2d95bd190740cfd6a1b0b,ENQUEUED,0.31518023923772165,questions_in,fifo,uniform,0,0
2025-10-29T14:41:45.892930,PUBLISH,28468130f0114cb799f77af7ab340f65,68f2d95bd190740cfd6a23a7,ENQUEUED,0.3718026073244758,questions_in,fifo,uniform,0,0
2025-10-29T14:41:46.128046,PUBLISH,c3642a979baf4cbdb9edfffdfcdb3fce,68f2d95bd190740cfd6a2d89,ENQUEUED,0.22948361615128274,questions_in,fifo,uniform,0,0
2025-10-29T14:41:46.510443,PUBLISH,6a73d1b0a45848afbfd05ce6ef2e595e,68f2d95bd190740cfd6a2e2c,ENQUEUED,0.3766495101441204,questions_in,fifo,uniform,0,0
2025-10-29T14:41:46.832381,PUBLISH,c46f245bc71144cc9ec4c893b6ea93b8,68f2d95bd190740cfd6a2a23,ENQUEUED,0.31641790452665336,questions_in,fifo,uniform,0,0
2025-10-29T14:41:47.032893,PUBLISH,8114237996824926ba184e19896ad968,68f2d95bd190740cfd6a35d8,ENQUEUED,0.1952471301957079,questions_in,fifo,uniform,0,0
2025-10-29T14:41:47.452447,PUBLISH,63b62fe7640e4bc5bf4893514bcb450f,68f2d95bd190740cfd6a2b0a,ENQUEUED,0.41267256350384207,questions_in,fifo,uniform,0,0
2025-10-29T14:41:47.787811,PUBLISH,bc537e8760324381b078f8bc7b3fcb62,68f2d95bd190740cfd6a3dcc,ENQUEUED,0.3292342326573721,questions_in,fifo,uniform,0,0
2025-10-29T14:41:47.993223,PUBLISH,e30b7edcc7e64d5fbc937a0928a9a5af,68f2d95bd190740cfd6a247e,ENQUEUED,0.19956287107306264,questions_in,fifo,uniform,0,0
2025-10-29T14:41:48.144823,PUBLISH,6822531f32864d8ebdd742e9160c708e,68f2d95bd190740cfd6a3a9d,ENQUEUED,0.1460219795771682,questions_in,fifo,uniform,0,0
2025-10-29T14:41:48.584594,PUBLISH,59ab5bd527fd4f15a77d3b997ed07a5c,68f2d95bd190740cfd6a40ae,ENQUEUED,0.4341120223361534,questions_in,fifo,uniform,0,0
2025-10-29T14:41:48.889369,PUBLISH,7e019f1cd401425d9cca1df6b20120ce,68f2d95bd190740cfd6a362e,ENQUEUED,0.2982193008997226,questions_in,fifo,uniform,0,0
2025-10-29T14:41:49.142056,PUBLISH,681b96c53b8249d2a849b939e079f1a0,68f2d95bd190740cfd6a1e5a,ENQUEUED,0.24695789737672308,questions_in,fifo,uniform,0,0
2025-10-29T14:41:49.419628,PUBLISH,84ad1dea03ab46a686ac04119db1cd97,68f2d95bd190740cfd6a345d,ENQUEUED,0.2705275944652282,questions_in,fifo,uniform,0,0
2025-10-29T14:41:49.600830,PUBLISH,9d304426b33d4b9bbc81415ddcc0ee70,68f2d95bd190740cfd6a1c1c,ENQUEUED,0.1756347456830667,questions_in,fifo,uniform,0,0
2025-10-29T14:41:49.770606,PUBLISH,00b81ae7ad7e4877bc780ded23224bde,68f2d95bd190740cfd6a1cde,ENQUEUED,0.16391005581388107,questions_in,fifo,uniform,0,0
2025-10-29T14:41:50.082359,PUBLISH,7af31ef477b54aba8737c6d284ed28fc,68f2d95bd190740cfd6a2672,ENQUEUED,0.3056724123435087,questions_in,fifo,uniform,0,0
2025-10-29T14:41:50.434672,PUBLISH,741d6fbdceee48a5a43ce78a8f9278dd,68f2d95bd190740cfd6a2a1a,ENQUEUED,0.34651156436650254,questions_in,fifo,uniform,0,0
2025-10-29T14:41:50.541712,PUBLISH,1756d25b1a3a414393506f1f421a905a,68f2d95bd190740cfd6a288a,ENQUEUED,0.10167328106111793,questions_in,fifo,uniform,0,0
2025-10-29T14:41:50.660413,PUBLISH,128b62e06d7c4820b3256fce7997b2fe,68f2d95bd190740cfd6a33c4,ENQUEUED,0.1129728169379642,questions_in,fifo,uniform,0,0
2025-10-29T14:41:50.921668,PUBLISH,98c91603e0b4423c8c415a0f44bfc5c5,68f2d95bd190740cfd6a40ac,ENQUEUED,0.25555279341237325,questions_in,fifo,uniform,0,0
2025-10-29T14:41:51.222765,PUBLISH,448c1be9419142f58ec54ebf53b5618e,68f2d95bd190740cfd6a36ae,ENQUEUED,0.29345558619669104,questions_in,fifo,uniform,0,0
2025-10-29T14:41:51.664910,PUBLISH,a456bdc724374d1e948c912c6fd69abc,68f2d95bd190740cfd6a1f2d,ENQUEUED,0.43639605854945873,questions_in,fifo,uniform,0,0
2025-10-29T14:41:51.889376,PUBLISH,9b5beda9596142728061b7b618c64cd4,68f2d95bd190740cfd6a3f93,ENQUEUED,0.21922935991497466,questions_in,fifo,uniform,0,0
2025-10-29T14:41:52.178159,PUBLISH,f933505db0434e7c8fac9791fbbdafac,68f2d95bd190740cfd6a3989,ENQUEUED,0.283242136319063,questions_in,fifo,uniform,0,0
2025-10-29T14:41:52.506063,PUBLISH,fcb591661e224cc5861d549b102724f2,68f2d95bd190740cfd6a3d2a,ENQUEUED,0.3223970260572212,questions_in,fifo,uniform,0,0
2025-10-29T14:41:52.755220,PUBLISH,2c268ea9f542401b961d34ec74a8b272,68f2d95bd190740cfd6a30d7,ENQUEUED,0.2451503520085083,questions_in,fifo,uniform,0,0
2025-10-29T14:41:53.003513,PUBLISH,69ed83013aab4d3b91adf076ea8ea97d,68f2d95bd190740cfd6a3807,ENQUEUED,0.24267167494187267,questions_in,fifo,uniform,0,0
2025-10-29T14:41:53.404300,PUBLISH,98479eaf4b8b4846a8b87a3d67910cce,68f2d95bd190740cfd6a2208,ENQUEUED,0.39540168937125564,questions_in,fifo,uniform,0,0
2025-10-29T14:41:53.721776,PUBLISH,4d503880977a46e6916439c7e063d43b,68f2d95bd190740cfd6a2d97,ENQUEUED,0.3118533366093906,questions_in,fifo,uniform,0,0
2025-10-29T14:41:54.162841,PUBLISH,a6087024499f44ccb37e07472e7f24d5,68f2d95bd190740cfd6a30f0,ENQUEUED,0.43486203615102936,questions_in,fifo,uniform,0,0
2025-10-29T14:41:54.561377,PUBLISH,bf0777762d3246008a619e7dda967de9,68f2d95bd190740cfd6a2fe9,ENQUEUED,0.39174488605895785,questions_in,fifo,uniform,0,0
2025-10-29T14:41:54.854583,PUBLISH,1c2ef5c898364457b4c156d1503caeed,68f2d95bd190740cfd6a1df5,ENQUEUED,0.28702758924586225,questions_in,fifo,uniform,0,0
2025-10-29T14:41:55.325252,PUBLISH,e40521e816f9401285f9b1b1ba228057,68f2d95bd190740cfd6a1d82,ENQUEUED,0.4621926649657482,questions_in,fifo,uniform,0,0
2025-10-29T14:41:55.565692,PUBLISH,fa34047a127847b9b690ca44d5e20fa5,68f2d95bd190740cfd6a2c36,ENQUEUED,0.23502225390621115,questions_in,fifo,uniform,0,0
2025-10-29T14:41:55.920877,PUBLISH,8255f0eae23f46768942ab28500d3470,68f2d95bd190740cfd6a1f86,ENQUEUED,0.35334255847150775,questions_in,fifo,uniform,0,0
2025-10-29T14:41:56.294436,PUBLISH,a78947f5fef0468c883e990682d0aed4,68f2d95bd190740cfd6a1b5f,ENQUEUED,0.3680654482450968,questions_in,fifo,uniform,0,0
2025-10-29T14:41:56.724802,PUBLISH,8a327847cfbb45af95e0555536ec11e3,68f2d95bd190740cfd6a3e61,ENQUEUED,0.42378490919476985,questions_in,fifo,uniform,0,0
2025-10-29T14:41:57.204583,PUBLISH,fce222e9b4564dde9de0de3958df5d33,68f2d95bd190740cfd6a2fab,ENQUEUED,0.4737681406207511,questions_in,fifo,uniform,0,0
2025-10-29T14:41:57.464097,PUBLISH,d04e7f4aca6f44078bdd4648b939486c,68f2d95bd190740cfd6a2b89,ENQUEUED,0.2539567230498523,questions_in,fifo,uniform,0,0
2025-10-29T14:41:57.834212,PUBLISH,544b8bc18a374eb88c5e01ff903acb5b,68f2d95bd190740cfd6a3006,ENQUEUED,0.36879779595165973,questions_in,fifo,uniform,0,0
2025-10-29T14:41:58.019471,PUBLISH,90d4b86d8a10432b8ca2df2e1793427d,68f2d95bd190740cfd6a2b4a,ENQUEUED,0.1799664430082807,questions_in,fifo,uniform,0,0
2025-10-29T14:41:58.402455,PUBLISH,e93e1633f833404f9fe8d0de8444acfa,68f2d95bd190740cfd6a3f36,ENQUEUED,0.3774341335970145,questions_in,fifo,uniform,0,0
2025-10-29T14:41:58.578274,PUBLISH,2246527e36994eae92e5b5808186ab9b,68f2d95bd190740cfd6a2885,ENQUEUED,0.17002116960650054,questions_in,fifo,uniform,0,0
2025-10-29T14:41:58.730936,PUBLISH,d8cfed25c15b45379006fd723dba4f7b,68f2d95bd190740cfd6a3d6f,ENQUEUED,0.1469798054267969,questions_in,fifo,uniform,0,0
2025-10-29T14:41:58.872205,PUBLISH,048a848dce3a4b289b1dd7cbf2cc309c,68f2d95bd190740cfd6a2731,ENQUEUED,0.1346213381870777,questions_in,fifo,uniform,0,0
2025-10-29T14:41:59.051210,PUBLISH,2e8e7e8a15ad42f9bed3db3394651c1d,68f2d95bd190740cfd6a1b82,ENQUEUED,0.17744394793446278,questions_in,fifo,uniform,0,0
2025-10-29T14:41:59.481221,PUBLISH,1e6ceeb252914ec7b1c75c6f4d5b49cc,68f2d95bd190740cfd6a1e74,ENQUEUED,0.42453691941728267,questions_in,fifo,uniform,0,0
2025-10-29T14:41:59.620386,PUBLISH,1479fcbba464417e986e27d76947d1ed,68f2d95bd190740cfd6a2011,ENQUEUED,0.13328299272582075,questions_in,fifo,uniform,0,0
2025-10-29T14:41:59.930554,PUBLISH,5d1fea058f444c07b0a305d20699b11f,68f2d95bd190740cfd6a25d7,ENQUEUED,0.30430389774759115,questions_in,fifo,uniform,0,0
2025-10-29T14:42:00.201288,PUBLISH,5fab65a4f0904d0abc0174a0b4a0c46d,68f2d95bd190740cfd6a28f1,ENQUEUED,0.26486758432702007,questions_in,fifo,uniform,0,0
2025-10-29T14:42:00.566961,PUBLISH,aa764d8cf29841038634b38a60e607c6,68f2d95bd190740cfd6a1ce0,ENQUEUED,0.360082738766924,questions_in,fifo,uniform,0,0
2025-10-29T14:42:00.838865,PUBLISH,0a67ef836dc1461cb27cb7e2506eb90e,68f2d95bd190740cfd6a3249,ENQUEUED,0.2658446998886572,questions_in,fifo,uniform,0,0
2025-10-29T14:42:00.967868,PUBLISH,e477551c7fb84dc0bac49bf4faafa05a,68f2d95bd190740cfd6a2af2,ENQUEUED,0.1275454863311122,questions_in,fifo,uniform,0,0
2025-10-29T14:42:01.417825,PUBLISH,85ee0bd02447472ab3777b52c4973fa5,68f2d95bd190740cfd6a21ac,ENQUEUED,0.44647935414028506,questions_in,fifo,uniform,0,0
2025-10-29T14:42:01.532129,PUBLISH,fd2d0be1d6b84c7787524f5a0ec95657,68f2d95bd190740cfd6a32b8,ENQUEUED,0.10898829930608933,questions_in,fifo,uniform,0,0
2025-10-29T14:42:01.998026,PUBLISH,4900edcdcd6e40a2997817a7d3d0ec55,68f2d95bd190740cfd6a2a28,ENQUEUED,0.45916439573683654,questions_in,fifo,uniform,0,0
2025-10-29T14:42:02.474254,PUBLISH,9b58a745c45441c2886125c53c8d6d65,68f2d95bd190740cfd6a38fa,ENQUEUED,0.47463728600267074,questions_in,fifo,uniform,0,0
2025-10-29T14:42:02.794240,PUBLISH,5dc854850b22440b914e45d8c9c05e21,68f2d95bd190740cfd6a211b,ENQUEUED,0.3132653053397887,questions_in,fifo,uniform,0,0
2025-10-29T14:42:03.008603,PUBLISH,c5e22a67ed8b46fd856db218172f95f9,68f2d95bd190740cfd6a3962,ENQUEUED,0.20893579892455236,questions_in,fifo,uniform,0,0
2025-10-29T14:42:03.481989,PUBLISH,6a87fc8e8db4452dac6c2c4ec7f0e599,68f2d95bd190740cfd6a347e,ENQUEUED,0.4676344193587373,questions_in,fifo,uniform,0,0
2025-10-29T14:42:03.792189,PUBLISH,8298da09e26c4a5f939913de0d6a4917,68f2d95bd190740cfd6a3541,ENQUEUED,0.30426053505972295,questions_in,fifo,uniform,0,0
2025-10-29T14:42:03.976348,PUBLISH,6771649b3d364edbb100210763bdb5b3,68f2d95bd190740cfd6a4190,ENQUEUED,0.17832471883294523,questions_in,fifo,uniform,0,0
2025-10-29T14:42:04.388935,PUBLISH,9a765a6211b44e9fa0cddb609c88e416,68f2d95bd190740cfd6a23f2,ENQUEUED,0.4064138591106562,questions_in,fifo,uniform,0,0
2025-10-29T14:42:04.880144,PUBLISH,d033ea6f6e494e49b2417e7bafbc94f3,68f2d95bd190740cfd6a2dad,ENQUEUED,0.48530231384515865,questions_in,fifo,uniform,0,0
2025-10-29T14:42:05.173950,PUBLISH,c97815d6655342ce9fbd4b5d59895c6f,68f2d95bd190740cfd6a1da0,ENQUEUED,0.28722027209770695,questions_in,fifo,uniform,0,0
2025-10-29T14:42:05.332324,PUBLISH,06a6e23bdcb04b4fb6f191fb8ba114c1,68f2d95bd190740cfd6a257d,ENQUEUED,0.15306628823821314,questions_in,fifo,uniform,0,0
2025-10-29T14:42:05.548105,PUBLISH,97e4161f8a324a25968e756db0be171b,68f2d95bd190740cfd6a32f4,ENQUEUED,0.21405000646284839,questions_in,fifo,uniform,0,0
2025-10-29T14:42:05.865418,PUBLISH,42b5554ec88d4838be5121754c6dc486,68f2d95bd190740cfd6a3ec4,ENQUEUED,0.3119155640030451,questions_in,fifo,uniform,0,0
2025-10-29T14:42:06.098621,PUBLISH,26ef5c068f794931a3a1c75490d11e6f,68f2d95bd190740cfd6a40ec,ENQUEUED,0.22775910092894122,questions_in,fifo,uniform,0,0
2025-10-29T14:42:06.251584,PUBLISH,e48828e0ff304de58e3608d3926afc62,68f2d95bd190740cfd6a3206,ENQUEUED,0.14695202529506793,questions_in,fifo,uniform,0,0
2025-10-29T14:42:06.630569,PUBLISH,5f737928327846cdb25a44403e425ab3,68f2d95bd190740cfd6a27f6,ENQUEUED,0.3730387915483351,questions_in,fifo,uniform,0,0
2025-10-29T14:42:07.017330,PUBLISH,aa6f478f8d43477ab431e36da57e1e23,68f2d95bd190740cfd6a1b7b,ENQUEUED,0.3816658511601121,questions_in,fifo,uniform,0,0
2025-10-29T14:42:07.403359,PUBLISH,97a0f97100c84d958ecd4a2aa7794a12,68f2d95bd190740cfd6a1ee3,ENQUEUED,0.3803183893818488,questions_in,fifo,uniform,0,0
2025-10-29T14:42:07.755863,PUBLISH,5cb1bb5bf333430f8404c72272275981,68f2d95bd190740cfd6a3fd8,ENQUEUED,0.34696102909902216,questions_in,fifo,uniform,0,0
2025-10-29T14:42:08.065888,PUBLISH,6c769934b1384754a61465d427d488b6,68f2d95bd190740cfd6a3368,ENQUEUED,0.3045046792575646,questions_in,fifo,uniform,0,0
2025-10-29T14:42:08.459519,PUBLISH,df99e40a2c6e49a3a31f0c75a5530103,68f2d95bd190740cfd6a2000,ENQUEUED,0.38776145268246853,questions_in,fifo,uniform,0,0
2025-10-29T14:42:08.772325,PUBLISH,6881c331be5e4b83995de69c3022854b,68f2d95bd190740cfd6a31cd,ENQUEUED,0.3068671505956293,questions_in,fifo,uniform,0,0
2025-10-29T14:42:08.903281,PUBLISH,ab03565a2ef04238bea7462228a7a0cc,68f2d95bd190740cfd6a3363,ENQUEUED,0.1253597984686838,questions_in,fifo,uniform,0,0
2025-10-29T14:42:09.319058,PUBLISH,53481b2bd3a1427986b901bae4d4bf3d,68f2d95bd190740cfd6a3560,ENQUEUED,0.41026354988740044,questions_in,fifo,uniform,0,0
2025-10-29T14:42:09.740877,PUBLISH,441ad7ccfdad4596974929ac4f885fae,68f2d95bd190740cfd6a1c62,ENQUEUED,0.4169250095220326,questions_in,fifo,uniform,0,0
2025-10-29T14:42:10.081735,PUBLISH,40cc6fc6bf6a4d208c8754b446e50b63,68f2d95bd190740cfd6a2816,ENQUEUED,0.33564431452095855,questions_in,fifo,uniform,0,0
2025-10-29T14:42:10.210035,PUBLISH,a294deb20f6044cdbc3b6d17b6dc42bb,68f2d95bd190740cfd6a2895,ENQUEUED,0.12281578140726937,questions_in,fifo,uniform,0,0
2025-10-29T14:42:10.709441,PUBLISH,203b8c4a2bb74e8c9e17674809fea378,68f2d95bd190740cfd6a302d,ENQUEUED,0.4936221675617306,questions_in,fifo,uniform,0,0
2025-10-29T14:42:10.834869,PUBLISH,a9769750715148898fb972a6826ace76,68f2d95bd190740cfd6a3d17,ENQUEUED,0.1201861226363409,questions_in,fifo,uniform,0,0
2025-10-29T14:42:11.111346,PUBLISH,57284947b1cf4bb786f9351548a949f8,68f2d95bd190740cfd6a34e7,ENQUEUED,0.27099146190669693,questions_in,fifo,uniform,0,0
2025-10-29T14:42:11.552479,PUBLISH,ca9322ec41a3424382c3744922c491b4,68f2d95bd190740cfd6a32a7,ENQUEUED,0.43547383090582137,questions_in,fifo,uniform,0,0
2025-10-29T14:42:11.870368,PUBLISH,3fe26e87631d4b09a0352d01bbb07d3b,68f2d95bd190740cfd6a1d42,ENQUEUED,0.31230786637689945,questions_in,fifo,uniform,0,0
2025-10-29T14:42:12.200871,PUBLISH,41bfd878570a413a856151a1a8041af5,68f2d95bd190740cfd6a2f2c,ENQUEUED,0.3249431386360747,questions_in,fifo,uniform,0,0
2025-10-29T14:42:12.586097,PUBLISH,48b262d37fb542188043dbdcf0b4c6af,68f2d95bd190740cfd6a245a,ENQUEUED,0.3799645809958755,questions_in,fifo,uniform,0,0
2025-10-29T14:42:12.740872,PUBLISH,20707de319bc456fb63af38d694658ac,68f2d95bd190740cfd6a1b0d,ENQUEUED,0.14851786730964164,questions_in,fifo,uniform,0,0
2025-10-29T14:42:13.075845,PUBLISH,e04f89daf7644ac1955d2b2ce4643019,68f2d95bd190740cfd6a206a,ENQUEUED,0.3292620360654305,questions_in,fifo,uniform,0,0
2025-10-29T14:42:13.538600,PUBLISH,4a44943f72904eebb2a8638eed701b25,68f2d95bd190740cfd6a3b4d,ENQUEUED,0.4570062397240314,questions_in,fifo,uniform,0,0
2025-10-29T14:42:13.981028,PUBLISH,2bc24898a568458caa9c8fe03cbb9099,68f2d95bd190740cfd6a3fc1,ENQUEUED,0.4373365970397939,questions_in,fifo,uniform,0,0
2025-10-29T14:42:14.216326,PUBLISH,16e3209aeae64877bb4e3f27d89a8c6a,68f2d95bd190740cfd6a1b53,ENQUEUED,0.22985554325152924,questions_in,fifo,uniform,0,0
2025-10-29T14:42:14.522717,PUBLISH,5aa75dfeb5c9407594b144f324c7abc1,68f2d95bd190740cfd6a32d8,ENQUEUED,0.3008920190759319,questions_in,fifo,uniform,0,0
2025-10-29T14:42:14.692104,PUBLISH,c24c1b5af3334c16a1ca864f8ddfb070,68f2d95bd190740cfd6a3eb9,ENQUEUED,0.16789898899273065,questions_in,fifo,uniform,0,0
2025-10-29T14:42:14.844578,PUBLISH,c1f19bc8a53446719f2fca7ec1e7cfcb,68f2d95bd190740cfd6a3fcf,ENQUEUED,0.14665350135548036,questions_in,fifo,uniform,0,0
2025-10-29T14:42:14.995517,PUBLISH,68b4164fbe9943a1be947ac024f1f69f,68f2d95bd190740cfd6a40be,ENQUEUED,0.1438003797138961,questions_in,fifo,uniform,0,0
2025-10-29T14:42:15.170656,PUBLISH,9170c872842c432aa3a4d324c8e2286d,68f2d95bd190740cfd6a397d,ENQUEUED,0.16964813628412528,questions_in,fifo,uniform,0,0
2025-10-29T14:42:15.618939,PUBLISH,63c889be789542569c3d8c02d4a895a6,68f2d95bd190740cfd6a33c0,ENQUEUED,0.44271387250535055,questions_in,fifo,uniform,0,0
2025-10-29T14:42:16.004913,PUBLISH,d42802b5adbe419bbc5ea07f94739d39,68f2d95bd190740cfd6a3fc7,ENQUEUED,0.3801697494926446,questions_in,fifo,uniform,0,0
2025-10-29T14:42:16.236446,PUBLISH,e6fd0d7020064d63a42ce714db2fc9ca,68f2d95bd190740cfd6a3de2,ENQUEUED,0.22593529244325417,questions_in,fifo,uniform,0,0
2025-10-29T14:42:16.675040,PUBLISH,c8aacad675e940fe9d2dba0e8fa52c46,68f2d95bd190740cfd6a1acd,ENQUEUED,0.4333159880932701,questions_in,fifo,uniform,0,0
2025-10-29T14:42:17.105874,PUBLISH,dd7752efa0164b5d8767aeb9bb8277e1,68f2d95bd190740cfd6a2582,ENQUEUED,0.4290385426737353,questions_in,fifo,uniform,0,0
2025-10-29T14:42:17.589325,PUBLISH,dfbf165c1d3a43e5bb770b6d89b7425d,68f2d95bd190740cfd6a2a35,ENQUEUED,0.4767540046578884,questions_in,fifo,uniform,0,0
2025-10-29T14:42:17.935259,PUBLISH,d23053d85c5e46ee9910ff023789eb5e,68f2d95bd190740cfd6a24d4,ENQUEUED,0.3443617172608707,questions_in,fifo,uniform,0,0
2025-10-29T14:42:18.220084,PUBLISH,b631963585bf46488aa259b3b557644e,68f2d95bd190740cfd6a1e0d,ENQUEUED,0.2792670343032931,questions_in,fifo,uniform,0,0
2025-10-29T14:42:18.608198,PUBLISH,c15643ba02064dd1bb2e6fcc0dd32250,68f2d95bd190740cfd6a3952,ENQUEUED,0.38181335206537714,questions_in,fifo,uniform,0,0
2025-10-29T14:42:18.843905,PUBLISH,a1e6d2e1765040fa93f38f5fbcf28f2a,68f2d95bd190740cfd6a272f,ENQUEUED,0.23406658237085287,questions_in,fifo,uniform,0,0
2025-10-29T14:42:19.208029,PUBLISH,d49de8ec6efc43c69149f727cc9d9edd,68f2d95bd190740cfd6a39d8,ENQUEUED,0.3587661833829998,questions_in,fifo,uniform,0,0
2025-10-29T14:42:19.624175,PUBLISH,fb30becf0cd8495cb2c7d62ea3716397,68f2d95bd190740cfd6a2549,ENQUEUED,0.4102175061176293,questions_in,fifo,uniform,0,0
2025-10-29T14:42:20.010354,PUBLISH,5779b868120446dd838fda61104191a0,68f2d95bd190740cfd6a299f,ENQUEUED,0.3738083287773365,questions_in,fifo,uniform,0,0
2025-10-29T14:42:20.165478,PUBLISH,61b6ffc8abee4ce3a832f0b44e3c2606,68f2d95bd190740cfd6a2748,ENQUEUED,0.1496261091137214,questions_in,fifo,uniform,0,0
2025-10-29T14:42:20.542499,PUBLISH,82ef19948d89472c9cfc463f1bc80fe0,68f2d95bd190740cfd6a298f,ENQUEUED,0.37127405733541685,questions_in,fifo,uniform,0,0
2025-10-29T14:42:20.708551,PUBLISH,c887fec0101a4afd9c5d6e739eb28248,68f2d95bd190740cfd6a1dc6,ENQUEUED,0.1607953695500481,questions_in,fifo,uniform,0,0
2025-10-29T14:42:20.896899,PUBLISH,c8a59fe485bf4f7ba82f11b5b583bca9,68f2d95bd190740cfd6a1d91,ENQUEUED,0.1825266166408339,questions_in,fifo,uniform,0,0
2025-10-29T14:42:21.142069,PUBLISH,a1961ddb9f4347aaae69a5e5c9491c98,68f2d95bd190740cfd6a3033,ENQUEUED,0.23982817641405735,questions_in,fifo,uniform,0,0
2025-10-29T14:42:21.424080,PUBLISH,c91787c5dfb34c4697bd94d277401851,68f2d95bd190740cfd6a1b1f,ENQUEUED,0.27672896332113345,questions_in,fifo,uniform,0,0
2025-10-29T14:42:21.734706,PUBLISH,1658019049234cad8f3c337e451a0b89,68f2d95bd190740cfd6a348d,ENQUEUED,0.30482136663845916,questions_in,fifo,uniform,0,0
2025-10-29T14:42:22.079601,PUBLISH,dd77fd9d8c214aecadccbab5b9ab9f21,68f2d95bd190740cfd6a1e15,ENQUEUED,0.3395311308778797,questions_in,fifo,uniform,0,0
2025-10-29T14:42:22.519019,PUBLISH,d263b5d3eb9f416d95fe324805120ec9,68f2d95bd190740cfd6a3750,ENQUEUED,0.43285327508454885,questions_in,fifo,uniform,0,0
2025-10-29T14:42:22.805068,PUBLISH,826ba0748bd648c0b11b5064302174b8,68f2d95bd190740cfd6a3ff1,ENQUEUED,0.2777749220134914,questions_in,fifo,uniform,0,0
2025-10-29T14:42:23.231980,PUBLISH,4fecece404744856b3b951c9ee1e1848,68f2d95bd190740cfd6a22d7,ENQUEUED,0.42520520460709954,questions_in,fifo,uniform,0,0
2025-10-29T14:42:23.344569,PUBLISH,de6bf4d460014bb2a48a9c78df4f9c39,68f2d95bd190740cfd6a237b,ENQUEUED,0.11111422105199442,questions_in,fifo,uniform,0,0
2025-10-29T14:42:23.461457,PUBLISH,289592406feb40879eb428998ce00e38,68f2d95bd190740cfd6a23e0,ENQUEUED,0.11552136135027032,questions_in,fifo,uniform,0,0
2025-10-29T14:42:23.894570,PUBLISH,abbda5b60ffc4650b8df11ca548597ec,68f2d95bd190740cfd6a2a1d,ENQUEUED,0.4265833737162251,questions_in,fifo,uniform,0,0
2025-10-29T14:42:24.012507,PUBLISH,33a31ca069194b2d8c907cdf5d7b0703,68f2d95bd190740cfd6a2c34,ENQUEUED,0.11613429873863433,questions_in,fifo,uniform,0,0
2025-10-29T14:42:24.215476,PUBLISH,a28b0d6ab3ae433597232b75fd2a06a7,68f2d95bd190740cfd6a1e94,ENQUEUED,0.19603877793067342,questions_in,fifo,uniform,0,0
2025-10-29T14:42:24.365371,PUBLISH,f03e6a375da941a69f7b48f9ac23d53d,68f2d95bd190740cfd6a1cbb,ENQUEUED,0.14451722892389968,questions_in,fifo,uniform,0,0
2025-10-29T14:42:24.543951,PUBLISH,a2b427e099794069957141c9080defa4,68f2d95bd190740cfd6a1f9f,ENQUEUED,0.17352746585644035,questions_in,fifo,uniform,0,0
2025-10-29T14:42:24.739551,PUBLISH,396fcd1f3ff245dfaaeab89bdd77d40d,68f2d95bd190740cfd6a232b,ENQUEUED,0.18998345926718177,questions_in,fifo,uniform,0,0
2025-10-29T14:42:24.931695,PUBLISH,d574dc219fd74a4ba16f172f99deeb26,68f2d95bd190740cfd6a215d,ENQUEUED,0.18550925723538253,questions_in,fifo,uniform,0,0
2025-10-29T14:42:25.160455,PUBLISH,d71059cbeb604b04b1af8e121893417e,68f2d95bd190740cfd6a406c,ENQUEUED,0.22262494619964227,questions_in,fifo,uniform,0,0
2025-10-29T14:42:25.401947,PUBLISH,69e50d229c9348f6949afb552c7294bb,68f2d95bd190740cfd6a3013,ENQUEUED,0.23983109982029205,questions_in,fifo,uniform,0,0
2025-10-29T14:42:25.609101,PUBLISH,8041eb3663104c229d90ae19f0a4ade3,68f2d95bd190740cfd6a2d27,ENQUEUED,0.20150354368374496,questions_in,fifo,uniform,0,0
2025-10-29T14:42:26.029288,PUBLISH,5b5139584e524acc99a4060831876207,68f2d95bd190740cfd6a3da3,ENQUEUED,0.41398551880320555,questions_in,fifo,uniform,0,0
2025-10-29T14:42:26.511088,PUBLISH,37489930c7b1462198db2873580707b6,68f2d95bd190740cfd6a1d4e,ENQUEUED,0.4759405501975179,questions_in,fifo,uniform,0,0
2025-10-29T14:42:26.904710,PUBLISH,9e4bf0db03e54aeab72c9a39ff3a7492,68f2d95bd190740cfd6a251a,ENQUEUED,0.38756967451225766,questions_in,fifo,uniform,0,0
2025-10-29T14:42:27.202532,PUBLISH,d7f0ea1024b64493bdf99092043b3832,68f2d95bd190740cfd6a317b,ENQUEUED,0.29631903234284973,questions_in,fifo,uniform,0,0
2025-10-29T14:42:27.540063,PUBLISH,c4d1635da6ca4ebeb7c8f2ba1a02f4e4,68f2d95bd190740cfd6a3270,ENQUEUED,0.33252648036808397,questions_in,fifo,uniform,0,0
2025-10-29T14:42:27.734865,PUBLISH,dd7d733d94f14c2898e02b29506f6168,68f2d95bd190740cfd6a2d0c,ENQUEUED,0.18930110288719712,questions_in,fifo,uniform,0,0
2025-10-29T14:42:27.953509,PUBLISH,d5ae04021e0347ab8c995780215f4bef,68f2d95bd190740cfd6a1c62,ENQUEUED,0.21334558148155913,questions_in,fifo,uniform,0,0
2025-10-29T14:42:28.112293,PUBLISH,d93e01004bf84a9a95457ad4af93b62f,68f2d95bd190740cfd6a20f7,ENQUEUED,0.15287256046653158,questions_in,fifo,uniform,0,0
2025-10-29T14:42:28.382360,PUBLISH,0206ec3288c94978a72c8416f3f0373f,68f2d95bd190740cfd6a3517,ENQUEUED,0.2647593030945745,questions_in,fifo,uniform,0,0
2025-10-29T14:42:28.617456,PUBLISH,d5647325902f4828b64b20d1edde259f,68f2d95bd190740cfd6a2ae3,ENQUEUED,0.2294302783095355,questions_in,fifo,uniform,0,0
2025-10-29T14:42:29.010298,PUBLISH,301aec1c5ff047288f42832e90586207,68f2d95bd190740cfd6a3c3b,ENQUEUED,0.385703599654842,questions_in,fifo,uniform,0,0
2025-10-29T14:42:29.513105,PUBLISH,f5cdf838d3ad445eb074baa581506cf9,68f2d95bd190740cfd6a32ad,ENQUEUED,0.4971809056330715,questions_in,fifo,uniform,0,0
2025-10-29T14:42:30.007928,PUBLISH,ce1124e481ce47f78175114a3692f2fa,68f2d95bd190740cfd6a2dd7,ENQUEUED,0.4887264668698501,questions_in,fifo,uniform,0,0
2025-10-29T14:42:30.414002,PUBLISH,b73938376c2e49999cf117c19543a413,68f2d95bd190740cfd6a367a,ENQUEUED,0.40438606564490953,questions_in,fifo,uniform,0,0
2025-10-29T14:42:30.666687,PUBLISH,43e2bc9748354101a5d11537489a0fc3,68f2d95bd190740cfd6a2503,ENQUEUED,0.2471273838659648,questions_in,fifo,uniform,0,0
2025-10-29T14:42:30.802484,PUBLISH,dca6a022c80d47efa41b7e9e8ddb464f,68f2d95bd190740cfd6a2046,ENQUEUED,0.12989754510885554,questions_in,fifo,uniform,0,0
2025-10-29T14:42:31.132811,PUBLISH,6292175f70194f44bb6688aaf2265b46,68f2d95bd190740cfd6a2bbd,ENQUEUED,0.32449958907363896,questions_in,fifo,uniform,0,0
2025-10-29T14:42:31.448499,PUBLISH,14af736561d6416097a3042ba6460499,68f2d95bd190740cfd6a1f57,ENQUEUED,0.3098341639875237,questions_in,fifo,uniform,0,0
2025-10-29T14:42:31.712832,PUBLISH,b809ebf58ee84b6e887ac980da3bc021,68f2d95bd190740cfd6a348e,ENQUEUED,0.2588576076776018,questions_in,fifo,uniform,0,0
2025-10-29T14:42:32.157846,PUBLISH,9c2b52ab7e184798a7c28e0a31347ddc,68f2d95bd190740cfd6a3462,ENQUEUED,0.44007682071525556,questions_in,fifo,uniform,0,0
2025-10-29T14:42:32.625529,PUBLISH,3883e8c2e58a4d6f9643930a9981672a,68f2d95bd190740cfd6a3b2a,ENQUEUED,0.4615061651451642,questions_in,fifo,uniform,0,0
2025-10-29T14:42:33.019294,PUBLISH,7fb1ad1ae66b42dbae200305fa37f4ea,68f2d95bd190740cfd6a2676,ENQUEUED,0.3895611366321545,questions_in,fifo,uniform,0,0
2025-10-29T14:42:33.461232,PUBLISH,ffb142ab10a246c6a4c1e2026a815517,68f2d95bd190740cfd6a392b,ENQUEUED,0.4400534870096652,questions_in,fifo,uniform,0,0
2025-10-29T14:42:33.788609,PUBLISH,6cb3ced237f145fdbe3dac25e31238e1,68f2d95bd190740cfd6a2564,ENQUEUED,0.3204104169833192,questions_in,fifo,uniform,0,0
2025-10-29T14:42:34.075997,PUBLISH,59c1c7aa04e34204b3ad5ded4baa4d04,68f2d95bd190740cfd6a3196,ENQUEUED,0.28092123455684204,questions_in,fifo,uniform,0,0
2025-10-29T14:42:34.303409,PUBLISH,6576bf24ac6745909205aaa131da21ec,68f2d95bd190740cfd6a2c9a,ENQUEUED,0.22276113167540765,questions_in,fifo,uniform,0,0
2025-10-29T14:42:34.687466,PUBLISH,fe563885830e425884e3d75ea6683721,68f2d95bd190740cfd6a2072,ENQUEUED,0.3783049132234959,questions_in,fifo,uniform,0,0
2025-10-29T14:42:34.850048,PUBLISH,008c2ed5ea5c4cefb0d60c9d8e42620c,68f2d95bd190740cfd6a2cf8,ENQUEUED,0.15701973869042535,questions_in,fifo,uniform,0,0
2025-10-29T14:42:35.100752,PUBLISH,403ebfa9b1684a5fa710717c29bfca6c,68f2d95bd190740cfd6a1c21,ENQUEUED,0.24473198034555682,questions_in,fifo,uniform,0,0
2025-10-29T14:42:35.391657,PUBLISH,22aae758dd7740adad3fad84055e8330,68f2d95bd190740cfd6a1cac,ENQUEUED,0.2854028244577693,questions_in,fifo,uniform,0,0
2025-10-29T14:42:35.644938,PUBLISH,5ac4d9c91732424ab7c96c5087f921f3,68f2d95bd190740cfd6a3552,ENQUEUED,0.2477629667118551,questions_in,fifo,uniform,0,0
2025-10-29T14:42:35.976291,PUBLISH,81534191816846ce8f0b201be86a93b7,68f2d95bd190740cfd6a414d,ENQUEUED,0.32575234700898836,questions_in,fifo,uniform,0,0
2025-10-29T14:42:36.347097,PUBLISH,18fd4d9474224d918cc93dc45521500b,68f2d95bd190740cfd6a30d8,ENQUEUED,0.3655081570617357,questions_in,fifo,uniform,0,0
2025-10-29T14:42:36.760309,PUBLISH,c6d54a9ce98e4059b305106ad6ed15c1,68f2d95bd190740cfd6a3ae9,ENQUEUED,0.4113410865374061,questions_in,fifo,uniform,0,0
2025-10-29T14:42:36.977012,PUBLISH,12f6e7a7d0d142559e6958e42d769d1f,68f2d95bd190740cfd6a2dff,ENQUEUED,0.2113245241236153,questions_in,fifo,uniform,0,0
2025-10-29T14:42:37.359286,PUBLISH,f8332c11b8a4499b8ca64e238e841197,68f2d95bd190740cfd6a2172,ENQUEUED,0.37685872119391894,questions_in,fifo,uniform,0,0
2025-10-29T14:42:37.570048,PUBLISH,e9b733f9f21045e6ac8088d87eaab7e6,68f2d95bd190740cfd6a239b,ENQUEUED,0.20430843023273298,questions_in,fifo,uniform,0,0
2025-10-29T14:42:37.721659,PUBLISH,3523d1f40c1f4b2391ad7d28d47079aa,68f2d95bd190740cfd6a26bd,ENQUEUED,0.14563231019167247,questions_in,fifo,uniform,0,0
2025-10-29T14:42:37.940310,PUBLISH,08f5be056335439cb8a23de84eea63c3,68f2d95bd190740cfd6a1d9a,ENQUEUED,0.21338424619609775,questions_in,fifo,uniform,0,0
2025-10-29T14:42:38.123456,PUBLISH,2c34c7a5193b476284417ae3eb25cb20,68f2d95bd190740cfd6a3831,ENQUEUED,0.1763775797490141,questions_in,fifo,uniform,0,0
2025-10-29T14:42:38.497055,PUBLISH,5936c8be1f324ab5bd6f52de282399c7,68f2d95bd190740cfd6a3583,ENQUEUED,0.367826105252549,questions_in,fifo,uniform,0,0
2025-10-29T14:42:38.986784,PUBLISH,952f4748dce8408ba1c1bc1317c83698,68f2d95bd190740cfd6a31cc,ENQUEUED,0.4826253869226902,questions_in,fifo,uniform,0,0
2025-10-29T14:42:39.222261,PUBLISH,f58d7e52f4ea44d4a30040844d96291d,68f2d95bd190740cfd6a3a98,ENQUEUED,0.2335737615142283,questions_in,fifo,uniform,0,0
2025-10-29T14:42:39.587281,PUBLISH,981aa4e6102c43cabb7cbdbb4d05ae6c,68f2d95bd190740cfd6a214c,ENQUEUED,0.3592629514184833,questions_in,fifo,uniform,0,0
2025-10-29T14:42:39.883649,PUBLISH,0249a2be152a4726b08e396edd766f8f,68f2d95bd190740cfd6a36d8,ENQUEUED,0.289740407594302,questions_in,fifo,uniform,0,0
2025-10-29T14:42:40.301106,PUBLISH,2e3e223d3ae242339d0dfa1f5393347b,68f2d95bd190740cfd6a1bcc,ENQUEUED,0.4114813990095284,questions_in,fifo,uniform,0,0
2025-10-29T14:42:40.802313,PUBLISH,60c8c624d2f641859fcb4ecb89d3bdbe,68f2d95bd190740cfd6a3f43,ENQUEUED,0.4957206977985481,questions_in,fifo,uniform,0,0
2025-10-29T14:42:41.013386,PUBLISH,2221602b23a044cdb856747816ebb120,68f2d95bd190740cfd6a1f28,ENQUEUED,0.20476187592244677,questions_in,fifo,uniform,0,0
2025-10-29T14:42:41.201716,PUBLISH,95ce933094df48469b98bcabe02e4542,68f2d95bd190740cfd6a2058,ENQUEUED,0.1820921555029373,questions_in,fifo,uniform,0,0
2025-10-29T14:42:41.427035,PUBLISH,a577b57ffebe48c492981e5837d49e53,68f2d95bd190740cfd6a3d2c,ENQUEUED,0.21924216732636814,questions_in,fifo,uniform,0,0
2025-10-29T14:42:41.898044,PUBLISH,5117981f0415492eb68ab55f01807a94,68f2d95bd190740cfd6a35e1,ENQUEUED,0.4651654890828478,questions_in,fifo,uniform,0,0
2025-10-29T14:42:42.259286,PUBLISH,02da7cd22a754faa8036b45e29063f76,68f2d95bd190740cfd6a223c,ENQUEUED,0.3548725962376226,questions_in,fifo,uniform,0,0
2025-10-29T14:42:42.593671,PUBLISH,a976607d74c64a52a46c42c5cce90e58,68f2d95bd190740cfd6a388d,ENQUEUED,0.3284908660027891,questions_in,fifo,uniform,0,0
2025-10-29T14:42:43.020284,PUBLISH,c6fb3fb305914479b809d44875edc160,68f2d95bd190740cfd6a2136,ENQUEUED,0.4212552678051136,questions_in,fifo,uniform,0,0
2025-10-29T14:42:43.200633,PUBLISH,33527c778b0c4b4298cc210591967dc7,68f2d95bd190740cfd6a36dd,ENQUEUED,0.17293423413373366,questions_in,fifo,uniform,0,0
2025-10-29T14:42:43.626999,PUBLISH,3d9331fa65c9468493abd5ac52306ba9,68f2d95bd190740cfd6a3268,ENQUEUED,0.4194006684701419,questions_in,fifo,uniform,0,0
2025-10-29T14:42:43.847659,PUBLISH,f945f58cd4114bbd9e1c0cd3a40cb70f,68f2d95bd190740cfd6a2cfb,ENQUEUED,0.2139386303508883,questions_in,fifo,uniform,0,0
2025-10-29T14:42:43.967777,PUBLISH,baf2fb2c87214b9e8d7f62b1bb9b9b3d,68f2d95bd190740cfd6a335f,ENQUEUED,0.11391137055114098,questions_in,fifo,uniform,0,0
2025-10-29T14:42:44.105107,PUBLISH,2c8e2cef39a74632b0bf37f5e2be8e76,68f2d95bd190740cfd6a2732,ENQUEUED,0.13102829630868504,questions_in,fifo,uniform,0,0
2025-10-29T14:42:44.358830,PUBLISH,2c22d963949f42179476efa7431a53ad,68f2d95bd190740cfd6a3631,ENQUEUED,0.24656086103280012,questions_in,fifo,uniform,0,0
2025-10-29T14:42:44.564040,PUBLISH,73210d030e3d4bcdbe22d305936ff87a,68f2d95bd190740cfd6a30b3,ENQUEUED,0.19839716554696843,questions_in,fifo,uniform,0,0
2025-10-29T14:42:44.848851,PUBLISH,f6dc231068504cd4b1d3fbaeae1a4b34,68f2d95bd190740cfd6a3dfe,ENQUEUED,0.2793113480260241,questions_in,fifo,uniform,0,0
2025-10-29T14:42:45.009300,PUBLISH,ea84fd53af6e4737855f4a88f7e1fea8,68f2d95bd190740cfd6a40b2,ENQUEUED,0.15454725642951908,questions_in,fifo,uniform,0,0
2025-10-29T14:42:45.282980,PUBLISH,a8f4bd98b7a0474a90fa622faf50e4ee,68f2d95bd190740cfd6a37d5,ENQUEUED,0.2676011418048726,questions_in,fifo,uniform,0,0
2025-10-29T14:42:45.483139,PUBLISH,0239995b9e294b14a01d0ffc912b1374,68f2d95bd190740cfd6a370a,ENQUEUED,0.19463160435421642,questions_in,fifo,uniform,0,0
2025-10-29T14:42:45.674545,PUBLISH,6626641d719847e08c67b0da961a6e5a,68f2d95bd190740cfd6a3bdf,ENQUEUED,0.1852107206150084,questions_in,fifo,uniform,0,0
2025-10-29T14:42:46.133107,PUBLISH,855345f2f2c545628e1221918aeb79de,68f2d95bd190740cfd6a4072,ENQUEUED,0.45142046807692504,questions_in,fifo,uniform,0,0
2025-10-29T14:42:46.272133,PUBLISH,5a4cc81a0018411ab3c42cc5ece4aa37,68f2d95bd190740cfd6a24c6,ENQUEUED,0.1337469576971071,questions_in,fifo,uniform,0,0
2025-10-29T14:42:46.405816,PUBLISH,e8d63ae2278940b5907a5a3341e733cc,68f2d95bd190740cfd6a27f6,ENQUEUED,0.1281143693330301,questions_in,fifo,uniform,0,0
2025-10-29T14:42:46.515352,PUBLISH,9c901dd607664dd6998feee692298269,68f2d95bd190740cfd6a4148,ENQUEUED,0.10352645638929131,questions_in,fifo,uniform,0,0
2025-10-29T14:42:46.994619,PUBLISH,ba76303aedc048e4b349c0cdf5d3cca3,68f2d95bd190740cfd6a22cb,ENQUEUED,0.47276019015958404,questions_in,fifo,uniform,0,0
2025-10-29T14:42:47.157663,PUBLISH,61111b5aab804595ae61c7af4191e729,68f2d95bd190740cfd6a208e,ENQUEUED,0.15352964077304226,questions_in,fifo,uniform,0,0
2025-10-29T14:42:47.441870,PUBLISH,55624df6e8c44847a83c78ea8224fed4,68f2d95bd190740cfd6a25b9,ENQUEUED,0.2789442060883627,questions_in,fifo,uniform,0,0
2025-10-29T14:42:47.801638,PUBLISH,7233988b416f4e149bd61f6e768cf404,68f2d95bd190740cfd6a36ba,ENQUEUED,0.353864789708925,questions_in,fifo,uniform,0,0
2025-10-29T14:42:48.058729,PUBLISH,78ee8d2968e64ffe8c22f72c43765397,68f2d95bd190740cfd6a248a,ENQUEUED,0.25099334858599415,questions_in,fifo,uniform,0,0
2025-10-29T14:42:48.461896,PUBLISH,189448bcd0fc471282d6895ca6da7cda,68f2d95bd190740cfd6a2435,ENQUEUED,0.3970544882522944,questions_in,fifo,uniform,0,0
2025-10-29T14:42:48.623332,PUBLISH,83da95a10a7e413d9688b42bed5cd8e7,68f2d95bd190740cfd6a3cfc,ENQUEUED,0.1554942017882763,questions_in,fifo,uniform,0,0
2025-10-29T14:42:49.118862,PUBLISH,254473d9bcc74cdd81788c1194738734,68f2d95bd190740cfd6a2c0a,ENQUEUED,0.4936381849962147,questions_in,fifo,uniform,0,0
2025-10-29T14:42:49.570895,PUBLISH,3628543cb1e54c92b9322aba4ce0ab34,68f2d95bd190740cfd6a1faf,ENQUEUED,0.44648255149110805,questions_in,fifo,uniform,0,0
2025-10-29T14:42:49.734392,PUBLISH,df74cc0979194619a81273a3dfe69af2,68f2d95bd190740cfd6a259d,ENQUEUED,0.15694113327437353,questions_in,fifo,uniform,0,0
2025-10-29T14:42:49.957315,PUBLISH,6eecfdc8e364456ea9940eaf58956937,68f2d95bd190740cfd6a2154,ENQUEUED,0.2215158432632258,questions_in,fifo,uniform,0,0
2025-10-29T14:42:50.231920,PUBLISH,059008df4fb34838b15144b485ae7cf5,68f2d95bd190740cfd6a259c,ENQUEUED,0.26859666105383895,questions_in,fifo,uniform,0,0
2025-10-29T14:42:50.571544,PUBLISH,3102dccf560f42349b9b3fa5667667d8,68f2d95bd190740cfd6a3a1f,ENQUEUED,0.33355178815663344,questions_in,fifo,uniform,0,0
2025-10-29T14:42:50.808628,PUBLISH,d9514cb2712f437ea510d8956c1c96e1,68f2d95bd190740cfd6a4032,ENQUEUED,0.23031476970253584,questions_in,fifo,uniform,0,0
2025-10-29T14:42:51.262599,PUBLISH,48c6e5459c5c456982107bf807cc4cad,68f2d95bd190740cfd6a2c48,ENQUEUED,0.4481055755150035,questions_in,fifo,uniform,0,0
2025-10-29T14:42:51.505137,PUBLISH,44eaae113b1e4b8ab1477a97013aa9e8,68f2d95bd190740cfd6a3e88,ENQUEUED,0.24080147167602284,questions_in,fifo,uniform,0,0
2025-10-29T14:42:51.853235,PUBLISH,a47cf68ace0440068ee14d78ce68a753,68f2d95bd190740cfd6a3466,ENQUEUED,0.34416438223641166,questions_in,fifo,uniform,0,0
2025-10-29T14:42:52.035457,PUBLISH,e42b0c48df31487b97155763e81c2739,68f2d95bd190740cfd6a3700,ENQUEUED,0.17689302988078676,questions_in,fifo,uniform,0,0
2025-10-29T14:42:52.150392,PUBLISH,534fbc1d0cf242aba40f750ba75191a5,68f2d95bd190740cfd6a2d00,ENQUEUED,0.10962048156424316,questions_in,fifo,uniform,0,0
2025-10-29T14:42:52.284707,PUBLISH,1d392f40648149608edbc764becbb936,68f2d95bd190740cfd6a24c8,ENQUEUED,0.128692625001405,questions_in,fifo,uniform,0,0
2025-10-29T14:42:52.431387,PUBLISH,0ab01c12c03d4b5fb1082c94f4ba94fa,68f2d95bd190740cfd6a286b,ENQUEUED,0.14086034999471916,questions_in,fifo,uniform,0,0
2025-10-29T14:42:52.828060,PUBLISH,a15c2c00bc244557a1b09d64f89d5d5e,68f2d95bd190740cfd6a235f,ENQUEUED,0.39106441187265584,questions_in,fifo,uniform,0,0
2025-10-29T14:42:53.114635,PUBLISH,052594d1e4d848efb397a6c8a071a502,68f2d95bd190740cfd6a3624,ENQUEUED,0.28307975028020804,questions_in,fifo,uniform,0,0
2025-10-29T14:42:53.456712,PUBLISH,69dd622e86f64f80b1f6629b812ddac5,68f2d95bd190740cfd6a23a3,ENQUEUED,0.3361203935276271,questions_in,fifo,uniform,0,0
2025-10-29T14:42:53.853525,PUBLISH,dfdb2c2f336f4872ac9c6d1509fdefed,68f2d95bd190740cfd6a255e,ENQUEUED,0.3892756600048698,questions_in,fifo,uniform,0,0
2025-10-29T14:42:54.070479,PUBLISH,da92cf650ee445509fd6b49feed0523e,68f2d95bd190740cfd6a30af,ENQUEUED,0.21146761952146795,questions_in,fifo,uniform,0,0
2025-10-29T14:42:54.310746,PUBLISH,bb6e823141ab40ea9f123c5e3c2e3d81,68f2d95bd190740cfd6a1d57,ENQUEUED,0.23396594442058438,questions_in,fifo,uniform,0,0
2025-10-29T14:42:54.787850,PUBLISH,f1307926f4314b94ac67126997348a23,68f2d95bd190740cfd6a3de4,ENQUEUED,0.47057421195586535,questions_in,fifo,uniform,0,0
2025-10-29T14:42:55.032505,PUBLISH,899e3fbb672d4188b83f7fac914a327e,68f2d95bd190740cfd6a313f,ENQUEUED,0.23869051577590886,questions_in,fifo,uniform,0,0
2025-10-29T14:42:55.187168,PUBLISH,4a73cab8cd6346d7b571e1b8071daf4c,68f2d95bd190740cfd6a282c,ENQUEUED,0.15335284097090018,questions_in,fifo,uniform,0,0
2025-10-29T14:42:55.653878,PUBLISH,6ec12364677a4e25868c511ae7d13e7e,68f2d95bd190740cfd6a1bf3,ENQUEUED,0.4610058280852056,questions_in,fifo,uniform,0,0
2025-10-29T14:42:56.097266,PUBLISH,d8aa8d74ef79416681126e057a18dc3b,68f2d95bd190740cfd6a39f5,ENQUEUED,0.43658673055179154,questions_in,fifo,uniform,0,0
2025-10-29T14:42:56.583672,PUBLISH,d974a38f42fe46c499bbcadae5aa0c2d,68f2d95bd190740cfd6a2476,ENQUEUED,0.48001448572557137,questions_in,fifo,uniform,0,0
2025-10-29T14:42:56.813338,PUBLISH,85107f420d9243c98cac61ce3ae32aec,68f2d95bd190740cfd6a3a59,ENQUEUED,0.22365629044508495,questions_in,fifo,uniform,0,0
2025-10-29T14:42:56.979583,PUBLISH,49aeec6defa84896a59e6277fb32d7da,68f2d95bd190740cfd6a2a5c,ENQUEUED,0.16054859137071392,questions_in,fifo,uniform,0,0
2025-10-29T14:42:57.105612,PUBLISH,9932a0aade8f448fb0f8a9672c828d3f,68f2d95bd190740cfd6a32a3,ENQUEUED,0.12042503102867648,questions_in,fifo,uniform,0,0
2025-10-29T14:42:57.406152,PUBLISH,d1c3d29ee0b14e7cb69946a44e4ff975,68f2d95bd190740cfd6a3bd5,ENQUEUED,0.29465606859052673,questions_in,fifo,uniform,0,0
2025-10-29T14:42:57.577339,PUBLISH,bcb13c0a59b549058956bfd0d3855506,68f2d95bd190740cfd6a2793,ENQUEUED,0.16537611159924925,questions_in,fifo,uniform,0,0
2025-10-29T14:42:57.955189,PUBLISH,45478e1a4b1a43338a22de591e83f4b7,68f2d95bd190740cfd6a3fe7,ENQUEUED,0.3764415143912543,questions_in,fifo,uniform,0,0
2025-10-29T14:42:58.199543,PUBLISH,74bbb2d5b89a4feea60558a1ad95379e,68f2d95bd190740cfd6a3471,ENQUEUED,0.23915767242668606,questions_in,fifo,uniform,0,0
2025-10-29T14:42:58.526348,PUBLISH,8830a2fba2614ecda1e9148a4c5f1f85,68f2d95bd190740cfd6a32c2,ENQUEUED,0.3213323985154229,questions_in,fifo,uniform,0,0
2025-10-29T14:42:58.934077,PUBLISH,27ce956c61c94a36b2118306ed28ae3f,68f2d95bd190740cfd6a1f07,ENQUEUED,0.4005938899213264,questions_in,fifo,uniform,0,0
2025-10-29T14:42:59.184445,PUBLISH,df3e6feb9a8f46339bded0f1758c0f9c,68f2d95bd190740cfd6a3723,ENQUEUED,0.24444325582834284,questions_in,fifo,uniform,0,0
2025-10-29T14:42:59.411063,PUBLISH,121a951132934ed0b0c40ad948bbd122,68f2d95bd190740cfd6a3eab,ENQUEUED,0.22027159205532995,questions_in,fifo,uniform,0,0
2025-10-29T14:42:59.702369,PUBLISH,5b43b8f622f84352b863acc98ab229c9,68f2d95bd190740cfd6a2b59,ENQUEUED,0.2858690133120567,questions_in,fifo,uniform,0,0
2025-10-29T14:42:59.829469,PUBLISH,bc4c6bd7072a45e7b42b9b58cac77d96,68f2d95bd190740cfd6a31f4,ENQUEUED,0.1213863002384211,questions_in,fifo,uniform,0,0
2025-10-29T14:43:00.149258,PUBLISH,66e2312b19c945e1a6029082aa616850,68f2d95bd190740cfd6a204c,ENQUEUED,0.3146871718936387,questions_in,fifo,uniform,0,0
2025-10-29T14:43:00.322608,PUBLISH,9b0019948a444e0a9ab3565f7baea6f7,68f2d95bd190740cfd6a1c50,ENQUEUED,0.16781498448925328,questions_in,fifo,uniform,0,0
2025-10-29T14:43:00.571332,PUBLISH,cce95b53bdd34387b4dbb6b08d24d4bd,68f2d95bd190740cfd6a2a22,ENQUEUED,0.24272766787036382,questions_in,fifo,uniform,0,0
2025-10-29T14:43:00.769350,PUBLISH,b30a8ad599864cf7b3cbf799ff33d8df,68f2d95bd190740cfd6a2197,ENQUEUED,0.19269437174694928,questions_in,fifo,uniform,0,0
2025-10-29T14:43:01.013648,PUBLISH,df2b948e74b440e08772ec901c106b2c,68f2d95bd190740cfd6a36cc,ENQUEUED,0.23684944516048956,questions_in,fifo,uniform,0,0
2025-10-29T14:43:01.445267,PUBLISH,ee930a08d5ef40e1aeb85ca27f5eec13,68f2d95bd190740cfd6a2439,ENQUEUED,0.4293212573133133,questions_in,fifo,uniform,0,0
2025-10-29T14:43:01.841063,PUBLISH,642bf0dc91914e26905acb5c63ff4041,68f2d95bd190740cfd6a2212,ENQUEUED,0.389593728466718,questions_in,fifo,uniform,0,0
2025-10-29T14:43:02.072703,PUBLISH,bf85d8dede814b4f996e826358854974,68f2d95bd190740cfd6a4078,ENQUEUED,0.2259107467555107,questions_in,fifo,uniform,0,0
2025-10-29T14:43:02.345821,PUBLISH,96539f41195748e9ad4d042bac335a42,68f2d95bd190740cfd6a3ef7,ENQUEUED,0.2671382191842242,questions_in,fifo,uniform,0,0
2025-10-29T14:43:02.689726,PUBLISH,b75876febb1143c184b76f99ada7b951,68f2d95bd190740cfd6a2c4c,ENQUEUED,0.33765298466299726,questions_in,fifo,uniform,0,0
2025-10-29T14:43:02.875494,PUBLISH,d4bd7ad35ee742b89f20dcb6f145d53f,68f2d95bd190740cfd6a2f05,ENQUEUED,0.1797888188877444,questions_in,fifo,uniform,0,0
2025-10-29T14:43:03.238744,PUBLISH,c2042d7ed60849fe84922bcd2f833b64,68f2d95bd190740cfd6a2f09,ENQUEUED,0.35823138134181,questions_in,fifo,uniform,0,0
2025-10-29T14:43:03.445433,PUBLISH,9ae8f8e8c11a4e378ea47407f15a99ed,68f2d95bd190740cfd6a3ed4,ENQUEUED,0.19985201751689785,questions_in,fifo,uniform,0,0
2025-10-29T14:43:03.609773,PUBLISH,842c3f17d05a4122a35da6972ad150fd,68f2d95bd190740cfd6a37ed,ENQUEUED,0.15715849429346576,questions_in,fifo,uniform,0,0
2025-10-29T14:43:03.858646,PUBLISH,7811bde2228c4e08a678b8aa7b4f4ab5,68f2d95bd190740cfd6a1fd2,ENQUEUED,0.24603712824221913,questions_in,fifo,uniform,0,0
2025-10-29T14:43:04.002391,PUBLISH,681e5dbee57944779ef7d06776a0ea65,68f2d95bd190740cfd6a22ab,ENQUEUED,0.1379306281524666,questions_in,fifo,uniform,0,0
2025-10-29T14:43:04.315410,PUBLISH,65cb2f5aebd74fd990c09bcdec1439b2,68f2d95bd190740cfd6a40a7,ENQUEUED,0.31138838474210373,questions_in,fifo,uniform,0,0
2025-10-29T14:43:04.570820,PUBLISH,d30a99f1c45f4668a0fa7c94f3c01097,68f2d95bd190740cfd6a348f,ENQUEUED,0.2536428259580915,questions_in,fifo,uniform,0,0
2025-10-29T14:43:04.688071,PUBLISH,1961d5ce054d400494ef3b147f7dbf03,68f2d95bd190740cfd6a3cee,ENQUEUED,0.11151218990799312,questions_in,fifo,uniform,0,0
2025-10-29T14:43:04.905794,PUBLISH,7fb4e2e1b88e45a99da7f612fe36c1f5,68f2d95bd190740cfd6a2d45,ENQUEUED,0.21195237811579404,questions_in,fifo,uniform,0,0
2025-10-29T14:43:05.074860,PUBLISH,c40d6badcd3a455aa6061d0c6f74394e,68f2d95bd190740cfd6a3f24,ENQUEUED,0.16351978830933805,questions_in,fifo,uniform,0,0
2025-10-29T14:43:05.294180,PUBLISH,d031ae8788fc48f6873d5e157191df98,68f2d95bd190740cfd6a28db,ENQUEUED,0.21396549123859188,questions_in,fifo,uniform,0,0
2025-10-29T14:43:05.403841,PUBLISH,11b0fa091eaa4971bbbcea7e1785f6cb,68f2d95bd190740cfd6a2f8c,ENQUEUED,0.10347116221894406,questions_in,fifo,uniform,0,0
2025-10-29T14:43:05.698153,PUBLISH,7e872c46d0ca482fa387e031ff1160e9,68f2d95bd190740cfd6a391f,ENQUEUED,0.2887667332810221,questions_in,fifo,uniform,0,0
2025-10-29T14:43:06.113567,PUBLISH,8207aee850de43a89c16a636f1880564,68f2d95bd190740cfd6a39fc,ENQUEUED,0.40954555815847005,questions_in,fifo,uniform,0,0
2025-10-29T14:43:06.236255,PUBLISH,644afd4a3c9d47a2bf6193610537f33b,68f2d95bd190740cfd6a2d0c,ENQUEUED,0.11694050620604819,questions_in,fifo,uniform,0,0
2025-10-29T14:43:06.595033,PUBLISH,a1954783b8794cf8af71b2c13727b5fd,68f2d95bd190740cfd6a23bb,ENQUEUED,0.35276214768527614,questions_in,fifo,uniform,0,0
2025-10-29T14:43:06.764059,PUBLISH,7b2542b1a2924c1c95338e3728faef18,68f2d95bd190740cfd6a1dfc,ENQUEUED,0.16363991925675073,questions_in,fifo,uniform,0,0
2025-10-29T14:43:07.046044,PUBLISH,c25e72c734da4ceb9fd4a45feda84e94,68f2d95bd190740cfd6a1ff6,ENQUEUED,0.2764600497647643,questions_in,fifo,uniform,0,0
2025-10-29T14:43:07.314695,PUBLISH,880ec57bc8944286ae22c0f6338237fc,68f2d95bd190740cfd6a2034,ENQUEUED,0.2627649304683892,questions_in,fifo,uniform,0,0
2025-10-29T14:43:07.635783,PUBLISH,46af7ccf5e19460faeba4ddb54a4bc79,68f2d95bd190740cfd6a36fc,ENQUEUED,0.3194321590652671,questions_in,fifo,uniform,0,0
2025-10-29T14:43:08.060743,PUBLISH,808458abcaf84fc1836efa429ec80d92,68f2d95bd190740cfd6a23db,ENQUEUED,0.41954030200452663,questions_in,fifo,uniform,0,0
2025-10-29T14:43:08.434183,PUBLISH,e8e197b0068e405aa7c8f17cb427c248,68f2d95bd190740cfd6a364a,ENQUEUED,0.36814162318721644,questions_in,fifo,uniform,0,0
2025-10-29T14:43:08.573714,PUBLISH,70f1a8cbf0974d7f8da81131dc07614b,68f2d95bd190740cfd6a35c4,ENQUEUED,0.13388413441490885,questions_in,fifo,uniform,0,0
2025-10-29T14:43:08.810037,PUBLISH,8a04cc0cfa4d4f9ea8b51ca49d789445,68f2d95bd190740cfd6a2e45,ENQUEUED,0.23089870523728076,questions_in,fifo,uniform,0,0
2025-10-29T14:43:09.080000,PUBLISH,34292b3000ce4b0ea0be57888dda7d87,68f2d95bd190740cfd6a3768,ENQUEUED,0.2643521341125688,questions_in,fifo,uniform,0,0
2025-10-29T14:43:09.212170,PUBLISH,e4158c74232644169da08d205b6db5b6,68f2d95bd190740cfd6a3e22,ENQUEUED,0.1263964110686481,questions_in,fifo,uniform,0,0
2025-10-29T14:43:09.488274,PUBLISH,a114d85fddd846168415aa85b80bb0ca,68f2d95bd190740cfd6a2103,ENQUEUED,0.27260848416580485,questions_in,fifo,uniform,0,0
2025-10-29T14:43:09.704740,PUBLISH,57829075ecb0421bae71e2d5a7c6edaf,68f2d95bd190740cfd6a2f80,ENQUEUED,0.21109481366483915,questions_in,fifo,uniform,0,0
2025-10-29T14:43:10.051332,PUBLISH,366cbaffc11d4108b68d58b2417c113b,68f2d95bd190740cfd6a4039,ENQUEUED,0.3412059373852294,questions_in,fifo,uniform,0,0
2025-10-29T14:43:10.203126,PUBLISH,61d08eb8bcc84ed48de1c868a1cf2f4c,68f2d95bd190740cfd6a2b03,ENQUEUED,0.1465237217020731,questions_in,fifo,uniform,0,0
2025-10-29T14:43:10.689435,PUBLISH,00c6e20b728e4b5eadae18767873d97b,68f2d95bd190740cfd6a3b65,ENQUEUED,0.47900938454847597,questions_in,fifo,uniform,0,0
2025-10-29T14:43:10.921139,PUBLISH,5f13e75fc58f4baf812c8d889692d1c4,68f2d95bd190740cfd6a28f6,ENQUEUED,0.2264421934489204,questions_in,fifo,uniform,0,0
2025-10-29T14:43:11.405805,PUBLISH,2959608bcacb436395dec86b4ab0401d,68f2d95bd190740cfd6a1b86,ENQUEUED,0.482297195767486,questions_in,fifo,uniform,0,0
2025-10-29T14:43:11.899720,PUBLISH,8c4e5929935145b5b6715ded3f599eb4,68f2d95bd190740cfd6a299e,ENQUEUED,0.4879077432705734,questions_in,fifo,uniform,0,0
2025-10-29T14:43:12.302937,PUBLISH,b09a03dda4a841c5bfa00f7353206142,68f2d95bd190740cfd6a1e3c,ENQUEUED,0.39736254487258027,questions_in,fifo,uniform,0,0
2025-10-29T14:43:12.457891,PUBLISH,54952ee751494501a49945e604740e8f,68f2d95bd190740cfd6a2766,ENQUEUED,0.14979880033766266,questions_in,fifo,uniform,0,0
2025-10-29T14:43:12.956143,PUBLISH,fc0e5a8e227242559f644811d3e2c664,68f2d95bd190740cfd6a3c61,ENQUEUED,0.4913023667916391,questions_in,fifo,uniform,0,0
2025-10-29T14:43:13.085376,PUBLISH,59f251ba067141c6a6930e875467b5ba,68f2d95bd190740cfd6a392b,ENQUEUED,0.12367262768580685,questions_in,fifo,uniform,0,0
2025-10-29T14:43:13.469537,PUBLISH,843ee481cc9c4a4cb1f97b0f0172b27f,68f2d95bd190740cfd6a1c0f,ENQUEUED,0.38223465550578506,questions_in,fifo,uniform,0,0
2025-10-29T14:43:13.840468,PUBLISH,5bc31e5af6974c47a4d34b2cc2c25534,68f2d95bd190740cfd6a320d,ENQUEUED,0.3678768249881039,questions_in,fifo,uniform,0,0
2025-10-29T14:43:14.144106,PUBLISH,5bf5f0147d734a83bb462e516edb6cd5,68f2d95bd190740cfd6a1eae,ENQUEUED,0.2977846674242248,questions_in,fifo,uniform,0,0
2025-10-29T14:43:14.299931,PUBLISH,7af167a01dfa4776bb72aded58a4f1a1,68f2d95bd190740cfd6a1f12,ENQUEUED,0.150465231445865,questions_in,fifo,uniform,0,0
2025-10-29T14:43:14.604544,PUBLISH,f567330873114a18b78b0cfc03ee7f15,68f2d95bd190740cfd6a3a4d,ENQUEUED,0.29902319013896816,questions_in,fifo,uniform,0,0
2025-10-29T14:43:14.833552,PUBLISH,26ff2d46677e4e6fada17b8ddb44d411,68f2d95bd190740cfd6a2849,ENQUEUED,0.22155631579272358,questions_in,fifo,uniform,0,0
2025-10-29T14:43:15.180833,PUBLISH,e7561b0a70834f1aba09d7c08809f889,68f2d95bd190740cfd6a24b6,ENQUEUED,0.34140904295331764,questions_in,fifo,uniform,0,0
2025-10-29T14:43:15.683063,PUBLISH,0930a75d0ab64f25955509d0572b669e,68f2d95bd190740cfd6a2e1b,ENQUEUED,0.49680319622325453,questions_in,fifo,uniform,0,0
2025-10-29T14:43:15.966749,PUBLISH,ee259395e87a4550852f0490908dae72,68f2d95bd190740cfd6a2879,ENQUEUED,0.27812677114266093,questions_in,fifo,uniform,0,0
2025-10-29T14:43:16.124320,PUBLISH,c775f834cfb7437c88e1017cc9374725,68f2d95bd190740cfd6a34f0,ENQUEUED,0.15212561908921127,questions_in,fifo,uniform,0,0
2025-10-29T14:43:16.332233,PUBLISH,a711a27db584400da3306023ca0d80c3,68f2d95bd190740cfd6a370d,ENQUEUED,0.20240803877245173,questions_in,fifo,uniform,0,0
2025-10-29T14:43:16.564162,PUBLISH,a4ab0a1a053e4f4c9fd4eff45b4a2773,68f2d95bd190740cfd6a22c5,ENQUEUED,0.23043149560003517,questions_in,fifo,uniform,0,0
2025-10-29T14:43:16.868381,PUBLISH,ed2b4b5dbb1a4dc2ba1a8a03dcb85fc6,68f2d95bd190740cfd6a3320,ENQUEUED,0.3023433131316842,questions_in,fifo,uniform,0,0
2025-10-29T14:43:17.222418,PUBLISH,fb2ee89384994febb6b506d9a6e2a9dc,68f2d95bd190740cfd6a3b36,ENQUEUED,0.3460259765782566,questions_in,fifo,uniform,0,0
2025-10-29T14:43:17.427194,PUBLISH,8d7ee6c8972c4f959aa4551f25201a29,68f2d95bd190740cfd6a3478,ENQUEUED,0.19942610998339597,questions_in,fifo,uniform,0,0
2025-10-29T14:43:17.812928,PUBLISH,49039f23a8c34014aeaba3c90b6016bf,68f2d95bd190740cfd6a3373,ENQUEUED,0.37885590644378053,questions_in,fifo,uniform,0,0
2025-10-29T14:43:18.169837,PUBLISH,b1a1377b0c014c128b1d390b53bb5d9d,68f2d95bd190740cfd6a3525,ENQUEUED,0.35124266371168245,questions_in,fifo,uniform,0,0
2025-10-29T14:43:18.616338,PUBLISH,c6a6696c82ed4dd8b211f810b87deafc,68f2d95bd190740cfd6a3e1e,ENQUEUED,0.4393829202679055,questions_in,fifo,uniform,0,0
2025-10-29T14:43:18.995438,PUBLISH,b6cd16a1fb4d4d0eb54c1f54cdce7814,68f2d95bd190740cfd6a2aff,ENQUEUED,0.373857009277324,questions_in,fifo,uniform,0,0
2025-10-29T14:43:19.116614,PUBLISH,dc4d051a05504dc197d0ff68e07382a1,68f2d95bd190740cfd6a320e,ENQUEUED,0.11412960782345866,questions_in,fifo,uniform,0,0
2025-10-29T14:43:19.533315,PUBLISH,0c1411a388c44b0fb8677e89ab202658,68f2d95bd190740cfd6a2ae5,ENQUEUED,0.4112764744950167,questions_in,fifo,uniform,0,0
2025-10-29T14:43:19.924491,PUBLISH,94b6acc8309f4416a73d04b0a45a4288,68f2d95bd190740cfd6a2327,ENQUEUED,0.3893708557248454,questions_in,fifo,uniform,0,0
2025-10-29T14:43:20.114138,PUBLISH,d090767964c34da68e580fa908f47dce,68f2d95bd190740cfd6a326f,ENQUEUED,0.1882976887143839,questions_in,fifo,uniform,0,0
2025-10-29T14:43:20.447328,PUBLISH,b41bdb012cce45e899532488aa56fa47,68f2d95bd190740cfd6a39af,ENQUEUED,0.3279226626175439,questions_in,fifo,uniform,0,0
2025-10-29T14:43:20.759077,PUBLISH,20d035db3a9d4b7da0f02e6dd8c339cd,68f2d95bd190740cfd6a2732,ENQUEUED,0.30624028966813055,questions_in,fifo,uniform,0,0
2025-10-29T14:43:21.235244,PUBLISH,ccb4c19e51a1496ba5f9dcc6a8a9c503,68f2d95bd190740cfd6a25a5,ENQUEUED,0.4702205180637289,questions_in,fifo,uniform,0,0
2025-10-29T14:43:21.625648,PUBLISH,5b175bc42f294c38960549f7fafd09b4,68f2d95bd190740cfd6a2560,ENQUEUED,0.3839555298089442,questions_in,fifo,uniform,0,0
2025-10-29T14:43:21.951543,PUBLISH,3bb488104f0d40aca6f21fb84f5b4ccc,68f2d95bd190740cfd6a2327,ENQUEUED,0.31937797768861176,questions_in,fifo,uniform,0,0
2025-10-29T14:43:22.231516,PUBLISH,4721431aafe9481d82fcf64cc05b64ad,68f2d95bd190740cfd6a356e,ENQUEUED,0.2746167241554872,questions_in,fifo,uniform,0,0
2025-10-29T14:43:22.569353,PUBLISH,8d060fc4aec5408e85f00412ae345daf,68f2d95bd190740cfd6a1fda,ENQUEUED,0.33226237705976003,questions_in,fifo,uniform,0,0
2025-10-29T14:43:22.861267,PUBLISH,56f6a725a1544d53a1c359de3c4dda6f,68f2d95bd190740cfd6a3598,ENQUEUED,0.2852594056589262,questions_in,fifo,uniform,0,0
2025-10-29T14:43:23.125036,PUBLISH,7b83fefa405441f99b474fee78a1c55a,68f2d95bd190740cfd6a1dee,ENQUEUED,0.26217705074701303,questions_in,fifo,uniform,0,0
2025-10-29T14:43:23.358055,PUBLISH,52f5bb17c0f542d69eb66d5573dfc6b7,68f2d95bd190740cfd6a2c69,ENQUEUED,0.22693776928629644,questions_in,fifo,uniform,0,0
2025-10-29T14:43:23.586347,PUBLISH,bc38a419a46a4d0ba758fd7453941003,68f2d95bd190740cfd6a2e87,ENQUEUED,0.22244280719622128,questions_in,fifo,uniform,0,0
2025-10-29T14:43:23.849148,PUBLISH,248ba7f553e94207b328dd2d80793799,68f2d95bd190740cfd6a3f4f,ENQUEUED,0.25642175396822614,questions_in,fifo,uniform,0,0
2025-10-29T14:43:24.236022,PUBLISH,75817be3842c40c1bc06f5cddd9da44b,68f2d95bd190740cfd6a3c27,ENQUEUED,0.3812901240887284,questions_in,fifo,uniform,0,0
2025-10-29T14:43:24.619139,PUBLISH,ba4d87d0230a4474bff98e6d4e45f29d,68f2d95bd190740cfd6a2e1e,ENQUEUED,0.37687836849180545,questions_in,fifo,uniform,0,0
2025-10-29T14:43:24.758696,PUBLISH,1ad0a0a7185c4a489529a988693728e6,68f2d95bd190740cfd6a2cec,ENQUEUED,0.1343027648843938,questions_in,fifo,uniform,0,0
2025-10-29T14:43:25.006278,PUBLISH,aff291c27aa24fab8a557b46370b85e7,68f2d95bd190740cfd6a3cc9,ENQUEUED,0.2389911781229564,questions_in,fifo,uniform,0,0
2025-10-29T14:43:25.243342,PUBLISH,112009a391b7414c9fb2e582a0b24867,68f2d95bd190740cfd6a25d1,ENQUEUED,0.23110997408162112,questions_in,fifo,uniform,0,0
2025-10-29T14:43:25.532634,PUBLISH,d1a0faa199dc46f09b0cbee195e6cc87,68f2d95bd190740cfd6a1c11,ENQUEUED,0.2835961892291371,questions_in,fifo,uniform,0,0
2025-10-29T14:43:25.757275,PUBLISH,595b9b0984b44b6b97f36fefc5509250,68f2d95bd190740cfd6a2446,ENQUEUED,0.2188656711733691,questions_in,fifo,uniform,0,0
2025-10-29T14:43:26.081011,PUBLISH,f2237965c00a4b1e9d3326b24636afb9,68f2d95bd190740cfd6a3078,ENQUEUED,0.31724625878702695,questions_in,fifo,uniform,0,0
2025-10-29T14:43:26.299529,PUBLISH,34e49e5569c74120a97b440b835f1cea,68f2d95bd190740cfd6a28a0,ENQUEUED,0.2169687273387293,questions_in,fifo,uniform,0,0
2025-10-29T14:43:26.479541,PUBLISH,3e64203d11a249ce883eb78f3e069da6,68f2d95bd190740cfd6a2f38,ENQUEUED,0.1747276575312559,questions_in,fifo,uniform,0,0
2025-10-29T14:43:26.735028,PUBLISH,79c29b361d2b43ecbe656ea2e3c2bc8d,68f2d95bd190740cfd6a355b,ENQUEUED,0.24954413205952997,questions_in,fifo,uniform,0,0
2025-10-29T14:43:27.105409,PUBLISH,00f7c176bde3432eb5d048f2df6f3063,68f2d95bd190740cfd6a2f33,ENQUEUED,0.36479349326162447,questions_in,fifo,uniform,0,0
2025-10-29T14:43:27.515802,PUBLISH,c06a7c17bfc14ed6930d56742b8e4d48,68f2d95bd190740cfd6a22bf,ENQUEUED,0.40470199312842114,questions_in,fifo,uniform,0,0
2025-10-29T14:43:27.742172,PUBLISH,de9bf1c8c83d4dd5b4a0c2a9142286e8,68f2d95bd190740cfd6a24b8,ENQUEUED,0.22110111663939458,questions_in,fifo,uniform,0,0
2025-10-29T14:43:27.981008,PUBLISH,4efdf5a382cd4d6eafcc98b5c93285ae,68f2d95bd190740cfd6a3e10,ENQUEUED,0.23336423357228947,questions_in,fifo,uniform,0,0
2025-10-29T14:43:28.262021,PUBLISH,3a83d4cc5f4646a698195488aadeb58f,68f2d95bd190740cfd6a23b9,ENQUEUED,0.27437896175493215,questions_in,fifo,uniform,0,0
2025-10-29T14:43:28.548771,PUBLISH,f919d4898d5a4d2bbada1155cfcc8383,68f2d95bd190740cfd6a3784,ENQUEUED,0.28117045951349207,questions_in,fifo,uniform,0,0
2025-10-29T14:43:28.948130,PUBLISH,66d96d6e65c14e2e99f77018bafa784a,68f2d95bd190740cfd6a2437,ENQUEUED,0.39251029072380883,questions_in,fifo,uniform,0,0
2025-10-29T14:43:29.195121,PUBLISH,8c3f89f5fb4b4e1582c0ba669bf1f900,68f2d95bd190740cfd6a274a,ENQUEUED,0.24519454243001315,questions_in,fifo,uniform,0,0
2025-10-29T14:43:29.472199,PUBLISH,5820e84cf55c4707aafbe376fe3bc864,68f2d95bd190740cfd6a2abe,ENQUEUED,0.2757483917457804,questions_in,fifo,uniform,0,0
2025-10-29T14:43:29.819265,PUBLISH,ebff616e679d4aa49a69f179126d57d1,68f2d95bd190740cfd6a3b16,ENQUEUED,0.3412688577336508,questions_in,fifo,uniform,0,0
2025-10-29T14:43:30.143776,PUBLISH,02f6818ff55d4fe7ba3884ea7b46222e,68f2d95bd190740cfd6a2fc7,ENQUEUED,0.3176561769445082,questions_in,fifo,uniform,0,0
2025-10-29T14:43:30.294610,PUBLISH,e7c75ee46e834f33a156978adceb2ddf,68f2d95bd190740cfd6a2e75,ENQUEUED,0.1452417150942571,questions_in,fifo,uniform,0,0
2025-10-29T14:43:30.503149,PUBLISH,9094028bda4145e4accad33427d751c4,68f2d95bd190740cfd6a34c2,ENQUEUED,0.2029853036788865,questions_in,fifo,uniform,0,0
2025-10-29T14:43:31.000828,PUBLISH,a8fc6dd5fc5c4171b18610eb0e2586d2,68f2d95bd190740cfd6a40b4,ENQUEUED,0.49156517327541993,questions_in,fifo,uniform,0,0
2025-10-29T14:43:31.417701,PUBLISH,c277ad168aec4223855b83cf8d75ab26,68f2d95bd190740cfd6a2385,ENQUEUED,0.41028481209684997,questions_in,fifo,uniform,0,0
2025-10-29T14:43:31.607557,PUBLISH,ba1cc6ce4aad4c30973ccd4521e93029,68f2d95bd190740cfd6a34ab,ENQUEUED,0.18422255285432604,questions_in,fifo,uniform,0,0
2025-10-29T14:43:32.061357,PUBLISH,af0dea92e1204d61895e6c5a4a505cdf,68f2d95bd190740cfd6a4157,ENQUEUED,0.447389397594509,questions_in,fifo,uniform,0,0
2025-10-29T14:43:32.481201,PUBLISH,b22a4022a7274cc9b0c580e526c6b15d,68f2d95bd190740cfd6a3570,ENQUEUED,0.41829914900413667,questions_in,fifo,uniform,0,0
2025-10-29T14:43:32.730976,PUBLISH,5d40dce7772243b39ddbc0b438923860,68f2d95bd190740cfd6a23cd,ENQUEUED,0.24560924769612125,questions_in,fifo,uniform,0,0
2025-10-29T14:43:33.228926,PUBLISH,74bef023eaa84320bd30c0f7cb8a486f,68f2d95bd190740cfd6a3ac8,ENQUEUED,0.4921959056608918,questions_in,fifo,uniform,0,0
2025-10-29T14:43:33.564281,PUBLISH,ed4e04f885d94648a0ecb438bf1bef16,68f2d95bd190740cfd6a2264,ENQUEUED,0.3287317589589648,questions_in,fifo,uniform,0,0
2025-10-29T14:43:33.844905,PUBLISH,8b8c80bfc42748e5bf821fe6105fd952,68f2d95bd190740cfd6a3c2c,ENQUEUED,0.27569568053147486,questions_in,fifo,uniform,0,0
2025-10-29T14:43:34.208280,PUBLISH,e156c5d6828d46a0bdde3ac25efd785c,68f2d95bd190740cfd6a2d29,ENQUEUED,0.35733590604774457,questions_in,fifo,uniform,0,0
2025-10-29T14:43:34.702297,PUBLISH,8ffc27ec4b484a918d6a9aaa6b035ab3,68f2d95bd190740cfd6a3e0d,ENQUEUED,0.49124942657004944,questions_in,fifo,uniform,0,0
2025-10-29T14:43:35.168760,PUBLISH,968ca3c4f92a43e28ab0bf883d125e69,68f2d95bd190740cfd6a4136,ENQUEUED,0.4596224749633929,questions_in,fifo,uniform,0,0
2025-10-29T14:43:35.336705,PUBLISH,2b76a6aeda7a42ed8bf55de058999a69,68f2d95bd190740cfd6a23af,ENQUEUED,0.16257414832569472,questions_in,fifo,uniform,0,0
2025-10-29T14:43:35.554209,PUBLISH,36339ecef769494f9f4ca3f64220047f,68f2d95bd190740cfd6a20fd,ENQUEUED,0.21594831709831716,questions_in,fifo,uniform,0,0
2025-10-29T14:43:35.674439,PUBLISH,bd0df73d353f4ce584b396ee5ec80f90,68f2d95bd190740cfd6a25ff,ENQUEUED,0.11894987574707226,questions_in,fifo,uniform,0,0
2025-10-29T14:43:36.129010,PUBLISH,836cb4fb05ed4b22acca162e3daaac2b,68f2d95bd190740cfd6a2e92,ENQUEUED,0.44852986803801953,questions_in,fifo,uniform,0,0
2025-10-29T14:43:36.539092,PUBLISH,9cfbe9ddd0884e40b0c5d0ff6c42a8da,68f2d95bd190740cfd6a2d1f,ENQUEUED,0.40467809080265826,questions_in,fifo,uniform,0,0
2025-10-29T14:43:36.948007,PUBLISH,54ee1c9c2789401a95530bab1c7c3c0e,68f2d95bd190740cfd6a3851,ENQUEUED,0.4024871724152953,questions_in,fifo,uniform,0,0
2025-10-29T14:43:37.292559,PUBLISH,2536c82f887e40688bf32524aa821258,68f2d95bd190740cfd6a2cad,ENQUEUED,0.3384413489445429,questions_in,fifo,uniform,0,0
2025-10-29T14:43:37.428387,PUBLISH,f98c64a2566c4120b4ff8188b06a7c1a,68f2d95bd190740cfd6a2db4,ENQUEUED,0.13009817009672836,questions_in,fifo,uniform,0,0
2025-10-29T14:43:37.559276,PUBLISH,10fe50758d804bb8a04cff1162980466,68f2d95bd190740cfd6a37d3,ENQUEUED,0.1253046979464063,questions_in,fifo,uniform,0,0
2025-10-29T14:43:37.764945,PUBLISH,5874d5dcef9442848faf8f711d51713e,68f2d95bd190740cfd6a3a7c,ENQUEUED,0.20040995304515766,questions_in,fifo,uniform,0,0
2025-10-29T14:43:38.146378,PUBLISH,5707109dd081477ab3e6ba914cba9e43,68f2d95bd190740cfd6a274a,ENQUEUED,0.3757427716734302,questions_in,fifo,uniform,0,0
2025-10-29T14:43:38.549250,PUBLISH,746b9bdc8dd84961a3a4500b4a36b94e,68f2d95bd190740cfd6a2a3f,ENQUEUED,0.39737218372057903,questions_in,fifo,uniform,0,0
2025-10-29T14:43:38.886126,PUBLISH,75395387a87943adaf34b5a03b09fb47,68f2d95bd190740cfd6a3e02,ENQUEUED,0.3347347112048536,questions_in,fifo,uniform,0,0
2025-10-29T14:43:39.006394,PUBLISH,1faa8606c01d47b085c7593f5cb201b0,68f2d95bd190740cfd6a3278,ENQUEUED,0.11465564568732517,questions_in,fifo,uniform,0,0
2025-10-29T14:43:39.491063,PUBLISH,4e9108e97a7043cd96f9c06b74d15c89,68f2d95bd190740cfd6a2faa,ENQUEUED,0.4788762988674061,questions_in,fifo,uniform,0,0
2025-10-29T14:43:39.803792,PUBLISH,f03c7bbf4c3249959e5d568e13571dc7,68f2d95bd190740cfd6a29d8,ENQUEUED,0.307182357964092,questions_in,fifo,uniform,0,0
2025-10-29T14:43:40.152813,PUBLISH,58765f83a8c54437a59be81b793ce2dc,68f2d95bd190740cfd6a2fe4,ENQUEUED,0.3424797246388572,questions_in,fifo,uniform,0,0
2025-10-29T14:43:40.342193,PUBLISH,c9239a5ce70f44df9f97bf9602b7b7b8,68f2d95bd190740cfd6a3f84,ENQUEUED,0.18391364690406384,questions_in,fifo,uniform,0,0
2025-10-29T14:43:40.510098,PUBLISH,43c7f9a1bc7f4996be48c65a0a747d8e,68f2d95bd190740cfd6a3f4e,ENQUEUED,0.1619173193940641,questions_in,fifo,uniform,0,0
2025-10-29T14:43:40.782738,PUBLISH,4fd4c9e96aca42ff8047609f0ade245e,68f2d95bd190740cfd6a27e9,ENQUEUED,0.2671136749378378,questions_in,fifo,uniform,0,0
2025-10-29T14:43:41.148767,PUBLISH,bd50a93d944f455eac611c8f27fe09a7,68f2d95bd190740cfd6a3e46,ENQUEUED,0.36004393359019493,questions_in,fifo,uniform,0,0
2025-10-29T14:43:41.479091,PUBLISH,ddf2ae2316ff4060986c86bf3211a566,68f2d95bd190740cfd6a3f32,ENQUEUED,0.32452585263190437,questions_in,fifo,uniform,0,0
2025-10-29T14:43:41.745634,PUBLISH,1bd219b2954b463682b6a1a95b8ed6d4,68f2d95bd190740cfd6a35f1,ENQUEUED,0.26506867349478347,questions_in,fifo,uniform,0,0
2025-10-29T14:43:42.206389,PUBLISH,fe0a4f3f67ce4817a5f0ee4d1d27e27f,68f2d95bd190740cfd6a2a93,ENQUEUED,0.45415609266736,questions_in,fifo,uniform,0,0
2025-10-29T14:43:42.638683,PUBLISH,2db80f7bc9ef46caa9d89cce9853060e,68f2d95bd190740cfd6a3b53,ENQUEUED,0.42642112478017824,questions_in,fifo,uniform,0,0
2025-10-29T14:43:42.960150,PUBLISH,43257845ac0945608631fb4fd8a04f46,68f2d95bd190740cfd6a417f,ENQUEUED,0.31548557655168163,questions_in,fifo,uniform,0,0
2025-10-29T14:43:43.400746,PUBLISH,12852ac218e244c8b6dc72604330b9b8,68f2d95bd190740cfd6a2783,ENQUEUED,0.4373636979109393,questions_in,fifo,uniform,0,0
2025-10-29T14:43:43.645452,PUBLISH,0dce7cddb72742258758d2f0f4878e88,68f2d95bd190740cfd6a2ac0,ENQUEUED,0.23840193107932894,questions_in,fifo,uniform,0,0
2025-10-29T14:43:44.132597,PUBLISH,2c37bf600ab24397b1e7903b1f9463b8,68f2d95bd190740cfd6a20c1,ENQUEUED,0.4813311842603508,questions_in,fifo,uniform,0,0
2025-10-29T14:43:44.253069,PUBLISH,e05e51c9f21a4bd39489fe9ce9c3b85d,68f2d95bd190740cfd6a2228,ENQUEUED,0.11885531788343912,questions_in,fifo,uniform,0,0
2025-10-29T14:43:44.446633,PUBLISH,e05f310a9ab8416dae9c39d8123fc01d,68f2d95bd190740cfd6a3342,ENQUEUED,0.18721073878748462,questions_in,fifo,uniform,0,0
2025-10-29T14:43:44.719508,PUBLISH,92858dbe8d684d738d5cc22e1b8c1d65,68f2d95bd190740cfd6a1d83,ENQUEUED,0.2669942029541137,questions_in,fifo,uniform,0,0
2025-10-29T14:43:44.897397,PUBLISH,cf6a997e8ed9497e87cc4f6f0b0455ae,68f2d95bd190740cfd6a2cbc,ENQUEUED,0.1765208593428288,questions_in,fifo,uniform,0,0
2025-10-29T14:43:45.367674,PUBLISH,f588889c23aa469b9a8edb11cbdc6874,68f2d95bd190740cfd6a312c,ENQUEUED,0.46402734612413254,questions_in,fifo,uniform,0,0
2025-10-29T14:43:45.545449,PUBLISH,bafc65ca165345179f13f16c00ab561f,68f2d95bd190740cfd6a228c,ENQUEUED,0.1706823271895645,questions_in,fifo,uniform,0,0
2025-10-29T14:43:45.992216,PUBLISH,af9ea7af0743406d96cec53690a89d1c,68f2d95bd190740cfd6a2fb4,ENQUEUED,0.4385038907265928,questions_in,fifo,uniform,0,0
2025-10-29T14:43:46.412093,PUBLISH,4d145d2df2934fd5b44cf683e6a50c96,68f2d95bd190740cfd6a3125,ENQUEUED,0.41441920386191355,questions_in,fifo,uniform,0,0
2025-10-29T14:43:46.782126,PUBLISH,fe1a1f02fa3b447f8c4defc833e1a1d6,68f2d95bd190740cfd6a36e8,ENQUEUED,0.3633559205149731,questions_in,fifo,uniform,0,0
2025-10-29T14:43:47.262524,PUBLISH,f797588ee2b744cf9fe0f27134c80bc0,68f2d95bd190740cfd6a3682,ENQUEUED,0.4739279034622935,questions_in,fifo,uniform,0,0
2025-10-29T14:43:47.461941,PUBLISH,9bd85031dc6b4221a5e0ad9946ee9273,68f2d95bd190740cfd6a3a58,ENQUEUED,0.19343643960897322,questions_in,fifo,uniform,0,0
2025-10-29T14:43:47.648824,PUBLISH,68e108ace46745ba91ef859b45e38a9c,68f2d95bd190740cfd6a1f65,ENQUEUED,0.1792326440442647,questions_in,fifo,uniform,0,0
2025-10-29T14:43:48.046257,PUBLISH,1e3a322c1ba6413d9532f11fb8e2672b,68f2d95bd190740cfd6a3b8b,ENQUEUED,0.39583094182398637,questions_in,fifo,uniform,0,0
2025-10-29T14:43:48.523119,PUBLISH,cff6b895390c4fb9a04048c3503090d2,68f2d95bd190740cfd6a4157,ENQUEUED,0.4707293912617807,questions_in,fifo,uniform,0,0
2025-10-29T14:43:49.028489,PUBLISH,1b7fc7d6196045e787bf63a79f4432d5,68f2d95bd190740cfd6a40e0,ENQUEUED,0.49981056607025354,questions_in,fifo,uniform,0,0
2025-10-29T14:43:49.245777,PUBLISH,edc76ca5121f4103888c259d284791a1,68f2d95bd190740cfd6a1b47,ENQUEUED,0.21150432233525773,questions_in,fifo,uniform,0,0
2025-10-29T14:43:49.463884,PUBLISH,e6b6fe1d3e8c465ea88f2e155fe68700,68f2d95bd190740cfd6a3922,ENQUEUED,0.21186920535501308,questions_in,fifo,uniform,0,0
2025-10-29T14:43:49.814951,PUBLISH,373c57f5759648b0a7cd68020f3afb02,68f2d95bd190740cfd6a22ec,ENQUEUED,0.3454964863039856,questions_in,fifo,uniform,0,0
2025-10-29T14:43:50.219878,PUBLISH,8db2e034cffc4126af3363d0a50fad80,68f2d95bd190740cfd6a30dc,ENQUEUED,0.3997150635875274,questions_in,fifo,uniform,0,0
2025-10-29T14:43:50.547665,PUBLISH,58483164b9d446dfa8c85a5e3f81a2bf,68f2d95bd190740cfd6a3303,ENQUEUED,0.3220350320968235,questions_in,fifo,uniform,0,0
2025-10-29T14:43:50.784115,PUBLISH,e94ed9dbe1574562b2ef3a5de1c2f27a,68f2d95bd190740cfd6a3c76,ENQUEUED,0.2304659297820794,questions_in,fifo,uniform,0,0
2025-10-29T14:43:51.173447,PUBLISH,8aa30222acea4b6f9c906a81c5d39081,68f2d95bd190740cfd6a3535,ENQUEUED,0.38412063267810037,questions_in,fifo,uniform,0,0
2025-10-29T14:43:51.359646,PUBLISH,8f03d3b86e7245f7ba9b99f07c75c987,68f2d95bd190740cfd6a3f41,ENQUEUED,0.18086609718929886,questions_in,fifo,uniform,0,0
2025-10-29T14:43:51.680951,PUBLISH,4e87c9212f2a44448c752878f4a310b0,68f2d95bd190740cfd6a3667,ENQUEUED,0.3162323966361529,questions_in,fifo,uniform,0,0
2025-10-29T14:43:51.956852,PUBLISH,7529d962ade6490c92ce0df13c21ef32,68f2d95bd190740cfd6a1b8b,ENQUEUED,0.27028810172344314,questions_in,fifo,uniform,0,0
2025-10-29T14:43:52.184104,PUBLISH,93b9608c51b6402ea85efc3171547ca0,68f2d95bd190740cfd6a1f12,ENQUEUED,0.22097062501778383,questions_in,fifo,uniform,0,0
2025-10-29T14:43:52.565545,PUBLISH,24d80c914d974ff4abe8726b2cbe2f1f,68f2d95bd190740cfd6a31cf,ENQUEUED,0.3751721332331954,questions_in,fifo,uniform,0,0
2025-10-29T14:43:52.975738,PUBLISH,403f7f6898934dbeb73df3d106acc1f9,68f2d95bd190740cfd6a2875,ENQUEUED,0.4035491174168754,questions_in,fifo,uniform,0,0
2025-10-29T14:43:53.153259,PUBLISH,a30d9978769c4941be7b16fe8f5160a1,68f2d95bd190740cfd6a2c65,ENQUEUED,0.1704856959150406,questions_in,fifo,uniform,0,0
2025-10-29T14:43:53.588274,PUBLISH,cee171428d6f4b178b7d1d0e485b3ed0,68f2d95bd190740cfd6a3520,ENQUEUED,0.42925624018308395,questions_in,fifo,uniform,0,0
2025-10-29T14:43:54.037049,PUBLISH,2862504928ff4aa6802be92837cbd0f3,68f2d95bd190740cfd6a35e1,ENQUEUED,0.4463679784156006,questions_in,fifo,uniform,0,0
2025-10-29T14:43:54.230361,PUBLISH,7cb2ba8a79ee44138e25c418043a4ed5,68f2d95bd190740cfd6a1f07,ENQUEUED,0.18735760512196126,questions_in,fifo,uniform,0,0
2025-10-29T14:43:54.596256,PUBLISH,eb58ff4069d144a1b6dd5e595186d10a,68f2d95bd190740cfd6a3593,ENQUEUED,0.35969434411912493,questions_in,fifo,uniform,0,0
2025-10-29T14:43:54.984471,PUBLISH,7b10cc2e39674945942474860e7b5e4c,68f2d95bd190740cfd6a31dd,ENQUEUED,0.3826932442501795,questions_in,fifo,uniform,0,0
2025-10-29T14:43:55.235365,PUBLISH,3d416cd54f8f44289e00cb02f6c679e0,68f2d95bd190740cfd6a2a95,ENQUEUED,0.24439003068045595,questions_in,fifo,uniform,0,0
2025-10-29T14:43:55.582290,PUBLISH,3dd25ef94ee9494fa0fcd68d37293a24,68f2d95bd190740cfd6a1e95,ENQUEUED,0.3390796769510892,questions_in,fifo,uniform,0,0
2025-10-29T14:43:55.961518,PUBLISH,661dbf62a2eb4b26a2ad6594256bfbdd,68f2d95bd190740cfd6a2c9f,ENQUEUED,0.3732304648750143,questions_in,fifo,uniform,0,0
2025-10-29T14:43:56.424176,PUBLISH,66979b1b93f544fc9ef9c003ee33fadf,68f2d95bd190740cfd6a2362,ENQUEUED,0.45700068189289944,questions_in,fifo,uniform,0,0
2025-10-29T14:43:56.889957,PUBLISH,675b58a23ebf410f8c2c9c28e473f8c6,68f2d95bd190740cfd6a3bf1,ENQUEUED,0.4594439822656504,questions_in,fifo,uniform,0,0
2025-10-29T14:43:56.997240,PUBLISH,aa6643b8d7ff49e2a7dd38447dafc689,68f2d95bd190740cfd6a1f16,ENQUEUED,0.10179470006504224,questions_in,fifo,uniform,0,0
2025-10-29T14:43:57.121163,PUBLISH,a4243fea32c146af873b22edd0301012,68f2d95bd190740cfd6a231f,ENQUEUED,0.11815943067772068,questions_in,fifo,uniform,0,0
2025-10-29T14:43:57.593064,PUBLISH,4246df4aa60e4a0ba89cf50af5a1a844,68f2d95bd190740cfd6a3d62,ENQUEUED,0.4661224826154754,questions_in,fifo,uniform,0,0
2025-10-29T14:43:58.001138,PUBLISH,6117eb7fa78d4124a0d4cf9a089275c0,68f2d95bd190740cfd6a2cfd,ENQUEUED,0.4023238694953841,questions_in,fifo,uniform,0,0
2025-10-29T14:43:58.309732,PUBLISH,675b1763c7e941b98fc2f4b93eba07d2,68f2d95bd190740cfd6a3a79,ENQUEUED,0.30292263431534405,questions_in,fifo,uniform,0,0
2025-10-29T14:43:58.681518,PUBLISH,fef0559854424f3e88f8f72abaf435e8,68f2d95bd190740cfd6a2407,ENQUEUED,0.36622115914717546,questions_in,fifo,uniform,0,0
2025-10-29T14:43:58.910320,PUBLISH,c4483f12cc894653922bf98b5ec41456,68f2d95bd190740cfd6a1ce8,ENQUEUED,0.22338785321906804,questions_in,fifo,uniform,0,0
2025-10-29T14:43:59.339030,PUBLISH,905eb7fe2cd844d88a8a8ff22856ac16,68f2d95bd190740cfd6a382d,ENQUEUED,0.42316823872524656,questions_in,fifo,uniform,0,0
2025-10-29T14:43:59.668103,PUBLISH,6ada1028e1a84abb91382c61b67d4dc3,68f2d95bd190740cfd6a33ce,ENQUEUED,0.3236960389846202,questions_in,fifo,uniform,0,0
2025-10-29T14:44:00.162486,PUBLISH,1b5b1f0ee1af46e28a3c25bec0e4f7a4,68f2d95bd190740cfd6a30e1,ENQUEUED,0.49261763316866025,questions_in,fifo,uniform,0,0
2025-10-29T14:44:00.580987,PUBLISH,9c4516e02caa42b58991de68207c1bf3,68f2d95bd190740cfd6a3416,ENQUEUED,0.4130516995442569,questions_in,fifo,uniform,0,0
2025-10-29T14:44:00.883507,PUBLISH,62391a6588f8481e9857ef0a51a975e1,68f2d95bd190740cfd6a1c79,ENQUEUED,0.29697096880273677,questions_in,fifo,uniform,0,0
2025-10-29T14:44:01.382468,PUBLISH,dd24d1d026f04c8ea87b0aae88d7269a,68f2d95bd190740cfd6a32f9,ENQUEUED,0.4933217321102724,questions_in,fifo,uniform,0,0
2025-10-29T14:44:01.635945,PUBLISH,116b36aa8aaa4b3388f603cf26096bc0,68f2d95bd190740cfd6a41c5,ENQUEUED,0.2478817724085602,questions_in,fifo,uniform,0,0
2025-10-29T14:44:02.026013,PUBLISH,43bb2957cbb2493fa93ac6d25991cdc8,68f2d95bd190740cfd6a296c,ENQUEUED,0.38458077053816975,questions_in,fifo,uniform,0,0
2025-10-29T14:44:02.375102,PUBLISH,2137a52e8ee34e10a2bbcd98fdd929a5,68f2d95bd190740cfd6a3b77,ENQUEUED,0.34294030675465936,questions_in,fifo,uniform,0,0
2025-10-29T14:44:02.792323,PUBLISH,2f7f25a5ee5b4654828792db6a37183a,68f2d95bd190740cfd6a3118,ENQUEUED,0.41145975593076145,questions_in,fifo,uniform,0,0
2025-10-29T14:44:03.109099,PUBLISH,16128e71f72f40be87dcfe4bb1f0cfd1,68f2d95bd190740cfd6a3aba,ENQUEUED,0.3105825628882042,questions_in,fifo,uniform,0,0
2025-10-29T14:44:03.389577,PUBLISH,bde21562e2894e3fb3d0e8fc8d31572d,68f2d95bd190740cfd6a2625,ENQUEUED,0.2789637610951222,questions_in,fifo,uniform,0,0
2025-10-29T14:44:03.882945,PUBLISH,5c358cb335bc42bd98d153a8fabca3fa,68f2d95bd190740cfd6a3073,ENQUEUED,0.4883803670792556,questions_in,fifo,uniform,0,0
2025-10-29T14:44:04.328267,PUBLISH,b5c21829f1c149c4aca1f29984baa39c,68f2d95bd190740cfd6a27a9,ENQUEUED,0.44372316040806925,questions_in,fifo,uniform,0,0
2025-10-29T14:44:04.486555,PUBLISH,47786774cb3c4242afe3717ae30210a8,68f2d95bd190740cfd6a33ab,ENQUEUED,0.15436985841552106,questions_in,fifo,uniform,0,0
2025-10-29T14:44:04.742065,PUBLISH,6a565f07510045948961409929e0a991,68f2d95bd190740cfd6a1cf1,ENQUEUED,0.24949882884206104,questions_in,fifo,uniform,0,0
2025-10-29T14:44:05.204825,PUBLISH,a43f81aa057a4be1842e095f3b8f5c17,68f2d95bd190740cfd6a2dde,ENQUEUED,0.4561130702029491,questions_in,fifo,uniform,0,0
2025-10-29T14:44:05.689491,PUBLISH,fbfe1da6a32a4e9fb9af49ef70b1ca75,68f2d95bd190740cfd6a3853,ENQUEUED,0.4785023059777266,questions_in,fifo,uniform,0,0
2025-10-29T14:44:06.094326,PUBLISH,dcc8e055293e40bdb33501109312370e,68f2d95bd190740cfd6a2915,ENQUEUED,0.39854897236600995,questions_in,fifo,uniform,0,0
2025-10-29T14:44:06.444063,PUBLISH,d8f5cb435870415ca5095bcfd8ced495,68f2d95bd190740cfd6a2741,ENQUEUED,0.34313757681637,questions_in,fifo,uniform,0,0
2025-10-29T14:44:06.766761,PUBLISH,a58b5a7c388e4ef5a696f15c974e3a3b,68f2d95bd190740cfd6a35f5,ENQUEUED,0.31677758143783713,questions_in,fifo,uniform,0,0
2025-10-29T14:44:06.877748,PUBLISH,bb262d354ef545a48a9f1b989890360a,68f2d95bd190740cfd6a2c11,ENQUEUED,0.10557655018575006,questions_in,fifo,uniform,0,0
2025-10-29T14:44:07.068086,PUBLISH,da85d61b67df46bda0860480abdcfbda,68f2d95bd190740cfd6a253e,ENQUEUED,0.18452141069240185,questions_in,fifo,uniform,0,0
2025-10-29T14:44:07.179689,PUBLISH,a02d59144a414e8f881bb5461d9afe03,68f2d95bd190740cfd6a2ea4,ENQUEUED,0.10630604186452595,questions_in,fifo,uniform,0,0
2025-10-29T14:44:07.546563,PUBLISH,7d66ebc6a42644629b5c4f73824c9eb7,68f2d95bd190740cfd6a1ea8,ENQUEUED,0.3615723977628431,questions_in,fifo,uniform,0,0
2025-10-29T14:44:07.720453,PUBLISH,5f7794b121814a21b99223686db2feff,68f2d95bd190740cfd6a3d60,ENQUEUED,0.16713300396971703,questions_in,fifo,uniform,0,0
2025-10-29T14:44:07.891428,PUBLISH,1899b7671158447e89cb4e616278f22e,68f2d95bd190740cfd6a2a80,ENQUEUED,0.16486636107756159,questions_in,fifo,uniform,0,0
2025-10-29T14:44:08.350928,PUBLISH,8b844f38b8a84837ba25c3d213006a7d,68f2d95bd190740cfd6a3733,ENQUEUED,0.45225671032229897,questions_in,fifo,uniform,0,0
2025-10-29T14:44:08.493662,PUBLISH,79524eaa629046bfae10d7463dd515c1,68f2d95bd190740cfd6a4169,ENQUEUED,0.13714051041432654,questions_in,fifo,uniform,0,0
2025-10-29T14:44:08.855607,PUBLISH,d376fbe2f79440e79ec6a2d2d05cda34,68f2d95bd190740cfd6a365f,ENQUEUED,0.3550879938442626,questions_in,fifo,uniform,0,0
2025-10-29T14:44:09.241711,PUBLISH,d2c0a9851e5c412ba00b8bb54c5c5670,68f2d95bd190740cfd6a24a0,ENQUEUED,0.3792171557917875,questions_in,fifo,uniform,0,0
2025-10-29T14:44:09.402279,PUBLISH,6e9f853e37334537ae4656f974d71ac1,68f2d95bd190740cfd6a1e31,ENQUEUED,0.15398701567579295,questions_in,fifo,uniform,0,0
2025-10-29T14:44:09.830634,PUBLISH,9043218b5c6140759091a0d38643c2dd,68f2d95bd190740cfd6a2e53,ENQUEUED,0.4266365447707613,questions_in,fifo,uniform,0,0
2025-10-29T14:44:10.094474,PUBLISH,5b6a9dc9ccbd467d91266626ce18fd85,68f2d95bd190740cfd6a3690,ENQUEUED,0.25791307144057113,questions_in,fifo,uniform,0,0
2025-10-29T14:44:10.204421,PUBLISH,5c3db40f520345278955eef0fb8d30ec,68f2d95bd190740cfd6a253b,ENQUEUED,0.10431206753622209,questions_in,fifo,uniform,0,0
2025-10-29T14:44:10.553309,PUBLISH,659841c3059c47ef8c45ca82d9ef0987,68f2d95bd190740cfd6a29df,ENQUEUED,0.34461470335534417,questions_in,fifo,uniform,0,0
2025-10-29T14:44:10.729118,PUBLISH,dc23204a333d44a09d59fd419a4313dc,68f2d95bd190740cfd6a271b,ENQUEUED,0.16967764964119908,questions_in,fifo,uniform,0,0
2025-10-29T14:44:11.210054,PUBLISH,7a891c36388345d68feecc05eda4ebcb,68f2d95bd190740cfd6a381e,ENQUEUED,0.4734928793057188,questions_in,fifo,uniform,0,0
2025-10-29T14:44:11.710753,PUBLISH,9337daec57504929bcb8fcba142c6c1e,68f2d95bd190740cfd6a41d6,ENQUEUED,0.4988745150664432,questions_in,fifo,uniform,0,0
2025-10-29T14:44:11.916823,PUBLISH,4b77697efa924e17952a139c58371d27,68f2d95bd190740cfd6a2458,ENQUEUED,0.20089465626250616,questions_in,fifo,uniform,0,0
2025-10-29T14:44:12.411240,PUBLISH,c908d600d5d3408d8f9808bfaf46c560,68f2d95bd190740cfd6a41c9,ENQUEUED,0.4861524306494417,questions_in,fifo,uniform,0,0
2025-10-29T14:44:12.653034,PUBLISH,491dfaf46e7a4242b71654f962c30b57,68f2d95bd190740cfd6a3638,ENQUEUED,0.23605846858062224,questions_in,fifo,uniform,0,0
2025-10-29T14:44:12.947731,PUBLISH,0c316ab2e8aa484894871e41c4a9e538,68f2d95bd190740cfd6a20cf,ENQUEUED,0.29144317182623947,questions_in,fifo,uniform,0,0
2025-10-29T14:44:13.400495,PUBLISH,b0efb902f3e044898cfba485f517258c,68f2d95bd190740cfd6a3177,ENQUEUED,0.44652966397927585,questions_in,fifo,uniform,0,0
2025-10-29T14:44:13.764645,PUBLISH,b24f4f3a2b6347fb9b402917b3752948,68f2d95bd190740cfd6a31cd,ENQUEUED,0.35670775129187604,questions_in,fifo,uniform,0,0
2025-10-29T14:44:14.016107,PUBLISH,15ba3dc853154fa7add602b1a6d8902f,68f2d95bd190740cfd6a29eb,ENQUEUED,0.24569798122054576,questions_in,fifo,uniform,0,0
2025-10-29T14:44:14.303719,PUBLISH,8255fa3bce214517b12e44ab7b993fc0,68f2d95bd190740cfd6a3adb,ENQUEUED,0.2808056721978922,questions_in,fifo,uniform,0,0
2025-10-29T14:44:14.737711,PUBLISH,7d142550e413439f863594184077d4f1,68f2d95bd190740cfd6a32e9,ENQUEUED,0.4262323817834809,questions_in,fifo,uniform,0,0
2025-10-29T14:44:15.047267,PUBLISH,0c83f2ddba114589904da06fabac8158,68f2d95bd190740cfd6a35b7,ENQUEUED,0.3029770002703081,questions_in,fifo,uniform,0,0
2025-10-29T14:44:15.257873,PUBLISH,90ecc6aafb67467a8694d012af95eadb,68f2d95bd190740cfd6a37cc,ENQUEUED,0.20417068591699086,questions_in,fifo,uniform,0,0
2025-10-29T14:44:15.434017,PUBLISH,e91d43f15d04466499d8100fa73eb52e,68f2d95bd190740cfd6a1ca7,ENQUEUED,0.1744559848603453,questions_in,fifo,uniform,0,0
2025-10-29T14:44:15.739370,PUBLISH,2080b298976549fd8b2fa24dd8f192aa,68f2d95bd190740cfd6a4184,ENQUEUED,0.29959339068366925,questions_in,fifo,uniform,0,0
2025-10-29T14:44:15.903407,PUBLISH,7e3eb1066b0649c5981cb6d70236868c,68f2d95bd190740cfd6a29a1,ENQUEUED,0.1584998933032858,questions_in,fifo,uniform,0,0
2025-10-29T14:44:16.179726,PUBLISH,e57a6b1933fa456abeee2447e772ac4e,68f2d95bd190740cfd6a2fcd,ENQUEUED,0.27177239104348383,questions_in,fifo,uniform,0,0
2025-10-29T14:44:16.459458,PUBLISH,71dd455f476c4bb08d69963b4949c6ec,68f2d95bd190740cfd6a353c,ENQUEUED,0.2744261945130817,questions_in,fifo,uniform,0,0
2025-10-29T14:44:16.752504,PUBLISH,ddce78edf3fc4ae4bc21aff07ad7ec71,68f2d95bd190740cfd6a28d7,ENQUEUED,0.28764137973061354,questions_in,fifo,uniform,0,0
2025-10-29T14:44:16.864583,PUBLISH,b5a8fd4a82e6429780717aec8a07f131,68f2d95bd190740cfd6a2b51,ENQUEUED,0.10324555243297572,questions_in,fifo,uniform,0,0
2025-10-29T14:44:17.153060,PUBLISH,8a5d7c651dbd434e9e058b4da713ec42,68f2d95bd190740cfd6a377f,ENQUEUED,0.2828754916704712,questions_in,fifo,uniform,0,0
2025-10-29T14:44:17.430289,PUBLISH,0e536fecc69f405bbb7ad22d2441bc3e,68f2d95bd190740cfd6a35af,ENQUEUED,0.27151132276535084,questions_in,fifo,uniform,0,0
2025-10-29T14:44:17.798910,PUBLISH,0d1e45de993f461ba018754b956ee345,68f2d95bd190740cfd6a2b8b,ENQUEUED,0.3598012611826328,questions_in,fifo,uniform,0,0
2025-10-29T14:44:18.074786,PUBLISH,7e394a19b96f44c6934dce3437137f96,68f2d95bd190740cfd6a3b0d,ENQUEUED,0.2701998870230594,questions_in,fifo,uniform,0,0
2025-10-29T14:44:18.532200,PUBLISH,f5e2ff5c86e84cfdb4193e8543932c4a,68f2d95bd190740cfd6a334a,ENQUEUED,0.45224278235445536,questions_in,fifo,uniform,0,0
2025-10-29T14:44:18.725309,PUBLISH,974a5046a3614b718cb66bccf030c9aa,68f2d95bd190740cfd6a32be,ENQUEUED,0.18737063867423365,questions_in,fifo,uniform,0,0
2025-10-29T14:44:19.169184,PUBLISH,cfc9aa45dc394f74bbfc7890456d70c4,68f2d95bd190740cfd6a339f,ENQUEUED,0.43934103487191944,questions_in,fifo,uniform,0,0
2025-10-29T14:44:19.660138,PUBLISH,a40bdaabc710438483d6789691d6ae73,68f2d95bd190740cfd6a2dca,ENQUEUED,0.48916240366655805,questions_in,fifo,uniform,0,0
2025-10-29T14:44:20.006530,PUBLISH,11e0182a506c4203b7cc41f6158337d2,68f2d95bd190740cfd6a28f9,ENQUEUED,0.3397873532125535,questions_in,fifo,uniform,0,0
2025-10-29T14:44:20.144001,PUBLISH,c1f3cd6fdff2494397961281db8dd825,68f2d95bd190740cfd6a3020,ENQUEUED,0.13132615788280178,questions_in,fifo,uniform,0,0
2025-10-29T14:44:20.469722,PUBLISH,89ef644bac0740cea0804d38fc2067a0,68f2d95bd190740cfd6a2b5d,ENQUEUED,0.3202694896640501,questions_in,fifo,uniform,0,0
2025-10-29T14:44:20.891909,PUBLISH,7f36f60690e54917ac5b0ba59a53781a,68f2d95bd190740cfd6a362f,ENQUEUED,0.4197696854248203,questions_in,fifo,uniform,0,0
2025-10-29T14:44:21.113638,PUBLISH,fa14713c19e249e09ba46f7d5da4943f,68f2d95bd190740cfd6a2662,ENQUEUED,0.21623549028491829,questions_in,fifo,uniform,0,0
2025-10-29T14:44:21.230522,PUBLISH,22a07fac678b412e97cfd6e1e5d272af,68f2d95bd190740cfd6a23fe,ENQUEUED,0.1115583926518856,questions_in,fifo,uniform,0,0
2025-10-29T14:44:21.605973,PUBLISH,b04c0fe333f04f03ad2175c117ac76a5,68f2d95bd190740cfd6a39f3,ENQUEUED,0.37378157499010645,questions_in,fifo,uniform,0,0
2025-10-29T14:44:21.988910,PUBLISH,e2b6a99721aa43cd8aabc5788ac64115,68f2d95bd190740cfd6a3a33,ENQUEUED,0.377157113521838,questions_in,fifo,uniform,0,0
2025-10-29T14:44:22.448462,PUBLISH,445393fb9f0d43c88945a5510b68dd17,68f2d95bd190740cfd6a3e87,ENQUEUED,0.4539489443876842,questions_in,fifo,uniform,0,0
2025-10-29T14:44:22.905459,PUBLISH,331f854da9094bf5aac833976dd3113b,68f2d95bd190740cfd6a3e63,ENQUEUED,0.4503340303944723,questions_in,fifo,uniform,0,0
2025-10-29T14:44:23.339847,PUBLISH,1be41dbda6154dbeb8d6f31243a3525d,68f2d95bd190740cfd6a414b,ENQUEUED,0.42874439896142647,questions_in,fifo,uniform,0,0
2025-10-29T14:44:23.508700,PUBLISH,25484e96a0284be78f51aa0f9b9968e3,68f2d95bd190740cfd6a365b,ENQUEUED,0.16315687411177737,questions_in,fifo,uniform,0,0
2025-10-29T14:44:23.932582,PUBLISH,58eb122e167945568076fd93504c5952,68f2d95bd190740cfd6a20e9,ENQUEUED,0.41481052130701423,questions_in,fifo,uniform,0,0
2025-10-29T14:44:24.228173,PUBLISH,71660d1a0a424cf995087a612de5b396,68f2d95bd190740cfd6a1e87,ENQUEUED,0.28931024885064704,questions_in,fifo,uniform,0,0
2025-10-29T14:44:24.342051,PUBLISH,0d25284e55504aa6937ffbed44ce0cb8,68f2d95bd190740cfd6a4172,ENQUEUED,0.10645617941844901,questions_in,fifo,uniform,0,0
2025-10-29T14:44:24.474788,PUBLISH,a86239c3aa3e4a16aa0c80b8e764be5f,68f2d95bd190740cfd6a39ac,ENQUEUED,0.12646316614768824,questions_in,fifo,uniform,0,0
2025-10-29T14:44:24.888032,PUBLISH,816f6aa3ca1249d9a50683bd4c3e7ee0,68f2d95bd190740cfd6a1e73,ENQUEUED,0.4072921164301162,questions_in,fifo,uniform,0,0
2025-10-29T14:44:25.096675,PUBLISH,f1fe10308db74bd2aaf2bef16d411170,68f2d95bd190740cfd6a2f49,ENQUEUED,0.20243086038962496,questions_in,fifo,uniform,0,0
2025-10-29T14:44:25.224544,PUBLISH,da6dd3199a0e4b18881e51e4b5b6ce4f,68f2d95bd190740cfd6a21e1,ENQUEUED,0.12260383740461984,questions_in,fifo,uniform,0,0
2025-10-29T14:44:25.360077,PUBLISH,37dfafedd4be45a8b6e6b22d93115d38,68f2d95bd190740cfd6a22c1,ENQUEUED,0.12976816057370308,questions_in,fifo,uniform,0,0
2025-10-29T14:44:25.688842,PUBLISH,ddbae76ebe8f4a17bf01f21f9ed26fdc,68f2d95bd190740cfd6a1c1f,ENQUEUED,0.32271209561493186,questions_in,fifo,uniform,0,0
2025-10-29T14:44:26.115007,PUBLISH,ee771ef21d804d72b625c622f942fc7b,68f2d95bd190740cfd6a2e57,ENQUEUED,0.4201672961100299,questions_in,fifo,uniform,0,0
2025-10-29T14:44:26.489097,PUBLISH,b7378b5c9452408090921651c08a9c54,68f2d95bd190740cfd6a3942,ENQUEUED,0.36796907327313655,questions_in,fifo,uniform,0,0
2025-10-29T14:44:26.979169,PUBLISH,53c7b58aa809475f9d300fe240d855fe,68f2d95bd190740cfd6a2ae9,ENQUEUED,0.4837803145698719,questions_in,fifo,uniform,0,0
2025-10-29T14:44:27.231900,PUBLISH,6b308ecae74546b3a8aaa930de40b63d,68f2d95bd190740cfd6a2303,ENQUEUED,0.2472385984957385,questions_in,fifo,uniform,0,0
2025-10-29T14:44:27.406535,PUBLISH,8bb06c8a0d7645469ed38e2a53f3ae62,68f2d95bd190740cfd6a3099,ENQUEUED,0.16892506042822508,questions_in,fifo,uniform,0,0
2025-10-29T14:44:27.635317,PUBLISH,bdd1fc3c36bc451ea1526c4964291e99,68f2d95bd190740cfd6a367b,ENQUEUED,0.2234643830601212,questions_in,fifo,uniform,0,0
2025-10-29T14:44:27.850240,PUBLISH,6c98c4c7a57b4d97a3645a37a93095ba,68f2d95bd190740cfd6a1fd7,ENQUEUED,0.2129068546374429,questions_in,fifo,uniform,0,0
2025-10-29T14:44:28.254893,PUBLISH,17ff45b13361439d96515b97a2858616,68f2d95bd190740cfd6a35c4,ENQUEUED,0.39951181448885975,questions_in,fifo,uniform,0,0
2025-10-29T14:44:28.398399,PUBLISH,a1000102d26d41fda78e96ace4768c5f,68f2d95bd190740cfd6a2420,ENQUEUED,0.1374699591615988,questions_in,fifo,uniform,0,0
2025-10-29T14:44:28.607717,PUBLISH,776925efb013437ebe4ab84ce5e60307,68f2d95bd190740cfd6a223f,ENQUEUED,0.20399582304323452,questions_in,fifo,uniform,0,0
2025-10-29T14:44:28.839573,PUBLISH,32836ca7eacb47fb8a3f6b5cebf6493c,68f2d95bd190740cfd6a22d4,ENQUEUED,0.23037478210688034,questions_in,fifo,uniform,0,0
2025-10-29T14:44:29.094125,PUBLISH,3084f60ec7c34033bca768d468a81be0,68f2d95bd190740cfd6a3798,ENQUEUED,0.25323108001360023,questions_in,fifo,uniform,0,0
2025-10-29T14:44:29.575138,PUBLISH,3da3b1f9ac6f45b58a749fb6a07cb341,68f2d95bd190740cfd6a41b9,ENQUEUED,0.4797231220137015,questions_in,fifo,uniform,0,0
2025-10-29T14:44:29.877822,PUBLISH,9c78983550ae4d14a56d7cb263bf4b7c,68f2d95bd190740cfd6a1fff,ENQUEUED,0.29716001340386927,questions_in,fifo,uniform,0,0
2025-10-29T14:44:30.361339,PUBLISH,493c7d3c0d4e4be29491eaa9a2103896,68f2d95bd190740cfd6a288a,ENQUEUED,0.47726235410021356,questions_in,fifo,uniform,0,0
2025-10-29T14:44:30.571895,PUBLISH,1dd4f0dfe3f94aa2aeae268d6ca7d6c4,68f2d95bd190740cfd6a34d4,ENQUEUED,0.2052099790650492,questions_in,fifo,uniform,0,0
2025-10-29T14:44:31.013212,PUBLISH,872b9ab7041443659b03bd593a0bef5d,68f2d95bd190740cfd6a2258,ENQUEUED,0.4397474117184895,questions_in,fifo,uniform,0,0
2025-10-29T14:44:31.517546,PUBLISH,1701959148e54b97b19b4b4219367342,68f2d95bd190740cfd6a1cb3,ENQUEUED,0.49812348236680803,questions_in,fifo,uniform,0,0
2025-10-29T14:44:31.625098,PUBLISH,c411ce329297467587e7003d3f5e311e,68f2d95bd190740cfd6a1db3,ENQUEUED,0.10091249431845016,questions_in,fifo,uniform,0,0
2025-10-29T14:44:32.037283,PUBLISH,b17d5cd555d249fe97512a46386eedcd,68f2d95bd190740cfd6a24ff,ENQUEUED,0.4053614127402039,questions_in,fifo,uniform,0,0
2025-10-29T14:44:32.482761,PUBLISH,f75b043890004b2fa3e6359352fe7c79,68f2d95bd190740cfd6a39ab,ENQUEUED,0.44007783045020776,questions_in,fifo,uniform,0,0
2025-10-29T14:44:32.958220,PUBLISH,8f6bad07bc304ecfbad2d170c0951c4b,68f2d95bd190740cfd6a1ef4,ENQUEUED,0.4698821261346735,questions_in,fifo,uniform,0,0
2025-10-29T14:44:33.319643,PUBLISH,fd9c889319594297ab35c5a5f2782a90,68f2d95bd190740cfd6a2278,ENQUEUED,0.3554815820821451,questions_in,fifo,uniform,0,0
2025-10-29T14:44:33.441426,PUBLISH,56fc9114be9549bf960f3aa3359dbe5e,68f2d95bd190740cfd6a37f0,ENQUEUED,0.11620857330447941,questions_in,fifo,uniform,0,0
2025-10-29T14:44:33.910985,PUBLISH,d95ed363f7274e9ea5de0bac8c4278dd,68f2d95bd190740cfd6a1c13,ENQUEUED,0.4643105514550294,questions_in,fifo,uniform,0,0
2025-10-29T14:44:34.121072,PUBLISH,6b731fd5846d4beb844d95d668cc8051,68f2d95bd190740cfd6a1c35,ENQUEUED,0.20882134515678655,questions_in,fifo,uniform,0,0
2025-10-29T14:44:34.292336,PUBLISH,68384a5cdcb240bdb56ad4f609cc62ce,68f2d95bd190740cfd6a245a,ENQUEUED,0.1660161751116497,questions_in,fifo,uniform,0,0
2025-10-29T14:44:34.746626,PUBLISH,032631379ef54d06b715c28d285ef5f4,68f2d95bd190740cfd6a403e,ENQUEUED,0.4486215605501058,questions_in,fifo,uniform,0,0
2025-10-29T14:44:35.118791,PUBLISH,c2f3e532fbfa4294aeceb5468f5fcfc9,68f2d95bd190740cfd6a2bb4,ENQUEUED,0.36670422044931983,questions_in,fifo,uniform,0,0
2025-10-29T14:44:35.291748,PUBLISH,8398b7d2a2984526a3e21d0f2b86fca2,68f2d95bd190740cfd6a1e46,ENQUEUED,0.1676833407636602,questions_in,fifo,uniform,0,0
2025-10-29T14:44:35.603172,PUBLISH,2b38de53f92d476ca9931abaa70dbf82,68f2d95bd190740cfd6a403b,ENQUEUED,0.30623851730675533,questions_in,fifo,uniform,0,0
2025-10-29T14:44:35.724914,PUBLISH,ec42e0162c584c82bd78b68d9b860ace,68f2d95bd190740cfd6a25b0,ENQUEUED,0.11584960383080928,questions_in,fifo,uniform,0,0
2025-10-29T14:44:35.875325,PUBLISH,5a49ef67630c4fb4b99543c77a405a26,68f2d95bd190740cfd6a21f5,ENQUEUED,0.14414088967396996,questions_in,fifo,uniform,0,0
2025-10-29T14:44:36.110756,PUBLISH,5049d7426580464faf3b882574371358,68f2d95bd190740cfd6a3b67,ENQUEUED,0.23008074343504414,questions_in,fifo,uniform,0,0
2025-10-29T14:44:36.399905,PUBLISH,688f69742ba6402ab8ff171a9fe67c9c,68f2d95bd190740cfd6a380a,ENQUEUED,0.2839726599688668,questions_in,fifo,uniform,0,0
2025-10-29T14:44:36.603466,PUBLISH,23980c773e6546aa908a0ede1e671c5c,68f2d95bd190740cfd6a1ef1,ENQUEUED,0.1980185220939785,questions_in,fifo,uniform,0,0
2025-10-29T14:44:37.096321,PUBLISH,729bc8aa02f144e1bd2aa977bf52bce7,68f2d95bd190740cfd6a3675,ENQUEUED,0.49059372657125677,questions_in,fifo,uniform,0,0
2025-10-29T14:44:37.221052,PUBLISH,1829ffb839284a73977984c8c437a38d,68f2d95bd190740cfd6a1f1f,ENQUEUED,0.11862876012902013,questions_in,fifo,uniform,0,0
2025-10-29T14:44:37.720667,PUBLISH,44da331b3d1b4400b06892b3dacc63cf,68f2d95bd190740cfd6a1caf,ENQUEUED,0.4930443902994591,questions_in,fifo,uniform,0,0
2025-10-29T14:44:37.841657,PUBLISH,57f5f0ee1c654e9188e90e1df1abb62b,68f2d95bd190740cfd6a24c8,ENQUEUED,0.1153921137759336,questions_in,fifo,uniform,0,0
2025-10-29T14:44:38.092759,PUBLISH,2cbc61a435ca4abbb83ffa4e96db1f94,68f2d95bd190740cfd6a2272,ENQUEUED,0.24491124035538783,questions_in,fifo,uniform,0,0
2025-10-29T14:44:38.469075,PUBLISH,1b426e2370ea47b0a5747986d5e60ae6,68f2d95bd190740cfd6a35d1,ENQUEUED,0.37092551424141484,questions_in,fifo,uniform,0,0
2025-10-29T14:44:38.838864,PUBLISH,538c7fa298f14263af24753cf56ea43e,68f2d95bd190740cfd6a39e6,ENQUEUED,0.36401071312390065,questions_in,fifo,uniform,0,0
2025-10-29T14:44:39.135907,PUBLISH,f3e90ca5ecaf4b148353e979b8207bda,68f2d95bd190740cfd6a3815,ENQUEUED,0.29148504172102996,questions_in,fifo,uniform,0,0
2025-10-29T14:44:39.545028,PUBLISH,aeeeba5efb064dc0a950a76af71c2afd,68f2d95bd190740cfd6a2094,ENQUEUED,0.40225771214897477,questions_in,fifo,uniform,0,0
2025-10-29T14:44:39.801681,PUBLISH,0e0cfec799fc4b06bf10fc8e0389caef,68f2d95bd190740cfd6a2545,ENQUEUED,0.25115430536789396,questions_in,fifo,uniform,0,0
2025-10-29T14:44:40.058614,PUBLISH,429424ca04464f3d8a928619fa6dc6b5,68f2d95bd190740cfd6a3675,ENQUEUED,0.2514409619860336,questions_in,fifo,uniform,0,0
2025-10-29T14:44:40.507648,PUBLISH,4370cb74e06945abbbcfc56124c40931,68f2d95bd190740cfd6a1b1f,ENQUEUED,0.4473822072442405,questions_in,fifo,uniform,0,0
2025-10-29T14:44:40.639889,PUBLISH,1758808c1d514a9ab3189e89a13b6680,68f2d95bd190740cfd6a3882,ENQUEUED,0.1268912943206273,questions_in,fifo,uniform,0,0
2025-10-29T14:44:40.834062,PUBLISH,9813e1e1a62348e09e8b612ce0c7f955,68f2d95bd190740cfd6a3832,ENQUEUED,0.187606452284083,questions_in,fifo,uniform,0,0
2025-10-29T14:44:41.050471,PUBLISH,3c4cc4a4fb7d441ca28f620e80897634,68f2d95bd190740cfd6a3f38,ENQUEUED,0.2106267303368727,questions_in,fifo,uniform,0,0
2025-10-29T14:44:41.190100,PUBLISH,075f1ea8253d491e89d27a830543d9ee,68f2d95bd190740cfd6a1e47,ENQUEUED,0.13385514655930378,questions_in,fifo,uniform,0,0
2025-10-29T14:44:41.662350,PUBLISH,fbac3107d91b4dd7b409e9d73105c8ba,68f2d95bd190740cfd6a3b02,ENQUEUED,0.466936779986339,questions_in,fifo,uniform,0,0
2025-10-29T14:44:42.013797,PUBLISH,a78d860f2372469cb8713d06ec20e1bb,68f2d95bd190740cfd6a296f,ENQUEUED,0.3460051845533792,questions_in,fifo,uniform,0,0
2025-10-29T14:44:42.274469,PUBLISH,3dcab43811a74469b8cbf33a24898459,68f2d95bd190740cfd6a21f9,ENQUEUED,0.2560884866572135,questions_in,fifo,uniform,0,0
2025-10-29T14:44:42.493925,PUBLISH,d2f24a98d6c4403ebddc78b108bc2a8f,68f2d95bd190740cfd6a3798,ENQUEUED,0.21413061359089203,questions_in,fifo,uniform,0,0
2025-10-29T14:44:42.808697,PUBLISH,24002436ead04c62a02df2acafa14287,68f2d95bd190740cfd6a2dd1,ENQUEUED,0.30907001072430573,questions_in,fifo,uniform,0,0
2025-10-29T14:44:43.140515,PUBLISH,8b4a42c8fd2c44878c917d3cce0710c6,68f2d95bd190740cfd6a4198,ENQUEUED,0.32572142923713665,questions_in,fifo,uniform,0,0
2025-10-29T14:44:43.533174,PUBLISH,6c238a6b3fb243709e71aee3cd939f83,68f2d95bd190740cfd6a2a3a,ENQUEUED,0.38659874725891885,questions_in,fifo,uniform,0,0
2025-10-29T14:44:43.840576,PUBLISH,0c29860238eb4abcabc5bcf2fa1902e0,68f2d95bd190740cfd6a369e,ENQUEUED,0.30110585310877014,questions_in,fifo,uniform,0,0
2025-10-29T14:44:44.203925,PUBLISH,38ef1103ef334610bf8e6684ef084930,68f2d95bd190740cfd6a33c2,ENQUEUED,0.3574068701537916,questions_in,fifo,uniform,0,0
2025-10-29T14:44:44.692849,PUBLISH,f2e78518ceaa45e881c3bf0d8eca440b,68f2d95bd190740cfd6a1daa,ENQUEUED,0.4864886769455935,questions_in,fifo,uniform,0,0
2025-10-29T14:44:45.179540,PUBLISH,cdcee637f0ea41a8b0f6e00679063e1a,68f2d95bd190740cfd6a4162,ENQUEUED,0.48100964709973437,questions_in,fifo,uniform,0,0
2025-10-29T14:44:45.487049,PUBLISH,0e94255e1ca843fe9f3952e66dcd42f3,68f2d95bd190740cfd6a23b7,ENQUEUED,0.30164323276231453,questions_in,fifo,uniform,0,0
2025-10-29T14:44:45.702554,PUBLISH,f42d2cadf03947c28db4ee8a725ba314,68f2d95bd190740cfd6a3291,ENQUEUED,0.21007815391051193,questions_in,fifo,uniform,0,0
2025-10-29T14:44:45.810365,PUBLISH,f006449e463f43229fe65c841fa07af7,68f2d95bd190740cfd6a25be,ENQUEUED,0.10207931666734354,questions_in,fifo,uniform,0,0
2025-10-29T14:44:46.304511,PUBLISH,8a8ed59eba304c0483473220558b2f8d,68f2d95bd190740cfd6a1ad7,ENQUEUED,0.4878968997543893,questions_in,fifo,uniform,0,0
2025-10-29T14:44:46.721850,PUBLISH,05160ff3023d49afae4737eaa5c7cd03,68f2d95bd190740cfd6a35d5,ENQUEUED,0.4110440131436247,questions_in,fifo,uniform,0,0
2025-10-29T14:44:46.860721,PUBLISH,4a042d6af0704aed8082ed507b68a183,68f2d95bd190740cfd6a2fde,ENQUEUED,0.13128038236961015,questions_in,fifo,uniform,0,0
2025-10-29T14:44:47.115676,PUBLISH,27cc2753e2984a23b9b2b9fec1133a59,68f2d95bd190740cfd6a2969,ENQUEUED,0.24909733458181316,questions_in,fifo,uniform,0,0
2025-10-29T14:44:47.544241,PUBLISH,f93ad3607c954fd6bcdfea767df222ea,68f2d95bd190740cfd6a345e,ENQUEUED,0.4232856498890304,questions_in,fifo,uniform,0,0
2025-10-29T14:44:47.847158,PUBLISH,f9c8fa1084ea4da4bc33d43bf34677f2,68f2d95bd190740cfd6a4139,ENQUEUED,0.3016535722860377,questions_in,fifo,uniform,0,0
2025-10-29T14:44:48.230030,PUBLISH,7bf17ae93def41f8b1b855187bf769c3,68f2d95bd190740cfd6a3bdf,ENQUEUED,0.3772613664581995,questions_in,fifo,uniform,0,0
2025-10-29T14:44:48.394366,PUBLISH,cc6ce7934a3942efbd13330007bd7375,68f2d95bd190740cfd6a40aa,ENQUEUED,0.15907125905064926,questions_in,fifo,uniform,0,0
2025-10-29T14:44:48.777547,PUBLISH,c17e5b9c828f4067a78b94441c7a36c7,68f2d95bd190740cfd6a3362,ENQUEUED,0.3757106322031015,questions_in,fifo,uniform,0,0
2025-10-29T14:44:48.901738,PUBLISH,c17f14d52e2b4058a72bbd9fc3dfdc5a,68f2d95bd190740cfd6a20cb,ENQUEUED,0.11690416439411866,questions_in,fifo,uniform,0,0
2025-10-29T14:44:49.264003,PUBLISH,9de551b6b04848dabab2f1c55781d03c,68f2d95bd190740cfd6a3c32,ENQUEUED,0.3554862600240799,questions_in,fifo,uniform,0,0
2025-10-29T14:44:49.540858,PUBLISH,1e3aa805d6fc40ebbd90e826a3270a79,68f2d95bd190740cfd6a306b,ENQUEUED,0.27116890368188085,questions_in,fifo,uniform,0,0
2025-10-29T14:44:49.662661,PUBLISH,790f1823996742a58bb91665779db757,68f2d95bd190740cfd6a3584,ENQUEUED,0.12033585971783323,questions_in,fifo,uniform,0,0
2025-10-29T14:44:49.955647,PUBLISH,50a8652a56a04294be92e8030a37e6c4,68f2d95bd190740cfd6a2a6b,ENQUEUED,0.2875468427914185,questions_in,fifo,uniform,0,0
2025-10-29T14:44:50.412229,PUBLISH,acc35d4365204152b7e775d458e4df63,68f2d95bd190740cfd6a29df,ENQUEUED,0.4508182683306958,questions_in,fifo,uniform,0,0
2025-10-29T14:44:50.762297,PUBLISH,c9f072154a3b41c9810c88638f4702a9,68f2d95bd190740cfd6a2327,ENQUEUED,0.3432821770641663,questions_in,fifo,uniform,0,0
2025-10-29T14:44:51.253348,PUBLISH,2bfb8ff06eaf491883281ade99d6a1ce,68f2d95bd190740cfd6a2605,ENQUEUED,0.4857278045128931,questions_in,fifo,uniform,0,0
2025-10-29T14:44:51.410073,PUBLISH,fbf42dd85f4a404c8ebc09a13c7363cd,68f2d95bd190740cfd6a3340,ENQUEUED,0.1516423585522757,questions_in,fifo,uniform,0,0
2025-10-29T14:44:51.910912,PUBLISH,83cadc04f0444487839db83b6510e144,68f2d95bd190740cfd6a313a,ENQUEUED,0.4949570046838021,questions_in,fifo,uniform,0,0
2025-10-29T14:44:52.216106,PUBLISH,59f0973f31f94252a151634f6969cb8d,68f2d95bd190740cfd6a2402,ENQUEUED,0.2996809977553857,questions_in,fifo,uniform,0,0
2025-10-29T14:44:52.599807,PUBLISH,b3b38367ce6c43e195a4dec6dad38056,68f2d95bd190740cfd6a39c7,ENQUEUED,0.3767982621404157,questions_in,fifo,uniform,0,0
2025-10-29T14:44:53.060565,PUBLISH,e7f8ff19f78d4abaa9d5bd1f84cd3a5c,68f2d95bd190740cfd6a3ea2,ENQUEUED,0.4550289233737269,questions_in,fifo,uniform,0,0
2025-10-29T14:44:53.416746,PUBLISH,540c410b0c324e85b7d85bbfc321da6f,68f2d95bd190740cfd6a2cee,ENQUEUED,0.35035089537915876,questions_in,fifo,uniform,0,0
2025-10-29T14:44:53.541753,PUBLISH,1184b0243faf40be8a19f7d0227c7b9e,68f2d95bd190740cfd6a3333,ENQUEUED,0.11978076880077802,questions_in,fifo,uniform,0,0
2025-10-29T14:44:54.044024,PUBLISH,54e1cbc505b64dc5a31ab66a5b9dc5fe,68f2d95bd190740cfd6a2955,ENQUEUED,0.4966953319276075,questions_in,fifo,uniform,0,0
2025-10-29T14:44:54.376610,PUBLISH,b3b39126fe814c88b70f7ba9992580c8,68f2d95bd190740cfd6a1fb6,ENQUEUED,0.3291032670877443,questions_in,fifo,uniform,0,0
2025-10-29T14:44:54.805841,PUBLISH,f7f967eb198c49eca74e562f9e40a72a,68f2d95bd190740cfd6a2a04,ENQUEUED,0.42396674093622344,questions_in,fifo,uniform,0,0
2025-10-29T14:44:55.158826,PUBLISH,f390d99b6e8e4610ad5a1c28d0f3a51e,68f2d95bd190740cfd6a24e0,ENQUEUED,0.3477379668847982,questions_in,fifo,uniform,0,0
2025-10-29T14:44:55.303043,PUBLISH,d3b458abc9d7411b8b6988ab2b21dd77,68f2d95bd190740cfd6a3ee0,ENQUEUED,0.13912122745535482,questions_in,fifo,uniform,0,0
2025-10-29T14:44:55.666075,PUBLISH,c0f4ac8681304cc28527ee5ca841aeaa,68f2d95bd190740cfd6a3a6c,ENQUEUED,0.35762371393443526,questions_in,fifo,uniform,0,0
2025-10-29T14:44:56.057793,PUBLISH,2a2a345f87944517aa81965d4c295d85,68f2d95bd190740cfd6a3f14,ENQUEUED,0.38962456541194,questions_in,fifo,uniform,0,0
2025-10-29T14:44:56.336019,PUBLISH,b02af5fad0fb481ebf95862f2273c48a,68f2d95bd190740cfd6a3b4c,ENQUEUED,0.2722901115735504,questions_in,fifo,uniform,0,0
2025-10-29T14:44:56.452502,PUBLISH,bb712b80a80343e2bc3acba437c78472,68f2d95bd190740cfd6a2790,ENQUEUED,0.1112351990623055,questions_in,fifo,uniform,0,0
2025-10-29T14:44:56.771488,PUBLISH,a9b7b4b5cd9e4ab8acd08958c4a22aa6,68f2d95bd190740cfd6a1c7d,ENQUEUED,0.31270444628304384,questions_in,fifo,uniform,0,0
2025-10-29T14:44:56.955936,PUBLISH,caacb097fadb48b0b4a38401054d5cb6,68f2d95bd190740cfd6a1ee4,ENQUEUED,0.1778332790037026,questions_in,fifo,uniform,0,0
2025-10-29T14:44:57.085339,PUBLISH,0ca4925270a04edc94a2134c428986af,68f2d95bd190740cfd6a3213,ENQUEUED,0.12402038995331002,questions_in,fifo,uniform,0,0
2025-10-29T14:44:57.405203,PUBLISH,c9e3c0fde7bf41ecabb8994f0a0d6f1e,68f2d95bd190740cfd6a31a6,ENQUEUED,0.3185314577984378,questions_in,fifo,uniform,0,0
2025-10-29T14:44:57.860858,PUBLISH,fb33c4976285490a96d1221fa8c44623,68f2d95bd190740cfd6a3918,ENQUEUED,0.4492397028993822,questions_in,fifo,uniform,0,0
2025-10-29T14:44:58.211294,PUBLISH,42615836d5d44cb8ba5dc56f41aa5dad,68f2d95bd190740cfd6a1f16,ENQUEUED,0.34414397308445444,questions_in,fifo,uniform,0,0
2025-10-29T14:44:58.449246,PUBLISH,eab5704152a243ff831a9abfb2f3dd2f,68f2d95bd190740cfd6a20c5,ENQUEUED,0.23232598912387578,questions_in,fifo,uniform,0,0
2025-10-29T14:44:58.766740,PUBLISH,75f289ffe8704f008249387671e98212,68f2d95bd190740cfd6a381d,ENQUEUED,0.31167821215252467,questions_in,fifo,uniform,0,0
2025-10-29T14:44:58.956640,PUBLISH,73522c50d1a545a296476b73f32ac723,68f2d95bd190740cfd6a2b2b,ENQUEUED,0.18830535003195423,questions_in,fifo,uniform,0,0
2025-10-29T14:44:59.259268,PUBLISH,5cc1d833745a44ffab21bb9f10e2f8c1,68f2d95bd190740cfd6a2df2,ENQUEUED,0.29717977442324034,questions_in,fifo,uniform,0,0
2025-10-29T14:44:59.561909,PUBLISH,598fe0792c6a41b1b8333f50a00a4f78,68f2d95bd190740cfd6a32de,ENQUEUED,0.297103188538666,questions_in,fifo,uniform,0,0
2025-10-29T14:44:59.758905,PUBLISH,04349a0a814c4990b69968a89e44069c,68f2d95bd190740cfd6a1ad5,ENQUEUED,0.19105439609059702,questions_in,fifo,uniform,0,0
2025-10-29T14:44:59.979521,PUBLISH,4332d5240bec44b7b3550edb3d39037c,68f2d95bd190740cfd6a3323,ENQUEUED,0.2145011078826602,questions_in,fifo,uniform,0,0
2025-10-29T14:45:00.137539,PUBLISH,76f654ce51dc489d875c65b1e0bb75b2,68f2d95bd190740cfd6a2713,ENQUEUED,0.15215998194775338,questions_in,fifo,uniform,0,0
2025-10-29T14:45:00.439273,PUBLISH,381e9e2558624294b3065fd1be4d4fd1,68f2d95bd190740cfd6a262b,ENQUEUED,0.2960620137716168,questions_in,fifo,uniform,0,0
2025-10-29T14:45:00.875570,PUBLISH,ced95f4940ff4731994294e9b292f9f4,68f2d95bd190740cfd6a1c7a,ENQUEUED,0.43021485680999394,questions_in,fifo,uniform,0,0
2025-10-29T14:45:00.994144,PUBLISH,2fd48a218bc0453a8029277cdd73dbdf,68f2d95bd190740cfd6a2d1d,ENQUEUED,0.11260596383148194,questions_in,fifo,uniform,0,0
2025-10-29T14:45:01.341572,PUBLISH,c1d196b11fb34f03942c27e10901c646,68f2d95bd190740cfd6a2ece,ENQUEUED,0.3409102552693126,questions_in,fifo,uniform,0,0
2025-10-29T14:45:01.492882,PUBLISH,f70faf0f7f554b65a7d21c177d43d4e0,68f2d95bd190740cfd6a3d58,ENQUEUED,0.14421556705679756,questions_in,fifo,uniform,0,0
2025-10-29T14:45:01.883934,PUBLISH,bab6208bcec84796bfa4e73a1511ffe6,68f2d95bd190740cfd6a2db4,ENQUEUED,0.38455780025071096,questions_in,fifo,uniform,0,0
2025-10-29T14:45:02.101868,PUBLISH,fb672f80c08e4ffbb8be5171c73e43cc,68f2d95bd190740cfd6a25e2,ENQUEUED,0.21609565627478144,questions_in,fifo,uniform,0,0
2025-10-29T14:45:02.413027,PUBLISH,f3318ee5dcc343f59ae6d217164372ff,68f2d95bd190740cfd6a2997,ENQUEUED,0.305989751810953,questions_in,fifo,uniform,0,0
2025-10-29T14:45:02.719127,PUBLISH,8e4e42f85a1b43ffb0aa644b6544bcf3,68f2d95bd190740cfd6a29a7,ENQUEUED,0.3002030300643612,questions_in,fifo,uniform,0,0
2025-10-29T14:45:02.985627,PUBLISH,4b2f3a16274e4a31ae13ef3be8744ae3,68f2d95bd190740cfd6a26f8,ENQUEUED,0.26008749903314765,questions_in,fifo,uniform,0,0
2025-10-29T14:45:03.225426,PUBLISH,5ce400c3ab1948bfbd63b56cc2b9542a,68f2d95bd190740cfd6a3657,ENQUEUED,0.23439084810174507,questions_in,fifo,uniform,0,0
2025-10-29T14:45:03.358951,PUBLISH,c6b17b6259fa491a99a1a2c3a30e4b75,68f2d95bd190740cfd6a2e72,ENQUEUED,0.12812278181828712,questions_in,fifo,uniform,0,0
2025-10-29T14:45:03.690039,PUBLISH,6d42dc7de4144d528625429f23b1996a,68f2d95bd190740cfd6a3bbf,ENQUEUED,0.3260853830287528,questions_in,fifo,uniform,0,0
2025-10-29T14:45:04.172380,PUBLISH,b9a2024a895b479da4e6578d3f1208bb,68f2d95bd190740cfd6a3f09,ENQUEUED,0.4767500911531012,questions_in,fifo,uniform,0,0
2025-10-29T14:45:04.535795,PUBLISH,2ea7b0a907fd48729f5730fe22f6b370,68f2d95bd190740cfd6a3caa,ENQUEUED,0.35782814777689287,questions_in,fifo,uniform,0,0
2025-10-29T14:45:04.951796,PUBLISH,d3020b67264b4cfeaee34786861fba23,68f2d95bd190740cfd6a3112,ENQUEUED,0.410550289382281,questions_in,fifo,uniform,0,0
2025-10-29T14:45:05.111189,PUBLISH,035d91883d404918a72a64af6ec5a526,68f2d95bd190740cfd6a2e5e,ENQUEUED,0.15307818264384446,questions_in,fifo,uniform,0,0
2025-10-29T14:45:05.573748,PUBLISH,7f3041aa015c4876abaa087c00e4db0b,68f2d95bd190740cfd6a3cc7,ENQUEUED,0.45697532369867877,questions_in,fifo,uniform,0,0
2025-10-29T14:45:05.936951,PUBLISH,4b6bc02a66474eeda7a4d3b77567b6fc,68f2d95bd190740cfd6a36e4,ENQUEUED,0.35737377070608567,questions_in,fifo,uniform,0,0
2025-10-29T14:45:06.169698,PUBLISH,8780f4bc68544b78bfba478e1bd6da40,68f2d95bd190740cfd6a3aa4,ENQUEUED,0.22720235258194085,questions_in,fifo,uniform,0,0
2025-10-29T14:45:06.520388,PUBLISH,0cca400392844c6a902a2508af5825c7,68f2d95bd190740cfd6a2a02,ENQUEUED,0.345083894723079,questions_in,fifo,uniform,0,0
2025-10-29T14:45:06.906752,PUBLISH,5b631285505c4f1eb01da3b2a11b84cd,68f2d95bd190740cfd6a3701,ENQUEUED,0.37885585816823764,questions_in,fifo,uniform,0,0
2025-10-29T14:45:07.184932,PUBLISH,ece87ff5351f4a39b0c93066aef49a36,68f2d95bd190740cfd6a1dbe,ENQUEUED,0.2724934952435629,questions_in,fifo,uniform,0,0
2025-10-29T14:45:07.398122,PUBLISH,e3d2d35aca0a49ea9b7cc796d121056d,68f2d95bd190740cfd6a2ad9,ENQUEUED,0.20667193179502819,questions_in,fifo,uniform,0,0
2025-10-29T14:45:07.721050,PUBLISH,81d0e11183a042d38ee6cb2c3cbad1a4,68f2d95bd190740cfd6a2072,ENQUEUED,0.3173594157497517,questions_in,fifo,uniform,0,0
2025-10-29T14:45:07.848629,PUBLISH,934e49b685bb40b9aa898b8bbc5029c2,68f2d95bd190740cfd6a1fce,ENQUEUED,0.12131006779094444,questions_in,fifo,uniform,0,0
2025-10-29T14:45:08.257560,PUBLISH,e800211bcda14b198d536233c5c0df33,68f2d95bd190740cfd6a3705,ENQUEUED,0.40183170304959837,questions_in,fifo,uniform,0,0
2025-10-29T14:45:08.620811,PUBLISH,839ca2bf4ed4442a895831b842eb5fe2,68f2d95bd190740cfd6a3980,ENQUEUED,0.35746116594647337,questions_in,fifo,uniform,0,0
2025-10-29T14:45:08.832704,PUBLISH,fcaf72a821054041bbb09005591c4e92,68f2d95bd190740cfd6a38aa,ENQUEUED,0.20641518221915223,questions_in,fifo,uniform,0,0
2025-10-29T14:45:09.295184,PUBLISH,1a5f7bfddb254812856f0f339f3c86de,68f2d95bd190740cfd6a1ea6,ENQUEUED,0.4565713687786882,questions_in,fifo,uniform,0,0
2025-10-29T14:45:09.747181,PUBLISH,7991a965d7d1412e8e5ed1c4b916c542,68f2d95bd190740cfd6a2b93,ENQUEUED,0.45022763196948057,questions_in,fifo,uniform,0,0
2025-10-29T14:45:10.249757,PUBLISH,6949a6c3e27a444589472f03d448eb02,68f2d95bd190740cfd6a2714,ENQUEUED,0.4949667022457098,questions_in,fifo,uniform,0,0
2025-10-29T14:45:10.490768,PUBLISH,96d997928d094955b8f8a5d7b2e0106a,68f2d95bd190740cfd6a32ba,ENQUEUED,0.235460140556568,questions_in,fifo,uniform,0,0
2025-10-29T14:45:10.860825,PUBLISH,0ed001e9bf1444ee964ddffc002227a4,68f2d95bd190740cfd6a2708,ENQUEUED,0.3640489932688372,questions_in,fifo,uniform,0,0
2025-10-29T14:45:10.976692,PUBLISH,69b0bbc6aa994055b8e6b40336d84aa4,68f2d95bd190740cfd6a207a,ENQUEUED,0.1103841382156928,questions_in,fifo,uniform,0,0
2025-10-29T14:45:11.439193,PUBLISH,cb93167e60a840b58c3ddabc702e719c,68f2d95bd190740cfd6a3f13,ENQUEUED,0.4611351152151558,questions_in,fifo,uniform,0,0
2025-10-29T14:45:11.588043,PUBLISH,8727295c059e41ecabcbc555bcd04407,68f2d95bd190740cfd6a3ba8,ENQUEUED,0.14156314185059352,questions_in,fifo,uniform,0,0
2025-10-29T14:45:11.919394,PUBLISH,f1c1481de5844f7f999a91953f08d526,68f2d95bd190740cfd6a3ee7,ENQUEUED,0.3259196222407724,questions_in,fifo,uniform,0,0
2025-10-29T14:45:12.271346,PUBLISH,0da6598c9b5544059413ba2abf22e7df,68f2d95bd190740cfd6a213e,ENQUEUED,0.3466791517735843,questions_in,fifo,uniform,0,0
2025-10-29T14:45:12.507044,PUBLISH,7cca504724ca44d783914689345aec6f,68f2d95bd190740cfd6a26d3,ENQUEUED,0.2300728628629455,questions_in,fifo,uniform,0,0
2025-10-29T14:45:12.875031,PUBLISH,a40e6b64be1446e7a93afcc24a24d717,68f2d95bd190740cfd6a2a93,ENQUEUED,0.36125649039790897,questions_in,fifo,uniform,0,0
2025-10-29T14:45:13.240192,PUBLISH,474984e573244a19b35eb5acfaad8745,68f2d95bd190740cfd6a1dad,ENQUEUED,0.35977905427921897,questions_in,fifo,uniform,0,0
2025-10-29T14:45:13.532178,PUBLISH,c830ae120cf740d595eaefa115b09c59,68f2d95bd190740cfd6a2b7a,ENQUEUED,0.2864195092893771,questions_in,fifo,uniform,0,0
2025-10-29T14:45:13.904871,PUBLISH,d8509cb37b854379bba32bf0261bf499,68f2d95bd190740cfd6a2ab4,ENQUEUED,0.3669767980069789,questions_in,fifo,uniform,0,0
2025-10-29T14:45:14.245311,PUBLISH,1b094f26fb9f40ac87b0ef70cfcea9da,68f2d95bd190740cfd6a2177,ENQUEUED,0.33479080241988557,questions_in,fifo,uniform,0,0
2025-10-29T14:45:14.387718,PUBLISH,514f1a21bc184f82acc6dc2e4d099cda,68f2d95bd190740cfd6a3672,ENQUEUED,0.13844779243589916,questions_in,fifo,uniform,0,0
2025-10-29T14:45:14.808349,PUBLISH,4bb5f99a99de4ca4ac4cc797a572cd95,68f2d95bd190740cfd6a2d20,ENQUEUED,0.4190434790556191,questions_in,fifo,uniform,0,0
2025-10-29T14:45:15.027305,PUBLISH,a3271979cda747dbada5ab1617659ed2,68f2d95bd190740cfd6a2fdc,ENQUEUED,0.2137033439594372,questions_in,fifo,uniform,0,0
2025-10-29T14:45:15.486094,PUBLISH,c5827af59ee34974a9b456e64d8b14c3,68f2d95bd190740cfd6a25db,ENQUEUED,0.4531549289232719,questions_in,fifo,uniform,0,0
2025-10-29T14:45:15.720513,PUBLISH,4ae6de90dbdc4783b7b450999175f51b,68f2d95bd190740cfd6a25b4,ENQUEUED,0.2287436855893793,questions_in,fifo,uniform,0,0
2025-10-29T14:45:15.905837,PUBLISH,dcb2275a10fb48a5ba2419fea81a4c10,68f2d95bd190740cfd6a28d6,ENQUEUED,0.17987170235495653,questions_in,fifo,uniform,0,0
2025-10-29T14:45:16.018047,PUBLISH,f9b23eac312044f885d8356ab8d59ef1,68f2d95bd190740cfd6a25a3,ENQUEUED,0.11057106875432919,questions_in,fifo,uniform,0,0
2025-10-29T14:45:16.240941,PUBLISH,c9592712a2174b90ad9328e32e52a519,68f2d95bd190740cfd6a37ef,ENQUEUED,0.22150772925039275,questions_in,fifo,uniform,0,0
2025-10-29T14:45:16.719923,PUBLISH,67ad570d610b4a0c8939d01e853d1a22,68f2d95bd190740cfd6a38f8,ENQUEUED,0.47131312710769835,questions_in,fifo,uniform,0,0
2025-10-29T14:45:17.055034,PUBLISH,ff004c1f8eec418194e42eb6a5392594,68f2d95bd190740cfd6a241a,ENQUEUED,0.32936051589433524,questions_in,fifo,uniform,0,0
2025-10-29T14:45:17.463538,PUBLISH,c794be030098421795abbb85d44cad69,68f2d95bd190740cfd6a23d4,ENQUEUED,0.40292556971345583,questions_in,fifo,uniform,0,0
2025-10-29T14:45:17.827517,PUBLISH,3a83726c0e8b44c19258c2b26c822695,68f2d95bd190740cfd6a29b6,ENQUEUED,0.35741433995675365,questions_in,fifo,uniform,0,0
2025-10-29T14:45:18.238048,PUBLISH,9e063a7f498a4ee9b89d911ed29bbb48,68f2d95bd190740cfd6a2a8f,ENQUEUED,0.4037631576401115,questions_in,fifo,uniform,0,0
2025-10-29T14:45:18.488269,PUBLISH,9fb99fadfb97423d9533d37e09cb426c,68f2d95bd190740cfd6a238d,ENQUEUED,0.24323702995446667,questions_in,fifo,uniform,0,0
2025-10-29T14:45:18.872020,PUBLISH,329e4c1ea4594caeae73d6ce82e572c0,68f2d95bd190740cfd6a29f8,ENQUEUED,0.37776361377301415,questions_in,fifo,uniform,0,0
2025-10-29T14:45:19.131705,PUBLISH,d77a52395eba473bb723682d3b2335bb,68f2d95bd190740cfd6a2c4d,ENQUEUED,0.2525047204192189,questions_in,fifo,uniform,0,0
2025-10-29T14:45:19.381152,PUBLISH,20ec19f01f974d42a932693afe98566b,68f2d95bd190740cfd6a3a3c,ENQUEUED,0.24778456016844985,questions_in,fifo,uniform,0,0
2025-10-29T14:45:19.694448,PUBLISH,bb71e4822a4845c1a4fe353376481c5b,68f2d95bd190740cfd6a3ee1,ENQUEUED,0.30807574093773504,questions_in,fifo,uniform,0,0
2025-10-29T14:45:19.933566,PUBLISH,3fb4ef12d96f420d961020f4e7f748b7,68f2d95bd190740cfd6a34d1,ENQUEUED,0.23372712664687076,questions_in,fifo,uniform,0,0
2025-10-29T14:45:20.098824,PUBLISH,f755b7cc8cfe4152b64c2fd791ec45d5,68f2d95bd190740cfd6a1e5b,ENQUEUED,0.15982011530084145,questions_in,fifo,uniform,0,0
2025-10-29T14:45:20.401931,PUBLISH,363b278d48294b99ac6a1975ea301331,68f2d95bd190740cfd6a1b59,ENQUEUED,0.297691979922195,questions_in,fifo,uniform,0,0
2025-10-29T14:45:20.737787,PUBLISH,896ba3f23d1448d19a6c1ef2123439e5,68f2d95bd190740cfd6a2f0b,ENQUEUED,0.3303123962183948,questions_in,fifo,uniform,0,0
2025-10-29T14:45:21.089047,PUBLISH,d7a08f9974d0496aa1f22f52e2907c17,68f2d95bd190740cfd6a3956,ENQUEUED,0.3494200244658703,questions_in,fifo,uniform,0,0
2025-10-29T14:45:21.370935,PUBLISH,d83b61a1cb984f37b53a7f4c15fec541,68f2d95bd190740cfd6a3bf8,ENQUEUED,0.2751290997750703,questions_in,fifo,uniform,0,0
2025-10-29T14:45:21.704775,PUBLISH,7fde5bfec4224848b04e8d4ee03b37e7,68f2d95bd190740cfd6a3129,ENQUEUED,0.3274586651659174,questions_in,fifo,uniform,0,0
2025-10-29T14:45:21.813032,PUBLISH,7a618d549c8c46498a103172961fda0c,68f2d95bd190740cfd6a27ed,ENQUEUED,0.10216880071490225,questions_in,fifo,uniform,0,0
2025-10-29T14:45:21.927467,PUBLISH,72cc6a4a38f74d9cb93a2b5be58332b9,68f2d95bd190740cfd6a40cc,ENQUEUED,0.10874749560210564,questions_in,fifo,uniform,0,0
2025-10-29T14:45:22.144037,PUBLISH,c643af198b6d4131a35e1a2756b93dd1,68f2d95bd190740cfd6a362f,ENQUEUED,0.2107955453650822,questions_in,fifo,uniform,0,0
2025-10-29T14:45:22.393052,PUBLISH,cdc52a4fb8054ca5b2addefc25a4ccd0,68f2d95bd190740cfd6a34cd,ENQUEUED,0.24705200619162118,questions_in,fifo,uniform,0,0
2025-10-29T14:45:22.637583,PUBLISH,b1fea0d8e1dc4cc5aed5e04a7a9baf6c,68f2d95bd190740cfd6a26b1,ENQUEUED,0.23863167360654805,questions_in,fifo,uniform,0,0
2025-10-29T14:45:22.808735,PUBLISH,4adf8bc56b194721ba732c1ddc888648,68f2d95bd190740cfd6a4120,ENQUEUED,0.16616103361246282,questions_in,fifo,uniform,0,0
2025-10-29T14:45:23.106445,PUBLISH,a4e87b8c27004f52a949edf58c9bd6b3,68f2d95bd190740cfd6a3d88,ENQUEUED,0.2919025422587136,questions_in,fifo,uniform,0,0
2025-10-29T14:45:23.496097,PUBLISH,11fb87fc466b469badb34ba399cbd006,68f2d95bd190740cfd6a2b85,ENQUEUED,0.3836654140025072,questions_in,fifo,uniform,0,0
2025-10-29T14:45:23.782048,PUBLISH,d3e75b8b29e047f4956502bcfaa7c409,68f2d95bd190740cfd6a2e70,ENQUEUED,0.27987915972631444,questions_in,fifo,uniform,0,0
2025-10-29T14:45:23.978741,PUBLISH,d0d7154890e941548ab300f8cbe010c9,68f2d95bd190740cfd6a38b2,ENQUEUED,0.1904478863523119,questions_in,fifo,uniform,0,0
2025-10-29T14:45:24.246692,PUBLISH,7051d0f3c6b940f3b704667c675e9fb6,68f2d95bd190740cfd6a2dcd,ENQUEUED,0.26619690362427795,questions_in,fifo,uniform,0,0
2025-10-29T14:45:24.656722,PUBLISH,4599cfa4ab5144b5aef327c6e9069118,68f2d95bd190740cfd6a31de,ENQUEUED,0.4036826902545998,questions_in,fifo,uniform,0,0
2025-10-29T14:45:24.971824,PUBLISH,58361c03c2104970958afeea8e8375a1,68f2d95bd190740cfd6a1fcd,ENQUEUED,0.3091423139288555,questions_in,fifo,uniform,0,0
2025-10-29T14:45:25.105427,PUBLISH,7b06950eb1884b349af82fa16dfb30f6,68f2d95bd190740cfd6a2993,ENQUEUED,0.1265804210829139,questions_in,fifo,uniform,0,0
2025-10-29T14:45:25.247533,PUBLISH,21571004ad564c9ba7c1f024c83e4f65,68f2d95bd190740cfd6a3cea,ENQUEUED,0.13631233492107522,questions_in,fifo,uniform,0,0
2025-10-29T14:45:25.499138,PUBLISH,d6bb321dfc184b71b0982196de14868c,68f2d95bd190740cfd6a34dc,ENQUEUED,0.2453441833172108,questions_in,fifo,uniform,0,0
2025-10-29T14:45:25.772286,PUBLISH,897224d2f31949fe926da6cc7ad05643,68f2d95bd190740cfd6a1b3b,ENQUEUED,0.2671561111022218,questions_in,fifo,uniform,0,0
2025-10-29T14:45:25.992867,PUBLISH,dfe957dbf3e34270bd36231d4576f96f,68f2d95bd190740cfd6a3a4d,ENQUEUED,0.21466009993448593,questions_in,fifo,uniform,0,0
2025-10-29T14:45:26.460318,PUBLISH,6d9f489539c04c8283c14e8ad2ef7d0a,68f2d95bd190740cfd6a26a5,ENQUEUED,0.4613716464758094,questions_in,fifo,uniform,0,0
2025-10-29T14:45:26.700688,PUBLISH,559146ede4054132b33507c1e5f8beda,68f2d95bd190740cfd6a1e45,ENQUEUED,0.2340448115740665,questions_in,fifo,uniform,0,0
2025-10-29T14:45:26.901661,PUBLISH,3ba8888b3c7c4b5e8c6e8cbd047951cd,68f2d95bd190740cfd6a3df4,ENQUEUED,0.19562094618342676,questions_in,fifo,uniform,0,0
2025-10-29T14:45:27.117870,PUBLISH,a937bba49b3e47388f21392b8e24949d,68f2d95bd190740cfd6a24f0,ENQUEUED,0.2100804064099081,questions_in,fifo,uniform,0,0
2025-10-29T14:45:27.414551,PUBLISH,c4d8ecf70c56487d8a4180d708aebb7c,68f2d95bd190740cfd6a3632,ENQUEUED,0.29327271335912575,questions_in,fifo,uniform,0,0
2025-10-29T14:45:27.570676,PUBLISH,6ae84a8ff9144e57a44f7258ae984730,68f2d95bd190740cfd6a1dd4,ENQUEUED,0.1501551092288918,questions_in,fifo,uniform,0,0
2025-10-29T14:45:27.826426,PUBLISH,db3d50db63a94c7e8890f2caf308c406,68f2d95bd190740cfd6a1cfc,ENQUEUED,0.2493672586198947,questions_in,fifo,uniform,0,0
2025-10-29T14:45:28.210907,PUBLISH,9f104b56e30a42778521319a0a89c341,68f2d95bd190740cfd6a268b,ENQUEUED,0.3773146638484941,questions_in,fifo,uniform,0,0
2025-10-29T14:45:28.541008,PUBLISH,0a25731926d548ea8530b479cdbd7ea9,68f2d95bd190740cfd6a313b,ENQUEUED,0.32246390197807007,questions_in,fifo,uniform,0,0
2025-10-29T14:45:28.890946,PUBLISH,4dc0e4c44f904c6dba01c37d6c1921e0,68f2d95bd190740cfd6a2027,ENQUEUED,0.34454533331396686,questions_in,fifo,uniform,0,0
2025-10-29T14:45:29.221876,PUBLISH,770b9e3424f54f3a822579d562d96527,68f2d95bd190740cfd6a2aba,ENQUEUED,0.3241777673610794,questions_in,fifo,uniform,0,0
2025-10-29T14:45:29.703028,PUBLISH,de074953cb8647b1b8e36c59008437c4,68f2d95bd190740cfd6a4087,ENQUEUED,0.47541641246320876,questions_in,fifo,uniform,0,0
2025-10-29T14:45:30.012813,PUBLISH,a072c26a1a75451cb36b69e1d7f2e029,68f2d95bd190740cfd6a41c8,ENQUEUED,0.3044229217941712,questions_in,fifo,uniform,0,0
2025-10-29T14:45:30.192709,PUBLISH,b1db6537a9784137afd182f07a3a54d4,68f2d95bd190740cfd6a295a,ENQUEUED,0.17447126845265237,questions_in,fifo,uniform,0,0
2025-10-29T14:45:30.561283,PUBLISH,a30ec3722dfa4d779c65733c378cfcd6,68f2d95bd190740cfd6a418b,ENQUEUED,0.36714474360096383,questions_in,fifo,uniform,0,0
2025-10-29T14:45:30.792115,PUBLISH,7222d5654ebe4fae8ee03591bcb1a576,68f2d95bd190740cfd6a2402,ENQUEUED,0.22541428721192208,questions_in,fifo,uniform,0,0
2025-10-29T14:45:31.197131,PUBLISH,4c62239ecd7b408e95853d69beee8982,68f2d95bd190740cfd6a4076,ENQUEUED,0.3993530407497843,questions_in,fifo,uniform,0,0
2025-10-29T14:45:31.490004,PUBLISH,93ed15c58d354277a0fd38d02c852f65,68f2d95bd190740cfd6a2c61,ENQUEUED,0.28743230135270936,questions_in,fifo,uniform,0,0
2025-10-29T14:45:31.763149,PUBLISH,3d05149bc21d474690408f7efd74c0dc,68f2d95bd190740cfd6a33df,ENQUEUED,0.2715594641257697,questions_in,fifo,uniform,0,0
2025-10-29T14:45:32.034643,PUBLISH,b770ce27bede425bba7ec829fde88473,68f2d95bd190740cfd6a3b5f,ENQUEUED,0.2652577255141797,questions_in,fifo,uniform,0,0
2025-10-29T14:45:32.213378,PUBLISH,31de3664915048ae8f423f6b66d552a9,68f2d95bd190740cfd6a2db2,ENQUEUED,0.17292810843828715,questions_in,fifo,uniform,0,0
2025-10-29T14:45:32.476050,PUBLISH,5e8a5b0cecd744d6bec16d3b755c67c6,68f2d95bd190740cfd6a3385,ENQUEUED,0.2559770617644204,questions_in,fifo,uniform,0,0
2025-10-29T14:45:32.930246,PUBLISH,3bffc278349a42689ab9412b6f071904,68f2d95bd190740cfd6a213e,ENQUEUED,0.44819594201974267,questions_in,fifo,uniform,0,0
2025-10-29T14:45:33.416521,PUBLISH,b9b6bb7e92b8483ea552309711159cef,68f2d95bd190740cfd6a1d8e,ENQUEUED,0.4794839257588629,questions_in,fifo,uniform,0,0
2025-10-29T14:45:33.643272,PUBLISH,bc1518885370459fbee90c2d0dc95555,68f2d95bd190740cfd6a3bed,ENQUEUED,0.22499720372896378,questions_in,fifo,uniform,0,0
2025-10-29T14:45:33.978889,PUBLISH,ddf78d9869654191adcdefbdb4100537,68f2d95bd190740cfd6a3ff1,ENQUEUED,0.32711487081984547,questions_in,fifo,uniform,0,0
2025-10-29T14:45:34.446015,PUBLISH,4f5ed3e0322f48b1aac05cd110ee2999,68f2d95bd190740cfd6a3182,ENQUEUED,0.4605581065116314,questions_in,fifo,uniform,0,0
2025-10-29T14:45:34.594911,PUBLISH,99bea230228e479eb886089afb56223c,68f2d95bd190740cfd6a4147,ENQUEUED,0.14242341865771532,questions_in,fifo,uniform,0,0
2025-10-29T14:45:34.724290,PUBLISH,eff63d2533e24124a0ed59d7c40d7f52,68f2d95bd190740cfd6a1cd8,ENQUEUED,0.12372512181876512,questions_in,fifo,uniform,0,0
2025-10-29T14:45:35.207735,PUBLISH,6938f9a724b545bab33264282a9e57c5,68f2d95bd190740cfd6a1c5b,ENQUEUED,0.4780156231911411,questions_in,fifo,uniform,0,0
2025-10-29T14:45:35.559239,PUBLISH,070d706736b0480896041a25cbf05f11,68f2d95bd190740cfd6a1bfd,ENQUEUED,0.34574167007424905,questions_in,fifo,uniform,0,0
2025-10-29T14:45:35.748719,PUBLISH,7fbb9c40998c440a869def7d564874ef,68f2d95bd190740cfd6a25d1,ENQUEUED,0.18377678072229992,questions_in,fifo,uniform,0,0
2025-10-29T14:45:36.212476,PUBLISH,6a19792116b64d8798d12abb3f6ff5c8,68f2d95bd190740cfd6a3caf,ENQUEUED,0.45833735399598263,questions_in,fifo,uniform,0,0
2025-10-29T14:45:36.698317,PUBLISH,9adf70d096b9434aaab57ac5c1756967,68f2d95bd190740cfd6a4196,ENQUEUED,0.48373515484165164,questions_in,fifo,uniform,0,0
2025-10-29T14:45:37.072930,PUBLISH,78cc1141c43e425bad6c7a239567724c,68f2d95bd190740cfd6a3d86,ENQUEUED,0.3689016690855058,questions_in,fifo,uniform,0,0
2025-10-29T14:45:37.447473,PUBLISH,f1afad39745449d4bc25c7466bba04e6,68f2d95bd190740cfd6a2ade,ENQUEUED,0.3676183949902836,questions_in,fifo,uniform,0,0
2025-10-29T14:45:37.682680,PUBLISH,38becccf0dea4bdea24b55b73d0bd486,68f2d95bd190740cfd6a2b63,ENQUEUED,0.2295382115177593,questions_in,fifo,uniform,0,0
2025-10-29T14:45:37.929854,PUBLISH,cfc4106933ba44a88bb4bbd2d0c7ba9b,68f2d95bd190740cfd6a2133,ENQUEUED,0.24145717508145617,questions_in,fifo,uniform,0,0
2025-10-29T14:45:38.300759,PUBLISH,742bce2f8f0f434c8c42c788de1822ce,68f2d95bd190740cfd6a3bbe,ENQUEUED,0.3653345209087019,questions_in,fifo,uniform,0,0
2025-10-29T14:45:38.531417,PUBLISH,7be6a28e611141cba020fb0a5c9ddeea,68f2d95bd190740cfd6a29f8,ENQUEUED,0.2252160050324001,questions_in,fifo,uniform,0,0
2025-10-29T14:45:38.731600,PUBLISH,2e789817c9d34131b4c8ad6ec0e59691,68f2d95bd190740cfd6a3b7f,ENQUEUED,0.1945872956109513,questions_in,fifo,uniform,0,0
2025-10-29T14:45:38.852937,PUBLISH,2b42c8f5862c4e2a91251e755f386b78,68f2d95bd190740cfd6a2821,ENQUEUED,0.11493929811873126,questions_in,fifo,uniform,0,0
2025-10-29T14:45:39.123633,PUBLISH,f9c225fe91964a4a989cd1461055106f,68f2d95bd190740cfd6a1e44,ENQUEUED,0.2650219526171297,questions_in,fifo,uniform,0,0
2025-10-29T14:45:39.385644,PUBLISH,17582fd0918146a99f18ea9ef121606a,68f2d95bd190740cfd6a2f8d,ENQUEUED,0.2566322061730515,questions_in,fifo,uniform,0,0
2025-10-29T14:45:39.832370,PUBLISH,ee7cea51332e4d7ea36b9c2e5525b2f4,68f2d95bd190740cfd6a3036,ENQUEUED,0.44509272652254495,questions_in,fifo,uniform,0,0
2025-10-29T14:45:40.198245,PUBLISH,0cdbecbae76d4f0a91c74a74c9aa5c89,68f2d95bd190740cfd6a1edd,ENQUEUED,0.36003982361042175,questions_in,fifo,uniform,0,0
2025-10-29T14:45:40.488342,PUBLISH,e173300cc5f04b82a37af91dfd0fe145,68f2d95bd190740cfd6a1ca7,ENQUEUED,0.2843410263910613,questions_in,fifo,uniform,0,0
2025-10-29T14:45:40.648601,PUBLISH,22f1318dfb4d4079ae661ed34609ed65,68f2d95bd190740cfd6a3471,ENQUEUED,0.15501810383344836,questions_in,fifo,uniform,0,0
2025-10-29T14:45:40.936251,PUBLISH,4e98f1abce4d403b9dc91ddeb70504cb,68f2d95bd190740cfd6a3caf,ENQUEUED,0.2819043991023573,questions_in,fifo,uniform,0,0
2025-10-29T14:45:41.303955,PUBLISH,790ae4568dd54971ba466415f0798b9b,68f2d95bd190740cfd6a2840,ENQUEUED,0.36616619493610236,questions_in,fifo,uniform,0,0
2025-10-29T14:45:41.694334,PUBLISH,712a76c3c8014a41a39e921cc3fae084,68f2d95bd190740cfd6a3055,ENQUEUED,0.3876612383254283,questions_in,fifo,uniform,0,0
2025-10-29T14:45:41.828040,PUBLISH,171d241cdba24cd38eecb6112faf1da6,68f2d95bd190740cfd6a31a1,ENQUEUED,0.12834552387559667,questions_in,fifo,uniform,0,0
2025-10-29T14:45:42.313355,PUBLISH,2555ae61782d4873bc55dd8dcfcc0793,68f2d95bd190740cfd6a392d,ENQUEUED,0.4799770435053389,questions_in,fifo,uniform,0,0
2025-10-29T14:45:42.769852,PUBLISH,b33dc464035b4f41bcf01aa455bd8242,68f2d95bd190740cfd6a3306,ENQUEUED,0.4506476346977184,questions_in,fifo,uniform,0,0
2025-10-29T14:45:43.199699,PUBLISH,61a60df25c2546898be864fba16d9456,68f2d95bd190740cfd6a2601,ENQUEUED,0.42349967478770656,questions_in,fifo,uniform,0,0
2025-10-29T14:45:43.532507,PUBLISH,35975a0065b34ecf93b1fe3e156f5245,68f2d95bd190740cfd6a21bf,ENQUEUED,0.3267982789727557,questions_in,fifo,uniform,0,0
2025-10-29T14:45:43.781906,PUBLISH,24d674869932491dbdc514fa9f55d7c6,68f2d95bd190740cfd6a21e9,ENQUEUED,0.24377408168862394,questions_in,fifo,uniform,0,0
2025-10-29T14:45:44.113433,PUBLISH,c91a110bf8654c3ab199902e4ab0987a,68f2d95bd190740cfd6a1d51,ENQUEUED,0.3257483154128014,questions_in,fifo,uniform,0,0
2025-10-29T14:45:44.600288,PUBLISH,dcf8b92713944e2ca53b11dabb0eb1d9,68f2d95bd190740cfd6a27c9,ENQUEUED,0.4807602540404893,questions_in,fifo,uniform,0,0
2025-10-29T14:45:44.736138,PUBLISH,7d78a5f29b6547199ab54f8082446b71,68f2d95bd190740cfd6a3355,ENQUEUED,0.13412962620602964,questions_in,fifo,uniform,0,0
2025-10-29T14:45:45.144053,PUBLISH,1836a76b35ef4a8d8f1a70dc763c05cc,68f2d95bd190740cfd6a21ab,ENQUEUED,0.4013746951097824,questions_in,fifo,uniform,0,0
2025-10-29T14:45:45.484909,PUBLISH,23d6cac5f3b24b67a006692c6b177cb4,68f2d95bd190740cfd6a3f22,ENQUEUED,0.3355383159348958,questions_in,fifo,uniform,0,0
2025-10-29T14:45:45.627156,PUBLISH,c1104b719069407db2a00c01ec33798a,68f2d95bd190740cfd6a309f,ENQUEUED,0.13640248632066987,questions_in,fifo,uniform,0,0
2025-10-29T14:45:45.870239,PUBLISH,cf296f2ffef343cd8aa6eebc67c7889a,68f2d95bd190740cfd6a3547,ENQUEUED,0.23781696866717283,questions_in,fifo,uniform,0,0
2025-10-29T14:45:45.980875,PUBLISH,965e44a7d1e94bc587eeacf1d376cfea,68f2d95bd190740cfd6a36d0,ENQUEUED,0.1093171021812493,questions_in,fifo,uniform,0,0
2025-10-29T14:45:46.432837,PUBLISH,a7fac367a1184e519857a4b0b0c7e7e2,68f2d95bd190740cfd6a1bec,ENQUEUED,0.44445873186125484,questions_in,fifo,uniform,0,0
2025-10-29T14:45:46.754376,PUBLISH,7eef9ec4d4b74077ab243e8dc0678567,68f2d95bd190740cfd6a2f56,ENQUEUED,0.31614300721610067,questions_in,fifo,uniform,0,0
2025-10-29T14:45:47.217402,PUBLISH,af9537b0f5f246e6ad2f03cc2bfa5556,68f2d95bd190740cfd6a1d3d,ENQUEUED,0.4566603712483871,questions_in,fifo,uniform,0,0
2025-10-29T14:45:47.676703,PUBLISH,d7a634fcf06842f5a70cf29469aedc1d,68f2d95bd190740cfd6a3b5b,ENQUEUED,0.4528949959756229,questions_in,fifo,uniform,0,0
2025-10-29T14:45:48.178320,PUBLISH,4fd9f59e8c7d4d0bbb5744f42833c983,68f2d95bd190740cfd6a31f5,ENQUEUED,0.4959929971395075,questions_in,fifo,uniform,0,0
2025-10-29T14:45:48.481891,PUBLISH,11e43138fab546269403f45472db21d8,68f2d95bd190740cfd6a266e,ENQUEUED,0.2976955926487158,questions_in,fifo,uniform,0,0
2025-10-29T14:45:48.890422,PUBLISH,4e4cd4154f124ea39c5124a7772fb081,68f2d95bd190740cfd6a2dea,ENQUEUED,0.40681340833273094,questions_in,fifo,uniform,0,0
2025-10-29T14:45:49.139924,PUBLISH,5c914bfec654439996c1fa3bacd158ea,68f2d95bd190740cfd6a28dd,ENQUEUED,0.24726527482661648,questions_in,fifo,uniform,0,0
2025-10-29T14:45:49.516066,PUBLISH,b62b6092c24c49d5ac9796538746d12d,68f2d95bd190740cfd6a3e12,ENQUEUED,0.3705706104701546,questions_in,fifo,uniform,0,0
2025-10-29T14:45:49.918743,PUBLISH,54e1ed2492a0472fa3eef312f017367b,68f2d95bd190740cfd6a3c89,ENQUEUED,0.39610588316234063,questions_in,fifo,uniform,0,0
2025-10-29T14:45:50.146602,PUBLISH,604a62523e174412951eb2a6ae60c76e,68f2d95bd190740cfd6a3468,ENQUEUED,0.222274458720914,questions_in,fifo,uniform,0,0
2025-10-29T14:45:50.358391,PUBLISH,f7a4d4dea47d417aabb2dffa0000beeb,68f2d95bd190740cfd6a3f60,ENQUEUED,0.2062022433147288,questions_in,fifo,uniform,0,0
2025-10-29T14:45:50.693055,PUBLISH,fe766d62d5d64651bc12d40f35fcc248,68f2d95bd190740cfd6a3d0e,ENQUEUED,0.32907431731601294,questions_in,fifo,uniform,0,0
2025-10-29T14:45:50.840104,PUBLISH,4cf67e5b7d3444cc8281d198d4d1eddc,68f2d95bd190740cfd6a34aa,ENQUEUED,0.14081881693038936,questions_in,fifo,uniform,0,0
2025-10-29T14:45:51.004448,PUBLISH,5fd8f693560f48368839a5978819cc0b,68f2d95bd190740cfd6a2701,ENQUEUED,0.15632393227445515,questions_in,fifo,uniform,0,0
2025-10-29T14:45:51.380042,PUBLISH,b2cb072f4fa7471094405b7982db4731,68f2d95bd190740cfd6a1bea,ENQUEUED,0.3691469111778676,questions_in,fifo,uniform,0,0
2025-10-29T14:45:51.751274,PUBLISH,8685e5f645c948fbbde60eaef9969863,68f2d95bd190740cfd6a28e4,ENQUEUED,0.3659970847787267,questions_in,fifo,uniform,0,0
2025-10-29T14:45:52.088411,PUBLISH,8a718650b1344bb9972cd4ce7570b74b,68f2d95bd190740cfd6a3348,ENQUEUED,0.33136480871841856,questions_in,fifo,uniform,0,0
2025-10-29T14:45:52.550640,PUBLISH,97c888bb67124c769570f7414ce06234,68f2d95bd190740cfd6a3111,ENQUEUED,0.4563489697107669,questions_in,fifo,uniform,0,0
2025-10-29T14:45:53.003276,PUBLISH,5c32958f3fd04577ac72fd74d9380e15,68f2d95bd190740cfd6a40d9,ENQUEUED,0.4467355986631657,questions_in,fifo,uniform,0,0
2025-10-29T14:45:53.244932,PUBLISH,bf110750476a4b85852962952a728840,68f2d95bd190740cfd6a24d7,ENQUEUED,0.23623341810864798,questions_in,fifo,uniform,0,0
2025-10-29T14:45:53.543493,PUBLISH,c635f43b9fb949369c45cd430754cfc0,68f2d95bd190740cfd6a2a54,ENQUEUED,0.293921829036209,questions_in,fifo,uniform,0,0
2025-10-29T14:45:53.916949,PUBLISH,e91e69554b294398be3fb362c1cbd824,68f2d95bd190740cfd6a349e,ENQUEUED,0.36491777000501024,questions_in,fifo,uniform,0,0
2025-10-29T14:45:54.049135,PUBLISH,d59a7d95131747e5a4d854b8d8d15f74,68f2d95bd190740cfd6a2528,ENQUEUED,0.13021274263149119,questions_in,fifo,uniform,0,0
2025-10-29T14:45:54.502906,PUBLISH,ed268131804a4fa3a050859b7195e599,68f2d95bd190740cfd6a4127,ENQUEUED,0.44842156321862603,questions_in,fifo,uniform,0,0
2025-10-29T14:45:54.852045,PUBLISH,e6f1b84033bf4da894c0c48906480353,68f2d95bd190740cfd6a39a8,ENQUEUED,0.34657421238007063,questions_in,fifo,uniform,0,0
2025-10-29T14:45:55.082009,PUBLISH,ceb496f9691746208528fcce700b8b1c,68f2d95bd190740cfd6a2503,ENQUEUED,0.22459903950540752,questions_in,fifo,uniform,0,0
2025-10-29T14:45:55.567921,PUBLISH,8a7a770836be4da9890981efb76aa459,68f2d95bd190740cfd6a1c56,ENQUEUED,0.4799867736024902,questions_in,fifo,uniform,0,0
2025-10-29T14:45:55.910710,PUBLISH,8dc4c58fc674487380a083e9ce15c76a,68f2d95bd190740cfd6a3add,ENQUEUED,0.33730819023704417,questions_in,fifo,uniform,0,0
2025-10-29T14:45:56.044506,PUBLISH,034e394bce034ca28d48333b9b2ce342,68f2d95bd190740cfd6a4156,ENQUEUED,0.1281307477269286,questions_in,fifo,uniform,0,0
2025-10-29T14:45:56.512100,PUBLISH,f0206ceeb909466da69f46193557cebb,68f2d95bd190740cfd6a3dcb,ENQUEUED,0.4608295863608469,questions_in,fifo,uniform,0,0
2025-10-29T14:45:56.663853,PUBLISH,591ea6ea8cfc4d65a803e6cecce22af7,68f2d95bd190740cfd6a40b4,ENQUEUED,0.1461990526784961,questions_in,fifo,uniform,0,0
2025-10-29T14:45:56.830946,PUBLISH,f30235af98c84e1086843a5aa4f76999,68f2d95bd190740cfd6a3ff1,ENQUEUED,0.159123869166304,questions_in,fifo,uniform,0,0
2025-10-29T14:45:57.203369,PUBLISH,a82fb3e82d14413888996f4717a468cf,68f2d95bd190740cfd6a3068,ENQUEUED,0.37065868051860273,questions_in,fifo,uniform,0,0
2025-10-29T14:45:57.338182,PUBLISH,99e9c59d7a2d4dacaf99006e32e4a94f,68f2d95bd190740cfd6a1fda,ENQUEUED,0.1335345246777207,questions_in,fifo,uniform,0,0
2025-10-29T14:45:57.835058,PUBLISH,7b8f585b937e46f198999f633c13339a,68f2d95bd190740cfd6a2ac4,ENQUEUED,0.49134520743315313,questions_in,fifo,uniform,0,0
2025-10-29T14:45:58.325746,PUBLISH,69cf26392c074e11a446f350e29ad81b,68f2d95bd190740cfd6a21f2,ENQUEUED,0.4849859053480614,questions_in,fifo,uniform,0,0
2025-10-29T14:45:58.796951,PUBLISH,9e8d0a83de5547f2ad3506393a7e857b,68f2d95bd190740cfd6a1b1d,ENQUEUED,0.46484540695791843,questions_in,fifo,uniform,0,0
2025-10-29T14:45:59.026892,PUBLISH,bf2ff7b74bc44eb58828e619da8b188d,68f2d95bd190740cfd6a1f24,ENQUEUED,0.22393916810321138,questions_in,fifo,uniform,0,0
2025-10-29T14:45:59.531035,PUBLISH,62bfa94c8197452591d5249644620f6a,68f2d95bd190740cfd6a3f99,ENQUEUED,0.49896952105881853,questions_in,fifo,uniform,0,0
2025-10-29T14:45:59.701905,PUBLISH,957dad5f12be410b9b5122f433a28d57,68f2d95bd190740cfd6a2134,ENQUEUED,0.16543105048108508,questions_in,fifo,uniform,0,0
2025-10-29T14:45:59.807629,PUBLISH,14a2048cc5994dd68f38020d99ad694a,68f2d95bd190740cfd6a3e47,ENQUEUED,0.10037934476081674,questions_in,fifo,uniform,0,0
2025-10-29T14:46:00.019979,PUBLISH,c46c6536d6dc452eb9834c13e9ea40d9,68f2d95bd190740cfd6a1d8f,ENQUEUED,0.2097748450757323,questions_in,fifo,uniform,0,0
2025-10-29T14:46:00.201325,PUBLISH,3bcb4f07b69b4d5ea7c69dee667e9940,68f2d95bd190740cfd6a21a7,ENQUEUED,0.17534898711244473,questions_in,fifo,uniform,0,0
2025-10-29T14:46:00.480312,PUBLISH,29d1e03705bc4287b6d065e7e118f1da,68f2d95bd190740cfd6a2f35,ENQUEUED,0.2734597495582052,questions_in,fifo,uniform,0,0
2025-10-29T14:46:00.768057,PUBLISH,d9b576b7cf9d4ce9a0059caca74192c1,68f2d95bd190740cfd6a408e,ENQUEUED,0.28214983518567466,questions_in,fifo,uniform,0,0
2025-10-29T14:46:00.877304,PUBLISH,b668fc0adc1f40b8b3d7b44fce0b1f16,68f2d95bd190740cfd6a2b46,ENQUEUED,0.10377238447862887,questions_in,fifo,uniform,0,0
2025-10-29T14:46:01.200946,PUBLISH,18b7424a9bce421bb0e0062930caa146,68f2d95bd190740cfd6a1b43,ENQUEUED,0.3178257058409615,questions_in,fifo,uniform,0,0
2025-10-29T14:46:01.637205,PUBLISH,70edcacb952442699b64d0a6ba74b838,68f2d95bd190740cfd6a24a1,ENQUEUED,0.43457096399894246,questions_in,fifo,uniform,0,0
2025-10-29T14:46:01.979189,PUBLISH,6e89b46a88664fffbde98349f05bbb0a,68f2d95bd190740cfd6a33b5,ENQUEUED,0.33653760688686496,questions_in,fifo,uniform,0,0
2025-10-29T14:46:02.327777,PUBLISH,3952d0ea0fec41a4b68e9cf7c2bc247e,68f2d95bd190740cfd6a2420,ENQUEUED,0.3427061122726036,questions_in,fifo,uniform,0,0
2025-10-29T14:46:02.597671,PUBLISH,521caf843f6b401bba12a0a72602c30b,68f2d95bd190740cfd6a2834,ENQUEUED,0.26350648354757256,questions_in,fifo,uniform,0,0
2025-10-29T14:46:02.782484,PUBLISH,0c612ebd2bea4a96b4fb7b8a56daf966,68f2d95bd190740cfd6a32e7,ENQUEUED,0.17849784399252863,questions_in,fifo,uniform,0,0
2025-10-29T14:46:03.090466,PUBLISH,c1c61290e7634139b737ca5b70e6b4d6,68f2d95bd190740cfd6a355a,ENQUEUED,0.3063649740389698,questions_in,fifo,uniform,0,0
2025-10-29T14:46:03.364903,PUBLISH,4135b37271d54f638f654e1c581daf55,68f2d95bd190740cfd6a2d15,ENQUEUED,0.2727689006229264,questions_in,fifo,uniform,0,0
2025-10-29T14:46:03.868818,PUBLISH,12c78cf5eebb426e9f99aea18efbd084,68f2d95bd190740cfd6a1b61,ENQUEUED,0.4975867401111075,questions_in,fifo,uniform,0,0
2025-10-29T14:46:04.014274,PUBLISH,f2f0d47a4e54471888c00821461042f5,68f2d95bd190740cfd6a2c0a,ENQUEUED,0.1398537720979155,questions_in,fifo,uniform,0,0
2025-10-29T14:46:04.366503,PUBLISH,cd8b7a7d39d84300840495d6f898edb7,68f2d95bd190740cfd6a2f69,ENQUEUED,0.3466888002472448,questions_in,fifo,uniform,0,0
2025-10-29T14:46:04.489826,PUBLISH,a44064fc66b04273b4f7a8ec4e3d5288,68f2d95bd190740cfd6a3550,ENQUEUED,0.11805566929059684,questions_in,fifo,uniform,0,0
2025-10-29T14:46:04.820080,PUBLISH,dc911100a9e14777bcc06aba62d0c586,68f2d95bd190740cfd6a25e3,ENQUEUED,0.32816080771869427,questions_in,fifo,uniform,0,0
2025-10-29T14:46:05.095223,PUBLISH,4909d03c042b4cf9a925d0a08adc27ac,68f2d95bd190740cfd6a2fc7,ENQUEUED,0.26804879355816247,questions_in,fifo,uniform,0,0
2025-10-29T14:46:05.235892,PUBLISH,2b81d1db64614d18a51d4303e7ed89f3,68f2d95bd190740cfd6a2f93,ENQUEUED,0.1347071031700009,questions_in,fifo,uniform,0,0
2025-10-29T14:46:05.449777,PUBLISH,7a00af83e87c4dd3bc4d65c1230c0516,68f2d95bd190740cfd6a3aba,ENQUEUED,0.20777726041627248,questions_in,fifo,uniform,0,0
2025-10-29T14:46:05.778555,PUBLISH,1ebf577c6b3c4a2990145d909d325ea8,68f2d95bd190740cfd6a3144,ENQUEUED,0.32334132838225293,questions_in,fifo,uniform,0,0
2025-10-29T14:46:06.007502,PUBLISH,c28c28881ed043ccb825445dac3eecae,68f2d95bd190740cfd6a404e,ENQUEUED,0.22695775968038065,questions_in,fifo,uniform,0,0
2025-10-29T14:46:06.407747,PUBLISH,ae63b4fa00b947558bd28d94a99a53e7,68f2d95bd190740cfd6a416e,ENQUEUED,0.39236754523654294,questions_in,fifo,uniform,0,0
2025-10-29T14:46:06.812817,PUBLISH,680594f7f00b48fc980fd3be0aeb6014,68f2d95bd190740cfd6a3e94,ENQUEUED,0.3983211233980086,questions_in,fifo,uniform,0,0
2025-10-29T14:46:07.103855,PUBLISH,bccb8c64868b4d5da167a5b467de34b2,68f2d95bd190740cfd6a27a4,ENQUEUED,0.2848749173275462,questions_in,fifo,uniform,0,0
2025-10-29T14:46:07.412886,PUBLISH,fd58bee089ba4e66aa5172e8eb265850,68f2d95bd190740cfd6a3e67,ENQUEUED,0.3023508340433757,questions_in,fifo,uniform,0,0
