WARNING: log4j.properties is not found. HADOOP_CONF_DIR may be incomplete.
2025-11-15 17:51:57,185 INFO  [main] pig.ExecTypeProvider (ExecTypeProvider.java:selectExecType(41)) - Trying ExecType : LOCAL
2025-11-15 17:51:57,188 INFO  [main] pig.ExecTypeProvider (ExecTypeProvider.java:selectExecType(41)) - Trying ExecType : MAPREDUCE
2025-11-15 17:51:57,190 INFO  [main] pig.ExecTypeProvider (ExecTypeProvider.java:selectExecType(43)) - Picked MAPREDUCE as the ExecType
2025-11-15 17:51:57,236 [main] INFO  org.apache.pig.Main - Apache Pig version 0.17.0 (r1797386) compiled Jun 02 2017, 15:41:58
2025-11-15 17:51:57,236 [main] INFO  org.apache.pig.Main - Logging error messages to: /opt/pig-0.17.0/scripts/pig_1763229117225.log
2025-11-15 17:51:57,443 [main] INFO  org.apache.pig.impl.util.Utils - Default bootup file /root/.pigbootup not found
2025-11-15 17:51:57,514 [main] INFO  org.apache.hadoop.conf.Configuration.deprecation - mapred.job.tracker is deprecated. Instead, use mapreduce.jobtracker.address
2025-11-15 17:51:57,514 [main] INFO  org.apache.pig.backend.hadoop.executionengine.HExecutionEngine - Connecting to hadoop file system at: hdfs://namenode:8020
2025-11-15 17:51:57,829 [main] INFO  org.apache.pig.PigServer - Pig Script ID for the session: PIG-wordfreq.pig-0ff5351e-8509-48f4-88d8-022de60fe812
2025-11-15 17:51:57,829 [main] WARN  org.apache.pig.PigServer - ATS is disabled since yarn.timeline-service.enabled set to false
2025-11-15 17:51:58,457 [main] INFO  org.apache.pig.impl.util.SpillableMemoryManager - Selected heap (PS Old Gen) of size 699400192 to monitor. collectionUsageThreshold = 489580128, usageThreshold = 489580128
2025-11-15 17:51:58,582 [main] WARN  org.apache.pig.newplan.BaseOperatorPlan - Encountered Warning IMPLICIT_CAST_TO_LONG 1 time(s).
2025-11-15 17:51:58,592 [main] INFO  org.apache.hadoop.conf.Configuration.deprecation - mapred.textoutputformat.separator is deprecated. Instead, use mapreduce.output.textoutputformat.separator
2025-11-15 17:51:58,613 [main] INFO  org.apache.pig.tools.pigstats.ScriptState - Pig features used in the script: HASH_JOIN,GROUP_BY,ORDER_BY,FILTER,LIMIT
2025-11-15 17:51:58,636 [main] INFO  org.apache.pig.data.SchemaTupleBackend - Key [pig.schematuple] was not set... will not generate code.
2025-11-15 17:51:58,666 [main] INFO  org.apache.pig.newplan.logical.optimizer.LogicalPlanOptimizer - {RULES_ENABLED=[AddForEach, ColumnMapKeyPrune, ConstantCalculator, GroupByConstParallelSetter, LimitOptimizer, LoadTypeCastInserter, MergeFilter, MergeForEach, NestedLimitOptimizer, PartitionFilterOptimizer, PredicatePushdownOptimizer, PushDownForEachFlatten, PushUpFilter, SplitFilter, StreamTypeCastInserter]}
2025-11-15 17:51:58,816 [main] INFO  org.apache.pig.backend.hadoop.executionengine.mapReduceLayer.MRCompiler - File concatenation threshold: 100 optimistic? false
2025-11-15 17:51:58,835 [main] INFO  org.apache.pig.backend.hadoop.executionengine.util.CombinerOptimizerUtil - Choosing to move algebraic foreach to combiner
2025-11-15 17:51:58,851 [main] INFO  org.apache.pig.backend.hadoop.executionengine.mapReduceLayer.SecondaryKeyOptimizerMR - Using Secondary Key Optimization for MapReduce node scope-87
2025-11-15 17:51:58,860 [main] INFO  org.apache.pig.backend.hadoop.executionengine.mapReduceLayer.MultiQueryOptimizer - MR plan size before optimization: 7
2025-11-15 17:51:58,861 [main] INFO  org.apache.pig.backend.hadoop.executionengine.mapReduceLayer.MultiQueryOptimizer - Merged 2 map-only splittees.
2025-11-15 17:51:58,861 [main] INFO  org.apache.pig.backend.hadoop.executionengine.mapReduceLayer.MultiQueryOptimizer - Merged 2 out of total 3 MR operators.
2025-11-15 17:51:58,861 [main] INFO  org.apache.pig.backend.hadoop.executionengine.mapReduceLayer.MultiQueryOptimizer - MR plan size after optimization: 5
2025-11-15 17:51:58,950 [main] WARN  org.apache.hadoop.metrics2.impl.MetricsConfig - Cannot locate configuration: tried hadoop-metrics2-jobtracker.properties,hadoop-metrics2.properties
2025-11-15 17:51:59,050 [main] INFO  org.apache.hadoop.metrics2.impl.MetricsSystemImpl - Scheduled Metric snapshot period at 10 second(s).
2025-11-15 17:51:59,050 [main] INFO  org.apache.hadoop.metrics2.impl.MetricsSystemImpl - JobTracker metrics system started
2025-11-15 17:51:59,086 [main] INFO  org.apache.pig.tools.pigstats.mapreduce.MRScriptState - Pig script settings are added to the job
2025-11-15 17:51:59,096 [main] INFO  org.apache.hadoop.conf.Configuration.deprecation - mapred.job.reduce.markreset.buffer.percent is deprecated. Instead, use mapreduce.reduce.markreset.buffer.percent
2025-11-15 17:51:59,096 [main] INFO  org.apache.pig.backend.hadoop.executionengine.mapReduceLayer.JobControlCompiler - mapred.job.reduce.markreset.buffer.percent is not set, set to default 0.3
2025-11-15 17:51:59,100 [main] INFO  org.apache.hadoop.conf.Configuration.deprecation - mapred.output.compress is deprecated. Instead, use mapreduce.output.fileoutputformat.compress
2025-11-15 17:51:59,102 [main] INFO  org.apache.pig.backend.hadoop.executionengine.mapReduceLayer.JobControlCompiler - Reduce phase detected, estimating # of required reducers.
2025-11-15 17:51:59,103 [main] INFO  org.apache.pig.backend.hadoop.executionengine.mapReduceLayer.JobControlCompiler - Using reducer estimator: org.apache.pig.backend.hadoop.executionengine.mapReduceLayer.InputSizeReducerEstimator
2025-11-15 17:51:59,149 [main] INFO  org.apache.pig.backend.hadoop.executionengine.mapReduceLayer.InputSizeReducerEstimator - BytesPerReducer=1000000000 maxReducers=999 totalInputFileSize=150733
2025-11-15 17:51:59,149 [main] INFO  org.apache.pig.backend.hadoop.executionengine.mapReduceLayer.JobControlCompiler - Setting Parallelism to 1
2025-11-15 17:51:59,149 [main] INFO  org.apache.hadoop.conf.Configuration.deprecation - mapred.reduce.tasks is deprecated. Instead, use mapreduce.job.reduces
2025-11-15 17:51:59,149 [main] INFO  org.apache.pig.backend.hadoop.executionengine.mapReduceLayer.JobControlCompiler - This job cannot be converted run in-process
2025-11-15 17:51:59,163 [main] INFO  org.apache.hadoop.conf.Configuration.deprecation - mapred.submit.replication is deprecated. Instead, use mapreduce.client.submit.file.replication
2025-11-15 17:51:59,257 [Thread-9] INFO  org.apache.hadoop.hdfs.protocol.datatransfer.sasl.SaslDataTransferClient - SASL encryption trust check: localHostTrusted = false, remoteHostTrusted = false
2025-11-15 17:51:59,411 [main] INFO  org.apache.pig.backend.hadoop.executionengine.mapReduceLayer.JobControlCompiler - Added jar file:/opt/pig-0.17.0/pig-0.17.0-core-h2.jar to DistributedCache through /tmp/temp1333652567/tmp2012742726/pig-0.17.0-core-h2.jar
2025-11-15 17:51:59,423 [Thread-12] INFO  org.apache.hadoop.hdfs.protocol.datatransfer.sasl.SaslDataTransferClient - SASL encryption trust check: localHostTrusted = false, remoteHostTrusted = false
2025-11-15 17:51:59,847 [main] INFO  org.apache.pig.backend.hadoop.executionengine.mapReduceLayer.JobControlCompiler - Added jar file:/opt/pig-0.17.0/lib/automaton-1.11-8.jar to DistributedCache through /tmp/temp1333652567/tmp-1041472376/automaton-1.11-8.jar
2025-11-15 17:51:59,869 [Thread-14] INFO  org.apache.hadoop.hdfs.protocol.datatransfer.sasl.SaslDataTransferClient - SASL encryption trust check: localHostTrusted = false, remoteHostTrusted = false
2025-11-15 17:51:59,899 [main] INFO  org.apache.pig.backend.hadoop.executionengine.mapReduceLayer.JobControlCompiler - Added jar file:/opt/pig-0.17.0/lib/antlr-runtime-3.4.jar to DistributedCache through /tmp/temp1333652567/tmp-2057308383/antlr-runtime-3.4.jar
2025-11-15 17:51:59,921 [Thread-16] INFO  org.apache.hadoop.hdfs.protocol.datatransfer.sasl.SaslDataTransferClient - SASL encryption trust check: localHostTrusted = false, remoteHostTrusted = false
2025-11-15 17:51:59,951 [main] INFO  org.apache.pig.backend.hadoop.executionengine.mapReduceLayer.JobControlCompiler - Added jar file:/opt/pig-0.17.0/lib/joda-time-2.9.3.jar to DistributedCache through /tmp/temp1333652567/tmp514196460/joda-time-2.9.3.jar
2025-11-15 17:51:59,992 [main] INFO  org.apache.pig.backend.hadoop.executionengine.mapReduceLayer.JobControlCompiler - Setting up single store job
2025-11-15 17:52:00,009 [main] INFO  org.apache.pig.data.SchemaTupleFrontend - Key [pig.schematuple] is false, will not generate code.
2025-11-15 17:52:00,009 [main] INFO  org.apache.pig.data.SchemaTupleFrontend - Starting process to move generated code to distributed cacche
2025-11-15 17:52:00,010 [main] INFO  org.apache.pig.data.SchemaTupleFrontend - Setting key [pig.schematuple.classes] with classes to deserialize []
2025-11-15 17:52:00,129 [main] INFO  org.apache.pig.backend.hadoop.executionengine.mapReduceLayer.MapReduceLauncher - 1 map-reduce job(s) waiting for submission.
2025-11-15 17:52:00,136 [JobControl] WARN  org.apache.hadoop.metrics2.impl.MetricsSystemImpl - JobTracker metrics system already initialized!
2025-11-15 17:52:00,148 [JobControl] INFO  org.apache.hadoop.conf.Configuration.deprecation - mapred.task.id is deprecated. Instead, use mapreduce.task.attempt.id
2025-11-15 17:52:00,203 [JobControl] WARN  org.apache.hadoop.mapreduce.JobResourceUploader - No job jar file set.  User classes may not be found. See Job or Job#setJar(String).
2025-11-15 17:52:00,233 [JobControl] INFO  org.apache.pig.builtin.TextLoader - Using PigTextInputFormat
2025-11-15 17:52:00,238 [JobControl] INFO  org.apache.hadoop.mapreduce.lib.input.FileInputFormat - Total input files to process : 1
2025-11-15 17:52:00,238 [JobControl] INFO  org.apache.pig.backend.hadoop.executionengine.util.MapRedUtil - Total input paths to process : 1
2025-11-15 17:52:00,282 [JobControl] INFO  org.apache.pig.backend.hadoop.executionengine.util.MapRedUtil - Total input paths (combined) to process : 1
2025-11-15 17:52:00,285 [JobControl] INFO  org.apache.pig.builtin.TextLoader - Using PigTextInputFormat
2025-11-15 17:52:00,287 [JobControl] INFO  org.apache.hadoop.mapreduce.lib.input.FileInputFormat - Total input files to process : 1
2025-11-15 17:52:00,287 [JobControl] INFO  org.apache.pig.backend.hadoop.executionengine.util.MapRedUtil - Total input paths to process : 1
2025-11-15 17:52:00,293 [JobControl] INFO  org.apache.pig.backend.hadoop.executionengine.util.MapRedUtil - Total input paths (combined) to process : 1
2025-11-15 17:52:00,313 [JobControl] INFO  org.apache.hadoop.mapreduce.JobSubmitter - number of splits:2
2025-11-15 17:52:00,452 [JobControl] INFO  org.apache.hadoop.mapreduce.JobSubmitter - Submitting tokens for job: job_local1634373605_0001
2025-11-15 17:52:00,452 [JobControl] INFO  org.apache.hadoop.mapreduce.JobSubmitter - Executing with tokens: []
2025-11-15 17:52:00,630 [LocalDistributedCacheManager Downloader #0] INFO  org.apache.hadoop.hdfs.protocol.datatransfer.sasl.SaslDataTransferClient - SASL encryption trust check: localHostTrusted = false, remoteHostTrusted = false
2025-11-15 17:52:00,663 [LocalDistributedCacheManager Downloader #3] INFO  org.apache.hadoop.hdfs.protocol.datatransfer.sasl.SaslDataTransferClient - SASL encryption trust check: localHostTrusted = false, remoteHostTrusted = false
2025-11-15 17:52:00,663 [LocalDistributedCacheManager Downloader #2] INFO  org.apache.hadoop.hdfs.protocol.datatransfer.sasl.SaslDataTransferClient - SASL encryption trust check: localHostTrusted = false, remoteHostTrusted = false
2025-11-15 17:52:00,664 [LocalDistributedCacheManager Downloader #1] INFO  org.apache.hadoop.hdfs.protocol.datatransfer.sasl.SaslDataTransferClient - SASL encryption trust check: localHostTrusted = false, remoteHostTrusted = false
2025-11-15 17:52:00,725 [JobControl] INFO  org.apache.hadoop.mapred.LocalDistributedCacheManager - Creating symlink: /tmp/hadoop-root/mapred/local/job_local1634373605_0001_4dd4687e-0e61-4b89-982c-6d87317f05bc/pig-0.17.0-core-h2.jar <- /opt/pig-0.17.0/scripts/pig-0.17.0-core-h2.jar
2025-11-15 17:52:00,727 [JobControl] INFO  org.apache.hadoop.mapred.LocalDistributedCacheManager - Localized hdfs://namenode:8020/tmp/temp1333652567/tmp2012742726/pig-0.17.0-core-h2.jar as file:/tmp/hadoop-root/mapred/local/job_local1634373605_0001_4dd4687e-0e61-4b89-982c-6d87317f05bc/pig-0.17.0-core-h2.jar
2025-11-15 17:52:00,727 [JobControl] INFO  org.apache.hadoop.mapred.LocalDistributedCacheManager - Creating symlink: /tmp/hadoop-root/mapred/local/job_local1634373605_0001_d44b7637-0e3d-47b6-9a8c-f5af7533700b/automaton-1.11-8.jar <- /opt/pig-0.17.0/scripts/automaton-1.11-8.jar
2025-11-15 17:52:00,729 [JobControl] INFO  org.apache.hadoop.mapred.LocalDistributedCacheManager - Localized hdfs://namenode:8020/tmp/temp1333652567/tmp-1041472376/automaton-1.11-8.jar as file:/tmp/hadoop-root/mapred/local/job_local1634373605_0001_d44b7637-0e3d-47b6-9a8c-f5af7533700b/automaton-1.11-8.jar
2025-11-15 17:52:00,729 [JobControl] INFO  org.apache.hadoop.mapred.LocalDistributedCacheManager - Creating symlink: /tmp/hadoop-root/mapred/local/job_local1634373605_0001_3fd57d8c-af28-4374-a2f6-3a7ce0c2a64b/antlr-runtime-3.4.jar <- /opt/pig-0.17.0/scripts/antlr-runtime-3.4.jar
2025-11-15 17:52:00,731 [JobControl] INFO  org.apache.hadoop.mapred.LocalDistributedCacheManager - Localized hdfs://namenode:8020/tmp/temp1333652567/tmp-2057308383/antlr-runtime-3.4.jar as file:/tmp/hadoop-root/mapred/local/job_local1634373605_0001_3fd57d8c-af28-4374-a2f6-3a7ce0c2a64b/antlr-runtime-3.4.jar
2025-11-15 17:52:00,731 [JobControl] INFO  org.apache.hadoop.mapred.LocalDistributedCacheManager - Creating symlink: /tmp/hadoop-root/mapred/local/job_local1634373605_0001_3341ecf8-65a8-48cc-861b-d78250e12fea/joda-time-2.9.3.jar <- /opt/pig-0.17.0/scripts/joda-time-2.9.3.jar
2025-11-15 17:52:00,733 [JobControl] INFO  org.apache.hadoop.mapred.LocalDistributedCacheManager - Localized hdfs://namenode:8020/tmp/temp1333652567/tmp514196460/joda-time-2.9.3.jar as file:/tmp/hadoop-root/mapred/local/job_local1634373605_0001_3341ecf8-65a8-48cc-861b-d78250e12fea/joda-time-2.9.3.jar
2025-11-15 17:52:00,786 [JobControl] INFO  org.apache.hadoop.mapred.LocalDistributedCacheManager - file:/tmp/hadoop-root/mapred/local/job_local1634373605_0001_4dd4687e-0e61-4b89-982c-6d87317f05bc/pig-0.17.0-core-h2.jar
2025-11-15 17:52:00,786 [JobControl] INFO  org.apache.hadoop.mapred.LocalDistributedCacheManager - file:/tmp/hadoop-root/mapred/local/job_local1634373605_0001_d44b7637-0e3d-47b6-9a8c-f5af7533700b/automaton-1.11-8.jar
2025-11-15 17:52:00,786 [JobControl] INFO  org.apache.hadoop.mapred.LocalDistributedCacheManager - file:/tmp/hadoop-root/mapred/local/job_local1634373605_0001_3fd57d8c-af28-4374-a2f6-3a7ce0c2a64b/antlr-runtime-3.4.jar
2025-11-15 17:52:00,786 [JobControl] INFO  org.apache.hadoop.mapred.LocalDistributedCacheManager - file:/tmp/hadoop-root/mapred/local/job_local1634373605_0001_3341ecf8-65a8-48cc-861b-d78250e12fea/joda-time-2.9.3.jar
2025-11-15 17:52:00,792 [JobControl] INFO  org.apache.hadoop.mapreduce.Job - The url to track the job: http://localhost:8080/
2025-11-15 17:52:00,793 [main] INFO  org.apache.pig.backend.hadoop.executionengine.mapReduceLayer.MapReduceLauncher - HadoopJobId: job_local1634373605_0001
2025-11-15 17:52:00,793 [main] INFO  org.apache.pig.backend.hadoop.executionengine.mapReduceLayer.MapReduceLauncher - Processing aliases 1-2,CLEAN,LOW,RAW,STOP,TOK,TOK_CLEAN,TOK_JOIN,TOK_NO_SW
2025-11-15 17:52:00,793 [main] INFO  org.apache.pig.backend.hadoop.executionengine.mapReduceLayer.MapReduceLauncher - detailed locations: M: RAW[6,6],LOW[-1,-1],CLEAN[8,8],TOK[9,6],TOK_CLEAN[11,12],TOK_JOIN[12,11],STOP[10,7],STOP[-1,-1],TOK_JOIN[12,11] C:  R: TOK_JOIN[12,11],1-2[13,21],TOK_NO_SW[13,12]
2025-11-15 17:52:00,794 [Thread-18] INFO  org.apache.hadoop.mapred.LocalJobRunner - OutputCommitter set in config null
2025-11-15 17:52:00,797 [main] INFO  org.apache.pig.backend.hadoop.executionengine.mapReduceLayer.MapReduceLauncher - 0% complete
2025-11-15 17:52:00,798 [main] INFO  org.apache.pig.backend.hadoop.executionengine.mapReduceLayer.MapReduceLauncher - Running jobs are [job_local1634373605_0001]
2025-11-15 17:52:00,820 [Thread-18] INFO  org.apache.hadoop.conf.Configuration.deprecation - mapred.reduce.tasks is deprecated. Instead, use mapreduce.job.reduces
2025-11-15 17:52:00,820 [Thread-18] INFO  org.apache.hadoop.conf.Configuration.deprecation - mapred.job.reduce.markreset.buffer.percent is deprecated. Instead, use mapreduce.reduce.markreset.buffer.percent
2025-11-15 17:52:00,825 [Thread-18] INFO  org.apache.hadoop.mapreduce.lib.output.FileOutputCommitter - File Output Committer Algorithm version is 2
2025-11-15 17:52:00,825 [Thread-18] INFO  org.apache.hadoop.mapreduce.lib.output.FileOutputCommitter - FileOutputCommitter skip cleanup _temporary folders under output directory:false, ignore cleanup failures: false
2025-11-15 17:52:00,826 [Thread-18] INFO  org.apache.hadoop.mapred.LocalJobRunner - OutputCommitter is org.apache.pig.backend.hadoop.executionengine.mapReduceLayer.PigOutputCommitter
2025-11-15 17:52:00,861 [Thread-18] INFO  org.apache.hadoop.mapred.LocalJobRunner - Waiting for map tasks
2025-11-15 17:52:00,862 [LocalJobRunner Map Task Executor #0] INFO  org.apache.hadoop.mapred.LocalJobRunner - Starting task: attempt_local1634373605_0001_m_000000_0
2025-11-15 17:52:00,893 [LocalJobRunner Map Task Executor #0] INFO  org.apache.hadoop.mapreduce.lib.output.FileOutputCommitter - File Output Committer Algorithm version is 2
2025-11-15 17:52:00,893 [LocalJobRunner Map Task Executor #0] INFO  org.apache.hadoop.mapreduce.lib.output.FileOutputCommitter - FileOutputCommitter skip cleanup _temporary folders under output directory:false, ignore cleanup failures: false
2025-11-15 17:52:00,908 [LocalJobRunner Map Task Executor #0] INFO  org.apache.hadoop.mapred.Task -  Using ResourceCalculatorProcessTree : [ ]
2025-11-15 17:52:00,913 [LocalJobRunner Map Task Executor #0] INFO  org.apache.hadoop.mapred.MapTask - Processing split: Number of splits :1
Total Length = 150000
Input split[0]:
   Length = 150000
   ClassName: org.apache.hadoop.mapreduce.lib.input.FileSplit
   Locations:

-----------------------

2025-11-15 17:52:00,922 [LocalJobRunner Map Task Executor #0] INFO  org.apache.pig.builtin.TextLoader - Using PigTextInputFormat
2025-11-15 17:52:00,925 [LocalJobRunner Map Task Executor #0] INFO  org.apache.pig.backend.hadoop.executionengine.mapReduceLayer.PigRecordReader - Current split being processed hdfs://namenode:8020/data/input/yahoo/yahoo_respuestas.txt:0+150000
2025-11-15 17:52:00,949 [LocalJobRunner Map Task Executor #0] INFO  org.apache.hadoop.mapred.MapTask - (EQUATOR) 0 kvi 26214396(104857584)
2025-11-15 17:52:00,950 [LocalJobRunner Map Task Executor #0] INFO  org.apache.hadoop.mapred.MapTask - mapreduce.task.io.sort.mb: 100
2025-11-15 17:52:00,950 [LocalJobRunner Map Task Executor #0] INFO  org.apache.hadoop.mapred.MapTask - soft limit at 83886080
2025-11-15 17:52:00,950 [LocalJobRunner Map Task Executor #0] INFO  org.apache.hadoop.mapred.MapTask - bufstart = 0; bufvoid = 104857600
2025-11-15 17:52:00,950 [LocalJobRunner Map Task Executor #0] INFO  org.apache.hadoop.mapred.MapTask - kvstart = 26214396; length = 6553600
2025-11-15 17:52:00,952 [LocalJobRunner Map Task Executor #0] INFO  org.apache.hadoop.mapred.MapTask - Map output collector class = org.apache.hadoop.mapred.MapTask$MapOutputBuffer
2025-11-15 17:52:00,961 [LocalJobRunner Map Task Executor #0] INFO  org.apache.pig.impl.util.SpillableMemoryManager - Selected heap (PS Old Gen) of size 699400192 to monitor. collectionUsageThreshold = 489580128, usageThreshold = 489580128
2025-11-15 17:52:00,961 [LocalJobRunner Map Task Executor #0] INFO  org.apache.pig.data.SchemaTupleBackend - Key [pig.schematuple] was not set... will not generate code.
2025-11-15 17:52:00,975 [LocalJobRunner Map Task Executor #0] INFO  org.apache.pig.backend.hadoop.executionengine.mapReduceLayer.PigGenericMapReduce$Map - Aliases being processed per job phase (AliasName[line,offset]): M: RAW[6,6],LOW[-1,-1],CLEAN[8,8],TOK[9,6],TOK_CLEAN[11,12],TOK_JOIN[12,11],STOP[10,7],STOP[-1,-1],TOK_JOIN[12,11] C:  R: TOK_JOIN[12,11],1-2[13,21],TOK_NO_SW[13,12]
2025-11-15 17:52:01,149 [LocalJobRunner Map Task Executor #0] INFO  org.apache.hadoop.mapred.LocalJobRunner - 
2025-11-15 17:52:01,149 [LocalJobRunner Map Task Executor #0] INFO  org.apache.hadoop.mapred.MapTask - Starting flush of map output
2025-11-15 17:52:01,149 [LocalJobRunner Map Task Executor #0] INFO  org.apache.hadoop.mapred.MapTask - Spilling map output
2025-11-15 17:52:01,149 [LocalJobRunner Map Task Executor #0] INFO  org.apache.hadoop.mapred.MapTask - bufstart = 0; bufend = 250000; bufvoid = 104857600
2025-11-15 17:52:01,149 [LocalJobRunner Map Task Executor #0] INFO  org.apache.hadoop.mapred.MapTask - kvstart = 26214396(104857584); kvend = 26134400(104537600); length = 79997/6553600
2025-11-15 17:52:01,180 [LocalJobRunner Map Task Executor #0] INFO  org.apache.hadoop.mapred.MapTask - Finished spill 0
2025-11-15 17:52:01,189 [LocalJobRunner Map Task Executor #0] INFO  org.apache.hadoop.mapred.Task - Task:attempt_local1634373605_0001_m_000000_0 is done. And is in the process of committing
2025-11-15 17:52:01,190 [LocalJobRunner Map Task Executor #0] INFO  org.apache.hadoop.mapred.LocalJobRunner - map
2025-11-15 17:52:01,191 [LocalJobRunner Map Task Executor #0] INFO  org.apache.hadoop.mapred.Task - Task 'attempt_local1634373605_0001_m_000000_0' done.
2025-11-15 17:52:01,197 [LocalJobRunner Map Task Executor #0] INFO  org.apache.hadoop.mapred.Task - Final Counters for attempt_local1634373605_0001_m_000000_0: Counters: 24
	File System Counters
		FILE: Number of bytes read=840
		FILE: Number of bytes written=6755205
		FILE: Number of read operations=0
		FILE: Number of large read operations=0
		FILE: Number of write operations=0
		HDFS: Number of bytes read=5905782
		HDFS: Number of bytes written=5755782
		HDFS: Number of read operations=48
		HDFS: Number of large read operations=0
		HDFS: Number of write operations=11
		HDFS: Number of bytes read erasure-coded=0
	Map-Reduce Framework
		Map input records=5000
		Map output records=20000
		Map output bytes=250000
		Map output materialized bytes=290006
		Input split bytes=385
		Combine input records=0
		Spilled Records=20000
		Failed Shuffles=0
		Merged Map outputs=0
		GC time elapsed (ms)=0
		Total committed heap usage (bytes)=344457216
	MultiInputCounters
		Input records from _1_yahoo_respuestas.txt=5000
	File Input Format Counters 
		Bytes Read=0
2025-11-15 17:52:01,197 [LocalJobRunner Map Task Executor #0] INFO  org.apache.hadoop.mapred.LocalJobRunner - Finishing task: attempt_local1634373605_0001_m_000000_0
2025-11-15 17:52:01,197 [LocalJobRunner Map Task Executor #0] INFO  org.apache.hadoop.mapred.LocalJobRunner - Starting task: attempt_local1634373605_0001_m_000001_0
2025-11-15 17:52:01,251 [LocalJobRunner Map Task Executor #0] INFO  org.apache.hadoop.mapreduce.lib.output.FileOutputCommitter - File Output Committer Algorithm version is 2
2025-11-15 17:52:01,251 [LocalJobRunner Map Task Executor #0] INFO  org.apache.hadoop.mapreduce.lib.output.FileOutputCommitter - FileOutputCommitter skip cleanup _temporary folders under output directory:false, ignore cleanup failures: false
2025-11-15 17:52:01,252 [LocalJobRunner Map Task Executor #0] INFO  org.apache.hadoop.mapred.Task -  Using ResourceCalculatorProcessTree : [ ]
2025-11-15 17:52:01,253 [LocalJobRunner Map Task Executor #0] INFO  org.apache.hadoop.mapred.MapTask - Processing split: Number of splits :1
Total Length = 733
Input split[0]:
   Length = 733
   ClassName: org.apache.hadoop.mapreduce.lib.input.FileSplit
   Locations:

-----------------------

2025-11-15 17:52:01,255 [LocalJobRunner Map Task Executor #0] INFO  org.apache.pig.builtin.TextLoader - Using PigTextInputFormat
2025-11-15 17:52:01,255 [LocalJobRunner Map Task Executor #0] INFO  org.apache.pig.backend.hadoop.executionengine.mapReduceLayer.PigRecordReader - Current split being processed hdfs://namenode:8020/data/resources/stopwords_es.txt:0+733
2025-11-15 17:52:01,263 [LocalJobRunner Map Task Executor #0] INFO  org.apache.hadoop.mapred.MapTask - (EQUATOR) 0 kvi 26214396(104857584)
2025-11-15 17:52:01,263 [LocalJobRunner Map Task Executor #0] INFO  org.apache.hadoop.mapred.MapTask - mapreduce.task.io.sort.mb: 100
2025-11-15 17:52:01,263 [LocalJobRunner Map Task Executor #0] INFO  org.apache.hadoop.mapred.MapTask - soft limit at 83886080
2025-11-15 17:52:01,263 [LocalJobRunner Map Task Executor #0] INFO  org.apache.hadoop.mapred.MapTask - bufstart = 0; bufvoid = 104857600
2025-11-15 17:52:01,263 [LocalJobRunner Map Task Executor #0] INFO  org.apache.hadoop.mapred.MapTask - kvstart = 26214396; length = 6553600
2025-11-15 17:52:01,264 [LocalJobRunner Map Task Executor #0] INFO  org.apache.hadoop.mapred.MapTask - Map output collector class = org.apache.hadoop.mapred.MapTask$MapOutputBuffer
2025-11-15 17:52:01,267 [LocalJobRunner Map Task Executor #0] INFO  org.apache.pig.impl.util.SpillableMemoryManager - Selected heap (PS Old Gen) of size 699400192 to monitor. collectionUsageThreshold = 489580128, usageThreshold = 489580128
2025-11-15 17:52:01,267 [LocalJobRunner Map Task Executor #0] WARN  org.apache.pig.data.SchemaTupleBackend - SchemaTupleBackend has already been initialized
2025-11-15 17:52:01,271 [LocalJobRunner Map Task Executor #0] INFO  org.apache.pig.backend.hadoop.executionengine.mapReduceLayer.PigGenericMapReduce$Map - Aliases being processed per job phase (AliasName[line,offset]): M: RAW[6,6],LOW[-1,-1],CLEAN[8,8],TOK[9,6],TOK_CLEAN[11,12],TOK_JOIN[12,11],STOP[10,7],STOP[-1,-1],TOK_JOIN[12,11] C:  R: TOK_JOIN[12,11],1-2[13,21],TOK_NO_SW[13,12]
2025-11-15 17:52:01,275 [LocalJobRunner Map Task Executor #0] INFO  org.apache.hadoop.mapred.LocalJobRunner - 
2025-11-15 17:52:01,275 [LocalJobRunner Map Task Executor #0] INFO  org.apache.hadoop.mapred.MapTask - Starting flush of map output
2025-11-15 17:52:01,275 [LocalJobRunner Map Task Executor #0] INFO  org.apache.hadoop.mapred.MapTask - Spilling map output
2025-11-15 17:52:01,275 [LocalJobRunner Map Task Executor #0] INFO  org.apache.hadoop.mapred.MapTask - bufstart = 0; bufend = 1485; bufvoid = 104857600
2025-11-15 17:52:01,275 [LocalJobRunner Map Task Executor #0] INFO  org.apache.hadoop.mapred.MapTask - kvstart = 26214396(104857584); kvend = 26213872(104855488); length = 525/6553600
2025-11-15 17:52:01,277 [LocalJobRunner Map Task Executor #0] INFO  org.apache.hadoop.mapred.MapTask - Finished spill 0
2025-11-15 17:52:01,279 [LocalJobRunner Map Task Executor #0] INFO  org.apache.hadoop.mapred.Task - Task:attempt_local1634373605_0001_m_000001_0 is done. And is in the process of committing
2025-11-15 17:52:01,280 [LocalJobRunner Map Task Executor #0] INFO  org.apache.hadoop.mapred.LocalJobRunner - map
2025-11-15 17:52:01,280 [LocalJobRunner Map Task Executor #0] INFO  org.apache.hadoop.mapred.Task - Task 'attempt_local1634373605_0001_m_000001_0' done.
2025-11-15 17:52:01,281 [LocalJobRunner Map Task Executor #0] INFO  org.apache.hadoop.mapred.Task - Final Counters for attempt_local1634373605_0001_m_000001_0: Counters: 24
	File System Counters
		FILE: Number of bytes read=1627
		FILE: Number of bytes written=6756992
		FILE: Number of read operations=0
		FILE: Number of large read operations=0
		FILE: Number of write operations=0
		HDFS: Number of bytes read=5906515
		HDFS: Number of bytes written=5755782
		HDFS: Number of read operations=49
		HDFS: Number of large read operations=0
		HDFS: Number of write operations=11
		HDFS: Number of bytes read erasure-coded=0
	Map-Reduce Framework
		Map input records=132
		Map output records=132
		Map output bytes=1485
		Map output materialized bytes=1755
		Input split bytes=379
		Combine input records=0
		Spilled Records=132
		Failed Shuffles=0
		Merged Map outputs=0
		GC time elapsed (ms)=49
		Total committed heap usage (bytes)=451411968
	MultiInputCounters
		Input records from _0_stopwords_es.txt=132
	File Input Format Counters 
		Bytes Read=0
2025-11-15 17:52:01,281 [LocalJobRunner Map Task Executor #0] INFO  org.apache.hadoop.mapred.LocalJobRunner - Finishing task: attempt_local1634373605_0001_m_000001_0
2025-11-15 17:52:01,281 [Thread-18] INFO  org.apache.hadoop.mapred.LocalJobRunner - map task executor complete.
2025-11-15 17:52:01,283 [Thread-18] INFO  org.apache.hadoop.mapred.LocalJobRunner - Waiting for reduce tasks
2025-11-15 17:52:01,283 [pool-7-thread-1] INFO  org.apache.hadoop.mapred.LocalJobRunner - Starting task: attempt_local1634373605_0001_r_000000_0
2025-11-15 17:52:01,298 [main] INFO  org.apache.pig.backend.hadoop.executionengine.mapReduceLayer.MapReduceLauncher - 10% complete
2025-11-15 17:52:01,298 [main] INFO  org.apache.pig.backend.hadoop.executionengine.mapReduceLayer.MapReduceLauncher - Running jobs are [job_local1634373605_0001]
2025-11-15 17:52:01,302 [pool-7-thread-1] INFO  org.apache.hadoop.mapreduce.lib.output.FileOutputCommitter - File Output Committer Algorithm version is 2
2025-11-15 17:52:01,302 [pool-7-thread-1] INFO  org.apache.hadoop.mapreduce.lib.output.FileOutputCommitter - FileOutputCommitter skip cleanup _temporary folders under output directory:false, ignore cleanup failures: false
2025-11-15 17:52:01,304 [pool-7-thread-1] INFO  org.apache.hadoop.mapred.Task -  Using ResourceCalculatorProcessTree : [ ]
2025-11-15 17:52:01,307 [pool-7-thread-1] INFO  org.apache.hadoop.mapred.ReduceTask - Using ShuffleConsumerPlugin: org.apache.hadoop.mapreduce.task.reduce.Shuffle@5e342655
2025-11-15 17:52:01,308 [pool-7-thread-1] WARN  org.apache.hadoop.metrics2.impl.MetricsSystemImpl - JobTracker metrics system already initialized!
2025-11-15 17:52:01,325 [pool-7-thread-1] INFO  org.apache.hadoop.mapreduce.task.reduce.MergeManagerImpl - MergerManager: memoryLimit=652528832, maxSingleShuffleLimit=163132208, mergeThreshold=430669056, ioSortFactor=10, memToMemMergeOutputsThreshold=10
2025-11-15 17:52:01,327 [EventFetcher for fetching Map Completion Events] INFO  org.apache.hadoop.mapreduce.task.reduce.EventFetcher - attempt_local1634373605_0001_r_000000_0 Thread started: EventFetcher for fetching Map Completion Events
2025-11-15 17:52:01,348 [localfetcher#1] INFO  org.apache.hadoop.mapreduce.task.reduce.LocalFetcher - localfetcher#1 about to shuffle output of map attempt_local1634373605_0001_m_000001_0 decomp: 1751 len: 1755 to MEMORY
2025-11-15 17:52:01,350 [localfetcher#1] INFO  org.apache.hadoop.mapreduce.task.reduce.InMemoryMapOutput - Read 1751 bytes from map-output for attempt_local1634373605_0001_m_000001_0
2025-11-15 17:52:01,352 [localfetcher#1] INFO  org.apache.hadoop.mapreduce.task.reduce.MergeManagerImpl - closeInMemoryFile -> map-output of size: 1751, inMemoryMapOutputs.size() -> 1, commitMemory -> 0, usedMemory ->1751
2025-11-15 17:52:01,354 [localfetcher#1] INFO  org.apache.hadoop.mapreduce.task.reduce.LocalFetcher - localfetcher#1 about to shuffle output of map attempt_local1634373605_0001_m_000000_0 decomp: 290002 len: 290006 to MEMORY
2025-11-15 17:52:01,355 [localfetcher#1] INFO  org.apache.hadoop.mapreduce.task.reduce.InMemoryMapOutput - Read 290002 bytes from map-output for attempt_local1634373605_0001_m_000000_0
2025-11-15 17:52:01,355 [localfetcher#1] INFO  org.apache.hadoop.mapreduce.task.reduce.MergeManagerImpl - closeInMemoryFile -> map-output of size: 290002, inMemoryMapOutputs.size() -> 2, commitMemory -> 1751, usedMemory ->291753
2025-11-15 17:52:01,355 [EventFetcher for fetching Map Completion Events] INFO  org.apache.hadoop.mapreduce.task.reduce.EventFetcher - EventFetcher is interrupted.. Returning
2025-11-15 17:52:01,356 [pool-7-thread-1] INFO  org.apache.hadoop.mapred.LocalJobRunner - 2 / 2 copied.
2025-11-15 17:52:01,356 [pool-7-thread-1] INFO  org.apache.hadoop.mapreduce.task.reduce.MergeManagerImpl - finalMerge called with 2 in-memory map-outputs and 0 on-disk map-outputs
2025-11-15 17:52:01,360 [pool-7-thread-1] INFO  org.apache.hadoop.mapred.Merger - Merging 2 sorted segments
2025-11-15 17:52:01,360 [pool-7-thread-1] INFO  org.apache.hadoop.mapred.Merger - Down to the last merge-pass, with 2 segments left of total size: 291740 bytes
2025-11-15 17:52:01,380 [pool-7-thread-1] INFO  org.apache.hadoop.mapreduce.task.reduce.MergeManagerImpl - Merged 2 segments, 291753 bytes to disk to satisfy reduce memory limit
2025-11-15 17:52:01,381 [pool-7-thread-1] INFO  org.apache.hadoop.mapreduce.task.reduce.MergeManagerImpl - Merging 1 files, 291755 bytes from disk
2025-11-15 17:52:01,381 [pool-7-thread-1] INFO  org.apache.hadoop.mapreduce.task.reduce.MergeManagerImpl - Merging 0 segments, 0 bytes from memory into reduce
2025-11-15 17:52:01,381 [pool-7-thread-1] INFO  org.apache.hadoop.mapred.Merger - Merging 1 sorted segments
2025-11-15 17:52:01,382 [pool-7-thread-1] INFO  org.apache.hadoop.mapred.Merger - Down to the last merge-pass, with 1 segments left of total size: 291745 bytes
2025-11-15 17:52:01,382 [pool-7-thread-1] INFO  org.apache.hadoop.mapred.LocalJobRunner - 2 / 2 copied.
2025-11-15 17:52:01,387 [pool-7-thread-1] INFO  org.apache.hadoop.mapreduce.lib.output.FileOutputCommitter - File Output Committer Algorithm version is 2
2025-11-15 17:52:01,387 [pool-7-thread-1] INFO  org.apache.hadoop.mapreduce.lib.output.FileOutputCommitter - FileOutputCommitter skip cleanup _temporary folders under output directory:false, ignore cleanup failures: false
2025-11-15 17:52:01,392 [pool-7-thread-1] INFO  org.apache.hadoop.conf.Configuration.deprecation - mapred.skip.on is deprecated. Instead, use mapreduce.job.skiprecords
2025-11-15 17:52:01,395 [pool-7-thread-1] INFO  org.apache.pig.impl.util.SpillableMemoryManager - Selected heap (PS Old Gen) of size 699400192 to monitor. collectionUsageThreshold = 489580128, usageThreshold = 489580128
2025-11-15 17:52:01,395 [pool-7-thread-1] WARN  org.apache.pig.data.SchemaTupleBackend - SchemaTupleBackend has already been initialized
2025-11-15 17:52:01,403 [pool-7-thread-1] INFO  org.apache.pig.backend.hadoop.executionengine.mapReduceLayer.PigMapReduce$Reduce - Aliases being processed per job phase (AliasName[line,offset]): M: RAW[6,6],LOW[-1,-1],CLEAN[8,8],TOK[9,6],TOK_CLEAN[11,12],TOK_JOIN[12,11],STOP[10,7],STOP[-1,-1],TOK_JOIN[12,11] C:  R: TOK_JOIN[12,11],1-2[13,21],TOK_NO_SW[13,12]
2025-11-15 17:52:01,479 [Thread-49] INFO  org.apache.hadoop.hdfs.protocol.datatransfer.sasl.SaslDataTransferClient - SASL encryption trust check: localHostTrusted = false, remoteHostTrusted = false
2025-11-15 17:52:01,957 [pool-7-thread-1] INFO  org.apache.hadoop.mapred.Task - Task:attempt_local1634373605_0001_r_000000_0 is done. And is in the process of committing
2025-11-15 17:52:01,970 [pool-7-thread-1] INFO  org.apache.hadoop.mapred.LocalJobRunner - 2 / 2 copied.
2025-11-15 17:52:01,971 [pool-7-thread-1] INFO  org.apache.hadoop.mapred.Task - Task attempt_local1634373605_0001_r_000000_0 is allowed to commit now
2025-11-15 17:52:02,033 [pool-7-thread-1] INFO  org.apache.hadoop.mapreduce.lib.output.FileOutputCommitter - Saved output of task 'attempt_local1634373605_0001_r_000000_0' to hdfs://namenode:8020/tmp/temp1333652567/tmp-1755844055
2025-11-15 17:52:02,035 [pool-7-thread-1] INFO  org.apache.hadoop.mapred.LocalJobRunner - reduce > reduce
2025-11-15 17:52:02,035 [pool-7-thread-1] INFO  org.apache.hadoop.mapred.Task - Task 'attempt_local1634373605_0001_r_000000_0' done.
2025-11-15 17:52:02,037 [pool-7-thread-1] INFO  org.apache.hadoop.mapred.Task - Final Counters for attempt_local1634373605_0001_r_000000_0: Counters: 30
	File System Counters
		FILE: Number of bytes read=585207
		FILE: Number of bytes written=7048747
		FILE: Number of read operations=0
		FILE: Number of large read operations=0
		FILE: Number of write operations=0
		HDFS: Number of bytes read=5906515
		HDFS: Number of bytes written=6025782
		HDFS: Number of read operations=54
		HDFS: Number of large read operations=0
		HDFS: Number of write operations=13
		HDFS: Number of bytes read erasure-coded=0
	Map-Reduce Framework
		Combine input records=0
		Combine output records=0
		Reduce input groups=126
		Reduce shuffle bytes=291761
		Reduce input records=20132
		Reduce output records=20000
		Spilled Records=20132
		Shuffled Maps =2
		Failed Shuffles=0
		Merged Map outputs=2
		GC time elapsed (ms)=0
		Total committed heap usage (bytes)=451411968
	Shuffle Errors
		BAD_ID=0
		CONNECTION=0
		IO_ERROR=0
		WRONG_LENGTH=0
		WRONG_MAP=0
		WRONG_REDUCE=0
	File Output Format Counters 
		Bytes Written=0
2025-11-15 17:52:02,037 [pool-7-thread-1] INFO  org.apache.hadoop.mapred.LocalJobRunner - Finishing task: attempt_local1634373605_0001_r_000000_0
2025-11-15 17:52:02,038 [Thread-18] INFO  org.apache.hadoop.mapred.LocalJobRunner - reduce task executor complete.
2025-11-15 17:52:02,298 [main] INFO  org.apache.pig.backend.hadoop.executionengine.mapReduceLayer.MapReduceLauncher - 20% complete
2025-11-15 17:52:02,299 [main] INFO  org.apache.pig.backend.hadoop.executionengine.mapReduceLayer.MapReduceLauncher - Running jobs are [job_local1634373605_0001]
2025-11-15 17:52:05,806 [main] WARN  org.apache.hadoop.metrics2.impl.MetricsSystemImpl - JobTracker metrics system already initialized!
2025-11-15 17:52:05,818 [main] WARN  org.apache.hadoop.metrics2.impl.MetricsSystemImpl - JobTracker metrics system already initialized!
2025-11-15 17:52:05,819 [main] INFO  org.apache.hadoop.conf.Configuration.deprecation - mapred.map.tasks is deprecated. Instead, use mapreduce.job.maps
2025-11-15 17:52:05,819 [main] WARN  org.apache.hadoop.metrics2.impl.MetricsSystemImpl - JobTracker metrics system already initialized!
2025-11-15 17:52:05,847 [main] INFO  org.apache.pig.tools.pigstats.mapreduce.MRScriptState - Pig script settings are added to the job
2025-11-15 17:52:05,847 [main] INFO  org.apache.pig.backend.hadoop.executionengine.mapReduceLayer.JobControlCompiler - mapred.job.reduce.markreset.buffer.percent is not set, set to default 0.3
2025-11-15 17:52:05,848 [main] INFO  org.apache.pig.backend.hadoop.executionengine.mapReduceLayer.JobControlCompiler - Reduce phase detected, estimating # of required reducers.
2025-11-15 17:52:05,848 [main] INFO  org.apache.pig.backend.hadoop.executionengine.mapReduceLayer.JobControlCompiler - Using reducer estimator: org.apache.pig.backend.hadoop.executionengine.mapReduceLayer.InputSizeReducerEstimator
2025-11-15 17:52:05,851 [main] INFO  org.apache.pig.backend.hadoop.executionengine.mapReduceLayer.InputSizeReducerEstimator - BytesPerReducer=1000000000 maxReducers=999 totalInputFileSize=270000
2025-11-15 17:52:05,851 [main] INFO  org.apache.pig.backend.hadoop.executionengine.mapReduceLayer.JobControlCompiler - Setting Parallelism to 1
2025-11-15 17:52:05,851 [main] INFO  org.apache.pig.backend.hadoop.executionengine.mapReduceLayer.JobControlCompiler - This job cannot be converted run in-process
2025-11-15 17:52:05,863 [Thread-52] INFO  org.apache.hadoop.hdfs.protocol.datatransfer.sasl.SaslDataTransferClient - SASL encryption trust check: localHostTrusted = false, remoteHostTrusted = false
2025-11-15 17:52:05,885 [main] INFO  org.apache.pig.backend.hadoop.executionengine.mapReduceLayer.JobControlCompiler - Added jar file:/opt/pig-0.17.0/pig-0.17.0-core-h2.jar to DistributedCache through /tmp/temp1333652567/tmp-1172792928/pig-0.17.0-core-h2.jar
2025-11-15 17:52:05,892 [Thread-54] INFO  org.apache.hadoop.hdfs.protocol.datatransfer.sasl.SaslDataTransferClient - SASL encryption trust check: localHostTrusted = false, remoteHostTrusted = false
2025-11-15 17:52:05,902 [main] INFO  org.apache.pig.backend.hadoop.executionengine.mapReduceLayer.JobControlCompiler - Added jar file:/opt/pig-0.17.0/lib/automaton-1.11-8.jar to DistributedCache through /tmp/temp1333652567/tmp899928061/automaton-1.11-8.jar
2025-11-15 17:52:05,909 [Thread-56] INFO  org.apache.hadoop.hdfs.protocol.datatransfer.sasl.SaslDataTransferClient - SASL encryption trust check: localHostTrusted = false, remoteHostTrusted = false
2025-11-15 17:52:05,920 [main] INFO  org.apache.pig.backend.hadoop.executionengine.mapReduceLayer.JobControlCompiler - Added jar file:/opt/pig-0.17.0/lib/antlr-runtime-3.4.jar to DistributedCache through /tmp/temp1333652567/tmp-1031606570/antlr-runtime-3.4.jar
2025-11-15 17:52:05,927 [Thread-58] INFO  org.apache.hadoop.hdfs.protocol.datatransfer.sasl.SaslDataTransferClient - SASL encryption trust check: localHostTrusted = false, remoteHostTrusted = false
2025-11-15 17:52:06,343 [main] INFO  org.apache.pig.backend.hadoop.executionengine.mapReduceLayer.JobControlCompiler - Added jar file:/opt/pig-0.17.0/lib/joda-time-2.9.3.jar to DistributedCache through /tmp/temp1333652567/tmp1157949214/joda-time-2.9.3.jar
2025-11-15 17:52:06,347 [main] INFO  org.apache.pig.backend.hadoop.executionengine.mapReduceLayer.JobControlCompiler - Setting up multi store job
2025-11-15 17:52:06,400 [main] INFO  org.apache.pig.backend.hadoop.executionengine.mapReduceLayer.MapReduceLauncher - 1 map-reduce job(s) waiting for submission.
2025-11-15 17:52:06,402 [JobControl] WARN  org.apache.hadoop.metrics2.impl.MetricsSystemImpl - JobTracker metrics system already initialized!
2025-11-15 17:52:06,411 [JobControl] WARN  org.apache.hadoop.mapreduce.JobResourceUploader - No job jar file set.  User classes may not be found. See Job or Job#setJar(String).
2025-11-15 17:52:06,427 [JobControl] INFO  org.apache.hadoop.mapreduce.lib.input.FileInputFormat - Total input files to process : 1
2025-11-15 17:52:06,427 [JobControl] INFO  org.apache.pig.backend.hadoop.executionengine.util.MapRedUtil - Total input paths to process : 1
2025-11-15 17:52:06,427 [JobControl] INFO  org.apache.pig.backend.hadoop.executionengine.util.MapRedUtil - Total input paths (combined) to process : 1
2025-11-15 17:52:06,429 [JobControl] INFO  org.apache.hadoop.mapreduce.JobSubmitter - number of splits:1
2025-11-15 17:52:06,440 [JobControl] INFO  org.apache.hadoop.mapreduce.JobSubmitter - Submitting tokens for job: job_local1035827357_0002
2025-11-15 17:52:06,440 [JobControl] INFO  org.apache.hadoop.mapreduce.JobSubmitter - Executing with tokens: []
2025-11-15 17:52:06,474 [LocalDistributedCacheManager Downloader #0] INFO  org.apache.hadoop.hdfs.protocol.datatransfer.sasl.SaslDataTransferClient - SASL encryption trust check: localHostTrusted = false, remoteHostTrusted = false
2025-11-15 17:52:06,475 [LocalDistributedCacheManager Downloader #3] INFO  org.apache.hadoop.hdfs.protocol.datatransfer.sasl.SaslDataTransferClient - SASL encryption trust check: localHostTrusted = false, remoteHostTrusted = false
2025-11-15 17:52:06,475 [LocalDistributedCacheManager Downloader #1] INFO  org.apache.hadoop.hdfs.protocol.datatransfer.sasl.SaslDataTransferClient - SASL encryption trust check: localHostTrusted = false, remoteHostTrusted = false
2025-11-15 17:52:06,477 [LocalDistributedCacheManager Downloader #2] INFO  org.apache.hadoop.hdfs.protocol.datatransfer.sasl.SaslDataTransferClient - SASL encryption trust check: localHostTrusted = false, remoteHostTrusted = false
2025-11-15 17:52:06,501 [JobControl] INFO  org.apache.hadoop.mapred.LocalDistributedCacheManager - Creating symlink: /tmp/hadoop-root/mapred/local/job_local1035827357_0002_5680daee-7f65-4f40-9e4a-e2cc77dcf896/pig-0.17.0-core-h2.jar <- /opt/pig-0.17.0/scripts/pig-0.17.0-core-h2.jar
2025-11-15 17:52:06,503 [JobControl] INFO  org.apache.hadoop.mapred.LocalDistributedCacheManager - Localized hdfs://namenode:8020/tmp/temp1333652567/tmp-1172792928/pig-0.17.0-core-h2.jar as file:/tmp/hadoop-root/mapred/local/job_local1035827357_0002_5680daee-7f65-4f40-9e4a-e2cc77dcf896/pig-0.17.0-core-h2.jar
2025-11-15 17:52:06,503 [JobControl] INFO  org.apache.hadoop.mapred.LocalDistributedCacheManager - Creating symlink: /tmp/hadoop-root/mapred/local/job_local1035827357_0002_78ce6fc6-7299-4547-9c34-2b62385c6dfe/automaton-1.11-8.jar <- /opt/pig-0.17.0/scripts/automaton-1.11-8.jar
2025-11-15 17:52:06,505 [JobControl] INFO  org.apache.hadoop.mapred.LocalDistributedCacheManager - Localized hdfs://namenode:8020/tmp/temp1333652567/tmp899928061/automaton-1.11-8.jar as file:/tmp/hadoop-root/mapred/local/job_local1035827357_0002_78ce6fc6-7299-4547-9c34-2b62385c6dfe/automaton-1.11-8.jar
2025-11-15 17:52:06,505 [JobControl] INFO  org.apache.hadoop.mapred.LocalDistributedCacheManager - Creating symlink: /tmp/hadoop-root/mapred/local/job_local1035827357_0002_b4cb0abd-9e2e-48b1-b32a-e6a3686ef674/antlr-runtime-3.4.jar <- /opt/pig-0.17.0/scripts/antlr-runtime-3.4.jar
2025-11-15 17:52:06,506 [JobControl] INFO  org.apache.hadoop.mapred.LocalDistributedCacheManager - Localized hdfs://namenode:8020/tmp/temp1333652567/tmp-1031606570/antlr-runtime-3.4.jar as file:/tmp/hadoop-root/mapred/local/job_local1035827357_0002_b4cb0abd-9e2e-48b1-b32a-e6a3686ef674/antlr-runtime-3.4.jar
2025-11-15 17:52:06,506 [JobControl] INFO  org.apache.hadoop.mapred.LocalDistributedCacheManager - Creating symlink: /tmp/hadoop-root/mapred/local/job_local1035827357_0002_6618baf5-f93e-46fa-83b6-3b6b03af04fe/joda-time-2.9.3.jar <- /opt/pig-0.17.0/scripts/joda-time-2.9.3.jar
2025-11-15 17:52:06,508 [JobControl] INFO  org.apache.hadoop.mapred.LocalDistributedCacheManager - Localized hdfs://namenode:8020/tmp/temp1333652567/tmp1157949214/joda-time-2.9.3.jar as file:/tmp/hadoop-root/mapred/local/job_local1035827357_0002_6618baf5-f93e-46fa-83b6-3b6b03af04fe/joda-time-2.9.3.jar
2025-11-15 17:52:06,536 [JobControl] INFO  org.apache.hadoop.mapred.LocalDistributedCacheManager - file:/tmp/hadoop-root/mapred/local/job_local1035827357_0002_5680daee-7f65-4f40-9e4a-e2cc77dcf896/pig-0.17.0-core-h2.jar
2025-11-15 17:52:06,536 [JobControl] INFO  org.apache.hadoop.mapred.LocalDistributedCacheManager - file:/tmp/hadoop-root/mapred/local/job_local1035827357_0002_78ce6fc6-7299-4547-9c34-2b62385c6dfe/automaton-1.11-8.jar
2025-11-15 17:52:06,536 [JobControl] INFO  org.apache.hadoop.mapred.LocalDistributedCacheManager - file:/tmp/hadoop-root/mapred/local/job_local1035827357_0002_b4cb0abd-9e2e-48b1-b32a-e6a3686ef674/antlr-runtime-3.4.jar
2025-11-15 17:52:06,536 [JobControl] INFO  org.apache.hadoop.mapred.LocalDistributedCacheManager - file:/tmp/hadoop-root/mapred/local/job_local1035827357_0002_6618baf5-f93e-46fa-83b6-3b6b03af04fe/joda-time-2.9.3.jar
2025-11-15 17:52:06,536 [JobControl] INFO  org.apache.hadoop.mapreduce.Job - The url to track the job: http://localhost:8080/
2025-11-15 17:52:06,536 [Thread-60] INFO  org.apache.hadoop.mapred.LocalJobRunner - OutputCommitter set in config null
2025-11-15 17:52:06,543 [Thread-60] INFO  org.apache.hadoop.conf.Configuration.deprecation - mapred.textoutputformat.separator is deprecated. Instead, use mapreduce.output.textoutputformat.separator
2025-11-15 17:52:06,543 [Thread-60] INFO  org.apache.hadoop.conf.Configuration.deprecation - mapred.reduce.tasks is deprecated. Instead, use mapreduce.job.reduces
2025-11-15 17:52:06,544 [Thread-60] INFO  org.apache.hadoop.conf.Configuration.deprecation - mapred.job.reduce.markreset.buffer.percent is deprecated. Instead, use mapreduce.reduce.markreset.buffer.percent
2025-11-15 17:52:06,544 [Thread-60] INFO  org.apache.hadoop.mapreduce.lib.output.FileOutputCommitter - File Output Committer Algorithm version is 2
2025-11-15 17:52:06,544 [Thread-60] INFO  org.apache.hadoop.mapreduce.lib.output.FileOutputCommitter - FileOutputCommitter skip cleanup _temporary folders under output directory:false, ignore cleanup failures: false
2025-11-15 17:52:06,545 [Thread-60] INFO  org.apache.hadoop.mapreduce.lib.output.FileOutputCommitter - File Output Committer Algorithm version is 2
2025-11-15 17:52:06,545 [Thread-60] INFO  org.apache.hadoop.mapreduce.lib.output.FileOutputCommitter - FileOutputCommitter skip cleanup _temporary folders under output directory:false, ignore cleanup failures: false
2025-11-15 17:52:06,545 [Thread-60] INFO  org.apache.hadoop.mapred.LocalJobRunner - OutputCommitter is org.apache.pig.backend.hadoop.executionengine.mapReduceLayer.PigOutputCommitter
2025-11-15 17:52:06,557 [Thread-60] INFO  org.apache.hadoop.mapred.LocalJobRunner - Waiting for map tasks
2025-11-15 17:52:06,557 [LocalJobRunner Map Task Executor #0] INFO  org.apache.hadoop.mapred.LocalJobRunner - Starting task: attempt_local1035827357_0002_m_000000_0
2025-11-15 17:52:06,566 [LocalJobRunner Map Task Executor #0] INFO  org.apache.hadoop.mapreduce.lib.output.FileOutputCommitter - File Output Committer Algorithm version is 2
2025-11-15 17:52:06,566 [LocalJobRunner Map Task Executor #0] INFO  org.apache.hadoop.mapreduce.lib.output.FileOutputCommitter - FileOutputCommitter skip cleanup _temporary folders under output directory:false, ignore cleanup failures: false
2025-11-15 17:52:06,567 [LocalJobRunner Map Task Executor #0] INFO  org.apache.hadoop.mapreduce.lib.output.FileOutputCommitter - File Output Committer Algorithm version is 2
2025-11-15 17:52:06,567 [LocalJobRunner Map Task Executor #0] INFO  org.apache.hadoop.mapreduce.lib.output.FileOutputCommitter - FileOutputCommitter skip cleanup _temporary folders under output directory:false, ignore cleanup failures: false
2025-11-15 17:52:06,568 [LocalJobRunner Map Task Executor #0] INFO  org.apache.hadoop.mapred.Task -  Using ResourceCalculatorProcessTree : [ ]
2025-11-15 17:52:06,569 [LocalJobRunner Map Task Executor #0] INFO  org.apache.hadoop.mapred.MapTask - Processing split: Number of splits :1
Total Length = 270000
Input split[0]:
   Length = 270000
   ClassName: org.apache.hadoop.mapreduce.lib.input.FileSplit
   Locations:

-----------------------

2025-11-15 17:52:06,575 [LocalJobRunner Map Task Executor #0] INFO  org.apache.pig.backend.hadoop.executionengine.mapReduceLayer.PigRecordReader - Current split being processed hdfs://namenode:8020/tmp/temp1333652567/tmp-1755844055/part-r-00000:0+270000
2025-11-15 17:52:06,580 [LocalJobRunner Map Task Executor #0] INFO  org.apache.hadoop.mapred.MapTask - (EQUATOR) 0 kvi 26214396(104857584)
2025-11-15 17:52:06,580 [LocalJobRunner Map Task Executor #0] INFO  org.apache.hadoop.mapred.MapTask - mapreduce.task.io.sort.mb: 100
2025-11-15 17:52:06,580 [LocalJobRunner Map Task Executor #0] INFO  org.apache.hadoop.mapred.MapTask - soft limit at 83886080
2025-11-15 17:52:06,580 [LocalJobRunner Map Task Executor #0] INFO  org.apache.hadoop.mapred.MapTask - bufstart = 0; bufvoid = 104857600
2025-11-15 17:52:06,580 [LocalJobRunner Map Task Executor #0] INFO  org.apache.hadoop.mapred.MapTask - kvstart = 26214396; length = 6553600
2025-11-15 17:52:06,583 [LocalJobRunner Map Task Executor #0] INFO  org.apache.hadoop.mapred.MapTask - Map output collector class = org.apache.hadoop.mapred.MapTask$MapOutputBuffer
2025-11-15 17:52:06,587 [LocalJobRunner Map Task Executor #0] INFO  org.apache.pig.impl.util.SpillableMemoryManager - Selected heap (PS Old Gen) of size 699400192 to monitor. collectionUsageThreshold = 489580128, usageThreshold = 489580128
2025-11-15 17:52:06,587 [LocalJobRunner Map Task Executor #0] WARN  org.apache.pig.data.SchemaTupleBackend - SchemaTupleBackend has already been initialized
2025-11-15 17:52:06,588 [LocalJobRunner Map Task Executor #0] INFO  org.apache.pig.backend.hadoop.executionengine.mapReduceLayer.PigGenericMapReduce$Map - Aliases being processed per job phase (AliasName[line,offset]): M: CNT[15,6],GRP[14,6] C: CNT[15,6],GRP[14,6] R: CNT[15,6]
2025-11-15 17:52:06,682 [LocalJobRunner Map Task Executor #0] INFO  org.apache.hadoop.mapred.LocalJobRunner - 
2025-11-15 17:52:06,682 [LocalJobRunner Map Task Executor #0] INFO  org.apache.hadoop.mapred.MapTask - Starting flush of map output
2025-11-15 17:52:06,682 [LocalJobRunner Map Task Executor #0] INFO  org.apache.hadoop.mapred.MapTask - Spilling map output
2025-11-15 17:52:06,682 [LocalJobRunner Map Task Executor #0] INFO  org.apache.hadoop.mapred.MapTask - bufstart = 0; bufend = 290000; bufvoid = 104857600
2025-11-15 17:52:06,682 [LocalJobRunner Map Task Executor #0] INFO  org.apache.hadoop.mapred.MapTask - kvstart = 26214396(104857584); kvend = 26134400(104537600); length = 79997/6553600
2025-11-15 17:52:06,702 [LocalJobRunner Map Task Executor #0] INFO  org.apache.pig.backend.hadoop.executionengine.mapReduceLayer.PigCombiner$Combine - Aliases being processed per job phase (AliasName[line,offset]): M: CNT[15,6],GRP[14,6] C: CNT[15,6],GRP[14,6] R: CNT[15,6]
2025-11-15 17:52:06,729 [LocalJobRunner Map Task Executor #0] INFO  org.apache.hadoop.mapred.MapTask - Finished spill 0
2025-11-15 17:52:06,732 [LocalJobRunner Map Task Executor #0] INFO  org.apache.hadoop.mapred.Task - Task:attempt_local1035827357_0002_m_000000_0 is done. And is in the process of committing
2025-11-15 17:52:06,733 [LocalJobRunner Map Task Executor #0] INFO  org.apache.hadoop.mapred.LocalJobRunner - map
2025-11-15 17:52:06,733 [LocalJobRunner Map Task Executor #0] INFO  org.apache.hadoop.mapred.Task - Task 'attempt_local1035827357_0002_m_000000_0' done.
2025-11-15 17:52:06,734 [LocalJobRunner Map Task Executor #0] INFO  org.apache.hadoop.mapred.Task - Final Counters for attempt_local1035827357_0002_m_000000_0: Counters: 24
	File System Counters
		FILE: Number of bytes read=585657
		FILE: Number of bytes written=13523080
		FILE: Number of read operations=0
		FILE: Number of large read operations=0
		FILE: Number of write operations=0
		HDFS: Number of bytes read=11932297
		HDFS: Number of bytes written=11781564
		HDFS: Number of read operations=90
		HDFS: Number of large read operations=0
		HDFS: Number of write operations=25
		HDFS: Number of bytes read erasure-coded=0
	Map-Reduce Framework
		Map input records=20000
		Map output records=20000
		Map output bytes=290000
		Map output materialized bytes=80
		Input split bytes=394
		Combine input records=20000
		Combine output records=4
		Spilled Records=4
		Failed Shuffles=0
		Merged Map outputs=0
		GC time elapsed (ms)=0
		Total committed heap usage (bytes)=452460544
	File Input Format Counters 
		Bytes Read=0
2025-11-15 17:52:06,734 [LocalJobRunner Map Task Executor #0] INFO  org.apache.hadoop.mapred.LocalJobRunner - Finishing task: attempt_local1035827357_0002_m_000000_0
2025-11-15 17:52:06,734 [Thread-60] INFO  org.apache.hadoop.mapred.LocalJobRunner - map task executor complete.
2025-11-15 17:52:06,734 [Thread-60] INFO  org.apache.hadoop.mapred.LocalJobRunner - Waiting for reduce tasks
2025-11-15 17:52:06,734 [pool-12-thread-1] INFO  org.apache.hadoop.mapred.LocalJobRunner - Starting task: attempt_local1035827357_0002_r_000000_0
2025-11-15 17:52:06,749 [pool-12-thread-1] INFO  org.apache.hadoop.mapreduce.lib.output.FileOutputCommitter - File Output Committer Algorithm version is 2
2025-11-15 17:52:06,749 [pool-12-thread-1] INFO  org.apache.hadoop.mapreduce.lib.output.FileOutputCommitter - FileOutputCommitter skip cleanup _temporary folders under output directory:false, ignore cleanup failures: false
2025-11-15 17:52:06,751 [pool-12-thread-1] INFO  org.apache.hadoop.mapreduce.lib.output.FileOutputCommitter - File Output Committer Algorithm version is 2
2025-11-15 17:52:06,751 [pool-12-thread-1] INFO  org.apache.hadoop.mapreduce.lib.output.FileOutputCommitter - FileOutputCommitter skip cleanup _temporary folders under output directory:false, ignore cleanup failures: false
2025-11-15 17:52:06,756 [pool-12-thread-1] INFO  org.apache.hadoop.mapred.Task -  Using ResourceCalculatorProcessTree : [ ]
2025-11-15 17:52:06,756 [pool-12-thread-1] INFO  org.apache.hadoop.mapred.ReduceTask - Using ShuffleConsumerPlugin: org.apache.hadoop.mapreduce.task.reduce.Shuffle@3ed57859
2025-11-15 17:52:06,756 [pool-12-thread-1] WARN  org.apache.hadoop.metrics2.impl.MetricsSystemImpl - JobTracker metrics system already initialized!
2025-11-15 17:52:06,758 [pool-12-thread-1] INFO  org.apache.hadoop.mapreduce.task.reduce.MergeManagerImpl - MergerManager: memoryLimit=652528832, maxSingleShuffleLimit=163132208, mergeThreshold=430669056, ioSortFactor=10, memToMemMergeOutputsThreshold=10
2025-11-15 17:52:06,758 [EventFetcher for fetching Map Completion Events] INFO  org.apache.hadoop.mapreduce.task.reduce.EventFetcher - attempt_local1035827357_0002_r_000000_0 Thread started: EventFetcher for fetching Map Completion Events
2025-11-15 17:52:06,761 [localfetcher#2] INFO  org.apache.hadoop.mapreduce.task.reduce.LocalFetcher - localfetcher#2 about to shuffle output of map attempt_local1035827357_0002_m_000000_0 decomp: 76 len: 80 to MEMORY
2025-11-15 17:52:06,762 [localfetcher#2] INFO  org.apache.hadoop.mapreduce.task.reduce.InMemoryMapOutput - Read 76 bytes from map-output for attempt_local1035827357_0002_m_000000_0
2025-11-15 17:52:06,762 [localfetcher#2] INFO  org.apache.hadoop.mapreduce.task.reduce.MergeManagerImpl - closeInMemoryFile -> map-output of size: 76, inMemoryMapOutputs.size() -> 1, commitMemory -> 0, usedMemory ->76
2025-11-15 17:52:06,763 [EventFetcher for fetching Map Completion Events] INFO  org.apache.hadoop.mapreduce.task.reduce.EventFetcher - EventFetcher is interrupted.. Returning
2025-11-15 17:52:06,763 [pool-12-thread-1] INFO  org.apache.hadoop.mapred.LocalJobRunner - 1 / 1 copied.
2025-11-15 17:52:06,763 [pool-12-thread-1] INFO  org.apache.hadoop.mapreduce.task.reduce.MergeManagerImpl - finalMerge called with 1 in-memory map-outputs and 0 on-disk map-outputs
2025-11-15 17:52:06,764 [pool-12-thread-1] INFO  org.apache.hadoop.mapred.Merger - Merging 1 sorted segments
2025-11-15 17:52:06,764 [pool-12-thread-1] INFO  org.apache.hadoop.mapred.Merger - Down to the last merge-pass, with 1 segments left of total size: 69 bytes
2025-11-15 17:52:06,765 [pool-12-thread-1] INFO  org.apache.hadoop.mapreduce.task.reduce.MergeManagerImpl - Merged 1 segments, 76 bytes to disk to satisfy reduce memory limit
2025-11-15 17:52:06,765 [pool-12-thread-1] INFO  org.apache.hadoop.mapreduce.task.reduce.MergeManagerImpl - Merging 1 files, 80 bytes from disk
2025-11-15 17:52:06,765 [pool-12-thread-1] INFO  org.apache.hadoop.mapreduce.task.reduce.MergeManagerImpl - Merging 0 segments, 0 bytes from memory into reduce
2025-11-15 17:52:06,765 [pool-12-thread-1] INFO  org.apache.hadoop.mapred.Merger - Merging 1 sorted segments
2025-11-15 17:52:06,766 [pool-12-thread-1] INFO  org.apache.hadoop.mapred.Merger - Down to the last merge-pass, with 1 segments left of total size: 69 bytes
2025-11-15 17:52:06,766 [pool-12-thread-1] INFO  org.apache.hadoop.mapred.LocalJobRunner - 1 / 1 copied.
2025-11-15 17:52:06,767 [pool-12-thread-1] INFO  org.apache.pig.impl.util.SpillableMemoryManager - Selected heap (PS Old Gen) of size 699400192 to monitor. collectionUsageThreshold = 489580128, usageThreshold = 489580128
2025-11-15 17:52:06,767 [pool-12-thread-1] WARN  org.apache.pig.data.SchemaTupleBackend - SchemaTupleBackend has already been initialized
2025-11-15 17:52:06,770 [pool-12-thread-1] INFO  org.apache.pig.backend.hadoop.executionengine.mapReduceLayer.PigMapReduce$Reduce - Aliases being processed per job phase (AliasName[line,offset]): M: CNT[15,6],GRP[14,6] C: CNT[15,6],GRP[14,6] R: CNT[15,6]
2025-11-15 17:52:06,774 [pool-12-thread-1] INFO  org.apache.hadoop.mapreduce.lib.output.FileOutputCommitter - File Output Committer Algorithm version is 2
2025-11-15 17:52:06,774 [pool-12-thread-1] INFO  org.apache.hadoop.mapreduce.lib.output.FileOutputCommitter - FileOutputCommitter skip cleanup _temporary folders under output directory:false, ignore cleanup failures: false
2025-11-15 17:52:06,782 [pool-12-thread-1] INFO  org.apache.hadoop.mapreduce.lib.output.FileOutputCommitter - File Output Committer Algorithm version is 2
2025-11-15 17:52:06,782 [pool-12-thread-1] INFO  org.apache.hadoop.mapreduce.lib.output.FileOutputCommitter - FileOutputCommitter skip cleanup _temporary folders under output directory:false, ignore cleanup failures: false
2025-11-15 17:52:06,791 [Thread-87] INFO  org.apache.hadoop.hdfs.protocol.datatransfer.sasl.SaslDataTransferClient - SASL encryption trust check: localHostTrusted = false, remoteHostTrusted = false
2025-11-15 17:52:06,801 [Thread-88] INFO  org.apache.hadoop.hdfs.protocol.datatransfer.sasl.SaslDataTransferClient - SASL encryption trust check: localHostTrusted = false, remoteHostTrusted = false
2025-11-15 17:52:06,809 [pool-12-thread-1] INFO  org.apache.hadoop.mapred.Task - Task:attempt_local1035827357_0002_r_000000_0 is done. And is in the process of committing
2025-11-15 17:52:06,813 [pool-12-thread-1] INFO  org.apache.hadoop.mapred.LocalJobRunner - 1 / 1 copied.
2025-11-15 17:52:06,813 [pool-12-thread-1] INFO  org.apache.hadoop.mapred.Task - Task attempt_local1035827357_0002_r_000000_0 is allowed to commit now
2025-11-15 17:52:06,821 [pool-12-thread-1] INFO  org.apache.hadoop.mapreduce.lib.output.FileOutputCommitter - Saved output of task 'attempt_local1035827357_0002_r_000000_0' to hdfs://namenode:8020/data/output/yahoo/full
2025-11-15 17:52:06,830 [pool-12-thread-1] INFO  org.apache.hadoop.mapreduce.lib.output.FileOutputCommitter - Saved output of task 'attempt_local1035827357_0002_r_000000_0' to hdfs://namenode:8020/tmp/temp1333652567/tmp-1263067188
2025-11-15 17:52:06,831 [pool-12-thread-1] INFO  org.apache.hadoop.mapred.LocalJobRunner - reduce > reduce
2025-11-15 17:52:06,831 [pool-12-thread-1] INFO  org.apache.hadoop.mapred.Task - Task 'attempt_local1035827357_0002_r_000000_0' done.
2025-11-15 17:52:06,831 [pool-12-thread-1] INFO  org.apache.hadoop.mapred.Task - Final Counters for attempt_local1035827357_0002_r_000000_0: Counters: 31
	File System Counters
		FILE: Number of bytes read=585849
		FILE: Number of bytes written=13523160
		FILE: Number of read operations=0
		FILE: Number of large read operations=0
		FILE: Number of write operations=0
		HDFS: Number of bytes read=11932297
		HDFS: Number of bytes written=11781680
		HDFS: Number of read operations=99
		HDFS: Number of large read operations=0
		HDFS: Number of write operations=29
		HDFS: Number of bytes read erasure-coded=0
	Map-Reduce Framework
		Combine input records=0
		Combine output records=0
		Reduce input groups=4
		Reduce shuffle bytes=80
		Reduce input records=4
		Reduce output records=0
		Spilled Records=4
		Shuffled Maps =1
		Failed Shuffles=0
		Merged Map outputs=1
		GC time elapsed (ms)=0
		Total committed heap usage (bytes)=452460544
	MultiStoreCounters
		Output records in _0_full=4
	Shuffle Errors
		BAD_ID=0
		CONNECTION=0
		IO_ERROR=0
		WRONG_LENGTH=0
		WRONG_MAP=0
		WRONG_REDUCE=0
	File Output Format Counters 
		Bytes Written=0
2025-11-15 17:52:06,831 [pool-12-thread-1] INFO  org.apache.hadoop.mapred.LocalJobRunner - Finishing task: attempt_local1035827357_0002_r_000000_0
2025-11-15 17:52:06,831 [Thread-60] INFO  org.apache.hadoop.mapred.LocalJobRunner - reduce task executor complete.
2025-11-15 17:52:06,901 [main] INFO  org.apache.pig.backend.hadoop.executionengine.mapReduceLayer.MapReduceLauncher - HadoopJobId: job_local1035827357_0002
2025-11-15 17:52:06,901 [main] INFO  org.apache.pig.backend.hadoop.executionengine.mapReduceLayer.MapReduceLauncher - Processing aliases CNT,GRP
2025-11-15 17:52:06,901 [main] INFO  org.apache.pig.backend.hadoop.executionengine.mapReduceLayer.MapReduceLauncher - detailed locations: M: CNT[15,6],GRP[14,6] C: CNT[15,6],GRP[14,6] R: CNT[15,6]
2025-11-15 17:52:06,903 [main] INFO  org.apache.pig.backend.hadoop.executionengine.mapReduceLayer.MapReduceLauncher - 40% complete
2025-11-15 17:52:06,903 [main] INFO  org.apache.pig.backend.hadoop.executionengine.mapReduceLayer.MapReduceLauncher - Running jobs are [job_local1035827357_0002]
2025-11-15 17:52:11,912 [main] WARN  org.apache.hadoop.metrics2.impl.MetricsSystemImpl - JobTracker metrics system already initialized!
2025-11-15 17:52:11,915 [main] WARN  org.apache.hadoop.metrics2.impl.MetricsSystemImpl - JobTracker metrics system already initialized!
2025-11-15 17:52:11,916 [main] WARN  org.apache.hadoop.metrics2.impl.MetricsSystemImpl - JobTracker metrics system already initialized!
2025-11-15 17:52:11,922 [main] INFO  org.apache.pig.tools.pigstats.JobStats - using output size reader: org.apache.pig.backend.hadoop.executionengine.mapReduceLayer.FileBasedOutputSizeReader
2025-11-15 17:52:11,925 [main] INFO  org.apache.pig.tools.pigstats.mapreduce.MRScriptState - Pig script settings are added to the job
2025-11-15 17:52:11,925 [main] INFO  org.apache.pig.backend.hadoop.executionengine.mapReduceLayer.JobControlCompiler - mapred.job.reduce.markreset.buffer.percent is not set, set to default 0.3
2025-11-15 17:52:11,926 [main] INFO  org.apache.pig.backend.hadoop.executionengine.mapReduceLayer.JobControlCompiler - Reduce phase detected, estimating # of required reducers.
2025-11-15 17:52:11,926 [main] INFO  org.apache.pig.backend.hadoop.executionengine.mapReduceLayer.JobControlCompiler - Using reducer estimator: org.apache.pig.backend.hadoop.executionengine.mapReduceLayer.InputSizeReducerEstimator
2025-11-15 17:52:11,928 [main] INFO  org.apache.pig.backend.hadoop.executionengine.mapReduceLayer.InputSizeReducerEstimator - BytesPerReducer=1000000000 maxReducers=999 totalInputFileSize=66
2025-11-15 17:52:11,929 [main] INFO  org.apache.pig.backend.hadoop.executionengine.mapReduceLayer.JobControlCompiler - Setting Parallelism to 1
2025-11-15 17:52:11,929 [main] INFO  org.apache.pig.backend.hadoop.executionengine.mapReduceLayer.JobControlCompiler - This job cannot be converted run in-process
2025-11-15 17:52:11,938 [Thread-93] INFO  org.apache.hadoop.hdfs.protocol.datatransfer.sasl.SaslDataTransferClient - SASL encryption trust check: localHostTrusted = false, remoteHostTrusted = false
2025-11-15 17:52:12,363 [main] INFO  org.apache.pig.backend.hadoop.executionengine.mapReduceLayer.JobControlCompiler - Added jar file:/opt/pig-0.17.0/pig-0.17.0-core-h2.jar to DistributedCache through /tmp/temp1333652567/tmp-1818326416/pig-0.17.0-core-h2.jar
2025-11-15 17:52:12,383 [Thread-95] INFO  org.apache.hadoop.hdfs.protocol.datatransfer.sasl.SaslDataTransferClient - SASL encryption trust check: localHostTrusted = false, remoteHostTrusted = false
2025-11-15 17:52:12,405 [main] INFO  org.apache.pig.backend.hadoop.executionengine.mapReduceLayer.JobControlCompiler - Added jar file:/opt/pig-0.17.0/lib/automaton-1.11-8.jar to DistributedCache through /tmp/temp1333652567/tmp1090660937/automaton-1.11-8.jar
2025-11-15 17:52:12,414 [Thread-97] INFO  org.apache.hadoop.hdfs.protocol.datatransfer.sasl.SaslDataTransferClient - SASL encryption trust check: localHostTrusted = false, remoteHostTrusted = false
2025-11-15 17:52:12,425 [main] INFO  org.apache.pig.backend.hadoop.executionengine.mapReduceLayer.JobControlCompiler - Added jar file:/opt/pig-0.17.0/lib/antlr-runtime-3.4.jar to DistributedCache through /tmp/temp1333652567/tmp1736387013/antlr-runtime-3.4.jar
2025-11-15 17:52:12,432 [Thread-99] INFO  org.apache.hadoop.hdfs.protocol.datatransfer.sasl.SaslDataTransferClient - SASL encryption trust check: localHostTrusted = false, remoteHostTrusted = false
2025-11-15 17:52:12,847 [main] INFO  org.apache.pig.backend.hadoop.executionengine.mapReduceLayer.JobControlCompiler - Added jar file:/opt/pig-0.17.0/lib/joda-time-2.9.3.jar to DistributedCache through /tmp/temp1333652567/tmp-1944562762/joda-time-2.9.3.jar
2025-11-15 17:52:12,849 [main] INFO  org.apache.pig.backend.hadoop.executionengine.mapReduceLayer.JobControlCompiler - Setting up single store job
2025-11-15 17:52:12,868 [main] INFO  org.apache.pig.backend.hadoop.executionengine.mapReduceLayer.MapReduceLauncher - 1 map-reduce job(s) waiting for submission.
2025-11-15 17:52:12,870 [JobControl] WARN  org.apache.hadoop.metrics2.impl.MetricsSystemImpl - JobTracker metrics system already initialized!
2025-11-15 17:52:12,875 [JobControl] WARN  org.apache.hadoop.mapreduce.JobResourceUploader - No job jar file set.  User classes may not be found. See Job or Job#setJar(String).
2025-11-15 17:52:12,888 [JobControl] INFO  org.apache.hadoop.mapreduce.lib.input.FileInputFormat - Total input files to process : 1
2025-11-15 17:52:12,888 [JobControl] INFO  org.apache.pig.backend.hadoop.executionengine.util.MapRedUtil - Total input paths to process : 1
2025-11-15 17:52:12,888 [JobControl] INFO  org.apache.pig.backend.hadoop.executionengine.util.MapRedUtil - Total input paths (combined) to process : 1
2025-11-15 17:52:12,891 [JobControl] INFO  org.apache.hadoop.mapreduce.JobSubmitter - number of splits:1
2025-11-15 17:52:12,911 [JobControl] INFO  org.apache.hadoop.mapreduce.JobSubmitter - Submitting tokens for job: job_local17931764_0003
2025-11-15 17:52:12,911 [JobControl] INFO  org.apache.hadoop.mapreduce.JobSubmitter - Executing with tokens: []
2025-11-15 17:52:12,949 [LocalDistributedCacheManager Downloader #0] INFO  org.apache.hadoop.hdfs.protocol.datatransfer.sasl.SaslDataTransferClient - SASL encryption trust check: localHostTrusted = false, remoteHostTrusted = false
2025-11-15 17:52:12,949 [LocalDistributedCacheManager Downloader #3] INFO  org.apache.hadoop.hdfs.protocol.datatransfer.sasl.SaslDataTransferClient - SASL encryption trust check: localHostTrusted = false, remoteHostTrusted = false
2025-11-15 17:52:12,949 [LocalDistributedCacheManager Downloader #2] INFO  org.apache.hadoop.hdfs.protocol.datatransfer.sasl.SaslDataTransferClient - SASL encryption trust check: localHostTrusted = false, remoteHostTrusted = false
2025-11-15 17:52:12,949 [LocalDistributedCacheManager Downloader #1] INFO  org.apache.hadoop.hdfs.protocol.datatransfer.sasl.SaslDataTransferClient - SASL encryption trust check: localHostTrusted = false, remoteHostTrusted = false
2025-11-15 17:52:12,980 [JobControl] INFO  org.apache.hadoop.mapred.LocalDistributedCacheManager - Creating symlink: /tmp/hadoop-root/mapred/local/job_local17931764_0003_500eefd0-d110-4e22-95b1-0189108e65c6/pig-0.17.0-core-h2.jar <- /opt/pig-0.17.0/scripts/pig-0.17.0-core-h2.jar
2025-11-15 17:52:12,982 [JobControl] INFO  org.apache.hadoop.mapred.LocalDistributedCacheManager - Localized hdfs://namenode:8020/tmp/temp1333652567/tmp-1818326416/pig-0.17.0-core-h2.jar as file:/tmp/hadoop-root/mapred/local/job_local17931764_0003_500eefd0-d110-4e22-95b1-0189108e65c6/pig-0.17.0-core-h2.jar
2025-11-15 17:52:12,982 [JobControl] INFO  org.apache.hadoop.mapred.LocalDistributedCacheManager - Creating symlink: /tmp/hadoop-root/mapred/local/job_local17931764_0003_c05a22ee-a406-458d-8419-6e451a8a7bb8/automaton-1.11-8.jar <- /opt/pig-0.17.0/scripts/automaton-1.11-8.jar
2025-11-15 17:52:12,983 [JobControl] INFO  org.apache.hadoop.mapred.LocalDistributedCacheManager - Localized hdfs://namenode:8020/tmp/temp1333652567/tmp1090660937/automaton-1.11-8.jar as file:/tmp/hadoop-root/mapred/local/job_local17931764_0003_c05a22ee-a406-458d-8419-6e451a8a7bb8/automaton-1.11-8.jar
2025-11-15 17:52:12,983 [JobControl] INFO  org.apache.hadoop.mapred.LocalDistributedCacheManager - Creating symlink: /tmp/hadoop-root/mapred/local/job_local17931764_0003_28c33939-429a-48b4-a486-d43ba580ca01/antlr-runtime-3.4.jar <- /opt/pig-0.17.0/scripts/antlr-runtime-3.4.jar
2025-11-15 17:52:12,985 [JobControl] INFO  org.apache.hadoop.mapred.LocalDistributedCacheManager - Localized hdfs://namenode:8020/tmp/temp1333652567/tmp1736387013/antlr-runtime-3.4.jar as file:/tmp/hadoop-root/mapred/local/job_local17931764_0003_28c33939-429a-48b4-a486-d43ba580ca01/antlr-runtime-3.4.jar
2025-11-15 17:52:12,985 [JobControl] INFO  org.apache.hadoop.mapred.LocalDistributedCacheManager - Creating symlink: /tmp/hadoop-root/mapred/local/job_local17931764_0003_d672978e-0399-4337-8207-f6c8ffb69635/joda-time-2.9.3.jar <- /opt/pig-0.17.0/scripts/joda-time-2.9.3.jar
2025-11-15 17:52:12,986 [JobControl] INFO  org.apache.hadoop.mapred.LocalDistributedCacheManager - Localized hdfs://namenode:8020/tmp/temp1333652567/tmp-1944562762/joda-time-2.9.3.jar as file:/tmp/hadoop-root/mapred/local/job_local17931764_0003_d672978e-0399-4337-8207-f6c8ffb69635/joda-time-2.9.3.jar
2025-11-15 17:52:13,020 [JobControl] INFO  org.apache.hadoop.mapred.LocalDistributedCacheManager - file:/tmp/hadoop-root/mapred/local/job_local17931764_0003_500eefd0-d110-4e22-95b1-0189108e65c6/pig-0.17.0-core-h2.jar
2025-11-15 17:52:13,020 [JobControl] INFO  org.apache.hadoop.mapred.LocalDistributedCacheManager - file:/tmp/hadoop-root/mapred/local/job_local17931764_0003_c05a22ee-a406-458d-8419-6e451a8a7bb8/automaton-1.11-8.jar
2025-11-15 17:52:13,020 [JobControl] INFO  org.apache.hadoop.mapred.LocalDistributedCacheManager - file:/tmp/hadoop-root/mapred/local/job_local17931764_0003_28c33939-429a-48b4-a486-d43ba580ca01/antlr-runtime-3.4.jar
2025-11-15 17:52:13,020 [JobControl] INFO  org.apache.hadoop.mapred.LocalDistributedCacheManager - file:/tmp/hadoop-root/mapred/local/job_local17931764_0003_d672978e-0399-4337-8207-f6c8ffb69635/joda-time-2.9.3.jar
2025-11-15 17:52:13,020 [JobControl] INFO  org.apache.hadoop.mapreduce.Job - The url to track the job: http://localhost:8080/
2025-11-15 17:52:13,020 [Thread-101] INFO  org.apache.hadoop.mapred.LocalJobRunner - OutputCommitter set in config null
2025-11-15 17:52:13,028 [Thread-101] INFO  org.apache.hadoop.conf.Configuration.deprecation - mapred.reduce.tasks is deprecated. Instead, use mapreduce.job.reduces
2025-11-15 17:52:13,028 [Thread-101] INFO  org.apache.hadoop.conf.Configuration.deprecation - mapred.job.reduce.markreset.buffer.percent is deprecated. Instead, use mapreduce.reduce.markreset.buffer.percent
2025-11-15 17:52:13,028 [Thread-101] INFO  org.apache.hadoop.mapreduce.lib.output.FileOutputCommitter - File Output Committer Algorithm version is 2
2025-11-15 17:52:13,028 [Thread-101] INFO  org.apache.hadoop.mapreduce.lib.output.FileOutputCommitter - FileOutputCommitter skip cleanup _temporary folders under output directory:false, ignore cleanup failures: false
2025-11-15 17:52:13,028 [Thread-101] INFO  org.apache.hadoop.mapred.LocalJobRunner - OutputCommitter is org.apache.pig.backend.hadoop.executionengine.mapReduceLayer.PigOutputCommitter
2025-11-15 17:52:13,034 [Thread-101] INFO  org.apache.hadoop.mapred.LocalJobRunner - Waiting for map tasks
2025-11-15 17:52:13,034 [LocalJobRunner Map Task Executor #0] INFO  org.apache.hadoop.mapred.LocalJobRunner - Starting task: attempt_local17931764_0003_m_000000_0
2025-11-15 17:52:13,044 [LocalJobRunner Map Task Executor #0] INFO  org.apache.hadoop.mapreduce.lib.output.FileOutputCommitter - File Output Committer Algorithm version is 2
2025-11-15 17:52:13,044 [LocalJobRunner Map Task Executor #0] INFO  org.apache.hadoop.mapreduce.lib.output.FileOutputCommitter - FileOutputCommitter skip cleanup _temporary folders under output directory:false, ignore cleanup failures: false
2025-11-15 17:52:13,044 [LocalJobRunner Map Task Executor #0] INFO  org.apache.hadoop.mapred.Task -  Using ResourceCalculatorProcessTree : [ ]
2025-11-15 17:52:13,046 [LocalJobRunner Map Task Executor #0] INFO  org.apache.hadoop.mapred.MapTask - Processing split: Number of splits :1
Total Length = 66
Input split[0]:
   Length = 66
   ClassName: org.apache.hadoop.mapreduce.lib.input.FileSplit
   Locations:

-----------------------

2025-11-15 17:52:13,049 [LocalJobRunner Map Task Executor #0] INFO  org.apache.pig.backend.hadoop.executionengine.mapReduceLayer.PigRecordReader - Current split being processed hdfs://namenode:8020/tmp/temp1333652567/tmp-1263067188/part-r-00000:0+66
2025-11-15 17:52:13,059 [LocalJobRunner Map Task Executor #0] INFO  org.apache.hadoop.mapred.MapTask - (EQUATOR) 0 kvi 26214396(104857584)
2025-11-15 17:52:13,059 [LocalJobRunner Map Task Executor #0] INFO  org.apache.hadoop.mapred.MapTask - mapreduce.task.io.sort.mb: 100
2025-11-15 17:52:13,059 [LocalJobRunner Map Task Executor #0] INFO  org.apache.hadoop.mapred.MapTask - soft limit at 83886080
2025-11-15 17:52:13,059 [LocalJobRunner Map Task Executor #0] INFO  org.apache.hadoop.mapred.MapTask - bufstart = 0; bufvoid = 104857600
2025-11-15 17:52:13,059 [LocalJobRunner Map Task Executor #0] INFO  org.apache.hadoop.mapred.MapTask - kvstart = 26214396; length = 6553600
2025-11-15 17:52:13,062 [LocalJobRunner Map Task Executor #0] INFO  org.apache.hadoop.mapred.MapTask - Map output collector class = org.apache.hadoop.mapred.MapTask$MapOutputBuffer
2025-11-15 17:52:13,064 [LocalJobRunner Map Task Executor #0] INFO  org.apache.pig.impl.util.SpillableMemoryManager - Selected heap (PS Old Gen) of size 699400192 to monitor. collectionUsageThreshold = 489580128, usageThreshold = 489580128
2025-11-15 17:52:13,065 [LocalJobRunner Map Task Executor #0] WARN  org.apache.pig.data.SchemaTupleBackend - SchemaTupleBackend has already been initialized
2025-11-15 17:52:13,066 [LocalJobRunner Map Task Executor #0] INFO  org.apache.pig.backend.hadoop.executionengine.mapReduceLayer.PigGenericMapReduce$Map - Aliases being processed per job phase (AliasName[line,offset]): M: ORD[16,6] C:  R: 
2025-11-15 17:52:13,067 [LocalJobRunner Map Task Executor #0] INFO  org.apache.hadoop.mapred.LocalJobRunner - 
2025-11-15 17:52:13,067 [LocalJobRunner Map Task Executor #0] INFO  org.apache.hadoop.mapred.MapTask - Starting flush of map output
2025-11-15 17:52:13,067 [LocalJobRunner Map Task Executor #0] INFO  org.apache.hadoop.mapred.MapTask - Spilling map output
2025-11-15 17:52:13,067 [LocalJobRunner Map Task Executor #0] INFO  org.apache.hadoop.mapred.MapTask - bufstart = 0; bufend = 72; bufvoid = 104857600
2025-11-15 17:52:13,067 [LocalJobRunner Map Task Executor #0] INFO  org.apache.hadoop.mapred.MapTask - kvstart = 26214396(104857584); kvend = 26214384(104857536); length = 13/6553600
2025-11-15 17:52:13,069 [LocalJobRunner Map Task Executor #0] INFO  org.apache.hadoop.mapred.MapTask - Finished spill 0
2025-11-15 17:52:13,072 [LocalJobRunner Map Task Executor #0] INFO  org.apache.hadoop.mapred.Task - Task:attempt_local17931764_0003_m_000000_0 is done. And is in the process of committing
2025-11-15 17:52:13,073 [LocalJobRunner Map Task Executor #0] INFO  org.apache.hadoop.mapred.LocalJobRunner - map
2025-11-15 17:52:13,073 [LocalJobRunner Map Task Executor #0] INFO  org.apache.hadoop.mapred.Task - Task 'attempt_local17931764_0003_m_000000_0' done.
2025-11-15 17:52:13,074 [LocalJobRunner Map Task Executor #0] INFO  org.apache.hadoop.mapred.Task - Final Counters for attempt_local17931764_0003_m_000000_0: Counters: 23
	File System Counters
		FILE: Number of bytes read=586296
		FILE: Number of bytes written=19975791
		FILE: Number of read operations=0
		FILE: Number of large read operations=0
		FILE: Number of write operations=0
		HDFS: Number of bytes read=17688145
		HDFS: Number of bytes written=17537462
		HDFS: Number of read operations=134
		HDFS: Number of large read operations=0
		HDFS: Number of write operations=42
		HDFS: Number of bytes read erasure-coded=0
	Map-Reduce Framework
		Map input records=4
		Map output records=4
		Map output bytes=72
		Map output materialized bytes=86
		Input split bytes=394
		Combine input records=0
		Spilled Records=4
		Failed Shuffles=0
		Merged Map outputs=0
		GC time elapsed (ms)=0
		Total committed heap usage (bytes)=518520832
	File Input Format Counters 
		Bytes Read=0
2025-11-15 17:52:13,074 [LocalJobRunner Map Task Executor #0] INFO  org.apache.hadoop.mapred.LocalJobRunner - Finishing task: attempt_local17931764_0003_m_000000_0
2025-11-15 17:52:13,074 [Thread-101] INFO  org.apache.hadoop.mapred.LocalJobRunner - map task executor complete.
2025-11-15 17:52:13,075 [Thread-101] INFO  org.apache.hadoop.mapred.LocalJobRunner - Waiting for reduce tasks
2025-11-15 17:52:13,075 [pool-15-thread-1] INFO  org.apache.hadoop.mapred.LocalJobRunner - Starting task: attempt_local17931764_0003_r_000000_0
2025-11-15 17:52:13,082 [pool-15-thread-1] INFO  org.apache.hadoop.mapreduce.lib.output.FileOutputCommitter - File Output Committer Algorithm version is 2
2025-11-15 17:52:13,082 [pool-15-thread-1] INFO  org.apache.hadoop.mapreduce.lib.output.FileOutputCommitter - FileOutputCommitter skip cleanup _temporary folders under output directory:false, ignore cleanup failures: false
2025-11-15 17:52:13,084 [pool-15-thread-1] INFO  org.apache.hadoop.mapred.Task -  Using ResourceCalculatorProcessTree : [ ]
2025-11-15 17:52:13,084 [pool-15-thread-1] INFO  org.apache.hadoop.mapred.ReduceTask - Using ShuffleConsumerPlugin: org.apache.hadoop.mapreduce.task.reduce.Shuffle@44913c04
2025-11-15 17:52:13,084 [pool-15-thread-1] WARN  org.apache.hadoop.metrics2.impl.MetricsSystemImpl - JobTracker metrics system already initialized!
2025-11-15 17:52:13,084 [pool-15-thread-1] INFO  org.apache.hadoop.mapreduce.task.reduce.MergeManagerImpl - MergerManager: memoryLimit=652528832, maxSingleShuffleLimit=163132208, mergeThreshold=430669056, ioSortFactor=10, memToMemMergeOutputsThreshold=10
2025-11-15 17:52:13,085 [EventFetcher for fetching Map Completion Events] INFO  org.apache.hadoop.mapreduce.task.reduce.EventFetcher - attempt_local17931764_0003_r_000000_0 Thread started: EventFetcher for fetching Map Completion Events
2025-11-15 17:52:13,089 [localfetcher#3] INFO  org.apache.hadoop.mapreduce.task.reduce.LocalFetcher - localfetcher#3 about to shuffle output of map attempt_local17931764_0003_m_000000_0 decomp: 82 len: 86 to MEMORY
2025-11-15 17:52:13,090 [localfetcher#3] INFO  org.apache.hadoop.mapreduce.task.reduce.InMemoryMapOutput - Read 82 bytes from map-output for attempt_local17931764_0003_m_000000_0
2025-11-15 17:52:13,090 [localfetcher#3] INFO  org.apache.hadoop.mapreduce.task.reduce.MergeManagerImpl - closeInMemoryFile -> map-output of size: 82, inMemoryMapOutputs.size() -> 1, commitMemory -> 0, usedMemory ->82
2025-11-15 17:52:13,090 [EventFetcher for fetching Map Completion Events] INFO  org.apache.hadoop.mapreduce.task.reduce.EventFetcher - EventFetcher is interrupted.. Returning
2025-11-15 17:52:13,090 [pool-15-thread-1] INFO  org.apache.hadoop.mapred.LocalJobRunner - 1 / 1 copied.
2025-11-15 17:52:13,091 [pool-15-thread-1] INFO  org.apache.hadoop.mapreduce.task.reduce.MergeManagerImpl - finalMerge called with 1 in-memory map-outputs and 0 on-disk map-outputs
2025-11-15 17:52:13,092 [pool-15-thread-1] INFO  org.apache.hadoop.mapred.Merger - Merging 1 sorted segments
2025-11-15 17:52:13,092 [pool-15-thread-1] INFO  org.apache.hadoop.mapred.Merger - Down to the last merge-pass, with 1 segments left of total size: 68 bytes
2025-11-15 17:52:13,093 [pool-15-thread-1] INFO  org.apache.hadoop.mapreduce.task.reduce.MergeManagerImpl - Merged 1 segments, 82 bytes to disk to satisfy reduce memory limit
2025-11-15 17:52:13,093 [pool-15-thread-1] INFO  org.apache.hadoop.mapreduce.task.reduce.MergeManagerImpl - Merging 1 files, 86 bytes from disk
2025-11-15 17:52:13,093 [pool-15-thread-1] INFO  org.apache.hadoop.mapreduce.task.reduce.MergeManagerImpl - Merging 0 segments, 0 bytes from memory into reduce
2025-11-15 17:52:13,093 [pool-15-thread-1] INFO  org.apache.hadoop.mapred.Merger - Merging 1 sorted segments
2025-11-15 17:52:13,093 [pool-15-thread-1] INFO  org.apache.hadoop.mapred.Merger - Down to the last merge-pass, with 1 segments left of total size: 68 bytes
2025-11-15 17:52:13,093 [pool-15-thread-1] INFO  org.apache.hadoop.mapred.LocalJobRunner - 1 / 1 copied.
2025-11-15 17:52:13,095 [pool-15-thread-1] INFO  org.apache.hadoop.mapreduce.lib.output.FileOutputCommitter - File Output Committer Algorithm version is 2
2025-11-15 17:52:13,095 [pool-15-thread-1] INFO  org.apache.hadoop.mapreduce.lib.output.FileOutputCommitter - FileOutputCommitter skip cleanup _temporary folders under output directory:false, ignore cleanup failures: false
2025-11-15 17:52:13,098 [pool-15-thread-1] INFO  org.apache.pig.impl.util.SpillableMemoryManager - Selected heap (PS Old Gen) of size 699400192 to monitor. collectionUsageThreshold = 489580128, usageThreshold = 489580128
2025-11-15 17:52:13,098 [pool-15-thread-1] WARN  org.apache.pig.data.SchemaTupleBackend - SchemaTupleBackend has already been initialized
2025-11-15 17:52:13,100 [pool-15-thread-1] INFO  org.apache.pig.backend.hadoop.executionengine.mapReduceLayer.PigMapReduce$Reduce - Aliases being processed per job phase (AliasName[line,offset]): M: ORD[16,6] C:  R: 
2025-11-15 17:52:13,106 [Thread-128] INFO  org.apache.hadoop.hdfs.protocol.datatransfer.sasl.SaslDataTransferClient - SASL encryption trust check: localHostTrusted = false, remoteHostTrusted = false
2025-11-15 17:52:13,112 [pool-15-thread-1] INFO  org.apache.hadoop.mapred.Task - Task:attempt_local17931764_0003_r_000000_0 is done. And is in the process of committing
2025-11-15 17:52:13,114 [pool-15-thread-1] INFO  org.apache.hadoop.mapred.LocalJobRunner - 1 / 1 copied.
2025-11-15 17:52:13,114 [pool-15-thread-1] INFO  org.apache.hadoop.mapred.Task - Task attempt_local17931764_0003_r_000000_0 is allowed to commit now
2025-11-15 17:52:13,121 [pool-15-thread-1] INFO  org.apache.hadoop.mapreduce.lib.output.FileOutputCommitter - Saved output of task 'attempt_local17931764_0003_r_000000_0' to hdfs://namenode:8020/tmp/temp1333652567/tmp-1762707189
2025-11-15 17:52:13,121 [pool-15-thread-1] INFO  org.apache.hadoop.mapred.LocalJobRunner - reduce > reduce
2025-11-15 17:52:13,121 [pool-15-thread-1] INFO  org.apache.hadoop.mapred.Task - Task 'attempt_local17931764_0003_r_000000_0' done.
2025-11-15 17:52:13,122 [pool-15-thread-1] INFO  org.apache.hadoop.mapred.Task - Final Counters for attempt_local17931764_0003_r_000000_0: Counters: 30
	File System Counters
		FILE: Number of bytes read=586500
		FILE: Number of bytes written=19975877
		FILE: Number of read operations=0
		FILE: Number of large read operations=0
		FILE: Number of write operations=0
		HDFS: Number of bytes read=17688145
		HDFS: Number of bytes written=17537513
		HDFS: Number of read operations=139
		HDFS: Number of large read operations=0
		HDFS: Number of write operations=44
		HDFS: Number of bytes read erasure-coded=0
	Map-Reduce Framework
		Combine input records=0
		Combine output records=0
		Reduce input groups=1
		Reduce shuffle bytes=86
		Reduce input records=4
		Reduce output records=1
		Spilled Records=4
		Shuffled Maps =1
		Failed Shuffles=0
		Merged Map outputs=1
		GC time elapsed (ms)=0
		Total committed heap usage (bytes)=518520832
	Shuffle Errors
		BAD_ID=0
		CONNECTION=0
		IO_ERROR=0
		WRONG_LENGTH=0
		WRONG_MAP=0
		WRONG_REDUCE=0
	File Output Format Counters 
		Bytes Written=0
2025-11-15 17:52:13,122 [pool-15-thread-1] INFO  org.apache.hadoop.mapred.LocalJobRunner - Finishing task: attempt_local17931764_0003_r_000000_0
2025-11-15 17:52:13,122 [Thread-101] INFO  org.apache.hadoop.mapred.LocalJobRunner - reduce task executor complete.
2025-11-15 17:52:13,369 [main] INFO  org.apache.pig.backend.hadoop.executionengine.mapReduceLayer.MapReduceLauncher - HadoopJobId: job_local17931764_0003
2025-11-15 17:52:13,370 [main] INFO  org.apache.pig.backend.hadoop.executionengine.mapReduceLayer.MapReduceLauncher - Processing aliases ORD
2025-11-15 17:52:13,370 [main] INFO  org.apache.pig.backend.hadoop.executionengine.mapReduceLayer.MapReduceLauncher - detailed locations: M: ORD[16,6] C:  R: 
2025-11-15 17:52:13,372 [main] INFO  org.apache.pig.backend.hadoop.executionengine.mapReduceLayer.MapReduceLauncher - 60% complete
2025-11-15 17:52:13,372 [main] INFO  org.apache.pig.backend.hadoop.executionengine.mapReduceLayer.MapReduceLauncher - Running jobs are [job_local17931764_0003]
2025-11-15 17:52:18,379 [main] WARN  org.apache.hadoop.metrics2.impl.MetricsSystemImpl - JobTracker metrics system already initialized!
2025-11-15 17:52:18,381 [main] WARN  org.apache.hadoop.metrics2.impl.MetricsSystemImpl - JobTracker metrics system already initialized!
2025-11-15 17:52:18,382 [main] WARN  org.apache.hadoop.metrics2.impl.MetricsSystemImpl - JobTracker metrics system already initialized!
2025-11-15 17:52:18,385 [main] INFO  org.apache.pig.tools.pigstats.mapreduce.MRScriptState - Pig script settings are added to the job
2025-11-15 17:52:18,386 [main] INFO  org.apache.pig.backend.hadoop.executionengine.mapReduceLayer.JobControlCompiler - mapred.job.reduce.markreset.buffer.percent is not set, set to default 0.3
2025-11-15 17:52:18,386 [main] INFO  org.apache.pig.backend.hadoop.executionengine.mapReduceLayer.JobControlCompiler - Reduce phase detected, estimating # of required reducers.
2025-11-15 17:52:18,386 [main] INFO  org.apache.pig.backend.hadoop.executionengine.mapReduceLayer.JobControlCompiler - Setting Parallelism to 1
2025-11-15 17:52:18,386 [main] INFO  org.apache.pig.backend.hadoop.executionengine.mapReduceLayer.JobControlCompiler - This job cannot be converted run in-process
2025-11-15 17:52:18,398 [Thread-131] INFO  org.apache.hadoop.hdfs.protocol.datatransfer.sasl.SaslDataTransferClient - SASL encryption trust check: localHostTrusted = false, remoteHostTrusted = false
2025-11-15 17:52:18,849 [main] INFO  org.apache.pig.backend.hadoop.executionengine.mapReduceLayer.JobControlCompiler - Added jar file:/opt/pig-0.17.0/pig-0.17.0-core-h2.jar to DistributedCache through /tmp/temp1333652567/tmp134336206/pig-0.17.0-core-h2.jar
2025-11-15 17:52:18,863 [Thread-133] INFO  org.apache.hadoop.hdfs.protocol.datatransfer.sasl.SaslDataTransferClient - SASL encryption trust check: localHostTrusted = false, remoteHostTrusted = false
2025-11-15 17:52:19,287 [main] INFO  org.apache.pig.backend.hadoop.executionengine.mapReduceLayer.JobControlCompiler - Added jar file:/opt/pig-0.17.0/lib/automaton-1.11-8.jar to DistributedCache through /tmp/temp1333652567/tmp1697998964/automaton-1.11-8.jar
2025-11-15 17:52:19,301 [Thread-135] INFO  org.apache.hadoop.hdfs.protocol.datatransfer.sasl.SaslDataTransferClient - SASL encryption trust check: localHostTrusted = false, remoteHostTrusted = false
2025-11-15 17:52:19,319 [main] INFO  org.apache.pig.backend.hadoop.executionengine.mapReduceLayer.JobControlCompiler - Added jar file:/opt/pig-0.17.0/lib/antlr-runtime-3.4.jar to DistributedCache through /tmp/temp1333652567/tmp-349122390/antlr-runtime-3.4.jar
2025-11-15 17:52:19,333 [Thread-137] INFO  org.apache.hadoop.hdfs.protocol.datatransfer.sasl.SaslDataTransferClient - SASL encryption trust check: localHostTrusted = false, remoteHostTrusted = false
2025-11-15 17:52:19,754 [main] INFO  org.apache.pig.backend.hadoop.executionengine.mapReduceLayer.JobControlCompiler - Added jar file:/opt/pig-0.17.0/lib/joda-time-2.9.3.jar to DistributedCache through /tmp/temp1333652567/tmp-1662195169/joda-time-2.9.3.jar
2025-11-15 17:52:19,757 [main] INFO  org.apache.pig.backend.hadoop.executionengine.mapReduceLayer.JobControlCompiler - Setting up single store job
2025-11-15 17:52:19,775 [main] INFO  org.apache.pig.backend.hadoop.executionengine.mapReduceLayer.MapReduceLauncher - 1 map-reduce job(s) waiting for submission.
2025-11-15 17:52:19,777 [JobControl] WARN  org.apache.hadoop.metrics2.impl.MetricsSystemImpl - JobTracker metrics system already initialized!
2025-11-15 17:52:19,781 [JobControl] WARN  org.apache.hadoop.mapreduce.JobResourceUploader - No job jar file set.  User classes may not be found. See Job or Job#setJar(String).
2025-11-15 17:52:19,798 [JobControl] INFO  org.apache.hadoop.mapreduce.lib.input.FileInputFormat - Total input files to process : 1
2025-11-15 17:52:19,798 [JobControl] INFO  org.apache.pig.backend.hadoop.executionengine.util.MapRedUtil - Total input paths to process : 1
2025-11-15 17:52:19,798 [JobControl] INFO  org.apache.pig.backend.hadoop.executionengine.util.MapRedUtil - Total input paths (combined) to process : 1
2025-11-15 17:52:19,800 [JobControl] INFO  org.apache.hadoop.mapreduce.JobSubmitter - number of splits:1
2025-11-15 17:52:19,808 [JobControl] INFO  org.apache.hadoop.mapreduce.JobSubmitter - Submitting tokens for job: job_local1011722882_0004
2025-11-15 17:52:19,809 [JobControl] INFO  org.apache.hadoop.mapreduce.JobSubmitter - Executing with tokens: []
2025-11-15 17:52:19,844 [LocalDistributedCacheManager Downloader #1] INFO  org.apache.hadoop.hdfs.protocol.datatransfer.sasl.SaslDataTransferClient - SASL encryption trust check: localHostTrusted = false, remoteHostTrusted = false
2025-11-15 17:52:19,845 [LocalDistributedCacheManager Downloader #2] INFO  org.apache.hadoop.hdfs.protocol.datatransfer.sasl.SaslDataTransferClient - SASL encryption trust check: localHostTrusted = false, remoteHostTrusted = false
2025-11-15 17:52:19,845 [LocalDistributedCacheManager Downloader #3] INFO  org.apache.hadoop.hdfs.protocol.datatransfer.sasl.SaslDataTransferClient - SASL encryption trust check: localHostTrusted = false, remoteHostTrusted = false
2025-11-15 17:52:19,847 [LocalDistributedCacheManager Downloader #0] INFO  org.apache.hadoop.hdfs.protocol.datatransfer.sasl.SaslDataTransferClient - SASL encryption trust check: localHostTrusted = false, remoteHostTrusted = false
2025-11-15 17:52:19,877 [JobControl] INFO  org.apache.hadoop.mapred.LocalDistributedCacheManager - Creating symlink: /tmp/hadoop-root/mapred/local/job_local1011722882_0004_e669f844-a03b-4d63-bd6c-d5081348c15a/pig-0.17.0-core-h2.jar <- /opt/pig-0.17.0/scripts/pig-0.17.0-core-h2.jar
2025-11-15 17:52:19,878 [JobControl] INFO  org.apache.hadoop.mapred.LocalDistributedCacheManager - Localized hdfs://namenode:8020/tmp/temp1333652567/tmp134336206/pig-0.17.0-core-h2.jar as file:/tmp/hadoop-root/mapred/local/job_local1011722882_0004_e669f844-a03b-4d63-bd6c-d5081348c15a/pig-0.17.0-core-h2.jar
2025-11-15 17:52:19,879 [JobControl] INFO  org.apache.hadoop.mapred.LocalDistributedCacheManager - Creating symlink: /tmp/hadoop-root/mapred/local/job_local1011722882_0004_6aeb9234-0836-4a50-856f-e546b1b1a548/automaton-1.11-8.jar <- /opt/pig-0.17.0/scripts/automaton-1.11-8.jar
2025-11-15 17:52:19,880 [JobControl] INFO  org.apache.hadoop.mapred.LocalDistributedCacheManager - Localized hdfs://namenode:8020/tmp/temp1333652567/tmp1697998964/automaton-1.11-8.jar as file:/tmp/hadoop-root/mapred/local/job_local1011722882_0004_6aeb9234-0836-4a50-856f-e546b1b1a548/automaton-1.11-8.jar
2025-11-15 17:52:19,880 [JobControl] INFO  org.apache.hadoop.mapred.LocalDistributedCacheManager - Creating symlink: /tmp/hadoop-root/mapred/local/job_local1011722882_0004_c3c1e5c0-333e-4a98-af28-818cc7d30994/antlr-runtime-3.4.jar <- /opt/pig-0.17.0/scripts/antlr-runtime-3.4.jar
2025-11-15 17:52:19,882 [JobControl] INFO  org.apache.hadoop.mapred.LocalDistributedCacheManager - Localized hdfs://namenode:8020/tmp/temp1333652567/tmp-349122390/antlr-runtime-3.4.jar as file:/tmp/hadoop-root/mapred/local/job_local1011722882_0004_c3c1e5c0-333e-4a98-af28-818cc7d30994/antlr-runtime-3.4.jar
2025-11-15 17:52:19,882 [JobControl] INFO  org.apache.hadoop.mapred.LocalDistributedCacheManager - Creating symlink: /tmp/hadoop-root/mapred/local/job_local1011722882_0004_9e437506-0759-48e1-a37e-58c7d28a83b2/joda-time-2.9.3.jar <- /opt/pig-0.17.0/scripts/joda-time-2.9.3.jar
2025-11-15 17:52:19,884 [JobControl] INFO  org.apache.hadoop.mapred.LocalDistributedCacheManager - Localized hdfs://namenode:8020/tmp/temp1333652567/tmp-1662195169/joda-time-2.9.3.jar as file:/tmp/hadoop-root/mapred/local/job_local1011722882_0004_9e437506-0759-48e1-a37e-58c7d28a83b2/joda-time-2.9.3.jar
2025-11-15 17:52:19,884 [JobControl] INFO  org.apache.hadoop.mapred.LocalDistributedCacheManager - Creating symlink: /tmp/hadoop-root/mapred/local/job_local1011722882_0004_ca0f83cd-647d-4bec-8e66-6ce5c0e42d5c/tmp-1762707189 <- /opt/pig-0.17.0/scripts/pigsample_2027371291_1763229139766
2025-11-15 17:52:19,887 [JobControl] INFO  org.apache.hadoop.mapred.LocalDistributedCacheManager - Localized hdfs://namenode:8020/tmp/temp1333652567/tmp-1762707189 as file:/tmp/hadoop-root/mapred/local/job_local1011722882_0004_ca0f83cd-647d-4bec-8e66-6ce5c0e42d5c/tmp-1762707189
2025-11-15 17:52:19,914 [JobControl] INFO  org.apache.hadoop.mapred.LocalDistributedCacheManager - file:/tmp/hadoop-root/mapred/local/job_local1011722882_0004_e669f844-a03b-4d63-bd6c-d5081348c15a/pig-0.17.0-core-h2.jar
2025-11-15 17:52:19,914 [JobControl] INFO  org.apache.hadoop.mapred.LocalDistributedCacheManager - file:/tmp/hadoop-root/mapred/local/job_local1011722882_0004_6aeb9234-0836-4a50-856f-e546b1b1a548/automaton-1.11-8.jar
2025-11-15 17:52:19,914 [JobControl] INFO  org.apache.hadoop.mapred.LocalDistributedCacheManager - file:/tmp/hadoop-root/mapred/local/job_local1011722882_0004_c3c1e5c0-333e-4a98-af28-818cc7d30994/antlr-runtime-3.4.jar
2025-11-15 17:52:19,914 [JobControl] INFO  org.apache.hadoop.mapred.LocalDistributedCacheManager - file:/tmp/hadoop-root/mapred/local/job_local1011722882_0004_9e437506-0759-48e1-a37e-58c7d28a83b2/joda-time-2.9.3.jar
2025-11-15 17:52:19,914 [JobControl] INFO  org.apache.hadoop.mapreduce.Job - The url to track the job: http://localhost:8080/
2025-11-15 17:52:19,914 [Thread-139] INFO  org.apache.hadoop.mapred.LocalJobRunner - OutputCommitter set in config null
2025-11-15 17:52:19,920 [Thread-139] INFO  org.apache.hadoop.conf.Configuration.deprecation - mapred.reduce.tasks is deprecated. Instead, use mapreduce.job.reduces
2025-11-15 17:52:19,921 [Thread-139] INFO  org.apache.hadoop.conf.Configuration.deprecation - mapred.job.reduce.markreset.buffer.percent is deprecated. Instead, use mapreduce.reduce.markreset.buffer.percent
2025-11-15 17:52:19,921 [Thread-139] INFO  org.apache.hadoop.mapreduce.lib.output.FileOutputCommitter - File Output Committer Algorithm version is 2
2025-11-15 17:52:19,921 [Thread-139] INFO  org.apache.hadoop.mapreduce.lib.output.FileOutputCommitter - FileOutputCommitter skip cleanup _temporary folders under output directory:false, ignore cleanup failures: false
2025-11-15 17:52:19,921 [Thread-139] INFO  org.apache.hadoop.mapred.LocalJobRunner - OutputCommitter is org.apache.pig.backend.hadoop.executionengine.mapReduceLayer.PigOutputCommitter
2025-11-15 17:52:19,927 [Thread-139] INFO  org.apache.hadoop.mapred.LocalJobRunner - Waiting for map tasks
2025-11-15 17:52:19,927 [LocalJobRunner Map Task Executor #0] INFO  org.apache.hadoop.mapred.LocalJobRunner - Starting task: attempt_local1011722882_0004_m_000000_0
2025-11-15 17:52:19,937 [LocalJobRunner Map Task Executor #0] INFO  org.apache.hadoop.mapreduce.lib.output.FileOutputCommitter - File Output Committer Algorithm version is 2
2025-11-15 17:52:19,937 [LocalJobRunner Map Task Executor #0] INFO  org.apache.hadoop.mapreduce.lib.output.FileOutputCommitter - FileOutputCommitter skip cleanup _temporary folders under output directory:false, ignore cleanup failures: false
2025-11-15 17:52:19,937 [LocalJobRunner Map Task Executor #0] INFO  org.apache.hadoop.mapred.Task -  Using ResourceCalculatorProcessTree : [ ]
2025-11-15 17:52:19,939 [LocalJobRunner Map Task Executor #0] INFO  org.apache.hadoop.mapred.MapTask - Processing split: Number of splits :1
Total Length = 66
Input split[0]:
   Length = 66
   ClassName: org.apache.hadoop.mapreduce.lib.input.FileSplit
   Locations:

-----------------------

2025-11-15 17:52:19,944 [LocalJobRunner Map Task Executor #0] INFO  org.apache.pig.backend.hadoop.executionengine.mapReduceLayer.PigRecordReader - Current split being processed hdfs://namenode:8020/tmp/temp1333652567/tmp-1263067188/part-r-00000:0+66
2025-11-15 17:52:19,961 [LocalJobRunner Map Task Executor #0] INFO  org.apache.hadoop.mapred.MapTask - (EQUATOR) 0 kvi 26214396(104857584)
2025-11-15 17:52:19,961 [LocalJobRunner Map Task Executor #0] INFO  org.apache.hadoop.mapred.MapTask - mapreduce.task.io.sort.mb: 100
2025-11-15 17:52:19,961 [LocalJobRunner Map Task Executor #0] INFO  org.apache.hadoop.mapred.MapTask - soft limit at 83886080
2025-11-15 17:52:19,961 [LocalJobRunner Map Task Executor #0] INFO  org.apache.hadoop.mapred.MapTask - bufstart = 0; bufvoid = 104857600
2025-11-15 17:52:19,961 [LocalJobRunner Map Task Executor #0] INFO  org.apache.hadoop.mapred.MapTask - kvstart = 26214396; length = 6553600
2025-11-15 17:52:19,962 [LocalJobRunner Map Task Executor #0] INFO  org.apache.hadoop.mapred.MapTask - Map output collector class = org.apache.hadoop.mapred.MapTask$MapOutputBuffer
2025-11-15 17:52:19,964 [LocalJobRunner Map Task Executor #0] INFO  org.apache.pig.impl.util.SpillableMemoryManager - Selected heap (PS Old Gen) of size 699400192 to monitor. collectionUsageThreshold = 489580128, usageThreshold = 489580128
2025-11-15 17:52:19,964 [LocalJobRunner Map Task Executor #0] WARN  org.apache.pig.data.SchemaTupleBackend - SchemaTupleBackend has already been initialized
2025-11-15 17:52:19,965 [LocalJobRunner Map Task Executor #0] INFO  org.apache.pig.backend.hadoop.executionengine.mapReduceLayer.PigGenericMapReduce$Map - Aliases being processed per job phase (AliasName[line,offset]): M: ORD[16,6] C:  R: 
2025-11-15 17:52:19,967 [LocalJobRunner Map Task Executor #0] INFO  org.apache.hadoop.mapred.LocalJobRunner - 
2025-11-15 17:52:19,967 [LocalJobRunner Map Task Executor #0] INFO  org.apache.hadoop.mapred.MapTask - Starting flush of map output
2025-11-15 17:52:19,967 [LocalJobRunner Map Task Executor #0] INFO  org.apache.hadoop.mapred.MapTask - Spilling map output
2025-11-15 17:52:19,967 [LocalJobRunner Map Task Executor #0] INFO  org.apache.hadoop.mapred.MapTask - bufstart = 0; bufend = 90; bufvoid = 104857600
2025-11-15 17:52:19,967 [LocalJobRunner Map Task Executor #0] INFO  org.apache.hadoop.mapred.MapTask - kvstart = 26214396(104857584); kvend = 26214384(104857536); length = 13/6553600
2025-11-15 17:52:19,974 [LocalJobRunner Map Task Executor #0] INFO  org.apache.hadoop.mapred.MapTask - Finished spill 0
2025-11-15 17:52:19,977 [LocalJobRunner Map Task Executor #0] INFO  org.apache.hadoop.mapred.Task - Task:attempt_local1011722882_0004_m_000000_0 is done. And is in the process of committing
2025-11-15 17:52:19,978 [LocalJobRunner Map Task Executor #0] INFO  org.apache.hadoop.mapred.LocalJobRunner - map
2025-11-15 17:52:19,978 [LocalJobRunner Map Task Executor #0] INFO  org.apache.hadoop.mapred.Task - Task 'attempt_local1011722882_0004_m_000000_0' done.
2025-11-15 17:52:19,978 [LocalJobRunner Map Task Executor #0] INFO  org.apache.hadoop.mapred.Task - Final Counters for attempt_local1011722882_0004_m_000000_0: Counters: 24
	File System Counters
		FILE: Number of bytes read=586947
		FILE: Number of bytes written=26440996
		FILE: Number of read operations=0
		FILE: Number of large read operations=0
		FILE: Number of write operations=0
		HDFS: Number of bytes read=23444044
		HDFS: Number of bytes written=23293295
		HDFS: Number of read operations=184
		HDFS: Number of large read operations=0
		HDFS: Number of write operations=55
		HDFS: Number of bytes read erasure-coded=0
	Map-Reduce Framework
		Map input records=4
		Map output records=4
		Map output bytes=90
		Map output materialized bytes=104
		Input split bytes=394
		Combine input records=4
		Combine output records=4
		Spilled Records=4
		Failed Shuffles=0
		Merged Map outputs=0
		GC time elapsed (ms)=6
		Total committed heap usage (bytes)=525336576
	File Input Format Counters 
		Bytes Read=0
2025-11-15 17:52:19,978 [LocalJobRunner Map Task Executor #0] INFO  org.apache.hadoop.mapred.LocalJobRunner - Finishing task: attempt_local1011722882_0004_m_000000_0
2025-11-15 17:52:19,978 [Thread-139] INFO  org.apache.hadoop.mapred.LocalJobRunner - map task executor complete.
2025-11-15 17:52:19,978 [Thread-139] INFO  org.apache.hadoop.mapred.LocalJobRunner - Waiting for reduce tasks
2025-11-15 17:52:19,978 [pool-18-thread-1] INFO  org.apache.hadoop.mapred.LocalJobRunner - Starting task: attempt_local1011722882_0004_r_000000_0
2025-11-15 17:52:19,986 [pool-18-thread-1] INFO  org.apache.hadoop.mapreduce.lib.output.FileOutputCommitter - File Output Committer Algorithm version is 2
2025-11-15 17:52:19,986 [pool-18-thread-1] INFO  org.apache.hadoop.mapreduce.lib.output.FileOutputCommitter - FileOutputCommitter skip cleanup _temporary folders under output directory:false, ignore cleanup failures: false
2025-11-15 17:52:19,987 [pool-18-thread-1] INFO  org.apache.hadoop.mapred.Task -  Using ResourceCalculatorProcessTree : [ ]
2025-11-15 17:52:19,987 [pool-18-thread-1] INFO  org.apache.hadoop.mapred.ReduceTask - Using ShuffleConsumerPlugin: org.apache.hadoop.mapreduce.task.reduce.Shuffle@75071c59
2025-11-15 17:52:19,987 [pool-18-thread-1] WARN  org.apache.hadoop.metrics2.impl.MetricsSystemImpl - JobTracker metrics system already initialized!
2025-11-15 17:52:19,988 [pool-18-thread-1] INFO  org.apache.hadoop.mapreduce.task.reduce.MergeManagerImpl - MergerManager: memoryLimit=652528832, maxSingleShuffleLimit=163132208, mergeThreshold=430669056, ioSortFactor=10, memToMemMergeOutputsThreshold=10
2025-11-15 17:52:19,989 [EventFetcher for fetching Map Completion Events] INFO  org.apache.hadoop.mapreduce.task.reduce.EventFetcher - attempt_local1011722882_0004_r_000000_0 Thread started: EventFetcher for fetching Map Completion Events
2025-11-15 17:52:19,992 [localfetcher#4] INFO  org.apache.hadoop.mapreduce.task.reduce.LocalFetcher - localfetcher#4 about to shuffle output of map attempt_local1011722882_0004_m_000000_0 decomp: 100 len: 104 to MEMORY
2025-11-15 17:52:19,992 [localfetcher#4] INFO  org.apache.hadoop.mapreduce.task.reduce.InMemoryMapOutput - Read 100 bytes from map-output for attempt_local1011722882_0004_m_000000_0
2025-11-15 17:52:19,992 [localfetcher#4] INFO  org.apache.hadoop.mapreduce.task.reduce.MergeManagerImpl - closeInMemoryFile -> map-output of size: 100, inMemoryMapOutputs.size() -> 1, commitMemory -> 0, usedMemory ->100
2025-11-15 17:52:19,992 [EventFetcher for fetching Map Completion Events] INFO  org.apache.hadoop.mapreduce.task.reduce.EventFetcher - EventFetcher is interrupted.. Returning
2025-11-15 17:52:19,993 [pool-18-thread-1] INFO  org.apache.hadoop.mapred.LocalJobRunner - 1 / 1 copied.
2025-11-15 17:52:19,993 [pool-18-thread-1] INFO  org.apache.hadoop.mapreduce.task.reduce.MergeManagerImpl - finalMerge called with 1 in-memory map-outputs and 0 on-disk map-outputs
2025-11-15 17:52:19,994 [pool-18-thread-1] INFO  org.apache.hadoop.mapred.Merger - Merging 1 sorted segments
2025-11-15 17:52:19,994 [pool-18-thread-1] INFO  org.apache.hadoop.mapred.Merger - Down to the last merge-pass, with 1 segments left of total size: 88 bytes
2025-11-15 17:52:19,994 [pool-18-thread-1] INFO  org.apache.hadoop.mapreduce.task.reduce.MergeManagerImpl - Merged 1 segments, 100 bytes to disk to satisfy reduce memory limit
2025-11-15 17:52:19,994 [pool-18-thread-1] INFO  org.apache.hadoop.mapreduce.task.reduce.MergeManagerImpl - Merging 1 files, 104 bytes from disk
2025-11-15 17:52:19,994 [pool-18-thread-1] INFO  org.apache.hadoop.mapreduce.task.reduce.MergeManagerImpl - Merging 0 segments, 0 bytes from memory into reduce
2025-11-15 17:52:19,994 [pool-18-thread-1] INFO  org.apache.hadoop.mapred.Merger - Merging 1 sorted segments
2025-11-15 17:52:19,994 [pool-18-thread-1] INFO  org.apache.hadoop.mapred.Merger - Down to the last merge-pass, with 1 segments left of total size: 88 bytes
2025-11-15 17:52:19,995 [pool-18-thread-1] INFO  org.apache.hadoop.mapred.LocalJobRunner - 1 / 1 copied.
2025-11-15 17:52:19,996 [pool-18-thread-1] INFO  org.apache.hadoop.mapreduce.lib.output.FileOutputCommitter - File Output Committer Algorithm version is 2
2025-11-15 17:52:19,996 [pool-18-thread-1] INFO  org.apache.hadoop.mapreduce.lib.output.FileOutputCommitter - FileOutputCommitter skip cleanup _temporary folders under output directory:false, ignore cleanup failures: false
2025-11-15 17:52:20,003 [pool-18-thread-1] INFO  org.apache.pig.impl.util.SpillableMemoryManager - Selected heap (PS Old Gen) of size 699400192 to monitor. collectionUsageThreshold = 489580128, usageThreshold = 489580128
2025-11-15 17:52:20,003 [pool-18-thread-1] WARN  org.apache.pig.data.SchemaTupleBackend - SchemaTupleBackend has already been initialized
2025-11-15 17:52:20,005 [pool-18-thread-1] INFO  org.apache.pig.backend.hadoop.executionengine.mapReduceLayer.PigMapReduce$Reduce - Aliases being processed per job phase (AliasName[line,offset]): M: ORD[16,6] C:  R: 
2025-11-15 17:52:20,010 [Thread-171] INFO  org.apache.hadoop.hdfs.protocol.datatransfer.sasl.SaslDataTransferClient - SASL encryption trust check: localHostTrusted = false, remoteHostTrusted = false
2025-11-15 17:52:20,276 [main] INFO  org.apache.pig.backend.hadoop.executionengine.mapReduceLayer.MapReduceLauncher - HadoopJobId: job_local1011722882_0004
2025-11-15 17:52:20,276 [main] INFO  org.apache.pig.backend.hadoop.executionengine.mapReduceLayer.MapReduceLauncher - Processing aliases ORD
2025-11-15 17:52:20,276 [main] INFO  org.apache.pig.backend.hadoop.executionengine.mapReduceLayer.MapReduceLauncher - detailed locations: M: ORD[16,6] C:  R: 
2025-11-15 17:52:20,277 [main] INFO  org.apache.pig.backend.hadoop.executionengine.mapReduceLayer.MapReduceLauncher - 70% complete
2025-11-15 17:52:20,277 [main] INFO  org.apache.pig.backend.hadoop.executionengine.mapReduceLayer.MapReduceLauncher - Running jobs are [job_local1011722882_0004]
2025-11-15 17:52:20,429 [pool-18-thread-1] INFO  org.apache.hadoop.mapred.Task - Task:attempt_local1011722882_0004_r_000000_0 is done. And is in the process of committing
2025-11-15 17:52:20,435 [pool-18-thread-1] INFO  org.apache.hadoop.mapred.LocalJobRunner - 1 / 1 copied.
2025-11-15 17:52:20,435 [pool-18-thread-1] INFO  org.apache.hadoop.mapred.Task - Task attempt_local1011722882_0004_r_000000_0 is allowed to commit now
2025-11-15 17:52:20,455 [pool-18-thread-1] INFO  org.apache.hadoop.mapreduce.lib.output.FileOutputCommitter - Saved output of task 'attempt_local1011722882_0004_r_000000_0' to hdfs://namenode:8020/tmp/temp1333652567/tmp-1499144566
2025-11-15 17:52:20,457 [pool-18-thread-1] INFO  org.apache.hadoop.mapred.LocalJobRunner - reduce > reduce
2025-11-15 17:52:20,457 [pool-18-thread-1] INFO  org.apache.hadoop.mapred.Task - Task 'attempt_local1011722882_0004_r_000000_0' done.
2025-11-15 17:52:20,458 [pool-18-thread-1] INFO  org.apache.hadoop.mapred.Task - Final Counters for attempt_local1011722882_0004_r_000000_0: Counters: 30
	File System Counters
		FILE: Number of bytes read=587187
		FILE: Number of bytes written=26441100
		FILE: Number of read operations=0
		FILE: Number of large read operations=0
		FILE: Number of write operations=0
		HDFS: Number of bytes read=23444044
		HDFS: Number of bytes written=23293361
		HDFS: Number of read operations=189
		HDFS: Number of large read operations=0
		HDFS: Number of write operations=57
		HDFS: Number of bytes read erasure-coded=0
	Map-Reduce Framework
		Combine input records=0
		Combine output records=0
		Reduce input groups=1
		Reduce shuffle bytes=104
		Reduce input records=4
		Reduce output records=4
		Spilled Records=4
		Shuffled Maps =1
		Failed Shuffles=0
		Merged Map outputs=1
		GC time elapsed (ms)=0
		Total committed heap usage (bytes)=525336576
	Shuffle Errors
		BAD_ID=0
		CONNECTION=0
		IO_ERROR=0
		WRONG_LENGTH=0
		WRONG_MAP=0
		WRONG_REDUCE=0
	File Output Format Counters 
		Bytes Written=0
2025-11-15 17:52:20,458 [pool-18-thread-1] INFO  org.apache.hadoop.mapred.LocalJobRunner - Finishing task: attempt_local1011722882_0004_r_000000_0
2025-11-15 17:52:20,458 [Thread-139] INFO  org.apache.hadoop.mapred.LocalJobRunner - reduce task executor complete.
2025-11-15 17:52:20,778 [main] INFO  org.apache.pig.backend.hadoop.executionengine.mapReduceLayer.MapReduceLauncher - 80% complete
2025-11-15 17:52:20,778 [main] INFO  org.apache.pig.backend.hadoop.executionengine.mapReduceLayer.MapReduceLauncher - Running jobs are [job_local1011722882_0004]
2025-11-15 17:52:25,285 [main] WARN  org.apache.hadoop.metrics2.impl.MetricsSystemImpl - JobTracker metrics system already initialized!
2025-11-15 17:52:25,287 [main] WARN  org.apache.hadoop.metrics2.impl.MetricsSystemImpl - JobTracker metrics system already initialized!
2025-11-15 17:52:25,287 [main] WARN  org.apache.hadoop.metrics2.impl.MetricsSystemImpl - JobTracker metrics system already initialized!
2025-11-15 17:52:25,290 [main] INFO  org.apache.pig.tools.pigstats.mapreduce.MRScriptState - Pig script settings are added to the job
2025-11-15 17:52:25,290 [main] INFO  org.apache.pig.backend.hadoop.executionengine.mapReduceLayer.JobControlCompiler - mapred.job.reduce.markreset.buffer.percent is not set, set to default 0.3
2025-11-15 17:52:25,290 [main] INFO  org.apache.pig.backend.hadoop.executionengine.mapReduceLayer.JobControlCompiler - Reduce phase detected, estimating # of required reducers.
2025-11-15 17:52:25,290 [main] INFO  org.apache.pig.backend.hadoop.executionengine.mapReduceLayer.JobControlCompiler - Setting Parallelism to 1
2025-11-15 17:52:25,290 [main] INFO  org.apache.pig.backend.hadoop.executionengine.mapReduceLayer.JobControlCompiler - This job cannot be converted run in-process
2025-11-15 17:52:25,302 [Thread-174] INFO  org.apache.hadoop.hdfs.protocol.datatransfer.sasl.SaslDataTransferClient - SASL encryption trust check: localHostTrusted = false, remoteHostTrusted = false
2025-11-15 17:52:25,719 [main] INFO  org.apache.pig.backend.hadoop.executionengine.mapReduceLayer.JobControlCompiler - Added jar file:/opt/pig-0.17.0/pig-0.17.0-core-h2.jar to DistributedCache through /tmp/temp1333652567/tmp400621881/pig-0.17.0-core-h2.jar
2025-11-15 17:52:25,733 [Thread-176] INFO  org.apache.hadoop.hdfs.protocol.datatransfer.sasl.SaslDataTransferClient - SASL encryption trust check: localHostTrusted = false, remoteHostTrusted = false
2025-11-15 17:52:26,154 [main] INFO  org.apache.pig.backend.hadoop.executionengine.mapReduceLayer.JobControlCompiler - Added jar file:/opt/pig-0.17.0/lib/automaton-1.11-8.jar to DistributedCache through /tmp/temp1333652567/tmp2044218201/automaton-1.11-8.jar
2025-11-15 17:52:26,170 [Thread-178] INFO  org.apache.hadoop.hdfs.protocol.datatransfer.sasl.SaslDataTransferClient - SASL encryption trust check: localHostTrusted = false, remoteHostTrusted = false
2025-11-15 17:52:26,590 [main] INFO  org.apache.pig.backend.hadoop.executionengine.mapReduceLayer.JobControlCompiler - Added jar file:/opt/pig-0.17.0/lib/antlr-runtime-3.4.jar to DistributedCache through /tmp/temp1333652567/tmp1536731108/antlr-runtime-3.4.jar
2025-11-15 17:52:26,605 [Thread-180] INFO  org.apache.hadoop.hdfs.protocol.datatransfer.sasl.SaslDataTransferClient - SASL encryption trust check: localHostTrusted = false, remoteHostTrusted = false
2025-11-15 17:52:27,025 [main] INFO  org.apache.pig.backend.hadoop.executionengine.mapReduceLayer.JobControlCompiler - Added jar file:/opt/pig-0.17.0/lib/joda-time-2.9.3.jar to DistributedCache through /tmp/temp1333652567/tmp-1643736952/joda-time-2.9.3.jar
2025-11-15 17:52:27,027 [main] INFO  org.apache.pig.backend.hadoop.executionengine.mapReduceLayer.JobControlCompiler - Setting up single store job
2025-11-15 17:52:27,046 [main] INFO  org.apache.pig.backend.hadoop.executionengine.mapReduceLayer.MapReduceLauncher - 1 map-reduce job(s) waiting for submission.
2025-11-15 17:52:27,049 [JobControl] WARN  org.apache.hadoop.metrics2.impl.MetricsSystemImpl - JobTracker metrics system already initialized!
2025-11-15 17:52:27,057 [JobControl] WARN  org.apache.hadoop.mapreduce.JobResourceUploader - No job jar file set.  User classes may not be found. See Job or Job#setJar(String).
2025-11-15 17:52:27,070 [JobControl] INFO  org.apache.hadoop.mapreduce.lib.input.FileInputFormat - Total input files to process : 1
2025-11-15 17:52:27,070 [JobControl] INFO  org.apache.pig.backend.hadoop.executionengine.util.MapRedUtil - Total input paths to process : 1
2025-11-15 17:52:27,070 [JobControl] INFO  org.apache.pig.backend.hadoop.executionengine.util.MapRedUtil - Total input paths (combined) to process : 1
2025-11-15 17:52:27,072 [JobControl] INFO  org.apache.hadoop.mapreduce.JobSubmitter - number of splits:1
2025-11-15 17:52:27,091 [JobControl] INFO  org.apache.hadoop.mapreduce.JobSubmitter - Submitting tokens for job: job_local767150397_0005
2025-11-15 17:52:27,091 [JobControl] INFO  org.apache.hadoop.mapreduce.JobSubmitter - Executing with tokens: []
2025-11-15 17:52:27,123 [LocalDistributedCacheManager Downloader #2] INFO  org.apache.hadoop.hdfs.protocol.datatransfer.sasl.SaslDataTransferClient - SASL encryption trust check: localHostTrusted = false, remoteHostTrusted = false
2025-11-15 17:52:27,123 [LocalDistributedCacheManager Downloader #0] INFO  org.apache.hadoop.hdfs.protocol.datatransfer.sasl.SaslDataTransferClient - SASL encryption trust check: localHostTrusted = false, remoteHostTrusted = false
2025-11-15 17:52:27,123 [LocalDistributedCacheManager Downloader #1] INFO  org.apache.hadoop.hdfs.protocol.datatransfer.sasl.SaslDataTransferClient - SASL encryption trust check: localHostTrusted = false, remoteHostTrusted = false
2025-11-15 17:52:27,123 [LocalDistributedCacheManager Downloader #3] INFO  org.apache.hadoop.hdfs.protocol.datatransfer.sasl.SaslDataTransferClient - SASL encryption trust check: localHostTrusted = false, remoteHostTrusted = false
2025-11-15 17:52:27,145 [JobControl] INFO  org.apache.hadoop.mapred.LocalDistributedCacheManager - Creating symlink: /tmp/hadoop-root/mapred/local/job_local767150397_0005_72e8de82-b458-4573-858f-52c62c61daac/pig-0.17.0-core-h2.jar <- /opt/pig-0.17.0/scripts/pig-0.17.0-core-h2.jar
2025-11-15 17:52:27,146 [JobControl] INFO  org.apache.hadoop.mapred.LocalDistributedCacheManager - Localized hdfs://namenode:8020/tmp/temp1333652567/tmp400621881/pig-0.17.0-core-h2.jar as file:/tmp/hadoop-root/mapred/local/job_local767150397_0005_72e8de82-b458-4573-858f-52c62c61daac/pig-0.17.0-core-h2.jar
2025-11-15 17:52:27,146 [JobControl] INFO  org.apache.hadoop.mapred.LocalDistributedCacheManager - Creating symlink: /tmp/hadoop-root/mapred/local/job_local767150397_0005_c5c8041b-7708-4fc0-855f-7165e01a7ae2/automaton-1.11-8.jar <- /opt/pig-0.17.0/scripts/automaton-1.11-8.jar
2025-11-15 17:52:27,147 [JobControl] INFO  org.apache.hadoop.mapred.LocalDistributedCacheManager - Localized hdfs://namenode:8020/tmp/temp1333652567/tmp2044218201/automaton-1.11-8.jar as file:/tmp/hadoop-root/mapred/local/job_local767150397_0005_c5c8041b-7708-4fc0-855f-7165e01a7ae2/automaton-1.11-8.jar
2025-11-15 17:52:27,147 [JobControl] INFO  org.apache.hadoop.mapred.LocalDistributedCacheManager - Creating symlink: /tmp/hadoop-root/mapred/local/job_local767150397_0005_072f4803-e621-401b-8527-4369d7f2c561/antlr-runtime-3.4.jar <- /opt/pig-0.17.0/scripts/antlr-runtime-3.4.jar
2025-11-15 17:52:27,149 [JobControl] INFO  org.apache.hadoop.mapred.LocalDistributedCacheManager - Localized hdfs://namenode:8020/tmp/temp1333652567/tmp1536731108/antlr-runtime-3.4.jar as file:/tmp/hadoop-root/mapred/local/job_local767150397_0005_072f4803-e621-401b-8527-4369d7f2c561/antlr-runtime-3.4.jar
2025-11-15 17:52:27,149 [JobControl] INFO  org.apache.hadoop.mapred.LocalDistributedCacheManager - Creating symlink: /tmp/hadoop-root/mapred/local/job_local767150397_0005_aca9d17e-1a92-4394-ba57-c83c6d666b6a/joda-time-2.9.3.jar <- /opt/pig-0.17.0/scripts/joda-time-2.9.3.jar
2025-11-15 17:52:27,151 [JobControl] INFO  org.apache.hadoop.mapred.LocalDistributedCacheManager - Localized hdfs://namenode:8020/tmp/temp1333652567/tmp-1643736952/joda-time-2.9.3.jar as file:/tmp/hadoop-root/mapred/local/job_local767150397_0005_aca9d17e-1a92-4394-ba57-c83c6d666b6a/joda-time-2.9.3.jar
2025-11-15 17:52:27,176 [JobControl] INFO  org.apache.hadoop.mapred.LocalDistributedCacheManager - file:/tmp/hadoop-root/mapred/local/job_local767150397_0005_72e8de82-b458-4573-858f-52c62c61daac/pig-0.17.0-core-h2.jar
2025-11-15 17:52:27,176 [JobControl] INFO  org.apache.hadoop.mapred.LocalDistributedCacheManager - file:/tmp/hadoop-root/mapred/local/job_local767150397_0005_c5c8041b-7708-4fc0-855f-7165e01a7ae2/automaton-1.11-8.jar
2025-11-15 17:52:27,176 [JobControl] INFO  org.apache.hadoop.mapred.LocalDistributedCacheManager - file:/tmp/hadoop-root/mapred/local/job_local767150397_0005_072f4803-e621-401b-8527-4369d7f2c561/antlr-runtime-3.4.jar
2025-11-15 17:52:27,176 [JobControl] INFO  org.apache.hadoop.mapred.LocalDistributedCacheManager - file:/tmp/hadoop-root/mapred/local/job_local767150397_0005_aca9d17e-1a92-4394-ba57-c83c6d666b6a/joda-time-2.9.3.jar
2025-11-15 17:52:27,176 [JobControl] INFO  org.apache.hadoop.mapreduce.Job - The url to track the job: http://localhost:8080/
2025-11-15 17:52:27,176 [Thread-182] INFO  org.apache.hadoop.mapred.LocalJobRunner - OutputCommitter set in config null
2025-11-15 17:52:27,184 [Thread-182] INFO  org.apache.hadoop.conf.Configuration.deprecation - mapred.textoutputformat.separator is deprecated. Instead, use mapreduce.output.textoutputformat.separator
2025-11-15 17:52:27,185 [Thread-182] INFO  org.apache.hadoop.conf.Configuration.deprecation - mapred.reduce.tasks is deprecated. Instead, use mapreduce.job.reduces
2025-11-15 17:52:27,185 [Thread-182] INFO  org.apache.hadoop.conf.Configuration.deprecation - mapred.job.reduce.markreset.buffer.percent is deprecated. Instead, use mapreduce.reduce.markreset.buffer.percent
2025-11-15 17:52:27,185 [Thread-182] INFO  org.apache.hadoop.mapreduce.lib.output.FileOutputCommitter - File Output Committer Algorithm version is 2
2025-11-15 17:52:27,185 [Thread-182] INFO  org.apache.hadoop.mapreduce.lib.output.FileOutputCommitter - FileOutputCommitter skip cleanup _temporary folders under output directory:false, ignore cleanup failures: false
2025-11-15 17:52:27,186 [Thread-182] INFO  org.apache.hadoop.mapred.LocalJobRunner - OutputCommitter is org.apache.pig.backend.hadoop.executionengine.mapReduceLayer.PigOutputCommitter
2025-11-15 17:52:27,192 [Thread-182] INFO  org.apache.hadoop.mapred.LocalJobRunner - Waiting for map tasks
2025-11-15 17:52:27,192 [LocalJobRunner Map Task Executor #0] INFO  org.apache.hadoop.mapred.LocalJobRunner - Starting task: attempt_local767150397_0005_m_000000_0
2025-11-15 17:52:27,202 [LocalJobRunner Map Task Executor #0] INFO  org.apache.hadoop.mapreduce.lib.output.FileOutputCommitter - File Output Committer Algorithm version is 2
2025-11-15 17:52:27,202 [LocalJobRunner Map Task Executor #0] INFO  org.apache.hadoop.mapreduce.lib.output.FileOutputCommitter - FileOutputCommitter skip cleanup _temporary folders under output directory:false, ignore cleanup failures: false
2025-11-15 17:52:27,202 [LocalJobRunner Map Task Executor #0] INFO  org.apache.hadoop.mapred.Task -  Using ResourceCalculatorProcessTree : [ ]
2025-11-15 17:52:27,203 [LocalJobRunner Map Task Executor #0] INFO  org.apache.hadoop.mapred.MapTask - Processing split: Number of splits :1
Total Length = 66
Input split[0]:
   Length = 66
   ClassName: org.apache.hadoop.mapreduce.lib.input.FileSplit
   Locations:

-----------------------

2025-11-15 17:52:27,207 [LocalJobRunner Map Task Executor #0] INFO  org.apache.pig.backend.hadoop.executionengine.mapReduceLayer.PigRecordReader - Current split being processed hdfs://namenode:8020/tmp/temp1333652567/tmp-1499144566/part-r-00000:0+66
2025-11-15 17:52:27,226 [LocalJobRunner Map Task Executor #0] INFO  org.apache.hadoop.mapred.MapTask - (EQUATOR) 0 kvi 26214396(104857584)
2025-11-15 17:52:27,226 [LocalJobRunner Map Task Executor #0] INFO  org.apache.hadoop.mapred.MapTask - mapreduce.task.io.sort.mb: 100
2025-11-15 17:52:27,226 [LocalJobRunner Map Task Executor #0] INFO  org.apache.hadoop.mapred.MapTask - soft limit at 83886080
2025-11-15 17:52:27,226 [LocalJobRunner Map Task Executor #0] INFO  org.apache.hadoop.mapred.MapTask - bufstart = 0; bufvoid = 104857600
2025-11-15 17:52:27,226 [LocalJobRunner Map Task Executor #0] INFO  org.apache.hadoop.mapred.MapTask - kvstart = 26214396; length = 6553600
2025-11-15 17:52:27,226 [LocalJobRunner Map Task Executor #0] INFO  org.apache.hadoop.mapred.MapTask - Map output collector class = org.apache.hadoop.mapred.MapTask$MapOutputBuffer
2025-11-15 17:52:27,228 [LocalJobRunner Map Task Executor #0] INFO  org.apache.pig.impl.util.SpillableMemoryManager - Selected heap (PS Old Gen) of size 699400192 to monitor. collectionUsageThreshold = 489580128, usageThreshold = 489580128
2025-11-15 17:52:27,229 [LocalJobRunner Map Task Executor #0] WARN  org.apache.pig.data.SchemaTupleBackend - SchemaTupleBackend has already been initialized
2025-11-15 17:52:27,229 [LocalJobRunner Map Task Executor #0] INFO  org.apache.pig.backend.hadoop.executionengine.mapReduceLayer.PigGenericMapReduce$Map - Aliases being processed per job phase (AliasName[line,offset]): M: ORD[16,6] C:  R: 
2025-11-15 17:52:27,231 [LocalJobRunner Map Task Executor #0] INFO  org.apache.hadoop.mapred.LocalJobRunner - 
2025-11-15 17:52:27,231 [LocalJobRunner Map Task Executor #0] INFO  org.apache.hadoop.mapred.MapTask - Starting flush of map output
2025-11-15 17:52:27,231 [LocalJobRunner Map Task Executor #0] INFO  org.apache.hadoop.mapred.MapTask - Spilling map output
2025-11-15 17:52:27,231 [LocalJobRunner Map Task Executor #0] INFO  org.apache.hadoop.mapred.MapTask - bufstart = 0; bufend = 90; bufvoid = 104857600
2025-11-15 17:52:27,231 [LocalJobRunner Map Task Executor #0] INFO  org.apache.hadoop.mapred.MapTask - kvstart = 26214396(104857584); kvend = 26214384(104857536); length = 13/6553600
2025-11-15 17:52:27,232 [LocalJobRunner Map Task Executor #0] INFO  org.apache.hadoop.mapred.MapTask - Finished spill 0
2025-11-15 17:52:27,238 [LocalJobRunner Map Task Executor #0] INFO  org.apache.hadoop.mapred.Task - Task:attempt_local767150397_0005_m_000000_0 is done. And is in the process of committing
2025-11-15 17:52:27,239 [LocalJobRunner Map Task Executor #0] INFO  org.apache.hadoop.mapred.LocalJobRunner - map
2025-11-15 17:52:27,239 [LocalJobRunner Map Task Executor #0] INFO  org.apache.hadoop.mapred.Task - Task 'attempt_local767150397_0005_m_000000_0' done.
2025-11-15 17:52:27,240 [LocalJobRunner Map Task Executor #0] INFO  org.apache.hadoop.mapred.Task - Final Counters for attempt_local767150397_0005_m_000000_0: Counters: 23
	File System Counters
		FILE: Number of bytes read=587634
		FILE: Number of bytes written=32890627
		FILE: Number of read operations=0
		FILE: Number of large read operations=0
		FILE: Number of write operations=0
		HDFS: Number of bytes read=29199892
		HDFS: Number of bytes written=29049143
		HDFS: Number of read operations=221
		HDFS: Number of large read operations=0
		HDFS: Number of write operations=68
		HDFS: Number of bytes read erasure-coded=0
	Map-Reduce Framework
		Map input records=4
		Map output records=4
		Map output bytes=90
		Map output materialized bytes=104
		Input split bytes=394
		Combine input records=0
		Spilled Records=4
		Failed Shuffles=0
		Merged Map outputs=0
		GC time elapsed (ms)=0
		Total committed heap usage (bytes)=525336576
	File Input Format Counters 
		Bytes Read=0
2025-11-15 17:52:27,240 [LocalJobRunner Map Task Executor #0] INFO  org.apache.hadoop.mapred.LocalJobRunner - Finishing task: attempt_local767150397_0005_m_000000_0
2025-11-15 17:52:27,240 [Thread-182] INFO  org.apache.hadoop.mapred.LocalJobRunner - map task executor complete.
2025-11-15 17:52:27,241 [Thread-182] INFO  org.apache.hadoop.mapred.LocalJobRunner - Waiting for reduce tasks
2025-11-15 17:52:27,241 [pool-21-thread-1] INFO  org.apache.hadoop.mapred.LocalJobRunner - Starting task: attempt_local767150397_0005_r_000000_0
2025-11-15 17:52:27,252 [pool-21-thread-1] INFO  org.apache.hadoop.mapreduce.lib.output.FileOutputCommitter - File Output Committer Algorithm version is 2
2025-11-15 17:52:27,252 [pool-21-thread-1] INFO  org.apache.hadoop.mapreduce.lib.output.FileOutputCommitter - FileOutputCommitter skip cleanup _temporary folders under output directory:false, ignore cleanup failures: false
2025-11-15 17:52:27,254 [pool-21-thread-1] INFO  org.apache.hadoop.mapred.Task -  Using ResourceCalculatorProcessTree : [ ]
2025-11-15 17:52:27,254 [pool-21-thread-1] INFO  org.apache.hadoop.mapred.ReduceTask - Using ShuffleConsumerPlugin: org.apache.hadoop.mapreduce.task.reduce.Shuffle@373471f6
2025-11-15 17:52:27,254 [pool-21-thread-1] WARN  org.apache.hadoop.metrics2.impl.MetricsSystemImpl - JobTracker metrics system already initialized!
2025-11-15 17:52:27,255 [pool-21-thread-1] INFO  org.apache.hadoop.mapreduce.task.reduce.MergeManagerImpl - MergerManager: memoryLimit=652528832, maxSingleShuffleLimit=163132208, mergeThreshold=430669056, ioSortFactor=10, memToMemMergeOutputsThreshold=10
2025-11-15 17:52:27,256 [EventFetcher for fetching Map Completion Events] INFO  org.apache.hadoop.mapreduce.task.reduce.EventFetcher - attempt_local767150397_0005_r_000000_0 Thread started: EventFetcher for fetching Map Completion Events
2025-11-15 17:52:27,259 [localfetcher#5] INFO  org.apache.hadoop.mapreduce.task.reduce.LocalFetcher - localfetcher#5 about to shuffle output of map attempt_local767150397_0005_m_000000_0 decomp: 100 len: 104 to MEMORY
2025-11-15 17:52:27,260 [localfetcher#5] INFO  org.apache.hadoop.mapreduce.task.reduce.InMemoryMapOutput - Read 100 bytes from map-output for attempt_local767150397_0005_m_000000_0
2025-11-15 17:52:27,260 [localfetcher#5] INFO  org.apache.hadoop.mapreduce.task.reduce.MergeManagerImpl - closeInMemoryFile -> map-output of size: 100, inMemoryMapOutputs.size() -> 1, commitMemory -> 0, usedMemory ->100
2025-11-15 17:52:27,261 [EventFetcher for fetching Map Completion Events] INFO  org.apache.hadoop.mapreduce.task.reduce.EventFetcher - EventFetcher is interrupted.. Returning
2025-11-15 17:52:27,261 [pool-21-thread-1] INFO  org.apache.hadoop.mapred.LocalJobRunner - 1 / 1 copied.
2025-11-15 17:52:27,261 [pool-21-thread-1] INFO  org.apache.hadoop.mapreduce.task.reduce.MergeManagerImpl - finalMerge called with 1 in-memory map-outputs and 0 on-disk map-outputs
2025-11-15 17:52:27,262 [pool-21-thread-1] INFO  org.apache.hadoop.mapred.Merger - Merging 1 sorted segments
2025-11-15 17:52:27,262 [pool-21-thread-1] INFO  org.apache.hadoop.mapred.Merger - Down to the last merge-pass, with 1 segments left of total size: 88 bytes
2025-11-15 17:52:27,262 [pool-21-thread-1] INFO  org.apache.hadoop.mapreduce.task.reduce.MergeManagerImpl - Merged 1 segments, 100 bytes to disk to satisfy reduce memory limit
2025-11-15 17:52:27,262 [pool-21-thread-1] INFO  org.apache.hadoop.mapreduce.task.reduce.MergeManagerImpl - Merging 1 files, 104 bytes from disk
2025-11-15 17:52:27,262 [pool-21-thread-1] INFO  org.apache.hadoop.mapreduce.task.reduce.MergeManagerImpl - Merging 0 segments, 0 bytes from memory into reduce
2025-11-15 17:52:27,262 [pool-21-thread-1] INFO  org.apache.hadoop.mapred.Merger - Merging 1 sorted segments
2025-11-15 17:52:27,263 [pool-21-thread-1] INFO  org.apache.hadoop.mapred.Merger - Down to the last merge-pass, with 1 segments left of total size: 88 bytes
2025-11-15 17:52:27,263 [pool-21-thread-1] INFO  org.apache.hadoop.mapred.LocalJobRunner - 1 / 1 copied.
2025-11-15 17:52:27,264 [pool-21-thread-1] INFO  org.apache.hadoop.mapreduce.lib.output.FileOutputCommitter - File Output Committer Algorithm version is 2
2025-11-15 17:52:27,264 [pool-21-thread-1] INFO  org.apache.hadoop.mapreduce.lib.output.FileOutputCommitter - FileOutputCommitter skip cleanup _temporary folders under output directory:false, ignore cleanup failures: false
2025-11-15 17:52:27,269 [pool-21-thread-1] INFO  org.apache.pig.impl.util.SpillableMemoryManager - Selected heap (PS Old Gen) of size 699400192 to monitor. collectionUsageThreshold = 489580128, usageThreshold = 489580128
2025-11-15 17:52:27,269 [pool-21-thread-1] WARN  org.apache.pig.data.SchemaTupleBackend - SchemaTupleBackend has already been initialized
2025-11-15 17:52:27,272 [pool-21-thread-1] INFO  org.apache.pig.backend.hadoop.executionengine.mapReduceLayer.PigMapReduce$Reduce - Aliases being processed per job phase (AliasName[line,offset]): M: ORD[16,6] C:  R: 
2025-11-15 17:52:27,276 [Thread-209] INFO  org.apache.hadoop.hdfs.protocol.datatransfer.sasl.SaslDataTransferClient - SASL encryption trust check: localHostTrusted = false, remoteHostTrusted = false
2025-11-15 17:52:27,548 [main] INFO  org.apache.pig.backend.hadoop.executionengine.mapReduceLayer.MapReduceLauncher - HadoopJobId: job_local767150397_0005
2025-11-15 17:52:27,548 [main] INFO  org.apache.pig.backend.hadoop.executionengine.mapReduceLayer.MapReduceLauncher - Processing aliases ORD
2025-11-15 17:52:27,548 [main] INFO  org.apache.pig.backend.hadoop.executionengine.mapReduceLayer.MapReduceLauncher - detailed locations: M: ORD[16,6] C:  R: 
2025-11-15 17:52:27,551 [main] INFO  org.apache.pig.backend.hadoop.executionengine.mapReduceLayer.MapReduceLauncher - 90% complete
2025-11-15 17:52:27,551 [main] INFO  org.apache.pig.backend.hadoop.executionengine.mapReduceLayer.MapReduceLauncher - Running jobs are [job_local767150397_0005]
2025-11-15 17:52:27,685 [pool-21-thread-1] INFO  org.apache.hadoop.mapred.Task - Task:attempt_local767150397_0005_r_000000_0 is done. And is in the process of committing
2025-11-15 17:52:27,705 [pool-21-thread-1] INFO  org.apache.hadoop.mapred.LocalJobRunner - 1 / 1 copied.
2025-11-15 17:52:27,705 [pool-21-thread-1] INFO  org.apache.hadoop.mapred.Task - Task attempt_local767150397_0005_r_000000_0 is allowed to commit now
2025-11-15 17:52:27,723 [pool-21-thread-1] INFO  org.apache.hadoop.mapreduce.lib.output.FileOutputCommitter - Saved output of task 'attempt_local767150397_0005_r_000000_0' to hdfs://namenode:8020/data/output/yahoo/top
2025-11-15 17:52:27,724 [pool-21-thread-1] INFO  org.apache.hadoop.mapred.LocalJobRunner - reduce > reduce
2025-11-15 17:52:27,724 [pool-21-thread-1] INFO  org.apache.hadoop.mapred.Task - Task 'attempt_local767150397_0005_r_000000_0' done.
2025-11-15 17:52:27,724 [pool-21-thread-1] INFO  org.apache.hadoop.mapred.Task - Final Counters for attempt_local767150397_0005_r_000000_0: Counters: 30
	File System Counters
		FILE: Number of bytes read=587874
		FILE: Number of bytes written=32890731
		FILE: Number of read operations=0
		FILE: Number of large read operations=0
		FILE: Number of write operations=0
		HDFS: Number of bytes read=29199892
		HDFS: Number of bytes written=29049193
		HDFS: Number of read operations=226
		HDFS: Number of large read operations=0
		HDFS: Number of write operations=70
		HDFS: Number of bytes read erasure-coded=0
	Map-Reduce Framework
		Combine input records=0
		Combine output records=0
		Reduce input groups=1
		Reduce shuffle bytes=104
		Reduce input records=4
		Reduce output records=4
		Spilled Records=4
		Shuffled Maps =1
		Failed Shuffles=0
		Merged Map outputs=1
		GC time elapsed (ms)=10
		Total committed heap usage (bytes)=531103744
	Shuffle Errors
		BAD_ID=0
		CONNECTION=0
		IO_ERROR=0
		WRONG_LENGTH=0
		WRONG_MAP=0
		WRONG_REDUCE=0
	File Output Format Counters 
		Bytes Written=0
2025-11-15 17:52:27,724 [pool-21-thread-1] INFO  org.apache.hadoop.mapred.LocalJobRunner - Finishing task: attempt_local767150397_0005_r_000000_0
2025-11-15 17:52:27,724 [Thread-182] INFO  org.apache.hadoop.mapred.LocalJobRunner - reduce task executor complete.
2025-11-15 17:52:28,051 [main] INFO  org.apache.pig.backend.hadoop.executionengine.mapReduceLayer.MapReduceLauncher - Running jobs are [job_local767150397_0005]
2025-11-15 17:52:32,558 [main] WARN  org.apache.hadoop.metrics2.impl.MetricsSystemImpl - JobTracker metrics system already initialized!
2025-11-15 17:52:32,560 [main] WARN  org.apache.hadoop.metrics2.impl.MetricsSystemImpl - JobTracker metrics system already initialized!
2025-11-15 17:52:32,561 [main] WARN  org.apache.hadoop.metrics2.impl.MetricsSystemImpl - JobTracker metrics system already initialized!
2025-11-15 17:52:32,563 [main] INFO  org.apache.pig.backend.hadoop.executionengine.mapReduceLayer.MapReduceLauncher - 100% complete
2025-11-15 17:52:32,579 [main] INFO  org.apache.pig.tools.pigstats.mapreduce.SimplePigStats - Script Statistics: 

HadoopVersion	PigVersion	UserId	StartedAt	FinishedAt	Features
3.2.1	0.17.0	root	2025-11-15 17:51:59	2025-11-15 17:52:32	HASH_JOIN,GROUP_BY,ORDER_BY,FILTER,LIMIT

Success!

Job Stats (time in seconds):
JobId	Maps	Reduces	MaxMapTime	MinMapTime	AvgMapTime	MedianMapTime	MaxReduceTime	MinReduceTime	AvgReduceTime	MedianReducetime	Alias	Feature	Outputs
job_local1011722882_0004	1	1	n/a	n/a	n/a	n/a	n/a	n/a	n/a	n/a	ORD	ORDER_BY,COMBINER	
job_local1035827357_0002	1	1	n/a	n/a	n/a	n/a	n/a	n/a	n/a	n/a	CNT,GRP	GROUP_BY,MULTI_QUERY,COMBINER	/data/output/yahoo/full,
job_local1634373605_0001	2	1	n/a	n/a	n/a	n/a	n/a	n/a	n/a	n/a	1-2,CLEAN,LOW,RAW,STOP,TOK,TOK_CLEAN,TOK_JOIN,TOK_NO_SW	HASH_JOIN	
job_local17931764_0003	1	1	n/a	n/a	n/a	n/a	n/a	n/a	n/a	n/a	ORD	SAMPLER	
job_local767150397_0005	1	1	n/a	n/a	n/a	n/a	n/a	n/a	n/a	n/a	ORD		/data/output/yahoo/top,

Input(s):
Successfully read 132 records from: "/data/resources/stopwords_es.txt"
Successfully read 5000 records from: "/data/input/yahoo/yahoo_respuestas.txt"

Output(s):
Successfully stored 4 records (50 bytes) in: "/data/output/yahoo/full"
Successfully stored 4 records (58098336 bytes) in: "/data/output/yahoo/top"

Counters:
Total records written : 8
Total bytes written : 58098386
Spillable Memory Manager spill count : 0
Total bags proactively spilled: 0
Total records proactively spilled: 0

Job DAG:
job_local1634373605_0001	->	job_local1035827357_0002,
job_local1035827357_0002	->	job_local17931764_0003,
job_local17931764_0003	->	job_local1011722882_0004,
job_local1011722882_0004	->	job_local767150397_0005,
job_local767150397_0005


2025-11-15 17:52:32,580 [main] WARN  org.apache.hadoop.metrics2.impl.MetricsSystemImpl - JobTracker metrics system already initialized!
2025-11-15 17:52:32,582 [main] WARN  org.apache.hadoop.metrics2.impl.MetricsSystemImpl - JobTracker metrics system already initialized!
2025-11-15 17:52:32,583 [main] WARN  org.apache.hadoop.metrics2.impl.MetricsSystemImpl - JobTracker metrics system already initialized!
2025-11-15 17:52:32,587 [main] WARN  org.apache.hadoop.metrics2.impl.MetricsSystemImpl - JobTracker metrics system already initialized!
2025-11-15 17:52:32,588 [main] WARN  org.apache.hadoop.metrics2.impl.MetricsSystemImpl - JobTracker metrics system already initialized!
2025-11-15 17:52:32,590 [main] WARN  org.apache.hadoop.metrics2.impl.MetricsSystemImpl - JobTracker metrics system already initialized!
2025-11-15 17:52:32,593 [main] WARN  org.apache.hadoop.metrics2.impl.MetricsSystemImpl - JobTracker metrics system already initialized!
2025-11-15 17:52:32,594 [main] WARN  org.apache.hadoop.metrics2.impl.MetricsSystemImpl - JobTracker metrics system already initialized!
2025-11-15 17:52:32,595 [main] WARN  org.apache.hadoop.metrics2.impl.MetricsSystemImpl - JobTracker metrics system already initialized!
2025-11-15 17:52:32,598 [main] WARN  org.apache.hadoop.metrics2.impl.MetricsSystemImpl - JobTracker metrics system already initialized!
2025-11-15 17:52:32,601 [main] WARN  org.apache.hadoop.metrics2.impl.MetricsSystemImpl - JobTracker metrics system already initialized!
2025-11-15 17:52:32,602 [main] WARN  org.apache.hadoop.metrics2.impl.MetricsSystemImpl - JobTracker metrics system already initialized!
2025-11-15 17:52:32,606 [main] WARN  org.apache.hadoop.metrics2.impl.MetricsSystemImpl - JobTracker metrics system already initialized!
2025-11-15 17:52:32,608 [main] WARN  org.apache.hadoop.metrics2.impl.MetricsSystemImpl - JobTracker metrics system already initialized!
2025-11-15 17:52:32,609 [main] WARN  org.apache.hadoop.metrics2.impl.MetricsSystemImpl - JobTracker metrics system already initialized!
2025-11-15 17:52:32,610 [main] INFO  org.apache.pig.backend.hadoop.executionengine.mapReduceLayer.MapReduceLauncher - Success!
2025-11-15 17:52:32,634 [main] INFO  org.apache.pig.Main - Pig script completed in 35 seconds and 478 milliseconds (35478 ms)
