timestamp,operation,message_id,question_id,status,latency,topic
2025-10-29T12:40:27.513422,PUBLISH,4119d696b47d4fc6851eee264a7f776d,68f2d95bd190740cfd6a3d57,ENQUEUED,0.4700040382852876,questions_in
2025-10-29T12:40:27.807458,PUBLISH,36ee2a11c21c46e28e3407946e4abb25,68f2d95bd190740cfd6a3198,ENQUEUED,0.28951200405614586,questions_in
2025-10-29T12:40:27.934872,PUBLISH,2f78297715004ad39d3881363cd41c41,68f2d95bd190740cfd6a3734,ENQUEUED,0.1240969075947762,questions_in
2025-10-29T12:40:28.203629,PUBLISH,7cbc82139eee4cb4a190a6e1c415f030,68f2d95bd190740cfd6a4049,ENQUEUED,0.2611387582888365,questions_in
2025-10-29T12:40:28.570536,PUBLISH,925cbeef249c4e08b7f17cbf407653aa,68f2d95bd190740cfd6a1be6,ENQUEUED,0.3633663595417904,questions_in
2025-10-29T12:40:29.044836,PUBLISH,91fe78f74a2046e6bee2be82be74b907,68f2d95bd190740cfd6a2524,ENQUEUED,0.47098348039956106,questions_in
2025-10-29T12:40:29.273786,PUBLISH,9977a3a8c5a44c4d85de326c8c97442b,68f2d95bd190740cfd6a329c,ENQUEUED,0.22576158751747555,questions_in
2025-10-29T12:40:29.722675,PUBLISH,14be38496bde45ac9dea46c12fa5facd,68f2d95bd190740cfd6a1ffc,ENQUEUED,0.4330695061453682,questions_in
2025-10-29T12:40:29.827351,PUBLISH,31fc7fb1982e46dc8c837cfc8a36c87e,68f2d95bd190740cfd6a2607,ENQUEUED,0.10092902845188388,questions_in
2025-10-29T12:40:30.274628,PUBLISH,622764bece5e42bc9584c1ac462567fb,68f2d95bd190740cfd6a3b33,ENQUEUED,0.4398970619739243,questions_in
2025-10-29T12:40:30.580708,PUBLISH,4205f5dc777941c1b8a4bcbf68fa1cb2,68f2d95bd190740cfd6a40b1,ENQUEUED,0.30028195422964554,questions_in
2025-10-29T12:40:30.951944,PUBLISH,c001e075be754692b91c153af06d27a2,68f2d95bd190740cfd6a2525,ENQUEUED,0.3659423946025755,questions_in
2025-10-29T12:40:31.211496,PUBLISH,743c3716b1db4d10aedbb129146052ac,68f2d95bd190740cfd6a314b,ENQUEUED,0.254760656063728,questions_in
2025-10-29T12:40:31.509156,PUBLISH,40bf050161b64aa5ae6f32743c445069,68f2d95bd190740cfd6a26f4,ENQUEUED,0.2911464265525512,questions_in
2025-10-29T12:40:31.620934,PUBLISH,18932bde6b7f4039a8e24fbef9a027bd,68f2d95bd190740cfd6a24a2,ENQUEUED,0.10909502953835531,questions_in
2025-10-29T12:40:31.821222,PUBLISH,10f615960ab54ca785f28a42fcbc6ca3,68f2d95bd190740cfd6a382f,ENQUEUED,0.19330516954061255,questions_in
2025-10-29T12:40:32.059359,PUBLISH,203af326352744b9bb8703abc4176110,68f2d95bd190740cfd6a2b48,ENQUEUED,0.23447774273634786,questions_in
2025-10-29T12:40:32.515266,PUBLISH,b8ee16a726ae44cc9c29db7e2662b620,68f2d95bd190740cfd6a388f,ENQUEUED,0.4516593878884477,questions_in
2025-10-29T12:40:32.916406,PUBLISH,1e8f6a448f9f4615aab9e5208f512a89,68f2d95bd190740cfd6a35a9,ENQUEUED,0.3978559293195759,questions_in
2025-10-29T12:40:33.262080,PUBLISH,55ec9f70595f40fe93d8e50239d970ec,68f2d95bd190740cfd6a3f63,ENQUEUED,0.3422980150257957,questions_in
2025-10-29T12:40:33.402917,PUBLISH,36bb1bb88b3441b89c195be4270d8745,68f2d95bd190740cfd6a30fc,ENQUEUED,0.1378700845571033,questions_in
2025-10-29T12:40:33.579002,PUBLISH,49f8f9c6673c40d4bba410943513525b,68f2d95bd190740cfd6a2685,ENQUEUED,0.1721556241935524,questions_in
2025-10-29T12:40:33.713334,PUBLISH,3fc4516a7b6342408d1716137a3d43d5,68f2d95bd190740cfd6a27c0,ENQUEUED,0.13167793784424708,questions_in
2025-10-29T12:40:34.071808,PUBLISH,4666c5f39295486f9d8c86b7c4597278,68f2d95bd190740cfd6a281d,ENQUEUED,0.3548739519410298,questions_in
2025-10-29T12:40:34.449925,PUBLISH,cbddaeda13094ed08646df3deb03ebae,68f2d95bd190740cfd6a3d0f,ENQUEUED,0.3750962803990707,questions_in
2025-10-29T12:40:34.626874,PUBLISH,3ae2a3ee34e3414eb49bfb46c3932c92,68f2d95bd190740cfd6a3db9,ENQUEUED,0.17242233205133795,questions_in
2025-10-29T12:40:35.108119,PUBLISH,330f503bbd2a4b82833abed4fc52dc87,68f2d95bd190740cfd6a404c,ENQUEUED,0.47898031610601355,questions_in
2025-10-29T12:40:35.587408,PUBLISH,f53a84b92050450495aa3d16eab0c111,68f2d95bd190740cfd6a37d6,ENQUEUED,0.47116537345318243,questions_in
2025-10-29T12:40:36.070021,PUBLISH,8d3953e4c9434a25a92ff72be035f178,68f2d95bd190740cfd6a2deb,ENQUEUED,0.47470614271725164,questions_in
2025-10-29T12:40:36.559173,PUBLISH,35bf3f0400394b0ea1588e18b9691f7f,68f2d95bd190740cfd6a2ddf,ENQUEUED,0.48066632032069945,questions_in
2025-10-29T12:40:36.831917,PUBLISH,32335a249274401ca3dacb220301a6d0,68f2d95bd190740cfd6a3fd5,ENQUEUED,0.2650119851006971,questions_in
2025-10-29T12:40:36.960784,PUBLISH,7d01a55564714b86b1076fa513e80740,68f2d95bd190740cfd6a3f45,ENQUEUED,0.12094720025048265,questions_in
2025-10-29T12:40:37.171814,PUBLISH,66e525b118054f6c8288d3bef50cfb8e,68f2d95bd190740cfd6a3de9,ENQUEUED,0.2083065718294539,questions_in
2025-10-29T12:40:37.494989,PUBLISH,5f4862e8ce3e4a6aa1b3596b8ad718be,68f2d95bd190740cfd6a1be6,ENQUEUED,0.31947602866689484,questions_in
2025-10-29T12:40:37.673912,PUBLISH,be3c697e83f74e84a608cd193f045e11,68f2d95bd190740cfd6a3321,ENQUEUED,0.17380898793316435,questions_in
2025-10-29T12:40:37.833103,PUBLISH,d34722f9dbae4f23b98fe39697595d68,68f2d95bd190740cfd6a2641,ENQUEUED,0.15412790988580252,questions_in
2025-10-29T12:40:38.042267,PUBLISH,472ece3712954832a12b16dfb44ad9c7,68f2d95bd190740cfd6a3bb7,ENQUEUED,0.20055522655379907,questions_in
2025-10-29T12:40:38.145878,PUBLISH,ab840df53797476aaea95e06d5d1c6ef,68f2d95bd190740cfd6a2539,ENQUEUED,0.10108193555494993,questions_in
2025-10-29T12:40:38.270959,PUBLISH,02aad4b8cd9340788fb9066fe9266a58,68f2d95bd190740cfd6a2239,ENQUEUED,0.1153482027715278,questions_in
2025-10-29T12:40:38.398806,PUBLISH,3ed90b225feb4415906914685dc7eba8,68f2d95bd190740cfd6a3c90,ENQUEUED,0.118651019227001,questions_in
2025-10-29T12:40:38.742700,PUBLISH,b7f197759a1446f5a2ebd53dbf5f66f4,68f2d95bd190740cfd6a2973,ENQUEUED,0.33602876871358545,questions_in
2025-10-29T12:40:39.120941,PUBLISH,79dca897f8ea4aef8fcf4912d4722625,68f2d95bd190740cfd6a3530,ENQUEUED,0.375170754142393,questions_in
2025-10-29T12:40:39.527101,PUBLISH,2ec0b727013b4d989648e22749037169,68f2d95bd190740cfd6a268e,ENQUEUED,0.3980325229676087,questions_in
2025-10-29T12:40:39.882677,PUBLISH,c416813e84d84f7e96c4e1591f364117,68f2d95bd190740cfd6a1faf,ENQUEUED,0.3460150926834539,questions_in
2025-10-29T12:40:40.184485,PUBLISH,4fed35324b554d46b66afa850bf17a65,68f2d95bd190740cfd6a3f17,ENQUEUED,0.2877365483415455,questions_in
2025-10-29T12:40:40.660039,PUBLISH,c296e31ade544b94970ed79fd8bf4074,68f2d95bd190740cfd6a3b5a,ENQUEUED,0.46644274695724175,questions_in
2025-10-29T12:40:41.008925,PUBLISH,91031697f55d458c98ffe7cae698ec80,68f2d95bd190740cfd6a3d31,ENQUEUED,0.3395542183262591,questions_in
2025-10-29T12:40:41.452381,PUBLISH,556c7914702442fea18a6dc60268c5b4,68f2d95bd190740cfd6a2bfd,ENQUEUED,0.4389561353173306,questions_in
2025-10-29T12:40:41.953955,PUBLISH,bb5bfae342464b008553b90bc3fd3b6d,68f2d95bd190740cfd6a2d37,ENQUEUED,0.4897422753865409,questions_in
2025-10-29T12:40:42.221532,PUBLISH,9c996a6159b143e3b4d2bbecdb51f113,68f2d95bd190740cfd6a3040,ENQUEUED,0.26293000629007013,questions_in
2025-10-29T12:40:42.407424,PUBLISH,f832330930264c64ae908372485027cf,68f2d95bd190740cfd6a4020,ENQUEUED,0.18328843204873518,questions_in
2025-10-29T12:40:42.668681,PUBLISH,d175e0f65fb4402cb0877dd2332175c4,68f2d95bd190740cfd6a3942,ENQUEUED,0.25845025249259646,questions_in
2025-10-29T12:40:43.137882,PUBLISH,6c3df7b8067c46cbb3df0c7d46a06e75,68f2d95bd190740cfd6a2a86,ENQUEUED,0.45857875127503267,questions_in
2025-10-29T12:40:43.306649,PUBLISH,59cc4797a79d4a6aa06532f10f718858,68f2d95bd190740cfd6a2514,ENQUEUED,0.15670957838166305,questions_in
2025-10-29T12:40:43.624381,PUBLISH,4d9bdf1510ee436a8ff903bf1bdc78ed,68f2d95bd190740cfd6a23c3,ENQUEUED,0.30760971026882694,questions_in
2025-10-29T12:40:43.988111,PUBLISH,8c73ff8170d047fca015e67537b649cc,68f2d95bd190740cfd6a33ad,ENQUEUED,0.35762471788285655,questions_in
2025-10-29T12:40:44.115877,PUBLISH,a3f96f27752046cc81d1b72ea328b9d0,68f2d95bd190740cfd6a3b63,ENQUEUED,0.12460567863462796,questions_in
2025-10-29T12:40:44.585503,PUBLISH,41539e799f4144ebb434c99d6a86aea3,68f2d95bd190740cfd6a2046,ENQUEUED,0.46621923024774947,questions_in
2025-10-29T12:40:44.952268,PUBLISH,57badc23b47b46e0976d9b3b0a306960,68f2d95bd190740cfd6a1d9d,ENQUEUED,0.35776545906127755,questions_in
2025-10-29T12:40:45.185171,PUBLISH,b66acda7f8554d81829478af93e967fb,68f2d95bd190740cfd6a27c6,ENQUEUED,0.22892776878416596,questions_in
2025-10-29T12:40:45.294519,PUBLISH,41e6e0e9820842f298cdd022e670f672,68f2d95bd190740cfd6a2b66,ENQUEUED,0.10140012932437817,questions_in
2025-10-29T12:40:45.557417,PUBLISH,68ad3d17a48b470b9a2509cff4bd5aa0,68f2d95bd190740cfd6a2e12,ENQUEUED,0.2593107025126966,questions_in
2025-10-29T12:40:45.926009,PUBLISH,4e3d820cf0324904856d0c9e9fd20e8d,68f2d95bd190740cfd6a3311,ENQUEUED,0.3637340180511135,questions_in
2025-10-29T12:40:46.041024,PUBLISH,105ecd02a44948fb8e872bc125df4e6d,68f2d95bd190740cfd6a2af6,ENQUEUED,0.10683757380840363,questions_in
2025-10-29T12:40:46.548883,PUBLISH,a6352d56d64c4d68bbc6a03555c41b89,68f2d95bd190740cfd6a36dc,ENQUEUED,0.49885143021176837,questions_in
2025-10-29T12:40:46.771193,PUBLISH,4cc7bfd55d2742ddab9731ced40f86d1,68f2d95bd190740cfd6a2ef4,ENQUEUED,0.21705194733764088,questions_in
2025-10-29T12:40:47.051652,PUBLISH,6b363edf51d64697a96a034e9e41473c,68f2d95bd190740cfd6a1d6d,ENQUEUED,0.2712654198570551,questions_in
2025-10-29T12:40:47.170668,PUBLISH,1800526735454e0183cbb36d2d8145c9,68f2d95bd190740cfd6a2bdb,ENQUEUED,0.11033628789208452,questions_in
2025-10-29T12:40:47.425816,PUBLISH,1c1d0817ff8f4d66817b8ccee6117946,68f2d95bd190740cfd6a1f14,ENQUEUED,0.2525746534810281,questions_in
2025-10-29T12:40:47.694178,PUBLISH,9083c75603e14c5c9ed400eaa6d4d8c9,68f2d95bd190740cfd6a3ada,ENQUEUED,0.26063158381799423,questions_in
2025-10-29T12:40:47.964350,PUBLISH,b5213fe78dec480ab2b2e1c14cb5e052,68f2d95bd190740cfd6a37ba,ENQUEUED,0.26656316976059,questions_in
2025-10-29T12:40:48.384266,PUBLISH,405c024d55254c2085157c0b52204e73,68f2d95bd190740cfd6a1c31,ENQUEUED,0.41679770826222806,questions_in
2025-10-29T12:40:48.586543,PUBLISH,0326685c8ee8425e90b129497e967d8e,68f2d95bd190740cfd6a1fb6,ENQUEUED,0.19372792618263945,questions_in
2025-10-29T12:40:48.955602,PUBLISH,1d4cc77e62b44b4c9b9bc91b18f9ac6d,68f2d95bd190740cfd6a2266,ENQUEUED,0.35932107316781503,questions_in
2025-10-29T12:40:49.243550,PUBLISH,c633c6663600407d8d814be84095f762,68f2d95bd190740cfd6a1fd6,ENQUEUED,0.2793484534169737,questions_in
2025-10-29T12:40:49.484404,PUBLISH,a298ae79009d408fa4aab73c896dbd65,68f2d95bd190740cfd6a3543,ENQUEUED,0.2307186083558621,questions_in
2025-10-29T12:40:49.753795,PUBLISH,7c1027cda201439292db574e0cc8d82f,68f2d95bd190740cfd6a226a,ENQUEUED,0.26112201825778764,questions_in
2025-10-29T12:40:50.057261,PUBLISH,58c7df1f14ae4aaaa0151aa225994682,68f2d95bd190740cfd6a1b2a,ENQUEUED,0.29549827933938566,questions_in
2025-10-29T12:40:50.227956,PUBLISH,3384daa27193424080779dd367901283,68f2d95bd190740cfd6a22c0,ENQUEUED,0.16242782321309357,questions_in
2025-10-29T12:40:50.596523,PUBLISH,1658f70e85d947b4ba514c58f307afd9,68f2d95bd190740cfd6a3a7e,ENQUEUED,0.36572741597546543,questions_in
2025-10-29T12:40:50.729494,PUBLISH,afa5f57d538a4e51aeb18f87cb0c64c9,68f2d95bd190740cfd6a3b13,ENQUEUED,0.12449475384644036,questions_in
2025-10-29T12:40:51.086259,PUBLISH,01cfc86c7e14446aaca367410f2abc14,68f2d95bd190740cfd6a3ca0,ENQUEUED,0.3539199123459603,questions_in
2025-10-29T12:40:51.537856,PUBLISH,bb137ad9eee54f9ba00fc63412ec64a8,68f2d95bd190740cfd6a3180,ENQUEUED,0.44350793695359503,questions_in
2025-10-29T12:40:51.819392,PUBLISH,f6216e2997f54c02aad692c637da0de4,68f2d95bd190740cfd6a3d7b,ENQUEUED,0.27290727581612073,questions_in
2025-10-29T12:40:51.989784,PUBLISH,07f3edd6078740a788a490cf734314a5,68f2d95bd190740cfd6a3fd8,ENQUEUED,0.16290393043894785,questions_in
2025-10-29T12:40:52.172668,PUBLISH,830b03c5c33044fb9c99f32b0d058ff3,68f2d95bd190740cfd6a2c3e,ENQUEUED,0.1755904336852232,questions_in
2025-10-29T12:40:52.525626,PUBLISH,b12f208c86714d85b6a57cd640331553,68f2d95bd190740cfd6a3552,ENQUEUED,0.34555190328575713,questions_in
2025-10-29T12:40:53.018679,PUBLISH,9b670df3f9ad4d9c88e5405c7a8fc7c3,68f2d95bd190740cfd6a2c83,ENQUEUED,0.4854861981776589,questions_in
2025-10-29T12:40:53.150570,PUBLISH,764f060c68534a68b9fe80fd694cc9ee,68f2d95bd190740cfd6a2f0e,ENQUEUED,0.12379752672219545,questions_in
2025-10-29T12:40:53.401808,PUBLISH,e6e8b56cb810452fb28b655db5f6f357,68f2d95bd190740cfd6a1fee,ENQUEUED,0.2481534144352923,questions_in
2025-10-29T12:40:53.528773,PUBLISH,3b0930e7aa7743fc9cf724665b1469fc,68f2d95bd190740cfd6a36c6,ENQUEUED,0.11819246522136138,questions_in
2025-10-29T12:40:53.899198,PUBLISH,a3c5d21799cf49b6b17e5fab9e8d3e9c,68f2d95bd190740cfd6a4196,ENQUEUED,0.3674970898652151,questions_in
2025-10-29T12:40:54.048802,PUBLISH,2996ebc3caa645bea9a17123a970d36c,68f2d95bd190740cfd6a251e,ENQUEUED,0.14034813220598072,questions_in
2025-10-29T12:40:54.372902,PUBLISH,b82b5397c8c943609bb36f3461db8762,68f2d95bd190740cfd6a23ea,ENQUEUED,0.3214621699992287,questions_in
2025-10-29T12:40:54.654826,PUBLISH,18df3c38b3b4444c868943e1aed62e48,68f2d95bd190740cfd6a3917,ENQUEUED,0.2737858620308917,questions_in
2025-10-29T12:40:54.794510,PUBLISH,7b705a9681834e538cfcd0a1201dbfe9,68f2d95bd190740cfd6a418f,ENQUEUED,0.13579748807213154,questions_in
2025-10-29T12:40:55.269243,PUBLISH,87ed3bb6abfd4bf88be054ff171f9e8f,68f2d95bd190740cfd6a1e92,ENQUEUED,0.47231442592778927,questions_in
2025-10-29T12:40:55.449630,PUBLISH,3862f8dea48549afb4ca333f643563b2,68f2d95bd190740cfd6a23e7,ENQUEUED,0.17205233013840515,questions_in
2025-10-29T12:40:55.699643,PUBLISH,d99748fa0dce4ab7a22b8b19f5a446ba,68f2d95bd190740cfd6a32c3,ENQUEUED,0.24210926661017435,questions_in
2025-10-29T12:40:55.933470,PUBLISH,b27c56e0b71244c8a93b33aea023bd51,68f2d95bd190740cfd6a406d,ENQUEUED,0.2291759341913333,questions_in
2025-10-29T12:40:56.156770,PUBLISH,7021a27a1ca64b77b2858b474b7f7cf4,68f2d95bd190740cfd6a2a55,ENQUEUED,0.21547838594072122,questions_in
2025-10-29T12:40:56.405491,PUBLISH,43f801328a25466f88e093b5e18896a7,68f2d95bd190740cfd6a3c88,ENQUEUED,0.24490234692643129,questions_in
2025-10-29T12:40:56.685574,PUBLISH,2b0c864bfb54484090dbf9afffbe3447,68f2d95bd190740cfd6a3b26,ENQUEUED,0.27271364193412206,questions_in
2025-10-29T12:40:56.899336,PUBLISH,73e6dfa4bebf4d6c98535a599dd1cf22,68f2d95bd190740cfd6a3fc1,ENQUEUED,0.20610398412742914,questions_in
2025-10-29T12:40:57.057623,PUBLISH,66c93b1fb09141b7b9079308e4af9e85,68f2d95bd190740cfd6a40a9,ENQUEUED,0.14991415024267202,questions_in
2025-10-29T12:40:57.205017,PUBLISH,33853cacdfa64386af78135dbd7a3186,68f2d95bd190740cfd6a4100,ENQUEUED,0.13929090767072463,questions_in
2025-10-29T12:40:57.324062,PUBLISH,1de3761f29fe4fd2b89270e52adb669a,68f2d95bd190740cfd6a362e,ENQUEUED,0.11121643907007535,questions_in
2025-10-29T12:40:57.749735,PUBLISH,596ee1d2428e44688166dcbb66917c65,68f2d95bd190740cfd6a3d5f,ENQUEUED,0.42255624026289307,questions_in
2025-10-29T12:40:58.172857,PUBLISH,ea4a84527b684134896fb3eac33044eb,68f2d95bd190740cfd6a252c,ENQUEUED,0.41529492679120816,questions_in
2025-10-29T12:40:58.461655,PUBLISH,927db5590f5e4196b05ec6bae18361e2,68f2d95bd190740cfd6a2259,ENQUEUED,0.28098585034420975,questions_in
2025-10-29T12:40:58.596068,PUBLISH,a854b2184032427ca311b3bf11821af8,68f2d95bd190740cfd6a2eac,ENQUEUED,0.12602290262075458,questions_in
2025-10-29T12:40:59.071654,PUBLISH,37388b3b279a43c8a870ce07489ef39d,68f2d95bd190740cfd6a38d7,ENQUEUED,0.4731181137493884,questions_in
2025-10-29T12:40:59.535200,PUBLISH,069818fd5dfc451a9dc3e1c7e9168209,68f2d95bd190740cfd6a36fc,ENQUEUED,0.45967176074079064,questions_in
2025-10-29T12:41:00.010358,PUBLISH,42618e2fc07b498ba9301d63de64fbd2,68f2d95bd190740cfd6a30f2,ENQUEUED,0.47091119383573254,questions_in
2025-10-29T12:41:00.177354,PUBLISH,ab94f1bdfe1e4843b29e5209807bdc90,68f2d95bd190740cfd6a3ac0,ENQUEUED,0.1584840027374892,questions_in
2025-10-29T12:41:00.467495,PUBLISH,0829a0f4113c4aa2bb0f0c375ba9d5a2,68f2d95bd190740cfd6a37bf,ENQUEUED,0.2818195934333526,questions_in
2025-10-29T12:41:00.623868,PUBLISH,4342b940535c437789303dacfafa94c8,68f2d95bd190740cfd6a309b,ENQUEUED,0.14918236695286252,questions_in
2025-10-29T12:41:01.002092,PUBLISH,6ac67e502a23482099e2a9a2928f2c15,68f2d95bd190740cfd6a34bd,ENQUEUED,0.37150127611372186,questions_in
2025-10-29T12:41:01.113347,PUBLISH,88fba0150ee043879dbbf5baa9cfdf23,68f2d95bd190740cfd6a1ec3,ENQUEUED,0.10169169644518719,questions_in
2025-10-29T12:41:01.385695,PUBLISH,df078b7991ec41cfa92bab68fa8fbb05,68f2d95bd190740cfd6a3dc4,ENQUEUED,0.2692740478816418,questions_in
2025-10-29T12:41:01.511160,PUBLISH,eb90d0cfd44a494496fe3ce1bc642d92,68f2d95bd190740cfd6a263c,ENQUEUED,0.1219409673260211,questions_in
2025-10-29T12:41:01.896572,PUBLISH,fa73e5212bee439b841e5c4e78c3713d,68f2d95bd190740cfd6a2d25,ENQUEUED,0.3801791569907862,questions_in
2025-10-29T12:41:02.206172,PUBLISH,1acb986585a940168fa650d430eeb9b0,68f2d95bd190740cfd6a387a,ENQUEUED,0.3063629286511185,questions_in
2025-10-29T12:41:02.549714,PUBLISH,e8b76a303e8d4d11af6cf2b5d8191ce5,68f2d95bd190740cfd6a3a03,ENQUEUED,0.3363513987052341,questions_in
2025-10-29T12:41:02.817298,PUBLISH,28984bf8dd8046dba48e81ee2cf9bf19,68f2d95bd190740cfd6a41cb,ENQUEUED,0.2599404506829017,questions_in
2025-10-29T12:41:03.126151,PUBLISH,7c40fa19638a42e28635197fa0c9f34a,68f2d95bd190740cfd6a3d43,ENQUEUED,0.3056742358451223,questions_in
2025-10-29T12:41:03.514049,PUBLISH,d10d832420664865a857a0449f45ecfa,68f2d95bd190740cfd6a20bb,ENQUEUED,0.3795958645282004,questions_in
2025-10-29T12:41:03.688852,PUBLISH,0d366ad7df8d4df1825032d02b27dc2b,68f2d95bd190740cfd6a2507,ENQUEUED,0.16883021437826423,questions_in
2025-10-29T12:41:03.902160,PUBLISH,3649268d818848dbb7d918db39db3228,68f2d95bd190740cfd6a1f12,ENQUEUED,0.20546009369709917,questions_in
2025-10-29T12:41:04.014782,PUBLISH,608c2f2f76a349bbbb8b959dc123bd06,68f2d95bd190740cfd6a20b0,ENQUEUED,0.10469710487937603,questions_in
2025-10-29T12:41:04.453432,PUBLISH,6c44200718fa416e9051057c094f9685,68f2d95bd190740cfd6a2e4e,ENQUEUED,0.4301843293200669,questions_in
2025-10-29T12:41:04.904623,PUBLISH,ff7941cda2494ad6b6af1d33c5881485,68f2d95bd190740cfd6a355f,ENQUEUED,0.4436652613370188,questions_in
2025-10-29T12:41:05.329245,PUBLISH,8e46ccfa418049e99b881bf5e532523e,68f2d95bd190740cfd6a3928,ENQUEUED,0.4217458021847772,questions_in
2025-10-29T12:41:05.679555,PUBLISH,2533665e9e4d458988963ca49ca1757d,68f2d95bd190740cfd6a410e,ENQUEUED,0.3469197489578855,questions_in
2025-10-29T12:41:06.003952,PUBLISH,9c7f012e74c44af6aa720bddb3d1ff0b,68f2d95bd190740cfd6a3d2e,ENQUEUED,0.3165636038831632,questions_in
2025-10-29T12:41:06.472248,PUBLISH,35ef3e9194e9423dab0cf8b39fa7fd3a,68f2d95bd190740cfd6a2062,ENQUEUED,0.4583242364957614,questions_in
2025-10-29T12:41:06.682440,PUBLISH,9d2ff140a45c4c2397e6cc0d598c60dd,68f2d95bd190740cfd6a259e,ENQUEUED,0.2030089080267656,questions_in
2025-10-29T12:41:06.964513,PUBLISH,782d953f2d164611b44f18e72938dd19,68f2d95bd190740cfd6a30ed,ENQUEUED,0.2735302215141071,questions_in
2025-10-29T12:41:07.195376,PUBLISH,d58f686e01a7485e82717d1837c602ae,68f2d95bd190740cfd6a3321,ENQUEUED,0.2221665480813072,questions_in
2025-10-29T12:41:07.331523,PUBLISH,15864cc2eeed422e9f9d7184884bad8d,68f2d95bd190740cfd6a24b1,ENQUEUED,0.1283179601649494,questions_in
2025-10-29T12:41:07.770419,PUBLISH,0933b2357d7c491ea575dd331f225975,68f2d95bd190740cfd6a2914,ENQUEUED,0.43154258012833724,questions_in
2025-10-29T12:41:07.898283,PUBLISH,fb48d44dd28e40bc8b798bc3a936356d,68f2d95bd190740cfd6a2de0,ENQUEUED,0.12069674686905421,questions_in
2025-10-29T12:41:08.161257,PUBLISH,b00605c994be40058c214fa8b8e938ed,68f2d95bd190740cfd6a3d73,ENQUEUED,0.25756408866784836,questions_in
2025-10-29T12:41:08.459628,PUBLISH,461c8c81db8d48d49e6deeef2bcf847e,68f2d95bd190740cfd6a4011,ENQUEUED,0.29284185861165246,questions_in
2025-10-29T12:41:08.738343,PUBLISH,5b18e0ea4e234a0aace220647feee39c,68f2d95bd190740cfd6a3cc9,ENQUEUED,0.2698038271557546,questions_in
2025-10-29T12:41:09.117469,PUBLISH,a389b9dcae0742c4b459561dde38a1e5,68f2d95bd190740cfd6a2f17,ENQUEUED,0.3717411745724851,questions_in
2025-10-29T12:41:09.521564,PUBLISH,53be807d8a904623a5373bdd608b1d7a,68f2d95bd190740cfd6a32e6,ENQUEUED,0.3965106911930161,questions_in
2025-10-29T12:41:09.760569,PUBLISH,aa4ff1daeeec4af9b28f5e27fdde358f,68f2d95bd190740cfd6a408a,ENQUEUED,0.23132796340067552,questions_in
2025-10-29T12:41:10.046941,PUBLISH,7d5b7cc2dc6643f5b7112682c102f4d7,68f2d95bd190740cfd6a2324,ENQUEUED,0.2783228522661835,questions_in
2025-10-29T12:41:10.285186,PUBLISH,a07f5f2910d1464da70a0d2bd98bf169,68f2d95bd190740cfd6a3eba,ENQUEUED,0.2305531683209947,questions_in
2025-10-29T12:41:10.559286,PUBLISH,50d3c995592645a88ea0a3c14e6869e9,68f2d95bd190740cfd6a3944,ENQUEUED,0.26902457684193715,questions_in
2025-10-29T12:41:10.824503,PUBLISH,ad4e8f6f128946c0af511f8435214e3c,68f2d95bd190740cfd6a2311,ENQUEUED,0.25726513285666974,questions_in
2025-10-29T12:41:11.078488,PUBLISH,3ea9671f2545459ab380fa1f03e6bdb5,68f2d95bd190740cfd6a2b6c,ENQUEUED,0.24198868889714908,questions_in
2025-10-29T12:41:11.446558,PUBLISH,c408f5ad4daa4309b5f8080b543019e5,68f2d95bd190740cfd6a3dda,ENQUEUED,0.3603549458752442,questions_in
2025-10-29T12:41:11.663786,PUBLISH,3526da9d601847de997ede17ae5c208c,68f2d95bd190740cfd6a2dfe,ENQUEUED,0.21422620881332877,questions_in
2025-10-29T12:41:12.005099,PUBLISH,7d6750090d1b4c5c88554bd30f3d3b0d,68f2d95bd190740cfd6a3803,ENQUEUED,0.3331408213707706,questions_in
2025-10-29T12:41:12.131819,PUBLISH,e91f5e565e8348728c3ba4c88885b483,68f2d95bd190740cfd6a2598,ENQUEUED,0.12408898403152202,questions_in
2025-10-29T12:41:12.396793,PUBLISH,b5ca24e1d3544d279de58a06479622bf,68f2d95bd190740cfd6a2a7d,ENQUEUED,0.2575877607931188,questions_in
2025-10-29T12:41:12.582353,PUBLISH,4eca02f11c3648b3b4de113c3609cce8,68f2d95bd190740cfd6a2e1a,ENQUEUED,0.17766498951232076,questions_in
2025-10-29T12:41:12.813582,PUBLISH,0e4bdd5c158b4e66b4e0185ea64149a2,68f2d95bd190740cfd6a2584,ENQUEUED,0.22401268695625234,questions_in
2025-10-29T12:41:13.050873,PUBLISH,acb6eeaca98544b8abc4f164cbb0a891,68f2d95bd190740cfd6a244f,ENQUEUED,0.23478428535566734,questions_in
2025-10-29T12:41:13.446290,PUBLISH,e8266fd9c3b34395bde0561e018a6d8a,68f2d95bd190740cfd6a38fe,ENQUEUED,0.38641120731148215,questions_in
2025-10-29T12:41:13.925480,PUBLISH,a89abbc0389e403aa52921dfd3f97b4f,68f2d95bd190740cfd6a3fbd,ENQUEUED,0.4659564997321256,questions_in
2025-10-29T12:41:14.272835,PUBLISH,20c34a794ff347baa70b6f2e738a598a,68f2d95bd190740cfd6a1ce6,ENQUEUED,0.3420783760408168,questions_in
2025-10-29T12:41:14.586156,PUBLISH,bd0a7a6a85304a84911001185e851b94,68f2d95bd190740cfd6a276a,ENQUEUED,0.31060329601885317,questions_in
2025-10-29T12:41:14.808563,PUBLISH,7ace47ab2e3b4c3a96896d69b8b6fbce,68f2d95bd190740cfd6a235e,ENQUEUED,0.21966648408497993,questions_in
2025-10-29T12:41:15.314004,PUBLISH,6372a2efc50c4d8dbd88fbe9aef77850,68f2d95bd190740cfd6a33da,ENQUEUED,0.49792112818614176,questions_in
2025-10-29T12:41:15.729957,PUBLISH,913a391573ac4f95b58ed2f450da4174,68f2d95bd190740cfd6a28fd,ENQUEUED,0.40869046797335695,questions_in
2025-10-29T12:41:16.025130,PUBLISH,eb40d5ec549f4d8398e41bac00ae434b,68f2d95bd190740cfd6a1b86,ENQUEUED,0.2863475119763216,questions_in
2025-10-29T12:41:16.275935,PUBLISH,0fea7eeb1d8f46e0a6552b7f6d441474,68f2d95bd190740cfd6a2ae7,ENQUEUED,0.24232394545773991,questions_in
2025-10-29T12:41:16.547866,PUBLISH,8a9de708f6e54fc59b40ec35661671b7,68f2d95bd190740cfd6a21a1,ENQUEUED,0.2646247442198576,questions_in
2025-10-29T12:41:16.810931,PUBLISH,992d52c78f414898b25df01e4f018214,68f2d95bd190740cfd6a1d5f,ENQUEUED,0.2600793010838268,questions_in
2025-10-29T12:41:17.141096,PUBLISH,8d5f08fc52fb479e978c1b7e1daae119,68f2d95bd190740cfd6a22cc,ENQUEUED,0.32217513033691414,questions_in
2025-10-29T12:41:17.578848,PUBLISH,88a2c5e52cb24f1bbf1ea76196818290,68f2d95bd190740cfd6a25e9,ENQUEUED,0.43514678019195374,questions_in
2025-10-29T12:41:17.791104,PUBLISH,c20476ccf7c143cb80abf9f5b5166306,68f2d95bd190740cfd6a316a,ENQUEUED,0.20868003937899116,questions_in
2025-10-29T12:41:18.063911,PUBLISH,7644926afd324adebcef31fdee6eb70a,68f2d95bd190740cfd6a284c,ENQUEUED,0.2625282095639536,questions_in
2025-10-29T12:41:18.180935,PUBLISH,dcc8721a244646069d292d01d8301fbc,68f2d95bd190740cfd6a2e25,ENQUEUED,0.10769412774511307,questions_in
2025-10-29T12:41:18.544791,PUBLISH,4bc4d9017bdd4c8c8146b8a20bd06795,68f2d95bd190740cfd6a371b,ENQUEUED,0.361372974564134,questions_in
2025-10-29T12:41:19.044161,PUBLISH,9b0b9cde95134d8189a4f5515a81def1,68f2d95bd190740cfd6a3623,ENQUEUED,0.4947228182394888,questions_in
2025-10-29T12:41:19.395256,PUBLISH,d9c397613d124926ba5e2a502cdf911d,68f2d95bd190740cfd6a253a,ENQUEUED,0.3431607097466574,questions_in
2025-10-29T12:41:19.504265,PUBLISH,115ef82216084caba9feead20cce1254,68f2d95bd190740cfd6a243f,ENQUEUED,0.10579880885110066,questions_in
2025-10-29T12:41:19.739362,PUBLISH,4a15b721a5b34b5688a3a84de56413f5,68f2d95bd190740cfd6a288e,ENQUEUED,0.2302897739528763,questions_in
2025-10-29T12:41:20.173269,PUBLISH,25f8b692fa744307aa874ca187c61905,68f2d95bd190740cfd6a3364,ENQUEUED,0.4248659282409526,questions_in
2025-10-29T12:41:20.654076,PUBLISH,2291943c97e84d5fab09400134d0d409,68f2d95bd190740cfd6a250c,ENQUEUED,0.4739673482984118,questions_in
2025-10-29T12:41:21.007247,PUBLISH,dcb44be3dc7342fd8fa2bd0c7b0ddbe5,68f2d95bd190740cfd6a30cc,ENQUEUED,0.3459015272627869,questions_in
2025-10-29T12:41:21.345177,PUBLISH,a589f7f4673b4fa5b7aad3b4fd297194,68f2d95bd190740cfd6a23ed,ENQUEUED,0.3301032771378785,questions_in
2025-10-29T12:41:21.597694,PUBLISH,bb16e4019b5b461499454a3b3f3a1ae4,68f2d95bd190740cfd6a2fda,ENQUEUED,0.2503003181457353,questions_in
2025-10-29T12:41:21.723910,PUBLISH,ee7c4b1b68464f68a5ac638fb90888c9,68f2d95bd190740cfd6a2733,ENQUEUED,0.11810400673826252,questions_in
2025-10-29T12:41:21.952589,PUBLISH,da88dbd69241405b9d6c544540eeccdd,68f2d95bd190740cfd6a2cd8,ENQUEUED,0.22081553279740085,questions_in
2025-10-29T12:41:22.284079,PUBLISH,8e15d29046544ef598eac2c59c812ccf,68f2d95bd190740cfd6a1bdd,ENQUEUED,0.325591140214562,questions_in
2025-10-29T12:41:22.417385,PUBLISH,01b966c21dbf463b9a88bddcd3e8a56c,68f2d95bd190740cfd6a1fdc,ENQUEUED,0.12548457640423283,questions_in
2025-10-29T12:41:22.751514,PUBLISH,b1a7ac1d80e847b2bb971462eadd85cc,68f2d95bd190740cfd6a3ae5,ENQUEUED,0.3268328797026566,questions_in
2025-10-29T12:41:22.882712,PUBLISH,3e09da8ff2d1418d8292ea3e2ad50d98,68f2d95bd190740cfd6a258d,ENQUEUED,0.1244542821729508,questions_in
2025-10-29T12:41:23.347836,PUBLISH,530174ebde3e45ddb9243390d931877b,68f2d95bd190740cfd6a1fc1,ENQUEUED,0.4623716913755054,questions_in
2025-10-29T12:41:23.545204,PUBLISH,810bab0fd3b946de89082b21224e454d,68f2d95bd190740cfd6a2107,ENQUEUED,0.188977032187774,questions_in
2025-10-29T12:41:23.948028,PUBLISH,3374aab80b574deabf5229003cfa17fe,68f2d95bd190740cfd6a2b9e,ENQUEUED,0.39567466749839475,questions_in
2025-10-29T12:41:24.366577,PUBLISH,7d4d1ecf469643e7b12fc5c06bfd9d99,68f2d95bd190740cfd6a21a9,ENQUEUED,0.41183961895798793,questions_in
2025-10-29T12:41:24.839306,PUBLISH,abe3c05611064e6c963a98703d07b962,68f2d95bd190740cfd6a41b6,ENQUEUED,0.4649107032847981,questions_in
2025-10-29T12:41:25.221797,PUBLISH,195d283309134d15bb8de44bf13b55e3,68f2d95bd190740cfd6a365b,ENQUEUED,0.37752073420234833,questions_in
2025-10-29T12:41:25.623390,PUBLISH,a4862511ce804e4c835c3c08530182ef,68f2d95bd190740cfd6a3413,ENQUEUED,0.3937613256715127,questions_in
2025-10-29T12:41:25.891379,PUBLISH,574893d871ec40288a3ab8de4636d82d,68f2d95bd190740cfd6a3938,ENQUEUED,0.2651576243015463,questions_in
2025-10-29T12:41:26.028403,PUBLISH,080d30ac0a434193af55a648949f7642,68f2d95bd190740cfd6a1c76,ENQUEUED,0.12969632900274639,questions_in
2025-10-29T12:41:26.133921,PUBLISH,0ca762623d9948809769b18c7a9e4410,68f2d95bd190740cfd6a1e84,ENQUEUED,0.1024768879336878,questions_in
2025-10-29T12:41:26.555341,PUBLISH,badd01c2964d4ed8a5b97f0f72a1682c,68f2d95bd190740cfd6a34cd,ENQUEUED,0.4134350129029086,questions_in
2025-10-29T12:41:26.751446,PUBLISH,17bc038a1ed1409aa2e8fd06915867fd,68f2d95bd190740cfd6a2ede,ENQUEUED,0.18917053970525732,questions_in
2025-10-29T12:41:27.048253,PUBLISH,928f73167b2744b98376c7e41c86afda,68f2d95bd190740cfd6a379c,ENQUEUED,0.2943761179556293,questions_in
2025-10-29T12:41:27.448732,PUBLISH,829ff30874ca4c7b8eabe6443023f69d,68f2d95bd190740cfd6a3c84,ENQUEUED,0.39249738756733554,questions_in
2025-10-29T12:41:27.690758,PUBLISH,ec0b76f0d9234be19379474e03267e92,68f2d95bd190740cfd6a3227,ENQUEUED,0.23446747499251455,questions_in
2025-10-29T12:41:28.129869,PUBLISH,db3e2a93c78846ce933b0bdc0d5b975b,68f2d95bd190740cfd6a2026,ENQUEUED,0.43637186494526803,questions_in
2025-10-29T12:41:28.233823,PUBLISH,bcdb4e798fe84e668dc59258c05f30f0,68f2d95bd190740cfd6a371a,ENQUEUED,0.10155132682137841,questions_in
2025-10-29T12:41:28.581132,PUBLISH,e34df8fef55c4e518dc8913744e74b7d,68f2d95bd190740cfd6a30e2,ENQUEUED,0.34017489360926056,questions_in
2025-10-29T12:41:28.780906,PUBLISH,622dcf5c3d0340f0ac4923506d6d09b1,68f2d95bd190740cfd6a1adf,ENQUEUED,0.19155182416000122,questions_in
2025-10-29T12:41:29.275757,PUBLISH,12edb865b3bc40a78ce736d2b5fb8678,68f2d95bd190740cfd6a322c,ENQUEUED,0.4856209743017298,questions_in
2025-10-29T12:41:29.405527,PUBLISH,0c2afe15b87c4e6babcba63acd1746fa,68f2d95bd190740cfd6a2640,ENQUEUED,0.1269061005232231,questions_in
2025-10-29T12:41:29.713406,PUBLISH,fcfcfe72d6474519a76660806b1e47f8,68f2d95bd190740cfd6a22ac,ENQUEUED,0.30070719765281223,questions_in
2025-10-29T12:41:29.958544,PUBLISH,0b8c490a294f4d01a2dd6143cae2a706,68f2d95bd190740cfd6a227b,ENQUEUED,0.23758796733634227,questions_in
2025-10-29T12:41:30.381087,PUBLISH,5b607d59b58f4d1a91fd6a02ba868abc,68f2d95bd190740cfd6a1b27,ENQUEUED,0.41977069260970923,questions_in
2025-10-29T12:41:30.716974,PUBLISH,75a6eb903ca34434872a242bd7e912d6,68f2d95bd190740cfd6a2866,ENQUEUED,0.3332753210604498,questions_in
2025-10-29T12:41:31.111754,PUBLISH,1e624def8d184acdba5b023c7d4169bd,68f2d95bd190740cfd6a1dc7,ENQUEUED,0.3929308916892532,questions_in
2025-10-29T12:41:31.540403,PUBLISH,07d047bbb7e8437283ffe67b4623e36a,68f2d95bd190740cfd6a299d,ENQUEUED,0.42071611119548014,questions_in
2025-10-29T12:41:32.039359,PUBLISH,4a86433b617c4898ac6695f29ebd5262,68f2d95bd190740cfd6a3ccd,ENQUEUED,0.49095412164495633,questions_in
2025-10-29T12:41:32.172787,PUBLISH,3467b0a032d54e5b88d61d33bc654307,68f2d95bd190740cfd6a2afa,ENQUEUED,0.13056538495817574,questions_in
2025-10-29T12:41:32.596645,PUBLISH,3f280391d56a4b26a3e7407f69bc4dce,68f2d95bd190740cfd6a3351,ENQUEUED,0.4211303912592521,questions_in
2025-10-29T12:41:32.907771,PUBLISH,589b6d6cbf20477b90098e59cbf86eba,68f2d95bd190740cfd6a1f2b,ENQUEUED,0.3034308053641628,questions_in
2025-10-29T12:41:33.125326,PUBLISH,03f0e71441d3437fb85a6bd8cd6aec04,68f2d95bd190740cfd6a1c5e,ENQUEUED,0.21084061462050396,questions_in
2025-10-29T12:41:33.615723,PUBLISH,55a69580e7db4ba383a811f5d7cfecdc,68f2d95bd190740cfd6a2c0b,ENQUEUED,0.4879133454283149,questions_in
2025-10-29T12:41:33.809675,PUBLISH,afa31f2814914995897a33ec7151176b,68f2d95bd190740cfd6a37c2,ENQUEUED,0.18700295007951265,questions_in
2025-10-29T12:41:33.982460,PUBLISH,0c56a545fe844601bd41d4c687ff9dae,68f2d95bd190740cfd6a33fd,ENQUEUED,0.16600201806782566,questions_in
2025-10-29T12:41:34.180953,PUBLISH,17854ad6ac8246088da57565134047d0,68f2d95bd190740cfd6a279d,ENQUEUED,0.19147119650424932,questions_in
2025-10-29T12:41:34.486270,PUBLISH,3204db9103644a9a954bb5e4ac93794f,68f2d95bd190740cfd6a3c3c,ENQUEUED,0.3013395956019531,questions_in
2025-10-29T12:41:34.814872,PUBLISH,e9a7bb110ce4475194f0350949285580,68f2d95bd190740cfd6a1e29,ENQUEUED,0.3208950794264537,questions_in
2025-10-29T12:41:35.051637,PUBLISH,d3d06196a7e04134b42816d195ca786b,68f2d95bd190740cfd6a217e,ENQUEUED,0.23280471903208666,questions_in
2025-10-29T12:41:35.472976,PUBLISH,8a29bba8848e41938d6123ae016f8717,68f2d95bd190740cfd6a2a7e,ENQUEUED,0.41619925994563023,questions_in
2025-10-29T12:41:35.635242,PUBLISH,47560b7c1bae4ed5bf02250537fa7c79,68f2d95bd190740cfd6a3095,ENQUEUED,0.15429111493808217,questions_in
2025-10-29T12:41:36.107118,PUBLISH,62bb9f4e4d6b4c3395495d52d7575cf0,68f2d95bd190740cfd6a302f,ENQUEUED,0.4637107212845234,questions_in
2025-10-29T12:41:36.310706,PUBLISH,671b8f8134ec41679c159aa40170eaab,68f2d95bd190740cfd6a2c6c,ENQUEUED,0.19957038391310147,questions_in
2025-10-29T12:41:36.475089,PUBLISH,0a46c04e98474a1b98c54f14708ce7c5,68f2d95bd190740cfd6a3e73,ENQUEUED,0.1576051991956935,questions_in
2025-10-29T12:41:36.979637,PUBLISH,b931ee3eb5af4e8c9c73f913d1c86b8f,68f2d95bd190740cfd6a1f89,ENQUEUED,0.49738080833958886,questions_in
2025-10-29T12:41:37.238860,PUBLISH,dd364c21d3474b96a39cde1e083e0796,68f2d95bd190740cfd6a30c5,ENQUEUED,0.25140110047776665,questions_in
2025-10-29T12:41:37.645534,PUBLISH,bb10b6eed6294122b9130cef1d633a69,68f2d95bd190740cfd6a2960,ENQUEUED,0.39966699152307694,questions_in
2025-10-29T12:41:38.016060,PUBLISH,e8cab748bc9b457b8d878ec5f1ddf57e,68f2d95bd190740cfd6a337a,ENQUEUED,0.36434557037195703,questions_in
2025-10-29T12:41:38.488737,PUBLISH,dc977d997daa4708a2515c0c66e0c72a,68f2d95bd190740cfd6a27a0,ENQUEUED,0.46435923684042824,questions_in
2025-10-29T12:41:38.819271,PUBLISH,d1567ac5a0a544faa8da1a539bcc3f18,68f2d95bd190740cfd6a3c7f,ENQUEUED,0.3216902594593789,questions_in
2025-10-29T12:41:39.050599,PUBLISH,81f60a8d5248404b81625df3e1dc2cc4,68f2d95bd190740cfd6a3a84,ENQUEUED,0.22526012078681626,questions_in
2025-10-29T12:41:39.329621,PUBLISH,ee3a6099c6cc44a1b54ac9fb5c75e534,68f2d95bd190740cfd6a378f,ENQUEUED,0.27231631621489605,questions_in
2025-10-29T12:41:39.658720,PUBLISH,2c2e5d43e9524ad1928e20cd07f37b0b,68f2d95bd190740cfd6a3c96,ENQUEUED,0.32194596643544304,questions_in
2025-10-29T12:41:40.152309,PUBLISH,ccd148b1002142bfb342d61364b3b7b1,68f2d95bd190740cfd6a22bd,ENQUEUED,0.49072603794751013,questions_in
2025-10-29T12:41:40.262752,PUBLISH,440d9388f9d24935b8e13ed5ea156e44,68f2d95bd190740cfd6a2684,ENQUEUED,0.10385895740415307,questions_in
2025-10-29T12:41:40.435660,PUBLISH,fb7163e371b94c79b69a62c7257a5c45,68f2d95bd190740cfd6a2969,ENQUEUED,0.16506868928221344,questions_in
2025-10-29T12:41:40.543403,PUBLISH,f4e243ad90d44289ac9ac458447fe3cc,68f2d95bd190740cfd6a28b7,ENQUEUED,0.10119782598744381,questions_in
2025-10-29T12:41:40.945284,PUBLISH,9020751effe9472bb7cc8b699a9b0737,68f2d95bd190740cfd6a1b75,ENQUEUED,0.3951694496573276,questions_in
2025-10-29T12:41:41.364790,PUBLISH,65057c1852914683814833b637c0d237,68f2d95bd190740cfd6a20e0,ENQUEUED,0.41191318265852694,questions_in
2025-10-29T12:41:41.707565,PUBLISH,97aaa8ea0f3d4b5f8c52966e94d502fc,68f2d95bd190740cfd6a2166,ENQUEUED,0.3364327568886467,questions_in
2025-10-29T12:41:41.857006,PUBLISH,7bc539239314473e8c4022bd831a0526,68f2d95bd190740cfd6a251f,ENQUEUED,0.1428542162477145,questions_in
2025-10-29T12:41:42.198204,PUBLISH,3e2dbbe89a4047e396f2d7d96702b389,68f2d95bd190740cfd6a27cc,ENQUEUED,0.3342594033701791,questions_in
2025-10-29T12:41:42.597836,PUBLISH,5538e28a46f1485ebd193bd77065d880,68f2d95bd190740cfd6a2634,ENQUEUED,0.39268341682187147,questions_in
2025-10-29T12:41:42.999858,PUBLISH,7ded0bc6189243629349fbdf4ac5b6a3,68f2d95bd190740cfd6a25a1,ENQUEUED,0.3944870079765298,questions_in
2025-10-29T12:41:43.158682,PUBLISH,fc2de3d3a2d340f3b2a3c5c94f2da840,68f2d95bd190740cfd6a33ed,ENQUEUED,0.14505346422524862,questions_in
2025-10-29T12:41:43.314037,PUBLISH,fa1f23b40387465b99a1bfe62bf4937f,68f2d95bd190740cfd6a249d,ENQUEUED,0.15313864827997448,questions_in
2025-10-29T12:41:43.753196,PUBLISH,e3eb9130adf54d038c8db3d67f1e22cf,68f2d95bd190740cfd6a2eb3,ENQUEUED,0.4308237492398399,questions_in
2025-10-29T12:41:44.078441,PUBLISH,81fca33e7a254e6aa5b0124c83d124fa,68f2d95bd190740cfd6a3f92,ENQUEUED,0.31732833921994796,questions_in
2025-10-29T12:41:44.309010,PUBLISH,f6f79277520f4c859395e47b71946a3e,68f2d95bd190740cfd6a31dd,ENQUEUED,0.22320413627448665,questions_in
2025-10-29T12:41:44.810480,PUBLISH,3ed31a6cbe1147f0ae6c1016702e3528,68f2d95bd190740cfd6a35ed,ENQUEUED,0.49235106900814607,questions_in
2025-10-29T12:41:45.141695,PUBLISH,744b6ef79b4a46d9aedc5e22fe8afec7,68f2d95bd190740cfd6a276c,ENQUEUED,0.3242844100214377,questions_in
2025-10-29T12:41:45.621017,PUBLISH,62923d4f44b84d57b11a6b3ec3d880f5,68f2d95bd190740cfd6a320b,ENQUEUED,0.47106222422752986,questions_in
2025-10-29T12:41:45.960202,PUBLISH,0b0f9a1858c0435f88a53063e6ab62c3,68f2d95bd190740cfd6a3227,ENQUEUED,0.33230751034167494,questions_in
2025-10-29T12:41:46.279375,PUBLISH,c323545606614548823662864f9171ed,68f2d95bd190740cfd6a1f0c,ENQUEUED,0.31678933589240243,questions_in
2025-10-29T12:41:46.461292,PUBLISH,72856a6f825b45159768e2a236b10200,68f2d95bd190740cfd6a412b,ENQUEUED,0.175085845113214,questions_in
2025-10-29T12:41:46.614932,PUBLISH,b8bb64aed2dc464884db4efa5c07bbcc,68f2d95bd190740cfd6a20d9,ENQUEUED,0.14618619184311862,questions_in
2025-10-29T12:41:47.105287,PUBLISH,a6e467f9df604542a71c827c3791a433,68f2d95bd190740cfd6a34e9,ENQUEUED,0.4813785511896732,questions_in
2025-10-29T12:41:47.411217,PUBLISH,dfc57ff112a0426e84db3ef964e51ce8,68f2d95bd190740cfd6a2d2e,ENQUEUED,0.29832621651263314,questions_in
2025-10-29T12:41:47.528099,PUBLISH,967503e4000f46198f6b3b7cb6cbc2a6,68f2d95bd190740cfd6a274d,ENQUEUED,0.1105263976760524,questions_in
2025-10-29T12:41:47.906446,PUBLISH,ce33169c6e0a48ccaf6ff6bbe82ce32b,68f2d95bd190740cfd6a312d,ENQUEUED,0.3690719706111556,questions_in
2025-10-29T12:41:48.181000,PUBLISH,597266990b8e4a10bfc994cf156f76f2,68f2d95bd190740cfd6a3b03,ENQUEUED,0.2678811260513405,questions_in
2025-10-29T12:41:48.495833,PUBLISH,beeac4393afa4331a1595f08b2a11420,68f2d95bd190740cfd6a3ea6,ENQUEUED,0.3074937334253356,questions_in
2025-10-29T12:41:48.737487,PUBLISH,c3b4ac525dcb4098b801b927bb84a63b,68f2d95bd190740cfd6a276b,ENQUEUED,0.2350104561399216,questions_in
2025-10-29T12:41:49.056738,PUBLISH,de0e9427447f450bb5bdb2b45c91e7b6,68f2d95bd190740cfd6a2cad,ENQUEUED,0.31170460013579887,questions_in
2025-10-29T12:41:49.317794,PUBLISH,815cb73c8ef74b33a5328c44e7aff142,68f2d95bd190740cfd6a2854,ENQUEUED,0.257594117308247,questions_in
2025-10-29T12:41:49.719249,PUBLISH,b7b897400acd40d3a11a68735fe09f14,68f2d95bd190740cfd6a3d87,ENQUEUED,0.39834795033405423,questions_in
2025-10-29T12:41:49.997135,PUBLISH,aef660641f5e4b578d1447a114e17fc9,68f2d95bd190740cfd6a1e81,ENQUEUED,0.2702155901255466,questions_in
2025-10-29T12:41:50.168383,PUBLISH,6e6f87beb4ae40dd870a6b17ca3b2f73,68f2d95bd190740cfd6a1b0f,ENQUEUED,0.1638735990848793,questions_in
2025-10-29T12:41:50.375927,PUBLISH,5e918c788f1d42daa48746fd5c66c6c2,68f2d95bd190740cfd6a1e23,ENQUEUED,0.20019450269592337,questions_in
2025-10-29T12:41:50.722687,PUBLISH,c8adc4612939454a9b0de167f0cbc3e8,68f2d95bd190740cfd6a226c,ENQUEUED,0.3391672009132213,questions_in
2025-10-29T12:41:51.159548,PUBLISH,b3c6658b473c4c5da0df6b4356a5b488,68f2d95bd190740cfd6a360b,ENQUEUED,0.42937552293870274,questions_in
2025-10-29T12:41:51.362951,PUBLISH,6aca50dd2d91465992385ee1c6bf2319,68f2d95bd190740cfd6a2783,ENQUEUED,0.2008089691034797,questions_in
2025-10-29T12:41:51.603105,PUBLISH,69ec9131b7e940c3960e0e8eb2b3e2a6,68f2d95bd190740cfd6a21fb,ENQUEUED,0.23174792696039537,questions_in
2025-10-29T12:41:52.038357,PUBLISH,137fea47b8394492894f251504435a06,68f2d95bd190740cfd6a35a3,ENQUEUED,0.4280479410502377,questions_in
2025-10-29T12:41:52.408898,PUBLISH,a7221b0ac513496fb8290950f401db73,68f2d95bd190740cfd6a2e24,ENQUEUED,0.36793123765749314,questions_in
2025-10-29T12:41:52.848658,PUBLISH,65b22bd27edb4f2c8fd01c7f77fbf0a1,68f2d95bd190740cfd6a3d07,ENQUEUED,0.4321568942996512,questions_in
2025-10-29T12:41:53.176946,PUBLISH,b8101aa7632448a09f710090e1dd65a9,68f2d95bd190740cfd6a22d2,ENQUEUED,0.3213016356090752,questions_in
2025-10-29T12:41:53.317905,PUBLISH,7a689c5d8a7147f6aa9f35e896027d3e,68f2d95bd190740cfd6a3e60,ENQUEUED,0.1328105661317429,questions_in
2025-10-29T12:41:53.664210,PUBLISH,0b60d0c0a5464edf92d34c528d9a63f7,68f2d95bd190740cfd6a2842,ENQUEUED,0.3431233605506914,questions_in
2025-10-29T12:41:53.937444,PUBLISH,f6050fca2fdd4bc98d5cc6c9a0b95e2a,68f2d95bd190740cfd6a2f50,ENQUEUED,0.2674557144228493,questions_in
2025-10-29T12:41:54.304193,PUBLISH,364c4a677cd24b0a8d69bd663763929c,68f2d95bd190740cfd6a3cec,ENQUEUED,0.36031081768069395,questions_in
2025-10-29T12:41:54.645080,PUBLISH,cde79b97abd6448ba6ef26daff01db6b,68f2d95bd190740cfd6a334a,ENQUEUED,0.33609395008701665,questions_in
2025-10-29T12:41:55.036421,PUBLISH,dffb57da2107469ba05d5700e09daff3,68f2d95bd190740cfd6a34b3,ENQUEUED,0.38791974503738635,questions_in
2025-10-29T12:41:55.272705,PUBLISH,90a5a56d50874c9997d5ef0b7ef1881e,68f2d95bd190740cfd6a1b92,ENQUEUED,0.2283164208870229,questions_in
2025-10-29T12:41:55.637344,PUBLISH,a82803b50b4648908e4d757ed1127d26,68f2d95bd190740cfd6a382c,ENQUEUED,0.3618560457877591,questions_in
2025-10-29T12:41:55.897087,PUBLISH,d5cc5f206dae42398b31d4a4ced72374,68f2d95bd190740cfd6a1b0f,ENQUEUED,0.2529639365052455,questions_in
2025-10-29T12:41:56.277346,PUBLISH,6a5ccd49cc1a4d8c8e9e6f5c363cc011,68f2d95bd190740cfd6a37ce,ENQUEUED,0.37314319583277755,questions_in
2025-10-29T12:41:56.639002,PUBLISH,daaab3fafd444de8b218cdc1b578da1f,68f2d95bd190740cfd6a2d07,ENQUEUED,0.3537826571022712,questions_in
2025-10-29T12:41:57.111618,PUBLISH,247f2ec75852411ca5e680198c61c023,68f2d95bd190740cfd6a1e24,ENQUEUED,0.4658894854814506,questions_in
2025-10-29T12:41:57.268758,PUBLISH,86bc61acf1d04ef890cf71fc107e6b0e,68f2d95bd190740cfd6a3624,ENQUEUED,0.15001003090930087,questions_in
2025-10-29T12:41:57.433920,PUBLISH,2ecb24be2693482b9201b052b04ac9b7,68f2d95bd190740cfd6a38e2,ENQUEUED,0.15833127100656275,questions_in
2025-10-29T12:41:57.747089,PUBLISH,dfe6c7da7537432cb3131a704f194eb2,68f2d95bd190740cfd6a3fb7,ENQUEUED,0.30508981869612883,questions_in
2025-10-29T12:41:58.190848,PUBLISH,57240b4c7c5d40d9bd67cae6bfd9f878,68f2d95bd190740cfd6a40a0,ENQUEUED,0.4367073515731552,questions_in
2025-10-29T12:41:58.486233,PUBLISH,16c0271cc0df4a95b3f263ab228bc80b,68f2d95bd190740cfd6a254c,ENQUEUED,0.28647689848223307,questions_in
2025-10-29T12:41:58.881551,PUBLISH,92f68c4918fe4105b3cfd520b991edee,68f2d95bd190740cfd6a232b,ENQUEUED,0.3924604975980004,questions_in
2025-10-29T12:41:59.039024,PUBLISH,3bceb8a18f0f492ea148a2ce4aa53a73,68f2d95bd190740cfd6a2ad4,ENQUEUED,0.15082548978649452,questions_in
2025-10-29T12:41:59.381650,PUBLISH,45dd1465e6c543eab7076df55b0a8d14,68f2d95bd190740cfd6a21cb,ENQUEUED,0.3357864747667732,questions_in
2025-10-29T12:41:59.578639,PUBLISH,64f412d4eefc49ea8241c01ab16da453,68f2d95bd190740cfd6a353a,ENQUEUED,0.1896908114657558,questions_in
2025-10-29T12:41:59.984608,PUBLISH,9d4e6373362340668e53a777413545fb,68f2d95bd190740cfd6a3469,ENQUEUED,0.3979102973407199,questions_in
2025-10-29T12:42:00.352423,PUBLISH,c18572deb5c14791a951e0824bad5d7f,68f2d95bd190740cfd6a316e,ENQUEUED,0.36199798860977095,questions_in
2025-10-29T12:42:00.716022,PUBLISH,c5b3565958744fa9be3ed38f13f818cb,68f2d95bd190740cfd6a2e54,ENQUEUED,0.35488948347003824,questions_in
2025-10-29T12:42:00.824136,PUBLISH,8967b3b4e4d74da585ab892097a3c2db,68f2d95bd190740cfd6a297c,ENQUEUED,0.10168242657455046,questions_in
2025-10-29T12:42:01.222275,PUBLISH,c2ac7dc45c0c4391a93f729c6217f501,68f2d95bd190740cfd6a3fd9,ENQUEUED,0.3917853724980698,questions_in
2025-10-29T12:42:01.551271,PUBLISH,72406026b6ea41238fa804057d9939b9,68f2d95bd190740cfd6a2403,ENQUEUED,0.31843241442640047,questions_in
2025-10-29T12:42:01.741430,PUBLISH,24eaf6b9937a49d6baf9da09b221186f,68f2d95bd190740cfd6a2fe4,ENQUEUED,0.1872978711713741,questions_in
2025-10-29T12:42:02.138762,PUBLISH,7963933756684b3088e0b5d7415f5688,68f2d95bd190740cfd6a23a2,ENQUEUED,0.39549354487290544,questions_in
2025-10-29T12:42:02.346041,PUBLISH,064178e6891f42deb1453518b7399dfb,68f2d95bd190740cfd6a27f2,ENQUEUED,0.19974225386236052,questions_in
2025-10-29T12:42:02.837511,PUBLISH,57465e1bf5a640269d2f48cbd0f0bae4,68f2d95bd190740cfd6a1ef6,ENQUEUED,0.48401036346316617,questions_in
2025-10-29T12:42:03.073554,PUBLISH,6718331567ec4febb11d95b872df3535,68f2d95bd190740cfd6a2a62,ENQUEUED,0.22756718488956298,questions_in
2025-10-29T12:42:03.273823,PUBLISH,dec873bc9d7b4365b2d078c9dfe4031a,68f2d95bd190740cfd6a2e39,ENQUEUED,0.1940268132446586,questions_in
2025-10-29T12:42:03.611287,PUBLISH,fb3f6f34f7f044cfbc3a6ce08f5e3d8b,68f2d95bd190740cfd6a2f36,ENQUEUED,0.33001573675277174,questions_in
2025-10-29T12:42:04.117659,PUBLISH,b58594b9f33c40ecb10da845da8fe8ce,68f2d95bd190740cfd6a1d45,ENQUEUED,0.49938416486410164,questions_in
2025-10-29T12:42:04.359125,PUBLISH,632cfc8c7bd547ec81cfa993b525e039,68f2d95bd190740cfd6a309d,ENQUEUED,0.23499709525760798,questions_in
2025-10-29T12:42:04.639903,PUBLISH,c33ba48049e74056acf102e7674a4372,68f2d95bd190740cfd6a39bb,ENQUEUED,0.2739505505861425,questions_in
2025-10-29T12:42:04.776830,PUBLISH,a8ccc7944b71476f896e31c461ac51d7,68f2d95bd190740cfd6a1bc8,ENQUEUED,0.12872535088236303,questions_in
2025-10-29T12:42:05.270676,PUBLISH,b4be45d2f771400ea90890c6d48f6ad6,68f2d95bd190740cfd6a2038,ENQUEUED,0.49180710657905646,questions_in
2025-10-29T12:42:05.427118,PUBLISH,19c9d38c67564d6286213e13b590c517,68f2d95bd190740cfd6a1eac,ENQUEUED,0.14946040386904358,questions_in
2025-10-29T12:42:05.772368,PUBLISH,982da2b109c34a8593342a47e8dd29f3,68f2d95bd190740cfd6a409d,ENQUEUED,0.34293157874026897,questions_in
2025-10-29T12:42:06.141118,PUBLISH,af38707a785e4e5ea3f6bab7d5a25182,68f2d95bd190740cfd6a3665,ENQUEUED,0.3621924591727398,questions_in
2025-10-29T12:42:06.580002,PUBLISH,8e0bd4df921e42a7b808d035334afab2,68f2d95bd190740cfd6a33b5,ENQUEUED,0.4303306364709284,questions_in
2025-10-29T12:42:06.845337,PUBLISH,5696402c1fa74e15971f3798adc953bb,68f2d95bd190740cfd6a2e59,ENQUEUED,0.2585874706473624,questions_in
2025-10-29T12:42:07.288734,PUBLISH,1e28f3d77b7747658b4604a49d073b2d,68f2d95bd190740cfd6a3ef6,ENQUEUED,0.4415515984627766,questions_in
2025-10-29T12:42:07.730621,PUBLISH,d2688a3fbab6471f951111a8b397724d,68f2d95bd190740cfd6a324c,ENQUEUED,0.43725513386454096,questions_in
2025-10-29T12:42:07.847126,PUBLISH,3a6a2d83f0b84bac880ca62c3993fdd3,68f2d95bd190740cfd6a2e81,ENQUEUED,0.11225349511977077,questions_in
2025-10-29T12:42:08.081381,PUBLISH,114c89e5e4d84c249b8dfa9243c3ebdb,68f2d95bd190740cfd6a1b07,ENQUEUED,0.22711478480299965,questions_in
2025-10-29T12:42:08.444738,PUBLISH,3817b3d7388b4cdd82d328adf9f17e14,68f2d95bd190740cfd6a2d3c,ENQUEUED,0.3556714996539635,questions_in
2025-10-29T12:42:08.668467,PUBLISH,26abc84b7d414870b156db2080fda562,68f2d95bd190740cfd6a1f87,ENQUEUED,0.21633138483601022,questions_in
2025-10-29T12:42:09.025908,PUBLISH,a6c79d2876d64227bf20664cb96972e1,68f2d95bd190740cfd6a29af,ENQUEUED,0.35042336802475926,questions_in
2025-10-29T12:42:09.337654,PUBLISH,3f1b3d36636645e4913cc1d7f6415cbf,68f2d95bd190740cfd6a2725,ENQUEUED,0.3040561835743901,questions_in
2025-10-29T12:42:09.758118,PUBLISH,e6d0a33a4b594a07802765e331fd6dab,68f2d95bd190740cfd6a2fb8,ENQUEUED,0.4133494970902958,questions_in
2025-10-29T12:42:10.237415,PUBLISH,1dc40774d8074d4dabc687054bd8ecd6,68f2d95bd190740cfd6a339b,ENQUEUED,0.4718278477152714,questions_in
2025-10-29T12:42:10.697226,PUBLISH,1e0afc2b04eb46098919cceea219cb31,68f2d95bd190740cfd6a28ce,ENQUEUED,0.45217132703696306,questions_in
2025-10-29T12:42:11.104501,PUBLISH,83ce99459e464453abd9c2d9af2b010a,68f2d95bd190740cfd6a30b5,ENQUEUED,0.3998365437249427,questions_in
2025-10-29T12:42:11.464324,PUBLISH,ab06a3f28d844cc9a92d90c998e5cc20,68f2d95bd190740cfd6a3f99,ENQUEUED,0.3525397076794873,questions_in
2025-10-29T12:42:11.829027,PUBLISH,345ad3303d6146c08ede63504e7c50b5,68f2d95bd190740cfd6a246b,ENQUEUED,0.3564066639941146,questions_in
2025-10-29T12:42:12.167531,PUBLISH,28a87d8e6c0c47eea789f24813f7925f,68f2d95bd190740cfd6a2650,ENQUEUED,0.33022686264852874,questions_in
2025-10-29T12:42:12.332599,PUBLISH,0a8d7c7f91734eaba6e511cd5902740e,68f2d95bd190740cfd6a2ea4,ENQUEUED,0.15867090029013756,questions_in
2025-10-29T12:42:12.442471,PUBLISH,e9e5fdfb614d49c29370da36424f6b31,68f2d95bd190740cfd6a277a,ENQUEUED,0.10268294758538438,questions_in
2025-10-29T12:42:12.728631,PUBLISH,eb91557d1a6643af9d4a6eaa5d65934a,68f2d95bd190740cfd6a2a5b,ENQUEUED,0.2790219772816569,questions_in
2025-10-29T12:42:13.107417,PUBLISH,5212dbc1eb8242a2bfe0916453cfcfd3,68f2d95bd190740cfd6a20f3,ENQUEUED,0.37252480945558497,questions_in
2025-10-29T12:42:13.460695,PUBLISH,e946ecd59c2f4c58915614b50de8411f,68f2d95bd190740cfd6a35bf,ENQUEUED,0.3454381291530555,questions_in
2025-10-29T12:42:13.713446,PUBLISH,c30e7a4c77444c76910c7f79aa42ef2e,68f2d95bd190740cfd6a3523,ENQUEUED,0.24600185552021847,questions_in
2025-10-29T12:42:14.132088,PUBLISH,83f2a9abb2644c5c92625c1acbe2e42b,68f2d95bd190740cfd6a283a,ENQUEUED,0.4112593570410933,questions_in
2025-10-29T12:42:14.573593,PUBLISH,5f877340c78141ad86b3385849806e1a,68f2d95bd190740cfd6a3759,ENQUEUED,0.43937060667495065,questions_in
2025-10-29T12:42:14.937044,PUBLISH,7b16c9c94888421d99d1888001561275,68f2d95bd190740cfd6a1af5,ENQUEUED,0.35708538473034346,questions_in
2025-10-29T12:42:15.401456,PUBLISH,592af71425a5439c962ba5bbbcb06386,68f2d95bd190740cfd6a3050,ENQUEUED,0.4614782771807687,questions_in
2025-10-29T12:42:15.654474,PUBLISH,ecfb051ad98e4e308a4839d9dd9d1553,68f2d95bd190740cfd6a394f,ENQUEUED,0.2489237513258713,questions_in
2025-10-29T12:42:16.085330,PUBLISH,ca48714eae6542cabd7f6786119b6e75,68f2d95bd190740cfd6a1ef3,ENQUEUED,0.42824705726524204,questions_in
2025-10-29T12:42:16.251878,PUBLISH,0b282b9a2432492184f9cc423922a6ff,68f2d95bd190740cfd6a40ae,ENQUEUED,0.15947597209285724,questions_in
2025-10-29T12:42:16.734829,PUBLISH,52e66c53c191497cb7baa451d99e9da4,68f2d95bd190740cfd6a3f8d,ENQUEUED,0.47987926018246396,questions_in
2025-10-29T12:42:16.884091,PUBLISH,9ea3a08b91c246b084d55daf6bdbf450,68f2d95bd190740cfd6a3c03,ENQUEUED,0.14530961562673594,questions_in
2025-10-29T12:42:17.314423,PUBLISH,b002ee9a6b974b2582f6d9a986862be8,68f2d95bd190740cfd6a226b,ENQUEUED,0.42184635294110717,questions_in
2025-10-29T12:42:17.550657,PUBLISH,d03703f172054d919fe10d45fef03eb1,68f2d95bd190740cfd6a3da4,ENQUEUED,0.22912589036532183,questions_in
2025-10-29T12:42:17.842790,PUBLISH,1de4ac22e0e84b7f866c4d51aa309435,68f2d95bd190740cfd6a1e88,ENQUEUED,0.28466965774258035,questions_in
2025-10-29T12:42:18.229312,PUBLISH,389e8836104b4a299e777ae7659755fd,68f2d95bd190740cfd6a1b30,ENQUEUED,0.3795321333253193,questions_in
2025-10-29T12:42:18.471593,PUBLISH,e98ec78e8c4c46bdb57584113c27e4fa,68f2d95bd190740cfd6a3468,ENQUEUED,0.23547801105896973,questions_in
2025-10-29T12:42:18.829116,PUBLISH,3f8d576f7dea4e18b8041821ddd573d2,68f2d95bd190740cfd6a323e,ENQUEUED,0.34904540638106585,questions_in
2025-10-29T12:42:19.031746,PUBLISH,888611a9fb2e45fdbad13d20c2f00732,68f2d95bd190740cfd6a2c38,ENQUEUED,0.19537343424967935,questions_in
2025-10-29T12:42:19.436403,PUBLISH,a22b3e9f4beb44a49dcc554ab0a09752,68f2d95bd190740cfd6a2bbd,ENQUEUED,0.39738820477284986,questions_in
2025-10-29T12:42:19.578960,PUBLISH,1fc9cb00685543bb8d86fbe5dacbaeca,68f2d95bd190740cfd6a2cc8,ENQUEUED,0.13435145360749773,questions_in
2025-10-29T12:42:19.733452,PUBLISH,9e0dc5d57b0641dda4db6523485e0b22,68f2d95bd190740cfd6a2371,ENQUEUED,0.15259017026304475,questions_in
2025-10-29T12:42:20.239629,PUBLISH,ad48ea0a343d4a219a5deacfbd9aee50,68f2d95bd190740cfd6a3974,ENQUEUED,0.49940319793730126,questions_in
2025-10-29T12:42:20.505042,PUBLISH,c98c93adb3694297b59cdb1758f81a24,68f2d95bd190740cfd6a2371,ENQUEUED,0.25903407133836237,questions_in
2025-10-29T12:42:20.907651,PUBLISH,100845c21da646f38a28f691e4729247,68f2d95bd190740cfd6a3a07,ENQUEUED,0.39967821565295514,questions_in
2025-10-29T12:42:21.188237,PUBLISH,4d6c1244f8c04fabb1e25a7c812fe4ed,68f2d95bd190740cfd6a2b60,ENQUEUED,0.2743005205154974,questions_in
2025-10-29T12:42:21.504839,PUBLISH,adcd988161504c75853ce5b98e780e6f,68f2d95bd190740cfd6a312d,ENQUEUED,0.31409971277171767,questions_in
2025-10-29T12:42:21.993367,PUBLISH,98c0294e430d4668a3658580000e884c,68f2d95bd190740cfd6a369d,ENQUEUED,0.48136533694568306,questions_in
2025-10-29T12:42:22.262623,PUBLISH,613104a02738488b87e7e9b307a3a092,68f2d95bd190740cfd6a1d17,ENQUEUED,0.2631522687620756,questions_in
2025-10-29T12:42:22.758185,PUBLISH,d8004dd36a13404bb4869aa50529340e,68f2d95bd190740cfd6a3b3e,ENQUEUED,0.4876818735759795,questions_in
2025-10-29T12:42:23.123821,PUBLISH,a3d57f4a2fdf42ac821ff4e8dd776f55,68f2d95bd190740cfd6a1f7e,ENQUEUED,0.3572670805300572,questions_in
2025-10-29T12:42:23.497809,PUBLISH,dc7e36648bad4c759a7c81b329c062dc,68f2d95bd190740cfd6a3ef9,ENQUEUED,0.36751628774461487,questions_in
2025-10-29T12:42:23.899435,PUBLISH,7ab298882bc8443bac3fad5241fe87cb,68f2d95bd190740cfd6a32b3,ENQUEUED,0.39454738680828527,questions_in
2025-10-29T12:42:24.179584,PUBLISH,b71a3b88cc8b4c0fbdb7459e36e78d84,68f2d95bd190740cfd6a2a07,ENQUEUED,0.27371675937273643,questions_in
2025-10-29T12:42:24.430445,PUBLISH,fd70e65418cc48e5b4240e158c156fe2,68f2d95bd190740cfd6a2457,ENQUEUED,0.2443746223976748,questions_in
2025-10-29T12:42:24.770401,PUBLISH,305e736bc1594c45b5e5bb7a1c931fb8,68f2d95bd190740cfd6a3440,ENQUEUED,0.3360321647972043,questions_in
2025-10-29T12:42:25.053670,PUBLISH,93d33a33ae0c49f782bff80cafb80319,68f2d95bd190740cfd6a2d44,ENQUEUED,0.27569749926630704,questions_in
2025-10-29T12:42:25.222487,PUBLISH,1fdb08f6ba4d4b7f9a2b41eceb10f0d6,68f2d95bd190740cfd6a2770,ENQUEUED,0.16153606441314158,questions_in
2025-10-29T12:42:25.478811,PUBLISH,cac1aea34b784109a3a4a4c25c7f1068,68f2d95bd190740cfd6a39f8,ENQUEUED,0.24974573050823767,questions_in
2025-10-29T12:42:25.728312,PUBLISH,1591e2316e3345cdbdb0af6067f5c4c6,68f2d95bd190740cfd6a2282,ENQUEUED,0.24310264103846946,questions_in
2025-10-29T12:42:26.173774,PUBLISH,409b938ab0e647a68c65a70125044223,68f2d95bd190740cfd6a36e5,ENQUEUED,0.44184897355481634,questions_in
2025-10-29T12:42:26.366183,PUBLISH,2a80a76b92884ad182582308b9b17ece,68f2d95bd190740cfd6a402c,ENQUEUED,0.19064643602853393,questions_in
2025-10-29T12:42:26.635022,PUBLISH,2f7b5fca919d4650a717b8ec8570d7d3,68f2d95bd190740cfd6a33c7,ENQUEUED,0.26136830763980323,questions_in
2025-10-29T12:42:26.843126,PUBLISH,ae94fcd249184fb68ac422b761f7899f,68f2d95bd190740cfd6a30da,ENQUEUED,0.20093343609151218,questions_in
2025-10-29T12:42:27.191705,PUBLISH,c8e67ca180fa43e9b5777c7cfa850697,68f2d95bd190740cfd6a3724,ENQUEUED,0.3420044635061549,questions_in
2025-10-29T12:42:27.634897,PUBLISH,51e4be5295c545d88101750a2b89a17f,68f2d95bd190740cfd6a1f2a,ENQUEUED,0.4357908781154438,questions_in
2025-10-29T12:42:27.966226,PUBLISH,af90ce965a5f4f968cab4b7675d79deb,68f2d95bd190740cfd6a29a0,ENQUEUED,0.32467727500677196,questions_in
2025-10-29T12:42:28.401690,PUBLISH,97dc10d0de3a482e886e25c47451cce4,68f2d95bd190740cfd6a3a04,ENQUEUED,0.4281968871415751,questions_in
2025-10-29T12:42:28.598448,PUBLISH,73ad1580715a47e09bc9f30b3289bad2,68f2d95bd190740cfd6a39bf,ENQUEUED,0.19041312803671026,questions_in
2025-10-29T12:42:28.888869,PUBLISH,6c2874e98da140cbb5a097a54c570810,68f2d95bd190740cfd6a3a08,ENQUEUED,0.2872450007712022,questions_in
2025-10-29T12:42:29.312081,PUBLISH,8ae8400ed0e8428b9ab26d1aefe94903,68f2d95bd190740cfd6a1da3,ENQUEUED,0.41467647629394144,questions_in
2025-10-29T12:42:29.521664,PUBLISH,6cc4020953a84acf8accdb3dd5e98171,68f2d95bd190740cfd6a1e07,ENQUEUED,0.19954987580828498,questions_in
2025-10-29T12:42:29.823179,PUBLISH,dd9af0976f7b429cb1ce22718f36f038,68f2d95bd190740cfd6a3c4c,ENQUEUED,0.2945322016697406,questions_in
2025-10-29T12:42:30.290457,PUBLISH,b9032764b824464992428efefdd33c54,68f2d95bd190740cfd6a33e2,ENQUEUED,0.4591276448755234,questions_in
2025-10-29T12:42:30.687883,PUBLISH,51e371b197ee464cb5ec4be55b151514,68f2d95bd190740cfd6a22e8,ENQUEUED,0.3940278592210512,questions_in
2025-10-29T12:42:30.880149,PUBLISH,e7a4d1782f084cb1ba268a2c95cd7b9c,68f2d95bd190740cfd6a2d78,ENQUEUED,0.18547277928316888,questions_in
2025-10-29T12:42:31.092919,PUBLISH,fb0786694dae4d608cb499018ff7853a,68f2d95bd190740cfd6a3463,ENQUEUED,0.20564458850341466,questions_in
2025-10-29T12:42:31.237104,PUBLISH,2771b7c085304e3c888acab75f75b53d,68f2d95bd190740cfd6a3d6c,ENQUEUED,0.13690936622311606,questions_in
2025-10-29T12:42:31.620179,PUBLISH,f2c582282efd482e947ad86bc19028e3,68f2d95bd190740cfd6a268d,ENQUEUED,0.379695023773822,questions_in
2025-10-29T12:42:31.929044,PUBLISH,9b0e7f57cbeb440f9a05dcb3443b4a80,68f2d95bd190740cfd6a30d6,ENQUEUED,0.3025627534228371,questions_in
2025-10-29T12:42:32.070535,PUBLISH,7152563de67d4d49b511f97328474434,68f2d95bd190740cfd6a24a9,ENQUEUED,0.1346177169792068,questions_in
2025-10-29T12:42:32.285202,PUBLISH,e6dd42b65d2b4e5fa5dab4d85e8323d0,68f2d95bd190740cfd6a2321,ENQUEUED,0.20826225946890192,questions_in
2025-10-29T12:42:32.552659,PUBLISH,012173d440ae402981b5d9851da541ae,68f2d95bd190740cfd6a1e7a,ENQUEUED,0.2610695563187917,questions_in
2025-10-29T12:42:32.832259,PUBLISH,24a1f6b6c7094f84a291d06b5d7790b9,68f2d95bd190740cfd6a2ef6,ENQUEUED,0.2730639472223491,questions_in
2025-10-29T12:42:33.159498,PUBLISH,f6c90f2ce204487aba28c830738bbccc,68f2d95bd190740cfd6a3677,ENQUEUED,0.3197551310885263,questions_in
2025-10-29T12:42:33.598096,PUBLISH,bcb47efe279f4a6ab2098ce21a7c4267,68f2d95bd190740cfd6a1fb5,ENQUEUED,0.43126452828013717,questions_in
2025-10-29T12:42:34.036346,PUBLISH,1bd74346202f4ea7ae1cb12659bc043c,68f2d95bd190740cfd6a27c4,ENQUEUED,0.43105571394089826,questions_in
2025-10-29T12:42:34.398242,PUBLISH,9d12b946949d4b5a91eda3f127f49cf2,68f2d95bd190740cfd6a27d1,ENQUEUED,0.35207642392116123,questions_in
2025-10-29T12:42:34.621801,PUBLISH,7ccb379f42554416aa7d1a55ff70e3f2,68f2d95bd190740cfd6a3256,ENQUEUED,0.2197026032198932,questions_in
2025-10-29T12:42:34.865916,PUBLISH,45d2a98d2ba7449c83f51cc1abec809a,68f2d95bd190740cfd6a30a6,ENQUEUED,0.23778967006141608,questions_in
2025-10-29T12:42:35.010112,PUBLISH,b7895f3aaecd47afadd57de132f14699,68f2d95bd190740cfd6a2948,ENQUEUED,0.1402284663011574,questions_in
2025-10-29T12:42:35.322585,PUBLISH,a68f9fbeff8b496999d5f0006d915796,68f2d95bd190740cfd6a3996,ENQUEUED,0.30968427714681557,questions_in
2025-10-29T12:42:35.755702,PUBLISH,8f9b374175434d10b1f80ed2f2467497,68f2d95bd190740cfd6a3dc0,ENQUEUED,0.42294227910041904,questions_in
2025-10-29T12:42:35.988311,PUBLISH,3992746e45434568a2800de2a4136f81,68f2d95bd190740cfd6a2c4b,ENQUEUED,0.22519952032445678,questions_in
2025-10-29T12:42:36.148491,PUBLISH,cd3df148de294dd481e4438a3e7f86f3,68f2d95bd190740cfd6a3d54,ENQUEUED,0.1543953669914774,questions_in
2025-10-29T12:42:36.572591,PUBLISH,c336381c25324b34b24b707247aadeb1,68f2d95bd190740cfd6a2752,ENQUEUED,0.4173548826684006,questions_in
2025-10-29T12:42:36.943188,PUBLISH,e82a60b82477409d8a5ffddf6d51a2a9,68f2d95bd190740cfd6a2627,ENQUEUED,0.36017315923626925,questions_in
2025-10-29T12:42:37.074324,PUBLISH,81e22de7a77e4da294986c1b2c32e7cd,68f2d95bd190740cfd6a363c,ENQUEUED,0.12369038487780881,questions_in
2025-10-29T12:42:37.436046,PUBLISH,a6743687f6924ff58f83af46fc9f6b24,68f2d95bd190740cfd6a3abe,ENQUEUED,0.35389964310926014,questions_in
2025-10-29T12:42:37.569366,PUBLISH,d7e20b385b8245ef868953cd36b0da7a,68f2d95bd190740cfd6a2951,ENQUEUED,0.1286557422683511,questions_in
2025-10-29T12:42:37.853151,PUBLISH,b97ac6eca14141f689b5fc19d4e08754,68f2d95bd190740cfd6a38c0,ENQUEUED,0.2793194275173161,questions_in
2025-10-29T12:42:38.165065,PUBLISH,2d3fdaa9a2ee4bbc8d8c4658bc8d3a1a,68f2d95bd190740cfd6a3b9d,ENQUEUED,0.30521652203507,questions_in
2025-10-29T12:42:38.294604,PUBLISH,96a58a38d1ce467f9cafedfd73c5168e,68f2d95bd190740cfd6a3270,ENQUEUED,0.12339298095158649,questions_in
2025-10-29T12:42:38.688585,PUBLISH,a113e4c1877d4bbcac138afb69db495d,68f2d95bd190740cfd6a2cdd,ENQUEUED,0.3910574643291479,questions_in
2025-10-29T12:42:39.109253,PUBLISH,d45d3b6b9f094d418346aa6f6437633a,68f2d95bd190740cfd6a1f27,ENQUEUED,0.41379508253230046,questions_in
2025-10-29T12:42:39.321363,PUBLISH,ce4530b7bed9405d8702297d141e3b57,68f2d95bd190740cfd6a29c7,ENQUEUED,0.2086052508867213,questions_in
2025-10-29T12:42:39.754217,PUBLISH,b8f197d6e9654456a926116179003e42,68f2d95bd190740cfd6a23f0,ENQUEUED,0.4260703740673084,questions_in
2025-10-29T12:42:39.892565,PUBLISH,b45735e94d0b4543bd0e01fae3fe77a8,68f2d95bd190740cfd6a202b,ENQUEUED,0.13059614486077248,questions_in
2025-10-29T12:42:40.132301,PUBLISH,789aa69183bb4c70b72c323486aa0e2e,68f2d95bd190740cfd6a389b,ENQUEUED,0.23189308546222592,questions_in
2025-10-29T12:42:40.246278,PUBLISH,5c219bb38a7349c98dede8bbf049652a,68f2d95bd190740cfd6a2723,ENQUEUED,0.10791699804991511,questions_in
2025-10-29T12:42:40.699317,PUBLISH,493c1e3344d044f8b8d0b0c184e15f40,68f2d95bd190740cfd6a3357,ENQUEUED,0.445887124229313,questions_in
2025-10-29T12:42:41.144657,PUBLISH,d101c3696ed04f85a6d7538136347155,68f2d95bd190740cfd6a3309,ENQUEUED,0.43777763022719307,questions_in
2025-10-29T12:42:41.254492,PUBLISH,f01aa0c0c32e415db3fc81462c92bc06,68f2d95bd190740cfd6a2291,ENQUEUED,0.10258031142769819,questions_in
2025-10-29T12:42:41.571779,PUBLISH,502ebb01bd824034bc2215ad9892eb4e,68f2d95bd190740cfd6a241f,ENQUEUED,0.31046523475207644,questions_in
2025-10-29T12:42:41.973201,PUBLISH,bf3c33faed1d4c1d84de6461529caacd,68f2d95bd190740cfd6a2e52,ENQUEUED,0.39365841476064456,questions_in
2025-10-29T12:42:42.192206,PUBLISH,8424d96677c34c75ba98fad39f1b8134,68f2d95bd190740cfd6a28ff,ENQUEUED,0.21250568490272748,questions_in
2025-10-29T12:42:42.416441,PUBLISH,4c75f71e62f549d085c847a6330781b2,68f2d95bd190740cfd6a27e3,ENQUEUED,0.2222365868985351,questions_in
2025-10-29T12:42:42.883489,PUBLISH,5b477d442e5e463ba4d61d3d95a60688,68f2d95bd190740cfd6a266b,ENQUEUED,0.46042912366329436,questions_in
2025-10-29T12:42:43.380361,PUBLISH,cf132237dd7a4fa0b1ebc47f8894c9aa,68f2d95bd190740cfd6a4068,ENQUEUED,0.49023002537799576,questions_in
2025-10-29T12:42:43.709319,PUBLISH,b7ceebd737c14b95b2afa46cb78ad39f,68f2d95bd190740cfd6a2104,ENQUEUED,0.3206096163387483,questions_in
2025-10-29T12:42:43.823276,PUBLISH,a98728d4263443dd99b729e23c04b746,68f2d95bd190740cfd6a2564,ENQUEUED,0.10564144141383146,questions_in
2025-10-29T12:42:44.087647,PUBLISH,687c9dd1689b45e7b5c3f54d15b30286,68f2d95bd190740cfd6a2e9e,ENQUEUED,0.26053490752513087,questions_in
2025-10-29T12:42:44.512956,PUBLISH,9d30121c7cb648b3b2cafb6b57f9964b,68f2d95bd190740cfd6a23f5,ENQUEUED,0.4160763965001505,questions_in
2025-10-29T12:42:44.653514,PUBLISH,3fa8d1b3aa3b4dc0b5d7fb5abaf1e2a2,68f2d95bd190740cfd6a3a85,ENQUEUED,0.13238231227029396,questions_in
2025-10-29T12:42:44.827138,PUBLISH,cf63a47a4e494fca97ae9b038e75fdbb,68f2d95bd190740cfd6a2c76,ENQUEUED,0.16685944285577206,questions_in
2025-10-29T12:42:45.061882,PUBLISH,2ddd649fba8b4303aadea7c75522abba,68f2d95bd190740cfd6a3be0,ENQUEUED,0.23237833830947008,questions_in
2025-10-29T12:42:45.213351,PUBLISH,4f8ea0348cc84cd9ab534f7a3ce97c3d,68f2d95bd190740cfd6a26a9,ENQUEUED,0.14322791948285,questions_in
2025-10-29T12:42:45.623124,PUBLISH,9dd95cbe6b974a768a54698c28b2ca04,68f2d95bd190740cfd6a229e,ENQUEUED,0.407333451377064,questions_in
2025-10-29T12:42:45.857783,PUBLISH,4c0f12f6f4da4aae971f22801e8f21ee,68f2d95bd190740cfd6a3aa6,ENQUEUED,0.2280244471729526,questions_in
2025-10-29T12:42:46.142094,PUBLISH,780471aadef64c5185905933ad832ffc,68f2d95bd190740cfd6a2b00,ENQUEUED,0.27798461246723627,questions_in
2025-10-29T12:42:46.265006,PUBLISH,1f70f5e8c9bb4744a49dad2afe6dea7c,68f2d95bd190740cfd6a22a1,ENQUEUED,0.1164923459404434,questions_in
2025-10-29T12:42:46.601696,PUBLISH,13188472e1254c7db035234ac13eb49f,68f2d95bd190740cfd6a23f0,ENQUEUED,0.3332352624753696,questions_in
2025-10-29T12:42:46.826086,PUBLISH,5886754cb3734feca31cccab79ca6487,68f2d95bd190740cfd6a406c,ENQUEUED,0.21738744836454754,questions_in
2025-10-29T12:42:47.105713,PUBLISH,b5c6853eef4047ad85da9dbb54825fa7,68f2d95bd190740cfd6a2f7e,ENQUEUED,0.27235955164028824,questions_in
2025-10-29T12:42:47.327329,PUBLISH,e5ad565bc7d6464492cdcd2133e4fed5,68f2d95bd190740cfd6a3510,ENQUEUED,0.21550464920612603,questions_in
2025-10-29T12:42:47.445739,PUBLISH,ddda2983eb0840b1b1c9b23c9e5ea039,68f2d95bd190740cfd6a3ac2,ENQUEUED,0.11182486199753733,questions_in
2025-10-29T12:42:47.722065,PUBLISH,1405ab2f9cc745179205f706eed529a3,68f2d95bd190740cfd6a3136,ENQUEUED,0.27264155524607514,questions_in
2025-10-29T12:42:48.192487,PUBLISH,f25b4f0bdd0f4e0f95ca56464b69c908,68f2d95bd190740cfd6a3bc5,ENQUEUED,0.4620088665559122,questions_in
2025-10-29T12:42:48.681363,PUBLISH,44720b628cad437fa886dcbc609cdfd8,68f2d95bd190740cfd6a2836,ENQUEUED,0.48248213696643416,questions_in
2025-10-29T12:42:48.884834,PUBLISH,4e1d88af4dfd4a7fb96658d769db00fd,68f2d95bd190740cfd6a3b18,ENQUEUED,0.1999203175875126,questions_in
2025-10-29T12:42:49.159592,PUBLISH,62370b88ff274e5889ef3f9bd1494b7e,68f2d95bd190740cfd6a2bff,ENQUEUED,0.268401698625467,questions_in
2025-10-29T12:42:49.455997,PUBLISH,842baa6356e247ec88cf3d8eac4a04ed,68f2d95bd190740cfd6a2644,ENQUEUED,0.2895807279321566,questions_in
2025-10-29T12:42:49.890062,PUBLISH,1a7493794abf471887ccd2f7d1f4dc09,68f2d95bd190740cfd6a2005,ENQUEUED,0.4278874233033665,questions_in
2025-10-29T12:42:50.162216,PUBLISH,528b68be59c24e30b0ab41899775fe27,68f2d95bd190740cfd6a3b37,ENQUEUED,0.2650054864864366,questions_in
2025-10-29T12:42:50.606885,PUBLISH,174add69e68a4322b8bb8c2522a736c0,68f2d95bd190740cfd6a289a,ENQUEUED,0.4418039692010217,questions_in
2025-10-29T12:42:50.880380,PUBLISH,50164d5e02ef46c6832f3ec3e9a56703,68f2d95bd190740cfd6a4186,ENQUEUED,0.27158966335187085,questions_in
2025-10-29T12:42:51.098103,PUBLISH,7afba1d197fb496aab4a131d36d91ed0,68f2d95bd190740cfd6a2fa5,ENQUEUED,0.21487159331068875,questions_in
2025-10-29T12:42:51.371483,PUBLISH,6af938f9bb2e44f5ad1c97fce2455783,68f2d95bd190740cfd6a393d,ENQUEUED,0.2661473353942997,questions_in
2025-10-29T12:42:51.531442,PUBLISH,4d90954e6d24485a8226d987ad039c70,68f2d95bd190740cfd6a22ef,ENQUEUED,0.15303746618550018,questions_in
2025-10-29T12:42:51.720006,PUBLISH,36c2ace177a64a82b9a14c89edfdad43,68f2d95bd190740cfd6a20b1,ENQUEUED,0.1857878425782154,questions_in
2025-10-29T12:42:51.841373,PUBLISH,cbc3efba5da74996b1e398c03ac8308f,68f2d95bd190740cfd6a1e9c,ENQUEUED,0.11469480087721302,questions_in
2025-10-29T12:42:52.033066,PUBLISH,12ab43b88b5e406ebe9e9ada752fe0f3,68f2d95bd190740cfd6a4103,ENQUEUED,0.18534847108059127,questions_in
2025-10-29T12:42:52.350044,PUBLISH,b9233afcf8da4c86a11a8fbd21f33b71,68f2d95bd190740cfd6a39bc,ENQUEUED,0.31056054061563937,questions_in
2025-10-29T12:42:52.828171,PUBLISH,e6c4c775ca294584adfe1c0a0f9bacce,68f2d95bd190740cfd6a2a96,ENQUEUED,0.4700552831629089,questions_in
2025-10-29T12:42:53.210653,PUBLISH,0b9b859786674da29b8668b4d47a838c,68f2d95bd190740cfd6a3df2,ENQUEUED,0.37601868135200867,questions_in
2025-10-29T12:42:53.484836,PUBLISH,39c15cfd6b4e421a874bd1f56803cd32,68f2d95bd190740cfd6a3992,ENQUEUED,0.266501091336549,questions_in
2025-10-29T12:42:53.623274,PUBLISH,b0a99d6f6c2a41c5afdf736e15007de1,68f2d95bd190740cfd6a40b6,ENQUEUED,0.13600759246426042,questions_in
2025-10-29T12:42:53.877246,PUBLISH,10f4528545ab405d8faf19fb89d129ca,68f2d95bd190740cfd6a3431,ENQUEUED,0.2518334363652347,questions_in
2025-10-29T12:42:54.119308,PUBLISH,49401714187f4883b30952f590db0d67,68f2d95bd190740cfd6a294c,ENQUEUED,0.23968123905266828,questions_in
2025-10-29T12:42:54.393009,PUBLISH,16d8541c13304a149d7b526bb2b21158,68f2d95bd190740cfd6a406f,ENQUEUED,0.2717456229954836,questions_in
2025-10-29T12:42:54.770001,PUBLISH,68df0f7d147d44719bd64f48c611c050,68f2d95bd190740cfd6a2522,ENQUEUED,0.37475599909669566,questions_in
2025-10-29T12:42:55.242665,PUBLISH,ea66e696578b40099042538a95b4aa8d,68f2d95bd190740cfd6a252c,ENQUEUED,0.46603538081500684,questions_in
2025-10-29T12:42:55.442356,PUBLISH,620531923ea9426ba6e7560d75a09f50,68f2d95bd190740cfd6a1cfb,ENQUEUED,0.19315962416899468,questions_in
2025-10-29T12:42:55.570831,PUBLISH,5dd425e61c86471cb359abec2aef0e36,68f2d95bd190740cfd6a3a48,ENQUEUED,0.12075080685819475,questions_in
2025-10-29T12:42:55.891605,PUBLISH,a36e01ac32ab469bb4c7a39977807894,68f2d95bd190740cfd6a23f0,ENQUEUED,0.31477354008039826,questions_in
2025-10-29T12:42:56.386851,PUBLISH,3b90c2bc7dc74297b6f93f3e0a5757b3,68f2d95bd190740cfd6a3d31,ENQUEUED,0.48772669317706174,questions_in
2025-10-29T12:42:56.692458,PUBLISH,2584163d548d44b0ad6c99002e26233b,68f2d95bd190740cfd6a371c,ENQUEUED,0.2992557916926126,questions_in
2025-10-29T12:42:57.069067,PUBLISH,9813d7a37e694377bf140d05230d5619,68f2d95bd190740cfd6a2f36,ENQUEUED,0.3687110049040193,questions_in
2025-10-29T12:42:57.366348,PUBLISH,5b85c3391c0645f5aac10990691600a0,68f2d95bd190740cfd6a1e9f,ENQUEUED,0.29043991533109137,questions_in
2025-10-29T12:42:57.717153,PUBLISH,7f03c734cd804c07b66a37839216b12c,68f2d95bd190740cfd6a24e7,ENQUEUED,0.34777516411756315,questions_in
2025-10-29T12:42:58.133203,PUBLISH,21443c2c1b244e188778c57e230dff57,68f2d95bd190740cfd6a3cd0,ENQUEUED,0.4127749828559638,questions_in
2025-10-29T12:42:58.284780,PUBLISH,6009a14764434d97b3f29f8b5540ad6d,68f2d95bd190740cfd6a1f17,ENQUEUED,0.1444121968642178,questions_in
2025-10-29T12:42:58.500844,PUBLISH,51ca1f9791cf420689354dfef6087b56,68f2d95bd190740cfd6a367b,ENQUEUED,0.20871521484588962,questions_in
2025-10-29T12:42:58.790359,PUBLISH,5f058dffebe24155aff576feaf5a4bb8,68f2d95bd190740cfd6a2526,ENQUEUED,0.28212667074965797,questions_in
2025-10-29T12:42:59.284103,PUBLISH,a914e5fb294440b6af515c953001ff30,68f2d95bd190740cfd6a241e,ENQUEUED,0.4873950489530817,questions_in
2025-10-29T12:42:59.557067,PUBLISH,1001f063a0c74521a15cf4cac902d143,68f2d95bd190740cfd6a3e71,ENQUEUED,0.2657900162828174,questions_in
2025-10-29T12:42:59.727879,PUBLISH,eb9b9710dc96476885884f8d67bfd221,68f2d95bd190740cfd6a2838,ENQUEUED,0.16449876125111418,questions_in
2025-10-29T12:43:00.047601,PUBLISH,7d58aa656d564238873566e657fa4a82,68f2d95bd190740cfd6a31ad,ENQUEUED,0.31257223166001746,questions_in
2025-10-29T12:43:00.274524,PUBLISH,8dc28c19b742407997f25404feca93b4,68f2d95bd190740cfd6a3f93,ENQUEUED,0.2213124082575884,questions_in
2025-10-29T12:43:00.725065,PUBLISH,a636ee3c5eea463897d911a6da7d34c3,68f2d95bd190740cfd6a1bc0,ENQUEUED,0.44392656127880903,questions_in
2025-10-29T12:43:01.168539,PUBLISH,a66b5251165941e2ba7f2b8804af2cbf,68f2d95bd190740cfd6a2aa6,ENQUEUED,0.440382730783376,questions_in
2025-10-29T12:43:01.549557,PUBLISH,8eaedd24d6b944e9833d763cb56d1848,68f2d95bd190740cfd6a3118,ENQUEUED,0.37440714901868977,questions_in
2025-10-29T12:43:01.722777,PUBLISH,4651d4eb82534c80b5b7a825e035e3bd,68f2d95bd190740cfd6a27a4,ENQUEUED,0.1661134398021157,questions_in
2025-10-29T12:43:02.036541,PUBLISH,2536bece20be432dac689381cff0102a,68f2d95bd190740cfd6a2a01,ENQUEUED,0.3071601107707001,questions_in
2025-10-29T12:43:02.267133,PUBLISH,223c74d93a964b36abcf9c1c7877ceda,68f2d95bd190740cfd6a3a72,ENQUEUED,0.22805951502362898,questions_in
2025-10-29T12:43:02.687832,PUBLISH,6290694e595549f5985aff51607f74ed,68f2d95bd190740cfd6a28a6,ENQUEUED,0.41884405188905804,questions_in
2025-10-29T12:43:02.993408,PUBLISH,68cf5057c58d48748cc9d384d0beff45,68f2d95bd190740cfd6a22a2,ENQUEUED,0.2991400223491487,questions_in
2025-10-29T12:43:03.311241,PUBLISH,00e1b5c7af914e79b2dcd4e64c8b8dd6,68f2d95bd190740cfd6a1f04,ENQUEUED,0.30971537122446324,questions_in
2025-10-29T12:43:03.509670,PUBLISH,4dd3619a07c244f89a3997054db57555,68f2d95bd190740cfd6a3fb6,ENQUEUED,0.191155930083017,questions_in
2025-10-29T12:43:03.721218,PUBLISH,1364310a40c7421aade5999f9b6a1aa1,68f2d95bd190740cfd6a2dcd,ENQUEUED,0.20935091449861443,questions_in
2025-10-29T12:43:03.970052,PUBLISH,f364b881b38a4cc7a516d6b4833f5f9f,68f2d95bd190740cfd6a1e67,ENQUEUED,0.24038537486694778,questions_in
2025-10-29T12:43:04.212332,PUBLISH,8ae99c2bcd8c42ce8093883269745b48,68f2d95bd190740cfd6a25a9,ENQUEUED,0.2356465789895843,questions_in
2025-10-29T12:43:04.500318,PUBLISH,7e24233441e447999e11ad35320603f2,68f2d95bd190740cfd6a2f0a,ENQUEUED,0.27956944493696356,questions_in
2025-10-29T12:43:04.926588,PUBLISH,35813f024d1b43f99d375b6854672c36,68f2d95bd190740cfd6a30dd,ENQUEUED,0.42032624850690914,questions_in
2025-10-29T12:43:05.226824,PUBLISH,696219fae61e49829b3fb5cd2f382cb0,68f2d95bd190740cfd6a266c,ENQUEUED,0.2929166604441956,questions_in
2025-10-29T12:43:05.382413,PUBLISH,9fc722faebcd41ca9b067ffe4c0449d3,68f2d95bd190740cfd6a1b45,ENQUEUED,0.1482521860470261,questions_in
2025-10-29T12:43:05.736675,PUBLISH,0a28ce1fef90492cb146618f1367c7d0,68f2d95bd190740cfd6a24cc,ENQUEUED,0.3467322801532973,questions_in
2025-10-29T12:43:06.177555,PUBLISH,aafe4c2ada784516841a612630b1be1a,68f2d95bd190740cfd6a3600,ENQUEUED,0.43476631017235967,questions_in
2025-10-29T12:43:06.392702,PUBLISH,9906eb25681145d0be282c6b4cc1a253,68f2d95bd190740cfd6a3b19,ENQUEUED,0.2076987138201105,questions_in
2025-10-29T12:43:06.676604,PUBLISH,f077038b12fc4380874d201a71ac3319,68f2d95bd190740cfd6a4182,ENQUEUED,0.28172887537832225,questions_in
2025-10-29T12:43:06.973321,PUBLISH,8f79918026c24b569cf8f61513cbdb8a,68f2d95bd190740cfd6a1bca,ENQUEUED,0.29447897406014256,questions_in
2025-10-29T12:43:07.214391,PUBLISH,84f0faac8eba4b7fb8a7ac7ee57b31f0,68f2d95bd190740cfd6a2795,ENQUEUED,0.23725784342623327,questions_in
2025-10-29T12:43:07.683711,PUBLISH,8a4106d55c0a4e829a61f3415e658299,68f2d95bd190740cfd6a1eb7,ENQUEUED,0.4624432699116393,questions_in
2025-10-29T12:43:07.881714,PUBLISH,07eda65288a34bf9aa0de06554b9de4a,68f2d95bd190740cfd6a4073,ENQUEUED,0.1903404939501524,questions_in
2025-10-29T12:43:08.289478,PUBLISH,35ad079766e441a5b20f02c0833d4ee0,68f2d95bd190740cfd6a3c36,ENQUEUED,0.4054714151853096,questions_in
2025-10-29T12:43:08.588652,PUBLISH,d8037360828b4923a59d6066634ad1d0,68f2d95bd190740cfd6a358c,ENQUEUED,0.29217248295359394,questions_in
2025-10-29T12:43:08.880955,PUBLISH,f5204a1486d84ad194fe9ec0b628a95b,68f2d95bd190740cfd6a38a2,ENQUEUED,0.28572077028211185,questions_in
2025-10-29T12:43:09.376627,PUBLISH,5d506c3fe63642769f92533462a4ac8c,68f2d95bd190740cfd6a3384,ENQUEUED,0.48858912175272273,questions_in
2025-10-29T12:43:09.826629,PUBLISH,fde10a858d5143d29e19ed8b91079edf,68f2d95bd190740cfd6a3f6a,ENQUEUED,0.44249306113877396,questions_in
2025-10-29T12:43:10.281436,PUBLISH,b97d9d943c7241dca91d4b3df5b39f0c,68f2d95bd190740cfd6a2070,ENQUEUED,0.45150419329984326,questions_in
2025-10-29T12:43:10.747327,PUBLISH,eebab5a2fa8d4020b52109399ec07e2f,68f2d95bd190740cfd6a1b17,ENQUEUED,0.4590094939706105,questions_in
2025-10-29T12:43:11.250107,PUBLISH,79607a0e701c48c692421e7a247eb6e1,68f2d95bd190740cfd6a37f4,ENQUEUED,0.49528849555271914,questions_in
2025-10-29T12:43:11.367911,PUBLISH,da7155bee8e146218e218fe7fdb1d84b,68f2d95bd190740cfd6a1b37,ENQUEUED,0.11152719002556483,questions_in
2025-10-29T12:43:11.637349,PUBLISH,c13be4faa8224b739b75586830230835,68f2d95bd190740cfd6a2e1a,ENQUEUED,0.26210839199227,questions_in
2025-10-29T12:43:11.935885,PUBLISH,94d3db24a18f4316bf71643d5c321e4e,68f2d95bd190740cfd6a2b6f,ENQUEUED,0.29212748528423493,questions_in
2025-10-29T12:43:12.140640,PUBLISH,4b527f1a14574c3491f82560a5fb1412,68f2d95bd190740cfd6a2fa3,ENQUEUED,0.1982322664177612,questions_in
2025-10-29T12:43:12.452331,PUBLISH,8c6408c5a18e469bb6da641a5ed07318,68f2d95bd190740cfd6a2bb0,ENQUEUED,0.30291278681703493,questions_in
2025-10-29T12:43:12.942251,PUBLISH,02d50d65bc9747b2a6c4907531704a0a,68f2d95bd190740cfd6a40d3,ENQUEUED,0.483376192841388,questions_in
2025-10-29T12:43:13.049713,PUBLISH,77d072226d254d7093e6eddf00a70310,68f2d95bd190740cfd6a2680,ENQUEUED,0.1028735699274746,questions_in
2025-10-29T12:43:13.270517,PUBLISH,c8832de5563f43cf894edd8df160c8a4,68f2d95bd190740cfd6a3bdf,ENQUEUED,0.21460978852989532,questions_in
2025-10-29T12:43:13.605668,PUBLISH,be01e3922d664fcda312173c954c0a4f,68f2d95bd190740cfd6a3395,ENQUEUED,0.32701602893774045,questions_in
2025-10-29T12:43:13.786511,PUBLISH,d69f42476ea2441ba901f17a0a73c5b2,68f2d95bd190740cfd6a32c3,ENQUEUED,0.17423308741372714,questions_in
2025-10-29T12:43:14.289853,PUBLISH,295f176244ed478fb9848543043c47d6,68f2d95bd190740cfd6a1dad,ENQUEUED,0.4969201615922635,questions_in
2025-10-29T12:43:14.616788,PUBLISH,01168222a4d448b99bd6848096e1ceef,68f2d95bd190740cfd6a2ec2,ENQUEUED,0.31881827160030746,questions_in
2025-10-29T12:43:15.082816,PUBLISH,830a8506cbb2475681e09f890e77c08b,68f2d95bd190740cfd6a2190,ENQUEUED,0.4586592484869155,questions_in
2025-10-29T12:43:15.302408,PUBLISH,2457fe540b454046b8d2211a12a375e1,68f2d95bd190740cfd6a21db,ENQUEUED,0.21321100779043808,questions_in
2025-10-29T12:43:15.461737,PUBLISH,7cc6014d3af3402594819f355567a16a,68f2d95bd190740cfd6a2294,ENQUEUED,0.1522075653001832,questions_in
2025-10-29T12:43:15.650410,PUBLISH,94bec25524f349a4a42c5d4fcf568050,68f2d95bd190740cfd6a412a,ENQUEUED,0.18190923292885253,questions_in
2025-10-29T12:43:16.147858,PUBLISH,a852565793b74e4a99e94de7b4ed5938,68f2d95bd190740cfd6a2758,ENQUEUED,0.4899725509919808,questions_in
2025-10-29T12:43:16.327891,PUBLISH,7c785d05c9dc472ab449a156dd432954,68f2d95bd190740cfd6a2ac0,ENQUEUED,0.17700124709855392,questions_in
2025-10-29T12:43:16.784935,PUBLISH,4f4376227430466090016c0ceda97208,68f2d95bd190740cfd6a2b1f,ENQUEUED,0.45076207461531914,questions_in
2025-10-29T12:43:17.251368,PUBLISH,d1600e8e00ba43bb8516a28aabc22f54,68f2d95bd190740cfd6a4120,ENQUEUED,0.4597406787696593,questions_in
2025-10-29T12:43:17.612826,PUBLISH,4a58e47509b3446aab69bc919c3ddcff,68f2d95bd190740cfd6a1e2b,ENQUEUED,0.3579947924948551,questions_in
2025-10-29T12:43:18.030371,PUBLISH,7dec4385e5cc4a5c8b796b250e2511bf,68f2d95bd190740cfd6a2525,ENQUEUED,0.4147536459307063,questions_in
2025-10-29T12:43:18.533592,PUBLISH,7505fe0438224641b0f439425efacaf1,68f2d95bd190740cfd6a3d24,ENQUEUED,0.4965582699607898,questions_in
2025-10-29T12:43:18.845147,PUBLISH,fe59e618cccf421c99667935ebe21e11,68f2d95bd190740cfd6a3972,ENQUEUED,0.3041310091140029,questions_in
2025-10-29T12:43:19.301640,PUBLISH,35b6f372182d4734b7fe77bdadc50c6c,68f2d95bd190740cfd6a414b,ENQUEUED,0.45008387857776166,questions_in
2025-10-29T12:43:19.426905,PUBLISH,24df1081f857483a8eea4a8511332dad,68f2d95bd190740cfd6a2332,ENQUEUED,0.12251384149872968,questions_in
2025-10-29T12:43:19.619736,PUBLISH,312cbd11af9c4d8396ab7ed0891b9ef2,68f2d95bd190740cfd6a2ce2,ENQUEUED,0.1907845282458489,questions_in
2025-10-29T12:43:19.825493,PUBLISH,28bda48c59034a3a82cec680bb7e796f,68f2d95bd190740cfd6a335e,ENQUEUED,0.1993345995800692,questions_in
2025-10-29T12:43:20.073641,PUBLISH,2d1bbfb9a4bc4dd48eb0114bf4cd943b,68f2d95bd190740cfd6a291b,ENQUEUED,0.24530408996435682,questions_in
2025-10-29T12:43:20.480256,PUBLISH,52b0eed1e803404fb77682d1ebd5560f,68f2d95bd190740cfd6a21c5,ENQUEUED,0.39676294968602266,questions_in
2025-10-29T12:43:20.696002,PUBLISH,13e5abc7339f49079e44596d517d6156,68f2d95bd190740cfd6a29ab,ENQUEUED,0.21293498096726574,questions_in
2025-10-29T12:43:20.993939,PUBLISH,65f90adb6528400d8d360dba9eb7fbf5,68f2d95bd190740cfd6a3e8f,ENQUEUED,0.2908238517911257,questions_in
2025-10-29T12:43:21.194308,PUBLISH,e3a01a3546e04ff48c36a80f425e5f1f,68f2d95bd190740cfd6a2d6e,ENQUEUED,0.1955707120490967,questions_in
2025-10-29T12:43:21.404124,PUBLISH,079b81fec6c648a0becd98a7c6962f04,68f2d95bd190740cfd6a2334,ENQUEUED,0.20360193051823072,questions_in
2025-10-29T12:43:21.834888,PUBLISH,e398cc0fb06a4aa4b8fd9299a2c766cc,68f2d95bd190740cfd6a3e85,ENQUEUED,0.42464902556982387,questions_in
2025-10-29T12:43:22.231750,PUBLISH,8e0046749e42444ca80c957a60eb85d2,68f2d95bd190740cfd6a2d7a,ENQUEUED,0.38996607688222207,questions_in
2025-10-29T12:43:22.448482,PUBLISH,d5fb14e010364d3bbfe1f94afdb11642,68f2d95bd190740cfd6a30d9,ENQUEUED,0.2111975558457007,questions_in
2025-10-29T12:43:22.756487,PUBLISH,be62ef9bc1894774a319f91a0753c27f,68f2d95bd190740cfd6a223a,ENQUEUED,0.3052649834534026,questions_in
2025-10-29T12:43:23.050196,PUBLISH,08c0e79d28974159924388ff606a4385,68f2d95bd190740cfd6a1eaf,ENQUEUED,0.28550868971348625,questions_in
2025-10-29T12:43:23.435995,PUBLISH,e231f2dd669f43e69abe9f2fe274dc52,68f2d95bd190740cfd6a2a08,ENQUEUED,0.38332570893334117,questions_in
2025-10-29T12:43:23.628022,PUBLISH,dfd4684736664bb09cb5172b79dd743d,68f2d95bd190740cfd6a257c,ENQUEUED,0.18925146940698798,questions_in
2025-10-29T12:43:23.885306,PUBLISH,b7fccfb6436f40b88334de80a6fe6b0e,68f2d95bd190740cfd6a390c,ENQUEUED,0.25511402847730646,questions_in
2025-10-29T12:43:24.244331,PUBLISH,4aa3788752834f24a9684df8b338ec7b,68f2d95bd190740cfd6a1ebe,ENQUEUED,0.35180843438618015,questions_in
2025-10-29T12:43:24.429050,PUBLISH,92e267c991d04b36b9d2b0af97e8d2f5,68f2d95bd190740cfd6a32ed,ENQUEUED,0.1778651400041682,questions_in
2025-10-29T12:43:24.604327,PUBLISH,c054ede7c1db474994266887f7196a93,68f2d95bd190740cfd6a3071,ENQUEUED,0.1690922726438906,questions_in
2025-10-29T12:43:24.972888,PUBLISH,b5c25c879bbb49b8bf244a76a11dff7e,68f2d95bd190740cfd6a1d50,ENQUEUED,0.3662804006663042,questions_in
2025-10-29T12:43:25.116804,PUBLISH,368533f31a42487ba82d0435d81deb50,68f2d95bd190740cfd6a397c,ENQUEUED,0.13768307902802396,questions_in
2025-10-29T12:43:25.618706,PUBLISH,ab43cf4d3aeb456f8936fe03f124459b,68f2d95bd190740cfd6a215e,ENQUEUED,0.4991302233062732,questions_in
2025-10-29T12:43:26.116978,PUBLISH,b396334b67834056841c48513f5364e5,68f2d95bd190740cfd6a3a9b,ENQUEUED,0.49145337943617207,questions_in
2025-10-29T12:43:26.404562,PUBLISH,19002aa2cba3406e9f330cb95f8972ff,68f2d95bd190740cfd6a2b67,ENQUEUED,0.2807750307671587,questions_in
2025-10-29T12:43:26.607194,PUBLISH,e314d4b1ae9741d79ee930bc77ec22e5,68f2d95bd190740cfd6a2468,ENQUEUED,0.1964805842393237,questions_in
2025-10-29T12:43:27.094556,PUBLISH,b49d6c544d224d669ef70bd3799f7302,68f2d95bd190740cfd6a38cb,ENQUEUED,0.48037419974850326,questions_in
2025-10-29T12:43:27.215639,PUBLISH,95504d03ee7d410aa9683761f42d05e9,68f2d95bd190740cfd6a3ff0,ENQUEUED,0.1144570192084927,questions_in
2025-10-29T12:43:27.668229,PUBLISH,7d1cff582dc74b0aabb2a78482ec18f2,68f2d95bd190740cfd6a2605,ENQUEUED,0.4458642812696102,questions_in
2025-10-29T12:43:27.832481,PUBLISH,54303abe480f42cf86ef557084088b70,68f2d95bd190740cfd6a24d2,ENQUEUED,0.1580925077466666,questions_in
2025-10-29T12:43:28.163303,PUBLISH,b72902de288c45f5a1eb8bfc072ee3ff,68f2d95bd190740cfd6a4076,ENQUEUED,0.3242082737796424,questions_in
2025-10-29T12:43:28.468067,PUBLISH,a68c89878f7a4773ab940b9d9abdb5f4,68f2d95bd190740cfd6a2dd2,ENQUEUED,0.298503559212965,questions_in
2025-10-29T12:43:28.653687,PUBLISH,704d04f75a014157b8da307a3659bbd8,68f2d95bd190740cfd6a1beb,ENQUEUED,0.17952877313400892,questions_in
2025-10-29T12:43:28.949288,PUBLISH,84b837bb26ce4ac9a47702b2c1e1ffb9,68f2d95bd190740cfd6a2672,ENQUEUED,0.2886153329927049,questions_in
2025-10-29T12:43:29.253943,PUBLISH,1b68ddaca5a54d97a7ddedd64aa3dc50,68f2d95bd190740cfd6a25e3,ENQUEUED,0.2972527555278475,questions_in
2025-10-29T12:43:29.554818,PUBLISH,4176008595094dd7976e1e9d2fc144e6,68f2d95bd190740cfd6a1f03,ENQUEUED,0.2945371664325838,questions_in
2025-10-29T12:43:29.766147,PUBLISH,530431ebc78d48009794ab1ae539067e,68f2d95bd190740cfd6a3421,ENQUEUED,0.2046353827689291,questions_in
2025-10-29T12:43:30.171461,PUBLISH,bc712b06c5704a09a200d7ecd41f2942,68f2d95bd190740cfd6a1ace,ENQUEUED,0.398191387025279,questions_in
2025-10-29T12:43:30.639781,PUBLISH,a99445908abe460fa04c5dc7b056320a,68f2d95bd190740cfd6a37a0,ENQUEUED,0.46231368088306546,questions_in
2025-10-29T12:43:30.808250,PUBLISH,3ea62dd87b744f978884afa110805dc5,68f2d95bd190740cfd6a209f,ENQUEUED,0.16540665986758687,questions_in
2025-10-29T12:43:30.959807,PUBLISH,1c421767fe64472390c71dd0bd05079f,68f2d95bd190740cfd6a1f01,ENQUEUED,0.1475042856149801,questions_in
2025-10-29T12:43:31.082406,PUBLISH,171cd0f1bf964ec8a0746a7b1220e38d,68f2d95bd190740cfd6a355d,ENQUEUED,0.11592020439904593,questions_in
2025-10-29T12:43:31.231769,PUBLISH,58d1108f7d0e4c829439af986175835b,68f2d95bd190740cfd6a3584,ENQUEUED,0.14620882577582908,questions_in
2025-10-29T12:43:31.631229,PUBLISH,8de8df151f7c4c4c81701b89598bd4a6,68f2d95bd190740cfd6a3aef,ENQUEUED,0.3936387442243421,questions_in
2025-10-29T12:43:32.070745,PUBLISH,d7411cfe5860478797d46e590ee4926d,68f2d95bd190740cfd6a275a,ENQUEUED,0.4330632700282582,questions_in
2025-10-29T12:43:32.218540,PUBLISH,79d4d50463824e6d8f4b44a5501ab562,68f2d95bd190740cfd6a32d8,ENQUEUED,0.14168542748043494,questions_in
2025-10-29T12:43:32.679628,PUBLISH,18c091787481426898771a21e6719803,68f2d95bd190740cfd6a2273,ENQUEUED,0.45542757491723596,questions_in
2025-10-29T12:43:32.824184,PUBLISH,6558ff0434834b3abda324bd60551aa5,68f2d95bd190740cfd6a33a2,ENQUEUED,0.1413131546802161,questions_in
2025-10-29T12:43:33.141869,PUBLISH,2a51a09d709d45ec8900983bc17ba5b1,68f2d95bd190740cfd6a1b03,ENQUEUED,0.31044078759414784,questions_in
2025-10-29T12:43:33.442221,PUBLISH,18185f6477ce48deb4dd1b9b409c9ef4,68f2d95bd190740cfd6a2d33,ENQUEUED,0.29341513183745654,questions_in
2025-10-29T12:43:33.584302,PUBLISH,b90a30f476524021b9ab601acf82c3b8,68f2d95bd190740cfd6a2b72,ENQUEUED,0.13604674348266377,questions_in
2025-10-29T12:43:33.913758,PUBLISH,3f9a2fa6943e47fc9c1e59d10bffb535,68f2d95bd190740cfd6a3d19,ENQUEUED,0.32260906890709806,questions_in
2025-10-29T12:43:34.291492,PUBLISH,75f9ec9a5a39454a8a97be9bc359e878,68f2d95bd190740cfd6a1f65,ENQUEUED,0.370503216279904,questions_in
2025-10-29T12:43:34.686360,PUBLISH,abbcf2e15a5340dfbe84f4c885691f56,68f2d95bd190740cfd6a351e,ENQUEUED,0.38763408970041924,questions_in
2025-10-29T12:43:34.926757,PUBLISH,4a7b5ed2487c4340add897d5dd666037,68f2d95bd190740cfd6a2afd,ENQUEUED,0.23786683704435904,questions_in
2025-10-29T12:43:35.168751,PUBLISH,a84d49e1f4a54026beb4035d16f9b1ef,68f2d95bd190740cfd6a403b,ENQUEUED,0.2356298667089777,questions_in
2025-10-29T12:43:35.511363,PUBLISH,c78a1392ac154aaa958502f3ddd9660f,68f2d95bd190740cfd6a339d,ENQUEUED,0.3355363620316413,questions_in
2025-10-29T12:43:35.760933,PUBLISH,1067ff96915a4a2295b3d05fea9f1971,68f2d95bd190740cfd6a1b86,ENQUEUED,0.2418324832048534,questions_in
2025-10-29T12:43:35.918027,PUBLISH,e60f56154aa44874baea5cbe7273fe36,68f2d95bd190740cfd6a200c,ENQUEUED,0.14984012387096218,questions_in
2025-10-29T12:43:36.346895,PUBLISH,3303a22081c74addb3e21126f2e58889,68f2d95bd190740cfd6a3698,ENQUEUED,0.42270260359539713,questions_in
2025-10-29T12:43:36.559572,PUBLISH,3da1d94d575f4ec1b8d52c874c5c90f7,68f2d95bd190740cfd6a3710,ENQUEUED,0.20262166863759076,questions_in
2025-10-29T12:43:36.717515,PUBLISH,2a11632d12094d25a5adb05d66968140,68f2d95bd190740cfd6a22d1,ENQUEUED,0.15184134063679589,questions_in
2025-10-29T12:43:37.070694,PUBLISH,4c63a9ee3ee0440880d7bbd554c34dc1,68f2d95bd190740cfd6a3785,ENQUEUED,0.3507541336272667,questions_in
2025-10-29T12:43:37.220287,PUBLISH,17a91a291b5546eab4f3fcc675aa9cbd,68f2d95bd190740cfd6a3b4f,ENQUEUED,0.14320088188214758,questions_in
2025-10-29T12:43:37.457458,PUBLISH,d142df253b2642c78ed9682a5aff7925,68f2d95bd190740cfd6a1c6f,ENQUEUED,0.22931787247168592,questions_in
2025-10-29T12:43:37.703924,PUBLISH,ca8c9ba5142f4799b3f15ea5dff8cca7,68f2d95bd190740cfd6a2fde,ENQUEUED,0.24425096994226983,questions_in
2025-10-29T12:43:37.900921,PUBLISH,20894cff14134df4bc3598b9da16289b,68f2d95bd190740cfd6a2516,ENQUEUED,0.19012486080711627,questions_in
2025-10-29T12:43:38.139415,PUBLISH,690a423680ea44fbbb9c1d1094e25dae,68f2d95bd190740cfd6a334a,ENQUEUED,0.23191865750573057,questions_in
2025-10-29T12:43:38.476512,PUBLISH,00c7c02912474c5c95aa8791130194ba,68f2d95bd190740cfd6a2158,ENQUEUED,0.3293157174140432,questions_in
2025-10-29T12:43:38.836437,PUBLISH,c0d9b1383874401baf12b277d3613fa0,68f2d95bd190740cfd6a3778,ENQUEUED,0.3536308198246939,questions_in
2025-10-29T12:43:39.206636,PUBLISH,df4ca5e64a9a42709927e3a95b94d7a4,68f2d95bd190740cfd6a2079,ENQUEUED,0.3630797241742556,questions_in
2025-10-29T12:43:39.506702,PUBLISH,31ab269a6b1b4780b7e53e526c9e62eb,68f2d95bd190740cfd6a2a2e,ENQUEUED,0.2922763848798705,questions_in
2025-10-29T12:43:39.679406,PUBLISH,d2d5245084e94496aee3dcb1c1eb265c,68f2d95bd190740cfd6a40e3,ENQUEUED,0.16969929478325563,questions_in
2025-10-29T12:43:40.116538,PUBLISH,bf9896f08c4744c4a3b8923490b014c2,68f2d95bd190740cfd6a3fba,ENQUEUED,0.4312991014547334,questions_in
2025-10-29T12:43:40.442045,PUBLISH,db50df17ca9d4fba8fe56b4747b050a5,68f2d95bd190740cfd6a3dc6,ENQUEUED,0.31977724046801836,questions_in
2025-10-29T12:43:40.738587,PUBLISH,4c156078ff2347f189058e3e7635d364,68f2d95bd190740cfd6a305f,ENQUEUED,0.29332827962825525,questions_in
2025-10-29T12:43:41.170955,PUBLISH,e11318c55ecf492b8622a6211f9dc0c4,68f2d95bd190740cfd6a21a4,ENQUEUED,0.42574045429582574,questions_in
2025-10-29T12:43:41.477580,PUBLISH,1386d971c1e144df9fbe384d1683807d,68f2d95bd190740cfd6a28a6,ENQUEUED,0.30210443625729605,questions_in
2025-10-29T12:43:41.650852,PUBLISH,469b6dbe734c44da834deba0063c85e7,68f2d95bd190740cfd6a1eb7,ENQUEUED,0.1672961240850689,questions_in
2025-10-29T12:43:41.775617,PUBLISH,0197f2d9f618426e84d9c7ab9cd10490,68f2d95bd190740cfd6a3a9c,ENQUEUED,0.12218260608788145,questions_in
2025-10-29T12:43:42.077210,PUBLISH,0e81e98ccd754fb6a6e3788584394908,68f2d95bd190740cfd6a1cec,ENQUEUED,0.29529950317916354,questions_in
2025-10-29T12:43:42.299773,PUBLISH,636e305c196349acb34052c4811053d3,68f2d95bd190740cfd6a27a2,ENQUEUED,0.21675342649803697,questions_in
2025-10-29T12:43:42.642244,PUBLISH,46f8c08ba3a144edbec14dc3503e9d56,68f2d95bd190740cfd6a368b,ENQUEUED,0.3343660187432169,questions_in
2025-10-29T12:43:43.145323,PUBLISH,3843d9425bab4dc4b8ec2857b087d2df,68f2d95bd190740cfd6a415a,ENQUEUED,0.4958402517461048,questions_in
2025-10-29T12:43:43.325625,PUBLISH,4d0488a860a34a6fab1a6546d7092f40,68f2d95bd190740cfd6a1b9a,ENQUEUED,0.17692058134236968,questions_in
2025-10-29T12:43:43.507806,PUBLISH,2056d134c548445e86ea569e30f09907,68f2d95bd190740cfd6a2104,ENQUEUED,0.1748756854739794,questions_in
2025-10-29T12:43:43.645217,PUBLISH,027f8a4b668c45919f6b5222d9a05c21,68f2d95bd190740cfd6a30c7,ENQUEUED,0.1307778619647766,questions_in
2025-10-29T12:43:43.925563,PUBLISH,0e4fccba1fc64f51a12678d74eef1759,68f2d95bd190740cfd6a28e7,ENQUEUED,0.27713588383580046,questions_in
2025-10-29T12:43:44.258347,PUBLISH,cc74cc255adc428eb05e23b52300e007,68f2d95bd190740cfd6a279c,ENQUEUED,0.3255559012619118,questions_in
2025-10-29T12:43:44.744635,PUBLISH,ae7794905bb24080b7da1fb6b0441196,68f2d95bd190740cfd6a2545,ENQUEUED,0.4830549546045453,questions_in
2025-10-29T12:43:44.887512,PUBLISH,e009eb0a04404d7883128b2fb2bb0d59,68f2d95bd190740cfd6a327e,ENQUEUED,0.13969588395488422,questions_in
2025-10-29T12:43:45.072954,PUBLISH,04577ab1bdfb44509971019d8190df1e,68f2d95bd190740cfd6a1e7b,ENQUEUED,0.18221299439788377,questions_in
2025-10-29T12:43:45.553083,PUBLISH,97a1d7aa5c69482c852b97f7125fd8b8,68f2d95bd190740cfd6a2e1b,ENQUEUED,0.47297806212500515,questions_in
2025-10-29T12:43:45.927601,PUBLISH,0d6d6df226644eff9d3fd7f3213efd21,68f2d95bd190740cfd6a274b,ENQUEUED,0.3679548055730123,questions_in
2025-10-29T12:43:46.299265,PUBLISH,720bdbb046d549d6bebe1717f6037959,68f2d95bd190740cfd6a1ed3,ENQUEUED,0.3652011369844258,questions_in
2025-10-29T12:43:46.547216,PUBLISH,dad0ef347f694a4abcc5182370fc36eb,68f2d95bd190740cfd6a1e30,ENQUEUED,0.24488754654454198,questions_in
2025-10-29T12:43:46.940867,PUBLISH,c1a0df017ac645b8bbaef43f55a08673,68f2d95bd190740cfd6a3d7c,ENQUEUED,0.38372669234315127,questions_in
2025-10-29T12:43:47.211421,PUBLISH,cb9e3d3dd07f41508aa6623e33a39f02,68f2d95bd190740cfd6a2db4,ENQUEUED,0.2683912527210591,questions_in
2025-10-29T12:43:47.494115,PUBLISH,5ec45c25e20e4362b66ef4b52ffa70c7,68f2d95bd190740cfd6a1aff,ENQUEUED,0.276117242785314,questions_in
2025-10-29T12:43:47.693898,PUBLISH,b1f1a642ba944020be03c8f84fbbf57a,68f2d95bd190740cfd6a2736,ENQUEUED,0.19341990433680617,questions_in
2025-10-29T12:43:48.019913,PUBLISH,d7ba2211edab473f82d75aeb15e3df80,68f2d95bd190740cfd6a2f60,ENQUEUED,0.32329498062151174,questions_in
2025-10-29T12:43:48.411576,PUBLISH,0c523321a4914de392da625359f118ab,68f2d95bd190740cfd6a2548,ENQUEUED,0.3838190041190134,questions_in
2025-10-29T12:43:48.581198,PUBLISH,65dedb6f5a27411cbce1a1dee49a3dcc,68f2d95bd190740cfd6a23ca,ENQUEUED,0.1617871488735021,questions_in
2025-10-29T12:43:48.764658,PUBLISH,1462420863e945c8ad8fb7d65b7fcc8f,68f2d95bd190740cfd6a1d82,ENQUEUED,0.1787416678469255,questions_in
2025-10-29T12:43:49.073532,PUBLISH,dca6888de639482a94a90b7d54c5cf4b,68f2d95bd190740cfd6a34fa,ENQUEUED,0.30434739404606836,questions_in
2025-10-29T12:43:49.196230,PUBLISH,5d696e89a8a04e79be91efde37e6e553,68f2d95bd190740cfd6a3587,ENQUEUED,0.12060845745060855,questions_in
2025-10-29T12:43:49.559198,PUBLISH,1641f7f5ca194374b59e97ad6177532d,68f2d95bd190740cfd6a4126,ENQUEUED,0.35927004644802896,questions_in
2025-10-29T12:43:49.940704,PUBLISH,ed09badba1d64878b24bf7fd090116a7,68f2d95bd190740cfd6a3e04,ENQUEUED,0.37380996544362644,questions_in
2025-10-29T12:43:50.104337,PUBLISH,4bc07751bdb3433ea1a38dc08c5ff118,68f2d95bd190740cfd6a37ec,ENQUEUED,0.156865340556268,questions_in
2025-10-29T12:43:50.583679,PUBLISH,d1d219b188394941833547821ac08189,68f2d95bd190740cfd6a23e8,ENQUEUED,0.47570718493901654,questions_in
2025-10-29T12:43:50.894710,PUBLISH,a589d7e800604c25b0f9274fad4ed233,68f2d95bd190740cfd6a404b,ENQUEUED,0.30439677020091105,questions_in
2025-10-29T12:43:51.073374,PUBLISH,ec4d2ca429854f59a475c78d6f7148d2,68f2d95bd190740cfd6a3cff,ENQUEUED,0.17209845440090757,questions_in
2025-10-29T12:43:51.541389,PUBLISH,504ead8a6147406986a1c8f4a4a97df7,68f2d95bd190740cfd6a1e1c,ENQUEUED,0.465339998367878,questions_in
2025-10-29T12:43:51.944018,PUBLISH,ac4994c6736c466e9d3ac302c1fec404,68f2d95bd190740cfd6a4097,ENQUEUED,0.39613900773042576,questions_in
2025-10-29T12:43:52.238319,PUBLISH,f0e49a53922445cb8f998b5ddc1ca96e,68f2d95bd190740cfd6a29d9,ENQUEUED,0.29115649353494133,questions_in
2025-10-29T12:43:52.484735,PUBLISH,f6161c1b0f28441ebaf6f0784cff96b8,68f2d95bd190740cfd6a2201,ENQUEUED,0.23995234934958717,questions_in
2025-10-29T12:43:52.608166,PUBLISH,00be0d210fac485a83c16025a3e74070,68f2d95bd190740cfd6a1e09,ENQUEUED,0.11645597120165788,questions_in
2025-10-29T12:43:53.052892,PUBLISH,95cc8cba9bca4ff3bc94d7735562948d,68f2d95bd190740cfd6a241a,ENQUEUED,0.43789872527381357,questions_in
2025-10-29T12:43:53.460253,PUBLISH,1a57a185470a43d497c6e2135ef62400,68f2d95bd190740cfd6a2295,ENQUEUED,0.403400816196649,questions_in
2025-10-29T12:43:53.723498,PUBLISH,cb40e18a690b4f0a8e6fc4ef1fa1a312,68f2d95bd190740cfd6a1fb1,ENQUEUED,0.2558000976755289,questions_in
2025-10-29T12:43:54.174025,PUBLISH,a20422e765b7440c8749e04fdd8fc819,68f2d95bd190740cfd6a2711,ENQUEUED,0.4478042424494706,questions_in
2025-10-29T12:43:54.612604,PUBLISH,206bd18185dd491f8568c490e8096e47,68f2d95bd190740cfd6a2099,ENQUEUED,0.43617965263292224,questions_in
2025-10-29T12:43:54.957120,PUBLISH,22f1ac0a5acf4e35bc5982a22c03bbe9,68f2d95bd190740cfd6a33e7,ENQUEUED,0.341989799590523,questions_in
2025-10-29T12:43:55.136235,PUBLISH,99c4e8a5d47b409eacdaf4b718a389f1,68f2d95bd190740cfd6a3370,ENQUEUED,0.17232351383855732,questions_in
2025-10-29T12:43:55.500781,PUBLISH,032a6d3a20db4e08b946079fcdb0665a,68f2d95bd190740cfd6a27d5,ENQUEUED,0.3550290332264331,questions_in
2025-10-29T12:43:55.687908,PUBLISH,41b85ac141004f00b1fd68b4d5132629,68f2d95bd190740cfd6a1ec0,ENQUEUED,0.184655770396825,questions_in
2025-10-29T12:43:55.994857,PUBLISH,5175e06856e54309a29af1bfb6e082a4,68f2d95bd190740cfd6a1df6,ENQUEUED,0.3042975506308137,questions_in
2025-10-29T12:43:56.500422,PUBLISH,e3512ad26418402a91cf1629750dd6e8,68f2d95bd190740cfd6a3c0d,ENQUEUED,0.4991834497056523,questions_in
2025-10-29T12:43:56.762733,PUBLISH,560e15bf492446858ae2a94bc9f5f235,68f2d95bd190740cfd6a35be,ENQUEUED,0.25633629926001933,questions_in
2025-10-29T12:43:57.154826,PUBLISH,cb31f792db3c4411aaa13d43a1dc84f0,68f2d95bd190740cfd6a2ee0,ENQUEUED,0.38787112580969063,questions_in
2025-10-29T12:43:57.352793,PUBLISH,b3eed433c2894bbf983e87e7b21450c7,68f2d95bd190740cfd6a31e8,ENQUEUED,0.19111020211846738,questions_in
2025-10-29T12:43:57.853123,PUBLISH,f3c749246c9f47c18c764171fec8b447,68f2d95bd190740cfd6a1e0b,ENQUEUED,0.4915971868068839,questions_in
2025-10-29T12:43:58.153363,PUBLISH,123e351e76f54d7f80ed4d876bb76f94,68f2d95bd190740cfd6a4031,ENQUEUED,0.29398411763423626,questions_in
2025-10-29T12:43:58.506723,PUBLISH,fe3b3d1c29bc4a21a089539ce5aa662b,68f2d95bd190740cfd6a2093,ENQUEUED,0.34712623876073034,questions_in
2025-10-29T12:43:58.940925,PUBLISH,fa7c68e0d0c04411a193853d8b6afacd,68f2d95bd190740cfd6a2e9a,ENQUEUED,0.42716217411664525,questions_in
2025-10-29T12:43:59.339746,PUBLISH,624dfdb5fc064bc18a7ab9c4e315f082,68f2d95bd190740cfd6a2f4d,ENQUEUED,0.39223735129486237,questions_in
2025-10-29T12:43:59.817932,PUBLISH,09abd3c886af42619becb68548d43cc7,68f2d95bd190740cfd6a2c34,ENQUEUED,0.47032846775119175,questions_in
2025-10-29T12:44:00.121215,PUBLISH,f97f833b39b1449f947ba3094066cbef,68f2d95bd190740cfd6a40d0,ENQUEUED,0.29625748469319835,questions_in
2025-10-29T12:44:00.371278,PUBLISH,c1894608bed543b9a22d808a3df5746b,68f2d95bd190740cfd6a203e,ENQUEUED,0.24655089373304861,questions_in
2025-10-29T12:44:00.694521,PUBLISH,6f9a9e453cd64498a8c19ec57fcc9586,68f2d95bd190740cfd6a3b2b,ENQUEUED,0.31653072276726657,questions_in
2025-10-29T12:44:01.161952,PUBLISH,a3ddb9503ac4450f97a5f7fccf2965c9,68f2d95bd190740cfd6a404e,ENQUEUED,0.45765033275760625,questions_in
2025-10-29T12:44:01.552689,PUBLISH,dc17d32c02aa4c9d8599a309aa8cb69b,68f2d95bd190740cfd6a3de3,ENQUEUED,0.38406736358891813,questions_in
2025-10-29T12:44:01.681640,PUBLISH,5a446a82041b4198b81e0327582c8400,68f2d95bd190740cfd6a3f2f,ENQUEUED,0.12210196533188422,questions_in
2025-10-29T12:44:01.907434,PUBLISH,1b9ebf8f7edd46e2b94418c2ba51aec9,68f2d95bd190740cfd6a2455,ENQUEUED,0.2232067332104252,questions_in
2025-10-29T12:44:02.250235,PUBLISH,ae12e56bc6e14a83a71723263c8e3f89,68f2d95bd190740cfd6a2e28,ENQUEUED,0.335503969117867,questions_in
2025-10-29T12:44:02.671129,PUBLISH,782a77db86e64bbc8f34bae58251a171,68f2d95bd190740cfd6a2284,ENQUEUED,0.4184091151242574,questions_in
2025-10-29T12:44:02.901901,PUBLISH,acac80194a014925bf30a7b4434ccc56,68f2d95bd190740cfd6a2dff,ENQUEUED,0.22372405929901462,questions_in
2025-10-29T12:44:03.168040,PUBLISH,0958cb68a28b443e962985c0238b3a24,68f2d95bd190740cfd6a361c,ENQUEUED,0.2585689757042233,questions_in
2025-10-29T12:44:03.549275,PUBLISH,b0226ef54cc84fe286ed61b83a74abb4,68f2d95bd190740cfd6a208e,ENQUEUED,0.36997329241015997,questions_in
2025-10-29T12:44:03.940015,PUBLISH,8d5f9607601c4b8bbbd6a499b95c63f4,68f2d95bd190740cfd6a3b91,ENQUEUED,0.3845722058987656,questions_in
2025-10-29T12:44:04.209832,PUBLISH,1801786c37f1451c883d0861a60013a3,68f2d95bd190740cfd6a24fe,ENQUEUED,0.26719059355662533,questions_in
2025-10-29T12:44:04.474563,PUBLISH,642f0b8ef8684c17b607f4a21d194e81,68f2d95bd190740cfd6a3bad,ENQUEUED,0.2584321881208008,questions_in
2025-10-29T12:44:04.875860,PUBLISH,ba349666ba37492e91b9c49d83efcd16,68f2d95bd190740cfd6a284d,ENQUEUED,0.3910331032815123,questions_in
2025-10-29T12:44:05.275156,PUBLISH,fcfb4df8f4e64f14be2ebc945b433c37,68f2d95bd190740cfd6a4038,ENQUEUED,0.3965860443040352,questions_in
2025-10-29T12:44:05.511911,PUBLISH,91aa434619de4fdb8177b616f77115f1,68f2d95bd190740cfd6a2440,ENQUEUED,0.23093748163827454,questions_in
2025-10-29T12:44:05.643376,PUBLISH,ef921b281d234c03924cf95ec5d66eac,68f2d95bd190740cfd6a31ce,ENQUEUED,0.12535808261643325,questions_in
2025-10-29T12:44:05.869776,PUBLISH,5cce2cf7da4b4306bc0e967e8d65ce0d,68f2d95bd190740cfd6a3718,ENQUEUED,0.2215639069575143,questions_in
2025-10-29T12:44:06.113332,PUBLISH,fa08b180210b47c6b7c1aa3bec2dc5cf,68f2d95bd190740cfd6a24bd,ENQUEUED,0.23746671895093813,questions_in
2025-10-29T12:44:06.572428,PUBLISH,25c9e67ae86a4777880157634f5753b3,68f2d95bd190740cfd6a2963,ENQUEUED,0.4527380743449819,questions_in
2025-10-29T12:44:06.770760,PUBLISH,9555a2b8cc4f41299ec4c7d9484e0be1,68f2d95bd190740cfd6a1e74,ENQUEUED,0.19150809474550062,questions_in
2025-10-29T12:44:06.995165,PUBLISH,4c53fdd8987d4394a374c2e6fc00e8f0,68f2d95bd190740cfd6a2b5f,ENQUEUED,0.22227319446171104,questions_in
2025-10-29T12:44:07.289494,PUBLISH,aae58f7fcc7c476b901cc291db1f59b9,68f2d95bd190740cfd6a26e4,ENQUEUED,0.28728808568342057,questions_in
2025-10-29T12:44:07.766368,PUBLISH,74a4a575aa7d4b0f95f3061aa6af51b2,68f2d95bd190740cfd6a1f88,ENQUEUED,0.46955214751342833,questions_in
2025-10-29T12:44:08.038311,PUBLISH,c69e2a7a3700415289d4e40fa5324547,68f2d95bd190740cfd6a337d,ENQUEUED,0.26523399023625027,questions_in
2025-10-29T12:44:08.453286,PUBLISH,5c73481456eb408d906d3a02b6b6ab46,68f2d95bd190740cfd6a1dc7,ENQUEUED,0.4127767725771697,questions_in
2025-10-29T12:44:08.598000,PUBLISH,75e744b8ba5c494b9aa4579eee0a28c1,68f2d95bd190740cfd6a2dcb,ENQUEUED,0.13807537253497473,questions_in
2025-10-29T12:44:09.028092,PUBLISH,2130afe80f9d431783210c0afbb768da,68f2d95bd190740cfd6a39a5,ENQUEUED,0.4225366713463149,questions_in
2025-10-29T12:44:09.495748,PUBLISH,b86ad3837e554abc98d8711aabda961f,68f2d95bd190740cfd6a2d3b,ENQUEUED,0.46061536596863895,questions_in
2025-10-29T12:44:09.620449,PUBLISH,45b7988e791240bc919f68e6cee1b689,68f2d95bd190740cfd6a300f,ENQUEUED,0.11499859997362592,questions_in
2025-10-29T12:44:09.977213,PUBLISH,0ebdcc98dcd044628af520da84e6e271,68f2d95bd190740cfd6a32c2,ENQUEUED,0.3501808600354509,questions_in
2025-10-29T12:44:10.123048,PUBLISH,2186a754c7964441909a121e123fe7e6,68f2d95bd190740cfd6a257d,ENQUEUED,0.14130453457245712,questions_in
2025-10-29T12:44:10.601731,PUBLISH,b235bc5bcd51497990a33cba20ee6c70,68f2d95bd190740cfd6a2e04,ENQUEUED,0.4750094667018282,questions_in
2025-10-29T12:44:10.870304,PUBLISH,d38e45e86a4544a9a92a88485b6f5bed,68f2d95bd190740cfd6a3e33,ENQUEUED,0.26192762374477363,questions_in
2025-10-29T12:44:11.154765,PUBLISH,f201f2a8a6cc4733b759fe364bd61660,68f2d95bd190740cfd6a25a0,ENQUEUED,0.2754554698197762,questions_in
2025-10-29T12:44:11.487466,PUBLISH,2c1c456073004203bf25ab8de60fd44d,68f2d95bd190740cfd6a3a40,ENQUEUED,0.3251168923828767,questions_in
2025-10-29T12:44:11.741466,PUBLISH,0e350fbe3ae24e5a872a76261f3abac2,68f2d95bd190740cfd6a3420,ENQUEUED,0.25201314613859027,questions_in
2025-10-29T12:44:11.993774,PUBLISH,fafef5ac326f4d26b8da7ffff7b49f58,68f2d95bd190740cfd6a2c58,ENQUEUED,0.2505512337483667,questions_in
2025-10-29T12:44:12.144861,PUBLISH,3f148cf62da74b23a3b7a7886a50b62d,68f2d95bd190740cfd6a1d1f,ENQUEUED,0.14495602523411721,questions_in
2025-10-29T12:44:12.588488,PUBLISH,2e68c76761d440c48a8ed080f8880175,68f2d95bd190740cfd6a264e,ENQUEUED,0.4373085133310576,questions_in
2025-10-29T12:44:13.005547,PUBLISH,634ca9d19f514f68bbc4aad73a2ee401,68f2d95bd190740cfd6a3b69,ENQUEUED,0.4092864975310859,questions_in
2025-10-29T12:44:13.326991,PUBLISH,ff121055426a4917b4e22288774ab521,68f2d95bd190740cfd6a21ea,ENQUEUED,0.3147834365283376,questions_in
2025-10-29T12:44:13.750028,PUBLISH,dad8db1af7294f89acdb7c1b13187963,68f2d95bd190740cfd6a36b5,ENQUEUED,0.4151966002028077,questions_in
2025-10-29T12:44:14.098868,PUBLISH,2d6d6d023ccf4e42955c93ff56a3893a,68f2d95bd190740cfd6a3707,ENQUEUED,0.33925983668614224,questions_in
2025-10-29T12:44:14.547932,PUBLISH,4b46e6f747884fc0a54e76d92ed6362f,68f2d95bd190740cfd6a233f,ENQUEUED,0.4463355718364984,questions_in
2025-10-29T12:44:14.820676,PUBLISH,cfef1059651d41f297e2d00cf34c8442,68f2d95bd190740cfd6a35c3,ENQUEUED,0.2698496896902878,questions_in
2025-10-29T12:44:14.946207,PUBLISH,6aef97e8275c41eaabbeb45a5add47be,68f2d95bd190740cfd6a3471,ENQUEUED,0.12308470973499658,questions_in
2025-10-29T12:44:15.092767,PUBLISH,9cd1eea9ee8b489981a78619d215977f,68f2d95bd190740cfd6a1eb2,ENQUEUED,0.144894307625823,questions_in
2025-10-29T12:44:15.446932,PUBLISH,6736b4db49114a7a8450983a01a40d95,68f2d95bd190740cfd6a3be2,ENQUEUED,0.34821086815396624,questions_in
2025-10-29T12:44:15.886947,PUBLISH,60131c06c420417fb224a0de5936b692,68f2d95bd190740cfd6a3e8f,ENQUEUED,0.4333443830966969,questions_in
2025-10-29T12:44:16.199544,PUBLISH,697530b86dbc4a7188db83ccdf9a5332,68f2d95bd190740cfd6a2666,ENQUEUED,0.3047854727035245,questions_in
2025-10-29T12:44:16.684194,PUBLISH,3b8599229d9a496498126f00c0bf68cc,68f2d95bd190740cfd6a3a44,ENQUEUED,0.48160413694769655,questions_in
2025-10-29T12:44:17.160413,PUBLISH,3e4b2a0656c2427e84a50935e5772f09,68f2d95bd190740cfd6a29d0,ENQUEUED,0.46893355622753774,questions_in
2025-10-29T12:44:17.370541,PUBLISH,6a58ea79768f4a2580e78fb5ce4b6081,68f2d95bd190740cfd6a3481,ENQUEUED,0.2040485453506925,questions_in
2025-10-29T12:44:17.710171,PUBLISH,455b4f75b1574370bacb68a6db3929eb,68f2d95bd190740cfd6a3e93,ENQUEUED,0.3375542576013041,questions_in
2025-10-29T12:44:17.931897,PUBLISH,1e6e6db4ba2047e5b229101b77c69b04,68f2d95bd190740cfd6a356d,ENQUEUED,0.21476222819756383,questions_in
2025-10-29T12:44:18.257835,PUBLISH,a9198b51af62465e9935d8767e5484d8,68f2d95bd190740cfd6a24ab,ENQUEUED,0.31875355423461454,questions_in
2025-10-29T12:44:18.734184,PUBLISH,182eb56eb1da4e4989c2fa0a400aa2e8,68f2d95bd190740cfd6a3a27,ENQUEUED,0.4691258194064166,questions_in
2025-10-29T12:44:18.852944,PUBLISH,f3a7c4143e93489394d532d90636bb38,68f2d95bd190740cfd6a1d9b,ENQUEUED,0.11530459691547362,questions_in
2025-10-29T12:44:18.975940,PUBLISH,ef3f3486562e4824bc8d9d70af525d0c,68f2d95bd190740cfd6a216f,ENQUEUED,0.11997271601783949,questions_in
2025-10-29T12:44:19.204873,PUBLISH,b543861c6efa410fa2f6433495371597,68f2d95bd190740cfd6a3b17,ENQUEUED,0.22371246420140803,questions_in
2025-10-29T12:44:19.488994,PUBLISH,4c89628f49ee44b2a2f9922be5bbe468,68f2d95bd190740cfd6a3ac0,ENQUEUED,0.2777687164547762,questions_in
2025-10-29T12:44:19.813141,PUBLISH,163f401729ee4224aadf532f0fe1d775,68f2d95bd190740cfd6a40c9,ENQUEUED,0.3175653030040736,questions_in
2025-10-29T12:44:20.178548,PUBLISH,b409e2ff3bc64e7882b8b402bc8fddd6,68f2d95bd190740cfd6a3cab,ENQUEUED,0.35980075271044465,questions_in
2025-10-29T12:44:20.533829,PUBLISH,0121411eca654fb3aa1cafb16e7c90e4,68f2d95bd190740cfd6a2dd6,ENQUEUED,0.35228572258118385,questions_in
2025-10-29T12:44:20.945606,PUBLISH,3369c35a769b446fa86ec0bffe584274,68f2d95bd190740cfd6a3545,ENQUEUED,0.4092965336878408,questions_in
2025-10-29T12:44:21.164754,PUBLISH,291828c7b6d242ffbc02d027067176cb,68f2d95bd190740cfd6a3da1,ENQUEUED,0.21567174786531576,questions_in
2025-10-29T12:44:21.642960,PUBLISH,4662058740ed4b409eb4e763aadde502,68f2d95bd190740cfd6a247f,ENQUEUED,0.47190457659942886,questions_in
2025-10-29T12:44:22.028190,PUBLISH,dbb2eddc141549579fb1fb402b490abb,68f2d95bd190740cfd6a3d35,ENQUEUED,0.37778263316853555,questions_in
2025-10-29T12:44:22.510581,PUBLISH,b0cf7e875c8846d3b044188d20d8f6d5,68f2d95bd190740cfd6a35d1,ENQUEUED,0.47597783658738424,questions_in
2025-10-29T12:44:22.777846,PUBLISH,4321c234be2f45cd84bfcb9aedf17297,68f2d95bd190740cfd6a306e,ENQUEUED,0.2613280654952018,questions_in
2025-10-29T12:44:23.067065,PUBLISH,6e14b649eba94154bd5781f2855a7479,68f2d95bd190740cfd6a4085,ENQUEUED,0.28203070184765383,questions_in
2025-10-29T12:44:23.420855,PUBLISH,29a8a7ac0c2f4c9cbb1fb24c1c2664e3,68f2d95bd190740cfd6a1edf,ENQUEUED,0.3470290983894218,questions_in
2025-10-29T12:44:23.759311,PUBLISH,6711f408a9f44b1d99ad21e40896534b,68f2d95bd190740cfd6a222c,ENQUEUED,0.3320088186319037,questions_in
2025-10-29T12:44:23.997727,PUBLISH,2b4a6e59d2854c93baa04ae624c6f5f6,68f2d95bd190740cfd6a1f17,ENQUEUED,0.23140970049872803,questions_in
2025-10-29T12:44:24.229690,PUBLISH,2095253f019f4d35a34190ef558b5119,68f2d95bd190740cfd6a1c85,ENQUEUED,0.22508166182272832,questions_in
2025-10-29T12:44:24.377819,PUBLISH,acc2ab5805e94b11bc44a2245973f6ad,68f2d95bd190740cfd6a2309,ENQUEUED,0.14168237919957544,questions_in
2025-10-29T12:44:24.761189,PUBLISH,ab44f4a5a7c341948ae99952c0364e5d,68f2d95bd190740cfd6a3a98,ENQUEUED,0.37685533398918725,questions_in
2025-10-29T12:44:24.900651,PUBLISH,32eb5db3a8c84aba8858952497a9db30,68f2d95bd190740cfd6a3c72,ENQUEUED,0.1326596970496886,questions_in
2025-10-29T12:44:25.247664,PUBLISH,2e9d6deeaf104be48ede112ba8062991,68f2d95bd190740cfd6a1cd6,ENQUEUED,0.3405877068240009,questions_in
2025-10-29T12:44:25.354652,PUBLISH,1ee51640d6f144cda18fd09184327571,68f2d95bd190740cfd6a2046,ENQUEUED,0.10048235159594393,questions_in
2025-10-29T12:44:25.502376,PUBLISH,61b3ee93f1a041a8a26102efbf631911,68f2d95bd190740cfd6a253a,ENQUEUED,0.14284349405479016,questions_in
2025-10-29T12:44:25.631567,PUBLISH,b076d2577df346a8b915a439eb05d5b3,68f2d95bd190740cfd6a2ff1,ENQUEUED,0.12264187860367431,questions_in
2025-10-29T12:44:25.826908,PUBLISH,86e671be3e9c4433856e4d81efca1cb5,68f2d95bd190740cfd6a3312,ENQUEUED,0.18877445007792482,questions_in
2025-10-29T12:44:25.967680,PUBLISH,449f485d94d2415a8bbd468821aee444,68f2d95bd190740cfd6a407e,ENQUEUED,0.13402038963969698,questions_in
2025-10-29T12:44:26.419815,PUBLISH,9570aca9a73c4b8c965d9a0423e05501,68f2d95bd190740cfd6a2a53,ENQUEUED,0.44571090978026495,questions_in
2025-10-29T12:44:26.705349,PUBLISH,374193e274d94df58e7e1174e8109df0,68f2d95bd190740cfd6a3ad2,ENQUEUED,0.27772824310082794,questions_in
2025-10-29T12:44:26.948217,PUBLISH,7d581ee1814f45f5a48a2b0d7c0631fe,68f2d95bd190740cfd6a33aa,ENQUEUED,0.24045505948275805,questions_in
2025-10-29T12:44:27.443460,PUBLISH,bc4b32b41dc64fe096e3745efaab90f4,68f2d95bd190740cfd6a3fe7,ENQUEUED,0.49029441743615576,questions_in
2025-10-29T12:44:27.573354,PUBLISH,0e44d0ab0130467e8d4ea2712adabd9d,68f2d95bd190740cfd6a3903,ENQUEUED,0.12274174458029403,questions_in
2025-10-29T12:44:27.708887,PUBLISH,0f33773b1aec4b35aecf708792c6043d,68f2d95bd190740cfd6a2412,ENQUEUED,0.12889582955606285,questions_in
2025-10-29T12:44:28.203889,PUBLISH,c160ed30e68e483eaadad34bc14ed4b0,68f2d95bd190740cfd6a317a,ENQUEUED,0.4885632020305364,questions_in
2025-10-29T12:44:28.650257,PUBLISH,0c1a93e49da7403d88f549c2796af60d,68f2d95bd190740cfd6a239b,ENQUEUED,0.4385394529647645,questions_in
2025-10-29T12:44:28.911308,PUBLISH,2564f3366b364c67b2c7298b4a178c82,68f2d95bd190740cfd6a4166,ENQUEUED,0.2519893741958892,questions_in
2025-10-29T12:44:29.125171,PUBLISH,c91ed77d12234aa792aa1f2c55a1f8dc,68f2d95bd190740cfd6a2e74,ENQUEUED,0.20673566899884036,questions_in
2025-10-29T12:44:29.352625,PUBLISH,cb367a00c7e242e8ae1da99d116d9210,68f2d95bd190740cfd6a1d62,ENQUEUED,0.22115308226547656,questions_in
2025-10-29T12:44:29.658658,PUBLISH,341e5d0669834cec97fcb6e1f4c8d717,68f2d95bd190740cfd6a3af8,ENQUEUED,0.3021133925486926,questions_in
2025-10-29T12:44:30.056436,PUBLISH,a549d3a3065d4ef195e0d56e642a72a1,68f2d95bd190740cfd6a3954,ENQUEUED,0.3960370725592406,questions_in
2025-10-29T12:44:30.520053,PUBLISH,d7507f97902c4249ba26064ae8c65e46,68f2d95bd190740cfd6a3c0a,ENQUEUED,0.45591593165357147,questions_in
2025-10-29T12:44:30.706259,PUBLISH,d7cd7d7ffbda475f826b60cd0c38876f,68f2d95bd190740cfd6a4188,ENQUEUED,0.18006353196776426,questions_in
2025-10-29T12:44:31.074099,PUBLISH,98acf156217c4564a91684d9c717c347,68f2d95bd190740cfd6a28ee,ENQUEUED,0.3640749826136226,questions_in
2025-10-29T12:44:31.339917,PUBLISH,8965c22238ef4385a826748f649f4509,68f2d95bd190740cfd6a2de1,ENQUEUED,0.25856028573295364,questions_in
2025-10-29T12:44:31.712141,PUBLISH,a524e16424ae474eabb8e1666a49f855,68f2d95bd190740cfd6a417a,ENQUEUED,0.3650531461239769,questions_in
2025-10-29T12:44:32.205834,PUBLISH,d62903578e1842c5919539e8d6af1d30,68f2d95bd190740cfd6a3f49,ENQUEUED,0.48646376332779595,questions_in
2025-10-29T12:44:32.703121,PUBLISH,839983c7ab8140cea65f8294784b4427,68f2d95bd190740cfd6a3190,ENQUEUED,0.49454378044621927,questions_in
2025-10-29T12:44:32.850616,PUBLISH,2186d57e5f3b46b3865484c3e7aa646e,68f2d95bd190740cfd6a3ff0,ENQUEUED,0.1405095613922693,questions_in
2025-10-29T12:44:33.050248,PUBLISH,2da3863617674e32850655e78d7f1092,68f2d95bd190740cfd6a2f31,ENQUEUED,0.1920551136856684,questions_in
2025-10-29T12:44:33.302376,PUBLISH,73ff051e30874d1389c54442b7a33427,68f2d95bd190740cfd6a3797,ENQUEUED,0.24455074705280735,questions_in
2025-10-29T12:44:33.616043,PUBLISH,8ccbfbd317a44852b02ea18781156c84,68f2d95bd190740cfd6a398c,ENQUEUED,0.3064824324479614,questions_in
2025-10-29T12:44:33.762352,PUBLISH,4fed20ad07a347f8b1b8c2a85b573e3a,68f2d95bd190740cfd6a23f6,ENQUEUED,0.14003449305405244,questions_in
2025-10-29T12:44:33.940778,PUBLISH,cb5084b6e9a34b4aaa51c4f5e760b10c,68f2d95bd190740cfd6a289f,ENQUEUED,0.17124890936761408,questions_in
2025-10-29T12:44:34.409068,PUBLISH,d4e6c9407b104d7aaefca7b7175f2a98,68f2d95bd190740cfd6a1b25,ENQUEUED,0.46064252221872815,questions_in
2025-10-29T12:44:34.896135,PUBLISH,a1cda4e2585a4aefa39a09a909f4cd6d,68f2d95bd190740cfd6a3d67,ENQUEUED,0.47958895020169046,questions_in
2025-10-29T12:44:35.294757,PUBLISH,757ae8903ae747709529833eca44d1d0,68f2d95bd190740cfd6a2658,ENQUEUED,0.3924912226475531,questions_in
2025-10-29T12:44:35.621592,PUBLISH,e7bfd88c3b3d4a69bba40ca2b00ee284,68f2d95bd190740cfd6a3aac,ENQUEUED,0.3205435238691648,questions_in
2025-10-29T12:44:35.747692,PUBLISH,ce72e4f5add84b5a9b4f724ba817faff,68f2d95bd190740cfd6a3e43,ENQUEUED,0.12253900996603524,questions_in
2025-10-29T12:44:36.064062,PUBLISH,e7859d78324e429087458c9da21aae21,68f2d95bd190740cfd6a1cce,ENQUEUED,0.3128086665421198,questions_in
2025-10-29T12:44:36.466063,PUBLISH,32a69d643a944423a87d1ca279bdd7c0,68f2d95bd190740cfd6a3269,ENQUEUED,0.3953000024266803,questions_in
2025-10-29T12:44:36.847778,PUBLISH,d5db9a8600244fb29df34a756667c9f9,68f2d95bd190740cfd6a1f45,ENQUEUED,0.37382956814313617,questions_in
2025-10-29T12:44:36.994491,PUBLISH,c9a2113cfa6f44a88c6a5d132f542582,68f2d95bd190740cfd6a271b,ENQUEUED,0.13955738421367725,questions_in
2025-10-29T12:44:37.135330,PUBLISH,7abd9fbf728745239d9917dd98af0c5e,68f2d95bd190740cfd6a2f9f,ENQUEUED,0.1341600818027928,questions_in
2025-10-29T12:44:37.622755,PUBLISH,351df54bc45d452ca33cd3b55ae74029,68f2d95bd190740cfd6a23c2,ENQUEUED,0.4804996344488738,questions_in
2025-10-29T12:44:37.976630,PUBLISH,14803b45f6f64999955efd1a923b526c,68f2d95bd190740cfd6a4119,ENQUEUED,0.34577108785374155,questions_in
2025-10-29T12:44:38.404066,PUBLISH,282d94b9d11e4a149bc4b78ef856b3b2,68f2d95bd190740cfd6a2c57,ENQUEUED,0.420837078237729,questions_in
2025-10-29T12:44:38.662626,PUBLISH,8464796da30f46649a4177f43dd33db0,68f2d95bd190740cfd6a3f44,ENQUEUED,0.2501661206055082,questions_in
2025-10-29T12:44:38.947059,PUBLISH,16dae912c1f749be9e07affbc998d7a5,68f2d95bd190740cfd6a3a92,ENQUEUED,0.2774674329938682,questions_in
2025-10-29T12:44:39.180325,PUBLISH,d38e1f086a884474b87e33bd6e94ce84,68f2d95bd190740cfd6a3e91,ENQUEUED,0.23055326558285627,questions_in
2025-10-29T12:44:39.487438,PUBLISH,3629ac8a23b64c4cb151ee747b91ebb4,68f2d95bd190740cfd6a35cb,ENQUEUED,0.30060210391679343,questions_in
2025-10-29T12:44:39.891033,PUBLISH,f801e90d249848c8870f2df5acc47051,68f2d95bd190740cfd6a2b30,ENQUEUED,0.3974228509395251,questions_in
2025-10-29T12:44:40.147837,PUBLISH,262aa3a997424d1cafeb3dc1be268343,68f2d95bd190740cfd6a3409,ENQUEUED,0.2524645748409907,questions_in
2025-10-29T12:44:40.317929,PUBLISH,626a2ff6adfd49338ad0b9b60dd522c7,68f2d95bd190740cfd6a3230,ENQUEUED,0.16336512256724672,questions_in
2025-10-29T12:44:40.716763,PUBLISH,4bf9224b0b08464c973bab618cc40fc3,68f2d95bd190740cfd6a2c7f,ENQUEUED,0.39043023440196956,questions_in
2025-10-29T12:44:40.868673,PUBLISH,4811029ef7cd4c89ade154a828a145b1,68f2d95bd190740cfd6a2d7f,ENQUEUED,0.14587805401056647,questions_in
2025-10-29T12:44:41.177789,PUBLISH,eef5cd227cef4c62bec5fb2307ab3c02,68f2d95bd190740cfd6a25b2,ENQUEUED,0.30225999232540446,questions_in
2025-10-29T12:44:41.525338,PUBLISH,0fe979a82e164aa9b053888512c6b475,68f2d95bd190740cfd6a1e10,ENQUEUED,0.3410697343774397,questions_in
2025-10-29T12:44:41.907894,PUBLISH,edf26b6f6fe046aa8ac0d2ed1c328cdd,68f2d95bd190740cfd6a2212,ENQUEUED,0.38032340099740836,questions_in
2025-10-29T12:44:42.195893,PUBLISH,b53db0df85c149d499bf803ee5e47c04,68f2d95bd190740cfd6a1c38,ENQUEUED,0.27752071347969987,questions_in
2025-10-29T12:44:42.306463,PUBLISH,09a4f83a40cf4786be3e530c4dea119f,68f2d95bd190740cfd6a415c,ENQUEUED,0.1041029287193577,questions_in
2025-10-29T12:44:42.500029,PUBLISH,237f0e00fd7849eaa7a9ada9fedda0c4,68f2d95bd190740cfd6a29bb,ENQUEUED,0.18474033473288137,questions_in
2025-10-29T12:44:42.733027,PUBLISH,dfd1073d21774abe9201e7eae3c5259b,68f2d95bd190740cfd6a23fc,ENQUEUED,0.2281492860435131,questions_in
2025-10-29T12:44:43.222592,PUBLISH,fa78f6ad544049c4b2eba471f1c009b0,68f2d95bd190740cfd6a4149,ENQUEUED,0.4832856062782648,questions_in
2025-10-29T12:44:43.428019,PUBLISH,7bcd12df493748e09ff40a1b8cbd02d4,68f2d95bd190740cfd6a371a,ENQUEUED,0.1987079008201751,questions_in
2025-10-29T12:44:43.573855,PUBLISH,a445ec8eca774662aec375951ad00b63,68f2d95bd190740cfd6a3f71,ENQUEUED,0.139702087033877,questions_in
2025-10-29T12:44:44.048831,PUBLISH,90d111cb0a3e4519b8b7bf8e2d561685,68f2d95bd190740cfd6a26de,ENQUEUED,0.46606914118155995,questions_in
2025-10-29T12:44:44.530413,PUBLISH,07a0930af6a64c6a8e9829c7807a031f,68f2d95bd190740cfd6a2345,ENQUEUED,0.4789756857105626,questions_in
2025-10-29T12:44:44.953076,PUBLISH,7f0cfde351d34bbea0e2c9a74afe7a35,68f2d95bd190740cfd6a1fc7,ENQUEUED,0.4164979977365828,questions_in
2025-10-29T12:44:45.134493,PUBLISH,eba689175b1842b3a5541fc4b32331bf,68f2d95bd190740cfd6a32d2,ENQUEUED,0.17523335070827253,questions_in
2025-10-29T12:44:45.369459,PUBLISH,3b03b9a9171c422ead88a32018598dfb,68f2d95bd190740cfd6a2f65,ENQUEUED,0.23323100778598863,questions_in
2025-10-29T12:44:45.874406,PUBLISH,eb1b085586a644ba92a2e53eff7f0b38,68f2d95bd190740cfd6a2314,ENQUEUED,0.4969788644018964,questions_in
2025-10-29T12:44:46.004608,PUBLISH,616bca7fee0b4a6c804a2a65d9f8bc2c,68f2d95bd190740cfd6a2031,ENQUEUED,0.12365938525969487,questions_in
2025-10-29T12:44:46.358174,PUBLISH,e8e8b064369644dfb0389a216b89aaa6,68f2d95bd190740cfd6a2ad6,ENQUEUED,0.34668105490881046,questions_in
2025-10-29T12:44:46.851352,PUBLISH,2689398d539e4251b9fea6ba4e8de8df,68f2d95bd190740cfd6a2f1b,ENQUEUED,0.49075911461017174,questions_in
2025-10-29T12:44:47.027607,PUBLISH,22d94d17eb874dff9db4f8fafe991974,68f2d95bd190740cfd6a2582,ENQUEUED,0.16975617284391703,questions_in
2025-10-29T12:44:47.234135,PUBLISH,3b17c500aaa644bebaee9f8b63dfee4c,68f2d95bd190740cfd6a21b1,ENQUEUED,0.20043283877226595,questions_in
2025-10-29T12:44:47.566189,PUBLISH,bf975e68a9ee4935840c7fd73232dacf,68f2d95bd190740cfd6a1e89,ENQUEUED,0.3238845955618568,questions_in
2025-10-29T12:44:47.989794,PUBLISH,e7ff33e5973f4cab9755af7ececd484a,68f2d95bd190740cfd6a3be4,ENQUEUED,0.4174871180079466,questions_in
2025-10-29T12:44:48.483754,PUBLISH,1a53f93b0dcf4117b52b6b0d8bff3549,68f2d95bd190740cfd6a248e,ENQUEUED,0.49113908520526506,questions_in
2025-10-29T12:44:48.759828,PUBLISH,c0a7be093818495cbe68a5fee0c27a6a,68f2d95bd190740cfd6a3324,ENQUEUED,0.27256330479087987,questions_in
2025-10-29T12:44:48.960305,PUBLISH,299bc6ca895b4a709508183c4c6ae67f,68f2d95bd190740cfd6a3a8a,ENQUEUED,0.19344692911470762,questions_in
2025-10-29T12:44:49.318674,PUBLISH,afb80e558640403f95658849c2a80897,68f2d95bd190740cfd6a3d89,ENQUEUED,0.3559953984749976,questions_in
2025-10-29T12:44:49.556648,PUBLISH,37c7d13822f848249d75f5756ad13d20,68f2d95bd190740cfd6a1e52,ENQUEUED,0.23527077510345495,questions_in
2025-10-29T12:44:49.982362,PUBLISH,71f0ec4a98c6471caf3c5b5f6d889511,68f2d95bd190740cfd6a3367,ENQUEUED,0.4227029825832779,questions_in
2025-10-29T12:44:50.475333,PUBLISH,546ce8f8c633412eb8ee98344bb8e17f,68f2d95bd190740cfd6a29b2,ENQUEUED,0.4862047631131794,questions_in
2025-10-29T12:44:50.591173,PUBLISH,5b9eb37a343e44d4b5cc4101a39a61ff,68f2d95bd190740cfd6a32f8,ENQUEUED,0.10922375444581647,questions_in
2025-10-29T12:44:50.881612,PUBLISH,4565c11e0f3d497084e9c5abcb7f0c92,68f2d95bd190740cfd6a2c43,ENQUEUED,0.28294492095346946,questions_in
2025-10-29T12:44:51.270926,PUBLISH,f06af7e22db8407b91795b8430bdb5be,68f2d95bd190740cfd6a1dfa,ENQUEUED,0.38235921717710186,questions_in
2025-10-29T12:44:51.753782,PUBLISH,8579b5f889c54c5c8b52258aa77227b5,68f2d95bd190740cfd6a2a41,ENQUEUED,0.47633516830848877,questions_in
2025-10-29T12:44:52.042384,PUBLISH,73de63cbaa144b03ba7bce5903bce740,68f2d95bd190740cfd6a3fa4,ENQUEUED,0.2820013053228314,questions_in
2025-10-29T12:44:52.164289,PUBLISH,17a286d67c554ffc9bdbca377b29a500,68f2d95bd190740cfd6a4022,ENQUEUED,0.11413076902199806,questions_in
2025-10-29T12:44:52.504862,PUBLISH,dd705d9045f443d5ae58a68476a20a97,68f2d95bd190740cfd6a34d0,ENQUEUED,0.33871747159913856,questions_in
2025-10-29T12:44:52.877545,PUBLISH,f74111a4c1234101975274bbd84d296a,68f2d95bd190740cfd6a2a32,ENQUEUED,0.3657595530146305,questions_in
2025-10-29T12:44:53.308190,PUBLISH,b936a8b62ed442a89994ed62f8b19ea5,68f2d95bd190740cfd6a38ce,ENQUEUED,0.42310345404898075,questions_in
2025-10-29T12:44:53.675056,PUBLISH,e7e4a3f5f8dc4259b4ea51269a5c435a,68f2d95bd190740cfd6a3c8a,ENQUEUED,0.36385897985697213,questions_in
2025-10-29T12:44:53.903579,PUBLISH,e02694a20e034e2bbb103fc61d83bf9f,68f2d95bd190740cfd6a39b5,ENQUEUED,0.2219951374639778,questions_in
2025-10-29T12:44:54.113412,PUBLISH,0b9576ab172041baa5626b23b6c14908,68f2d95bd190740cfd6a2d04,ENQUEUED,0.20729851653929465,questions_in
2025-10-29T12:44:54.600692,PUBLISH,8331f0562a814802bdc51fc579f4d5d1,68f2d95bd190740cfd6a2b6c,ENQUEUED,0.4837411742790396,questions_in
2025-10-29T12:44:54.789576,PUBLISH,7a103a3d64c7481caf1cb0d07c4872bb,68f2d95bd190740cfd6a4136,ENQUEUED,0.18153473773189935,questions_in
2025-10-29T12:44:54.932640,PUBLISH,924cb986fd1c4efb8ac394400872b35e,68f2d95bd190740cfd6a2320,ENQUEUED,0.13996479820579022,questions_in
2025-10-29T12:44:55.038765,PUBLISH,033e581888be41ba8fd333d9312bdc49,68f2d95bd190740cfd6a35a1,ENQUEUED,0.10372590304565202,questions_in
2025-10-29T12:44:55.230904,PUBLISH,69f440f1f24f4688aee466b8e9ba135a,68f2d95bd190740cfd6a2116,ENQUEUED,0.18463533710770516,questions_in
2025-10-29T12:44:55.728261,PUBLISH,cc330e99bd454a8dab0599e95a53ef80,68f2d95bd190740cfd6a1dbc,ENQUEUED,0.4944418924029914,questions_in
2025-10-29T12:44:55.846396,PUBLISH,c058360e682f42b4968ba58a4c8efa07,68f2d95bd190740cfd6a3bb0,ENQUEUED,0.11021391235813707,questions_in
2025-10-29T12:44:56.169505,PUBLISH,66768f0fc10743d6b94a4e0663f45a22,68f2d95bd190740cfd6a1e90,ENQUEUED,0.3205623283676303,questions_in
2025-10-29T12:44:56.653444,PUBLISH,1183d1498c544ab28ffd9c33cfb68cd0,68f2d95bd190740cfd6a3f60,ENQUEUED,0.4771520389038627,questions_in
2025-10-29T12:44:56.943085,PUBLISH,00038ea7f3084fe8a279e1ca47b95cbf,68f2d95bd190740cfd6a23a6,ENQUEUED,0.2830614331556163,questions_in
2025-10-29T12:44:57.054256,PUBLISH,bf2ea0f5ae3b4f4aa01a071d283ef411,68f2d95bd190740cfd6a3b7e,ENQUEUED,0.10843977376090269,questions_in
2025-10-29T12:44:57.248426,PUBLISH,09d2807eff014652ad8d874c2c22754a,68f2d95bd190740cfd6a36e2,ENQUEUED,0.18830905476975934,questions_in
2025-10-29T12:44:57.463183,PUBLISH,bfc5040fede842de87a97e8eaf85be9d,68f2d95bd190740cfd6a26d4,ENQUEUED,0.207838209643288,questions_in
2025-10-29T12:44:57.837892,PUBLISH,3e4dff712c7b4208bdfb19b937b129c3,68f2d95bd190740cfd6a2e5b,ENQUEUED,0.3693066859665365,questions_in
2025-10-29T12:44:58.323408,PUBLISH,8f6f7dfa754e499bba22f7da601cbd22,68f2d95bd190740cfd6a2399,ENQUEUED,0.4787267969734307,questions_in
2025-10-29T12:44:58.524221,PUBLISH,8179df2461f9460c9ad93118f017eefe,68f2d95bd190740cfd6a29d4,ENQUEUED,0.19474168340647746,questions_in
2025-10-29T12:44:58.921177,PUBLISH,b368cb5450974ed788ef1b9b3ef98cd0,68f2d95bd190740cfd6a2027,ENQUEUED,0.39076607622043114,questions_in
2025-10-29T12:44:59.306830,PUBLISH,1bf07968085c4ab9827055191ef550d9,68f2d95bd190740cfd6a2e66,ENQUEUED,0.37962920053769234,questions_in
2025-10-29T12:44:59.423183,PUBLISH,c68d8c36382f4270af1c826d2626b86a,68f2d95bd190740cfd6a3678,ENQUEUED,0.11074178045634736,questions_in
2025-10-29T12:44:59.855989,PUBLISH,65186ce515d64acb82046fec5ddd4001,68f2d95bd190740cfd6a2236,ENQUEUED,0.4260507735699508,questions_in
2025-10-29T12:45:00.294842,PUBLISH,0d1b4892df0c4c9daf7e5a55f70829ae,68f2d95bd190740cfd6a1c48,ENQUEUED,0.43181478142666296,questions_in
2025-10-29T12:45:00.490232,PUBLISH,daf84eef18a34a5ea7869f033c79e10c,68f2d95bd190740cfd6a2efa,ENQUEUED,0.18902991305233938,questions_in
2025-10-29T12:45:00.916846,PUBLISH,64c186a61a814b9c82b98518f97f1789,68f2d95bd190740cfd6a3f6c,ENQUEUED,0.4196620721964771,questions_in
2025-10-29T12:45:01.075986,PUBLISH,85275e266f5f4dffb7f5bc142491687d,68f2d95bd190740cfd6a2834,ENQUEUED,0.1547317602312735,questions_in
2025-10-29T12:45:01.228817,PUBLISH,ea8c6b759581442191ca59cd62e4e1b1,68f2d95bd190740cfd6a3c02,ENQUEUED,0.1504377805026004,questions_in
2025-10-29T12:45:01.379272,PUBLISH,51385205b7154719951799b782964f07,68f2d95bd190740cfd6a1fb4,ENQUEUED,0.1474864266561373,questions_in
2025-10-29T12:45:01.814886,PUBLISH,7d9750813e1f41e092ee625b5944b28a,68f2d95bd190740cfd6a39e2,ENQUEUED,0.42958036107649356,questions_in
2025-10-29T12:45:02.153283,PUBLISH,d513fab7a78445af95c65110a26d78cc,68f2d95bd190740cfd6a23b3,ENQUEUED,0.3301240582293282,questions_in
2025-10-29T12:45:02.605009,PUBLISH,76007c4bad83402a809c168aaeccdf09,68f2d95bd190740cfd6a3f13,ENQUEUED,0.44867101057899783,questions_in
2025-10-29T12:45:02.734175,PUBLISH,527ed89360984cfcb8e54332648518d6,68f2d95bd190740cfd6a2a1c,ENQUEUED,0.12220400317379428,questions_in
2025-10-29T12:45:03.180538,PUBLISH,048b14a575c041ebb8f0c254a6fb19cf,68f2d95bd190740cfd6a3899,ENQUEUED,0.44198125264787647,questions_in
2025-10-29T12:45:03.399642,PUBLISH,311f606d8eac4d23b7c2269a20c44ea3,68f2d95bd190740cfd6a1bb9,ENQUEUED,0.2128642324573944,questions_in
2025-10-29T12:45:03.629563,PUBLISH,210f70e3f9ad4489bdc25e2f72a8f8f5,68f2d95bd190740cfd6a2c57,ENQUEUED,0.22338662677617066,questions_in
2025-10-29T12:45:03.926874,PUBLISH,5a4a2c1abf464e4aafbfb5caec03c5ce,68f2d95bd190740cfd6a4159,ENQUEUED,0.2936631711420726,questions_in
2025-10-29T12:45:04.254034,PUBLISH,80ab0660fb1d4e32a522f3834dc53e8b,68f2d95bd190740cfd6a3945,ENQUEUED,0.32030641265786886,questions_in
2025-10-29T12:45:04.493751,PUBLISH,bb6a6535641141659aa82ec717dd6b33,68f2d95bd190740cfd6a2c13,ENQUEUED,0.23729968524004041,questions_in
2025-10-29T12:45:04.710931,PUBLISH,5be2cb67867b49908adc78cdceaef887,68f2d95bd190740cfd6a2677,ENQUEUED,0.213923495236037,questions_in
2025-10-29T12:45:04.849545,PUBLISH,108a48e61925450084b483248edc485c,68f2d95bd190740cfd6a2bdb,ENQUEUED,0.13212381263982392,questions_in
2025-10-29T12:45:05.337666,PUBLISH,ed81210476dd4eef92feac7d4a5f1cc8,68f2d95bd190740cfd6a2bed,ENQUEUED,0.4809374937002422,questions_in
2025-10-29T12:45:05.516153,PUBLISH,222d31e972d44f6f92d4d6cba96f9674,68f2d95bd190740cfd6a3a5e,ENQUEUED,0.17122448362950587,questions_in
2025-10-29T12:45:05.721060,PUBLISH,cd1b35d4c3734960967660afc0a2b69c,68f2d95bd190740cfd6a2675,ENQUEUED,0.20232679730392755,questions_in
2025-10-29T12:45:06.191364,PUBLISH,f37a986c993f45c3b9f3b786e81ec1d0,68f2d95bd190740cfd6a3077,ENQUEUED,0.4623602502520714,questions_in
2025-10-29T12:45:06.403546,PUBLISH,a852b00bffa04a09a1b22603c9d99d26,68f2d95bd190740cfd6a1f34,ENQUEUED,0.2061678789607879,questions_in
2025-10-29T12:45:06.639410,PUBLISH,e9b252b33c7e4363b91ddcfc23e22e23,68f2d95bd190740cfd6a21c5,ENQUEUED,0.22661448023853287,questions_in
2025-10-29T12:45:06.949339,PUBLISH,eea7401a8a4643a1ae7c1221eb0a88f0,68f2d95bd190740cfd6a328f,ENQUEUED,0.3076803026003745,questions_in
2025-10-29T12:45:07.152025,PUBLISH,5f78484da2784bf58986914b4b6016f7,68f2d95bd190740cfd6a2171,ENQUEUED,0.19592774690778356,questions_in
2025-10-29T12:45:07.431030,PUBLISH,5702969a3ee046c7b2397de10f1b5373,68f2d95bd190740cfd6a257f,ENQUEUED,0.2727706018829579,questions_in
2025-10-29T12:45:07.648692,PUBLISH,f847560b33ba482b8559c07a46a618a8,68f2d95bd190740cfd6a2d48,ENQUEUED,0.21185721943629102,questions_in
2025-10-29T12:45:07.797516,PUBLISH,4d09826f7cbb45a6856c095e01e5cd5d,68f2d95bd190740cfd6a3ae8,ENQUEUED,0.14187985217893617,questions_in
2025-10-29T12:45:08.099897,PUBLISH,e164f1639e164581a8f60f9c03bdd63b,68f2d95bd190740cfd6a2c02,ENQUEUED,0.2959612185824668,questions_in
2025-10-29T12:45:08.535878,PUBLISH,ee10809e9dc249b8bbbb817f7a69f3e1,68f2d95bd190740cfd6a2782,ENQUEUED,0.42976872643557873,questions_in
2025-10-29T12:45:09.019899,PUBLISH,a9bdf0a668c749ac8055ea30b3d1fbba,68f2d95bd190740cfd6a222a,ENQUEUED,0.4815441539069937,questions_in
2025-10-29T12:45:09.489862,PUBLISH,2e59c2296a024e83acc73ce9a736d06b,68f2d95bd190740cfd6a2a3b,ENQUEUED,0.46289042016626725,questions_in
2025-10-29T12:45:09.697167,PUBLISH,529b30a4216a4a8b80164ad8f7ee694d,68f2d95bd190740cfd6a2508,ENQUEUED,0.20520164578817088,questions_in
2025-10-29T12:45:09.850921,PUBLISH,04b9e796182e4dbfa6c6bc9858c92303,68f2d95bd190740cfd6a2df7,ENQUEUED,0.14676608665074406,questions_in
2025-10-29T12:45:09.958094,PUBLISH,92440ffc784040fea1f0fd4d409fb08c,68f2d95bd190740cfd6a1dac,ENQUEUED,0.10377108763128624,questions_in
2025-10-29T12:45:10.401312,PUBLISH,6d9bc5ece8854e9583f23d55ed22701a,68f2d95bd190740cfd6a2b00,ENQUEUED,0.4370943113864708,questions_in
2025-10-29T12:45:10.680636,PUBLISH,ad4d4708ac7849bc922086e9550a60a2,68f2d95bd190740cfd6a2246,ENQUEUED,0.27725892902634774,questions_in
2025-10-29T12:45:11.111268,PUBLISH,59668d8c2eff4318b0c5aece3412652c,68f2d95bd190740cfd6a292c,ENQUEUED,0.4267816022735471,questions_in
2025-10-29T12:45:11.236055,PUBLISH,5ac4fc8ea304415f877c69a1a16b7618,68f2d95bd190740cfd6a2a6a,ENQUEUED,0.11876650844244346,questions_in
2025-10-29T12:45:11.598357,PUBLISH,be745da2995b4fc9a479b09fb402aca5,68f2d95bd190740cfd6a24ef,ENQUEUED,0.3553533035140616,questions_in
2025-10-29T12:45:12.038281,PUBLISH,a510ab0b1afe4223b7485bc6b8ac8072,68f2d95bd190740cfd6a39bc,ENQUEUED,0.43351663183332523,questions_in
2025-10-29T12:45:12.513484,PUBLISH,44670d6075b146cba8f82edebe10a989,68f2d95bd190740cfd6a2241,ENQUEUED,0.46919450295802023,questions_in
2025-10-29T12:45:12.638457,PUBLISH,c8bd34432f4f49a7b76d5de49a3adbcd,68f2d95bd190740cfd6a39e4,ENQUEUED,0.11914088899336406,questions_in
2025-10-29T12:45:13.100587,PUBLISH,a39b5e91f2b2403d96f82d61eebc6ec6,68f2d95bd190740cfd6a1dd8,ENQUEUED,0.4600785593375333,questions_in
2025-10-29T12:45:13.439909,PUBLISH,067c6d31a8fc4a95a691c111910f7c68,68f2d95bd190740cfd6a1d1f,ENQUEUED,0.33616050774073225,questions_in
2025-10-29T12:45:13.611421,PUBLISH,97aea5fa22af45dea91615b3ddd847b6,68f2d95bd190740cfd6a3c38,ENQUEUED,0.16444362932331946,questions_in
2025-10-29T12:45:13.927648,PUBLISH,78ee416a8e5b4473baca9c7a411b9e7e,68f2d95bd190740cfd6a3693,ENQUEUED,0.31020905418525785,questions_in
2025-10-29T12:45:14.428152,PUBLISH,e7ebe931a359415eb2547d47102b3972,68f2d95bd190740cfd6a32ee,ENQUEUED,0.493815598158704,questions_in
2025-10-29T12:45:14.862142,PUBLISH,30f408c6cecf47a695effe7d683a5585,68f2d95bd190740cfd6a350c,ENQUEUED,0.4261229375227691,questions_in
2025-10-29T12:45:15.055205,PUBLISH,172345c85af745dc9d0a60ee38b416a9,68f2d95bd190740cfd6a23d8,ENQUEUED,0.1841561187644142,questions_in
2025-10-29T12:45:15.365537,PUBLISH,e0b681052083404c9a9e6294a422b76a,68f2d95bd190740cfd6a1fcd,ENQUEUED,0.3059151885810583,questions_in
2025-10-29T12:45:15.725265,PUBLISH,82b476d0f4574b0f85b4386872feee1d,68f2d95bd190740cfd6a31d6,ENQUEUED,0.3526477344568132,questions_in
2025-10-29T12:45:16.023904,PUBLISH,5816c31b71e7417097b2835732510d3e,68f2d95bd190740cfd6a4176,ENQUEUED,0.29266717923028696,questions_in
2025-10-29T12:45:16.163671,PUBLISH,d30c50f41c274b24b6c86d573bf7c242,68f2d95bd190740cfd6a3b82,ENQUEUED,0.13755565006176063,questions_in
2025-10-29T12:45:16.667209,PUBLISH,38e88404f7aa494f881ee70df1507862,68f2d95bd190740cfd6a1c1b,ENQUEUED,0.49582562138197006,questions_in
2025-10-29T12:45:16.990192,PUBLISH,847432ee5bca4acab2b052b5c3cbb419,68f2d95bd190740cfd6a2be0,ENQUEUED,0.3165734214763421,questions_in
2025-10-29T12:45:17.190803,PUBLISH,2a4fb3527500483bb70862d17aa6c030,68f2d95bd190740cfd6a233a,ENQUEUED,0.19847367501989632,questions_in
2025-10-29T12:45:17.570455,PUBLISH,595c28774098482b89fecf3cf76b4c91,68f2d95bd190740cfd6a37f8,ENQUEUED,0.37368693682894605,questions_in
2025-10-29T12:45:18.010695,PUBLISH,5d9e7370636e4543974afbe1793198d5,68f2d95bd190740cfd6a2997,ENQUEUED,0.43314056147945734,questions_in
2025-10-29T12:45:18.193278,PUBLISH,96b16d70dfec4f6c8bc092148f9bd088,68f2d95bd190740cfd6a3f97,ENQUEUED,0.18017227215866544,questions_in
2025-10-29T12:45:18.630279,PUBLISH,dc31973bd7634bc2b8bdc88cced220ed,68f2d95bd190740cfd6a337f,ENQUEUED,0.4302518505281485,questions_in
2025-10-29T12:45:18.993284,PUBLISH,208044da91734826969c20b20c936937,68f2d95bd190740cfd6a3a57,ENQUEUED,0.35616642359359896,questions_in
2025-10-29T12:45:19.486160,PUBLISH,2db47193b54041d5947ed9d46bed4f0b,68f2d95bd190740cfd6a3585,ENQUEUED,0.4859609946208623,questions_in
2025-10-29T12:45:19.846949,PUBLISH,b6b416f83cfd4c7bab2f9ac3f99e2368,68f2d95bd190740cfd6a2999,ENQUEUED,0.35490117582659686,questions_in
2025-10-29T12:45:20.345595,PUBLISH,05ae03dd809846d3893e1bcd8e1d8f08,68f2d95bd190740cfd6a29e7,ENQUEUED,0.4959915829013737,questions_in
2025-10-29T12:45:20.579052,PUBLISH,88e17542b035481abbdb144223e59791,68f2d95bd190740cfd6a2cdc,ENQUEUED,0.22735244302679813,questions_in
2025-10-29T12:45:20.878611,PUBLISH,218ad180713d4315ae10f9ca44b94d28,68f2d95bd190740cfd6a2950,ENQUEUED,0.2934088431887254,questions_in
2025-10-29T12:45:21.079349,PUBLISH,0602430db292445db14c168cde09cb19,68f2d95bd190740cfd6a3ce1,ENQUEUED,0.1948502194096038,questions_in
2025-10-29T12:45:21.368715,PUBLISH,111bae57de794789ba999d2316e81b60,68f2d95bd190740cfd6a2e4c,ENQUEUED,0.2827002474472695,questions_in
2025-10-29T12:45:21.631151,PUBLISH,43337c64d8a843638bb948e0638fbbb7,68f2d95bd190740cfd6a24de,ENQUEUED,0.2597795892944277,questions_in
2025-10-29T12:45:21.886043,PUBLISH,03e16028c2474df0b104528ec6f14ab3,68f2d95bd190740cfd6a2f07,ENQUEUED,0.24897700484970253,questions_in
2025-10-29T12:45:22.130898,PUBLISH,8c138e784e304367a7d2345193501ffc,68f2d95bd190740cfd6a285f,ENQUEUED,0.23849715360902204,questions_in
2025-10-29T12:45:22.615889,PUBLISH,87f673945ac442a382b1210f6ce6598d,68f2d95bd190740cfd6a3eb3,ENQUEUED,0.47784899815335835,questions_in
2025-10-29T12:45:22.727603,PUBLISH,151bf0c1838d468fa82897e85878fecf,68f2d95bd190740cfd6a1b8f,ENQUEUED,0.10505794867340473,questions_in
2025-10-29T12:45:23.210574,PUBLISH,9ccaf8abbffd4482a8a2f42c58367ed6,68f2d95bd190740cfd6a2ac8,ENQUEUED,0.47926265945902435,questions_in
2025-10-29T12:45:23.631955,PUBLISH,55bdd249031740058151c85cb1e1e170,68f2d95bd190740cfd6a413a,ENQUEUED,0.4193410864780439,questions_in
2025-10-29T12:45:24.100816,PUBLISH,846a33eef7794858847b1bf831ad0da0,68f2d95bd190740cfd6a3337,ENQUEUED,0.46220866713999054,questions_in
2025-10-29T12:45:24.359267,PUBLISH,8d6fcd261bc04c70a291afa06b571df8,68f2d95bd190740cfd6a322d,ENQUEUED,0.2520345373633205,questions_in
2025-10-29T12:45:24.673235,PUBLISH,dc017169811143a899c1998e237dd080,68f2d95bd190740cfd6a2df3,ENQUEUED,0.3069326527625944,questions_in
2025-10-29T12:45:24.978374,PUBLISH,ca1226aca79541618783cfd5f209487d,68f2d95bd190740cfd6a33c4,ENQUEUED,0.3025828527551378,questions_in
2025-10-29T12:45:25.276663,PUBLISH,d9db723452b541a3af26b0b8b2e39c2d,68f2d95bd190740cfd6a2018,ENQUEUED,0.29190615801954034,questions_in
2025-10-29T12:45:25.663804,PUBLISH,ab90a5e023c54db5916db39d9e8fafdd,68f2d95bd190740cfd6a37d9,ENQUEUED,0.37597407363243085,questions_in
2025-10-29T12:45:25.848023,PUBLISH,5c935440e08a4c679d31cdc3f44e2ffb,68f2d95bd190740cfd6a28b4,ENQUEUED,0.17826100083506785,questions_in
2025-10-29T12:45:26.337645,PUBLISH,a39dc88b7164471a8e87d0c6b4dbb794,68f2d95bd190740cfd6a2522,ENQUEUED,0.48300004398543805,questions_in
2025-10-29T12:45:26.591291,PUBLISH,beabbf4ceada474ab64b12000344205a,68f2d95bd190740cfd6a1bf0,ENQUEUED,0.2514399163609065,questions_in
2025-10-29T12:45:26.707083,PUBLISH,0dffd7e7ce2a4a70aa0b7c1e06e0caa8,68f2d95bd190740cfd6a2879,ENQUEUED,0.11361495446264325,questions_in
2025-10-29T12:45:27.129532,PUBLISH,983adb9f5a174079bbd22274e1e9feb0,68f2d95bd190740cfd6a3a5f,ENQUEUED,0.41940554509380434,questions_in
2025-10-29T12:45:27.460708,PUBLISH,b506a08f9a3f4633b8bdff3ef1a9c6a1,68f2d95bd190740cfd6a3720,ENQUEUED,0.3246067000599673,questions_in
2025-10-29T12:45:27.649843,PUBLISH,e46929233c0a4f89aa3b6b08b66d0750,68f2d95bd190740cfd6a37b8,ENQUEUED,0.18259584526726252,questions_in
2025-10-29T12:45:27.801853,PUBLISH,20e64b30b44245228defbd65fee64595,68f2d95bd190740cfd6a2060,ENQUEUED,0.1457383817193975,questions_in
2025-10-29T12:45:28.159536,PUBLISH,6b5cce0715ac4c6ab9605f6b7198384b,68f2d95bd190740cfd6a2684,ENQUEUED,0.35163742353383354,questions_in
2025-10-29T12:45:28.500387,PUBLISH,f5113141d82843859c3c34b9dae21756,68f2d95bd190740cfd6a41c2,ENQUEUED,0.3348901561697043,questions_in
2025-10-29T12:45:28.648226,PUBLISH,ee0b5400d06c4fbfaa816282f29060d8,68f2d95bd190740cfd6a2f58,ENQUEUED,0.1393521588390818,questions_in
2025-10-29T12:45:28.931398,PUBLISH,af112ffdfad94f08b313cb5725c3b367,68f2d95bd190740cfd6a25f8,ENQUEUED,0.2738209204679547,questions_in
2025-10-29T12:45:29.321242,PUBLISH,e5440d1e92cf4f96b2bedfac936f7890,68f2d95bd190740cfd6a2157,ENQUEUED,0.38323949275370484,questions_in
2025-10-29T12:45:29.742600,PUBLISH,6124e6535721458d91ab36b048ce35fb,68f2d95bd190740cfd6a2913,ENQUEUED,0.41895681412338737,questions_in
2025-10-29T12:45:29.948452,PUBLISH,632add9a6c084cc886efdd00c89d1226,68f2d95bd190740cfd6a4066,ENQUEUED,0.20406251187846755,questions_in
2025-10-29T12:45:30.066541,PUBLISH,ceabe5642ea7452fa828b490d1a575eb,68f2d95bd190740cfd6a414a,ENQUEUED,0.11238684483191173,questions_in
2025-10-29T12:45:30.382717,PUBLISH,306be597e9394f1d9e5d6d5a6b500714,68f2d95bd190740cfd6a2f9b,ENQUEUED,0.31007243705855403,questions_in
2025-10-29T12:45:30.591013,PUBLISH,4f55f4a231604779bdbd1b066b7f98aa,68f2d95bd190740cfd6a1e67,ENQUEUED,0.20056893423281952,questions_in
2025-10-29T12:45:31.081784,PUBLISH,2d9bd643aa474b1ba3c76c1717a385a4,68f2d95bd190740cfd6a34a7,ENQUEUED,0.48456976330189006,questions_in
2025-10-29T12:45:31.279898,PUBLISH,acd9413dc0be413c8175b3d1d98b702a,68f2d95bd190740cfd6a2cb6,ENQUEUED,0.19219627825377492,questions_in
2025-10-29T12:45:31.662487,PUBLISH,fe8ace6e7af3454c9e1a21ca217a6e4d,68f2d95bd190740cfd6a250b,ENQUEUED,0.380684287862468,questions_in
2025-10-29T12:45:32.066058,PUBLISH,80423b1909954f89bf22a851d0430f1c,68f2d95bd190740cfd6a2bb3,ENQUEUED,0.39712612470963704,questions_in
2025-10-29T12:45:32.392470,PUBLISH,1bdf5e0848d94431b1fbcb75a1c08d5a,68f2d95bd190740cfd6a3b29,ENQUEUED,0.32044527470794815,questions_in
2025-10-29T12:45:32.580064,PUBLISH,036279c33466494d981bfd4e1253299d,68f2d95bd190740cfd6a27ae,ENQUEUED,0.1855706509872749,questions_in
2025-10-29T12:45:32.752553,PUBLISH,bd7abbf83f7b4cecae3b797e405ddf0c,68f2d95bd190740cfd6a200b,ENQUEUED,0.16797041242781535,questions_in
2025-10-29T12:45:33.165896,PUBLISH,d362cfceda2e436ab965ef78b5d27218,68f2d95bd190740cfd6a24af,ENQUEUED,0.4109951223353827,questions_in
2025-10-29T12:45:33.572432,PUBLISH,ddfdeb163e9648d39ac9d2019d1f52dc,68f2d95bd190740cfd6a1f6d,ENQUEUED,0.4040851985301893,questions_in
2025-10-29T12:45:33.759245,PUBLISH,18350847d2174ab7a15d2b7a6e9b7ad9,68f2d95bd190740cfd6a3c17,ENQUEUED,0.17811457860866234,questions_in
2025-10-29T12:45:34.067927,PUBLISH,c20ee3975fb244aeb0029ba73d7a0aa6,68f2d95bd190740cfd6a34dc,ENQUEUED,0.30380644610893026,questions_in
2025-10-29T12:45:34.394395,PUBLISH,287248f7305742b79f59f90e1d2d53d0,68f2d95bd190740cfd6a1b89,ENQUEUED,0.32019476476030595,questions_in
2025-10-29T12:45:34.783064,PUBLISH,9119d055a85f421da92d168459a45b0c,68f2d95bd190740cfd6a1d83,ENQUEUED,0.38645395863515974,questions_in
2025-10-29T12:45:35.022479,PUBLISH,7e01767a284c4e92af97d352274cf1fe,68f2d95bd190740cfd6a26de,ENQUEUED,0.23278315530528887,questions_in
2025-10-29T12:45:35.412655,PUBLISH,8e53f710df824e69832e0e2814921210,68f2d95bd190740cfd6a3e03,ENQUEUED,0.38445779903779875,questions_in
2025-10-29T12:45:35.609634,PUBLISH,3343e3c23e404f41bf82fa6ba5287398,68f2d95bd190740cfd6a2543,ENQUEUED,0.19071579319161738,questions_in
2025-10-29T12:45:36.059065,PUBLISH,6f06a9412dc14dda82886c5f661c97ff,68f2d95bd190740cfd6a20f2,ENQUEUED,0.4431140456979008,questions_in
2025-10-29T12:45:36.493012,PUBLISH,28cbacdadbea4c63999d00a98758a52e,68f2d95bd190740cfd6a33ea,ENQUEUED,0.4277962379961082,questions_in
2025-10-29T12:45:36.731820,PUBLISH,68e7f390991b48379ac6f73a086feec9,68f2d95bd190740cfd6a3902,ENQUEUED,0.23237380836235322,questions_in
2025-10-29T12:45:37.179885,PUBLISH,a691fc79e3d84c07998c96f11546581a,68f2d95bd190740cfd6a1b84,ENQUEUED,0.44193736980783094,questions_in
2025-10-29T12:45:37.357326,PUBLISH,04488b3a36c6421b850387692b87e9b3,68f2d95bd190740cfd6a3dda,ENQUEUED,0.17160591629805833,questions_in
2025-10-29T12:45:37.501016,PUBLISH,b415ef46d33240b5a756659a2f02db87,68f2d95bd190740cfd6a40e4,ENQUEUED,0.13754504224768765,questions_in
2025-10-29T12:45:37.905744,PUBLISH,c3a5131895a74c63b02a108405e79361,68f2d95bd190740cfd6a3166,ENQUEUED,0.4028071302735947,questions_in
2025-10-29T12:45:38.398845,PUBLISH,270e42596ce34af28b2c67e27f3046a7,68f2d95bd190740cfd6a220a,ENQUEUED,0.48666783708063244,questions_in
2025-10-29T12:45:38.688567,PUBLISH,cc294014611f4a05a08be70e5d3654ff,68f2d95bd190740cfd6a2d3b,ENQUEUED,0.28261313547175104,questions_in
2025-10-29T12:45:39.006732,PUBLISH,e94e33b9aca74b018f4da0326c4bfd2a,68f2d95bd190740cfd6a1ae6,ENQUEUED,0.31010703797979455,questions_in
2025-10-29T12:45:39.389264,PUBLISH,7e037401ea314ece838ab6f75b36f055,68f2d95bd190740cfd6a4184,ENQUEUED,0.3751732190429261,questions_in
2025-10-29T12:45:39.608527,PUBLISH,8652a48f68a94c899e7daea553c661f8,68f2d95bd190740cfd6a305e,ENQUEUED,0.21251888818388753,questions_in
2025-10-29T12:45:39.956369,PUBLISH,8eebc708fb2d48c6bce57ad66590dc89,68f2d95bd190740cfd6a2b5c,ENQUEUED,0.3443499498725247,questions_in
2025-10-29T12:45:40.216112,PUBLISH,efe254dc79fc4cca9d3b44fc3d9759f9,68f2d95bd190740cfd6a2d82,ENQUEUED,0.2536422189025863,questions_in
2025-10-29T12:45:40.660451,PUBLISH,71a2001bd6de43e08de2d16482fc635e,68f2d95bd190740cfd6a333d,ENQUEUED,0.43848386479208645,questions_in
2025-10-29T12:45:40.915193,PUBLISH,6bb22b1a06404120876453d4f9e3b795,68f2d95bd190740cfd6a33a0,ENQUEUED,0.2485405851240532,questions_in
2025-10-29T12:45:41.386208,PUBLISH,14592706c6ce46c9ae0c906a9317d8ab,68f2d95bd190740cfd6a3a7f,ENQUEUED,0.4679282504779706,questions_in
2025-10-29T12:45:41.719126,PUBLISH,08dcb5e5b39c4e69b7a1e8aa94d81f0d,68f2d95bd190740cfd6a28cd,ENQUEUED,0.33044506851083033,questions_in
2025-10-29T12:45:42.185637,PUBLISH,f437a71879604f5fb4c94bc83290435c,68f2d95bd190740cfd6a3bd3,ENQUEUED,0.4598385148929709,questions_in
2025-10-29T12:45:42.543819,PUBLISH,eb16226c59da4bcdbc8a33d2d4f9fb2a,68f2d95bd190740cfd6a1b8f,ENQUEUED,0.35165855131101653,questions_in
2025-10-29T12:45:42.950647,PUBLISH,a2e97ecd177542dd9a1206993250862a,68f2d95bd190740cfd6a31a3,ENQUEUED,0.4031814578629781,questions_in
2025-10-29T12:45:43.135406,PUBLISH,16616ba2727d4098955ea48f81362f4c,68f2d95bd190740cfd6a3c19,ENQUEUED,0.17882331310593905,questions_in
2025-10-29T12:45:43.423781,PUBLISH,7a077e0ec0ef4b91ba1d10cacb3ae8c2,68f2d95bd190740cfd6a201f,ENQUEUED,0.2820615361133191,questions_in
2025-10-29T12:45:43.742454,PUBLISH,c89fc95fa60c4ac9b8b58f431a874016,68f2d95bd190740cfd6a3707,ENQUEUED,0.31010411970782903,questions_in
2025-10-29T12:45:43.849304,PUBLISH,e2a514bf80dd4254bb74bd70e7586ce0,68f2d95bd190740cfd6a282e,ENQUEUED,0.10090711888129583,questions_in
2025-10-29T12:45:44.119327,PUBLISH,85dfa53e65544411be6c47e10b020c33,68f2d95bd190740cfd6a28d0,ENQUEUED,0.26760874188064443,questions_in
2025-10-29T12:45:44.261820,PUBLISH,7a238f707d3d49f4a4fab4c42d0d1cb4,68f2d95bd190740cfd6a2bf7,ENQUEUED,0.13641635813270647,questions_in
2025-10-29T12:45:44.485125,PUBLISH,31490acb99ac4eacb14fdf209d8b2a8a,68f2d95bd190740cfd6a34ce,ENQUEUED,0.21806869663356362,questions_in
2025-10-29T12:45:44.681903,PUBLISH,d6fe5eda4af14e3f816eee90a253847d,68f2d95bd190740cfd6a1daf,ENQUEUED,0.1942698329299415,questions_in
2025-10-29T12:45:44.887346,PUBLISH,7c6de16e038440138bab95c2fe13709f,68f2d95bd190740cfd6a3476,ENQUEUED,0.19901612089726295,questions_in
2025-10-29T12:45:45.284924,PUBLISH,d20dc44a41d24608be45138614e00949,68f2d95bd190740cfd6a298b,ENQUEUED,0.3914070262679701,questions_in
2025-10-29T12:45:45.705670,PUBLISH,e362889eb2ca476eb647744b7da8e9d8,68f2d95bd190740cfd6a293e,ENQUEUED,0.4132710871608982,questions_in
2025-10-29T12:45:46.132194,PUBLISH,2ac44d20320b40e4968f69d26777aff9,68f2d95bd190740cfd6a3dd6,ENQUEUED,0.41917494973783564,questions_in
2025-10-29T12:45:46.385893,PUBLISH,10608270a70b486a8c9b26b1afc2ad4e,68f2d95bd190740cfd6a2210,ENQUEUED,0.24680750580372193,questions_in
2025-10-29T12:45:46.869319,PUBLISH,d939df0d45f342eca70c5e4e562ef0b1,68f2d95bd190740cfd6a2945,ENQUEUED,0.4765519512750098,questions_in
2025-10-29T12:45:47.262452,PUBLISH,541dd81ec54c4cf6874db4547ff6a151,68f2d95bd190740cfd6a2474,ENQUEUED,0.39036061832520097,questions_in
2025-10-29T12:45:47.468647,PUBLISH,ae21d9e8dd2140e49c45fc798c7071de,68f2d95bd190740cfd6a28c8,ENQUEUED,0.20359923912690797,questions_in
2025-10-29T12:45:47.854500,PUBLISH,7247d860822b453bb36254344cc99f62,68f2d95bd190740cfd6a1e4f,ENQUEUED,0.3793690654386177,questions_in
2025-10-29T12:45:48.123027,PUBLISH,b72cb64ab82240b3a0735d721e306ef8,68f2d95bd190740cfd6a389b,ENQUEUED,0.2601606653052807,questions_in
2025-10-29T12:45:48.584766,PUBLISH,40fcc31511e34d419e3a9ef9528f421e,68f2d95bd190740cfd6a29b9,ENQUEUED,0.45402120145928204,questions_in
2025-10-29T12:45:48.813489,PUBLISH,dfeb676312174a018b6fef4ebe3b1272,68f2d95bd190740cfd6a3b72,ENQUEUED,0.22650679725051642,questions_in
2025-10-29T12:45:49.095128,PUBLISH,fbce18940a47408a81b2606e13c8b3dc,68f2d95bd190740cfd6a38b6,ENQUEUED,0.27913056150020266,questions_in
2025-10-29T12:45:49.214369,PUBLISH,d5a7ba637fef487c9ab4f84e258f3791,68f2d95bd190740cfd6a2e57,ENQUEUED,0.1137320563129451,questions_in
2025-10-29T12:45:49.471887,PUBLISH,918ab0d3956c44b6b8d1ac91f7c61bac,68f2d95bd190740cfd6a1eb6,ENQUEUED,0.24936326972174966,questions_in
2025-10-29T12:45:49.840528,PUBLISH,05f05cc85c894883b9a526f2275d6df7,68f2d95bd190740cfd6a2957,ENQUEUED,0.36143158438054335,questions_in
2025-10-29T12:45:50.150387,PUBLISH,0cac297e771047528fd07bf1f80e85bc,68f2d95bd190740cfd6a1c2a,ENQUEUED,0.3035624438570695,questions_in
2025-10-29T12:45:50.253339,PUBLISH,78aab4c2676549f797179bf769e9f898,68f2d95bd190740cfd6a3654,ENQUEUED,0.10091866194852611,questions_in
2025-10-29T12:45:50.578036,PUBLISH,a6d34dab9a4b47cc9cd4a32e21394c7d,68f2d95bd190740cfd6a1f47,ENQUEUED,0.31756924538611997,questions_in
2025-10-29T12:45:50.943177,PUBLISH,3c9304029f524c86ac31186a580450cb,68f2d95bd190740cfd6a22cd,ENQUEUED,0.3607407276333836,questions_in
2025-10-29T12:45:51.415084,PUBLISH,eb0c654112f140a485e1595b33146ebd,68f2d95bd190740cfd6a3380,ENQUEUED,0.46813507718250724,questions_in
2025-10-29T12:45:51.806243,PUBLISH,aa05f7c62c8543c7b4744ac2cda3bce4,68f2d95bd190740cfd6a3f25,ENQUEUED,0.3842884753751329,questions_in
2025-10-29T12:45:52.020206,PUBLISH,f2001376ed684fbabcfaf15a1024f72d,68f2d95bd190740cfd6a35ec,ENQUEUED,0.20758827959017753,questions_in
2025-10-29T12:45:52.130783,PUBLISH,89904d34106f4f4fa95dab7409a476c9,68f2d95bd190740cfd6a381b,ENQUEUED,0.10313679650758939,questions_in
2025-10-29T12:45:52.567685,PUBLISH,3bc0ab0b9ff24941a801654b75dee25e,68f2d95bd190740cfd6a2d39,ENQUEUED,0.42949500660079354,questions_in
2025-10-29T12:45:52.884703,PUBLISH,8e1f448af1f14dc7b4bd5ed2cb1432c4,68f2d95bd190740cfd6a3e5a,ENQUEUED,0.3134662554769654,questions_in
2025-10-29T12:45:53.176597,PUBLISH,ea1f70e97e924c38823cb3c0acfafe79,68f2d95bd190740cfd6a2530,ENQUEUED,0.28972863649793446,questions_in
2025-10-29T12:45:53.300901,PUBLISH,76e4bff41e67481da32d471383cda349,68f2d95bd190740cfd6a3573,ENQUEUED,0.12126324174639702,questions_in
2025-10-29T12:45:53.433503,PUBLISH,7f675275eb4d479b9ef0e7aa21ea4f6c,68f2d95bd190740cfd6a3ca6,ENQUEUED,0.12564581372564812,questions_in
2025-10-29T12:45:53.779262,PUBLISH,0298626239284fc0b5ca0e415fc37bdf,68f2d95bd190740cfd6a3f26,ENQUEUED,0.33972325791426683,questions_in
2025-10-29T12:45:54.050070,PUBLISH,fd0f69ecfe57425d97fb8c50a6f1cc96,68f2d95bd190740cfd6a25d1,ENQUEUED,0.26424452928417874,questions_in
2025-10-29T12:45:54.526202,PUBLISH,e52c2034636a46f590b9d688fac522e4,68f2d95bd190740cfd6a3ab4,ENQUEUED,0.47407195780354017,questions_in
2025-10-29T12:45:54.699063,PUBLISH,0544424b1a7042ae9c203673b9e7b949,68f2d95bd190740cfd6a4000,ENQUEUED,0.16510912773144507,questions_in
2025-10-29T12:45:55.156829,PUBLISH,cdd319b3181c4dc08a59a4a31c73450b,68f2d95bd190740cfd6a2fd9,ENQUEUED,0.45119777231624536,questions_in
2025-10-29T12:45:55.550999,PUBLISH,39f3c8e78b60433f8d4bb8d671d7efcd,68f2d95bd190740cfd6a1cad,ENQUEUED,0.38643417446068884,questions_in
2025-10-29T12:45:55.800392,PUBLISH,536da83eae0b4768ab3645714f73b572,68f2d95bd190740cfd6a1eba,ENQUEUED,0.24299314465148344,questions_in
2025-10-29T12:45:56.285775,PUBLISH,7519a819de1d4a1591c9b8950d18cf74,68f2d95bd190740cfd6a1d01,ENQUEUED,0.4778073428519193,questions_in
2025-10-29T12:45:56.588370,PUBLISH,bc8b2fad1be34a0ba2fa676c3946da01,68f2d95bd190740cfd6a265a,ENQUEUED,0.2971065264402826,questions_in
2025-10-29T12:45:56.906497,PUBLISH,f3f5aaafc9ac41ab8d5db0cf87bab309,68f2d95bd190740cfd6a32f8,ENQUEUED,0.3117095890050084,questions_in
2025-10-29T12:45:57.150165,PUBLISH,ad7904a32b4f4b54af912dd2b86ac61c,68f2d95bd190740cfd6a25d7,ENQUEUED,0.23727490996888237,questions_in
2025-10-29T12:45:57.328672,PUBLISH,afaca875f2354d0b936650fd5c7d09c8,68f2d95bd190740cfd6a2e9d,ENQUEUED,0.17607177764897283,questions_in
2025-10-29T12:45:57.603452,PUBLISH,117554004a2c453d98060a15d3780d85,68f2d95bd190740cfd6a1d7b,ENQUEUED,0.2692698922888331,questions_in
2025-10-29T12:45:57.813356,PUBLISH,9e66000337b440358235c41650dbc43f,68f2d95bd190740cfd6a2bc0,ENQUEUED,0.2040670976201387,questions_in
2025-10-29T12:45:58.271355,PUBLISH,778200fe6b5342ecaf2df250115bbc67,68f2d95bd190740cfd6a37d3,ENQUEUED,0.45187086575474933,questions_in
2025-10-29T12:45:58.549007,PUBLISH,a310e65205064048abaa1cdcbb1ba906,68f2d95bd190740cfd6a40cf,ENQUEUED,0.2698328877672607,questions_in
2025-10-29T12:45:58.825500,PUBLISH,70be71cf23694135b7f66ee3b974300f,68f2d95bd190740cfd6a2e6b,ENQUEUED,0.2694610420370108,questions_in
2025-10-29T12:45:59.006676,PUBLISH,687da9863a2b4d828ae79e06071855dd,68f2d95bd190740cfd6a2fb5,ENQUEUED,0.17331568336731562,questions_in
2025-10-29T12:45:59.222520,PUBLISH,cfce0c9456784b8b8ab3485fbceef3d3,68f2d95bd190740cfd6a2bb0,ENQUEUED,0.20973748567944306,questions_in
2025-10-29T12:45:59.402495,PUBLISH,ee2564c5ae54431ab4fb2df6f868db47,68f2d95bd190740cfd6a3a13,ENQUEUED,0.17749917347462116,questions_in
2025-10-29T12:45:59.854499,PUBLISH,3774efaa76914ce8b00857776b129c33,68f2d95bd190740cfd6a2da7,ENQUEUED,0.44597846553263254,questions_in
2025-10-29T12:46:00.081772,PUBLISH,a8ce096c5ea04d38ad5d394db9bed506,68f2d95bd190740cfd6a2d28,ENQUEUED,0.22119517690104346,questions_in
2025-10-29T12:46:00.346258,PUBLISH,a881ee5e829e4c2e96f473d8519472ca,68f2d95bd190740cfd6a283f,ENQUEUED,0.2575775417540587,questions_in
2025-10-29T12:46:00.749326,PUBLISH,9a943d3161df4c8bb0be46daab31b527,68f2d95bd190740cfd6a33ae,ENQUEUED,0.3959794952384291,questions_in
2025-10-29T12:46:01.028763,PUBLISH,016a6d42406a472394fcdf109e8516b7,68f2d95bd190740cfd6a2354,ENQUEUED,0.2727725966629629,questions_in
2025-10-29T12:46:01.285261,PUBLISH,80766c8b6e314a35ae31b2652e460eb0,68f2d95bd190740cfd6a2493,ENQUEUED,0.24865888282761453,questions_in
2025-10-29T12:46:01.724123,PUBLISH,c1c690e5a2ce4a54943fc8d9660fed60,68f2d95bd190740cfd6a3829,ENQUEUED,0.43248742287661956,questions_in
2025-10-29T12:46:02.016426,PUBLISH,29af3d1851874725938517b15303ba47,68f2d95bd190740cfd6a4059,ENQUEUED,0.2857570357446435,questions_in
2025-10-29T12:46:02.507630,PUBLISH,0596f43356c649349080082a7b118ae5,68f2d95bd190740cfd6a3f25,ENQUEUED,0.4894118807444011,questions_in
2025-10-29T12:46:02.695899,PUBLISH,bda1add7b44e4f9cb00c4426e1e39556,68f2d95bd190740cfd6a245a,ENQUEUED,0.18214338946798703,questions_in
2025-10-29T12:46:02.912868,PUBLISH,a6c9ec646e3a4c97b29712fdb1cf7a80,68f2d95bd190740cfd6a20ed,ENQUEUED,0.20937637445864646,questions_in
2025-10-29T12:46:03.156799,PUBLISH,44646efa48754ac5be8ae99e06489898,68f2d95bd190740cfd6a2ac7,ENQUEUED,0.23572764892038403,questions_in
2025-10-29T12:46:03.461834,PUBLISH,e2e9b134ced34b47b1b523a439b992ca,68f2d95bd190740cfd6a2456,ENQUEUED,0.2987301057164723,questions_in
2025-10-29T12:46:03.613533,PUBLISH,9d499d5a5f3f4dec909430217e932f74,68f2d95bd190740cfd6a3b24,ENQUEUED,0.145318340449631,questions_in
2025-10-29T12:46:03.804911,PUBLISH,34e32853b49f4c37b31771e5073f17cd,68f2d95bd190740cfd6a387d,ENQUEUED,0.18530159969416315,questions_in
2025-10-29T12:46:04.203576,PUBLISH,d4e5644a5f1c4d0bb19cb65e391bb9be,68f2d95bd190740cfd6a250d,ENQUEUED,0.39643117136851236,questions_in
2025-10-29T12:46:04.539072,PUBLISH,6b8997bb826e45f9ad441badfff1c20e,68f2d95bd190740cfd6a38ce,ENQUEUED,0.3334989285020008,questions_in
2025-10-29T12:46:04.901750,PUBLISH,86ebe7beade4445ca01e3f57fab7ca73,68f2d95bd190740cfd6a2573,ENQUEUED,0.35632567123408554,questions_in
2025-10-29T12:46:05.251339,PUBLISH,5f7134c69c894d48ace2c17194eda776,68f2d95bd190740cfd6a34b1,ENQUEUED,0.341669751135564,questions_in
2025-10-29T12:46:05.701809,PUBLISH,892819cc72544c86be5badda47458fae,68f2d95bd190740cfd6a2f1e,ENQUEUED,0.4400877536553708,questions_in
2025-10-29T12:46:06.178630,PUBLISH,6ed0cd2eba7f4619b6ff1fa636d924ec,68f2d95bd190740cfd6a2bee,ENQUEUED,0.47028968743763633,questions_in
2025-10-29T12:46:06.364523,PUBLISH,d9209a20df7d44ca8bc80963eebce394,68f2d95bd190740cfd6a3fc0,ENQUEUED,0.17891081095015987,questions_in
2025-10-29T12:46:06.844240,PUBLISH,20b7ed9bbc794b70baeb7ede078b0a9f,68f2d95bd190740cfd6a2337,ENQUEUED,0.47330470922849954,questions_in
2025-10-29T12:46:07.327676,PUBLISH,f3d61a57adf34652b42d80b964c83d69,68f2d95bd190740cfd6a382a,ENQUEUED,0.4777222460483067,questions_in
2025-10-29T12:46:07.701895,PUBLISH,f440a4ba79fb425789c92023ea43ce3b,68f2d95bd190740cfd6a24e5,ENQUEUED,0.36778825269619286,questions_in
2025-10-29T12:46:07.880014,PUBLISH,b471a0d70837497a89b9fa91dccc0edc,68f2d95bd190740cfd6a417e,ENQUEUED,0.17066002422873722,questions_in
2025-10-29T12:46:08.110948,PUBLISH,228b003f638a4394a4102f17cb18cacf,68f2d95bd190740cfd6a3ef9,ENQUEUED,0.22458209993255887,questions_in
2025-10-29T12:46:08.354898,PUBLISH,02808fcf1aa04df8a75dbe64395c1f70,68f2d95bd190740cfd6a1bea,ENQUEUED,0.23771104664296883,questions_in
2025-10-29T12:46:08.665692,PUBLISH,05ecec0b8e284de2a9422b8a531b13e6,68f2d95bd190740cfd6a2af3,ENQUEUED,0.3083713254700922,questions_in
2025-10-29T12:46:09.044320,PUBLISH,6ca2e3805f0d48708240b1e68cc9a905,68f2d95bd190740cfd6a2bf6,ENQUEUED,0.37262182248256803,questions_in
2025-10-29T12:46:09.178311,PUBLISH,7f78deb172aa4e429cf3cc3c01e17ed9,68f2d95bd190740cfd6a3923,ENQUEUED,0.12770456665318697,questions_in
2025-10-29T12:46:09.614229,PUBLISH,f46ae6152d8145ed93b1ad644fc7770a,68f2d95bd190740cfd6a310a,ENQUEUED,0.42800361338856685,questions_in
2025-10-29T12:46:09.826534,PUBLISH,7b411cd22a4541ec96acdcc9ece91b2e,68f2d95bd190740cfd6a36e3,ENQUEUED,0.20567049664492987,questions_in
2025-10-29T12:46:10.312532,PUBLISH,a0db1dade0da49ee8daf2640892f1697,68f2d95bd190740cfd6a2da0,ENQUEUED,0.47926232665926793,questions_in
2025-10-29T12:46:10.604469,PUBLISH,472bd5caa4fe4f529872820e48a9a20f,68f2d95bd190740cfd6a3688,ENQUEUED,0.2859125961797027,questions_in
2025-10-29T12:46:10.743168,PUBLISH,df166241098d4f4ba46dcec45f7dbf8d,68f2d95bd190740cfd6a3353,ENQUEUED,0.13217706417143968,questions_in
2025-10-29T12:46:10.916075,PUBLISH,7740b57c3b6e4819b3e2b592371086d6,68f2d95bd190740cfd6a3291,ENQUEUED,0.16627088011600832,questions_in
2025-10-29T12:46:11.306914,PUBLISH,38eddcc986ed4a73972aaf379fb47144,68f2d95bd190740cfd6a2b38,ENQUEUED,0.3847122826267665,questions_in
2025-10-29T12:46:11.475107,PUBLISH,237b2e851a5242399c710b799ee3220e,68f2d95bd190740cfd6a336e,ENQUEUED,0.16217884032267846,questions_in
2025-10-29T12:46:11.697275,PUBLISH,842efa2bb3084da4804bcf0331f31e51,68f2d95bd190740cfd6a3866,ENQUEUED,0.21746741882055978,questions_in
2025-10-29T12:46:11.957818,PUBLISH,65fb84fa5997469aaae1416237920f75,68f2d95bd190740cfd6a392e,ENQUEUED,0.25574119505901105,questions_in
2025-10-29T12:46:12.098004,PUBLISH,2662d224bb9449b491f4532085bdabb9,68f2d95bd190740cfd6a3111,ENQUEUED,0.13338439791699153,questions_in
2025-10-29T12:46:12.325356,PUBLISH,a20d530db2ff4477a7b49591e703d518,68f2d95bd190740cfd6a1c1b,ENQUEUED,0.22036144329959229,questions_in
2025-10-29T12:46:12.465829,PUBLISH,b5edac37d43a41538fc5b0a57e50c3fd,68f2d95bd190740cfd6a1d1b,ENQUEUED,0.1334837143571579,questions_in
2025-10-29T12:46:12.726143,PUBLISH,31d60fb4f252438282e0f0ff9a79df4e,68f2d95bd190740cfd6a2821,ENQUEUED,0.25327857077427507,questions_in
2025-10-29T12:46:13.132870,PUBLISH,76b46f721f6d405d9d673cb497d57069,68f2d95bd190740cfd6a2443,ENQUEUED,0.40030957776601317,questions_in
2025-10-29T12:46:13.529697,PUBLISH,a09321db915142218c91838821346e1a,68f2d95bd190740cfd6a1f02,ENQUEUED,0.3897466361470945,questions_in
2025-10-29T12:46:13.750165,PUBLISH,5b10ab79053c4ae295095404cb20c680,68f2d95bd190740cfd6a36c8,ENQUEUED,0.2143630743721474,questions_in
2025-10-29T12:46:13.974575,PUBLISH,472e3c9eccfd407aa7ccd58444dca2b0,68f2d95bd190740cfd6a3a3a,ENQUEUED,0.21820686511619147,questions_in
2025-10-29T12:46:14.188225,PUBLISH,43021a0048664a5bb65fd35e419cc4e2,68f2d95bd190740cfd6a1e7f,ENQUEUED,0.20756345232196508,questions_in
2025-10-29T12:46:14.498431,PUBLISH,635e2b083ea14dd1bc2e3a6e70a97883,68f2d95bd190740cfd6a1dac,ENQUEUED,0.30145954232187544,questions_in
2025-10-29T12:46:14.719713,PUBLISH,b2a452a5253344c98f1309c4ee2d3415,68f2d95bd190740cfd6a33c3,ENQUEUED,0.21495756692965956,questions_in
2025-10-29T12:46:14.920124,PUBLISH,1fb1d46ec1bf4d74afa2c2ac647790b4,68f2d95bd190740cfd6a3c0c,ENQUEUED,0.19847603262944286,questions_in
2025-10-29T12:46:15.139565,PUBLISH,6eadb9257cad4679b2bedec2b7f57617,68f2d95bd190740cfd6a1d7a,ENQUEUED,0.21627563046662962,questions_in
2025-10-29T12:46:15.372024,PUBLISH,2fd99ce617914dd582b695c94b485544,68f2d95bd190740cfd6a35b7,ENQUEUED,0.22524821872598785,questions_in
2025-10-29T12:46:15.544734,PUBLISH,d677a565876a497aa1213d936e3dc835,68f2d95bd190740cfd6a1b27,ENQUEUED,0.16445338256701153,questions_in
2025-10-29T12:46:15.828151,PUBLISH,58e6fefa0ceb4a5b8f97c31ababd621e,68f2d95bd190740cfd6a2820,ENQUEUED,0.2797653787955815,questions_in
2025-10-29T12:46:16.068409,PUBLISH,399c054b60754196afe630b153cdfba0,68f2d95bd190740cfd6a2a5e,ENQUEUED,0.2381219522699703,questions_in
2025-10-29T12:46:16.344793,PUBLISH,dc984e5314b84f8faa54dbee04f63fd3,68f2d95bd190740cfd6a3b54,ENQUEUED,0.26977931147983825,questions_in
2025-10-29T12:46:16.455419,PUBLISH,f4d65a03238e4f21ad453744665fdca1,68f2d95bd190740cfd6a340f,ENQUEUED,0.1046681648124228,questions_in
2025-10-29T12:46:16.745328,PUBLISH,47c1e52ada4640288e0e12aac8b71fd0,68f2d95bd190740cfd6a2573,ENQUEUED,0.28309644749142016,questions_in
2025-10-29T12:46:17.134906,PUBLISH,3b7bdab26f9c41ef9304fef7f4ac2111,68f2d95bd190740cfd6a1c88,ENQUEUED,0.3827188934462745,questions_in
2025-10-29T12:46:17.501441,PUBLISH,27c39aa2fd3e420eba4f590182dea287,68f2d95bd190740cfd6a3acb,ENQUEUED,0.36016230195438814,questions_in
2025-10-29T12:46:17.900411,PUBLISH,bcb96f23b6454836b4e1e9075d241954,68f2d95bd190740cfd6a37ca,ENQUEUED,0.3966588760541332,questions_in
2025-10-29T12:46:18.051314,PUBLISH,0174f7734f924770919d2a7bedb9d9f7,68f2d95bd190740cfd6a20b5,ENQUEUED,0.1449843999160418,questions_in
2025-10-29T12:46:18.462716,PUBLISH,2f6358142a5e4dbd81a5f25a063d4b4d,68f2d95bd190740cfd6a1d87,ENQUEUED,0.4088420584407424,questions_in
2025-10-29T12:46:18.767035,PUBLISH,83245a873b4e4d438394befc3ba55392,68f2d95bd190740cfd6a3997,ENQUEUED,0.29854856402627894,questions_in
2025-10-29T12:46:19.260305,PUBLISH,897879bb13504c4087a2f5253099cae4,68f2d95bd190740cfd6a39ee,ENQUEUED,0.4869001135626053,questions_in
2025-10-29T12:46:19.456766,PUBLISH,0d727f1fe75143bc9891abd5c261c3ff,68f2d95bd190740cfd6a3649,ENQUEUED,0.18918115954213413,questions_in
2025-10-29T12:46:19.888592,PUBLISH,1116bb79efd842f88c3a3f3300e39931,68f2d95bd190740cfd6a2ce2,ENQUEUED,0.42490784175735163,questions_in
2025-10-29T12:46:20.018304,PUBLISH,752f976fbb3e4f4fa896666f5129fa21,68f2d95bd190740cfd6a34e5,ENQUEUED,0.12749662051706873,questions_in
2025-10-29T12:46:20.232839,PUBLISH,134f60e5933f406895c7e135cd66d1d0,68f2d95bd190740cfd6a2e7e,ENQUEUED,0.20718044730516927,questions_in
2025-10-29T12:46:20.665239,PUBLISH,ac51c0f6ab984f65bd5d54753775b107,68f2d95bd190740cfd6a2f82,ENQUEUED,0.429788026600624,questions_in
2025-10-29T12:46:20.969663,PUBLISH,95966d1c8bb74e328fcb4e93b1feba51,68f2d95bd190740cfd6a3064,ENQUEUED,0.2983422578387289,questions_in
2025-10-29T12:46:21.255178,PUBLISH,d6c2f5ebcb0a491c966cb1f55e7e7645,68f2d95bd190740cfd6a1faa,ENQUEUED,0.2785369098915158,questions_in
2025-10-29T12:46:21.436919,PUBLISH,47c8cb3ad9b74d259f81352b1cf66b3f,68f2d95bd190740cfd6a24de,ENQUEUED,0.1760737430590048,questions_in
2025-10-29T12:46:21.631243,PUBLISH,9023c0eedd604f7eb1a0951c05a63439,68f2d95bd190740cfd6a2310,ENQUEUED,0.1875053762993174,questions_in
2025-10-29T12:46:21.851469,PUBLISH,6b0018c6d46742bcacef5bc30b9c07f2,68f2d95bd190740cfd6a3d82,ENQUEUED,0.2140605952855603,questions_in
2025-10-29T12:46:22.347327,PUBLISH,e3e2874dbfb54262a8ad9db4f1ca5aa3,68f2d95bd190740cfd6a3702,ENQUEUED,0.48880220515791206,questions_in
2025-10-29T12:46:22.519158,PUBLISH,7dca3f2287be4222ad73650f93af0cfa,68f2d95bd190740cfd6a2994,ENQUEUED,0.16628940322071123,questions_in
2025-10-29T12:46:22.885809,PUBLISH,dad5bea665bf4a158d0e9363988a46a0,68f2d95bd190740cfd6a20fe,ENQUEUED,0.3599056510470805,questions_in
2025-10-29T12:46:23.351313,PUBLISH,7c326c1ee2004905b12c1cefd983f611,68f2d95bd190740cfd6a2b8c,ENQUEUED,0.45892030403761563,questions_in
2025-10-29T12:46:23.786689,PUBLISH,02595e1d01b645b5ac19a6886102464c,68f2d95bd190740cfd6a37d1,ENQUEUED,0.42895877874692534,questions_in
2025-10-29T12:46:24.211940,PUBLISH,540a6192bf954b87812080dee9cb78f0,68f2d95bd190740cfd6a3519,ENQUEUED,0.4228815842355146,questions_in
2025-10-29T12:46:24.452658,PUBLISH,5fcf80d3b5a44b77ae2a95c0a1c33296,68f2d95bd190740cfd6a307c,ENQUEUED,0.2349206412817759,questions_in
2025-10-29T12:46:24.692625,PUBLISH,6fc1975582924124b987ec8133a87b87,68f2d95bd190740cfd6a1ef9,ENQUEUED,0.2339043391295879,questions_in
2025-10-29T12:46:24.960348,PUBLISH,bc76f451e6b147259b7581d5fbb32068,68f2d95bd190740cfd6a364c,ENQUEUED,0.26504075532355265,questions_in
2025-10-29T12:46:25.249127,PUBLISH,0fa6094664304ab9a7cb81e5d130a420,68f2d95bd190740cfd6a3200,ENQUEUED,0.28163099732458863,questions_in
2025-10-29T12:46:25.675249,PUBLISH,72070990e3d14d32bfec25fd29001d10,68f2d95bd190740cfd6a2bc4,ENQUEUED,0.42000046279727665,questions_in
2025-10-29T12:46:26.154322,PUBLISH,9c849869e4484a65a804d172569a3a6c,68f2d95bd190740cfd6a2572,ENQUEUED,0.47352358086904156,questions_in
2025-10-29T12:46:26.499607,PUBLISH,3e16d1f79b99463f980893f1a48e89b7,68f2d95bd190740cfd6a2f40,ENQUEUED,0.3387728137135715,questions_in
2025-10-29T12:46:26.993511,PUBLISH,550aaeb9cb1a4ad4ada02959657bfa7c,68f2d95bd190740cfd6a33f4,ENQUEUED,0.4868348277897555,questions_in
2025-10-29T12:46:27.211065,PUBLISH,cfc8bd9f5ad74e2c85756a6a99878e89,68f2d95bd190740cfd6a3f81,ENQUEUED,0.211331970479947,questions_in
2025-10-29T12:46:27.503864,PUBLISH,833e06d2641a4e4e8c4c3eca607428db,68f2d95bd190740cfd6a39be,ENQUEUED,0.2856879132884147,questions_in
2025-10-29T12:46:27.876636,PUBLISH,6094497ef9074a5bad62cca08e1aa935,68f2d95bd190740cfd6a2006,ENQUEUED,0.36588463511317226,questions_in
2025-10-29T12:46:28.027227,PUBLISH,6f0c5946161e4293a4a01e5f786cf1e0,68f2d95bd190740cfd6a202a,ENQUEUED,0.14369291850548707,questions_in
2025-10-29T12:46:28.412825,PUBLISH,c4651a44dd334c29bc94f236808fec49,68f2d95bd190740cfd6a33c1,ENQUEUED,0.38360224038641777,questions_in
2025-10-29T12:46:28.649444,PUBLISH,9bc0a0a6423b46b1bd9534d13b5d5238,68f2d95bd190740cfd6a3c80,ENQUEUED,0.2308353448339835,questions_in
2025-10-29T12:46:28.773135,PUBLISH,9c16fd955916411e9de6bcd5aff85f9c,68f2d95bd190740cfd6a245b,ENQUEUED,0.11759100070263658,questions_in
2025-10-29T12:46:28.909433,PUBLISH,307fa9e37a744fea89fddaecac270c8c,68f2d95bd190740cfd6a3a52,ENQUEUED,0.1300956021979925,questions_in
2025-10-29T12:46:29.218220,PUBLISH,17f65629c8e8495fae51f4f58be452a6,68f2d95bd190740cfd6a294e,ENQUEUED,0.302876002895868,questions_in
2025-10-29T12:46:29.701004,PUBLISH,8f4afa8dcedb4cc6bf49feb61ea5f469,68f2d95bd190740cfd6a1b65,ENQUEUED,0.4765240683181392,questions_in
2025-10-29T12:46:29.844762,PUBLISH,ab93d5bc10154b4cb018dc5a115befcc,68f2d95bd190740cfd6a1de2,ENQUEUED,0.13658754109452295,questions_in
2025-10-29T12:46:29.976245,PUBLISH,719adad08fcf4c46a38ce87ceed1a9c3,68f2d95bd190740cfd6a3a1c,ENQUEUED,0.1248617534822917,questions_in
2025-10-29T12:46:30.258249,PUBLISH,fddafaccb0594eba8b749d6dbfcca8ae,68f2d95bd190740cfd6a2920,ENQUEUED,0.27876926957649395,questions_in
2025-10-29T12:46:30.497862,PUBLISH,612531e736dd486dbbb1ae350a0971f5,68f2d95bd190740cfd6a3eff,ENQUEUED,0.23320256336614845,questions_in
2025-10-29T12:46:30.746256,PUBLISH,54617b00c6a94291868bf9d4ec48a730,68f2d95bd190740cfd6a1b7a,ENQUEUED,0.24205490257312445,questions_in
2025-10-29T12:46:31.029227,PUBLISH,771a2cdd0c3a4da39be1330b16950984,68f2d95bd190740cfd6a23b9,ENQUEUED,0.2805331034401284,questions_in
2025-10-29T12:46:31.440123,PUBLISH,eb19362e586644f08268d61da621a87d,68f2d95bd190740cfd6a3bf0,ENQUEUED,0.405218685129085,questions_in
2025-10-29T12:46:31.641346,PUBLISH,f81be76325bb453ba804c13dbf273f5d,68f2d95bd190740cfd6a4015,ENQUEUED,0.19521284035619846,questions_in
2025-10-29T12:46:32.093757,PUBLISH,17f08d84fc2c4bea9cf285be86a15bde,68f2d95bd190740cfd6a326c,ENQUEUED,0.44598521618601505,questions_in
2025-10-29T12:46:32.402149,PUBLISH,7ab2f5b063164d60802786461804c922,68f2d95bd190740cfd6a281d,ENQUEUED,0.30159622072314984,questions_in
2025-10-29T12:46:32.582259,PUBLISH,f74607e4f01141038514aded2608e5fd,68f2d95bd190740cfd6a404b,ENQUEUED,0.17498936341132765,questions_in
2025-10-29T12:46:32.933450,PUBLISH,6afe4eab9e744f5492098d234ecf0438,68f2d95bd190740cfd6a3571,ENQUEUED,0.3456839981671505,questions_in
2025-10-29T12:46:33.203886,PUBLISH,7cc4eb6b5e8f450aa094e5820f40aeca,68f2d95bd190740cfd6a3fca,ENQUEUED,0.26447109545108166,questions_in
2025-10-29T12:46:33.422800,PUBLISH,9dacfa54032042fb94b5ad2c85d1a675,68f2d95bd190740cfd6a3af6,ENQUEUED,0.21685503786555135,questions_in
2025-10-29T12:46:33.883743,PUBLISH,ff69385a111a428d822f4e3e5faa37fc,68f2d95bd190740cfd6a1b94,ENQUEUED,0.4533918305114676,questions_in
2025-10-29T12:46:34.051784,PUBLISH,131a5551e90c4bcc8ac9362264301b27,68f2d95bd190740cfd6a2422,ENQUEUED,0.16175867875422834,questions_in
2025-10-29T12:46:34.409633,PUBLISH,ba7be02145284d1280ed6550a90e3b52,68f2d95bd190740cfd6a1eda,ENQUEUED,0.35103052184904215,questions_in
2025-10-29T12:46:34.528532,PUBLISH,08a021e9939a4d92ac7ed007642dba52,68f2d95bd190740cfd6a2e64,ENQUEUED,0.11670951602166846,questions_in
2025-10-29T12:46:34.728293,PUBLISH,4c8a95c8491847a580f630467c4101fa,68f2d95bd190740cfd6a1b37,ENQUEUED,0.1931602726977736,questions_in
2025-10-29T12:46:34.840173,PUBLISH,e2e4fcad50ed440b81acecf67fe83071,68f2d95bd190740cfd6a3d4c,ENQUEUED,0.1055940522856719,questions_in
2025-10-29T12:46:35.055266,PUBLISH,a3cdb2054d4d40c8a0dc02618bee5476,68f2d95bd190740cfd6a2fea,ENQUEUED,0.20871402413633364,questions_in
2025-10-29T12:46:35.454606,PUBLISH,b9524b63ad68419083973cc02273c1ba,68f2d95bd190740cfd6a2055,ENQUEUED,0.3973882124852012,questions_in
2025-10-29T12:46:35.581690,PUBLISH,d854e989e1034cf1b0734fd220672fe1,68f2d95bd190740cfd6a3f78,ENQUEUED,0.12087497374736969,questions_in
2025-10-29T12:46:36.081229,PUBLISH,025f0c949f674c0dbf057713f2d1c84b,68f2d95bd190740cfd6a2ccb,ENQUEUED,0.4931564656395764,questions_in
2025-10-29T12:46:36.329380,PUBLISH,fa11660588274f7f9fc5f2bb81eeeade,68f2d95bd190740cfd6a1d75,ENQUEUED,0.24475196009328945,questions_in
2025-10-29T12:46:36.561992,PUBLISH,f5403fe86ae84585a3603ee865a24fef,68f2d95bd190740cfd6a3d49,ENQUEUED,0.22934050757986332,questions_in
2025-10-29T12:46:36.987593,PUBLISH,149c98fd59e9479a967f370e2306b71f,68f2d95bd190740cfd6a255b,ENQUEUED,0.4194057588053176,questions_in
2025-10-29T12:46:37.447901,PUBLISH,e7272c0c45ac4310a261089c74f43500,68f2d95bd190740cfd6a3309,ENQUEUED,0.45783609517928203,questions_in
2025-10-29T12:46:37.565808,PUBLISH,58081ca1dee04f28931d44255a4244bb,68f2d95bd190740cfd6a2b18,ENQUEUED,0.11174860459420866,questions_in
2025-10-29T12:46:37.699021,PUBLISH,13c23979b0d04a34a60fe253554b6d22,68f2d95bd190740cfd6a3677,ENQUEUED,0.12720671068014716,questions_in
2025-10-29T12:46:38.048583,PUBLISH,c8d57ca78bdb45e5a654cbbb9e70bbed,68f2d95bd190740cfd6a23b4,ENQUEUED,0.3421426054522144,questions_in
2025-10-29T12:46:38.267132,PUBLISH,92733833e5c64a10a7bde9cede12031a,68f2d95bd190740cfd6a1d92,ENQUEUED,0.21254309479884956,questions_in
2025-10-29T12:46:38.665363,PUBLISH,3acfd9981cc348d5a07c0c6fc3582899,68f2d95bd190740cfd6a1ebe,ENQUEUED,0.39195330282304475,questions_in
2025-10-29T12:46:39.069914,PUBLISH,0fd3035cbd314a38b15f55c8936b0385,68f2d95bd190740cfd6a38b0,ENQUEUED,0.39839361135437545,questions_in
2025-10-29T12:46:39.326221,PUBLISH,6369affe77194367975b58979be4c987,68f2d95bd190740cfd6a1f98,ENQUEUED,0.24975001399218605,questions_in
2025-10-29T12:46:39.543814,PUBLISH,e2eaee4feeed49978548e92e5a41b464,68f2d95bd190740cfd6a3a64,ENQUEUED,0.21162972771435637,questions_in
2025-10-29T12:46:39.837117,PUBLISH,84599b3f653f4c929e114f95c32daed1,68f2d95bd190740cfd6a28d3,ENQUEUED,0.2913463871394846,questions_in
2025-10-29T12:46:40.115562,PUBLISH,9132eb0c0b9f412c9d9985ec627b55e3,68f2d95bd190740cfd6a2057,ENQUEUED,0.2710677597464722,questions_in
2025-10-29T12:46:40.492031,PUBLISH,6e27c2193b614e6280adc50fc6617dcd,68f2d95bd190740cfd6a39d8,ENQUEUED,0.36997158246327455,questions_in
2025-10-29T12:46:40.665641,PUBLISH,744496013a814c1e8a1a5de359324573,68f2d95bd190740cfd6a2e47,ENQUEUED,0.17184912589332557,questions_in
2025-10-29T12:46:40.960215,PUBLISH,2224c9d3bcc245f180378a7f433d6bf3,68f2d95bd190740cfd6a3b35,ENQUEUED,0.2924012149920773,questions_in
2025-10-29T12:46:41.427690,PUBLISH,5705cfe27cbb4fcaa7c34ad806a227f8,68f2d95bd190740cfd6a26d3,ENQUEUED,0.46503172727572994,questions_in
2025-10-29T12:46:41.605390,PUBLISH,d98d4b98938f450880dce859361a19af,68f2d95bd190740cfd6a3199,ENQUEUED,0.17175020569645316,questions_in
2025-10-29T12:46:41.759171,PUBLISH,595ef164124440d4b8a799c3fdc67f22,68f2d95bd190740cfd6a2fcf,ENQUEUED,0.14626626137159074,questions_in
2025-10-29T12:46:41.963785,PUBLISH,1b499acd7487412e8121946d9a364024,68f2d95bd190740cfd6a1ff1,ENQUEUED,0.20156541468374375,questions_in
2025-10-29T12:46:42.362555,PUBLISH,ae4c868e07974ff7a37228fc4b431fb7,68f2d95bd190740cfd6a3bcb,ENQUEUED,0.39137449322188966,questions_in
2025-10-29T12:46:42.861733,PUBLISH,a7522814c3594e8da7db6dc2a6423c22,68f2d95bd190740cfd6a3c49,ENQUEUED,0.49679160600486216,questions_in
2025-10-29T12:46:43.220203,PUBLISH,6228b56bbe7f4c50bbabe550b4e17cf8,68f2d95bd190740cfd6a27e0,ENQUEUED,0.35263689248567076,questions_in
2025-10-29T12:46:43.468675,PUBLISH,a6d12c3475d04e5a97dedd3b6bf9eb7d,68f2d95bd190740cfd6a1d2f,ENQUEUED,0.24542846207869617,questions_in
2025-10-29T12:46:43.830351,PUBLISH,c3223c6f742746c89b7649677b3b1737,68f2d95bd190740cfd6a2ef6,ENQUEUED,0.3555499217149346,questions_in
2025-10-29T12:46:44.024679,PUBLISH,eff224fbe09b4c83a839c218dcc23e5a,68f2d95bd190740cfd6a3690,ENQUEUED,0.1876203914886284,questions_in
2025-10-29T12:46:44.347134,PUBLISH,125f7205d23a4961a4304dc50fb51e83,68f2d95bd190740cfd6a2cc3,ENQUEUED,0.3158491423369816,questions_in
2025-10-29T12:46:44.764475,PUBLISH,c6f03aa1448e4c6f9b751369c7bc5daf,68f2d95bd190740cfd6a2d38,ENQUEUED,0.4114057864374271,questions_in
2025-10-29T12:46:45.244838,PUBLISH,3c4d554da6b14ee488711c2b4e2372f4,68f2d95bd190740cfd6a1ffa,ENQUEUED,0.47139789158144196,questions_in
2025-10-29T12:46:45.704514,PUBLISH,82ff0f4586b5490aabe91ae1c9273f0c,68f2d95bd190740cfd6a1d2e,ENQUEUED,0.4526514331274779,questions_in
2025-10-29T12:46:45.856190,PUBLISH,37932e7f946e4f81b285944c35f48ec6,68f2d95bd190740cfd6a2180,ENQUEUED,0.14523951953707606,questions_in
2025-10-29T12:46:46.303554,PUBLISH,b60f1e12e05144098ca33a650ed4d082,68f2d95bd190740cfd6a3a05,ENQUEUED,0.4402034231234454,questions_in
2025-10-29T12:46:46.433457,PUBLISH,0a943993e3934ca1b624a1699cb98629,68f2d95bd190740cfd6a1cdc,ENQUEUED,0.12433540184102183,questions_in
2025-10-29T12:46:46.935810,PUBLISH,17e0c4c25b4f4750a24bccf41f8354cd,68f2d95bd190740cfd6a3dc6,ENQUEUED,0.4958814874585695,questions_in
2025-10-29T12:46:47.164498,PUBLISH,87f2a77f78394d5dbfad53bf13efe4aa,68f2d95bd190740cfd6a396a,ENQUEUED,0.22186411308440315,questions_in
2025-10-29T12:46:47.595112,PUBLISH,b54ef59345f0430492185492a7693800,68f2d95bd190740cfd6a3ddb,ENQUEUED,0.42433676156161226,questions_in
2025-10-29T12:46:47.905832,PUBLISH,399076a2cc14442b95534aa24407ab00,68f2d95bd190740cfd6a2d8f,ENQUEUED,0.3039298567688029,questions_in
2025-10-29T12:46:48.261022,PUBLISH,defcac28efdd4dffa8633bac3559499b,68f2d95bd190740cfd6a39de,ENQUEUED,0.34881608029808553,questions_in
2025-10-29T12:46:48.576946,PUBLISH,18f5c0d0190c42988c2d4a3a5d76ebd4,68f2d95bd190740cfd6a2ffa,ENQUEUED,0.3099909453926243,questions_in
2025-10-29T12:46:48.977258,PUBLISH,008e289cd1a84610917faa71f62f336d,68f2d95bd190740cfd6a3c57,ENQUEUED,0.3982046311453764,questions_in
2025-10-29T12:46:49.423850,PUBLISH,2b8bf93467fe44f9bebaaa81ba3a53ae,68f2d95bd190740cfd6a3fe0,ENQUEUED,0.44028271685152853,questions_in
2025-10-29T12:46:49.610215,PUBLISH,e418608752c0443fac33865a5666156d,68f2d95bd190740cfd6a2b50,ENQUEUED,0.18001389072839663,questions_in
2025-10-29T12:46:49.995999,PUBLISH,c93dcb09fb584f83a7bf38ef6093ad67,68f2d95bd190740cfd6a386c,ENQUEUED,0.3806848121502798,questions_in
2025-10-29T12:46:50.338929,PUBLISH,320b71b71d424e86b78cd2504a4b249d,68f2d95bd190740cfd6a360e,ENQUEUED,0.34042045120672576,questions_in
2025-10-29T12:46:50.812441,PUBLISH,e87429a87c7447f3ae813cd2636d15c2,68f2d95bd190740cfd6a2613,ENQUEUED,0.47157115128857763,questions_in
2025-10-29T12:46:50.999796,PUBLISH,04c6909ea0bd4a1a8e274cf12edad126,68f2d95bd190740cfd6a2b80,ENQUEUED,0.18194450079593594,questions_in
2025-10-29T12:46:51.268478,PUBLISH,5a93fee3bd044752af0726d30e48975f,68f2d95bd190740cfd6a213e,ENQUEUED,0.26682603283435236,questions_in
2025-10-29T12:46:51.694905,PUBLISH,a15a8d2a277a4efd8633c976f8b105f4,68f2d95bd190740cfd6a201f,ENQUEUED,0.4198562072087302,questions_in
2025-10-29T12:46:52.171701,PUBLISH,46e650399b044b20ba980371c98b42b4,68f2d95bd190740cfd6a2f28,ENQUEUED,0.4740479226099197,questions_in
2025-10-29T12:46:52.533311,PUBLISH,e64ccfac5f404e0a95ec92f940942624,68f2d95bd190740cfd6a3fd2,ENQUEUED,0.3544368747959391,questions_in
2025-10-29T12:46:52.945752,PUBLISH,4f450ef5f4b24fb8821b5fafac817317,68f2d95bd190740cfd6a38ea,ENQUEUED,0.4038983050374062,questions_in
2025-10-29T12:46:53.333938,PUBLISH,17d0dd1877784f199355ed7a3407f697,68f2d95bd190740cfd6a40c4,ENQUEUED,0.38570103931919675,questions_in
2025-10-29T12:46:53.574935,PUBLISH,bb8e8e4200e14e7cb3fb3c35df1d3e73,68f2d95bd190740cfd6a2be5,ENQUEUED,0.23838776225173827,questions_in
2025-10-29T12:46:53.721747,PUBLISH,5eb2669b6ac2485ea7048aa65118a79f,68f2d95bd190740cfd6a1ed6,ENQUEUED,0.1442434392133054,questions_in
2025-10-29T12:46:54.197154,PUBLISH,83b8e2e548b4412d9da7f66dbadf3c80,68f2d95bd190740cfd6a1d1b,ENQUEUED,0.4687798414116121,questions_in
2025-10-29T12:46:54.481915,PUBLISH,192f165f20944ba8b1fef0443874629b,68f2d95bd190740cfd6a3035,ENQUEUED,0.2786043938385918,questions_in
2025-10-29T12:46:54.897064,PUBLISH,b80e5293e55749a28c3d6ce7f3e817bc,68f2d95bd190740cfd6a20ed,ENQUEUED,0.40765389603331403,questions_in
2025-10-29T12:46:55.111732,PUBLISH,10794af041e7421a8cfbc0f5e915620e,68f2d95bd190740cfd6a3903,ENQUEUED,0.2128638742532577,questions_in
2025-10-29T12:46:55.445792,PUBLISH,51d99f80210f4222a1984d84a08a8db9,68f2d95bd190740cfd6a2a5d,ENQUEUED,0.327020483629925,questions_in
2025-10-29T12:46:55.878651,PUBLISH,16e76021c20d49de9b8b7a79192582e1,68f2d95bd190740cfd6a1fbc,ENQUEUED,0.4262645705348238,questions_in
2025-10-29T12:46:56.051726,PUBLISH,11a66b2199ee49efa49dccd8e48e3296,68f2d95bd190740cfd6a2e5b,ENQUEUED,0.1665130739725768,questions_in
2025-10-29T12:46:56.527952,PUBLISH,d84e225946b04ca98a4364d148976032,68f2d95bd190740cfd6a3b33,ENQUEUED,0.46958358937549016,questions_in
2025-10-29T12:46:56.947466,PUBLISH,4794239189544747ae5371ed42b308b8,68f2d95bd190740cfd6a1bc9,ENQUEUED,0.41784094484981005,questions_in
2025-10-29T12:46:57.354395,PUBLISH,6f09a5139e31488b8c4559d0b80074c3,68f2d95bd190740cfd6a2dd5,ENQUEUED,0.39895654309645334,questions_in
2025-10-29T12:46:57.730757,PUBLISH,60e8c39cf72c4129a025a997e635ad91,68f2d95bd190740cfd6a2fe5,ENQUEUED,0.3743307876513242,questions_in
2025-10-29T12:46:57.964394,PUBLISH,7bd10fd57c364c278ad34bc28516e6de,68f2d95bd190740cfd6a3386,ENQUEUED,0.23143788789413364,questions_in
2025-10-29T12:46:58.171309,PUBLISH,6512ce09e54b4b5fba9385d96c9e6469,68f2d95bd190740cfd6a1b75,ENQUEUED,0.20321277388532388,questions_in
2025-10-29T12:46:58.439734,PUBLISH,279aba2cc14a4c3a87d57cb9053ecddc,68f2d95bd190740cfd6a3215,ENQUEUED,0.26201634519404826,questions_in
2025-10-29T12:46:58.848637,PUBLISH,a2dee22b30914913bc0a123c9b14231a,68f2d95bd190740cfd6a2df3,ENQUEUED,0.40266546186248464,questions_in
2025-10-29T12:46:58.985077,PUBLISH,fa4d4df973844a8095c6ef0d493bd805,68f2d95bd190740cfd6a3a25,ENQUEUED,0.1292792454540273,questions_in
2025-10-29T12:46:59.160307,PUBLISH,4ad496a1416f4dba8c33b3cf1aa0fdee,68f2d95bd190740cfd6a39cd,ENQUEUED,0.16942974867949362,questions_in
2025-10-29T12:46:59.550461,PUBLISH,e28e15538ff646eaa34a064cb9288efc,68f2d95bd190740cfd6a2596,ENQUEUED,0.384068965132247,questions_in
2025-10-29T12:46:59.677061,PUBLISH,67ab8ca2191749e19b755a9357ec69ed,68f2d95bd190740cfd6a2047,ENQUEUED,0.12161936040660937,questions_in
2025-10-29T12:46:59.908901,PUBLISH,7aca013a0ee544a8bceeed68d8617852,68f2d95bd190740cfd6a2742,ENQUEUED,0.2239303832303654,questions_in
2025-10-29T12:47:00.137573,PUBLISH,275c26eefcfb4228893d3b6352fb1b00,68f2d95bd190740cfd6a250e,ENQUEUED,0.22213353268262115,questions_in
2025-10-29T12:47:00.448106,PUBLISH,f320e24c27304e4ca091d48616b67098,68f2d95bd190740cfd6a2996,ENQUEUED,0.3048264967586549,questions_in
2025-10-29T12:47:00.851147,PUBLISH,ca4133e312c54655bf3c6800e2783e58,68f2d95bd190740cfd6a2ab2,ENQUEUED,0.3997617096575986,questions_in
2025-10-29T12:47:01.162596,PUBLISH,8c506826597a47388fbc2bb5218bf5ae,68f2d95bd190740cfd6a323b,ENQUEUED,0.30974187166874967,questions_in
2025-10-29T12:47:01.457085,PUBLISH,cf82f3b8bf32450b860ede72fa060a6c,68f2d95bd190740cfd6a35db,ENQUEUED,0.29224182686750355,questions_in
2025-10-29T12:47:01.946640,PUBLISH,a31638808d2b4e8a944c2365efe9b08b,68f2d95bd190740cfd6a3c44,ENQUEUED,0.4873433650342389,questions_in
2025-10-29T12:47:02.438096,PUBLISH,839d25114c61455eb20e8321c6c192c1,68f2d95bd190740cfd6a27d5,ENQUEUED,0.4818788677205772,questions_in
2025-10-29T12:47:02.851147,PUBLISH,7478e78f38454305a5c7f1fd2cb98ecc,68f2d95bd190740cfd6a3c19,ENQUEUED,0.407056537531743,questions_in
2025-10-29T12:47:03.246778,PUBLISH,66700021871547fc891b41413ec00673,68f2d95bd190740cfd6a3b9b,ENQUEUED,0.389091603178383,questions_in
2025-10-29T12:47:03.516919,PUBLISH,bb9d126f999c4466b910b02d2ce1f60d,68f2d95bd190740cfd6a3f5e,ENQUEUED,0.26815739191248755,questions_in
2025-10-29T12:47:03.678690,PUBLISH,dd3e8d1b8c754133a552b0c753a4c78e,68f2d95bd190740cfd6a1e84,ENQUEUED,0.15962236367555127,questions_in
2025-10-29T12:47:03.925315,PUBLISH,8aebc1f4eefa4c719f38b29a80184c03,68f2d95bd190740cfd6a2bb9,ENQUEUED,0.2407695748328993,questions_in
2025-10-29T12:47:04.138416,PUBLISH,d5072908bfe944e18041a224b36538e2,68f2d95bd190740cfd6a4190,ENQUEUED,0.21029686172782802,questions_in
2025-10-29T12:47:04.256617,PUBLISH,3f67c4e4c4c5414cb41e51ae4bfb139b,68f2d95bd190740cfd6a3611,ENQUEUED,0.11579644094683306,questions_in
2025-10-29T12:47:04.397469,PUBLISH,726f0c86cf41418eb75640dd15d89955,68f2d95bd190740cfd6a251a,ENQUEUED,0.13435982998439286,questions_in
2025-10-29T12:47:04.625587,PUBLISH,2baf3d1011174358b29e6a6b8fa28bae,68f2d95bd190740cfd6a2a7c,ENQUEUED,0.22604538028657772,questions_in
2025-10-29T12:47:05.020504,PUBLISH,1ba7acd3e7ff4ef3b23053d8ef470354,68f2d95bd190740cfd6a239f,ENQUEUED,0.390659747199705,questions_in
2025-10-29T12:47:05.525292,PUBLISH,d7e1dc61de2d406d87ffc2ce9e8333ea,68f2d95bd190740cfd6a37ae,ENQUEUED,0.49516491536858076,questions_in
2025-10-29T12:47:06.020680,PUBLISH,1b2c2921717b4fe1b8155e48a6dd0fce,68f2d95bd190740cfd6a38fb,ENQUEUED,0.49238836478768766,questions_in
2025-10-29T12:47:06.417176,PUBLISH,c70715255aca40509d05e912ff414cf2,68f2d95bd190740cfd6a28ff,ENQUEUED,0.389392341847829,questions_in
2025-10-29T12:47:06.879049,PUBLISH,65d73083020c471bb1290e77b40dc365,68f2d95bd190740cfd6a3d38,ENQUEUED,0.4551254742775196,questions_in
2025-10-29T12:47:07.144588,PUBLISH,714ca492e5354585b120afae3a9e5ea4,68f2d95bd190740cfd6a1da7,ENQUEUED,0.25946317456816104,questions_in
2025-10-29T12:47:07.298538,PUBLISH,7cf88c1b07c24ae2a2a51863b0cc4e07,68f2d95bd190740cfd6a2fc5,ENQUEUED,0.1521073255477554,questions_in
2025-10-29T12:47:07.592802,PUBLISH,8e7896eb5ad84525820d16b9dfcebd90,68f2d95bd190740cfd6a2e59,ENQUEUED,0.2886357257042679,questions_in
2025-10-29T12:47:08.017025,PUBLISH,79dfd53d539e492a8122b299999bcb6e,68f2d95bd190740cfd6a3778,ENQUEUED,0.418178767492392,questions_in
2025-10-29T12:47:08.218989,PUBLISH,0e155a2205bd4a42be9914824705c219,68f2d95bd190740cfd6a1e07,ENQUEUED,0.19414469581405586,questions_in
2025-10-29T12:47:08.637697,PUBLISH,fac994e198f2405b83c88d6cccb70d71,68f2d95bd190740cfd6a2fd5,ENQUEUED,0.4115174969509896,questions_in
2025-10-29T12:47:09.003144,PUBLISH,5ba9d8529a604b4ba877bddbea26d38f,68f2d95bd190740cfd6a1f20,ENQUEUED,0.35839454662896253,questions_in
2025-10-29T12:47:09.344693,PUBLISH,7eaef141097e4b87b3ad914301150022,68f2d95bd190740cfd6a394c,ENQUEUED,0.33535096679996224,questions_in
2025-10-29T12:47:09.455196,PUBLISH,c5426f998c914f7aae2fce999e67351d,68f2d95bd190740cfd6a2b07,ENQUEUED,0.10393404419584146,questions_in
2025-10-29T12:47:09.901901,PUBLISH,1d61073de64b4de6be5e31798b9aed2e,68f2d95bd190740cfd6a2b45,ENQUEUED,0.4391511574395456,questions_in
2025-10-29T12:47:10.047394,PUBLISH,c57979a572444117be0149414ba966df,68f2d95bd190740cfd6a3d07,ENQUEUED,0.13960747941256418,questions_in
2025-10-29T12:47:10.449732,PUBLISH,943db6b2a48a471f82dbb73cd7030e21,68f2d95bd190740cfd6a24bc,ENQUEUED,0.3957001101683578,questions_in
2025-10-29T12:47:10.821506,PUBLISH,79a94ee8612d40a58dc82265ff0d47b1,68f2d95bd190740cfd6a30ee,ENQUEUED,0.3652653549558551,questions_in
2025-10-29T12:47:11.307374,PUBLISH,7902b7ec6172408bb6138478438211f7,68f2d95bd190740cfd6a224c,ENQUEUED,0.47873939397210663,questions_in
2025-10-29T12:47:11.642068,PUBLISH,f450834792e74d49822ae31753d60d04,68f2d95bd190740cfd6a2858,ENQUEUED,0.3276786705979693,questions_in
2025-10-29T12:47:11.886833,PUBLISH,ddc2fa16960447aaa117b5f8292a30bb,68f2d95bd190740cfd6a2d39,ENQUEUED,0.24165952375757077,questions_in
2025-10-29T12:47:12.076070,PUBLISH,8b71ef6e76d94fae9a4266064ac46a07,68f2d95bd190740cfd6a3412,ENQUEUED,0.18386923753100337,questions_in
2025-10-29T12:47:12.380206,PUBLISH,3977ab5d61664a7c838532c416358ae8,68f2d95bd190740cfd6a347a,ENQUEUED,0.3021659622180999,questions_in
2025-10-29T12:47:12.876822,PUBLISH,533d48915e114e84a3b8fc95542b6180,68f2d95bd190740cfd6a1fd5,ENQUEUED,0.49070303763432055,questions_in
2025-10-29T12:47:13.335688,PUBLISH,9d3dd02dfc394ec9b13153151dc5a37e,68f2d95bd190740cfd6a2bb4,ENQUEUED,0.45551032020266347,questions_in
2025-10-29T12:47:13.666730,PUBLISH,d41dd2b88a1c4768a0c3d3c16aa118c4,68f2d95bd190740cfd6a2d2f,ENQUEUED,0.3240590246635068,questions_in
2025-10-29T12:47:13.787269,PUBLISH,0379d4e1285e41daad03ef8e5447d1b9,68f2d95bd190740cfd6a1f54,ENQUEUED,0.11734193709394583,questions_in
2025-10-29T12:47:13.996023,PUBLISH,164a8212aec944f4873391fb737d742c,68f2d95bd190740cfd6a2f7a,ENQUEUED,0.2021632401521646,questions_in
2025-10-29T12:47:14.298850,PUBLISH,1a470c9b6ea443768f698a31763ed21d,68f2d95bd190740cfd6a374e,ENQUEUED,0.2967533312976619,questions_in
2025-10-29T12:47:14.518440,PUBLISH,e267525a08d44a6390d1b937873992d6,68f2d95bd190740cfd6a324a,ENQUEUED,0.21346314138926667,questions_in
2025-10-29T12:47:14.928428,PUBLISH,7b18aa8e5be24bf39cdf5a4e949a7701,68f2d95bd190740cfd6a38ba,ENQUEUED,0.40313857916564133,questions_in
2025-10-29T12:47:15.337446,PUBLISH,5ddda50d1ebf4e458a73c96e8005ace6,68f2d95bd190740cfd6a2b37,ENQUEUED,0.40275698480194577,questions_in
2025-10-29T12:47:15.646139,PUBLISH,4a610f4cc6cb4a4d9bbb971dcdd0acca,68f2d95bd190740cfd6a22f4,ENQUEUED,0.3019483232283364,questions_in
2025-10-29T12:47:15.827672,PUBLISH,30c0f893482848ba918b99f9bc7306f4,68f2d95bd190740cfd6a334b,ENQUEUED,0.17496185308320283,questions_in
2025-10-29T12:47:16.322522,PUBLISH,1c0ff41b62274ca289ec45d976f37b5f,68f2d95bd190740cfd6a21a5,ENQUEUED,0.4876187706405263,questions_in
2025-10-29T12:47:16.546290,PUBLISH,55f99683ba89459494eaf9cd39fc900d,68f2d95bd190740cfd6a331f,ENQUEUED,0.2221010907303699,questions_in
2025-10-29T12:47:16.969178,PUBLISH,6054ae68cfb14789bc81a6b7963c17da,68f2d95bd190740cfd6a258d,ENQUEUED,0.4205504922737646,questions_in
2025-10-29T12:47:17.160909,PUBLISH,b9b90c7faf9546039d5e2879ea353323,68f2d95bd190740cfd6a254d,ENQUEUED,0.18541081518286054,questions_in
2025-10-29T12:47:17.297541,PUBLISH,2630341b3f2f4b03acb19d2fe4fb0bd6,68f2d95bd190740cfd6a337d,ENQUEUED,0.1303919483923051,questions_in
2025-10-29T12:47:17.674356,PUBLISH,7d31c9ed1ecd4d65b5952fcbce9fa24d,68f2d95bd190740cfd6a3f1c,ENQUEUED,0.3710052960226117,questions_in
2025-10-29T12:47:17.989349,PUBLISH,6d4d75dff86845d581990461e0d09548,68f2d95bd190740cfd6a4107,ENQUEUED,0.3090066409125028,questions_in
2025-10-29T12:47:18.171551,PUBLISH,15b8cfe9f5334447bfa1e1670f1b4447,68f2d95bd190740cfd6a360b,ENQUEUED,0.17630575581607721,questions_in
2025-10-29T12:47:18.432886,PUBLISH,06b5246c15ef43229c8b2f5b4dac849f,68f2d95bd190740cfd6a1f63,ENQUEUED,0.2586614532524243,questions_in
2025-10-29T12:47:18.793648,PUBLISH,1d42bedca86946da8db8bf3f0b5773a7,68f2d95bd190740cfd6a263d,ENQUEUED,0.35832938390817703,questions_in
2025-10-29T12:47:18.943596,PUBLISH,b024719e6ffd493e852269e95e80aab6,68f2d95bd190740cfd6a417e,ENQUEUED,0.14315939062687436,questions_in
2025-10-29T12:47:19.082880,PUBLISH,4686ab7e1a214c8c818b0816602ee1a7,68f2d95bd190740cfd6a3f64,ENQUEUED,0.13283920338491118,questions_in
2025-10-29T12:47:19.466730,PUBLISH,679af9ee8511485b9916dbfbc190b6eb,68f2d95bd190740cfd6a3e22,ENQUEUED,0.37674861955619565,questions_in
2025-10-29T12:47:19.957055,PUBLISH,58fdbd561ddc4f72b89072019f22dfe3,68f2d95bd190740cfd6a3149,ENQUEUED,0.48832475420200383,questions_in
2025-10-29T12:47:20.293251,PUBLISH,8ba21412d4ce424689c4b48a1fc24ed2,68f2d95bd190740cfd6a1f12,ENQUEUED,0.3301116418296217,questions_in
2025-10-29T12:47:20.636285,PUBLISH,782bb268ea494503ad1853ab901175d7,68f2d95bd190740cfd6a36f6,ENQUEUED,0.33651811078711363,questions_in
2025-10-29T12:47:21.053108,PUBLISH,0fb9493bae4c44f5b71317ef576f4b2c,68f2d95bd190740cfd6a324a,ENQUEUED,0.41047767021597026,questions_in
2025-10-29T12:47:21.496948,PUBLISH,010c68e7731c4b17abe7ba16bf246f23,68f2d95bd190740cfd6a3f5a,ENQUEUED,0.4375604069771559,questions_in
2025-10-29T12:47:21.869158,PUBLISH,0d5a47a950cd4b72b8d0335edef58c8f,68f2d95bd190740cfd6a2e8a,ENQUEUED,0.36957439580175444,questions_in
2025-10-29T12:47:22.088122,PUBLISH,9d58a594320f433fa99bf7da2721bb6e,68f2d95bd190740cfd6a3f75,ENQUEUED,0.21156323742355654,questions_in
2025-10-29T12:47:22.541696,PUBLISH,14b9d3767ea94fb498d8c296e5e0ec8f,68f2d95bd190740cfd6a3e08,ENQUEUED,0.44706303269937353,questions_in
2025-10-29T12:47:22.936282,PUBLISH,3767813cb61f4dc9bd10846e2c900fef,68f2d95bd190740cfd6a3a2f,ENQUEUED,0.3877039232484545,questions_in
2025-10-29T12:47:23.409691,PUBLISH,5a03a048e68947d98d09bcfdf2262469,68f2d95bd190740cfd6a1c56,ENQUEUED,0.46683352463019845,questions_in
2025-10-29T12:47:23.910726,PUBLISH,88cbabef15cd4883bce0978dc7453def,68f2d95bd190740cfd6a2b98,ENQUEUED,0.494919684334732,questions_in
2025-10-29T12:47:24.364275,PUBLISH,90ec477b9e0a4475a991a694e5c866fd,68f2d95bd190740cfd6a3a94,ENQUEUED,0.446754076864619,questions_in
2025-10-29T12:47:24.521379,PUBLISH,e53018588797462e9a9f50b6c20d1ac1,68f2d95bd190740cfd6a34da,ENQUEUED,0.1503995976999437,questions_in
2025-10-29T12:47:24.889823,PUBLISH,19ce0fde5f8c4cdc9bba900dd9ffbdcd,68f2d95bd190740cfd6a3c2f,ENQUEUED,0.3623519995900656,questions_in
2025-10-29T12:47:25.170659,PUBLISH,f03c75d3c44a4203a475c5761a964172,68f2d95bd190740cfd6a269b,ENQUEUED,0.27434897536379005,questions_in
2025-10-29T12:47:25.619093,PUBLISH,e631e45e0a554e7fa8a087d5334ac3ea,68f2d95bd190740cfd6a276e,ENQUEUED,0.44087361284259485,questions_in
2025-10-29T12:47:25.894842,PUBLISH,9895cd606405462eac76c8e35f924920,68f2d95bd190740cfd6a38ae,ENQUEUED,0.26959410975943754,questions_in
2025-10-29T12:47:26.173328,PUBLISH,61a439125a724151a4b487862d7d4f86,68f2d95bd190740cfd6a2fba,ENQUEUED,0.27684940525023616,questions_in
2025-10-29T12:47:26.596699,PUBLISH,1abc4568be6642689ae06498a960748b,68f2d95bd190740cfd6a409e,ENQUEUED,0.42072861201807354,questions_in
2025-10-29T12:47:26.992913,PUBLISH,924806a618a54dce931fadadfcafaf08,68f2d95bd190740cfd6a3d8c,ENQUEUED,0.3898700353457013,questions_in
2025-10-29T12:47:27.343765,PUBLISH,bf5f1f8afe5b477caf7b554163d41bc3,68f2d95bd190740cfd6a324c,ENQUEUED,0.3444361380802168,questions_in
2025-10-29T12:47:27.564378,PUBLISH,1499dba40a4e4ede9090244e2f489713,68f2d95bd190740cfd6a226a,ENQUEUED,0.2140654385759945,questions_in
2025-10-29T12:47:27.675032,PUBLISH,82444dc790a14092838887738716fa5e,68f2d95bd190740cfd6a2939,ENQUEUED,0.10405951548981923,questions_in
2025-10-29T12:47:28.013422,PUBLISH,0abda6661abb45669a841bd84ee2d6c3,68f2d95bd190740cfd6a3843,ENQUEUED,0.3323061790703799,questions_in
2025-10-29T12:47:28.165357,PUBLISH,52a90bfafa744abc8537763ceb3febd6,68f2d95bd190740cfd6a1f59,ENQUEUED,0.1449996748480129,questions_in
2025-10-29T12:47:28.628771,PUBLISH,c1b624305abe40e78be722f1f020b15b,68f2d95bd190740cfd6a409c,ENQUEUED,0.45419026050317446,questions_in
2025-10-29T12:47:28.855510,PUBLISH,3c40c0abee7b4b8eb987cbc4d74a3255,68f2d95bd190740cfd6a3ebd,ENQUEUED,0.220594213790341,questions_in
2025-10-29T12:47:29.136683,PUBLISH,e4bec279a05d4e128a1a94b34c3a63f7,68f2d95bd190740cfd6a2206,ENQUEUED,0.27299923989156266,questions_in
2025-10-29T12:47:29.618806,PUBLISH,3f00ee59a1b24bcd881bf0e13907d9c0,68f2d95bd190740cfd6a203b,ENQUEUED,0.47982664062518443,questions_in
2025-10-29T12:47:29.868920,PUBLISH,cf65563d076d4fae9a10f83b501aff9a,68f2d95bd190740cfd6a2d52,ENQUEUED,0.24394146295655786,questions_in
2025-10-29T12:47:29.994882,PUBLISH,5a1007aacbe64445990008c139342313,68f2d95bd190740cfd6a273d,ENQUEUED,0.12390169509867262,questions_in
2025-10-29T12:47:30.366731,PUBLISH,e5ac2d884e954a4583a570762aef346a,68f2d95bd190740cfd6a26b5,ENQUEUED,0.365171590210974,questions_in
2025-10-29T12:47:30.690402,PUBLISH,ba7c0b6b68874e308b36a5dad93fb7f1,68f2d95bd190740cfd6a3ff6,ENQUEUED,0.32131460810999346,questions_in
2025-10-29T12:47:31.024144,PUBLISH,567d8b501a85412c928fc1f273fa4120,68f2d95bd190740cfd6a2db3,ENQUEUED,0.3280633721124924,questions_in
2025-10-29T12:47:31.149787,PUBLISH,ba00365c4dba496990fff090cd48a3fa,68f2d95bd190740cfd6a3ba3,ENQUEUED,0.1190092728536,questions_in
2025-10-29T12:47:31.415108,PUBLISH,e663187c17d24d30b294e1423ac62970,68f2d95bd190740cfd6a311c,ENQUEUED,0.25901061664053904,questions_in
2025-10-29T12:47:31.789859,PUBLISH,67f27a092a9e4e219ed322f9c169e8ab,68f2d95bd190740cfd6a1c51,ENQUEUED,0.36889748633376473,questions_in
2025-10-29T12:47:32.011239,PUBLISH,6e9a790c237b40bea9adf871548a2fcf,68f2d95bd190740cfd6a41b8,ENQUEUED,0.2147682969980668,questions_in
2025-10-29T12:47:32.402558,PUBLISH,55ff11cfdabe4b25af58e36387f2fbc1,68f2d95bd190740cfd6a3c52,ENQUEUED,0.38528544032861933,questions_in
2025-10-29T12:47:32.888373,PUBLISH,4c32eb02544747c9919c61fb4fefb9c3,68f2d95bd190740cfd6a1c3a,ENQUEUED,0.48031441893437743,questions_in
2025-10-29T12:47:33.058265,PUBLISH,b24a26b12f724cff91894792db46c2b5,68f2d95bd190740cfd6a2abf,ENQUEUED,0.16400863759944584,questions_in
2025-10-29T12:47:33.290821,PUBLISH,f4005d44b1cb48a38aa4588ab953e10b,68f2d95bd190740cfd6a228d,ENQUEUED,0.22604800143533238,questions_in
2025-10-29T12:47:33.507137,PUBLISH,ec49e83c6f8140e291d7823f20fd6235,68f2d95bd190740cfd6a212d,ENQUEUED,0.20952915664854982,questions_in
2025-10-29T12:47:33.647565,PUBLISH,804fa462fbb6408584af40aef9d72692,68f2d95bd190740cfd6a2519,ENQUEUED,0.135520772419788,questions_in
2025-10-29T12:47:33.822040,PUBLISH,bad3139eb5e84962992aa5e88d2b9eb3,68f2d95bd190740cfd6a2419,ENQUEUED,0.17256092124821582,questions_in
2025-10-29T12:47:34.158391,PUBLISH,4c4ec285ec1a48ca9e4756f3cfbb5c31,68f2d95bd190740cfd6a1cd1,ENQUEUED,0.3308978730010004,questions_in
2025-10-29T12:47:34.634435,PUBLISH,79d3689db0794c119a72482353a42354,68f2d95bd190740cfd6a2087,ENQUEUED,0.47044383019205127,questions_in
2025-10-29T12:47:34.770801,PUBLISH,a90af22cd83d4291a7c3ce644e803abb,68f2d95bd190740cfd6a20ce,ENQUEUED,0.1280263400093376,questions_in
2025-10-29T12:47:35.038807,PUBLISH,65754a25d02b47de818cbd30557f3768,68f2d95bd190740cfd6a3d0d,ENQUEUED,0.26211258895067796,questions_in
2025-10-29T12:47:35.530242,PUBLISH,41883baf0fc14b69a3fbfac20f72af77,68f2d95bd190740cfd6a2eb9,ENQUEUED,0.48475716973537697,questions_in
2025-10-29T12:47:35.877900,PUBLISH,f369b340aa304a23b4d15d5733dd74c2,68f2d95bd190740cfd6a2389,ENQUEUED,0.34579823624075046,questions_in
2025-10-29T12:47:35.997462,PUBLISH,0014bcbcd40f4b7bb342a51b96cd1bab,68f2d95bd190740cfd6a389a,ENQUEUED,0.11253168620554388,questions_in
2025-10-29T12:47:36.153632,PUBLISH,df52df5445a14b5eafd5847504fbe488,68f2d95bd190740cfd6a1fe5,ENQUEUED,0.15000173190794755,questions_in
2025-10-29T12:47:36.571848,PUBLISH,5dffeb7e8c7a44d6bb2255aa5db8fcd5,68f2d95bd190740cfd6a35ec,ENQUEUED,0.41230751598500903,questions_in
2025-10-29T12:47:37.054461,PUBLISH,71a65808341b4bf8a92e08868d0be20c,68f2d95bd190740cfd6a327d,ENQUEUED,0.4802988969012453,questions_in
2025-10-29T12:47:37.450362,PUBLISH,188a8ea348fb45a9864daacd8908cf59,68f2d95bd190740cfd6a1bf2,ENQUEUED,0.38963885961668576,questions_in
2025-10-29T12:47:37.840134,PUBLISH,7ad7db9eca964abd93409a9bd3142a29,68f2d95bd190740cfd6a20fe,ENQUEUED,0.38350955257891517,questions_in
2025-10-29T12:47:38.258170,PUBLISH,4df70591384242a38998cc0eb957e688,68f2d95bd190740cfd6a3a0c,ENQUEUED,0.4117043994083107,questions_in
2025-10-29T12:47:38.428320,PUBLISH,c69d634b59d04eca968042c635299e27,68f2d95bd190740cfd6a2366,ENQUEUED,0.16433004891894643,questions_in
2025-10-29T12:47:38.742567,PUBLISH,d565c3ca55734ed089c67cb3ad766ddf,68f2d95bd190740cfd6a4156,ENQUEUED,0.31186310941587836,questions_in
2025-10-29T12:47:38.913231,PUBLISH,c296841db45b4659bb6e54b48f21f1cb,68f2d95bd190740cfd6a38a2,ENQUEUED,0.16888703188579615,questions_in
2025-10-29T12:47:39.070634,PUBLISH,f88b7dfd2214409fbcb96fe4cdb7d764,68f2d95bd190740cfd6a2802,ENQUEUED,0.15172893704005333,questions_in
2025-10-29T12:47:39.572359,PUBLISH,56fed03ca448487eb0c2d65caba88396,68f2d95bd190740cfd6a2083,ENQUEUED,0.4960429412818206,questions_in
2025-10-29T12:47:39.872372,PUBLISH,591c5d41cbe24d61a74358b654eb5d98,68f2d95bd190740cfd6a1bf0,ENQUEUED,0.2938063313420317,questions_in
2025-10-29T12:47:40.126196,PUBLISH,a11dafe2ee744ea58f0c5512c4a46328,68f2d95bd190740cfd6a359b,ENQUEUED,0.2494337089630171,questions_in
2025-10-29T12:47:40.424704,PUBLISH,6abf7030ecc641b6bbcf2e9515ca71b0,68f2d95bd190740cfd6a1d2e,ENQUEUED,0.2920125377823086,questions_in
2025-10-29T12:47:40.648158,PUBLISH,0f18b7e06daf4cb58c378e29a11bb434,68f2d95bd190740cfd6a3bb1,ENQUEUED,0.21630847096169462,questions_in
2025-10-29T12:47:41.028495,PUBLISH,28b23586336b459a9919315aff7bdc77,68f2d95bd190740cfd6a2c96,ENQUEUED,0.3772332164235809,questions_in
2025-10-29T12:47:41.355427,PUBLISH,6893c6d25b4743f783fe1a6c945d7a62,68f2d95bd190740cfd6a3656,ENQUEUED,0.32104399054429245,questions_in
2025-10-29T12:47:41.717030,PUBLISH,3adeab55cb9644129be9546fa11e38d0,68f2d95bd190740cfd6a415f,ENQUEUED,0.3554270682190025,questions_in
2025-10-29T12:47:42.045243,PUBLISH,d041954f44134dd9a66d743d3b7dce70,68f2d95bd190740cfd6a25ba,ENQUEUED,0.32366114932561346,questions_in
2025-10-29T12:47:42.241711,PUBLISH,9a19f192e6274238adf168476b4674cd,68f2d95bd190740cfd6a250f,ENQUEUED,0.1897471308918246,questions_in
2025-10-29T12:47:42.428724,PUBLISH,2fb42aca7220493b9b3132d44aa42c7e,68f2d95bd190740cfd6a1f7d,ENQUEUED,0.18010890329018858,questions_in
2025-10-29T12:47:42.819264,PUBLISH,9d7ba19a118e48bc8e34a57995e903d2,68f2d95bd190740cfd6a3795,ENQUEUED,0.38461428619903504,questions_in
2025-10-29T12:47:42.968005,PUBLISH,205d82634ea94b40bca2269c83abd4a9,68f2d95bd190740cfd6a2c1a,ENQUEUED,0.14289967433008874,questions_in
2025-10-29T12:47:43.219635,PUBLISH,b4be59b8fa34485c930bc5c7f9e44a2b,68f2d95bd190740cfd6a3861,ENQUEUED,0.2450353473804397,questions_in
2025-10-29T12:47:43.541337,PUBLISH,456d227151814ab592a62f2b20bc6100,68f2d95bd190740cfd6a2545,ENQUEUED,0.31633227872904623,questions_in
2025-10-29T12:47:43.838317,PUBLISH,ef9ce8cdeaaa499282f03dc76531f79a,68f2d95bd190740cfd6a1aeb,ENQUEUED,0.2931125084555497,questions_in
2025-10-29T12:47:44.070362,PUBLISH,f42b84af7ac444818ebbd811c608d410,68f2d95bd190740cfd6a24af,ENQUEUED,0.22612319707605552,questions_in
2025-10-29T12:47:44.391266,PUBLISH,14f15f38d7464657a9a42f872e5a3780,68f2d95bd190740cfd6a2b44,ENQUEUED,0.3142023912532624,questions_in
2025-10-29T12:47:44.681204,PUBLISH,b4d3e5e80d194be8a3e1f9c5b34baeb5,68f2d95bd190740cfd6a34cb,ENQUEUED,0.28190182047399137,questions_in
2025-10-29T12:47:45.061824,PUBLISH,678772a6775f40b79e4cba7f6249adeb,68f2d95bd190740cfd6a2168,ENQUEUED,0.3736044475512359,questions_in
2025-10-29T12:47:45.522214,PUBLISH,2165c8fa461d4aa995716497f071fc32,68f2d95bd190740cfd6a3f18,ENQUEUED,0.4536553105225791,questions_in
2025-10-29T12:47:46.026083,PUBLISH,49da5a91ae0645dcb7e2700c52064f99,68f2d95bd190740cfd6a3ffb,ENQUEUED,0.4986697160048875,questions_in
2025-10-29T12:47:46.383439,PUBLISH,344939239eb8476daba3e5d77ce13694,68f2d95bd190740cfd6a36cc,ENQUEUED,0.35099155728115417,questions_in
2025-10-29T12:47:46.658918,PUBLISH,1f704df9174740f2884b7eeb32905315,68f2d95bd190740cfd6a1d94,ENQUEUED,0.2693449071883235,questions_in
2025-10-29T12:47:46.941936,PUBLISH,201a994ade4641a1ad2c16543ec2c2e9,68f2d95bd190740cfd6a3113,ENQUEUED,0.27634517467257835,questions_in
2025-10-29T12:47:47.337006,PUBLISH,e0662d1a392a4359b488f87b71c8bb46,68f2d95bd190740cfd6a39f7,ENQUEUED,0.389226036787821,questions_in
2025-10-29T12:47:47.568377,PUBLISH,72a4428139c24dca94af379808a9d575,68f2d95bd190740cfd6a1cdb,ENQUEUED,0.22574148809128514,questions_in
2025-10-29T12:47:47.746681,PUBLISH,d8f1e5523a8e4a919964274560fb93fe,68f2d95bd190740cfd6a2e6e,ENQUEUED,0.17058862170499506,questions_in
2025-10-29T12:47:48.051705,PUBLISH,9c7ccff55482469281ef58a1a79fa3e5,68f2d95bd190740cfd6a1d6b,ENQUEUED,0.298894927437763,questions_in
2025-10-29T12:47:48.523415,PUBLISH,ccc9e83103524f9994319c5b48d94509,68f2d95bd190740cfd6a31c6,ENQUEUED,0.46284467454783085,questions_in
2025-10-29T12:47:48.780124,PUBLISH,401631cef5ce4a84b004cb3acba1e00e,68f2d95bd190740cfd6a271a,ENQUEUED,0.24894887679515212,questions_in
2025-10-29T12:47:48.896465,PUBLISH,7b454e42c87e4116bc0c5da8057b46fb,68f2d95bd190740cfd6a2b16,ENQUEUED,0.10915527156129659,questions_in
2025-10-29T12:47:49.148661,PUBLISH,e72574763286464a9a0b0762a3cff7d7,68f2d95bd190740cfd6a41bc,ENQUEUED,0.24635870596767276,questions_in
2025-10-29T12:47:49.488400,PUBLISH,217daa3dfa054ec9982f11381180f59d,68f2d95bd190740cfd6a3c98,ENQUEUED,0.33314588797983774,questions_in
2025-10-29T12:47:49.835207,PUBLISH,3aa399b108d24f4aa7c965450b65f38a,68f2d95bd190740cfd6a26c8,ENQUEUED,0.3405812961187784,questions_in
2025-10-29T12:47:50.055005,PUBLISH,6d9443e36e1143f49feda1c8a66c63e2,68f2d95bd190740cfd6a1b72,ENQUEUED,0.21352856819303268,questions_in
2025-10-29T12:47:50.314139,PUBLISH,fd6f1f9a08194c89b13b56bd6758ad04,68f2d95bd190740cfd6a2934,ENQUEUED,0.2524542419043179,questions_in
2025-10-29T12:47:50.584079,PUBLISH,f01172cd1425414baa865d7508c59df9,68f2d95bd190740cfd6a37ec,ENQUEUED,0.2637597278932638,questions_in
2025-10-29T12:47:50.909131,PUBLISH,d11d31d2ed194494bc019f87a040498d,68f2d95bd190740cfd6a40bf,ENQUEUED,0.3182220435172943,questions_in
2025-10-29T12:47:51.283894,PUBLISH,77781bbe0c894502bd99e5276bf73249,68f2d95bd190740cfd6a2eeb,ENQUEUED,0.36824861215580107,questions_in
2025-10-29T12:47:51.763781,PUBLISH,3d8388b310bd4f159a9a6b8af00f47a0,68f2d95bd190740cfd6a1e9b,ENQUEUED,0.473016930433814,questions_in
2025-10-29T12:47:52.013474,PUBLISH,7733c58d36bf4cbaa322610f61e71dc1,68f2d95bd190740cfd6a1b75,ENQUEUED,0.24344945773726098,questions_in
2025-10-29T12:47:52.355489,PUBLISH,af99fc9948524e46adcc61e957812024,68f2d95bd190740cfd6a29b3,ENQUEUED,0.3360136772577289,questions_in
2025-10-29T12:47:52.536435,PUBLISH,5e87147bc1ef44be9982c5e08cbe1afa,68f2d95bd190740cfd6a40dc,ENQUEUED,0.17146274506036022,questions_in
2025-10-29T12:47:52.707516,PUBLISH,019e5663fd274eedb462f60d51c7b4be,68f2d95bd190740cfd6a2e46,ENQUEUED,0.1654307915385206,questions_in
2025-10-29T12:47:52.999174,PUBLISH,58b6b3ee5eca4892b748b5586317563f,68f2d95bd190740cfd6a1af4,ENQUEUED,0.2850014370017633,questions_in
2025-10-29T12:47:53.351379,PUBLISH,9b0be624793f407abcb334222c2b5a19,68f2d95bd190740cfd6a21e3,ENQUEUED,0.34584821865939164,questions_in
2025-10-29T12:47:53.800123,PUBLISH,eb98e38c0b3c4995aab78934bb5d1359,68f2d95bd190740cfd6a2335,ENQUEUED,0.44244566281385456,questions_in
2025-10-29T12:47:54.085944,PUBLISH,e8a0b7b3df80427f9d9ec8f573b77497,68f2d95bd190740cfd6a3485,ENQUEUED,0.2840218333687574,questions_in
2025-10-29T12:47:54.576317,PUBLISH,f1725292d48d4550ada6e3c634168c7f,68f2d95bd190740cfd6a1b75,ENQUEUED,0.4875494064191196,questions_in
2025-10-29T12:47:55.014727,PUBLISH,eea1a5b13e654a00b81572b9c0325dde,68f2d95bd190740cfd6a3cb1,ENQUEUED,0.43256193836192003,questions_in
2025-10-29T12:47:55.475562,PUBLISH,4885399f4843494896aa214e962b94f6,68f2d95bd190740cfd6a38c6,ENQUEUED,0.458115871496818,questions_in
2025-10-29T12:47:55.719042,PUBLISH,3f712c75b27a4cc1bb305a384e0fd24e,68f2d95bd190740cfd6a1fe3,ENQUEUED,0.2376435487883753,questions_in
2025-10-29T12:47:55.825757,PUBLISH,c87f225a3da04d808289f4234b3ae851,68f2d95bd190740cfd6a308d,ENQUEUED,0.10370470577033074,questions_in
2025-10-29T12:47:56.084581,PUBLISH,55b5d58ef55241adbb4ba06602707cff,68f2d95bd190740cfd6a300e,ENQUEUED,0.2518526590959821,questions_in
2025-10-29T12:47:56.388637,PUBLISH,9b3c0f5c3efa444aa3be4402ed63ecf9,68f2d95bd190740cfd6a1d1c,ENQUEUED,0.29788709726585655,questions_in
2025-10-29T12:47:56.852648,PUBLISH,7ba477efcf2e448cbdb3a106e6500375,68f2d95bd190740cfd6a24da,ENQUEUED,0.457972642431287,questions_in
2025-10-29T12:47:56.997190,PUBLISH,6fa7bb0a88464bba8dc146e0a44b03f4,68f2d95bd190740cfd6a1c8e,ENQUEUED,0.13906081715624208,questions_in
2025-10-29T12:47:57.222055,PUBLISH,98edd7f3607b4828940c0f515649e408,68f2d95bd190740cfd6a3389,ENQUEUED,0.2208256336721262,questions_in
2025-10-29T12:47:57.507489,PUBLISH,ef7a42fd09754159806bd9d3d831d64f,68f2d95bd190740cfd6a20b8,ENQUEUED,0.27944776493996765,questions_in
2025-10-29T12:47:57.874034,PUBLISH,a9e90b178fcd46d7be2385bf2e6fb530,68f2d95bd190740cfd6a297f,ENQUEUED,0.35808923748803423,questions_in
2025-10-29T12:47:58.025532,PUBLISH,380ee5bf7d11448aa7a894311bcced97,68f2d95bd190740cfd6a3080,ENQUEUED,0.14754872655780318,questions_in
2025-10-29T12:47:58.192409,PUBLISH,0ebe382e8d13429295c263d0e990faab,68f2d95bd190740cfd6a2f2f,ENQUEUED,0.16380431742909274,questions_in
2025-10-29T12:47:58.609742,PUBLISH,e163f5f1d49c4570a3b4dda4155004c9,68f2d95bd190740cfd6a3ba2,ENQUEUED,0.41487178961303384,questions_in
2025-10-29T12:47:58.850439,PUBLISH,c390192974e14f3dae2c88fea0f1cac5,68f2d95bd190740cfd6a1db5,ENQUEUED,0.2364745358491312,questions_in
2025-10-29T12:47:58.984032,PUBLISH,55126a634cf84d429ac757d73636cace,68f2d95bd190740cfd6a385d,ENQUEUED,0.12694956230715937,questions_in
2025-10-29T12:47:59.094400,PUBLISH,93dcdf5e8dea41a7b09d313bfc02953d,68f2d95bd190740cfd6a1f48,ENQUEUED,0.10789929185196452,questions_in
2025-10-29T12:47:59.561931,PUBLISH,a43c8251d01247d988388be0cd08f235,68f2d95bd190740cfd6a2c78,ENQUEUED,0.4602697572599923,questions_in
2025-10-29T12:47:59.698184,PUBLISH,d870319c5e9e4210a6068ce0d181b010,68f2d95bd190740cfd6a3f08,ENQUEUED,0.12796270428750858,questions_in
2025-10-29T12:48:00.024227,PUBLISH,a2880f36b4f54fca9d9e184519b7ecbc,68f2d95bd190740cfd6a3e29,ENQUEUED,0.3178859385045393,questions_in
2025-10-29T12:48:00.247049,PUBLISH,f8c300a35bf44e6ba9d4ff517c3eaba1,68f2d95bd190740cfd6a3c8e,ENQUEUED,0.21568665359168984,questions_in
2025-10-29T12:48:00.634307,PUBLISH,7662fdce298e4a54a8eebadf206cb4e4,68f2d95bd190740cfd6a1e39,ENQUEUED,0.3814951697370106,questions_in
2025-10-29T12:48:00.951336,PUBLISH,3e49831937cc4db2a5d4b88f86d808b1,68f2d95bd190740cfd6a1fd3,ENQUEUED,0.31163208939404063,questions_in
2025-10-29T12:48:01.211355,PUBLISH,ef762d1dc3764b6e84b0c15c3b865412,68f2d95bd190740cfd6a1fc1,ENQUEUED,0.25666859022115507,questions_in
2025-10-29T12:48:01.605350,PUBLISH,629670855d2d4843b74a464c3850b580,68f2d95bd190740cfd6a2aed,ENQUEUED,0.3925417745827462,questions_in
2025-10-29T12:48:02.089955,PUBLISH,0277d682ffe24d5d954d225ebf76fa94,68f2d95bd190740cfd6a2c68,ENQUEUED,0.4782769765975715,questions_in
2025-10-29T12:48:02.565300,PUBLISH,bb285412a84b4398a78b2dde6e7db25e,68f2d95bd190740cfd6a2889,ENQUEUED,0.4692372685261522,questions_in
2025-10-29T12:48:02.828971,PUBLISH,f538fb049f5a4495ba59d2f30027a700,68f2d95bd190740cfd6a2ac0,ENQUEUED,0.26086197839988556,questions_in
2025-10-29T12:48:03.013412,PUBLISH,10e21e0291364e42bca42fb0d9d3b247,68f2d95bd190740cfd6a3b3d,ENQUEUED,0.17843242757867875,questions_in
2025-10-29T12:48:03.303423,PUBLISH,690aeafb5cb848118e2642acc7cefa93,68f2d95bd190740cfd6a28b2,ENQUEUED,0.28814158320811667,questions_in
2025-10-29T12:48:03.447566,PUBLISH,53532ace25204f3fb41f8e3ef2bd1ba1,68f2d95bd190740cfd6a300b,ENQUEUED,0.1384771588479682,questions_in
2025-10-29T12:48:03.835853,PUBLISH,26de81eedf914181b465ab51ff385fc8,68f2d95bd190740cfd6a3bfb,ENQUEUED,0.38148203956645144,questions_in
2025-10-29T12:48:04.138589,PUBLISH,6ea1a6dcd81e43f28f54fa5acee42f41,68f2d95bd190740cfd6a3175,ENQUEUED,0.2960108997262684,questions_in
2025-10-29T12:48:04.343865,PUBLISH,3ebb8bada4ac47d0af01e0082b1ffd8c,68f2d95bd190740cfd6a29b4,ENQUEUED,0.1985384269951315,questions_in
2025-10-29T12:48:04.735070,PUBLISH,5ff507469f9c4034b3436177f86493d8,68f2d95bd190740cfd6a2686,ENQUEUED,0.38490829143127003,questions_in
2025-10-29T12:48:05.119059,PUBLISH,57c61a25fd204359a7fefc0ca62b4e9f,68f2d95bd190740cfd6a24a9,ENQUEUED,0.37731699807280494,questions_in
2025-10-29T12:48:05.287437,PUBLISH,204acc0f1fd040b48ccfcd60f0450c0f,68f2d95bd190740cfd6a2957,ENQUEUED,0.16139457903506502,questions_in
2025-10-29T12:48:05.527893,PUBLISH,9a6745f1cbb84dcab343abc9d1c7eb07,68f2d95bd190740cfd6a4189,ENQUEUED,0.23364249394411984,questions_in
2025-10-29T12:48:05.963389,PUBLISH,fc4bd340803d439a8f658c08e9199b15,68f2d95bd190740cfd6a3163,ENQUEUED,0.42959840985274955,questions_in
2025-10-29T12:48:06.278938,PUBLISH,c4b15d5a67234403aec3827d15522800,68f2d95bd190740cfd6a3d97,ENQUEUED,0.3094438066543271,questions_in
2025-10-29T12:48:06.686407,PUBLISH,5ec893a7404d4e0ca559f21dc5e0b72a,68f2d95bd190740cfd6a25b8,ENQUEUED,0.40575625929005266,questions_in
2025-10-29T12:48:06.876685,PUBLISH,cb7e7686c98845ed97f22ea84dedc768,68f2d95bd190740cfd6a2366,ENQUEUED,0.18231487136538177,questions_in
2025-10-29T12:48:07.160028,PUBLISH,b20b69026d8e4c77a2fb69ce958f51c6,68f2d95bd190740cfd6a4112,ENQUEUED,0.2771093210209586,questions_in
2025-10-29T12:48:07.389013,PUBLISH,29f2c37202c1462dba9052642ae3a540,68f2d95bd190740cfd6a3d7b,ENQUEUED,0.22218593534125664,questions_in
2025-10-29T12:48:07.743727,PUBLISH,0411fe38d784407bb42aaf007b5c5cba,68f2d95bd190740cfd6a3e8a,ENQUEUED,0.34869967926629286,questions_in
2025-10-29T12:48:07.858740,PUBLISH,887504691c994736bcd3516ccdec5eeb,68f2d95bd190740cfd6a37d5,ENQUEUED,0.11261235336458877,questions_in
2025-10-29T12:48:08.161761,PUBLISH,176079ea5d914b448452020d64c56238,68f2d95bd190740cfd6a2c32,ENQUEUED,0.29587081344962285,questions_in
2025-10-29T12:48:08.522303,PUBLISH,f3ad7b91a3f24c58ab5431ca91f083c9,68f2d95bd190740cfd6a2a46,ENQUEUED,0.3539993344943013,questions_in
2025-10-29T12:48:08.635530,PUBLISH,a18ed1ab56224a2598420a1db5129842,68f2d95bd190740cfd6a2764,ENQUEUED,0.10615372327717601,questions_in
2025-10-29T12:48:09.063803,PUBLISH,cf3c1ee680084e349d2d74f9bacb4499,68f2d95bd190740cfd6a23b4,ENQUEUED,0.4255794628834254,questions_in
2025-10-29T12:48:09.298807,PUBLISH,a0b60d2c0f7541dd979cf942a93054d0,68f2d95bd190740cfd6a3aa6,ENQUEUED,0.22856463319509346,questions_in
2025-10-29T12:48:09.484069,PUBLISH,2ab283182ea14761955eecc9cc40c5ba,68f2d95bd190740cfd6a37eb,ENQUEUED,0.1785900353669531,questions_in
2025-10-29T12:48:09.693653,PUBLISH,e091c4b499b64d3884c25fe085b194e6,68f2d95bd190740cfd6a41a8,ENQUEUED,0.20332631827577005,questions_in
2025-10-29T12:48:10.145884,PUBLISH,90b7421ad70e41d0bc10a4b582509ff9,68f2d95bd190740cfd6a26ae,ENQUEUED,0.44567837285756084,questions_in
2025-10-29T12:48:10.645821,PUBLISH,c8c393adf4ab435b89d47b7862580f28,68f2d95bd190740cfd6a239e,ENQUEUED,0.49664341698643366,questions_in
2025-10-29T12:48:10.800933,PUBLISH,50a05e15603246aa8eec8c7715bce044,68f2d95bd190740cfd6a293b,ENQUEUED,0.15046126759738898,questions_in
2025-10-29T12:48:11.149664,PUBLISH,34024e2c24744479a07bbba31c452ec9,68f2d95bd190740cfd6a2f58,ENQUEUED,0.345647258923842,questions_in
2025-10-29T12:48:11.639055,PUBLISH,c72afbee762149b590042ccd9342ecaf,68f2d95bd190740cfd6a1c86,ENQUEUED,0.48176664871783004,questions_in
2025-10-29T12:48:11.925395,PUBLISH,0e62cf079bdd4ddcbf9c7d8b79756f48,68f2d95bd190740cfd6a1f7e,ENQUEUED,0.2779494942362324,questions_in
2025-10-29T12:48:12.226644,PUBLISH,f949725c7c974496939ed706900fc93f,68f2d95bd190740cfd6a3d89,ENQUEUED,0.29388716802042425,questions_in
2025-10-29T12:48:12.577710,PUBLISH,bc30c0a3777a4e3e9679b1f574194269,68f2d95bd190740cfd6a3963,ENQUEUED,0.34544589166884454,questions_in
2025-10-29T12:48:12.841854,PUBLISH,65e8ea65a3b4496081372c1734c217ed,68f2d95bd190740cfd6a2dab,ENQUEUED,0.2618645054898885,questions_in
2025-10-29T12:48:13.317197,PUBLISH,a8b9b66be2cc4d94b6f09d847236b8cb,68f2d95bd190740cfd6a1c11,ENQUEUED,0.46960223784509625,questions_in
2025-10-29T12:48:13.661812,PUBLISH,cb72721ac1dc41a0946497633d431b66,68f2d95bd190740cfd6a2e76,ENQUEUED,0.3383974478521963,questions_in
2025-10-29T12:48:13.931847,PUBLISH,320ccc9d73ff43f886235c344df6f605,68f2d95bd190740cfd6a370c,ENQUEUED,0.26252293278461997,questions_in
2025-10-29T12:48:14.234556,PUBLISH,fc51979d96b943f981a4f2730ce1d793,68f2d95bd190740cfd6a3eca,ENQUEUED,0.2988781878319725,questions_in
2025-10-29T12:48:14.529320,PUBLISH,dced328fb1c4460e8b955fbc8aca5c1e,68f2d95bd190740cfd6a35ac,ENQUEUED,0.2928393187153432,questions_in
2025-10-29T12:48:14.946370,PUBLISH,adbe8e1bc75447028bacff041966770c,68f2d95bd190740cfd6a35a1,ENQUEUED,0.41158573850956537,questions_in
2025-10-29T12:48:15.259733,PUBLISH,1ceb8ac0f97a46678da87d828af1b5f9,68f2d95bd190740cfd6a1be4,ENQUEUED,0.30746686697355663,questions_in
2025-10-29T12:48:15.510317,PUBLISH,828183056db842bbb18398de89a89420,68f2d95bd190740cfd6a35fa,ENQUEUED,0.24410974492032694,questions_in
2025-10-29T12:48:16.000877,PUBLISH,f5b1078d744f443e90ac95ad96df0f96,68f2d95bd190740cfd6a1e20,ENQUEUED,0.4882508621048255,questions_in
2025-10-29T12:48:16.332570,PUBLISH,f5ee8fdc578b4c948c7f5b7ae6e855a8,68f2d95bd190740cfd6a2ad6,ENQUEUED,0.3250084716728381,questions_in
2025-10-29T12:48:16.531988,PUBLISH,8bfa87a64c19443c84a418dc56f8d3c7,68f2d95bd190740cfd6a284e,ENQUEUED,0.1926098482262667,questions_in
2025-10-29T12:48:16.949010,PUBLISH,40ba374cc43948d9ab291533ac50eadb,68f2d95bd190740cfd6a2f64,ENQUEUED,0.41117483921272435,questions_in
2025-10-29T12:48:17.118105,PUBLISH,012975fd6b91417cbc009f0b4b2ad600,68f2d95bd190740cfd6a29d9,ENQUEUED,0.16325845625524282,questions_in
2025-10-29T12:48:17.504008,PUBLISH,d2607628de6148f795397cf49e67a0cb,68f2d95bd190740cfd6a2f11,ENQUEUED,0.3819347733184595,questions_in
2025-10-29T12:48:17.653440,PUBLISH,b60bfa075f3d4ab096993f6cd2751499,68f2d95bd190740cfd6a2eef,ENQUEUED,0.14240016610761166,questions_in
2025-10-29T12:48:17.948570,PUBLISH,d539169b52c24599bbb0663f61525523,68f2d95bd190740cfd6a3755,ENQUEUED,0.28865699711418735,questions_in
2025-10-29T12:48:18.219083,PUBLISH,1ff9617c398c4b07a0c858a219bca0b8,68f2d95bd190740cfd6a22b0,ENQUEUED,0.2647516401438868,questions_in
2025-10-29T12:48:18.341944,PUBLISH,daf9a85a4ad44f3da910c57c2c31c191,68f2d95bd190740cfd6a394d,ENQUEUED,0.11569936329282747,questions_in
2025-10-29T12:48:18.641175,PUBLISH,d130c0a7a56f45259759e5db4b144b75,68f2d95bd190740cfd6a29be,ENQUEUED,0.29692939489422465,questions_in
2025-10-29T12:48:19.044532,PUBLISH,390c07d1790e44de96ac79673c8b1244,68f2d95bd190740cfd6a390c,ENQUEUED,0.4008910002868996,questions_in
2025-10-29T12:48:19.200910,PUBLISH,b40885f0476341f7b3bd4330ecf51d17,68f2d95bd190740cfd6a31c5,ENQUEUED,0.15043778431117105,questions_in
2025-10-29T12:48:19.668844,PUBLISH,3e0f07ebb2ec4c45aaac379af4d7f840,68f2d95bd190740cfd6a3fef,ENQUEUED,0.4620587497465307,questions_in
2025-10-29T12:48:19.966430,PUBLISH,3ef0b846c5414b27b3be4da15d07fd13,68f2d95bd190740cfd6a2611,ENQUEUED,0.2900398595495224,questions_in
2025-10-29T12:48:20.264127,PUBLISH,f65ae81cd68d4dcbabd98ff16cc820cd,68f2d95bd190740cfd6a3704,ENQUEUED,0.29361644800953757,questions_in
2025-10-29T12:48:20.744682,PUBLISH,0ac7a86b13d74e418957554d931941c5,68f2d95bd190740cfd6a1c46,ENQUEUED,0.4786582988414553,questions_in
2025-10-29T12:48:20.926980,PUBLISH,d78c69976cff428d8ee5cc7b361c3cb2,68f2d95bd190740cfd6a20e6,ENQUEUED,0.17793544309674791,questions_in
2025-10-29T12:48:21.222707,PUBLISH,7dac5cc35ee24b0598bef5382a1467e8,68f2d95bd190740cfd6a2e9a,ENQUEUED,0.2886894092453933,questions_in
2025-10-29T12:48:21.708602,PUBLISH,20c4ac93727b4bfdae2c018f63d7f3c5,68f2d95bd190740cfd6a2f84,ENQUEUED,0.4788619586320424,questions_in
2025-10-29T12:48:21.973224,PUBLISH,40245a82a57f43979f05cf37bef0a4f7,68f2d95bd190740cfd6a2b50,ENQUEUED,0.26220029859300675,questions_in
2025-10-29T12:48:22.362355,PUBLISH,e53c861927da4fcd8c593109b9998577,68f2d95bd190740cfd6a2aeb,ENQUEUED,0.38712355556708744,questions_in
2025-10-29T12:48:22.821442,PUBLISH,ec94d20a370846ba9af52760bd8acef9,68f2d95bd190740cfd6a211c,ENQUEUED,0.4511466344214722,questions_in
2025-10-29T12:48:23.275057,PUBLISH,fca7d4e4bbed413f871f08530ddf1953,68f2d95bd190740cfd6a2d19,ENQUEUED,0.4470319713139892,questions_in
2025-10-29T12:48:23.594417,PUBLISH,670c26416c6a44c5a59d9fee225b5da6,68f2d95bd190740cfd6a36e7,ENQUEUED,0.3134285738661523,questions_in
2025-10-29T12:48:24.087351,PUBLISH,7d71eba73c1f44889ac54b001684b71a,68f2d95bd190740cfd6a399b,ENQUEUED,0.49065482935266413,questions_in
2025-10-29T12:48:24.493189,PUBLISH,f108a0184c814a14979bb696a62d2794,68f2d95bd190740cfd6a1d8a,ENQUEUED,0.3997000360399966,questions_in
2025-10-29T12:48:24.690030,PUBLISH,8ee9aac127e240cb93d70a757452d38d,68f2d95bd190740cfd6a2548,ENQUEUED,0.19365791647818564,questions_in
2025-10-29T12:48:24.975885,PUBLISH,826d9571cb424897a09ca8b9084879e6,68f2d95bd190740cfd6a4156,ENQUEUED,0.28338743237021746,questions_in
2025-10-29T12:48:25.148194,PUBLISH,c8b81b78ef404cf184750d059e21f68f,68f2d95bd190740cfd6a2142,ENQUEUED,0.1651310666793691,questions_in
2025-10-29T12:48:25.512786,PUBLISH,66e23acd432544d0bf5ada93ff422ef7,68f2d95bd190740cfd6a33ba,ENQUEUED,0.35868741256578873,questions_in
2025-10-29T12:48:25.768729,PUBLISH,a0e53a127e83472eab2a2bff659ca7e6,68f2d95bd190740cfd6a25c8,ENQUEUED,0.24849131955715822,questions_in
2025-10-29T12:48:25.933504,PUBLISH,27527209744a4f88960eb67619d56d3e,68f2d95bd190740cfd6a2e51,ENQUEUED,0.1585674324290014,questions_in
2025-10-29T12:48:26.313604,PUBLISH,340c21e60574440a8b60ccdbf8674f83,68f2d95bd190740cfd6a2e96,ENQUEUED,0.37399395637921373,questions_in
2025-10-29T12:48:26.481416,PUBLISH,708f7022763e4813b001957eac1ddd1b,68f2d95bd190740cfd6a2c72,ENQUEUED,0.16555200177408846,questions_in
2025-10-29T12:48:26.708597,PUBLISH,d41adb28824d4e3ba2c8e53218e455c4,68f2d95bd190740cfd6a3280,ENQUEUED,0.21916404124055044,questions_in
2025-10-29T12:48:26.993112,PUBLISH,f14a673457a3437f8abeda5167983ef1,68f2d95bd190740cfd6a2556,ENQUEUED,0.27794630125300845,questions_in
2025-10-29T12:48:27.177710,PUBLISH,ec26bf25cd2b4bf7a41ad4170b3cc5ba,68f2d95bd190740cfd6a2b83,ENQUEUED,0.17958804394119232,questions_in
2025-10-29T12:48:27.601088,PUBLISH,b9c641ebad7d44c8ac4bd047b3a0a8f3,68f2d95bd190740cfd6a386b,ENQUEUED,0.4167739323674362,questions_in
2025-10-29T12:48:27.990372,PUBLISH,0cbbf3da0cdd4e199b3589bf22a5692d,68f2d95bd190740cfd6a3f8d,ENQUEUED,0.3861653432014406,questions_in
2025-10-29T12:48:28.227985,PUBLISH,6a87000cd55442ce931575497334c393,68f2d95bd190740cfd6a3004,ENQUEUED,0.23079320811127155,questions_in
2025-10-29T12:48:28.555559,PUBLISH,8a6a95604ae14c369a8c706272bcdf29,68f2d95bd190740cfd6a27a9,ENQUEUED,0.32028373715783043,questions_in
2025-10-29T12:48:28.927772,PUBLISH,527edbc3646c48309aed0cdbe5e9ed98,68f2d95bd190740cfd6a3827,ENQUEUED,0.3702805487248688,questions_in
2025-10-29T12:48:29.100929,PUBLISH,27456afe6ac7492c84fb5accd98ff1ec,68f2d95bd190740cfd6a1f25,ENQUEUED,0.16639255356774335,questions_in
2025-10-29T12:48:29.352608,PUBLISH,6e1352de8e2e4c7bb82dfec63ec252a5,68f2d95bd190740cfd6a405a,ENQUEUED,0.24588310015264683,questions_in
2025-10-29T12:48:29.789272,PUBLISH,564eaa41b6a44143b13385d4ac606230,68f2d95bd190740cfd6a2414,ENQUEUED,0.42849454156884537,questions_in
2025-10-29T12:48:29.992212,PUBLISH,04c095fa20f040c2ba99f7bdaac7f4d4,68f2d95bd190740cfd6a2b4c,ENQUEUED,0.196837676186423,questions_in
2025-10-29T12:48:30.237331,PUBLISH,baf6587ce607410daec8da568d8dfc1f,68f2d95bd190740cfd6a385d,ENQUEUED,0.24180960437223084,questions_in
2025-10-29T12:48:30.431086,PUBLISH,bda4d0685b6248fbb9621f56cbb976eb,68f2d95bd190740cfd6a3288,ENQUEUED,0.18755310163683192,questions_in
2025-10-29T12:48:30.579690,PUBLISH,dffb64a66ebd4066b8bf9c8c56434609,68f2d95bd190740cfd6a1c15,ENQUEUED,0.1430191363885152,questions_in
2025-10-29T12:48:30.694443,PUBLISH,54ca843d085d454c91d1e80c71a8e19c,68f2d95bd190740cfd6a3e89,ENQUEUED,0.10740282461180173,questions_in
2025-10-29T12:48:30.943175,PUBLISH,2d4565f212db4b4ba63660b6e7a1810a,68f2d95bd190740cfd6a34ec,ENQUEUED,0.2426944890424624,questions_in
2025-10-29T12:48:31.182667,PUBLISH,90a351b697d445dca1e2be7612ab98a9,68f2d95bd190740cfd6a2996,ENQUEUED,0.2370058993077463,questions_in
2025-10-29T12:48:31.585576,PUBLISH,f6ea9149bf9d4145a29a603b98af33c9,68f2d95bd190740cfd6a3fd6,ENQUEUED,0.40113813618017935,questions_in
2025-10-29T12:48:31.776357,PUBLISH,5ea0aed9c873429dbfea39fa578575de,68f2d95bd190740cfd6a2384,ENQUEUED,0.18436760688440065,questions_in
2025-10-29T12:48:32.108344,PUBLISH,c7fe823640a0482485eab62fa2649cce,68f2d95bd190740cfd6a4150,ENQUEUED,0.3263266754803764,questions_in
2025-10-29T12:48:32.467772,PUBLISH,e4465ef5b6714de2821a5b7947644cdf,68f2d95bd190740cfd6a1bbb,ENQUEUED,0.3533053309604254,questions_in
2025-10-29T12:48:32.887082,PUBLISH,2ee7c0d354124a65948282c07bbd16d2,68f2d95bd190740cfd6a3597,ENQUEUED,0.41184437297721954,questions_in
2025-10-29T12:48:33.238077,PUBLISH,9fdc96d75760471fa214829449a7da36,68f2d95bd190740cfd6a3087,ENQUEUED,0.3441971491091471,questions_in
2025-10-29T12:48:33.715752,PUBLISH,1fdcdece5780435791a5686752d7a6a5,68f2d95bd190740cfd6a1e1f,ENQUEUED,0.47094986748277323,questions_in
2025-10-29T12:48:33.898363,PUBLISH,1970f16ad8f34108949b4f7cf15bbb28,68f2d95bd190740cfd6a3c6c,ENQUEUED,0.1765809608453318,questions_in
2025-10-29T12:48:34.228941,PUBLISH,15bf65327064472199c58a0e01cd9b9f,68f2d95bd190740cfd6a274e,ENQUEUED,0.32828550100959275,questions_in
2025-10-29T12:48:34.400231,PUBLISH,68171a60993948fcaaca2f605decab89,68f2d95bd190740cfd6a2498,ENQUEUED,0.1657665963529132,questions_in
2025-10-29T12:48:34.785837,PUBLISH,c432a382feaa4d2a8189c4b1c7c53229,68f2d95bd190740cfd6a3b89,ENQUEUED,0.37840255501893927,questions_in
2025-10-29T12:48:35.135077,PUBLISH,e68d219b9b5641ff83685bcb12a02316,68f2d95bd190740cfd6a2f7c,ENQUEUED,0.34135979142875794,questions_in
2025-10-29T12:48:35.241804,PUBLISH,2f56d937a5d24961b6a25ec896cb631c,68f2d95bd190740cfd6a2e3f,ENQUEUED,0.10127089057621919,questions_in
2025-10-29T12:48:35.393510,PUBLISH,d78cc4a576154226a6afaddaa71cf71c,68f2d95bd190740cfd6a1c33,ENQUEUED,0.14539845533020979,questions_in
2025-10-29T12:48:35.553056,PUBLISH,cecfe69a00b34cccb47156e0c2792ed1,68f2d95bd190740cfd6a2a8a,ENQUEUED,0.15339190351634358,questions_in
2025-10-29T12:48:36.004346,PUBLISH,572efc4804224e08a366f43aa851369d,68f2d95bd190740cfd6a2973,ENQUEUED,0.44427369073124845,questions_in
2025-10-29T12:48:36.295478,PUBLISH,cfaad29ea22c494aa93e1583acaf333e,68f2d95bd190740cfd6a3abb,ENQUEUED,0.28878814777723544,questions_in
2025-10-29T12:48:36.454863,PUBLISH,d2eaebb5ce814dd68c42d7874922bf63,68f2d95bd190740cfd6a3132,ENQUEUED,0.15289726080813404,questions_in
2025-10-29T12:48:36.743814,PUBLISH,aee33412c3b241dbabee20ca82302fb6,68f2d95bd190740cfd6a1b68,ENQUEUED,0.2824084568105819,questions_in
2025-10-29T12:48:36.975656,PUBLISH,a858d56ca416401e9bd845872a530bde,68f2d95bd190740cfd6a2161,ENQUEUED,0.22485454867086663,questions_in
2025-10-29T12:48:37.362551,PUBLISH,227d3aaea6bb4979a59cc0ca1d461b29,68f2d95bd190740cfd6a2649,ENQUEUED,0.3807856196613113,questions_in
2025-10-29T12:48:37.846913,PUBLISH,d2ec236a2b704a8f8217c65c42400cc1,68f2d95bd190740cfd6a3b28,ENQUEUED,0.4780631762032911,questions_in
2025-10-29T12:48:38.173032,PUBLISH,15a342638c05447bad2fd6943e779478,68f2d95bd190740cfd6a3e94,ENQUEUED,0.3190542751250869,questions_in
2025-10-29T12:48:38.595744,PUBLISH,426355702fce4116b20b4d088c36532d,68f2d95bd190740cfd6a3c46,ENQUEUED,0.42076305980266715,questions_in
2025-10-29T12:48:38.752594,PUBLISH,80cf38e3ddfa4dea910694bc021bf20e,68f2d95bd190740cfd6a30f1,ENQUEUED,0.14946695561720227,questions_in
2025-10-29T12:48:39.240638,PUBLISH,54f044b683a3407b845f011c25761c89,68f2d95bd190740cfd6a3bd7,ENQUEUED,0.48045433926594416,questions_in
2025-10-29T12:48:39.388463,PUBLISH,6e6b0ef756f749ec87db5d06e201aa62,68f2d95bd190740cfd6a2696,ENQUEUED,0.14188075628475844,questions_in
2025-10-29T12:48:39.531038,PUBLISH,35d75f7059814e30bc246917841ea87f,68f2d95bd190740cfd6a2940,ENQUEUED,0.1356021242481029,questions_in
2025-10-29T12:48:39.828062,PUBLISH,7d83504626c04060bdfbb55a0085954a,68f2d95bd190740cfd6a2ce7,ENQUEUED,0.29092662194826835,questions_in
2025-10-29T12:48:40.318044,PUBLISH,be5a30c46d354dc18afa754112747581,68f2d95bd190740cfd6a24f7,ENQUEUED,0.48377124082108924,questions_in
2025-10-29T12:48:40.594802,PUBLISH,7703c592b0404f87b9e01a2c665bf526,68f2d95bd190740cfd6a3c8c,ENQUEUED,0.2705902577033855,questions_in
2025-10-29T12:48:40.710599,PUBLISH,d056571906ee41289e786f9725e11b0d,68f2d95bd190740cfd6a25a8,ENQUEUED,0.114022802637305,questions_in
2025-10-29T12:48:40.970833,PUBLISH,c6f6eeb3cd2240bbacd882df95afe64f,68f2d95bd190740cfd6a3dbb,ENQUEUED,0.253466320687082,questions_in
2025-10-29T12:48:41.110395,PUBLISH,c1530562e3974debba4bf9baa8c50469,68f2d95bd190740cfd6a3784,ENQUEUED,0.13410588640073412,questions_in
2025-10-29T12:48:41.308741,PUBLISH,86cc86084e4d4056a2c7e54ca6a717de,68f2d95bd190740cfd6a31f4,ENQUEUED,0.19630685860210706,questions_in
2025-10-29T12:48:41.550852,PUBLISH,6dcbd7732f064a46858506d445acd1cf,68f2d95bd190740cfd6a1f65,ENQUEUED,0.23859747417457383,questions_in
2025-10-29T12:48:41.885236,PUBLISH,0a05f056362b4d868019fadff5276533,68f2d95bd190740cfd6a2400,ENQUEUED,0.3260958414675104,questions_in
2025-10-29T12:48:42.269465,PUBLISH,300e46c78da44b63afa53c1572d4ecdd,68f2d95bd190740cfd6a2a63,ENQUEUED,0.38099552234018375,questions_in
2025-10-29T12:48:42.497361,PUBLISH,43e03c21c31b4555ad79ee91e66e0c9b,68f2d95bd190740cfd6a1c03,ENQUEUED,0.22158204749760244,questions_in
2025-10-29T12:48:42.996412,PUBLISH,3e21d7cae5df417587d25db6e7587567,68f2d95bd190740cfd6a4167,ENQUEUED,0.4931057739634971,questions_in
2025-10-29T12:48:43.282080,PUBLISH,424f3ee8475246b9ac21e66fe6594c4e,68f2d95bd190740cfd6a225c,ENQUEUED,0.27972917596168834,questions_in
2025-10-29T12:48:43.508789,PUBLISH,3169dc6b6b0744a2b99ea85b8d1f798b,68f2d95bd190740cfd6a1ff6,ENQUEUED,0.2210291776836502,questions_in
2025-10-29T12:48:43.793289,PUBLISH,9b8728cc14ca43b1ace7b0e7dfa46528,68f2d95bd190740cfd6a237e,ENQUEUED,0.2827915745825146,questions_in
2025-10-29T12:48:44.068864,PUBLISH,26c62d2b6b6e4ac7a8ecd6cefa4248a3,68f2d95bd190740cfd6a3b68,ENQUEUED,0.2691586199759779,questions_in
2025-10-29T12:48:44.513001,PUBLISH,acb605a3b1444a18b89ff9729bb7c930,68f2d95bd190740cfd6a3847,ENQUEUED,0.43654932013979864,questions_in
2025-10-29T12:48:44.795456,PUBLISH,703a79f57a5f47cd9614813731813623,68f2d95bd190740cfd6a3d39,ENQUEUED,0.2786370094080795,questions_in
2025-10-29T12:48:45.010425,PUBLISH,213ef56d4efd40f28f76be080ccaa302,68f2d95bd190740cfd6a3d86,ENQUEUED,0.20878891523958912,questions_in
2025-10-29T12:48:45.214025,PUBLISH,00f9639e3f924cd0a3a17958ebb39a03,68f2d95bd190740cfd6a22bf,ENQUEUED,0.19739136450028782,questions_in
2025-10-29T12:48:45.335434,PUBLISH,dd5ff520241a43b2b2335cdd59819545,68f2d95bd190740cfd6a2317,ENQUEUED,0.1154588490804271,questions_in
2025-10-29T12:48:45.718319,PUBLISH,95e8502054a54eedacbee4a215a2896f,68f2d95bd190740cfd6a3c64,ENQUEUED,0.37989688556379575,questions_in
2025-10-29T12:48:46.171344,PUBLISH,3adbc6cfc5394aa3af4af3925d4baf71,68f2d95bd190740cfd6a3a71,ENQUEUED,0.44552490857950544,questions_in
2025-10-29T12:48:46.533849,PUBLISH,8c9375aab1204bcd95ad5f40efce0a5f,68f2d95bd190740cfd6a34a5,ENQUEUED,0.35609469847162967,questions_in
2025-10-29T12:48:46.713466,PUBLISH,a35cb49f99a84f65a4ff9c87c97e4547,68f2d95bd190740cfd6a3a52,ENQUEUED,0.17729026649463778,questions_in
2025-10-29T12:48:47.196255,PUBLISH,6ed55ce1cbea439b88fb2ba2fce9f488,68f2d95bd190740cfd6a341c,ENQUEUED,0.48076739308524663,questions_in
2025-10-29T12:48:47.607136,PUBLISH,81e59a8de2804737bbf217a9af574232,68f2d95bd190740cfd6a36f6,ENQUEUED,0.40500740605879826,questions_in
2025-10-29T12:48:47.776306,PUBLISH,88d931ba124a4abcb4593904da20e161,68f2d95bd190740cfd6a35b8,ENQUEUED,0.16729781031372215,questions_in
2025-10-29T12:48:48.278879,PUBLISH,6ca8f35cefd9496397aff85df57fd282,68f2d95bd190740cfd6a400e,ENQUEUED,0.49631211822982435,questions_in
2025-10-29T12:48:48.496161,PUBLISH,e76451a9db7e4070bc491118df72f3ca,68f2d95bd190740cfd6a280b,ENQUEUED,0.2088033286690897,questions_in
2025-10-29T12:48:48.752429,PUBLISH,069fbcb54319449091d614afea10a2a4,68f2d95bd190740cfd6a3724,ENQUEUED,0.2502230954701397,questions_in
2025-10-29T12:48:49.061894,PUBLISH,2b50bbeba6fb4724a65fc28be2795372,68f2d95bd190740cfd6a26e4,ENQUEUED,0.30309728442095774,questions_in
2025-10-29T12:48:49.225819,PUBLISH,9e83038c591644879974c29ee1fbbb68,68f2d95bd190740cfd6a2abc,ENQUEUED,0.1583941193043316,questions_in
2025-10-29T12:48:49.638700,PUBLISH,8dd7be5c51e74e70ae80d809ac4b30e2,68f2d95bd190740cfd6a25db,ENQUEUED,0.40672651315682107,questions_in
2025-10-29T12:48:50.077531,PUBLISH,6444362e1b0d4d1d928cbe7d95b5a4dc,68f2d95bd190740cfd6a2d4e,ENQUEUED,0.43250117822350076,questions_in
2025-10-29T12:48:50.231554,PUBLISH,2def7c9715524c5686d908c8792f2364,68f2d95bd190740cfd6a2073,ENQUEUED,0.14655627478505756,questions_in
2025-10-29T12:48:50.381798,PUBLISH,aa8b9ac684e6482baae30db815ba7a40,68f2d95bd190740cfd6a3755,ENQUEUED,0.14749585097904827,questions_in
2025-10-29T12:48:50.496140,PUBLISH,aef5a2e24a234d64b802e867e19f7f57,68f2d95bd190740cfd6a22c2,ENQUEUED,0.10816654354608289,questions_in
2025-10-29T12:48:50.867002,PUBLISH,ccec78291f6145e9a659f1ff63f1c5e7,68f2d95bd190740cfd6a3914,ENQUEUED,0.36453547689789423,questions_in
2025-10-29T12:48:51.041631,PUBLISH,ebb5142ef82a4d499f9850916f77756d,68f2d95bd190740cfd6a3402,ENQUEUED,0.16861937029790353,questions_in
2025-10-29T12:48:51.221025,PUBLISH,3c3d11877bba495991814654b586c5ec,68f2d95bd190740cfd6a286e,ENQUEUED,0.17353475500935983,questions_in
2025-10-29T12:48:51.400663,PUBLISH,7b92d9ae978a4f7c81d9c9274993cc68,68f2d95bd190740cfd6a2439,ENQUEUED,0.17398249422565093,questions_in
2025-10-29T12:48:51.808566,PUBLISH,193b82b5d87d45b996853447bc53b32f,68f2d95bd190740cfd6a3f4b,ENQUEUED,0.4059387413736515,questions_in
2025-10-29T12:48:52.221131,PUBLISH,8c34f3c3f4f245bba55427c4828930e0,68f2d95bd190740cfd6a40bd,ENQUEUED,0.41046177145623586,questions_in
2025-10-29T12:48:52.435633,PUBLISH,2cde630f5b704e37b0f6ff26b10676a4,68f2d95bd190740cfd6a2607,ENQUEUED,0.208121242202667,questions_in
2025-10-29T12:48:52.892115,PUBLISH,7b776defd0644e5190aa609ab3a964ad,68f2d95bd190740cfd6a207c,ENQUEUED,0.4494061731221136,questions_in
2025-10-29T12:48:53.377791,PUBLISH,cbcbdd8bb202402ea9fbedbec8814a51,68f2d95bd190740cfd6a39f4,ENQUEUED,0.47934129565534633,questions_in
2025-10-29T12:48:53.595297,PUBLISH,ef8d5886415444789c5e64d7479e29a2,68f2d95bd190740cfd6a2599,ENQUEUED,0.21172213421726963,questions_in
2025-10-29T12:48:53.826531,PUBLISH,755fcf80698c40d8b8e59201d1eb883b,68f2d95bd190740cfd6a1b19,ENQUEUED,0.22545232588285688,questions_in
2025-10-29T12:48:54.166746,PUBLISH,d3f21b9d904749ddb161e15429aa1ca2,68f2d95bd190740cfd6a2618,ENQUEUED,0.3339059115606613,questions_in
2025-10-29T12:48:54.563699,PUBLISH,43892d505568456b9599ddea08bd3de1,68f2d95bd190740cfd6a2979,ENQUEUED,0.3898730123486184,questions_in
2025-10-29T12:48:54.952507,PUBLISH,443d317e133c4142acfb5ab509c21542,68f2d95bd190740cfd6a323b,ENQUEUED,0.3816987051152585,questions_in
2025-10-29T12:48:55.189649,PUBLISH,9f3fb7cd0c00466ca1a52b5937ab91a5,68f2d95bd190740cfd6a2496,ENQUEUED,0.23007885047982646,questions_in
2025-10-29T12:48:55.520507,PUBLISH,63e7760b06b44bd6a132de87aca78e31,68f2d95bd190740cfd6a212d,ENQUEUED,0.3291127524655294,questions_in
2025-10-29T12:48:55.742746,PUBLISH,43861172bd864dc896066a39272cc203,68f2d95bd190740cfd6a34dc,ENQUEUED,0.22024179920881723,questions_in
2025-10-29T12:48:56.249877,PUBLISH,6f6820d8989d459688882b118e9e9b46,68f2d95bd190740cfd6a3b6f,ENQUEUED,0.49909398366375246,questions_in
2025-10-29T12:48:56.495122,PUBLISH,bbb07035994644f5a12997a43be52a1f,68f2d95bd190740cfd6a2607,ENQUEUED,0.23910091279817772,questions_in
2025-10-29T12:48:56.970053,PUBLISH,2fa9ee70d09843b0b4bb6f5a7061bcbb,68f2d95bd190740cfd6a27ee,ENQUEUED,0.47263376449245265,questions_in
2025-10-29T12:48:57.386731,PUBLISH,a8b3ba819f834af18e516a2cdd457414,68f2d95bd190740cfd6a3bbb,ENQUEUED,0.4103195433887641,questions_in
2025-10-29T12:48:57.620336,PUBLISH,33bbeac2bc8c407eb0d4ccdd1a95cee1,68f2d95bd190740cfd6a3a54,ENQUEUED,0.22755053669106276,questions_in
2025-10-29T12:48:57.816458,PUBLISH,0ce0db5804e34c48ad16e184a2ca9342,68f2d95bd190740cfd6a33c2,ENQUEUED,0.18976552567537525,questions_in
2025-10-29T12:48:58.250895,PUBLISH,4db8aa82c06245d79d7b566771ab0fd7,68f2d95bd190740cfd6a3864,ENQUEUED,0.43064239664854487,questions_in
2025-10-29T12:48:58.669714,PUBLISH,c6d850d39b0f492bb8a52cf354139494,68f2d95bd190740cfd6a25f6,ENQUEUED,0.4125041451359551,questions_in
2025-10-29T12:48:58.985288,PUBLISH,adc6d5c7212042e3b19f1a66b897b38b,68f2d95bd190740cfd6a2ed1,ENQUEUED,0.309048525013844,questions_in
2025-10-29T12:48:59.202355,PUBLISH,7aaacc00e3b048c7a91219d8dc997168,68f2d95bd190740cfd6a3061,ENQUEUED,0.21108862697728933,questions_in
2025-10-29T12:48:59.593662,PUBLISH,9735a7afc01641ef9303eddd14788c6a,68f2d95bd190740cfd6a399d,ENQUEUED,0.38956230868964314,questions_in
2025-10-29T12:48:59.730224,PUBLISH,a0079605deef4b00a3efc198fbfa1fd8,68f2d95bd190740cfd6a1ffe,ENQUEUED,0.13017235365501034,questions_in
2025-10-29T12:49:00.018336,PUBLISH,92de61830edd4f839f13335f83dffd74,68f2d95bd190740cfd6a2348,ENQUEUED,0.2847014029137417,questions_in
2025-10-29T12:49:00.184595,PUBLISH,5e17e17b38b94e46a88018ab1b1a7ad8,68f2d95bd190740cfd6a2741,ENQUEUED,0.15941670408675576,questions_in
2025-10-29T12:49:00.599828,PUBLISH,d20bbbe5f0d643f3988a98da3a8e9273,68f2d95bd190740cfd6a2506,ENQUEUED,0.40906387032483715,questions_in
2025-10-29T12:49:00.724647,PUBLISH,98d07fd6a44f4136a93aad22dfcf1f93,68f2d95bd190740cfd6a1de7,ENQUEUED,0.11901119528331053,questions_in
2025-10-29T12:49:01.089054,PUBLISH,4ea740b58be34f7ca0b3d71788b022ac,68f2d95bd190740cfd6a1cd1,ENQUEUED,0.3588954105035067,questions_in
2025-10-29T12:49:01.407627,PUBLISH,37406dfd3d5340cfae333e1084912f41,68f2d95bd190740cfd6a3860,ENQUEUED,0.31283455885287437,questions_in
2025-10-29T12:49:01.539468,PUBLISH,452e005414f74a37b8bf4d6616f887d5,68f2d95bd190740cfd6a2ff0,ENQUEUED,0.12961864913647225,questions_in
2025-10-29T12:49:01.869060,PUBLISH,9a45d086054541ea82b2e21073e0c9cd,68f2d95bd190740cfd6a1cde,ENQUEUED,0.3273616991786859,questions_in
2025-10-29T12:49:02.113228,PUBLISH,1fab6f9296ac44df87546f01c370113c,68f2d95bd190740cfd6a28ed,ENQUEUED,0.24181623867248964,questions_in
2025-10-29T12:49:02.404935,PUBLISH,4444445bface4e3fb5c227fc3689e734,68f2d95bd190740cfd6a3221,ENQUEUED,0.28736406108618473,questions_in
2025-10-29T12:49:02.900581,PUBLISH,3197f186624f42e7a78fd0ae6d41ece2,68f2d95bd190740cfd6a395d,ENQUEUED,0.4891312599351353,questions_in
2025-10-29T12:49:03.261224,PUBLISH,9a9485da73f84067a28b89a05ac35a71,68f2d95bd190740cfd6a3d89,ENQUEUED,0.3539770140916011,questions_in
2025-10-29T12:49:03.433550,PUBLISH,87ac62b7cb3444c5856eb2ba281ab2a5,68f2d95bd190740cfd6a3794,ENQUEUED,0.1660851849134773,questions_in
2025-10-29T12:49:03.756477,PUBLISH,12c6680bddf74330b13b4cc2b0a65565,68f2d95bd190740cfd6a30ae,ENQUEUED,0.31726743813426894,questions_in
2025-10-29T12:49:04.191497,PUBLISH,f8d408933c304363b49bf8ee60d113e0,68f2d95bd190740cfd6a407f,ENQUEUED,0.42879527451854493,questions_in
2025-10-29T12:49:04.423705,PUBLISH,8b1e889273f54541bf8288e96839664d,68f2d95bd190740cfd6a202f,ENQUEUED,0.22622202572954522,questions_in
2025-10-29T12:49:04.726224,PUBLISH,dbdfd20e68c149a8a3901e06e60baebf,68f2d95bd190740cfd6a3613,ENQUEUED,0.2972933525426408,questions_in
2025-10-29T12:49:05.032834,PUBLISH,45eb4f8375f44dbb877f9a1311f480ef,68f2d95bd190740cfd6a1ce4,ENQUEUED,0.3002170423344951,questions_in
2025-10-29T12:49:05.362710,PUBLISH,ffaa7906b63646eea6eb0eb774787cfd,68f2d95bd190740cfd6a3a6a,ENQUEUED,0.32283389394343665,questions_in
2025-10-29T12:49:05.592666,PUBLISH,ac87062729544c73af289fe759824506,68f2d95bd190740cfd6a2040,ENQUEUED,0.22818428729715495,questions_in
2025-10-29T12:49:05.989501,PUBLISH,6847d0e33f2240fbaf7102c688fb1858,68f2d95bd190740cfd6a31d0,ENQUEUED,0.39509882704947186,questions_in
2025-10-29T12:49:06.102254,PUBLISH,f5931892bb774a339347f9f8403c08eb,68f2d95bd190740cfd6a38b0,ENQUEUED,0.10691133798343873,questions_in
2025-10-29T12:49:06.505263,PUBLISH,25f65fe445344527b2afba757c689053,68f2d95bd190740cfd6a30ed,ENQUEUED,0.3973418123173722,questions_in
2025-10-29T12:49:06.671132,PUBLISH,d719a2a9c5664b7aa2911b82b43f7768,68f2d95bd190740cfd6a40ea,ENQUEUED,0.16378206882886062,questions_in
2025-10-29T12:49:07.170872,PUBLISH,e44ec0bf26fe4bc99f15d2585a0c52dd,68f2d95bd190740cfd6a2a73,ENQUEUED,0.4937719140206015,questions_in
2025-10-29T12:49:07.520540,PUBLISH,652b40fde892464a97fd714f12190dd2,68f2d95bd190740cfd6a2f9f,ENQUEUED,0.34337787500705086,questions_in
2025-10-29T12:49:07.664141,PUBLISH,b81a8649e5ab4339835f0fc6012caec2,68f2d95bd190740cfd6a25d5,ENQUEUED,0.1367770888935044,questions_in
2025-10-29T12:49:07.914056,PUBLISH,20cf50c2cc824cbd833579007cc3effb,68f2d95bd190740cfd6a2734,ENQUEUED,0.24320401823081977,questions_in
2025-10-29T12:49:08.148119,PUBLISH,4694a66f1af645f4b2e3e00df731a065,68f2d95bd190740cfd6a23ef,ENQUEUED,0.23169557846497169,questions_in
2025-10-29T12:49:08.342809,PUBLISH,8c8168fb72af46818caa1749594ff6bf,68f2d95bd190740cfd6a2cd2,ENQUEUED,0.18904510514806638,questions_in
2025-10-29T12:49:08.700669,PUBLISH,b7d9fa49c3994636b648fb562bd073d4,68f2d95bd190740cfd6a2d14,ENQUEUED,0.3516769000531118,questions_in
2025-10-29T12:49:08.884728,PUBLISH,eccdc262d4ca40f7a6b309e9ad40b608,68f2d95bd190740cfd6a33f3,ENQUEUED,0.17737666605530628,questions_in
2025-10-29T12:49:09.300172,PUBLISH,51bef5a5c5c64bc29b7c9c65b0fb6678,68f2d95bd190740cfd6a2d02,ENQUEUED,0.4087937460295874,questions_in
2025-10-29T12:49:09.564330,PUBLISH,8741b66c76b740939d1f301207c02ac8,68f2d95bd190740cfd6a3eb8,ENQUEUED,0.2578850308598982,questions_in
2025-10-29T12:49:09.791906,PUBLISH,9bd4c93090844fb9989a0f88577f2dbe,68f2d95bd190740cfd6a37f2,ENQUEUED,0.2212363047806093,questions_in
2025-10-29T12:49:10.094155,PUBLISH,311e17ecc700479b96729291b2b77281,68f2d95bd190740cfd6a20ad,ENQUEUED,0.2958485444914454,questions_in
2025-10-29T12:49:10.321437,PUBLISH,e6e8bdc963554353ab936ced563a7a70,68f2d95bd190740cfd6a1b48,ENQUEUED,0.22538940668922952,questions_in
2025-10-29T12:49:10.788938,PUBLISH,edd9ba537d894052a19106401eadcf96,68f2d95bd190740cfd6a2ffa,ENQUEUED,0.4615607721241587,questions_in
2025-10-29T12:49:11.086051,PUBLISH,30a3a09dffcb468eba41f0d0ec4b0040,68f2d95bd190740cfd6a41be,ENQUEUED,0.2905570856443068,questions_in
2025-10-29T12:49:11.563757,PUBLISH,351b0a5b745145b1adaef8e8d344ffee,68f2d95bd190740cfd6a416c,ENQUEUED,0.47518895424347496,questions_in
2025-10-29T12:49:11.780577,PUBLISH,5c8fe76a647b4e8bbf9f12b2a5bb5978,68f2d95bd190740cfd6a3da7,ENQUEUED,0.2146237070170312,questions_in
2025-10-29T12:49:12.005976,PUBLISH,b51c7fa32e0e4659b7925d289452e306,68f2d95bd190740cfd6a33e5,ENQUEUED,0.22121728332307344,questions_in
2025-10-29T12:49:12.400451,PUBLISH,7c28c834b6274d65bce75ef0148da5b3,68f2d95bd190740cfd6a2d55,ENQUEUED,0.3887829299577745,questions_in
2025-10-29T12:49:12.678027,PUBLISH,9ed464a7769f41159d42529ab4e2ca2a,68f2d95bd190740cfd6a2d55,ENQUEUED,0.2714633974014232,questions_in
2025-10-29T12:49:13.047688,PUBLISH,9b504384583c42bb906b5f74ecedd54d,68f2d95bd190740cfd6a23f4,ENQUEUED,0.36699645270530334,questions_in
2025-10-29T12:49:13.203729,PUBLISH,e9a02c633b0c40cf9f1f598485b17ff6,68f2d95bd190740cfd6a2246,ENQUEUED,0.15396005358019585,questions_in
2025-10-29T12:49:13.612730,PUBLISH,fbae69b002b04c7286c44cc649fe692f,68f2d95bd190740cfd6a1f79,ENQUEUED,0.40269418264822143,questions_in
2025-10-29T12:49:13.860892,PUBLISH,f350c7a4ba5c420c86ac26a64aaf8863,68f2d95bd190740cfd6a3cb8,ENQUEUED,0.24213655921627925,questions_in
2025-10-29T12:49:14.289442,PUBLISH,a9c184224f324ff19fb44df725ae690c,68f2d95bd190740cfd6a2151,ENQUEUED,0.4263401180706071,questions_in
2025-10-29T12:49:14.667777,PUBLISH,c2e0e78fa47a424e82b370b60e958d2f,68f2d95bd190740cfd6a2e27,ENQUEUED,0.37095868770695006,questions_in
2025-10-29T12:49:15.170676,PUBLISH,c3cdd54cc9d64a85a294ce43b0b75d3b,68f2d95bd190740cfd6a3c66,ENQUEUED,0.4965743090787377,questions_in
2025-10-29T12:49:15.400191,PUBLISH,6cd7a1f5b3c544148ce4e893bf063760,68f2d95bd190740cfd6a32a0,ENQUEUED,0.2243238912167086,questions_in
2025-10-29T12:49:15.748877,PUBLISH,16afd680bd2240a49395de3d70faf054,68f2d95bd190740cfd6a2339,ENQUEUED,0.3441144759044178,questions_in
2025-10-29T12:49:16.022546,PUBLISH,3d165b49f9fe409f9220cf06a07a3816,68f2d95bd190740cfd6a3dbb,ENQUEUED,0.2708868569565869,questions_in
2025-10-29T12:49:16.344794,PUBLISH,b76af765a6ca4e0a8f1f6c6c13590800,68f2d95bd190740cfd6a3ddc,ENQUEUED,0.31594496092343216,questions_in
2025-10-29T12:49:16.521689,PUBLISH,cc96591c5094412490283caf1a55d86f,68f2d95bd190740cfd6a1cbc,ENQUEUED,0.16921774091330344,questions_in
2025-10-29T12:49:16.767292,PUBLISH,5b1d5697f6d2496a821c1c6d4a49b359,68f2d95bd190740cfd6a37ca,ENQUEUED,0.23947646678954976,questions_in
2025-10-29T12:49:16.956563,PUBLISH,e2bbf67a89b249cc9243caa679cc236e,68f2d95bd190740cfd6a1f71,ENQUEUED,0.18324189038768357,questions_in
2025-10-29T12:49:17.196518,PUBLISH,4deca8fe00184630af2af05f600af13c,68f2d95bd190740cfd6a26dc,ENQUEUED,0.23421332830222644,questions_in
2025-10-29T12:49:17.580021,PUBLISH,4147c723171a4387a3f6c9da99eb7e31,68f2d95bd190740cfd6a1b2a,ENQUEUED,0.37709021727486025,questions_in
2025-10-29T12:49:17.930687,PUBLISH,f849d0bf875149f9b26bad986449033b,68f2d95bd190740cfd6a2605,ENQUEUED,0.3444019779804611,questions_in
2025-10-29T12:49:18.340636,PUBLISH,0a5d6833b8ef405fa25bd04b569db05c,68f2d95bd190740cfd6a23b6,ENQUEUED,0.40364998500842453,questions_in
2025-10-29T12:49:18.508739,PUBLISH,5a9a21a087064f8b86eac5c7c8d22e64,68f2d95bd190740cfd6a222c,ENQUEUED,0.16122392588409454,questions_in
2025-10-29T12:49:18.713849,PUBLISH,bb2a07f8534a42e3a8c176f284f2cbb8,68f2d95bd190740cfd6a26ee,ENQUEUED,0.1989577450411345,questions_in
2025-10-29T12:49:18.905484,PUBLISH,983cc3cf23264326bcca59a0b6143fe6,68f2d95bd190740cfd6a1e8e,ENQUEUED,0.18375737632007216,questions_in
2025-10-29T12:49:19.252193,PUBLISH,c6f661594d7b4d57a2e1a854727a505d,68f2d95bd190740cfd6a2095,ENQUEUED,0.34053305792668676,questions_in
2025-10-29T12:49:19.443137,PUBLISH,f2786b42a09547b4977f13f083977812,68f2d95bd190740cfd6a257a,ENQUEUED,0.18476498023584292,questions_in
2025-10-29T12:49:19.713371,PUBLISH,a045817fedd44fe5876b8ec79df66d76,68f2d95bd190740cfd6a32c1,ENQUEUED,0.26345643421351106,questions_in
2025-10-29T12:49:19.849737,PUBLISH,839b4a0a1a1140fe8baf31e4bc0047a6,68f2d95bd190740cfd6a2607,ENQUEUED,0.13067436084405368,questions_in
2025-10-29T12:49:20.212893,PUBLISH,c2240522461e48b2938f0f0728deafed,68f2d95bd190740cfd6a1bc7,ENQUEUED,0.3566575333625637,questions_in
2025-10-29T12:49:20.716002,PUBLISH,104823efdcaa42e68e3327a1b6518196,68f2d95bd190740cfd6a3295,ENQUEUED,0.4963615112355012,questions_in
2025-10-29T12:49:20.881270,PUBLISH,1e6ed166792c462ca07d515b3e4f5ce0,68f2d95bd190740cfd6a2dba,ENQUEUED,0.1603428478821598,questions_in
2025-10-29T12:49:21.006385,PUBLISH,d943f00d7ee94df189309708ea8281de,68f2d95bd190740cfd6a1e4b,ENQUEUED,0.11809846012929599,questions_in
2025-10-29T12:49:21.484131,PUBLISH,90828ee23e13472f8bee4d0898fd91be,68f2d95bd190740cfd6a2bee,ENQUEUED,0.475886615770843,questions_in
2025-10-29T12:49:21.948542,PUBLISH,aa844d0ac5c94449bb32772096b453b9,68f2d95bd190740cfd6a1b96,ENQUEUED,0.4588460335301908,questions_in
2025-10-29T12:49:22.445135,PUBLISH,2f3b069752784bc790324d9c1ddd0c76,68f2d95bd190740cfd6a2425,ENQUEUED,0.4901472775615656,questions_in
2025-10-29T12:49:22.754255,PUBLISH,254c08c8dee343a0b5b6b67a64a089e1,68f2d95bd190740cfd6a3f7d,ENQUEUED,0.30305394039218203,questions_in
2025-10-29T12:49:22.981377,PUBLISH,07e96488e9124a77a0b5c8a9c823bc92,68f2d95bd190740cfd6a2467,ENQUEUED,0.22086000216141574,questions_in
2025-10-29T12:49:23.095288,PUBLISH,04d1b66dc30b4ac0a527d01210c0f74c,68f2d95bd190740cfd6a354e,ENQUEUED,0.10792933950017228,questions_in
2025-10-29T12:49:23.288036,PUBLISH,74a22368ae19450f8cfe7318ddf5554e,68f2d95bd190740cfd6a1ee4,ENQUEUED,0.18514686631506239,questions_in
2025-10-29T12:49:23.636279,PUBLISH,55e3cd236c124540b184b7dd9db38c98,68f2d95bd190740cfd6a22e1,ENQUEUED,0.3420635698634325,questions_in
2025-10-29T12:49:24.057427,PUBLISH,0bfbc3efde5c4b38a3b806392a7d5ae4,68f2d95bd190740cfd6a2856,ENQUEUED,0.4182540159911905,questions_in
2025-10-29T12:49:24.201930,PUBLISH,6a4ec28c2804497b81a5fdfa7f3da326,68f2d95bd190740cfd6a3cd1,ENQUEUED,0.1390008316367274,questions_in
2025-10-29T12:49:24.451808,PUBLISH,b56f42edb5bf4a62975bacc7204fa109,68f2d95bd190740cfd6a2c7f,ENQUEUED,0.2424496758898954,questions_in
2025-10-29T12:49:24.943839,PUBLISH,7323e474011c4f189c86ece48aaee8bf,68f2d95bd190740cfd6a3308,ENQUEUED,0.48984645116169323,questions_in
2025-10-29T12:49:25.195346,PUBLISH,989e1a2245ba4c709afb98b2b4610233,68f2d95bd190740cfd6a4006,ENQUEUED,0.24511062747050683,questions_in
2025-10-29T12:49:25.552748,PUBLISH,c2cc421f4415437b9971eec5dd6e5932,68f2d95bd190740cfd6a4036,ENQUEUED,0.35164050169446937,questions_in
2025-10-29T12:49:25.860740,PUBLISH,fc9dcb95f636459fb05fe72984cc3b87,68f2d95bd190740cfd6a1d0c,ENQUEUED,0.30090418532720725,questions_in
2025-10-29T12:49:26.142835,PUBLISH,f26e958291914dc29ae53f551b9c49b1,68f2d95bd190740cfd6a3194,ENQUEUED,0.27595290897597735,questions_in
2025-10-29T12:49:26.339259,PUBLISH,5697419661e84740b9824f5367bb353b,68f2d95bd190740cfd6a2efc,ENQUEUED,0.18952915194591854,questions_in
2025-10-29T12:49:26.712206,PUBLISH,f1c904e704c546fb88190f466e9791b0,68f2d95bd190740cfd6a2832,ENQUEUED,0.3657894999931386,questions_in
2025-10-29T12:49:26.887762,PUBLISH,7244094f3aae4c43b1872ebab4a8b337,68f2d95bd190740cfd6a2a34,ENQUEUED,0.16969220601607926,questions_in
2025-10-29T12:49:27.049666,PUBLISH,2e60a670368b40d48843809f3beacbb6,68f2d95bd190740cfd6a3ed6,ENQUEUED,0.15879291264844314,questions_in
2025-10-29T12:49:27.428238,PUBLISH,5c16977119d643cabf8502e23c07cd21,68f2d95bd190740cfd6a2cf9,ENQUEUED,0.3717399271384756,questions_in
2025-10-29T12:49:27.868590,PUBLISH,38a73af5b324427abc3ef6e2b3979eb2,68f2d95bd190740cfd6a3031,ENQUEUED,0.43462695694465936,questions_in
2025-10-29T12:49:28.304804,PUBLISH,ba058c2091ed47a9a5aeddfe87702bdf,68f2d95bd190740cfd6a2d67,ENQUEUED,0.43423756546652803,questions_in
2025-10-29T12:49:28.498813,PUBLISH,1ce5323f08b145d89210703199a9dab4,68f2d95bd190740cfd6a227d,ENQUEUED,0.1883219002502426,questions_in
2025-10-29T12:49:28.807015,PUBLISH,9052504b3ec2412c9eb804e72b1b2a1a,68f2d95bd190740cfd6a345e,ENQUEUED,0.30191831219699594,questions_in
2025-10-29T12:49:29.159684,PUBLISH,44c152d2c2c049bead367b4720ead30c,68f2d95bd190740cfd6a3bb3,ENQUEUED,0.34519339144430694,questions_in
2025-10-29T12:49:29.530687,PUBLISH,834fb2ff74c7429bbccca5824cec0ba2,68f2d95bd190740cfd6a1c01,ENQUEUED,0.3690252030598423,questions_in
2025-10-29T12:49:29.967099,PUBLISH,847287295bf041408a667afc11ac3bbd,68f2d95bd190740cfd6a2a94,ENQUEUED,0.43373297191111104,questions_in
2025-10-29T12:49:30.177174,PUBLISH,7c13c6649ec6401db031cdf74a3a48d4,68f2d95bd190740cfd6a303c,ENQUEUED,0.20310115373944748,questions_in
2025-10-29T12:49:30.676099,PUBLISH,2e10aef6401843b39227c9d5fd6e3c7c,68f2d95bd190740cfd6a1e5c,ENQUEUED,0.489889881643536,questions_in
2025-10-29T12:49:31.076308,PUBLISH,d94525d52089459c808416127a9e563d,68f2d95bd190740cfd6a1b30,ENQUEUED,0.39351440369882873,questions_in
2025-10-29T12:49:31.381221,PUBLISH,f3110aa51446466c8309420ef92cf2b1,68f2d95bd190740cfd6a36c3,ENQUEUED,0.3027026081868872,questions_in
2025-10-29T12:49:31.708245,PUBLISH,2d48f707cb8843d885d3a2a89d637cc5,68f2d95bd190740cfd6a33e5,ENQUEUED,0.3202247915901545,questions_in
2025-10-29T12:49:31.939862,PUBLISH,2bfc690e69a24512a6c72dad08e7b2f9,68f2d95bd190740cfd6a31b6,ENQUEUED,0.2287770642090083,questions_in
2025-10-29T12:49:32.449710,PUBLISH,c8f6ecd987154289b145779355e14322,68f2d95bd190740cfd6a2238,ENQUEUED,0.49964071722399117,questions_in
2025-10-29T12:49:32.601772,PUBLISH,220c4ceab5c64ded86eb39a04d276a2b,68f2d95bd190740cfd6a3a68,ENQUEUED,0.14588918181180832,questions_in
2025-10-29T12:49:32.816777,PUBLISH,d1ffcb9a665e4bee87c7fd2c4031bbb6,68f2d95bd190740cfd6a2d63,ENQUEUED,0.21302952308742032,questions_in
2025-10-29T12:49:33.204833,PUBLISH,6435df3f9b1c4783a08b66222712afef,68f2d95bd190740cfd6a2631,ENQUEUED,0.38142951537145464,questions_in
2025-10-29T12:49:33.410555,PUBLISH,c7889b87091741419a17cd06c7b3893f,68f2d95bd190740cfd6a1c63,ENQUEUED,0.19933062035018817,questions_in
2025-10-29T12:49:33.520901,PUBLISH,42dacf93dcba4e1f938e8c216c03a678,68f2d95bd190740cfd6a1f8f,ENQUEUED,0.10446604147133272,questions_in
2025-10-29T12:49:33.711342,PUBLISH,b9937c4a3e1e45aaa4a94ec48073000f,68f2d95bd190740cfd6a310d,ENQUEUED,0.18331468566731302,questions_in
2025-10-29T12:49:33.851306,PUBLISH,01e57ca263a64ba7ae067af306afb389,68f2d95bd190740cfd6a1acf,ENQUEUED,0.13416479445835008,questions_in
2025-10-29T12:49:34.276577,PUBLISH,cf0c5e7a6d714897ab598a3a43922a4d,68f2d95bd190740cfd6a3acf,ENQUEUED,0.4225428339972721,questions_in
2025-10-29T12:49:34.735277,PUBLISH,9bb99816738f4d68b37e89fc47e59692,68f2d95bd190740cfd6a1f47,ENQUEUED,0.4565416436052334,questions_in
2025-10-29T12:49:35.061864,PUBLISH,170710a4bfb44cca89514da7d34fa174,68f2d95bd190740cfd6a3a74,ENQUEUED,0.31849045387795477,questions_in
2025-10-29T12:49:35.550250,PUBLISH,a43b0c5a65ee4644a396bfa88b3231e3,68f2d95bd190740cfd6a2a8a,ENQUEUED,0.4823254226789154,questions_in
2025-10-29T12:49:35.995682,PUBLISH,ef0ecd4e3c52458db814f95aa974eba9,68f2d95bd190740cfd6a2acc,ENQUEUED,0.4436461676646797,questions_in
2025-10-29T12:49:36.299563,PUBLISH,180d2115edf04d24ab5920c347b44af1,68f2d95bd190740cfd6a26ba,ENQUEUED,0.29820841831148776,questions_in
2025-10-29T12:49:36.706378,PUBLISH,3cb6c57e5add4c009a92e947a82cdefd,68f2d95bd190740cfd6a2edc,ENQUEUED,0.3997361758154704,questions_in
2025-10-29T12:49:37.161914,PUBLISH,9b122b2848c346c9941996f730295fb6,68f2d95bd190740cfd6a240d,ENQUEUED,0.44874428823216195,questions_in
2025-10-29T12:49:37.332187,PUBLISH,daac33199fe543989c6fe1615efbb6b9,68f2d95bd190740cfd6a2f91,ENQUEUED,0.16340315883086637,questions_in
2025-10-29T12:49:37.514941,PUBLISH,284a070901c644ec9d835e6af4c64b07,68f2d95bd190740cfd6a1fd9,ENQUEUED,0.18046495889014486,questions_in
2025-10-29T12:49:37.905776,PUBLISH,380f981aff304031b700a46465c81e8a,68f2d95bd190740cfd6a3e48,ENQUEUED,0.3889219839873196,questions_in
2025-10-29T12:49:38.346529,PUBLISH,82d0c7e2ebf842e2b85245b73ed37b5b,68f2d95bd190740cfd6a3d86,ENQUEUED,0.4348891249840158,questions_in
2025-10-29T12:49:38.593282,PUBLISH,ab0aa07e945f49be93ea206f41d7de8a,68f2d95bd190740cfd6a1af0,ENQUEUED,0.24130759445834796,questions_in
2025-10-29T12:49:38.994452,PUBLISH,fabb811a2fce4ef7b932e3f26e171c2d,68f2d95bd190740cfd6a27d0,ENQUEUED,0.3947336171380609,questions_in
2025-10-29T12:49:39.150645,PUBLISH,e0c264533b8a4c85b70783713e826c4a,68f2d95bd190740cfd6a38ef,ENQUEUED,0.15015581882621293,questions_in
2025-10-29T12:49:39.375600,PUBLISH,3bfd9df9c41d41afa4d3f7b5b5537379,68f2d95bd190740cfd6a1f37,ENQUEUED,0.21835588788405402,questions_in
2025-10-29T12:49:39.652206,PUBLISH,3ac5ab5206fc4efbb81d98622d06d9a7,68f2d95bd190740cfd6a39d8,ENQUEUED,0.2702408208106266,questions_in
2025-10-29T12:49:39.967080,PUBLISH,2429a00f28d744f88bd5a484e3d50f54,68f2d95bd190740cfd6a3062,ENQUEUED,0.30679577054666995,questions_in
2025-10-29T12:49:40.361841,PUBLISH,72cdf4b8d9d44406b3c98e26f3a5adfe,68f2d95bd190740cfd6a1d9a,ENQUEUED,0.3883887116726453,questions_in
2025-10-29T12:49:40.613817,PUBLISH,057607cf35e74377b5e6843270ac213a,68f2d95bd190740cfd6a34be,ENQUEUED,0.2451232494347124,questions_in
2025-10-29T12:49:40.783182,PUBLISH,05486db463a34f6aa2cd71aa349df200,68f2d95bd190740cfd6a2e29,ENQUEUED,0.16317395846405716,questions_in
2025-10-29T12:49:40.929903,PUBLISH,2c47ae38d35041469ddf16f346745b61,68f2d95bd190740cfd6a228b,ENQUEUED,0.1412031937232138,questions_in
2025-10-29T12:49:41.052332,PUBLISH,26c7867bd9644e5b815db0b672032feb,68f2d95bd190740cfd6a3020,ENQUEUED,0.11617234779592325,questions_in
2025-10-29T12:49:41.348727,PUBLISH,ffdc5c1ca4184e74bf8157bdbd754638,68f2d95bd190740cfd6a27d7,ENQUEUED,0.292612426320752,questions_in
2025-10-29T12:49:41.822807,PUBLISH,0795ac8e01e44ababc04e58688af8b19,68f2d95bd190740cfd6a1b17,ENQUEUED,0.4701969740431211,questions_in
2025-10-29T12:49:41.984499,PUBLISH,958604a1054e4898b85c5058315a18e0,68f2d95bd190740cfd6a28e8,ENQUEUED,0.15823505008501948,questions_in
2025-10-29T12:49:42.375874,PUBLISH,18525b8073ad4f7f84395249a86e8764,68f2d95bd190740cfd6a2c5c,ENQUEUED,0.3889173471047891,questions_in
2025-10-29T12:49:42.831380,PUBLISH,f5a0d6bd571a47d5ae196c8175e41865,68f2d95bd190740cfd6a23ad,ENQUEUED,0.4527414913265668,questions_in
2025-10-29T12:49:43.063419,PUBLISH,d18b4e7b87174db7a710717225912bd7,68f2d95bd190740cfd6a20b9,ENQUEUED,0.22652977417421558,questions_in
2025-10-29T12:49:43.457639,PUBLISH,21eecbc972f04a1986f52faf1adb9349,68f2d95bd190740cfd6a40a2,ENQUEUED,0.39236157653383363,questions_in
2025-10-29T12:49:43.560794,PUBLISH,ac151037a9094a7ebb2c49eab2555d07,68f2d95bd190740cfd6a3bb0,ENQUEUED,0.10127433708563825,questions_in
2025-10-29T12:49:43.733887,PUBLISH,9e6f7072161e4a8d8bc6b2276bb8fc7e,68f2d95bd190740cfd6a3cb9,ENQUEUED,0.171046131161659,questions_in
2025-10-29T12:49:43.958510,PUBLISH,a713f1f1e49648999f2a17195a09a2da,68f2d95bd190740cfd6a3e74,ENQUEUED,0.2194507983503202,questions_in
2025-10-29T12:49:44.351159,PUBLISH,1ee34b6998e74e48a34c1f58652ed801,68f2d95bd190740cfd6a1cb1,ENQUEUED,0.39067104711676093,questions_in
2025-10-29T12:49:44.665273,PUBLISH,e05e7375480542de81ff1d65ee87b973,68f2d95bd190740cfd6a3cc6,ENQUEUED,0.31218416983189506,questions_in
2025-10-29T12:49:44.873758,PUBLISH,c8da13b01ca24e8b9e215c15a404338a,68f2d95bd190740cfd6a3c9d,ENQUEUED,0.20537856587248382,questions_in
2025-10-29T12:49:45.016719,PUBLISH,7dacc115bb0d48e7bbb429f9930e4b76,68f2d95bd190740cfd6a34a7,ENQUEUED,0.1407010471012603,questions_in
2025-10-29T12:49:45.342778,PUBLISH,e8c32d6e21ba442bad31c9d83c65ca42,68f2d95bd190740cfd6a207b,ENQUEUED,0.3240599007238275,questions_in
2025-10-29T12:49:45.827710,PUBLISH,201153fbed274d599d002bf9daeedce2,68f2d95bd190740cfd6a4149,ENQUEUED,0.4828731686869482,questions_in
2025-10-29T12:49:45.956898,PUBLISH,be842ff49dc84a92a4625587376a46be,68f2d95bd190740cfd6a315c,ENQUEUED,0.12093235646340338,questions_in
2025-10-29T12:49:46.232285,PUBLISH,e49760da978a4746b2084ca90f40b91c,68f2d95bd190740cfd6a3594,ENQUEUED,0.272933255072902,questions_in
2025-10-29T12:49:46.458458,PUBLISH,3456044c4cca49189684586e8cb970ca,68f2d95bd190740cfd6a1d66,ENQUEUED,0.2242458315670901,questions_in
2025-10-29T12:49:46.940258,PUBLISH,355801b1d62747e1a52119211051c9b8,68f2d95bd190740cfd6a3afd,ENQUEUED,0.47919446591366,questions_in
2025-10-29T12:49:47.098633,PUBLISH,6f2300e45b6e418bab70d771867b3e3c,68f2d95bd190740cfd6a32fe,ENQUEUED,0.1566284896089486,questions_in
2025-10-29T12:49:47.551486,PUBLISH,9f08681bc40944bbbca0c03bbc1d41e4,68f2d95bd190740cfd6a2c88,ENQUEUED,0.4453942061696312,questions_in
2025-10-29T12:49:47.755734,PUBLISH,ea84d4a52feb48959b636db6909f09f9,68f2d95bd190740cfd6a3486,ENQUEUED,0.20157037984875817,questions_in
2025-10-29T12:49:48.048674,PUBLISH,b45b76d98fd24d1fa032fd6d113c1338,68f2d95bd190740cfd6a35b0,ENQUEUED,0.29095292723047317,questions_in
2025-10-29T12:49:48.359757,PUBLISH,85f761b9276d4b598bada5a28f2f7320,68f2d95bd190740cfd6a1b3a,ENQUEUED,0.3087109415890017,questions_in
2025-10-29T12:49:48.797572,PUBLISH,957988284a534874867a421bbc25ceb4,68f2d95bd190740cfd6a2cee,ENQUEUED,0.43550126946463485,questions_in
2025-10-29T12:49:49.086406,PUBLISH,02388cae605c436d922103baac5d2c8e,68f2d95bd190740cfd6a3841,ENQUEUED,0.28572148118501994,questions_in
2025-10-29T12:49:49.414005,PUBLISH,d2989954676d45a38cfb3e2c06ebcd50,68f2d95bd190740cfd6a1f72,ENQUEUED,0.3224928717230689,questions_in
2025-10-29T12:49:49.883856,PUBLISH,d053646201284704a1b4ce4601431d98,68f2d95bd190740cfd6a2294,ENQUEUED,0.4678149427950278,questions_in
2025-10-29T12:49:50.216286,PUBLISH,4896fac2bc1548bb82aae7d3fa29395f,68f2d95bd190740cfd6a1c25,ENQUEUED,0.3309089490958735,questions_in
2025-10-29T12:49:50.330328,PUBLISH,a7ffbde142554f2aaaeebe859d72404a,68f2d95bd190740cfd6a3b7f,ENQUEUED,0.10809929132741747,questions_in
2025-10-29T12:49:50.514242,PUBLISH,2d03ee23720948538fe5cdde4162f97b,68f2d95bd190740cfd6a2b0a,ENQUEUED,0.17593507857002197,questions_in
2025-10-29T12:49:50.712426,PUBLISH,7fb1870cd2d9479481d2b36c816fa25a,68f2d95bd190740cfd6a33d9,ENQUEUED,0.19212700357517742,questions_in
2025-10-29T12:49:51.205702,PUBLISH,5f8cac627053441e862e277ae5532a74,68f2d95bd190740cfd6a296a,ENQUEUED,0.48774728128864275,questions_in
2025-10-29T12:49:51.551357,PUBLISH,bddd0710efb1473ebd03ab962dd49f98,68f2d95bd190740cfd6a1dba,ENQUEUED,0.34249218565007433,questions_in
2025-10-29T12:49:51.946172,PUBLISH,e985495ab95a47538a9f2e130801612d,68f2d95bd190740cfd6a3565,ENQUEUED,0.3894339655971526,questions_in
2025-10-29T12:49:52.183128,PUBLISH,d8fb0ad25c4144578630cd9c79a678d4,68f2d95bd190740cfd6a32d1,ENQUEUED,0.2312785139185345,questions_in
2025-10-29T12:49:52.610378,PUBLISH,d3f486b8c5f04633a6f0d7151b7bce87,68f2d95bd190740cfd6a2596,ENQUEUED,0.42183501151664626,questions_in
2025-10-29T12:49:53.070457,PUBLISH,b62034f12ab54c3f90aa05a896d15e63,68f2d95bd190740cfd6a4162,ENQUEUED,0.4529794145409275,questions_in
2025-10-29T12:49:53.405711,PUBLISH,d52800dd894c447ab3f36ac76567fab0,68f2d95bd190740cfd6a31e9,ENQUEUED,0.3322904816932318,questions_in
2025-10-29T12:49:53.896478,PUBLISH,16e0c1069d5a4a60ab110a8f2de92537,68f2d95bd190740cfd6a2dd6,ENQUEUED,0.4851197068466514,questions_in
2025-10-29T12:49:54.271976,PUBLISH,873e9a088ce34635b772fc16245f2297,68f2d95bd190740cfd6a31d8,ENQUEUED,0.37276443314691377,questions_in
2025-10-29T12:49:54.685896,PUBLISH,bd39e44b5e924bcfbebd794677906e2d,68f2d95bd190740cfd6a2872,ENQUEUED,0.40796744199908364,questions_in
2025-10-29T12:49:55.105779,PUBLISH,c62c038d4fe34c0392c2a043564e8a78,68f2d95bd190740cfd6a4134,ENQUEUED,0.412734400168421,questions_in
2025-10-29T12:49:55.543136,PUBLISH,b3a4829b774840159295479385ce70ed,68f2d95bd190740cfd6a3230,ENQUEUED,0.43528828145695986,questions_in
2025-10-29T12:49:55.740588,PUBLISH,01c51b886dd745c89859e62d42ddeffa,68f2d95bd190740cfd6a33c1,ENQUEUED,0.1909918307076982,questions_in
2025-10-29T12:49:56.136810,PUBLISH,e3f947a8c11444ccb7ce278fa70985f8,68f2d95bd190740cfd6a40d0,ENQUEUED,0.39393931040234154,questions_in
2025-10-29T12:49:56.378852,PUBLISH,dcb2676fa90145d39f1d11a9e7ba92a1,68f2d95bd190740cfd6a23b1,ENQUEUED,0.2347942200838966,questions_in
2025-10-29T12:49:56.621506,PUBLISH,dd204d58e08c41329ad15f8b8fa6ffae,68f2d95bd190740cfd6a1ad5,ENQUEUED,0.23504067821217875,questions_in
2025-10-29T12:49:57.007840,PUBLISH,e9265ce0b1434cf5b8e93d0420749c45,68f2d95bd190740cfd6a3a6c,ENQUEUED,0.37896838194864946,questions_in
2025-10-29T12:49:57.312017,PUBLISH,3dba2a36ebc94400ade5a67fd9586e01,68f2d95bd190740cfd6a36b4,ENQUEUED,0.3020916810058353,questions_in
2025-10-29T12:49:57.679634,PUBLISH,8e63817715b74f93999bf92755e2682e,68f2d95bd190740cfd6a2e38,ENQUEUED,0.36570654437503924,questions_in
2025-10-29T12:49:58.088690,PUBLISH,aaef09f7a4c8474fa5fb653dc5601239,68f2d95bd190740cfd6a220a,ENQUEUED,0.4060265151162368,questions_in
2025-10-29T12:49:58.429367,PUBLISH,4a4316cbb07841769367ca346839ddf9,68f2d95bd190740cfd6a2c55,ENQUEUED,0.338499161648383,questions_in
2025-10-29T12:49:58.844690,PUBLISH,569afe862c6245e297764b5513f087b7,68f2d95bd190740cfd6a2d19,ENQUEUED,0.4100670714416329,questions_in
2025-10-29T12:49:59.092949,PUBLISH,6e36cac567d24604b73fe4c09f46999e,68f2d95bd190740cfd6a3937,ENQUEUED,0.24590644513370968,questions_in
2025-10-29T12:49:59.584783,PUBLISH,e01f427613e04f0db9e40328d3837ef6,68f2d95bd190740cfd6a3626,ENQUEUED,0.48525704705175265,questions_in
2025-10-29T12:50:00.046397,PUBLISH,5ad93f87cb764d23a735035e95be0c05,68f2d95bd190740cfd6a3a01,ENQUEUED,0.4550048469283746,questions_in
2025-10-29T12:50:00.305168,PUBLISH,2a907fa69ea74b298119ffa395c3e624,68f2d95bd190740cfd6a2915,ENQUEUED,0.2568007276902171,questions_in
2025-10-29T12:50:00.512360,PUBLISH,9923bd82ace641409fcb106620ed57b4,68f2d95bd190740cfd6a2549,ENQUEUED,0.2052948691188191,questions_in
2025-10-29T12:50:00.736920,PUBLISH,a078079125e9440db6f81b47b13cbd4e,68f2d95bd190740cfd6a29bf,ENQUEUED,0.2217916348618772,questions_in
2025-10-29T12:50:01.157103,PUBLISH,11cc210e89eb4fee9aa11afa7fd28f3d,68f2d95bd190740cfd6a411c,ENQUEUED,0.41782102707275715,questions_in
2025-10-29T12:50:01.336066,PUBLISH,4da00944acec47eb958ab64a06cafbb7,68f2d95bd190740cfd6a2851,ENQUEUED,0.1767596682481048,questions_in
2025-10-29T12:50:01.468884,PUBLISH,2e46b4b640a14fef93976079483e8224,68f2d95bd190740cfd6a2a2e,ENQUEUED,0.12722685303775744,questions_in
2025-10-29T12:50:01.919633,PUBLISH,effbbcc3cf364589a9885dd7353d106d,68f2d95bd190740cfd6a3d90,ENQUEUED,0.44231973102058475,questions_in
2025-10-29T12:50:02.422832,PUBLISH,d15959f6fb2942fd8e435c33e004725f,68f2d95bd190740cfd6a3421,ENQUEUED,0.4956038041818449,questions_in
2025-10-29T12:50:02.568276,PUBLISH,739909f0f58e466099c92dc053712c17,68f2d95bd190740cfd6a21f2,ENQUEUED,0.1414106269025878,questions_in
2025-10-29T12:50:02.724359,PUBLISH,edaa573b89e3439ea51d4322a55a9c40,68f2d95bd190740cfd6a2321,ENQUEUED,0.15422938163558372,questions_in
2025-10-29T12:50:03.057377,PUBLISH,fb88d21de66848d1969d4ec9e470fbd4,68f2d95bd190740cfd6a2065,ENQUEUED,0.3303216504612052,questions_in
2025-10-29T12:50:03.294753,PUBLISH,49a7d5cfa5bf4023b6cfb2cdd9020dc3,68f2d95bd190740cfd6a2ded,ENQUEUED,0.2351504254509608,questions_in
2025-10-29T12:50:03.541186,PUBLISH,6e48fecb8ec249338b45a7bb06124e77,68f2d95bd190740cfd6a2eb1,ENQUEUED,0.2438403863325625,questions_in
2025-10-29T12:50:03.992667,PUBLISH,d365a4447ea440aabc61cb9cd6160ee5,68f2d95bd190740cfd6a4192,ENQUEUED,0.4465232001539411,questions_in
2025-10-29T12:50:04.409847,PUBLISH,9a710f314a2e4cc28028a940ccd95633,68f2d95bd190740cfd6a2870,ENQUEUED,0.4111823428407283,questions_in
2025-10-29T12:50:04.562638,PUBLISH,e8839beec4bd49a4b47c31f905bef3e6,68f2d95bd190740cfd6a1b45,ENQUEUED,0.1464600951465619,questions_in
2025-10-29T12:50:04.983792,PUBLISH,a6d359379d764e96a32bec196f26a69a,68f2d95bd190740cfd6a1b9a,ENQUEUED,0.41821934524446913,questions_in
2025-10-29T12:50:05.467351,PUBLISH,608acd0943bf4670af95a0d99645290b,68f2d95bd190740cfd6a23c8,ENQUEUED,0.481309520252055,questions_in
2025-10-29T12:50:05.656332,PUBLISH,2911b5e9a5c243378c21ddad3dba47ec,68f2d95bd190740cfd6a2814,ENQUEUED,0.1868099738323096,questions_in
2025-10-29T12:50:05.893608,PUBLISH,2abaadfc2da3490f8f98588c17544bdf,68f2d95bd190740cfd6a416a,ENQUEUED,0.23526224107319546,questions_in
2025-10-29T12:50:06.361606,PUBLISH,35a21a3f3aa442b7a9f05aafbd2563eb,68f2d95bd190740cfd6a4171,ENQUEUED,0.4657048743218658,questions_in
2025-10-29T12:50:06.845567,PUBLISH,798e521ec62942b3b0fec394938fab68,68f2d95bd190740cfd6a21bd,ENQUEUED,0.48071362084876357,questions_in
2025-10-29T12:50:07.219457,PUBLISH,6c60f84bdb604f988677945d686b8e9e,68f2d95bd190740cfd6a27e0,ENQUEUED,0.369734031800211,questions_in
2025-10-29T12:50:07.663732,PUBLISH,6587c326d2b4411c99439c342b741fb4,68f2d95bd190740cfd6a329e,ENQUEUED,0.43844724476805286,questions_in
2025-10-29T12:50:08.158504,PUBLISH,704905c5da0e43db899db77dd8953594,68f2d95bd190740cfd6a3ab9,ENQUEUED,0.49171296873611703,questions_in
2025-10-29T12:50:08.356473,PUBLISH,d85d930c9c98404ca367cf3ae591169d,68f2d95bd190740cfd6a24de,ENQUEUED,0.1924586749255317,questions_in
2025-10-29T12:50:08.762369,PUBLISH,6e1d1728e221461ea968b53983ca94e5,68f2d95bd190740cfd6a2845,ENQUEUED,0.40235072372875913,questions_in
2025-10-29T12:50:08.937774,PUBLISH,eadf57e7f9fe43d48b5d8c0fcee7b0fb,68f2d95bd190740cfd6a3727,ENQUEUED,0.16694098312170502,questions_in
2025-10-29T12:50:09.232428,PUBLISH,6ac166788e2b46159856e50d06fba4d5,68f2d95bd190740cfd6a36de,ENQUEUED,0.2881361436944374,questions_in
2025-10-29T12:50:09.658709,PUBLISH,c68d82bb24f14dcf93be96644ae9cdfc,68f2d95bd190740cfd6a240c,ENQUEUED,0.4204696635411228,questions_in
2025-10-29T12:50:10.128881,PUBLISH,c20112a04d2649799ebe1f0796e20600,68f2d95bd190740cfd6a3b05,ENQUEUED,0.4633307742669538,questions_in
2025-10-29T12:50:10.437010,PUBLISH,a3d6ae1e5ccd4a938bf1d67aa9c7b640,68f2d95bd190740cfd6a1f33,ENQUEUED,0.30577060349916235,questions_in
2025-10-29T12:50:10.793102,PUBLISH,492a24d55068411d9a271d219b0463b2,68f2d95bd190740cfd6a381b,ENQUEUED,0.3485966227103834,questions_in
2025-10-29T12:50:10.946055,PUBLISH,81c5eb62893945da8551dc2126a73220,68f2d95bd190740cfd6a2a50,ENQUEUED,0.14705020866320195,questions_in
2025-10-29T12:50:11.149124,PUBLISH,1b4fd84365534c43ba80f8536c6ac305,68f2d95bd190740cfd6a2f72,ENQUEUED,0.19563444156877866,questions_in
2025-10-29T12:50:11.520791,PUBLISH,41ca7d0c34864b948533bb4f54eef0c8,68f2d95bd190740cfd6a25cd,ENQUEUED,0.3694894397032866,questions_in
2025-10-29T12:50:11.718618,PUBLISH,6329f1b5513b459d834d2eb2ebb03dbc,68f2d95bd190740cfd6a2f0b,ENQUEUED,0.19070169662074973,questions_in
2025-10-29T12:50:11.918429,PUBLISH,2283ca1ec1c247918f3f5e1a91a09964,68f2d95bd190740cfd6a3046,ENQUEUED,0.19505987038447953,questions_in
2025-10-29T12:50:12.145226,PUBLISH,ad411355bff44ce6a6120f9867bbfb10,68f2d95bd190740cfd6a273c,ENQUEUED,0.2232457599178222,questions_in
2025-10-29T12:50:12.441650,PUBLISH,b8467abfb27a4de9bfa18ffa2714a27f,68f2d95bd190740cfd6a24b3,ENQUEUED,0.2904656216991349,questions_in
2025-10-29T12:50:12.591715,PUBLISH,3d03fa54649e4bf9ba6366d463bfcbd8,68f2d95bd190740cfd6a3adc,ENQUEUED,0.144454235536359,questions_in
2025-10-29T12:50:12.745156,PUBLISH,ee21d937d51b4276931a5368cf3a5989,68f2d95bd190740cfd6a3f41,ENQUEUED,0.15141456825287616,questions_in
2025-10-29T12:50:12.890073,PUBLISH,46a792e8fdbe4a05a6a22a8aa509ccf8,68f2d95bd190740cfd6a353d,ENQUEUED,0.1387468724266907,questions_in
2025-10-29T12:50:13.027607,PUBLISH,6e931fbdb20b40e9b57d2372497d9343,68f2d95bd190740cfd6a3016,ENQUEUED,0.13055475144605497,questions_in
2025-10-29T12:50:13.403870,PUBLISH,5839f83249324bdb9accbd3f47848621,68f2d95bd190740cfd6a30ce,ENQUEUED,0.370469396135754,questions_in
2025-10-29T12:50:13.780496,PUBLISH,93b3c612260b49aeb155fc9c00028a13,68f2d95bd190740cfd6a2e53,ENQUEUED,0.3702953586842048,questions_in
2025-10-29T12:50:14.004216,PUBLISH,619d5e0281534b168097de5dca721f87,68f2d95bd190740cfd6a1ebf,ENQUEUED,0.21787814229196747,questions_in
2025-10-29T12:50:14.399916,PUBLISH,13705bf71fd04d0e9ee50675b7237b12,68f2d95bd190740cfd6a1bf4,ENQUEUED,0.3910711935818817,questions_in
2025-10-29T12:50:14.564924,PUBLISH,f1b822cbbd844fd090ff9ae7be3a8575,68f2d95bd190740cfd6a3eba,ENQUEUED,0.157830315553812,questions_in
2025-10-29T12:50:14.873690,PUBLISH,af2c4639009b45d0a18b0a4a0cfb79d0,68f2d95bd190740cfd6a1fcb,ENQUEUED,0.3029927093493392,questions_in
2025-10-29T12:50:15.313164,PUBLISH,6769bde515944bd49f98bb418c52e320,68f2d95bd190740cfd6a2869,ENQUEUED,0.43645256363853746,questions_in
2025-10-29T12:50:15.588553,PUBLISH,5d451dbff4f04d52a1261a04b3e0e3ca,68f2d95bd190740cfd6a3ff5,ENQUEUED,0.2690195818015645,questions_in
2025-10-29T12:50:15.901518,PUBLISH,c5fcd408f4b641cca4364003b9908750,68f2d95bd190740cfd6a2688,ENQUEUED,0.305104987174252,questions_in
2025-10-29T12:50:16.030672,PUBLISH,481ffdde36c6431889e658e4e37ff970,68f2d95bd190740cfd6a2236,ENQUEUED,0.1255108009602319,questions_in
2025-10-29T12:50:16.373088,PUBLISH,04e68450c4b040d690233569e726ebca,68f2d95bd190740cfd6a25cb,ENQUEUED,0.33656532756478397,questions_in
2025-10-29T12:50:16.557767,PUBLISH,18ba4b8f40434317baf22ba5b35b4318,68f2d95bd190740cfd6a1d1d,ENQUEUED,0.18255497412854949,questions_in
2025-10-29T12:50:16.976311,PUBLISH,d7844d229917431bb10bd1916d7e5285,68f2d95bd190740cfd6a36de,ENQUEUED,0.4162522782442595,questions_in
2025-10-29T12:50:17.222403,PUBLISH,fb0a11df6a6f47169e83cd19ed76ad8b,68f2d95bd190740cfd6a3426,ENQUEUED,0.2403725462770596,questions_in
2025-10-29T12:50:17.708662,PUBLISH,5ce90ac38bf44d42a6b1021b4cc804e7,68f2d95bd190740cfd6a299e,ENQUEUED,0.47985601136051426,questions_in
2025-10-29T12:50:17.989193,PUBLISH,0c9cdd5c626a4059bf877ae62156b88e,68f2d95bd190740cfd6a3294,ENQUEUED,0.27461240432715384,questions_in
2025-10-29T12:50:18.371700,PUBLISH,d355d0eba49549d6bd1d89eabf6dcdca,68f2d95bd190740cfd6a3781,ENQUEUED,0.3781975652179066,questions_in
2025-10-29T12:50:18.787162,PUBLISH,0f827a9562a9402dad77efbb7ccb0e8f,68f2d95bd190740cfd6a2228,ENQUEUED,0.4126991927708119,questions_in
2025-10-29T12:50:19.102162,PUBLISH,617368f816c5425ca56eb752c6e21e81,68f2d95bd190740cfd6a1e6e,ENQUEUED,0.31207476862607053,questions_in
2025-10-29T12:50:19.519396,PUBLISH,1c932c85122a403a88ff0cf98da4b599,68f2d95bd190740cfd6a1b71,ENQUEUED,0.4107831621050352,questions_in
2025-10-29T12:50:20.001438,PUBLISH,588eed7e6d304b91b4928fccd4fad924,68f2d95bd190740cfd6a36d9,ENQUEUED,0.4798508265237996,questions_in
2025-10-29T12:50:20.181932,PUBLISH,e8309c12f44346a0891609b905c40fdf,68f2d95bd190740cfd6a2d04,ENQUEUED,0.17769781477786753,questions_in
2025-10-29T12:50:20.549937,PUBLISH,ef3a20eef712427c93e755d2caa5cfc1,68f2d95bd190740cfd6a25ed,ENQUEUED,0.36592562861919775,questions_in
2025-10-29T12:50:20.955625,PUBLISH,947fcdac346b4bafa5d076c75c6fd0eb,68f2d95bd190740cfd6a2c40,ENQUEUED,0.4037926109626627,questions_in
2025-10-29T12:50:21.212065,PUBLISH,2ee78ff0ecfe4c00906b6c5c2848cf71,68f2d95bd190740cfd6a2bf5,ENQUEUED,0.24979892240897544,questions_in
2025-10-29T12:50:21.521443,PUBLISH,141ace93a54f464b9b92704ff00b0c47,68f2d95bd190740cfd6a3445,ENQUEUED,0.3038897006133491,questions_in
2025-10-29T12:50:21.790428,PUBLISH,0ba4cc2864744d2c990ad816d2109a66,68f2d95bd190740cfd6a3025,ENQUEUED,0.2648162997557876,questions_in
2025-10-29T12:50:22.247494,PUBLISH,0a3e8f0b12af479f87d92481fde5f51a,68f2d95bd190740cfd6a397c,ENQUEUED,0.4536930740371894,questions_in
2025-10-29T12:50:22.516617,PUBLISH,56b76b90086a44998d0c6819a3f5b027,68f2d95bd190740cfd6a1f61,ENQUEUED,0.26236124269548206,questions_in
2025-10-29T12:50:22.980574,PUBLISH,a2e0516e8294417b86416bfaa46dad2a,68f2d95bd190740cfd6a41a9,ENQUEUED,0.4605440179949768,questions_in
2025-10-29T12:50:23.240161,PUBLISH,9af1f7807ad546cc9342eb85ecff3552,68f2d95bd190740cfd6a310e,ENQUEUED,0.2564949822202707,questions_in
2025-10-29T12:50:23.616054,PUBLISH,87c668e0e4b64921acad419bc10bf673,68f2d95bd190740cfd6a417d,ENQUEUED,0.37241732990820664,questions_in
2025-10-29T12:50:24.063179,PUBLISH,c1871a56b9dd40edafa34e052c45ecbd,68f2d95bd190740cfd6a2d12,ENQUEUED,0.44010074733899496,questions_in
2025-10-29T12:50:24.481056,PUBLISH,c48c2512691945d2b34bdcb3ab3ed628,68f2d95bd190740cfd6a1d59,ENQUEUED,0.411639012120104,questions_in
2025-10-29T12:50:24.952342,PUBLISH,255dcd535edf445aa64d0e66dc818adc,68f2d95bd190740cfd6a1e00,ENQUEUED,0.4649289030848467,questions_in
2025-10-29T12:50:25.252604,PUBLISH,09a1b79a29ea442ea1065f99cf3b2c88,68f2d95bd190740cfd6a3295,ENQUEUED,0.2937095265345363,questions_in
2025-10-29T12:50:25.681740,PUBLISH,894efb1a39454d49976b2db44bfa3673,68f2d95bd190740cfd6a2cb3,ENQUEUED,0.42398053611705877,questions_in
2025-10-29T12:50:25.969861,PUBLISH,86c01a8b0d284529ba81f14973d477a7,68f2d95bd190740cfd6a2a2f,ENQUEUED,0.286223109224347,questions_in
2025-10-29T12:50:26.284573,PUBLISH,318c5151e2414bf88249a7412b0a92b9,68f2d95bd190740cfd6a3c6e,ENQUEUED,0.30732500343546365,questions_in
2025-10-29T12:50:26.694498,PUBLISH,0672b8ec8de74582922d9e53051b4d41,68f2d95bd190740cfd6a3ddf,ENQUEUED,0.4073909396842508,questions_in
2025-10-29T12:50:26.935138,PUBLISH,3b6f5d364f1a440581a1fe61ac934b08,68f2d95bd190740cfd6a1c6c,ENQUEUED,0.23299072011565572,questions_in
2025-10-29T12:50:27.334236,PUBLISH,7e4009048e6f4eeab105fa15605f64bc,68f2d95bd190740cfd6a2a21,ENQUEUED,0.3915989917754389,questions_in
2025-10-29T12:50:27.513954,PUBLISH,b0298850305447ba9caf007a2264c7c8,68f2d95bd190740cfd6a2046,ENQUEUED,0.17219533579992535,questions_in
2025-10-29T12:50:27.707853,PUBLISH,00b231fdbc634fe6aa258c97cc63b699,68f2d95bd190740cfd6a2741,ENQUEUED,0.19199101858596146,questions_in
2025-10-29T12:50:28.091704,PUBLISH,37a4230b5def46d7a18453b232fcb4ab,68f2d95bd190740cfd6a1f2e,ENQUEUED,0.38136367158322093,questions_in
2025-10-29T12:50:28.501305,PUBLISH,5433c041844a4485a3de4f02e099b502,68f2d95bd190740cfd6a2d76,ENQUEUED,0.40323979910088703,questions_in
2025-10-29T12:50:28.816372,PUBLISH,c53d2d4dc5954459b09d755575498930,68f2d95bd190740cfd6a3af1,ENQUEUED,0.31269458175144216,questions_in
2025-10-29T12:50:29.294576,PUBLISH,41b9d2a5e70445c68afb7a76c443ebbe,68f2d95bd190740cfd6a37f3,ENQUEUED,0.4714217723840325,questions_in
2025-10-29T12:50:29.501622,PUBLISH,dcfb9165031d4fecb44722d5ebfb8bff,68f2d95bd190740cfd6a2ae4,ENQUEUED,0.20476073881226886,questions_in
2025-10-29T12:50:29.907190,PUBLISH,a1b2e35e4a19424288bb2da6a6cacb21,68f2d95bd190740cfd6a3bd1,ENQUEUED,0.40354494207225966,questions_in
2025-10-29T12:50:30.103372,PUBLISH,94eb9e8db2dd408d84111c68aa3e8034,68f2d95bd190740cfd6a1c35,ENQUEUED,0.19349579794387012,questions_in
2025-10-29T12:50:30.482940,PUBLISH,afaa999bb45d4548909216d660af5dea,68f2d95bd190740cfd6a3189,ENQUEUED,0.37661597220035825,questions_in
2025-10-29T12:50:30.655082,PUBLISH,4e59a004432248038ad9963bc6996a98,68f2d95bd190740cfd6a3c54,ENQUEUED,0.1702854970702571,questions_in
2025-10-29T12:50:31.129002,PUBLISH,8871d7ceedbc44139a4436c9f5a05bab,68f2d95bd190740cfd6a3fc5,ENQUEUED,0.46620023368342944,questions_in
2025-10-29T12:50:31.403988,PUBLISH,beda9cd2842a467d81075443a36e4fa6,68f2d95bd190740cfd6a2bbc,ENQUEUED,0.2726554160001449,questions_in
2025-10-29T12:50:31.897162,PUBLISH,87ce7750ba154620912406ca3821e7b3,68f2d95bd190740cfd6a3a0a,ENQUEUED,0.49054342865542944,questions_in
2025-10-29T12:50:32.244129,PUBLISH,1ef04aa6595e42bf85ee695c03c5c42b,68f2d95bd190740cfd6a2599,ENQUEUED,0.3434564057702376,questions_in
2025-10-29T12:50:32.601602,PUBLISH,b4e0bcd37f8544409ce6e1ca7a018b77,68f2d95bd190740cfd6a38da,ENQUEUED,0.3553405805798461,questions_in
2025-10-29T12:50:32.953100,PUBLISH,9180964c631d45b9b2a54ed4a2821d6a,68f2d95bd190740cfd6a26f5,ENQUEUED,0.34834969417874306,questions_in
2025-10-29T12:50:33.403749,PUBLISH,f7cea161d4514267983993168bf4775e,68f2d95bd190740cfd6a2854,ENQUEUED,0.44843231701486563,questions_in
2025-10-29T12:50:33.598215,PUBLISH,a6284e05eebd46dd826d41d7880376b4,68f2d95bd190740cfd6a39cd,ENQUEUED,0.188313335978147,questions_in
2025-10-29T12:50:33.879246,PUBLISH,98f55d0a6ef241579a909e5cf943a938,68f2d95bd190740cfd6a376a,ENQUEUED,0.27702422907838165,questions_in
2025-10-29T12:50:34.111586,PUBLISH,286c5596f0d4422aaa151c64dd4cf1b4,68f2d95bd190740cfd6a26d0,ENQUEUED,0.22966009239634003,questions_in
2025-10-29T12:50:34.286253,PUBLISH,33648e540a4f45ddb6414c8238820844,68f2d95bd190740cfd6a1f32,ENQUEUED,0.168538045039974,questions_in
2025-10-29T12:50:34.766685,PUBLISH,e5080cfbc65c40a693ed1745e6bef8d9,68f2d95bd190740cfd6a275c,ENQUEUED,0.478481792274031,questions_in
2025-10-29T12:50:34.870903,PUBLISH,323cd2723e2d4a72a436ce14431e5a4a,68f2d95bd190740cfd6a2801,ENQUEUED,0.10200484441644382,questions_in
2025-10-29T12:50:35.164398,PUBLISH,c79857f4262e4a62aa11387da20608e7,68f2d95bd190740cfd6a1dfc,ENQUEUED,0.2896501412278002,questions_in
2025-10-29T12:50:35.430364,PUBLISH,75036934a63244ceaa0ff66befe89ed4,68f2d95bd190740cfd6a244f,ENQUEUED,0.2596587371778043,questions_in
2025-10-29T12:50:35.894911,PUBLISH,fab0e09e078f4e038e60a3f6b76515d4,68f2d95bd190740cfd6a2805,ENQUEUED,0.4622695921233596,questions_in
2025-10-29T12:50:36.360919,PUBLISH,50fad601a18a49dd9b039f594ea1dc4d,68f2d95bd190740cfd6a2cce,ENQUEUED,0.46410742780365666,questions_in
2025-10-29T12:50:36.554678,PUBLISH,137dc4e5d9ff48e79db303f409d7034b,68f2d95bd190740cfd6a1b81,ENQUEUED,0.18650596798634794,questions_in
2025-10-29T12:50:36.972443,PUBLISH,523a039b831142f0a45a42f84ae13723,68f2d95bd190740cfd6a38d2,ENQUEUED,0.41547113796527746,questions_in
2025-10-29T12:50:37.249167,PUBLISH,648ebfc8ac41451daa66456ecf3d30e7,68f2d95bd190740cfd6a3d23,ENQUEUED,0.27449189570977045,questions_in
2025-10-29T12:50:37.677768,PUBLISH,f22600dbbe9a48d98f055c3befce91ee,68f2d95bd190740cfd6a29b1,ENQUEUED,0.42403341439380215,questions_in
2025-10-29T12:50:37.783561,PUBLISH,025a204eb2494a8cafa58ef2a7474521,68f2d95bd190740cfd6a41c3,ENQUEUED,0.10266721533774761,questions_in
2025-10-29T12:50:38.106052,PUBLISH,35be844768af4b8f91edc2366875c72f,68f2d95bd190740cfd6a37bb,ENQUEUED,0.3175032900438695,questions_in
2025-10-29T12:50:38.412937,PUBLISH,25171885fcef4a54a8b8f6da1bfe6bd4,68f2d95bd190740cfd6a1bd7,ENQUEUED,0.3000843773930109,questions_in
2025-10-29T12:50:38.639055,PUBLISH,80bbe1ece253474c9e276e5bd022fc40,68f2d95bd190740cfd6a2b23,ENQUEUED,0.21930369701256391,questions_in
2025-10-29T12:50:39.084651,PUBLISH,48935309f2064ea0ab463048268136ad,68f2d95bd190740cfd6a2dc4,ENQUEUED,0.43981446869137597,questions_in
2025-10-29T12:50:39.382413,PUBLISH,8311c343c553409887adf1f39d78b6ef,68f2d95bd190740cfd6a2ede,ENQUEUED,0.2920148064587519,questions_in
2025-10-29T12:50:39.856238,PUBLISH,51d5325e580e4077a3d037b637ce9bf6,68f2d95bd190740cfd6a233a,ENQUEUED,0.471548959087702,questions_in
2025-10-29T12:50:40.051393,PUBLISH,a04632d1d09644ac98fcf2ee9360a28e,68f2d95bd190740cfd6a273d,ENQUEUED,0.19299355139476748,questions_in
2025-10-29T12:50:40.519173,PUBLISH,04ad324e45894b52be41ba2e80ab4aaa,68f2d95bd190740cfd6a2e72,ENQUEUED,0.46575131056986874,questions_in
2025-10-29T12:50:40.813980,PUBLISH,6442c5aaff344772934cb2aeee2eca3c,68f2d95bd190740cfd6a31f1,ENQUEUED,0.2929508899914576,questions_in
2025-10-29T12:50:40.943431,PUBLISH,d43c9178f9114b47abc2cdf4b1051cce,68f2d95bd190740cfd6a2884,ENQUEUED,0.12757903063096956,questions_in
2025-10-29T12:50:41.413744,PUBLISH,a6ec0ebb97844a5a8a6dbd77a3f1f691,68f2d95bd190740cfd6a2219,ENQUEUED,0.4682120889238872,questions_in
2025-10-29T12:50:41.888599,PUBLISH,90cb393736294cb6ad3535e917bed941,68f2d95bd190740cfd6a2811,ENQUEUED,0.4689110199348101,questions_in
2025-10-29T12:50:42.269712,PUBLISH,5ec4f0cac2b043968f07a80ea5774258,68f2d95bd190740cfd6a4141,ENQUEUED,0.37884105258878153,questions_in
2025-10-29T12:50:42.631758,PUBLISH,3c318ada7cc540c1b583b4540c280151,68f2d95bd190740cfd6a3e2b,ENQUEUED,0.3593596538755661,questions_in
2025-10-29T12:50:42.985905,PUBLISH,91873d6ef78243e4a276ac20e89b6d4b,68f2d95bd190740cfd6a2469,ENQUEUED,0.34853566286669835,questions_in
2025-10-29T12:50:43.435662,PUBLISH,5866992dec5f43eb8ef6b6685495de07,68f2d95bd190740cfd6a22dd,ENQUEUED,0.44798714189172295,questions_in
2025-10-29T12:50:43.619045,PUBLISH,7b0e69b81ea44feebe96bac948d42398,68f2d95bd190740cfd6a2cf8,ENQUEUED,0.18125351504577258,questions_in
2025-10-29T12:50:43.866109,PUBLISH,e22bd010d22644fd87d8caf0e3c86c48,68f2d95bd190740cfd6a22c4,ENQUEUED,0.24441719580283383,questions_in
2025-10-29T12:50:44.305828,PUBLISH,a73f1c5e487e4a24a67ecdccaa2a12d8,68f2d95bd190740cfd6a2e17,ENQUEUED,0.4377015116012889,questions_in
2025-10-29T12:50:44.767331,PUBLISH,737ab8c38ac64dd4a85847c02ba54b94,68f2d95bd190740cfd6a2642,ENQUEUED,0.4586119674991047,questions_in
2025-10-29T12:50:45.186779,PUBLISH,12d626c0077d4b7cbe1c306212a966d3,68f2d95bd190740cfd6a3715,ENQUEUED,0.41716944373425324,questions_in
2025-10-29T12:50:45.509846,PUBLISH,82d2ad642d6c411c9011bb2e35b48378,68f2d95bd190740cfd6a3ec2,ENQUEUED,0.32043929959874007,questions_in
2025-10-29T12:50:45.791783,PUBLISH,e6cb84c8acaf409698c58a80cda56fc1,68f2d95bd190740cfd6a2938,ENQUEUED,0.27898902196161346,questions_in
2025-10-29T12:50:46.256740,PUBLISH,215fb4bf8753468db0718c3772df47f0,68f2d95bd190740cfd6a2270,ENQUEUED,0.46154542855044,questions_in
2025-10-29T12:50:46.614491,PUBLISH,1ba7213ec04249489d404afb02155b13,68f2d95bd190740cfd6a269b,ENQUEUED,0.35013766412479386,questions_in
2025-10-29T12:50:47.007176,PUBLISH,6344c5676d3b464086d1b556ea8cdb0b,68f2d95bd190740cfd6a23df,ENQUEUED,0.3895362487627214,questions_in
2025-10-29T12:50:47.334780,PUBLISH,5350da8bf68142b4b97b526c79df55ea,68f2d95bd190740cfd6a3654,ENQUEUED,0.3220542065617571,questions_in
2025-10-29T12:50:47.678236,PUBLISH,32717a02bbc3481b992bf67f00216ddd,68f2d95bd190740cfd6a3a0d,ENQUEUED,0.33799455452156635,questions_in
2025-10-29T12:50:48.010303,PUBLISH,515fbff0ca5e41a4804b1657c6a6daef,68f2d95bd190740cfd6a2e90,ENQUEUED,0.32713446139298596,questions_in
2025-10-29T12:50:48.112876,PUBLISH,40564131f9204079a5cfe18f159dc3bc,68f2d95bd190740cfd6a273a,ENQUEUED,0.10088287918655033,questions_in
2025-10-29T12:50:48.286366,PUBLISH,161e39bc2d3d47b58615e837e0233065,68f2d95bd190740cfd6a1b9f,ENQUEUED,0.17045183488933727,questions_in
2025-10-29T12:50:48.664084,PUBLISH,0ae0c82f603e474da37907950c80d98c,68f2d95bd190740cfd6a3e48,ENQUEUED,0.37108935586616987,questions_in
2025-10-29T12:50:49.144229,PUBLISH,ace201e6bf964a09b5d5978ecb27f651,68f2d95bd190740cfd6a2aab,ENQUEUED,0.4720789565427135,questions_in
2025-10-29T12:50:49.381825,PUBLISH,c69a14c46377411789afe509947c6842,68f2d95bd190740cfd6a3abf,ENQUEUED,0.23503700427783436,questions_in
2025-10-29T12:50:49.734809,PUBLISH,0b0a045f5af84729bd132db60c6079dc,68f2d95bd190740cfd6a1ea2,ENQUEUED,0.3511464211479832,questions_in
2025-10-29T12:50:49.891426,PUBLISH,538e0280b7844c488ebf13aa8f185ec3,68f2d95bd190740cfd6a2a7e,ENQUEUED,0.15439370579560602,questions_in
2025-10-29T12:50:50.061591,PUBLISH,4d79ad45f92c446b8bf268d05aa0febc,68f2d95bd190740cfd6a1c7e,ENQUEUED,0.16795831959243596,questions_in
2025-10-29T12:50:50.415219,PUBLISH,ea5fda1979c243a883c346b04cf06ea9,68f2d95bd190740cfd6a2ab8,ENQUEUED,0.35147383500356355,questions_in
2025-10-29T12:50:50.843830,PUBLISH,c8536aee94ba4aeba8e7722c0eb5aed5,68f2d95bd190740cfd6a2587,ENQUEUED,0.4254474448966029,questions_in
2025-10-29T12:50:51.200210,PUBLISH,cd3e7f9532b14355947fe036edef6f4d,68f2d95bd190740cfd6a2cd7,ENQUEUED,0.35345669636534494,questions_in
2025-10-29T12:50:51.647030,PUBLISH,cabb1517d552477781e7bb465f3b5cb9,68f2d95bd190740cfd6a1b08,ENQUEUED,0.4443340076173927,questions_in
2025-10-29T12:50:51.992427,PUBLISH,a49d8b0a5d2f46128057b149145be6cf,68f2d95bd190740cfd6a1ef7,ENQUEUED,0.34258318344769056,questions_in
2025-10-29T12:50:52.316694,PUBLISH,27b50704dc514cb1a737c066e544ef84,68f2d95bd190740cfd6a1ee0,ENQUEUED,0.3221903114317868,questions_in
2025-10-29T12:50:52.524341,PUBLISH,9c68132be5524cb0a3cb79878b302a41,68f2d95bd190740cfd6a2204,ENQUEUED,0.20390752298035253,questions_in
2025-10-29T12:50:52.912871,PUBLISH,168e50f0f6e84d46827c917d5651ff2a,68f2d95bd190740cfd6a2efe,ENQUEUED,0.3854854938315282,questions_in
2025-10-29T12:50:53.284773,PUBLISH,7a329698fa1d4c9dbd3e3e1b1b5fcf5b,68f2d95bd190740cfd6a2dc5,ENQUEUED,0.36936001138879815,questions_in
2025-10-29T12:50:53.602168,PUBLISH,4ab92b27bfe34fefab3faa51eeb753a6,68f2d95bd190740cfd6a24de,ENQUEUED,0.3153560541398397,questions_in
2025-10-29T12:50:53.794917,PUBLISH,e36550b7f49b4ce78c4b42ab12ef6b0d,68f2d95bd190740cfd6a2e09,ENQUEUED,0.19035556694737543,questions_in
2025-10-29T12:50:54.181612,PUBLISH,2cbc264610ec4586b3952e8f1f81b500,68f2d95bd190740cfd6a1c10,ENQUEUED,0.3841655839358751,questions_in
2025-10-29T12:50:54.299440,PUBLISH,f7f5d0a12ad0484b9de2f052c7f3b930,68f2d95bd190740cfd6a224c,ENQUEUED,0.11542855530411265,questions_in
2025-10-29T12:50:54.442526,PUBLISH,1a97759ef72f49fabf94236a17b01b3d,68f2d95bd190740cfd6a2fa7,ENQUEUED,0.14059235349264199,questions_in
2025-10-29T12:50:54.865712,PUBLISH,817b3a0eb65d492ca65d8538281c6653,68f2d95bd190740cfd6a1c37,ENQUEUED,0.42108858279177463,questions_in
2025-10-29T12:50:54.992675,PUBLISH,fa88aae0f3874b7394268ad2ee93d038,68f2d95bd190740cfd6a3d99,ENQUEUED,0.12481819530168813,questions_in
2025-10-29T12:50:55.481910,PUBLISH,349a796aacf84a1490e1856c515ca6a2,68f2d95bd190740cfd6a3d21,ENQUEUED,0.48635414629868656,questions_in
2025-10-29T12:50:55.687670,PUBLISH,8806fbe7e9d847e0af83971c29c5f63c,68f2d95bd190740cfd6a2a2b,ENQUEUED,0.20089642873675295,questions_in
2025-10-29T12:50:55.818406,PUBLISH,13683cc6c49a4524b758da9433c663bc,68f2d95bd190740cfd6a20a9,ENQUEUED,0.12901625058005828,questions_in
2025-10-29T12:50:55.936202,PUBLISH,236afc420448429e97004fc7397e0d10,68f2d95bd190740cfd6a2f7e,ENQUEUED,0.11522063553739158,questions_in
2025-10-29T12:50:56.231228,PUBLISH,a8a299c82868493aa4df73158370fd0e,68f2d95bd190740cfd6a313b,ENQUEUED,0.2926531589982164,questions_in
2025-10-29T12:50:56.355607,PUBLISH,48f949eb839d4d428aa3e05e9bc37d5c,68f2d95bd190740cfd6a1b4c,ENQUEUED,0.12067496111927026,questions_in
2025-10-29T12:50:56.764357,PUBLISH,e48467ce478e4724bd7a8c848f178e96,68f2d95bd190740cfd6a34e8,ENQUEUED,0.406621937321204,questions_in
2025-10-29T12:50:57.089629,PUBLISH,3b0843b51981463ea123d67a1f5fd2df,68f2d95bd190740cfd6a2f46,ENQUEUED,0.31955747153933484,questions_in
2025-10-29T12:50:57.376790,PUBLISH,2074d2fd012045a284483712e51de7f5,68f2d95bd190740cfd6a3f78,ENQUEUED,0.2836200146951429,questions_in
2025-10-29T12:50:57.642202,PUBLISH,06fc4345b1fa47a99765ebc93a7849a7,68f2d95bd190740cfd6a1dd8,ENQUEUED,0.26181176474110407,questions_in
2025-10-29T12:50:58.008827,PUBLISH,47cb1dadfec742e39e022cb5fb833f65,68f2d95bd190740cfd6a35f7,ENQUEUED,0.36265583347590924,questions_in
2025-10-29T12:50:58.324608,PUBLISH,ab89ee3a7ee24646a30ec3fc97c5e1d2,68f2d95bd190740cfd6a3264,ENQUEUED,0.30935417974426327,questions_in
2025-10-29T12:50:58.660738,PUBLISH,2a36132171dd4245a01bff582c1fe156,68f2d95bd190740cfd6a3056,ENQUEUED,0.3342964990822652,questions_in
2025-10-29T12:50:58.911183,PUBLISH,45e3ac3721614d22a1804044c16046bb,68f2d95bd190740cfd6a4024,ENQUEUED,0.24264298011667487,questions_in
2025-10-29T12:50:59.341456,PUBLISH,578b7c313c6743998b19cb832284a3c8,68f2d95bd190740cfd6a38ef,ENQUEUED,0.4279519539855471,questions_in
2025-10-29T12:50:59.691250,PUBLISH,47e43ff918514034be734fd2cb9a00a2,68f2d95bd190740cfd6a3afe,ENQUEUED,0.34561660896456947,questions_in
2025-10-29T12:51:00.031983,PUBLISH,11a6f132dc4a4f90956d904b0389db0f,68f2d95bd190740cfd6a3861,ENQUEUED,0.33830407471066454,questions_in
2025-10-29T12:51:00.291552,PUBLISH,5a723c2807fe4e7480b04cac72f21350,68f2d95bd190740cfd6a1e0e,ENQUEUED,0.25689314297985966,questions_in
2025-10-29T12:51:00.679594,PUBLISH,2d2df7d60fd64b2fad45afd75ba70022,68f2d95bd190740cfd6a2306,ENQUEUED,0.3824787960758863,questions_in
2025-10-29T12:51:00.887924,PUBLISH,ff9593839ce54ba0879f0803ba151125,68f2d95bd190740cfd6a23ac,ENQUEUED,0.20429526546602836,questions_in
2025-10-29T12:51:01.344570,PUBLISH,de0086dcfac14c69a19767277df469c9,68f2d95bd190740cfd6a41bc,ENQUEUED,0.45435221206142706,questions_in
2025-10-29T12:51:01.705008,PUBLISH,ac7edae863104eb899d8277db3151e32,68f2d95bd190740cfd6a1f41,ENQUEUED,0.3535191044211383,questions_in
2025-10-29T12:51:01.856098,PUBLISH,0a7f5eef2c69439fbc7a85f411acd4f5,68f2d95bd190740cfd6a1ec7,ENQUEUED,0.14379130250479077,questions_in
2025-10-29T12:51:02.250618,PUBLISH,a9cdf4b3b50b4ef9a3d1960e082b285f,68f2d95bd190740cfd6a39f1,ENQUEUED,0.3924380544389151,questions_in
2025-10-29T12:51:02.750244,PUBLISH,0527ab7c7a2441ed94599e3cba24d31e,68f2d95bd190740cfd6a3b6d,ENQUEUED,0.4973573099139127,questions_in
2025-10-29T12:51:03.230932,PUBLISH,a03ca41bbede422e92a440636bb9797f,68f2d95bd190740cfd6a23ce,ENQUEUED,0.4782002200482761,questions_in
2025-10-29T12:51:03.509597,PUBLISH,6395929ce9484745b8bff09c1c9db311,68f2d95bd190740cfd6a28e3,ENQUEUED,0.27694953679087947,questions_in
2025-10-29T12:51:03.836928,PUBLISH,56e2d0ab81754f518559b27d6c1e5d01,68f2d95bd190740cfd6a406b,ENQUEUED,0.3253146712955479,questions_in
2025-10-29T12:51:04.172761,PUBLISH,8c07649e301243a5b05f928d4f14734b,68f2d95bd190740cfd6a2aab,ENQUEUED,0.33361385191160164,questions_in
2025-10-29T12:51:04.506626,PUBLISH,d16f7ace33c94f2e90e3d3ea2fe7992d,68f2d95bd190740cfd6a3696,ENQUEUED,0.32574419483399303,questions_in
2025-10-29T12:51:04.930536,PUBLISH,3e86358a8d4c4d4fb668a13301b85eca,68f2d95bd190740cfd6a35fa,ENQUEUED,0.4213317038968871,questions_in
2025-10-29T12:51:05.377162,PUBLISH,2fdc617372d94852b295dc941706995e,68f2d95bd190740cfd6a1ee9,ENQUEUED,0.44394274426040314,questions_in
2025-10-29T12:51:05.774707,PUBLISH,1a3f9ed0740546d8b41cde66745e1bae,68f2d95bd190740cfd6a3f2f,ENQUEUED,0.39446803959679155,questions_in
2025-10-29T12:51:06.195946,PUBLISH,5d677da237c44987b5a7a0a3e7323543,68f2d95bd190740cfd6a3ada,ENQUEUED,0.41813520866170384,questions_in
2025-10-29T12:51:06.626545,PUBLISH,3ff4738a06b7483f8495bea273dd8fd8,68f2d95bd190740cfd6a3d8e,ENQUEUED,0.4264933970921956,questions_in
2025-10-29T12:51:06.910004,PUBLISH,d8bae5417afd41ce9c7b56e1b5d3d964,68f2d95bd190740cfd6a2625,ENQUEUED,0.27881874743776813,questions_in
2025-10-29T12:51:07.242299,PUBLISH,085e7283955243f2898d73195c6ef81a,68f2d95bd190740cfd6a35d7,ENQUEUED,0.32996568993863384,questions_in
2025-10-29T12:51:07.560340,PUBLISH,1a4fa65716df45ffad4d85ed26d88725,68f2d95bd190740cfd6a391a,ENQUEUED,0.31614026747422064,questions_in
2025-10-29T12:51:07.953031,PUBLISH,90053c6819364405b7ee38160004fd0a,68f2d95bd190740cfd6a3fb1,ENQUEUED,0.3896771205012999,questions_in
2025-10-29T12:51:08.062934,PUBLISH,cac25f39eb16455e8c2f7dae8f40fc9d,68f2d95bd190740cfd6a2148,ENQUEUED,0.10775876794398638,questions_in
2025-10-29T12:51:08.531112,PUBLISH,b018993cffe84ab4a277c0be1be89a4a,68f2d95bd190740cfd6a21ea,ENQUEUED,0.46184027757410007,questions_in
2025-10-29T12:51:09.021259,PUBLISH,7a877dd006604d75909b5dc87dc86100,68f2d95bd190740cfd6a1c48,ENQUEUED,0.4858290671485507,questions_in
2025-10-29T12:51:09.362540,PUBLISH,f7966f1026fe4ff3bab7bc70add55f4b,68f2d95bd190740cfd6a24a0,ENQUEUED,0.33893128093096236,questions_in
2025-10-29T12:51:09.626821,PUBLISH,dc2a373c447a4da0a0adc8c6223ed123,68f2d95bd190740cfd6a23c7,ENQUEUED,0.25341472640417795,questions_in
2025-10-29T12:51:09.827576,PUBLISH,148d73baea14428f9c1b3b37dcf5f0a0,68f2d95bd190740cfd6a22b5,ENQUEUED,0.1954669738274853,questions_in
2025-10-29T12:51:09.978113,PUBLISH,cdc5e378fb2e42efa0d2b663b3ca1f13,68f2d95bd190740cfd6a1eec,ENQUEUED,0.14348552270479278,questions_in
2025-10-29T12:51:10.457133,PUBLISH,c69818d9996d48b9aa23befaf222899f,68f2d95bd190740cfd6a1e91,ENQUEUED,0.4758013900192991,questions_in
2025-10-29T12:51:10.774095,PUBLISH,e3b52991fd2c48a78dd03f6db5ffd2dd,68f2d95bd190740cfd6a276f,ENQUEUED,0.31503838994795785,questions_in
2025-10-29T12:51:11.144789,PUBLISH,e644dd8cc68647c9a67ef9e7c53b5fae,68f2d95bd190740cfd6a3305,ENQUEUED,0.36857036618842764,questions_in
2025-10-29T12:51:11.645565,PUBLISH,4915b92d10144e88928fac7197a3cbac,68f2d95bd190740cfd6a3e07,ENQUEUED,0.4975860323692102,questions_in
2025-10-29T12:51:11.917948,PUBLISH,3611d6e51bb1484fafc970cb9af9843f,68f2d95bd190740cfd6a3887,ENQUEUED,0.26851693059827564,questions_in
2025-10-29T12:51:12.120862,PUBLISH,dc517032eb87424899ce72fc6e05a009,68f2d95bd190740cfd6a23cc,ENQUEUED,0.1973934679767987,questions_in
2025-10-29T12:51:12.565279,PUBLISH,2f854916bdd14da8b73d72c2de261966,68f2d95bd190740cfd6a39de,ENQUEUED,0.44225999650444936,questions_in
2025-10-29T12:51:12.691747,PUBLISH,646c91723e9c4f9999171ee32d3a915a,68f2d95bd190740cfd6a3d75,ENQUEUED,0.1244475145327237,questions_in
2025-10-29T12:51:13.168095,PUBLISH,f9e969283879499388b8b2b0db7f38f1,68f2d95bd190740cfd6a2b83,ENQUEUED,0.4729175281161022,questions_in
2025-10-29T12:51:13.439468,PUBLISH,0a266db4b82c4fb3bf41bed362e466a7,68f2d95bd190740cfd6a1c42,ENQUEUED,0.26905975414501443,questions_in
2025-10-29T12:51:13.722885,PUBLISH,76430315d6784901b7ae04367f4a9665,68f2d95bd190740cfd6a2260,ENQUEUED,0.28120046237083696,questions_in
2025-10-29T12:51:13.950800,PUBLISH,9a53dc1a5a28457cac3e7242222351a5,68f2d95bd190740cfd6a3d82,ENQUEUED,0.2246773823791205,questions_in
2025-10-29T12:51:14.166695,PUBLISH,49f0d6401acb484fb2050ad90e753a5c,68f2d95bd190740cfd6a2604,ENQUEUED,0.2114489163181622,questions_in
2025-10-29T12:51:14.541584,PUBLISH,023ff257ca4046f084e5d472422ca728,68f2d95bd190740cfd6a397f,ENQUEUED,0.37277497788140024,questions_in
2025-10-29T12:51:14.905481,PUBLISH,49418caa51f643f283a1be9e1af934a5,68f2d95bd190740cfd6a40db,ENQUEUED,0.3617505091013965,questions_in
2025-10-29T12:51:15.108394,PUBLISH,8410eb9a2e0443f7a891af1fd4767e2a,68f2d95bd190740cfd6a283b,ENQUEUED,0.20087411869670202,questions_in
2025-10-29T12:51:15.406867,PUBLISH,b4743fc0a89049438a75453e59aca4e7,68f2d95bd190740cfd6a2c2a,ENQUEUED,0.29603736084827226,questions_in
2025-10-29T12:51:15.737121,PUBLISH,0929b85d08ca4915996343d56c4ef8ec,68f2d95bd190740cfd6a1eb8,ENQUEUED,0.32839364882482946,questions_in
2025-10-29T12:51:15.904819,PUBLISH,c726217f760c46d790230779a3217fef,68f2d95bd190740cfd6a2abf,ENQUEUED,0.16440465167643362,questions_in
2025-10-29T12:51:16.235921,PUBLISH,993361710593473b871f64246ab98e60,68f2d95bd190740cfd6a35bd,ENQUEUED,0.3280399395710869,questions_in
2025-10-29T12:51:16.453164,PUBLISH,0c5d301736e540228ebfc95f9eae6ae4,68f2d95bd190740cfd6a2243,ENQUEUED,0.21437701692309796,questions_in
2025-10-29T12:51:16.926672,PUBLISH,8c4b1181e6f940f69cb3a25bc4507aa4,68f2d95bd190740cfd6a35b1,ENQUEUED,0.4699719275791461,questions_in
2025-10-29T12:51:17.415137,PUBLISH,3352f85e58e34c079f0234401784cdc3,68f2d95bd190740cfd6a2d63,ENQUEUED,0.48175188475277164,questions_in
2025-10-29T12:51:17.721706,PUBLISH,ea578d0f39f346f785467cdb170b92a7,68f2d95bd190740cfd6a4126,ENQUEUED,0.3039822135531105,questions_in
2025-10-29T12:51:18.046527,PUBLISH,fca98decd807419d957ef8e79aba254b,68f2d95bd190740cfd6a2e1e,ENQUEUED,0.3174028681329053,questions_in
2025-10-29T12:51:18.456923,PUBLISH,dbf54c015ded4f4a995a1547e7ee2d87,68f2d95bd190740cfd6a1e5c,ENQUEUED,0.4067211720262739,questions_in
2025-10-29T12:51:18.721142,PUBLISH,3abe0973f6264a6890060a1075ad11a7,68f2d95bd190740cfd6a3cf4,ENQUEUED,0.2605466285001642,questions_in
2025-10-29T12:51:19.216840,PUBLISH,8dd3a107ada44e7680c1365ff8b61a99,68f2d95bd190740cfd6a2354,ENQUEUED,0.4924134898863518,questions_in
2025-10-29T12:51:19.443892,PUBLISH,000280d5e23d475e8bed07e2793f0464,68f2d95bd190740cfd6a400a,ENQUEUED,0.2242008395565061,questions_in
2025-10-29T12:51:19.598458,PUBLISH,6c809e85941d4411b9f49ab2b4c32ce1,68f2d95bd190740cfd6a2f19,ENQUEUED,0.1511661118558183,questions_in
2025-10-29T12:51:19.736602,PUBLISH,4a90c8780496451faddffe674ab5333e,68f2d95bd190740cfd6a4053,ENQUEUED,0.13477671345869005,questions_in
2025-10-29T12:51:19.911721,PUBLISH,d015c09068ba47c29969e5931c553293,68f2d95bd190740cfd6a29d1,ENQUEUED,0.17316377739822475,questions_in
2025-10-29T12:51:20.034472,PUBLISH,2b9cb865c720445d9204e3a52556cd52,68f2d95bd190740cfd6a28f2,ENQUEUED,0.11842078053962207,questions_in
2025-10-29T12:51:20.334654,PUBLISH,0f5fb8f7a252481a8d9351e46a6328a2,68f2d95bd190740cfd6a2145,ENQUEUED,0.29716205161352255,questions_in
2025-10-29T12:51:20.730799,PUBLISH,e1828a75dca745daa3db2d7e7dc68c16,68f2d95bd190740cfd6a26c0,ENQUEUED,0.39405026832194345,questions_in
2025-10-29T12:51:20.966420,PUBLISH,903dd24538cc4dea97e5d8fa621c3cc4,68f2d95bd190740cfd6a2205,ENQUEUED,0.2317069328045517,questions_in
2025-10-29T12:51:21.154268,PUBLISH,d03ad168203542508769ef8454821d7c,68f2d95bd190740cfd6a3b35,ENQUEUED,0.18547700655432806,questions_in
2025-10-29T12:51:21.370843,PUBLISH,a89a6766aa574105a3ce2498b6469897,68f2d95bd190740cfd6a2ab6,ENQUEUED,0.21251890020895892,questions_in
2025-10-29T12:51:21.821767,PUBLISH,780d10d11f85442c8735a19480364bae,68f2d95bd190740cfd6a1f54,ENQUEUED,0.4489576856148746,questions_in
2025-10-29T12:51:22.318683,PUBLISH,4d31769f86cd473b9b83b0160f0df5fb,68f2d95bd190740cfd6a37b8,ENQUEUED,0.49332581800844744,questions_in
2025-10-29T12:51:22.671945,PUBLISH,2b0a5de144024251a0879b8332c825b5,68f2d95bd190740cfd6a338c,ENQUEUED,0.3507593121616067,questions_in
2025-10-29T12:51:22.894885,PUBLISH,1da055ef23ee444a8b1d531967b51b38,68f2d95bd190740cfd6a2c72,ENQUEUED,0.21980798432347678,questions_in
2025-10-29T12:51:23.108636,PUBLISH,ee9b4acf46ce4650b4c475aa5f184e33,68f2d95bd190740cfd6a3c89,ENQUEUED,0.2118882130825909,questions_in
2025-10-29T12:51:23.526362,PUBLISH,89ffa15bc188431395a82533af09f078,68f2d95bd190740cfd6a1d44,ENQUEUED,0.41110496655901163,questions_in
2025-10-29T12:51:23.876521,PUBLISH,4102aea9f6994db4a38364574890eb5f,68f2d95bd190740cfd6a322a,ENQUEUED,0.34310405873815164,questions_in
2025-10-29T12:51:24.145443,PUBLISH,68b8459128684ea4bf22777715cb34bc,68f2d95bd190740cfd6a31dd,ENQUEUED,0.2665491746142884,questions_in
2025-10-29T12:51:24.601238,PUBLISH,7f9a3381af6045eba09d3c185798b490,68f2d95bd190740cfd6a1e4a,ENQUEUED,0.4535125959976729,questions_in
2025-10-29T12:51:24.845605,PUBLISH,e9196f36f9c64c67b65a652d254d47d3,68f2d95bd190740cfd6a2e96,ENQUEUED,0.24247181176827706,questions_in
2025-10-29T12:51:25.210480,PUBLISH,a8188218d15146af98904bf15d957e94,68f2d95bd190740cfd6a40cb,ENQUEUED,0.36259538874848674,questions_in
2025-10-29T12:51:25.493900,PUBLISH,8c4fb376bdc14593bbd624cc89bd5d72,68f2d95bd190740cfd6a2c9c,ENQUEUED,0.2811342687443663,questions_in
2025-10-29T12:51:25.734717,PUBLISH,69ce98bb831a430e8290803d77562a49,68f2d95bd190740cfd6a2ccf,ENQUEUED,0.23892425467985837,questions_in
2025-10-29T12:51:26.021040,PUBLISH,f444131f84c842509d1fbbc2e8bf1054,68f2d95bd190740cfd6a275e,ENQUEUED,0.2829968064519597,questions_in
2025-10-29T12:51:26.435661,PUBLISH,3848378cb494477cb7f571deb7384af6,68f2d95bd190740cfd6a1d4e,ENQUEUED,0.4129256121041651,questions_in
2025-10-29T12:51:26.898672,PUBLISH,8d6979a9711f40a6bc4cd9f47e37f6ac,68f2d95bd190740cfd6a32a3,ENQUEUED,0.4598542539937013,questions_in
2025-10-29T12:51:27.337949,PUBLISH,3fb2802b72ad4ef2b6a109858d18a519,68f2d95bd190740cfd6a2602,ENQUEUED,0.4373480974956516,questions_in
2025-10-29T12:51:27.491389,PUBLISH,c31e7f53130b41efacc3344cde41cfa7,68f2d95bd190740cfd6a4184,ENQUEUED,0.14818513042774653,questions_in
2025-10-29T12:51:27.876121,PUBLISH,47c058313b454fe0b7db40dfd1fce80e,68f2d95bd190740cfd6a3e19,ENQUEUED,0.3791248808787874,questions_in
2025-10-29T12:51:28.198483,PUBLISH,0aa02f19b46c43c4a95d87e3ecfdcc10,68f2d95bd190740cfd6a2dd5,ENQUEUED,0.3192353957416606,questions_in
2025-10-29T12:51:28.540056,PUBLISH,c47aa5901691496eae4c4c31a0f2175c,68f2d95bd190740cfd6a3a35,ENQUEUED,0.33942312424260895,questions_in
2025-10-29T12:51:28.888681,PUBLISH,b6effe09b5de4af7b631b6976722dfca,68f2d95bd190740cfd6a3b71,ENQUEUED,0.3450795106989307,questions_in
2025-10-29T12:51:29.231827,PUBLISH,1a1d3e51e2834c4093a49fbacd63bdfd,68f2d95bd190740cfd6a2c98,ENQUEUED,0.339594126181035,questions_in
2025-10-29T12:51:29.543141,PUBLISH,ff12f8c26b9d4b2ebcbdf124b34fd8c3,68f2d95bd190740cfd6a3348,ENQUEUED,0.3089193469313086,questions_in
2025-10-29T12:51:29.810658,PUBLISH,2a7b799712944249abd2c071e32cf12f,68f2d95bd190740cfd6a2ff2,ENQUEUED,0.2658314301718051,questions_in
2025-10-29T12:51:30.121273,PUBLISH,3d5390b1f3be4b15b831b27e57b18c4e,68f2d95bd190740cfd6a22bf,ENQUEUED,0.30841537905540883,questions_in
2025-10-29T12:51:30.440183,PUBLISH,4dffc87beb874e9eba9b3a3e7eab48cb,68f2d95bd190740cfd6a2d3e,ENQUEUED,0.3163905064778775,questions_in
2025-10-29T12:51:30.848393,PUBLISH,18ad627c2f654bc6b0d2694aca646f30,68f2d95bd190740cfd6a2e30,ENQUEUED,0.4057222029608074,questions_in
2025-10-29T12:51:31.254622,PUBLISH,6db5701a35664a99b4b21999fa897a0d,68f2d95bd190740cfd6a3758,ENQUEUED,0.40428249013120166,questions_in
2025-10-29T12:51:31.548908,PUBLISH,ec795a9ec0eb40389ff41406e0f52076,68f2d95bd190740cfd6a2966,ENQUEUED,0.28997798485037296,questions_in
2025-10-29T12:51:31.852280,PUBLISH,20bf750905724177b8bfb9c2e76717f8,68f2d95bd190740cfd6a2cb3,ENQUEUED,0.30009646562210046,questions_in
2025-10-29T12:51:32.033428,PUBLISH,35e6a487f9684658b1e05adbd3cac90e,68f2d95bd190740cfd6a3ce8,ENQUEUED,0.17684343878982736,questions_in
2025-10-29T12:51:32.221068,PUBLISH,5625853e67254362aa59fc5c8ba70f6d,68f2d95bd190740cfd6a1cf7,ENQUEUED,0.18509721627182182,questions_in
2025-10-29T12:51:32.373583,PUBLISH,1adc4bc8dddb4bbc9dab236e2f2ddf6d,68f2d95bd190740cfd6a1ed7,ENQUEUED,0.1507655283643098,questions_in
2025-10-29T12:51:32.605645,PUBLISH,9f21d2a4aea141c780f279c175b773b4,68f2d95bd190740cfd6a326e,ENQUEUED,0.22902135810671864,questions_in
2025-10-29T12:51:32.810409,PUBLISH,5d4854d6c1404fe7b155a458c4bc84b7,68f2d95bd190740cfd6a30e5,ENQUEUED,0.20239427294253343,questions_in
2025-10-29T12:51:32.965113,PUBLISH,79200766120d485f95f2f7122cd0b18a,68f2d95bd190740cfd6a225a,ENQUEUED,0.1522568532238315,questions_in
2025-10-29T12:51:33.285914,PUBLISH,c0051100703f479ea5b56e59adc7ea12,68f2d95bd190740cfd6a3f6c,ENQUEUED,0.31863390550621007,questions_in
2025-10-29T12:51:33.467667,PUBLISH,a73980de6888436bad7ef4e7d6188e25,68f2d95bd190740cfd6a3de5,ENQUEUED,0.1796357430597636,questions_in
2025-10-29T12:51:33.630602,PUBLISH,7c3d19a7a5a9464fbecc77589de1a7fa,68f2d95bd190740cfd6a1e6f,ENQUEUED,0.16117414048442555,questions_in
2025-10-29T12:51:33.958533,PUBLISH,f34f6acaf68a492bb8230f3a262401ec,68f2d95bd190740cfd6a1d11,ENQUEUED,0.32563224490315723,questions_in
2025-10-29T12:51:34.218498,PUBLISH,49eca6b37a184d93b24769946722682c,68f2d95bd190740cfd6a38ac,ENQUEUED,0.25696710679636686,questions_in
2025-10-29T12:51:34.521657,PUBLISH,61b15aeb95224d9cb5d3dba00b7e2a9d,68f2d95bd190740cfd6a32a1,ENQUEUED,0.30115527728840524,questions_in
2025-10-29T12:51:34.663049,PUBLISH,8752886ff2034ef68982071f56052f94,68f2d95bd190740cfd6a2336,ENQUEUED,0.1383700902014446,questions_in
2025-10-29T12:51:35.003589,PUBLISH,b870390ea5ce48e8b22098a15cf8a5fd,68f2d95bd190740cfd6a235d,ENQUEUED,0.33777565891383565,questions_in
2025-10-29T12:51:35.493031,PUBLISH,0c0465cf0e0e44769809c145975ad96b,68f2d95bd190740cfd6a275b,ENQUEUED,0.4868279473503285,questions_in
2025-10-29T12:51:35.912525,PUBLISH,d0d2a4ea99c84487b197d824beafa05b,68f2d95bd190740cfd6a1b63,ENQUEUED,0.4172294010297952,questions_in
2025-10-29T12:51:36.283569,PUBLISH,ce4b0eefd81447169aa00243bacb7086,68f2d95bd190740cfd6a3c5f,ENQUEUED,0.3681629772350865,questions_in
2025-10-29T12:51:36.619397,PUBLISH,c50dc006388c462da6841610c162bf38,68f2d95bd190740cfd6a3699,ENQUEUED,0.3336630736993563,questions_in
2025-10-29T12:51:36.897724,PUBLISH,b018449dea3547a1a5272ced384fc447,68f2d95bd190740cfd6a4021,ENQUEUED,0.2762368769425799,questions_in
2025-10-29T12:51:37.052307,PUBLISH,7d36e5b93e97418e834d40d934e5520b,68f2d95bd190740cfd6a294d,ENQUEUED,0.15268263679236807,questions_in
2025-10-29T12:51:37.436058,PUBLISH,3b343d1dcd6547de8d92735edf7b57a6,68f2d95bd190740cfd6a201f,ENQUEUED,0.3782777687395098,questions_in
2025-10-29T12:51:37.697646,PUBLISH,4dbd70e7d37f45aebac7d8419c00eedc,68f2d95bd190740cfd6a35b5,ENQUEUED,0.25736258812770446,questions_in
2025-10-29T12:51:37.950068,PUBLISH,7e1d528f925a40efb64ec91725ea88ef,68f2d95bd190740cfd6a1f59,ENQUEUED,0.2454719676959413,questions_in
2025-10-29T12:51:38.372667,PUBLISH,6b7db9ea33b24d51983cba2eea6d0784,68f2d95bd190740cfd6a33d7,ENQUEUED,0.41997658715729524,questions_in
2025-10-29T12:51:38.747808,PUBLISH,c84fd4f1d32a4c128e605d3867fa93f5,68f2d95bd190740cfd6a2e73,ENQUEUED,0.3720316263057647,questions_in
2025-10-29T12:51:39.065845,PUBLISH,e7007eff369744929c8e78a3cb591037,68f2d95bd190740cfd6a3399,ENQUEUED,0.3147049704362089,questions_in
2025-10-29T12:51:39.329274,PUBLISH,9b20e873d319472e89fd4d9c3a515e09,68f2d95bd190740cfd6a2459,ENQUEUED,0.25976015250282153,questions_in
2025-10-29T12:51:39.813783,PUBLISH,80aa38c89f964ce79558b0feabec1d6c,68f2d95bd190740cfd6a216a,ENQUEUED,0.4800579933637733,questions_in
2025-10-29T12:51:40.152183,PUBLISH,a4c77e0a5bb042239b520f1335536c0b,68f2d95bd190740cfd6a386b,ENQUEUED,0.33490577090425294,questions_in
2025-10-29T12:51:40.332364,PUBLISH,1d98dd39e4c24961b91f7afdf6ecb79a,68f2d95bd190740cfd6a303f,ENQUEUED,0.17652879314400166,questions_in
2025-10-29T12:51:40.459828,PUBLISH,812629c52c5942949fdcaaada16af694,68f2d95bd190740cfd6a2160,ENQUEUED,0.12557762982349222,questions_in
2025-10-29T12:51:40.770055,PUBLISH,1ebf91291a7a4488a3db6da942dced88,68f2d95bd190740cfd6a24b6,ENQUEUED,0.3077713005756762,questions_in
2025-10-29T12:51:41.065014,PUBLISH,daadd356e354447983494f46619ade6d,68f2d95bd190740cfd6a2532,ENQUEUED,0.2892140849479574,questions_in
2025-10-29T12:51:41.275103,PUBLISH,b121b5524bec423990441370b555d920,68f2d95bd190740cfd6a201a,ENQUEUED,0.20735338249804836,questions_in
2025-10-29T12:51:41.553144,PUBLISH,92265f4d66714d0b98a45749276c361f,68f2d95bd190740cfd6a32e7,ENQUEUED,0.27487455639705966,questions_in
2025-10-29T12:51:41.698269,PUBLISH,39d2e14edd504a07a181884185a7ace4,68f2d95bd190740cfd6a1e45,ENQUEUED,0.1399022711237178,questions_in
2025-10-29T12:51:41.999199,PUBLISH,ae6438b804724dbf9ccedc2d364c1b85,68f2d95bd190740cfd6a33e6,ENQUEUED,0.29880466392801797,questions_in
2025-10-29T12:51:42.129821,PUBLISH,88074201ab0248da8f307c070be2a4d8,68f2d95bd190740cfd6a1d21,ENQUEUED,0.12834275013470015,questions_in
2025-10-29T12:51:42.606940,PUBLISH,373a69ccb385491dab2a92dc9d15077a,68f2d95bd190740cfd6a1c55,ENQUEUED,0.47079501532515733,questions_in
2025-10-29T12:51:43.049008,PUBLISH,3f037473172f48f38b092579b88dff48,68f2d95bd190740cfd6a3aa1,ENQUEUED,0.4387353850147093,questions_in
2025-10-29T12:51:43.306860,PUBLISH,e82f73eacfb04764b5973eb31ccbbc69,68f2d95bd190740cfd6a370c,ENQUEUED,0.25515955314486105,questions_in
2025-10-29T12:51:43.436773,PUBLISH,2499817508e14e8f9f179e8658335931,68f2d95bd190740cfd6a1cf0,ENQUEUED,0.12819373213913465,questions_in
2025-10-29T12:51:43.863910,PUBLISH,25e09839b7ac4ae09ea944ddb1d30a18,68f2d95bd190740cfd6a3702,ENQUEUED,0.42406594574607037,questions_in
2025-10-29T12:51:44.177622,PUBLISH,bedaedd78b044075881279a4039123d1,68f2d95bd190740cfd6a1cea,ENQUEUED,0.31143449851621907,questions_in
2025-10-29T12:51:44.435904,PUBLISH,0aeda1a010804df3a15c582c51412cf2,68f2d95bd190740cfd6a29ce,ENQUEUED,0.2559581910669252,questions_in
2025-10-29T12:51:44.583114,PUBLISH,79520667f3534350a45782a5da94b5ba,68f2d95bd190740cfd6a253b,ENQUEUED,0.1445058629381665,questions_in
2025-10-29T12:51:44.914357,PUBLISH,26f8123a755e4f69aaa2b90043104d99,68f2d95bd190740cfd6a212c,ENQUEUED,0.328422005637348,questions_in
2025-10-29T12:51:45.152895,PUBLISH,abe2844a0f414971a6822206aeff534d,68f2d95bd190740cfd6a27d4,ENQUEUED,0.23673161002715037,questions_in
2025-10-29T12:51:45.628712,PUBLISH,7cda7e9c01644b8494dab706b4436b52,68f2d95bd190740cfd6a2dc0,ENQUEUED,0.4715901142840023,questions_in
2025-10-29T12:51:45.742006,PUBLISH,b4edf673f9cd4c2091fbde78c8615cff,68f2d95bd190740cfd6a3f2f,ENQUEUED,0.11140167220308342,questions_in
2025-10-29T12:51:45.949144,PUBLISH,f6e4776c4a3240f7afe513546118032d,68f2d95bd190740cfd6a37f3,ENQUEUED,0.20524625910947059,questions_in
2025-10-29T12:51:46.089082,PUBLISH,f160e7f272f04e22ad8f61d8bc94952e,68f2d95bd190740cfd6a23d0,ENQUEUED,0.13430048203314326,questions_in
2025-10-29T12:51:46.523137,PUBLISH,29a863eaa9f444078cfdf8ad41df8857,68f2d95bd190740cfd6a36c4,ENQUEUED,0.4275428129269935,questions_in
2025-10-29T12:51:46.712471,PUBLISH,93a2e7caac9f4d50b90d4610d1dda37d,68f2d95bd190740cfd6a3b6b,ENQUEUED,0.18615126774931823,questions_in
2025-10-29T12:51:46.817575,PUBLISH,6fafe07d1b16453987587022995f59aa,68f2d95bd190740cfd6a2019,ENQUEUED,0.10116600698755979,questions_in
2025-10-29T12:51:47.251989,PUBLISH,1bd0b59f33374bd880eea3b1de86548e,68f2d95bd190740cfd6a1e72,ENQUEUED,0.42850801759946744,questions_in
2025-10-29T12:51:47.523246,PUBLISH,cd9cf667719a4d42888efb8b5bff2b64,68f2d95bd190740cfd6a2f28,ENQUEUED,0.2691718354132227,questions_in
2025-10-29T12:51:47.887491,PUBLISH,94374ef7da194a9d9697dedcbdc87d60,68f2d95bd190740cfd6a1ff1,ENQUEUED,0.3626366841090163,questions_in
2025-10-29T12:51:48.350491,PUBLISH,2c809fb8e27d456ba65e53bf269d7a9c,68f2d95bd190740cfd6a3e5e,ENQUEUED,0.45885856501491673,questions_in
2025-10-29T12:51:48.662870,PUBLISH,2309b8455a4b4ca4a159bf95fec68f02,68f2d95bd190740cfd6a371b,ENQUEUED,0.3099391439804008,questions_in
2025-10-29T12:51:48.886462,PUBLISH,f1385da45ac44eb79bc42ff049c5f050,68f2d95bd190740cfd6a2a08,ENQUEUED,0.22145601710365412,questions_in
2025-10-29T12:51:48.996022,PUBLISH,599a5649979b46ab82fc2480b0d74c9c,68f2d95bd190740cfd6a1dd9,ENQUEUED,0.10556789717792361,questions_in
2025-10-29T12:51:49.214585,PUBLISH,221633baf7384396bd2b7563a4a78b29,68f2d95bd190740cfd6a33ff,ENQUEUED,0.21677017509397478,questions_in
2025-10-29T12:51:49.706042,PUBLISH,f129317a1bbd4f14aead78486d367582,68f2d95bd190740cfd6a352a,ENQUEUED,0.4863341756288152,questions_in
2025-10-29T12:51:50.006553,PUBLISH,810a021dfafb49f78f4158b49f7d24d6,68f2d95bd190740cfd6a29f7,ENQUEUED,0.29293211526063156,questions_in
2025-10-29T12:51:50.488502,PUBLISH,65309609eafe4a1890a0bfa4e3ee0c55,68f2d95bd190740cfd6a296c,ENQUEUED,0.479429609501797,questions_in
2025-10-29T12:51:50.983831,PUBLISH,7c2cf414ea9d4c3eaf90144ee277fde6,68f2d95bd190740cfd6a3c07,ENQUEUED,0.49153785781491266,questions_in
2025-10-29T12:51:51.196745,PUBLISH,e93fdcb4c8ae4a5388b0863b23ce9489,68f2d95bd190740cfd6a36c3,ENQUEUED,0.20950828478753392,questions_in
2025-10-29T12:51:51.395664,PUBLISH,39a8442715314ce38ca7b759113f7bee,68f2d95bd190740cfd6a214d,ENQUEUED,0.19659436983672507,questions_in
2025-10-29T12:51:51.628219,PUBLISH,5328ade60288427581c390b0fe9aefc4,68f2d95bd190740cfd6a2114,ENQUEUED,0.22701250357834202,questions_in
2025-10-29T12:51:51.875949,PUBLISH,a9f24c659b1a41cfa52490ec64f9af95,68f2d95bd190740cfd6a3a29,ENQUEUED,0.24441926286324578,questions_in
2025-10-29T12:51:52.189225,PUBLISH,d6289e3ed1e14641a99eb6b3d6b92b64,68f2d95bd190740cfd6a2a25,ENQUEUED,0.3111873027232086,questions_in
2025-10-29T12:51:52.584630,PUBLISH,0548491f113f4009bfbaf65bfe22a251,68f2d95bd190740cfd6a1c73,ENQUEUED,0.39128899436757014,questions_in
2025-10-29T12:51:52.792930,PUBLISH,03f49b6a0be943b4985fc9cb331478c1,68f2d95bd190740cfd6a3fef,ENQUEUED,0.20491752455240714,questions_in
2025-10-29T12:51:53.034737,PUBLISH,d53d01185cd14d35b2640dac79f45aad,68f2d95bd190740cfd6a1ca9,ENQUEUED,0.23651301117701726,questions_in
2025-10-29T12:51:53.304953,PUBLISH,1c296f021f414ea79b15dd1cdc038c46,68f2d95bd190740cfd6a3ecf,ENQUEUED,0.2671582434757374,questions_in
2025-10-29T12:51:53.547721,PUBLISH,984b1358487b4e78805783812cd05798,68f2d95bd190740cfd6a2b24,ENQUEUED,0.23883517591773842,questions_in
2025-10-29T12:51:53.831133,PUBLISH,31bad44f963d41c898e04ac714ea2016,68f2d95bd190740cfd6a1f64,ENQUEUED,0.2731345280439742,questions_in
2025-10-29T12:51:54.028756,PUBLISH,8a41bf1c75e74429b2682516f8d44d06,68f2d95bd190740cfd6a3dbc,ENQUEUED,0.190047599103653,questions_in
2025-10-29T12:51:54.262773,PUBLISH,61f9356d8e5e483e839884f185d9c420,68f2d95bd190740cfd6a270c,ENQUEUED,0.22650606361445835,questions_in
2025-10-29T12:51:54.453395,PUBLISH,f9136db8022541aa979386d597ada111,68f2d95bd190740cfd6a1ea6,ENQUEUED,0.18833819486386424,questions_in
2025-10-29T12:51:54.730041,PUBLISH,0d0707d0495d49029f2e2eaea01646da,68f2d95bd190740cfd6a3c76,ENQUEUED,0.2727002706276616,questions_in
2025-10-29T12:51:55.050105,PUBLISH,9b6aa514f727493490b355802ea16be3,68f2d95bd190740cfd6a3adf,ENQUEUED,0.31227186220393,questions_in
2025-10-29T12:51:55.362951,PUBLISH,ad61e49f38ac4c1f9c97ad652a469d69,68f2d95bd190740cfd6a367c,ENQUEUED,0.3079483783104635,questions_in
2025-10-29T12:51:55.718449,PUBLISH,b7b99f1215804c70984915e5e574e459,68f2d95bd190740cfd6a24fc,ENQUEUED,0.3532145733350669,questions_in
2025-10-29T12:51:55.910715,PUBLISH,0197ee4b780e4feeb46e20a5bcb9ada5,68f2d95bd190740cfd6a232a,ENQUEUED,0.1899685596389763,questions_in
2025-10-29T12:51:56.277775,PUBLISH,4638cd7164334267ba0d2eb338dee919,68f2d95bd190740cfd6a1c97,ENQUEUED,0.36429612688111235,questions_in
2025-10-29T12:51:56.448187,PUBLISH,5f71cabf20874c229beeab80fb0deb60,68f2d95bd190740cfd6a40bb,ENQUEUED,0.16749342723731664,questions_in
2025-10-29T12:51:56.830954,PUBLISH,4ec8215a370d44629355efda69b87337,68f2d95bd190740cfd6a358d,ENQUEUED,0.37924990272967785,questions_in
2025-10-29T12:51:57.153181,PUBLISH,964d8a988eed480285983780ee032fe9,68f2d95bd190740cfd6a2973,ENQUEUED,0.3202867905812624,questions_in
2025-10-29T12:51:57.380598,PUBLISH,ee5d49eddfdc44bbae2c50c62c380086,68f2d95bd190740cfd6a213d,ENQUEUED,0.22139424511015082,questions_in
2025-10-29T12:51:57.856569,PUBLISH,1871752dc1f047d79c1a600e655b420b,68f2d95bd190740cfd6a2ac5,ENQUEUED,0.47400130470515933,questions_in
2025-10-29T12:51:58.153372,PUBLISH,6c07ac1972694c498e115d5d86733ceb,68f2d95bd190740cfd6a2da0,ENQUEUED,0.29397596976175755,questions_in
2025-10-29T12:51:58.333115,PUBLISH,410cd698eace46c4a9cbf8c04b6028f3,68f2d95bd190740cfd6a218b,ENQUEUED,0.17809556704715512,questions_in
2025-10-29T12:51:58.436190,PUBLISH,c2f1333ac29842b9a71089484b132a68,68f2d95bd190740cfd6a2672,ENQUEUED,0.10106543762590725,questions_in
2025-10-29T12:51:58.596330,PUBLISH,7305e120a31c44b185cc50287ed241ff,68f2d95bd190740cfd6a3261,ENQUEUED,0.15776120185427006,questions_in
2025-10-29T12:51:59.044062,PUBLISH,45ac47f607304448819e4c419fb6e1c5,68f2d95bd190740cfd6a1e36,ENQUEUED,0.44430532587618987,questions_in
2025-10-29T12:51:59.191267,PUBLISH,bcc05404368b45578ab1af3269ae41e4,68f2d95bd190740cfd6a1d58,ENQUEUED,0.14262503661512307,questions_in
2025-10-29T12:51:59.312894,PUBLISH,f71b5c0950cc4ab0b958b2c1517d62db,68f2d95bd190740cfd6a2f4d,ENQUEUED,0.11929829990460097,questions_in
2025-10-29T12:51:59.489105,PUBLISH,216461606ad34c44b5f3b5dbeef6cac3,68f2d95bd190740cfd6a1c09,ENQUEUED,0.17381424382374328,questions_in
2025-10-29T12:51:59.919783,PUBLISH,3558d0b125fe43b2a5c94cb010d83087,68f2d95bd190740cfd6a2fd3,ENQUEUED,0.4238824879653865,questions_in
2025-10-29T12:52:00.244261,PUBLISH,9536bf5bca9141e49d7059dd1fb28ecd,68f2d95bd190740cfd6a3c41,ENQUEUED,0.32015252670963534,questions_in
2025-10-29T12:52:00.736140,PUBLISH,b42499d0ac414f71ad81c7597d457ab4,68f2d95bd190740cfd6a2466,ENQUEUED,0.4893922112853889,questions_in
2025-10-29T12:52:01.116493,PUBLISH,c87c346bf5504eb78b66d131b85e938f,68f2d95bd190740cfd6a35b7,ENQUEUED,0.377725822847375,questions_in
2025-10-29T12:52:01.537251,PUBLISH,91416472ef2d4ecfbe19d73ee759d43d,68f2d95bd190740cfd6a36a2,ENQUEUED,0.413722284420036,questions_in
2025-10-29T12:52:02.023847,PUBLISH,e7d7be3cd8dd4d58bc1830afdc049e4c,68f2d95bd190740cfd6a1e57,ENQUEUED,0.47992348744698254,questions_in
2025-10-29T12:52:02.447604,PUBLISH,23007e61ef5d48638bc4ce62506aeb5b,68f2d95bd190740cfd6a2201,ENQUEUED,0.42112397278839986,questions_in
2025-10-29T12:52:02.579044,PUBLISH,e43f704ee5f6429bbe62a28454af9070,68f2d95bd190740cfd6a1cbd,ENQUEUED,0.1275695876183708,questions_in
2025-10-29T12:52:03.048417,PUBLISH,1964c54c5f544913b0169a3fe1079824,68f2d95bd190740cfd6a2c46,ENQUEUED,0.46696487622443283,questions_in
2025-10-29T12:52:03.486048,PUBLISH,eba1ec989288496496ccf613d14f5f55,68f2d95bd190740cfd6a1bd0,ENQUEUED,0.43172798990710703,questions_in
2025-10-29T12:52:03.759749,PUBLISH,8a8e9fed550f435ba9296a26166216f8,68f2d95bd190740cfd6a418c,ENQUEUED,0.271399808285934,questions_in
2025-10-29T12:52:04.034259,PUBLISH,32f3c3af2c644efc87f902249484297f,68f2d95bd190740cfd6a3585,ENQUEUED,0.27182051005338137,questions_in
2025-10-29T12:52:04.414390,PUBLISH,5cb520b1a4c344b59037b85fa68ab3f9,68f2d95bd190740cfd6a2ed8,ENQUEUED,0.377595866333407,questions_in
2025-10-29T12:52:04.808376,PUBLISH,1e91b01e57134a01a81297dc5bf90ec2,68f2d95bd190740cfd6a29cb,ENQUEUED,0.39114374226661464,questions_in
2025-10-29T12:52:05.199530,PUBLISH,c39d32619fe84ed09f47dc97f58dd9b2,68f2d95bd190740cfd6a1d92,ENQUEUED,0.3852396091929773,questions_in
2025-10-29T12:52:05.670238,PUBLISH,d4e4d33624554e5d8f1b9ae7cb74638f,68f2d95bd190740cfd6a3df9,ENQUEUED,0.46431686509124825,questions_in
2025-10-29T12:52:05.935539,PUBLISH,0ddd7ef69c2a4d7fa7ea1dac9ad6fd98,68f2d95bd190740cfd6a2d5a,ENQUEUED,0.2633350298935785,questions_in
2025-10-29T12:52:06.204100,PUBLISH,db6176054e2245aaa3e74406477e1f3c,68f2d95bd190740cfd6a1b32,ENQUEUED,0.26198165804603135,questions_in
2025-10-29T12:52:06.410209,PUBLISH,da84f1eb6d7b4f67b697337a3195d6e5,68f2d95bd190740cfd6a207e,ENQUEUED,0.2030582759709569,questions_in
2025-10-29T12:52:06.713705,PUBLISH,8057fb1009bf45e586197299f524c8ca,68f2d95bd190740cfd6a22ea,ENQUEUED,0.2974690516604801,questions_in
2025-10-29T12:52:07.125818,PUBLISH,50609b9a6f474c3b92172f1dedb64504,68f2d95bd190740cfd6a3134,ENQUEUED,0.4100155541809082,questions_in
2025-10-29T12:52:07.479587,PUBLISH,aa62779af1d34146bc69b3d8ed91018c,68f2d95bd190740cfd6a2328,ENQUEUED,0.34547005825762717,questions_in
2025-10-29T12:52:07.837635,PUBLISH,ebd9e5e854f0460fadf19341824db232,68f2d95bd190740cfd6a2d62,ENQUEUED,0.3524477014505415,questions_in
2025-10-29T12:52:08.229324,PUBLISH,8b8d240a471a477191d3c63196d53e8c,68f2d95bd190740cfd6a3f7f,ENQUEUED,0.3841922655405744,questions_in
2025-10-29T12:52:08.710086,PUBLISH,a037574fe07f4f6fb8a72848396a86ff,68f2d95bd190740cfd6a3308,ENQUEUED,0.4765295558738162,questions_in
2025-10-29T12:52:08.991139,PUBLISH,298558a3aed641cbb6b8906b09991586,68f2d95bd190740cfd6a3341,ENQUEUED,0.2769281880788813,questions_in
2025-10-29T12:52:09.294986,PUBLISH,c640ff9155a347b19b2384f11b025e47,68f2d95bd190740cfd6a24c7,ENQUEUED,0.2973758641728553,questions_in
2025-10-29T12:52:09.553074,PUBLISH,f1d60664ea734f989de051e5a575b177,68f2d95bd190740cfd6a3854,ENQUEUED,0.25107989173592016,questions_in
2025-10-29T12:52:10.012550,PUBLISH,ad58179719e54e7bb534b1639577ff8c,68f2d95bd190740cfd6a1cc0,ENQUEUED,0.4542215750898999,questions_in
2025-10-29T12:52:10.277368,PUBLISH,620eb9561468498ca8dced107825269c,68f2d95bd190740cfd6a1bf5,ENQUEUED,0.2619910955614946,questions_in
2025-10-29T12:52:10.524802,PUBLISH,03b366b05457479e804448774c6ea162,68f2d95bd190740cfd6a3bf6,ENQUEUED,0.24147300135997943,questions_in
2025-10-29T12:52:10.686589,PUBLISH,2753648e42f14d8d863144f899ed1461,68f2d95bd190740cfd6a35e6,ENQUEUED,0.1584814935042095,questions_in
2025-10-29T12:52:10.983291,PUBLISH,6f6d7df1730a4693b850816de300dc63,68f2d95bd190740cfd6a2779,ENQUEUED,0.29475327062674594,questions_in
2025-10-29T12:52:11.232952,PUBLISH,06237bc1cb4948f7989816f25b7934da,68f2d95bd190740cfd6a20fe,ENQUEUED,0.24758732909140455,questions_in
2025-10-29T12:52:11.638997,PUBLISH,b06585060fac4151ade2b8dede3e65be,68f2d95bd190740cfd6a3d8d,ENQUEUED,0.3994286044105261,questions_in
2025-10-29T12:52:12.027189,PUBLISH,fe450286dc1844429ae35a43171ddb64,68f2d95bd190740cfd6a3cb3,ENQUEUED,0.38250729820402096,questions_in
2025-10-29T12:52:12.354671,PUBLISH,fd30820adfd34b57a59834d6afaed01b,68f2d95bd190740cfd6a25a8,ENQUEUED,0.32114035827336973,questions_in
2025-10-29T12:52:12.520434,PUBLISH,6e81e475f82b4dbe9c2ad676288b05bf,68f2d95bd190740cfd6a3325,ENQUEUED,0.16408161746096006,questions_in
2025-10-29T12:52:12.954371,PUBLISH,e0a8c393471e44dcae1a0255a0a24a6b,68f2d95bd190740cfd6a3a3d,ENQUEUED,0.4270566879238715,questions_in
2025-10-29T12:52:13.351292,PUBLISH,9bacc84e6fe24c23b1a723221340e356,68f2d95bd190740cfd6a3a2c,ENQUEUED,0.3945478783186205,questions_in
2025-10-29T12:52:13.740831,PUBLISH,f71a1fe012c2490c9a9eeb812f6f3336,68f2d95bd190740cfd6a23da,ENQUEUED,0.38309991860586945,questions_in
2025-10-29T12:52:14.049330,PUBLISH,6d932fb621db4f16b628a6b87869314a,68f2d95bd190740cfd6a3dbf,ENQUEUED,0.3029147428444783,questions_in
2025-10-29T12:52:14.164001,PUBLISH,287b3aa074ba40fe87ba834487d9bd98,68f2d95bd190740cfd6a322a,ENQUEUED,0.10807440702847448,questions_in
2025-10-29T12:52:14.560737,PUBLISH,3c69d5709f294175bc77d3a29c6a9541,68f2d95bd190740cfd6a3c4c,ENQUEUED,0.3905140408517991,questions_in
2025-10-29T12:52:14.962334,PUBLISH,07d69db2a9cb4588aa7620a12197eb0d,68f2d95bd190740cfd6a1c38,ENQUEUED,0.39164480361942344,questions_in
2025-10-29T12:52:15.427454,PUBLISH,99a4be7c361a46df81037cfc60bbfc17,68f2d95bd190740cfd6a273e,ENQUEUED,0.4593503818842587,questions_in
2025-10-29T12:52:15.879496,PUBLISH,d7c93368563343109d25e859c22d9884,68f2d95bd190740cfd6a271d,ENQUEUED,0.4498252531343526,questions_in
2025-10-29T12:52:16.193955,PUBLISH,4f94b72b7da341bdac2b2266391a78fd,68f2d95bd190740cfd6a1bd6,ENQUEUED,0.30603691761657076,questions_in
2025-10-29T12:52:16.624736,PUBLISH,fa52677648064f10b3af63bc8528046a,68f2d95bd190740cfd6a3d1b,ENQUEUED,0.4266909761621752,questions_in
2025-10-29T12:52:17.117918,PUBLISH,978085298ce347978b3c1898e4b76d4d,68f2d95bd190740cfd6a1b7b,ENQUEUED,0.4893935165227542,questions_in
2025-10-29T12:52:17.377323,PUBLISH,2cf34b6eba2a4a689d2e007c9852482e,68f2d95bd190740cfd6a2642,ENQUEUED,0.25344829133671226,questions_in
2025-10-29T12:52:17.626560,PUBLISH,83aefb81a0c444f298a4642c470e90e1,68f2d95bd190740cfd6a3a6c,ENQUEUED,0.24568085949528481,questions_in
2025-10-29T12:52:18.070854,PUBLISH,981f747857f646c2990e0ea2adbf0670,68f2d95bd190740cfd6a22aa,ENQUEUED,0.4406325518381059,questions_in
2025-10-29T12:52:18.212855,PUBLISH,e4e74ac136c54693a16073aa57cef84d,68f2d95bd190740cfd6a21b6,ENQUEUED,0.1361104939055031,questions_in
2025-10-29T12:52:18.391616,PUBLISH,cd0f1d39c56a433680035ca5225e2f50,68f2d95bd190740cfd6a3598,ENQUEUED,0.17181844273664293,questions_in
2025-10-29T12:52:18.673092,PUBLISH,739280a548494b70a8ac8fb4512bf2f6,68f2d95bd190740cfd6a1fa1,ENQUEUED,0.27914689304385343,questions_in
2025-10-29T12:52:19.161098,PUBLISH,b439d9b70653424ba45bc59ae2cd4c41,68f2d95bd190740cfd6a3f79,ENQUEUED,0.4809984590276887,questions_in
2025-10-29T12:52:19.593183,PUBLISH,b5ebb1c9c20c44a796b4e19ddbfb487f,68f2d95bd190740cfd6a2837,ENQUEUED,0.4255348880042237,questions_in
2025-10-29T12:52:19.821490,PUBLISH,ea7d58ecabf7436193a827bda8aeda42,68f2d95bd190740cfd6a1d74,ENQUEUED,0.22506971370309473,questions_in
2025-10-29T12:52:20.032881,PUBLISH,f1343739ecd648038c4ee25664ba40e4,68f2d95bd190740cfd6a2104,ENQUEUED,0.20921884141703556,questions_in
2025-10-29T12:52:20.500116,PUBLISH,849d47eefa2940d7803d693fb5c93231,68f2d95bd190740cfd6a240b,ENQUEUED,0.4650256451973097,questions_in
2025-10-29T12:52:20.997883,PUBLISH,13aa240b21d64ec3a9610db697e4aeef,68f2d95bd190740cfd6a287e,ENQUEUED,0.49593471832967895,questions_in
2025-10-29T12:52:21.309246,PUBLISH,e79f78ed7bab45f49392ac65a89f547f,68f2d95bd190740cfd6a1d6e,ENQUEUED,0.30952632623793785,questions_in
2025-10-29T12:52:21.729292,PUBLISH,75d1005c676747728f72eef628c8dc2a,68f2d95bd190740cfd6a38d8,ENQUEUED,0.4130921854972657,questions_in
2025-10-29T12:52:21.981302,PUBLISH,f536a6f0e96649c8b4640e92b58f70d7,68f2d95bd190740cfd6a31fe,ENQUEUED,0.24425282791420244,questions_in
2025-10-29T12:52:22.260623,PUBLISH,5dc96a7b97154c44ae872e01d4154214,68f2d95bd190740cfd6a307f,ENQUEUED,0.27665226372535656,questions_in
2025-10-29T12:52:22.726558,PUBLISH,ce7d51afea4d443b9edf5bf2f1af84c5,68f2d95bd190740cfd6a2d6e,ENQUEUED,0.46238781186725275,questions_in
2025-10-29T12:52:22.876876,PUBLISH,2d396970d584487185ca9efd0febf0fa,68f2d95bd190740cfd6a1e1b,ENQUEUED,0.14388075317460644,questions_in
2025-10-29T12:52:22.995028,PUBLISH,910d72a2391c4c52ae81932f3c9f637e,68f2d95bd190740cfd6a30bb,ENQUEUED,0.11185871006064439,questions_in
2025-10-29T12:52:23.395874,PUBLISH,e222be5fe44b43249451d9bf396270cf,68f2d95bd190740cfd6a1df1,ENQUEUED,0.39876058216309307,questions_in
2025-10-29T12:52:23.656666,PUBLISH,5f28c0551286447abca8137ac89c3a7c,68f2d95bd190740cfd6a30aa,ENQUEUED,0.2590200661169626,questions_in
2025-10-29T12:52:24.153429,PUBLISH,5a23fb17970f4d26b31c12068b2636a0,68f2d95bd190740cfd6a280f,ENQUEUED,0.4876233526371313,questions_in
2025-10-29T12:52:24.577067,PUBLISH,2da5c49a1388451280653bb140fbc530,68f2d95bd190740cfd6a3076,ENQUEUED,0.4206606703281769,questions_in
2025-10-29T12:52:24.933862,PUBLISH,2da4ebeb29124acca387fe36ef6d75e4,68f2d95bd190740cfd6a4190,ENQUEUED,0.3548304154647143,questions_in
2025-10-29T12:52:25.175411,PUBLISH,ab302a9befb34dec8f6e49869b6d05fd,68f2d95bd190740cfd6a3da3,ENQUEUED,0.23543906132653195,questions_in
2025-10-29T12:52:25.611304,PUBLISH,5129878d4d194a37b1da8067759ae9de,68f2d95bd190740cfd6a3539,ENQUEUED,0.433913903272768,questions_in
2025-10-29T12:52:25.772240,PUBLISH,0810085b66fa46429d33c35d07a8556d,68f2d95bd190740cfd6a1e7b,ENQUEUED,0.15728347935791187,questions_in
2025-10-29T12:52:26.111462,PUBLISH,c61ff93bff1e4b31bf507bea8857f2c5,68f2d95bd190740cfd6a3784,ENQUEUED,0.33740652652430037,questions_in
2025-10-29T12:52:26.218394,PUBLISH,663d8c3d7d1e4ed8b2a72ee2ea63b535,68f2d95bd190740cfd6a1f86,ENQUEUED,0.10416463052544325,questions_in
2025-10-29T12:52:26.615710,PUBLISH,d0f4ea211a7d4d31908961c5f793ea8a,68f2d95bd190740cfd6a3530,ENQUEUED,0.3954603537796991,questions_in
2025-10-29T12:52:27.009117,PUBLISH,b87bb6e4f6ba480582679f3c62167a62,68f2d95bd190740cfd6a1b53,ENQUEUED,0.39104892977548233,questions_in
2025-10-29T12:52:27.360910,PUBLISH,dc38648b822a460ba1e3992beb89eb49,68f2d95bd190740cfd6a2a6f,ENQUEUED,0.3494953760620336,questions_in
2025-10-29T12:52:27.834812,PUBLISH,dcb3587d75c54104a3846c679acfbdf8,68f2d95bd190740cfd6a2a14,ENQUEUED,0.4676135463050144,questions_in
2025-10-29T12:52:28.257944,PUBLISH,e28d5e56ee224d5b86e1e0fb3b1059a1,68f2d95bd190740cfd6a286f,ENQUEUED,0.4028623416451341,questions_in
2025-10-29T12:52:28.604838,PUBLISH,a6153e56e634404387d3cae6a0157513,68f2d95bd190740cfd6a3229,ENQUEUED,0.34336258303162037,questions_in
2025-10-29T12:52:29.040780,PUBLISH,126764bf9d5541a58cb5ab081d7c5667,68f2d95bd190740cfd6a2441,ENQUEUED,0.43280019758745514,questions_in
2025-10-29T12:52:29.436137,PUBLISH,24a7e3ef1ebf4846b544455fdfd08c24,68f2d95bd190740cfd6a20a1,ENQUEUED,0.3926362986995393,questions_in
2025-10-29T12:52:29.915228,PUBLISH,3b1c72d9ef7a4a19b92cf19a3aa701c0,68f2d95bd190740cfd6a3477,ENQUEUED,0.4768311410830405,questions_in
2025-10-29T12:52:30.022316,PUBLISH,17954455d761431988f9394a3b2afdd9,68f2d95bd190740cfd6a393a,ENQUEUED,0.10468443080157419,questions_in
2025-10-29T12:52:30.229205,PUBLISH,84faa87bd78d43b4a5fc9919718b6076,68f2d95bd190740cfd6a2c61,ENQUEUED,0.20507258051322777,questions_in
2025-10-29T12:52:30.502594,PUBLISH,c31a31d0517046d0892eb7218c0aeeda,68f2d95bd190740cfd6a2bb2,ENQUEUED,0.2712195285484603,questions_in
2025-10-29T12:52:30.768744,PUBLISH,9d27e573727d49f2b822dc219a864699,68f2d95bd190740cfd6a2f03,ENQUEUED,0.2643486282496451,questions_in
2025-10-29T12:52:31.083379,PUBLISH,ca1b5fd4b9c04d0181c3f151a9164b73,68f2d95bd190740cfd6a369c,ENQUEUED,0.3119212645720074,questions_in
2025-10-29T12:52:31.554157,PUBLISH,73ece3d9c9ad408da8e1399440f2e1d9,68f2d95bd190740cfd6a2ed1,ENQUEUED,0.4679560139521193,questions_in
2025-10-29T12:52:32.007614,PUBLISH,031c50d85147440ab01dc3e6ad9a0996,68f2d95bd190740cfd6a1c8e,ENQUEUED,0.4512378745330561,questions_in
2025-10-29T12:52:32.113767,PUBLISH,a450f82858f84db993735709314c87d2,68f2d95bd190740cfd6a3dff,ENQUEUED,0.10422525922490418,questions_in
2025-10-29T12:52:32.255565,PUBLISH,7426eeba850541c28957dd853feca0a6,68f2d95bd190740cfd6a1b85,ENQUEUED,0.1399742205477329,questions_in
2025-10-29T12:52:32.357807,PUBLISH,0c16c33f02c24a70abfb71dd3548477e,68f2d95bd190740cfd6a3574,ENQUEUED,0.10004170127197032,questions_in
2025-10-29T12:52:32.478145,PUBLISH,50b40b3e5fab4e59b54346652a249f5c,68f2d95bd190740cfd6a254d,ENQUEUED,0.11826076779154793,questions_in
2025-10-29T12:52:32.766937,PUBLISH,0cea6dcd4cc64a08afaf844fa9cd349d,68f2d95bd190740cfd6a2535,ENQUEUED,0.28093640227483385,questions_in
2025-10-29T12:52:32.955896,PUBLISH,afdb46f133f1462b917dd1122318d9cc,68f2d95bd190740cfd6a3003,ENQUEUED,0.18068756494605603,questions_in
2025-10-29T12:52:33.444617,PUBLISH,f1eda81858b34396b26ced626b1e8891,68f2d95bd190740cfd6a201e,ENQUEUED,0.4854078371278251,questions_in
2025-10-29T12:52:33.549051,PUBLISH,6b08fff1d43646c8b5f1a8a0d4388b9c,68f2d95bd190740cfd6a3f7f,ENQUEUED,0.10170808265973569,questions_in
2025-10-29T12:52:33.728558,PUBLISH,ea6c13a1ceb94626a987db76bd3fb25f,68f2d95bd190740cfd6a26a4,ENQUEUED,0.17158847870112026,questions_in
2025-10-29T12:52:34.199364,PUBLISH,04405cec8dbe4d69b8de67efceea361d,68f2d95bd190740cfd6a37dc,ENQUEUED,0.46584163329333406,questions_in
2025-10-29T12:52:34.480551,PUBLISH,6d6f4a755fe0485e850611136e29fb6d,68f2d95bd190740cfd6a3075,ENQUEUED,0.2772969760072515,questions_in
2025-10-29T12:52:34.629724,PUBLISH,ef81cb814f534147b658a01756f54140,68f2d95bd190740cfd6a4180,ENQUEUED,0.14736616751799195,questions_in
2025-10-29T12:52:34.806255,PUBLISH,1c8fcaa4c62446db8c9fa5d018c2988f,68f2d95bd190740cfd6a3520,ENQUEUED,0.17300385103139326,questions_in
2025-10-29T12:52:35.260377,PUBLISH,3f5e9c0fc86547cc9ce27a40a0dfa707,68f2d95bd190740cfd6a277b,ENQUEUED,0.4484670187736588,questions_in
2025-10-29T12:52:35.717930,PUBLISH,e2e8792ddfe74b22be05a068afc5088e,68f2d95bd190740cfd6a265f,ENQUEUED,0.45306931062792977,questions_in
2025-10-29T12:52:35.824268,PUBLISH,aed676ea34464444a7eb2cd9d513b6a9,68f2d95bd190740cfd6a2ab5,ENQUEUED,0.10306517434106835,questions_in
2025-10-29T12:52:36.255001,PUBLISH,3c29474def854fd1983745b2f2d1f1fa,68f2d95bd190740cfd6a31f1,ENQUEUED,0.4250901083244648,questions_in
2025-10-29T12:52:36.592445,PUBLISH,b915f4ed489c476dad527f167b16e0e5,68f2d95bd190740cfd6a1eec,ENQUEUED,0.3353424228109272,questions_in
2025-10-29T12:52:36.714716,PUBLISH,c6d2ddec630c4ebfb88b2a1d0594921b,68f2d95bd190740cfd6a1b5d,ENQUEUED,0.12000372336111315,questions_in
2025-10-29T12:52:37.200323,PUBLISH,f74715c5155a4a838b1104c7586a27ee,68f2d95bd190740cfd6a3470,ENQUEUED,0.4804422080656485,questions_in
2025-10-29T12:52:37.575322,PUBLISH,7c8bc74e5962412e8858acae5a18efc3,68f2d95bd190740cfd6a2803,ENQUEUED,0.37106433756926993,questions_in
2025-10-29T12:52:37.719184,PUBLISH,c4982dc13db24c3fa52f7b822a1040d5,68f2d95bd190740cfd6a3563,ENQUEUED,0.1406579275350036,questions_in
2025-10-29T12:52:38.018369,PUBLISH,f7f9febaeda84fc88fe5dfe7de83f58d,68f2d95bd190740cfd6a3761,ENQUEUED,0.2958748588511356,questions_in
2025-10-29T12:52:38.508479,PUBLISH,6ceced1365d24c4e8174200344b9895b,68f2d95bd190740cfd6a33b4,ENQUEUED,0.48595812238933644,questions_in
2025-10-29T12:52:38.795071,PUBLISH,13b5d913eb6543098ef2c707b5e6781f,68f2d95bd190740cfd6a3b5f,ENQUEUED,0.2844069040096289,questions_in
2025-10-29T12:52:39.009689,PUBLISH,317f835a89f24f679798789c4fa87616,68f2d95bd190740cfd6a1e9d,ENQUEUED,0.21173570195665545,questions_in
2025-10-29T12:52:39.510955,PUBLISH,4177747efe4a49739133c4bb256a9076,68f2d95bd190740cfd6a320e,ENQUEUED,0.4988396909016909,questions_in
2025-10-29T12:52:39.872542,PUBLISH,a277b8d5b3d947b3a4476aff01741f28,68f2d95bd190740cfd6a1e3f,ENQUEUED,0.35797347304867644,questions_in
2025-10-29T12:52:40.280086,PUBLISH,ae6b026af47a4ffba3f68f685af2fa21,68f2d95bd190740cfd6a23e9,ENQUEUED,0.40549103269730136,questions_in
2025-10-29T12:52:40.499147,PUBLISH,7dc5ff4157cb4d5c95a44629fb937f5f,68f2d95bd190740cfd6a30ab,ENQUEUED,0.21614862773626364,questions_in
2025-10-29T12:52:40.661090,PUBLISH,58432c0f2aa74ea9a7ee480384b6add2,68f2d95bd190740cfd6a2a14,ENQUEUED,0.16010211828604115,questions_in
2025-10-29T12:52:40.775439,PUBLISH,67b5852a700c4033a77c67f529810132,68f2d95bd190740cfd6a25cb,ENQUEUED,0.11273792995840318,questions_in
2025-10-29T12:52:40.957256,PUBLISH,a1e0186e55d44097a0e7d7b7a880064d,68f2d95bd190740cfd6a291b,ENQUEUED,0.18006665611744255,questions_in
2025-10-29T12:52:41.067837,PUBLISH,1fbdede1645a4e4eb16431e44aaa8678,68f2d95bd190740cfd6a2eb2,ENQUEUED,0.10839359179691029,questions_in
2025-10-29T12:52:41.342106,PUBLISH,992a7a40a06a401f8c53f2afe34fb5e7,68f2d95bd190740cfd6a2e77,ENQUEUED,0.27163454805402554,questions_in
2025-10-29T12:52:41.706080,PUBLISH,974e74b7d6e543a0ab68bdd5c85fdbfd,68f2d95bd190740cfd6a1e7d,ENQUEUED,0.3599739391144491,questions_in
2025-10-29T12:52:42.153494,PUBLISH,daa790f9b49645dfab298a7cf78e44cd,68f2d95bd190740cfd6a29b6,ENQUEUED,0.44457698906473253,questions_in
2025-10-29T12:52:42.573220,PUBLISH,4d8bc95bc7ad409bb39cabfa68d26dca,68f2d95bd190740cfd6a2ecb,ENQUEUED,0.41716106124734065,questions_in
2025-10-29T12:52:43.026629,PUBLISH,a2839872a1ec418c92b0138e07bd4d69,68f2d95bd190740cfd6a32ef,ENQUEUED,0.4515389419209668,questions_in
2025-10-29T12:52:43.287957,PUBLISH,e41f627243a245e2b340367e8bb74fda,68f2d95bd190740cfd6a2612,ENQUEUED,0.257737191885111,questions_in
2025-10-29T12:52:43.506332,PUBLISH,aadadd525ffb491daf30a6ba7bcdc859,68f2d95bd190740cfd6a1afb,ENQUEUED,0.21425916069035528,questions_in
2025-10-29T12:52:43.891908,PUBLISH,e337f714c0724877a7f52dc974182d95,68f2d95bd190740cfd6a2d3a,ENQUEUED,0.3813977816675851,questions_in
2025-10-29T12:52:44.204215,PUBLISH,9b608cf25e04480fabbb0ae84a67fea7,68f2d95bd190740cfd6a41a5,ENQUEUED,0.3096831710851458,questions_in
2025-10-29T12:52:44.332830,PUBLISH,6bb33e97fcfc4c0ea7e405e959c40368,68f2d95bd190740cfd6a2bdb,ENQUEUED,0.12597826608806156,questions_in
2025-10-29T12:52:44.585705,PUBLISH,aca4c014d9734605b67a5c5d26b987ce,68f2d95bd190740cfd6a2168,ENQUEUED,0.2508751024117085,questions_in
2025-10-29T12:52:45.002709,PUBLISH,10ed78bfdc8243128bd63521663caf24,68f2d95bd190740cfd6a2798,ENQUEUED,0.4146990396838921,questions_in
2025-10-29T12:52:45.171559,PUBLISH,5c753a2daac54023aab1fd3f9957f70e,68f2d95bd190740cfd6a335b,ENQUEUED,0.1671770944972653,questions_in
2025-10-29T12:52:45.348682,PUBLISH,4a490bfdeb6a4ddd8ca7b09b61a91483,68f2d95bd190740cfd6a2846,ENQUEUED,0.1744100008090447,questions_in
2025-10-29T12:52:45.560783,PUBLISH,c9dbbe42082e43cca91801948c69b598,68f2d95bd190740cfd6a3c40,ENQUEUED,0.20996625288665258,questions_in
2025-10-29T12:52:45.715926,PUBLISH,d5ff2ea83d6d45848a06bafb95d7f799,68f2d95bd190740cfd6a3c38,ENQUEUED,0.15203296479349576,questions_in
2025-10-29T12:52:45.899412,PUBLISH,9ed5599b0cf0444e9df74a88534c4f57,68f2d95bd190740cfd6a224f,ENQUEUED,0.1810073423705117,questions_in
2025-10-29T12:52:46.372430,PUBLISH,fc4cf1b33dd44a5bba77b838f5a00c15,68f2d95bd190740cfd6a3285,ENQUEUED,0.4710070398203068,questions_in
2025-10-29T12:52:46.823195,PUBLISH,525025d85439448681f3389a01cbda47,68f2d95bd190740cfd6a33e5,ENQUEUED,0.44875559351721295,questions_in
2025-10-29T12:52:47.160628,PUBLISH,2d1a2e21e6694708823ac94d7e56bc69,68f2d95bd190740cfd6a354b,ENQUEUED,0.33574550751255217,questions_in
2025-10-29T12:52:47.496409,PUBLISH,7de5a617580d4724a9e3642ca84b0810,68f2d95bd190740cfd6a40a7,ENQUEUED,0.33370202861603604,questions_in
2025-10-29T12:52:47.888476,PUBLISH,9616654592914ca2be221ba2d8412bb8,68f2d95bd190740cfd6a2cbc,ENQUEUED,0.3903760160477836,questions_in
2025-10-29T12:52:48.038475,PUBLISH,fd5de90372d54f9b8bf09bcc49f0946d,68f2d95bd190740cfd6a3760,ENQUEUED,0.14826263153098687,questions_in
2025-10-29T12:52:48.200254,PUBLISH,599a3c68131548cdbfeaf19aa574e1bf,68f2d95bd190740cfd6a2dc7,ENQUEUED,0.15987925751616358,questions_in
2025-10-29T12:52:48.496859,PUBLISH,2a496ad72a99437c8dd84f6f1f64ac8b,68f2d95bd190740cfd6a342d,ENQUEUED,0.2946633541391439,questions_in
2025-10-29T12:52:48.759282,PUBLISH,51211a75c83c4379a3c34374f4fdc85b,68f2d95bd190740cfd6a1c46,ENQUEUED,0.2602928720390607,questions_in
2025-10-29T12:52:49.155157,PUBLISH,5147e165e82447bf975c2cf4ae0acc3d,68f2d95bd190740cfd6a3e3d,ENQUEUED,0.39396432188993724,questions_in
2025-10-29T12:52:49.327232,PUBLISH,4afc2b40ff044231b7cded8870b0b1ba,68f2d95bd190740cfd6a1e6e,ENQUEUED,0.17025086113280455,questions_in
2025-10-29T12:52:49.573412,PUBLISH,cdb366a3383043debcb1e552eaaf5f4e,68f2d95bd190740cfd6a2c5f,ENQUEUED,0.24440880450060468,questions_in
2025-10-29T12:52:49.798415,PUBLISH,87af132748c64cd8870e255b84012aad,68f2d95bd190740cfd6a3611,ENQUEUED,0.2207848205306997,questions_in
2025-10-29T12:52:50.126863,PUBLISH,a7d3e9f2ea7a4e7a9221998e818d6455,68f2d95bd190740cfd6a3cd9,ENQUEUED,0.32667567124664487,questions_in
2025-10-29T12:52:50.448439,PUBLISH,1267ea8dc4084848a2322ca98829a1db,68f2d95bd190740cfd6a2171,ENQUEUED,0.31762325534966107,questions_in
2025-10-29T12:52:50.579408,PUBLISH,1c08084d602c4d1d864e9cebb4bd0a7e,68f2d95bd190740cfd6a31a8,ENQUEUED,0.12800391675654904,questions_in
2025-10-29T12:52:51.003944,PUBLISH,7f7b38cfd9824ad2b648d4572ab27e44,68f2d95bd190740cfd6a356b,ENQUEUED,0.4188776246953704,questions_in
2025-10-29T12:52:51.474674,PUBLISH,2240660b877140b5998042ec19c570da,68f2d95bd190740cfd6a295c,ENQUEUED,0.4690757220469496,questions_in
2025-10-29T12:52:51.922507,PUBLISH,51c09d3c896341f29431b24e46158639,68f2d95bd190740cfd6a251a,ENQUEUED,0.4456014325455856,questions_in
2025-10-29T12:52:52.038402,PUBLISH,e52d534e86ee4307a7e94abbcbbff35b,68f2d95bd190740cfd6a25d6,ENQUEUED,0.1141040727502754,questions_in
2025-10-29T12:52:52.169979,PUBLISH,15c184caf8354c6d89f909f3c42ba0c9,68f2d95bd190740cfd6a2cd6,ENQUEUED,0.12941034296855503,questions_in
2025-10-29T12:52:52.542349,PUBLISH,e7f1ced8fe224204989f944221516d80,68f2d95bd190740cfd6a24ee,ENQUEUED,0.37027615309814377,questions_in
2025-10-29T12:52:52.892259,PUBLISH,46f3e3f762834002ad791fef80e567d9,68f2d95bd190740cfd6a1c16,ENQUEUED,0.34776913476114163,questions_in
2025-10-29T12:52:53.066951,PUBLISH,e051754eb155469c853faba459829eb0,68f2d95bd190740cfd6a3f6d,ENQUEUED,0.17289255043142282,questions_in
2025-10-29T12:52:53.322729,PUBLISH,4d425067671f4828b5a2dda96cc2f543,68f2d95bd190740cfd6a3dda,ENQUEUED,0.2540511941220461,questions_in
2025-10-29T12:52:53.650102,PUBLISH,ccbfdc6801cb45eba6d9ed939e905595,68f2d95bd190740cfd6a1f11,ENQUEUED,0.3228194958566135,questions_in
2025-10-29T12:52:54.067022,PUBLISH,5cc18533020f480d907764b1a41f16e2,68f2d95bd190740cfd6a3358,ENQUEUED,0.414043571695897,questions_in
2025-10-29T12:52:54.380379,PUBLISH,768160db059840eaa7207410530781d7,68f2d95bd190740cfd6a3629,ENQUEUED,0.30975688426781844,questions_in
2025-10-29T12:52:54.519274,PUBLISH,0fed18f665d34733b0441ed01f8e83c5,68f2d95bd190740cfd6a2351,ENQUEUED,0.13707351829381917,questions_in
2025-10-29T12:52:54.839402,PUBLISH,0d297b9779e84feb9f1305d72a9b4365,68f2d95bd190740cfd6a2f9b,ENQUEUED,0.31853454495991296,questions_in
2025-10-29T12:52:54.989047,PUBLISH,a8d40a9be7ca4350921f10535d131272,68f2d95bd190740cfd6a2de6,ENQUEUED,0.14799304837531216,questions_in
2025-10-29T12:52:55.250379,PUBLISH,54cc5561e2274527a62499e0bddfce89,68f2d95bd190740cfd6a3333,ENQUEUED,0.2592347097641255,questions_in
2025-10-29T12:52:55.715961,PUBLISH,e9cbfda14b26444e9f7936817b33b0b4,68f2d95bd190740cfd6a2215,ENQUEUED,0.4629448834543385,questions_in
2025-10-29T12:52:56.208328,PUBLISH,1e81b0ebb41042dca2392476d642556c,68f2d95bd190740cfd6a25ea,ENQUEUED,0.4896982872965183,questions_in
2025-10-29T12:52:56.521836,PUBLISH,0c6aa33765da43fe98287845366d04a1,68f2d95bd190740cfd6a2858,ENQUEUED,0.31129991378314625,questions_in
2025-10-29T12:52:56.683677,PUBLISH,4c7d8eaa7357490da2083929a1d7df55,68f2d95bd190740cfd6a3889,ENQUEUED,0.1597003980560789,questions_in
2025-10-29T12:52:56.917475,PUBLISH,5e7d279b945b42eba4888632bec95b00,68f2d95bd190740cfd6a237c,ENQUEUED,0.23133592530617086,questions_in
2025-10-29T12:52:57.052851,PUBLISH,e43a3534389e4f8ea9bdc083abf5e187,68f2d95bd190740cfd6a1c04,ENQUEUED,0.1325495664436045,questions_in
2025-10-29T12:52:57.331756,PUBLISH,34f8897571b14fb4840fb63a2ca87592,68f2d95bd190740cfd6a3a16,ENQUEUED,0.27655815981210197,questions_in
2025-10-29T12:52:57.635400,PUBLISH,1a08d50f7d3e4bec80376d330cb83bff,68f2d95bd190740cfd6a38bb,ENQUEUED,0.30154521887037156,questions_in
2025-10-29T12:52:58.054564,PUBLISH,7e82cc7e8494437591c86693b17d32ce,68f2d95bd190740cfd6a1c3f,ENQUEUED,0.41682940472131014,questions_in
2025-10-29T12:52:58.255627,PUBLISH,14bd15a98f034cbbae80a21e0d284bfd,68f2d95bd190740cfd6a1f2e,ENQUEUED,0.19939827568891444,questions_in
2025-10-29T12:52:58.692688,PUBLISH,0a6df4ab89a749b5959584a83639276d,68f2d95bd190740cfd6a3d24,ENQUEUED,0.4353299780584683,questions_in
2025-10-29T12:52:58.834991,PUBLISH,7b1d104681dd4aa1be328ce04cb76795,68f2d95bd190740cfd6a2767,ENQUEUED,0.14002263278458127,questions_in
2025-10-29T12:52:59.279559,PUBLISH,b4481ab25bea41b4bce100f9c094ec00,68f2d95bd190740cfd6a37b5,ENQUEUED,0.4412618117218018,questions_in
2025-10-29T12:52:59.765571,PUBLISH,2f4b92bfe2134a7f88addaf5746fd9c7,68f2d95bd190740cfd6a30ff,ENQUEUED,0.4841238219288664,questions_in
2025-10-29T12:52:59.880431,PUBLISH,2bab9994d0e74574b9e42db878d6aa21,68f2d95bd190740cfd6a388e,ENQUEUED,0.11211436437995187,questions_in
2025-10-29T12:53:00.348609,PUBLISH,1370ca81956e48dc93fa1a751be38cf0,68f2d95bd190740cfd6a1e2b,ENQUEUED,0.4656542914008348,questions_in
2025-10-29T12:53:00.845590,PUBLISH,a38e780433dc4eadaf40e5cc93581bd2,68f2d95bd190740cfd6a3be2,ENQUEUED,0.4943693959125063,questions_in
2025-10-29T12:53:01.078726,PUBLISH,0672352351694de58f9df8e1b220bbf9,68f2d95bd190740cfd6a2832,ENQUEUED,0.22987290759727053,questions_in
2025-10-29T12:53:01.223825,PUBLISH,597f23d3197e488cbb3e182fd1fc9af7,68f2d95bd190740cfd6a2d62,ENQUEUED,0.14341794160519009,questions_in
2025-10-29T12:53:01.712826,PUBLISH,1928b1888a794f8a96038b6e9eba5d35,68f2d95bd190740cfd6a3afc,ENQUEUED,0.48565594277700785,questions_in
2025-10-29T12:53:02.198542,PUBLISH,61d4ed83f0cc42cfb8b8ff60daf5cd4c,68f2d95bd190740cfd6a3d66,ENQUEUED,0.48182846579583194,questions_in
2025-10-29T12:53:02.486769,PUBLISH,0ea6f292128b4cc3ad2428d871450850,68f2d95bd190740cfd6a3ae4,ENQUEUED,0.28619834340729877,questions_in
2025-10-29T12:53:02.848259,PUBLISH,180498eba33b4e5c8837b47a72178fb5,68f2d95bd190740cfd6a20a0,ENQUEUED,0.35868103240268623,questions_in
2025-10-29T12:53:02.995663,PUBLISH,822de37149284babbe67a963a654b78b,68f2d95bd190740cfd6a29a0,ENQUEUED,0.1438943403827942,questions_in
2025-10-29T12:53:03.256600,PUBLISH,5df110c3f8724d46b000f0a5ccd5eaba,68f2d95bd190740cfd6a36a7,ENQUEUED,0.2592725848008076,questions_in
2025-10-29T12:53:03.495237,PUBLISH,3dcccbc2a8a848338e7b44e88348fe3f,68f2d95bd190740cfd6a2a63,ENQUEUED,0.23541770639604784,questions_in
2025-10-29T12:53:03.687954,PUBLISH,c220a87c4bcf4fb98c818cc185b3c17d,68f2d95bd190740cfd6a3591,ENQUEUED,0.1908746621309701,questions_in
2025-10-29T12:53:03.918545,PUBLISH,f25dbe88eb9b445cb914c55378540e86,68f2d95bd190740cfd6a3b9d,ENQUEUED,0.2287110491305188,questions_in
2025-10-29T12:53:04.250636,PUBLISH,1fed7e10b8d745fd86329114f7abacb6,68f2d95bd190740cfd6a3137,ENQUEUED,0.3298313168812781,questions_in
2025-10-29T12:53:04.464687,PUBLISH,6bd75b9bbf664abb82fd94a8640f3986,68f2d95bd190740cfd6a2da7,ENQUEUED,0.21167945420741657,questions_in
2025-10-29T12:53:04.831871,PUBLISH,0e884df28ade4675b26c58f6f181e2c7,68f2d95bd190740cfd6a2f65,ENQUEUED,0.3649884165638866,questions_in
2025-10-29T12:53:05.222129,PUBLISH,2692aa168dab4f099af2fde45b4da25a,68f2d95bd190740cfd6a2b7b,ENQUEUED,0.3882986725388583,questions_in
2025-10-29T12:53:05.657755,PUBLISH,88126a2bcbbd4df09595eeaa717eb1cf,68f2d95bd190740cfd6a1b73,ENQUEUED,0.433657150844848,questions_in
2025-10-29T12:53:05.969363,PUBLISH,aa28b43c722c4e47af6de1f47479916b,68f2d95bd190740cfd6a410e,ENQUEUED,0.3092326926751402,questions_in
2025-10-29T12:53:06.330142,PUBLISH,8d929b62244f4feca816dd4d50c4f24b,68f2d95bd190740cfd6a2911,ENQUEUED,0.35583565542811624,questions_in
2025-10-29T12:53:06.528228,PUBLISH,c3a31490ad2a4e22b4b18dd6cae988e2,68f2d95bd190740cfd6a387b,ENQUEUED,0.19556044731079938,questions_in
2025-10-29T12:53:06.867873,PUBLISH,927a690c6f12416593ec1705b6057939,68f2d95bd190740cfd6a2e50,ENQUEUED,0.33746718623974103,questions_in
2025-10-29T12:53:07.085112,PUBLISH,301f4794d2d74d4ea035883187acd6c4,68f2d95bd190740cfd6a3e50,ENQUEUED,0.21540345891172363,questions_in
2025-10-29T12:53:07.569570,PUBLISH,37798a6e8e8e433390d5531f9f7ea45e,68f2d95bd190740cfd6a394c,ENQUEUED,0.4822976778494922,questions_in
2025-10-29T12:53:07.770244,PUBLISH,e9cd51569ca04388841f2d5e3186f6de,68f2d95bd190740cfd6a390f,ENQUEUED,0.19864843725283077,questions_in
2025-10-29T12:53:08.139163,PUBLISH,553036727a7340178c14b827a38d087f,68f2d95bd190740cfd6a1f90,ENQUEUED,0.3654895521931627,questions_in
2025-10-29T12:53:08.620018,PUBLISH,3e97f6a89ac141899846e62f86dd164c,68f2d95bd190740cfd6a2cc8,ENQUEUED,0.4777256264885691,questions_in
2025-10-29T12:53:09.002460,PUBLISH,ac179c5d588f40389cc8f47be1972a47,68f2d95bd190740cfd6a1e90,ENQUEUED,0.38019324987790215,questions_in
2025-10-29T12:53:09.264439,PUBLISH,49586f4094e840829458ca019a53e9fa,68f2d95bd190740cfd6a34a1,ENQUEUED,0.2601200891006856,questions_in
2025-10-29T12:53:09.684220,PUBLISH,996659ab9da247d98b18cf9af00388c4,68f2d95bd190740cfd6a387c,ENQUEUED,0.41765383000074263,questions_in
2025-10-29T12:53:09.989287,PUBLISH,cd8d4ee988e649c6b17581c90ebd511e,68f2d95bd190740cfd6a2196,ENQUEUED,0.3003372220804229,questions_in
2025-10-29T12:53:10.367528,PUBLISH,d8fec00e4fde48c7bf43e35a38281fa2,68f2d95bd190740cfd6a2aad,ENQUEUED,0.375506772473582,questions_in
2025-10-29T12:53:10.858778,PUBLISH,5b8c326c4ea047dc89e933e47ad21c33,68f2d95bd190740cfd6a3c3b,ENQUEUED,0.48742842596734537,questions_in
2025-10-29T12:53:11.165532,PUBLISH,5d51c0ff373b49e8842c94adbf929e45,68f2d95bd190740cfd6a265f,ENQUEUED,0.3023340651556178,questions_in
2025-10-29T12:53:11.617259,PUBLISH,b545a475f96f44b697b451776508d644,68f2d95bd190740cfd6a1ea1,ENQUEUED,0.44949005693177024,questions_in
2025-10-29T12:53:11.811717,PUBLISH,0d81512e1ed943898d3edfb06c7b399a,68f2d95bd190740cfd6a3134,ENQUEUED,0.19147838328526712,questions_in
2025-10-29T12:53:12.087860,PUBLISH,c7596c075617453e878cefc3e41ff7fd,68f2d95bd190740cfd6a1d18,ENQUEUED,0.2724331795513557,questions_in
2025-10-29T12:53:12.496206,PUBLISH,145fb8c045044a92bc88f024f4d048c5,68f2d95bd190740cfd6a28d2,ENQUEUED,0.40588824255808964,questions_in
2025-10-29T12:53:12.786456,PUBLISH,d90958a545d74492a288e05868a4ec9f,68f2d95bd190740cfd6a28bf,ENQUEUED,0.2885812619568007,questions_in
2025-10-29T12:53:13.250201,PUBLISH,8b0cea8e297440a8b6081c527b0c7aae,68f2d95bd190740cfd6a399d,ENQUEUED,0.45900901833660734,questions_in
2025-10-29T12:53:13.532939,PUBLISH,6dba07e7c59c4e0285e5e20aba67e334,68f2d95bd190740cfd6a264a,ENQUEUED,0.2792799687845824,questions_in
2025-10-29T12:53:13.655490,PUBLISH,65f458cc544345b5a69e31b02403a7f7,68f2d95bd190740cfd6a2536,ENQUEUED,0.12044234872307454,questions_in
2025-10-29T12:53:13.811788,PUBLISH,79d4cb166a05491981c3227ffdd5f570,68f2d95bd190740cfd6a4074,ENQUEUED,0.15302041162019916,questions_in
2025-10-29T12:53:14.069762,PUBLISH,0375e4b50e5d4ccdab307e471ff8c6a1,68f2d95bd190740cfd6a25a8,ENQUEUED,0.2558583023297325,questions_in
2025-10-29T12:53:14.280726,PUBLISH,3d1398ef89764222a37950c8ece3cc00,68f2d95bd190740cfd6a36d7,ENQUEUED,0.20778724158057324,questions_in
2025-10-29T12:53:14.727238,PUBLISH,38816ef89eba46298a7943de24e9477b,68f2d95bd190740cfd6a1ea4,ENQUEUED,0.441814218305316,questions_in
2025-10-29T12:53:14.847391,PUBLISH,665f09c294844e27932486e1abdb7d5d,68f2d95bd190740cfd6a24b7,ENQUEUED,0.11421366607737156,questions_in
2025-10-29T12:53:15.152499,PUBLISH,43754cb83102467e81b4c8990d0a5823,68f2d95bd190740cfd6a1d30,ENQUEUED,0.3023024681280152,questions_in
2025-10-29T12:53:15.471070,PUBLISH,58acd8fdb1af4cb88a63e402e5c7980b,68f2d95bd190740cfd6a3705,ENQUEUED,0.3161095428637329,questions_in
2025-10-29T12:53:15.749893,PUBLISH,7253068bc9794b63871f457e52c73f4a,68f2d95bd190740cfd6a1de4,ENQUEUED,0.2767289882631594,questions_in
2025-10-29T12:53:15.915663,PUBLISH,1aaea3aba39547efbea888215644e346,68f2d95bd190740cfd6a404b,ENQUEUED,0.16398465820602148,questions_in
2025-10-29T12:53:16.164787,PUBLISH,ce71b5bbec274a1b81dc9d1cbfcb246c,68f2d95bd190740cfd6a1ce9,ENQUEUED,0.24123543003103545,questions_in
2025-10-29T12:53:16.450090,PUBLISH,536f31ed824e473eac597a620dd57ec6,68f2d95bd190740cfd6a36a5,ENQUEUED,0.2828763928206014,questions_in
2025-10-29T12:53:16.672872,PUBLISH,cc056596558f4e05ab50594ddda453f2,68f2d95bd190740cfd6a3c7f,ENQUEUED,0.21658475073631123,questions_in
2025-10-29T12:53:16.880201,PUBLISH,3463b4cdb6e64a6eb79f37fa2dcf7811,68f2d95bd190740cfd6a3654,ENQUEUED,0.20406694756982635,questions_in
2025-10-29T12:53:17.035466,PUBLISH,80f377b0f0964490aef29bf836734bd4,68f2d95bd190740cfd6a34bc,ENQUEUED,0.15170873099983673,questions_in
2025-10-29T12:53:17.350926,PUBLISH,31e912316d0641f78c0b0b00aeaf0ba0,68f2d95bd190740cfd6a3263,ENQUEUED,0.3120898712368585,questions_in
2025-10-29T12:53:17.595452,PUBLISH,e87dd56d5afc46249dc196ad0012e324,68f2d95bd190740cfd6a1baf,ENQUEUED,0.24069661286202826,questions_in
2025-10-29T12:53:18.007501,PUBLISH,9f133d001d53438bb4cece0c0e547a8c,68f2d95bd190740cfd6a1c1d,ENQUEUED,0.40817981789435,questions_in
2025-10-29T12:53:18.360954,PUBLISH,932e3c4f935f4c23889178c4178dadb7,68f2d95bd190740cfd6a2fec,ENQUEUED,0.35006819659043253,questions_in
2025-10-29T12:53:18.743925,PUBLISH,0d43b21f786b46b88752aa3558c62d14,68f2d95bd190740cfd6a2ea6,ENQUEUED,0.3760246115588458,questions_in
2025-10-29T12:53:19.224059,PUBLISH,eb1acc06d0974b5db91f8d52d425a3ad,68f2d95bd190740cfd6a1bde,ENQUEUED,0.47345632931779935,questions_in
2025-10-29T12:53:19.551464,PUBLISH,63b3b9ba55064ebdb652a2c761bd5f81,68f2d95bd190740cfd6a2d1f,ENQUEUED,0.32318014942281714,questions_in
2025-10-29T12:53:19.847673,PUBLISH,67580e8b9e2940c68f3e7458cbb463fa,68f2d95bd190740cfd6a2d9f,ENQUEUED,0.2928977350770312,questions_in
2025-10-29T12:53:20.199881,PUBLISH,d2d430e30f564d85a302d1f9a80bcef0,68f2d95bd190740cfd6a2e3d,ENQUEUED,0.3495546953938813,questions_in
2025-10-29T12:53:20.561610,PUBLISH,657e3378d72843dd95f3b5223ed74c45,68f2d95bd190740cfd6a2dcf,ENQUEUED,0.3591051538451794,questions_in
2025-10-29T12:53:20.751353,PUBLISH,cd5d445c28a34598a0394968ba2f11dd,68f2d95bd190740cfd6a3cca,ENQUEUED,0.18316743125369334,questions_in
2025-10-29T12:53:20.931133,PUBLISH,d816c88d303945e8ab061b3a13e38f29,68f2d95bd190740cfd6a34de,ENQUEUED,0.17341700829757245,questions_in
2025-10-29T12:53:21.400910,PUBLISH,d36b0dce399e4dff8eea63948d93cf1b,68f2d95bd190740cfd6a37ff,ENQUEUED,0.4674298733221478,questions_in
2025-10-29T12:53:21.734845,PUBLISH,65f561b9e61146b1875fc098078e519b,68f2d95bd190740cfd6a278a,ENQUEUED,0.3282642548768225,questions_in
2025-10-29T12:53:22.220541,PUBLISH,ddefcb18f4ff4aaf80364ddeb6b819a9,68f2d95bd190740cfd6a331b,ENQUEUED,0.48346036218655697,questions_in
2025-10-29T12:53:22.650522,PUBLISH,30748cd6c2d64480a8d440d017ce7ca7,68f2d95bd190740cfd6a4030,ENQUEUED,0.4276723620905375,questions_in
2025-10-29T12:53:22.861509,PUBLISH,aa8166c262de4fbebc799e46267a9b4c,68f2d95bd190740cfd6a3cb7,ENQUEUED,0.20821184791155864,questions_in
2025-10-29T12:53:23.016526,PUBLISH,d3135421da474cce96e5e1a6857226c9,68f2d95bd190740cfd6a21e8,ENQUEUED,0.14925323212674657,questions_in
2025-10-29T12:53:23.280020,PUBLISH,a9d1fea2ff8546fa8015918fc08900da,68f2d95bd190740cfd6a358e,ENQUEUED,0.25601879734241784,questions_in
2025-10-29T12:53:23.780235,PUBLISH,fd19f03a87364c7d9813b64887955382,68f2d95bd190740cfd6a3dd0,ENQUEUED,0.4945605463251881,questions_in
2025-10-29T12:53:24.021814,PUBLISH,d4a6e36e68e843f295272d050272d342,68f2d95bd190740cfd6a22ba,ENQUEUED,0.23580883361972657,questions_in
2025-10-29T12:53:24.459767,PUBLISH,36b8e51693684186b92c04898a8bb8f1,68f2d95bd190740cfd6a315c,ENQUEUED,0.4348572448527033,questions_in
2025-10-29T12:53:24.808908,PUBLISH,b9d0e5907e78405393b263bb30831022,68f2d95bd190740cfd6a3b88,ENQUEUED,0.34414009657917244,questions_in
2025-10-29T12:53:24.967533,PUBLISH,90a556c9e7474356ba3a2a4945eada5b,68f2d95bd190740cfd6a414a,ENQUEUED,0.15673528782507137,questions_in
2025-10-29T12:53:25.306202,PUBLISH,4a828f85979e400aafd528a754cf3137,68f2d95bd190740cfd6a2f3d,ENQUEUED,0.33243331151794436,questions_in
2025-10-29T12:53:25.433308,PUBLISH,a3c70a33774c4b5c9056685bc0995893,68f2d95bd190740cfd6a1b7e,ENQUEUED,0.1238207609936346,questions_in
2025-10-29T12:53:25.832546,PUBLISH,7217da0ce3c846f8a983aabb702a5265,68f2d95bd190740cfd6a39cc,ENQUEUED,0.39648068895068045,questions_in
2025-10-29T12:53:26.185168,PUBLISH,c5ac92c843ad4df29fa07bf5382494ea,68f2d95bd190740cfd6a2b74,ENQUEUED,0.3499881890900369,questions_in
2025-10-29T12:53:26.441189,PUBLISH,7f5796427b724a65871bd662bfbf3fa8,68f2d95bd190740cfd6a329d,ENQUEUED,0.2532172433877854,questions_in
2025-10-29T12:53:26.560960,PUBLISH,3866502daeb94a26b605e4665c1362f4,68f2d95bd190740cfd6a2028,ENQUEUED,0.11634115974112086,questions_in
2025-10-29T12:53:26.732057,PUBLISH,62da3f0b3f8d46348b2df52384c81922,68f2d95bd190740cfd6a344a,ENQUEUED,0.16898448446900197,questions_in
2025-10-29T12:53:26.978139,PUBLISH,2382ac9b899b460a99ec1d4c49c163c7,68f2d95bd190740cfd6a3491,ENQUEUED,0.23950024823533927,questions_in
2025-10-29T12:53:27.131629,PUBLISH,55a194ca5fb243b3a94fcbc9f998240c,68f2d95bd190740cfd6a31c7,ENQUEUED,0.1431977528674101,questions_in
2025-10-29T12:53:27.499041,PUBLISH,d9d99266df8146b2a0e9530cdb0cea73,68f2d95bd190740cfd6a324b,ENQUEUED,0.36045281703798937,questions_in
2025-10-29T12:53:27.649730,PUBLISH,8f7fe3fdced1405ca1b1e8441ca7cf36,68f2d95bd190740cfd6a3a2c,ENQUEUED,0.14904768937824195,questions_in
2025-10-29T12:53:28.133014,PUBLISH,cd496ace45ec433baa53b39fddbfd52c,68f2d95bd190740cfd6a34af,ENQUEUED,0.481476222010912,questions_in
2025-10-29T12:53:28.454906,PUBLISH,94f23cb42c484a1fb2b94ebc45caad86,68f2d95bd190740cfd6a3f4f,ENQUEUED,0.3162108391089396,questions_in
2025-10-29T12:53:28.863944,PUBLISH,c68b2c85b72a48fa9f431915ea38e29a,68f2d95bd190740cfd6a333b,ENQUEUED,0.40303893774042054,questions_in
2025-10-29T12:53:29.004785,PUBLISH,8bb6a60ee0cc44c289b6d5afa0472dba,68f2d95bd190740cfd6a3251,ENQUEUED,0.1378834613694595,questions_in
2025-10-29T12:53:29.356123,PUBLISH,099ad6cda5b94a5ba81926f138c7b300,68f2d95bd190740cfd6a2841,ENQUEUED,0.3448868491776014,questions_in
2025-10-29T12:53:29.577527,PUBLISH,53893502885241698310ea3294357f55,68f2d95bd190740cfd6a35c9,ENQUEUED,0.21569511304681985,questions_in
2025-10-29T12:53:30.048277,PUBLISH,0e6780aca9c44a5a94ceb4a13840a123,68f2d95bd190740cfd6a2097,ENQUEUED,0.4681675676916851,questions_in
2025-10-29T12:53:30.382375,PUBLISH,646225aac97b4245a53e3bc3b0c13f4c,68f2d95bd190740cfd6a1cff,ENQUEUED,0.32829893385235637,questions_in
2025-10-29T12:53:30.660873,PUBLISH,33b5e8a147164ae2898bb09c472f1a0a,68f2d95bd190740cfd6a2e2f,ENQUEUED,0.27106340030262377,questions_in
2025-10-29T12:53:31.116019,PUBLISH,0116730394e841d8a379e225f756f820,68f2d95bd190740cfd6a2b07,ENQUEUED,0.45341526178223523,questions_in
2025-10-29T12:53:31.241181,PUBLISH,5f201da235c34d179c6fda9f292b2c0c,68f2d95bd190740cfd6a30f3,ENQUEUED,0.12371491471515866,questions_in
2025-10-29T12:53:31.681299,PUBLISH,24c9c31259944d079818c1df587ddb32,68f2d95bd190740cfd6a2a2b,ENQUEUED,0.43417210393800154,questions_in
2025-10-29T12:53:32.065498,PUBLISH,feef3af73f294dccaa4a7787b7d2181a,68f2d95bd190740cfd6a3fcc,ENQUEUED,0.3780854331634421,questions_in
2025-10-29T12:53:32.454163,PUBLISH,b9981c9cccd64bb2aea0a9ca40b42ff6,68f2d95bd190740cfd6a25c3,ENQUEUED,0.3829877275426661,questions_in
2025-10-29T12:53:32.636871,PUBLISH,c0827034ab9c4f0e82bbd735a70890bc,68f2d95bd190740cfd6a2e14,ENQUEUED,0.17723155145726657,questions_in
2025-10-29T12:53:33.042584,PUBLISH,dcf1d4248ad94168a7142b28ee1b99d9,68f2d95bd190740cfd6a38e3,ENQUEUED,0.39983186765929035,questions_in
2025-10-29T12:53:33.523139,PUBLISH,3464875880324faa82c9b8dc2603f774,68f2d95bd190740cfd6a2627,ENQUEUED,0.4715670619194693,questions_in
2025-10-29T12:53:33.917560,PUBLISH,249f098d8d4a402faf5f307e287da4e8,68f2d95bd190740cfd6a31df,ENQUEUED,0.39203772189598163,questions_in
2025-10-29T12:53:34.052757,PUBLISH,02914b1ebe914ea886389c8a903b4919,68f2d95bd190740cfd6a3a0b,ENQUEUED,0.12966519015636255,questions_in
2025-10-29T12:53:34.514606,PUBLISH,fc7d152fe325479fa6680fe4fe81546c,68f2d95bd190740cfd6a2a9c,ENQUEUED,0.4595456239842962,questions_in
2025-10-29T12:53:34.654393,PUBLISH,13229ffe58304fc0853c0ef3bbd673c8,68f2d95bd190740cfd6a30f2,ENQUEUED,0.1320831483510317,questions_in
2025-10-29T12:53:35.116450,PUBLISH,162f0bc235f3420abf2040d38d899c48,68f2d95bd190740cfd6a1e52,ENQUEUED,0.4600810218577601,questions_in
2025-10-29T12:53:35.368201,PUBLISH,72065b89395c464594836f1f482f91a9,68f2d95bd190740cfd6a36a8,ENQUEUED,0.24417893768335444,questions_in
2025-10-29T12:53:35.597757,PUBLISH,c949e4df65fc4237ae48e9af8e3ecf95,68f2d95bd190740cfd6a1da3,ENQUEUED,0.22306745733161867,questions_in
2025-10-29T12:53:35.876383,PUBLISH,245c2bfa55a441b986a3cc73f0de695e,68f2d95bd190740cfd6a316b,ENQUEUED,0.2757972153001994,questions_in
2025-10-29T12:53:36.219023,PUBLISH,42e22a06b0b34c6da9cc83219d4cef93,68f2d95bd190740cfd6a1ed7,ENQUEUED,0.3370889807596583,questions_in
2025-10-29T12:53:36.628327,PUBLISH,967edd228de74dc4bd0203e6a87b6a1d,68f2d95bd190740cfd6a213c,ENQUEUED,0.399389988713596,questions_in
2025-10-29T12:53:37.132180,PUBLISH,e8864d25f2c2468d9be6215a6ecf005d,68f2d95bd190740cfd6a2862,ENQUEUED,0.4974216224019553,questions_in
2025-10-29T12:53:37.392198,PUBLISH,0721a90d806645708a84c6b58832a85b,68f2d95bd190740cfd6a34c1,ENQUEUED,0.25861366416233933,questions_in
2025-10-29T12:53:37.566761,PUBLISH,a44b55fc6c7b4454bef0cc4d13b3f18c,68f2d95bd190740cfd6a3a3d,ENQUEUED,0.17315926432098322,questions_in
2025-10-29T12:53:37.760178,PUBLISH,98987ac01a5b4fa8bb4071946984c6da,68f2d95bd190740cfd6a3b3d,ENQUEUED,0.18742429382548786,questions_in
2025-10-29T12:53:37.977229,PUBLISH,15194352df23415c8829ef132539e32c,68f2d95bd190740cfd6a3a37,ENQUEUED,0.21137179775104725,questions_in
2025-10-29T12:53:38.328096,PUBLISH,e2d6886d8be1495ca6c6faecf06ad9bc,68f2d95bd190740cfd6a370f,ENQUEUED,0.344126903836792,questions_in
2025-10-29T12:53:38.741529,PUBLISH,32224bb0e3ed4a1ebce72a3291f21c46,68f2d95bd190740cfd6a1f20,ENQUEUED,0.4078129436534925,questions_in
2025-10-29T12:53:38.972360,PUBLISH,48378899c087448c9bb735586646bf0d,68f2d95bd190740cfd6a319d,ENQUEUED,0.22511291531804556,questions_in
2025-10-29T12:53:39.112913,PUBLISH,f1fdb8be45aa4171bd0163b310bd86bb,68f2d95bd190740cfd6a32bc,ENQUEUED,0.13557303193658737,questions_in
2025-10-29T12:53:39.246610,PUBLISH,2b2a972ee5c34fe691098a875e2b2895,68f2d95bd190740cfd6a3c4e,ENQUEUED,0.12903928069803242,questions_in
2025-10-29T12:53:39.669559,PUBLISH,7aabd208333f442aa956b993c1243a19,68f2d95bd190740cfd6a3245,ENQUEUED,0.4171439472729074,questions_in
2025-10-29T12:53:39.969386,PUBLISH,400b3818080844f08c317e3fe3cc4055,68f2d95bd190740cfd6a1d0a,ENQUEUED,0.2977678953086653,questions_in
2025-10-29T12:53:40.443104,PUBLISH,8db34e7c03a54cd290bca16a28ea6043,68f2d95bd190740cfd6a1df6,ENQUEUED,0.467854529246132,questions_in
2025-10-29T12:53:40.674229,PUBLISH,424e978dc00c4133a75a2fb6da7276f2,68f2d95bd190740cfd6a3882,ENQUEUED,0.22597384980605895,questions_in
2025-10-29T12:53:41.040355,PUBLISH,c2ea35b38265449e9b75f351a926a86d,68f2d95bd190740cfd6a367f,ENQUEUED,0.36070366578746815,questions_in
2025-10-29T12:53:41.286929,PUBLISH,6915d55d4f414afeb81fb6881293b39b,68f2d95bd190740cfd6a344f,ENQUEUED,0.2401535490503165,questions_in
2025-10-29T12:53:41.618053,PUBLISH,bc4175c6312d4f5aa7286814ce0b8c79,68f2d95bd190740cfd6a33e2,ENQUEUED,0.3254804364435562,questions_in
2025-10-29T12:53:42.017768,PUBLISH,da21cb5692534e498ac4057b0fd59cd1,68f2d95bd190740cfd6a2c72,ENQUEUED,0.39281982860418474,questions_in
2025-10-29T12:53:42.163169,PUBLISH,303cb6efcb5e4e5a8649d1ebf146b2ae,68f2d95bd190740cfd6a3de7,ENQUEUED,0.1397338142439098,questions_in
2025-10-29T12:53:42.631715,PUBLISH,b243115df5264d4bbbc5bb7d83c3b033,68f2d95bd190740cfd6a3273,ENQUEUED,0.46334054416945836,questions_in
2025-10-29T12:53:42.861761,PUBLISH,8689a78c3c7c446385f51b4077a193d5,68f2d95bd190740cfd6a27ae,ENQUEUED,0.22433916063144776,questions_in
2025-10-29T12:53:43.198238,PUBLISH,f547dcddbf60405396072b46c471c833,68f2d95bd190740cfd6a3c43,ENQUEUED,0.33131699230756995,questions_in
2025-10-29T12:53:43.371737,PUBLISH,2479861567af47578590ab33f536ead2,68f2d95bd190740cfd6a1e78,ENQUEUED,0.1666172083745651,questions_in
2025-10-29T12:53:43.500431,PUBLISH,b4196a38339e475cb0f1857911fc571f,68f2d95bd190740cfd6a32f6,ENQUEUED,0.12722218485882167,questions_in
2025-10-29T12:53:43.994442,PUBLISH,9a78561464124359bd5abbdf9d3e20b1,68f2d95bd190740cfd6a30e8,ENQUEUED,0.4912601463721523,questions_in
2025-10-29T12:53:44.138491,PUBLISH,240fc767d0e2463a8d1007fad30e0dac,68f2d95bd190740cfd6a1c2c,ENQUEUED,0.13788313369704264,questions_in
2025-10-29T12:53:44.351602,PUBLISH,16ffbc38fed14762bcd49601a24d021b,68f2d95bd190740cfd6a1be2,ENQUEUED,0.20633629458208944,questions_in
2025-10-29T12:53:44.755781,PUBLISH,d38bf156cd644b1ba6305c6f05c672c1,68f2d95bd190740cfd6a2a78,ENQUEUED,0.3978679474492304,questions_in
2025-10-29T12:53:45.196785,PUBLISH,3c45e01c44fb4299b6a48e12d2f08878,68f2d95bd190740cfd6a1c4f,ENQUEUED,0.43510390602574134,questions_in
2025-10-29T12:53:45.473818,PUBLISH,317a0f54b73243a0a9e790dc8a5dfede,68f2d95bd190740cfd6a27fa,ENQUEUED,0.2705490448135104,questions_in
2025-10-29T12:53:45.580585,PUBLISH,9a9f57d10e534aadad78e28cb80dbff5,68f2d95bd190740cfd6a1d26,ENQUEUED,0.1012141398504543,questions_in
2025-10-29T12:53:45.753052,PUBLISH,7ae298b8b4ea404db764bf9832bf6b51,68f2d95bd190740cfd6a3920,ENQUEUED,0.16693177126369235,questions_in
2025-10-29T12:53:46.171471,PUBLISH,ea6657a099d74d368300148683f258f2,68f2d95bd190740cfd6a294a,ENQUEUED,0.4148499087024101,questions_in
2025-10-29T12:53:46.355549,PUBLISH,dbe1b02559514719bfe8893deef89a38,68f2d95bd190740cfd6a2deb,ENQUEUED,0.18223928176809748,questions_in
2025-10-29T12:53:46.619731,PUBLISH,080750c711ba4c559793ec2d2741e736,68f2d95bd190740cfd6a25db,ENQUEUED,0.2624839356806713,questions_in
2025-10-29T12:53:47.105351,PUBLISH,3de16175d6af4bf8ae4ac791206518ac,68f2d95bd190740cfd6a279d,ENQUEUED,0.47836396526918123,questions_in
2025-10-29T12:53:47.546560,PUBLISH,720dbd97517b42ad8432af9ba64ce110,68f2d95bd190740cfd6a2b26,ENQUEUED,0.436442461235823,questions_in
2025-10-29T12:53:47.732960,PUBLISH,718fb14392fd47508e4da0643659b36d,68f2d95bd190740cfd6a2f52,ENQUEUED,0.1813836726928563,questions_in
2025-10-29T12:53:47.842766,PUBLISH,7b519630ec6b4417be27a11c5a149b91,68f2d95bd190740cfd6a1c5c,ENQUEUED,0.10410310105705399,questions_in
2025-10-29T12:53:48.303568,PUBLISH,0e35266e0a764ceb88166fff2d3c8987,68f2d95bd190740cfd6a23b8,ENQUEUED,0.4546431902595647,questions_in
2025-10-29T12:53:48.643128,PUBLISH,68d6e36a65984bbfb2a4dc5cde7ddb3a,68f2d95bd190740cfd6a2c35,ENQUEUED,0.3378127073964591,questions_in
2025-10-29T12:53:48.989863,PUBLISH,dfd07aa5bd23451fa1a3e67d24ee806d,68f2d95bd190740cfd6a3b09,ENQUEUED,0.34035300259733636,questions_in
2025-10-29T12:53:49.295151,PUBLISH,8ab26692d936400c98878f4ff2cf3f74,68f2d95bd190740cfd6a1feb,ENQUEUED,0.2999307692596488,questions_in
2025-10-29T12:53:49.483594,PUBLISH,18d2f78473e94e37820107610b7d0715,68f2d95bd190740cfd6a2340,ENQUEUED,0.18254890264144477,questions_in
2025-10-29T12:53:49.688187,PUBLISH,7981b923879f45279e9a676c4f8716c6,68f2d95bd190740cfd6a4175,ENQUEUED,0.2031705850913429,questions_in
2025-10-29T12:53:49.840853,PUBLISH,f93d4539aed2494aa2c3aa45d11790df,68f2d95bd190740cfd6a41b8,ENQUEUED,0.15102575015935155,questions_in
2025-10-29T12:53:50.307860,PUBLISH,3c50f01037514d60acc53bfe2b2d1b16,68f2d95bd190740cfd6a2587,ENQUEUED,0.4611079070073264,questions_in
2025-10-29T12:53:50.684639,PUBLISH,cf24aaef802e44e88a7d53762af5c406,68f2d95bd190740cfd6a1b2b,ENQUEUED,0.3741102163096103,questions_in
2025-10-29T12:53:51.115914,PUBLISH,b29c0f615be0487bbaa509d238bfb642,68f2d95bd190740cfd6a413a,ENQUEUED,0.4252799686035139,questions_in
2025-10-29T12:53:51.270402,PUBLISH,b038be6db3404da68660fe325cbc1cda,68f2d95bd190740cfd6a4067,ENQUEUED,0.14825472200227746,questions_in
2025-10-29T12:53:51.443132,PUBLISH,f77a6f9a97db4948b33842f5a7c40c43,68f2d95bd190740cfd6a2943,ENQUEUED,0.16657911170894457,questions_in
2025-10-29T12:53:51.885217,PUBLISH,a6499db77744472c8e735365b550266f,68f2d95bd190740cfd6a26b8,ENQUEUED,0.43626687242799866,questions_in
2025-10-29T12:53:52.060034,PUBLISH,566f869a89964e968d477734130a5403,68f2d95bd190740cfd6a346d,ENQUEUED,0.16924072445204322,questions_in
2025-10-29T12:53:52.409667,PUBLISH,7ef4dffe6fa2455e8a23c09a0b7b85c1,68f2d95bd190740cfd6a277f,ENQUEUED,0.3436248943178172,questions_in
2025-10-29T12:53:52.677625,PUBLISH,4e3f83050b7841f2a34effa0e367294b,68f2d95bd190740cfd6a3730,ENQUEUED,0.2623251229315706,questions_in
2025-10-29T12:53:53.003877,PUBLISH,9907f2de067d4c7898685cc6dac94b2d,68f2d95bd190740cfd6a41bd,ENQUEUED,0.3188944347667967,questions_in
2025-10-29T12:53:53.271445,PUBLISH,7756ab11a5ab41e7a7e888e2dffc8053,68f2d95bd190740cfd6a23fc,ENQUEUED,0.26551308498886417,questions_in
2025-10-29T12:53:53.599291,PUBLISH,07a083bdb34143569b40c68d2de0dde8,68f2d95bd190740cfd6a2ab7,ENQUEUED,0.3210624527919691,questions_in
2025-10-29T12:53:53.851631,PUBLISH,5464e775aa304eccb25a206bb23e5d19,68f2d95bd190740cfd6a3f0a,ENQUEUED,0.24758022596376494,questions_in
2025-10-29T12:53:54.162688,PUBLISH,c6fca247b66342c4b757f5ce4d9c7b89,68f2d95bd190740cfd6a1be6,ENQUEUED,0.3060828298192718,questions_in
2025-10-29T12:53:54.455068,PUBLISH,6544f98a7d4e4af5a1be41392fdfdc30,68f2d95bd190740cfd6a3dd2,ENQUEUED,0.28637480526229686,questions_in
2025-10-29T12:53:54.850081,PUBLISH,d17617090533452e9dd698a14d769e74,68f2d95bd190740cfd6a2079,ENQUEUED,0.38913536130439497,questions_in
2025-10-29T12:53:55.305482,PUBLISH,41115b8d9eae44ceafea95cff89f4af1,68f2d95bd190740cfd6a4015,ENQUEUED,0.4505583534823987,questions_in
2025-10-29T12:53:55.566563,PUBLISH,38be3ed33e02420eb9a346be9a013bdb,68f2d95bd190740cfd6a31a7,ENQUEUED,0.2556381887396192,questions_in
2025-10-29T12:53:55.827222,PUBLISH,4cb7445d57a7473a969f5370a03ce69a,68f2d95bd190740cfd6a1d8a,ENQUEUED,0.2593172272589708,questions_in
2025-10-29T12:53:56.085772,PUBLISH,6b386a91f8c84deea5e917a64c289bde,68f2d95bd190740cfd6a2ef8,ENQUEUED,0.25244927058254774,questions_in
2025-10-29T12:53:56.486067,PUBLISH,ad16d04072d14022b6a36de751504890,68f2d95bd190740cfd6a1ef4,ENQUEUED,0.397744706360605,questions_in
2025-10-29T12:53:56.922938,PUBLISH,934bf099859f46e4980fcae8dec28be4,68f2d95bd190740cfd6a3b31,ENQUEUED,0.4340532318229061,questions_in
2025-10-29T12:53:57.094076,PUBLISH,4029ec87ee0549b5948ac95e1a19e230,68f2d95bd190740cfd6a3226,ENQUEUED,0.16908192782386672,questions_in
2025-10-29T12:53:57.206436,PUBLISH,b2f2669e90a94dbba63f398d9cf3ee9d,68f2d95bd190740cfd6a3735,ENQUEUED,0.1045804491770289,questions_in
2025-10-29T12:53:57.683876,PUBLISH,17835c1a4344486bb08085fb5e655012,68f2d95bd190740cfd6a3213,ENQUEUED,0.4710609994805588,questions_in
2025-10-29T12:53:58.114089,PUBLISH,852b57b1bbb948e79a5b55bbbb89beb9,68f2d95bd190740cfd6a3d36,ENQUEUED,0.42585963181858255,questions_in
2025-10-29T12:53:58.541001,PUBLISH,60bcd9413b484cbdb8de60adce9503a3,68f2d95bd190740cfd6a23d9,ENQUEUED,0.4192401318784449,questions_in
2025-10-29T12:53:58.717697,PUBLISH,88b534fe4fd34181b145b01367f6bef7,68f2d95bd190740cfd6a2aa1,ENQUEUED,0.17103004060509547,questions_in
2025-10-29T12:53:59.014192,PUBLISH,b689150b9b524f6187202929205ca406,68f2d95bd190740cfd6a366e,ENQUEUED,0.29420214963618996,questions_in
2025-10-29T12:53:59.425564,PUBLISH,a3b23d6fe86b44daac87929685ee35a0,68f2d95bd190740cfd6a3d7a,ENQUEUED,0.4096748144634097,questions_in
2025-10-29T12:53:59.856007,PUBLISH,030e8e472bc64568b5c60e23bedad747,68f2d95bd190740cfd6a322b,ENQUEUED,0.4239787180005371,questions_in
2025-10-29T12:54:00.359930,PUBLISH,a9e4344015134787baffcef854cf197e,68f2d95bd190740cfd6a3fae,ENQUEUED,0.49730411079036996,questions_in
2025-10-29T12:54:00.823664,PUBLISH,4e519d82a79a4e7898151f25a092fd10,68f2d95bd190740cfd6a25b2,ENQUEUED,0.45738885909132543,questions_in
2025-10-29T12:54:01.002583,PUBLISH,0eed6a41e0394938b09a7b3774446aea,68f2d95bd190740cfd6a3050,ENQUEUED,0.17260261190100346,questions_in
2025-10-29T12:54:01.122542,PUBLISH,758c75898b7b4c1796606d9f9f4e4190,68f2d95bd190740cfd6a27f1,ENQUEUED,0.11242255227949416,questions_in
2025-10-29T12:54:01.340678,PUBLISH,e66513e1d5de41caafeb459f229158a9,68f2d95bd190740cfd6a2bb2,ENQUEUED,0.21219360240243243,questions_in
2025-10-29T12:54:01.801128,PUBLISH,7fed7b6e14d94d5b9d37bd89f451b8f8,68f2d95bd190740cfd6a2369,ENQUEUED,0.4545242006401141,questions_in
2025-10-29T12:54:01.920398,PUBLISH,8d21f8e4c3b4445b84d6b3cbced55720,68f2d95bd190740cfd6a2bd9,ENQUEUED,0.11315330134454338,questions_in
2025-10-29T12:54:02.374038,PUBLISH,65b810c70d9e494b8a74785550e599c4,68f2d95bd190740cfd6a3610,ENQUEUED,0.44778007985806056,questions_in
2025-10-29T12:54:02.495756,PUBLISH,88750148cade4b4b85cb970cff6efc8d,68f2d95bd190740cfd6a31b0,ENQUEUED,0.11975452551965633,questions_in
2025-10-29T12:54:02.708855,PUBLISH,638e6072a318402abff522fafbee918d,68f2d95bd190740cfd6a2ab4,ENQUEUED,0.20796204241889532,questions_in
2025-10-29T12:54:03.078633,PUBLISH,6f4191a58452448381b7f815d9b5a335,68f2d95bd190740cfd6a28f7,ENQUEUED,0.36334225271443377,questions_in
2025-10-29T12:54:03.340401,PUBLISH,94f3b8a86bbf4565ac94faa6ae2664c1,68f2d95bd190740cfd6a4078,ENQUEUED,0.2557063114620096,questions_in
2025-10-29T12:54:03.678052,PUBLISH,25edba2619cf49e09472946b937102be,68f2d95bd190740cfd6a36bb,ENQUEUED,0.33181451489158853,questions_in
2025-10-29T12:54:04.119876,PUBLISH,897bced539114b1d9e5ae886436354e1,68f2d95bd190740cfd6a3ed5,ENQUEUED,0.43564521623382735,questions_in
2025-10-29T12:54:04.555616,PUBLISH,d3679d7f594b40bfa25747c08af193ff,68f2d95bd190740cfd6a40ae,ENQUEUED,0.42952372388332594,questions_in
2025-10-29T12:54:04.801271,PUBLISH,ed02d8ff2664414d891ca1741893745c,68f2d95bd190740cfd6a203c,ENQUEUED,0.2389116097860161,questions_in
2025-10-29T12:54:05.119694,PUBLISH,76ae05afff754af69265672f15dcd89a,68f2d95bd190740cfd6a3b32,ENQUEUED,0.31645990898451665,questions_in
2025-10-29T12:54:05.302130,PUBLISH,887a540584d944918cec435f4ca12f82,68f2d95bd190740cfd6a28a3,ENQUEUED,0.1755820028290878,questions_in
2025-10-29T12:54:05.701330,PUBLISH,3d93ee73a26344cdafb4b25f0f6152eb,68f2d95bd190740cfd6a32e8,ENQUEUED,0.3976007112793839,questions_in
2025-10-29T12:54:06.183593,PUBLISH,cde1fc72bf5d4c72ba5ce15dec1567f1,68f2d95bd190740cfd6a2a17,ENQUEUED,0.47935165506882815,questions_in
2025-10-29T12:54:06.585453,PUBLISH,7c15da59e1b74a52bb77e6b211189383,68f2d95bd190740cfd6a4095,ENQUEUED,0.39560871100513406,questions_in
2025-10-29T12:54:06.919105,PUBLISH,371f733f6b4048dfaded0feeb6f9c3d4,68f2d95bd190740cfd6a3f80,ENQUEUED,0.3313282168414265,questions_in
2025-10-29T12:54:07.416609,PUBLISH,89b74c9662da4c5f8bc1128fdadd4d33,68f2d95bd190740cfd6a3787,ENQUEUED,0.4905990026037058,questions_in
2025-10-29T12:54:07.537724,PUBLISH,5109476228144bebafc0f01a9788fc33,68f2d95bd190740cfd6a1c60,ENQUEUED,0.11531691250599407,questions_in
2025-10-29T12:54:07.745658,PUBLISH,f4e2544298664b60b7adfaa5ca648ad9,68f2d95bd190740cfd6a2ae6,ENQUEUED,0.20095602564412257,questions_in
2025-10-29T12:54:07.947739,PUBLISH,1c63bcc610cf456ab834ebd6fd84ee58,68f2d95bd190740cfd6a282d,ENQUEUED,0.1955439003628795,questions_in
2025-10-29T12:54:08.169792,PUBLISH,cb8cacd2e40248f08ce0826291e66bd5,68f2d95bd190740cfd6a2fe9,ENQUEUED,0.22028097698004634,questions_in
2025-10-29T12:54:08.529905,PUBLISH,38d1b9fa8f364dca894838e481634497,68f2d95bd190740cfd6a3c06,ENQUEUED,0.35773815761263184,questions_in
2025-10-29T12:54:08.861711,PUBLISH,22896bad9b5e43debabdda173640fec0,68f2d95bd190740cfd6a1ad9,ENQUEUED,0.32545471507061685,questions_in
2025-10-29T12:54:08.978079,PUBLISH,ca7aa6f81af448088b01c7d52f6bf390,68f2d95bd190740cfd6a3920,ENQUEUED,0.11447315360574875,questions_in
2025-10-29T12:54:09.374806,PUBLISH,fd7a61cc971c4095a3bf4a8830897481,68f2d95bd190740cfd6a3933,ENQUEUED,0.39474494094148904,questions_in
2025-10-29T12:54:09.771454,PUBLISH,ab41408c17f3487d93a5e9369800cee6,68f2d95bd190740cfd6a30c9,ENQUEUED,0.3904336274108803,questions_in
2025-10-29T12:54:10.099468,PUBLISH,5e556ece67e94ee7b7da43d81f048722,68f2d95bd190740cfd6a3aa3,ENQUEUED,0.3207368024753836,questions_in
2025-10-29T12:54:10.326821,PUBLISH,4b2ad428e65f48c9ac1abe319eddd466,68f2d95bd190740cfd6a418c,ENQUEUED,0.22118403892335717,questions_in
2025-10-29T12:54:10.463933,PUBLISH,339c6a2510aa45f58873fdb8f9786a2a,68f2d95bd190740cfd6a1edc,ENQUEUED,0.13105483110246416,questions_in
2025-10-29T12:54:10.719724,PUBLISH,57c49f2b31cd4bad8f93d6fa9e57841e,68f2d95bd190740cfd6a2c5e,ENQUEUED,0.24956998043021983,questions_in
2025-10-29T12:54:10.953452,PUBLISH,2ca31800c5bd405aa7d4ba112778e500,68f2d95bd190740cfd6a2f10,ENQUEUED,0.2274303155257202,questions_in
2025-10-29T12:54:11.148055,PUBLISH,b9e10984f91c4b54b7a76188a6cb4c87,68f2d95bd190740cfd6a2009,ENQUEUED,0.18809779440878316,questions_in
2025-10-29T12:54:11.341331,PUBLISH,cee07de11b844d23af034d336861f8ae,68f2d95bd190740cfd6a1b92,ENQUEUED,0.18970498352154333,questions_in
2025-10-29T12:54:11.636300,PUBLISH,0fa42e38556c45ec8cb3c24d9d2705be,68f2d95bd190740cfd6a261d,ENQUEUED,0.2887449922605708,questions_in
2025-10-29T12:54:12.066952,PUBLISH,2e9819be1ca344029ab568765e5fb3aa,68f2d95bd190740cfd6a1dcb,ENQUEUED,0.4286795381857347,questions_in
2025-10-29T12:54:12.406573,PUBLISH,ca34574ca9ea464f869c5f2e3b71e8b5,68f2d95bd190740cfd6a1f8a,ENQUEUED,0.3340306014986747,questions_in
2025-10-29T12:54:12.738532,PUBLISH,ec5172a41ceb43e8a42f210a4bcd82e5,68f2d95bd190740cfd6a2a66,ENQUEUED,0.3255748681319087,questions_in
2025-10-29T12:54:13.066866,PUBLISH,4f0a9deec343478b9f18cd06fc6a28f6,68f2d95bd190740cfd6a303c,ENQUEUED,0.32153248671929346,questions_in
2025-10-29T12:54:13.199091,PUBLISH,d33e64e93c1d4809aa5aba5cb1af8d60,68f2d95bd190740cfd6a1bca,ENQUEUED,0.12615978591729854,questions_in
2025-10-29T12:54:13.624325,PUBLISH,2d6a9d79cb524f1fa2723a75066c2c1b,68f2d95bd190740cfd6a2cc7,ENQUEUED,0.4219648005424599,questions_in
2025-10-29T12:54:13.819336,PUBLISH,0ebd48bdc16441ef853fb3637b4d2652,68f2d95bd190740cfd6a2683,ENQUEUED,0.18947166703567256,questions_in
2025-10-29T12:54:14.167373,PUBLISH,c99f805f547c45e5b52104d64c865da0,68f2d95bd190740cfd6a251c,ENQUEUED,0.34548012318581006,questions_in
2025-10-29T12:54:14.328480,PUBLISH,47263aa114554b1c9e075fcb0a48a121,68f2d95bd190740cfd6a3f2f,ENQUEUED,0.15478932581085947,questions_in
2025-10-29T12:54:14.472820,PUBLISH,b89a2c65a55a48b49e6ecf29edb3a4bd,68f2d95bd190740cfd6a2384,ENQUEUED,0.1419816534852766,questions_in
2025-10-29T12:54:14.727717,PUBLISH,4e7be5129c184efc95b219a3b60aa51f,68f2d95bd190740cfd6a27e2,ENQUEUED,0.2487668193022865,questions_in
2025-10-29T12:54:14.933213,PUBLISH,2c8a53be0cfa4a82854d6b790acebfe9,68f2d95bd190740cfd6a26a5,ENQUEUED,0.19890994408237678,questions_in
2025-10-29T12:54:15.325927,PUBLISH,b1330ad26b5443cdbe743a760ccec759,68f2d95bd190740cfd6a3188,ENQUEUED,0.38626801572882374,questions_in
2025-10-29T12:54:15.523147,PUBLISH,e1c129ba15e841169c750db526009079,68f2d95bd190740cfd6a2b35,ENQUEUED,0.19477417676499398,questions_in
2025-10-29T12:54:15.859644,PUBLISH,d29f0096df0b4d46a04f0e36331a7894,68f2d95bd190740cfd6a222d,ENQUEUED,0.33092451284395247,questions_in
2025-10-29T12:54:16.327740,PUBLISH,b0e8acb0e5e6487b979acb3c9517eb28,68f2d95bd190740cfd6a2681,ENQUEUED,0.46203996858554575,questions_in
2025-10-29T12:54:16.675454,PUBLISH,0e08efa4ca37431199802f66ea867ccf,68f2d95bd190740cfd6a32b3,ENQUEUED,0.3422091656123333,questions_in
2025-10-29T12:54:17.008528,PUBLISH,04ccefe305e2490f8133965bb57add02,68f2d95bd190740cfd6a1d56,ENQUEUED,0.3283742851544616,questions_in
2025-10-29T12:54:17.215055,PUBLISH,505db3078f1b4aa791b3c9fe92fd4b83,68f2d95bd190740cfd6a3210,ENQUEUED,0.19926096389850395,questions_in
2025-10-29T12:54:17.451949,PUBLISH,6f6ac6fe6d9d4f28bc232fa6786203bc,68f2d95bd190740cfd6a1ced,ENQUEUED,0.23536766196968248,questions_in
2025-10-29T12:54:17.825801,PUBLISH,b1d4f3cb98994cb09f2af7a617569749,68f2d95bd190740cfd6a36af,ENQUEUED,0.3683472014033259,questions_in
2025-10-29T12:54:18.020481,PUBLISH,c270170cd00b4087adfa0b75684f7c34,68f2d95bd190740cfd6a22fd,ENQUEUED,0.18922289883082027,questions_in
2025-10-29T12:54:18.383634,PUBLISH,84b8e5ce79b540e29554a2d88c1615d8,68f2d95bd190740cfd6a3eaf,ENQUEUED,0.3611239719783782,questions_in
2025-10-29T12:54:18.730258,PUBLISH,e1f19dfa1d9047728ce2af004b54d26a,68f2d95bd190740cfd6a36ea,ENQUEUED,0.3444748972515901,questions_in
2025-10-29T12:54:18.866418,PUBLISH,0dc309647f2943da988046ccd49a6c03,68f2d95bd190740cfd6a2048,ENQUEUED,0.13449314682964617,questions_in
2025-10-29T12:54:19.182888,PUBLISH,2a54e31193734ecbbef5b4281f8d3578,68f2d95bd190740cfd6a3fa9,ENQUEUED,0.31239747351305597,questions_in
2025-10-29T12:54:19.490432,PUBLISH,89bbf80ad54142fbb15217a8c6ebf40e,68f2d95bd190740cfd6a28fb,ENQUEUED,0.30197535967973793,questions_in
2025-10-29T12:54:19.832871,PUBLISH,492caf3527b843ea8e974e22b90d2c0d,68f2d95bd190740cfd6a3153,ENQUEUED,0.3369319782680622,questions_in
2025-10-29T12:54:20.032911,PUBLISH,b7ee631a30f244518297e1f9d5f22852,68f2d95bd190740cfd6a3dc7,ENQUEUED,0.19493348500428054,questions_in
2025-10-29T12:54:20.144722,PUBLISH,f1842b7710a6488487a7c85c65276070,68f2d95bd190740cfd6a23a0,ENQUEUED,0.10592967822431265,questions_in
2025-10-29T12:54:20.536399,PUBLISH,52e30fe0293d458eaf140408d5ae0bd0,68f2d95bd190740cfd6a303c,ENQUEUED,0.39010494785307126,questions_in
2025-10-29T12:54:20.987773,PUBLISH,254040c1dc694460853e79f173e07abd,68f2d95bd190740cfd6a3722,ENQUEUED,0.4483429401582858,questions_in
2025-10-29T12:54:21.296451,PUBLISH,7844413215124448bd428f6cf53035d7,68f2d95bd190740cfd6a2236,ENQUEUED,0.3031159593587873,questions_in
2025-10-29T12:54:21.752981,PUBLISH,cb34199f5d774361901674d15842e629,68f2d95bd190740cfd6a3200,ENQUEUED,0.4544585551193324,questions_in
2025-10-29T12:54:22.100525,PUBLISH,490f01d1ef3644d98a2534f3d598e073,68f2d95bd190740cfd6a330d,ENQUEUED,0.34594517221825627,questions_in
2025-10-29T12:54:22.592172,PUBLISH,69c4bbc942e64bfa81372a2f1c17a65f,68f2d95bd190740cfd6a3565,ENQUEUED,0.4857887640654629,questions_in
2025-10-29T12:54:22.956571,PUBLISH,00eae837cd4c41fbbead10022b0814b4,68f2d95bd190740cfd6a408b,ENQUEUED,0.35826709790773603,questions_in
2025-10-29T12:54:23.250360,PUBLISH,b132842565b54d6983301f5a716338d2,68f2d95bd190740cfd6a39a1,ENQUEUED,0.29014458771327134,questions_in
2025-10-29T12:54:23.383507,PUBLISH,1a5497aeba5f4f6baaac8d0e12409d76,68f2d95bd190740cfd6a1fe6,ENQUEUED,0.12741905769297485,questions_in
2025-10-29T12:54:23.800699,PUBLISH,81ac8cdcf1964851a91d679b844c0e11,68f2d95bd190740cfd6a271a,ENQUEUED,0.4109992619370876,questions_in
2025-10-29T12:54:24.098181,PUBLISH,3a3e1f5004094ae798704070fe1a5803,68f2d95bd190740cfd6a3c97,ENQUEUED,0.29005362972658344,questions_in
2025-10-29T12:54:24.475717,PUBLISH,a22da429cf264557b1b5cb2d55c5b8e2,68f2d95bd190740cfd6a2ddd,ENQUEUED,0.3716727302836914,questions_in
2025-10-29T12:54:24.887823,PUBLISH,f7349a9c730e4fb9ad9640169162f6ed,68f2d95bd190740cfd6a3e1c,ENQUEUED,0.40646885618163775,questions_in
2025-10-29T12:54:25.000838,PUBLISH,868e317fb0414a3f91ac249fea3e7db9,68f2d95bd190740cfd6a2d34,ENQUEUED,0.10733640195602323,questions_in
2025-10-29T12:54:25.155129,PUBLISH,a04396b8a24144fcbf1267c3161c800c,68f2d95bd190740cfd6a34cc,ENQUEUED,0.14837017938006888,questions_in
2025-10-29T12:54:25.346637,PUBLISH,bb9cdbcd05a34c278dddcc1ace3fd899,68f2d95bd190740cfd6a3d74,ENQUEUED,0.18596656395225086,questions_in
2025-10-29T12:54:25.626999,PUBLISH,74d6d040a0f042af8da6a81a24fadde7,68f2d95bd190740cfd6a21f6,ENQUEUED,0.27444702412301647,questions_in
2025-10-29T12:54:25.858160,PUBLISH,cc77de444d394108b47738ae283f24dd,68f2d95bd190740cfd6a3748,ENQUEUED,0.22543097681785948,questions_in
2025-10-29T12:54:26.211361,PUBLISH,5deb37a5c0994efdbbb5d719db21a692,68f2d95bd190740cfd6a23ba,ENQUEUED,0.3494349810077667,questions_in
2025-10-29T12:54:26.613615,PUBLISH,33fcd7d4fad845ffb84e47d7a4789a18,68f2d95bd190740cfd6a28ac,ENQUEUED,0.3963168495591639,questions_in
2025-10-29T12:54:26.953341,PUBLISH,f5f8f0202dbe45b6979bfbbcf92bccb1,68f2d95bd190740cfd6a3f0e,ENQUEUED,0.3381021430484423,questions_in
2025-10-29T12:54:27.357042,PUBLISH,8f8921a856ed40c795ad9177e2475dd9,68f2d95bd190740cfd6a1f38,ENQUEUED,0.3976918966958599,questions_in
2025-10-29T12:54:27.464260,PUBLISH,4b7bbb2b27fd424ebce808d033904a96,68f2d95bd190740cfd6a2795,ENQUEUED,0.10177798845611036,questions_in
2025-10-29T12:54:27.746223,PUBLISH,697198a742a04c259790f3657d314c71,68f2d95bd190740cfd6a1b95,ENQUEUED,0.2762275755288464,questions_in
2025-10-29T12:54:27.850639,PUBLISH,2027311257284b08a1917df81a1eba40,68f2d95bd190740cfd6a36d6,ENQUEUED,0.10242005019174903,questions_in
2025-10-29T12:54:28.299073,PUBLISH,920e2c26fec547ed97a9c3c8d96a8c01,68f2d95bd190740cfd6a2317,ENQUEUED,0.4422422958926354,questions_in
2025-10-29T12:54:28.665069,PUBLISH,60abc06b86cc4b9fb43f093adad32571,68f2d95bd190740cfd6a2fe2,ENQUEUED,0.3608376418574285,questions_in
2025-10-29T12:54:28.979441,PUBLISH,7a6ef00362ef45e593c63d6694f70525,68f2d95bd190740cfd6a1bd2,ENQUEUED,0.30690985700140494,questions_in
2025-10-29T12:54:29.282846,PUBLISH,defa316178a243d6bffb4b3855d235e3,68f2d95bd190740cfd6a31d8,ENQUEUED,0.2973671045177989,questions_in
2025-10-29T12:54:29.640668,PUBLISH,98c5cd9942764d6fb819012bf0044180,68f2d95bd190740cfd6a3dc1,ENQUEUED,0.3511477862528656,questions_in
2025-10-29T12:54:29.767092,PUBLISH,91c5c989e9984b4da544a045d2a520d3,68f2d95bd190740cfd6a33d3,ENQUEUED,0.12444419132133588,questions_in
2025-10-29T12:54:30.053077,PUBLISH,39ebdb5018094705bde910e879fca7ea,68f2d95bd190740cfd6a3549,ENQUEUED,0.2843035497220263,questions_in
2025-10-29T12:54:30.238815,PUBLISH,811a0f948f644c51a56e135e4687c1e4,68f2d95bd190740cfd6a296b,ENQUEUED,0.1809533387767849,questions_in
2025-10-29T12:54:30.503265,PUBLISH,bc4da7bc192c4dbfa8da7707ba1e1e32,68f2d95bd190740cfd6a3856,ENQUEUED,0.2625133810500423,questions_in
2025-10-29T12:54:30.623322,PUBLISH,2d3df59eede94c079101daecc1eef38f,68f2d95bd190740cfd6a2a51,ENQUEUED,0.11449000087714999,questions_in
2025-10-29T12:54:30.793655,PUBLISH,2300930f2bd84d22a3c2a47ed8806c1f,68f2d95bd190740cfd6a3591,ENQUEUED,0.1685404719013494,questions_in
2025-10-29T12:54:31.078146,PUBLISH,039045163ffb43fb8aea7ade79a31151,68f2d95bd190740cfd6a3f2f,ENQUEUED,0.2822511255136896,questions_in
2025-10-29T12:54:31.321057,PUBLISH,ba0ba2436beb426d923754c3a75ea947,68f2d95bd190740cfd6a2a12,ENQUEUED,0.23737261066361662,questions_in
2025-10-29T12:54:31.461530,PUBLISH,e56848347f574acaa817043fcae51356,68f2d95bd190740cfd6a1e25,ENQUEUED,0.13443370034098145,questions_in
2025-10-29T12:54:31.682611,PUBLISH,056076f3ae68467bb79bd80bacdb03c9,68f2d95bd190740cfd6a4052,ENQUEUED,0.2194114603531241,questions_in
2025-10-29T12:54:32.046353,PUBLISH,2382ac5bd5df422a925c1159f0342525,68f2d95bd190740cfd6a3bba,ENQUEUED,0.3577205587019956,questions_in
2025-10-29T12:54:32.371861,PUBLISH,8978db8c844340dbb3e5eaa13fde5f74,68f2d95bd190740cfd6a381d,ENQUEUED,0.3197433167763366,questions_in
2025-10-29T12:54:32.529336,PUBLISH,3f536939e24749d5b56dab6112df69f2,68f2d95bd190740cfd6a3023,ENQUEUED,0.15192190655894727,questions_in
2025-10-29T12:54:32.782981,PUBLISH,137f4d5532a1401e856089a883f016ae,68f2d95bd190740cfd6a38c9,ENQUEUED,0.24785724202082854,questions_in
2025-10-29T12:54:32.891634,PUBLISH,a12867e8423a4ec3b74e44522df1e558,68f2d95bd190740cfd6a2b42,ENQUEUED,0.10309727229850818,questions_in
2025-10-29T12:54:33.319799,PUBLISH,3830de6b38a442dc9932ca008d3c690e,68f2d95bd190740cfd6a297d,ENQUEUED,0.4264954668227644,questions_in
2025-10-29T12:54:33.811232,PUBLISH,8eb64c0d64f24eee9d2418eb8297bf0e,68f2d95bd190740cfd6a1caa,ENQUEUED,0.4860837439159321,questions_in
2025-10-29T12:54:34.162314,PUBLISH,ff264d3d033f498788821573e29db2b6,68f2d95bd190740cfd6a2b26,ENQUEUED,0.3452701758017346,questions_in
2025-10-29T12:54:34.567708,PUBLISH,f0f54a03ac604ec4bbd550e87f2836dc,68f2d95bd190740cfd6a2beb,ENQUEUED,0.4033745259301197,questions_in
2025-10-29T12:54:35.062664,PUBLISH,b17fd8346aba444eb04c123ff459e685,68f2d95bd190740cfd6a3753,ENQUEUED,0.48910971410059345,questions_in
2025-10-29T12:54:35.253443,PUBLISH,1158f891bb884cdc8f084074d32c1bc7,68f2d95bd190740cfd6a2af5,ENQUEUED,0.18534271390109325,questions_in
2025-10-29T12:54:35.464251,PUBLISH,6e490f6844ec40679fff5314df849206,68f2d95bd190740cfd6a277e,ENQUEUED,0.20492281935922319,questions_in
2025-10-29T12:54:35.845684,PUBLISH,fa4d9c57442c47cb8f3acf58807ac24c,68f2d95bd190740cfd6a386d,ENQUEUED,0.37596736495700644,questions_in
2025-10-29T12:54:35.962884,PUBLISH,455133d2512940ad8ed2bcaf3955651d,68f2d95bd190740cfd6a24d0,ENQUEUED,0.11165948382853577,questions_in
2025-10-29T12:54:36.457484,PUBLISH,7c21473cb1ce4ff39bbb5885eb357a2d,68f2d95bd190740cfd6a2ce8,ENQUEUED,0.4886234184694681,questions_in
2025-10-29T12:54:36.685793,PUBLISH,917deb8a1c02407e9d4cf3549fdee712,68f2d95bd190740cfd6a1bd4,ENQUEUED,0.22247428323929963,questions_in
2025-10-29T12:54:37.130423,PUBLISH,4cbf6532ac2a40e3a783ac8f15c966b8,68f2d95bd190740cfd6a2a53,ENQUEUED,0.44249809112793337,questions_in
2025-10-29T12:54:37.372955,PUBLISH,686e85b5cd7e4ee383ed96fee7168921,68f2d95bd190740cfd6a23ec,ENQUEUED,0.23527553213213714,questions_in
2025-10-29T12:54:37.832163,PUBLISH,79d18475a977460991413b11521ab7a0,68f2d95bd190740cfd6a3fdb,ENQUEUED,0.45438954316176916,questions_in
2025-10-29T12:54:38.306249,PUBLISH,594d360c110c40d580fd8bffc117ecdc,68f2d95bd190740cfd6a2710,ENQUEUED,0.46874471090229175,questions_in
2025-10-29T12:54:38.612431,PUBLISH,98702b0363b2460881a34f203b89c26a,68f2d95bd190740cfd6a3833,ENQUEUED,0.300302026329278,questions_in
2025-10-29T12:54:39.040349,PUBLISH,56990591c8844afc8d2810607014b9e7,68f2d95bd190740cfd6a26dd,ENQUEUED,0.42456329026173745,questions_in
2025-10-29T12:54:39.463278,PUBLISH,9bf814acd465491aad58fb0fde9e8b1c,68f2d95bd190740cfd6a4116,ENQUEUED,0.4208876838679253,questions_in
2025-10-29T12:54:39.876808,PUBLISH,0334c4f55ff84b2db612353af083bf43,68f2d95bd190740cfd6a2ea8,ENQUEUED,0.4108853059313775,questions_in
2025-10-29T12:54:40.092754,PUBLISH,c523d45d48244f948b05ed0377cdb576,68f2d95bd190740cfd6a4192,ENQUEUED,0.21297040136737208,questions_in
2025-10-29T12:54:40.477399,PUBLISH,8f4b78e0dca24c44b43431dda73fe151,68f2d95bd190740cfd6a20da,ENQUEUED,0.3809094431051061,questions_in
2025-10-29T12:54:40.617251,PUBLISH,5696bac233c1474d8f1209bf58a3a677,68f2d95bd190740cfd6a3ecf,ENQUEUED,0.1378090372269088,questions_in
2025-10-29T12:54:40.736715,PUBLISH,cfd4041ddf51491fa80f89277510b823,68f2d95bd190740cfd6a3b39,ENQUEUED,0.11728348657854047,questions_in
2025-10-29T12:54:41.057082,PUBLISH,189cd08aafec4ca385991c4a26533033,68f2d95bd190740cfd6a39bc,ENQUEUED,0.3182160727389258,questions_in
2025-10-29T12:54:41.360097,PUBLISH,0a01be4696f741d1aa74a25d70dac304,68f2d95bd190740cfd6a3865,ENQUEUED,0.29923552906890083,questions_in
2025-10-29T12:54:41.728148,PUBLISH,0b258774dd1f42fa885576d919391a4f,68f2d95bd190740cfd6a2c3e,ENQUEUED,0.36526258300017933,questions_in
2025-10-29T12:54:41.968676,PUBLISH,ed02b45a2bd440bb889dfca40da8d453,68f2d95bd190740cfd6a2c2d,ENQUEUED,0.23849276955366655,questions_in
2025-10-29T12:54:42.228939,PUBLISH,91544a4349464842a19acbfdec715d28,68f2d95bd190740cfd6a3326,ENQUEUED,0.2535113559275465,questions_in
2025-10-29T12:54:42.606817,PUBLISH,a4e46a30467a40798476f42ed8cacc2e,68f2d95bd190740cfd6a3d27,ENQUEUED,0.3757321639100951,questions_in
2025-10-29T12:54:43.090601,PUBLISH,1b1ae919a2d3444da7fc1ab47cd95a8c,68f2d95bd190740cfd6a1f51,ENQUEUED,0.4792537742445747,questions_in
2025-10-29T12:54:43.443635,PUBLISH,8cb8a769a114454dbc35585398cca307,68f2d95bd190740cfd6a34bc,ENQUEUED,0.35136631348365477,questions_in
2025-10-29T12:54:43.592993,PUBLISH,e0c5c77b5a9f48f99d84001831ff165b,68f2d95bd190740cfd6a1ee4,ENQUEUED,0.14173951007009547,questions_in
2025-10-29T12:54:43.835387,PUBLISH,1e4a81f731994b37a828d437d1fc8e4a,68f2d95bd190740cfd6a3974,ENQUEUED,0.23896946620538673,questions_in
2025-10-29T12:54:44.116057,PUBLISH,020d678ac64942b58ae4e0f3843b03a0,68f2d95bd190740cfd6a330c,ENQUEUED,0.27899296994178646,questions_in
2025-10-29T12:54:44.249122,PUBLISH,bce533940e0c45ec9fdd74ad2e2f7e95,68f2d95bd190740cfd6a251f,ENQUEUED,0.12993245667345765,questions_in
2025-10-29T12:54:44.571443,PUBLISH,cec2ba8546d545b6a5eb1c801b504f25,68f2d95bd190740cfd6a356f,ENQUEUED,0.3167115709253093,questions_in
2025-10-29T12:54:45.029584,PUBLISH,066f2bb22b9d49e1a0fa60fd3b80c958,68f2d95bd190740cfd6a35a5,ENQUEUED,0.4522758139383213,questions_in
2025-10-29T12:54:45.195983,PUBLISH,7e40cd0622c94d4183b972acbaa9052d,68f2d95bd190740cfd6a3262,ENQUEUED,0.16007291394209378,questions_in
2025-10-29T12:54:45.584726,PUBLISH,873430a7e0624834870b3062a72b561e,68f2d95bd190740cfd6a1e92,ENQUEUED,0.3869407776237185,questions_in
2025-10-29T12:54:46.045180,PUBLISH,d2b8c3c1f6354c2fa27bee85337976f7,68f2d95bd190740cfd6a2536,ENQUEUED,0.4587353488832707,questions_in
2025-10-29T12:54:46.407864,PUBLISH,881d17df1c6d4a0d9424c497a75bb2db,68f2d95bd190740cfd6a3953,ENQUEUED,0.35928874998842175,questions_in
2025-10-29T12:54:46.805521,PUBLISH,6cbfabeab319413b8e1b9b5f53745daa,68f2d95bd190740cfd6a2b79,ENQUEUED,0.39522228852983343,questions_in
2025-10-29T12:54:47.145131,PUBLISH,cdaa09ef46f14ed599221bb5e4303286,68f2d95bd190740cfd6a3e5d,ENQUEUED,0.33759008433269233,questions_in
2025-10-29T12:54:47.413384,PUBLISH,098fe703c51a4f038416535a4022a563,68f2d95bd190740cfd6a380c,ENQUEUED,0.26194446132823845,questions_in
2025-10-29T12:54:47.675704,PUBLISH,0b93d7989fb3457381b30b7b5348fb72,68f2d95bd190740cfd6a216b,ENQUEUED,0.2593665680723696,questions_in
2025-10-29T12:54:47.840985,PUBLISH,778adb68fe204889a777556701e19f04,68f2d95bd190740cfd6a33f4,ENQUEUED,0.1623482135558931,questions_in
2025-10-29T12:54:48.248504,PUBLISH,0d7c966fef694b52a7065e134d504fc9,68f2d95bd190740cfd6a2d40,ENQUEUED,0.4002826489307504,questions_in
2025-10-29T12:54:48.693721,PUBLISH,fc6cd5023b9c4c57b67a117ab9a34a6b,68f2d95bd190740cfd6a3c05,ENQUEUED,0.4418837915906969,questions_in
2025-10-29T12:54:48.890900,PUBLISH,30abdb226acf4a70a145c0aa706f6203,68f2d95bd190740cfd6a1f62,ENQUEUED,0.19456643830545725,questions_in
2025-10-29T12:54:49.255212,PUBLISH,60430c68a4a94516960c55c2fd743bc7,68f2d95bd190740cfd6a3755,ENQUEUED,0.3588215382714751,questions_in
2025-10-29T12:54:49.379120,PUBLISH,58aba2bf7d724407864eb26f9bbefaa3,68f2d95bd190740cfd6a40d2,ENQUEUED,0.11839988240898346,questions_in
2025-10-29T12:54:49.881921,PUBLISH,733758f385bb4c469eaff00fb7422c42,68f2d95bd190740cfd6a3f19,ENQUEUED,0.4924440344554295,questions_in
2025-10-29T12:54:50.128900,PUBLISH,16a244a63fb34b01a25c17f6183d3309,68f2d95bd190740cfd6a3c76,ENQUEUED,0.2451021062160874,questions_in
2025-10-29T12:54:50.296561,PUBLISH,b6ec1cf294e9472a81e958ddb05d572d,68f2d95bd190740cfd6a2391,ENQUEUED,0.1632133186588784,questions_in
2025-10-29T12:54:50.493297,PUBLISH,7e811ec0fe3446d39b34c31ea3a46b00,68f2d95bd190740cfd6a3631,ENQUEUED,0.19464441561710638,questions_in
2025-10-29T12:54:50.608858,PUBLISH,b4aa596c0f434ed794769669104b9de1,68f2d95bd190740cfd6a2e8c,ENQUEUED,0.10992844190778138,questions_in
2025-10-29T12:54:50.888793,PUBLISH,45fd6ef4a61a417880fd2c62ef7458a5,68f2d95bd190740cfd6a2fd7,ENQUEUED,0.273250416577967,questions_in
2025-10-29T12:54:51.372087,PUBLISH,49203e36dbcf489d9996de18c880bdc5,68f2d95bd190740cfd6a3cfc,ENQUEUED,0.48092910714867,questions_in
2025-10-29T12:54:51.864058,PUBLISH,b3580bb2897a4856bbd674c619565907,68f2d95bd190740cfd6a258d,ENQUEUED,0.48604962504345994,questions_in
2025-10-29T12:54:51.974563,PUBLISH,6276c917dcfd4733bd1f4bb4776a8840,68f2d95bd190740cfd6a20f8,ENQUEUED,0.10791543956479331,questions_in
2025-10-29T12:54:52.335451,PUBLISH,224d9b067d3a4f6980996df070e5d4a2,68f2d95bd190740cfd6a1cf2,ENQUEUED,0.3582091713953667,questions_in
2025-10-29T12:54:52.530927,PUBLISH,737ab4a71d1848ada041b63a573f194d,68f2d95bd190740cfd6a2b9b,ENQUEUED,0.18912678591150658,questions_in
2025-10-29T12:54:52.772809,PUBLISH,111a63e314e949a59b4a2fa0709058c3,68f2d95bd190740cfd6a29d4,ENQUEUED,0.23777262762097542,questions_in
2025-10-29T12:54:53.269635,PUBLISH,804b322c8dd64f69956209d0809220a6,68f2d95bd190740cfd6a418e,ENQUEUED,0.49147581809469487,questions_in
2025-10-29T12:54:53.658707,PUBLISH,01725200f0bf405786771b03b185bb3e,68f2d95bd190740cfd6a2cf9,ENQUEUED,0.38561530160946733,questions_in
2025-10-29T12:54:54.136769,PUBLISH,c6448a80e3644854bad9d51dceb4689d,68f2d95bd190740cfd6a335a,ENQUEUED,0.4747549242032706,questions_in
2025-10-29T12:54:54.375803,PUBLISH,bab978cf067b458db2794f0b02505fe0,68f2d95bd190740cfd6a35b3,ENQUEUED,0.23695779403608752,questions_in
2025-10-29T12:54:54.648732,PUBLISH,e34cbed055794e44b66461be774629f9,68f2d95bd190740cfd6a230b,ENQUEUED,0.27107555430304325,questions_in
2025-10-29T12:54:54.874368,PUBLISH,5b36fea4bf4442889554f2ceefaa4466,68f2d95bd190740cfd6a4184,ENQUEUED,0.21979941811748396,questions_in
2025-10-29T12:54:55.099578,PUBLISH,8b58716ddde7466689067c1b792f62e9,68f2d95bd190740cfd6a3727,ENQUEUED,0.22304537118836076,questions_in
2025-10-29T12:54:55.538167,PUBLISH,5fbaf14de810462dadc6e48fc772a15d,68f2d95bd190740cfd6a215e,ENQUEUED,0.4362898585827093,questions_in
2025-10-29T12:54:55.894903,PUBLISH,6939a0a387ff444c894d56f2e08a46e1,68f2d95bd190740cfd6a21c1,ENQUEUED,0.35438817008578594,questions_in
2025-10-29T12:54:56.042227,PUBLISH,c0c721f2309b455ea8361c2fd7182714,68f2d95bd190740cfd6a1ce6,ENQUEUED,0.14526703071152647,questions_in
2025-10-29T12:54:56.519917,PUBLISH,04ecaf2bcf0342f79d617fb7a5ffe36e,68f2d95bd190740cfd6a2584,ENQUEUED,0.47456056477877817,questions_in
2025-10-29T12:54:56.866457,PUBLISH,01b1feaa29f74dacaaaeeb2e0f745697,68f2d95bd190740cfd6a35ef,ENQUEUED,0.3448852794907553,questions_in
2025-10-29T12:54:57.041269,PUBLISH,7c766d2aca374b20ad9fb05191b1991a,68f2d95bd190740cfd6a3644,ENQUEUED,0.17223174819247145,questions_in
2025-10-29T12:54:57.442276,PUBLISH,2dd05e0fe7e343aa8db0411092a5a088,68f2d95bd190740cfd6a419a,ENQUEUED,0.39357449779828635,questions_in
2025-10-29T12:54:57.763915,PUBLISH,bdc072c563504e70afb1289dda2a7343,68f2d95bd190740cfd6a363a,ENQUEUED,0.31545308123500004,questions_in
2025-10-29T12:54:58.203519,PUBLISH,bdfbc14b76694feead4c030938c2f6e5,68f2d95bd190740cfd6a3fc3,ENQUEUED,0.435783005475464,questions_in
2025-10-29T12:54:58.595175,PUBLISH,8d80e3e6d0d74cdb815c2c617e99be68,68f2d95bd190740cfd6a1efd,ENQUEUED,0.3898345327091366,questions_in
2025-10-29T12:54:58.763065,PUBLISH,65d311f1928b443ba4ca551110d19ac1,68f2d95bd190740cfd6a1ee7,ENQUEUED,0.16233095638532458,questions_in
2025-10-29T12:54:59.201627,PUBLISH,3634a35ada4a4038aa7425a12f57e83c,68f2d95bd190740cfd6a1e09,ENQUEUED,0.43490392818860224,questions_in
2025-10-29T12:54:59.457208,PUBLISH,b591b0835bbc4de8ae3457a01d4461a2,68f2d95bd190740cfd6a1efd,ENQUEUED,0.2494447872051543,questions_in
2025-10-29T12:54:59.688169,PUBLISH,37a8655547204cf983bd8c5609c8b979,68f2d95bd190740cfd6a1e91,ENQUEUED,0.22624940697502935,questions_in
2025-10-29T12:54:59.966892,PUBLISH,ea6f9c2ed3a0416cbcffffc924261f89,68f2d95bd190740cfd6a353c,ENQUEUED,0.27686279760150395,questions_in
2025-10-29T12:55:00.326676,PUBLISH,b32092c08bcb4fb0bc355c59f8a3ec26,68f2d95bd190740cfd6a36d0,ENQUEUED,0.3554925025549549,questions_in
2025-10-29T12:55:00.682983,PUBLISH,aee65a4993fd48f3917251f3035cda95,68f2d95bd190740cfd6a2815,ENQUEUED,0.35071156170465445,questions_in
2025-10-29T12:55:00.877891,PUBLISH,4c2404f6bca4405286b6e3849ca38128,68f2d95bd190740cfd6a1c0b,ENQUEUED,0.1875879660038734,questions_in
2025-10-29T12:55:01.347234,PUBLISH,b80aed5741e1477fb5a95b68c42d76bb,68f2d95bd190740cfd6a1adb,ENQUEUED,0.4636807216413239,questions_in
2025-10-29T12:55:01.544306,PUBLISH,ee925e7d113a43bd9bd62f4c7f31594f,68f2d95bd190740cfd6a3ebc,ENQUEUED,0.1891746486400075,questions_in
2025-10-29T12:55:02.039358,PUBLISH,f4efe79fdba1446d8fc44c13e8064f00,68f2d95bd190740cfd6a21ba,ENQUEUED,0.4917531942007485,questions_in
2025-10-29T12:55:02.188525,PUBLISH,6152ddff1cd04ce1ac02c137106e719f,68f2d95bd190740cfd6a2ac9,ENQUEUED,0.14495999478960592,questions_in
2025-10-29T12:55:02.393503,PUBLISH,d69d8fb01ac34e16adcc115ccc4c5d08,68f2d95bd190740cfd6a3dc4,ENQUEUED,0.20281774597297947,questions_in
2025-10-29T12:55:02.839367,PUBLISH,72b0892fdca446c2b100bebcce9b0922,68f2d95bd190740cfd6a306f,ENQUEUED,0.44206636708264246,questions_in
2025-10-29T12:55:03.054951,PUBLISH,3f276b48bf3347f0a02c79501616aa5b,68f2d95bd190740cfd6a3d0a,ENQUEUED,0.2134857496202218,questions_in
2025-10-29T12:55:03.258205,PUBLISH,f8818e35ca78440c8aaaf528b52481af,68f2d95bd190740cfd6a2b7b,ENQUEUED,0.2014073527501278,questions_in
2025-10-29T12:55:03.589671,PUBLISH,8697648eebc64bd8b6eb795ed3caa2c6,68f2d95bd190740cfd6a40b4,ENQUEUED,0.328106289965839,questions_in
2025-10-29T12:55:04.073834,PUBLISH,9e2869850ba44674b9769dfc09c00b67,68f2d95bd190740cfd6a3990,ENQUEUED,0.47630221232102277,questions_in
2025-10-29T12:55:04.283050,PUBLISH,9f17a6e5c872401abcd3a4d0f381e793,68f2d95bd190740cfd6a2856,ENQUEUED,0.20190668107493456,questions_in
2025-10-29T12:55:04.569114,PUBLISH,904ab89e730a49c0bb5f5c5f52ebcdc8,68f2d95bd190740cfd6a3d4e,ENQUEUED,0.28336766966704874,questions_in
2025-10-29T12:55:04.943917,PUBLISH,ca764a9ae4e547c9a67bda0a9171ccf3,68f2d95bd190740cfd6a4074,ENQUEUED,0.372258445036172,questions_in
2025-10-29T12:55:05.128084,PUBLISH,f2b6862c2c464a62ae3706c5b1943166,68f2d95bd190740cfd6a20a6,ENQUEUED,0.18231738289678417,questions_in
2025-10-29T12:55:05.274296,PUBLISH,f3e60af9572e400f943cf62da381e52d,68f2d95bd190740cfd6a1ccc,ENQUEUED,0.14020489412379408,questions_in
2025-10-29T12:55:05.624426,PUBLISH,5e4cbc07e52d485595a0797ee19a002f,68f2d95bd190740cfd6a3222,ENQUEUED,0.34727557271865983,questions_in
2025-10-29T12:55:05.788524,PUBLISH,aa5cf4b5cd234cdaa3bf5562dd6abb08,68f2d95bd190740cfd6a239d,ENQUEUED,0.162412908417193,questions_in
2025-10-29T12:55:06.205228,PUBLISH,37f7e207513b411e9c07f5974637c1ae,68f2d95bd190740cfd6a225e,ENQUEUED,0.40968492490352526,questions_in
2025-10-29T12:55:06.612248,PUBLISH,3a5247101c674299b830f2742209e2ea,68f2d95bd190740cfd6a22e6,ENQUEUED,0.404668090321873,questions_in
2025-10-29T12:55:06.938059,PUBLISH,9982fff65ade44e48a9bfdb408ef5b2f,68f2d95bd190740cfd6a31c0,ENQUEUED,0.3234403960008594,questions_in
2025-10-29T12:55:07.437750,PUBLISH,4dbba25ddf8a49928ad3c975c403a932,68f2d95bd190740cfd6a3a52,ENQUEUED,0.4977728647939017,questions_in
2025-10-29T12:55:07.662954,PUBLISH,70aeccc9345c464989a745fda47c5ce5,68f2d95bd190740cfd6a2948,ENQUEUED,0.22339709276932382,questions_in
2025-10-29T12:55:08.132949,PUBLISH,1a1430a29b1744c88f68e234eb5fcbce,68f2d95bd190740cfd6a2eea,ENQUEUED,0.45957264246826535,questions_in
2025-10-29T12:55:08.248433,PUBLISH,a0915ee8cdeb4354b6c30eec03b92583,68f2d95bd190740cfd6a2b37,ENQUEUED,0.11024233326026933,questions_in
2025-10-29T12:55:08.697064,PUBLISH,6746948f55a54e809da31d238489ee5b,68f2d95bd190740cfd6a3347,ENQUEUED,0.4423524131810833,questions_in
2025-10-29T12:55:08.881283,PUBLISH,06bc327269364a48a4835590632c94e9,68f2d95bd190740cfd6a2401,ENQUEUED,0.178543100502366,questions_in
2025-10-29T12:55:08.999873,PUBLISH,200399281cfa4c06b34ed240f44659ac,68f2d95bd190740cfd6a2784,ENQUEUED,0.1168678554796573,questions_in
2025-10-29T12:55:09.503307,PUBLISH,3af6c451e23143538051cc549ad59aed,68f2d95bd190740cfd6a1c0e,ENQUEUED,0.4976228250844418,questions_in
2025-10-29T12:55:09.619363,PUBLISH,748181f2bd804789a5b6101ca329a214,68f2d95bd190740cfd6a1c9b,ENQUEUED,0.11013907776591712,questions_in
2025-10-29T12:55:09.815392,PUBLISH,7eb3417013b34770a9200bc44893a9ce,68f2d95bd190740cfd6a4014,ENQUEUED,0.18920987567472958,questions_in
2025-10-29T12:55:09.922501,PUBLISH,22e3a82bea404b5b8fe63357790d77f5,68f2d95bd190740cfd6a2284,ENQUEUED,0.10068481325317657,questions_in
2025-10-29T12:55:10.128067,PUBLISH,2fc6a5dc25be4eb7b6178d1bddf4c3fe,68f2d95bd190740cfd6a2f56,ENQUEUED,0.20009048100770044,questions_in
2025-10-29T12:55:10.463539,PUBLISH,f708d1d7ebf14cb88c8a3fdaf88e36b7,68f2d95bd190740cfd6a1ed9,ENQUEUED,0.33315382862394066,questions_in
2025-10-29T12:55:10.578324,PUBLISH,daeb616cc1114cbcb773d787cbe1a301,68f2d95bd190740cfd6a3c3b,ENQUEUED,0.1129420170159457,questions_in
2025-10-29T12:55:11.051628,PUBLISH,423de8cdfbc0457a9918fbf57705cfbc,68f2d95bd190740cfd6a39e7,ENQUEUED,0.46641927803562566,questions_in
2025-10-29T12:55:11.168977,PUBLISH,137e790d504c414790a0f56e9c033e62,68f2d95bd190740cfd6a4118,ENQUEUED,0.11552342089073747,questions_in
2025-10-29T12:55:11.603301,PUBLISH,2963f3694ce14f9c8b8ae17f94b610d1,68f2d95bd190740cfd6a2766,ENQUEUED,0.428096354676738,questions_in
2025-10-29T12:55:12.089037,PUBLISH,42baf0107bf4492aa14d2bf918eabbd3,68f2d95bd190740cfd6a3f7d,ENQUEUED,0.4833862338094721,questions_in
2025-10-29T12:55:12.313281,PUBLISH,38ae8c32aac44e09a48aae385d90cb0d,68f2d95bd190740cfd6a1bca,ENQUEUED,0.21800228146791933,questions_in
2025-10-29T12:55:12.588328,PUBLISH,0cf4ea1df0c244ff9846047212a413bd,68f2d95bd190740cfd6a273e,ENQUEUED,0.26905219303559325,questions_in
2025-10-29T12:55:12.884762,PUBLISH,21f57bc81d534f388e5bcba68061b654,68f2d95bd190740cfd6a2883,ENQUEUED,0.2907068713901755,questions_in
2025-10-29T12:55:13.283108,PUBLISH,91bc3b5268004ccdb1c4aecb3595dcc4,68f2d95bd190740cfd6a3fdf,ENQUEUED,0.3926131372726268,questions_in
2025-10-29T12:55:13.414638,PUBLISH,acd179fcbdae4226983e23d89dd76728,68f2d95bd190740cfd6a2402,ENQUEUED,0.12600048697423594,questions_in
2025-10-29T12:55:13.816422,PUBLISH,83559aaecc8d407abbbcd222648e2889,68f2d95bd190740cfd6a1b7a,ENQUEUED,0.3998100536446495,questions_in
2025-10-29T12:55:14.058748,PUBLISH,9735c6737f5b4d3a9262b747dc5cc7d5,68f2d95bd190740cfd6a3d93,ENQUEUED,0.24000922436473204,questions_in
2025-10-29T12:55:14.460327,PUBLISH,83edf34240a24175b283fe3a9e1d6efe,68f2d95bd190740cfd6a2602,ENQUEUED,0.3960742528892863,questions_in
2025-10-29T12:55:14.867530,PUBLISH,2bd6889c77a6402f9e788ba625172423,68f2d95bd190740cfd6a3d43,ENQUEUED,0.40115858105332936,questions_in
2025-10-29T12:55:15.293162,PUBLISH,c821a0ee885c4636a3522fd478881284,68f2d95bd190740cfd6a1e50,ENQUEUED,0.4237410383188893,questions_in
2025-10-29T12:55:15.439042,PUBLISH,c03b33bb51464f53b4017d7a5a01bfb4,68f2d95bd190740cfd6a31df,ENQUEUED,0.13999873194486204,questions_in
2025-10-29T12:55:15.732273,PUBLISH,8fc94f5cdc0e4929916ccdfe5ecdfc75,68f2d95bd190740cfd6a378b,ENQUEUED,0.2873542166402177,questions_in
2025-10-29T12:55:16.113410,PUBLISH,3a945c2dff184eb3999b49b89b892e7f,68f2d95bd190740cfd6a1c6e,ENQUEUED,0.37542218692598583,questions_in
2025-10-29T12:55:16.494266,PUBLISH,800d5d2e703f47d3a91600dae8882f93,68f2d95bd190740cfd6a2977,ENQUEUED,0.3755543418708085,questions_in
2025-10-29T12:55:16.957926,PUBLISH,ad25f05c3be5458f93269da7cc0a022d,68f2d95bd190740cfd6a3100,ENQUEUED,0.45793935973500133,questions_in
2025-10-29T12:55:17.069121,PUBLISH,bca8d4dbe25e40158eeb0a95f50bdc84,68f2d95bd190740cfd6a413e,ENQUEUED,0.10536665959496867,questions_in
2025-10-29T12:55:17.268928,PUBLISH,58c4df09d71944aa96524b7f0edce3e8,68f2d95bd190740cfd6a1ba4,ENQUEUED,0.19829154081498668,questions_in
2025-10-29T12:55:17.417656,PUBLISH,0e60a6f5c3ba42e7a1e9a8bc4e13797c,68f2d95bd190740cfd6a3e44,ENQUEUED,0.14288011680978774,questions_in
2025-10-29T12:55:17.908918,PUBLISH,b29153c222e44c2b822474a0eaffd6ce,68f2d95bd190740cfd6a41b9,ENQUEUED,0.4857658652306639,questions_in
2025-10-29T12:55:18.236196,PUBLISH,06d70c9b346d4422903191486cf74125,68f2d95bd190740cfd6a3dee,ENQUEUED,0.32141912278279505,questions_in
2025-10-29T12:55:18.365756,PUBLISH,f7f0a294ce2943a2b719bd48f12ed88a,68f2d95bd190740cfd6a3ec6,ENQUEUED,0.1241368676456264,questions_in
2025-10-29T12:55:18.674606,PUBLISH,e06b85b0c36749e3b5bb31fd8c37786f,68f2d95bd190740cfd6a318d,ENQUEUED,0.3026242574172773,questions_in
2025-10-29T12:55:18.827906,PUBLISH,fb8bffc0c51a4ebdb0dfa7c7799bd71e,68f2d95bd190740cfd6a392e,ENQUEUED,0.14948143491859034,questions_in
2025-10-29T12:55:18.959360,PUBLISH,def0373f67e345c78ad24e63f58f695e,68f2d95bd190740cfd6a26dc,ENQUEUED,0.1292552632902233,questions_in
2025-10-29T12:55:19.266813,PUBLISH,296dfeca5e424a15a67f4dcde0c7e774,68f2d95bd190740cfd6a2c79,ENQUEUED,0.3010589541704094,questions_in
2025-10-29T12:55:19.576063,PUBLISH,6520a17e9aee4c47bc2a025b96c3d65e,68f2d95bd190740cfd6a2ac8,ENQUEUED,0.3035705252705412,questions_in
2025-10-29T12:55:20.061945,PUBLISH,b24c21883b0d437999de082adc81eefc,68f2d95bd190740cfd6a1e60,ENQUEUED,0.4840575821312837,questions_in
2025-10-29T12:55:20.304374,PUBLISH,4f7a01a3123d48ee82e3d0ed8a05329e,68f2d95bd190740cfd6a2d7c,ENQUEUED,0.23836887968348705,questions_in
2025-10-29T12:55:20.802889,PUBLISH,f988117488544727becd1796793f1219,68f2d95bd190740cfd6a3963,ENQUEUED,0.49319222169039934,questions_in
2025-10-29T12:55:20.918858,PUBLISH,58e87b2343394ca79c7c3a59751d16c6,68f2d95bd190740cfd6a39dd,ENQUEUED,0.11005834735701843,questions_in
2025-10-29T12:55:21.052018,PUBLISH,ff1357a99b0d45529e4a15c7acd8eb85,68f2d95bd190740cfd6a3323,ENQUEUED,0.12688307104915025,questions_in
2025-10-29T12:55:21.252014,PUBLISH,29f82e236bf14fc68643e4180d927e0e,68f2d95bd190740cfd6a32f3,ENQUEUED,0.19446817445186695,questions_in
2025-10-29T12:55:21.483340,PUBLISH,37a832fa0d034d428f7de2491bf11f7f,68f2d95bd190740cfd6a3e7c,ENQUEUED,0.22563476050963077,questions_in
2025-10-29T12:55:21.761098,PUBLISH,c0cd4e0a80bd45339fae725c67b3c200,68f2d95bd190740cfd6a22ca,ENQUEUED,0.2722706909631899,questions_in
2025-10-29T12:55:21.993071,PUBLISH,49bf3e0e885c4cfda0cdc030c8bcbb79,68f2d95bd190740cfd6a1f48,ENQUEUED,0.22638914557295778,questions_in
2025-10-29T12:55:22.336670,PUBLISH,80dd972230b04b30a6f58424fccea40f,68f2d95bd190740cfd6a33d1,ENQUEUED,0.33777765567844553,questions_in
2025-10-29T12:55:22.616136,PUBLISH,9752747f21114315b614f36111141b8f,68f2d95bd190740cfd6a2e6f,ENQUEUED,0.2736135883184415,questions_in
2025-10-29T12:55:23.120745,PUBLISH,183683e527dc40a6a1fc9a3d33c37fea,68f2d95bd190740cfd6a3261,ENQUEUED,0.4977303860013691,questions_in
2025-10-29T12:55:23.469169,PUBLISH,81d4ef97ac8b42f79b5ae38bab42a300,68f2d95bd190740cfd6a32e9,ENQUEUED,0.3421520094476824,questions_in
2025-10-29T12:55:23.927199,PUBLISH,a5e8b3845fad4b3d93cce884b2a188cb,68f2d95bd190740cfd6a2b1d,ENQUEUED,0.45266004952283945,questions_in
2025-10-29T12:55:24.048676,PUBLISH,3a3276c01c4c49aa93ef8a091c8b00ab,68f2d95bd190740cfd6a2156,ENQUEUED,0.11545620286710673,questions_in
2025-10-29T12:55:24.324957,PUBLISH,ba72172da9864826b00f3fc0ce298cd6,68f2d95bd190740cfd6a2d80,ENQUEUED,0.2705466686547924,questions_in
2025-10-29T12:55:24.794666,PUBLISH,2f85d950b2ee49308e45b8f96ff7280b,68f2d95bd190740cfd6a32c6,ENQUEUED,0.4618488368321022,questions_in
2025-10-29T12:55:25.116077,PUBLISH,6b13bdaddfdc4b268aee1e912b333095,68f2d95bd190740cfd6a3b15,ENQUEUED,0.3149763220138294,questions_in
2025-10-29T12:55:25.320384,PUBLISH,b5d9cdfd11b745c7b4f69efb9d2ae200,68f2d95bd190740cfd6a1c93,ENQUEUED,0.19827055024152063,questions_in
2025-10-29T12:55:25.492453,PUBLISH,d5adb4bfbe6a44cea5844313cbe93ae8,68f2d95bd190740cfd6a3e37,ENQUEUED,0.16592704669129044,questions_in
2025-10-29T12:55:25.821602,PUBLISH,b335b05d990347f99f869e930792a3ff,68f2d95bd190740cfd6a208f,ENQUEUED,0.32389251981899314,questions_in
2025-10-29T12:55:26.017004,PUBLISH,f8bbc61644124eb1848b37e0651ce5a7,68f2d95bd190740cfd6a27a9,ENQUEUED,0.18950094556503633,questions_in
2025-10-29T12:55:26.271453,PUBLISH,ef363d82296245f59b5e2a3a6cab65dc,68f2d95bd190740cfd6a4128,ENQUEUED,0.24852810945200404,questions_in
2025-10-29T12:55:26.743861,PUBLISH,a22d1f81aee94adc9b7d17b7436fe61c,68f2d95bd190740cfd6a200a,ENQUEUED,0.4701724630747942,questions_in
2025-10-29T12:55:27.078567,PUBLISH,7b8f2550435f41b7bb886d777e38dbd6,68f2d95bd190740cfd6a247d,ENQUEUED,0.3301627561274373,questions_in
2025-10-29T12:55:27.510319,PUBLISH,e6e48916c7974335bab5ec7f6f9ab453,68f2d95bd190740cfd6a3343,ENQUEUED,0.4303186428002881,questions_in
2025-10-29T12:55:27.650698,PUBLISH,fb9cbc96332843a89f3931143e2f13f1,68f2d95bd190740cfd6a2ea1,ENQUEUED,0.13507094225100405,questions_in
2025-10-29T12:55:28.027784,PUBLISH,5f45af323b644661adfb6f5cdd44b893,68f2d95bd190740cfd6a285f,ENQUEUED,0.37131501996885796,questions_in
2025-10-29T12:55:28.182881,PUBLISH,cf090938c4e948f6b1fa73cda055725b,68f2d95bd190740cfd6a2abc,ENQUEUED,0.14926568935559376,questions_in
2025-10-29T12:55:28.529187,PUBLISH,9fa0cff3f5934ddb8a58a44323db0069,68f2d95bd190740cfd6a2c5d,ENQUEUED,0.3436979297101661,questions_in
2025-10-29T12:55:28.753430,PUBLISH,c7506959f6304f97b8f66007bb7e7f78,68f2d95bd190740cfd6a2619,ENQUEUED,0.21868421743582045,questions_in
2025-10-29T12:55:29.182766,PUBLISH,8d51330c5f914294bb6c02bcfd303c93,68f2d95bd190740cfd6a3d9e,ENQUEUED,0.4232376105726049,questions_in
2025-10-29T12:55:29.328244,PUBLISH,70ba822a72aa4d2d8c57e755d84cb27b,68f2d95bd190740cfd6a1d45,ENQUEUED,0.13981389713705347,questions_in
2025-10-29T12:55:29.769500,PUBLISH,db25ae42de314bd486913ac3695a062c,68f2d95bd190740cfd6a302c,ENQUEUED,0.43559561258011004,questions_in
2025-10-29T12:55:29.898894,PUBLISH,1a2e028643ce40dab4c8d33c94051a02,68f2d95bd190740cfd6a25a0,ENQUEUED,0.12375107257724056,questions_in
2025-10-29T12:55:30.068691,PUBLISH,368adb4c8a264e8bbf12711683539059,68f2d95bd190740cfd6a35e9,ENQUEUED,0.16433458306372328,questions_in
2025-10-29T12:55:30.331122,PUBLISH,fe7cd372337447c6ac86a4f1b0ec8cd4,68f2d95bd190740cfd6a2a56,ENQUEUED,0.25677468508442014,questions_in
2025-10-29T12:55:30.568854,PUBLISH,c0f61e8aa82a473b9af633cb495dea9f,68f2d95bd190740cfd6a344d,ENQUEUED,0.23448290948369147,questions_in
2025-10-29T12:55:30.909289,PUBLISH,d9777bc15af5493296e27351c13a5678,68f2d95bd190740cfd6a3d47,ENQUEUED,0.33495729197968327,questions_in
2025-10-29T12:55:31.219579,PUBLISH,5c65f8dbe6a2425b9367a51fdd5fbe6b,68f2d95bd190740cfd6a3059,ENQUEUED,0.30423147319584076,questions_in
2025-10-29T12:55:31.625031,PUBLISH,93a42973cf854fcc81b885b360c6afa8,68f2d95bd190740cfd6a2c75,ENQUEUED,0.40280745047535405,questions_in
2025-10-29T12:55:31.769689,PUBLISH,3a14285d13ac477f9d4fc509692ef862,68f2d95bd190740cfd6a2440,ENQUEUED,0.13944195100632173,questions_in
2025-10-29T12:55:31.883442,PUBLISH,94857a2efea24904a20b08e6ced66b8d,68f2d95bd190740cfd6a1b81,ENQUEUED,0.1069680659028156,questions_in
2025-10-29T12:55:32.342403,PUBLISH,af04fb786d1d433099e401c6dc261f26,68f2d95bd190740cfd6a27bf,ENQUEUED,0.4533410929950553,questions_in
2025-10-29T12:55:32.484740,PUBLISH,085d9b45c3d34b60a0c6ff98782d1bc9,68f2d95bd190740cfd6a2322,ENQUEUED,0.13600741858199827,questions_in
2025-10-29T12:55:32.648309,PUBLISH,9166949d12294c1f9024cff51a29a04d,68f2d95bd190740cfd6a28c9,ENQUEUED,0.15734212853316537,questions_in
2025-10-29T12:55:33.028983,PUBLISH,0f81969f9858453dad58326e0c427e6d,68f2d95bd190740cfd6a3797,ENQUEUED,0.378869644661579,questions_in
2025-10-29T12:55:33.201460,PUBLISH,63b2415681914e2490e3883823f8775f,68f2d95bd190740cfd6a1f77,ENQUEUED,0.16673282929779953,questions_in
2025-10-29T12:55:33.665405,PUBLISH,eba8b1355cbb42b1847704f4a3ac48d3,68f2d95bd190740cfd6a2693,ENQUEUED,0.4583112699695582,questions_in
2025-10-29T12:55:34.005499,PUBLISH,df483024c4924b53bf8c3844a490942e,68f2d95bd190740cfd6a2ac6,ENQUEUED,0.3341432201870905,questions_in
2025-10-29T12:55:34.215244,PUBLISH,a8b5993008624dee80419f156e822d9d,68f2d95bd190740cfd6a1e7b,ENQUEUED,0.20314283897686813,questions_in
2025-10-29T12:55:34.699944,PUBLISH,51eed9d888724cc0a8d6027b71357004,68f2d95bd190740cfd6a2ab7,ENQUEUED,0.4761365295284624,questions_in
2025-10-29T12:55:34.999604,PUBLISH,f0ba8e41366141618e04439f60fd7999,68f2d95bd190740cfd6a226c,ENQUEUED,0.2976576114140299,questions_in
2025-10-29T12:55:35.336947,PUBLISH,202e2f1a0f764c59b85f15cff263efcd,68f2d95bd190740cfd6a2a1e,ENQUEUED,0.33154309408370874,questions_in
2025-10-29T12:55:35.676684,PUBLISH,8c3f7671891748d0a6eaea55ec5f355c,68f2d95bd190740cfd6a2bd8,ENQUEUED,0.33404628829514366,questions_in
2025-10-29T12:55:36.062302,PUBLISH,83a60f81c1b74960ac40cdba355221b2,68f2d95bd190740cfd6a4121,ENQUEUED,0.3822008409636759,questions_in
2025-10-29T12:55:36.413138,PUBLISH,2f94ee01f8a14348aa7cf2a11e98f5e5,68f2d95bd190740cfd6a2bde,ENQUEUED,0.34494947434632484,questions_in
2025-10-29T12:55:36.608276,PUBLISH,01a630b4be6345f2971721a38e1d9903,68f2d95bd190740cfd6a3226,ENQUEUED,0.19238648391888993,questions_in
2025-10-29T12:55:37.110150,PUBLISH,0916e0a93b40423a9ccda67607cf5885,68f2d95bd190740cfd6a1bb4,ENQUEUED,0.4965158070971567,questions_in
2025-10-29T12:55:37.284223,PUBLISH,327d11ef851646c492c64b703bafd99c,68f2d95bd190740cfd6a3140,ENQUEUED,0.16872528316196206,questions_in
2025-10-29T12:55:37.695674,PUBLISH,1bf71ab3298043ee8c425616757cc74d,68f2d95bd190740cfd6a30d2,ENQUEUED,0.40558587791647993,questions_in
2025-10-29T12:55:38.102806,PUBLISH,d047934dda6f490a9e9ee1309b7c2018,68f2d95bd190740cfd6a352e,ENQUEUED,0.39962828918505433,questions_in
2025-10-29T12:55:38.217837,PUBLISH,59a63f40660746a0aaf8171ef0624c94,68f2d95bd190740cfd6a2f3d,ENQUEUED,0.11179477768796416,questions_in
2025-10-29T12:55:38.713756,PUBLISH,3def22b63e10407cb2c5bae5fd96e9f4,68f2d95bd190740cfd6a1ec7,ENQUEUED,0.49002435283933243,questions_in
2025-10-29T12:55:39.066195,PUBLISH,19bb285438f44bda9270e75128b7e715,68f2d95bd190740cfd6a1c61,ENQUEUED,0.346210285547965,questions_in
2025-10-29T12:55:39.363496,PUBLISH,7bb49a78e3ca42f58a1155fe3755b278,68f2d95bd190740cfd6a2ea8,ENQUEUED,0.29522606610609814,questions_in
2025-10-29T12:55:39.603649,PUBLISH,134018974f56400ab799cf96be5451ec,68f2d95bd190740cfd6a2d1f,ENQUEUED,0.23476896954285076,questions_in
2025-10-29T12:55:39.735557,PUBLISH,2c496280cceb4c73951343eadfcb61d2,68f2d95bd190740cfd6a2c2d,ENQUEUED,0.1265209667927164,questions_in
2025-10-29T12:55:39.911001,PUBLISH,64158eb73f4d4b6bad16c40ec14f411c,68f2d95bd190740cfd6a284e,ENQUEUED,0.1689096966582868,questions_in
2025-10-29T12:55:40.169173,PUBLISH,8c1285618bb04a88810f1451ffc58aa7,68f2d95bd190740cfd6a40e5,ENQUEUED,0.2524926387249482,questions_in
2025-10-29T12:55:40.641713,PUBLISH,5f03b01a21f34adbadc342372f7558a0,68f2d95bd190740cfd6a3da0,ENQUEUED,0.47046691936057783,questions_in
2025-10-29T12:55:40.783759,PUBLISH,da45fd3ab55340d7a3375969fb6c6dfe,68f2d95bd190740cfd6a2ea7,ENQUEUED,0.13599239222395837,questions_in
2025-10-29T12:55:40.903896,PUBLISH,77089e787a904fdfb1cfb7fc47b70dee,68f2d95bd190740cfd6a4090,ENQUEUED,0.11812312669731506,questions_in
2025-10-29T12:55:41.323192,PUBLISH,464090359aa14f618595d589ed7f2263,68f2d95bd190740cfd6a3126,ENQUEUED,0.4122191558664574,questions_in
2025-10-29T12:55:41.501536,PUBLISH,6a935ea5039649cb9f3fa11e620e9fd1,68f2d95bd190740cfd6a3446,ENQUEUED,0.17303812992348488,questions_in
2025-10-29T12:55:41.690533,PUBLISH,f4a6adcc0c594aa69fc786afbdd7de13,68f2d95bd190740cfd6a3a26,ENQUEUED,0.18369811596162455,questions_in
2025-10-29T12:55:41.901214,PUBLISH,6deb52f6b9334d3dba3f33497c7f7c1e,68f2d95bd190740cfd6a3f62,ENQUEUED,0.20553246031156713,questions_in
2025-10-29T12:55:42.129840,PUBLISH,d71d4e4e9f8044bf95b3f85a648521a9,68f2d95bd190740cfd6a40c0,ENQUEUED,0.22713045338561966,questions_in
2025-10-29T12:55:42.542876,PUBLISH,bccbe392b89242fe8c2fd2a7b78b8f6b,68f2d95bd190740cfd6a24a4,ENQUEUED,0.41053900405832333,questions_in
2025-10-29T12:55:42.894411,PUBLISH,b3241db9b7fc4ab39bbe9c9f10198081,68f2d95bd190740cfd6a1ccd,ENQUEUED,0.34928816143193664,questions_in
2025-10-29T12:55:43.199488,PUBLISH,e391fd92997f4b88a226f610fc849aad,68f2d95bd190740cfd6a224a,ENQUEUED,0.29957170910012293,questions_in
2025-10-29T12:55:43.441368,PUBLISH,c6ea241adada4471a1b654489ec8cd26,68f2d95bd190740cfd6a2cfc,ENQUEUED,0.23606522323280502,questions_in
2025-10-29T12:55:43.772650,PUBLISH,76aa1e413aa34729b3045d00d57202a5,68f2d95bd190740cfd6a1d77,ENQUEUED,0.3249107990764032,questions_in
2025-10-29T12:55:44.241372,PUBLISH,fc8170225238460c91061e1368fc9ea2,68f2d95bd190740cfd6a24c2,ENQUEUED,0.462362635802989,questions_in
2025-10-29T12:55:44.479621,PUBLISH,2ef3c43d76e44dee8e900686181e0219,68f2d95bd190740cfd6a26c6,ENQUEUED,0.23519440531658345,questions_in
2025-10-29T12:55:44.936526,PUBLISH,b8e7ed14cecd41b8822ff461f1c89f3c,68f2d95bd190740cfd6a302c,ENQUEUED,0.4508705933016146,questions_in
2025-10-29T12:55:45.179745,PUBLISH,9e2c80893bdd496393fdb613b1dcf2e1,68f2d95bd190740cfd6a41c7,ENQUEUED,0.23641559474735163,questions_in
2025-10-29T12:55:45.675627,PUBLISH,4ca1dd155cc944118bbcbf3f5bd07100,68f2d95bd190740cfd6a2745,ENQUEUED,0.48935358604672796,questions_in
2025-10-29T12:55:45.962458,PUBLISH,e55f97e5944a4a67adbe87bba07eb437,68f2d95bd190740cfd6a1b11,ENQUEUED,0.28138016196455956,questions_in
2025-10-29T12:55:46.368754,PUBLISH,4cd69c79e04542299f167d1a092cf541,68f2d95bd190740cfd6a3580,ENQUEUED,0.3995785693369227,questions_in
2025-10-29T12:55:46.581126,PUBLISH,54bd1502bbf84a419a03550ff3987232,68f2d95bd190740cfd6a2779,ENQUEUED,0.2070792513955071,questions_in
2025-10-29T12:55:47.022364,PUBLISH,ac83fcb342624bf9b5752343ef041f3b,68f2d95bd190740cfd6a201e,ENQUEUED,0.43385576883161814,questions_in
2025-10-29T12:55:47.130886,PUBLISH,a3bc28935cf9441dba7d940a73d39b0f,68f2d95bd190740cfd6a3a8d,ENQUEUED,0.10299334007782979,questions_in
2025-10-29T12:55:47.587669,PUBLISH,5752d5ee4d734781b909dc1fa083126f,68f2d95bd190740cfd6a315d,ENQUEUED,0.45043168266558453,questions_in
2025-10-29T12:55:47.911727,PUBLISH,66606d8f870548b8bb2a990ac2ad5de9,68f2d95bd190740cfd6a3c79,ENQUEUED,0.31817832296155635,questions_in
2025-10-29T12:55:48.180708,PUBLISH,71408c25fc134daab51aaa8d109d8e9b,68f2d95bd190740cfd6a3e1f,ENQUEUED,0.2631561120114916,questions_in
2025-10-29T12:55:48.637260,PUBLISH,6e39a2a47f914acbab627d3c270b8b03,68f2d95bd190740cfd6a2c9c,ENQUEUED,0.4510485442053275,questions_in
2025-10-29T12:55:49.089513,PUBLISH,c7a67a30d2eb4379b667a708ddba9790,68f2d95bd190740cfd6a2701,ENQUEUED,0.4487143678467287,questions_in
2025-10-29T12:55:49.324508,PUBLISH,44038eb65f784b14b72ebe7118b54328,68f2d95bd190740cfd6a1d75,ENQUEUED,0.23145264435314739,questions_in
2025-10-29T12:55:49.656601,PUBLISH,ce0d58e692cc4269bed69b3e2406d1fd,68f2d95bd190740cfd6a350c,ENQUEUED,0.3247162764177525,questions_in
2025-10-29T12:55:50.013112,PUBLISH,78cf85b3c4d74e04a049fa629c5e76c9,68f2d95bd190740cfd6a2e90,ENQUEUED,0.3526330738740938,questions_in
2025-10-29T12:55:50.145794,PUBLISH,70a96f18e7c3412d97de1bdd01b4279f,68f2d95bd190740cfd6a2607,ENQUEUED,0.1271501025477879,questions_in
2025-10-29T12:55:50.408609,PUBLISH,58a885524a7244f9af19b8361ff987a9,68f2d95bd190740cfd6a25b0,ENQUEUED,0.2571529572831262,questions_in
2025-10-29T12:55:50.846204,PUBLISH,08b417da838c44449e34fd07db92b27c,68f2d95bd190740cfd6a3a32,ENQUEUED,0.4321938936352362,questions_in
2025-10-29T12:55:51.239177,PUBLISH,7c29855d530549c784ab68f4c97ace66,68f2d95bd190740cfd6a25f2,ENQUEUED,0.3905176613980764,questions_in
2025-10-29T12:55:51.577895,PUBLISH,f948554f46ff4a87a948af2066d82fc4,68f2d95bd190740cfd6a3002,ENQUEUED,0.33276657909992796,questions_in
2025-10-29T12:55:52.060139,PUBLISH,5a4b4260642c40888995bd83bda6be7b,68f2d95bd190740cfd6a24f7,ENQUEUED,0.48056022591826364,questions_in
2025-10-29T12:55:52.366997,PUBLISH,3f84af2e0b4d406f99b4c62a8a9c6813,68f2d95bd190740cfd6a2050,ENQUEUED,0.3013452474959527,questions_in
2025-10-29T12:55:52.856038,PUBLISH,e0f731cf46544a318f5f30a2f7f05b8c,68f2d95bd190740cfd6a1d78,ENQUEUED,0.4836402792928174,questions_in
2025-10-29T12:55:53.287044,PUBLISH,f490e41144ba47619d394b4b501d4fd6,68f2d95bd190740cfd6a2356,ENQUEUED,0.4253073339578657,questions_in
2025-10-29T12:55:53.780347,PUBLISH,a27bcea1242c403dba48dd21f2225369,68f2d95bd190740cfd6a2015,ENQUEUED,0.4873768914617451,questions_in
2025-10-29T12:55:54.098460,PUBLISH,32e6ee67cba0407ebf204e17ba4c7666,68f2d95bd190740cfd6a216a,ENQUEUED,0.31640624726291644,questions_in
2025-10-29T12:55:54.347994,PUBLISH,1a83246db30e4b589e859c154db26672,68f2d95bd190740cfd6a3ebd,ENQUEUED,0.24795857985639055,questions_in
2025-10-29T12:55:54.591694,PUBLISH,0fefbd0eb9374f85b8a37a4741ca2584,68f2d95bd190740cfd6a338d,ENQUEUED,0.23841215047031034,questions_in
2025-10-29T12:55:54.948280,PUBLISH,a0b32d054fda43169ddad281236ac75b,68f2d95bd190740cfd6a2596,ENQUEUED,0.35104681197134713,questions_in
2025-10-29T12:55:55.447079,PUBLISH,e1a4c3da28514163a8fb5cd4c3d3fdbd,68f2d95bd190740cfd6a37bd,ENQUEUED,0.4931639146523905,questions_in
2025-10-29T12:55:55.844146,PUBLISH,fc54b22c7b964dfe9d03f38f9ab20533,68f2d95bd190740cfd6a261e,ENQUEUED,0.3911905935696868,questions_in
2025-10-29T12:55:56.032493,PUBLISH,d494d635d7eb40c8a146beb87bc907c3,68f2d95bd190740cfd6a37bc,ENQUEUED,0.18274379271482896,questions_in
2025-10-29T12:55:56.150156,PUBLISH,cecf0fb9ed364afcb1f99ee5578028a2,68f2d95bd190740cfd6a281c,ENQUEUED,0.11235654626847086,questions_in
2025-10-29T12:55:56.515252,PUBLISH,b2e779c4d70b46c383cbf85628a464e8,68f2d95bd190740cfd6a3ae1,ENQUEUED,0.362832530564523,questions_in
2025-10-29T12:55:56.747717,PUBLISH,b376f0243c584510b78f6b9e5c214e74,68f2d95bd190740cfd6a1c9d,ENQUEUED,0.2266840065606898,questions_in
2025-10-29T12:55:57.248692,PUBLISH,fb03302ae68a402d9cad64e1181fef05,68f2d95bd190740cfd6a3d31,ENQUEUED,0.498518073010192,questions_in
2025-10-29T12:55:57.458408,PUBLISH,85c54b183cb84a11b5a3bc9dd009c759,68f2d95bd190740cfd6a289c,ENQUEUED,0.2078886986930265,questions_in
2025-10-29T12:55:57.792156,PUBLISH,4462576dfe8543ff85d44db0f5c081ea,68f2d95bd190740cfd6a298b,ENQUEUED,0.3314274561870998,questions_in
2025-10-29T12:55:58.193524,PUBLISH,cbc9922c065d442d9b21a7133555c4a3,68f2d95bd190740cfd6a1ce5,ENQUEUED,0.3987086067152953,questions_in
2025-10-29T12:55:58.365160,PUBLISH,46da0f0a0e68423999db3eadae2c9018,68f2d95bd190740cfd6a35a2,ENQUEUED,0.16963526079172203,questions_in
2025-10-29T12:55:58.654810,PUBLISH,a7bc80a8fc0844e08ee5ce2c5c9ed006,68f2d95bd190740cfd6a2118,ENQUEUED,0.2872030830053765,questions_in
2025-10-29T12:55:58.868570,PUBLISH,5c7f1b71828043c98e3c4a6f385a82e7,68f2d95bd190740cfd6a3d3c,ENQUEUED,0.2072617682930954,questions_in
2025-10-29T12:55:59.050437,PUBLISH,a69d5272c11a4c2090bb455a9fecb8e6,68f2d95bd190740cfd6a1e7a,ENQUEUED,0.18007478861464643,questions_in
2025-10-29T12:55:59.300784,PUBLISH,ae953b4fa028464dab9c9d22a75148d1,68f2d95bd190740cfd6a1e79,ENQUEUED,0.24838108515355106,questions_in
2025-10-29T12:55:59.512837,PUBLISH,cd2db5d528cc486b908f4bdf46e51b3d,68f2d95bd190740cfd6a27c7,ENQUEUED,0.21018220551040187,questions_in
2025-10-29T12:55:59.934696,PUBLISH,dc7ef65dc54044f588fa4d4ca48e7922,68f2d95bd190740cfd6a3df1,ENQUEUED,0.41987554368588287,questions_in
2025-10-29T12:56:00.251502,PUBLISH,8e8a4940d75f4ab298d000c79d6346c2,68f2d95bd190740cfd6a241b,ENQUEUED,0.3151243710644449,questions_in
2025-10-29T12:56:00.421814,PUBLISH,741d0d64f44c48cea33658d250e0db6c,68f2d95bd190740cfd6a2290,ENQUEUED,0.16646724766745813,questions_in
2025-10-29T12:56:00.883230,PUBLISH,42cdc0f65e5a4dd297b804937b96ad89,68f2d95bd190740cfd6a2a71,ENQUEUED,0.45936535803575895,questions_in
2025-10-29T12:56:01.375205,PUBLISH,3123298492ea465e90d2e52f4fe7b2c5,68f2d95bd190740cfd6a2a65,ENQUEUED,0.489796361431035,questions_in
2025-10-29T12:56:01.609941,PUBLISH,971a85839af948faa513c95f6fbf109e,68f2d95bd190740cfd6a3616,ENQUEUED,0.22816011145702003,questions_in
2025-10-29T12:56:01.842867,PUBLISH,3ca5e01e9ed34b5aafadb1193d7c599f,68f2d95bd190740cfd6a297b,ENQUEUED,0.22743764587552057,questions_in
2025-10-29T12:56:02.275548,PUBLISH,ba6c9c0a67804178829b50e4e401c6c0,68f2d95bd190740cfd6a295e,ENQUEUED,0.4307596859018369,questions_in
2025-10-29T12:56:02.682706,PUBLISH,ac85d41b5f0d4b70aa2c93ae0acfdfb2,68f2d95bd190740cfd6a2010,ENQUEUED,0.4051154744455432,questions_in
2025-10-29T12:56:02.951891,PUBLISH,49649bdb2c2f402e8aa64989a4f8590d,68f2d95bd190740cfd6a1e9a,ENQUEUED,0.2674654028749086,questions_in
2025-10-29T12:56:03.376827,PUBLISH,22b0547b7d8f4303bf63ea1b5d59732c,68f2d95bd190740cfd6a1acf,ENQUEUED,0.4218762524373768,questions_in
2025-10-29T12:56:03.785172,PUBLISH,893ea170244247a798666221759efed6,68f2d95bd190740cfd6a34af,ENQUEUED,0.4030958083800228,questions_in
2025-10-29T12:56:03.965780,PUBLISH,83eca6aaeb7a4b2782c862b8e0938103,68f2d95bd190740cfd6a36da,ENQUEUED,0.1779264604846454,questions_in
2025-10-29T12:56:04.411052,PUBLISH,921a71f3a04c4b6697b51ef756e2aa50,68f2d95bd190740cfd6a2515,ENQUEUED,0.44295447015552003,questions_in
2025-10-29T12:56:04.674196,PUBLISH,c12100ae6fb9459fa2767782e6ad82df,68f2d95bd190740cfd6a3149,ENQUEUED,0.26102992597732266,questions_in
2025-10-29T12:56:04.825950,PUBLISH,2b3e6eb9137d4cfc8d1802b9f99e0b3a,68f2d95bd190740cfd6a294d,ENQUEUED,0.15018265812523413,questions_in
2025-10-29T12:56:05.327485,PUBLISH,1bfe6753d2cb4e58b7db8c39870db621,68f2d95bd190740cfd6a3d7a,ENQUEUED,0.49991490791594506,questions_in
2025-10-29T12:56:05.611210,PUBLISH,c771beb235fd4c7088c776dde0cc1b45,68f2d95bd190740cfd6a264d,ENQUEUED,0.2781213763508579,questions_in
2025-10-29T12:56:06.108196,PUBLISH,35629b8d1bdf440e9a4a94b517f10217,68f2d95bd190740cfd6a3823,ENQUEUED,0.48906080018694986,questions_in
2025-10-29T12:56:06.314230,PUBLISH,9da5ef95676847acaee71ad2224ef576,68f2d95bd190740cfd6a415d,ENQUEUED,0.20408387711099865,questions_in
2025-10-29T12:56:06.538550,PUBLISH,e8c5b87951354828bea1344cddabf367,68f2d95bd190740cfd6a3207,ENQUEUED,0.21821114006048503,questions_in
2025-10-29T12:56:06.641758,PUBLISH,47f4947befbd442f998877d45ba4c49c,68f2d95bd190740cfd6a3e76,ENQUEUED,0.10094581168249946,questions_in
2025-10-29T12:56:06.812222,PUBLISH,2200e5bd5d824f09a94f3977008c8dbd,68f2d95bd190740cfd6a1fa9,ENQUEUED,0.16504899426693076,questions_in
2025-10-29T12:56:07.040754,PUBLISH,aafb7c3ee01e41f6a8bb20582e3012c6,68f2d95bd190740cfd6a3db4,ENQUEUED,0.22699512577808523,questions_in
2025-10-29T12:56:07.504555,PUBLISH,1efa4979b76040298b6f7a063811fb9d,68f2d95bd190740cfd6a3b2d,ENQUEUED,0.4573044796381752,questions_in
2025-10-29T12:56:07.958830,PUBLISH,ed5c19b754af46a0ba59af34e2d60e41,68f2d95bd190740cfd6a3474,ENQUEUED,0.4511041690593304,questions_in
2025-10-29T12:56:08.301138,PUBLISH,db57eb02e5dd4f018fde9461a87aacfc,68f2d95bd190740cfd6a2005,ENQUEUED,0.3358369922952629,questions_in
2025-10-29T12:56:08.492469,PUBLISH,3800afb659514b13a81321d20621778d,68f2d95bd190740cfd6a1b3d,ENQUEUED,0.18201204167365878,questions_in
2025-10-29T12:56:08.772116,PUBLISH,ec48d5b4d05e4431be72be92701d42e0,68f2d95bd190740cfd6a3b3d,ENQUEUED,0.2759736655865852,questions_in
2025-10-29T12:56:08.941896,PUBLISH,ec65c33fb58e46e69cf0e8a10c1b62e1,68f2d95bd190740cfd6a3b6f,ENQUEUED,0.16248605166359234,questions_in
2025-10-29T12:56:09.339355,PUBLISH,1f3fb9b5085f45b192bb7cccdd99fe4f,68f2d95bd190740cfd6a2642,ENQUEUED,0.39334913560404383,questions_in
2025-10-29T12:56:09.709134,PUBLISH,71045dd8c05f490eba81cf4d18a1bbbf,68f2d95bd190740cfd6a26a5,ENQUEUED,0.36745940247326947,questions_in
2025-10-29T12:56:10.050350,PUBLISH,f557ea3582654796a1d350bc7e177df6,68f2d95bd190740cfd6a39ea,ENQUEUED,0.33880637888023846,questions_in
2025-10-29T12:56:10.386359,PUBLISH,35fad46568e641978dacabb508d700f9,68f2d95bd190740cfd6a3d2a,ENQUEUED,0.33209456402822585,questions_in
2025-10-29T12:56:10.707326,PUBLISH,8978790f9ec5449c93585446ba1ef8b5,68f2d95bd190740cfd6a3424,ENQUEUED,0.3141523497964043,questions_in
2025-10-29T12:56:10.826612,PUBLISH,ccc73362fa3d461fbbb9e6afcc8cc1c0,68f2d95bd190740cfd6a4094,ENQUEUED,0.11294443890933753,questions_in
2025-10-29T12:56:11.120070,PUBLISH,4b1ce87164ac4cb79e57cdb48ef990bb,68f2d95bd190740cfd6a24ad,ENQUEUED,0.2867867841892796,questions_in
2025-10-29T12:56:11.237067,PUBLISH,a2e034943cfa4842aabadaac5a05cb54,68f2d95bd190740cfd6a37e0,ENQUEUED,0.11134387919002764,questions_in
2025-10-29T12:56:11.380717,PUBLISH,f1bf6291a23349679a3d305c216a1e7c,68f2d95bd190740cfd6a40d7,ENQUEUED,0.13748718377848765,questions_in
2025-10-29T12:56:11.792262,PUBLISH,1bf3fbfe80b04696a0f4e9114744f5bc,68f2d95bd190740cfd6a3361,ENQUEUED,0.40594821873567066,questions_in
2025-10-29T12:56:12.237896,PUBLISH,d1a916e0fb5a47139eb85ef53e5e6ba9,68f2d95bd190740cfd6a40dc,ENQUEUED,0.4343378561076596,questions_in
2025-10-29T12:56:12.598042,PUBLISH,0f9d5b5eedeb4c328e4039deaab047c8,68f2d95bd190740cfd6a24a7,ENQUEUED,0.35342811659670004,questions_in
2025-10-29T12:56:13.006653,PUBLISH,9d7875bd8e5c4713b17cc5e21609938c,68f2d95bd190740cfd6a1f43,ENQUEUED,0.40493870222507944,questions_in
2025-10-29T12:56:13.297797,PUBLISH,dfa31e170baf48ffb8b3ba6275f42f7c,68f2d95bd190740cfd6a2044,ENQUEUED,0.2881471599209496,questions_in
2025-10-29T12:56:13.714210,PUBLISH,a6b6a93415f8422a8ef16458a5283fd7,68f2d95bd190740cfd6a1d28,ENQUEUED,0.41045489563870996,questions_in
2025-10-29T12:56:14.005620,PUBLISH,54922a1f7f6e455a88867291177a9a6e,68f2d95bd190740cfd6a3013,ENQUEUED,0.2858558269849368,questions_in
2025-10-29T12:56:14.190316,PUBLISH,4b1f5534d76d4cab8ca9b0d30e6b539b,68f2d95bd190740cfd6a214f,ENQUEUED,0.18295685688260163,questions_in
2025-10-29T12:56:14.577508,PUBLISH,6b074d290c474f77b64c1b3d8752368e,68f2d95bd190740cfd6a2fc3,ENQUEUED,0.3852382046940256,questions_in
2025-10-29T12:56:14.960849,PUBLISH,10868ff54e434b7aab4d745058fa7470,68f2d95bd190740cfd6a267d,ENQUEUED,0.3812550815668755,questions_in
2025-10-29T12:56:15.119152,PUBLISH,e0f13b63e30b4099a9e2e74d40603eef,68f2d95bd190740cfd6a33a1,ENQUEUED,0.15559405789218161,questions_in
2025-10-29T12:56:15.464580,PUBLISH,8f85d9ce7ba6431b8062f34ce540ae39,68f2d95bd190740cfd6a1aef,ENQUEUED,0.34359205891436195,questions_in
2025-10-29T12:56:15.680738,PUBLISH,cd7325d7b83d40d89a484970abf6b886,68f2d95bd190740cfd6a3f71,ENQUEUED,0.21438244325426875,questions_in
2025-10-29T12:56:15.927191,PUBLISH,9df38b0f1831477b81828072b79c297e,68f2d95bd190740cfd6a3f5a,ENQUEUED,0.24446257978299474,questions_in
2025-10-29T12:56:16.118257,PUBLISH,8c502a0799674176b7135c9f4c375c87,68f2d95bd190740cfd6a32f6,ENQUEUED,0.18742837786376812,questions_in
2025-10-29T12:56:16.312110,PUBLISH,063fdf2f187e46d092f4ac595b1b90ca,68f2d95bd190740cfd6a3d14,ENQUEUED,0.19143863067046493,questions_in
2025-10-29T12:56:16.587943,PUBLISH,dff0115065f64e729bf9748ebb243695,68f2d95bd190740cfd6a312b,ENQUEUED,0.2726117025829014,questions_in
2025-10-29T12:56:16.882002,PUBLISH,cbbb9169e01046449111ac4fbc8bd424,68f2d95bd190740cfd6a20ec,ENQUEUED,0.29206125962982277,questions_in
2025-10-29T12:56:17.361390,PUBLISH,2f805c55686c4b38a223ddbfeabb74f3,68f2d95bd190740cfd6a26ca,ENQUEUED,0.47773694850159687,questions_in
2025-10-29T12:56:17.687304,PUBLISH,0619d77f6fd34825884d4c7b7c404c90,68f2d95bd190740cfd6a1ce9,ENQUEUED,0.3236402545796613,questions_in
2025-10-29T12:56:17.853464,PUBLISH,ba6125681368465fb472d69ad718272d,68f2d95bd190740cfd6a2258,ENQUEUED,0.16008342307124016,questions_in
2025-10-29T12:56:18.085296,PUBLISH,fbdb99bba2484b0f966c4fe7d67f3a5c,68f2d95bd190740cfd6a407d,ENQUEUED,0.225086015929558,questions_in
2025-10-29T12:56:18.303693,PUBLISH,c92ecf85c2d2422c8aa1a11f523bb05e,68f2d95bd190740cfd6a2d36,ENQUEUED,0.21329827158065928,questions_in
2025-10-29T12:56:18.617440,PUBLISH,ec4bf9b669a044a4a2d12e36a3d33044,68f2d95bd190740cfd6a1e87,ENQUEUED,0.3103937016347328,questions_in
2025-10-29T12:56:18.984321,PUBLISH,b9a09da26ceb4412a95e0095e4c25922,68f2d95bd190740cfd6a2444,ENQUEUED,0.36001865396987776,questions_in
2025-10-29T12:56:19.095191,PUBLISH,89f5ea391cd240caabf28416038b9638,68f2d95bd190740cfd6a2ee7,ENQUEUED,0.10398908102849447,questions_in
2025-10-29T12:56:19.346503,PUBLISH,d94cf8d9bb1148cd85390d56fd57b41a,68f2d95bd190740cfd6a3c6a,ENQUEUED,0.2451414762282935,questions_in
2025-10-29T12:56:19.687423,PUBLISH,e93b7bcb85b9438d9184e1b5b4573470,68f2d95bd190740cfd6a35b6,ENQUEUED,0.3345240164500394,questions_in
2025-10-29T12:56:19.979857,PUBLISH,88d3a5bdabbe43e291b51f8b4c34ec9f,68f2d95bd190740cfd6a27aa,ENQUEUED,0.29064285673794005,questions_in
2025-10-29T12:56:20.141709,PUBLISH,2e139a2e7fc645b1b4112bf95f25a92d,68f2d95bd190740cfd6a3e34,ENQUEUED,0.1557254718223029,questions_in
2025-10-29T12:56:20.577038,PUBLISH,c8b944b2a4c84fe5b5ec1e4b70d371c8,68f2d95bd190740cfd6a2986,ENQUEUED,0.43327463688579404,questions_in
2025-10-29T12:56:20.715167,PUBLISH,f91dd41f63724433bb18e7fc041f2ecf,68f2d95bd190740cfd6a1b24,ENQUEUED,0.13201254756095812,questions_in
2025-10-29T12:56:21.107858,PUBLISH,94d4c5108b674526a3c595c746dd39ad,68f2d95bd190740cfd6a31c4,ENQUEUED,0.3901565572159499,questions_in
2025-10-29T12:56:21.513680,PUBLISH,8ef53d837a394924b4ba4ac031779e3b,68f2d95bd190740cfd6a3211,ENQUEUED,0.40317335593965853,questions_in
2025-10-29T12:56:21.903880,PUBLISH,3d54caec457349f3a3e8c96eb749283e,68f2d95bd190740cfd6a2164,ENQUEUED,0.3864590349234005,questions_in
2025-10-29T12:56:22.396079,PUBLISH,2c6489beb5c44a2c9209df314fb24834,68f2d95bd190740cfd6a40c1,ENQUEUED,0.4870042194346309,questions_in
2025-10-29T12:56:22.712046,PUBLISH,f38cf0565cb0426d8b30f9056344f188,68f2d95bd190740cfd6a3250,ENQUEUED,0.3136365041573313,questions_in
2025-10-29T12:56:22.883279,PUBLISH,5be52f14b3214d5b9bd8fb0a84ac583f,68f2d95bd190740cfd6a327e,ENQUEUED,0.16514660827504163,questions_in
2025-10-29T12:56:23.038220,PUBLISH,1814ff7db0f042dd95f08213adf1de92,68f2d95bd190740cfd6a2f78,ENQUEUED,0.15239929667235652,questions_in
2025-10-29T12:56:23.405784,PUBLISH,f270a030ac7240f0854805a9cf901705,68f2d95bd190740cfd6a3d7d,ENQUEUED,0.3639926812512132,questions_in
2025-10-29T12:56:23.802840,PUBLISH,9f5fe945eedd4e4ba1942fcd70d7f724,68f2d95bd190740cfd6a1fec,ENQUEUED,0.38988053431556646,questions_in
2025-10-29T12:56:24.221141,PUBLISH,40af7e97cb2a4c35896f6a77a772a07f,68f2d95bd190740cfd6a2465,ENQUEUED,0.41310014213860957,questions_in
2025-10-29T12:56:24.413674,PUBLISH,2093e378e6764e13bf131c5b0acf3480,68f2d95bd190740cfd6a3bbb,ENQUEUED,0.19076075483734112,questions_in
2025-10-29T12:56:24.644436,PUBLISH,39550cf9164347d18c789c959bee471c,68f2d95bd190740cfd6a251f,ENQUEUED,0.2231033513899428,questions_in
2025-10-29T12:56:24.948570,PUBLISH,fd7b8cda42844b08b75cf317c61a293c,68f2d95bd190740cfd6a30cb,ENQUEUED,0.2982166193789876,questions_in
2025-10-29T12:56:25.325393,PUBLISH,b4514e9283f04654ad61042020ccab87,68f2d95bd190740cfd6a4067,ENQUEUED,0.3670706896219912,questions_in
2025-10-29T12:56:25.598805,PUBLISH,07c098e4b20d444db45a17003048de35,68f2d95bd190740cfd6a2386,ENQUEUED,0.26791113904875297,questions_in
2025-10-29T12:56:25.959828,PUBLISH,d4bde505ed4d4a3994fc038eb83ff813,68f2d95bd190740cfd6a32f0,ENQUEUED,0.35921799009451616,questions_in
2025-10-29T12:56:26.393417,PUBLISH,39ab8c0538bc4c8dbd9ccec86e132fdb,68f2d95bd190740cfd6a2f77,ENQUEUED,0.4305714457879478,questions_in
2025-10-29T12:56:26.769641,PUBLISH,686065301cdf4fd286c36161d20e753c,68f2d95bd190740cfd6a1dfb,ENQUEUED,0.3718716188583594,questions_in
2025-10-29T12:56:26.912340,PUBLISH,060618369ac547b1ba9d78e3e283bdbb,68f2d95bd190740cfd6a1f36,ENQUEUED,0.14073936553504565,questions_in
2025-10-29T12:56:27.181472,PUBLISH,47b57a48868d4c82ad7cf1a8d586d2d3,68f2d95bd190740cfd6a37e6,ENQUEUED,0.2646176601208046,questions_in
2025-10-29T12:56:27.297660,PUBLISH,e7093420df4b4323bfa08c57e699b7eb,68f2d95bd190740cfd6a21b9,ENQUEUED,0.11304144707630207,questions_in
2025-10-29T12:56:27.757764,PUBLISH,b6c8e828fe534db0a0f60ba044c31c3c,68f2d95bd190740cfd6a33e7,ENQUEUED,0.4580354593583762,questions_in
2025-10-29T12:56:28.200872,PUBLISH,9d575325c8ef445b9c3a3ca88970809b,68f2d95bd190740cfd6a269b,ENQUEUED,0.4395897336271335,questions_in
2025-10-29T12:56:28.427938,PUBLISH,b04e8706c9b44ff8910435fa998de06e,68f2d95bd190740cfd6a36cf,ENQUEUED,0.2226996345503078,questions_in
2025-10-29T12:56:28.750876,PUBLISH,43143d2218f24c36812cb6f0813d2924,68f2d95bd190740cfd6a2b52,ENQUEUED,0.31553161380510086,questions_in
2025-10-29T12:56:29.229568,PUBLISH,69874640ae8a4eb9b30d5f9f1ab627e2,68f2d95bd190740cfd6a2f68,ENQUEUED,0.47586994589520215,questions_in
2025-10-29T12:56:29.728542,PUBLISH,7807f1d0a6294c2290d53f4ce826f1f4,68f2d95bd190740cfd6a3b96,ENQUEUED,0.4970396596300579,questions_in
2025-10-29T12:56:30.057857,PUBLISH,82855324d5eb441bbedb94334041f47d,68f2d95bd190740cfd6a3184,ENQUEUED,0.3272769543415992,questions_in
2025-10-29T12:56:30.496070,PUBLISH,ec795e0e75654bea8e823cd8eb630c9c,68f2d95bd190740cfd6a2da5,ENQUEUED,0.43463838571634317,questions_in
2025-10-29T12:56:30.852001,PUBLISH,6f39d3412af94a248d3d5eefc490cb43,68f2d95bd190740cfd6a1b8a,ENQUEUED,0.3539281079357999,questions_in
2025-10-29T12:56:31.061555,PUBLISH,a7cee70d9fff4b43bad70b7969f86bbd,68f2d95bd190740cfd6a3116,ENQUEUED,0.20791968563102678,questions_in
2025-10-29T12:56:31.508165,PUBLISH,c03236064a254e71a65c830a309de604,68f2d95bd190740cfd6a1d8e,ENQUEUED,0.44476648407167696,questions_in
2025-10-29T12:56:31.740407,PUBLISH,10802d99af9f4e27b6122b7d685b3f21,68f2d95bd190740cfd6a2b50,ENQUEUED,0.22657314684107718,questions_in
2025-10-29T12:56:32.177628,PUBLISH,2669d902b8d947d391b019951cbaee7f,68f2d95bd190740cfd6a23b1,ENQUEUED,0.43502163105480884,questions_in
2025-10-29T12:56:32.297059,PUBLISH,e6b333ab02094064a030b0c74191b09a,68f2d95bd190740cfd6a4161,ENQUEUED,0.1165941161487035,questions_in
2025-10-29T12:56:32.554020,PUBLISH,30d9b7dd0364492cb3d09ae83f9d544d,68f2d95bd190740cfd6a1cad,ENQUEUED,0.25188718347840744,questions_in
2025-10-29T12:56:32.866463,PUBLISH,00ee35ccad234541a59c79898a0f959b,68f2d95bd190740cfd6a24b8,ENQUEUED,0.3106667428505301,questions_in
2025-10-29T12:56:33.163508,PUBLISH,82c1c8781df24f10a764626fd69b7f4d,68f2d95bd190740cfd6a3298,ENQUEUED,0.2943082820844721,questions_in
2025-10-29T12:56:33.421899,PUBLISH,aa7604cd348747dc83a82ee5423321b2,68f2d95bd190740cfd6a3b39,ENQUEUED,0.2561983796843877,questions_in
2025-10-29T12:56:33.647789,PUBLISH,4a09079cd9114554a561ba10952eb5cd,68f2d95bd190740cfd6a2e0d,ENQUEUED,0.2239896379590375,questions_in
2025-10-29T12:56:33.793074,PUBLISH,4d70623be97f4fd682f5e499b74c64b0,68f2d95bd190740cfd6a3654,ENQUEUED,0.14352494820799377,questions_in
2025-10-29T12:56:33.911624,PUBLISH,f6e0de3ce89141a198a486486d7695fd,68f2d95bd190740cfd6a3fa1,ENQUEUED,0.116361961022736,questions_in
2025-10-29T12:56:34.211994,PUBLISH,67e1b33d93494d86993b7754ead17c5d,68f2d95bd190740cfd6a2509,ENQUEUED,0.29451592710168895,questions_in
2025-10-29T12:56:34.623478,PUBLISH,0342398ef28349f08b074017d15d072e,68f2d95bd190740cfd6a404b,ENQUEUED,0.4098989573776727,questions_in
2025-10-29T12:56:35.097665,PUBLISH,d23f08e9d2a24214917df6f4cea7ce88,68f2d95bd190740cfd6a29f4,ENQUEUED,0.4717610144632375,questions_in
2025-10-29T12:56:35.486580,PUBLISH,32cab99378f840d287a1ef307f20b7bc,68f2d95bd190740cfd6a39b2,ENQUEUED,0.3869819989436951,questions_in
2025-10-29T12:56:35.747455,PUBLISH,cf1ff59bba7a48f0bb78be0490d07b7d,68f2d95bd190740cfd6a3837,ENQUEUED,0.2582874941648692,questions_in
2025-10-29T12:56:36.093606,PUBLISH,24c42f8f7add4740ada70ecb9bfcb804,68f2d95bd190740cfd6a34ea,ENQUEUED,0.34414330990538705,questions_in
2025-10-29T12:56:36.364114,PUBLISH,6d9ceb591ded4a73bd00f866759d2b09,68f2d95bd190740cfd6a3dc1,ENQUEUED,0.26791145636180447,questions_in
2025-10-29T12:56:36.758370,PUBLISH,2f3f6b32d47e4693984c7e92e2d278b4,68f2d95bd190740cfd6a3e8e,ENQUEUED,0.3922222317200984,questions_in
2025-10-29T12:56:37.250816,PUBLISH,5f9ef2b7165543beb017fd5177409caf,68f2d95bd190740cfd6a328f,ENQUEUED,0.4868996800089048,questions_in
2025-10-29T12:56:37.548191,PUBLISH,f4cce91800f642aaa37770cdad10352e,68f2d95bd190740cfd6a1fd3,ENQUEUED,0.29342263553654746,questions_in
2025-10-29T12:56:37.897831,PUBLISH,755993b3ee4545bcb48130a299bc5fd5,68f2d95bd190740cfd6a2c91,ENQUEUED,0.34694255657117534,questions_in
2025-10-29T12:56:38.075172,PUBLISH,ede0b1c9138f41069bea9ac919c7d246,68f2d95bd190740cfd6a2178,ENQUEUED,0.1751391745557044,questions_in
2025-10-29T12:56:38.514433,PUBLISH,9b4cdbf0dd6d41499e3bce48b207dcb2,68f2d95bd190740cfd6a2d12,ENQUEUED,0.4370602802212865,questions_in
2025-10-29T12:56:38.674936,PUBLISH,4720179efd794d0d85f01a6af13769b0,68f2d95bd190740cfd6a36d6,ENQUEUED,0.15870298982566064,questions_in
2025-10-29T12:56:38.927545,PUBLISH,d8fd204a3da349f9a1054de6ad813bd1,68f2d95bd190740cfd6a3f29,ENQUEUED,0.2509412714854602,questions_in
2025-10-29T12:56:39.189829,PUBLISH,c2ba5798575644d184e4eeb7ba6885e2,68f2d95bd190740cfd6a2ccb,ENQUEUED,0.26056958862545865,questions_in
2025-10-29T12:56:39.503563,PUBLISH,82a3b25ae73f4e70a20645f6098f9e90,68f2d95bd190740cfd6a28cf,ENQUEUED,0.31163612395567797,questions_in
2025-10-29T12:56:39.684300,PUBLISH,65b03d2c64774f2289bff34c4a222217,68f2d95bd190740cfd6a2897,ENQUEUED,0.1786713157180646,questions_in
2025-10-29T12:56:39.798731,PUBLISH,d0b23063bdb54ff6a8d61831a98cf48b,68f2d95bd190740cfd6a309d,ENQUEUED,0.11278122674948077,questions_in
2025-10-29T12:56:40.011525,PUBLISH,8c1ade11eb01485d83c7f87a9274226c,68f2d95bd190740cfd6a2689,ENQUEUED,0.21047761765428372,questions_in
2025-10-29T12:56:40.424530,PUBLISH,a53f4bcbe26e42b3a8fb27d7e29e7a9b,68f2d95bd190740cfd6a1ce7,ENQUEUED,0.4110004086929029,questions_in
2025-10-29T12:56:40.762359,PUBLISH,6c8a55deb3214fc29df5d00c982e61f4,68f2d95bd190740cfd6a3b5c,ENQUEUED,0.3323712432572075,questions_in
2025-10-29T12:56:41.152559,PUBLISH,15f375e94a8a4cd5902d4537010a792b,68f2d95bd190740cfd6a238e,ENQUEUED,0.38848677578576807,questions_in
2025-10-29T12:56:41.447450,PUBLISH,3761277a0482458f8e189ad60ae95765,68f2d95bd190740cfd6a1e91,ENQUEUED,0.2927433565550982,questions_in
2025-10-29T12:56:41.872397,PUBLISH,bcc539fd6a194b298331e4f7533a9e1a,68f2d95bd190740cfd6a21fc,ENQUEUED,0.42289660103659366,questions_in
2025-10-29T12:56:42.186894,PUBLISH,1709a7e9f6254ea3ba9e899b932ef7cf,68f2d95bd190740cfd6a4054,ENQUEUED,0.3130586666242661,questions_in
2025-10-29T12:56:42.362352,PUBLISH,05ff26d0ccbc49388f384fa2a0c7dfac,68f2d95bd190740cfd6a277f,ENQUEUED,0.17409252240333373,questions_in
2025-10-29T12:56:42.707055,PUBLISH,aa210d4a5b614edc90e67348741bb123,68f2d95bd190740cfd6a39fd,ENQUEUED,0.3422945655459744,questions_in
2025-10-29T12:56:42.930303,PUBLISH,693bc903935c44c2a50a2630f04e87a0,68f2d95bd190740cfd6a2d62,ENQUEUED,0.217299668867271,questions_in
2025-10-29T12:56:43.130916,PUBLISH,6bcb5f7d98384d18a096584a29858a2c,68f2d95bd190740cfd6a2d89,ENQUEUED,0.1989866537938818,questions_in
2025-10-29T12:56:43.574774,PUBLISH,74cbf06ccb9e4028842a41a8aeb55035,68f2d95bd190740cfd6a3783,ENQUEUED,0.4412962293810463,questions_in
2025-10-29T12:56:43.682258,PUBLISH,eb61c5139e7f46138076476ace447ea9,68f2d95bd190740cfd6a417b,ENQUEUED,0.10484693051967647,questions_in
2025-10-29T12:56:43.786444,PUBLISH,d84126729b4b44cf87d2c6a6a1a360b9,68f2d95bd190740cfd6a1ff4,ENQUEUED,0.10240214570691304,questions_in
2025-10-29T12:56:44.053328,PUBLISH,c629a0ce16e641d9977ab7884c6557c5,68f2d95bd190740cfd6a2806,ENQUEUED,0.26487854372531605,questions_in
2025-10-29T12:56:44.423100,PUBLISH,a1e3fbccf57448328608617420fc3e54,68f2d95bd190740cfd6a1bd3,ENQUEUED,0.3679952442849648,questions_in
2025-10-29T12:56:44.823637,PUBLISH,14b71ced5d4a47fda98945d2171fc663,68f2d95bd190740cfd6a3948,ENQUEUED,0.39488888718379644,questions_in
2025-10-29T12:56:45.308628,PUBLISH,393e32646b1545f8b9c371c0d01e4b10,68f2d95bd190740cfd6a2878,ENQUEUED,0.48258804987797566,questions_in
2025-10-29T12:56:45.728834,PUBLISH,8925d3582c3d4163ac9a4b540472fc25,68f2d95bd190740cfd6a2354,ENQUEUED,0.41788585918235466,questions_in
2025-10-29T12:56:46.021272,PUBLISH,82cf947c3a2b4888a845b7dcce874bdd,68f2d95bd190740cfd6a218f,ENQUEUED,0.28918015723601065,questions_in
2025-10-29T12:56:46.152353,PUBLISH,28457e2f38c94a7e98aab64b91168580,68f2d95bd190740cfd6a2d2b,ENQUEUED,0.12925661401006097,questions_in
2025-10-29T12:56:46.378939,PUBLISH,18a2a4588b56417da1e74a51fea6d5ad,68f2d95bd190740cfd6a1c28,ENQUEUED,0.22427057950753368,questions_in
2025-10-29T12:56:46.664535,PUBLISH,d00d44aed38e47288276435470d55f8e,68f2d95bd190740cfd6a4197,ENQUEUED,0.2832393857474812,questions_in
2025-10-29T12:56:46.928715,PUBLISH,30127abdec5643e8b9f1391b3509c2ce,68f2d95bd190740cfd6a3a42,ENQUEUED,0.2624127947729487,questions_in
2025-10-29T12:56:47.086747,PUBLISH,b1bd32471de241d5b5adcf0d010fea5e,68f2d95bd190740cfd6a3379,ENQUEUED,0.1557372280937661,questions_in
2025-10-29T12:56:47.469172,PUBLISH,135d1072cec74908b8a5df6a664f5318,68f2d95bd190740cfd6a366c,ENQUEUED,0.38051749093368636,questions_in
2025-10-29T12:56:47.955647,PUBLISH,8059b55dfdd94087a3ccf755f2dd2281,68f2d95bd190740cfd6a3a30,ENQUEUED,0.4844102834340982,questions_in
2025-10-29T12:56:48.383253,PUBLISH,283f2ba4d2804248b733a5816f980aea,68f2d95bd190740cfd6a308f,ENQUEUED,0.42547754232993007,questions_in
2025-10-29T12:56:48.617015,PUBLISH,f4762493710c4f2eb6ab0cf4bfe9c454,68f2d95bd190740cfd6a3419,ENQUEUED,0.23195308840469125,questions_in
2025-10-29T12:56:49.094154,PUBLISH,5fcee9ab847d48b8ab5511c87a124ef2,68f2d95bd190740cfd6a379b,ENQUEUED,0.4744743630834314,questions_in
2025-10-29T12:56:49.320162,PUBLISH,7c0e429df3b24de4b18cd51f7c0d13e7,68f2d95bd190740cfd6a34a6,ENQUEUED,0.22121993221412364,questions_in
2025-10-29T12:56:49.643487,PUBLISH,21fa81e40cb143bc91d4a82cfdc1cb12,68f2d95bd190740cfd6a2d28,ENQUEUED,0.32017986937096554,questions_in
2025-10-29T12:56:49.752774,PUBLISH,0c03a8aa68e44b2295f9185108bd2c0c,68f2d95bd190740cfd6a25f5,ENQUEUED,0.10732996693265294,questions_in
2025-10-29T12:56:50.062237,PUBLISH,0f4c9434038c4b62896b4d01eecb54e6,68f2d95bd190740cfd6a2d2c,ENQUEUED,0.30748003443613803,questions_in
2025-10-29T12:56:50.369585,PUBLISH,c5b6d3c1e1274595aa66a81f0c031db5,68f2d95bd190740cfd6a2163,ENQUEUED,0.30566914926441646,questions_in
2025-10-29T12:56:50.488466,PUBLISH,7f348b87d0cf46b19144965e54d013af,68f2d95bd190740cfd6a2976,ENQUEUED,0.11709196493030652,questions_in
2025-10-29T12:56:50.731415,PUBLISH,be8a45f196aa49a7a7515b58a1c10f9a,68f2d95bd190740cfd6a23ac,ENQUEUED,0.24104367385172362,questions_in
2025-10-29T12:56:50.965358,PUBLISH,594374655ce847a99164711dbc5ddbda,68f2d95bd190740cfd6a3a2d,ENQUEUED,0.23208207962110172,questions_in
2025-10-29T12:56:51.204846,PUBLISH,6d31bef6278f42d4b96e73eda049e25c,68f2d95bd190740cfd6a219d,ENQUEUED,0.2377640416383057,questions_in
2025-10-29T12:56:51.493132,PUBLISH,f71a556975824680a84c79328aacbfb9,68f2d95bd190740cfd6a1d47,ENQUEUED,0.28633610014020583,questions_in
2025-10-29T12:56:51.693814,PUBLISH,f417183de1b84bbeb05c37f525415efa,68f2d95bd190740cfd6a327a,ENQUEUED,0.19856742227402485,questions_in
2025-10-29T12:56:51.985257,PUBLISH,48806514e40241df9315fa6368ee59cb,68f2d95bd190740cfd6a1b26,ENQUEUED,0.2896484560151887,questions_in
2025-10-29T12:56:52.380365,PUBLISH,47efea263e9345398f1e0f538298b864,68f2d95bd190740cfd6a2ad9,ENQUEUED,0.3930450355499818,questions_in
2025-10-29T12:56:52.692367,PUBLISH,e11b6294bcef4d05868ccf9d81c41d68,68f2d95bd190740cfd6a255d,ENQUEUED,0.31009124248442754,questions_in
2025-10-29T12:56:53.083801,PUBLISH,4a5ec3e6dc57458ea5361f547a4a8358,68f2d95bd190740cfd6a20ca,ENQUEUED,0.38891104438932034,questions_in
2025-10-29T12:56:53.223670,PUBLISH,43fe4550834043be8522a73f60bb2827,68f2d95bd190740cfd6a27aa,ENQUEUED,0.13799786222588317,questions_in
2025-10-29T12:56:53.694518,PUBLISH,8dccc299d24240688f9906e5dc15b79b,68f2d95bd190740cfd6a2e4a,ENQUEUED,0.465075831398877,questions_in
2025-10-29T12:56:54.147438,PUBLISH,56704b728c774613a38a163bd832ae8e,68f2d95bd190740cfd6a3b86,ENQUEUED,0.4512756558043025,questions_in
2025-10-29T12:56:54.281453,PUBLISH,e06d71bba69c406f836c1c4c9583664d,68f2d95bd190740cfd6a3cf4,ENQUEUED,0.12851182821602125,questions_in
2025-10-29T12:56:54.590473,PUBLISH,ab832de03eac4bedae01df93254c4016,68f2d95bd190740cfd6a3761,ENQUEUED,0.30382095668916176,questions_in
2025-10-29T12:56:55.003959,PUBLISH,2cf1752dafcb40a0a9503794615c2629,68f2d95bd190740cfd6a2c55,ENQUEUED,0.4116410884132181,questions_in
2025-10-29T12:56:55.194928,PUBLISH,54f2a78d21e4431290c79b0ce59449d3,68f2d95bd190740cfd6a4039,ENQUEUED,0.1880721265916853,questions_in
2025-10-29T12:56:55.435289,PUBLISH,6627abe721834db4b4cfee980422a6ee,68f2d95bd190740cfd6a3982,ENQUEUED,0.23851934170346595,questions_in
2025-10-29T12:56:55.901498,PUBLISH,31107e9086cc4dc68f525022f71a7516,68f2d95bd190740cfd6a2ed5,ENQUEUED,0.4644540630656733,questions_in
2025-10-29T12:56:56.206764,PUBLISH,c9bca0e24440486db29d52af2d1ca04e,68f2d95bd190740cfd6a24f8,ENQUEUED,0.30351072121423983,questions_in
2025-10-29T12:56:56.688618,PUBLISH,2678883fec0c44a28f296df69eb4248e,68f2d95bd190740cfd6a3772,ENQUEUED,0.4800604318937317,questions_in
2025-10-29T12:56:56.814784,PUBLISH,e2f97b14e47148d48ae7d85b9032e7b3,68f2d95bd190740cfd6a20f6,ENQUEUED,0.11992221981810842,questions_in
2025-10-29T12:56:57.016878,PUBLISH,bddb0d5a6a1b4869b1eac18d61b66e32,68f2d95bd190740cfd6a3771,ENQUEUED,0.1967921284178541,questions_in
2025-10-29T12:56:57.511690,PUBLISH,d3cc1929fafa4d4693948f0427e67a55,68f2d95bd190740cfd6a2b96,ENQUEUED,0.4926421783054198,questions_in
2025-10-29T12:56:57.971449,PUBLISH,4c252cf435514d8b9deca666545d72f7,68f2d95bd190740cfd6a2bb5,ENQUEUED,0.4578043563072234,questions_in
2025-10-29T12:56:58.445911,PUBLISH,d8f06dc94c4d4b86862c574b758ec1a7,68f2d95bd190740cfd6a3057,ENQUEUED,0.47238010064013913,questions_in
2025-10-29T12:56:58.888239,PUBLISH,3bb3dc8f0ca34e3f8e78257446f76630,68f2d95bd190740cfd6a1b58,ENQUEUED,0.44048242121656467,questions_in
2025-10-29T12:56:59.348251,PUBLISH,f9b428117c4f4bf19080ab36e801f68c,68f2d95bd190740cfd6a38b1,ENQUEUED,0.45527236056533604,questions_in
2025-10-29T12:56:59.669210,PUBLISH,c67a9e64f38c4bbea779e29cb6e77ad5,68f2d95bd190740cfd6a29b1,ENQUEUED,0.3185705003213584,questions_in
2025-10-29T12:56:59.966672,PUBLISH,c4d8890a42414eeba4d453776997a0ea,68f2d95bd190740cfd6a37a2,ENQUEUED,0.2955907513622482,questions_in
2025-10-29T12:57:00.230268,PUBLISH,e7cf6fadf3dd4402aa63346363b078d2,68f2d95bd190740cfd6a2c78,ENQUEUED,0.26038013785104114,questions_in
2025-10-29T12:57:00.337551,PUBLISH,c2546d679db34ae0abb421e46efef11f,68f2d95bd190740cfd6a335b,ENQUEUED,0.10555974112564602,questions_in
2025-10-29T12:57:00.514251,PUBLISH,de795c096f0241c198bfbeb0531363e3,68f2d95bd190740cfd6a2f16,ENQUEUED,0.17433118898390926,questions_in
2025-10-29T12:57:00.635787,PUBLISH,7231964312f34ce6a5d294cb3c26129d,68f2d95bd190740cfd6a2f9b,ENQUEUED,0.11974949195572489,questions_in
2025-10-29T12:57:00.780895,PUBLISH,c3274938a7e94e7bb2385385cfa60ea7,68f2d95bd190740cfd6a2cdc,ENQUEUED,0.1432089817826679,questions_in
2025-10-29T12:57:01.263849,PUBLISH,17c9727a64ac4d1e93a34a39b06731c3,68f2d95bd190740cfd6a27af,ENQUEUED,0.4793026528597435,questions_in
2025-10-29T12:57:01.561678,PUBLISH,ffd6322a1c6045eda5fa24d69c525a68,68f2d95bd190740cfd6a3fdd,ENQUEUED,0.2952626315538063,questions_in
2025-10-29T12:57:01.919553,PUBLISH,fac79c385aa04c928ae2040302a2fe1b,68f2d95bd190740cfd6a3a01,ENQUEUED,0.3561255114660944,questions_in
2025-10-29T12:57:02.227136,PUBLISH,145f1c06318e44fcaa97faab0d7cce2c,68f2d95bd190740cfd6a34d3,ENQUEUED,0.30532771982334916,questions_in
2025-10-29T12:57:02.542591,PUBLISH,9d713124286245d1a4417dc466309977,68f2d95bd190740cfd6a23c9,ENQUEUED,0.3131612069623875,questions_in
2025-10-29T12:57:03.000443,PUBLISH,28a9e7bb736e47f0b00c4c8d7c30da62,68f2d95bd190740cfd6a3ac9,ENQUEUED,0.4519292224862175,questions_in
2025-10-29T12:57:03.213973,PUBLISH,d548455b05ba45e5ba2a9c5c1202c28c,68f2d95bd190740cfd6a3b70,ENQUEUED,0.21108797098255594,questions_in
2025-10-29T12:57:03.682309,PUBLISH,c95cb0b3ee0d4459b4fdbd9e97b4bfa1,68f2d95bd190740cfd6a23bc,ENQUEUED,0.4661790620261317,questions_in
2025-10-29T12:57:03.931263,PUBLISH,103f4c0c78fb4c1c9bdf6239ed8495b0,68f2d95bd190740cfd6a3096,ENQUEUED,0.2475307987240889,questions_in
2025-10-29T12:57:04.227987,PUBLISH,2ddbd84a8aa74f90a044e53ce1281722,68f2d95bd190740cfd6a38b7,ENQUEUED,0.29122325187362974,questions_in
2025-10-29T12:57:04.612274,PUBLISH,547b9cb18c674f3f9e49bea8dbc00414,68f2d95bd190740cfd6a1b4d,ENQUEUED,0.38216403251891595,questions_in
2025-10-29T12:57:04.750991,PUBLISH,551ae42041db49dd8e01001617ad7563,68f2d95bd190740cfd6a3b02,ENQUEUED,0.1333004202309728,questions_in
2025-10-29T12:57:05.189590,PUBLISH,bf891e6237534e239b2c2831c2e4ca4f,68f2d95bd190740cfd6a3293,ENQUEUED,0.43695269484487886,questions_in
2025-10-29T12:57:05.465500,PUBLISH,bd742f03927449e7a11a94b37fcab35c,68f2d95bd190740cfd6a3e1c,ENQUEUED,0.27083834509927773,questions_in
2025-10-29T12:57:05.671176,PUBLISH,ebb8ab8d16594841a897ef808de54045,68f2d95bd190740cfd6a33ce,ENQUEUED,0.20048872966848288,questions_in
2025-10-29T12:57:05.855501,PUBLISH,c50bf57559a541d7964c91137579107b,68f2d95bd190740cfd6a1c9c,ENQUEUED,0.18204758395684337,questions_in
2025-10-29T12:57:05.962096,PUBLISH,ca854c78dcfc4dd099ac0936f62a0b59,68f2d95bd190740cfd6a24c4,ENQUEUED,0.10469546059462052,questions_in
2025-10-29T12:57:06.080014,PUBLISH,a215ae19effa4d559d601e7288994b03,68f2d95bd190740cfd6a28e2,ENQUEUED,0.11193594557665039,questions_in
2025-10-29T12:57:06.381554,PUBLISH,c193310428b342b8a0ac27e09fab1f67,68f2d95bd190740cfd6a249e,ENQUEUED,0.2951157715754993,questions_in
2025-10-29T12:57:06.793585,PUBLISH,3ad4b95f67f3468092fd45d68c9204f1,68f2d95bd190740cfd6a3a4f,ENQUEUED,0.41019373830015315,questions_in
2025-10-29T12:57:07.195000,PUBLISH,670c2437a37a4ced98b8ac7221600dfd,68f2d95bd190740cfd6a1ee6,ENQUEUED,0.399786173032071,questions_in
2025-10-29T12:57:07.376639,PUBLISH,30d907d009454eeb93d573646002d2ca,68f2d95bd190740cfd6a2e41,ENQUEUED,0.18021792449809057,questions_in
2025-10-29T12:57:07.866573,PUBLISH,ba6c0f9de6ee44a4b7763c8004a079e3,68f2d95bd190740cfd6a4110,ENQUEUED,0.4843300405059251,questions_in
2025-10-29T12:57:08.205886,PUBLISH,345229b895824c35b5c7a85ed0c1a945,68f2d95bd190740cfd6a2b07,ENQUEUED,0.3373100080376699,questions_in
2025-10-29T12:57:08.647081,PUBLISH,602d075a4a0d483cbacd042ebefcda36,68f2d95bd190740cfd6a2369,ENQUEUED,0.436129848487244,questions_in
2025-10-29T12:57:08.784708,PUBLISH,fc2750f451dd44bdb09d60ebee8c3b7b,68f2d95bd190740cfd6a2dc5,ENQUEUED,0.13262310803529062,questions_in
2025-10-29T12:57:09.244123,PUBLISH,bad88ddda2374f1498a5263e29e097c7,68f2d95bd190740cfd6a1bb8,ENQUEUED,0.4570946193169233,questions_in
2025-10-29T12:57:09.554960,PUBLISH,cb748aa329d640a2ab2bff786bffdec2,68f2d95bd190740cfd6a3074,ENQUEUED,0.3088501542909661,questions_in
2025-10-29T12:57:09.775271,PUBLISH,7f563e37424c4c00b5746a65f89a6e43,68f2d95bd190740cfd6a26c6,ENQUEUED,0.21537873921568085,questions_in
2025-10-29T12:57:10.067721,PUBLISH,aafaa71bbeb14c83b5bd47857fd07bf5,68f2d95bd190740cfd6a35f0,ENQUEUED,0.286419475698241,questions_in
2025-10-29T12:57:10.323993,PUBLISH,9dfc8d05e23c40f49db9921759b8373e,68f2d95bd190740cfd6a1c86,ENQUEUED,0.2534012880583558,questions_in
2025-10-29T12:57:10.466800,PUBLISH,e0ed1849dc5f4f3cb64e1349418d0779,68f2d95bd190740cfd6a2f9a,ENQUEUED,0.13714162898055357,questions_in
2025-10-29T12:57:10.794575,PUBLISH,c05bc57c2c1647a5839eb9a61b6d0965,68f2d95bd190740cfd6a2d99,ENQUEUED,0.32542665395061066,questions_in
2025-10-29T12:57:11.042002,PUBLISH,eec26a3a2a1e4ab298a9cc6a1e8dc156,68f2d95bd190740cfd6a2772,ENQUEUED,0.24163746855525225,questions_in
2025-10-29T12:57:11.274048,PUBLISH,39f6b862ee5840b3b4fa351dc66fae19,68f2d95bd190740cfd6a1f45,ENQUEUED,0.22984064720592184,questions_in
2025-10-29T12:57:11.649774,PUBLISH,2024a996b57f42b89cd9c0e38b63e88e,68f2d95bd190740cfd6a22cf,ENQUEUED,0.37375280460795246,questions_in
2025-10-29T12:57:12.065442,PUBLISH,ec1cda77746f4aab9930bfe8b23306f8,68f2d95bd190740cfd6a1c95,ENQUEUED,0.4125441265407074,questions_in
2025-10-29T12:57:12.265461,PUBLISH,c0263c1313d34e47a3545740fea4d760,68f2d95bd190740cfd6a370a,ENQUEUED,0.1927853837567846,questions_in
2025-10-29T12:57:12.417246,PUBLISH,18d231f9632840579298769c8b452234,68f2d95bd190740cfd6a34ae,ENQUEUED,0.15001090588402782,questions_in
2025-10-29T12:57:12.789162,PUBLISH,2392a72ac2ab4d83af6999fdbb4fe7c5,68f2d95bd190740cfd6a209d,ENQUEUED,0.36995262978248067,questions_in
2025-10-29T12:57:12.945847,PUBLISH,4e3f33f0ec50429685edd33bf35d3287,68f2d95bd190740cfd6a20d3,ENQUEUED,0.15467217266502922,questions_in
2025-10-29T12:57:13.337529,PUBLISH,7d0efc88609d4798b283f92e247e524d,68f2d95bd190740cfd6a1b3f,ENQUEUED,0.3897788563487653,questions_in
2025-10-29T12:57:13.521182,PUBLISH,3eb74e2935e84579984bf26043f7e625,68f2d95bd190740cfd6a242f,ENQUEUED,0.18191020209386868,questions_in
2025-10-29T12:57:13.709892,PUBLISH,9ff2155be5ac4664909f1489b033b258,68f2d95bd190740cfd6a341e,ENQUEUED,0.18677380853197764,questions_in
2025-10-29T12:57:14.201552,PUBLISH,5fecc42bb6314239bb8d664b6d18eb8a,68f2d95bd190740cfd6a363f,ENQUEUED,0.48991788556943117,questions_in
2025-10-29T12:57:14.472798,PUBLISH,d0f595520b3c489f980e8826ac9eab46,68f2d95bd190740cfd6a3dab,ENQUEUED,0.2696259808355794,questions_in
2025-10-29T12:57:14.779536,PUBLISH,f58bf42419704cebbfef892db2bd7ed4,68f2d95bd190740cfd6a3a26,ENQUEUED,0.3009042535044527,questions_in
2025-10-29T12:57:14.966088,PUBLISH,0f60cf0673604bf49ce4058eee43c3fe,68f2d95bd190740cfd6a1ec9,ENQUEUED,0.1845966196339049,questions_in
2025-10-29T12:57:15.346436,PUBLISH,40a2d3a556df4b648f536497b419ea36,68f2d95bd190740cfd6a33a2,ENQUEUED,0.37792516569505685,questions_in
2025-10-29T12:57:15.632152,PUBLISH,9db605df03b74bf2936bc44db4072035,68f2d95bd190740cfd6a316a,ENQUEUED,0.27840735703918607,questions_in
2025-10-29T12:57:16.038268,PUBLISH,1f28d1e09ed74848a809de24df450fae,68f2d95bd190740cfd6a3f28,ENQUEUED,0.3989232340558173,questions_in
2025-10-29T12:57:16.277711,PUBLISH,b1c872365deb4e19afe89bf11b4c5f28,68f2d95bd190740cfd6a3c82,ENQUEUED,0.2337275044151643,questions_in
2025-10-29T12:57:16.616849,PUBLISH,dfde4e17b1e24860a2ca55f3f09b63a1,68f2d95bd190740cfd6a36c1,ENQUEUED,0.33619697556987893,questions_in
2025-10-29T12:57:16.913298,PUBLISH,4b2b5f18a247404fab528908f85c0d2b,68f2d95bd190740cfd6a2142,ENQUEUED,0.294193454204858,questions_in
2025-10-29T12:57:17.212504,PUBLISH,8090ebf85c6940fe94277047b1f70b47,68f2d95bd190740cfd6a3114,ENQUEUED,0.2971154263989494,questions_in
2025-10-29T12:57:17.672098,PUBLISH,f5915ea77d224ff0874b68b368a59db1,68f2d95bd190740cfd6a375b,ENQUEUED,0.4541697361426946,questions_in
2025-10-29T12:57:18.022765,PUBLISH,a8846278499c422894526d242b78af55,68f2d95bd190740cfd6a36c7,ENQUEUED,0.34715746358446786,questions_in
2025-10-29T12:57:18.350600,PUBLISH,4bf3342193b446bd9c9c6d3ca755a40b,68f2d95bd190740cfd6a28bd,ENQUEUED,0.3256618730105057,questions_in
2025-10-29T12:57:18.706929,PUBLISH,4a665bbed7124fb39359068ce2d5b6bb,68f2d95bd190740cfd6a1d85,ENQUEUED,0.3516160447634381,questions_in
2025-10-29T12:57:19.038779,PUBLISH,443bb2f8df184d0fb3cff6613cee52a6,68f2d95bd190740cfd6a3326,ENQUEUED,0.325525521759341,questions_in
2025-10-29T12:57:19.247692,PUBLISH,b84ea03570f040458aa880bbb8164889,68f2d95bd190740cfd6a277c,ENQUEUED,0.20608417857603284,questions_in
2025-10-29T12:57:19.485106,PUBLISH,e7da7424916440ee80ba4fb5231fb3ec,68f2d95bd190740cfd6a226e,ENQUEUED,0.23142424093801714,questions_in
2025-10-29T12:57:19.751105,PUBLISH,e114f59460f94c658a2752eb4320dc88,68f2d95bd190740cfd6a3f41,ENQUEUED,0.2617068003681501,questions_in
2025-10-29T12:57:20.122322,PUBLISH,abcbaf82e4444409a02d98532ab84009,68f2d95bd190740cfd6a31a9,ENQUEUED,0.365196578279112,questions_in
2025-10-29T12:57:20.410780,PUBLISH,03deff298eba4ab6a4194b934d66c4bc,68f2d95bd190740cfd6a2b31,ENQUEUED,0.2854372005589595,questions_in
2025-10-29T12:57:20.634037,PUBLISH,394878d2d31f48ef8daa75d672749e6f,68f2d95bd190740cfd6a2097,ENQUEUED,0.2209920470961099,questions_in
2025-10-29T12:57:21.060583,PUBLISH,397bb26647c54ea8b2c4b96fe68bee53,68f2d95bd190740cfd6a1fa7,ENQUEUED,0.4211880229227818,questions_in
2025-10-29T12:57:21.287164,PUBLISH,55b5cc6e064c4944b55699fb4cd9e335,68f2d95bd190740cfd6a1cbc,ENQUEUED,0.21941829394515544,questions_in
2025-10-29T12:57:21.663168,PUBLISH,370fe8722f2248a68e9e30094a7426cb,68f2d95bd190740cfd6a3303,ENQUEUED,0.3697620390199623,questions_in
2025-10-29T12:57:22.147411,PUBLISH,c7b97604974b4da283a241d7f7f2a9f7,68f2d95bd190740cfd6a34b5,ENQUEUED,0.47800202337046727,questions_in
2025-10-29T12:57:22.429781,PUBLISH,e630e366ada843af8546179658906286,68f2d95bd190740cfd6a25da,ENQUEUED,0.2761728081317004,questions_in
2025-10-29T12:57:22.599628,PUBLISH,0062932997f84b89baa502d342d85ea0,68f2d95bd190740cfd6a1ced,ENQUEUED,0.1681045894539392,questions_in
2025-10-29T12:57:22.981154,PUBLISH,a9336bfe3c6c4002bc70159819a056a9,68f2d95bd190740cfd6a3213,ENQUEUED,0.37795083639316507,questions_in
2025-10-29T12:57:23.426508,PUBLISH,ba74f7bbf07041ca960faa97920d33ae,68f2d95bd190740cfd6a2bc8,ENQUEUED,0.43958909164361126,questions_in
2025-10-29T12:57:23.915300,PUBLISH,d4c8a09a21084ede8969bb1406cd1ce1,68f2d95bd190740cfd6a3ceb,ENQUEUED,0.48337257823519075,questions_in
2025-10-29T12:57:24.171576,PUBLISH,d9cff18361ef4c5195847ff963bb74fd,68f2d95bd190740cfd6a21fd,ENQUEUED,0.2506665576371132,questions_in
2025-10-29T12:57:24.575373,PUBLISH,5413b0da1b464c2a9beee5070fc73509,68f2d95bd190740cfd6a3296,ENQUEUED,0.40151080751786317,questions_in
2025-10-29T12:57:25.037895,PUBLISH,3baef95095404e509809f15ed8d33f7a,68f2d95bd190740cfd6a1f95,ENQUEUED,0.45763150469635183,questions_in
2025-10-29T12:57:25.387723,PUBLISH,15c6e226083b4aabb52e0bf8ed3d01ff,68f2d95bd190740cfd6a3278,ENQUEUED,0.34788710368923237,questions_in
2025-10-29T12:57:25.527579,PUBLISH,1842151d3d174a799c0f6145ef8c85dc,68f2d95bd190740cfd6a1d82,ENQUEUED,0.13248328328400052,questions_in
2025-10-29T12:57:25.835167,PUBLISH,441db738a62845b0a1c0808f37565f06,68f2d95bd190740cfd6a25b2,ENQUEUED,0.30231002009299957,questions_in
2025-10-29T12:57:26.008507,PUBLISH,55684fc9046243bbbee1d8ea6df0775e,68f2d95bd190740cfd6a39b8,ENQUEUED,0.17131013800096512,questions_in
2025-10-29T12:57:26.177365,PUBLISH,592f0ff6949941f8956befffc505bc33,68f2d95bd190740cfd6a1dfa,ENQUEUED,0.16285102239925553,questions_in
2025-10-29T12:57:26.509974,PUBLISH,c929a8472b3c4f9989506e0db46531b5,68f2d95bd190740cfd6a2051,ENQUEUED,0.3298838085343103,questions_in
2025-10-29T12:57:26.977705,PUBLISH,77743fd896ba4307b98590f4e8f356e2,68f2d95bd190740cfd6a3498,ENQUEUED,0.4654635997666331,questions_in
2025-10-29T12:57:27.467739,PUBLISH,7e5e806d911545cba3743a9e3b2e995d,68f2d95bd190740cfd6a20c4,ENQUEUED,0.4844842352865806,questions_in
2025-10-29T12:57:27.944124,PUBLISH,0934b7cd79b24d2687e338aabca6c30f,68f2d95bd190740cfd6a3f3a,ENQUEUED,0.4709713558810009,questions_in
2025-10-29T12:57:28.074150,PUBLISH,b98ecc1c21834436999b5d0105e96fcb,68f2d95bd190740cfd6a2445,ENQUEUED,0.12423986172008301,questions_in
2025-10-29T12:57:28.556045,PUBLISH,bc39d9dfd992407b9f688cb166cd9ab1,68f2d95bd190740cfd6a232e,ENQUEUED,0.4768335745891352,questions_in
2025-10-29T12:57:28.784567,PUBLISH,00c4fabb65604542aae055ba2016e535,68f2d95bd190740cfd6a1f2a,ENQUEUED,0.2269420344558505,questions_in
2025-10-29T12:57:29.155609,PUBLISH,b317839d45204227bf8c7cd0e6edf01e,68f2d95bd190740cfd6a2bb1,ENQUEUED,0.36415725605245075,questions_in
2025-10-29T12:57:29.287033,PUBLISH,cbe162adac4146258e66d196c983930a,68f2d95bd190740cfd6a1cd1,ENQUEUED,0.1251267378985968,questions_in
2025-10-29T12:57:29.768470,PUBLISH,328a5952c405424a9856a19cd8ab0eb8,68f2d95bd190740cfd6a204e,ENQUEUED,0.4762194377900866,questions_in
2025-10-29T12:57:30.051709,PUBLISH,e465b8fd57924f1fa938bd8ecd52fef6,68f2d95bd190740cfd6a38aa,ENQUEUED,0.28161158523261576,questions_in
2025-10-29T12:57:30.486507,PUBLISH,337196bacc48413984d75604073279e1,68f2d95bd190740cfd6a3bd2,ENQUEUED,0.4288460256786345,questions_in
2025-10-29T12:57:30.871935,PUBLISH,1d7031db55084d57970762832a1e7576,68f2d95bd190740cfd6a37f2,ENQUEUED,0.38338164664893604,questions_in
2025-10-29T12:57:31.256524,PUBLISH,804b9ac588654fe6973ceccefca16225,68f2d95bd190740cfd6a38c0,ENQUEUED,0.3821127012695218,questions_in
2025-10-29T12:57:31.558068,PUBLISH,d936b4dffacd4fa988c0fcfea80d61d5,68f2d95bd190740cfd6a1e3d,ENQUEUED,0.2955338146922935,questions_in
2025-10-29T12:57:31.801526,PUBLISH,d5e14201f87843f9bf2c0e2678251f51,68f2d95bd190740cfd6a34f7,ENQUEUED,0.24191297697494193,questions_in
2025-10-29T12:57:32.301226,PUBLISH,746231677c974d7ab678c1f2bf994ce8,68f2d95bd190740cfd6a3c2c,ENQUEUED,0.4960129843726877,questions_in
2025-10-29T12:57:32.580599,PUBLISH,d94d199cbdb741d883c539a5dda78183,68f2d95bd190740cfd6a3c5c,ENQUEUED,0.27746493709570297,questions_in
2025-10-29T12:57:32.866902,PUBLISH,d3fa929128da4c05a39fcaa9b7d9d416,68f2d95bd190740cfd6a22a8,ENQUEUED,0.2845348742220173,questions_in
2025-10-29T12:57:33.188646,PUBLISH,59d17002a85f4af381bf0d28bc920c49,68f2d95bd190740cfd6a3c4d,ENQUEUED,0.3199760173486096,questions_in
2025-10-29T12:57:33.364527,PUBLISH,81a6be2b3779453aae0a8bcc722e9bfe,68f2d95bd190740cfd6a385f,ENQUEUED,0.17179052618586402,questions_in
2025-10-29T12:57:33.672281,PUBLISH,942078d5641e411ebdcf78d618d0f19d,68f2d95bd190740cfd6a1e36,ENQUEUED,0.30198917665813396,questions_in
2025-10-29T12:57:33.951854,PUBLISH,7340e23a2e934082bd5d750bbfe991eb,68f2d95bd190740cfd6a274d,ENQUEUED,0.2737771624712555,questions_in
2025-10-29T12:57:34.163334,PUBLISH,7903ef8d395749fd8865b57ea0e19750,68f2d95bd190740cfd6a1aed,ENQUEUED,0.20861318426591882,questions_in
2025-10-29T12:57:34.293225,PUBLISH,c5f2fb44083c4cf0a66fd424b769301b,68f2d95bd190740cfd6a26fa,ENQUEUED,0.12364633061147573,questions_in
2025-10-29T12:57:34.594623,PUBLISH,fdc57d5bb2f247b5b431cfd00c9cdc17,68f2d95bd190740cfd6a2490,ENQUEUED,0.29953326375864875,questions_in
2025-10-29T12:57:34.714076,PUBLISH,ad4c6ca95481450eb094873039021594,68f2d95bd190740cfd6a38fc,ENQUEUED,0.11755625040041809,questions_in
2025-10-29T12:57:34.831697,PUBLISH,23676ab4b3b54cf3bef838fb92502200,68f2d95bd190740cfd6a1ed0,ENQUEUED,0.11208060756571588,questions_in
2025-10-29T12:57:35.171353,PUBLISH,188c0597ad98462487a285d8e0e3999f,68f2d95bd190740cfd6a325f,ENQUEUED,0.3382110907793475,questions_in
2025-10-29T12:57:35.501477,PUBLISH,2a1d6c593dcf4f5ebfe3a876fd53de78,68f2d95bd190740cfd6a2d24,ENQUEUED,0.3281723814371569,questions_in
2025-10-29T12:57:35.949048,PUBLISH,f001d0a9790544d8b838929ac5cf19a9,68f2d95bd190740cfd6a1c3b,ENQUEUED,0.44594211532558603,questions_in
2025-10-29T12:57:36.347449,PUBLISH,657d2c2a8a604fbd9487995931115104,68f2d95bd190740cfd6a1cdf,ENQUEUED,0.3961156612733462,questions_in
2025-10-29T12:57:36.687351,PUBLISH,c3015a0af5ff4243aff71d64767093ad,68f2d95bd190740cfd6a40e3,ENQUEUED,0.3346668340047053,questions_in
2025-10-29T12:57:36.865222,PUBLISH,bad80be8287741eeb2b00c6d5069dd44,68f2d95bd190740cfd6a2022,ENQUEUED,0.17580161557855375,questions_in
2025-10-29T12:57:37.242967,PUBLISH,e8c75a487f484485b4175494d26d8f12,68f2d95bd190740cfd6a294c,ENQUEUED,0.37632343152799363,questions_in
2025-10-29T12:57:37.506489,PUBLISH,7543e1cf4f9f42caacfb6674876f464b,68f2d95bd190740cfd6a2db9,ENQUEUED,0.2616363563217802,questions_in
2025-10-29T12:57:37.953123,PUBLISH,cda145ef74fb43afb3b824d591dc14aa,68f2d95bd190740cfd6a3881,ENQUEUED,0.441472076454664,questions_in
2025-10-29T12:57:38.332149,PUBLISH,942b59dd0ae348a080a624508e38a375,68f2d95bd190740cfd6a3069,ENQUEUED,0.37617888304031455,questions_in
2025-10-29T12:57:38.692859,PUBLISH,0e27c3c2f5d04e2b94b260fd8dd164b7,68f2d95bd190740cfd6a34be,ENQUEUED,0.35420150962184727,questions_in
2025-10-29T12:57:38.876762,PUBLISH,2a4d3ee60a934279ad6cf6c183df94c9,68f2d95bd190740cfd6a1f55,ENQUEUED,0.17860601076095084,questions_in
2025-10-29T12:57:39.142147,PUBLISH,e5cdc4adee744d7881f8efa005323938,68f2d95bd190740cfd6a3c12,ENQUEUED,0.26293708780668684,questions_in
2025-10-29T12:57:39.322329,PUBLISH,7ca5f45589ae4c519bd105a04c815a18,68f2d95bd190740cfd6a2093,ENQUEUED,0.1786953068058327,questions_in
2025-10-29T12:57:39.431697,PUBLISH,11886151e72445cdb065934ff7fc0f3d,68f2d95bd190740cfd6a2d76,ENQUEUED,0.1040643094395585,questions_in
2025-10-29T12:57:39.832825,PUBLISH,5d720ab3f645449385da31b5baba781f,68f2d95bd190740cfd6a3696,ENQUEUED,0.3953534806414003,questions_in
2025-10-29T12:57:40.253896,PUBLISH,aa2e7e492216406a83b10f1eb1e9fb65,68f2d95bd190740cfd6a315e,ENQUEUED,0.41597510029399887,questions_in
2025-10-29T12:57:40.473872,PUBLISH,0258b54d29884411b8368ee9872f6917,68f2d95bd190740cfd6a225b,ENQUEUED,0.21824391660280368,questions_in
2025-10-29T12:57:40.608381,PUBLISH,300a3417187b48d5a0230672fa877d3e,68f2d95bd190740cfd6a3350,ENQUEUED,0.1292920039903394,questions_in
2025-10-29T12:57:41.045312,PUBLISH,5d4d1706002c4931a6b2102599e20ffc,68f2d95bd190740cfd6a2a01,ENQUEUED,0.4313855235230928,questions_in
2025-10-29T12:57:41.184171,PUBLISH,ace8f963a0c54b71b57b2b31098ad020,68f2d95bd190740cfd6a35ed,ENQUEUED,0.13531123721457214,questions_in
2025-10-29T12:57:41.477042,PUBLISH,97fd8e6a0a2e41179d9778f7894baaaa,68f2d95bd190740cfd6a2597,ENQUEUED,0.28697026438133044,questions_in
2025-10-29T12:57:41.908633,PUBLISH,9f729ebfe6f647d081e371aecd6470a7,68f2d95bd190740cfd6a2d8f,ENQUEUED,0.42943642883834365,questions_in
2025-10-29T12:57:42.316354,PUBLISH,c9073588761445caab2703108b1d0ac2,68f2d95bd190740cfd6a28ab,ENQUEUED,0.40469751936611476,questions_in
2025-10-29T12:57:42.614213,PUBLISH,ae10fede798846008709a7e24fbe4b28,68f2d95bd190740cfd6a3b1b,ENQUEUED,0.2954380782533075,questions_in
2025-10-29T12:57:42.730162,PUBLISH,76c1103b7b63461c98ecf5150b4eb37c,68f2d95bd190740cfd6a1e61,ENQUEUED,0.11068476013266015,questions_in
2025-10-29T12:57:43.124322,PUBLISH,f71bf310c2ee4b2f9ed42864efccb23e,68f2d95bd190740cfd6a2106,ENQUEUED,0.38812179933851276,questions_in
2025-10-29T12:57:43.425785,PUBLISH,03c7a2dfa9d24efb9aa0f2472057b2d8,68f2d95bd190740cfd6a20d5,ENQUEUED,0.2995567071461408,questions_in
2025-10-29T12:57:43.581403,PUBLISH,1a747cc882714ed2879bc5b60a5d4ba1,68f2d95bd190740cfd6a3eeb,ENQUEUED,0.14953491481566497,questions_in
2025-10-29T12:57:44.063694,PUBLISH,e864d2d6511e431f9f7962a66fcf6d9f,68f2d95bd190740cfd6a2e09,ENQUEUED,0.480525714534085,questions_in
2025-10-29T12:57:44.291268,PUBLISH,c418ebba1fec41e3807669f2ab0c999e,68f2d95bd190740cfd6a27c1,ENQUEUED,0.22389887189670266,questions_in
2025-10-29T12:57:44.637266,PUBLISH,785671cea7c84111bd384fabb8f43ad3,68f2d95bd190740cfd6a330c,ENQUEUED,0.34349940269147716,questions_in
2025-10-29T12:57:45.040074,PUBLISH,f6e3da5044ff456a9c50c7e116fd2ad5,68f2d95bd190740cfd6a36d8,ENQUEUED,0.39677741239392517,questions_in
2025-10-29T12:57:45.424009,PUBLISH,fc984c4cd4f7426fbf031a289be62f9e,68f2d95bd190740cfd6a21af,ENQUEUED,0.3821283852016275,questions_in
2025-10-29T12:57:45.864121,PUBLISH,6d1a314355a7406295acf3429b9ed4db,68f2d95bd190740cfd6a3f0b,ENQUEUED,0.43881355412745704,questions_in
2025-10-29T12:57:46.148255,PUBLISH,5c7f5a71eaec4a5391543fe1a4024d81,68f2d95bd190740cfd6a28f3,ENQUEUED,0.28182616054713505,questions_in
2025-10-29T12:57:46.426241,PUBLISH,6feafc69a6ae40229d15ed051901e186,68f2d95bd190740cfd6a38b0,ENQUEUED,0.2749778118525835,questions_in
2025-10-29T12:57:46.908163,PUBLISH,0776be141c574373a68259fef9efdd67,68f2d95bd190740cfd6a3e14,ENQUEUED,0.4787772165262667,questions_in
2025-10-29T12:57:47.168127,PUBLISH,b5b25243ccb445eba3b3eff6d613d3c2,68f2d95bd190740cfd6a3829,ENQUEUED,0.2542270292869122,questions_in
2025-10-29T12:57:47.348367,PUBLISH,2fc07a8ed15944dbb3cda7b62670ad6d,68f2d95bd190740cfd6a3eb4,ENQUEUED,0.17396746592255335,questions_in
2025-10-29T12:57:47.460841,PUBLISH,7a49bfdaca2743ada48abe45cac316d9,68f2d95bd190740cfd6a2ca8,ENQUEUED,0.10502331036608795,questions_in
2025-10-29T12:57:47.642649,PUBLISH,33e836275f304067aae442452b18bac7,68f2d95bd190740cfd6a2dab,ENQUEUED,0.17645045626686784,questions_in
2025-10-29T12:57:47.981385,PUBLISH,11d4922cf1264a35864acb36e1653a0d,68f2d95bd190740cfd6a1eb4,ENQUEUED,0.3314587262686198,questions_in
2025-10-29T12:57:48.196585,PUBLISH,d2a12b11602e43d1ad6e911dc62ce5ba,68f2d95bd190740cfd6a1e45,ENQUEUED,0.21226308745532607,questions_in
2025-10-29T12:57:48.331556,PUBLISH,3775a812c2214ea8b699b27ba8ff9f72,68f2d95bd190740cfd6a204c,ENQUEUED,0.13191990516031937,questions_in
2025-10-29T12:57:48.783783,PUBLISH,ce45905c197a4a71b04851f5c79d021f,68f2d95bd190740cfd6a1d22,ENQUEUED,0.44597299032110926,questions_in
2025-10-29T12:57:49.041299,PUBLISH,40e99e61b8044610bd96cc55bda630b5,68f2d95bd190740cfd6a31e8,ENQUEUED,0.25606059336730197,questions_in
2025-10-29T12:57:49.485751,PUBLISH,e29cd5a67d1e430f9bc671846dc66b5c,68f2d95bd190740cfd6a3609,ENQUEUED,0.43870285679848653,questions_in
2025-10-29T12:57:49.596484,PUBLISH,b7ac9ad3b23e414b9502c49ffcda010f,68f2d95bd190740cfd6a1ef3,ENQUEUED,0.10386359753688207,questions_in
2025-10-29T12:57:49.812152,PUBLISH,9a5590d3db3945dda1a9ae02f8ae4b37,68f2d95bd190740cfd6a1c3e,ENQUEUED,0.21011055093084643,questions_in
2025-10-29T12:57:50.249830,PUBLISH,ec007f2a65814b22aedc67bbd4e0fc94,68f2d95bd190740cfd6a3312,ENQUEUED,0.4318834234522836,questions_in
2025-10-29T12:57:50.735150,PUBLISH,db7a1f7af5a942d5aaeba40aebf8af4a,68f2d95bd190740cfd6a244a,ENQUEUED,0.4798303497218279,questions_in
2025-10-29T12:57:51.198925,PUBLISH,fc64f99bbfba491bab44679f8293d29f,68f2d95bd190740cfd6a2943,ENQUEUED,0.46153426345673343,questions_in
2025-10-29T12:57:51.427290,PUBLISH,05fd97b134584a509ead81d9f7e7dc99,68f2d95bd190740cfd6a3ac6,ENQUEUED,0.22330613092087495,questions_in
2025-10-29T12:57:51.649770,PUBLISH,109a30e6a1c143e88bfc2aee78a0fcf3,68f2d95bd190740cfd6a2dec,ENQUEUED,0.2197670730339422,questions_in
2025-10-29T12:57:51.966208,PUBLISH,4ee36cde37ad484d9f878f4e1b1c5ed8,68f2d95bd190740cfd6a20af,ENQUEUED,0.3107795553195075,questions_in
2025-10-29T12:57:52.244268,PUBLISH,524dcb81656d453da14b8b50016cc753,68f2d95bd190740cfd6a2fa3,ENQUEUED,0.27663898434573264,questions_in
2025-10-29T12:57:52.386876,PUBLISH,a247767589e04240a786a5bb8f3620b2,68f2d95bd190740cfd6a2db6,ENQUEUED,0.14075424601669548,questions_in
2025-10-29T12:57:52.646170,PUBLISH,cc4784c33e6d4906a25294784f9b1588,68f2d95bd190740cfd6a3df8,ENQUEUED,0.25477172283264055,questions_in
2025-10-29T12:57:53.139189,PUBLISH,1ffbf1c43cc640e1a2cbccc55a9b75f9,68f2d95bd190740cfd6a23c0,ENQUEUED,0.4874038856516253,questions_in
2025-10-29T12:57:53.466633,PUBLISH,d83e00a4b131406cbbbd94a1683264d7,68f2d95bd190740cfd6a1e26,ENQUEUED,0.32581282682186263,questions_in
2025-10-29T12:57:53.643929,PUBLISH,92195dcf58d2481d805123ce119b3493,68f2d95bd190740cfd6a2a3b,ENQUEUED,0.17577416324871262,questions_in
2025-10-29T12:57:54.008499,PUBLISH,18b10e03b51f40b5a8875ad2f5be2d03,68f2d95bd190740cfd6a1cde,ENQUEUED,0.3588996313668805,questions_in
2025-10-29T12:57:54.407676,PUBLISH,bda4ad41178e4ff391fd14eee4d3856b,68f2d95bd190740cfd6a3479,ENQUEUED,0.3970801827416037,questions_in
2025-10-29T12:57:54.829062,PUBLISH,57ffa22c88184a168767f2c446718493,68f2d95bd190740cfd6a3d6e,ENQUEUED,0.4152908305631494,questions_in
2025-10-29T12:57:55.269489,PUBLISH,9a1cb7c35b394ecb8eb64c8da7161f39,68f2d95bd190740cfd6a388c,ENQUEUED,0.43868289463722887,questions_in
2025-10-29T12:57:55.700655,PUBLISH,de589cad0f3d4cca8e6324ae958e4f00,68f2d95bd190740cfd6a2fdf,ENQUEUED,0.42912973619773875,questions_in
2025-10-29T12:57:55.974163,PUBLISH,5821c58295a14390a620b56415acace5,68f2d95bd190740cfd6a252c,ENQUEUED,0.26786101438060445,questions_in
2025-10-29T12:57:56.251255,PUBLISH,de0a3c6caac24bf9ac492d1584d0ca80,68f2d95bd190740cfd6a2bcc,ENQUEUED,0.271060168567142,questions_in
2025-10-29T12:57:56.402770,PUBLISH,1664c251e8704940b21ef2ab44896457,68f2d95bd190740cfd6a39d8,ENQUEUED,0.14799014574911867,questions_in
2025-10-29T12:57:56.726571,PUBLISH,61f58fce3c274ee9ac134e95d3087871,68f2d95bd190740cfd6a2727,ENQUEUED,0.32156089238920915,questions_in
2025-10-29T12:57:56.903328,PUBLISH,71243fb603a24510a6fce7203d59f5e2,68f2d95bd190740cfd6a2b0b,ENQUEUED,0.17443001980178044,questions_in
2025-10-29T12:57:57.225544,PUBLISH,46bdb0fbc0f448b58bac172c137c874f,68f2d95bd190740cfd6a2efc,ENQUEUED,0.31438494031323916,questions_in
2025-10-29T12:57:57.357842,PUBLISH,d87fac420b234821a99e3230aed93761,68f2d95bd190740cfd6a212e,ENQUEUED,0.12917365883546503,questions_in
2025-10-29T12:57:57.518175,PUBLISH,6a59a221037845ecb9283cbafc83f80b,68f2d95bd190740cfd6a2e59,ENQUEUED,0.15769530577504953,questions_in
2025-10-29T12:57:57.855328,PUBLISH,22bce271d12e4ed89b7f6703f66e77ae,68f2d95bd190740cfd6a1f08,ENQUEUED,0.32926864282701307,questions_in
2025-10-29T12:57:58.284003,PUBLISH,9d094ea33e924bc184a18d38dd3d8778,68f2d95bd190740cfd6a40b4,ENQUEUED,0.42617755829340775,questions_in
2025-10-29T12:57:58.682573,PUBLISH,d6531084ff87413298251037048f80cc,68f2d95bd190740cfd6a2695,ENQUEUED,0.3921877902394876,questions_in
2025-10-29T12:57:58.877667,PUBLISH,663dac2438334e45ade6bf27c343f466,68f2d95bd190740cfd6a1c50,ENQUEUED,0.18966591153587897,questions_in
2025-10-29T12:57:59.148336,PUBLISH,1e378dba11a940178567b82ec05a4c9c,68f2d95bd190740cfd6a1aff,ENQUEUED,0.2651972967229238,questions_in
2025-10-29T12:57:59.636579,PUBLISH,eac72b111e03411782208873d96a13e4,68f2d95bd190740cfd6a33b4,ENQUEUED,0.48461357740496924,questions_in
2025-10-29T12:58:00.128035,PUBLISH,6e83aefb13f94d68bdb1b498c1a2c6c5,68f2d95bd190740cfd6a3a27,ENQUEUED,0.4855259121806921,questions_in
2025-10-29T12:58:00.593476,PUBLISH,716c67b992384a8d89fdfe9745cb5af2,68f2d95bd190740cfd6a22dd,ENQUEUED,0.4637483119869461,questions_in
2025-10-29T12:58:00.916535,PUBLISH,43f7f5070121497291ed752173c615fb,68f2d95bd190740cfd6a3e3f,ENQUEUED,0.3208124422729759,questions_in
2025-10-29T12:58:01.117215,PUBLISH,65de55b4be664eeab26fe9695eb9e4d2,68f2d95bd190740cfd6a2a9f,ENQUEUED,0.19407563995841995,questions_in
2025-10-29T12:58:01.281627,PUBLISH,e406d3c7310a4baf9700dcfc4e88248e,68f2d95bd190740cfd6a3234,ENQUEUED,0.15791541994712677,questions_in
2025-10-29T12:58:01.414450,PUBLISH,3a437f1d0e7f4caca8bcf2257285dc83,68f2d95bd190740cfd6a30c3,ENQUEUED,0.12653201101753977,questions_in
2025-10-29T12:58:01.629475,PUBLISH,7c3947f2d6fb4c3aafb2b30d27e74710,68f2d95bd190740cfd6a1bb4,ENQUEUED,0.21338956487536764,questions_in
2025-10-29T12:58:01.906740,PUBLISH,0b5a353ae811434ebe52cb316b9a738f,68f2d95bd190740cfd6a2d8f,ENQUEUED,0.27177483850840645,questions_in
2025-10-29T12:58:02.043769,PUBLISH,8795073ff55140eaaa7df40962b8b820,68f2d95bd190740cfd6a200a,ENQUEUED,0.13072680379749044,questions_in
2025-10-29T12:58:02.459778,PUBLISH,8437d43aeda44c3f8c74cef880925114,68f2d95bd190740cfd6a2384,ENQUEUED,0.4099029452963012,questions_in
2025-10-29T12:58:02.754556,PUBLISH,7283b797977947648f83cacebf902dd4,68f2d95bd190740cfd6a2b71,ENQUEUED,0.2914435492230505,questions_in
2025-10-29T12:58:03.241445,PUBLISH,148f531b1b2c49efa89a74a4d8dae244,68f2d95bd190740cfd6a3d6b,ENQUEUED,0.47993854078978326,questions_in
2025-10-29T12:58:03.370787,PUBLISH,679eba54f04e4280b052b61512896494,68f2d95bd190740cfd6a2070,ENQUEUED,0.12744947224956882,questions_in
2025-10-29T12:58:03.847060,PUBLISH,f7d0df82ade741cfb601cef1b9d7d8b6,68f2d95bd190740cfd6a379a,ENQUEUED,0.47383614640883664,questions_in
2025-10-29T12:58:04.088996,PUBLISH,967f281da9274f1d93c0451eb20a0877,68f2d95bd190740cfd6a2c94,ENQUEUED,0.23700164282756342,questions_in
2025-10-29T12:58:04.265450,PUBLISH,31d2f42b38dd430084ed974bf698acf0,68f2d95bd190740cfd6a21d3,ENQUEUED,0.1748229079723102,questions_in
2025-10-29T12:58:04.663129,PUBLISH,653fc8e083664cd8a697b3c894091f86,68f2d95bd190740cfd6a23a4,ENQUEUED,0.3923873653745059,questions_in
2025-10-29T12:58:04.788136,PUBLISH,e752daff74b945bdac8f4af5636a0fb8,68f2d95bd190740cfd6a1fb4,ENQUEUED,0.11934894849010434,questions_in
2025-10-29T12:58:05.222828,PUBLISH,2905c9f50e5a4460addf445d7bd1bf5e,68f2d95bd190740cfd6a1e67,ENQUEUED,0.43213390826097453,questions_in
2025-10-29T12:58:05.341235,PUBLISH,4f9df83220eb408dbdb552a1df7198cf,68f2d95bd190740cfd6a348c,ENQUEUED,0.11218002717993887,questions_in
2025-10-29T12:58:05.795110,PUBLISH,5620702ed8e44caf9792d94c6cc554b2,68f2d95bd190740cfd6a2894,ENQUEUED,0.4483064890552716,questions_in
2025-10-29T12:58:06.273399,PUBLISH,e5b5e7508c42400f84b02c407f15764a,68f2d95bd190740cfd6a3672,ENQUEUED,0.47669195273293175,questions_in
2025-10-29T12:58:06.681548,PUBLISH,6cbd64a928d149829c00f08fb0a7a158,68f2d95bd190740cfd6a4135,ENQUEUED,0.40176739450271937,questions_in
2025-10-29T12:58:06.805642,PUBLISH,7e23c5efead84f658e8b5a9ff5ab2acd,68f2d95bd190740cfd6a2f89,ENQUEUED,0.11893255919874815,questions_in
2025-10-29T12:58:06.934303,PUBLISH,f60489e0fb204b96913dc5aa50a91d7e,68f2d95bd190740cfd6a3c3f,ENQUEUED,0.12624378570485484,questions_in
2025-10-29T12:58:07.291846,PUBLISH,c5222c9811294da9932418f9c59682ba,68f2d95bd190740cfd6a2135,ENQUEUED,0.355346033418395,questions_in
2025-10-29T12:58:07.780819,PUBLISH,8f7c7ce1debc47eb8fb1b27e81e3af98,68f2d95bd190740cfd6a1bb6,ENQUEUED,0.4870616482079708,questions_in
2025-10-29T12:58:08.184064,PUBLISH,4247ad1f5dcc49138c7559491355c814,68f2d95bd190740cfd6a2c0d,ENQUEUED,0.39728458007313827,questions_in
2025-10-29T12:58:08.467668,PUBLISH,a816a2e735f749b184b1dad3b9901910,68f2d95bd190740cfd6a244f,ENQUEUED,0.27748997532711905,questions_in
2025-10-29T12:58:08.788405,PUBLISH,2e5d505ce10c4aa68a7a4af9a82e160d,68f2d95bd190740cfd6a3445,ENQUEUED,0.3183752811652019,questions_in
2025-10-29T12:58:09.237148,PUBLISH,432bdcbb0a404f9f8151cb63d75df2a9,68f2d95bd190740cfd6a3a87,ENQUEUED,0.44636133609957673,questions_in
2025-10-29T12:58:09.577876,PUBLISH,2db94e285ce244c8807e5e4202aef0b3,68f2d95bd190740cfd6a24fe,ENQUEUED,0.33417658475941325,questions_in
2025-10-29T12:58:10.047343,PUBLISH,299f1c98fc994c8ebda2303ecf83cb15,68f2d95bd190740cfd6a2dce,ENQUEUED,0.4626380717291453,questions_in
2025-10-29T12:58:10.268406,PUBLISH,c47e2c92aa6e41a6a309e357adef59f5,68f2d95bd190740cfd6a2c7e,ENQUEUED,0.2155724573346087,questions_in
2025-10-29T12:58:10.569766,PUBLISH,0b1b8faa8af94703844984c6f44a2a6e,68f2d95bd190740cfd6a2ef6,ENQUEUED,0.29881967402238574,questions_in
2025-10-29T12:58:10.934790,PUBLISH,f52408f12cbd4e22b31ceda150d6f0a9,68f2d95bd190740cfd6a2190,ENQUEUED,0.3592013211434324,questions_in
2025-10-29T12:58:11.169082,PUBLISH,3a74ef53a54f41c69305fc4d13ca60a9,68f2d95bd190740cfd6a2ef1,ENQUEUED,0.2285186558602184,questions_in
2025-10-29T12:58:11.389796,PUBLISH,0dac95ab9a474560a1b41d14b90a6b52,68f2d95bd190740cfd6a2302,ENQUEUED,0.21872291516896025,questions_in
2025-10-29T12:58:11.548047,PUBLISH,0807c5fa25504efbb49566cff5c12e13,68f2d95bd190740cfd6a317a,ENQUEUED,0.15311408042664337,questions_in
2025-10-29T12:58:12.023234,PUBLISH,5ac7f8bae04943c09a211bc77fa84bff,68f2d95bd190740cfd6a3968,ENQUEUED,0.46826472946686326,questions_in
2025-10-29T12:58:12.195018,PUBLISH,f9f06f3a2e794ffa8e2cadadf4a139d0,68f2d95bd190740cfd6a3ca6,ENQUEUED,0.16552350508592406,questions_in
2025-10-29T12:58:12.678589,PUBLISH,974536849a1e4faf979ae18addfb3d60,68f2d95bd190740cfd6a3148,ENQUEUED,0.4778519360394108,questions_in
2025-10-29T12:58:12.801331,PUBLISH,96b8c1643aa5482a9fa9cc3dbb8302a5,68f2d95bd190740cfd6a4175,ENQUEUED,0.11693157981013509,questions_in
2025-10-29T12:58:12.945470,PUBLISH,67d569ffbe3443a88b627a0b50360202,68f2d95bd190740cfd6a4055,ENQUEUED,0.13742597440656745,questions_in
2025-10-29T12:58:13.287204,PUBLISH,2d6312f2a5144561a0c4113d4f8925f9,68f2d95bd190740cfd6a2f0f,ENQUEUED,0.3351700965682207,questions_in
2025-10-29T12:58:13.422911,PUBLISH,e386dfcad45943cf9725f6815c795165,68f2d95bd190740cfd6a331d,ENQUEUED,0.13374719795802675,questions_in
2025-10-29T12:58:13.834539,PUBLISH,1f7bb68c9b14493ab45bf32edbf2dfb0,68f2d95bd190740cfd6a3f31,ENQUEUED,0.40985381153915645,questions_in
2025-10-29T12:58:14.088627,PUBLISH,eae4469074bd4c1fadbbc48f5e5bbfec,68f2d95bd190740cfd6a1ee4,ENQUEUED,0.25047244446224154,questions_in
2025-10-29T12:58:14.346660,PUBLISH,08963405465b46dab759f5b6c5a9f3cf,68f2d95bd190740cfd6a3696,ENQUEUED,0.2562975284911942,questions_in
2025-10-29T12:58:14.710244,PUBLISH,a1f0401d47f04eff887b1e92909d90c7,68f2d95bd190740cfd6a36a3,ENQUEUED,0.36144834438101214,questions_in
2025-10-29T12:58:15.044019,PUBLISH,dd7181030e7e43da8295e30da7e84c3b,68f2d95bd190740cfd6a34df,ENQUEUED,0.33190983511152206,questions_in
2025-10-29T12:58:15.520602,PUBLISH,c6216ca7587343e8af84b9ac82894e50,68f2d95bd190740cfd6a1ef5,ENQUEUED,0.4750313225129802,questions_in
2025-10-29T12:58:15.957311,PUBLISH,c6688ce73f124f838cbe32eb82e1a551,68f2d95bd190740cfd6a2cbe,ENQUEUED,0.42997659233483465,questions_in
2025-10-29T12:58:16.163562,PUBLISH,6025691b7ced444ba3b5db38bf101cc8,68f2d95bd190740cfd6a2c9a,ENQUEUED,0.20460198826811685,questions_in
2025-10-29T12:58:16.622447,PUBLISH,5a893a9993304af68ce4e1dc3f2edc73,68f2d95bd190740cfd6a412d,ENQUEUED,0.4531957223161369,questions_in
2025-10-29T12:58:16.876348,PUBLISH,9d0f1251b4a04c2cb1562ee4a0705594,68f2d95bd190740cfd6a386d,ENQUEUED,0.25231660579038817,questions_in
2025-10-29T12:58:17.136752,PUBLISH,cb4b90e33db7484791d2610a5c15ded2,68f2d95bd190740cfd6a21ed,ENQUEUED,0.2553160139699813,questions_in
2025-10-29T12:58:17.453372,PUBLISH,0b5d476e53354b11b89d668b7cc49c3b,68f2d95bd190740cfd6a2429,ENQUEUED,0.31191943583017234,questions_in
2025-10-29T12:58:17.767652,PUBLISH,72fad67ab1b44fd6a125295122f6d77f,68f2d95bd190740cfd6a2428,ENQUEUED,0.3123396292016284,questions_in
2025-10-29T12:58:17.946732,PUBLISH,87dde3f23bce4c519189836d87f3d1ea,68f2d95bd190740cfd6a26c0,ENQUEUED,0.1740292534299025,questions_in
2025-10-29T12:58:18.206683,PUBLISH,08157401452443c29dafdbca8807ad3f,68f2d95bd190740cfd6a36d8,ENQUEUED,0.2576845293784821,questions_in
2025-10-29T12:58:18.347308,PUBLISH,9e04706e941d442aa135817bf414dbf4,68f2d95bd190740cfd6a3bf7,ENQUEUED,0.13871305111544655,questions_in
2025-10-29T12:58:18.614276,PUBLISH,ae667d8642af46b9bd0d55fc7ba93cf5,68f2d95bd190740cfd6a3b5d,ENQUEUED,0.2656499900822791,questions_in
2025-10-29T12:58:19.061278,PUBLISH,dd553a240d1949b48a2c53edda721b53,68f2d95bd190740cfd6a3a67,ENQUEUED,0.4416673781084507,questions_in
2025-10-29T12:58:19.492047,PUBLISH,df1b9a0c861d4d9fa13216fe31ec9692,68f2d95bd190740cfd6a1b0f,ENQUEUED,0.42873603345697486,questions_in
2025-10-29T12:58:19.620516,PUBLISH,5732257f44cf47769270e85094cd95fc,68f2d95bd190740cfd6a2204,ENQUEUED,0.12631040844957486,questions_in
2025-10-29T12:58:19.864279,PUBLISH,1775573ebaa34a159037b70e46e22da1,68f2d95bd190740cfd6a1f74,ENQUEUED,0.2380371784746067,questions_in
2025-10-29T12:58:20.249134,PUBLISH,042fa20296ee4e8eb000c677c0fecdc4,68f2d95bd190740cfd6a1ba1,ENQUEUED,0.3812129584430167,questions_in
2025-10-29T12:58:20.712308,PUBLISH,429296c0930743b2aacbf5dbd819518b,68f2d95bd190740cfd6a2962,ENQUEUED,0.4573643915333089,questions_in
2025-10-29T12:58:21.209343,PUBLISH,2e57451411024694b2b7f03a55c1d310,68f2d95bd190740cfd6a32d2,ENQUEUED,0.4948451452792427,questions_in
2025-10-29T12:58:21.695527,PUBLISH,5c50893c99f54fa99d82c27246ee6d33,68f2d95bd190740cfd6a2dfd,ENQUEUED,0.4840590741562898,questions_in
2025-10-29T12:58:22.009701,PUBLISH,5818282389fb47a1b83a3c2bd2b65652,68f2d95bd190740cfd6a1d2e,ENQUEUED,0.30770846883901504,questions_in
2025-10-29T12:58:22.494893,PUBLISH,ad42338cb3824f09afc4807b36256b4b,68f2d95bd190740cfd6a22b1,ENQUEUED,0.4797642932300522,questions_in
2025-10-29T12:58:22.851139,PUBLISH,8c2329f6b27248bf938908ee3f39104a,68f2d95bd190740cfd6a22de,ENQUEUED,0.35459732057319004,questions_in
2025-10-29T12:58:23.063409,PUBLISH,d54b03fb85cb4ac1a7f2780ac6d09d57,68f2d95bd190740cfd6a299f,ENQUEUED,0.20365897383985063,questions_in
2025-10-29T12:58:23.441463,PUBLISH,6aabe944f55b4ddaa6c96a4bab338905,68f2d95bd190740cfd6a38da,ENQUEUED,0.3760174733059688,questions_in
2025-10-29T12:58:23.606170,PUBLISH,593862be9640408f9798dbd3d40bb312,68f2d95bd190740cfd6a2529,ENQUEUED,0.15948335810997813,questions_in
2025-10-29T12:58:24.075106,PUBLISH,493c3cbabf6a44ab8b3004d643be65d2,68f2d95bd190740cfd6a1aef,ENQUEUED,0.4636750892517706,questions_in
2025-10-29T12:58:24.311535,PUBLISH,09ce7ad572884fd382cc30c1a5e58b99,68f2d95bd190740cfd6a2319,ENQUEUED,0.2310038320012335,questions_in
2025-10-29T12:58:24.474429,PUBLISH,7821be3367b24026a409c9ea1f779f48,68f2d95bd190740cfd6a39fa,ENQUEUED,0.1573273254102845,questions_in
2025-10-29T12:58:24.619447,PUBLISH,efb8d622e7c74a2b99dfc65911318728,68f2d95bd190740cfd6a30d1,ENQUEUED,0.13820782652201752,questions_in
2025-10-29T12:58:25.038286,PUBLISH,35b5f869aaf34c7398f7d56631af5885,68f2d95bd190740cfd6a237d,ENQUEUED,0.41578081506568054,questions_in
2025-10-29T12:58:25.313697,PUBLISH,160a59b189fe437fab235a7a6c3fc155,68f2d95bd190740cfd6a1d83,ENQUEUED,0.26953091335090323,questions_in
2025-10-29T12:58:25.428331,PUBLISH,ee6345db573143e7a344e3b52c878255,68f2d95bd190740cfd6a2b44,ENQUEUED,0.1125201997789477,questions_in
2025-10-29T12:58:25.915034,PUBLISH,3de8d92acabd4729ad0f57e8fda8a4db,68f2d95bd190740cfd6a24ce,ENQUEUED,0.48484521432645156,questions_in
2025-10-29T12:58:26.343693,PUBLISH,ac36b0d0ad6e4961b62b6038ec9c7963,68f2d95bd190740cfd6a267e,ENQUEUED,0.42005465697831534,questions_in
2025-10-29T12:58:26.676218,PUBLISH,3523dfae8fb44bc4b8a4557bfb9f6931,68f2d95bd190740cfd6a336e,ENQUEUED,0.33034356576678614,questions_in
2025-10-29T12:58:27.082231,PUBLISH,5073264a71114978bb5e1e6d9bd81908,68f2d95bd190740cfd6a3172,ENQUEUED,0.40072495705056244,questions_in
2025-10-29T12:58:27.257552,PUBLISH,d2205c8ac4a24637a9ea591c35a971ae,68f2d95bd190740cfd6a320a,ENQUEUED,0.1734332927761016,questions_in
2025-10-29T12:58:27.388552,PUBLISH,5056f22230f34b96b2b663a239fdd372,68f2d95bd190740cfd6a33bb,ENQUEUED,0.12885828723899417,questions_in
2025-10-29T12:58:27.781059,PUBLISH,7401d44b55b141f1b4b20afba219e3bf,68f2d95bd190740cfd6a407f,ENQUEUED,0.3900253437690586,questions_in
2025-10-29T12:58:28.056470,PUBLISH,52fb897f18154247950e8be32fea0e25,68f2d95bd190740cfd6a21fd,ENQUEUED,0.2696085383799015,questions_in
2025-10-29T12:58:28.505667,PUBLISH,2810be358bec426394c809f99884436a,68f2d95bd190740cfd6a3fed,ENQUEUED,0.4470549053207986,questions_in
2025-10-29T12:58:28.902671,PUBLISH,840e405712ee48f98e34ec51f5e9cf0b,68f2d95bd190740cfd6a3cea,ENQUEUED,0.39483569101671145,questions_in
2025-10-29T12:58:29.237242,PUBLISH,400c3ddfa4974d6d854c291ea62f0dbf,68f2d95bd190740cfd6a29da,ENQUEUED,0.3331055823343505,questions_in
2025-10-29T12:58:29.660719,PUBLISH,992247cce7004d4980e7e96c17809636,68f2d95bd190740cfd6a3e4a,ENQUEUED,0.4179370024344703,questions_in
2025-10-29T12:58:30.058869,PUBLISH,9a297482cbfe4654b3aabb4f5dd6f9b4,68f2d95bd190740cfd6a2938,ENQUEUED,0.3924553552330793,questions_in
2025-10-29T12:58:30.431478,PUBLISH,ba1c9f94174f49fdaa86d42ddca612ef,68f2d95bd190740cfd6a2eae,ENQUEUED,0.36634264030220587,questions_in
2025-10-29T12:58:30.670526,PUBLISH,552127cf26ef4c0d85dd5d6687dde78e,68f2d95bd190740cfd6a1cd6,ENQUEUED,0.23731718883136443,questions_in
2025-10-29T12:58:31.157631,PUBLISH,af8c1fd8c5b04d5d810aa6e4dc9e516d,68f2d95bd190740cfd6a2dde,ENQUEUED,0.48191920364426266,questions_in
2025-10-29T12:58:31.433529,PUBLISH,dbfcc72f62a743838e2857c817144a8e,68f2d95bd190740cfd6a3c4a,ENQUEUED,0.2740133765697964,questions_in
2025-10-29T12:58:31.553305,PUBLISH,50e6ca4479114fc48f1bf66f7e3e56c1,68f2d95bd190740cfd6a3106,ENQUEUED,0.11453871892021224,questions_in
2025-10-29T12:58:31.659579,PUBLISH,0445ab0fa81b4576a1dd4644104aad4c,68f2d95bd190740cfd6a4049,ENQUEUED,0.10065229033821242,questions_in
2025-10-29T12:58:32.007373,PUBLISH,8be75e9ee1a94669a2ae62d8dcfadf69,68f2d95bd190740cfd6a2e40,ENQUEUED,0.3406450336185797,questions_in
2025-10-29T12:58:32.194246,PUBLISH,413f743d367b480c9ed7a80904bc4677,68f2d95bd190740cfd6a2c13,ENQUEUED,0.1805042911538935,questions_in
2025-10-29T12:58:32.562874,PUBLISH,b7f6e6dd6e9c47768b81847df6750a64,68f2d95bd190740cfd6a3f0d,ENQUEUED,0.3670501865445259,questions_in
2025-10-29T12:58:32.768240,PUBLISH,f8171e5dd15a4e96a71f859716ee86c5,68f2d95bd190740cfd6a3c80,ENQUEUED,0.19974879395419598,questions_in
2025-10-29T12:58:33.269958,PUBLISH,4ff62b6a3a9f44178faf543d8d281004,68f2d95bd190740cfd6a3e2b,ENQUEUED,0.4985380787507394,questions_in
2025-10-29T12:58:33.560809,PUBLISH,d9860ed06a5746eca6bae3dec720e5f3,68f2d95bd190740cfd6a2a13,ENQUEUED,0.2845215155330034,questions_in
2025-10-29T12:58:34.057595,PUBLISH,3eaf060131e74e9d94469f212dee1282,68f2d95bd190740cfd6a1d34,ENQUEUED,0.494690149143859,questions_in
2025-10-29T12:58:34.170831,PUBLISH,8e3b6a0cd8934b358763990d78bfed8c,68f2d95bd190740cfd6a2baa,ENQUEUED,0.11163777312245143,questions_in
2025-10-29T12:58:34.278145,PUBLISH,541c8020538e4504aabe576777d73a3a,68f2d95bd190740cfd6a286d,ENQUEUED,0.10256544242923643,questions_in
2025-10-29T12:58:34.576017,PUBLISH,9c6a2451cedb4c41803e7c5bdc017337,68f2d95bd190740cfd6a211e,ENQUEUED,0.2958625482265749,questions_in
2025-10-29T12:58:35.056815,PUBLISH,cf56cd764bb44b1eadbc1938b1a0fc89,68f2d95bd190740cfd6a227e,ENQUEUED,0.47529307717114644,questions_in
2025-10-29T12:58:35.172375,PUBLISH,20c8404f4853420cb257ed14ed185d27,68f2d95bd190740cfd6a2c5e,ENQUEUED,0.11022509572831721,questions_in
2025-10-29T12:58:35.655800,PUBLISH,0051df5389954a52abe9d1ec15f45dea,68f2d95bd190740cfd6a1e2a,ENQUEUED,0.4817259248353992,questions_in
2025-10-29T12:58:35.961178,PUBLISH,361937854dd64a60a0245459072e5c33,68f2d95bd190740cfd6a228d,ENQUEUED,0.2993698927398412,questions_in
2025-10-29T12:58:36.171637,PUBLISH,27e0370094ec49e8a5eea04b984ecef3,68f2d95bd190740cfd6a3ef8,ENQUEUED,0.20484477166765186,questions_in
2025-10-29T12:58:36.572703,PUBLISH,77c43d4f254a494b9430c96671d3efb4,68f2d95bd190740cfd6a207a,ENQUEUED,0.3956382674828265,questions_in
2025-10-29T12:58:37.016800,PUBLISH,3d56461f0bc946418a582bc1e1552966,68f2d95bd190740cfd6a2aa1,ENQUEUED,0.43913204429684916,questions_in
2025-10-29T12:58:37.324479,PUBLISH,aaef53fb5289438b8f426c85d511e90b,68f2d95bd190740cfd6a201a,ENQUEUED,0.3062082954431339,questions_in
2025-10-29T12:58:37.496666,PUBLISH,8a88d3e7e9574776972259f08e42c055,68f2d95bd190740cfd6a3789,ENQUEUED,0.17065489192920963,questions_in
2025-10-29T12:58:37.775902,PUBLISH,fa901a1d858c4ed7b5b9190aef536b87,68f2d95bd190740cfd6a3c99,ENQUEUED,0.2735576976743792,questions_in
2025-10-29T12:58:37.999024,PUBLISH,decf87d978d54661a48e3f9b902b58ed,68f2d95bd190740cfd6a2041,ENQUEUED,0.21702439384821326,questions_in
2025-10-29T12:58:38.436205,PUBLISH,a6c292287d5240608d7985be0f3d7475,68f2d95bd190740cfd6a23a8,ENQUEUED,0.4351599533614794,questions_in
2025-10-29T12:58:38.643432,PUBLISH,8b759ae500ca45e8b1570e6664958dec,68f2d95bd190740cfd6a2465,ENQUEUED,0.20533386203137527,questions_in
2025-10-29T12:58:39.023478,PUBLISH,2cdc084488a049e48342ff0866446f0b,68f2d95bd190740cfd6a3117,ENQUEUED,0.3740971370387749,questions_in
2025-10-29T12:58:39.519690,PUBLISH,3d3625c442d844e2a644b2900eb25707,68f2d95bd190740cfd6a37fe,ENQUEUED,0.49429215120868575,questions_in
2025-10-29T12:58:39.767367,PUBLISH,f2092743a520400d844ac7b13e5b451e,68f2d95bd190740cfd6a1d95,ENQUEUED,0.24257463945104474,questions_in
2025-10-29T12:58:39.993924,PUBLISH,caca23eee2b24ba2a815b4202e6edf8e,68f2d95bd190740cfd6a3716,ENQUEUED,0.2244420558091234,questions_in
2025-10-29T12:58:40.240163,PUBLISH,ad52ff48beed4dfeabe662c9a86fb352,68f2d95bd190740cfd6a413d,ENQUEUED,0.24408678657101818,questions_in
2025-10-29T12:58:40.717939,PUBLISH,618b7b9fe0e64927897c18a6f8f9d762,68f2d95bd190740cfd6a24cf,ENQUEUED,0.47512143285337516,questions_in
2025-10-29T12:58:40.943710,PUBLISH,0378c3e051eb419d89f24bda9ae26b5b,68f2d95bd190740cfd6a3961,ENQUEUED,0.2225971261486437,questions_in
2025-10-29T12:58:41.264319,PUBLISH,bf07738aa08d4d3c8297e0e51514f068,68f2d95bd190740cfd6a359d,ENQUEUED,0.31558697992097495,questions_in
2025-10-29T12:58:41.565111,PUBLISH,9205f7ff77d740ca9d1ffae5256fc9bc,68f2d95bd190740cfd6a1c36,ENQUEUED,0.2947767068678806,questions_in
2025-10-29T12:58:41.749511,PUBLISH,e6837125886a4dadbeb5d226b323bd59,68f2d95bd190740cfd6a2f4f,ENQUEUED,0.18254275333771397,questions_in
2025-10-29T12:58:42.180762,PUBLISH,7e75b1da10cd4b0695046eca8dd909c7,68f2d95bd190740cfd6a4194,ENQUEUED,0.4248165530627783,questions_in
2025-10-29T12:58:42.384590,PUBLISH,b24691e81b644d1f9ce323571f059803,68f2d95bd190740cfd6a4118,ENQUEUED,0.19817151609168318,questions_in
2025-10-29T12:58:42.863722,PUBLISH,eb487542a32141f4bec011701695e17a,68f2d95bd190740cfd6a364f,ENQUEUED,0.4772890903592236,questions_in
2025-10-29T12:58:43.198276,PUBLISH,a3b915e8331a4f79a1325253b789c687,68f2d95bd190740cfd6a3f2f,ENQUEUED,0.33254437962629657,questions_in
2025-10-29T12:58:43.334207,PUBLISH,1634db203e7443d48883f48732939375,68f2d95bd190740cfd6a34a3,ENQUEUED,0.1301906986903835,questions_in
2025-10-29T12:58:43.770172,PUBLISH,d65c20c6c120400eb931911ce478769e,68f2d95bd190740cfd6a3511,ENQUEUED,0.43386448498919405,questions_in
2025-10-29T12:58:44.105713,PUBLISH,8000b80e32de4919be574925d6ca0886,68f2d95bd190740cfd6a1d40,ENQUEUED,0.33019933363157195,questions_in
2025-10-29T12:58:44.263701,PUBLISH,e1bf0db10cf244b395f14e55036837a1,68f2d95bd190740cfd6a1d44,ENQUEUED,0.15275649902754995,questions_in
2025-10-29T12:58:44.573468,PUBLISH,f0b4d4fee5524540a8a527a5cbc561d5,68f2d95bd190740cfd6a3b7f,ENQUEUED,0.3034217176803513,questions_in
2025-10-29T12:58:44.840397,PUBLISH,c1ce5e5022e443ff8c925bb79fdea250,68f2d95bd190740cfd6a2ece,ENQUEUED,0.2611584947980204,questions_in
2025-10-29T12:58:45.285537,PUBLISH,af2de8b71702437ead658ebc193b6d3d,68f2d95bd190740cfd6a40ce,ENQUEUED,0.4378379172264514,questions_in
2025-10-29T12:58:45.751737,PUBLISH,d4468fa1aa5f4d8e851d7b5a8fa3e8d3,68f2d95bd190740cfd6a38de,ENQUEUED,0.4641842334873333,questions_in
2025-10-29T12:58:45.925857,PUBLISH,484adf9e489446cbbbfef4b75aa0eb82,68f2d95bd190740cfd6a1ae9,ENQUEUED,0.16820983708694381,questions_in
2025-10-29T12:58:46.202373,PUBLISH,2d14a416b53a42148ea02db67e7d45f1,68f2d95bd190740cfd6a2721,ENQUEUED,0.27002964593361223,questions_in
2025-10-29T12:58:46.579185,PUBLISH,11487068a4f14fb2aa4b362cd0d8ba22,68f2d95bd190740cfd6a21fe,ENQUEUED,0.3703357422089575,questions_in
2025-10-29T12:58:46.744510,PUBLISH,a1bcbf54fb884179b13fd93f58048805,68f2d95bd190740cfd6a35cf,ENQUEUED,0.15900576269411604,questions_in
2025-10-29T12:58:47.183335,PUBLISH,38f1ce311ef8450bb56b89e4b857c8a6,68f2d95bd190740cfd6a3f1b,ENQUEUED,0.4296561611702149,questions_in
2025-10-29T12:58:47.635862,PUBLISH,528cda97bc9f4791a2100102f17f44e8,68f2d95bd190740cfd6a4076,ENQUEUED,0.4471960754453973,questions_in
2025-10-29T12:58:47.952910,PUBLISH,5e13186950c345a0a57c4b8ffa3e81aa,68f2d95bd190740cfd6a318b,ENQUEUED,0.3112959515772945,questions_in
2025-10-29T12:58:48.132882,PUBLISH,4a461e05928b464790440344cf43c2c5,68f2d95bd190740cfd6a3f36,ENQUEUED,0.17390082557820224,questions_in
2025-10-29T12:58:48.553207,PUBLISH,8aa9dada8f164014b5f56a297f84127e,68f2d95bd190740cfd6a39f3,ENQUEUED,0.4189991693786309,questions_in
2025-10-29T12:58:48.780936,PUBLISH,8e4d124da249434f883b171e4c2cc40e,68f2d95bd190740cfd6a1e2a,ENQUEUED,0.22563024736213527,questions_in
2025-10-29T12:58:49.263488,PUBLISH,c58409ce5e204f7abc5843d955a5e672,68f2d95bd190740cfd6a2072,ENQUEUED,0.4770443533055023,questions_in
2025-10-29T12:58:49.719903,PUBLISH,e79d4928f5434467a8a6b4fa43cb6404,68f2d95bd190740cfd6a3ae7,ENQUEUED,0.45411488478100814,questions_in
2025-10-29T12:58:50.206590,PUBLISH,c605d7f621e14bd699ff4e5074631756,68f2d95bd190740cfd6a250c,ENQUEUED,0.48444121966344145,questions_in
2025-10-29T12:58:50.511499,PUBLISH,81ed14505ae44f07ae940e8dc88ac82b,68f2d95bd190740cfd6a3b30,ENQUEUED,0.2993794400119878,questions_in
2025-10-29T12:58:50.924714,PUBLISH,75e22bde59de461fabb3808f2307113e,68f2d95bd190740cfd6a20a9,ENQUEUED,0.41048861865675323,questions_in
2025-10-29T12:58:51.164617,PUBLISH,55e1e3c5d35e4ee2b96d9b99aa1a86c6,68f2d95bd190740cfd6a3abb,ENQUEUED,0.23828775959770576,questions_in
2025-10-29T12:58:51.300195,PUBLISH,4f9ff49ac67a441ea88930caf6734ac2,68f2d95bd190740cfd6a3b01,ENQUEUED,0.13045522175906998,questions_in
2025-10-29T12:58:51.777374,PUBLISH,820aaa5a29244914b236f619af52a2a8,68f2d95bd190740cfd6a38fb,ENQUEUED,0.4704185103621902,questions_in
2025-10-29T12:58:51.916868,PUBLISH,69c51246df97442da696898f71846441,68f2d95bd190740cfd6a23e8,ENQUEUED,0.1334669487600909,questions_in
2025-10-29T12:58:52.278355,PUBLISH,2dbbde661ec04772852e469da0aca3e6,68f2d95bd190740cfd6a3628,ENQUEUED,0.3560166052989716,questions_in
2025-10-29T12:58:52.631431,PUBLISH,8584c1538b8a4183b167cc42dd635548,68f2d95bd190740cfd6a31fd,ENQUEUED,0.35122266522781076,questions_in
2025-10-29T12:58:53.104573,PUBLISH,5e6d8421ec10414a9ca39c7f3cad1ca6,68f2d95bd190740cfd6a1d2c,ENQUEUED,0.47132544258299824,questions_in
2025-10-29T12:58:53.480708,PUBLISH,4c0c108bab924289a8712a7617111dfe,68f2d95bd190740cfd6a260b,ENQUEUED,0.37063658234613484,questions_in
2025-10-29T12:58:53.815718,PUBLISH,9c4945ff10894eb3ae521769dc602468,68f2d95bd190740cfd6a1e10,ENQUEUED,0.3291269974615035,questions_in
2025-10-29T12:58:54.205527,PUBLISH,f62e4184f9be40cb84efce7a29294b36,68f2d95bd190740cfd6a3217,ENQUEUED,0.38807333434490876,questions_in
2025-10-29T12:58:54.428284,PUBLISH,f76154927b1c4d3e9dff3321c0e8ee11,68f2d95bd190740cfd6a284a,ENQUEUED,0.21565884337470598,questions_in
2025-10-29T12:58:54.538069,PUBLISH,300d58048cf1464398b084065ee7690c,68f2d95bd190740cfd6a37a5,ENQUEUED,0.10763865899807762,questions_in
2025-10-29T12:58:54.875782,PUBLISH,17c9997e643c478f828279b72d29a5f6,68f2d95bd190740cfd6a20a3,ENQUEUED,0.33249704849081263,questions_in
2025-10-29T12:58:55.016196,PUBLISH,006ae73add154599a21e52d273b30a32,68f2d95bd190740cfd6a3282,ENQUEUED,0.13489635131568434,questions_in
2025-10-29T12:58:55.151522,PUBLISH,0795f1c003834b26bd30e80ca3f74cc8,68f2d95bd190740cfd6a2094,ENQUEUED,0.12866898914994934,questions_in
2025-10-29T12:58:55.337551,PUBLISH,753d4302fd684e90870a66cf6c332d9a,68f2d95bd190740cfd6a2378,ENQUEUED,0.18089620295422726,questions_in
2025-10-29T12:58:55.822940,PUBLISH,a648e545c15c494e9552670453d8581a,68f2d95bd190740cfd6a367a,ENQUEUED,0.4815972020572339,questions_in
2025-10-29T12:58:56.071958,PUBLISH,2ad657d9b35440edbb0b97f73ef14ccd,68f2d95bd190740cfd6a2268,ENQUEUED,0.2436776630679902,questions_in
2025-10-29T12:58:56.375271,PUBLISH,7167ece288594bd2b90249ac9a1b9226,68f2d95bd190740cfd6a2fe6,ENQUEUED,0.29559159726441414,questions_in
2025-10-29T12:58:56.825798,PUBLISH,70417456c64249efac56a1c9e4fd368f,68f2d95bd190740cfd6a1db9,ENQUEUED,0.4486540328639139,questions_in
2025-10-29T12:58:57.216480,PUBLISH,7bc65ac4e86440218fc7e2669b414597,68f2d95bd190740cfd6a1b07,ENQUEUED,0.383875810904711,questions_in
2025-10-29T12:58:57.345428,PUBLISH,78c25c9cc52b4be7933d051089361571,68f2d95bd190740cfd6a2268,ENQUEUED,0.12353738899241673,questions_in
2025-10-29T12:58:57.473939,PUBLISH,e448f1b0f97a409daaa22c1c6be5a091,68f2d95bd190740cfd6a273f,ENQUEUED,0.12677628104428132,questions_in
2025-10-29T12:58:57.725076,PUBLISH,8d79a19a44ae426698db467fdb93ae47,68f2d95bd190740cfd6a2b51,ENQUEUED,0.24849138886426317,questions_in
2025-10-29T12:58:58.162165,PUBLISH,cad0b41eb07c46db84e5b1bdf991c4c4,68f2d95bd190740cfd6a2e7f,ENQUEUED,0.4350209333329028,questions_in
2025-10-29T12:58:58.398111,PUBLISH,9ca76bdcf9dc493fbb75f03b6f10b3f9,68f2d95bd190740cfd6a2ab5,ENQUEUED,0.22887595924055854,questions_in
2025-10-29T12:58:58.743905,PUBLISH,e7dd08a61c9c4b10aae2fa87c69d1e90,68f2d95bd190740cfd6a377e,ENQUEUED,0.33950169957612264,questions_in
2025-10-29T12:58:58.921933,PUBLISH,25f677af90254c2fb5cbc1515308fc93,68f2d95bd190740cfd6a2ee5,ENQUEUED,0.1756533574810978,questions_in
2025-10-29T12:58:59.110925,PUBLISH,a2b43cb6c65e490d9d85582488057e87,68f2d95bd190740cfd6a2378,ENQUEUED,0.18328960923415336,questions_in
2025-10-29T12:58:59.436698,PUBLISH,bdf7b5e9d1c44c679ce8840cf16f91b1,68f2d95bd190740cfd6a3e4e,ENQUEUED,0.3233840261930041,questions_in
2025-10-29T12:58:59.935467,PUBLISH,87064473c2434f76ac3e47b9a271ac6a,68f2d95bd190740cfd6a1b35,ENQUEUED,0.4959774834097639,questions_in
2025-10-29T12:59:00.251038,PUBLISH,90608cec2ec3447b860c8090159b520f,68f2d95bd190740cfd6a3050,ENQUEUED,0.3098348853952556,questions_in
2025-10-29T12:59:00.409297,PUBLISH,2c6dd0be6cef489497f59be981d44384,68f2d95bd190740cfd6a25af,ENQUEUED,0.1566105865115493,questions_in
2025-10-29T12:59:00.830323,PUBLISH,961be33f49154191a9267d6c7a692fc1,68f2d95bd190740cfd6a202d,ENQUEUED,0.41955068609580615,questions_in
2025-10-29T12:59:01.243085,PUBLISH,246b1a0e17b8470bab7b64524bfb85d4,68f2d95bd190740cfd6a2cab,ENQUEUED,0.4069859106414615,questions_in
2025-10-29T12:59:01.641674,PUBLISH,510abdb955cb4ace93a62348d4353265,68f2d95bd190740cfd6a2962,ENQUEUED,0.3968584599430932,questions_in
2025-10-29T12:59:01.998092,PUBLISH,f30538a2986b47f2b07f304b7db4f7a5,68f2d95bd190740cfd6a31c7,ENQUEUED,0.3541479407820953,questions_in
2025-10-29T12:59:02.318029,PUBLISH,4d21636bd70a4f20a47c3884f1c35207,68f2d95bd190740cfd6a277a,ENQUEUED,0.3138902282904037,questions_in
2025-10-29T12:59:02.723586,PUBLISH,49b69610ddf347689b41b6d43e25c058,68f2d95bd190740cfd6a3801,ENQUEUED,0.4028368168402212,questions_in
2025-10-29T12:59:03.078749,PUBLISH,54034e874ee240aaba7f467a056facd3,68f2d95bd190740cfd6a4057,ENQUEUED,0.3519706231506612,questions_in
2025-10-29T12:59:03.329202,PUBLISH,3760f080819f4ea483ce063a06196002,68f2d95bd190740cfd6a3a67,ENQUEUED,0.24880975578191347,questions_in
2025-10-29T12:59:03.757838,PUBLISH,4b28156c1590484e95a01cafdc93f27d,68f2d95bd190740cfd6a1cb4,ENQUEUED,0.4240049008918685,questions_in
2025-10-29T12:59:04.188698,PUBLISH,f04dfbd920b842f8b13c1559d34dd2ca,68f2d95bd190740cfd6a35e7,ENQUEUED,0.42877522963538917,questions_in
2025-10-29T12:59:04.405946,PUBLISH,b5e696fa76cf44a9aa0c447dd09ae167,68f2d95bd190740cfd6a2954,ENQUEUED,0.21082765355409788,questions_in
2025-10-29T12:59:04.857213,PUBLISH,afde0160b93845f696d18462fe4dbd2b,68f2d95bd190740cfd6a2287,ENQUEUED,0.44597526453650116,questions_in
2025-10-29T12:59:05.162623,PUBLISH,9fca90b054ed4c7bb2d3f21b6236c7bf,68f2d95bd190740cfd6a3c74,ENQUEUED,0.29994890139983765,questions_in
2025-10-29T12:59:05.490293,PUBLISH,4a1ed921aff549808e20b4a6d69476e9,68f2d95bd190740cfd6a3d67,ENQUEUED,0.32533456275596073,questions_in
2025-10-29T12:59:05.634248,PUBLISH,95506d92e0ab43beb2bad0e45ed0448f,68f2d95bd190740cfd6a2bc6,ENQUEUED,0.1387390597749418,questions_in
2025-10-29T12:59:06.086846,PUBLISH,9f8e44b149af43a3b48dbee2ec86422b,68f2d95bd190740cfd6a1ba8,ENQUEUED,0.44768220184994023,questions_in
2025-10-29T12:59:06.501239,PUBLISH,b290ba25ac1b4fa49849b3c91a7eec2c,68f2d95bd190740cfd6a1c58,ENQUEUED,0.40857003542038695,questions_in
2025-10-29T12:59:06.990776,PUBLISH,68be61d543c9453ba0225e2fbfc443f8,68f2d95bd190740cfd6a30e6,ENQUEUED,0.485288890529297,questions_in
2025-10-29T12:59:07.419342,PUBLISH,8e64e228dc214f7b95fd4537a6d9969b,68f2d95bd190740cfd6a1fb5,ENQUEUED,0.42518018738808905,questions_in
2025-10-29T12:59:07.716051,PUBLISH,bcdc2e109f3d4c91b157e7f6b8618cd9,68f2d95bd190740cfd6a21a7,ENQUEUED,0.2946093291382297,questions_in
2025-10-29T12:59:07.922819,PUBLISH,fea1a7f75f8d4cae8e63b32631dc1486,68f2d95bd190740cfd6a3d01,ENQUEUED,0.20476500543131207,questions_in
2025-10-29T12:59:08.109553,PUBLISH,5a129d7b178942e9ae7761f410f8f478,68f2d95bd190740cfd6a36a5,ENQUEUED,0.1803544118874323,questions_in
2025-10-29T12:59:08.555311,PUBLISH,5bb091e90c5743cba3d1ecda93ac8c1a,68f2d95bd190740cfd6a35e3,ENQUEUED,0.43965888942031006,questions_in
2025-10-29T12:59:08.727925,PUBLISH,1536120e48e64a29a565271d82e1de3e,68f2d95bd190740cfd6a1be4,ENQUEUED,0.16970189441658068,questions_in
2025-10-29T12:59:08.841747,PUBLISH,7c0e7be277924a5a86fd72b29f9f88c2,68f2d95bd190740cfd6a401c,ENQUEUED,0.10772846750501008,questions_in
2025-10-29T12:59:09.330921,PUBLISH,30beefca4e224f4e957dc67bbfd3a8d1,68f2d95bd190740cfd6a1b53,ENQUEUED,0.48352419357521226,questions_in
2025-10-29T12:59:09.689612,PUBLISH,97115c99bead4cf8984a36ea6b2baa84,68f2d95bd190740cfd6a40fb,ENQUEUED,0.3563559237884295,questions_in
2025-10-29T12:59:10.108178,PUBLISH,6c730e158f9e496185b47431937b3768,68f2d95bd190740cfd6a3c82,ENQUEUED,0.4168598291906346,questions_in
2025-10-29T12:59:10.352287,PUBLISH,4287c1252bca4d4bbeded0f06a711eac,68f2d95bd190740cfd6a3578,ENQUEUED,0.23714555210105562,questions_in
2025-10-29T12:59:10.568690,PUBLISH,dcb68b59bfae485aadf269158112d627,68f2d95bd190740cfd6a22ba,ENQUEUED,0.21111476470660173,questions_in
2025-10-29T12:59:10.990365,PUBLISH,4a4594bea6a8480991589148ac333f54,68f2d95bd190740cfd6a2ccb,ENQUEUED,0.4161833745137301,questions_in
2025-10-29T12:59:11.356445,PUBLISH,fda66fdc39984a158edecfeb351acb55,68f2d95bd190740cfd6a30da,ENQUEUED,0.3603409730807724,questions_in
2025-10-29T12:59:11.755526,PUBLISH,6a7348a8d45447b4868f55c6c713053b,68f2d95bd190740cfd6a3c06,ENQUEUED,0.39290379604198045,questions_in
2025-10-29T12:59:12.019077,PUBLISH,eae9f2922ca7455288558836cb87d71b,68f2d95bd190740cfd6a3ea0,ENQUEUED,0.25765707630004686,questions_in
2025-10-29T12:59:12.386902,PUBLISH,0343c31315c640aaaf3cf7773e51f424,68f2d95bd190740cfd6a3f92,ENQUEUED,0.3616436235518987,questions_in
2025-10-29T12:59:12.825479,PUBLISH,45ffe970c713435383fd0b9bfdaee88f,68f2d95bd190740cfd6a2c10,ENQUEUED,0.4327929948712035,questions_in
2025-10-29T12:59:13.238275,PUBLISH,43e1876f4bd54b6a8411702d74e652ac,68f2d95bd190740cfd6a3ab1,ENQUEUED,0.4113148906973336,questions_in
2025-10-29T12:59:13.403736,PUBLISH,1a9f38bbe9574f51ab0a35f20a393bab,68f2d95bd190740cfd6a33f1,ENQUEUED,0.16359252355898524,questions_in
2025-10-29T12:59:13.794079,PUBLISH,966d939362a34a81a574db365db58d16,68f2d95bd190740cfd6a23fd,ENQUEUED,0.384181096365963,questions_in
2025-10-29T12:59:14.152852,PUBLISH,a718adbdd234416b9bfbadbd93c3ddf6,68f2d95bd190740cfd6a1b64,ENQUEUED,0.35332310400470557,questions_in
2025-10-29T12:59:14.563613,PUBLISH,9c8c37d56ada44eea5a40a97f13447af,68f2d95bd190740cfd6a2945,ENQUEUED,0.4073870126613848,questions_in
2025-10-29T12:59:14.762956,PUBLISH,005009a37b89404dabcf81a94c140f40,68f2d95bd190740cfd6a357a,ENQUEUED,0.19144669629554928,questions_in
2025-10-29T12:59:15.050852,PUBLISH,b71b7a9c5cc24011b7f7ee804e660fd1,68f2d95bd190740cfd6a2602,ENQUEUED,0.282244136616308,questions_in
2025-10-29T12:59:15.398509,PUBLISH,d93037202b5f4964be240aba0ab71e0c,68f2d95bd190740cfd6a3dcf,ENQUEUED,0.3413765673272179,questions_in
2025-10-29T12:59:15.718459,PUBLISH,df2271e256b945c7ac2eec5c8655489a,68f2d95bd190740cfd6a20c9,ENQUEUED,0.31831371360585514,questions_in
2025-10-29T12:59:16.195957,PUBLISH,518aabd3717a49ef9dbca8af0289df1e,68f2d95bd190740cfd6a4126,ENQUEUED,0.4747555150126094,questions_in
2025-10-29T12:59:16.609199,PUBLISH,aa75333ffc8847dfab0d5b0ae2e20628,68f2d95bd190740cfd6a2bf2,ENQUEUED,0.4065922485887501,questions_in
2025-10-29T12:59:16.772301,PUBLISH,dfd1c2a88a054805bf8a1fde7a9bda5f,68f2d95bd190740cfd6a1d08,ENQUEUED,0.15829881627670006,questions_in
2025-10-29T12:59:17.026507,PUBLISH,345b81dd5bda40ea810f47bdeec54f98,68f2d95bd190740cfd6a33de,ENQUEUED,0.24847178820266191,questions_in
2025-10-29T12:59:17.155483,PUBLISH,0d870814bb044eb2898071f70015daac,68f2d95bd190740cfd6a38d9,ENQUEUED,0.1271033088818649,questions_in
2025-10-29T12:59:17.456566,PUBLISH,5db2aae2b752454dae76df4251a8a955,68f2d95bd190740cfd6a1e04,ENQUEUED,0.29951268316383445,questions_in
2025-10-29T12:59:17.938738,PUBLISH,192ef4499db14fad8d91ae1d362d1857,68f2d95bd190740cfd6a3515,ENQUEUED,0.475966418246504,questions_in
2025-10-29T12:59:18.074744,PUBLISH,dc8ec6a3dd76484faf9d0a9404b3f90e,68f2d95bd190740cfd6a27a0,ENQUEUED,0.13136948788552238,questions_in
2025-10-29T12:59:18.287072,PUBLISH,d8d969cc999d4c9fb8d8ea1244f2382b,68f2d95bd190740cfd6a206a,ENQUEUED,0.20670784468176226,questions_in
2025-10-29T12:59:18.411618,PUBLISH,8167a3087fc941a3adb8b1c47933e6f0,68f2d95bd190740cfd6a1d91,ENQUEUED,0.11842870772546239,questions_in
2025-10-29T12:59:18.606611,PUBLISH,68639fc2912a4207aee25581514d3452,68f2d95bd190740cfd6a1c53,ENQUEUED,0.19338649172360134,questions_in
2025-10-29T12:59:19.026681,PUBLISH,1fc0ef67988143a9a7502805ed3285fb,68f2d95bd190740cfd6a2f33,ENQUEUED,0.41458714562913535,questions_in
2025-10-29T12:59:19.488235,PUBLISH,6f803fc03bc94e33947c1d37bdb82b19,68f2d95bd190740cfd6a1baa,ENQUEUED,0.4601307964611434,questions_in
2025-10-29T12:59:19.873092,PUBLISH,2899b15c8a8b48aaa032f86a5f8be8a0,68f2d95bd190740cfd6a3fd4,ENQUEUED,0.37900364372478024,questions_in
2025-10-29T12:59:20.320055,PUBLISH,9958bceecf2141d7bcfe721ff157e20c,68f2d95bd190740cfd6a2ff0,ENQUEUED,0.44074530082742347,questions_in
2025-10-29T12:59:20.751243,PUBLISH,dfa285b2af77445d8ae3c030bbacad7f,68f2d95bd190740cfd6a3a7b,ENQUEUED,0.4289799150203264,questions_in
2025-10-29T12:59:21.172839,PUBLISH,afed98aede19473cb1195b59f4467d4f,68f2d95bd190740cfd6a2ba7,ENQUEUED,0.4193893674892556,questions_in
2025-10-29T12:59:21.515305,PUBLISH,e63382449a4b4e35818433131cc65e9f,68f2d95bd190740cfd6a3469,ENQUEUED,0.34021575463941667,questions_in
2025-10-29T12:59:21.951672,PUBLISH,e8c3a251607844369a5b4850ae6a4fa7,68f2d95bd190740cfd6a2edf,ENQUEUED,0.4343239920144196,questions_in
2025-10-29T12:59:22.389734,PUBLISH,d5fdb0e9acb741da8e87ec45e7fc40a5,68f2d95bd190740cfd6a1ea5,ENQUEUED,0.4324918895188361,questions_in
2025-10-29T12:59:22.627695,PUBLISH,9d6e85ad23fa4eeb8b02f891f8eb1c44,68f2d95bd190740cfd6a24fc,ENQUEUED,0.23604746205426036,questions_in
2025-10-29T12:59:22.973762,PUBLISH,c39d10f02a3c4bf4b9c2a5cd2cfa026f,68f2d95bd190740cfd6a3319,ENQUEUED,0.3401054153996508,questions_in
2025-10-29T12:59:23.379897,PUBLISH,cd3e05ec58054d8d93aa6e3791f87c5e,68f2d95bd190740cfd6a3a7d,ENQUEUED,0.40445164133958966,questions_in
2025-10-29T12:59:23.750007,PUBLISH,236f5d9120bf4b2abe850de31f9335cf,68f2d95bd190740cfd6a2c24,ENQUEUED,0.3673591155470515,questions_in
2025-10-29T12:59:24.052647,PUBLISH,828768dc07794dd78d4bd0a4cbfbe82f,68f2d95bd190740cfd6a3446,ENQUEUED,0.29566889625711135,questions_in
2025-10-29T12:59:24.403887,PUBLISH,f04a593107a741b18e0fd366b379fa44,68f2d95bd190740cfd6a3c8b,ENQUEUED,0.3480448546357565,questions_in
2025-10-29T12:59:24.607224,PUBLISH,142e38e6cce24d608ec47c78276bb912,68f2d95bd190740cfd6a396d,ENQUEUED,0.20126996010464526,questions_in
2025-10-29T12:59:24.760461,PUBLISH,84e73d2961694396833478d6034a29f5,68f2d95bd190740cfd6a2758,ENQUEUED,0.14895120984681892,questions_in
2025-10-29T12:59:25.181896,PUBLISH,ddab045f8fc34edb9759f7b796181eff,68f2d95bd190740cfd6a35d8,ENQUEUED,0.4160672694787949,questions_in
2025-10-29T12:59:25.415731,PUBLISH,20d92933c49d4c3da42827d0f605fd33,68f2d95bd190740cfd6a1d8c,ENQUEUED,0.2284138168901739,questions_in
2025-10-29T12:59:25.893226,PUBLISH,bd95267226e044e2bc79958da0e6aebe,68f2d95bd190740cfd6a1c22,ENQUEUED,0.47183566149760736,questions_in
2025-10-29T12:59:26.070284,PUBLISH,b01791c83b56414f96574a1e96e434af,68f2d95bd190740cfd6a29dd,ENQUEUED,0.1712092170298487,questions_in
2025-10-29T12:59:26.500666,PUBLISH,716bdbf0754549239e63af8203cf21bf,68f2d95bd190740cfd6a2d03,ENQUEUED,0.427857546079221,questions_in
2025-10-29T12:59:26.925920,PUBLISH,74bea7fc94384ef7ae8fa42a375c24b6,68f2d95bd190740cfd6a2247,ENQUEUED,0.42309009506648243,questions_in
2025-10-29T12:59:27.127875,PUBLISH,23622d9c901042a6b81fa05b78795111,68f2d95bd190740cfd6a276e,ENQUEUED,0.1956940822981546,questions_in
2025-10-29T12:59:27.455307,PUBLISH,6483a4b3cb85499da19496ad404045ea,68f2d95bd190740cfd6a3bf3,ENQUEUED,0.32534958362622035,questions_in
2025-10-29T12:59:27.887158,PUBLISH,c1006292feae48bc861079328a9d704a,68f2d95bd190740cfd6a290b,ENQUEUED,0.4260933045319175,questions_in
2025-10-29T12:59:28.326749,PUBLISH,81c81d638ecb4619ab3f2384df2b1dc7,68f2d95bd190740cfd6a1d4e,ENQUEUED,0.4358854453282843,questions_in
2025-10-29T12:59:28.606340,PUBLISH,cbc8f90bc7ff4333a5cff3dee947ec6b,68f2d95bd190740cfd6a2015,ENQUEUED,0.2737881772581564,questions_in
2025-10-29T12:59:28.883184,PUBLISH,7f5f138baba44f669f52ffcfa228e2fa,68f2d95bd190740cfd6a3dc7,ENQUEUED,0.27486957625982966,questions_in
2025-10-29T12:59:29.365892,PUBLISH,18b3281c4a7a46aa8d8acd2edcc118b6,68f2d95bd190740cfd6a201f,ENQUEUED,0.47668647550730403,questions_in
2025-10-29T12:59:29.855404,PUBLISH,e5bba4d09fba41579d45f94d5fe7bc23,68f2d95bd190740cfd6a2cc0,ENQUEUED,0.4838603401496636,questions_in
2025-10-29T12:59:30.016914,PUBLISH,99b9d983dee542d3b26ae406bbe16426,68f2d95bd190740cfd6a2614,ENQUEUED,0.15983882218547568,questions_in
2025-10-29T12:59:30.123906,PUBLISH,52d5c9f71a8b4695943246e7b06f6341,68f2d95bd190740cfd6a30a1,ENQUEUED,0.10469554319750754,questions_in
2025-10-29T12:59:30.362163,PUBLISH,80519f09b1ce4449ac308d0c56aa2286,68f2d95bd190740cfd6a405e,ENQUEUED,0.23326793039922664,questions_in
2025-10-29T12:59:30.476453,PUBLISH,fae9e2c117bf4a8fafce6558c8045059,68f2d95bd190740cfd6a2467,ENQUEUED,0.11247590591821313,questions_in
2025-10-29T12:59:30.968872,PUBLISH,4359881713d94ffcb388975af56b3288,68f2d95bd190740cfd6a27fb,ENQUEUED,0.4900679245255185,questions_in
2025-10-29T12:59:31.097347,PUBLISH,502af9b0789544f6befd1209cc2024d6,68f2d95bd190740cfd6a2157,ENQUEUED,0.1235323818883066,questions_in
2025-10-29T12:59:31.547982,PUBLISH,d6d8705f57ce4ed68e48b05c9af60a08,68f2d95bd190740cfd6a3cb4,ENQUEUED,0.4481792047601144,questions_in
2025-10-29T12:59:31.804786,PUBLISH,4251b51fcdb847d69c5ccd5244e0ec6b,68f2d95bd190740cfd6a21ea,ENQUEUED,0.25507804695852054,questions_in
2025-10-29T12:59:32.284821,PUBLISH,bfc756c855094687bb9c543f9f80414a,68f2d95bd190740cfd6a2207,ENQUEUED,0.4777963488925333,questions_in
2025-10-29T12:59:32.490532,PUBLISH,1a6de78b412145e8aa2e58ee28955a12,68f2d95bd190740cfd6a20da,ENQUEUED,0.20399253875403855,questions_in
2025-10-29T12:59:32.829084,PUBLISH,ce67af0442aa47a5a22abe802b711d6a,68f2d95bd190740cfd6a3c92,ENQUEUED,0.3365972609378445,questions_in
2025-10-29T12:59:33.187037,PUBLISH,47f45962ff704772821e72b9f767ff7a,68f2d95bd190740cfd6a2bf7,ENQUEUED,0.3535783937982028,questions_in
2025-10-29T12:59:33.403072,PUBLISH,ad76d7a8382f4f3cba3e1d947d8e780d,68f2d95bd190740cfd6a211a,ENQUEUED,0.210700435450599,questions_in
2025-10-29T12:59:33.685429,PUBLISH,c8b6a75e684340ef91d415092d8b3eff,68f2d95bd190740cfd6a1c2f,ENQUEUED,0.2807252383026813,questions_in
2025-10-29T12:59:33.822671,PUBLISH,310f61a40b034ff68942904f0cebbcef,68f2d95bd190740cfd6a2a99,ENQUEUED,0.13212266548599666,questions_in
2025-10-29T12:59:34.325036,PUBLISH,996b90947a3b4010979912273728594c,68f2d95bd190740cfd6a29ab,ENQUEUED,0.4969101329149648,questions_in
2025-10-29T12:59:34.697365,PUBLISH,3e6fea1080094ef7813b1adc0b76c6ca,68f2d95bd190740cfd6a1f99,ENQUEUED,0.36632140697409943,questions_in
2025-10-29T12:59:35.093780,PUBLISH,323ec613f2714bb2bb2f27346ea6076f,68f2d95bd190740cfd6a34cb,ENQUEUED,0.3916373501820938,questions_in
2025-10-29T12:59:35.588089,PUBLISH,71404b4784a041e9803257fe5223f990,68f2d95bd190740cfd6a1d72,ENQUEUED,0.4877105691108875,questions_in
2025-10-29T12:59:35.712700,PUBLISH,8c805eecad7349048edc79c7a0a1cc71,68f2d95bd190740cfd6a2f70,ENQUEUED,0.12294351242098123,questions_in
2025-10-29T12:59:36.102342,PUBLISH,34b652fc933a43fc8e004693637a634e,68f2d95bd190740cfd6a2604,ENQUEUED,0.38406315523291146,questions_in
2025-10-29T12:59:36.242326,PUBLISH,a6bd9f0c8569443992a67bb962c32fbf,68f2d95bd190740cfd6a3a26,ENQUEUED,0.13846485300820752,questions_in
2025-10-29T12:59:36.362857,PUBLISH,1701e45594344e73aaf21bc7f56d288f,68f2d95bd190740cfd6a27d1,ENQUEUED,0.11231140834548424,questions_in
2025-10-29T12:59:36.762925,PUBLISH,a033a74abdc34bc5b6f81390409c138c,68f2d95bd190740cfd6a218a,ENQUEUED,0.3932892172801763,questions_in
2025-10-29T12:59:36.886040,PUBLISH,b5348813861e4ee2b7801ec49231ead9,68f2d95bd190740cfd6a3e97,ENQUEUED,0.12135215245765961,questions_in
2025-10-29T12:59:37.014525,PUBLISH,4e0d12af93b74ca4863383673fc5eaec,68f2d95bd190740cfd6a3e11,ENQUEUED,0.12281224724903433,questions_in
2025-10-29T12:59:37.173471,PUBLISH,308438437d5f4f749bcfd1c004fd76d7,68f2d95bd190740cfd6a2638,ENQUEUED,0.15414148457268095,questions_in
2025-10-29T12:59:37.471134,PUBLISH,5c1427bf5a254435840d48e7c770d961,68f2d95bd190740cfd6a4178,ENQUEUED,0.2958150110882627,questions_in
2025-10-29T12:59:37.677891,PUBLISH,cb41e0409a7b4fd295002ece50c78867,68f2d95bd190740cfd6a329e,ENQUEUED,0.2048183202763342,questions_in
2025-10-29T12:59:38.094676,PUBLISH,5c021a4a7e1c4ba88c6e59194d072f0b,68f2d95bd190740cfd6a1e16,ENQUEUED,0.41174160801158954,questions_in
2025-10-29T12:59:38.467499,PUBLISH,0e8ed87beaa7449ab0200756bd7349ca,68f2d95bd190740cfd6a3ba9,ENQUEUED,0.3698633956767702,questions_in
2025-10-29T12:59:38.786463,PUBLISH,3a7d9f357d184a1c8055db8023c9404b,68f2d95bd190740cfd6a28c3,ENQUEUED,0.3166043727940918,questions_in
2025-10-29T12:59:39.096220,PUBLISH,de492068e26f4136b1947879f484dac8,68f2d95bd190740cfd6a3866,ENQUEUED,0.3047640566468507,questions_in
2025-10-29T12:59:39.526499,PUBLISH,18b8c2bd099041fea5e0df1b112d1cb7,68f2d95bd190740cfd6a3149,ENQUEUED,0.4283430389849199,questions_in
2025-10-29T12:59:39.848709,PUBLISH,4c5e85186ae84063881f7cc21493ac5c,68f2d95bd190740cfd6a1c88,ENQUEUED,0.3162689191277369,questions_in
2025-10-29T12:59:40.094749,PUBLISH,b51e21cadeab494bb644896aee3b9bbb,68f2d95bd190740cfd6a1e9f,ENQUEUED,0.24054841567993251,questions_in
2025-10-29T12:59:40.446402,PUBLISH,454ea512d29f45da8330bd532d5adbbc,68f2d95bd190740cfd6a38a3,ENQUEUED,0.3497721331229703,questions_in
2025-10-29T12:59:40.806425,PUBLISH,aca1061fe108417aadd263c9507f68ed,68f2d95bd190740cfd6a4162,ENQUEUED,0.3580913010718574,questions_in
2025-10-29T12:59:41.178438,PUBLISH,b3c41dd38c754e68aacf6d87ae39674f,68f2d95bd190740cfd6a1eb6,ENQUEUED,0.3654037068667183,questions_in
2025-10-29T12:59:41.406477,PUBLISH,28a42f6ae15d4be9be8d3c3f71907896,68f2d95bd190740cfd6a3db0,ENQUEUED,0.2230386447238052,questions_in
2025-10-29T12:59:41.794858,PUBLISH,8f72abe0c72e49e3a8aead277fbff680,68f2d95bd190740cfd6a2dbd,ENQUEUED,0.3816076862667803,questions_in
2025-10-29T12:59:41.949829,PUBLISH,4927ecadad3346a98674211df42a7c97,68f2d95bd190740cfd6a39a8,ENQUEUED,0.15285878077044357,questions_in
2025-10-29T12:59:42.110351,PUBLISH,a5cd2249c7014baba40ced6f8c3e4f27,68f2d95bd190740cfd6a1d37,ENQUEUED,0.1590741257359988,questions_in
2025-10-29T12:59:42.447204,PUBLISH,0b866ddd45304425a56b37fea0090821,68f2d95bd190740cfd6a2f5f,ENQUEUED,0.33487485596948574,questions_in
2025-10-29T12:59:42.922873,PUBLISH,8f1404c9d7214beab7ddd202dbd93c7c,68f2d95bd190740cfd6a2638,ENQUEUED,0.47345712836140263,questions_in
2025-10-29T12:59:43.218048,PUBLISH,c08325e950ef4559a95a1f9c7467bf8f,68f2d95bd190740cfd6a2512,ENQUEUED,0.2893571916475257,questions_in
2025-10-29T12:59:43.499567,PUBLISH,ac86058aa70942c4a2c7952d1ddeaa10,68f2d95bd190740cfd6a3a76,ENQUEUED,0.27979864481893957,questions_in
2025-10-29T12:59:43.733072,PUBLISH,acbaaeb7b37f4075b885be7047e21535,68f2d95bd190740cfd6a2cab,ENQUEUED,0.2316424493876218,questions_in
2025-10-29T12:59:44.039032,PUBLISH,b1824dcc255045468d07af739851a5a9,68f2d95bd190740cfd6a1eb8,ENQUEUED,0.3043477245687689,questions_in
2025-10-29T12:59:44.179649,PUBLISH,248a01cf52264c5e910cc93be291ba00,68f2d95bd190740cfd6a36f1,ENQUEUED,0.1354623230105534,questions_in
2025-10-29T12:59:44.639239,PUBLISH,ff274a3a879c47529481f6236174eb96,68f2d95bd190740cfd6a21b0,ENQUEUED,0.4539421823202968,questions_in
2025-10-29T12:59:44.843700,PUBLISH,377e7c8fcabe4e6c94b4f7cfaf4f085c,68f2d95bd190740cfd6a3e2c,ENQUEUED,0.1988053539432767,questions_in
2025-10-29T12:59:45.282271,PUBLISH,8dda6cc93e5144b081ebb7a7cb74fa68,68f2d95bd190740cfd6a41ae,ENQUEUED,0.43219945533352655,questions_in
2025-10-29T12:59:45.481490,PUBLISH,3ac608f9873248dfa3af033ae47e3f5b,68f2d95bd190740cfd6a3b19,ENQUEUED,0.19732150345214558,questions_in
2025-10-29T12:59:45.893181,PUBLISH,2062d03d23a641eabff70b7f36e08eb5,68f2d95bd190740cfd6a1dc6,ENQUEUED,0.4062030008951232,questions_in
2025-10-29T12:59:46.009297,PUBLISH,f1bd97beb2f74e06a5b23affc2fb1d4f,68f2d95bd190740cfd6a3902,ENQUEUED,0.11363187643301474,questions_in
2025-10-29T12:59:46.319278,PUBLISH,d5fa363b7d464859b7ed78a3cf32612f,68f2d95bd190740cfd6a33a0,ENQUEUED,0.30419098360191105,questions_in
2025-10-29T12:59:46.595037,PUBLISH,3b578bc65a9645da89b4a463aa289a3c,68f2d95bd190740cfd6a3215,ENQUEUED,0.2705527343873828,questions_in
2025-10-29T12:59:46.721245,PUBLISH,d9b06d552e81425b8a61da2c2795973f,68f2d95bd190740cfd6a411f,ENQUEUED,0.1240037610543206,questions_in
2025-10-29T12:59:46.945546,PUBLISH,b6bbd48533f34bf380eaf81903398212,68f2d95bd190740cfd6a234a,ENQUEUED,0.22263609645228732,questions_in
2025-10-29T12:59:47.064443,PUBLISH,2b96d66b9af04788b25a6246a7c17cd3,68f2d95bd190740cfd6a3de7,ENQUEUED,0.11242036805668652,questions_in
2025-10-29T12:59:47.246950,PUBLISH,809dc89bad8d407e9a13c37a08d94398,68f2d95bd190740cfd6a2342,ENQUEUED,0.17709877407650484,questions_in
2025-10-29T12:59:47.400800,PUBLISH,cabfcc162089404bb0baba630d9eb86a,68f2d95bd190740cfd6a3438,ENQUEUED,0.1478620332553184,questions_in
2025-10-29T12:59:47.717085,PUBLISH,f5eefcd31f594158bfe6d9afa9ec1f06,68f2d95bd190740cfd6a2266,ENQUEUED,0.3104538586807136,questions_in
2025-10-29T12:59:48.018052,PUBLISH,4a72b07095c7499ebd07ab0c69bf64d7,68f2d95bd190740cfd6a3160,ENQUEUED,0.29916644948105386,questions_in
2025-10-29T12:59:48.191316,PUBLISH,5e98194b3fc44b178574986084787dce,68f2d95bd190740cfd6a2a6f,ENQUEUED,0.17154667452499706,questions_in
2025-10-29T12:59:48.396160,PUBLISH,979af74c4ad44e379bf9a437c6973eb5,68f2d95bd190740cfd6a2904,ENQUEUED,0.19901813561574389,questions_in
2025-10-29T12:59:48.590730,PUBLISH,8f6267f6b3d44ad09ac45b21c38c247c,68f2d95bd190740cfd6a3ed2,ENQUEUED,0.18895213212893902,questions_in
2025-10-29T12:59:48.771911,PUBLISH,d86a2c88f4d5489b9c9c5195711db396,68f2d95bd190740cfd6a2308,ENQUEUED,0.17929809085392764,questions_in
2025-10-29T12:59:48.948853,PUBLISH,48357999550c4e7d9e9b82f2a3466487,68f2d95bd190740cfd6a39c2,ENQUEUED,0.16995232927407083,questions_in
2025-10-29T12:59:49.162157,PUBLISH,c01499d4a921460d8fc683d650e7212d,68f2d95bd190740cfd6a3e11,ENQUEUED,0.2077401294288074,questions_in
2025-10-29T12:59:49.336929,PUBLISH,b8c66cd880bc47cb81daa6fe26d7c40a,68f2d95bd190740cfd6a1ff8,ENQUEUED,0.16858429565807087,questions_in
2025-10-29T12:59:49.677370,PUBLISH,901b77645f424b769915e900703cda85,68f2d95bd190740cfd6a247e,ENQUEUED,0.33454140356239925,questions_in
2025-10-29T12:59:49.918986,PUBLISH,0ff440c0d8934b4fbcafacb15d621597,68f2d95bd190740cfd6a4069,ENQUEUED,0.2361456904885742,questions_in
2025-10-29T12:59:50.038750,PUBLISH,bc2fa68c31e24a79b041577cde3f6d8c,68f2d95bd190740cfd6a3f1e,ENQUEUED,0.11759170139344777,questions_in
2025-10-29T12:59:50.335718,PUBLISH,41068159b49b42488adacea48202c996,68f2d95bd190740cfd6a3cee,ENQUEUED,0.2954527551655762,questions_in
2025-10-29T12:59:50.526665,PUBLISH,ae9945bc71044411ba82234725b85db3,68f2d95bd190740cfd6a324c,ENQUEUED,0.1890530405830982,questions_in
2025-10-29T12:59:50.930315,PUBLISH,449e40316b32427995bc9cb5625ab5c5,68f2d95bd190740cfd6a1b77,ENQUEUED,0.39804528367978065,questions_in
2025-10-29T12:59:51.214282,PUBLISH,f8ce63d568994c968d13f0c7107ff160,68f2d95bd190740cfd6a3a0d,ENQUEUED,0.2782276175473708,questions_in
2025-10-29T12:59:51.435692,PUBLISH,02a0f65b424840a3b63b89cd5a5a4165,68f2d95bd190740cfd6a2281,ENQUEUED,0.21440512745923443,questions_in
2025-10-29T12:59:51.576140,PUBLISH,68861fb07a024f998c23b9a897bf0c56,68f2d95bd190740cfd6a3bdf,ENQUEUED,0.13482949427089674,questions_in
2025-10-29T12:59:51.918306,PUBLISH,9bb88b38a9c64657bbfb94da64c609d3,68f2d95bd190740cfd6a366b,ENQUEUED,0.34018494951035705,questions_in
2025-10-29T12:59:52.216464,PUBLISH,b355f9d7bc524d7a9d763f37e8f14243,68f2d95bd190740cfd6a31bc,ENQUEUED,0.29253589072774977,questions_in
2025-10-29T12:59:52.492672,PUBLISH,30e6741164384bdb8c28d0ee7b19f887,68f2d95bd190740cfd6a1c19,ENQUEUED,0.27414312823968345,questions_in
2025-10-29T12:59:52.954910,PUBLISH,d2e415c38d4c42dfa460eea9f55169d6,68f2d95bd190740cfd6a3c13,ENQUEUED,0.4558918673129916,questions_in
2025-10-29T12:59:53.435375,PUBLISH,d2b6676d30d34a0a944c9ae12c93472f,68f2d95bd190740cfd6a3dd1,ENQUEUED,0.47874447120423425,questions_in
2025-10-29T12:59:53.643625,PUBLISH,ddc3c0aa474e4c5da8c6667176a57c32,68f2d95bd190740cfd6a2af6,ENQUEUED,0.20551123226235646,questions_in
2025-10-29T12:59:54.001569,PUBLISH,93ddf138ceae40df8e5c83243e77291e,68f2d95bd190740cfd6a380e,ENQUEUED,0.355285698380569,questions_in
2025-10-29T12:59:54.372152,PUBLISH,00afa2e2803d45b3a4c56ffee56402d9,68f2d95bd190740cfd6a3e08,ENQUEUED,0.3676502474679011,questions_in
2025-10-29T12:59:54.566175,PUBLISH,11f360acbd8a45f6ab5ea270423e66dc,68f2d95bd190740cfd6a3d73,ENQUEUED,0.19212633063149892,questions_in
2025-10-29T12:59:54.670235,PUBLISH,0218675ebc0f4b739135d7093c552e82,68f2d95bd190740cfd6a237a,ENQUEUED,0.1021833175251059,questions_in
2025-10-29T12:59:55.151493,PUBLISH,6a538100f5ca4636b4da1de7423eb5c4,68f2d95bd190740cfd6a3e33,ENQUEUED,0.4784781860540842,questions_in
2025-10-29T12:59:55.537532,PUBLISH,1fa3ec4534404f879c558e118699b8fc,68f2d95bd190740cfd6a3337,ENQUEUED,0.3838847647519895,questions_in
2025-10-29T12:59:55.713708,PUBLISH,8d029c25e1b745a587943a449e608e33,68f2d95bd190740cfd6a34a2,ENQUEUED,0.1704053237736411,questions_in
2025-10-29T12:59:55.842225,PUBLISH,f3785768c6b0452abe4477bf437f35fc,68f2d95bd190740cfd6a3b65,ENQUEUED,0.12437078306270842,questions_in
2025-10-29T12:59:56.154636,PUBLISH,1f8fbd69966444ae9d5e232914127326,68f2d95bd190740cfd6a415e,ENQUEUED,0.3060267921357838,questions_in
2025-10-29T12:59:56.355148,PUBLISH,7c6bb129c3594b8cb79f3ad5bc175efa,68f2d95bd190740cfd6a319f,ENQUEUED,0.19456495274751126,questions_in
2025-10-29T12:59:56.683195,PUBLISH,e438c7faa19146d68c664031712c8807,68f2d95bd190740cfd6a31cf,ENQUEUED,0.32275860323583344,questions_in
2025-10-29T12:59:56.877198,PUBLISH,1749e71daae34c46830cf8bad2545fb9,68f2d95bd190740cfd6a2e52,ENQUEUED,0.18780798866967327,questions_in
2025-10-29T12:59:57.361057,PUBLISH,aafca8965a5743a499ff4abf8c5c3ced,68f2d95bd190740cfd6a3e08,ENQUEUED,0.48205088432706467,questions_in
2025-10-29T12:59:57.630431,PUBLISH,45c782b9299348ffb5219cbc039aa5fb,68f2d95bd190740cfd6a203c,ENQUEUED,0.2675966675001802,questions_in
2025-10-29T12:59:57.893888,PUBLISH,85c063ba818e420781715053d0d7c14f,68f2d95bd190740cfd6a2a63,ENQUEUED,0.25796328729344087,questions_in
2025-10-29T12:59:58.238665,PUBLISH,b57e326ff0944caba6e47589d9a18d96,68f2d95bd190740cfd6a328a,ENQUEUED,0.33873033178719375,questions_in
2025-10-29T12:59:58.350729,PUBLISH,27f53ff66b014be6ab04c3053546ad5e,68f2d95bd190740cfd6a2d36,ENQUEUED,0.10963612992666186,questions_in
2025-10-29T12:59:58.811991,PUBLISH,b63d296dcfcd40e990986866e2ebd5db,68f2d95bd190740cfd6a35a1,ENQUEUED,0.45597459511316896,questions_in
2025-10-29T12:59:59.145091,PUBLISH,436168070bd547d0aba3af1d25302c43,68f2d95bd190740cfd6a212d,ENQUEUED,0.3271324705134928,questions_in
2025-10-29T12:59:59.546778,PUBLISH,abb4055556cd4cd4b75196e295a705e9,68f2d95bd190740cfd6a3819,ENQUEUED,0.39948919049721876,questions_in
2025-10-29T12:59:59.914397,PUBLISH,c3362eb3ce694704b9aec0c01f2f9c91,68f2d95bd190740cfd6a286b,ENQUEUED,0.3613723448946027,questions_in
2025-10-29T13:00:00.018883,PUBLISH,671ca043ac814f12a377bee87cd70f38,68f2d95bd190740cfd6a348d,ENQUEUED,0.10210703297601859,questions_in
2025-10-29T13:00:00.249876,PUBLISH,752872933ffe4a17abc3ae8661736795,68f2d95bd190740cfd6a1bf1,ENQUEUED,0.22565780991545312,questions_in
2025-10-29T13:00:00.449721,PUBLISH,cc435038233c4bceb7b922b54cbf08cf,68f2d95bd190740cfd6a3560,ENQUEUED,0.1976934324763783,questions_in
2025-10-29T13:00:00.920437,PUBLISH,288399260c2045da85c7ccf1003dde53,68f2d95bd190740cfd6a1f37,ENQUEUED,0.4692213660093628,questions_in
2025-10-29T13:00:01.035270,PUBLISH,f6dde47f7f2f485aa8d5a966f6f73bfa,68f2d95bd190740cfd6a30be,ENQUEUED,0.11335340263492584,questions_in
2025-10-29T13:00:01.445628,PUBLISH,d27507a41d554c4a98d477e85eb64a69,68f2d95bd190740cfd6a2f21,ENQUEUED,0.4032518479191799,questions_in
2025-10-29T13:00:01.637062,PUBLISH,2ede7901249340d5b1e261188bd91eea,68f2d95bd190740cfd6a2503,ENQUEUED,0.1891574677658201,questions_in
2025-10-29T13:00:01.913884,PUBLISH,89fc83c21c7e44f8b9a0d2f82b5b1178,68f2d95bd190740cfd6a3b82,ENQUEUED,0.2740811454209011,questions_in
2025-10-29T13:00:02.067693,PUBLISH,ed0aaa1805f9401faebff8de5cd45d4d,68f2d95bd190740cfd6a1efc,ENQUEUED,0.1514698787009917,questions_in
2025-10-29T13:00:02.374902,PUBLISH,81743d0a3e704a5b9e3ca6cb8cd67214,68f2d95bd190740cfd6a332e,ENQUEUED,0.3017891211379947,questions_in
2025-10-29T13:00:02.622274,PUBLISH,b56000b9190d4748a16e5b106b51b2c0,68f2d95bd190740cfd6a3549,ENQUEUED,0.2458561189241657,questions_in
2025-10-29T13:00:02.910046,PUBLISH,c61b0b6bad8e4e74896b41d165251f54,68f2d95bd190740cfd6a2baf,ENQUEUED,0.28259167828366705,questions_in
2025-10-29T13:00:03.358545,PUBLISH,5aeb7fa5176c4d0eb13f584c8326ee82,68f2d95bd190740cfd6a261b,ENQUEUED,0.4467473200438056,questions_in
2025-10-29T13:00:03.540245,PUBLISH,ed23cbc046464472acd04589f2b5046f,68f2d95bd190740cfd6a3631,ENQUEUED,0.17990023608555497,questions_in
2025-10-29T13:00:03.816172,PUBLISH,7ef32dc5a27f42f2ba4c621b16062d7c,68f2d95bd190740cfd6a280a,ENQUEUED,0.27009730224707773,questions_in
2025-10-29T13:00:04.132862,PUBLISH,0853e5f639a54962b510093493f89f24,68f2d95bd190740cfd6a417f,ENQUEUED,0.3112211221990624,questions_in
2025-10-29T13:00:04.382672,PUBLISH,55595548bf8e4eaa85afc6f74aacad1e,68f2d95bd190740cfd6a35d2,ENQUEUED,0.24798253294349443,questions_in
2025-10-29T13:00:04.601168,PUBLISH,ef7120be9ab54d75b3dc3c0f431bc94d,68f2d95bd190740cfd6a1d3f,ENQUEUED,0.21449879398867389,questions_in
2025-10-29T13:00:04.832557,PUBLISH,1fa8c1875f624aa9932af8b9de41f49e,68f2d95bd190740cfd6a3c6e,ENQUEUED,0.2294632955372777,questions_in
2025-10-29T13:00:04.982249,PUBLISH,e7482d12576846d4b2ddfdb42cd89d97,68f2d95bd190740cfd6a3ec4,ENQUEUED,0.14783396694285825,questions_in
2025-10-29T13:00:05.228010,PUBLISH,5f8dffdb8a2d43cbbf7d50c86afe6671,68f2d95bd190740cfd6a1b28,ENQUEUED,0.238726935928477,questions_in
2025-10-29T13:00:05.707207,PUBLISH,82d5c6620244444ebe5ec503b0b8b9a5,68f2d95bd190740cfd6a3d7c,ENQUEUED,0.47760120752782176,questions_in
2025-10-29T13:00:05.919258,PUBLISH,d44c014ce26f43eda9506d270e9f76fb,68f2d95bd190740cfd6a25d5,ENQUEUED,0.20639386184934347,questions_in
2025-10-29T13:00:06.038797,PUBLISH,259361a7b6df40a78eb9104fcc054fdc,68f2d95bd190740cfd6a1ba8,ENQUEUED,0.11329075226723972,questions_in
2025-10-29T13:00:06.157308,PUBLISH,8ae1be9bfec941b29066c41a0463a6ff,68f2d95bd190740cfd6a333f,ENQUEUED,0.11291589234109822,questions_in
2025-10-29T13:00:06.557247,PUBLISH,b58659f1344c4eb897d0dc87964dfa90,68f2d95bd190740cfd6a2189,ENQUEUED,0.39459333498866955,questions_in
2025-10-29T13:00:06.770349,PUBLISH,8043e0ecc2804dfa941881f76619ce88,68f2d95bd190740cfd6a32b4,ENQUEUED,0.2113125285750931,questions_in
2025-10-29T13:00:07.273088,PUBLISH,e9399848c36b410e825573d619dfcf5b,68f2d95bd190740cfd6a2a46,ENQUEUED,0.4962230679686347,questions_in
2025-10-29T13:00:07.504060,PUBLISH,ded4750185ce41c1b0250c735942054e,68f2d95bd190740cfd6a3890,ENQUEUED,0.22900227032056075,questions_in
2025-10-29T13:00:07.969361,PUBLISH,ee28b0c715924972a6394e68a0b4d1eb,68f2d95bd190740cfd6a4095,ENQUEUED,0.4633681895374565,questions_in
2025-10-29T13:00:08.111859,PUBLISH,01ea064742c448b18516eddd3aeef8fa,68f2d95bd190740cfd6a30ae,ENQUEUED,0.1406586694521033,questions_in
2025-10-29T13:00:08.517337,PUBLISH,e723c3926b7f4c17865da6d85ad7469e,68f2d95bd190740cfd6a1cb4,ENQUEUED,0.4035472537117729,questions_in
2025-10-29T13:00:09.015732,PUBLISH,218d0c0cff0642ad805eea9f5393a024,68f2d95bd190740cfd6a39ab,ENQUEUED,0.4967112875253147,questions_in
2025-10-29T13:00:09.407359,PUBLISH,90c8c7802a494184b8c72cd8cdaffaa3,68f2d95bd190740cfd6a231e,ENQUEUED,0.3882442248364637,questions_in
2025-10-29T13:00:09.819553,PUBLISH,78cf48394da8453ea62aec51a2c88338,68f2d95bd190740cfd6a31ee,ENQUEUED,0.4105842813544205,questions_in
2025-10-29T13:00:10.100392,PUBLISH,d6075956c528470aa89a5ab5deffb893,68f2d95bd190740cfd6a326d,ENQUEUED,0.27315279757986877,questions_in
2025-10-29T13:00:10.423911,PUBLISH,f80966b829b846de9a0ebdfd702a662b,68f2d95bd190740cfd6a2060,ENQUEUED,0.3185072204382612,questions_in
2025-10-29T13:00:10.598363,PUBLISH,b085d24cb2bd46b9b3c2f484fbdeb988,68f2d95bd190740cfd6a41c6,ENQUEUED,0.17298321636444572,questions_in
2025-10-29T13:00:10.964589,PUBLISH,5e0afeff64034c07aadca820623a3a00,68f2d95bd190740cfd6a371e,ENQUEUED,0.3642688925721197,questions_in
2025-10-29T13:00:11.081560,PUBLISH,75d288cf42134f71b19ad624b7207c17,68f2d95bd190740cfd6a3014,ENQUEUED,0.11074563738712234,questions_in
2025-10-29T13:00:11.339360,PUBLISH,57848436068b4ce99f0f055e7a1d138e,68f2d95bd190740cfd6a3284,ENQUEUED,0.2521272662030831,questions_in
2025-10-29T13:00:11.623314,PUBLISH,13f7b8025a914ea38ef0cf74e47d2dda,68f2d95bd190740cfd6a2736,ENQUEUED,0.28108169922217685,questions_in
2025-10-29T13:00:11.741296,PUBLISH,b7c3b407579e4e588ae6a0549c991dfb,68f2d95bd190740cfd6a1b86,ENQUEUED,0.10909714463589998,questions_in
2025-10-29T13:00:11.891117,PUBLISH,8cc10c7911c5400d872f1e046b4d6ac8,68f2d95bd190740cfd6a341b,ENQUEUED,0.1435935871197773,questions_in
2025-10-29T13:00:12.085241,PUBLISH,e128d8b3a84e45f28c271cee4b4a8cec,68f2d95bd190740cfd6a36f2,ENQUEUED,0.1909742745035306,questions_in
2025-10-29T13:00:12.336551,PUBLISH,8ca55ee135f3447d8e4dcfd8be29df49,68f2d95bd190740cfd6a4065,ENQUEUED,0.24939883331483853,questions_in
2025-10-29T13:00:12.599620,PUBLISH,642532e692754cf899d3f4a3dc9ac06f,68f2d95bd190740cfd6a4019,ENQUEUED,0.26112999606098686,questions_in
2025-10-29T13:00:12.930746,PUBLISH,b32711fbf00846ef9a5459bea943b9ab,68f2d95bd190740cfd6a370c,ENQUEUED,0.328824245712409,questions_in
2025-10-29T13:00:13.038892,PUBLISH,ad2afa3f37f74712aee0b0d2a5cd4ec1,68f2d95bd190740cfd6a2d8e,ENQUEUED,0.10675343521812897,questions_in
2025-10-29T13:00:13.532045,PUBLISH,4a25df5952394bc0a92917bd39b81d94,68f2d95bd190740cfd6a289c,ENQUEUED,0.48723317852307235,questions_in
2025-10-29T13:00:13.684629,PUBLISH,a4491614bfa94b85a82767fd6667cf42,68f2d95bd190740cfd6a38ad,ENQUEUED,0.146392781214836,questions_in
2025-10-29T13:00:14.146515,PUBLISH,bbd3fdd2f21f45bfa673385af7e6eabc,68f2d95bd190740cfd6a3359,ENQUEUED,0.4597551488128173,questions_in
2025-10-29T13:00:14.503362,PUBLISH,cb671f74a7564f828a160d5718d2ef85,68f2d95bd190740cfd6a1e51,ENQUEUED,0.3549841698162771,questions_in
2025-10-29T13:00:14.845949,PUBLISH,8733b5539f7c49a09189edb94cd30736,68f2d95bd190740cfd6a3348,ENQUEUED,0.33633597565390017,questions_in
2025-10-29T13:00:15.239052,PUBLISH,d682e9785a9b454f94b5004606cb831d,68f2d95bd190740cfd6a3b4a,ENQUEUED,0.38704357824656066,questions_in
2025-10-29T13:00:15.364989,PUBLISH,1375d599f27b43789a80cebfd44be5fe,68f2d95bd190740cfd6a3cdb,ENQUEUED,0.12034496959787395,questions_in
2025-10-29T13:00:15.641030,PUBLISH,fb24a3caad664e59a579139f30548a24,68f2d95bd190740cfd6a2344,ENQUEUED,0.27042603017371725,questions_in
2025-10-29T13:00:16.023098,PUBLISH,6406b364673c45168a12057c3a0bd776,68f2d95bd190740cfd6a32b6,ENQUEUED,0.3797459687728614,questions_in
2025-10-29T13:00:16.160630,PUBLISH,54a9681ea13d4e8e9cf38795afcc755a,68f2d95bd190740cfd6a2cd4,ENQUEUED,0.13594449837262323,questions_in
2025-10-29T13:00:16.291857,PUBLISH,6e6c96a180da4b7aa42ae891bc71a610,68f2d95bd190740cfd6a289e,ENQUEUED,0.12707205483793543,questions_in
2025-10-29T13:00:16.477831,PUBLISH,9833a356dade45988c7d5ce653e0d477,68f2d95bd190740cfd6a21f8,ENQUEUED,0.18350953167794973,questions_in
2025-10-29T13:00:16.928400,PUBLISH,3d645ff08d0d45398d5f9f7f821d0fa4,68f2d95bd190740cfd6a3829,ENQUEUED,0.44851349021213116,questions_in
2025-10-29T13:00:17.093594,PUBLISH,afbd0b08354f4a62b5239f143f2c249f,68f2d95bd190740cfd6a3b48,ENQUEUED,0.15751679010839792,questions_in
2025-10-29T13:00:17.298688,PUBLISH,8b58e81b7d464a679c65027e3c3689f9,68f2d95bd190740cfd6a413f,ENQUEUED,0.1989709125714991,questions_in
2025-10-29T13:00:17.698007,PUBLISH,c63bbd2ba87740b9b48ae4ecbd3ff6bf,68f2d95bd190740cfd6a3ac8,ENQUEUED,0.3936121063999837,questions_in
2025-10-29T13:00:18.100996,PUBLISH,ddfd1ebb99f5465fadd64ef3c559618d,68f2d95bd190740cfd6a1f35,ENQUEUED,0.4011449105350746,questions_in
2025-10-29T13:00:18.240587,PUBLISH,29ce10ed40214b30998f09b89c2e5c82,68f2d95bd190740cfd6a3b09,ENQUEUED,0.1311854611288691,questions_in
2025-10-29T13:00:18.673323,PUBLISH,1ebd5ecd998543e8928c7352427091c2,68f2d95bd190740cfd6a222e,ENQUEUED,0.4274314094290307,questions_in
2025-10-29T13:00:18.856334,PUBLISH,4fb33a8109e54ef0a8ecbd6d29c2c177,68f2d95bd190740cfd6a28b6,ENQUEUED,0.1770667053141225,questions_in
2025-10-29T13:00:19.261416,PUBLISH,8eca551b60284d53b48a1f2ac9628f18,68f2d95bd190740cfd6a3b77,ENQUEUED,0.403167850843546,questions_in
2025-10-29T13:00:19.471745,PUBLISH,b3a3b69e7ec1412c928bbae426a2e0e6,68f2d95bd190740cfd6a1ca4,ENQUEUED,0.20882128828692262,questions_in
2025-10-29T13:00:19.835592,PUBLISH,2e11251de3bc481bbb15091a8a70c07f,68f2d95bd190740cfd6a2750,ENQUEUED,0.35733832322892056,questions_in
2025-10-29T13:00:19.956215,PUBLISH,156c2615c9c8499da5f08a84e54f0d3e,68f2d95bd190740cfd6a3152,ENQUEUED,0.11675510052972014,questions_in
2025-10-29T13:00:20.329350,PUBLISH,c80c0318ae0844d398ad20c9535a51a1,68f2d95bd190740cfd6a3129,ENQUEUED,0.3706791585033108,questions_in
2025-10-29T13:00:20.756050,PUBLISH,5a96355e7aaf4c1a9e739f76f615fd03,68f2d95bd190740cfd6a38ab,ENQUEUED,0.41979604473428445,questions_in
2025-10-29T13:00:20.981093,PUBLISH,1c9708ec47c84c93a5288db18ca9cd25,68f2d95bd190740cfd6a24bd,ENQUEUED,0.2224419603081747,questions_in
2025-10-29T13:00:21.195238,PUBLISH,33320e6c563f439cbb443a2b890ab79f,68f2d95bd190740cfd6a1b47,ENQUEUED,0.2125596933623875,questions_in
2025-10-29T13:00:21.485849,PUBLISH,d461ae3cc0254edd9268e468a7029dcd,68f2d95bd190740cfd6a3724,ENQUEUED,0.2890071396814101,questions_in
2025-10-29T13:00:21.687681,PUBLISH,0b20107f6f8a401791b27b4ba1ec5569,68f2d95bd190740cfd6a2c07,ENQUEUED,0.19603413295545014,questions_in
2025-10-29T13:00:22.119272,PUBLISH,16e407342fef40838f4ee33b4fde491b,68f2d95bd190740cfd6a2ca2,ENQUEUED,0.42569869263306803,questions_in
2025-10-29T13:00:22.275633,PUBLISH,aa816c8b5d5547cbb74209e5d287fefb,68f2d95bd190740cfd6a2705,ENQUEUED,0.1503996845117612,questions_in
2025-10-29T13:00:22.389248,PUBLISH,a6c639ac9ac249858d02016386dbe51a,68f2d95bd190740cfd6a3fad,ENQUEUED,0.10695306355894676,questions_in
2025-10-29T13:00:22.599154,PUBLISH,f70e89d3d9844614a342bf9c2f7c5948,68f2d95bd190740cfd6a3366,ENQUEUED,0.2041303471555486,questions_in
2025-10-29T13:00:22.953907,PUBLISH,583c0c5729864790952621cbf2204dda,68f2d95bd190740cfd6a1f9b,ENQUEUED,0.3471580292461688,questions_in
2025-10-29T13:00:23.070056,PUBLISH,6be4badf857942dbbfb9b8a42c737199,68f2d95bd190740cfd6a21f4,ENQUEUED,0.11050569401516569,questions_in
2025-10-29T13:00:23.502619,PUBLISH,eecd33e251fe4788833eefd91a4eb9d7,68f2d95bd190740cfd6a28d2,ENQUEUED,0.43076667959489245,questions_in
2025-10-29T13:00:23.772472,PUBLISH,e14f08d1282f47a1b019be3eaa3cad37,68f2d95bd190740cfd6a22b0,ENQUEUED,0.26792958957547497,questions_in
2025-10-29T13:00:24.184562,PUBLISH,20e5bef14e714edb94a88946fe84a416,68f2d95bd190740cfd6a2177,ENQUEUED,0.4064056171401148,questions_in
2025-10-29T13:00:24.666757,PUBLISH,78a5a6be9c8c4d71a7227ad215c05cbd,68f2d95bd190740cfd6a26b7,ENQUEUED,0.4793427392803098,questions_in
2025-10-29T13:00:25.022287,PUBLISH,13f95c19f7634ac28e99ce0f7d1843d2,68f2d95bd190740cfd6a2768,ENQUEUED,0.34879914022347813,questions_in
2025-10-29T13:00:25.225184,PUBLISH,7976ae72a05644f2a8a2f556c79b5455,68f2d95bd190740cfd6a211a,ENQUEUED,0.20098418366448934,questions_in
2025-10-29T13:00:25.457652,PUBLISH,9930d5e8b9f34f0b852ebc977214ecab,68f2d95bd190740cfd6a30f7,ENQUEUED,0.22907123369042406,questions_in
2025-10-29T13:00:25.764667,PUBLISH,d94d21f41fcb4bbda7355a3c21a5592a,68f2d95bd190740cfd6a24df,ENQUEUED,0.3055158932250087,questions_in
2025-10-29T13:00:26.086037,PUBLISH,4a7077b713174991b79431de408a85c2,68f2d95bd190740cfd6a3322,ENQUEUED,0.3154232153908535,questions_in
2025-10-29T13:00:26.401236,PUBLISH,b995bc5ce38141acb47b5fc87c2b1c86,68f2d95bd190740cfd6a2acb,ENQUEUED,0.3094676972045426,questions_in
2025-10-29T13:00:26.872019,PUBLISH,293788c3af7843ae81a557f95ea188a6,68f2d95bd190740cfd6a1bf3,ENQUEUED,0.46713575667650564,questions_in
2025-10-29T13:00:27.262163,PUBLISH,12a2667a2ca74dd69b74cb495594b32e,68f2d95bd190740cfd6a371e,ENQUEUED,0.38867059149559546,questions_in
2025-10-29T13:00:27.575735,PUBLISH,4dccd62cef844a719cc78aaae2110b8f,68f2d95bd190740cfd6a38ff,ENQUEUED,0.31140565169125534,questions_in
2025-10-29T13:00:27.795378,PUBLISH,f53386698fad43c6a2f423aba0107906,68f2d95bd190740cfd6a3408,ENQUEUED,0.21528541721004363,questions_in
2025-10-29T13:00:28.089078,PUBLISH,00363550e8d340e5a086fef4e6b296ef,68f2d95bd190740cfd6a407a,ENQUEUED,0.2885540764558035,questions_in
2025-10-29T13:00:28.573666,PUBLISH,faea6387e1ab4d8dbf4776bcee46ef00,68f2d95bd190740cfd6a26e8,ENQUEUED,0.48238266720056944,questions_in
2025-10-29T13:00:28.976282,PUBLISH,4f7b558a238143f4bd05dc0e6510abf7,68f2d95bd190740cfd6a1e35,ENQUEUED,0.40070752887663996,questions_in
2025-10-29T13:00:29.445481,PUBLISH,45bc94182fd0464aa6192228a967826d,68f2d95bd190740cfd6a22b4,ENQUEUED,0.4633968729639655,questions_in
2025-10-29T13:00:29.824755,PUBLISH,ee952ef69b68480885c912993e75fb6c,68f2d95bd190740cfd6a37ef,ENQUEUED,0.3769480701103286,questions_in
2025-10-29T13:00:30.013867,PUBLISH,12c3050522394125a08f8ca6de81d67a,68f2d95bd190740cfd6a3889,ENQUEUED,0.18740500621627398,questions_in
2025-10-29T13:00:30.135266,PUBLISH,c3fb36f22c9048c88d604b10928ef79c,68f2d95bd190740cfd6a1c30,ENQUEUED,0.11604157904637158,questions_in
2025-10-29T13:00:30.541361,PUBLISH,f03bc14b3bd74ef992dc1d23b6be977d,68f2d95bd190740cfd6a2c12,ENQUEUED,0.4041482951214036,questions_in
2025-10-29T13:00:30.982473,PUBLISH,554b2514b11b4b9db3fc7f0e14ce6365,68f2d95bd190740cfd6a2232,ENQUEUED,0.4382101992130475,questions_in
2025-10-29T13:00:31.247788,PUBLISH,f1765a651831481cbc827356eaae8191,68f2d95bd190740cfd6a1c52,ENQUEUED,0.259910928316284,questions_in
2025-10-29T13:00:31.661526,PUBLISH,969853e9b61e4e4ea617b10536dfb6de,68f2d95bd190740cfd6a2a01,ENQUEUED,0.4109823976828454,questions_in
2025-10-29T13:00:31.779622,PUBLISH,692d297e511840918b0a91cb71ca2078,68f2d95bd190740cfd6a3b10,ENQUEUED,0.11649643785083207,questions_in
2025-10-29T13:00:32.039209,PUBLISH,baff6e7623bd4c798938ad84e8367277,68f2d95bd190740cfd6a3743,ENQUEUED,0.25786023095560096,questions_in
2025-10-29T13:00:32.435386,PUBLISH,9be78d61874446b1a409a8868e430807,68f2d95bd190740cfd6a4155,ENQUEUED,0.3905728112473702,questions_in
2025-10-29T13:00:32.735324,PUBLISH,d801cdbf95824d44a2bf24ba114d8aa4,68f2d95bd190740cfd6a2a2e,ENQUEUED,0.29399706641889756,questions_in
2025-10-29T13:00:32.858020,PUBLISH,77badf799184453e9101d6bbbbed0a08,68f2d95bd190740cfd6a3e96,ENQUEUED,0.1193742625059433,questions_in
2025-10-29T13:00:32.975288,PUBLISH,961468c2188e4b54af8fb26ced1be437,68f2d95bd190740cfd6a1d7e,ENQUEUED,0.11092292168195282,questions_in
2025-10-29T13:00:33.295122,PUBLISH,940789b4347a4ae3bde024cc1cab5500,68f2d95bd190740cfd6a36e0,ENQUEUED,0.3167653706331808,questions_in
2025-10-29T13:00:33.581487,PUBLISH,2900100b12d74afaaabad82852e4a777,68f2d95bd190740cfd6a3b70,ENQUEUED,0.28438967295400763,questions_in
2025-10-29T13:00:33.856516,PUBLISH,b947d66900994587a713f01d9a3b906f,68f2d95bd190740cfd6a3f44,ENQUEUED,0.2725477030234945,questions_in
2025-10-29T13:00:34.233770,PUBLISH,118ed2be8e674421a2e902bb8b1a5fc2,68f2d95bd190740cfd6a398b,ENQUEUED,0.36998145753444356,questions_in
2025-10-29T13:00:34.514036,PUBLISH,00c3d32e003146f6b773df953eb3b539,68f2d95bd190740cfd6a2fce,ENQUEUED,0.2742749239476904,questions_in
2025-10-29T13:00:34.832701,PUBLISH,4223aeb7f2dc4f158420dffe93a42d59,68f2d95bd190740cfd6a3da3,ENQUEUED,0.31306281065817565,questions_in
2025-10-29T13:00:35.230495,PUBLISH,0c3064c1a8294586ad202e536d677435,68f2d95bd190740cfd6a3296,ENQUEUED,0.3946267985640205,questions_in
2025-10-29T13:00:35.406429,PUBLISH,d226c6a46cc64a7a95c7370edc72df1c,68f2d95bd190740cfd6a2a61,ENQUEUED,0.17023813282743988,questions_in
2025-10-29T13:00:35.803079,PUBLISH,43ade9341ef640fd915c20d0521d3724,68f2d95bd190740cfd6a3334,ENQUEUED,0.39137254032385227,questions_in
2025-10-29T13:00:36.203296,PUBLISH,b1654e1f959f4a328fb4dff183d6c0f9,68f2d95bd190740cfd6a2f2a,ENQUEUED,0.3946877013216611,questions_in
2025-10-29T13:00:36.399308,PUBLISH,eb45df403b444d76aeb525881ae66882,68f2d95bd190740cfd6a364e,ENQUEUED,0.19089285507565737,questions_in
2025-10-29T13:00:36.879930,PUBLISH,3aa94ab603ad463996cb48e5fc247678,68f2d95bd190740cfd6a25dd,ENQUEUED,0.4788651456453801,questions_in
2025-10-29T13:00:37.359354,PUBLISH,0a9ccdfb97ff4e10aee239cda1b0dfe6,68f2d95bd190740cfd6a2c6d,ENQUEUED,0.4737103322724864,questions_in
2025-10-29T13:00:37.596057,PUBLISH,8c8c0d898071477e9e412e69f4d39ebf,68f2d95bd190740cfd6a3fa3,ENQUEUED,0.2300833243557494,questions_in
2025-10-29T13:00:38.049491,PUBLISH,afcdc52e9ba74995b38d327324b1b213,68f2d95bd190740cfd6a3074,ENQUEUED,0.45165932386698415,questions_in
2025-10-29T13:00:38.541888,PUBLISH,f29f48862a8b420cbc474c6477ea0ab3,68f2d95bd190740cfd6a2637,ENQUEUED,0.4901369476816474,questions_in
2025-10-29T13:00:38.808486,PUBLISH,4c78ee14bca140cdaefb8263ba9c23cf,68f2d95bd190740cfd6a2d52,ENQUEUED,0.26056708332933554,questions_in
2025-10-29T13:00:38.921456,PUBLISH,0ca8d2cf4b4d468a8bf039bfc1bad060,68f2d95bd190740cfd6a3096,ENQUEUED,0.11147831574874655,questions_in
2025-10-29T13:00:39.268860,PUBLISH,072eb01380164e0c885b71955e10c78c,68f2d95bd190740cfd6a2bd2,ENQUEUED,0.3416080621376102,questions_in
2025-10-29T13:00:39.607856,PUBLISH,71574e62fc4d4473b6f9c35e46ee9c14,68f2d95bd190740cfd6a2a83,ENQUEUED,0.3368695849162471,questions_in
2025-10-29T13:00:40.103492,PUBLISH,b7aae2351a6c428a96442a396a309663,68f2d95bd190740cfd6a3b48,ENQUEUED,0.4896856715703065,questions_in
2025-10-29T13:00:40.563188,PUBLISH,d3410c73ae6b406d98c80c2483eca01f,68f2d95bd190740cfd6a4180,ENQUEUED,0.4576460566494519,questions_in
2025-10-29T13:00:41.001019,PUBLISH,465484b6c9d143b6b7d3c339162515f0,68f2d95bd190740cfd6a2e19,ENQUEUED,0.43601860528974545,questions_in
2025-10-29T13:00:41.226591,PUBLISH,6c0e6bde322d4321a8e8b9abacdfed90,68f2d95bd190740cfd6a3af3,ENQUEUED,0.21724916390806778,questions_in
2025-10-29T13:00:41.728659,PUBLISH,8bb30fda75c546ff81a5ceb01ee64ee3,68f2d95bd190740cfd6a2084,ENQUEUED,0.4960678807236295,questions_in
2025-10-29T13:00:42.065502,PUBLISH,0ed127575be34344a56751258eaa8ea2,68f2d95bd190740cfd6a3a90,ENQUEUED,0.3310475086055199,questions_in
2025-10-29T13:00:42.248716,PUBLISH,d48673ec8e524ea6beed5dea3087f267,68f2d95bd190740cfd6a40fe,ENQUEUED,0.1779247268701971,questions_in
2025-10-29T13:00:42.441277,PUBLISH,5b68039a51e2412b81657ab10f10f250,68f2d95bd190740cfd6a26b3,ENQUEUED,0.18368670124449404,questions_in
2025-10-29T13:00:42.931471,PUBLISH,2789eeb63abf4cd5a4b9699a92350f29,68f2d95bd190740cfd6a34d7,ENQUEUED,0.48862224499453955,questions_in
2025-10-29T13:00:43.251668,PUBLISH,c9423733b112430798995a242d86a3de,68f2d95bd190740cfd6a3c3d,ENQUEUED,0.3182079299492542,questions_in
2025-10-29T13:00:43.665001,PUBLISH,2fcdcb4e5caa4f0cba2efd4d65e3d9a9,68f2d95bd190740cfd6a1da3,ENQUEUED,0.4068746676853111,questions_in
2025-10-29T13:00:44.007121,PUBLISH,96e50745007d4d349693709d004ca8fd,68f2d95bd190740cfd6a2405,ENQUEUED,0.33956566759557116,questions_in
2025-10-29T13:00:44.335772,PUBLISH,74759d8253dc44148222b5010628f3a7,68f2d95bd190740cfd6a3431,ENQUEUED,0.32325000993095754,questions_in
2025-10-29T13:00:44.637563,PUBLISH,2c250431522b4e83abc61082969b4036,68f2d95bd190740cfd6a3266,ENQUEUED,0.30024768614051955,questions_in
2025-10-29T13:00:44.951263,PUBLISH,dd21857ac03f4f128f9e38b2344f8aaf,68f2d95bd190740cfd6a2232,ENQUEUED,0.31106246441442686,questions_in
2025-10-29T13:00:45.288115,PUBLISH,7210d5caeff2482c8ce4b0e5218000ed,68f2d95bd190740cfd6a1cc4,ENQUEUED,0.3306786883202315,questions_in
2025-10-29T13:00:45.556185,PUBLISH,62aae135792340cc9d5574ac1f4cacc2,68f2d95bd190740cfd6a40a1,ENQUEUED,0.26614085785356206,questions_in
2025-10-29T13:00:46.013416,PUBLISH,732be6780ee24f4ea90bcbc8f12c05b4,68f2d95bd190740cfd6a2a21,ENQUEUED,0.45537135187531563,questions_in
2025-10-29T13:00:46.491121,PUBLISH,e9fbcdd219cc49429e04ebd160753d6a,68f2d95bd190740cfd6a36f6,ENQUEUED,0.4713842897398176,questions_in
2025-10-29T13:00:46.677585,PUBLISH,ed439e88078b440aa513cd8f21d0ec55,68f2d95bd190740cfd6a36f1,ENQUEUED,0.18113187091193914,questions_in
2025-10-29T13:00:47.116490,PUBLISH,15e7e7c55d8a4f90b83e6e58fafb1593,68f2d95bd190740cfd6a293c,ENQUEUED,0.4333071730910082,questions_in
2025-10-29T13:00:47.497854,PUBLISH,4fd658b1c1964874a868482ea77c296a,68f2d95bd190740cfd6a254b,ENQUEUED,0.3786365009276055,questions_in
2025-10-29T13:00:47.724593,PUBLISH,065b61867223401eb8943a336a5b9c9b,68f2d95bd190740cfd6a3dc9,ENQUEUED,0.22517442464353718,questions_in
2025-10-29T13:00:48.223058,PUBLISH,bd19a8150e234232aaa372c7ed9ec96d,68f2d95bd190740cfd6a3895,ENQUEUED,0.4961035125502301,questions_in
2025-10-29T13:00:48.611937,PUBLISH,8204be8fd7cb45efad27aa728b5a74b3,68f2d95bd190740cfd6a2a9f,ENQUEUED,0.3824744483147188,questions_in
2025-10-29T13:00:48.838564,PUBLISH,7523127e281643f78ac460aada56bb32,68f2d95bd190740cfd6a2a60,ENQUEUED,0.22081616838246704,questions_in
2025-10-29T13:00:49.004117,PUBLISH,dce9ebe1cc964c5fb57ab35c38ca8ec0,68f2d95bd190740cfd6a410d,ENQUEUED,0.1597104691974526,questions_in
2025-10-29T13:00:49.267758,PUBLISH,08cdc38e2ccd4372a95a24c84f050c96,68f2d95bd190740cfd6a327e,ENQUEUED,0.25943827903929023,questions_in
2025-10-29T13:00:49.623403,PUBLISH,6d7105c1eaf0493287a3466f6130e3d7,68f2d95bd190740cfd6a3f35,ENQUEUED,0.3530645073576033,questions_in
2025-10-29T13:00:49.877627,PUBLISH,16fee0d186d24126bcd7ab8ae0f7ec22,68f2d95bd190740cfd6a2167,ENQUEUED,0.25159249984691856,questions_in
2025-10-29T13:00:50.369236,PUBLISH,88ad13beb1e9407081f20b9755735a0a,68f2d95bd190740cfd6a33f5,ENQUEUED,0.49013063952142066,questions_in
2025-10-29T13:00:50.828529,PUBLISH,0c943363a6c14ddf9d919351827247db,68f2d95bd190740cfd6a2f35,ENQUEUED,0.4571854522250005,questions_in
2025-10-29T13:00:51.047467,PUBLISH,0d415f0b3c224e5cb38eb5dcc35694f8,68f2d95bd190740cfd6a2e0f,ENQUEUED,0.21307690271083501,questions_in
2025-10-29T13:00:51.418668,PUBLISH,46b4b901c8d7490cba868d1f2284f65b,68f2d95bd190740cfd6a4185,ENQUEUED,0.36701376216166526,questions_in
2025-10-29T13:00:51.587412,PUBLISH,bb2b164a5c8c4512b7e85ba881130230,68f2d95bd190740cfd6a1eec,ENQUEUED,0.16708337442295335,questions_in
2025-10-29T13:00:51.838837,PUBLISH,ff537cbf4c1a40c8a0e5210d9e0ff460,68f2d95bd190740cfd6a2468,ENQUEUED,0.249696472157568,questions_in
2025-10-29T13:00:52.170061,PUBLISH,75358d51b59a49fdb5dede9887da9260,68f2d95bd190740cfd6a28d3,ENQUEUED,0.32493267527631553,questions_in
2025-10-29T13:00:52.298284,PUBLISH,d206dc4608d24299aaa8816a8a81be75,68f2d95bd190740cfd6a1ee8,ENQUEUED,0.1219846609681484,questions_in
2025-10-29T13:00:52.625451,PUBLISH,08570bdb25ba49f18a6266ad12487807,68f2d95bd190740cfd6a3663,ENQUEUED,0.325361309205063,questions_in
2025-10-29T13:00:52.967796,PUBLISH,38a759b04cec44b887e3c5e777063418,68f2d95bd190740cfd6a2eea,ENQUEUED,0.3380978268415826,questions_in
2025-10-29T13:00:53.365414,PUBLISH,b173c19cb313411bbef8c4fb3d504221,68f2d95bd190740cfd6a363a,ENQUEUED,0.3951376531268126,questions_in
2025-10-29T13:00:53.518047,PUBLISH,f2745af4feb74e33a230972ec32e329d,68f2d95bd190740cfd6a2185,ENQUEUED,0.14611072842301606,questions_in
2025-10-29T13:00:53.826139,PUBLISH,cd7d35187b964259b44641437f09b826,68f2d95bd190740cfd6a31f7,ENQUEUED,0.3024351228918634,questions_in
2025-10-29T13:00:53.980950,PUBLISH,57f02ee6e994427f9fc6f440bca3b5de,68f2d95bd190740cfd6a3a2c,ENQUEUED,0.14955209682925275,questions_in
2025-10-29T13:00:54.478361,PUBLISH,e78d4bf132d84337841ebe7887eeffbb,68f2d95bd190740cfd6a1d6f,ENQUEUED,0.49154199798012677,questions_in
2025-10-29T13:00:54.905177,PUBLISH,c0a7043cfe8e47aea522045fec971d11,68f2d95bd190740cfd6a241d,ENQUEUED,0.42090543301732686,questions_in
2025-10-29T13:00:55.261405,PUBLISH,2d1a0194870340e98587a862b7e54545,68f2d95bd190740cfd6a290b,ENQUEUED,0.3539764127068187,questions_in
2025-10-29T13:00:55.640893,PUBLISH,86d420d8e5704eeebe50d365b4e279fb,68f2d95bd190740cfd6a2259,ENQUEUED,0.3766280474089593,questions_in
2025-10-29T13:00:55.878841,PUBLISH,bffd622106044cbd8e972201c8b31fa7,68f2d95bd190740cfd6a1f2c,ENQUEUED,0.23608953167043004,questions_in
2025-10-29T13:00:56.235349,PUBLISH,ad481f9eb99146f896db7992dae78895,68f2d95bd190740cfd6a2f02,ENQUEUED,0.35088496682945003,questions_in
2025-10-29T13:00:56.667012,PUBLISH,7ae73cb943d24dd184dcdf667ddc7836,68f2d95bd190740cfd6a32f7,ENQUEUED,0.42498026676671496,questions_in
2025-10-29T13:00:56.955354,PUBLISH,b317be75507846849923fd5593900b42,68f2d95bd190740cfd6a2a7a,ENQUEUED,0.2865934615801398,questions_in
2025-10-29T13:00:57.312259,PUBLISH,65500cd032e149e9848567cd51aeb6bd,68f2d95bd190740cfd6a3acb,ENQUEUED,0.3549587943940765,questions_in
2025-10-29T13:00:57.745205,PUBLISH,0bf541c6df9d4440b55924037972d610,68f2d95bd190740cfd6a1ba8,ENQUEUED,0.4297064786442184,questions_in
2025-10-29T13:00:58.101812,PUBLISH,5eb4ec838e984d2d9ee1ea68b6a8fccc,68f2d95bd190740cfd6a1c06,ENQUEUED,0.35463812426359875,questions_in
2025-10-29T13:00:58.438405,PUBLISH,b712e0aaa21144628b9a8e7fd239851a,68f2d95bd190740cfd6a3216,ENQUEUED,0.333293351172102,questions_in
2025-10-29T13:00:58.920605,PUBLISH,426e09d0bc434c45858bb93238d15253,68f2d95bd190740cfd6a3e85,ENQUEUED,0.47979417987413,questions_in
2025-10-29T13:00:59.129399,PUBLISH,65abde90f85f4383a01b92e8705aad6c,68f2d95bd190740cfd6a38a4,ENQUEUED,0.20343582126053322,questions_in
2025-10-29T13:00:59.633337,PUBLISH,ab080bbb1a304012b761cee0e9882639,68f2d95bd190740cfd6a3005,ENQUEUED,0.4997513693505008,questions_in
2025-10-29T13:00:59.991514,PUBLISH,58cd98d9af3c455a9ce68f8dcbdafccb,68f2d95bd190740cfd6a30ab,ENQUEUED,0.35550812962098377,questions_in
2025-10-29T13:01:00.214554,PUBLISH,399fbf56c58a4d5f86f715c7f44abc60,68f2d95bd190740cfd6a2e26,ENQUEUED,0.21700329299465443,questions_in
2025-10-29T13:01:00.669317,PUBLISH,27b456b978194c7e9751c3319965f294,68f2d95bd190740cfd6a38d8,ENQUEUED,0.451863512475409,questions_in
2025-10-29T13:01:00.820197,PUBLISH,0ac050fe2e3b46828d6ce2c7f6755f01,68f2d95bd190740cfd6a1de6,ENQUEUED,0.14894533751244732,questions_in
2025-10-29T13:01:01.016516,PUBLISH,25b8de67823d483d971241392bc81cda,68f2d95bd190740cfd6a30d9,ENQUEUED,0.19466762556832934,questions_in
2025-10-29T13:01:01.349708,PUBLISH,2705fca791d54479bd16a63a92105979,68f2d95bd190740cfd6a2a36,ENQUEUED,0.33151760961471877,questions_in
2025-10-29T13:01:01.761674,PUBLISH,b9fb0b6d9a80491cab01edd017460094,68f2d95bd190740cfd6a28c3,ENQUEUED,0.40542406489161975,questions_in
2025-10-29T13:01:02.125531,PUBLISH,38e618abc8fb4a21bb76201244be9be2,68f2d95bd190740cfd6a2859,ENQUEUED,0.36158483526889595,questions_in
2025-10-29T13:01:02.543958,PUBLISH,3f6a24862c0a4edbb64e82b12f7f9685,68f2d95bd190740cfd6a2c62,ENQUEUED,0.4122817206588064,questions_in
2025-10-29T13:01:03.008892,PUBLISH,fa06ebc4f7da46d9acc9b2694410fcb3,68f2d95bd190740cfd6a3e30,ENQUEUED,0.45867530061457107,questions_in
2025-10-29T13:01:03.292682,PUBLISH,96d396450912431499bbc601c5c6f586,68f2d95bd190740cfd6a3853,ENQUEUED,0.2821668943147272,questions_in
2025-10-29T13:01:03.490823,PUBLISH,a103a960ec9b4131a4ea1dde92f226ca,68f2d95bd190740cfd6a3ccb,ENQUEUED,0.1965489001421752,questions_in
2025-10-29T13:01:03.709390,PUBLISH,55fc086f93a44339bb1f3c833c088e17,68f2d95bd190740cfd6a3a70,ENQUEUED,0.2127360071256506,questions_in
2025-10-29T13:01:04.002552,PUBLISH,a1435c96c96b47f0a9c57cd101cfbfc4,68f2d95bd190740cfd6a3577,ENQUEUED,0.2872672708167403,questions_in
2025-10-29T13:01:04.401860,PUBLISH,56942f26a7864585bd9fa9d57bc6ac3a,68f2d95bd190740cfd6a2ad9,ENQUEUED,0.397187906056525,questions_in
2025-10-29T13:01:04.545355,PUBLISH,e873e74dd40a42ed8521a2ff1ae75b7f,68f2d95bd190740cfd6a3ca9,ENQUEUED,0.14181972907384363,questions_in
2025-10-29T13:01:04.826931,PUBLISH,413263178dfb4ac4b34a162cd13eca92,68f2d95bd190740cfd6a3bd1,ENQUEUED,0.27533332333271715,questions_in
2025-10-29T13:01:05.119444,PUBLISH,1597ca793fe64acb841a38bfb979b9ef,68f2d95bd190740cfd6a287a,ENQUEUED,0.2868171098124864,questions_in
2025-10-29T13:01:05.600654,PUBLISH,bb458f97435c4b07b8efb161188338fe,68f2d95bd190740cfd6a2b2c,ENQUEUED,0.4796338789409683,questions_in
2025-10-29T13:01:06.098832,PUBLISH,2faaeb41b68343b09352c146994df20b,68f2d95bd190740cfd6a20fd,ENQUEUED,0.4928952924897223,questions_in
2025-10-29T13:01:06.231155,PUBLISH,f690bf6581434678a2e7d5f192a408a0,68f2d95bd190740cfd6a1bbc,ENQUEUED,0.12982222980976132,questions_in
2025-10-29T13:01:06.553274,PUBLISH,d0037e4e6077450794c11e08c966d1fd,68f2d95bd190740cfd6a2754,ENQUEUED,0.3199455346415653,questions_in
2025-10-29T13:01:06.747677,PUBLISH,a1fa67cc164c4afd94a41277f7642681,68f2d95bd190740cfd6a3dbb,ENQUEUED,0.18951261771826755,questions_in
2025-10-29T13:01:07.190819,PUBLISH,8c78cd0b95194d2d917f8966b8729162,68f2d95bd190740cfd6a32bb,ENQUEUED,0.43739151967705536,questions_in
2025-10-29T13:01:07.392630,PUBLISH,8c767845b3294224839572366b9c5078,68f2d95bd190740cfd6a34d1,ENQUEUED,0.2000860401655199,questions_in
2025-10-29T13:01:07.666416,PUBLISH,0515cce2c3ec48b3aa97dc9f9f9600fe,68f2d95bd190740cfd6a2be8,ENQUEUED,0.2722966218450181,questions_in
2025-10-29T13:01:07.990915,PUBLISH,e4d887eb550f418eaa971115905b3fcb,68f2d95bd190740cfd6a1b16,ENQUEUED,0.3221117958040554,questions_in
2025-10-29T13:01:08.434079,PUBLISH,250213c5d3c34df2b168750f2a28fbc9,68f2d95bd190740cfd6a31a2,ENQUEUED,0.4373196670207232,questions_in
2025-10-29T13:01:08.671752,PUBLISH,11256d91288249419c67975cc3f8c702,68f2d95bd190740cfd6a2c2b,ENQUEUED,0.23184895554594212,questions_in
2025-10-29T13:01:09.035083,PUBLISH,49414ce258104f3fbc3a91ba97363a9c,68f2d95bd190740cfd6a1f3e,ENQUEUED,0.3575805677984064,questions_in
2025-10-29T13:01:09.301138,PUBLISH,d89dc78b141e4ea89d0cdb4cfe8f39fd,68f2d95bd190740cfd6a2ead,ENQUEUED,0.259243729266171,questions_in
2025-10-29T13:01:09.487015,PUBLISH,7f8f358093514b6a8f5e470c3f2cf263,68f2d95bd190740cfd6a3003,ENQUEUED,0.1807699700019342,questions_in
2025-10-29T13:01:09.856093,PUBLISH,8f9b95df10854288aa4e10508a7bd2b2,68f2d95bd190740cfd6a3183,ENQUEUED,0.3593266889739162,questions_in
2025-10-29T13:01:10.081545,PUBLISH,3bb9861bafe044298895d3ee1fcaba7d,68f2d95bd190740cfd6a2edb,ENQUEUED,0.21937432403079393,questions_in
2025-10-29T13:01:10.350389,PUBLISH,79b9fd2fae1b4353a7f4fb382131a520,68f2d95bd190740cfd6a22a3,ENQUEUED,0.26734454832547294,questions_in
2025-10-29T13:01:10.513199,PUBLISH,5d499ab96d9049d7b9767fb28a7b6426,68f2d95bd190740cfd6a3a27,ENQUEUED,0.16143586773200985,questions_in
2025-10-29T13:01:10.768738,PUBLISH,b905c79f401a43019e10654535086f4e,68f2d95bd190740cfd6a25ba,ENQUEUED,0.24995475151613072,questions_in
2025-10-29T13:01:10.908445,PUBLISH,e799338e741e49c791de00b7e7895c1e,68f2d95bd190740cfd6a41aa,ENQUEUED,0.13458468015131567,questions_in
2025-10-29T13:01:11.060023,PUBLISH,14daf7d040914de2aee560786aac8f1a,68f2d95bd190740cfd6a36d4,ENQUEUED,0.14518215530151124,questions_in
2025-10-29T13:01:11.296021,PUBLISH,c039f3138d8e48ad891510221451d5b5,68f2d95bd190740cfd6a34e9,ENQUEUED,0.22970794940550654,questions_in
2025-10-29T13:01:11.770929,PUBLISH,ca5b97ee6e4c4eb0bebff65df0f74782,68f2d95bd190740cfd6a25de,ENQUEUED,0.4693449776673293,questions_in
2025-10-29T13:01:12.144840,PUBLISH,d5cde5b49dfe4065889c07651043076a,68f2d95bd190740cfd6a2d75,ENQUEUED,0.37195134986339395,questions_in
2025-10-29T13:01:12.646507,PUBLISH,999dc9bbe46e4215b6c317f0e96161bb,68f2d95bd190740cfd6a3fad,ENQUEUED,0.4999180377197938,questions_in
2025-10-29T13:01:12.905958,PUBLISH,42f7d1271ea745ee930fdd3fa10b30cf,68f2d95bd190740cfd6a41c8,ENQUEUED,0.2536780185136547,questions_in
2025-10-29T13:01:13.379886,PUBLISH,be9b0573718f4a0c9bb3cf053e80cc61,68f2d95bd190740cfd6a1e4f,ENQUEUED,0.4680551905529873,questions_in
2025-10-29T13:01:13.645286,PUBLISH,221d851f86a34fe188ab5553d8a819c7,68f2d95bd190740cfd6a2bda,ENQUEUED,0.26353942106413064,questions_in
2025-10-29T13:01:13.791752,PUBLISH,5f4e072f87294cedbcdecc78b12f8ede,68f2d95bd190740cfd6a2ccb,ENQUEUED,0.1414261213874596,questions_in
2025-10-29T13:01:13.926541,PUBLISH,14ea48be15f94632bdf9fbcd61189671,68f2d95bd190740cfd6a3ea2,ENQUEUED,0.129133418334327,questions_in
2025-10-29T13:01:14.210023,PUBLISH,5148d4bfcb9744489a7c1dba17232af9,68f2d95bd190740cfd6a32dd,ENQUEUED,0.2818285408846152,questions_in
2025-10-29T13:01:14.509912,PUBLISH,5f347813ece1415999373fb11f4eee08,68f2d95bd190740cfd6a28a9,ENQUEUED,0.29813369610573737,questions_in
2025-10-29T13:01:14.670657,PUBLISH,7cd9290fa59f4c57a75c0dffd0484413,68f2d95bd190740cfd6a4171,ENQUEUED,0.15887041925322498,questions_in
2025-10-29T13:01:14.920798,PUBLISH,ecff51b9bf9c4c778d7ebbed75ffb19d,68f2d95bd190740cfd6a4148,ENQUEUED,0.24324691770537746,questions_in
2025-10-29T13:01:15.117907,PUBLISH,458391fd80694e0a98ea87613cfabed0,68f2d95bd190740cfd6a3d8f,ENQUEUED,0.19398992044682048,questions_in
2025-10-29T13:01:15.284755,PUBLISH,f3a7fd45952e4e8faa5523b8c9323976,68f2d95bd190740cfd6a269c,ENQUEUED,0.1614606548952538,questions_in
2025-10-29T13:01:15.504738,PUBLISH,00df3caf596142d5b2c8999b53b15d0b,68f2d95bd190740cfd6a2d21,ENQUEUED,0.21435154859130973,questions_in
2025-10-29T13:01:15.926582,PUBLISH,ae404dd0cfbc4a7a8d6e66c9d879bbf6,68f2d95bd190740cfd6a3b52,ENQUEUED,0.4163251367572731,questions_in
2025-10-29T13:01:16.058594,PUBLISH,40dabd80020643a388c4c056ce8d595a,68f2d95bd190740cfd6a34f6,ENQUEUED,0.12983683160318882,questions_in
2025-10-29T13:01:16.550850,PUBLISH,efdaa3e40f86400993f60ce474292b03,68f2d95bd190740cfd6a1d17,ENQUEUED,0.4897096567713184,questions_in
2025-10-29T13:01:17.022726,PUBLISH,c479d237784d47d88d9887c147a435de,68f2d95bd190740cfd6a3f62,ENQUEUED,0.4693813036597816,questions_in
2025-10-29T13:01:17.279735,PUBLISH,7e38cdecf90c44d2afdd6b621e50d3ad,68f2d95bd190740cfd6a3b53,ENQUEUED,0.2552741242587882,questions_in
2025-10-29T13:01:17.566150,PUBLISH,7265e1c9c9564a48a3054800d656b19e,68f2d95bd190740cfd6a2d06,ENQUEUED,0.2807991618751331,questions_in
2025-10-29T13:01:17.678132,PUBLISH,c9c6852f86fa4264831a7e93e6e75b6b,68f2d95bd190740cfd6a3021,ENQUEUED,0.10663779722261718,questions_in
2025-10-29T13:01:18.079651,PUBLISH,64dbca3b24204d2d848600eda7f2ec84,68f2d95bd190740cfd6a3097,ENQUEUED,0.395361779614821,questions_in
2025-10-29T13:01:18.296784,PUBLISH,e12016c6f71949d7bcc7349796650d6f,68f2d95bd190740cfd6a1e03,ENQUEUED,0.2119594893090828,questions_in
2025-10-29T13:01:18.659074,PUBLISH,aadc4f3f16eb4465b6c279e8ca700720,68f2d95bd190740cfd6a3aee,ENQUEUED,0.35740696838448915,questions_in
2025-10-29T13:01:18.888738,PUBLISH,98c10587b86d45afabd98e35744fae0e,68f2d95bd190740cfd6a2170,ENQUEUED,0.22419736463660117,questions_in
2025-10-29T13:01:19.022994,PUBLISH,02144ec5fe3549d398849d91f0eabaa3,68f2d95bd190740cfd6a20b9,ENQUEUED,0.12906503469526745,questions_in
2025-10-29T13:01:19.392795,PUBLISH,a0d6f30c4bb54fb29aea64d8d0301812,68f2d95bd190740cfd6a1f8d,ENQUEUED,0.3648038303448111,questions_in
2025-10-29T13:01:19.824837,PUBLISH,1480a351b66b4d8f8d348a5cdee48e1a,68f2d95bd190740cfd6a26a2,ENQUEUED,0.4257447722210893,questions_in
2025-10-29T13:01:20.088024,PUBLISH,45ef3ee6fdbc4d57b9b0d4fa5981676d,68f2d95bd190740cfd6a2992,ENQUEUED,0.2564952419486888,questions_in
2025-10-29T13:01:20.358543,PUBLISH,860cd05a1aef4fb49aac13d2792a197d,68f2d95bd190740cfd6a3c1a,ENQUEUED,0.2654591965867315,questions_in
2025-10-29T13:01:20.497543,PUBLISH,d56f85e4efb448008002e5c0cc144ce5,68f2d95bd190740cfd6a39d7,ENQUEUED,0.1319997842365849,questions_in
2025-10-29T13:01:20.715676,PUBLISH,ae481e05e6b7470dbba96800ec0653f7,68f2d95bd190740cfd6a3a81,ENQUEUED,0.2114817738233215,questions_in
2025-10-29T13:01:20.939420,PUBLISH,f280b7cf1d4e4bba8cf8b0335e725118,68f2d95bd190740cfd6a305b,ENQUEUED,0.2199861732181954,questions_in
2025-10-29T13:01:21.433071,PUBLISH,f3c7246d8cad4f08aaa21c8d53091a22,68f2d95bd190740cfd6a23ec,ENQUEUED,0.4875263653552533,questions_in
2025-10-29T13:01:21.589620,PUBLISH,aeb7719147a44e709f4d64c29147e6e3,68f2d95bd190740cfd6a2d9e,ENQUEUED,0.15465248127046505,questions_in
2025-10-29T13:01:22.047213,PUBLISH,f95001ddae204d1187e8e4c774db995d,68f2d95bd190740cfd6a1ef6,ENQUEUED,0.4552020561144956,questions_in
2025-10-29T13:01:22.388083,PUBLISH,90b3e1aa8cd646feba5caf62e8cd9f5f,68f2d95bd190740cfd6a2da3,ENQUEUED,0.3348058525938674,questions_in
2025-10-29T13:01:22.732904,PUBLISH,0266c14534854dd19e753140dceaa104,68f2d95bd190740cfd6a29d9,ENQUEUED,0.3429727342809304,questions_in
2025-10-29T13:01:22.859900,PUBLISH,e2781fcabe1843a69ff5f7593191bc66,68f2d95bd190740cfd6a2792,ENQUEUED,0.12118998200728992,questions_in
2025-10-29T13:01:23.346169,PUBLISH,f4333fb822464f9ba8e7339de16655b6,68f2d95bd190740cfd6a2fc6,ENQUEUED,0.48413829661612773,questions_in
2025-10-29T13:01:23.789209,PUBLISH,82c3de53d92f4d41b5744960a1ea56e2,68f2d95bd190740cfd6a3664,ENQUEUED,0.43777505583307497,questions_in
2025-10-29T13:01:24.251043,PUBLISH,099b1f8ce62643cba5f0241034fe2d12,68f2d95bd190740cfd6a3530,ENQUEUED,0.46007999420826495,questions_in
2025-10-29T13:01:24.402301,PUBLISH,6f85675ab90747619942494be1b5e4e5,68f2d95bd190740cfd6a3ee7,ENQUEUED,0.14621385853044516,questions_in
2025-10-29T13:01:24.593854,PUBLISH,d42cdbc0fc604c799782883569b8e236,68f2d95bd190740cfd6a23cd,ENQUEUED,0.1894651642961986,questions_in
2025-10-29T13:01:24.986750,PUBLISH,dfdcbe63b6a943a98920b0dbd7805c4c,68f2d95bd190740cfd6a3050,ENQUEUED,0.3906808635674841,questions_in
2025-10-29T13:01:25.240493,PUBLISH,7ceee71762f74cfd9c247989d9eb3c1c,68f2d95bd190740cfd6a3f99,ENQUEUED,0.2518429237561739,questions_in
2025-10-29T13:01:25.415686,PUBLISH,3a966ea4ccd747c19e02d5c06d592a27,68f2d95bd190740cfd6a294f,ENQUEUED,0.16932070821247647,questions_in
2025-10-29T13:01:25.580725,PUBLISH,c9bc587f95274f83ae74a7f7cd2f3883,68f2d95bd190740cfd6a3c2b,ENQUEUED,0.16252657350558808,questions_in
2025-10-29T13:01:25.964729,PUBLISH,1920fcd9a61a4b9ab0e7befe0c726405,68f2d95bd190740cfd6a1e28,ENQUEUED,0.3813249638973677,questions_in
2025-10-29T13:01:26.232886,PUBLISH,a70c854e459c48dfbef58ee172003f35,68f2d95bd190740cfd6a264c,ENQUEUED,0.26280207563831504,questions_in
2025-10-29T13:01:26.386513,PUBLISH,6d08c3da01ed4f139043e3f314af1236,68f2d95bd190740cfd6a402f,ENQUEUED,0.1479199237933282,questions_in
2025-10-29T13:01:26.627478,PUBLISH,b4559c8871344e2c8b38240b22163b77,68f2d95bd190740cfd6a3d3a,ENQUEUED,0.23311426843498914,questions_in
2025-10-29T13:01:26.859705,PUBLISH,352c9201d2234302aaa51543a54f8b85,68f2d95bd190740cfd6a2c05,ENQUEUED,0.226398490787297,questions_in
2025-10-29T13:01:27.064264,PUBLISH,5df0f486bb2247a48e8fa975ae44f56f,68f2d95bd190740cfd6a20bd,ENQUEUED,0.20243415008511684,questions_in
2025-10-29T13:01:27.234808,PUBLISH,1fefeb7d76e94615bfbfae4af85f4c2a,68f2d95bd190740cfd6a4158,ENQUEUED,0.16497858381885128,questions_in
2025-10-29T13:01:27.437598,PUBLISH,250aead60d7b4f3c9f6b220080a8136e,68f2d95bd190740cfd6a2fa4,ENQUEUED,0.19986797801650047,questions_in
2025-10-29T13:01:27.860233,PUBLISH,96dde1b05c08456d9290cc31da95a601,68f2d95bd190740cfd6a3307,ENQUEUED,0.416650220740439,questions_in
2025-10-29T13:01:28.144688,PUBLISH,61a1db4da5b24c2e99f17bbb346aa412,68f2d95bd190740cfd6a318a,ENQUEUED,0.2827794687588803,questions_in
2025-10-29T13:01:28.638607,PUBLISH,9f9fef21c70c4c6186308d954b55ade9,68f2d95bd190740cfd6a3943,ENQUEUED,0.49172091873290646,questions_in
2025-10-29T13:01:28.844075,PUBLISH,c20303273d7a47abb645fed3539813d1,68f2d95bd190740cfd6a3f3d,ENQUEUED,0.2034391772991409,questions_in
2025-10-29T13:01:29.196907,PUBLISH,02eb85cbbec64d61a5ed353986d0a178,68f2d95bd190740cfd6a28f8,ENQUEUED,0.3512674281683531,questions_in
2025-10-29T13:01:29.665233,PUBLISH,e3bee5f01734412cb868057b09527f58,68f2d95bd190740cfd6a3eae,ENQUEUED,0.46574974466961205,questions_in
2025-10-29T13:01:29.998490,PUBLISH,3d7427dd35c44e2a882afd713cae2b2e,68f2d95bd190740cfd6a3316,ENQUEUED,0.33112512722275644,questions_in
2025-10-29T13:01:30.441946,PUBLISH,50d6ea60b7974479aacd1fad91832d36,68f2d95bd190740cfd6a2164,ENQUEUED,0.44160388250657856,questions_in
2025-10-29T13:01:30.781720,PUBLISH,4decf31ccb1548eaa6bc896d5c73290f,68f2d95bd190740cfd6a40b4,ENQUEUED,0.33417557924684316,questions_in
2025-10-29T13:01:31.195016,PUBLISH,5b80673ad01748c1b24bd0ae2d595b94,68f2d95bd190740cfd6a41c6,ENQUEUED,0.41148871086627437,questions_in
2025-10-29T13:01:31.395478,PUBLISH,91b9951d892c4cd78d47c9d45dc53ce2,68f2d95bd190740cfd6a1e0d,ENQUEUED,0.1989187097206378,questions_in
2025-10-29T13:01:31.573676,PUBLISH,39669e7912594f3d91ab9b77c0f00ce6,68f2d95bd190740cfd6a1ba1,ENQUEUED,0.17501215822626293,questions_in
2025-10-29T13:01:31.693431,PUBLISH,0a75fcbc5a694b70a9734aa4d0716708,68f2d95bd190740cfd6a2cd4,ENQUEUED,0.1173366656100431,questions_in
2025-10-29T13:01:32.105158,PUBLISH,d9cab1af51a44ae7b35b19fa2f6e022d,68f2d95bd190740cfd6a2bbc,ENQUEUED,0.4048716742283899,questions_in
2025-10-29T13:01:32.563591,PUBLISH,3ff8df08277741e5aa691f66a884082d,68f2d95bd190740cfd6a3cbc,ENQUEUED,0.4559072206288194,questions_in
2025-10-29T13:01:32.693656,PUBLISH,2fae4b6c1729441083a49c373f6d7f9a,68f2d95bd190740cfd6a24a8,ENQUEUED,0.12225915179031528,questions_in
2025-10-29T13:01:33.017628,PUBLISH,804f0bd67d774d7ca7a0c8d51734dbdc,68f2d95bd190740cfd6a1bc1,ENQUEUED,0.32050631973662425,questions_in
2025-10-29T13:01:33.283608,PUBLISH,dbd1e6de6f974b3c8ab9a4fa7805abeb,68f2d95bd190740cfd6a2980,ENQUEUED,0.2630549909206572,questions_in
2025-10-29T13:01:33.466588,PUBLISH,09fbb769e411484c9d2842e1724bf0b0,68f2d95bd190740cfd6a3edb,ENQUEUED,0.18125229881248323,questions_in
2025-10-29T13:01:33.642387,PUBLISH,d764666715cd466e928541432803a0da,68f2d95bd190740cfd6a3459,ENQUEUED,0.1740759051124049,questions_in
2025-10-29T13:01:33.840219,PUBLISH,c506f90d4d024267ad37ce567750b2c8,68f2d95bd190740cfd6a298f,ENQUEUED,0.19600299564195833,questions_in
2025-10-29T13:01:34.104697,PUBLISH,1c83fd00f1324962b2d9942957350b9c,68f2d95bd190740cfd6a2691,ENQUEUED,0.26240521025021923,questions_in
2025-10-29T13:01:34.405540,PUBLISH,b1050fd068ec433691e44eb81ddf93b0,68f2d95bd190740cfd6a40cf,ENQUEUED,0.29833943496547183,questions_in
2025-10-29T13:01:34.546458,PUBLISH,f1b2049dd7634819b86b634408e64c9d,68f2d95bd190740cfd6a3e86,ENQUEUED,0.13812695712242126,questions_in
2025-10-29T13:01:34.800854,PUBLISH,54d6c10227a540d796616bc77f838e87,68f2d95bd190740cfd6a3e62,ENQUEUED,0.2487642225555481,questions_in
2025-10-29T13:01:34.979111,PUBLISH,bd8f2361cb23463f90866b87c216b972,68f2d95bd190740cfd6a24c4,ENQUEUED,0.17619547344789643,questions_in
2025-10-29T13:01:35.382002,PUBLISH,33daaef93cc94938bca142e76ac87212,68f2d95bd190740cfd6a3ffa,ENQUEUED,0.3993711839523263,questions_in
2025-10-29T13:01:35.819955,PUBLISH,90d12f5aecb14908a105c67d513a3ec9,68f2d95bd190740cfd6a22c2,ENQUEUED,0.43621902183865613,questions_in
2025-10-29T13:01:36.062219,PUBLISH,94ea4aa75fe34b60bd4a503086a96af6,68f2d95bd190740cfd6a257b,ENQUEUED,0.23694445142372317,questions_in
2025-10-29T13:01:36.417777,PUBLISH,966487976b974adeb67cdc12912dec53,68f2d95bd190740cfd6a2ec1,ENQUEUED,0.3489192156557677,questions_in
2025-10-29T13:01:36.794194,PUBLISH,5f523036c330473c9819df52aff3f882,68f2d95bd190740cfd6a40f0,ENQUEUED,0.3705927317661667,questions_in
2025-10-29T13:01:36.977681,PUBLISH,1133faf2b1d64aefbf97b28638a09762,68f2d95bd190740cfd6a2606,ENQUEUED,0.17708962122191899,questions_in
2025-10-29T13:01:37.463310,PUBLISH,658cdc369771461db12dccca782248c6,68f2d95bd190740cfd6a418c,ENQUEUED,0.4840050509019058,questions_in
2025-10-29T13:01:37.793843,PUBLISH,8d32e00b651f4831be1f2a1f5b98f25b,68f2d95bd190740cfd6a25e6,ENQUEUED,0.3287616681571206,questions_in
2025-10-29T13:01:37.910475,PUBLISH,e431f3f62083483c99b0ceaa010589c5,68f2d95bd190740cfd6a3af9,ENQUEUED,0.11464761616006176,questions_in
2025-10-29T13:01:38.094159,PUBLISH,19addfab4cbd495f8ddee9f79cd7129c,68f2d95bd190740cfd6a1c2f,ENQUEUED,0.181520238442809,questions_in
2025-10-29T13:01:38.504171,PUBLISH,402328a117244ab4838abe93ef58891d,68f2d95bd190740cfd6a3383,ENQUEUED,0.4075370469472924,questions_in
2025-10-29T13:01:38.766616,PUBLISH,4fb763fb612b478f8b8d2002abc36fe6,68f2d95bd190740cfd6a2a22,ENQUEUED,0.2569276889949088,questions_in
2025-10-29T13:01:38.991056,PUBLISH,42f519acda0548bdadcc700c93f22d5f,68f2d95bd190740cfd6a1b42,ENQUEUED,0.21859939653181845,questions_in
2025-10-29T13:01:39.121260,PUBLISH,2c70d5acd43c4c98b770fa08f2e02c99,68f2d95bd190740cfd6a2cf8,ENQUEUED,0.12479292901847937,questions_in
2025-10-29T13:01:39.329322,PUBLISH,b527c06a28d94282a87bb84e70f51499,68f2d95bd190740cfd6a2907,ENQUEUED,0.20251287392127137,questions_in
2025-10-29T13:01:39.452834,PUBLISH,bfcd3ee4fadb488899c10917c18e3ff2,68f2d95bd190740cfd6a2790,ENQUEUED,0.11829259580211181,questions_in
2025-10-29T13:01:39.667317,PUBLISH,033df21d66be4f23a514590f41dfe8df,68f2d95bd190740cfd6a35d3,ENQUEUED,0.20810673298892557,questions_in
2025-10-29T13:01:40.059165,PUBLISH,c9d9933693f3440687279fdf695af92f,68f2d95bd190740cfd6a201d,ENQUEUED,0.3895779930753581,questions_in
2025-10-29T13:01:40.191008,PUBLISH,3f0728359aaa476191f953b95bdcfe6d,68f2d95bd190740cfd6a3e14,ENQUEUED,0.1254392522368827,questions_in
2025-10-29T13:01:40.402673,PUBLISH,9a831d821a924cf8bf70f34fc5c5a57b,68f2d95bd190740cfd6a4122,ENQUEUED,0.20944467502628783,questions_in
2025-10-29T13:01:40.646308,PUBLISH,0721051e960b4d26af228cf4a138cde8,68f2d95bd190740cfd6a2c62,ENQUEUED,0.24176922750712562,questions_in
2025-10-29T13:01:41.084830,PUBLISH,5fb07df99c7f4dbcafad88b4a1dd6f29,68f2d95bd190740cfd6a2d9c,ENQUEUED,0.43466953031953104,questions_in
2025-10-29T13:01:41.461416,PUBLISH,3be471fe3ebf41739709dd13ba1718d3,68f2d95bd190740cfd6a3319,ENQUEUED,0.3697797766816676,questions_in
2025-10-29T13:01:41.915126,PUBLISH,6d0e75682e3a4f0cb20de875d47b1883,68f2d95bd190740cfd6a282f,ENQUEUED,0.4514590277631372,questions_in
2025-10-29T13:01:42.110950,PUBLISH,9acfe7b7cf744e979142636907a84f87,68f2d95bd190740cfd6a2cf9,ENQUEUED,0.19394715403850973,questions_in
2025-10-29T13:01:42.607225,PUBLISH,942971b9126f4b64aeb7846921e2545e,68f2d95bd190740cfd6a3f2c,ENQUEUED,0.49427697134121773,questions_in
2025-10-29T13:01:42.896066,PUBLISH,11a75c28d16b48e28ac1706e1195e079,68f2d95bd190740cfd6a35fe,ENQUEUED,0.28377315255445784,questions_in
2025-10-29T13:01:43.025063,PUBLISH,25a46cfe86994fa791c55cb6967fee0b,68f2d95bd190740cfd6a3b42,ENQUEUED,0.12315229819520962,questions_in
2025-10-29T13:01:43.352842,PUBLISH,775c7533e4c74ce0ab69baa76c67d57e,68f2d95bd190740cfd6a2e00,ENQUEUED,0.32555290186009134,questions_in
2025-10-29T13:01:43.489159,PUBLISH,bbbb0b85476e4b439a705e856818c647,68f2d95bd190740cfd6a2bc4,ENQUEUED,0.13489527897961448,questions_in
2025-10-29T13:01:43.637279,PUBLISH,9a6d66f7b07c445cb001fa0ec2003c06,68f2d95bd190740cfd6a2538,ENQUEUED,0.14271540914905254,questions_in
2025-10-29T13:01:43.936813,PUBLISH,a95233be8dad4e5ab40e9d0ff9f9cefd,68f2d95bd190740cfd6a3e6b,ENQUEUED,0.2942185275622571,questions_in
2025-10-29T13:01:44.396393,PUBLISH,d3ade606ae4a4a638cd7d4e71cd5a85b,68f2d95bd190740cfd6a419d,ENQUEUED,0.4574461898244163,questions_in
2025-10-29T13:01:44.605366,PUBLISH,8cc07bbe12c84235b86395e0b60f4cd1,68f2d95bd190740cfd6a3708,ENQUEUED,0.20687703974834581,questions_in
2025-10-29T13:01:44.795792,PUBLISH,ca048800ad0a406db57f4456bb148121,68f2d95bd190740cfd6a1b6a,ENQUEUED,0.18475382253957934,questions_in
2025-10-29T13:01:44.915209,PUBLISH,642c8293a51e4804bc680468f0cd5cbe,68f2d95bd190740cfd6a1b0e,ENQUEUED,0.11801245608680162,questions_in
2025-10-29T13:01:45.180767,PUBLISH,64fdfca12bd8431a901b812ce6601052,68f2d95bd190740cfd6a2064,ENQUEUED,0.2600209432713998,questions_in
2025-10-29T13:01:45.654654,PUBLISH,7328335615424c1f96401a52a0be6e61,68f2d95bd190740cfd6a2275,ENQUEUED,0.4717817886286487,questions_in
2025-10-29T13:01:46.101453,PUBLISH,4682a2954e7b4810b48ba05239823c4b,68f2d95bd190740cfd6a2abb,ENQUEUED,0.4407201299775413,questions_in
2025-10-29T13:01:46.550900,PUBLISH,80e621cdfdc44857bbc184c87b3c9514,68f2d95bd190740cfd6a2a66,ENQUEUED,0.44323238299527,questions_in
2025-10-29T13:01:46.851069,PUBLISH,b34ad92e926b4153855494ecc9908dc8,68f2d95bd190740cfd6a4138,ENQUEUED,0.2986500997140824,questions_in
2025-10-29T13:01:47.323917,PUBLISH,9b375ec2cf9d492b8df3f244a71fe08c,68f2d95bd190740cfd6a2148,ENQUEUED,0.46732618239919477,questions_in
2025-10-29T13:01:47.623036,PUBLISH,eb60ee1e2a5148e1a1a71d75f0d6d540,68f2d95bd190740cfd6a3a83,ENQUEUED,0.2925101363704793,questions_in
2025-10-29T13:01:47.895237,PUBLISH,880bd91cb0e24a3d9d507fe4d88eb2bc,68f2d95bd190740cfd6a1f21,ENQUEUED,0.26638603087496193,questions_in
2025-10-29T13:01:48.074726,PUBLISH,6d6a4eecc1ca4491bf6e84bb4d010f33,68f2d95bd190740cfd6a22e4,ENQUEUED,0.17761865712972585,questions_in
2025-10-29T13:01:48.230063,PUBLISH,6a63ab5961a44530a2698828a28757ff,68f2d95bd190740cfd6a3dc5,ENQUEUED,0.14999721880142328,questions_in
2025-10-29T13:01:48.664876,PUBLISH,0357140a79b2491bbaf5bc82ccdbf08f,68f2d95bd190740cfd6a363f,ENQUEUED,0.43206334735100493,questions_in
2025-10-29T13:01:48.847812,PUBLISH,467c484bd74748209a8657c32af6d4c3,68f2d95bd190740cfd6a3b3e,ENQUEUED,0.18105836364337763,questions_in
2025-10-29T13:01:48.961788,PUBLISH,0a27e77580f043fc9fff8e2dfabef6aa,68f2d95bd190740cfd6a4032,ENQUEUED,0.10834570366806756,questions_in
2025-10-29T13:01:49.211597,PUBLISH,d2395338870d4c70b8d4fb4af2436b16,68f2d95bd190740cfd6a39eb,ENQUEUED,0.2443210520110077,questions_in
2025-10-29T13:01:49.478672,PUBLISH,fb7347e5a6e14f0aa0dbd03a8a4d04bd,68f2d95bd190740cfd6a413b,ENQUEUED,0.26139579263224344,questions_in
2025-10-29T13:01:49.821096,PUBLISH,5d4d9f02ec0240a28f14051a4e31e32a,68f2d95bd190740cfd6a1e59,ENQUEUED,0.3398335174542436,questions_in
2025-10-29T13:01:49.954133,PUBLISH,6cd8af8c9a624b2bb14f4938bb757d49,68f2d95bd190740cfd6a2b09,ENQUEUED,0.13138009242882676,questions_in
2025-10-29T13:01:50.277832,PUBLISH,f0b8f695e7774c60969a61bc096d9ce8,68f2d95bd190740cfd6a262a,ENQUEUED,0.3210807191162216,questions_in
2025-10-29T13:01:50.773551,PUBLISH,6d3beadfd4e74926860b9f1395878ff7,68f2d95bd190740cfd6a36ed,ENQUEUED,0.4935578127527892,questions_in
2025-10-29T13:01:51.187408,PUBLISH,31641838380b40808bd72d2f73edefc7,68f2d95bd190740cfd6a1bf6,ENQUEUED,0.41209741916301246,questions_in
2025-10-29T13:01:51.595183,PUBLISH,6343a5cdf93543a883c444e52038c6ad,68f2d95bd190740cfd6a3a56,ENQUEUED,0.4055022667945837,questions_in
2025-10-29T13:01:51.923771,PUBLISH,712717d0349e43a29adc2db2323c7d06,68f2d95bd190740cfd6a402e,ENQUEUED,0.3259582895196059,questions_in
2025-10-29T13:01:52.202879,PUBLISH,12978296aaca4aed8e4dc8cc816fc77f,68f2d95bd190740cfd6a212c,ENQUEUED,0.2769152446319715,questions_in
2025-10-29T13:01:52.464026,PUBLISH,107e49b4666c45feb6c4566db82ee60c,68f2d95bd190740cfd6a1f4e,ENQUEUED,0.2590796618467839,questions_in
2025-10-29T13:01:52.727996,PUBLISH,6daca295630f430f8c207007ffac0e75,68f2d95bd190740cfd6a23d2,ENQUEUED,0.2604727154236067,questions_in
2025-10-29T13:01:52.882311,PUBLISH,49cb3c0b07ca41778fe60ef678a15a16,68f2d95bd190740cfd6a3d3a,ENQUEUED,0.1518847118401416,questions_in
2025-10-29T13:01:53.249916,PUBLISH,7a62b6a4babf4881965b61f53a7722e9,68f2d95bd190740cfd6a3791,ENQUEUED,0.3661705184344539,questions_in
2025-10-29T13:01:53.445479,PUBLISH,b19ccf8c0b00485e956681266717efe2,68f2d95bd190740cfd6a216c,ENQUEUED,0.1933853436003252,questions_in
2025-10-29T13:01:53.581138,PUBLISH,37938a419cb04b9ab1eea8c3cad42712,68f2d95bd190740cfd6a3205,ENQUEUED,0.13310596607979824,questions_in
2025-10-29T13:01:53.698264,PUBLISH,a13f8ee2ac3548419843b29727afa2dc,68f2d95bd190740cfd6a34f9,ENQUEUED,0.11481355061886594,questions_in
2025-10-29T13:01:54.158688,PUBLISH,3489a1ce852b413793a95c2ea54ff3f9,68f2d95bd190740cfd6a1e40,ENQUEUED,0.45826545838747335,questions_in
2025-10-29T13:01:54.585500,PUBLISH,dd593dbac0db4d3f93a887a585ae0290,68f2d95bd190740cfd6a21dd,ENQUEUED,0.4247912308361945,questions_in
2025-10-29T13:01:55.061937,PUBLISH,bb028a79eeff4f5cb0a6e85dd3768a85,68f2d95bd190740cfd6a41c9,ENQUEUED,0.4716212817390941,questions_in
2025-10-29T13:01:55.196216,PUBLISH,30b09d32d04a4140b5ce1629d71a7203,68f2d95bd190740cfd6a301f,ENQUEUED,0.13055783011101482,questions_in
2025-10-29T13:01:55.441623,PUBLISH,0210f261d3444c38aaa90e58e63ebe16,68f2d95bd190740cfd6a22e6,ENQUEUED,0.2437096085394478,questions_in
2025-10-29T13:01:55.572860,PUBLISH,e82517b895e74d85a4b8ec133ed3db48,68f2d95bd190740cfd6a356b,ENQUEUED,0.12950972202661065,questions_in
2025-10-29T13:01:55.910768,PUBLISH,e2ca281135b24692992eb7140436fbbc,68f2d95bd190740cfd6a2f8b,ENQUEUED,0.3361415450883495,questions_in
2025-10-29T13:01:56.291691,PUBLISH,56eb85794d6f444f9311b562f47ddbc0,68f2d95bd190740cfd6a22a9,ENQUEUED,0.3787544294090147,questions_in
2025-10-29T13:01:56.633315,PUBLISH,e33880378be24a1c85105574c415f230,68f2d95bd190740cfd6a3393,ENQUEUED,0.3394023042558545,questions_in
2025-10-29T13:01:56.980042,PUBLISH,8c05742da65f4ceb933a10c7555d962b,68f2d95bd190740cfd6a214d,ENQUEUED,0.3448833262596528,questions_in
2025-10-29T13:01:57.164136,PUBLISH,2cc91abb092044059bb697c559ee2411,68f2d95bd190740cfd6a3d58,ENQUEUED,0.18171793121387414,questions_in
2025-10-29T13:01:57.489633,PUBLISH,f7be064c275e49e189b1dd267263502e,68f2d95bd190740cfd6a3c8c,ENQUEUED,0.32366532674173026,questions_in
2025-10-29T13:01:57.824609,PUBLISH,07baec1529c547b98c440a28a9f83ff8,68f2d95bd190740cfd6a2084,ENQUEUED,0.33313928618322997,questions_in
2025-10-29T13:01:58.286520,PUBLISH,c47b3ef1be684229bec698f67cc8f927,68f2d95bd190740cfd6a2867,ENQUEUED,0.46032190953959673,questions_in
2025-10-29T13:01:58.563954,PUBLISH,3f5ae8d3c244460188fcdc5cc846b2f6,68f2d95bd190740cfd6a41b1,ENQUEUED,0.27415954772445505,questions_in
2025-10-29T13:01:58.876526,PUBLISH,a93e31f9bf1e4e5cb15de7dfd3304b93,68f2d95bd190740cfd6a23de,ENQUEUED,0.30979150381401954,questions_in
2025-10-29T13:01:59.311210,PUBLISH,4134c95d0bfa4ad2bb7425a345d3f848,68f2d95bd190740cfd6a235d,ENQUEUED,0.4320001492747144,questions_in
2025-10-29T13:01:59.432688,PUBLISH,0060284d28884479aa9194878b5ef73d,68f2d95bd190740cfd6a25e7,ENQUEUED,0.11571090897043441,questions_in
2025-10-29T13:01:59.821643,PUBLISH,bffd01760f0347a294de42e6e0edb2ac,68f2d95bd190740cfd6a25c0,ENQUEUED,0.3873220197927595,questions_in
2025-10-29T13:02:00.239357,PUBLISH,c14c71c5a42847de916a4c9a48d90a7b,68f2d95bd190740cfd6a2b0f,ENQUEUED,0.41585215472986914,questions_in
2025-10-29T13:02:00.391278,PUBLISH,43f2874d4f3e44ae8daab0fcbd28f699,68f2d95bd190740cfd6a25b3,ENQUEUED,0.14982525358316626,questions_in
2025-10-29T13:02:00.689770,PUBLISH,6053d36ca1fa4bafa219f8aa9ddbc434,68f2d95bd190740cfd6a2e18,ENQUEUED,0.29666461426771273,questions_in
2025-10-29T13:02:00.821224,PUBLISH,cf5f06eaae11406b8fbc29a170a348d1,68f2d95bd190740cfd6a2771,ENQUEUED,0.12417306594564433,questions_in
2025-10-29T13:02:01.104286,PUBLISH,46f87ce1c3a84c1e86759337f05d5b45,68f2d95bd190740cfd6a3782,ENQUEUED,0.2812093268247392,questions_in
2025-10-29T13:02:01.347121,PUBLISH,d9c72edda58b4714908aabddf9c4ef14,68f2d95bd190740cfd6a1c1f,ENQUEUED,0.24082591795865863,questions_in
2025-10-29T13:02:01.614691,PUBLISH,8a6b75fd06f240ef90bb2310335324b9,68f2d95bd190740cfd6a3e2f,ENQUEUED,0.2655046927655397,questions_in
2025-10-29T13:02:01.811628,PUBLISH,8f2f8941534046639dae3463104b3be5,68f2d95bd190740cfd6a341a,ENQUEUED,0.19474721347544166,questions_in
2025-10-29T13:02:01.984092,PUBLISH,c1596b21d89c4ba99cef8910e7ab84ff,68f2d95bd190740cfd6a30c4,ENQUEUED,0.16604684769067013,questions_in
2025-10-29T13:02:02.344623,PUBLISH,f67ab52744d0468ab3504d3ae28b0b17,68f2d95bd190740cfd6a3291,ENQUEUED,0.3574320611411561,questions_in
2025-10-29T13:02:02.553002,PUBLISH,3f15064ef73f4ddb9b277440add2a586,68f2d95bd190740cfd6a1f95,ENQUEUED,0.20641806502066629,questions_in
2025-10-29T13:02:02.745586,PUBLISH,9dd5e5d280ce4870b0c4c109ffdfc8da,68f2d95bd190740cfd6a2212,ENQUEUED,0.18559626119282946,questions_in
2025-10-29T13:02:03.172442,PUBLISH,3ffd174e669e4a39b75fec899342940a,68f2d95bd190740cfd6a3b79,ENQUEUED,0.42510521924847977,questions_in
2025-10-29T13:02:03.539655,PUBLISH,ef54b127252f4d339bffa4604b4f2c53,68f2d95bd190740cfd6a4045,ENQUEUED,0.3654395035674217,questions_in
2025-10-29T13:02:03.726580,PUBLISH,d3166fa294934684961dfda3bf567fab,68f2d95bd190740cfd6a333d,ENQUEUED,0.18430968478166798,questions_in
2025-10-29T13:02:04.081556,PUBLISH,fd5bb72cc746471795aaadff58bbf3f5,68f2d95bd190740cfd6a334d,ENQUEUED,0.3530651967360061,questions_in
2025-10-29T13:02:04.381277,PUBLISH,028fd4a428c040959f431699e2f7845b,68f2d95bd190740cfd6a3b9b,ENQUEUED,0.2975114314209684,questions_in
2025-10-29T13:02:04.723206,PUBLISH,e967535b0e8b4eb2a945d57420013bdc,68f2d95bd190740cfd6a3ada,ENQUEUED,0.33590274872049425,questions_in
2025-10-29T13:02:05.169211,PUBLISH,1cdf35e488884b6685b23d0d09f65731,68f2d95bd190740cfd6a36d6,ENQUEUED,0.44394363475433973,questions_in
2025-10-29T13:02:05.316665,PUBLISH,2b22b4f9065b4961a48657da36259509,68f2d95bd190740cfd6a381e,ENQUEUED,0.14542584689012858,questions_in
2025-10-29T13:02:05.614466,PUBLISH,b6bdb4fd523e46c597c204b72a44c9dc,68f2d95bd190740cfd6a273d,ENQUEUED,0.2960196363308851,questions_in
2025-10-29T13:02:05.878180,PUBLISH,7e3ba61d2cc143ce9171c63e3c52eb24,68f2d95bd190740cfd6a3ce4,ENQUEUED,0.26187213562439327,questions_in
2025-10-29T13:02:06.349509,PUBLISH,add17df9ade34045a30cf533cd96699f,68f2d95bd190740cfd6a24bb,ENQUEUED,0.4686026193515953,questions_in
2025-10-29T13:02:06.479666,PUBLISH,88751cb10112409aa59feafec6ae26f2,68f2d95bd190740cfd6a410e,ENQUEUED,0.12771856810200616,questions_in
2025-10-29T13:02:06.727262,PUBLISH,5effc94a243546f8b34588fad33639af,68f2d95bd190740cfd6a40d1,ENQUEUED,0.24324369391132714,questions_in
2025-10-29T13:02:07.137888,PUBLISH,4b002c50e4744584bdbce4848ef6f252,68f2d95bd190740cfd6a23c1,ENQUEUED,0.40876213793628446,questions_in
2025-10-29T13:02:07.377401,PUBLISH,f24d61cc3885484ab57114b6a12241c6,68f2d95bd190740cfd6a34e1,ENQUEUED,0.23739705797683044,questions_in
2025-10-29T13:02:07.549191,PUBLISH,17bdddf0931048c681d685bbae04aa37,68f2d95bd190740cfd6a337b,ENQUEUED,0.16939863919598735,questions_in
2025-10-29T13:02:07.710190,PUBLISH,81b839a13b5c44aab03cc47005010685,68f2d95bd190740cfd6a2487,ENQUEUED,0.15856703575699924,questions_in
2025-10-29T13:02:07.882882,PUBLISH,08fc02af35c44eb19a675c215fd81125,68f2d95bd190740cfd6a2d4e,ENQUEUED,0.17037061502499584,questions_in
2025-10-29T13:02:08.029907,PUBLISH,1ad2e995c1fd44d89e67617deda5892f,68f2d95bd190740cfd6a2059,ENQUEUED,0.14356826914285295,questions_in
2025-10-29T13:02:08.212315,PUBLISH,53e5bf60f3c64df79a39a94b3f37e969,68f2d95bd190740cfd6a3f69,ENQUEUED,0.18070497168158228,questions_in
2025-10-29T13:02:08.645935,PUBLISH,02d8b9a8fde44d0ebe026dbd9706c329,68f2d95bd190740cfd6a35e1,ENQUEUED,0.4304608767329948,questions_in
2025-10-29T13:02:09.050471,PUBLISH,bae00625279f462d9e2d2aa46992edd4,68f2d95bd190740cfd6a3136,ENQUEUED,0.40257783050994844,questions_in
2025-10-29T13:02:09.492191,PUBLISH,35d91e7ff23d42ab930acfaff284f7f8,68f2d95bd190740cfd6a367a,ENQUEUED,0.4358733318548734,questions_in
2025-10-29T13:02:09.762186,PUBLISH,0710efcdabd74a2a9cc6c9151f24ef68,68f2d95bd190740cfd6a3efd,ENQUEUED,0.26796504958573053,questions_in
2025-10-29T13:02:10.042254,PUBLISH,7c3fc81855ac417d8436c82288689465,68f2d95bd190740cfd6a2f1a,ENQUEUED,0.2772040733205253,questions_in
2025-10-29T13:02:10.355781,PUBLISH,a33a7a448d25404fbb692cf12ecafbeb,68f2d95bd190740cfd6a392a,ENQUEUED,0.3119626343998248,questions_in
2025-10-29T13:02:10.820797,PUBLISH,fbf409ee084e4ad9b32f9a6e0dddd665,68f2d95bd190740cfd6a33a8,ENQUEUED,0.45952966575149046,questions_in
2025-10-29T13:02:11.022768,PUBLISH,95ca2dfb4525451e88dbda3c9da5094a,68f2d95bd190740cfd6a32ae,ENQUEUED,0.19514750795673996,questions_in
2025-10-29T13:02:11.288469,PUBLISH,a7b1a3651e5341098607ba20a24fdb13,68f2d95bd190740cfd6a3772,ENQUEUED,0.26358428390717104,questions_in
2025-10-29T13:02:11.626634,PUBLISH,a1b90db1c8a6448e83ebe0d6687511be,68f2d95bd190740cfd6a40cd,ENQUEUED,0.3365966269294922,questions_in
2025-10-29T13:02:12.006080,PUBLISH,fe931ee2d511493eb76de9db4ecdeb35,68f2d95bd190740cfd6a22bc,ENQUEUED,0.37354050369617586,questions_in
2025-10-29T13:02:12.237690,PUBLISH,110a87c8683d4259a7745a3ad9a4f365,68f2d95bd190740cfd6a28ee,ENQUEUED,0.2300198825861803,questions_in
2025-10-29T13:02:12.409861,PUBLISH,2c5cf237bc694034bd865b5688e7c527,68f2d95bd190740cfd6a2745,ENQUEUED,0.16344772390827772,questions_in
2025-10-29T13:02:12.673288,PUBLISH,63bda48d13414f8a87b62a1e30a798ab,68f2d95bd190740cfd6a262e,ENQUEUED,0.2615976746190634,questions_in
2025-10-29T13:02:12.803128,PUBLISH,013a5217da974747b76c44e3412e5bb1,68f2d95bd190740cfd6a1ca9,ENQUEUED,0.1225920099982691,questions_in
2025-10-29T13:02:12.983075,PUBLISH,4373a69a3cfe4c85b7e66e46ed6bf7d9,68f2d95bd190740cfd6a3ef3,ENQUEUED,0.17702630689862123,questions_in
2025-10-29T13:02:13.193971,PUBLISH,6f012caf5e7049baa96d9477416d4bd9,68f2d95bd190740cfd6a2879,ENQUEUED,0.2091562561547673,questions_in
2025-10-29T13:02:13.497856,PUBLISH,9285b31cfe704a03b2e75f8b29d660ad,68f2d95bd190740cfd6a36d6,ENQUEUED,0.301673912037959,questions_in
2025-10-29T13:02:13.698003,PUBLISH,055d67ba6cde44bb80d3126989ed4cf7,68f2d95bd190740cfd6a23a0,ENQUEUED,0.1959435026349966,questions_in
2025-10-29T13:02:13.942448,PUBLISH,c0f5be8f34ea418984c606097624b813,68f2d95bd190740cfd6a3e3f,ENQUEUED,0.23855655859295505,questions_in
2025-10-29T13:02:14.138118,PUBLISH,de7ab475ed7c48d6b8a9ec033f942e3a,68f2d95bd190740cfd6a1ae8,ENQUEUED,0.19368633708791996,questions_in
2025-10-29T13:02:14.290951,PUBLISH,172d89f878f24e4b819a9e2c2106cf4f,68f2d95bd190740cfd6a3a3b,ENQUEUED,0.1509123695740231,questions_in
2025-10-29T13:02:14.750843,PUBLISH,1fd346c8d24343adb792a55d6a25a34b,68f2d95bd190740cfd6a32d8,ENQUEUED,0.45328009883166487,questions_in
2025-10-29T13:02:15.167341,PUBLISH,976af81fa36e4bf4b48df1b1433347ce,68f2d95bd190740cfd6a3789,ENQUEUED,0.4145638761112539,questions_in
2025-10-29T13:02:15.280491,PUBLISH,255f11ac973b40aa94eab2c0a04c0fdc,68f2d95bd190740cfd6a3328,ENQUEUED,0.11132624901774238,questions_in
2025-10-29T13:02:15.760738,PUBLISH,884167d5865444eaaeae7a08c5c1fb49,68f2d95bd190740cfd6a32ec,ENQUEUED,0.4777836910019173,questions_in
2025-10-29T13:02:16.055105,PUBLISH,1a23e80766974ffe8c328264e1cd16e8,68f2d95bd190740cfd6a2ba9,ENQUEUED,0.2923083086735988,questions_in
2025-10-29T13:02:16.253951,PUBLISH,0084033da2e346fa9c5de7753798f96d,68f2d95bd190740cfd6a375b,ENQUEUED,0.196638520099813,questions_in
2025-10-29T13:02:16.674083,PUBLISH,c8d2bc7b688d4968b47e9724762f5fba,68f2d95bd190740cfd6a3347,ENQUEUED,0.41829042390791693,questions_in
2025-10-29T13:02:17.113595,PUBLISH,c689e1a4266645eeac0865ae212e1ab8,68f2d95bd190740cfd6a1c45,ENQUEUED,0.4333409645744094,questions_in
2025-10-29T13:02:17.466626,PUBLISH,5205160f8539468bae619ddffa34f825,68f2d95bd190740cfd6a33cb,ENQUEUED,0.3470585837441227,questions_in
2025-10-29T13:02:17.680046,PUBLISH,6e4ffde7a6304388a5fbe8d55f0c7240,68f2d95bd190740cfd6a3878,ENQUEUED,0.20775964358383134,questions_in
2025-10-29T13:02:18.136736,PUBLISH,2629aacee015492da8df38712db0711b,68f2d95bd190740cfd6a3555,ENQUEUED,0.4549253738935587,questions_in
2025-10-29T13:02:18.601327,PUBLISH,7cfca47fc655413d85d9ee74dd188a49,68f2d95bd190740cfd6a23ff,ENQUEUED,0.4621799633529954,questions_in
2025-10-29T13:02:18.916599,PUBLISH,b671991571254f96a003b0b4a3b0bbb3,68f2d95bd190740cfd6a3a17,ENQUEUED,0.30879151018139084,questions_in
2025-10-29T13:02:19.120783,PUBLISH,446ea5fab71e4b48af33731b69669af5,68f2d95bd190740cfd6a1e7d,ENQUEUED,0.19869285536443196,questions_in
2025-10-29T13:02:19.550718,PUBLISH,3aca345fbe8d42fa91efccb88f05ae76,68f2d95bd190740cfd6a1e42,ENQUEUED,0.4274802815861295,questions_in
2025-10-29T13:02:19.862203,PUBLISH,a0fa6be6a6bc48748919fc78bc309ecc,68f2d95bd190740cfd6a2b2e,ENQUEUED,0.3096428888676023,questions_in
2025-10-29T13:02:20.163988,PUBLISH,61be27debdfa42c98604bb133852d4da,68f2d95bd190740cfd6a2868,ENQUEUED,0.29964913891329814,questions_in
2025-10-29T13:02:20.415307,PUBLISH,58ee3714e1f5483c9c7fb9ee1bb4fdca,68f2d95bd190740cfd6a20b9,ENQUEUED,0.24948162977314692,questions_in
2025-10-29T13:02:20.882550,PUBLISH,fd0132f165c54b60a9c8324e64d1ae50,68f2d95bd190740cfd6a1f8e,ENQUEUED,0.46554998782016865,questions_in
2025-10-29T13:02:21.151372,PUBLISH,50a7df3c300b474c8eda84881ed133f6,68f2d95bd190740cfd6a31af,ENQUEUED,0.2672852917599603,questions_in
2025-10-29T13:02:21.257086,PUBLISH,07670a99001a4a008842d04aad930026,68f2d95bd190740cfd6a2d30,ENQUEUED,0.10401323567894237,questions_in
2025-10-29T13:02:21.437070,PUBLISH,aa806c3f34404324994359cbf94de922,68f2d95bd190740cfd6a3cde,ENQUEUED,0.17784812564912184,questions_in
2025-10-29T13:02:21.589416,PUBLISH,46aa51698fae4aeba3f56f250d84fc55,68f2d95bd190740cfd6a3513,ENQUEUED,0.14951866820161294,questions_in
2025-10-29T13:02:21.745778,PUBLISH,3cb45d04409a486783d8505ac445f646,68f2d95bd190740cfd6a2948,ENQUEUED,0.15443556676033637,questions_in
2025-10-29T13:02:21.874789,PUBLISH,01da3b7705694c5592d36448007d60a8,68f2d95bd190740cfd6a2ef5,ENQUEUED,0.12300522504480337,questions_in
2025-10-29T13:02:22.165068,PUBLISH,447e5ee5d6224408aecc91e97240637f,68f2d95bd190740cfd6a4028,ENQUEUED,0.28790022552381767,questions_in
2025-10-29T13:02:22.294416,PUBLISH,173215303f664a6c9c5eb654982615cd,68f2d95bd190740cfd6a1f7a,ENQUEUED,0.12365624456845166,questions_in
2025-10-29T13:02:22.435708,PUBLISH,6177b8becb6247888a0184474a052382,68f2d95bd190740cfd6a2cc4,ENQUEUED,0.13649723429057323,questions_in
2025-10-29T13:02:22.558669,PUBLISH,eb0dd5f13ef243e8b8c40bae99ffc428,68f2d95bd190740cfd6a2c51,ENQUEUED,0.1212200680727206,questions_in
2025-10-29T13:02:22.925628,PUBLISH,a883ad2c551c44dbacad835a408f84a1,68f2d95bd190740cfd6a2ddb,ENQUEUED,0.3652146382724323,questions_in
2025-10-29T13:02:23.224875,PUBLISH,aec4b9a4ac014a9b8f6b78f5e141292b,68f2d95bd190740cfd6a2542,ENQUEUED,0.2966134479171162,questions_in
2025-10-29T13:02:23.329719,PUBLISH,2d67a7abb7294ab1bd97361e1e24dd90,68f2d95bd190740cfd6a2e6d,ENQUEUED,0.10311869398422019,questions_in
2025-10-29T13:02:23.536449,PUBLISH,23a17967a98d4fe2acb1489c07a13754,68f2d95bd190740cfd6a262b,ENQUEUED,0.20518561389953463,questions_in
2025-10-29T13:02:23.698072,PUBLISH,c21c662327af48288cb2921328dcd21d,68f2d95bd190740cfd6a2013,ENQUEUED,0.15931556904049346,questions_in
2025-10-29T13:02:24.110746,PUBLISH,77c79c8f99584373b7526079e7667485,68f2d95bd190740cfd6a3bf3,ENQUEUED,0.41055285866736946,questions_in
2025-10-29T13:02:24.302758,PUBLISH,b9c721d8985441769fe35b49812ab3a9,68f2d95bd190740cfd6a3748,ENQUEUED,0.19032956186702094,questions_in
2025-10-29T13:02:24.645455,PUBLISH,9bb5b2394eb14341937163da9001bd47,68f2d95bd190740cfd6a3abd,ENQUEUED,0.34019767320188904,questions_in
2025-10-29T13:02:24.775674,PUBLISH,02d6a1d88f4043a191c0f9cd706c7507,68f2d95bd190740cfd6a1ec2,ENQUEUED,0.12837398701069877,questions_in
2025-10-29T13:02:25.274607,PUBLISH,4c037d0c28d9445b87cc14d6d139ee76,68f2d95bd190740cfd6a2ea0,ENQUEUED,0.49694900539933273,questions_in
2025-10-29T13:02:25.625686,PUBLISH,6b25be7145434b398d30460547e2693c,68f2d95bd190740cfd6a27ec,ENQUEUED,0.34892275053458743,questions_in
2025-10-29T13:02:26.109907,PUBLISH,aeb0f2a807b447af8a617145c67d8590,68f2d95bd190740cfd6a3e67,ENQUEUED,0.4820286044663441,questions_in
2025-10-29T13:02:26.600256,PUBLISH,7db84544f6a4403eb90d5a858e6ef1ff,68f2d95bd190740cfd6a3959,ENQUEUED,0.48815243083889226,questions_in
2025-10-29T13:02:26.990401,PUBLISH,2cd42644f71b4e50b8fb59d7644fecda,68f2d95bd190740cfd6a2e01,ENQUEUED,0.38801541654680627,questions_in
2025-10-29T13:02:27.253883,PUBLISH,f90a682be9fd4976afe1bbda0776458f,68f2d95bd190740cfd6a32b5,ENQUEUED,0.2615657676109562,questions_in
2025-10-29T13:02:27.672790,PUBLISH,edeb31fa18ac419191c22fdb2e6adbcd,68f2d95bd190740cfd6a293e,ENQUEUED,0.4156697113980018,questions_in
2025-10-29T13:02:27.779586,PUBLISH,4c04d10245f54b80b5b669ae52953ee0,68f2d95bd190740cfd6a2137,ENQUEUED,0.10517697788613295,questions_in
2025-10-29T13:02:28.054420,PUBLISH,d6cbeadfc7f844da9297c5ca37e5abdd,68f2d95bd190740cfd6a4193,ENQUEUED,0.27145209354248745,questions_in
2025-10-29T13:02:28.298756,PUBLISH,11be11ce88ec4ed5992fc443bfee8f8d,68f2d95bd190740cfd6a284c,ENQUEUED,0.2421707605529226,questions_in
2025-10-29T13:02:28.673169,PUBLISH,3402d9e618e84a46845ebce473ff8df3,68f2d95bd190740cfd6a3fc4,ENQUEUED,0.3719841479518605,questions_in
2025-10-29T13:02:29.061465,PUBLISH,7a9ce857385841298e2d1fe6222150ea,68f2d95bd190740cfd6a2089,ENQUEUED,0.38666410973328125,questions_in
2025-10-29T13:02:29.382181,PUBLISH,fd483eedfa7c4793aa3c36f1b56b6013,68f2d95bd190740cfd6a4160,ENQUEUED,0.3188231924512076,questions_in
2025-10-29T13:02:29.589890,PUBLISH,e8d1d95f827641d2ba0e0ef0c0065f94,68f2d95bd190740cfd6a1f16,ENQUEUED,0.2057985832242929,questions_in
2025-10-29T13:02:29.925121,PUBLISH,5c81018d4e8e48fc8a6225c65701d6a9,68f2d95bd190740cfd6a2392,ENQUEUED,0.3326301695994378,questions_in
2025-10-29T13:02:30.411576,PUBLISH,acb811bca02344278c72015a0071850d,68f2d95bd190740cfd6a2ceb,ENQUEUED,0.4848575979288541,questions_in
2025-10-29T13:02:30.833459,PUBLISH,e80cddafbcbe44b8a3d156cb8cbd9151,68f2d95bd190740cfd6a3524,ENQUEUED,0.42021450527917803,questions_in
2025-10-29T13:02:31.284626,PUBLISH,f52072d4dc65427d85b4f8636446587a,68f2d95bd190740cfd6a3a54,ENQUEUED,0.44915255158496503,questions_in
2025-10-29T13:02:31.721350,PUBLISH,b2f45d7a054e47c8b36e87a2d780729b,68f2d95bd190740cfd6a4022,ENQUEUED,0.4329030127406782,questions_in
2025-10-29T13:02:32.112976,PUBLISH,558a0afd8b7c40b8855ea957a8bf4a14,68f2d95bd190740cfd6a2f99,ENQUEUED,0.3891134630515002,questions_in
2025-10-29T13:02:32.601820,PUBLISH,6ca2f77346df47b79036e33bd5529807,68f2d95bd190740cfd6a37b7,ENQUEUED,0.48709397460140436,questions_in
2025-10-29T13:02:32.733620,PUBLISH,917d45555c8947fb9e20fe52dcdd7d5a,68f2d95bd190740cfd6a3d6a,ENQUEUED,0.13017114375628364,questions_in
2025-10-29T13:02:33.150481,PUBLISH,cc6316749a1544869ca3d7e7a7d5445f,68f2d95bd190740cfd6a1af7,ENQUEUED,0.4145325701181246,questions_in
2025-10-29T13:02:33.613266,PUBLISH,da455929151142e6a493a26f133c14b9,68f2d95bd190740cfd6a24bf,ENQUEUED,0.46078450742567345,questions_in
2025-10-29T13:02:34.068360,PUBLISH,af2161ca39614f81bc475a95f1f57ad1,68f2d95bd190740cfd6a2db3,ENQUEUED,0.4533325904608819,questions_in
2025-10-29T13:02:34.177278,PUBLISH,a1f4623a6d894f2baeefec833dbccb65,68f2d95bd190740cfd6a378c,ENQUEUED,0.10722662543210736,questions_in
2025-10-29T13:02:34.506567,PUBLISH,460c44805d9d4598a70bd7abb2c20092,68f2d95bd190740cfd6a39eb,ENQUEUED,0.3274473114475168,questions_in
2025-10-29T13:02:34.944561,PUBLISH,43a1d427af33469fbbbf9140cbaf3a49,68f2d95bd190740cfd6a2348,ENQUEUED,0.4363792276412207,questions_in
2025-10-29T13:02:35.226921,PUBLISH,91f7b681e97a42b8adc28768ba277631,68f2d95bd190740cfd6a41d8,ENQUEUED,0.2801010651473219,questions_in
2025-10-29T13:02:35.611810,PUBLISH,dbebe97ae4a1428b90e23392bbec2051,68f2d95bd190740cfd6a3ce7,ENQUEUED,0.3827541449836781,questions_in
2025-10-29T13:02:35.808497,PUBLISH,4f2a5518549348c89b7272c38fca6581,68f2d95bd190740cfd6a3dce,ENQUEUED,0.1945012494868665,questions_in
2025-10-29T13:02:36.074262,PUBLISH,bd21fdffb2a34eed932345d659756444,68f2d95bd190740cfd6a2f7b,ENQUEUED,0.26363497182892914,questions_in
2025-10-29T13:02:36.347172,PUBLISH,edcb7986d9da48b6b49507dea9c18127,68f2d95bd190740cfd6a40b9,ENQUEUED,0.2707367206450047,questions_in
2025-10-29T13:02:36.620829,PUBLISH,56828cbfb0e14bcb96d0ac8d74ddcf60,68f2d95bd190740cfd6a22dd,ENQUEUED,0.2717731341266939,questions_in
2025-10-29T13:02:37.091157,PUBLISH,8f2ee901369142fba288dd34350c6435,68f2d95bd190740cfd6a1b81,ENQUEUED,0.4665009199186033,questions_in
2025-10-29T13:02:37.299325,PUBLISH,4399465679c349bda47eae2e84b0e0ba,68f2d95bd190740cfd6a1f7a,ENQUEUED,0.20621714836334415,questions_in
2025-10-29T13:02:37.405066,PUBLISH,5726f1a770f74985bd9692e0190eb064,68f2d95bd190740cfd6a4181,ENQUEUED,0.10367483676172734,questions_in
2025-10-29T13:02:37.773010,PUBLISH,a235f0e22bf346fe88c9f0f05577980d,68f2d95bd190740cfd6a207b,ENQUEUED,0.36569306827116,questions_in
2025-10-29T13:02:37.898315,PUBLISH,5a66c0c1c67543c8a5df2f667c4f43e7,68f2d95bd190740cfd6a36d6,ENQUEUED,0.12350093863629152,questions_in
2025-10-29T13:02:38.056447,PUBLISH,0f392517f260449b94ad4e7c9e2a9504,68f2d95bd190740cfd6a3445,ENQUEUED,0.15601701030779705,questions_in
2025-10-29T13:02:38.274389,PUBLISH,cde621659b6a48d39b973155300fdb0d,68f2d95bd190740cfd6a2159,ENQUEUED,0.21592228491918306,questions_in
2025-10-29T13:02:38.674503,PUBLISH,ffd583b92903424b8cd90a9a484eebda,68f2d95bd190740cfd6a35c7,ENQUEUED,0.39839236558440694,questions_in
2025-10-29T13:02:39.125513,PUBLISH,fa8539cf9ef3491d95507573bb4eddc5,68f2d95bd190740cfd6a38c8,ENQUEUED,0.4494407516689153,questions_in
2025-10-29T13:02:39.353052,PUBLISH,80fd928dcede470c8fce9c824ab9cf9b,68f2d95bd190740cfd6a25c5,ENQUEUED,0.2250890212130909,questions_in
2025-10-29T13:02:39.663666,PUBLISH,5bc137f37a4840e89a229a4072f240b3,68f2d95bd190740cfd6a3e5e,ENQUEUED,0.30889394984142815,questions_in
2025-10-29T13:02:40.154532,PUBLISH,30a5128dc9ed40fda2677e405e0c74ed,68f2d95bd190740cfd6a28d2,ENQUEUED,0.48874322615316956,questions_in
2025-10-29T13:02:40.492707,PUBLISH,82e902b812c34f77a8f539e730e6a182,68f2d95bd190740cfd6a3c91,ENQUEUED,0.336232091146186,questions_in
2025-10-29T13:02:40.820399,PUBLISH,e782bfcbaacf4f089bed1551b69dbd5b,68f2d95bd190740cfd6a36f1,ENQUEUED,0.3258197697702485,questions_in
2025-10-29T13:02:41.310474,PUBLISH,f75a1f0b17514a2ca3d333f43c5d649b,68f2d95bd190740cfd6a2634,ENQUEUED,0.48842815312461263,questions_in
2025-10-29T13:02:41.697646,PUBLISH,c8d7b1a08870481db9be143ca6457792,68f2d95bd190740cfd6a4164,ENQUEUED,0.3853701101753958,questions_in
2025-10-29T13:02:42.047127,PUBLISH,b22b2239390c499faa0748350c41e673,68f2d95bd190740cfd6a3998,ENQUEUED,0.3476478930124718,questions_in
2025-10-29T13:02:42.204559,PUBLISH,04d5eeb9c38046ed9100d04c1d92a05c,68f2d95bd190740cfd6a2e5a,ENQUEUED,0.15522632784481535,questions_in
2025-10-29T13:02:42.564220,PUBLISH,790f43c2c2e548c0831018c7e0bee53a,68f2d95bd190740cfd6a3233,ENQUEUED,0.3577339717953171,questions_in
2025-10-29T13:02:43.036717,PUBLISH,93e555d4bd6f4989badc07b7700191cf,68f2d95bd190740cfd6a26bd,ENQUEUED,0.47069776916915373,questions_in
2025-10-29T13:02:43.503034,PUBLISH,dc0737bd5a184f6d8823f8b9366bf601,68f2d95bd190740cfd6a1d00,ENQUEUED,0.4645815149468616,questions_in
2025-10-29T13:02:43.921369,PUBLISH,38091488308d403b82f2e9feb240ebea,68f2d95bd190740cfd6a2f14,ENQUEUED,0.416842513611157,questions_in
2025-10-29T13:02:44.219867,PUBLISH,e049d2c6ce504fb18aaac49464171309,68f2d95bd190740cfd6a2827,ENQUEUED,0.2954505422994932,questions_in
2025-10-29T13:02:44.707803,PUBLISH,d47e79ad9b1e4166bc8d5dee8f7241fd,68f2d95bd190740cfd6a2f41,ENQUEUED,0.4859113363424604,questions_in
2025-10-29T13:02:44.858522,PUBLISH,fbf5717085464a08ba1a7fdf0a93e82c,68f2d95bd190740cfd6a2710,ENQUEUED,0.1489006972174372,questions_in
2025-10-29T13:02:45.208508,PUBLISH,c570ac7652254086b28d094b7a1955c3,68f2d95bd190740cfd6a3630,ENQUEUED,0.3484540178464054,questions_in
2025-10-29T13:02:45.501705,PUBLISH,03b66b5543e04df6b2dab3b01aa4940e,68f2d95bd190740cfd6a3630,ENQUEUED,0.29056421509013647,questions_in
2025-10-29T13:02:45.822222,PUBLISH,56869e3022b64c899149b0066b52e889,68f2d95bd190740cfd6a2e3d,ENQUEUED,0.31840943999089655,questions_in
2025-10-29T13:02:46.241675,PUBLISH,23700f2238ed45569f7f2c4f4dd37817,68f2d95bd190740cfd6a3ad7,ENQUEUED,0.41672408119504345,questions_in
2025-10-29T13:02:46.697402,PUBLISH,26f183c639ae485aa481bcafb194634c,68f2d95bd190740cfd6a1ad1,ENQUEUED,0.45388446239284796,questions_in
2025-10-29T13:02:46.884232,PUBLISH,82c51a17be66431fa3656d3e94f54e24,68f2d95bd190740cfd6a358f,ENQUEUED,0.1844500063755332,questions_in
2025-10-29T13:02:47.345443,PUBLISH,ac990104f37b467aa99c60fa025a31cb,68f2d95bd190740cfd6a29b4,ENQUEUED,0.4587821888448066,questions_in
2025-10-29T13:02:47.648688,PUBLISH,b8678af1fd28482da97af0171773277f,68f2d95bd190740cfd6a3eb4,ENQUEUED,0.3008693210291702,questions_in
2025-10-29T13:02:48.003033,PUBLISH,130e9a1b31654014b794f1fb918155c4,68f2d95bd190740cfd6a23b2,ENQUEUED,0.3515999638456001,questions_in
2025-10-29T13:02:48.222678,PUBLISH,40b43582493746daaf3fae2938d3e21b,68f2d95bd190740cfd6a1b7b,ENQUEUED,0.21711765589859083,questions_in
2025-10-29T13:02:48.712704,PUBLISH,bdf765c8c7814fefb6e17628e1305acd,68f2d95bd190740cfd6a3b66,ENQUEUED,0.4879425866640823,questions_in
2025-10-29T13:02:48.823313,PUBLISH,a712896c800a4ac5926a7165792adc9d,68f2d95bd190740cfd6a269a,ENQUEUED,0.10631365219880014,questions_in
2025-10-29T13:02:49.148642,PUBLISH,d42acb9f714f4821bcc50318c9e82dc6,68f2d95bd190740cfd6a3075,ENQUEUED,0.32321234739003546,questions_in
2025-10-29T13:02:49.338561,PUBLISH,d84371448aee4716973328d892ea994a,68f2d95bd190740cfd6a2d64,ENQUEUED,0.18762199387419615,questions_in
2025-10-29T13:02:49.743593,PUBLISH,63676d34bee84e81a259f4b6d8177db0,68f2d95bd190740cfd6a1b0b,ENQUEUED,0.40168526300196217,questions_in
2025-10-29T13:02:49.910610,PUBLISH,15139f77cfc74081b57952efe3f7701b,68f2d95bd190740cfd6a24c1,ENQUEUED,0.1631739690855279,questions_in
2025-10-29T13:02:50.106130,PUBLISH,0a5a941893fb4dc08d2eac1294322f47,68f2d95bd190740cfd6a3baa,ENQUEUED,0.19324028717777786,questions_in
2025-10-29T13:02:50.290666,PUBLISH,b17c30a9151e4a389c2ff18311617822,68f2d95bd190740cfd6a38a8,ENQUEUED,0.18277745667125372,questions_in
2025-10-29T13:02:50.535585,PUBLISH,e4f31aea234448f1825ab368b5012a38,68f2d95bd190740cfd6a40cd,ENQUEUED,0.24320600321837774,questions_in
2025-10-29T13:02:50.991306,PUBLISH,4a5b47936dd0464697b5091a1efc247c,68f2d95bd190740cfd6a1d7c,ENQUEUED,0.45362471881874633,questions_in
2025-10-29T13:02:51.094026,PUBLISH,edb52916a89e40e1a7ed38bcca9a46f5,68f2d95bd190740cfd6a1de6,ENQUEUED,0.10126700636157136,questions_in
2025-10-29T13:02:51.392952,PUBLISH,0908754a4d8d422d9b9e7b1d44272c67,68f2d95bd190740cfd6a3c53,ENQUEUED,0.2971793710275819,questions_in
2025-10-29T13:02:51.834376,PUBLISH,3adebd4a677142629a17b379856f503e,68f2d95bd190740cfd6a3f9b,ENQUEUED,0.43703366943976585,questions_in
2025-10-29T13:02:52.262735,PUBLISH,27c93feb55ba4d84afff2c3310e372ca,68f2d95bd190740cfd6a21e6,ENQUEUED,0.4265807300228527,questions_in
2025-10-29T13:02:52.706327,PUBLISH,0fdf52cb6ca341b2a960adf857eca52d,68f2d95bd190740cfd6a21af,ENQUEUED,0.4406614708267478,questions_in
2025-10-29T13:02:52.955879,PUBLISH,5b03bb89ea3f4f53905d964dd860de58,68f2d95bd190740cfd6a25ea,ENQUEUED,0.24766193667226466,questions_in
2025-10-29T13:02:53.093213,PUBLISH,87022aa0de3b4460974c1d40a4c9cf8b,68f2d95bd190740cfd6a2832,ENQUEUED,0.13528845687971433,questions_in
2025-10-29T13:02:53.233752,PUBLISH,762e4bd7739a407c87b81ac8cd25ad91,68f2d95bd190740cfd6a3817,ENQUEUED,0.13787020435758857,questions_in
2025-10-29T13:02:53.562422,PUBLISH,8b790c3e247542329f5bacf6dc2c02f9,68f2d95bd190740cfd6a34aa,ENQUEUED,0.3265439833294384,questions_in
2025-10-29T13:02:53.894161,PUBLISH,0433452ceddf40b1806f8d4427d18fce,68f2d95bd190740cfd6a3624,ENQUEUED,0.3286674002236183,questions_in
2025-10-29T13:02:54.096741,PUBLISH,d3d0acb8e24d4925b49ef89311f48abb,68f2d95bd190740cfd6a2d86,ENQUEUED,0.1990229974424565,questions_in
2025-10-29T13:02:54.318635,PUBLISH,12dee6f139fd49c7b8e98904774223b6,68f2d95bd190740cfd6a1ee2,ENQUEUED,0.21774967495506203,questions_in
2025-10-29T13:02:54.710848,PUBLISH,32f114ffc20243eb933b9f74397fbb89,68f2d95bd190740cfd6a39f9,ENQUEUED,0.39041960131595077,questions_in
2025-10-29T13:02:55.086831,PUBLISH,afd8f3de39884110b57b627fa146c3f4,68f2d95bd190740cfd6a3c8a,ENQUEUED,0.374102060334882,questions_in
2025-10-29T13:02:55.290558,PUBLISH,001256a997154a489faf0d0b7836ddfb,68f2d95bd190740cfd6a3189,ENQUEUED,0.20151754339518982,questions_in
2025-10-29T13:02:55.703094,PUBLISH,4dc7daa66cef4992943139af69b7b12c,68f2d95bd190740cfd6a35d6,ENQUEUED,0.41026307102522164,questions_in
2025-10-29T13:02:56.122199,PUBLISH,70b3328d1a054e8faba5074b2f76108b,68f2d95bd190740cfd6a1dd1,ENQUEUED,0.41686730154903473,questions_in
2025-10-29T13:02:56.487420,PUBLISH,60be6481b6a74135be3d91007aa78bcf,68f2d95bd190740cfd6a288f,ENQUEUED,0.36308207385431246,questions_in
2025-10-29T13:02:56.651871,PUBLISH,2d7bed0ae6c94c00b36718282e3dc78d,68f2d95bd190740cfd6a3e43,ENQUEUED,0.1622892204281292,questions_in
2025-10-29T13:02:57.035599,PUBLISH,c66e9880eb2c421490cb116779a2e3b4,68f2d95bd190740cfd6a2a2e,ENQUEUED,0.3789386652363568,questions_in
2025-10-29T13:02:57.268784,PUBLISH,de38657e661f4d16a29ec167eb852065,68f2d95bd190740cfd6a32ec,ENQUEUED,0.22816019424459585,questions_in
2025-10-29T13:02:57.749733,PUBLISH,b5001c3ea15f42b29c2f1fb8a57a2f3e,68f2d95bd190740cfd6a1f7b,ENQUEUED,0.4789425163573161,questions_in
2025-10-29T13:02:57.911189,PUBLISH,2d2a88495cb54c73a2f76202ac7d7ea3,68f2d95bd190740cfd6a21e0,ENQUEUED,0.15593939640974108,questions_in
2025-10-29T13:02:58.197628,PUBLISH,7612be6d72d749bb8386e6951670c100,68f2d95bd190740cfd6a29aa,ENQUEUED,0.28113586895969545,questions_in
2025-10-29T13:02:58.596455,PUBLISH,9e9b91ea415d4e7ea9f19854b22883fe,68f2d95bd190740cfd6a3a9b,ENQUEUED,0.397151979224989,questions_in
2025-10-29T13:02:58.952056,PUBLISH,69bac9dfd630480492f50c92a2acce94,68f2d95bd190740cfd6a1ca4,ENQUEUED,0.3538302926440241,questions_in
2025-10-29T13:02:59.262276,PUBLISH,fc8235632f8044b2ac79c7d2642e57c9,68f2d95bd190740cfd6a1f89,ENQUEUED,0.3068335055627939,questions_in
2025-10-29T13:02:59.459408,PUBLISH,ecd839b189cf4d0d82ce7e5b5c310b1d,68f2d95bd190740cfd6a3b88,ENQUEUED,0.19546838673737824,questions_in
2025-10-29T13:02:59.779777,PUBLISH,9f5c220865ce4343a44d565e2fb8b883,68f2d95bd190740cfd6a34f9,ENQUEUED,0.3183966647301595,questions_in
2025-10-29T13:03:00.103200,PUBLISH,efb5b40be4bb4f5db4a2ec2144036b2c,68f2d95bd190740cfd6a230b,ENQUEUED,0.3215149214482924,questions_in
2025-10-29T13:03:00.290449,PUBLISH,aa7b9c4b454041d0bb6566a9f94e04ff,68f2d95bd190740cfd6a1c9b,ENQUEUED,0.18195855527125568,questions_in
2025-10-29T13:03:00.603135,PUBLISH,12271efd5ef944ae9c81ec66c502b5f6,68f2d95bd190740cfd6a1fc0,ENQUEUED,0.31076562603514907,questions_in
2025-10-29T13:03:00.873894,PUBLISH,f206ad5e21004213ba1941b824f10563,68f2d95bd190740cfd6a3d7c,ENQUEUED,0.2676438986736053,questions_in
2025-10-29T13:03:01.060241,PUBLISH,5d467b0658dd466ab545f4435242fbaa,68f2d95bd190740cfd6a28b2,ENQUEUED,0.1809424908061542,questions_in
2025-10-29T13:03:01.213505,PUBLISH,364f482e5f98489ebce90a5f8ed8534c,68f2d95bd190740cfd6a2a5f,ENQUEUED,0.15102455331051412,questions_in
2025-10-29T13:03:01.428440,PUBLISH,9ae97fb948714f95b38dfb26cbdd6168,68f2d95bd190740cfd6a32df,ENQUEUED,0.20917415587121277,questions_in
2025-10-29T13:03:01.759811,PUBLISH,0102f4629b78437ba34de3ef07098a27,68f2d95bd190740cfd6a407b,ENQUEUED,0.329501275196735,questions_in
2025-10-29T13:03:02.189206,PUBLISH,0b36e150d8c5460e9f5ce3d8307d3e5d,68f2d95bd190740cfd6a38fa,ENQUEUED,0.4277829501016067,questions_in
2025-10-29T13:03:02.488091,PUBLISH,53f2dff1ec8c445592f31448ee42f61d,68f2d95bd190740cfd6a240d,ENQUEUED,0.2970234851958211,questions_in
2025-10-29T13:03:02.913520,PUBLISH,d30a12f0ef9a49c09d38cd67d61dab58,68f2d95bd190740cfd6a3337,ENQUEUED,0.41921480593909966,questions_in
2025-10-29T13:03:03.279488,PUBLISH,d69521c949bb4eefa2822dd3c5ba5868,68f2d95bd190740cfd6a23a4,ENQUEUED,0.3640903459845096,questions_in
2025-10-29T13:03:03.441008,PUBLISH,2e79ef7282db455c8ffb618c6368849a,68f2d95bd190740cfd6a3109,ENQUEUED,0.15679478897929872,questions_in
2025-10-29T13:03:03.815264,PUBLISH,67418c95de1a49e890fad7aef2aeb72f,68f2d95bd190740cfd6a387f,ENQUEUED,0.37220926493310824,questions_in
2025-10-29T13:03:04.177141,PUBLISH,07358e73aed74e3cb1515cee1122e1af,68f2d95bd190740cfd6a2289,ENQUEUED,0.3599731053536416,questions_in
2025-10-29T13:03:04.660703,PUBLISH,5da07c0340e645489e15e94712012e39,68f2d95bd190740cfd6a3afc,ENQUEUED,0.4814133955431802,questions_in
2025-10-29T13:03:04.958666,PUBLISH,ac45cb245953486bb3cac55fe7971848,68f2d95bd190740cfd6a2e89,ENQUEUED,0.29479416174211487,questions_in
2025-10-29T13:03:05.372128,PUBLISH,a21f18c00b8d482aaf35c6ac08acf5d3,68f2d95bd190740cfd6a3ba1,ENQUEUED,0.4076506609288425,questions_in
2025-10-29T13:03:05.613384,PUBLISH,fed59d7b11d3428b869917ba00a07996,68f2d95bd190740cfd6a2d16,ENQUEUED,0.23889413688374536,questions_in
2025-10-29T13:03:06.013830,PUBLISH,2315669b496e420d9107f78c1739c801,68f2d95bd190740cfd6a3de1,ENQUEUED,0.39847259677859415,questions_in
2025-10-29T13:03:06.294043,PUBLISH,31a56df33e7c449199b364365c5e8668,68f2d95bd190740cfd6a1ec7,ENQUEUED,0.274930007890799,questions_in
2025-10-29T13:03:06.643544,PUBLISH,8e364c4e17d0440bb277897654ab0f91,68f2d95bd190740cfd6a2aca,ENQUEUED,0.34333245098929865,questions_in
2025-10-29T13:03:07.119016,PUBLISH,b1d2326a816f4d29b4f88ab0bf15a882,68f2d95bd190740cfd6a2395,ENQUEUED,0.47334193681586323,questions_in
2025-10-29T13:03:07.541531,PUBLISH,c4d4695e1bd84a21be6cb3ddc8055442,68f2d95bd190740cfd6a3667,ENQUEUED,0.41665223339920765,questions_in
2025-10-29T13:03:07.932777,PUBLISH,922f01b39bae416596250a85f807b9e0,68f2d95bd190740cfd6a3408,ENQUEUED,0.3844628175626974,questions_in
2025-10-29T13:03:08.264007,PUBLISH,853be1c5a592462685ad7e3f45d6e5e2,68f2d95bd190740cfd6a3e77,ENQUEUED,0.328827880646669,questions_in
2025-10-29T13:03:08.606529,PUBLISH,6e6dda82b3f448008761600bbec2993b,68f2d95bd190740cfd6a2b77,ENQUEUED,0.34116423835307297,questions_in
2025-10-29T13:03:08.745240,PUBLISH,5d5497877efd42efb634e557b2bdb01c,68f2d95bd190740cfd6a3951,ENQUEUED,0.13619987812641804,questions_in
2025-10-29T13:03:09.144802,PUBLISH,3b1bd2ace9bb40d0b55989ff0d68b414,68f2d95bd190740cfd6a3501,ENQUEUED,0.3972037750684304,questions_in
2025-10-29T13:03:09.271178,PUBLISH,d661b12059494ab785efc805538f5276,68f2d95bd190740cfd6a3fc7,ENQUEUED,0.12457017236378456,questions_in
2025-10-29T13:03:09.704760,PUBLISH,408752f3ef9947b5a010dfa25fd06cf5,68f2d95bd190740cfd6a25d1,ENQUEUED,0.4311133994574853,questions_in
2025-10-29T13:03:09.810984,PUBLISH,8764c0e1c9d54bd19de8297761ed6c00,68f2d95bd190740cfd6a1de8,ENQUEUED,0.10378705732785698,questions_in
2025-10-29T13:03:10.090545,PUBLISH,a5303b49d4264f82855b3b0fcf9d1736,68f2d95bd190740cfd6a1f89,ENQUEUED,0.2741736404032111,questions_in
2025-10-29T13:03:10.462562,PUBLISH,216048e59d2a4843b69ee19914b55fab,68f2d95bd190740cfd6a2c5d,ENQUEUED,0.36378634165288914,questions_in
2025-10-29T13:03:10.858320,PUBLISH,9ccc2cb7e71c401993d1673dfba084a1,68f2d95bd190740cfd6a3066,ENQUEUED,0.3910926192845575,questions_in
2025-10-29T13:03:11.339852,PUBLISH,85e7b314151e4539aa386901627de7a4,68f2d95bd190740cfd6a34ed,ENQUEUED,0.4791935196878595,questions_in
2025-10-29T13:03:11.726136,PUBLISH,08a77b69180b4ee88be0f175595b3438,68f2d95bd190740cfd6a1b6c,ENQUEUED,0.3844541431909052,questions_in
2025-10-29T13:03:12.058469,PUBLISH,60c61beb69aa4670a8516d6a09a19e10,68f2d95bd190740cfd6a1ee2,ENQUEUED,0.3302280710688327,questions_in
2025-10-29T13:03:12.443273,PUBLISH,62b257fac6604d86ad05a8c63c626e6f,68f2d95bd190740cfd6a35f5,ENQUEUED,0.3789968022276875,questions_in
2025-10-29T13:03:12.639803,PUBLISH,80716609ec45419abc4b964a4168ae95,68f2d95bd190740cfd6a24ca,ENQUEUED,0.19062354313920024,questions_in
2025-10-29T13:03:12.888662,PUBLISH,dd350c81d6ae4e73844cb87d77b113b9,68f2d95bd190740cfd6a350b,ENQUEUED,0.24713539003536875,questions_in
2025-10-29T13:03:13.077753,PUBLISH,997516662bc54371b2fba35f9597b6f6,68f2d95bd190740cfd6a270f,ENQUEUED,0.18721378864662178,questions_in
2025-10-29T13:03:13.570543,PUBLISH,9108051e2a89408eb512e5fd8f42b208,68f2d95bd190740cfd6a1b82,ENQUEUED,0.4904043200129349,questions_in
2025-10-29T13:03:13.731755,PUBLISH,8db6493828c34db58db98fba8aaa09ea,68f2d95bd190740cfd6a2b42,ENQUEUED,0.15743161657350122,questions_in
2025-10-29T13:03:13.954956,PUBLISH,97afde7b950a4fbd9af9037b5a3f2329,68f2d95bd190740cfd6a2026,ENQUEUED,0.22127955719863618,questions_in
2025-10-29T13:03:14.179580,PUBLISH,df51b5e1a8674162ac00ed1502444954,68f2d95bd190740cfd6a2043,ENQUEUED,0.22192172302207414,questions_in
2025-10-29T13:03:14.549154,PUBLISH,9b5b87f1a8054aa7930c5741203125f7,68f2d95bd190740cfd6a3361,ENQUEUED,0.36789326617500784,questions_in
2025-10-29T13:03:15.025422,PUBLISH,d4a0108824c54038bf9c652ff6497bb8,68f2d95bd190740cfd6a2b99,ENQUEUED,0.4737183480217674,questions_in
2025-10-29T13:03:15.191629,PUBLISH,4988c901447e40f988b01371d60b6bc2,68f2d95bd190740cfd6a3fe9,ENQUEUED,0.1631349881959349,questions_in
2025-10-29T13:03:15.365448,PUBLISH,3034fb6610a441ddab813ce2b75799f0,68f2d95bd190740cfd6a372b,ENQUEUED,0.17167225482393822,questions_in
2025-10-29T13:03:15.602524,PUBLISH,0c93fb8df32b4012a44e35f0749b7d6a,68f2d95bd190740cfd6a36bb,ENQUEUED,0.23488888432465746,questions_in
2025-10-29T13:03:15.833545,PUBLISH,9ed4d3a99e9845ddbf4e01054574b3de,68f2d95bd190740cfd6a3629,ENQUEUED,0.22872528883152698,questions_in
2025-10-29T13:03:16.010741,PUBLISH,e1078050f52541c39d16884d77e24fe8,68f2d95bd190740cfd6a2249,ENQUEUED,0.17401243952216583,questions_in
2025-10-29T13:03:16.286785,PUBLISH,32b28ac5964a47caa5935910d6970dbf,68f2d95bd190740cfd6a3df9,ENQUEUED,0.2740790361824881,questions_in
2025-10-29T13:03:16.696734,PUBLISH,d490150b7fef427dad466e2321b76c10,68f2d95bd190740cfd6a2348,ENQUEUED,0.4064545722415792,questions_in
2025-10-29T13:03:16.865715,PUBLISH,6e96c8a1b4fd45d3bb7bf9fdf72085fa,68f2d95bd190740cfd6a2321,ENQUEUED,0.1669591130393298,questions_in
2025-10-29T13:03:17.207874,PUBLISH,3a52074d7a3b41d5b208031929a8e0cb,68f2d95bd190740cfd6a29d4,ENQUEUED,0.339755263114388,questions_in
2025-10-29T13:03:17.557551,PUBLISH,50a454add0ec41fd9c1109cccbbce6e1,68f2d95bd190740cfd6a388d,ENQUEUED,0.347895574528274,questions_in
2025-10-29T13:03:17.820250,PUBLISH,b677fefb6aa64475a1fd466331052642,68f2d95bd190740cfd6a27a3,ENQUEUED,0.26107838694270313,questions_in
2025-10-29T13:03:18.176284,PUBLISH,2fab06edb7f4422aa449a5f3f8882322,68f2d95bd190740cfd6a34fd,ENQUEUED,0.354190021009559,questions_in
2025-10-29T13:03:18.281503,PUBLISH,e58034257c284e9cac895becd604add6,68f2d95bd190740cfd6a3940,ENQUEUED,0.10325433902213343,questions_in
2025-10-29T13:03:18.424100,PUBLISH,acfd94e85c2d49eb82bd2887b0c01a07,68f2d95bd190740cfd6a1c29,ENQUEUED,0.14105493544994402,questions_in
2025-10-29T13:03:18.917197,PUBLISH,b72660bcbdcf42b9849d6f12fdc69d6c,68f2d95bd190740cfd6a20c6,ENQUEUED,0.4909979239525958,questions_in
2025-10-29T13:03:19.081125,PUBLISH,a9b667e851c9442781537d93120f38c5,68f2d95bd190740cfd6a1d24,ENQUEUED,0.16223742634459049,questions_in
2025-10-29T13:03:19.587248,PUBLISH,103bdf9ad60841adbed3ce4f4dbcdf1b,68f2d95bd190740cfd6a28ca,ENQUEUED,0.49926052668323473,questions_in
2025-10-29T13:03:19.923223,PUBLISH,f677f9d7c3894479903c9a8b33f823d3,68f2d95bd190740cfd6a20c0,ENQUEUED,0.33244814807884027,questions_in
2025-10-29T13:03:20.221232,PUBLISH,4380300f5a0a4d1082d7b8bb177d6ccf,68f2d95bd190740cfd6a29c2,ENQUEUED,0.29595696945234007,questions_in
2025-10-29T13:03:20.519643,PUBLISH,88896ccf23b14ecb9815a23494d36c98,68f2d95bd190740cfd6a1d8f,ENQUEUED,0.2962546517241107,questions_in
2025-10-29T13:03:20.740903,PUBLISH,dec2dde0f0394b2eb3eb442a8365dacb,68f2d95bd190740cfd6a3528,ENQUEUED,0.21955536963688682,questions_in
2025-10-29T13:03:21.176935,PUBLISH,1d4d179547dc47788e13e19142563f62,68f2d95bd190740cfd6a2190,ENQUEUED,0.43089813679578404,questions_in
2025-10-29T13:03:21.309179,PUBLISH,7c7f3233776b424691cbec16de7ab590,68f2d95bd190740cfd6a2568,ENQUEUED,0.1302349281796094,questions_in
2025-10-29T13:03:21.637136,PUBLISH,18bba80f0c5f42faa1b4df0fd120815e,68f2d95bd190740cfd6a259b,ENQUEUED,0.3260232659309652,questions_in
2025-10-29T13:03:21.902095,PUBLISH,38e71c6c652440639b0fc74f22f620b0,68f2d95bd190740cfd6a2f5e,ENQUEUED,0.26286961188021385,questions_in
2025-10-29T13:03:22.061854,PUBLISH,4a33379a5e364a3790f1b1848d61b133,68f2d95bd190740cfd6a3714,ENQUEUED,0.15634281107545395,questions_in
2025-10-29T13:03:22.296781,PUBLISH,7d086b40d9114dc09436d58ed603169e,68f2d95bd190740cfd6a2608,ENQUEUED,0.23229269104065084,questions_in
2025-10-29T13:03:22.401603,PUBLISH,14e409cd0b504453a024dccb55e59658,68f2d95bd190740cfd6a1e84,ENQUEUED,0.10321933967994404,questions_in
2025-10-29T13:03:22.692563,PUBLISH,d73d9c1f89b14e7895df4141ee5f66e1,68f2d95bd190740cfd6a38ab,ENQUEUED,0.2888219550485396,questions_in
2025-10-29T13:03:23.122875,PUBLISH,2f36f13785e5477884212ddc133506a5,68f2d95bd190740cfd6a227f,ENQUEUED,0.42816081601370903,questions_in
2025-10-29T13:03:23.509236,PUBLISH,899b1cdfd928462ca29358eecee27ae7,68f2d95bd190740cfd6a3712,ENQUEUED,0.37743723497941317,questions_in
2025-10-29T13:03:23.944846,PUBLISH,289d6f1212fe4e6a8d86c317fd191532,68f2d95bd190740cfd6a2548,ENQUEUED,0.4319757330664016,questions_in
2025-10-29T13:03:24.369718,PUBLISH,a58fb7edce4e4fd2b2277c7f719ffd1d,68f2d95bd190740cfd6a3f70,ENQUEUED,0.4225334407011706,questions_in
2025-10-29T13:03:24.685370,PUBLISH,c82cc227a22a40268c2059c80ead8b2c,68f2d95bd190740cfd6a37ec,ENQUEUED,0.31369529543743,questions_in
2025-10-29T13:03:25.102623,PUBLISH,9532a87f2df2452ab26f3c543793cdbc,68f2d95bd190740cfd6a1fd6,ENQUEUED,0.4147591566213611,questions_in
2025-10-29T13:03:25.222170,PUBLISH,d685656a708d4537a76408bed302bc4c,68f2d95bd190740cfd6a2779,ENQUEUED,0.11796541974114204,questions_in
2025-10-29T13:03:25.576841,PUBLISH,d08e84a765ba4daca0e9b759fbb04229,68f2d95bd190740cfd6a3c72,ENQUEUED,0.3518511521689386,questions_in
2025-10-29T13:03:25.907153,PUBLISH,b4c9a839b2704e1e949d31c54539b3ed,68f2d95bd190740cfd6a21c2,ENQUEUED,0.3284178926711129,questions_in
2025-10-29T13:03:26.389636,PUBLISH,6eedd48a7f744fd6b35d0c51b6a676a4,68f2d95bd190740cfd6a2e18,ENQUEUED,0.4792490563552807,questions_in
2025-10-29T13:03:26.649265,PUBLISH,4c8fc8240e284db3922d0fc479df0750,68f2d95bd190740cfd6a1d4b,ENQUEUED,0.2574498752914064,questions_in
2025-10-29T13:03:26.777285,PUBLISH,1983c240720d47a1abcb02229e904623,68f2d95bd190740cfd6a1eef,ENQUEUED,0.12534191541623288,questions_in
2025-10-29T13:03:26.998542,PUBLISH,ef2e6ac9c29c4c1585ea566a43fdbb51,68f2d95bd190740cfd6a3b93,ENQUEUED,0.21959441693155135,questions_in
2025-10-29T13:03:27.150035,PUBLISH,d5f4c19d24c7422787b2eb16600a35b3,68f2d95bd190740cfd6a3b30,ENQUEUED,0.14548470553929005,questions_in
2025-10-29T13:03:27.335774,PUBLISH,93afdf2cc67f437dafd89af7bc12d99b,68f2d95bd190740cfd6a248a,ENQUEUED,0.18355016696378895,questions_in
2025-10-29T13:03:27.754052,PUBLISH,6b9fad2b8e394a17b02ab91b45acce8e,68f2d95bd190740cfd6a24bd,ENQUEUED,0.4163515816924964,questions_in
2025-10-29T13:03:28.051117,PUBLISH,5badd10171dc43e0bd60bfc9fd26221d,68f2d95bd190740cfd6a3d2d,ENQUEUED,0.29513959386696975,questions_in
2025-10-29T13:03:28.488220,PUBLISH,a79f699a072846f695a1aafc4ad4a241,68f2d95bd190740cfd6a2fe0,ENQUEUED,0.43172340276852994,questions_in
2025-10-29T13:03:28.965785,PUBLISH,ae52e26b522340c7b84d8e2458c3426d,68f2d95bd190740cfd6a26e9,ENQUEUED,0.47528788105541075,questions_in
2025-10-29T13:03:29.413671,PUBLISH,f30bf1d938b34721b69812f30691c449,68f2d95bd190740cfd6a2feb,ENQUEUED,0.4459963342345671,questions_in
2025-10-29T13:03:29.586811,PUBLISH,7e0dcf60ba9e41c3b93745f43bbbc4f4,68f2d95bd190740cfd6a252e,ENQUEUED,0.1710092711801398,questions_in
2025-10-29T13:03:29.877172,PUBLISH,6435b3d185704dd3bc88fd6679d2b39c,68f2d95bd190740cfd6a40b2,ENQUEUED,0.28822412500635425,questions_in
2025-10-29T13:03:30.332208,PUBLISH,bebf821a2bc243f0988c2c5b8e7090b2,68f2d95bd190740cfd6a2f56,ENQUEUED,0.4497147924164132,questions_in
2025-10-29T13:03:30.734663,PUBLISH,3063139fc5234abe9f319e5614edd612,68f2d95bd190740cfd6a21ef,ENQUEUED,0.3998859613193618,questions_in
2025-10-29T13:03:30.961458,PUBLISH,70815b8856aa49658eebdff1918d41bf,68f2d95bd190740cfd6a3258,ENQUEUED,0.22488717601819094,questions_in
2025-10-29T13:03:31.396956,PUBLISH,790d168115794007a8932c294221c836,68f2d95bd190740cfd6a4191,ENQUEUED,0.43063860524587894,questions_in
2025-10-29T13:03:31.696378,PUBLISH,a9a82936ef124c4aab5f7a3ecec392c6,68f2d95bd190740cfd6a1eea,ENQUEUED,0.2970234141149073,questions_in
2025-10-29T13:03:31.829718,PUBLISH,f74e1381097244a4b1eff1b3b0cf131b,68f2d95bd190740cfd6a3512,ENQUEUED,0.13132282646564183,questions_in
2025-10-29T13:03:32.111034,PUBLISH,251ba2c860194045bc58f467af2e91ba,68f2d95bd190740cfd6a25d4,ENQUEUED,0.2763003267763261,questions_in
2025-10-29T13:03:32.370457,PUBLISH,d45a75a4ce52486baf30e6a8fe1fb1b9,68f2d95bd190740cfd6a2061,ENQUEUED,0.2547014292170823,questions_in
2025-10-29T13:03:32.512346,PUBLISH,e516153c97354b788ce931c2f2d3e967,68f2d95bd190740cfd6a2c34,ENQUEUED,0.13641863827082343,questions_in
2025-10-29T13:03:32.852458,PUBLISH,426aa9e72e7c4a24b431b2e06f22ca1e,68f2d95bd190740cfd6a307f,ENQUEUED,0.33495452345976906,questions_in
2025-10-29T13:03:33.100898,PUBLISH,f5d115f994a347799c77307d655ad704,68f2d95bd190740cfd6a2cb3,ENQUEUED,0.2463129034002468,questions_in
2025-10-29T13:03:33.371415,PUBLISH,90908602c1c24f248b685a457cbaf6f9,68f2d95bd190740cfd6a1dfc,ENQUEUED,0.2676461874845296,questions_in
2025-10-29T13:03:33.694952,PUBLISH,e5885bb2e0504c869e3ae387e92d43f0,68f2d95bd190740cfd6a4146,ENQUEUED,0.32057158041566547,questions_in
2025-10-29T13:03:33.868494,PUBLISH,7d6b5bbed5c84e60b17be2fc5fd99190,68f2d95bd190740cfd6a316f,ENQUEUED,0.17148907804972038,questions_in
2025-10-29T13:03:34.317395,PUBLISH,3c34217e16f24dd2886b93b6571f22a3,68f2d95bd190740cfd6a39af,ENQUEUED,0.4443929116285087,questions_in
2025-10-29T13:03:34.638781,PUBLISH,5e150d7a0b484797b1b5af242c984a81,68f2d95bd190740cfd6a3373,ENQUEUED,0.31949038596416357,questions_in
2025-10-29T13:03:34.956266,PUBLISH,b3c96cafe33449788510165d81cfe728,68f2d95bd190740cfd6a2431,ENQUEUED,0.31592296652994833,questions_in
2025-10-29T13:03:35.345604,PUBLISH,8c7ac7cd4d9d4233b876afa88e049cc6,68f2d95bd190740cfd6a222b,ENQUEUED,0.38769460914580967,questions_in
2025-10-29T13:03:35.466926,PUBLISH,718aa5bd3b394767950b51b4deb4cfb3,68f2d95bd190740cfd6a38af,ENQUEUED,0.11501040415205749,questions_in
2025-10-29T13:03:35.650717,PUBLISH,4c205806bf6f4271a99193858bc64c2e,68f2d95bd190740cfd6a3851,ENQUEUED,0.1772486005289786,questions_in
2025-10-29T13:03:35.838627,PUBLISH,9a20bba1684b489fbf228e892be08a51,68f2d95bd190740cfd6a20de,ENQUEUED,0.18510070465808146,questions_in
2025-10-29T13:03:36.031825,PUBLISH,fdf8004845e14b91b202793bd31ee5df,68f2d95bd190740cfd6a36b9,ENQUEUED,0.18734289142288776,questions_in
2025-10-29T13:03:36.518779,PUBLISH,762a2a853c07438eacef16e472dd7c61,68f2d95bd190740cfd6a3db0,ENQUEUED,0.48496653378679855,questions_in
2025-10-29T13:03:37.007715,PUBLISH,a839e661ae2d4a7795140caeb9d6b348,68f2d95bd190740cfd6a4116,ENQUEUED,0.48564150559473374,questions_in
2025-10-29T13:03:37.364007,PUBLISH,4eedecfb54f44338b5936393c60740f3,68f2d95bd190740cfd6a1dcd,ENQUEUED,0.3543311872589888,questions_in
2025-10-29T13:03:37.743647,PUBLISH,6357998c9bca4d4da7d8b085e750d04a,68f2d95bd190740cfd6a1c01,ENQUEUED,0.37741105761162597,questions_in
2025-10-29T13:03:38.188477,PUBLISH,bcbd3e8f0b2a4b6e8d145d0e5702e448,68f2d95bd190740cfd6a1db9,ENQUEUED,0.44205635687988376,questions_in
2025-10-29T13:03:38.347858,PUBLISH,09a317fa2538415f86a3d6d855663b95,68f2d95bd190740cfd6a1dd8,ENQUEUED,0.15395634150688653,questions_in
2025-10-29T13:03:38.565943,PUBLISH,4af996983ee5439abacd0ba24373737e,68f2d95bd190740cfd6a3ed6,ENQUEUED,0.21226622998307243,questions_in
2025-10-29T13:03:39.059115,PUBLISH,cd74f7a98e7548d3969e2d3b73bb5ed6,68f2d95bd190740cfd6a3936,ENQUEUED,0.4877495111913991,questions_in
2025-10-29T13:03:39.311288,PUBLISH,7ca680946cea4f839523fd5f800a6452,68f2d95bd190740cfd6a34e7,ENQUEUED,0.24998016188755165,questions_in
2025-10-29T13:03:39.757528,PUBLISH,8eb027bcd0854bfdaddb713e0466f050,68f2d95bd190740cfd6a3d7a,ENQUEUED,0.4438446913052275,questions_in
2025-10-29T13:03:39.876839,PUBLISH,ef087b1f9a9341f78d3f959d1e49e2dd,68f2d95bd190740cfd6a32ff,ENQUEUED,0.11320454069984792,questions_in
2025-10-29T13:03:40.276935,PUBLISH,30fde2fb05d84f978bc41bbd277c8261,68f2d95bd190740cfd6a350f,ENQUEUED,0.39695357079923166,questions_in
2025-10-29T13:03:40.477065,PUBLISH,d8a2c2f6b36b476ab6817cd4a3babaf6,68f2d95bd190740cfd6a24cd,ENQUEUED,0.19833462557403828,questions_in
2025-10-29T13:03:40.614249,PUBLISH,202205c818324d169c20d0b5d7e6e6da,68f2d95bd190740cfd6a2137,ENQUEUED,0.13238954214601734,questions_in
2025-10-29T13:03:40.810022,PUBLISH,86abce1669734281855c9a8050629611,68f2d95bd190740cfd6a3894,ENQUEUED,0.19035273479036868,questions_in
2025-10-29T13:03:41.125944,PUBLISH,e64d2e6dcfb145f4927d5bbd6f6cc8f8,68f2d95bd190740cfd6a3bc6,ENQUEUED,0.31052408459290226,questions_in
2025-10-29T13:03:41.433399,PUBLISH,81b337d411fc4041a9d501820762f236,68f2d95bd190740cfd6a2331,ENQUEUED,0.30205627015672065,questions_in
2025-10-29T13:03:41.934560,PUBLISH,7334126c57a44b1f88c88887fa10c872,68f2d95bd190740cfd6a3c71,ENQUEUED,0.49949452275248074,questions_in
2025-10-29T13:03:42.080941,PUBLISH,ade4590b01484fd199c626e9138ee988,68f2d95bd190740cfd6a22f8,ENQUEUED,0.14414230940922468,questions_in
2025-10-29T13:03:42.259701,PUBLISH,8e21ccab13e84d91add9596b8ba73365,68f2d95bd190740cfd6a33ef,ENQUEUED,0.1767545019676717,questions_in
2025-10-29T13:03:42.697916,PUBLISH,5cb40100c9c9407bba6dcffd9c76d0ca,68f2d95bd190740cfd6a3545,ENQUEUED,0.43622195383818774,questions_in
2025-10-29T13:03:42.809679,PUBLISH,8987d8bca0154fecbe64b85c46a8aa19,68f2d95bd190740cfd6a2576,ENQUEUED,0.10921487530328133,questions_in
2025-10-29T13:03:43.140056,PUBLISH,e413ae365a7d4feba5f1a26a6cf49ac3,68f2d95bd190740cfd6a21a2,ENQUEUED,0.324972198876552,questions_in
2025-10-29T13:03:43.365986,PUBLISH,dc7ff295843b48ef9b48fae5c05f3a28,68f2d95bd190740cfd6a27a5,ENQUEUED,0.22287805497472904,questions_in
2025-10-29T13:03:43.678174,PUBLISH,6a3ef6e4f0d24f57abd0cb53601ae452,68f2d95bd190740cfd6a30c7,ENQUEUED,0.3107521522347271,questions_in
2025-10-29T13:03:44.162501,PUBLISH,b8db2424735b424790cdba6a2a4da52a,68f2d95bd190740cfd6a3e62,ENQUEUED,0.48153932663913934,questions_in
2025-10-29T13:03:44.448525,PUBLISH,986e0161a36b4feda834dbe7fe0b92f5,68f2d95bd190740cfd6a388f,ENQUEUED,0.28436598658880863,questions_in
2025-10-29T13:03:44.707565,PUBLISH,b5904f59797648ba95e526bdde7be657,68f2d95bd190740cfd6a2865,ENQUEUED,0.25647241744856697,questions_in
2025-10-29T13:03:45.079046,PUBLISH,4194df7e99a74f10b16355f6f0db44ed,68f2d95bd190740cfd6a29e3,ENQUEUED,0.3695189213228649,questions_in
2025-10-29T13:03:45.200773,PUBLISH,16fef6a2e0db4ddab75cd343c1d26c3e,68f2d95bd190740cfd6a1ae3,ENQUEUED,0.11874933095363378,questions_in
2025-10-29T13:03:45.641149,PUBLISH,51a47ebd10da41fba980892ab756d547,68f2d95bd190740cfd6a325d,ENQUEUED,0.4385380685281667,questions_in
2025-10-29T13:03:45.884455,PUBLISH,9b14a77c3c0a4673ac3f2d9d63bf46ce,68f2d95bd190740cfd6a3974,ENQUEUED,0.24133333401077228,questions_in
2025-10-29T13:03:46.186258,PUBLISH,311d4ab98884498d8cb7da190685e27f,68f2d95bd190740cfd6a27a5,ENQUEUED,0.2985171960988014,questions_in
2025-10-29T13:03:46.646361,PUBLISH,ad72a9704c4e47f48235fef8255c6ee9,68f2d95bd190740cfd6a1d88,ENQUEUED,0.45420193162778555,questions_in
2025-10-29T13:03:46.820759,PUBLISH,2d79976adaf345b0b15b5fdc766be2fa,68f2d95bd190740cfd6a1c8d,ENQUEUED,0.1725412041534852,questions_in
2025-10-29T13:03:46.926436,PUBLISH,9fc9fe9401974b17805a1d86fc6d1740,68f2d95bd190740cfd6a2274,ENQUEUED,0.1008787938740468,questions_in
2025-10-29T13:03:47.220271,PUBLISH,52963a37d8a54e9a8e195566e13e5323,68f2d95bd190740cfd6a38e4,ENQUEUED,0.29186679360849777,questions_in
2025-10-29T13:03:47.716042,PUBLISH,cdc53756e3994d379f83f90ec07c098b,68f2d95bd190740cfd6a3c9f,ENQUEUED,0.49055218547888546,questions_in
2025-10-29T13:03:48.202081,PUBLISH,d22534eea0434a75bb72ace6d5f21b9a,68f2d95bd190740cfd6a3f27,ENQUEUED,0.48023721167243794,questions_in
2025-10-29T13:03:48.425999,PUBLISH,0e88a31c1eb84a67a7cfa2ba3b8916b9,68f2d95bd190740cfd6a3aeb,ENQUEUED,0.22203472109447686,questions_in
2025-10-29T13:03:48.930768,PUBLISH,dd6ae163ade243318dd62918a5ea584e,68f2d95bd190740cfd6a2ffb,ENQUEUED,0.4999437832453887,questions_in
2025-10-29T13:03:49.289061,PUBLISH,b8d9a466cb704f31a38f122cb3e97d6e,68f2d95bd190740cfd6a2cd8,ENQUEUED,0.35553565276036225,questions_in
2025-10-29T13:03:49.734640,PUBLISH,de05fba0268a494f95894cbc7da0d2ce,68f2d95bd190740cfd6a263b,ENQUEUED,0.44363410655768387,questions_in
2025-10-29T13:03:49.974140,PUBLISH,198a592288394b47bf5cc7f93dbc4f4b,68f2d95bd190740cfd6a2b07,ENQUEUED,0.23783921872199454,questions_in
2025-10-29T13:03:50.309591,PUBLISH,49bd58a3bff947bf946b890d504eb083,68f2d95bd190740cfd6a4199,ENQUEUED,0.33254919584810994,questions_in
2025-10-29T13:03:50.471621,PUBLISH,546c17c3695d4bd384b93cdeacb59e87,68f2d95bd190740cfd6a2b4e,ENQUEUED,0.1569324796352925,questions_in
2025-10-29T13:03:50.603779,PUBLISH,961747b0c8fc4c8ca1477e14e95a2346,68f2d95bd190740cfd6a2f20,ENQUEUED,0.12894190256107005,questions_in
2025-10-29T13:03:50.780956,PUBLISH,6c8273c576b54268bc32dc51df0e50ec,68f2d95bd190740cfd6a3eb5,ENQUEUED,0.17123003044303953,questions_in
2025-10-29T13:03:51.020606,PUBLISH,05bb421b016c4237a57047fba9aaa0d5,68f2d95bd190740cfd6a31c5,ENQUEUED,0.23436027712037666,questions_in
2025-10-29T13:03:51.500600,PUBLISH,a396b43a3e844fcc80ad932c2472b2d5,68f2d95bd190740cfd6a1c6f,ENQUEUED,0.4733448091951463,questions_in
2025-10-29T13:03:51.735622,PUBLISH,97ec45e99b414eecada36740f2c7d1bf,68f2d95bd190740cfd6a28b4,ENQUEUED,0.23347995704335808,questions_in
2025-10-29T13:03:51.889356,PUBLISH,3d40f6277cb34d3caddca339ea1b3d46,68f2d95bd190740cfd6a2d36,ENQUEUED,0.1514848730594669,questions_in
2025-10-29T13:03:52.092941,PUBLISH,9ea2438ab2b74561a439a70fa0aa9d8b,68f2d95bd190740cfd6a2f78,ENQUEUED,0.20107394497168132,questions_in
2025-10-29T13:03:52.249253,PUBLISH,1a2a85fc766748738904972bd03219e7,68f2d95bd190740cfd6a32fd,ENQUEUED,0.1503775573316941,questions_in
2025-10-29T13:03:52.572217,PUBLISH,938f2eb017bb4db48f9a2feda37fb283,68f2d95bd190740cfd6a3bad,ENQUEUED,0.32089688610390266,questions_in
2025-10-29T13:03:52.993149,PUBLISH,c7f3bdb8cad04505a5f20d0d6dd9eca7,68f2d95bd190740cfd6a3e60,ENQUEUED,0.4187165465961302,questions_in
2025-10-29T13:03:53.110019,PUBLISH,2c3c47976d5d45a486e0c4e83837e1dd,68f2d95bd190740cfd6a2f95,ENQUEUED,0.11142239579692537,questions_in
2025-10-29T13:03:53.331407,PUBLISH,fa0582e7ccc247e99cba9dad0b273c46,68f2d95bd190740cfd6a40a3,ENQUEUED,0.21634411236720436,questions_in
2025-10-29T13:03:53.764481,PUBLISH,2e2a29c556204948aeebad8f48f0dbbd,68f2d95bd190740cfd6a2ac4,ENQUEUED,0.4275071583930832,questions_in
2025-10-29T13:03:53.926246,PUBLISH,19d9108bfb524d4abcd3dab7d7acee28,68f2d95bd190740cfd6a35de,ENQUEUED,0.15976403192334626,questions_in
2025-10-29T13:03:54.376077,PUBLISH,97795b1d25b749ad9a9f49d24cf21172,68f2d95bd190740cfd6a3a2e,ENQUEUED,0.4441518986810429,questions_in
2025-10-29T13:03:54.504382,PUBLISH,d02f7cd989644b33a6a4def042cdf000,68f2d95bd190740cfd6a27ef,ENQUEUED,0.12222736664706191,questions_in
2025-10-29T13:03:54.974247,PUBLISH,80f9656102994c18bde6b83f61948023,68f2d95bd190740cfd6a1dd8,ENQUEUED,0.46809553285323946,questions_in
2025-10-29T13:03:55.216377,PUBLISH,357202b16c68429cae298dd9d3518492,68f2d95bd190740cfd6a367e,ENQUEUED,0.2368734229814008,questions_in
2025-10-29T13:03:55.450858,PUBLISH,9ff7c663d1c945eb8eb1ebe6e4002a3c,68f2d95bd190740cfd6a2ab4,ENQUEUED,0.22914558397235943,questions_in
2025-10-29T13:03:55.852293,PUBLISH,0e3ebe7c2c5a4bd795dc34403de35a99,68f2d95bd190740cfd6a3c51,ENQUEUED,0.3999526757432771,questions_in
2025-10-29T13:03:56.108547,PUBLISH,63f693a7dcde49e5ad31416cbf590ed2,68f2d95bd190740cfd6a3eed,ENQUEUED,0.251040688058187,questions_in
2025-10-29T13:03:56.500983,PUBLISH,6c7f41b7ec8249adb0a7bb7c84a0c85f,68f2d95bd190740cfd6a2781,ENQUEUED,0.3879448222040264,questions_in
2025-10-29T13:03:56.709307,PUBLISH,e911ef7200254b4393b29cfdfb00afe7,68f2d95bd190740cfd6a1ca9,ENQUEUED,0.20026290582460607,questions_in
2025-10-29T13:03:56.826927,PUBLISH,201d4dd4acf84a0ca45e7b9545abcd44,68f2d95bd190740cfd6a26f5,ENQUEUED,0.11478952302186679,questions_in
2025-10-29T13:03:57.294164,PUBLISH,ed1379f8294a4fb49a92804b388ee298,68f2d95bd190740cfd6a252a,ENQUEUED,0.4609915852584012,questions_in
2025-10-29T13:03:57.624611,PUBLISH,6ac53a67bedb447a91159f46704cd910,68f2d95bd190740cfd6a3964,ENQUEUED,0.3249026759655095,questions_in
2025-10-29T13:03:58.052517,PUBLISH,0139148d61be439992990861c2d2bf82,68f2d95bd190740cfd6a31a4,ENQUEUED,0.4222734777844199,questions_in
2025-10-29T13:03:58.500333,PUBLISH,9665cef32f384a3e958ebb34bb58c552,68f2d95bd190740cfd6a2d56,ENQUEUED,0.4407946731019795,questions_in
2025-10-29T13:03:58.872753,PUBLISH,e7e23e5530b74009b2cfc6c1efbf3e93,68f2d95bd190740cfd6a2d3f,ENQUEUED,0.36988532902506044,questions_in
2025-10-29T13:03:59.215055,PUBLISH,b9ee9b4873b04ccaae06a92f30747938,68f2d95bd190740cfd6a32f5,ENQUEUED,0.3406486817166815,questions_in
2025-10-29T13:03:59.612190,PUBLISH,7095e5cd3cad43ee85332664c9fe4699,68f2d95bd190740cfd6a28f8,ENQUEUED,0.39163226710708143,questions_in
2025-10-29T13:03:59.802419,PUBLISH,50286969e1e54e389282182e7c595b05,68f2d95bd190740cfd6a3451,ENQUEUED,0.18828746954436495,questions_in
2025-10-29T13:04:00.178640,PUBLISH,dda2a062b4094d3c8c605cf93e94e389,68f2d95bd190740cfd6a2ce3,ENQUEUED,0.37440424147211504,questions_in
2025-10-29T13:04:00.378907,PUBLISH,5178049967c840038ae76754ae371e32,68f2d95bd190740cfd6a2eb5,ENQUEUED,0.19251384247029996,questions_in
2025-10-29T13:04:00.866786,PUBLISH,c42d802d73d64b2bb209ead6ac0a281e,68f2d95bd190740cfd6a208d,ENQUEUED,0.4857041091003482,questions_in
2025-10-29T13:04:01.123673,PUBLISH,ac49652ea0b34790848d2053ef1ff3f1,68f2d95bd190740cfd6a1cba,ENQUEUED,0.2553707506358066,questions_in
2025-10-29T13:04:01.560673,PUBLISH,9d2ba7d926514d73902b436b1ef416c8,68f2d95bd190740cfd6a20ff,ENQUEUED,0.43457563888349127,questions_in
2025-10-29T13:04:01.845282,PUBLISH,4c217ea2fcc44227b1284822453b700e,68f2d95bd190740cfd6a2622,ENQUEUED,0.2823123673809236,questions_in
2025-10-29T13:04:02.233846,PUBLISH,1b6a17ab60d94d4abd3d3d0a1d1fa55b,68f2d95bd190740cfd6a3963,ENQUEUED,0.38694237831950884,questions_in
2025-10-29T13:04:02.565563,PUBLISH,114263f73d9944fdbc1f723ad9be5ca2,68f2d95bd190740cfd6a36e4,ENQUEUED,0.3272583445706827,questions_in
2025-10-29T13:04:02.981331,PUBLISH,9303962aa9d24f2d943f3e03a095b5e6,68f2d95bd190740cfd6a29fe,ENQUEUED,0.413989259707884,questions_in
2025-10-29T13:04:03.206026,PUBLISH,65df087cab8644b39358fc74c1fe1cac,68f2d95bd190740cfd6a2821,ENQUEUED,0.21889706222708397,questions_in
2025-10-29T13:04:03.543528,PUBLISH,654fd97e0a8b41fd98b6e4ba7bcc3c4e,68f2d95bd190740cfd6a2109,ENQUEUED,0.3358531267827236,questions_in
2025-10-29T13:04:03.757770,PUBLISH,28831ae154a14787a88477d11cbc10cf,68f2d95bd190740cfd6a1d65,ENQUEUED,0.21030480358409465,questions_in
2025-10-29T13:04:04.047548,PUBLISH,8ebcd60202ca482faf83718632300f78,68f2d95bd190740cfd6a2270,ENQUEUED,0.28730704300825766,questions_in
2025-10-29T13:04:04.521993,PUBLISH,f30d3a1acfb2496fbedbe2b917622920,68f2d95bd190740cfd6a1f8f,ENQUEUED,0.4727446855846956,questions_in
2025-10-29T13:04:04.855772,PUBLISH,d67187212e554c08bc205a1e2511d0a6,68f2d95bd190740cfd6a3efc,ENQUEUED,0.3285170889812008,questions_in
2025-10-29T13:04:05.167904,PUBLISH,c963b3baf1aa4b70bc75eaa5fa920f49,68f2d95bd190740cfd6a23ec,ENQUEUED,0.30565302797524035,questions_in
2025-10-29T13:04:05.666746,PUBLISH,909250ccd28843deb5dbbae1002501a7,68f2d95bd190740cfd6a3bbb,ENQUEUED,0.49355808510654875,questions_in
2025-10-29T13:04:05.840099,PUBLISH,785f40953d274231abcc12519b651cac,68f2d95bd190740cfd6a375d,ENQUEUED,0.17108732407299732,questions_in
2025-10-29T13:04:06.058227,PUBLISH,2082facbe732409f9b1be6e0ec02e84e,68f2d95bd190740cfd6a37aa,ENQUEUED,0.21624461332844502,questions_in
2025-10-29T13:04:06.427642,PUBLISH,147e6818b05b4616871df37c77417050,68f2d95bd190740cfd6a2022,ENQUEUED,0.3670122018444574,questions_in
2025-10-29T13:04:06.540583,PUBLISH,a49318593d9d40488590dc367be936a8,68f2d95bd190740cfd6a2248,ENQUEUED,0.1110859166212896,questions_in
2025-10-29T13:04:06.817769,PUBLISH,eba4c897738948dea897a52238b5c8f5,68f2d95bd190740cfd6a3c51,ENQUEUED,0.275026959033701,questions_in
2025-10-29T13:04:07.272776,PUBLISH,fba340bb3b7f4cd08c23e8f48d2a9614,68f2d95bd190740cfd6a2f8e,ENQUEUED,0.45061661613875337,questions_in
2025-10-29T13:04:07.582697,PUBLISH,93252748b226434f92e1e790178ed774,68f2d95bd190740cfd6a2a06,ENQUEUED,0.3082189425733821,questions_in
2025-10-29T13:04:07.810373,PUBLISH,25536d3c93b043ebb43aceb696d8b5cc,68f2d95bd190740cfd6a3217,ENQUEUED,0.22587541270620382,questions_in
2025-10-29T13:04:08.141052,PUBLISH,3f52cb53fbb64f568bc082c2456559f4,68f2d95bd190740cfd6a32cf,ENQUEUED,0.3253965279766897,questions_in
2025-10-29T13:04:08.295771,PUBLISH,05b7aa597ec44189ae443494b0417d11,68f2d95bd190740cfd6a1cce,ENQUEUED,0.15333788287115607,questions_in
2025-10-29T13:04:08.411671,PUBLISH,db54c1ce2fc14062a928e3b3075e4fe1,68f2d95bd190740cfd6a26db,ENQUEUED,0.10849433417615302,questions_in
2025-10-29T13:04:08.794376,PUBLISH,8ad302039a8a476191ab1721d6dcdc49,68f2d95bd190740cfd6a2f7c,ENQUEUED,0.37617721443433316,questions_in
2025-10-29T13:04:09.242609,PUBLISH,f0ec5b85036c4dd882df2760b81993fb,68f2d95bd190740cfd6a4122,ENQUEUED,0.446440658875749,questions_in
2025-10-29T13:04:09.517475,PUBLISH,b4e3a3a965c94ccda501f825af160d47,68f2d95bd190740cfd6a2f25,ENQUEUED,0.27288441067030156,questions_in
2025-10-29T13:04:09.919864,PUBLISH,56eb7600a0f14ae180a9ce293a8f3ea5,68f2d95bd190740cfd6a1f01,ENQUEUED,0.4003266068986102,questions_in
2025-10-29T13:04:10.406985,PUBLISH,99f3237b33154d7690f85f2b7cebfdea,68f2d95bd190740cfd6a23f8,ENQUEUED,0.4850243831006835,questions_in
2025-10-29T13:04:10.783006,PUBLISH,c7b5a4ae4ce2435d963bb8c29b444dd7,68f2d95bd190740cfd6a306a,ENQUEUED,0.37068223596198524,questions_in
2025-10-29T13:04:10.910161,PUBLISH,4a471686258548768bff6c565b21f086,68f2d95bd190740cfd6a37ca,ENQUEUED,0.12530464467884295,questions_in
2025-10-29T13:04:11.338061,PUBLISH,be2869bf797042c1ac37d457a4d8ca64,68f2d95bd190740cfd6a38f5,ENQUEUED,0.42611385720159434,questions_in
2025-10-29T13:04:11.817953,PUBLISH,4b04fcdbd9974ee1b2f23a3a96ac060a,68f2d95bd190740cfd6a4102,ENQUEUED,0.4775660990316618,questions_in
2025-10-29T13:04:12.144931,PUBLISH,b4957390c59c4ca69ef325218996ea98,68f2d95bd190740cfd6a2306,ENQUEUED,0.3219581161310724,questions_in
2025-10-29T13:04:12.254517,PUBLISH,7197975e231b4af28604a3ab3702c1dc,68f2d95bd190740cfd6a2d89,ENQUEUED,0.10395932385301038,questions_in
2025-10-29T13:04:12.714897,PUBLISH,921f0f6e1dba4558b85de83459e35962,68f2d95bd190740cfd6a1d0d,ENQUEUED,0.4547023548021262,questions_in
2025-10-29T13:04:13.195551,PUBLISH,502f9fb583b945518c0e0ddfab327388,68f2d95bd190740cfd6a3cce,ENQUEUED,0.4747353576329081,questions_in
2025-10-29T13:04:13.326483,PUBLISH,fce5cd3dbed84c2db2caae911f45e5c5,68f2d95bd190740cfd6a3070,ENQUEUED,0.12541078349500806,questions_in
2025-10-29T13:04:13.690970,PUBLISH,4601e30b32b54cc7b7b0412557708a6d,68f2d95bd190740cfd6a2865,ENQUEUED,0.36184109320126967,questions_in
2025-10-29T13:04:13.822086,PUBLISH,e6ccfc8df8ca4dcd89e59a2686b76d21,68f2d95bd190740cfd6a2d8c,ENQUEUED,0.12929109845506775,questions_in
2025-10-29T13:04:14.315302,PUBLISH,638e591100324bf3814ecb1a63d70678,68f2d95bd190740cfd6a3f79,ENQUEUED,0.48713247504817947,questions_in
2025-10-29T13:04:14.817015,PUBLISH,f5308baa409145b98ef6833158f977c1,68f2d95bd190740cfd6a369c,ENQUEUED,0.4959886449323453,questions_in
2025-10-29T13:04:15.248079,PUBLISH,8574424c11fa4504bd7f4bb5e9a9caf1,68f2d95bd190740cfd6a1c37,ENQUEUED,0.4253064771854853,questions_in
2025-10-29T13:04:15.406671,PUBLISH,ff38483adb30416e939fbd4321da597d,68f2d95bd190740cfd6a26a8,ENQUEUED,0.152122448876149,questions_in
2025-10-29T13:04:15.666890,PUBLISH,1ca2906b6a704fe2bead4b9e09dba661,68f2d95bd190740cfd6a2a8d,ENQUEUED,0.25521216656083456,questions_in
2025-10-29T13:04:16.143432,PUBLISH,6201f793f3474b5b8d7970244e795c97,68f2d95bd190740cfd6a327a,ENQUEUED,0.4717150468420023,questions_in
2025-10-29T13:04:16.442220,PUBLISH,90648326cf1d4f349c820e965b82e389,68f2d95bd190740cfd6a1e73,ENQUEUED,0.29326852516738133,questions_in
2025-10-29T13:04:16.830954,PUBLISH,979bd663cb0d40f8967d2e766a111d83,68f2d95bd190740cfd6a3e88,ENQUEUED,0.38476315535338845,questions_in
2025-10-29T13:04:17.153183,PUBLISH,68faa335d439434f8d54b7d6d661fd96,68f2d95bd190740cfd6a31cd,ENQUEUED,0.32064430214172646,questions_in
2025-10-29T13:04:17.633273,PUBLISH,34d192c48a9f4c6fbe6571a8f3662401,68f2d95bd190740cfd6a290a,ENQUEUED,0.47457838815669673,questions_in
2025-10-29T13:04:18.132042,PUBLISH,bc3f91da4a9a413090a62fafd28d6db7,68f2d95bd190740cfd6a344b,ENQUEUED,0.4927239372429012,questions_in
2025-10-29T13:04:18.267066,PUBLISH,15ce43b64d314f41860a0e32f7b23163,68f2d95bd190740cfd6a357b,ENQUEUED,0.12719361188116762,questions_in
2025-10-29T13:04:18.686737,PUBLISH,675de15077514de7ad918c76a4558af7,68f2d95bd190740cfd6a1f80,ENQUEUED,0.41590398351362357,questions_in
2025-10-29T13:04:18.869794,PUBLISH,df9c4974bfc443ddbf6fd2c5845efeed,68f2d95bd190740cfd6a3038,ENQUEUED,0.1813662213270686,questions_in
2025-10-29T13:04:19.009689,PUBLISH,b6186ab90c7d4b8f93510373bc199fe1,68f2d95bd190740cfd6a3cc2,ENQUEUED,0.13778322226953832,questions_in
2025-10-29T13:04:19.315336,PUBLISH,31b7179c6f8743708256a568490ecc04,68f2d95bd190740cfd6a2949,ENQUEUED,0.2987327993807173,questions_in
2025-10-29T13:04:19.639417,PUBLISH,4e9c90f624fa432cb71033367c997363,68f2d95bd190740cfd6a2260,ENQUEUED,0.3195576608767912,questions_in
2025-10-29T13:04:19.898274,PUBLISH,586a12bd1d0340e2b4f6edaedfc0f03d,68f2d95bd190740cfd6a4150,ENQUEUED,0.2535311138204598,questions_in
2025-10-29T13:04:20.107689,PUBLISH,7feaa5f21a42473b997722199ecefacc,68f2d95bd190740cfd6a2ef9,ENQUEUED,0.20551422262999464,questions_in
2025-10-29T13:04:20.285515,PUBLISH,6334fb45ad8a48fd98022d0eb6a4c2ab,68f2d95bd190740cfd6a2934,ENQUEUED,0.17642169825888315,questions_in
2025-10-29T13:04:20.719517,PUBLISH,96ac9a1a565340ac9886b110923be99c,68f2d95bd190740cfd6a3fa1,ENQUEUED,0.4308896079245387,questions_in
2025-10-29T13:04:21.066876,PUBLISH,11b88f6c2801444ca4741b303600fb35,68f2d95bd190740cfd6a4065,ENQUEUED,0.34495885065294773,questions_in
2025-10-29T13:04:21.534724,PUBLISH,402b6db89975471aa10b53709f2dfa7b,68f2d95bd190740cfd6a3689,ENQUEUED,0.4660592230555657,questions_in
2025-10-29T13:04:21.736679,PUBLISH,32841d51f3c64c3c886e3c704c2472ff,68f2d95bd190740cfd6a3afb,ENQUEUED,0.19643272082184227,questions_in
2025-10-29T13:04:22.192809,PUBLISH,a5e5f14888bd42b496f7945f4eb571f3,68f2d95bd190740cfd6a3c77,ENQUEUED,0.4499320549639657,questions_in
2025-10-29T13:04:22.334256,PUBLISH,7aeaac4f26d3474b94aea1a9c68d1fa5,68f2d95bd190740cfd6a3e78,ENQUEUED,0.1359147515384508,questions_in
2025-10-29T13:04:22.563998,PUBLISH,8854da08ce4840c1a649cb27b59a1136,68f2d95bd190740cfd6a1d12,ENQUEUED,0.22400119482500713,questions_in
2025-10-29T13:04:22.714363,PUBLISH,32388c9d34364a0d8c0054dfb9bb91a4,68f2d95bd190740cfd6a3410,ENQUEUED,0.14535479698892845,questions_in
2025-10-29T13:04:23.165328,PUBLISH,53b15278937741448bd62ca13cc339ab,68f2d95bd190740cfd6a2382,ENQUEUED,0.4485808438404647,questions_in
2025-10-29T13:04:23.474613,PUBLISH,7b6229221a5f45e7af658e3406d730e3,68f2d95bd190740cfd6a3db2,ENQUEUED,0.3079527985399746,questions_in
2025-10-29T13:04:23.842253,PUBLISH,6a1d426e0d4a47539a27fd76439221fa,68f2d95bd190740cfd6a1b48,ENQUEUED,0.3658748701873914,questions_in
2025-10-29T13:04:23.946221,PUBLISH,2f113cda83504dcfa0a232d3c2a9d559,68f2d95bd190740cfd6a3ccf,ENQUEUED,0.10205179663028074,questions_in
2025-10-29T13:04:24.377435,PUBLISH,96ce12a6606543f4a0e9d1b3c91ad755,68f2d95bd190740cfd6a297d,ENQUEUED,0.4257719921443627,questions_in
2025-10-29T13:04:24.803463,PUBLISH,a6d7fe7b6767421a9cd0e74eff6741a6,68f2d95bd190740cfd6a1acc,ENQUEUED,0.41979266024367023,questions_in
2025-10-29T13:04:24.941483,PUBLISH,0d0821b057314592b652a6d182e20d76,68f2d95bd190740cfd6a294e,ENQUEUED,0.13262921257861207,questions_in
2025-10-29T13:04:25.249044,PUBLISH,4825ff54fb454936a222e90260864db3,68f2d95bd190740cfd6a389e,ENQUEUED,0.3022286449846852,questions_in
2025-10-29T13:04:25.648245,PUBLISH,a05a63a6e72342d7ba92743aacbcdcc2,68f2d95bd190740cfd6a2aee,ENQUEUED,0.39423786290250795,questions_in
2025-10-29T13:04:26.037336,PUBLISH,f5af77bc67e345f5bfa15ef420b1e448,68f2d95bd190740cfd6a1f26,ENQUEUED,0.38238787019237497,questions_in
2025-10-29T13:04:26.314314,PUBLISH,a87087d36c1e4ca4a8a83b3f0305f364,68f2d95bd190740cfd6a37a9,ENQUEUED,0.27511262883437504,questions_in
2025-10-29T13:04:26.430448,PUBLISH,396cde2989984350a1dd5d91d5f1bdec,68f2d95bd190740cfd6a3dbf,ENQUEUED,0.11381410319346111,questions_in
2025-10-29T13:04:26.903110,PUBLISH,ca0ce155d5fc47edb2a930a4a401217b,68f2d95bd190740cfd6a3619,ENQUEUED,0.4709330970311989,questions_in
2025-10-29T13:04:27.112682,PUBLISH,a52555cbafb4435188f59f08da6ec67e,68f2d95bd190740cfd6a2d71,ENQUEUED,0.20465747872737938,questions_in
2025-10-29T13:04:27.376195,PUBLISH,365951e44e0649d6a4ba65cd7050eb5e,68f2d95bd190740cfd6a2f09,ENQUEUED,0.25800042141869484,questions_in
2025-10-29T13:04:27.738243,PUBLISH,64ddf0f147af483b8675955426997dfc,68f2d95bd190740cfd6a2f48,ENQUEUED,0.3599678607718009,questions_in
2025-10-29T13:04:28.165770,PUBLISH,31f20b323bd0459dbe6e20f47fd23794,68f2d95bd190740cfd6a2ec6,ENQUEUED,0.421691121109126,questions_in
2025-10-29T13:04:28.470108,PUBLISH,49229f515f9b4412a7a9cd8ad70000a0,68f2d95bd190740cfd6a39c6,ENQUEUED,0.2991860688323166,questions_in
2025-10-29T13:04:28.924481,PUBLISH,3eb684014dbe41d3948e90c6a69c77eb,68f2d95bd190740cfd6a2d81,ENQUEUED,0.44804358123679067,questions_in
2025-10-29T13:04:29.333331,PUBLISH,586778f237f54c39bec66edb97181936,68f2d95bd190740cfd6a3d24,ENQUEUED,0.4022411939194763,questions_in
2025-10-29T13:04:29.693624,PUBLISH,765390cf3fa148cd9cbc88fc8d0a416f,68f2d95bd190740cfd6a3f6c,ENQUEUED,0.3540332365419482,questions_in
2025-10-29T13:04:30.164900,PUBLISH,925d2df877bb46aa82b9181c9ba613c6,68f2d95bd190740cfd6a2e3d,ENQUEUED,0.4693851422404286,questions_in
2025-10-29T13:04:30.341540,PUBLISH,90dfb59c73894af09a38f38d59e845e4,68f2d95bd190740cfd6a24ab,ENQUEUED,0.1709595266255063,questions_in
2025-10-29T13:04:30.450052,PUBLISH,3b0dc4baf6f64db48df5f972195bb740,68f2d95bd190740cfd6a2155,ENQUEUED,0.10358575051192709,questions_in
2025-10-29T13:04:30.842301,PUBLISH,866ee12377064d0a882acd712aebcaf6,68f2d95bd190740cfd6a2414,ENQUEUED,0.38936109623278337,questions_in
2025-10-29T13:04:30.969617,PUBLISH,2c62a633b9aa4c5cb5449ca24a447e34,68f2d95bd190740cfd6a292a,ENQUEUED,0.1255849908236344,questions_in
2025-10-29T13:04:31.211563,PUBLISH,1357f494643542acb1622ee2efb46bf5,68f2d95bd190740cfd6a21bb,ENQUEUED,0.23632744510848785,questions_in
2025-10-29T13:04:31.700817,PUBLISH,fb6e1988aff24bfdb08cde719f0473a3,68f2d95bd190740cfd6a3da5,ENQUEUED,0.48359363499741226,questions_in
2025-10-29T13:04:32.146531,PUBLISH,6849db04ab1c413aa1055d4fa309813a,68f2d95bd190740cfd6a2205,ENQUEUED,0.4401715659804447,questions_in
2025-10-29T13:04:32.380502,PUBLISH,da0b9b7a31554343bf5ee6e4e86379e2,68f2d95bd190740cfd6a21b2,ENQUEUED,0.22850443960779396,questions_in
2025-10-29T13:04:32.874188,PUBLISH,1a58f1b1340745ac93a8234634f249ac,68f2d95bd190740cfd6a37d3,ENQUEUED,0.49163972354296515,questions_in
2025-10-29T13:04:33.131643,PUBLISH,d8f505f877894cadbfd4857da040569f,68f2d95bd190740cfd6a3672,ENQUEUED,0.2508534825505848,questions_in
2025-10-29T13:04:33.532102,PUBLISH,5350d39e35544470a47b93d3c63ff169,68f2d95bd190740cfd6a2e16,ENQUEUED,0.3992012099346447,questions_in
2025-10-29T13:04:33.741899,PUBLISH,75ce7c7b87324710a4d93a6050ac87e2,68f2d95bd190740cfd6a22b7,ENQUEUED,0.20470828545016306,questions_in
2025-10-29T13:04:34.095573,PUBLISH,7b4f737336a14c5c90f7872401ab66b6,68f2d95bd190740cfd6a400a,ENQUEUED,0.351317900021736,questions_in
2025-10-29T13:04:34.445420,PUBLISH,3e1b973891d24777b9799eb7d802fab6,68f2d95bd190740cfd6a3d23,ENQUEUED,0.347900087629244,questions_in
2025-10-29T13:04:34.933819,PUBLISH,fdf91205fae2435ca185aca5a6804d51,68f2d95bd190740cfd6a38ad,ENQUEUED,0.481730269667896,questions_in
2025-10-29T13:04:35.228666,PUBLISH,6db738c73ec04c14adef66e06cf6e705,68f2d95bd190740cfd6a2944,ENQUEUED,0.2891314481093369,questions_in
2025-10-29T13:04:35.651687,PUBLISH,c7fc3545c6b04d909129ca323bd8b71a,68f2d95bd190740cfd6a2429,ENQUEUED,0.4202978874563016,questions_in
2025-10-29T13:04:35.943061,PUBLISH,edf4e010c4474f9cb812465eb42f98ba,68f2d95bd190740cfd6a25f6,ENQUEUED,0.2857731925850001,questions_in
2025-10-29T13:04:36.127412,PUBLISH,1ac908dabb6448c78756590f779c48fd,68f2d95bd190740cfd6a1c6f,ENQUEUED,0.18197987225988632,questions_in
2025-10-29T13:04:36.452678,PUBLISH,a4cd27a5358f43da98275da0f712a70a,68f2d95bd190740cfd6a1d89,ENQUEUED,0.3235769530814966,questions_in
2025-10-29T13:04:36.798080,PUBLISH,e2e6747ebfcc4d55ab9969bcf7cd685a,68f2d95bd190740cfd6a200c,ENQUEUED,0.34273828157678066,questions_in
2025-10-29T13:04:37.032245,PUBLISH,3f9396b9d34246ab91333622fe889226,68f2d95bd190740cfd6a1faf,ENQUEUED,0.2306123673237134,questions_in
2025-10-29T13:04:37.511122,PUBLISH,2cd9d0ceebfb422f8a99ddb76be31fc7,68f2d95bd190740cfd6a25df,ENQUEUED,0.4733363545348258,questions_in
2025-10-29T13:04:37.808976,PUBLISH,e10d9cc84e6f47578bf34d93e5e97f62,68f2d95bd190740cfd6a3795,ENQUEUED,0.2958212971531598,questions_in
2025-10-29T13:04:37.944508,PUBLISH,03861e1032124333ae064a7ced22b6f1,68f2d95bd190740cfd6a3e69,ENQUEUED,0.13406656946830753,questions_in
2025-10-29T13:04:38.165619,PUBLISH,f1df6d6ff8ad4292a50ff3de6684f86b,68f2d95bd190740cfd6a3176,ENQUEUED,0.2157658444097376,questions_in
2025-10-29T13:04:38.437999,PUBLISH,90f84358dd074a9aae10f8a36fac64cc,68f2d95bd190740cfd6a383a,ENQUEUED,0.26733787532069636,questions_in
2025-10-29T13:04:38.788429,PUBLISH,4de6cc4f3b86417e9a3d329a54774369,68f2d95bd190740cfd6a2853,ENQUEUED,0.34404193280590467,questions_in
2025-10-29T13:04:39.258148,PUBLISH,c669c0f9235e40c8b76309ee40044459,68f2d95bd190740cfd6a21e9,ENQUEUED,0.46375467364981804,questions_in
2025-10-29T13:04:39.646953,PUBLISH,b433bd8695a94b3cb9150e606d275c8c,68f2d95bd190740cfd6a26bf,ENQUEUED,0.3871540942831707,questions_in
2025-10-29T13:04:40.028905,PUBLISH,b14877de2116452fa059ac24be390939,68f2d95bd190740cfd6a2667,ENQUEUED,0.38026999657177274,questions_in
2025-10-29T13:04:40.265953,PUBLISH,e3e5dd6bec7c40dab5ef974573c64ce5,68f2d95bd190740cfd6a41bd,ENQUEUED,0.2351591808697695,questions_in
2025-10-29T13:04:40.762269,PUBLISH,d057b2f1ae9346aba0ad3c671c831313,68f2d95bd190740cfd6a38b2,ENQUEUED,0.4895655429190725,questions_in
2025-10-29T13:04:40.916351,PUBLISH,6901b27a8afb4f70bedd0101cca0f7b0,68f2d95bd190740cfd6a230f,ENQUEUED,0.1483408756377064,questions_in
2025-10-29T13:04:41.388099,PUBLISH,3b146e1decc44f34a2d870f1769148b6,68f2d95bd190740cfd6a2a75,ENQUEUED,0.4657875459154891,questions_in
2025-10-29T13:04:41.781542,PUBLISH,d0ce9e5993844faa91fb45a00b9f4ad8,68f2d95bd190740cfd6a408b,ENQUEUED,0.391169817099447,questions_in
2025-10-29T13:04:42.268341,PUBLISH,335e5eaaa4574d2fb5d0a571a20144e4,68f2d95bd190740cfd6a3487,ENQUEUED,0.4847108271771937,questions_in
2025-10-29T13:04:42.734092,PUBLISH,675edb5f5f8944378ffce56f80c49bc4,68f2d95bd190740cfd6a2498,ENQUEUED,0.46398580558855806,questions_in
2025-10-29T13:04:42.894542,PUBLISH,f10f4a32b23b45299ffe1c30ec7658fd,68f2d95bd190740cfd6a2c3e,ENQUEUED,0.1558577623595613,questions_in
2025-10-29T13:04:43.093872,PUBLISH,a1e185db5bc0432a8409ded53f73bbf4,68f2d95bd190740cfd6a3791,ENQUEUED,0.19794111786188787,questions_in
2025-10-29T13:04:43.518528,PUBLISH,8878a24725ff49d29ad47f4f99f520d0,68f2d95bd190740cfd6a3747,ENQUEUED,0.4200455936183197,questions_in
2025-10-29T13:04:43.681789,PUBLISH,9d1efebee2d14517bec0fa98a70aaa30,68f2d95bd190740cfd6a323b,ENQUEUED,0.1571744692765465,questions_in
2025-10-29T13:04:43.821189,PUBLISH,68a471775b4642ae93cdec824e860d78,68f2d95bd190740cfd6a3b6a,ENQUEUED,0.13777961104666617,questions_in
2025-10-29T13:04:44.158401,PUBLISH,607faec1188f4e9eb5b1b1a3ea198be5,68f2d95bd190740cfd6a3fb0,ENQUEUED,0.3352453292612372,questions_in
2025-10-29T13:04:44.388025,PUBLISH,83fc0378b09445ba85044bda7bef7b53,68f2d95bd190740cfd6a2f14,ENQUEUED,0.22447256486894107,questions_in
2025-10-29T13:04:44.661905,PUBLISH,417841f79f924b728ac62d28520b33d2,68f2d95bd190740cfd6a40f3,ENQUEUED,0.2698679383959869,questions_in
2025-10-29T13:04:45.094582,PUBLISH,e9d42f74eb7245148956abf8d779eba6,68f2d95bd190740cfd6a34b3,ENQUEUED,0.4306513078275801,questions_in
2025-10-29T13:04:45.210482,PUBLISH,d52e5b956ea84226854cf09d1174e995,68f2d95bd190740cfd6a2150,ENQUEUED,0.11074520820295719,questions_in
2025-10-29T13:04:45.392691,PUBLISH,b3773d2977cb4764b0e49f40d153557f,68f2d95bd190740cfd6a2622,ENQUEUED,0.17661999496776593,questions_in
2025-10-29T13:04:45.778492,PUBLISH,b5d38b8f73304cdaaac62be71f89fc8d,68f2d95bd190740cfd6a35da,ENQUEUED,0.37903604775276944,questions_in
2025-10-29T13:04:45.946549,PUBLISH,7e4ffa9a6559491ab28c5a26cb932981,68f2d95bd190740cfd6a2899,ENQUEUED,0.16655318338145167,questions_in
2025-10-29T13:04:46.050774,PUBLISH,7859567a0c794519a19429735f44408a,68f2d95bd190740cfd6a3093,ENQUEUED,0.10255777650701688,questions_in
2025-10-29T13:04:46.482518,PUBLISH,cac5609f10bf4fbeab9c1936f6dcc0a8,68f2d95bd190740cfd6a28fa,ENQUEUED,0.4298200769028887,questions_in
2025-10-29T13:04:46.667267,PUBLISH,8cb9a0e31bee4e24bb4d6fe6d120fbd8,68f2d95bd190740cfd6a27b6,ENQUEUED,0.18257236974978333,questions_in
2025-10-29T13:04:46.834314,PUBLISH,08686a4f5c5e40c0b0d287ec293f70eb,68f2d95bd190740cfd6a2cc7,ENQUEUED,0.16023189728482687,questions_in
2025-10-29T13:04:47.081128,PUBLISH,673debd0b1434dbb9835442a6623f81c,68f2d95bd190740cfd6a2d65,ENQUEUED,0.24032424587349072,questions_in
2025-10-29T13:04:47.500379,PUBLISH,8a216345892e4bc29e9a82d7bf26090a,68f2d95bd190740cfd6a37d9,ENQUEUED,0.4165956803839187,questions_in
2025-10-29T13:04:47.741934,PUBLISH,fe5059dcfea248c99bbc5f40096e546d,68f2d95bd190740cfd6a2c25,ENQUEUED,0.2322861357519415,questions_in
2025-10-29T13:04:47.937503,PUBLISH,3e04fff354554d9ba00d5c85a7cb428a,68f2d95bd190740cfd6a3331,ENQUEUED,0.18865224134528458,questions_in
2025-10-29T13:04:48.382891,PUBLISH,6366582db0ab4ed79dad102b38455c0f,68f2d95bd190740cfd6a33d5,ENQUEUED,0.4405401740601421,questions_in
2025-10-29T13:04:48.695987,PUBLISH,ffe597cb20514dc0ba7694f717ab04f9,68f2d95bd190740cfd6a2c89,ENQUEUED,0.3106902264833096,questions_in
2025-10-29T13:04:48.815189,PUBLISH,576882d4c46149ba985f5192fea0b9bc,68f2d95bd190740cfd6a245f,ENQUEUED,0.11290978876007025,questions_in
2025-10-29T13:04:49.164416,PUBLISH,71d05c6848084b9b9b45318ea8511035,68f2d95bd190740cfd6a3d9b,ENQUEUED,0.34750865200661474,questions_in
2025-10-29T13:04:49.578256,PUBLISH,492d214353354a21ae1dc5b72d39c470,68f2d95bd190740cfd6a2254,ENQUEUED,0.41229951629098605,questions_in
2025-10-29T13:04:49.804288,PUBLISH,9c568b519590477288befe224aa01ccb,68f2d95bd190740cfd6a3a18,ENQUEUED,0.2202482267220355,questions_in
2025-10-29T13:04:49.938571,PUBLISH,98c0444108e24eee859153a4d2085651,68f2d95bd190740cfd6a3034,ENQUEUED,0.1287591812047397,questions_in
2025-10-29T13:04:50.258095,PUBLISH,aeace4e7be29434db8f00491022a172d,68f2d95bd190740cfd6a34db,ENQUEUED,0.3165381938180133,questions_in
2025-10-29T13:04:50.654383,PUBLISH,08e75a9731a349509f6007a79a6bc84a,68f2d95bd190740cfd6a3671,ENQUEUED,0.3946602410560073,questions_in
2025-10-29T13:04:50.816077,PUBLISH,949cb07a810a494eba03024dc90ab784,68f2d95bd190740cfd6a282e,ENQUEUED,0.159813400998697,questions_in
2025-10-29T13:04:51.109473,PUBLISH,5ab227b6fd57494bb501ff5f1af5051d,68f2d95bd190740cfd6a37c8,ENQUEUED,0.2875867547721679,questions_in
2025-10-29T13:04:51.585738,PUBLISH,01b3e038ddc243218fbcb853466e21e4,68f2d95bd190740cfd6a1d8d,ENQUEUED,0.4701606244958304,questions_in
2025-10-29T13:04:52.055872,PUBLISH,ea5a10a6ef1647c7b2c7d59740c98ef5,68f2d95bd190740cfd6a3afa,ENQUEUED,0.4643728494721935,questions_in
2025-10-29T13:04:52.375715,PUBLISH,87738c40d11c4d40ae02a801c95b520e,68f2d95bd190740cfd6a1e8a,ENQUEUED,0.3137546598077353,questions_in
2025-10-29T13:04:52.796422,PUBLISH,eebf65ebd8e1423481710cefd07b28cb,68f2d95bd190740cfd6a2db5,ENQUEUED,0.41838218149150763,questions_in
2025-10-29T13:04:53.217716,PUBLISH,70effdf079bb4606a03593c6e02214cf,68f2d95bd190740cfd6a3b78,ENQUEUED,0.41561260556832036,questions_in
2025-10-29T13:04:53.687373,PUBLISH,4f7a9cecfc4f45449397ad02310dcbbd,68f2d95bd190740cfd6a1fa6,ENQUEUED,0.4675053323084196,questions_in
2025-10-29T13:04:54.005859,PUBLISH,d720e20b6b3642978c6112fca2b973bb,68f2d95bd190740cfd6a3f68,ENQUEUED,0.31264116267078523,questions_in
2025-10-29T13:04:54.366617,PUBLISH,75e5e5fe254f4cce9a6a6b749e0d0cd8,68f2d95bd190740cfd6a40b6,ENQUEUED,0.35487570746651187,questions_in
2025-10-29T13:04:54.552294,PUBLISH,8dc5cf4e10234535b2823353e982e6fa,68f2d95bd190740cfd6a2499,ENQUEUED,0.1836896483410119,questions_in
2025-10-29T13:04:54.860874,PUBLISH,d2694c52a46b4cc9969d531751c36925,68f2d95bd190740cfd6a1f10,ENQUEUED,0.30644383637656697,questions_in
2025-10-29T13:04:55.114350,PUBLISH,1f8e2bc1e3af4902ab4bbce12e671b3d,68f2d95bd190740cfd6a1b1a,ENQUEUED,0.2507299830911609,questions_in
2025-10-29T13:04:55.261634,PUBLISH,6f648589f2c84aa9a3f3ec84a721300a,68f2d95bd190740cfd6a4179,ENQUEUED,0.1420034526697796,questions_in
2025-10-29T13:04:55.709232,PUBLISH,5471b73833f5412598e7fe04d96b3872,68f2d95bd190740cfd6a1d3c,ENQUEUED,0.44132621615070133,questions_in
2025-10-29T13:04:55.905174,PUBLISH,d62e650f72724699aa4130481a8970f9,68f2d95bd190740cfd6a398f,ENQUEUED,0.19415546007986464,questions_in
2025-10-29T13:04:56.099794,PUBLISH,5bce6928c83d425d8c23b4bd74ed794a,68f2d95bd190740cfd6a3138,ENQUEUED,0.18775222601482808,questions_in
2025-10-29T13:04:56.602732,PUBLISH,977a9634222a4d848f580987bfb21f23,68f2d95bd190740cfd6a3110,ENQUEUED,0.49691976359591994,questions_in
2025-10-29T13:04:56.951835,PUBLISH,ce5fb843b5734dfe9f976fd02a0d0cc2,68f2d95bd190740cfd6a3f1b,ENQUEUED,0.34038381820872265,questions_in
2025-10-29T13:04:57.223259,PUBLISH,dd83e6ca7ea548089c76833f01807f08,68f2d95bd190740cfd6a285a,ENQUEUED,0.26964187308279775,questions_in
2025-10-29T13:04:57.430018,PUBLISH,f8a7beed77b649a886d55068a4a59bbd,68f2d95bd190740cfd6a31a4,ENQUEUED,0.20144420025921042,questions_in
2025-10-29T13:04:57.927107,PUBLISH,3bc11fa5c8ec4053bf564370386dfb80,68f2d95bd190740cfd6a369a,ENQUEUED,0.49420398638076823,questions_in
2025-10-29T13:04:58.102901,PUBLISH,8342e5b8e84f420d8c790c9948c9be6d,68f2d95bd190740cfd6a39c6,ENQUEUED,0.17424582188757032,questions_in
2025-10-29T13:04:58.362304,PUBLISH,c6adc1c5acb7494d852e07bf3f1da843,68f2d95bd190740cfd6a3748,ENQUEUED,0.25527227263189556,questions_in
2025-10-29T13:04:58.684251,PUBLISH,b045ed298ad847eba5dc62f8d7fe7e2b,68f2d95bd190740cfd6a404c,ENQUEUED,0.3164279701802753,questions_in
2025-10-29T13:04:58.881913,PUBLISH,4e82097ac8be4dfa84eb42f310d63f36,68f2d95bd190740cfd6a29f8,ENQUEUED,0.19443215969397462,questions_in
2025-10-29T13:04:59.195842,PUBLISH,e74952a8cefd4917ada5669046a3beca,68f2d95bd190740cfd6a3a51,ENQUEUED,0.31237581389467467,questions_in
2025-10-29T13:04:59.679336,PUBLISH,755d1c2b9ece4a2c9cb4849fd966fe5e,68f2d95bd190740cfd6a3a0e,ENQUEUED,0.4779841641117094,questions_in
2025-10-29T13:04:59.848254,PUBLISH,ba2cc2450a7240d1b084d3e09b6cd43a,68f2d95bd190740cfd6a205e,ENQUEUED,0.16305735359316648,questions_in
2025-10-29T13:05:00.122440,PUBLISH,df973ea414a04cb39d5b62037b1d6333,68f2d95bd190740cfd6a2935,ENQUEUED,0.26871308933974214,questions_in
2025-10-29T13:05:00.358238,PUBLISH,e39f7bc50cc44b519cc9a95fab5c92c3,68f2d95bd190740cfd6a2bc5,ENQUEUED,0.23024530244511113,questions_in
2025-10-29T13:05:00.640076,PUBLISH,3b65f0b777f8480791092a30c4eeab54,68f2d95bd190740cfd6a1bb7,ENQUEUED,0.2745469319143995,questions_in
2025-10-29T13:05:00.939011,PUBLISH,b838e169381743ffbb2703d9ab04cfde,68f2d95bd190740cfd6a3c88,ENQUEUED,0.29615090791118687,questions_in
2025-10-29T13:05:01.184160,PUBLISH,c53cf26986b24138a478998556175b72,68f2d95bd190740cfd6a3502,ENQUEUED,0.2430123943889798,questions_in
2025-10-29T13:05:01.315799,PUBLISH,f2217cbde9974e35a1f6ec0db5afc1e2,68f2d95bd190740cfd6a37cf,ENQUEUED,0.12998619697409852,questions_in
2025-10-29T13:05:01.626590,PUBLISH,18b562975d2141d7bdb998b9484a822c,68f2d95bd190740cfd6a1f3f,ENQUEUED,0.3053586148176959,questions_in
2025-10-29T13:05:01.943204,PUBLISH,faa70bd3302e4255a3fad34183269feb,68f2d95bd190740cfd6a1bc6,ENQUEUED,0.31060042393458615,questions_in
2025-10-29T13:05:02.056764,PUBLISH,51e61ac727454385ad14415c6dea41e0,68f2d95bd190740cfd6a326a,ENQUEUED,0.10857489416920828,questions_in
2025-10-29T13:05:02.388092,PUBLISH,da732bf8cb3a4e5f925a3398cfe399db,68f2d95bd190740cfd6a1e8a,ENQUEUED,0.32987093344881924,questions_in
2025-10-29T13:05:02.832203,PUBLISH,57dc58f85fbf46aa99f9794e87f54a4f,68f2d95bd190740cfd6a258e,ENQUEUED,0.43827933340229686,questions_in
2025-10-29T13:05:03.201715,PUBLISH,05f1658de0a8461991c317407b96f305,68f2d95bd190740cfd6a2790,ENQUEUED,0.3676455963175448,questions_in
2025-10-29T13:05:03.443877,PUBLISH,f62722d2ec694ffdb0de165ee7daedf5,68f2d95bd190740cfd6a385d,ENQUEUED,0.24023380989498855,questions_in
2025-10-29T13:05:03.914886,PUBLISH,8359dc4bd5904460929c8891bda1b140,68f2d95bd190740cfd6a2d73,ENQUEUED,0.4691265668630552,questions_in
2025-10-29T13:05:04.214580,PUBLISH,bacc385a38a44269954cba91564fe5fd,68f2d95bd190740cfd6a2c27,ENQUEUED,0.29355850536872474,questions_in
2025-10-29T13:05:04.670182,PUBLISH,9f1b57284b7f4c40ae535608a2fcfe48,68f2d95bd190740cfd6a3eeb,ENQUEUED,0.45002225985089195,questions_in
2025-10-29T13:05:05.163445,PUBLISH,917d6865ccad4f4da8f2d5f14ac912b9,68f2d95bd190740cfd6a2251,ENQUEUED,0.49081448934693805,questions_in
2025-10-29T13:05:05.501237,PUBLISH,1474449c9af84197aa268d435036b917,68f2d95bd190740cfd6a3f00,ENQUEUED,0.3364969070876183,questions_in
2025-10-29T13:05:05.929944,PUBLISH,a4142711d4224d4290ba19cf54606d48,68f2d95bd190740cfd6a2b19,ENQUEUED,0.4246279326892415,questions_in
2025-10-29T13:05:06.425430,PUBLISH,fd3889a8205846bd91d1ff488e70309c,68f2d95bd190740cfd6a2014,ENQUEUED,0.48856479337070924,questions_in
2025-10-29T13:05:06.607036,PUBLISH,900737c02df04930b026972003c078b4,68f2d95bd190740cfd6a1d2b,ENQUEUED,0.17506244452520506,questions_in
2025-10-29T13:05:07.020636,PUBLISH,df6c1e3043ca440eb60f94ef0e1c3289,68f2d95bd190740cfd6a2076,ENQUEUED,0.4113785098685272,questions_in
2025-10-29T13:05:07.352638,PUBLISH,056b05218b59444e89e4503d5a27c904,68f2d95bd190740cfd6a2b92,ENQUEUED,0.3301072295810093,questions_in
2025-10-29T13:05:07.621983,PUBLISH,e8816373084141d9a38ad82e378cf1e4,68f2d95bd190740cfd6a21bd,ENQUEUED,0.2628007277319526,questions_in
2025-10-29T13:05:07.989493,PUBLISH,e2e3a7930a9440dcafcfa12fd15cd09e,68f2d95bd190740cfd6a3ea7,ENQUEUED,0.3594717980314356,questions_in
2025-10-29T13:05:08.238017,PUBLISH,9c99bf9f37f94a91b2a53512a0d2e816,68f2d95bd190740cfd6a1c26,ENQUEUED,0.24320524337731647,questions_in
2025-10-29T13:05:08.674550,PUBLISH,8846aaace58840f4b5b2cdf249560012,68f2d95bd190740cfd6a29c9,ENQUEUED,0.4309628746104831,questions_in
2025-10-29T13:05:09.148554,PUBLISH,2574e94bb6ff47bc80a4b8bc30946987,68f2d95bd190740cfd6a3670,ENQUEUED,0.47205714891913997,questions_in
2025-10-29T13:05:09.277160,PUBLISH,90c0ee942687416481cedb6929ac4eaa,68f2d95bd190740cfd6a2d23,ENQUEUED,0.1267937779124352,questions_in
2025-10-29T13:05:09.446081,PUBLISH,4157c6a47c5f439880b201936be44bae,68f2d95bd190740cfd6a320c,ENQUEUED,0.16392226496388154,questions_in
2025-10-29T13:05:09.782692,PUBLISH,a88af60662174c09961de70ad4913f6b,68f2d95bd190740cfd6a1d18,ENQUEUED,0.33455680245186725,questions_in
2025-10-29T13:05:10.180552,PUBLISH,df02ec69783740438b70fca44bbe0f2c,68f2d95bd190740cfd6a271d,ENQUEUED,0.39594180502827836,questions_in
2025-10-29T13:05:10.614269,PUBLISH,ae1a754f02134865a74f8393aa42574d,68f2d95bd190740cfd6a2312,ENQUEUED,0.43159435133639945,questions_in
2025-10-29T13:05:10.799933,PUBLISH,353bd73194da455197930146caba6209,68f2d95bd190740cfd6a1baa,ENQUEUED,0.18359124103730506,questions_in
2025-10-29T13:05:11.209066,PUBLISH,d18cb4fc99104ea2952ae903d4e5e8db,68f2d95bd190740cfd6a2536,ENQUEUED,0.40644499728111116,questions_in
2025-10-29T13:05:11.330660,PUBLISH,9588d6e9ca424c8ea553c3a0bfdf8b28,68f2d95bd190740cfd6a23e7,ENQUEUED,0.11977259583817523,questions_in
2025-10-29T13:05:11.575106,PUBLISH,0c983110bf9349b89b60245f7c4e98b8,68f2d95bd190740cfd6a3cdf,ENQUEUED,0.24008556413808224,questions_in
2025-10-29T13:05:11.912047,PUBLISH,b9508d0a0c1e45399081d84e8d3004df,68f2d95bd190740cfd6a2a4c,ENQUEUED,0.3343090896203337,questions_in
2025-10-29T13:05:12.021629,PUBLISH,2d2596bcb6854504ae7325c945dca69f,68f2d95bd190740cfd6a25fa,ENQUEUED,0.1076558718493831,questions_in
2025-10-29T13:05:12.438585,PUBLISH,2b700357891a47fd8477e678444ca22f,68f2d95bd190740cfd6a3a7b,ENQUEUED,0.4111513207829194,questions_in
2025-10-29T13:05:12.879098,PUBLISH,b63e9cbe87ab4df79d08a43c8f6d80af,68f2d95bd190740cfd6a210f,ENQUEUED,0.4376520260330957,questions_in
2025-10-29T13:05:13.063902,PUBLISH,450075c12d194db8b26c5299c9b13f43,68f2d95bd190740cfd6a239f,ENQUEUED,0.18044435601810516,questions_in
2025-10-29T13:05:13.327593,PUBLISH,20a4d0e8b1664b3db3bdd02c2520b72e,68f2d95bd190740cfd6a1c9e,ENQUEUED,0.26194048681838755,questions_in
2025-10-29T13:05:13.483259,PUBLISH,bbd0515bb5f94387bbfb79737acb4508,68f2d95bd190740cfd6a35a7,ENQUEUED,0.15372480344148892,questions_in
2025-10-29T13:05:13.626849,PUBLISH,d223d8ea68704fb38f66647d4cfe56ed,68f2d95bd190740cfd6a3fae,ENQUEUED,0.13910910079980576,questions_in
2025-10-29T13:05:13.746475,PUBLISH,3d9692cdfb834b2a863434014b9b96b7,68f2d95bd190740cfd6a2ec4,ENQUEUED,0.11789225802894805,questions_in
2025-10-29T13:05:14.141893,PUBLISH,3effe59eb0f0402b995c821174d5916a,68f2d95bd190740cfd6a2459,ENQUEUED,0.3931210490663314,questions_in
2025-10-29T13:05:14.377246,PUBLISH,c08c2394ca65469ab3583c34ae24163f,68f2d95bd190740cfd6a3130,ENQUEUED,0.2335639326446189,questions_in
2025-10-29T13:05:14.496154,PUBLISH,33abfd255af84ab99a79918804c89352,68f2d95bd190740cfd6a2c8a,ENQUEUED,0.11692041719600854,questions_in
2025-10-29T13:05:14.800418,PUBLISH,0f0fb261bb304bf6bddde193e0b978cf,68f2d95bd190740cfd6a394b,ENQUEUED,0.3024921409837019,questions_in
2025-10-29T13:05:15.027038,PUBLISH,1196c008c8174205ba168bd374420bda,68f2d95bd190740cfd6a3bcc,ENQUEUED,0.22428271936522007,questions_in
2025-10-29T13:05:15.158068,PUBLISH,d4a2ab89049c423f93fc88a003f8c931,68f2d95bd190740cfd6a2aa1,ENQUEUED,0.12856106605093812,questions_in
2025-10-29T13:05:15.347497,PUBLISH,3bdb21111b1549cba02c0d9055fa0db9,68f2d95bd190740cfd6a2766,ENQUEUED,0.18757919182640315,questions_in
2025-10-29T13:05:15.763617,PUBLISH,abe5606ad5294ccbb7688d76a86b60c4,68f2d95bd190740cfd6a2c71,ENQUEUED,0.4144376104461708,questions_in
2025-10-29T13:05:16.137712,PUBLISH,ff185c2b443e47cb8dfc9a83e25db961,68f2d95bd190740cfd6a29d6,ENQUEUED,0.37171265121532093,questions_in
2025-10-29T13:05:16.460164,PUBLISH,f12e597bab0d486c93802eb90610fdf3,68f2d95bd190740cfd6a25be,ENQUEUED,0.31997593232405963,questions_in
2025-10-29T13:05:16.660586,PUBLISH,15f59d059b44400997b92759fd12737b,68f2d95bd190740cfd6a2e74,ENQUEUED,0.19726610519843002,questions_in
2025-10-29T13:05:17.025005,PUBLISH,9ff5de2d84bd43629aecc25752348e09,68f2d95bd190740cfd6a25b3,ENQUEUED,0.36129454647355574,questions_in
2025-10-29T13:05:17.449201,PUBLISH,807557e87997436486a006471e76daa4,68f2d95bd190740cfd6a35c5,ENQUEUED,0.42205352570201493,questions_in
2025-10-29T13:05:17.812572,PUBLISH,2fec6ce29b86499ba137f498f2d27d21,68f2d95bd190740cfd6a1df7,ENQUEUED,0.35986813437624643,questions_in
2025-10-29T13:05:17.997108,PUBLISH,1edfada685024acc89bdf6af28d28e6f,68f2d95bd190740cfd6a2c75,ENQUEUED,0.1825243574925215,questions_in
2025-10-29T13:05:18.324618,PUBLISH,1f361ce6ddc24cb389f533e41aa3cc70,68f2d95bd190740cfd6a2427,ENQUEUED,0.32478676843342047,questions_in
2025-10-29T13:05:18.775558,PUBLISH,d531153bdd65401fba8b3b4594f81d54,68f2d95bd190740cfd6a32ab,ENQUEUED,0.449073696492012,questions_in
2025-10-29T13:05:19.220980,PUBLISH,783435a19c05409dbc02aa25db316156,68f2d95bd190740cfd6a2563,ENQUEUED,0.44345789502798794,questions_in
2025-10-29T13:05:19.336711,PUBLISH,8799a6f551f944b4ae8c5330f346aef8,68f2d95bd190740cfd6a39b5,ENQUEUED,0.11410617793900456,questions_in
2025-10-29T13:05:19.640377,PUBLISH,321b6bffe1dd40e8bf68f48eca150200,68f2d95bd190740cfd6a22a3,ENQUEUED,0.29995233957261636,questions_in
2025-10-29T13:05:20.014241,PUBLISH,9d6a0878f67a494eaf9f25869b9b281b,68f2d95bd190740cfd6a2d3c,ENQUEUED,0.3719195174589697,questions_in
2025-10-29T13:05:20.163549,PUBLISH,f440fb8d686e44fbad3cf7dd0e65757f,68f2d95bd190740cfd6a3fa1,ENQUEUED,0.14749475536607753,questions_in
2025-10-29T13:05:20.640998,PUBLISH,d3b097481d814949898dbf84c00422ea,68f2d95bd190740cfd6a3e30,ENQUEUED,0.4740607781193916,questions_in
2025-10-29T13:05:20.849489,PUBLISH,647dbae080a34c4db96750aea32c3a18,68f2d95bd190740cfd6a4066,ENQUEUED,0.20672472215059112,questions_in
2025-10-29T13:05:21.326096,PUBLISH,49ab26a9b1474923a9898bd6a62fcf78,68f2d95bd190740cfd6a2a30,ENQUEUED,0.4706277009451483,questions_in
2025-10-29T13:05:21.557288,PUBLISH,800f415dc6a74a5ea57b536d9b57cfaa,68f2d95bd190740cfd6a2c4e,ENQUEUED,0.22792648357907713,questions_in
2025-10-29T13:05:21.944715,PUBLISH,003da0a187e54c26a7988bf6b2deac23,68f2d95bd190740cfd6a3e67,ENQUEUED,0.3856826975844817,questions_in
2025-10-29T13:05:22.054684,PUBLISH,b147181c4ea247d3a38e03954ba5da12,68f2d95bd190740cfd6a27a4,ENQUEUED,0.10807954120739272,questions_in
2025-10-29T13:05:22.341299,PUBLISH,3c6376cfce9d4808ae6b65a33fe4d7ca,68f2d95bd190740cfd6a3e2c,ENQUEUED,0.2840726723487868,questions_in
2025-10-29T13:05:22.611256,PUBLISH,9b8f71afaa1f40c4ba9e29f573564f59,68f2d95bd190740cfd6a2220,ENQUEUED,0.26809595101841754,questions_in
2025-10-29T13:05:22.746121,PUBLISH,435c0be69de64ec69e584ab26ab8f17e,68f2d95bd190740cfd6a3089,ENQUEUED,0.13292556669007569,questions_in
2025-10-29T13:05:23.084398,PUBLISH,96b1cb8c3d0e4158805dcaa8529b9a9f,68f2d95bd190740cfd6a3e65,ENQUEUED,0.33639285721065737,questions_in
2025-10-29T13:05:23.450461,PUBLISH,104a89c02c5f4c9da4b36bde8c088c60,68f2d95bd190740cfd6a2c26,ENQUEUED,0.36379816810419785,questions_in
2025-10-29T13:05:23.678902,PUBLISH,4c503be1ceeb4e44923791632b8c2496,68f2d95bd190740cfd6a28ca,ENQUEUED,0.2266595252687124,questions_in
2025-10-29T13:05:23.796411,PUBLISH,ea27ec5c0d8c4b24a3e162497a73581b,68f2d95bd190740cfd6a374f,ENQUEUED,0.1157288689253536,questions_in
2025-10-29T13:05:23.933958,PUBLISH,0d7974f7f6c5431e959f1ff4672a4066,68f2d95bd190740cfd6a20f4,ENQUEUED,0.13608307623003968,questions_in
2025-10-29T13:05:24.097010,PUBLISH,95526c2c435346c7b4d309c31a18cc09,68f2d95bd190740cfd6a3e4a,ENQUEUED,0.16127983579835534,questions_in
2025-10-29T13:05:24.253256,PUBLISH,40c6673c66db41ffb772628b3b035658,68f2d95bd190740cfd6a3ff0,ENQUEUED,0.15447918780356218,questions_in
2025-10-29T13:05:24.741933,PUBLISH,85ce22fec8e84f35a40f6d0018c11a93,68f2d95bd190740cfd6a2fb4,ENQUEUED,0.4856533449407773,questions_in
2025-10-29T13:05:24.895899,PUBLISH,fbd438b496b9490ab161fe6f1965d173,68f2d95bd190740cfd6a2134,ENQUEUED,0.15161167774935694,questions_in
2025-10-29T13:05:25.257886,PUBLISH,558a6d6b6957461ba744b25b5be6b3f0,68f2d95bd190740cfd6a38de,ENQUEUED,0.3583147045670657,questions_in
2025-10-29T13:05:25.436010,PUBLISH,18e5000eaa254c249edd84330c2d7f77,68f2d95bd190740cfd6a2a9e,ENQUEUED,0.1764826690595197,questions_in
2025-10-29T13:05:25.544563,PUBLISH,44a3568939eb4e948e4b58334cb741ea,68f2d95bd190740cfd6a1efd,ENQUEUED,0.10699361425791346,questions_in
2025-10-29T13:05:25.977396,PUBLISH,82a6ffd7e3f544a7bef52d12efdf0dbc,68f2d95bd190740cfd6a34d9,ENQUEUED,0.42594851373376497,questions_in
2025-10-29T13:05:26.216622,PUBLISH,b5d16015916b48e1a1262b884b0008fb,68f2d95bd190740cfd6a3275,ENQUEUED,0.23679260463299384,questions_in
2025-10-29T13:05:26.342146,PUBLISH,92a3c2aa8d114435adc16b2da988ead8,68f2d95bd190740cfd6a31b8,ENQUEUED,0.12337416613762167,questions_in
2025-10-29T13:05:26.733236,PUBLISH,74b7ee192c214473aca7945ec4d6da0c,68f2d95bd190740cfd6a1f01,ENQUEUED,0.3890338974586851,questions_in
2025-10-29T13:05:27.230512,PUBLISH,052ac783f0f444aab2ebe1c65bc4eace,68f2d95bd190740cfd6a21e4,ENQUEUED,0.4954569661218574,questions_in
2025-10-29T13:05:27.349635,PUBLISH,b745cc4000444ee7914881bb1df7430f,68f2d95bd190740cfd6a20e1,ENQUEUED,0.11752085057341782,questions_in
2025-10-29T13:05:27.620291,PUBLISH,e4dc2223ec0f4065bdaa21383e3d0427,68f2d95bd190740cfd6a1cc3,ENQUEUED,0.26868381086120174,questions_in
2025-10-29T13:05:27.758636,PUBLISH,0be4671395314e578987bc56b6c1b0e5,68f2d95bd190740cfd6a2c5f,ENQUEUED,0.13616609626743853,questions_in
2025-10-29T13:05:28.258170,PUBLISH,800e25f52bf7404590c05f92161b21bb,68f2d95bd190740cfd6a3e2c,ENQUEUED,0.4976066178818953,questions_in
2025-10-29T13:05:28.759628,PUBLISH,97badb515a0043378eac333b52cd1192,68f2d95bd190740cfd6a1d72,ENQUEUED,0.4996706669473572,questions_in
2025-10-29T13:05:29.220672,PUBLISH,f912e98dea1a449a821d248c0a1ed405,68f2d95bd190740cfd6a2613,ENQUEUED,0.45773401446362183,questions_in
2025-10-29T13:05:29.661404,PUBLISH,60c66bb7714d46929c3acb3415c02101,68f2d95bd190740cfd6a4114,ENQUEUED,0.43922217952579945,questions_in
2025-10-29T13:05:29.894332,PUBLISH,5f826a88ae434c74be7466628f21d626,68f2d95bd190740cfd6a2c08,ENQUEUED,0.23082707875326372,questions_in
2025-10-29T13:05:30.201466,PUBLISH,73e7d272e5204315895d97c5ba2b0c15,68f2d95bd190740cfd6a25ae,ENQUEUED,0.305499521669073,questions_in
2025-10-29T13:05:30.362483,PUBLISH,d09f2fec087d4ceabdd51ea3c2b666ef,68f2d95bd190740cfd6a3ce4,ENQUEUED,0.15871448408629793,questions_in
2025-10-29T13:05:30.708595,PUBLISH,9189377fec4b42258aeace436b6e903c,68f2d95bd190740cfd6a2f90,ENQUEUED,0.3434461369804497,questions_in
2025-10-29T13:05:30.913770,PUBLISH,4821ee207a7d4efda9180bab17e2867f,68f2d95bd190740cfd6a32f8,ENQUEUED,0.20326155345400104,questions_in
2025-10-29T13:05:31.137870,PUBLISH,035dda272e224bb4b3f443a8e635bd6e,68f2d95bd190740cfd6a233c,ENQUEUED,0.2208145889355515,questions_in
2025-10-29T13:05:31.405884,PUBLISH,49b22cc883134196989fd2ed45d87e0b,68f2d95bd190740cfd6a1b7c,ENQUEUED,0.2649660205166997,questions_in
2025-10-29T13:05:31.706250,PUBLISH,87be5bc88a644d4198dcc8516717d5ee,68f2d95bd190740cfd6a1dd5,ENQUEUED,0.29670402049672695,questions_in
2025-10-29T13:05:32.013484,PUBLISH,9a322f7828994b129c7e2c8cc0102f48,68f2d95bd190740cfd6a2af4,ENQUEUED,0.3054786247895058,questions_in
2025-10-29T13:05:32.225082,PUBLISH,895e86e38b8e406cb9b323692f3c5cae,68f2d95bd190740cfd6a31ef,ENQUEUED,0.20938814440273534,questions_in
2025-10-29T13:05:32.506007,PUBLISH,82a50ec03b304901bb22376198b6819d,68f2d95bd190740cfd6a2f75,ENQUEUED,0.2770935034844669,questions_in
2025-10-29T13:05:33.005205,PUBLISH,5f7fbbed8a2544abaf5df69bfafd8541,68f2d95bd190740cfd6a3614,ENQUEUED,0.4944057190073241,questions_in
2025-10-29T13:05:33.366258,PUBLISH,6cefedc059cb487f820e6d6213e1056d,68f2d95bd190740cfd6a2c96,ENQUEUED,0.3563641282133275,questions_in
2025-10-29T13:05:33.800785,PUBLISH,a35a82608a4e499c9d3b57e4ad49e64d,68f2d95bd190740cfd6a3606,ENQUEUED,0.4324164296328282,questions_in
2025-10-29T13:05:34.062934,PUBLISH,444e1f14575047fb9be9bdfcf6a90b26,68f2d95bd190740cfd6a3958,ENQUEUED,0.25927791609030015,questions_in
2025-10-29T13:05:34.202388,PUBLISH,cf11788d0efc4dea96c559fd404700c2,68f2d95bd190740cfd6a3300,ENQUEUED,0.13726583366687156,questions_in
2025-10-29T13:05:34.672675,PUBLISH,bde9d96711fa437892b497055efb4ef8,68f2d95bd190740cfd6a35c1,ENQUEUED,0.4658030260942373,questions_in
2025-10-29T13:05:34.983137,PUBLISH,7307f430fc474fbe8abc58d195bb20d7,68f2d95bd190740cfd6a3d20,ENQUEUED,0.3065052063332523,questions_in
2025-10-29T13:05:35.230232,PUBLISH,6f42db89994c4a80acec891d4d5d0b84,68f2d95bd190740cfd6a264a,ENQUEUED,0.24432693659658647,questions_in
2025-10-29T13:05:35.549874,PUBLISH,9162374c507540a3be04cf70585e0d7f,68f2d95bd190740cfd6a31ab,ENQUEUED,0.31693197833747405,questions_in
2025-10-29T13:05:35.691866,PUBLISH,3d2f834ac4f14d629f1f53187119d96b,68f2d95bd190740cfd6a3b89,ENQUEUED,0.1388878566450559,questions_in
2025-10-29T13:05:35.926981,PUBLISH,08ec6e2c2c2a4757914620a8c9bd5af5,68f2d95bd190740cfd6a3d75,ENQUEUED,0.23228551687280308,questions_in
2025-10-29T13:05:36.350958,PUBLISH,1dda136e205142dd92d2912279115b94,68f2d95bd190740cfd6a212e,ENQUEUED,0.42170527968714555,questions_in
2025-10-29T13:05:36.658363,PUBLISH,486c767a05344485be31edfa1ede50fb,68f2d95bd190740cfd6a3015,ENQUEUED,0.30352911755233036,questions_in
2025-10-29T13:05:37.018095,PUBLISH,d385cb6d6b054bb598316ea3fc8fcd81,68f2d95bd190740cfd6a3752,ENQUEUED,0.357790677743585,questions_in
2025-10-29T13:05:37.433362,PUBLISH,8b515eecf45e4f2ab2264697fb4157c1,68f2d95bd190740cfd6a338c,ENQUEUED,0.4133390252864111,questions_in
2025-10-29T13:05:37.900350,PUBLISH,2035519b06614d3b8537e86d4f16ad32,68f2d95bd190740cfd6a3a42,ENQUEUED,0.464533973999223,questions_in
2025-10-29T13:05:38.319892,PUBLISH,a2eee9e3ef734901916592235c22ac13,68f2d95bd190740cfd6a2a68,ENQUEUED,0.41626979262472896,questions_in
2025-10-29T13:05:38.672029,PUBLISH,4c5bcdb7387f4ab08038691ea963983e,68f2d95bd190740cfd6a310e,ENQUEUED,0.3499032324772319,questions_in
2025-10-29T13:05:39.039325,PUBLISH,de4eb6a74ba943c2b51ae2033de6b904,68f2d95bd190740cfd6a3cdb,ENQUEUED,0.36181787659809184,questions_in
2025-10-29T13:05:39.220350,PUBLISH,7cf95b798e794985b5416dc2d987f321,68f2d95bd190740cfd6a3bbb,ENQUEUED,0.1779768935900549,questions_in
2025-10-29T13:05:39.624389,PUBLISH,ebd8d349f8c244cbbfea89f0dfea490f,68f2d95bd190740cfd6a2629,ENQUEUED,0.40222237315118525,questions_in
2025-10-29T13:05:39.981444,PUBLISH,1766ba19709e45a0bb2e2ce932e32374,68f2d95bd190740cfd6a2863,ENQUEUED,0.3544714648138987,questions_in
2025-10-29T13:05:40.286232,PUBLISH,dc41381bd838432cb63ecf3fab6a322d,68f2d95bd190740cfd6a1f11,ENQUEUED,0.30110165488640633,questions_in
2025-10-29T13:05:40.538509,PUBLISH,571267c42de94c8da7c60b98035c2229,68f2d95bd190740cfd6a265a,ENQUEUED,0.2502355874687838,questions_in
2025-10-29T13:05:40.648478,PUBLISH,bcf85dc3aa344dbc89aadd1d8177ff41,68f2d95bd190740cfd6a3713,ENQUEUED,0.10742227230475915,questions_in
2025-10-29T13:05:41.074143,PUBLISH,5fa1d3af87064088b68334fdff33fbbb,68f2d95bd190740cfd6a3b5d,ENQUEUED,0.42311791618248196,questions_in
2025-10-29T13:05:41.399518,PUBLISH,435d056ad5fe45378ac692cc2445991a,68f2d95bd190740cfd6a2a4b,ENQUEUED,0.32378806995438314,questions_in
2025-10-29T13:05:41.854574,PUBLISH,d60e2ed8079c402d9f728cb0ac0c062b,68f2d95bd190740cfd6a284c,ENQUEUED,0.4524589035468545,questions_in
2025-10-29T13:05:41.989121,PUBLISH,a88e8413a79647ed9ace79a024cd05e6,68f2d95bd190740cfd6a220f,ENQUEUED,0.13235631703085096,questions_in
2025-10-29T13:05:42.196935,PUBLISH,fe611d75c37745c2bc2d8da2b28447a9,68f2d95bd190740cfd6a4136,ENQUEUED,0.20569390839838927,questions_in
2025-10-29T13:05:42.414699,PUBLISH,6df22cd8144d46998ca5e98b1fabda42,68f2d95bd190740cfd6a22ba,ENQUEUED,0.21587253314419402,questions_in
2025-10-29T13:05:42.890145,PUBLISH,2f7f0148855040a196839fffbd41ba1b,68f2d95bd190740cfd6a1b00,ENQUEUED,0.47259341487802065,questions_in
2025-10-29T13:05:43.192621,PUBLISH,5476686a817a47f9b9252aa92c9c0c4a,68f2d95bd190740cfd6a228f,ENQUEUED,0.3008250311106224,questions_in
2025-10-29T13:05:43.404975,PUBLISH,2545f68d067a4e7aade60ac7a48be53d,68f2d95bd190740cfd6a33cc,ENQUEUED,0.20805730875876405,questions_in
2025-10-29T13:05:43.571761,PUBLISH,9a16b63ee9e545418e82f3e759bf712d,68f2d95bd190740cfd6a3e6d,ENQUEUED,0.1646876866128537,questions_in
2025-10-29T13:05:43.973078,PUBLISH,ce0686da0a624301ae35b1e53ca39418,68f2d95bd190740cfd6a1dfa,ENQUEUED,0.39712829859036447,questions_in
2025-10-29T13:05:44.393388,PUBLISH,a042d07e0b1f42bfa3f217bbfe54af3d,68f2d95bd190740cfd6a3eaa,ENQUEUED,0.4165233827092375,questions_in
2025-10-29T13:05:44.656142,PUBLISH,2a796da6684f4a91b0d654770737807b,68f2d95bd190740cfd6a2a61,ENQUEUED,0.26028125243841616,questions_in
2025-10-29T13:05:44.771708,PUBLISH,fee863c63024423abf97bf1951c061e8,68f2d95bd190740cfd6a26ab,ENQUEUED,0.11320616210589188,questions_in
2025-10-29T13:05:44.938282,PUBLISH,16f68158295848a3bbea76479b38b744,68f2d95bd190740cfd6a276b,ENQUEUED,0.16413942641592955,questions_in
2025-10-29T13:05:45.353612,PUBLISH,9808a927f4194c9b8aa98745ba342344,68f2d95bd190740cfd6a411a,ENQUEUED,0.41220593579762344,questions_in
2025-10-29T13:05:45.587709,PUBLISH,7180b6cf3dfa4dd3b19da8f8c09befe2,68f2d95bd190740cfd6a4165,ENQUEUED,0.23187609589176766,questions_in
2025-10-29T13:05:45.693285,PUBLISH,38a2333b1f564e87990a434814b902bb,68f2d95bd190740cfd6a293b,ENQUEUED,0.10377272686712509,questions_in
2025-10-29T13:05:46.093115,PUBLISH,c41a7f6eb2d04070b14f01e90b840940,68f2d95bd190740cfd6a22d1,ENQUEUED,0.3969818160252919,questions_in
2025-10-29T13:05:46.477579,PUBLISH,3477d14d40114b509d8a60d5a7a53111,68f2d95bd190740cfd6a22da,ENQUEUED,0.3822785035084233,questions_in
2025-10-29T13:05:46.812256,PUBLISH,ac58d68af4924c03945069f966617e1a,68f2d95bd190740cfd6a41d1,ENQUEUED,0.3327465873843275,questions_in
2025-10-29T13:05:47.303695,PUBLISH,141753a5800b4643bf1e7df4d2fbd167,68f2d95bd190740cfd6a2416,ENQUEUED,0.4888100143903892,questions_in
2025-10-29T13:05:47.574828,PUBLISH,1c5384720b084a9db553ffb9271ec07b,68f2d95bd190740cfd6a3fe5,ENQUEUED,0.26918636619977265,questions_in
2025-10-29T13:05:48.062428,PUBLISH,2a350fa4218c44c19a343d61290b5f12,68f2d95bd190740cfd6a3290,ENQUEUED,0.4844042052619715,questions_in
